/bioinformatics/ryley/Algorithm_Benchmark/Adapter_porechop_trimmed/LongGF/LongGF.run.porechoptrimmed_Adapter_Spiked_Simulated_100GB_nanopore2023_Q85.log:SumGF	CACNA1C:CACNA1C 105 chr12:2448975 chrKZ208916.1:462571
/bioinformatics/ryley/Algorithm_Benchmark/Adapter_porechop_trimmed/LongGF/LongGF.run.porechoptrimmed_Adapter_Spiked_Simulated_100GB_nanopore2023_Q85.log:SumGF	CTBS:THBS3 37 chr1:84553542 chr1:155198528
/bioinformatics/ryley/Algorithm_Benchmark/Adapter_porechop_trimmed/LongGF/LongGF.run.porechoptrimmed_Adapter_Spiked_Simulated_100GB_nanopore2023_Q85.log:SumGF	KTN1:AP1G2 35 chr14:55675836 chr14:23567113
/bioinformatics/ryley/Algorithm_Benchmark/Adapter_porechop_trimmed/LongGF/LongGF.run.porechoptrimmed_Adapter_Spiked_Simulated_100GB_nanopore2023_Q85.log:SumGF	MGST3:SRP68 33 chr1:165655578 chr17:76039843
/bioinformatics/ryley/Algorithm_Benchmark/Adapter_porechop_trimmed/LongGF/LongGF.run.porechoptrimmed_Adapter_Spiked_Simulated_100GB_nanopore2023_Q85.log:SumGF	RNF4:ING2 33 chr4:2490339 chr4:183510499
/bioinformatics/ryley/Algorithm_Benchmark/Adapter_porechop_trimmed/LongGF/LongGF.run.porechoptrimmed_Adapter_Spiked_Simulated_100GB_nanopore2023_Q85.log:SumGF	FIP1L1:RNASEH2C 31 chr4:53461081 chr11:65719806
/bioinformatics/ryley/Algorithm_Benchmark/Adapter_porechop_trimmed/LongGF/LongGF.run.porechoptrimmed_Adapter_Spiked_Simulated_100GB_nanopore2023_Q85.log:SumGF	POMT2:GNAO1 29 chr14:77299455 chr16:56334729
/bioinformatics/ryley/Algorithm_Benchmark/Adapter_porechop_trimmed/LongGF/LongGF.run.porechoptrimmed_Adapter_Spiked_Simulated_100GB_nanopore2023_Q85.log:SumGF	DDHD2:CUL2 28 chr8:38245742 chr10:35035172
/bioinformatics/ryley/Algorithm_Benchmark/Adapter_porechop_trimmed/LongGF/LongGF.run.porechoptrimmed_Adapter_Spiked_Simulated_100GB_nanopore2023_Q85.log:SumGF	PPP1R12C:EPS8L1 27 chr19:55091553 chr19:55085930
/bioinformatics/ryley/Algorithm_Benchmark/Adapter_porechop_trimmed/LongGF/LongGF.run.porechoptrimmed_Adapter_Spiked_Simulated_100GB_nanopore2023_Q85.log:SumGF	NCALD:FRAS1 27 chr8:101689400 chr4:78511518
/bioinformatics/ryley/Algorithm_Benchmark/Adapter_porechop_trimmed/LongGF/LongGF.run.porechoptrimmed_Adapter_Spiked_Simulated_100GB_nanopore2023_Q85.log:SumGF	NUTF2:LDLRAD4 27 chr16:67865103 chr18:13645468
/bioinformatics/ryley/Algorithm_Benchmark/Adapter_porechop_trimmed/LongGF/LongGF.run.porechoptrimmed_Adapter_Spiked_Simulated_100GB_nanopore2023_Q85.log:SumGF	PPARG:ACTL9 26 chr3:12434062 chr19:8698617
/bioinformatics/ryley/Algorithm_Benchmark/Adapter_porechop_trimmed/LongGF/LongGF.run.porechoptrimmed_Adapter_Spiked_Simulated_100GB_nanopore2023_Q85.log:SumGF	NXPE3:CAMTA1 26 chr3:101822589 chr1:7737959
/bioinformatics/ryley/Algorithm_Benchmark/Adapter_porechop_trimmed/LongGF/LongGF.run.porechoptrimmed_Adapter_Spiked_Simulated_100GB_nanopore2023_Q85.log:SumGF	RBMS3:LUZP2 26 chr3:29434744 chr11:24891959
/bioinformatics/ryley/Algorithm_Benchmark/Adapter_porechop_trimmed/LongGF/LongGF.run.porechoptrimmed_Adapter_Spiked_Simulated_100GB_nanopore2023_Q85.log:SumGF	USP9X:SIRT5 24 chrX:41150921 chr6:13614592
/bioinformatics/ryley/Algorithm_Benchmark/Adapter_porechop_trimmed/LongGF/LongGF.run.porechoptrimmed_Adapter_Spiked_Simulated_100GB_nanopore2023_Q85.log:SumGF	RARS2:SLC25A27 24 chr6:87524559 chr6:46668709
/bioinformatics/ryley/Algorithm_Benchmark/Adapter_porechop_trimmed/LongGF/LongGF.run.porechoptrimmed_Adapter_Spiked_Simulated_100GB_nanopore2023_Q85.log:SumGF	KCTD19:SKIC3 24 chr16:67320589 chr5:95464679
/bioinformatics/ryley/Algorithm_Benchmark/Adapter_porechop_trimmed/LongGF/LongGF.run.porechoptrimmed_Adapter_Spiked_Simulated_100GB_nanopore2023_Q85.log:SumGF	RER1:GMNC 23 chr1:2403749 chr3:190855911
/bioinformatics/ryley/Algorithm_Benchmark/Adapter_porechop_trimmed/LongGF/LongGF.run.porechoptrimmed_Adapter_Spiked_Simulated_100GB_nanopore2023_Q85.log:SumGF	FBXL15:CUEDC2 23 chr10:102421108 chr10:102423569
/bioinformatics/ryley/Algorithm_Benchmark/Adapter_porechop_trimmed/LongGF/LongGF.run.porechoptrimmed_Adapter_Spiked_Simulated_100GB_nanopore2023_Q85.log:SumGF	ASPN:RPP40 23 chr9:92456205 chr6:4995273
/bioinformatics/ryley/Algorithm_Benchmark/Adapter_porechop_trimmed/LongGF/LongGF.run.porechoptrimmed_Adapter_Spiked_Simulated_100GB_nanopore2023_Q85.log:SumGF	BTG4:RPS6KA4 22 chr11:111495312 chr11:64371517
/bioinformatics/ryley/Algorithm_Benchmark/Adapter_porechop_trimmed/LongGF/LongGF.run.porechoptrimmed_Adapter_Spiked_Simulated_100GB_nanopore2023_Q85.log:SumGF	EPHA2:MAGEB6 21 chr1:16124336 chrX:26192441
/bioinformatics/ryley/Algorithm_Benchmark/Adapter_porechop_trimmed/LongGF/LongGF.run.porechoptrimmed_Adapter_Spiked_Simulated_100GB_nanopore2023_Q85.log:SumGF	PAXX:CLIC3 21 chr9:136993626 chr9:136994837
/bioinformatics/ryley/Algorithm_Benchmark/Adapter_porechop_trimmed/LongGF/LongGF.run.porechoptrimmed_Adapter_Spiked_Simulated_100GB_nanopore2023_Q85.log:SumGF	SYTL5:ENSG00000284906 21 chrX:38108601 chr15:30768940
/bioinformatics/ryley/Algorithm_Benchmark/Adapter_porechop_trimmed/LongGF/LongGF.run.porechoptrimmed_Adapter_Spiked_Simulated_100GB_nanopore2023_Q85.log:SumGF	SLC4A3:TMUB2 21 chr2:219640430 chr17:44191431
/bioinformatics/ryley/Algorithm_Benchmark/Adapter_porechop_trimmed/LongGF/LongGF.run.porechoptrimmed_Adapter_Spiked_Simulated_100GB_nanopore2023_Q85.log:SumGF	HNRNPH3:SVIL 21 chr10:68338504 chr10:29487650
/bioinformatics/ryley/Algorithm_Benchmark/Adapter_porechop_trimmed/LongGF/LongGF.run.porechoptrimmed_Adapter_Spiked_Simulated_100GB_nanopore2023_Q85.log:SumGF	PRIM2:SGSH 21 chr6:57383415 chr17:80215134
/bioinformatics/ryley/Algorithm_Benchmark/Adapter_porechop_trimmed/LongGF/LongGF.run.porechoptrimmed_Adapter_Spiked_Simulated_100GB_nanopore2023_Q85.log:SumGF	PLK1:ANKRD28 20 chr16:23681054 chr3:15677054
/bioinformatics/ryley/Algorithm_Benchmark/Adapter_porechop_trimmed/LongGF/LongGF.run.porechoptrimmed_Adapter_Spiked_Simulated_100GB_nanopore2023_Q85.log:SumGF	UPK1B:B4GALT4 20 chr3:119190295 chr3:119212678
/bioinformatics/ryley/Algorithm_Benchmark/Adapter_porechop_trimmed/LongGF/LongGF.run.porechoptrimmed_Adapter_Spiked_Simulated_100GB_nanopore2023_Q85.log:SumGF	HMMR:POMT1 20 chr5:163491143 chr9:131518445
/bioinformatics/ryley/Algorithm_Benchmark/Adapter_porechop_trimmed/LongGF/LongGF.run.porechoptrimmed_Adapter_Spiked_Simulated_100GB_nanopore2023_Q85.log:SumGF	IL12RB2:KRBA2 19 chr1:67395900 chr17:8370382
/bioinformatics/ryley/Algorithm_Benchmark/Adapter_porechop_trimmed/LongGF/LongGF.run.porechoptrimmed_Adapter_Spiked_Simulated_100GB_nanopore2023_Q85.log:SumGF	ERC1:G3BP1 19 chr12:1183282 chr5:151803942
/bioinformatics/ryley/Algorithm_Benchmark/Adapter_porechop_trimmed/LongGF/LongGF.run.porechoptrimmed_Adapter_Spiked_Simulated_100GB_nanopore2023_Q85.log:SumGF	GDNF:MFF 19 chr5:37816132 chr2:227355758
/bioinformatics/ryley/Algorithm_Benchmark/Adapter_porechop_trimmed/LongGF/LongGF.run.porechoptrimmed_Adapter_Spiked_Simulated_100GB_nanopore2023_Q85.log:SumGF	USP2:CYP11A1 19 chr11:119372978 chr15:74365664
/bioinformatics/ryley/Algorithm_Benchmark/Adapter_porechop_trimmed/LongGF/LongGF.run.porechoptrimmed_Adapter_Spiked_Simulated_100GB_nanopore2023_Q85.log:SumGF	CARF:MYT1L 18 chr2:202961236 chr2:2330967
/bioinformatics/ryley/Algorithm_Benchmark/Adapter_porechop_trimmed/LongGF/LongGF.run.porechoptrimmed_Adapter_Spiked_Simulated_100GB_nanopore2023_Q85.log:SumGF	COL6A1:ENSG00000249209 18 chr21:45987518 chr21:33931163
/bioinformatics/ryley/Algorithm_Benchmark/Adapter_porechop_trimmed/LongGF/LongGF.run.porechoptrimmed_Adapter_Spiked_Simulated_100GB_nanopore2023_Q85.log:SumGF	MAST1:ZNF691 18 chr19:12852245 chr1:42849555
/bioinformatics/ryley/Algorithm_Benchmark/Adapter_porechop_trimmed/LongGF/LongGF.run.porechoptrimmed_Adapter_Spiked_Simulated_100GB_nanopore2023_Q85.log:SumGF	DAO:GPD1 17 chr12:108890208 chr12:50107797
/bioinformatics/ryley/Algorithm_Benchmark/Adapter_porechop_trimmed/LongGF/LongGF.run.porechoptrimmed_Adapter_Spiked_Simulated_100GB_nanopore2023_Q85.log:SumGF	ELOVL1:BANF1 17 chr1:43364793 chr11:66003358
/bioinformatics/ryley/Algorithm_Benchmark/Adapter_porechop_trimmed/LongGF/LongGF.run.porechoptrimmed_Adapter_Spiked_Simulated_100GB_nanopore2023_Q85.log:SumGF	HNRNPA3:ZNF627 17 chr2:177217707 chr19:11617855
/bioinformatics/ryley/Algorithm_Benchmark/Adapter_porechop_trimmed/LongGF/LongGF.run.porechoptrimmed_Adapter_Spiked_Simulated_100GB_nanopore2023_Q85.log:SumGF	MFN1:ZHX3 16 chr3:179365207 chr20:41205063
/bioinformatics/ryley/Algorithm_Benchmark/Adapter_porechop_trimmed/LongGF/LongGF.run.porechoptrimmed_Adapter_Spiked_Simulated_100GB_nanopore2023_Q85.log:SumGF	BRPF3:CSPP1 16 chr6:36230522 chr8:67172416
/bioinformatics/ryley/Algorithm_Benchmark/Adapter_porechop_trimmed/LongGF/LongGF.run.porechoptrimmed_Adapter_Spiked_Simulated_100GB_nanopore2023_Q85.log:SumGF	CELF2:ERCC6 15 chr10:11314213 chr10:49459232
/bioinformatics/ryley/Algorithm_Benchmark/Adapter_porechop_trimmed/LongGF/LongGF.run.porechoptrimmed_Adapter_Spiked_Simulated_100GB_nanopore2023_Q85.log:SumGF	LUZP2:ENSG00000283563 15 chr11:24892313 chr3:28576493
/bioinformatics/ryley/Algorithm_Benchmark/Adapter_porechop_trimmed/LongGF/LongGF.run.porechoptrimmed_Adapter_Spiked_Simulated_100GB_nanopore2023_Q85.log:SumGF	PORCN:OR2F2 15 chrX:48514347 chrKZ208912.1:479461
/bioinformatics/ryley/Algorithm_Benchmark/Adapter_porechop_trimmed/LongGF/LongGF.run.porechoptrimmed_Adapter_Spiked_Simulated_100GB_nanopore2023_Q85.log:SumGF	XPO1:FKTN 15 chr2:61478606 chr9:105596640
/bioinformatics/ryley/Algorithm_Benchmark/Adapter_porechop_trimmed/LongGF/LongGF.run.porechoptrimmed_Adapter_Spiked_Simulated_100GB_nanopore2023_Q85.log:SumGF	SLC45A4:DENND3 14 chr8:141212555 chr8:141141272
/bioinformatics/ryley/Algorithm_Benchmark/Adapter_porechop_trimmed/LongGF/LongGF.run.porechoptrimmed_Adapter_Spiked_Simulated_100GB_nanopore2023_Q85.log:SumGF	KCNIP4:KCNIP4 14 chr4:20850670 chrKI270790.1:183188
/bioinformatics/ryley/Algorithm_Benchmark/Adapter_porechop_trimmed/LongGF/LongGF.run.porechoptrimmed_Adapter_Spiked_Simulated_100GB_nanopore2023_Q85.log:SumGF	POMT1:ADAM17 14 chr9:131518884 chr2:9502275
/bioinformatics/ryley/Algorithm_Benchmark/Adapter_porechop_trimmed/LongGF/LongGF.run.porechoptrimmed_Adapter_Spiked_Simulated_100GB_nanopore2023_Q85.log:SumGF	PDGFRA:FIP1L1 14 chr4:54274920 chr4:53425962
/bioinformatics/ryley/Algorithm_Benchmark/Adapter_porechop_trimmed/LongGF/LongGF.run.porechoptrimmed_Adapter_Spiked_Simulated_100GB_nanopore2023_Q85.log:SumGF	PIK3R4:COL6A6 14 chr3:130679483 chr3:130592604
/bioinformatics/ryley/Algorithm_Benchmark/Adapter_porechop_trimmed/LongGF/LongGF.run.porechoptrimmed_Adapter_Spiked_Simulated_100GB_nanopore2023_Q85.log:SumGF	IL12RB2:SLC30A8 13 chr1:67367826 chr8:117147150
/bioinformatics/ryley/Algorithm_Benchmark/Adapter_porechop_trimmed/LongGF/LongGF.run.porechoptrimmed_Adapter_Spiked_Simulated_100GB_nanopore2023_Q85.log:SumGF	SH2D7:BDP1 13 chr15:78100900 chrKI270897.1:1054047
/bioinformatics/ryley/Algorithm_Benchmark/Adapter_porechop_trimmed/LongGF/LongGF.run.porechoptrimmed_Adapter_Spiked_Simulated_100GB_nanopore2023_Q85.log:SumGF	YJU2B:GSDMD 13 chr19:13757823 chrKI270816.1:48725
/bioinformatics/ryley/Algorithm_Benchmark/Adapter_porechop_trimmed/LongGF/LongGF.run.porechoptrimmed_Adapter_Spiked_Simulated_100GB_nanopore2023_Q85.log:SumGF	PORCN:OR2F2 12 chrX:48514346 chr7:143935233
/bioinformatics/ryley/Algorithm_Benchmark/Adapter_porechop_trimmed/LongGF/LongGF.run.porechoptrimmed_Adapter_Spiked_Simulated_100GB_nanopore2023_Q85.log:SumGF	JMJD4:RNF214 12 chr1:227732673 chr11:117238684
/bioinformatics/ryley/Algorithm_Benchmark/Adapter_porechop_trimmed/LongGF/LongGF.run.porechoptrimmed_Adapter_Spiked_Simulated_100GB_nanopore2023_Q85.log:SumGF	KIF2A:IPO11 12 chr5:62306531 chr5:62515387
/bioinformatics/ryley/Algorithm_Benchmark/Adapter_porechop_trimmed/LongGF/LongGF.run.porechoptrimmed_Adapter_Spiked_Simulated_100GB_nanopore2023_Q85.log:SumGF	RPS6KA4:MME 12 chr11:64368703 chr3:155172210
/bioinformatics/ryley/Algorithm_Benchmark/Adapter_porechop_trimmed/LongGF/LongGF.run.porechoptrimmed_Adapter_Spiked_Simulated_100GB_nanopore2023_Q85.log:SumGF	PTCD3:GALM 11 chr2:86133180 chr2:38741155
/bioinformatics/ryley/Algorithm_Benchmark/Adapter_porechop_trimmed/LongGF/LongGF.run.porechoptrimmed_Adapter_Spiked_Simulated_100GB_nanopore2023_Q85.log:SumGF	USP2:CYP11A1 11 chr11:119372979 chrML143370.1:194931
/bioinformatics/ryley/Algorithm_Benchmark/Adapter_porechop_trimmed/LongGF/LongGF.run.porechoptrimmed_Adapter_Spiked_Simulated_100GB_nanopore2023_Q85.log:SumGF	CNOT2:HCFC2 10 chr12:70310895 chr12:104097663
/bioinformatics/ryley/Algorithm_Benchmark/Adapter_porechop_trimmed/LongGF/LongGF.run.porechoptrimmed_Adapter_Spiked_Simulated_100GB_nanopore2023_Q85.log:SumGF	ELK3:SIRT5 10 chr12:96223547 chr6:13588331
/bioinformatics/ryley/Algorithm_Benchmark/Adapter_porechop_trimmed/LongGF/LongGF.run.porechoptrimmed_Adapter_Spiked_Simulated_100GB_nanopore2023_Q85.log:SumGF	HSDL1:HMOX2 10 chr16:84123386 chrKI270855.1:210527
/bioinformatics/ryley/Algorithm_Benchmark/Adapter_porechop_trimmed/LongGF/LongGF.run.porechoptrimmed_Adapter_Spiked_Simulated_100GB_nanopore2023_Q85.log:SumGF	PMPCB:SMCO1 10 chr7:103298676 chr3:196508329
/bioinformatics/ryley/Algorithm_Benchmark/Adapter_porechop_trimmed/LongGF/LongGF.run.porechoptrimmed_Adapter_Spiked_Simulated_100GB_nanopore2023_Q85.log:SumGF	KIF26B:KIF26B 10 chr1:245156681 chrKI270759.1:61137
/bioinformatics/ryley/Algorithm_Benchmark/Adapter_porechop_trimmed/LongGF/LongGF.run.porechoptrimmed_Adapter_Spiked_Simulated_100GB_nanopore2023_Q85.log:SumGF	STX12:CSRP1 10 chr1:27810273 chr1:201484785
/bioinformatics/ryley/Algorithm_Benchmark/Adapter_porechop_trimmed/LongGF/LongGF.run.porechoptrimmed_Adapter_Spiked_Simulated_100GB_nanopore2023_Q85.log:SumGF	BRPF3:AFDN 9 chr6:36213881 chr6:167918904
/bioinformatics/ryley/Algorithm_Benchmark/Adapter_porechop_trimmed/LongGF/LongGF.run.porechoptrimmed_Adapter_Spiked_Simulated_100GB_nanopore2023_Q85.log:SumGF	HSDL1:HMOX2 9 chr16:84123387 chr16:4508203
/bioinformatics/ryley/Algorithm_Benchmark/Adapter_porechop_trimmed/LongGF/LongGF.run.porechoptrimmed_Adapter_Spiked_Simulated_100GB_nanopore2023_Q85.log:SumGF	PRRG1:TSPAN7 9 chrX:37425998 chrX:38666121
/bioinformatics/ryley/Algorithm_Benchmark/Adapter_porechop_trimmed/LongGF/LongGF.run.porechoptrimmed_Adapter_Spiked_Simulated_100GB_nanopore2023_Q85.log:SumGF	PLCL2:PLCL2 9 chr3:17009674 chrKV766192.1:115578
/bioinformatics/ryley/Algorithm_Benchmark/Adapter_porechop_trimmed/LongGF/LongGF.run.porechoptrimmed_Adapter_Spiked_Simulated_100GB_nanopore2023_Q85.log:SumGF	ALG6:GINS1 8 chr1:63428455 chr20:25446829
/bioinformatics/ryley/Algorithm_Benchmark/Adapter_porechop_trimmed/LongGF/LongGF.run.porechoptrimmed_Adapter_Spiked_Simulated_100GB_nanopore2023_Q85.log:SumGF	NEDD4L:TRIM55 8 chr18:58350991 chr8:66135152
/bioinformatics/ryley/Algorithm_Benchmark/Adapter_porechop_trimmed/LongGF/LongGF.run.porechoptrimmed_Adapter_Spiked_Simulated_100GB_nanopore2023_Q85.log:SumGF	HMMR:ASB15 8 chr5:163483267 chr7:123614608
/bioinformatics/ryley/Algorithm_Benchmark/Adapter_porechop_trimmed/LongGF/LongGF.run.porechoptrimmed_Adapter_Spiked_Simulated_100GB_nanopore2023_Q85.log:SumGF	GSDMD:YJU2B 7 chr8:143558683 chr19:13757824
/bioinformatics/ryley/Algorithm_Benchmark/Adapter_porechop_trimmed/LongGF/LongGF.run.porechoptrimmed_Adapter_Spiked_Simulated_100GB_nanopore2023_Q85.log:SumGF	BDP1:SH2D7 7 chr5:71524073 chr15:78100899
/bioinformatics/ryley/Algorithm_Benchmark/Adapter_porechop_trimmed/LongGF/LongGF.run.porechoptrimmed_Adapter_Spiked_Simulated_100GB_nanopore2023_Q85.log:SumGF	AKAP17A:ZBED1 6 chrX:1595526 chrY:2490207
/bioinformatics/ryley/Algorithm_Benchmark/Adapter_porechop_trimmed/LongGF/LongGF.run.porechoptrimmed_Adapter_Spiked_Simulated_100GB_nanopore2023_Q85.log:SumGF	POLR3B:RIC8B 6 chr12:106500180 chr12:106774689
/bioinformatics/ryley/Algorithm_Benchmark/Adapter_porechop_trimmed/LongGF/LongGF.run.porechoptrimmed_Adapter_Spiked_Simulated_100GB_nanopore2023_Q85.log:SumGF	XKR6:ENSG00000284927 5 chr8:10924829 chrKZ208915.1:2146347
/bioinformatics/ryley/Algorithm_Benchmark/Adapter_porechop_trimmed/LongGF/LongGF.run.porechoptrimmed_Adapter_Spiked_Simulated_100GB_nanopore2023_Q85.log:SumGF	ZNF627:TBCE 5 chr19:11597482 chr1:235438883
/bioinformatics/ryley/Algorithm_Benchmark/Adapter_porechop_trimmed/LongGF/LongGF.run.porechoptrimmed_Adapter_Spiked_Simulated_100GB_nanopore2023_Q85.log:SumGF	MED12:BRD2 4 chrX:71128792 chrGL000254.2:4274482
/bioinformatics/ryley/Algorithm_Benchmark/Adapter_porechop_trimmed/LongGF/LongGF.run.porechoptrimmed_Adapter_Spiked_Simulated_100GB_nanopore2023_Q85.log:SumGF	PMPCB:C1orf131 4 chr7:103298677 chr1:231228302
/bioinformatics/ryley/Algorithm_Benchmark/Adapter_porechop_trimmed/LongGF/LongGF.run.porechoptrimmed_Adapter_Spiked_Simulated_100GB_nanopore2023_Q85.log:SumGF	GTF2E2:TBCD 4 chr8:30584900 chrKI270860.1:159976
/bioinformatics/ryley/Algorithm_Benchmark/Adapter_porechop_trimmed/LongGF/LongGF.run.porechoptrimmed_Adapter_Spiked_Simulated_100GB_nanopore2023_Q85.log:SumGF	FTL:SERPINA1 4 chr19:48966877 chr14:94376749
/bioinformatics/ryley/Algorithm_Benchmark/Adapter_porechop_trimmed/LongGF/LongGF.run.porechoptrimmed_Adapter_Spiked_Simulated_100GB_nanopore2023_Q85.log:SumGF	FTL:RPLP0 4 chr19:48965307 chr12:120196700
/bioinformatics/ryley/Algorithm_Benchmark/Adapter_porechop_trimmed/LongGF/LongGF.run.porechoptrimmed_Adapter_Spiked_Simulated_100GB_nanopore2023_Q85.log:SumGF	CPA4:FAM174B 4 chr7:130300811 chr15:92655319
/bioinformatics/ryley/Algorithm_Benchmark/Adapter_porechop_trimmed/LongGF/LongGF.run.porechoptrimmed_Adapter_Spiked_Simulated_100GB_nanopore2023_Q85.log:SumGF	AKAP17A:ZBED1 3 chrY:1595522 chrY:2490207
/bioinformatics/ryley/Algorithm_Benchmark/Adapter_porechop_trimmed/LongGF/LongGF.run.porechoptrimmed_Adapter_Spiked_Simulated_100GB_nanopore2023_Q85.log:SumGF	CDK12:NUTM2B 3 chr17:39492751 chr10:79706182
/bioinformatics/ryley/Algorithm_Benchmark/Adapter_porechop_trimmed/LongGF/LongGF.run.porechoptrimmed_Adapter_Spiked_Simulated_100GB_nanopore2023_Q85.log:SumGF	ALB:MT-ATP6 3 chr4:73421481 chrM:8527
/bioinformatics/ryley/Algorithm_Benchmark/Adapter_porechop_trimmed/LongGF/LongGF.run.porechoptrimmed_Adapter_Spiked_Simulated_100GB_nanopore2023_Q85.log:SumGF	CBFA2T2:ZSWIM4 3 chr20:33644347 chr19:13817910
/bioinformatics/ryley/Algorithm_Benchmark/Adapter_porechop_trimmed/LongGF/LongGF.run.porechoptrimmed_Adapter_Spiked_Simulated_100GB_nanopore2023_Q85.log:SumGF	AKAP17A:ZBED1 3 chrY:1595527 chrX:2490207
/bioinformatics/ryley/Algorithm_Benchmark/Adapter_porechop_trimmed/LongGF/LongGF.run.porechoptrimmed_Adapter_Spiked_Simulated_100GB_nanopore2023_Q85.log:SumGF	ALB:MT-CO3 3 chr4:73404288 chrM:9207
/bioinformatics/ryley/Algorithm_Benchmark/Adapter_porechop_trimmed/LongGF/LongGF.run.porechoptrimmed_Adapter_Spiked_Simulated_100GB_nanopore2023_Q85.log:SumGF	MED12:BRD2 3 chrX:71128793 chr6:32975425
/bioinformatics/ryley/Algorithm_Benchmark/Adapter_porechop_trimmed/LongGF/LongGF.run.porechoptrimmed_Adapter_Spiked_Simulated_100GB_nanopore2023_Q85.log:SumGF	CDK12:NUTM2E 2 chr17:39492751 chr10:79844316
/bioinformatics/ryley/Algorithm_Benchmark/Adapter_porechop_trimmed/LongGF/LongGF.run.porechoptrimmed_Adapter_Spiked_Simulated_100GB_nanopore2023_Q85.log:SumGF	PCBP1:MT-CO3 2 chr2:70087476 chrM:9206
/bioinformatics/ryley/Algorithm_Benchmark/Adapter_porechop_trimmed/LongGF/LongGF.run.porechoptrimmed_Adapter_Spiked_Simulated_100GB_nanopore2023_Q85.log:SumGF	SERPINA1:MT-CO2 2 chr14:94376747 chrM:7602
/bioinformatics/ryley/Algorithm_Benchmark/Adapter_porechop_trimmed/LongGF/LongGF.run.porechoptrimmed_Adapter_Spiked_Simulated_100GB_nanopore2023_Q85.log:SumGF	GPX2:RPLP2 2 chr14:64939157 chr11:812868
/bioinformatics/ryley/Algorithm_Benchmark/Adapter_porechop_trimmed/LongGF/LongGF.run.porechoptrimmed_Adapter_Spiked_Simulated_100GB_nanopore2023_Q85.log:SumGF	ACTB:RPS18 2 chr7:5562790 chr6:33276506
/bioinformatics/ryley/Algorithm_Benchmark/Adapter_porechop_trimmed/LongGF/LongGF.run.porechoptrimmed_Adapter_Spiked_Simulated_100GB_nanopore2023_Q85.log:SumGF	AFP:EEF1A1 2 chr4:73455949 chr6:73515756
/bioinformatics/ryley/Algorithm_Benchmark/Adapter_porechop_trimmed/LongGF/LongGF.run.porechoptrimmed_Adapter_Spiked_Simulated_100GB_nanopore2023_Q85.log:SumGF	CBFA2T2:ZSWIM4 2 chr20:33644347 chrML143376.1:29751
/bioinformatics/ryley/Algorithm_Benchmark/Adapter_porechop_trimmed/LongGF/LongGF.run.porechoptrimmed_Adapter_Spiked_Simulated_100GB_nanopore2023_Q85.log:SumGF	COX7C:SERPINA3 2 chr5:86620954 chr14:94624043
/bioinformatics/ryley/Algorithm_Benchmark/Adapter_porechop_trimmed/LongGF/LongGF.run.porechoptrimmed_Adapter_Spiked_Simulated_100GB_nanopore2023_Q85.log:SumGF	TUBA1B:MT-ND3 2 chr12:49127781 chrM:10057
/bioinformatics/ryley/Algorithm_Benchmark/Adapter_porechop_trimmed/LongGF/LongGF.run.porechoptrimmed_Adapter_Spiked_Simulated_100GB_nanopore2023_Q85.log:SumGF	APOA1:PPIA 2 chr11:116835758 chr7:44796681
/bioinformatics/ryley/Algorithm_Benchmark/Adapter_porechop_trimmed/LongGF/LongGF.run.porechoptrimmed_Adapter_Spiked_Simulated_100GB_nanopore2023_Q85.log:SumGF	RPS20:TF 2 chr8:56074507 chr3:133796638
/bioinformatics/ryley/Algorithm_Benchmark/Adapter_porechop_trimmed/LongGF/LongGF.run.porechoptrimmed_Adapter_Spiked_Simulated_100GB_nanopore2023_Q85.log:SumGF	RPS12:RPL13A 2 chr6:132817565 chr19:49492307
/bioinformatics/ryley/Algorithm_Benchmark/Adapter_porechop_trimmed/LongGF/LongGF.run.porechoptrimmed_Adapter_Spiked_Simulated_100GB_nanopore2023_Q85.log:SumGF	WRAP53:SNHG32 2 chr17:7700741 chrGL000255.2:3095508
/bioinformatics/ryley/Algorithm_Benchmark/Adapter_porechop_trimmed/LongGF/LongGF.run.porechoptrimmed_Adapter_Spiked_Simulated_100GB_nanopore2023_Q85.log:SumGF	AHSG:EEF1A1 2 chr3:186621316 chr6:73519119
/bioinformatics/ryley/Algorithm_Benchmark/Adapter_porechop_trimmed/LongGF/LongGF.run.porechoptrimmed_Adapter_Spiked_Simulated_100GB_nanopore2023_Q85.log:SumGF	RPL19:KRT18 2 chr17:39204727 chr12:52949117
/bioinformatics/ryley/Algorithm_Benchmark/Adapter_porechop_trimmed/LongGF/LongGF.run.porechoptrimmed_Adapter_Spiked_Simulated_100GB_nanopore2023_Q85.log:SumGF	MT-ND4:RPS29 2 chrM:10769 chr14:49586382
/bioinformatics/ryley/Algorithm_Benchmark/Adapter_porechop_trimmed/LongGF/LongGF.run.porechoptrimmed_Adapter_Spiked_Simulated_100GB_nanopore2023_Q85.log:SumGF	DONSON:ATP5PO 2 chr21:33586177 chr21:33907342
/bioinformatics/ryley/Algorithm_Benchmark/Adapter_porechop_trimmed/LongGF/LongGF.run.porechoptrimmed_Adapter_Spiked_Simulated_100GB_nanopore2023_Q85.log:SumGF	FABP1:MT-ND4 2 chr2:88122980 chrM:10778
/bioinformatics/ryley/Algorithm_Benchmark/Adapter_porechop_trimmed/LongGF/LongGF.run.porechoptrimmed_Adapter_Spiked_Simulated_100GB_nanopore2023_Q85.log:SumGF	PSMA7:LSM14B 2 chr20:62136950 chr20:62130250
/bioinformatics/ryley/Algorithm_Benchmark/Adapter_porechop_trimmed/LongGF/LongGF.run.porechoptrimmed_Adapter_Spiked_Simulated_100GB_nanopore2023_Q85.log:SumGF	TF:RPL30 2 chr3:133782514 chr8:98041720
/bioinformatics/ryley/Algorithm_Benchmark/Adapter_porechop_trimmed/LongGF/LongGF.run.porechoptrimmed_Adapter_Spiked_Simulated_100GB_nanopore2023_Q90.log:SumGF	CACNA1C:CACNA1C 186 chr12:2448975 chrKZ208916.1:462573
/bioinformatics/ryley/Algorithm_Benchmark/Adapter_porechop_trimmed/LongGF/LongGF.run.porechoptrimmed_Adapter_Spiked_Simulated_100GB_nanopore2023_Q90.log:SumGF	RBMS3:LUZP2 40 chr3:29434744 chr11:24891959
/bioinformatics/ryley/Algorithm_Benchmark/Adapter_porechop_trimmed/LongGF/LongGF.run.porechoptrimmed_Adapter_Spiked_Simulated_100GB_nanopore2023_Q90.log:SumGF	PPARG:ACTL9 40 chr3:12434062 chr19:8698619
/bioinformatics/ryley/Algorithm_Benchmark/Adapter_porechop_trimmed/LongGF/LongGF.run.porechoptrimmed_Adapter_Spiked_Simulated_100GB_nanopore2023_Q90.log:SumGF	KIF2A:IPO11 40 chr5:62306534 chr5:62515386
/bioinformatics/ryley/Algorithm_Benchmark/Adapter_porechop_trimmed/LongGF/LongGF.run.porechoptrimmed_Adapter_Spiked_Simulated_100GB_nanopore2023_Q90.log:SumGF	ASPN:RPP40 39 chr9:92456206 chr6:4995273
/bioinformatics/ryley/Algorithm_Benchmark/Adapter_porechop_trimmed/LongGF/LongGF.run.porechoptrimmed_Adapter_Spiked_Simulated_100GB_nanopore2023_Q90.log:SumGF	RNF4:ING2 37 chr4:2490337 chr4:183510500
/bioinformatics/ryley/Algorithm_Benchmark/Adapter_porechop_trimmed/LongGF/LongGF.run.porechoptrimmed_Adapter_Spiked_Simulated_100GB_nanopore2023_Q90.log:SumGF	PPP1R12C:EPS8L1 35 chr19:55091556 chr19:55085932
/bioinformatics/ryley/Algorithm_Benchmark/Adapter_porechop_trimmed/LongGF/LongGF.run.porechoptrimmed_Adapter_Spiked_Simulated_100GB_nanopore2023_Q90.log:SumGF	FBXL15:CUEDC2 35 chr10:102421108 chr10:102423571
/bioinformatics/ryley/Algorithm_Benchmark/Adapter_porechop_trimmed/LongGF/LongGF.run.porechoptrimmed_Adapter_Spiked_Simulated_100GB_nanopore2023_Q90.log:SumGF	ELOVL1:BANF1 34 chr1:43364793 chr11:66003359
/bioinformatics/ryley/Algorithm_Benchmark/Adapter_porechop_trimmed/LongGF/LongGF.run.porechoptrimmed_Adapter_Spiked_Simulated_100GB_nanopore2023_Q90.log:SumGF	BRPF3:CSPP1 34 chr6:36230522 chr8:67172416
/bioinformatics/ryley/Algorithm_Benchmark/Adapter_porechop_trimmed/LongGF/LongGF.run.porechoptrimmed_Adapter_Spiked_Simulated_100GB_nanopore2023_Q90.log:SumGF	XPO1:FKTN 34 chr2:61478606 chr9:105596641
/bioinformatics/ryley/Algorithm_Benchmark/Adapter_porechop_trimmed/LongGF/LongGF.run.porechoptrimmed_Adapter_Spiked_Simulated_100GB_nanopore2023_Q90.log:SumGF	NCALD:FRAS1 33 chr8:101689404 chr4:78511518
/bioinformatics/ryley/Algorithm_Benchmark/Adapter_porechop_trimmed/LongGF/LongGF.run.porechoptrimmed_Adapter_Spiked_Simulated_100GB_nanopore2023_Q90.log:SumGF	PAXX:CLIC3 32 chr9:136993626 chr9:136994838
/bioinformatics/ryley/Algorithm_Benchmark/Adapter_porechop_trimmed/LongGF/LongGF.run.porechoptrimmed_Adapter_Spiked_Simulated_100GB_nanopore2023_Q90.log:SumGF	USP9X:SIRT5 32 chrX:41150921 chr6:13614592
/bioinformatics/ryley/Algorithm_Benchmark/Adapter_porechop_trimmed/LongGF/LongGF.run.porechoptrimmed_Adapter_Spiked_Simulated_100GB_nanopore2023_Q90.log:SumGF	HNRNPA3:ZNF627 32 chr2:177217705 chr19:11617856
/bioinformatics/ryley/Algorithm_Benchmark/Adapter_porechop_trimmed/LongGF/LongGF.run.porechoptrimmed_Adapter_Spiked_Simulated_100GB_nanopore2023_Q90.log:SumGF	POMT2:GNAO1 32 chr14:77299455 chr16:56334729
/bioinformatics/ryley/Algorithm_Benchmark/Adapter_porechop_trimmed/LongGF/LongGF.run.porechoptrimmed_Adapter_Spiked_Simulated_100GB_nanopore2023_Q90.log:SumGF	NUTF2:LDLRAD4 31 chr16:67865102 chr18:13645469
/bioinformatics/ryley/Algorithm_Benchmark/Adapter_porechop_trimmed/LongGF/LongGF.run.porechoptrimmed_Adapter_Spiked_Simulated_100GB_nanopore2023_Q90.log:SumGF	MGST3:SRP68 31 chr1:165655579 chr17:76039843
/bioinformatics/ryley/Algorithm_Benchmark/Adapter_porechop_trimmed/LongGF/LongGF.run.porechoptrimmed_Adapter_Spiked_Simulated_100GB_nanopore2023_Q90.log:SumGF	KTN1:AP1G2 30 chr14:55675835 chr14:23567112
/bioinformatics/ryley/Algorithm_Benchmark/Adapter_porechop_trimmed/LongGF/LongGF.run.porechoptrimmed_Adapter_Spiked_Simulated_100GB_nanopore2023_Q90.log:SumGF	PLK1:ANKRD28 30 chr16:23681055 chr3:15677054
/bioinformatics/ryley/Algorithm_Benchmark/Adapter_porechop_trimmed/LongGF/LongGF.run.porechoptrimmed_Adapter_Spiked_Simulated_100GB_nanopore2023_Q90.log:SumGF	COL6A1:ENSG00000249209 30 chr21:45987517 chr21:33931163
/bioinformatics/ryley/Algorithm_Benchmark/Adapter_porechop_trimmed/LongGF/LongGF.run.porechoptrimmed_Adapter_Spiked_Simulated_100GB_nanopore2023_Q90.log:SumGF	RARS2:SLC25A27 30 chr6:87524558 chr6:46668708
/bioinformatics/ryley/Algorithm_Benchmark/Adapter_porechop_trimmed/LongGF/LongGF.run.porechoptrimmed_Adapter_Spiked_Simulated_100GB_nanopore2023_Q90.log:SumGF	FIP1L1:RNASEH2C 29 chr4:53461083 chr11:65719807
/bioinformatics/ryley/Algorithm_Benchmark/Adapter_porechop_trimmed/LongGF/LongGF.run.porechoptrimmed_Adapter_Spiked_Simulated_100GB_nanopore2023_Q90.log:SumGF	PRIM2:SGSH 29 chr6:57383417 chr17:80215136
/bioinformatics/ryley/Algorithm_Benchmark/Adapter_porechop_trimmed/LongGF/LongGF.run.porechoptrimmed_Adapter_Spiked_Simulated_100GB_nanopore2023_Q90.log:SumGF	UPK1B:B4GALT4 29 chr3:119190296 chr3:119212678
/bioinformatics/ryley/Algorithm_Benchmark/Adapter_porechop_trimmed/LongGF/LongGF.run.porechoptrimmed_Adapter_Spiked_Simulated_100GB_nanopore2023_Q90.log:SumGF	NXPE3:CAMTA1 28 chr3:101822591 chr1:7737960
/bioinformatics/ryley/Algorithm_Benchmark/Adapter_porechop_trimmed/LongGF/LongGF.run.porechoptrimmed_Adapter_Spiked_Simulated_100GB_nanopore2023_Q90.log:SumGF	HMMR:POMT1 28 chr5:163491143 chr9:131518444
/bioinformatics/ryley/Algorithm_Benchmark/Adapter_porechop_trimmed/LongGF/LongGF.run.porechoptrimmed_Adapter_Spiked_Simulated_100GB_nanopore2023_Q90.log:SumGF	EPHA2:MAGEB6 27 chr1:16124336 chrX:26192440
/bioinformatics/ryley/Algorithm_Benchmark/Adapter_porechop_trimmed/LongGF/LongGF.run.porechoptrimmed_Adapter_Spiked_Simulated_100GB_nanopore2023_Q90.log:SumGF	RER1:GMNC 27 chr1:2403750 chr3:190855913
/bioinformatics/ryley/Algorithm_Benchmark/Adapter_porechop_trimmed/LongGF/LongGF.run.porechoptrimmed_Adapter_Spiked_Simulated_100GB_nanopore2023_Q90.log:SumGF	HNRNPH3:SVIL 27 chr10:68338504 chr10:29487650
/bioinformatics/ryley/Algorithm_Benchmark/Adapter_porechop_trimmed/LongGF/LongGF.run.porechoptrimmed_Adapter_Spiked_Simulated_100GB_nanopore2023_Q90.log:SumGF	ERC1:G3BP1 26 chr12:1183281 chr5:151803943
/bioinformatics/ryley/Algorithm_Benchmark/Adapter_porechop_trimmed/LongGF/LongGF.run.porechoptrimmed_Adapter_Spiked_Simulated_100GB_nanopore2023_Q90.log:SumGF	CTBS:THBS3 26 chr1:84553541 chr1:155198530
/bioinformatics/ryley/Algorithm_Benchmark/Adapter_porechop_trimmed/LongGF/LongGF.run.porechoptrimmed_Adapter_Spiked_Simulated_100GB_nanopore2023_Q90.log:SumGF	CELF2:ERCC6 25 chr10:11314214 chr10:49459233
/bioinformatics/ryley/Algorithm_Benchmark/Adapter_porechop_trimmed/LongGF/LongGF.run.porechoptrimmed_Adapter_Spiked_Simulated_100GB_nanopore2023_Q90.log:SumGF	JMJD4:RNF214 24 chr1:227732672 chr11:117238685
/bioinformatics/ryley/Algorithm_Benchmark/Adapter_porechop_trimmed/LongGF/LongGF.run.porechoptrimmed_Adapter_Spiked_Simulated_100GB_nanopore2023_Q90.log:SumGF	MFN1:ZHX3 23 chr3:179365209 chr20:41205064
/bioinformatics/ryley/Algorithm_Benchmark/Adapter_porechop_trimmed/LongGF/LongGF.run.porechoptrimmed_Adapter_Spiked_Simulated_100GB_nanopore2023_Q90.log:SumGF	SLC45A4:DENND3 23 chr8:141212555 chr8:141141274
/bioinformatics/ryley/Algorithm_Benchmark/Adapter_porechop_trimmed/LongGF/LongGF.run.porechoptrimmed_Adapter_Spiked_Simulated_100GB_nanopore2023_Q90.log:SumGF	SLC4A3:TMUB2 22 chr2:219640430 chr17:44191431
/bioinformatics/ryley/Algorithm_Benchmark/Adapter_porechop_trimmed/LongGF/LongGF.run.porechoptrimmed_Adapter_Spiked_Simulated_100GB_nanopore2023_Q90.log:SumGF	IL12RB2:SLC30A8 22 chr1:67367825 chr8:117147151
/bioinformatics/ryley/Algorithm_Benchmark/Adapter_porechop_trimmed/LongGF/LongGF.run.porechoptrimmed_Adapter_Spiked_Simulated_100GB_nanopore2023_Q90.log:SumGF	IL12RB2:KRBA2 22 chr1:67395900 chr17:8370384
/bioinformatics/ryley/Algorithm_Benchmark/Adapter_porechop_trimmed/LongGF/LongGF.run.porechoptrimmed_Adapter_Spiked_Simulated_100GB_nanopore2023_Q90.log:SumGF	CARF:MYT1L 22 chr2:202961235 chr2:2330967
/bioinformatics/ryley/Algorithm_Benchmark/Adapter_porechop_trimmed/LongGF/LongGF.run.porechoptrimmed_Adapter_Spiked_Simulated_100GB_nanopore2023_Q90.log:SumGF	BTG4:RPS6KA4 22 chr11:111495313 chr11:64371517
/bioinformatics/ryley/Algorithm_Benchmark/Adapter_porechop_trimmed/LongGF/LongGF.run.porechoptrimmed_Adapter_Spiked_Simulated_100GB_nanopore2023_Q90.log:SumGF	DAO:GPD1 21 chr12:108890208 chr12:50107797
/bioinformatics/ryley/Algorithm_Benchmark/Adapter_porechop_trimmed/LongGF/LongGF.run.porechoptrimmed_Adapter_Spiked_Simulated_100GB_nanopore2023_Q90.log:SumGF	PIK3R4:COL6A6 21 chr3:130679488 chr3:130592603
/bioinformatics/ryley/Algorithm_Benchmark/Adapter_porechop_trimmed/LongGF/LongGF.run.porechoptrimmed_Adapter_Spiked_Simulated_100GB_nanopore2023_Q90.log:SumGF	MAST1:ZNF691 21 chr19:12852245 chr1:42849555
/bioinformatics/ryley/Algorithm_Benchmark/Adapter_porechop_trimmed/LongGF/LongGF.run.porechoptrimmed_Adapter_Spiked_Simulated_100GB_nanopore2023_Q90.log:SumGF	SYTL5:ENSG00000284906 21 chrX:38108600 chr15:30768944
/bioinformatics/ryley/Algorithm_Benchmark/Adapter_porechop_trimmed/LongGF/LongGF.run.porechoptrimmed_Adapter_Spiked_Simulated_100GB_nanopore2023_Q90.log:SumGF	CYP2C8:FIP1L1 21 chr10:95069197 chr4:53379072
/bioinformatics/ryley/Algorithm_Benchmark/Adapter_porechop_trimmed/LongGF/LongGF.run.porechoptrimmed_Adapter_Spiked_Simulated_100GB_nanopore2023_Q90.log:SumGF	GSDMD:YJU2B 20 chr8:143558684 chr19:13757824
/bioinformatics/ryley/Algorithm_Benchmark/Adapter_porechop_trimmed/LongGF/LongGF.run.porechoptrimmed_Adapter_Spiked_Simulated_100GB_nanopore2023_Q90.log:SumGF	PRRG1:TSPAN7 20 chrX:37425997 chrX:38666120
/bioinformatics/ryley/Algorithm_Benchmark/Adapter_porechop_trimmed/LongGF/LongGF.run.porechoptrimmed_Adapter_Spiked_Simulated_100GB_nanopore2023_Q90.log:SumGF	RPS6KA4:MME 20 chr11:64368702 chr3:155172210
/bioinformatics/ryley/Algorithm_Benchmark/Adapter_porechop_trimmed/LongGF/LongGF.run.porechoptrimmed_Adapter_Spiked_Simulated_100GB_nanopore2023_Q90.log:SumGF	CNOT2:HCFC2 20 chr12:70310896 chr12:104097665
/bioinformatics/ryley/Algorithm_Benchmark/Adapter_porechop_trimmed/LongGF/LongGF.run.porechoptrimmed_Adapter_Spiked_Simulated_100GB_nanopore2023_Q90.log:SumGF	DDHD2:CUL2 20 chr8:38245741 chr10:35035172
/bioinformatics/ryley/Algorithm_Benchmark/Adapter_porechop_trimmed/LongGF/LongGF.run.porechoptrimmed_Adapter_Spiked_Simulated_100GB_nanopore2023_Q90.log:SumGF	PTCD3:GALM 19 chr2:86133179 chr2:38741157
/bioinformatics/ryley/Algorithm_Benchmark/Adapter_porechop_trimmed/LongGF/LongGF.run.porechoptrimmed_Adapter_Spiked_Simulated_100GB_nanopore2023_Q90.log:SumGF	GDNF:MFF 19 chr5:37816133 chr2:227355759
/bioinformatics/ryley/Algorithm_Benchmark/Adapter_porechop_trimmed/LongGF/LongGF.run.porechoptrimmed_Adapter_Spiked_Simulated_100GB_nanopore2023_Q90.log:SumGF	POMT1:ADAM17 19 chr9:131518884 chr2:9502276
/bioinformatics/ryley/Algorithm_Benchmark/Adapter_porechop_trimmed/LongGF/LongGF.run.porechoptrimmed_Adapter_Spiked_Simulated_100GB_nanopore2023_Q90.log:SumGF	CDK12:NUTM2B 18 chr17:39492751 chr10:79706186
/bioinformatics/ryley/Algorithm_Benchmark/Adapter_porechop_trimmed/LongGF/LongGF.run.porechoptrimmed_Adapter_Spiked_Simulated_100GB_nanopore2023_Q90.log:SumGF	KCTD19:SKIC3 18 chr16:67320589 chr5:95464679
/bioinformatics/ryley/Algorithm_Benchmark/Adapter_porechop_trimmed/LongGF/LongGF.run.porechoptrimmed_Adapter_Spiked_Simulated_100GB_nanopore2023_Q90.log:SumGF	KCNIP4:KCNIP4 18 chr4:20850668 chrKI270790.1:183186
/bioinformatics/ryley/Algorithm_Benchmark/Adapter_porechop_trimmed/LongGF/LongGF.run.porechoptrimmed_Adapter_Spiked_Simulated_100GB_nanopore2023_Q90.log:SumGF	USP2:CYP11A1 17 chr11:119372978 chr15:74365662
/bioinformatics/ryley/Algorithm_Benchmark/Adapter_porechop_trimmed/LongGF/LongGF.run.porechoptrimmed_Adapter_Spiked_Simulated_100GB_nanopore2023_Q90.log:SumGF	PORCN:OR2F2 17 chrX:48514347 chr7:143935231
/bioinformatics/ryley/Algorithm_Benchmark/Adapter_porechop_trimmed/LongGF/LongGF.run.porechoptrimmed_Adapter_Spiked_Simulated_100GB_nanopore2023_Q90.log:SumGF	POLR3B:RIC8B 17 chr12:106500182 chr12:106774688
/bioinformatics/ryley/Algorithm_Benchmark/Adapter_porechop_trimmed/LongGF/LongGF.run.porechoptrimmed_Adapter_Spiked_Simulated_100GB_nanopore2023_Q90.log:SumGF	CDK12:NUTM2E 17 chr17:39492752 chr10:79844317
/bioinformatics/ryley/Algorithm_Benchmark/Adapter_porechop_trimmed/LongGF/LongGF.run.porechoptrimmed_Adapter_Spiked_Simulated_100GB_nanopore2023_Q90.log:SumGF	NEDD4L:TRIM55 16 chr18:58350992 chr8:66135153
/bioinformatics/ryley/Algorithm_Benchmark/Adapter_porechop_trimmed/LongGF/LongGF.run.porechoptrimmed_Adapter_Spiked_Simulated_100GB_nanopore2023_Q90.log:SumGF	LUZP2:ENSG00000283563 15 chr11:24892314 chr3:28576493
/bioinformatics/ryley/Algorithm_Benchmark/Adapter_porechop_trimmed/LongGF/LongGF.run.porechoptrimmed_Adapter_Spiked_Simulated_100GB_nanopore2023_Q90.log:SumGF	PSMA7:LSM14B 14 chr20:62136948 chr20:62130248
/bioinformatics/ryley/Algorithm_Benchmark/Adapter_porechop_trimmed/LongGF/LongGF.run.porechoptrimmed_Adapter_Spiked_Simulated_100GB_nanopore2023_Q90.log:SumGF	ELK3:SIRT5 14 chr12:96223544 chr6:13588332
/bioinformatics/ryley/Algorithm_Benchmark/Adapter_porechop_trimmed/LongGF/LongGF.run.porechoptrimmed_Adapter_Spiked_Simulated_100GB_nanopore2023_Q90.log:SumGF	STX12:CSRP1 14 chr1:27810272 chr1:201484787
/bioinformatics/ryley/Algorithm_Benchmark/Adapter_porechop_trimmed/LongGF/LongGF.run.porechoptrimmed_Adapter_Spiked_Simulated_100GB_nanopore2023_Q90.log:SumGF	YJU2B:GSDMD 13 chr19:13757823 chrKI270816.1:48724
/bioinformatics/ryley/Algorithm_Benchmark/Adapter_porechop_trimmed/LongGF/LongGF.run.porechoptrimmed_Adapter_Spiked_Simulated_100GB_nanopore2023_Q90.log:SumGF	ALG6:GINS1 13 chr1:63428454 chr20:25446837
/bioinformatics/ryley/Algorithm_Benchmark/Adapter_porechop_trimmed/LongGF/LongGF.run.porechoptrimmed_Adapter_Spiked_Simulated_100GB_nanopore2023_Q90.log:SumGF	KIF26B:KIF26B 13 chr1:245156681 chrKI270759.1:61135
/bioinformatics/ryley/Algorithm_Benchmark/Adapter_porechop_trimmed/LongGF/LongGF.run.porechoptrimmed_Adapter_Spiked_Simulated_100GB_nanopore2023_Q90.log:SumGF	MED12:BRD2 12 chrX:71128792 chr6:32975425
/bioinformatics/ryley/Algorithm_Benchmark/Adapter_porechop_trimmed/LongGF/LongGF.run.porechoptrimmed_Adapter_Spiked_Simulated_100GB_nanopore2023_Q90.log:SumGF	PLCL2:PLCL2 11 chr3:17009674 chrKV766192.1:115577
/bioinformatics/ryley/Algorithm_Benchmark/Adapter_porechop_trimmed/LongGF/LongGF.run.porechoptrimmed_Adapter_Spiked_Simulated_100GB_nanopore2023_Q90.log:SumGF	AKAP17A:ZBED1 11 chrX:1595524 chrX:2490207
/bioinformatics/ryley/Algorithm_Benchmark/Adapter_porechop_trimmed/LongGF/LongGF.run.porechoptrimmed_Adapter_Spiked_Simulated_100GB_nanopore2023_Q90.log:SumGF	YY1:RGR 11 chr14:100262304 chr10:84259144
/bioinformatics/ryley/Algorithm_Benchmark/Adapter_porechop_trimmed/LongGF/LongGF.run.porechoptrimmed_Adapter_Spiked_Simulated_100GB_nanopore2023_Q90.log:SumGF	USP2:CYP11A1 10 chr11:119372978 chrML143370.1:194930
/bioinformatics/ryley/Algorithm_Benchmark/Adapter_porechop_trimmed/LongGF/LongGF.run.porechoptrimmed_Adapter_Spiked_Simulated_100GB_nanopore2023_Q90.log:SumGF	ZNF627:TBCE 10 chr19:11597484 chr1:235438886
/bioinformatics/ryley/Algorithm_Benchmark/Adapter_porechop_trimmed/LongGF/LongGF.run.porechoptrimmed_Adapter_Spiked_Simulated_100GB_nanopore2023_Q90.log:SumGF	PORCN:OR2F2 9 chrX:48514348 chrKZ208912.1:479460
/bioinformatics/ryley/Algorithm_Benchmark/Adapter_porechop_trimmed/LongGF/LongGF.run.porechoptrimmed_Adapter_Spiked_Simulated_100GB_nanopore2023_Q90.log:SumGF	SORBS3:XKR9 9 chr8:22567041 chr8:70680818
/bioinformatics/ryley/Algorithm_Benchmark/Adapter_porechop_trimmed/LongGF/LongGF.run.porechoptrimmed_Adapter_Spiked_Simulated_100GB_nanopore2023_Q90.log:SumGF	HSDL1:HMOX2 9 chr16:84123386 chrKI270855.1:210527
/bioinformatics/ryley/Algorithm_Benchmark/Adapter_porechop_trimmed/LongGF/LongGF.run.porechoptrimmed_Adapter_Spiked_Simulated_100GB_nanopore2023_Q90.log:SumGF	SH2D7:BDP1 9 chr15:78100900 chrKI270897.1:1054046
/bioinformatics/ryley/Algorithm_Benchmark/Adapter_porechop_trimmed/LongGF/LongGF.run.porechoptrimmed_Adapter_Spiked_Simulated_100GB_nanopore2023_Q90.log:SumGF	PMPCB:SMCO1 8 chr7:103298676 chr3:196508330
/bioinformatics/ryley/Algorithm_Benchmark/Adapter_porechop_trimmed/LongGF/LongGF.run.porechoptrimmed_Adapter_Spiked_Simulated_100GB_nanopore2023_Q90.log:SumGF	XKR6:ENSG00000284927 8 chr8:10924830 chrKZ208915.1:2146347
/bioinformatics/ryley/Algorithm_Benchmark/Adapter_porechop_trimmed/LongGF/LongGF.run.porechoptrimmed_Adapter_Spiked_Simulated_100GB_nanopore2023_Q90.log:SumGF	KAT7:NEFL 8 chr17:49827921 chr8:24952947
/bioinformatics/ryley/Algorithm_Benchmark/Adapter_porechop_trimmed/LongGF/LongGF.run.porechoptrimmed_Adapter_Spiked_Simulated_100GB_nanopore2023_Q90.log:SumGF	AKAP17A:ZBED1 8 chrY:1595523 chrX:2490207
/bioinformatics/ryley/Algorithm_Benchmark/Adapter_porechop_trimmed/LongGF/LongGF.run.porechoptrimmed_Adapter_Spiked_Simulated_100GB_nanopore2023_Q90.log:SumGF	NUF2:MYO6 8 chr1:163266583 chr6:75890110
/bioinformatics/ryley/Algorithm_Benchmark/Adapter_porechop_trimmed/LongGF/LongGF.run.porechoptrimmed_Adapter_Spiked_Simulated_100GB_nanopore2023_Q90.log:SumGF	SH2D7:BDP1 8 chr15:78100899 chrGL339449.2:1522557
/bioinformatics/ryley/Algorithm_Benchmark/Adapter_porechop_trimmed/LongGF/LongGF.run.porechoptrimmed_Adapter_Spiked_Simulated_100GB_nanopore2023_Q90.log:SumGF	GTF2E2:TBCD 7 chr8:30584899 chrKI270860.1:159974
/bioinformatics/ryley/Algorithm_Benchmark/Adapter_porechop_trimmed/LongGF/LongGF.run.porechoptrimmed_Adapter_Spiked_Simulated_100GB_nanopore2023_Q90.log:SumGF	ZNF559:UHRF1 6 chr19:9338517 chr19:4910875
/bioinformatics/ryley/Algorithm_Benchmark/Adapter_porechop_trimmed/LongGF/LongGF.run.porechoptrimmed_Adapter_Spiked_Simulated_100GB_nanopore2023_Q90.log:SumGF	AKAP17A:ZBED1 6 chrY:1595522 chrY:2490207
/bioinformatics/ryley/Algorithm_Benchmark/Adapter_porechop_trimmed/LongGF/LongGF.run.porechoptrimmed_Adapter_Spiked_Simulated_100GB_nanopore2023_Q90.log:SumGF	PCDH11Y:PCDH11X 6 chrY:5100705 chrX:92387733
/bioinformatics/ryley/Algorithm_Benchmark/Adapter_porechop_trimmed/LongGF/LongGF.run.porechoptrimmed_Adapter_Spiked_Simulated_100GB_nanopore2023_Q90.log:SumGF	CPA4:FAM174B 6 chr7:130300817 chr15:92655317
/bioinformatics/ryley/Algorithm_Benchmark/Adapter_porechop_trimmed/LongGF/LongGF.run.porechoptrimmed_Adapter_Spiked_Simulated_100GB_nanopore2023_Q90.log:SumGF	WRAP53:SNHG32 5 chr17:7700742 chrGL000250.2:3172300
/bioinformatics/ryley/Algorithm_Benchmark/Adapter_porechop_trimmed/LongGF/LongGF.run.porechoptrimmed_Adapter_Spiked_Simulated_100GB_nanopore2023_Q90.log:SumGF	BRPF3:AFDN 5 chr6:36213880 chr6:167918905
/bioinformatics/ryley/Algorithm_Benchmark/Adapter_porechop_trimmed/LongGF/LongGF.run.porechoptrimmed_Adapter_Spiked_Simulated_100GB_nanopore2023_Q90.log:SumGF	CBFA2T2:ZSWIM4 5 chr20:33644347 chrML143376.1:29751
/bioinformatics/ryley/Algorithm_Benchmark/Adapter_porechop_trimmed/LongGF/LongGF.run.porechoptrimmed_Adapter_Spiked_Simulated_100GB_nanopore2023_Q90.log:SumGF	CBFA2T2:ZSWIM4 5 chr20:33644347 chr19:13817910
/bioinformatics/ryley/Algorithm_Benchmark/Adapter_porechop_trimmed/LongGF/LongGF.run.porechoptrimmed_Adapter_Spiked_Simulated_100GB_nanopore2023_Q90.log:SumGF	HSDL1:HMOX2 5 chr16:84123386 chr16:4508202
/bioinformatics/ryley/Algorithm_Benchmark/Adapter_porechop_trimmed/LongGF/LongGF.run.porechoptrimmed_Adapter_Spiked_Simulated_100GB_nanopore2023_Q90.log:SumGF	HMMR:ASB15 5 chr5:163483266 chr7:123614609
/bioinformatics/ryley/Algorithm_Benchmark/Adapter_porechop_trimmed/LongGF/LongGF.run.porechoptrimmed_Adapter_Spiked_Simulated_100GB_nanopore2023_Q90.log:SumGF	AKAP17A:ZBED1 5 chrX:1595521 chrY:2490208
/bioinformatics/ryley/Algorithm_Benchmark/Adapter_porechop_trimmed/LongGF/LongGF.run.porechoptrimmed_Adapter_Spiked_Simulated_100GB_nanopore2023_Q90.log:SumGF	ALB:SERPINA1 5 chr4:73421483 chr14:94376750
/bioinformatics/ryley/Algorithm_Benchmark/Adapter_porechop_trimmed/LongGF/LongGF.run.porechoptrimmed_Adapter_Spiked_Simulated_100GB_nanopore2023_Q90.log:SumGF	FTL:ALB 4 chr19:48966876 chr4:73404286
/bioinformatics/ryley/Algorithm_Benchmark/Adapter_porechop_trimmed/LongGF/LongGF.run.porechoptrimmed_Adapter_Spiked_Simulated_100GB_nanopore2023_Q90.log:SumGF	TPT1:EEF1A1 3 chr13:45334675 chr6:73515749
/bioinformatics/ryley/Algorithm_Benchmark/Adapter_porechop_trimmed/LongGF/LongGF.run.porechoptrimmed_Adapter_Spiked_Simulated_100GB_nanopore2023_Q90.log:SumGF	FLVCR2:ZNF646 3 chr14:75663197 chr16:31075903
/bioinformatics/ryley/Algorithm_Benchmark/Adapter_porechop_trimmed/LongGF/LongGF.run.porechoptrimmed_Adapter_Spiked_Simulated_100GB_nanopore2023_Q90.log:SumGF	PMPCB:C1orf131 3 chr7:103298677 chr1:231228302
/bioinformatics/ryley/Algorithm_Benchmark/Adapter_porechop_trimmed/LongGF/LongGF.run.porechoptrimmed_Adapter_Spiked_Simulated_100GB_nanopore2023_Q90.log:SumGF	FTL:MT-CO3 3 chr19:48966878 chrM:9989
/bioinformatics/ryley/Algorithm_Benchmark/Adapter_porechop_trimmed/LongGF/LongGF.run.porechoptrimmed_Adapter_Spiked_Simulated_100GB_nanopore2023_Q90.log:SumGF	EEF1A1:RPL13 2 chr6:73521032 chr16:89560709
/bioinformatics/ryley/Algorithm_Benchmark/Adapter_porechop_trimmed/LongGF/LongGF.run.porechoptrimmed_Adapter_Spiked_Simulated_100GB_nanopore2023_Q90.log:SumGF	MED12:BRD2 2 chrX:71128792 chrGL000254.2:4274485
/bioinformatics/ryley/Algorithm_Benchmark/Adapter_porechop_trimmed/LongGF/LongGF.run.porechoptrimmed_Adapter_Spiked_Simulated_100GB_nanopore2023_Q90.log:SumGF	SERPINA1:RPS29 2 chr14:94383186 chr14:49583578
/bioinformatics/ryley/Algorithm_Benchmark/Adapter_porechop_trimmed/LongGF/LongGF.run.porechoptrimmed_Adapter_Spiked_Simulated_100GB_nanopore2023_Q90.log:SumGF	RPL18:MT-ND4 2 chr19:48615327 chrM:10757
/bioinformatics/ryley/Algorithm_Benchmark/Adapter_porechop_trimmed/LongGF/LongGF.run.porechoptrimmed_Adapter_Spiked_Simulated_100GB_nanopore2023_Q90.log:SumGF	RPL31:RPLP1 2 chr2:101002292 chr15:69452815
/bioinformatics/ryley/Algorithm_Benchmark/Adapter_porechop_trimmed/LongGF/LongGF.run.porechoptrimmed_Adapter_Spiked_Simulated_100GB_nanopore2023_Q90.log:SumGF	RPL31:RPL10A 2 chr2:101002293 chr6:35470782
/bioinformatics/ryley/Algorithm_Benchmark/Adapter_porechop_trimmed/LongGF/LongGF.run.porechoptrimmed_Adapter_Spiked_Simulated_100GB_nanopore2023_Q90.log:SumGF	AFP:SERPINA3 2 chr4:73436223 chr14:94624050
/bioinformatics/ryley/Algorithm_Benchmark/Adapter_porechop_trimmed/LongGF/LongGF.run.porechoptrimmed_Adapter_Spiked_Simulated_100GB_nanopore2023_Q90.log:SumGF	ENO1:AFP 2 chr1:8860999 chr4:73456177
/bioinformatics/ryley/Algorithm_Benchmark/Adapter_porechop_trimmed/LongGF/LongGF.run.porechoptrimmed_Adapter_Spiked_Simulated_100GB_nanopore2023_Q90.log:SumGF	RPL10A:EEF1G 2 chr6:35468420 chr11:62559598
/bioinformatics/ryley/Algorithm_Benchmark/Adapter_porechop_trimmed/LongGF/LongGF.run.porechoptrimmed_Adapter_Spiked_Simulated_100GB_nanopore2023_Q90.log:SumGF	MRPL10:EIF1 2 chr17:47823275 chr17:41690905
/bioinformatics/ryley/Algorithm_Benchmark/Adapter_porechop_trimmed/LongGF/LongGF.run.porechoptrimmed_Adapter_Spiked_Simulated_100GB_nanopore2023_Q90.log:SumGF	CCT3:GPRC5C 2 chr1:156338289 chr17:74447428
/bioinformatics/ryley/Algorithm_Benchmark/Adapter_porechop_trimmed/LongGF/LongGF.run.porechoptrimmed_Adapter_Spiked_Simulated_100GB_nanopore2023_Q90.log:SumGF	RACK1:NME2 2 chr5:181236924 chr17:51171741
/bioinformatics/ryley/Algorithm_Benchmark/Adapter_porechop_trimmed/LongGF/LongGF.run.porechoptrimmed_Adapter_Spiked_Simulated_100GB_nanopore2023_Q90.log:SumGF	FABP1:MT-ND4 2 chr2:88122980 chrM:12123
/bioinformatics/ryley/Algorithm_Benchmark/Adapter_porechop_trimmed/LongGF/LongGF.run.porechoptrimmed_Adapter_Spiked_Simulated_100GB_nanopore2023_Q90.log:SumGF	GAPDH:RPL27 2 chr12:6538365 chr17:43002958
/bioinformatics/ryley/Algorithm_Benchmark/Adapter_porechop_trimmed/LongGF/LongGF.run.porechoptrimmed_Adapter_Spiked_Simulated_100GB_nanopore2023_Q90.log:SumGF	RPS12:MT-ND1 2 chr6:132817564 chrM:4260
/bioinformatics/ryley/Algorithm_Benchmark/Adapter_porechop_trimmed/LongGF/LongGF.run.porechoptrimmed_Adapter_Spiked_Simulated_100GB_nanopore2023_Q90.log:SumGF	RPS15:RPL27A 2 chr19:1438403 chr11:8682809
/bioinformatics/ryley/Algorithm_Benchmark/Adapter_porechop_trimmed/LongGF/LongGF.run.porechoptrimmed_Adapter_Spiked_Simulated_100GB_nanopore2023_Q90.log:SumGF	APOA1:COX4I1 2 chr11:116835752 chr16:85807062
/bioinformatics/ryley/Algorithm_Benchmark/Adapter_porechop_trimmed/LongGF/LongGF.run.porechoptrimmed_Adapter_Spiked_Simulated_100GB_nanopore2023_Q90.log:SumGF	GNAS:APOA1 2 chr20:58911180 chr11:116837610
/bioinformatics/ryley/Algorithm_Benchmark/Adapter_porechop_trimmed/LongGF/LongGF.run.porechoptrimmed_Adapter_Spiked_Simulated_100GB_nanopore2023_Q90.log:SumGF	RPLP0:RPL29 2 chr12:120196704 chr3:51993522
/bioinformatics/ryley/Algorithm_Benchmark/Adapter_porechop_trimmed/LongGF/LongGF.run.porechoptrimmed_Adapter_Spiked_Simulated_100GB_nanopore2023_Q90.log:SumGF	TF:GAPDH 2 chr3:133785774 chr12:6538370
/bioinformatics/ryley/Algorithm_Benchmark/Adapter_porechop_trimmed/LongGF/LongGF.run.porechoptrimmed_Adapter_Spiked_Simulated_100GB_nanopore2023_Q90.log:SumGF	NPM1:EEF1G 2 chr5:171387850 chr11:62559599
/bioinformatics/ryley/Algorithm_Benchmark/Adapter_porechop_trimmed/LongGF/LongGF.run.porechoptrimmed_Adapter_Spiked_Simulated_100GB_nanopore2023_Q90.log:SumGF	TRIB3:AHSG 2 chr20:397558 chr3:186613060
/bioinformatics/ryley/Algorithm_Benchmark/Adapter_porechop_trimmed/LongGF/LongGF.run.porechoptrimmed_Adapter_Spiked_Simulated_100GB_nanopore2023_Q95.log:SumGF	CACNA1C:CACNA1C 198 chr12:2120429 chrKZ208916.1:797090
/bioinformatics/ryley/Algorithm_Benchmark/Adapter_porechop_trimmed/LongGF/LongGF.run.porechoptrimmed_Adapter_Spiked_Simulated_100GB_nanopore2023_Q95.log:SumGF	RBMS3:LUZP2 70 chr3:29434744 chr11:24891958
/bioinformatics/ryley/Algorithm_Benchmark/Adapter_porechop_trimmed/LongGF/LongGF.run.porechoptrimmed_Adapter_Spiked_Simulated_100GB_nanopore2023_Q95.log:SumGF	UPK1B:B4GALT4 48 chr3:119190297 chr3:119212679
/bioinformatics/ryley/Algorithm_Benchmark/Adapter_porechop_trimmed/LongGF/LongGF.run.porechoptrimmed_Adapter_Spiked_Simulated_100GB_nanopore2023_Q95.log:SumGF	DAO:GPD1 46 chr12:108890208 chr12:50107798
/bioinformatics/ryley/Algorithm_Benchmark/Adapter_porechop_trimmed/LongGF/LongGF.run.porechoptrimmed_Adapter_Spiked_Simulated_100GB_nanopore2023_Q95.log:SumGF	NUTF2:LDLRAD4 42 chr16:67865102 chr18:13645469
/bioinformatics/ryley/Algorithm_Benchmark/Adapter_porechop_trimmed/LongGF/LongGF.run.porechoptrimmed_Adapter_Spiked_Simulated_100GB_nanopore2023_Q95.log:SumGF	KIF2A:IPO11 40 chr5:62306534 chr5:62515386
/bioinformatics/ryley/Algorithm_Benchmark/Adapter_porechop_trimmed/LongGF/LongGF.run.porechoptrimmed_Adapter_Spiked_Simulated_100GB_nanopore2023_Q95.log:SumGF	HNRNPA3:ZNF627 38 chr2:177217705 chr19:11617857
/bioinformatics/ryley/Algorithm_Benchmark/Adapter_porechop_trimmed/LongGF/LongGF.run.porechoptrimmed_Adapter_Spiked_Simulated_100GB_nanopore2023_Q95.log:SumGF	ERC1:G3BP1 38 chr12:1183281 chr5:151803943
/bioinformatics/ryley/Algorithm_Benchmark/Adapter_porechop_trimmed/LongGF/LongGF.run.porechoptrimmed_Adapter_Spiked_Simulated_100GB_nanopore2023_Q95.log:SumGF	PTCD3:GALM 37 chr2:86133178 chr2:38741157
/bioinformatics/ryley/Algorithm_Benchmark/Adapter_porechop_trimmed/LongGF/LongGF.run.porechoptrimmed_Adapter_Spiked_Simulated_100GB_nanopore2023_Q95.log:SumGF	CTBS:THBS3 37 chr1:84553542 chr1:155198530
/bioinformatics/ryley/Algorithm_Benchmark/Adapter_porechop_trimmed/LongGF/LongGF.run.porechoptrimmed_Adapter_Spiked_Simulated_100GB_nanopore2023_Q95.log:SumGF	BRPF3:CSPP1 36 chr6:36230523 chr8:67172416
/bioinformatics/ryley/Algorithm_Benchmark/Adapter_porechop_trimmed/LongGF/LongGF.run.porechoptrimmed_Adapter_Spiked_Simulated_100GB_nanopore2023_Q95.log:SumGF	RER1:GMNC 36 chr1:2403751 chr3:190855913
/bioinformatics/ryley/Algorithm_Benchmark/Adapter_porechop_trimmed/LongGF/LongGF.run.porechoptrimmed_Adapter_Spiked_Simulated_100GB_nanopore2023_Q95.log:SumGF	PRRG1:TSPAN7 35 chrX:37425998 chrX:38666120
/bioinformatics/ryley/Algorithm_Benchmark/Adapter_porechop_trimmed/LongGF/LongGF.run.porechoptrimmed_Adapter_Spiked_Simulated_100GB_nanopore2023_Q95.log:SumGF	RPS6KA4:MME 35 chr11:64368702 chr3:155172210
/bioinformatics/ryley/Algorithm_Benchmark/Adapter_porechop_trimmed/LongGF/LongGF.run.porechoptrimmed_Adapter_Spiked_Simulated_100GB_nanopore2023_Q95.log:SumGF	USP9X:SIRT5 35 chrX:41150921 chr6:13614592
/bioinformatics/ryley/Algorithm_Benchmark/Adapter_porechop_trimmed/LongGF/LongGF.run.porechoptrimmed_Adapter_Spiked_Simulated_100GB_nanopore2023_Q95.log:SumGF	HMMR:POMT1 34 chr5:163491143 chr9:131518444
/bioinformatics/ryley/Algorithm_Benchmark/Adapter_porechop_trimmed/LongGF/LongGF.run.porechoptrimmed_Adapter_Spiked_Simulated_100GB_nanopore2023_Q95.log:SumGF	PAXX:CLIC3 34 chr9:136993627 chr9:136994839
/bioinformatics/ryley/Algorithm_Benchmark/Adapter_porechop_trimmed/LongGF/LongGF.run.porechoptrimmed_Adapter_Spiked_Simulated_100GB_nanopore2023_Q95.log:SumGF	PPARG:ACTL9 34 chr3:12434064 chr19:8698619
/bioinformatics/ryley/Algorithm_Benchmark/Adapter_porechop_trimmed/LongGF/LongGF.run.porechoptrimmed_Adapter_Spiked_Simulated_100GB_nanopore2023_Q95.log:SumGF	EPHA2:MAGEB6 34 chr1:16124335 chrX:26192440
/bioinformatics/ryley/Algorithm_Benchmark/Adapter_porechop_trimmed/LongGF/LongGF.run.porechoptrimmed_Adapter_Spiked_Simulated_100GB_nanopore2023_Q95.log:SumGF	CNOT2:HCFC2 33 chr12:70310895 chr12:104097666
/bioinformatics/ryley/Algorithm_Benchmark/Adapter_porechop_trimmed/LongGF/LongGF.run.porechoptrimmed_Adapter_Spiked_Simulated_100GB_nanopore2023_Q95.log:SumGF	POLR3B:RIC8B 32 chr12:106500182 chr12:106774688
/bioinformatics/ryley/Algorithm_Benchmark/Adapter_porechop_trimmed/LongGF/LongGF.run.porechoptrimmed_Adapter_Spiked_Simulated_100GB_nanopore2023_Q95.log:SumGF	NCALD:FRAS1 31 chr8:101689404 chr4:78511519
/bioinformatics/ryley/Algorithm_Benchmark/Adapter_porechop_trimmed/LongGF/LongGF.run.porechoptrimmed_Adapter_Spiked_Simulated_100GB_nanopore2023_Q95.log:SumGF	KTN1:AP1G2 30 chr14:55675834 chr14:23567111
/bioinformatics/ryley/Algorithm_Benchmark/Adapter_porechop_trimmed/LongGF/LongGF.run.porechoptrimmed_Adapter_Spiked_Simulated_100GB_nanopore2023_Q95.log:SumGF	PLK1:ANKRD28 30 chr16:23681057 chr3:15677055
/bioinformatics/ryley/Algorithm_Benchmark/Adapter_porechop_trimmed/LongGF/LongGF.run.porechoptrimmed_Adapter_Spiked_Simulated_100GB_nanopore2023_Q95.log:SumGF	DDHD2:CUL2 30 chr8:38245740 chr10:35035172
/bioinformatics/ryley/Algorithm_Benchmark/Adapter_porechop_trimmed/LongGF/LongGF.run.porechoptrimmed_Adapter_Spiked_Simulated_100GB_nanopore2023_Q95.log:SumGF	ASPN:RPP40 29 chr9:92456205 chr6:4995274
/bioinformatics/ryley/Algorithm_Benchmark/Adapter_porechop_trimmed/LongGF/LongGF.run.porechoptrimmed_Adapter_Spiked_Simulated_100GB_nanopore2023_Q95.log:SumGF	SLC45A4:DENND3 29 chr8:141212556 chr8:141141274
/bioinformatics/ryley/Algorithm_Benchmark/Adapter_porechop_trimmed/LongGF/LongGF.run.porechoptrimmed_Adapter_Spiked_Simulated_100GB_nanopore2023_Q95.log:SumGF	HNRNPH3:SVIL 29 chr10:68338502 chr10:29487650
/bioinformatics/ryley/Algorithm_Benchmark/Adapter_porechop_trimmed/LongGF/LongGF.run.porechoptrimmed_Adapter_Spiked_Simulated_100GB_nanopore2023_Q95.log:SumGF	CELF2:ERCC6 28 chr10:11314214 chr10:49459233
/bioinformatics/ryley/Algorithm_Benchmark/Adapter_porechop_trimmed/LongGF/LongGF.run.porechoptrimmed_Adapter_Spiked_Simulated_100GB_nanopore2023_Q95.log:SumGF	KAT7:NEFL 28 chr17:49827921 chr8:24952950
/bioinformatics/ryley/Algorithm_Benchmark/Adapter_porechop_trimmed/LongGF/LongGF.run.porechoptrimmed_Adapter_Spiked_Simulated_100GB_nanopore2023_Q95.log:SumGF	GDNF:MFF 28 chr5:37816133 chr2:227355759
/bioinformatics/ryley/Algorithm_Benchmark/Adapter_porechop_trimmed/LongGF/LongGF.run.porechoptrimmed_Adapter_Spiked_Simulated_100GB_nanopore2023_Q95.log:SumGF	COL6A1:ENSG00000249209 28 chr21:45987518 chr21:33931162
/bioinformatics/ryley/Algorithm_Benchmark/Adapter_porechop_trimmed/LongGF/LongGF.run.porechoptrimmed_Adapter_Spiked_Simulated_100GB_nanopore2023_Q95.log:SumGF	NUF2:MYO6 28 chr1:163266577 chr6:75890110
/bioinformatics/ryley/Algorithm_Benchmark/Adapter_porechop_trimmed/LongGF/LongGF.run.porechoptrimmed_Adapter_Spiked_Simulated_100GB_nanopore2023_Q95.log:SumGF	MGST3:SRP68 27 chr1:165655582 chr17:76039843
/bioinformatics/ryley/Algorithm_Benchmark/Adapter_porechop_trimmed/LongGF/LongGF.run.porechoptrimmed_Adapter_Spiked_Simulated_100GB_nanopore2023_Q95.log:SumGF	RNF4:ING2 27 chr4:2490337 chr4:183510500
/bioinformatics/ryley/Algorithm_Benchmark/Adapter_porechop_trimmed/LongGF/LongGF.run.porechoptrimmed_Adapter_Spiked_Simulated_100GB_nanopore2023_Q95.log:SumGF	PDGFRA:FIP1L1 27 chr4:54274921 chr4:53425963
/bioinformatics/ryley/Algorithm_Benchmark/Adapter_porechop_trimmed/LongGF/LongGF.run.porechoptrimmed_Adapter_Spiked_Simulated_100GB_nanopore2023_Q95.log:SumGF	NXPE3:CAMTA1 27 chr3:101822591 chr1:7737959
/bioinformatics/ryley/Algorithm_Benchmark/Adapter_porechop_trimmed/LongGF/LongGF.run.porechoptrimmed_Adapter_Spiked_Simulated_100GB_nanopore2023_Q95.log:SumGF	PPP1R12C:EPS8L1 27 chr19:55091556 chr19:55085932
/bioinformatics/ryley/Algorithm_Benchmark/Adapter_porechop_trimmed/LongGF/LongGF.run.porechoptrimmed_Adapter_Spiked_Simulated_100GB_nanopore2023_Q95.log:SumGF	KCTD19:SKIC3 27 chr16:67320589 chr5:95464679
/bioinformatics/ryley/Algorithm_Benchmark/Adapter_porechop_trimmed/LongGF/LongGF.run.porechoptrimmed_Adapter_Spiked_Simulated_100GB_nanopore2023_Q95.log:SumGF	PSMA7:LSM14B 27 chr20:62136949 chr20:62130249
/bioinformatics/ryley/Algorithm_Benchmark/Adapter_porechop_trimmed/LongGF/LongGF.run.porechoptrimmed_Adapter_Spiked_Simulated_100GB_nanopore2023_Q95.log:SumGF	BTG4:RPS6KA4 26 chr11:111495313 chr11:64371517
/bioinformatics/ryley/Algorithm_Benchmark/Adapter_porechop_trimmed/LongGF/LongGF.run.porechoptrimmed_Adapter_Spiked_Simulated_100GB_nanopore2023_Q95.log:SumGF	RARS2:SLC25A27 26 chr6:87524557 chr6:46668708
/bioinformatics/ryley/Algorithm_Benchmark/Adapter_porechop_trimmed/LongGF/LongGF.run.porechoptrimmed_Adapter_Spiked_Simulated_100GB_nanopore2023_Q95.log:SumGF	POMT2:GNAO1 26 chr14:77299455 chr16:56334729
/bioinformatics/ryley/Algorithm_Benchmark/Adapter_porechop_trimmed/LongGF/LongGF.run.porechoptrimmed_Adapter_Spiked_Simulated_100GB_nanopore2023_Q95.log:SumGF	FIP1L1:RNASEH2C 26 chr4:53461083 chr11:65719807
/bioinformatics/ryley/Algorithm_Benchmark/Adapter_porechop_trimmed/LongGF/LongGF.run.porechoptrimmed_Adapter_Spiked_Simulated_100GB_nanopore2023_Q95.log:SumGF	XPO1:FKTN 26 chr2:61478607 chr9:105596641
/bioinformatics/ryley/Algorithm_Benchmark/Adapter_porechop_trimmed/LongGF/LongGF.run.porechoptrimmed_Adapter_Spiked_Simulated_100GB_nanopore2023_Q95.log:SumGF	FBXL15:CUEDC2 25 chr10:102421108 chr10:102423571
/bioinformatics/ryley/Algorithm_Benchmark/Adapter_porechop_trimmed/LongGF/LongGF.run.porechoptrimmed_Adapter_Spiked_Simulated_100GB_nanopore2023_Q95.log:SumGF	ELOVL1:BANF1 24 chr1:43364793 chr11:66003359
/bioinformatics/ryley/Algorithm_Benchmark/Adapter_porechop_trimmed/LongGF/LongGF.run.porechoptrimmed_Adapter_Spiked_Simulated_100GB_nanopore2023_Q95.log:SumGF	ALG6:GINS1 24 chr1:63428449 chr20:25446842
/bioinformatics/ryley/Algorithm_Benchmark/Adapter_porechop_trimmed/LongGF/LongGF.run.porechoptrimmed_Adapter_Spiked_Simulated_100GB_nanopore2023_Q95.log:SumGF	STX12:CSRP1 24 chr1:27810274 chr1:201484788
/bioinformatics/ryley/Algorithm_Benchmark/Adapter_porechop_trimmed/LongGF/LongGF.run.porechoptrimmed_Adapter_Spiked_Simulated_100GB_nanopore2023_Q95.log:SumGF	PRIM2:SGSH 24 chr6:57383418 chr17:80215136
/bioinformatics/ryley/Algorithm_Benchmark/Adapter_porechop_trimmed/LongGF/LongGF.run.porechoptrimmed_Adapter_Spiked_Simulated_100GB_nanopore2023_Q95.log:SumGF	CARF:MYT1L 23 chr2:202961235 chr2:2330967
/bioinformatics/ryley/Algorithm_Benchmark/Adapter_porechop_trimmed/LongGF/LongGF.run.porechoptrimmed_Adapter_Spiked_Simulated_100GB_nanopore2023_Q95.log:SumGF	IL12RB2:SLC30A8 23 chr1:67367825 chr8:117147151
/bioinformatics/ryley/Algorithm_Benchmark/Adapter_porechop_trimmed/LongGF/LongGF.run.porechoptrimmed_Adapter_Spiked_Simulated_100GB_nanopore2023_Q95.log:SumGF	SLC4A3:TMUB2 23 chr2:219640430 chr17:44191432
/bioinformatics/ryley/Algorithm_Benchmark/Adapter_porechop_trimmed/LongGF/LongGF.run.porechoptrimmed_Adapter_Spiked_Simulated_100GB_nanopore2023_Q95.log:SumGF	NEDD4L:TRIM55 23 chr18:58350991 chr8:66135153
/bioinformatics/ryley/Algorithm_Benchmark/Adapter_porechop_trimmed/LongGF/LongGF.run.porechoptrimmed_Adapter_Spiked_Simulated_100GB_nanopore2023_Q95.log:SumGF	SYTL5:ENSG00000284906 23 chrX:38108600 chr15:30768944
/bioinformatics/ryley/Algorithm_Benchmark/Adapter_porechop_trimmed/LongGF/LongGF.run.porechoptrimmed_Adapter_Spiked_Simulated_100GB_nanopore2023_Q95.log:SumGF	PORCN:OR2F2 22 chrX:48514347 chr7:143935231
/bioinformatics/ryley/Algorithm_Benchmark/Adapter_porechop_trimmed/LongGF/LongGF.run.porechoptrimmed_Adapter_Spiked_Simulated_100GB_nanopore2023_Q95.log:SumGF	JMJD4:RNF214 22 chr1:227732674 chr11:117238685
/bioinformatics/ryley/Algorithm_Benchmark/Adapter_porechop_trimmed/LongGF/LongGF.run.porechoptrimmed_Adapter_Spiked_Simulated_100GB_nanopore2023_Q95.log:SumGF	ELK3:SIRT5 21 chr12:96223545 chr6:13588331
/bioinformatics/ryley/Algorithm_Benchmark/Adapter_porechop_trimmed/LongGF/LongGF.run.porechoptrimmed_Adapter_Spiked_Simulated_100GB_nanopore2023_Q95.log:SumGF	SORBS3:XKR9 21 chr8:22567038 chr8:70680820
/bioinformatics/ryley/Algorithm_Benchmark/Adapter_porechop_trimmed/LongGF/LongGF.run.porechoptrimmed_Adapter_Spiked_Simulated_100GB_nanopore2023_Q95.log:SumGF	POMT1:ADAM17 21 chr9:131518884 chr2:9502275
/bioinformatics/ryley/Algorithm_Benchmark/Adapter_porechop_trimmed/LongGF/LongGF.run.porechoptrimmed_Adapter_Spiked_Simulated_100GB_nanopore2023_Q95.log:SumGF	IL12RB2:KRBA2 20 chr1:67395900 chr17:8370384
/bioinformatics/ryley/Algorithm_Benchmark/Adapter_porechop_trimmed/LongGF/LongGF.run.porechoptrimmed_Adapter_Spiked_Simulated_100GB_nanopore2023_Q95.log:SumGF	LUZP2:ENSG00000283563 20 chr11:24892315 chr3:28576493
/bioinformatics/ryley/Algorithm_Benchmark/Adapter_porechop_trimmed/LongGF/LongGF.run.porechoptrimmed_Adapter_Spiked_Simulated_100GB_nanopore2023_Q95.log:SumGF	CDK12:NUTM2B 20 chr17:39492751 chr10:79706187
/bioinformatics/ryley/Algorithm_Benchmark/Adapter_porechop_trimmed/LongGF/LongGF.run.porechoptrimmed_Adapter_Spiked_Simulated_100GB_nanopore2023_Q95.log:SumGF	PIK3R4:COL6A6 19 chr3:130679492 chr3:130592604
/bioinformatics/ryley/Algorithm_Benchmark/Adapter_porechop_trimmed/LongGF/LongGF.run.porechoptrimmed_Adapter_Spiked_Simulated_100GB_nanopore2023_Q95.log:SumGF	MAST1:ZNF691 19 chr19:12852343 chr1:42849555
/bioinformatics/ryley/Algorithm_Benchmark/Adapter_porechop_trimmed/LongGF/LongGF.run.porechoptrimmed_Adapter_Spiked_Simulated_100GB_nanopore2023_Q95.log:SumGF	ZNF559:UHRF1 18 chr19:9338517 chr19:4910876
/bioinformatics/ryley/Algorithm_Benchmark/Adapter_porechop_trimmed/LongGF/LongGF.run.porechoptrimmed_Adapter_Spiked_Simulated_100GB_nanopore2023_Q95.log:SumGF	USP2:CYP11A1 18 chr11:119372978 chrML143370.1:194930
/bioinformatics/ryley/Algorithm_Benchmark/Adapter_porechop_trimmed/LongGF/LongGF.run.porechoptrimmed_Adapter_Spiked_Simulated_100GB_nanopore2023_Q95.log:SumGF	MED12:BRD2 17 chrX:71128792 chr6:32975426
/bioinformatics/ryley/Algorithm_Benchmark/Adapter_porechop_trimmed/LongGF/LongGF.run.porechoptrimmed_Adapter_Spiked_Simulated_100GB_nanopore2023_Q95.log:SumGF	YY1:RGR 17 chr14:100262304 chr10:84259150
/bioinformatics/ryley/Algorithm_Benchmark/Adapter_porechop_trimmed/LongGF/LongGF.run.porechoptrimmed_Adapter_Spiked_Simulated_100GB_nanopore2023_Q95.log:SumGF	YJU2B:GSDMD 16 chr19:13757823 chrKI270816.1:48722
/bioinformatics/ryley/Algorithm_Benchmark/Adapter_porechop_trimmed/LongGF/LongGF.run.porechoptrimmed_Adapter_Spiked_Simulated_100GB_nanopore2023_Q95.log:SumGF	KCNIP4:KCNIP4 16 chr4:20850665 chrKI270790.1:23023
/bioinformatics/ryley/Algorithm_Benchmark/Adapter_porechop_trimmed/LongGF/LongGF.run.porechoptrimmed_Adapter_Spiked_Simulated_100GB_nanopore2023_Q95.log:SumGF	HSDL1:HMOX2 15 chr16:84123386 chrKI270855.1:211751
/bioinformatics/ryley/Algorithm_Benchmark/Adapter_porechop_trimmed/LongGF/LongGF.run.porechoptrimmed_Adapter_Spiked_Simulated_100GB_nanopore2023_Q95.log:SumGF	MFN1:ZHX3 15 chr3:179365208 chr20:41205064
/bioinformatics/ryley/Algorithm_Benchmark/Adapter_porechop_trimmed/LongGF/LongGF.run.porechoptrimmed_Adapter_Spiked_Simulated_100GB_nanopore2023_Q95.log:SumGF	AKAP17A:ZBED1 14 chrY:1595525 chrY:2490208
/bioinformatics/ryley/Algorithm_Benchmark/Adapter_porechop_trimmed/LongGF/LongGF.run.porechoptrimmed_Adapter_Spiked_Simulated_100GB_nanopore2023_Q95.log:SumGF	CDK12:NUTM2E 14 chr17:39492751 chr10:79844317
/bioinformatics/ryley/Algorithm_Benchmark/Adapter_porechop_trimmed/LongGF/LongGF.run.porechoptrimmed_Adapter_Spiked_Simulated_100GB_nanopore2023_Q95.log:SumGF	GSDMD:YJU2B 13 chr8:143558682 chr19:13757823
/bioinformatics/ryley/Algorithm_Benchmark/Adapter_porechop_trimmed/LongGF/LongGF.run.porechoptrimmed_Adapter_Spiked_Simulated_100GB_nanopore2023_Q95.log:SumGF	PLCL2:PLCL2 13 chr3:16803087 chrKV766192.1:322140
/bioinformatics/ryley/Algorithm_Benchmark/Adapter_porechop_trimmed/LongGF/LongGF.run.porechoptrimmed_Adapter_Spiked_Simulated_100GB_nanopore2023_Q95.log:SumGF	CBFA2T2:ZSWIM4 13 chr20:33644347 chrML143376.1:29750
/bioinformatics/ryley/Algorithm_Benchmark/Adapter_porechop_trimmed/LongGF/LongGF.run.porechoptrimmed_Adapter_Spiked_Simulated_100GB_nanopore2023_Q95.log:SumGF	PORCN:OR2F2 12 chrX:48514349 chrKZ208912.1:479460
/bioinformatics/ryley/Algorithm_Benchmark/Adapter_porechop_trimmed/LongGF/LongGF.run.porechoptrimmed_Adapter_Spiked_Simulated_100GB_nanopore2023_Q95.log:SumGF	PMPCB:SMCO1 11 chr7:103298677 chr3:196508329
/bioinformatics/ryley/Algorithm_Benchmark/Adapter_porechop_trimmed/LongGF/LongGF.run.porechoptrimmed_Adapter_Spiked_Simulated_100GB_nanopore2023_Q95.log:SumGF	HSDL1:HMOX2 11 chr16:84123386 chr16:4509428
/bioinformatics/ryley/Algorithm_Benchmark/Adapter_porechop_trimmed/LongGF/LongGF.run.porechoptrimmed_Adapter_Spiked_Simulated_100GB_nanopore2023_Q95.log:SumGF	SH2D7:BDP1 11 chr15:78100899 chrGL339449.2:1522555
/bioinformatics/ryley/Algorithm_Benchmark/Adapter_porechop_trimmed/LongGF/LongGF.run.porechoptrimmed_Adapter_Spiked_Simulated_100GB_nanopore2023_Q95.log:SumGF	GTF2E2:TBCD 11 chr8:30584901 chrKI270860.1:159974
/bioinformatics/ryley/Algorithm_Benchmark/Adapter_porechop_trimmed/LongGF/LongGF.run.porechoptrimmed_Adapter_Spiked_Simulated_100GB_nanopore2023_Q95.log:SumGF	KIF26B:KIF26B 11 chr1:245156682 chrKI270759.1:61136
/bioinformatics/ryley/Algorithm_Benchmark/Adapter_porechop_trimmed/LongGF/LongGF.run.porechoptrimmed_Adapter_Spiked_Simulated_100GB_nanopore2023_Q95.log:SumGF	ZNF627:TBCE 11 chr19:11597483 chr1:235438887
/bioinformatics/ryley/Algorithm_Benchmark/Adapter_porechop_trimmed/LongGF/LongGF.run.porechoptrimmed_Adapter_Spiked_Simulated_100GB_nanopore2023_Q95.log:SumGF	BDP1:SH2D7 10 chr5:71524073 chr15:78100899
/bioinformatics/ryley/Algorithm_Benchmark/Adapter_porechop_trimmed/LongGF/LongGF.run.porechoptrimmed_Adapter_Spiked_Simulated_100GB_nanopore2023_Q95.log:SumGF	USP2:CYP11A1 9 chr11:119372978 chr15:74365662
/bioinformatics/ryley/Algorithm_Benchmark/Adapter_porechop_trimmed/LongGF/LongGF.run.porechoptrimmed_Adapter_Spiked_Simulated_100GB_nanopore2023_Q95.log:SumGF	AKAP17A:ZBED1 8 chrX:1595524 chrX:2490207
/bioinformatics/ryley/Algorithm_Benchmark/Adapter_porechop_trimmed/LongGF/LongGF.run.porechoptrimmed_Adapter_Spiked_Simulated_100GB_nanopore2023_Q95.log:SumGF	HMMR:ASB15 8 chr5:163483267 chr7:123614607
/bioinformatics/ryley/Algorithm_Benchmark/Adapter_porechop_trimmed/LongGF/LongGF.run.porechoptrimmed_Adapter_Spiked_Simulated_100GB_nanopore2023_Q95.log:SumGF	AKAP17A:ZBED1 6 chrY:1595524 chrX:2490207
/bioinformatics/ryley/Algorithm_Benchmark/Adapter_porechop_trimmed/LongGF/LongGF.run.porechoptrimmed_Adapter_Spiked_Simulated_100GB_nanopore2023_Q95.log:SumGF	AKAP17A:ZBED1 6 chrX:1595525 chrY:2490208
/bioinformatics/ryley/Algorithm_Benchmark/Adapter_porechop_trimmed/LongGF/LongGF.run.porechoptrimmed_Adapter_Spiked_Simulated_100GB_nanopore2023_Q95.log:SumGF	CPA4:FAM174B 6 chr7:130300802 chr15:92655316
/bioinformatics/ryley/Algorithm_Benchmark/Adapter_porechop_trimmed/LongGF/LongGF.run.porechoptrimmed_Adapter_Spiked_Simulated_100GB_nanopore2023_Q95.log:SumGF	CBFA2T2:ZSWIM4 6 chr20:33644347 chr19:13817909
/bioinformatics/ryley/Algorithm_Benchmark/Adapter_porechop_trimmed/LongGF/LongGF.run.porechoptrimmed_Adapter_Spiked_Simulated_100GB_nanopore2023_Q95.log:SumGF	FLVCR2:ZNF646 5 chr14:75663197 chr16:31075902
/bioinformatics/ryley/Algorithm_Benchmark/Adapter_porechop_trimmed/LongGF/LongGF.run.porechoptrimmed_Adapter_Spiked_Simulated_100GB_nanopore2023_Q95.log:SumGF	PIGT:PLCB1 4 chr20:45420601 chr20:8646141
/bioinformatics/ryley/Algorithm_Benchmark/Adapter_porechop_trimmed/LongGF/LongGF.run.porechoptrimmed_Adapter_Spiked_Simulated_100GB_nanopore2023_Q95.log:SumGF	WRAP53:SNHG32 4 chr17:7700741 chrGL000255.2:3095519
/bioinformatics/ryley/Algorithm_Benchmark/Adapter_porechop_trimmed/LongGF/LongGF.run.porechoptrimmed_Adapter_Spiked_Simulated_100GB_nanopore2023_Q95.log:SumGF	XKR6:ENSG00000284927 4 chr8:10924830 chrKZ208915.1:2146348
/bioinformatics/ryley/Algorithm_Benchmark/Adapter_porechop_trimmed/LongGF/LongGF.run.porechoptrimmed_Adapter_Spiked_Simulated_100GB_nanopore2023_Q95.log:SumGF	MED12:BRD2 3 chrX:71128792 chrGL000254.2:4274486
/bioinformatics/ryley/Algorithm_Benchmark/Adapter_porechop_trimmed/LongGF/LongGF.run.porechoptrimmed_Adapter_Spiked_Simulated_100GB_nanopore2023_Q95.log:SumGF	FTL:AHSG 3 chr19:48965308 chr3:186613059
/bioinformatics/ryley/Algorithm_Benchmark/Adapter_porechop_trimmed/LongGF/LongGF.run.porechoptrimmed_Adapter_Spiked_Simulated_100GB_nanopore2023_Q95.log:SumGF	WRAP53:SNHG32 3 chr17:7700742 chrGL000251.2:3316929
/bioinformatics/ryley/Algorithm_Benchmark/Adapter_porechop_trimmed/LongGF/LongGF.run.porechoptrimmed_Adapter_Spiked_Simulated_100GB_nanopore2023_Q95.log:SumGF	CYP4F2:GOLGA8S 3 chr19:15892581 chr15:23358829
/bioinformatics/ryley/Algorithm_Benchmark/Adapter_porechop_trimmed/LongGF/LongGF.run.porechoptrimmed_Adapter_Spiked_Simulated_100GB_nanopore2023_Q95.log:SumGF	TBCD:GTF2E2 3 chr17:82941452 chr8:30584902
/bioinformatics/ryley/Algorithm_Benchmark/Adapter_porechop_trimmed/LongGF/LongGF.run.porechoptrimmed_Adapter_Spiked_Simulated_100GB_nanopore2023_Q95.log:SumGF	ACTB:RPS12 3 chr7:5529281 chr6:132817564
/bioinformatics/ryley/Algorithm_Benchmark/Adapter_porechop_trimmed/LongGF/LongGF.run.porechoptrimmed_Adapter_Spiked_Simulated_100GB_nanopore2023_Q95.log:SumGF	ALB:MT-CO2 3 chr4:73404286 chrM:7584
/bioinformatics/ryley/Algorithm_Benchmark/Adapter_porechop_trimmed/LongGF/LongGF.run.porechoptrimmed_Adapter_Spiked_Simulated_100GB_nanopore2023_Q95.log:SumGF	FTL:RPLP1 3 chr19:48966875 chr15:69452817
/bioinformatics/ryley/Algorithm_Benchmark/Adapter_porechop_trimmed/LongGF/LongGF.run.porechoptrimmed_Adapter_Spiked_Simulated_100GB_nanopore2023_Q95.log:SumGF	RPLP0:RACK1 2 chr12:120196705 chr5:181243888
/bioinformatics/ryley/Algorithm_Benchmark/Adapter_porechop_trimmed/LongGF/LongGF.run.porechoptrimmed_Adapter_Spiked_Simulated_100GB_nanopore2023_Q95.log:SumGF	AHSG:FGA 2 chr3:186621317 chr4:154586757
/bioinformatics/ryley/Algorithm_Benchmark/Adapter_porechop_trimmed/LongGF/LongGF.run.porechoptrimmed_Adapter_Spiked_Simulated_100GB_nanopore2023_Q95.log:SumGF	SERPINA3:MT-CO3 2 chr14:94612390 chrM:9992
/bioinformatics/ryley/Algorithm_Benchmark/Adapter_porechop_trimmed/LongGF/LongGF.run.porechoptrimmed_Adapter_Spiked_Simulated_100GB_nanopore2023_Q95.log:SumGF	ENO1:RPS29 2 chr1:8878685 chr14:49586381
/bioinformatics/ryley/Algorithm_Benchmark/Adapter_porechop_trimmed/LongGF/LongGF.run.porechoptrimmed_Adapter_Spiked_Simulated_100GB_nanopore2023_Q95.log:SumGF	RPL10:MT-CO1 2 chrX:154402339 chrM:7442
/bioinformatics/ryley/Algorithm_Benchmark/Adapter_porechop_trimmed/LongGF/LongGF.run.porechoptrimmed_Adapter_Spiked_Simulated_100GB_nanopore2023_Q95.log:SumGF	AFP:RPS19 2 chr4:73436220 chr19:41872924
/bioinformatics/ryley/Algorithm_Benchmark/Adapter_porechop_trimmed/LongGF/LongGF.run.porechoptrimmed_Adapter_Spiked_Simulated_100GB_nanopore2023_Q95.log:SumGF	AFP:RPL13 2 chr4:73436220 chr16:89563744
/bioinformatics/ryley/Algorithm_Benchmark/Adapter_porechop_trimmed/LongGF/LongGF.run.porechoptrimmed_Adapter_Spiked_Simulated_100GB_nanopore2023_Q95.log:SumGF	RPL30:RPL37A 2 chr8:98045527 chr2:216501464
/bioinformatics/ryley/Algorithm_Benchmark/Adapter_porechop_trimmed/LongGF/LongGF.run.porechoptrimmed_Adapter_Spiked_Simulated_100GB_nanopore2023_Q95.log:SumGF	GAPDH:VDAC2 2 chr12:6534515 chr10:75219123
/bioinformatics/ryley/Algorithm_Benchmark/Adapter_porechop_trimmed/LongGF/LongGF.run.porechoptrimmed_Adapter_Spiked_Simulated_100GB_nanopore2023_Q95.log:SumGF	RPS12:RPLP2 2 chr6:132817563 chr11:809971
/bioinformatics/ryley/Algorithm_Benchmark/Adapter_porechop_trimmed/LongGF/LongGF.run.porechoptrimmed_Adapter_Spiked_Simulated_100GB_nanopore2023_Q95.log:SumGF	APOA1:ENSG00000273259 2 chr11:116837613 chr14:94624053
/bioinformatics/ryley/Algorithm_Benchmark/Adapter_porechop_trimmed/LongGF/LongGF.run.porechoptrimmed_Adapter_Spiked_Simulated_100GB_nanopore2023_Q95.log:SumGF	RPL5:SERPINA1 2 chr1:92841922 chr14:94376746
/bioinformatics/ryley/Algorithm_Benchmark/Adapter_porechop_trimmed/LongGF/LongGF.run.porechoptrimmed_Adapter_Spiked_Simulated_100GB_nanopore2023_Q95.log:SumGF	RPS18:RPL13A 2 chrGL000255.2:4466491 chr19:49492292
/bioinformatics/ryley/Algorithm_Benchmark/Adapter_porechop_trimmed/LongGF/LongGF.run.porechoptrimmed_Adapter_Spiked_Simulated_100GB_nanopore2023_Q95.log:SumGF	APOA2:MT-ND1 2 chr1:161223627 chrM:3309
/bioinformatics/ryley/Algorithm_Benchmark/Adapter_porechop_trimmed/LongGF/LongGF.run.porechoptrimmed_Adapter_Spiked_Simulated_100GB_nanopore2023_Q95.log:SumGF	RPL8:MT-CO1 2 chr8:144792389 chrM:6903
/bioinformatics/ryley/Algorithm_Benchmark/Adapter_porechop_trimmed/LongGF/LongGF.run.porechoptrimmed_Adapter_Spiked_Simulated_100GB_nanopore2023_Q95.log:SumGF	DONSON:ATP5PO 2 chr21:33586180 chr21:33907340
/bioinformatics/ryley/Algorithm_Benchmark/Adapter_porechop_trimmed/LongGF/LongGF.run.porechoptrimmed_Adapter_Spiked_Simulated_100GB_nanopore2023_Q95.log:SumGF	TPT1:ACTG1 2 chr13:45341179 chr17:81509976
/bioinformatics/ryley/Algorithm_Benchmark/Adapter_porechop_trimmed/LongGF/LongGF.run.porechoptrimmed_Adapter_Spiked_Simulated_100GB_nanopore2023_Q95.log:SumGF	BRPF3:AFDN 2 chr6:36213880 chr6:167918905
/bioinformatics/ryley/Algorithm_Benchmark/Adapter_porechop_trimmed/LongGF/LongGF.run.porechoptrimmed_Adapter_Spiked_Simulated_100GB_nanopore2023_Q95.log:SumGF	PCDH11Y:PCDH11X 2 chrY:5100703 chrX:92387733
/bioinformatics/ryley/Algorithm_Benchmark/Adapter_porechop_trimmed/LongGF/LongGF.run.porechoptrimmed_Adapter_Spiked_Simulated_100GB_nanopore2023_Q95.log:SumGF	RPS11:RPL8 2 chr19:49499708 chr8:144792392
/bioinformatics/ryley/Algorithm_Benchmark/Adapter_porechop_trimmed/LongGF/LongGF.run.porechoptrimmed_Adapter_Spiked_Simulated_100GB_nanopore2023_Q95.log:SumGF	SSR4:MT-ND3 2 chrX:153794672 chrM:10403
/bioinformatics/ryley/Algorithm_Benchmark/Adapter_porechop_trimmed/LongGF/LongGF.run.porechoptrimmed_Adapter_Spiked_Simulated_100GB_nanopore2023_Q95.log:SumGF	RPS27:SERPINA3 2 chr1:153991697 chr14:94612390
/bioinformatics/ryley/Algorithm_Benchmark/Adapter_porechop_trimmed/LongGF/LongGF.run.porechoptrimmed_Adapter_Spiked_Simulated_100GB_nanopore2023_Q95.log:SumGF	TMEM167A:ZBED8 2 chr5:83057153 chr5:160399638
/bioinformatics/ryley/Algorithm_Benchmark/Adapter_porechop_trimmed/LongGF/LongGF.run.porechoptrimmed_Adapter_Spiked_Simulated_100GB_nanopore2023_Q95.log:SumGF	EEF2:CNBP 2 chr19:3976056 chr3:129183899
/bioinformatics/ryley/Algorithm_Benchmark/Adapter_porechop_trimmed/LongGF/LongGF.run.porechoptrimmed_Adapter_Spiked_Simulated_10GB_nanopore2023_Q85.log:SumGF	CACNA1C:CACNA1C 8 chr12:2448974 chrKZ208916.1:462569
/bioinformatics/ryley/Algorithm_Benchmark/Adapter_porechop_trimmed/LongGF/LongGF.run.porechoptrimmed_Adapter_Spiked_Simulated_10GB_nanopore2023_Q85.log:SumGF	RNF4:ING2 5 chr4:2490338 chr4:183510497
/bioinformatics/ryley/Algorithm_Benchmark/Adapter_porechop_trimmed/LongGF/LongGF.run.porechoptrimmed_Adapter_Spiked_Simulated_10GB_nanopore2023_Q85.log:SumGF	RBMS3:LUZP2 5 chr3:29434743 chr11:24891958
/bioinformatics/ryley/Algorithm_Benchmark/Adapter_porechop_trimmed/LongGF/LongGF.run.porechoptrimmed_Adapter_Spiked_Simulated_10GB_nanopore2023_Q85.log:SumGF	IL12RB2:KRBA2 4 chr1:67395899 chr17:8370382
/bioinformatics/ryley/Algorithm_Benchmark/Adapter_porechop_trimmed/LongGF/LongGF.run.porechoptrimmed_Adapter_Spiked_Simulated_10GB_nanopore2023_Q85.log:SumGF	HSDL1:HMOX2 4 chr16:84123385 chrKI270855.1:210528
/bioinformatics/ryley/Algorithm_Benchmark/Adapter_porechop_trimmed/LongGF/LongGF.run.porechoptrimmed_Adapter_Spiked_Simulated_10GB_nanopore2023_Q85.log:SumGF	NCALD:FRAS1 4 chr8:101689404 chr4:78511519
/bioinformatics/ryley/Algorithm_Benchmark/Adapter_porechop_trimmed/LongGF/LongGF.run.porechoptrimmed_Adapter_Spiked_Simulated_10GB_nanopore2023_Q85.log:SumGF	RER1:GMNC 4 chr1:2403747 chr3:190855914
/bioinformatics/ryley/Algorithm_Benchmark/Adapter_porechop_trimmed/LongGF/LongGF.run.porechoptrimmed_Adapter_Spiked_Simulated_10GB_nanopore2023_Q85.log:SumGF	KTN1:AP1G2 4 chr14:55675835 chr14:23567117
/bioinformatics/ryley/Algorithm_Benchmark/Adapter_porechop_trimmed/LongGF/LongGF.run.porechoptrimmed_Adapter_Spiked_Simulated_10GB_nanopore2023_Q85.log:SumGF	BTG4:RPS6KA4 4 chr11:111495313 chr11:64371517
/bioinformatics/ryley/Algorithm_Benchmark/Adapter_porechop_trimmed/LongGF/LongGF.run.porechoptrimmed_Adapter_Spiked_Simulated_10GB_nanopore2023_Q85.log:SumGF	ERC1:G3BP1 3 chr12:1183281 chr5:151803940
/bioinformatics/ryley/Algorithm_Benchmark/Adapter_porechop_trimmed/LongGF/LongGF.run.porechoptrimmed_Adapter_Spiked_Simulated_10GB_nanopore2023_Q85.log:SumGF	ASPN:RPP40 3 chr9:92456206 chr6:4995272
/bioinformatics/ryley/Algorithm_Benchmark/Adapter_porechop_trimmed/LongGF/LongGF.run.porechoptrimmed_Adapter_Spiked_Simulated_10GB_nanopore2023_Q85.log:SumGF	FBXL15:CUEDC2 3 chr10:102421106 chr10:102423569
/bioinformatics/ryley/Algorithm_Benchmark/Adapter_porechop_trimmed/LongGF/LongGF.run.porechoptrimmed_Adapter_Spiked_Simulated_10GB_nanopore2023_Q85.log:SumGF	LUZP2:ENSG00000283563 3 chr11:24891958 chr3:29434745
/bioinformatics/ryley/Algorithm_Benchmark/Adapter_porechop_trimmed/LongGF/LongGF.run.porechoptrimmed_Adapter_Spiked_Simulated_10GB_nanopore2023_Q85.log:SumGF	EPHA2:MAGEB6 3 chr1:16124339 chrX:26192442
/bioinformatics/ryley/Algorithm_Benchmark/Adapter_porechop_trimmed/LongGF/LongGF.run.porechoptrimmed_Adapter_Spiked_Simulated_10GB_nanopore2023_Q85.log:SumGF	MGST3:SRP68 3 chr1:165655582 chr17:76039840
/bioinformatics/ryley/Algorithm_Benchmark/Adapter_porechop_trimmed/LongGF/LongGF.run.porechoptrimmed_Adapter_Spiked_Simulated_10GB_nanopore2023_Q85.log:SumGF	GDNF:MFF 3 chr5:37816136 chr2:227355756
/bioinformatics/ryley/Algorithm_Benchmark/Adapter_porechop_trimmed/LongGF/LongGF.run.porechoptrimmed_Adapter_Spiked_Simulated_10GB_nanopore2023_Q85.log:SumGF	KCTD19:SKIC3 3 chr16:67320589 chr5:95464679
/bioinformatics/ryley/Algorithm_Benchmark/Adapter_porechop_trimmed/LongGF/LongGF.run.porechoptrimmed_Adapter_Spiked_Simulated_10GB_nanopore2023_Q85.log:SumGF	HMMR:POMT1 2 chr5:163491139 chr9:131518444
/bioinformatics/ryley/Algorithm_Benchmark/Adapter_porechop_trimmed/LongGF/LongGF.run.porechoptrimmed_Adapter_Spiked_Simulated_10GB_nanopore2023_Q85.log:SumGF	IL12RB2:SLC30A8 2 chr1:67367825 chr8:117147151
/bioinformatics/ryley/Algorithm_Benchmark/Adapter_porechop_trimmed/LongGF/LongGF.run.porechoptrimmed_Adapter_Spiked_Simulated_10GB_nanopore2023_Q85.log:SumGF	SH2D7:BDP1 2 chr15:78100900 chrKI270897.1:1054042
/bioinformatics/ryley/Algorithm_Benchmark/Adapter_porechop_trimmed/LongGF/LongGF.run.porechoptrimmed_Adapter_Spiked_Simulated_10GB_nanopore2023_Q85.log:SumGF	SH2D7:BDP1 2 chr15:78100899 chrGL339449.2:1522558
/bioinformatics/ryley/Algorithm_Benchmark/Adapter_porechop_trimmed/LongGF/LongGF.run.porechoptrimmed_Adapter_Spiked_Simulated_10GB_nanopore2023_Q85.log:SumGF	DDHD2:CUL2 2 chr8:38245741 chr10:35035172
/bioinformatics/ryley/Algorithm_Benchmark/Adapter_porechop_trimmed/LongGF/LongGF.run.porechoptrimmed_Adapter_Spiked_Simulated_10GB_nanopore2023_Q85.log:SumGF	ALG6:GINS1 2 chr1:63428457 chr20:25446826
/bioinformatics/ryley/Algorithm_Benchmark/Adapter_porechop_trimmed/LongGF/LongGF.run.porechoptrimmed_Adapter_Spiked_Simulated_10GB_nanopore2023_Q85.log:SumGF	HNRNPH3:SVIL 2 chr10:68338502 chr10:29487649
/bioinformatics/ryley/Algorithm_Benchmark/Adapter_porechop_trimmed/LongGF/LongGF.run.porechoptrimmed_Adapter_Spiked_Simulated_10GB_nanopore2023_Q85.log:SumGF	PORCN:OR2F2 2 chrX:48514346 chrKZ208912.1:479462
/bioinformatics/ryley/Algorithm_Benchmark/Adapter_porechop_trimmed/LongGF/LongGF.run.porechoptrimmed_Adapter_Spiked_Simulated_10GB_nanopore2023_Q85.log:SumGF	HSDL1:HMOX2 2 chr16:84123387 chr16:4508204
/bioinformatics/ryley/Algorithm_Benchmark/Adapter_porechop_trimmed/LongGF/LongGF.run.porechoptrimmed_Adapter_Spiked_Simulated_10GB_nanopore2023_Q85.log:SumGF	YJU2B:GSDMD 2 chr19:13757821 chrKI270816.1:48722
/bioinformatics/ryley/Algorithm_Benchmark/Adapter_porechop_trimmed/LongGF/LongGF.run.porechoptrimmed_Adapter_Spiked_Simulated_10GB_nanopore2023_Q85.log:SumGF	MAST1:ZNF691 2 chr19:12852245 chr1:42849555
/bioinformatics/ryley/Algorithm_Benchmark/Adapter_porechop_trimmed/LongGF/LongGF.run.porechoptrimmed_Adapter_Spiked_Simulated_10GB_nanopore2023_Q85.log:SumGF	NXPE3:CAMTA1 2 chr3:101822591 chr1:7737961
/bioinformatics/ryley/Algorithm_Benchmark/Adapter_porechop_trimmed/LongGF/LongGF.run.porechoptrimmed_Adapter_Spiked_Simulated_10GB_nanopore2023_Q85.log:SumGF	DAO:GPD1 2 chr12:108890209 chr12:50107799
/bioinformatics/ryley/Algorithm_Benchmark/Adapter_porechop_trimmed/LongGF/LongGF.run.porechoptrimmed_Adapter_Spiked_Simulated_10GB_nanopore2023_Q85.log:SumGF	CNOT2:HCFC2 2 chr12:70310896 chr12:104097663
/bioinformatics/ryley/Algorithm_Benchmark/Adapter_porechop_trimmed/LongGF/LongGF.run.porechoptrimmed_Adapter_Spiked_Simulated_10GB_nanopore2023_Q85.log:SumGF	CTBS:THBS3 2 chr1:84553542 chr1:155198530
/bioinformatics/ryley/Algorithm_Benchmark/Adapter_porechop_trimmed/LongGF/LongGF.run.porechoptrimmed_Adapter_Spiked_Simulated_10GB_nanopore2023_Q85.log:SumGF	USP9X:SIRT5 2 chrX:41150921 chr6:13614593
/bioinformatics/ryley/Algorithm_Benchmark/Adapter_porechop_trimmed/LongGF/LongGF.run.porechoptrimmed_Adapter_Spiked_Simulated_10GB_nanopore2023_Q85.log:SumGF	POMT1:ADAM17 2 chr9:131518883 chr2:9502276
/bioinformatics/ryley/Algorithm_Benchmark/Adapter_porechop_trimmed/LongGF/LongGF.run.porechoptrimmed_Adapter_Spiked_Simulated_10GB_nanopore2023_Q85.log:SumGF	PTCD3:GALM 2 chr2:86133179 chr2:38741154
/bioinformatics/ryley/Algorithm_Benchmark/Adapter_porechop_trimmed/LongGF/LongGF.run.porechoptrimmed_Adapter_Spiked_Simulated_10GB_nanopore2023_Q85.log:SumGF	POMT2:GNAO1 2 chr14:77299455 chr16:56334729
/bioinformatics/ryley/Algorithm_Benchmark/Adapter_porechop_trimmed/LongGF/LongGF.run.porechoptrimmed_Adapter_Spiked_Simulated_10GB_nanopore2023_Q90.log:SumGF	CACNA1C:CACNA1C 19 chr12:2448975 chrKZ208916.1:462572
/bioinformatics/ryley/Algorithm_Benchmark/Adapter_porechop_trimmed/LongGF/LongGF.run.porechoptrimmed_Adapter_Spiked_Simulated_10GB_nanopore2023_Q90.log:SumGF	ELOVL1:BANF1 6 chr1:43364794 chr11:66003357
/bioinformatics/ryley/Algorithm_Benchmark/Adapter_porechop_trimmed/LongGF/LongGF.run.porechoptrimmed_Adapter_Spiked_Simulated_10GB_nanopore2023_Q90.log:SumGF	ERC1:G3BP1 6 chr12:1183282 chr5:151803944
/bioinformatics/ryley/Algorithm_Benchmark/Adapter_porechop_trimmed/LongGF/LongGF.run.porechoptrimmed_Adapter_Spiked_Simulated_10GB_nanopore2023_Q90.log:SumGF	SLC45A4:DENND3 5 chr8:141212554 chr8:141141274
/bioinformatics/ryley/Algorithm_Benchmark/Adapter_porechop_trimmed/LongGF/LongGF.run.porechoptrimmed_Adapter_Spiked_Simulated_10GB_nanopore2023_Q90.log:SumGF	FBXL15:CUEDC2 5 chr10:102421109 chr10:102423568
/bioinformatics/ryley/Algorithm_Benchmark/Adapter_porechop_trimmed/LongGF/LongGF.run.porechoptrimmed_Adapter_Spiked_Simulated_10GB_nanopore2023_Q90.log:SumGF	KCTD19:SKIC3 5 chr16:67320590 chr5:95464679
/bioinformatics/ryley/Algorithm_Benchmark/Adapter_porechop_trimmed/LongGF/LongGF.run.porechoptrimmed_Adapter_Spiked_Simulated_10GB_nanopore2023_Q90.log:SumGF	PLK1:ANKRD28 5 chr16:23681052 chr3:15677055
/bioinformatics/ryley/Algorithm_Benchmark/Adapter_porechop_trimmed/LongGF/LongGF.run.porechoptrimmed_Adapter_Spiked_Simulated_10GB_nanopore2023_Q90.log:SumGF	PPARG:ACTL9 4 chr3:12434062 chr19:8698620
/bioinformatics/ryley/Algorithm_Benchmark/Adapter_porechop_trimmed/LongGF/LongGF.run.porechoptrimmed_Adapter_Spiked_Simulated_10GB_nanopore2023_Q90.log:SumGF	ASPN:RPP40 4 chr9:92456206 chr6:4995275
/bioinformatics/ryley/Algorithm_Benchmark/Adapter_porechop_trimmed/LongGF/LongGF.run.porechoptrimmed_Adapter_Spiked_Simulated_10GB_nanopore2023_Q90.log:SumGF	CARF:MYT1L 4 chr2:202961235 chr2:2330967
/bioinformatics/ryley/Algorithm_Benchmark/Adapter_porechop_trimmed/LongGF/LongGF.run.porechoptrimmed_Adapter_Spiked_Simulated_10GB_nanopore2023_Q90.log:SumGF	COL6A1:ENSG00000249209 4 chr21:45987518 chr21:33931165
/bioinformatics/ryley/Algorithm_Benchmark/Adapter_porechop_trimmed/LongGF/LongGF.run.porechoptrimmed_Adapter_Spiked_Simulated_10GB_nanopore2023_Q90.log:SumGF	NCALD:FRAS1 4 chr8:101689403 chr4:78511518
/bioinformatics/ryley/Algorithm_Benchmark/Adapter_porechop_trimmed/LongGF/LongGF.run.porechoptrimmed_Adapter_Spiked_Simulated_10GB_nanopore2023_Q90.log:SumGF	MGST3:SRP68 4 chr1:165655580 chr17:76039843
/bioinformatics/ryley/Algorithm_Benchmark/Adapter_porechop_trimmed/LongGF/LongGF.run.porechoptrimmed_Adapter_Spiked_Simulated_10GB_nanopore2023_Q90.log:SumGF	RBMS3:LUZP2 4 chr3:29434744 chr11:24891962
/bioinformatics/ryley/Algorithm_Benchmark/Adapter_porechop_trimmed/LongGF/LongGF.run.porechoptrimmed_Adapter_Spiked_Simulated_10GB_nanopore2023_Q90.log:SumGF	NUTF2:LDLRAD4 4 chr16:67865102 chr18:13645469
/bioinformatics/ryley/Algorithm_Benchmark/Adapter_porechop_trimmed/LongGF/LongGF.run.porechoptrimmed_Adapter_Spiked_Simulated_10GB_nanopore2023_Q90.log:SumGF	DDHD2:CUL2 4 chr8:38245741 chr10:35035172
/bioinformatics/ryley/Algorithm_Benchmark/Adapter_porechop_trimmed/LongGF/LongGF.run.porechoptrimmed_Adapter_Spiked_Simulated_10GB_nanopore2023_Q90.log:SumGF	XPO1:FKTN 4 chr2:61478607 chr9:105596641
/bioinformatics/ryley/Algorithm_Benchmark/Adapter_porechop_trimmed/LongGF/LongGF.run.porechoptrimmed_Adapter_Spiked_Simulated_10GB_nanopore2023_Q90.log:SumGF	IL12RB2:KRBA2 4 chr1:67395901 chr17:8370384
/bioinformatics/ryley/Algorithm_Benchmark/Adapter_porechop_trimmed/LongGF/LongGF.run.porechoptrimmed_Adapter_Spiked_Simulated_10GB_nanopore2023_Q90.log:SumGF	HNRNPH3:SVIL 4 chr10:68338505 chr10:29487651
/bioinformatics/ryley/Algorithm_Benchmark/Adapter_porechop_trimmed/LongGF/LongGF.run.porechoptrimmed_Adapter_Spiked_Simulated_10GB_nanopore2023_Q90.log:SumGF	YY1:RGR 3 chr14:100262306 chr10:84259149
/bioinformatics/ryley/Algorithm_Benchmark/Adapter_porechop_trimmed/LongGF/LongGF.run.porechoptrimmed_Adapter_Spiked_Simulated_10GB_nanopore2023_Q90.log:SumGF	POMT2:GNAO1 3 chr14:77299455 chr16:56334730
/bioinformatics/ryley/Algorithm_Benchmark/Adapter_porechop_trimmed/LongGF/LongGF.run.porechoptrimmed_Adapter_Spiked_Simulated_10GB_nanopore2023_Q90.log:SumGF	BRPF3:AFDN 3 chr6:36213880 chr6:167918905
/bioinformatics/ryley/Algorithm_Benchmark/Adapter_porechop_trimmed/LongGF/LongGF.run.porechoptrimmed_Adapter_Spiked_Simulated_10GB_nanopore2023_Q90.log:SumGF	BRPF3:CSPP1 3 chr6:36230522 chr8:67172416
/bioinformatics/ryley/Algorithm_Benchmark/Adapter_porechop_trimmed/LongGF/LongGF.run.porechoptrimmed_Adapter_Spiked_Simulated_10GB_nanopore2023_Q90.log:SumGF	GSDMD:YJU2B 3 chr8:143558687 chr19:13757824
/bioinformatics/ryley/Algorithm_Benchmark/Adapter_porechop_trimmed/LongGF/LongGF.run.porechoptrimmed_Adapter_Spiked_Simulated_10GB_nanopore2023_Q90.log:SumGF	IL12RB2:SLC30A8 3 chr1:67367824 chr8:117147151
/bioinformatics/ryley/Algorithm_Benchmark/Adapter_porechop_trimmed/LongGF/LongGF.run.porechoptrimmed_Adapter_Spiked_Simulated_10GB_nanopore2023_Q90.log:SumGF	JMJD4:RNF214 3 chr1:227732672 chr11:117238686
/bioinformatics/ryley/Algorithm_Benchmark/Adapter_porechop_trimmed/LongGF/LongGF.run.porechoptrimmed_Adapter_Spiked_Simulated_10GB_nanopore2023_Q90.log:SumGF	ELK3:SIRT5 3 chr12:96223545 chr6:13588333
/bioinformatics/ryley/Algorithm_Benchmark/Adapter_porechop_trimmed/LongGF/LongGF.run.porechoptrimmed_Adapter_Spiked_Simulated_10GB_nanopore2023_Q90.log:SumGF	UPK1B:B4GALT4 3 chr3:119190297 chr3:119212676
/bioinformatics/ryley/Algorithm_Benchmark/Adapter_porechop_trimmed/LongGF/LongGF.run.porechoptrimmed_Adapter_Spiked_Simulated_10GB_nanopore2023_Q90.log:SumGF	USP9X:SIRT5 3 chrX:41150921 chr6:13614593
/bioinformatics/ryley/Algorithm_Benchmark/Adapter_porechop_trimmed/LongGF/LongGF.run.porechoptrimmed_Adapter_Spiked_Simulated_10GB_nanopore2023_Q90.log:SumGF	FIP1L1:RNASEH2C 3 chr4:53461083 chr11:65719808
/bioinformatics/ryley/Algorithm_Benchmark/Adapter_porechop_trimmed/LongGF/LongGF.run.porechoptrimmed_Adapter_Spiked_Simulated_10GB_nanopore2023_Q90.log:SumGF	EPHA2:MAGEB6 3 chr1:16124336 chrX:26192442
/bioinformatics/ryley/Algorithm_Benchmark/Adapter_porechop_trimmed/LongGF/LongGF.run.porechoptrimmed_Adapter_Spiked_Simulated_10GB_nanopore2023_Q90.log:SumGF	AKAP17A:ZBED1 3 chrX:1595524 chrX:2490208
/bioinformatics/ryley/Algorithm_Benchmark/Adapter_porechop_trimmed/LongGF/LongGF.run.porechoptrimmed_Adapter_Spiked_Simulated_10GB_nanopore2023_Q90.log:SumGF	LUZP2:ENSG00000283563 3 chr11:24891958 chr3:29434742
/bioinformatics/ryley/Algorithm_Benchmark/Adapter_porechop_trimmed/LongGF/LongGF.run.porechoptrimmed_Adapter_Spiked_Simulated_10GB_nanopore2023_Q90.log:SumGF	PRRG1:TSPAN7 3 chrX:37425997 chrX:38666120
/bioinformatics/ryley/Algorithm_Benchmark/Adapter_porechop_trimmed/LongGF/LongGF.run.porechoptrimmed_Adapter_Spiked_Simulated_10GB_nanopore2023_Q90.log:SumGF	PAXX:CLIC3 3 chr9:136993626 chr9:136994838
/bioinformatics/ryley/Algorithm_Benchmark/Adapter_porechop_trimmed/LongGF/LongGF.run.porechoptrimmed_Adapter_Spiked_Simulated_10GB_nanopore2023_Q90.log:SumGF	RPS6KA4:MME 2 chr11:64368702 chr3:155172211
/bioinformatics/ryley/Algorithm_Benchmark/Adapter_porechop_trimmed/LongGF/LongGF.run.porechoptrimmed_Adapter_Spiked_Simulated_10GB_nanopore2023_Q90.log:SumGF	CDK12:NUTM2B 2 chr17:39492751 chr10:79706188
/bioinformatics/ryley/Algorithm_Benchmark/Adapter_porechop_trimmed/LongGF/LongGF.run.porechoptrimmed_Adapter_Spiked_Simulated_10GB_nanopore2023_Q90.log:SumGF	HNRNPA3:ZNF627 2 chr2:177217705 chr19:11617856
/bioinformatics/ryley/Algorithm_Benchmark/Adapter_porechop_trimmed/LongGF/LongGF.run.porechoptrimmed_Adapter_Spiked_Simulated_10GB_nanopore2023_Q90.log:SumGF	XKR6:ENSG00000284927 2 chr8:10924827 chrKZ208915.1:2146345
/bioinformatics/ryley/Algorithm_Benchmark/Adapter_porechop_trimmed/LongGF/LongGF.run.porechoptrimmed_Adapter_Spiked_Simulated_10GB_nanopore2023_Q90.log:SumGF	MED12:BRD2 2 chrX:71128793 chr6:32975427
/bioinformatics/ryley/Algorithm_Benchmark/Adapter_porechop_trimmed/LongGF/LongGF.run.porechoptrimmed_Adapter_Spiked_Simulated_10GB_nanopore2023_Q90.log:SumGF	AKAP17A:ZBED1 2 chrY:1595523 chrY:2490208
/bioinformatics/ryley/Algorithm_Benchmark/Adapter_porechop_trimmed/LongGF/LongGF.run.porechoptrimmed_Adapter_Spiked_Simulated_10GB_nanopore2023_Q90.log:SumGF	CELF2:ERCC6 2 chr10:11314215 chr10:49459234
/bioinformatics/ryley/Algorithm_Benchmark/Adapter_porechop_trimmed/LongGF/LongGF.run.porechoptrimmed_Adapter_Spiked_Simulated_10GB_nanopore2023_Q90.log:SumGF	USP2:CYP11A1 2 chr11:119372978 chr15:74365662
/bioinformatics/ryley/Algorithm_Benchmark/Adapter_porechop_trimmed/LongGF/LongGF.run.porechoptrimmed_Adapter_Spiked_Simulated_10GB_nanopore2023_Q90.log:SumGF	ZNF627:TBCE 2 chr19:11597484 chr1:235438884
/bioinformatics/ryley/Algorithm_Benchmark/Adapter_porechop_trimmed/LongGF/LongGF.run.porechoptrimmed_Adapter_Spiked_Simulated_10GB_nanopore2023_Q90.log:SumGF	SH2D7:BDP1 2 chr15:78100904 chrKI270897.1:1054042
/bioinformatics/ryley/Algorithm_Benchmark/Adapter_porechop_trimmed/LongGF/LongGF.run.porechoptrimmed_Adapter_Spiked_Simulated_10GB_nanopore2023_Q90.log:SumGF	RARS2:SLC25A27 2 chr6:87524557 chr6:46668708
/bioinformatics/ryley/Algorithm_Benchmark/Adapter_porechop_trimmed/LongGF/LongGF.run.porechoptrimmed_Adapter_Spiked_Simulated_10GB_nanopore2023_Q90.log:SumGF	BTG4:RPS6KA4 2 chr11:111495314 chr11:64371518
/bioinformatics/ryley/Algorithm_Benchmark/Adapter_porechop_trimmed/LongGF/LongGF.run.porechoptrimmed_Adapter_Spiked_Simulated_10GB_nanopore2023_Q90.log:SumGF	MAST1:ZNF691 2 chr19:12852247 chr1:42849554
/bioinformatics/ryley/Algorithm_Benchmark/Adapter_porechop_trimmed/LongGF/LongGF.run.porechoptrimmed_Adapter_Spiked_Simulated_10GB_nanopore2023_Q90.log:SumGF	PMPCB:SMCO1 2 chr7:103298677 chr3:196508330
/bioinformatics/ryley/Algorithm_Benchmark/Adapter_porechop_trimmed/LongGF/LongGF.run.porechoptrimmed_Adapter_Spiked_Simulated_10GB_nanopore2023_Q90.log:SumGF	PDGFRA:FIP1L1 2 chr4:54274922 chr4:53425963
/bioinformatics/ryley/Algorithm_Benchmark/Adapter_porechop_trimmed/LongGF/LongGF.run.porechoptrimmed_Adapter_Spiked_Simulated_10GB_nanopore2023_Q90.log:SumGF	PTCD3:GALM 2 chr2:86133178 chr2:38741158
/bioinformatics/ryley/Algorithm_Benchmark/Adapter_porechop_trimmed/LongGF/LongGF.run.porechoptrimmed_Adapter_Spiked_Simulated_10GB_nanopore2023_Q90.log:SumGF	DAO:GPD1 2 chr12:108890208 chr12:50107799
/bioinformatics/ryley/Algorithm_Benchmark/Adapter_porechop_trimmed/LongGF/LongGF.run.porechoptrimmed_Adapter_Spiked_Simulated_10GB_nanopore2023_Q90.log:SumGF	CPA4:FAM174B 2 chr7:130300818 chr15:92655319
/bioinformatics/ryley/Algorithm_Benchmark/Adapter_porechop_trimmed/LongGF/LongGF.run.porechoptrimmed_Adapter_Spiked_Simulated_10GB_nanopore2023_Q90.log:SumGF	SLC4A3:TMUB2 2 chr2:219640432 chr17:44191431
/bioinformatics/ryley/Algorithm_Benchmark/Adapter_porechop_trimmed/LongGF/LongGF.run.porechoptrimmed_Adapter_Spiked_Simulated_10GB_nanopore2023_Q90.log:SumGF	CTBS:THBS3 2 chr1:84553543 chr1:155198530
/bioinformatics/ryley/Algorithm_Benchmark/Adapter_porechop_trimmed/LongGF/LongGF.run.porechoptrimmed_Adapter_Spiked_Simulated_10GB_nanopore2023_Q90.log:SumGF	STX12:CSRP1 2 chr1:27810273 chr1:201484787
/bioinformatics/ryley/Algorithm_Benchmark/Adapter_porechop_trimmed/LongGF/LongGF.run.porechoptrimmed_Adapter_Spiked_Simulated_10GB_nanopore2023_Q90.log:SumGF	KTN1:AP1G2 2 chr14:55675836 chr14:23567119
/bioinformatics/ryley/Algorithm_Benchmark/Adapter_porechop_trimmed/LongGF/LongGF.run.porechoptrimmed_Adapter_Spiked_Simulated_10GB_nanopore2023_Q90.log:SumGF	PPP1R12C:EPS8L1 2 chr19:55091555 chr19:55085933
/bioinformatics/ryley/Algorithm_Benchmark/Adapter_porechop_trimmed/LongGF/LongGF.run.porechoptrimmed_Adapter_Spiked_Simulated_10GB_nanopore2023_Q90.log:SumGF	PSMA7:LSM14B 2 chr20:62136948 chr20:62130250
/bioinformatics/ryley/Algorithm_Benchmark/Adapter_porechop_trimmed/LongGF/LongGF.run.porechoptrimmed_Adapter_Spiked_Simulated_10GB_nanopore2023_Q95.log:SumGF	CACNA1C:CACNA1C 27 chr12:2120429 chrKZ208916.1:797090
/bioinformatics/ryley/Algorithm_Benchmark/Adapter_porechop_trimmed/LongGF/LongGF.run.porechoptrimmed_Adapter_Spiked_Simulated_10GB_nanopore2023_Q95.log:SumGF	UPK1B:B4GALT4 8 chr3:119190297 chr3:119212679
/bioinformatics/ryley/Algorithm_Benchmark/Adapter_porechop_trimmed/LongGF/LongGF.run.porechoptrimmed_Adapter_Spiked_Simulated_10GB_nanopore2023_Q95.log:SumGF	HNRNPH3:SVIL 6 chr10:68338502 chr10:29487651
/bioinformatics/ryley/Algorithm_Benchmark/Adapter_porechop_trimmed/LongGF/LongGF.run.porechoptrimmed_Adapter_Spiked_Simulated_10GB_nanopore2023_Q95.log:SumGF	ASPN:RPP40 5 chr9:92456205 chr6:4995275
/bioinformatics/ryley/Algorithm_Benchmark/Adapter_porechop_trimmed/LongGF/LongGF.run.porechoptrimmed_Adapter_Spiked_Simulated_10GB_nanopore2023_Q95.log:SumGF	ELK3:SIRT5 5 chr12:96223545 chr6:13588331
/bioinformatics/ryley/Algorithm_Benchmark/Adapter_porechop_trimmed/LongGF/LongGF.run.porechoptrimmed_Adapter_Spiked_Simulated_10GB_nanopore2023_Q95.log:SumGF	JMJD4:RNF214 5 chr1:227732675 chr11:117238686
/bioinformatics/ryley/Algorithm_Benchmark/Adapter_porechop_trimmed/LongGF/LongGF.run.porechoptrimmed_Adapter_Spiked_Simulated_10GB_nanopore2023_Q95.log:SumGF	PTCD3:GALM 5 chr2:86133180 chr2:38741158
/bioinformatics/ryley/Algorithm_Benchmark/Adapter_porechop_trimmed/LongGF/LongGF.run.porechoptrimmed_Adapter_Spiked_Simulated_10GB_nanopore2023_Q95.log:SumGF	PAXX:CLIC3 5 chr9:136993627 chr9:136994839
/bioinformatics/ryley/Algorithm_Benchmark/Adapter_porechop_trimmed/LongGF/LongGF.run.porechoptrimmed_Adapter_Spiked_Simulated_10GB_nanopore2023_Q95.log:SumGF	NUTF2:LDLRAD4 5 chr16:67865102 chr18:13645470
/bioinformatics/ryley/Algorithm_Benchmark/Adapter_porechop_trimmed/LongGF/LongGF.run.porechoptrimmed_Adapter_Spiked_Simulated_10GB_nanopore2023_Q95.log:SumGF	HMMR:POMT1 4 chr5:163491144 chr9:131518447
/bioinformatics/ryley/Algorithm_Benchmark/Adapter_porechop_trimmed/LongGF/LongGF.run.porechoptrimmed_Adapter_Spiked_Simulated_10GB_nanopore2023_Q95.log:SumGF	HNRNPA3:ZNF627 4 chr2:177217705 chr19:11617858
/bioinformatics/ryley/Algorithm_Benchmark/Adapter_porechop_trimmed/LongGF/LongGF.run.porechoptrimmed_Adapter_Spiked_Simulated_10GB_nanopore2023_Q95.log:SumGF	CELF2:ERCC6 4 chr10:11314217 chr10:49459233
/bioinformatics/ryley/Algorithm_Benchmark/Adapter_porechop_trimmed/LongGF/LongGF.run.porechoptrimmed_Adapter_Spiked_Simulated_10GB_nanopore2023_Q95.log:SumGF	KAT7:NEFL 4 chr17:49827921 chr8:24952949
/bioinformatics/ryley/Algorithm_Benchmark/Adapter_porechop_trimmed/LongGF/LongGF.run.porechoptrimmed_Adapter_Spiked_Simulated_10GB_nanopore2023_Q95.log:SumGF	PORCN:OR2F2 4 chrX:48514347 chr7:143935230
/bioinformatics/ryley/Algorithm_Benchmark/Adapter_porechop_trimmed/LongGF/LongGF.run.porechoptrimmed_Adapter_Spiked_Simulated_10GB_nanopore2023_Q95.log:SumGF	MGST3:SRP68 4 chr1:165655582 chr17:76039845
/bioinformatics/ryley/Algorithm_Benchmark/Adapter_porechop_trimmed/LongGF/LongGF.run.porechoptrimmed_Adapter_Spiked_Simulated_10GB_nanopore2023_Q95.log:SumGF	NUF2:MYO6 4 chr1:163266577 chr6:75890110
/bioinformatics/ryley/Algorithm_Benchmark/Adapter_porechop_trimmed/LongGF/LongGF.run.porechoptrimmed_Adapter_Spiked_Simulated_10GB_nanopore2023_Q95.log:SumGF	RBMS3:LUZP2 4 chr3:29434744 chr11:24891958
/bioinformatics/ryley/Algorithm_Benchmark/Adapter_porechop_trimmed/LongGF/LongGF.run.porechoptrimmed_Adapter_Spiked_Simulated_10GB_nanopore2023_Q95.log:SumGF	NXPE3:CAMTA1 4 chr3:101822592 chr1:7737958
/bioinformatics/ryley/Algorithm_Benchmark/Adapter_porechop_trimmed/LongGF/LongGF.run.porechoptrimmed_Adapter_Spiked_Simulated_10GB_nanopore2023_Q95.log:SumGF	USP2:CYP11A1 4 chr11:119372978 chrML143370.1:194930
/bioinformatics/ryley/Algorithm_Benchmark/Adapter_porechop_trimmed/LongGF/LongGF.run.porechoptrimmed_Adapter_Spiked_Simulated_10GB_nanopore2023_Q95.log:SumGF	DAO:GPD1 4 chr12:108890208 chr12:50107799
/bioinformatics/ryley/Algorithm_Benchmark/Adapter_porechop_trimmed/LongGF/LongGF.run.porechoptrimmed_Adapter_Spiked_Simulated_10GB_nanopore2023_Q95.log:SumGF	CDK12:NUTM2E 4 chr17:39492751 chr10:79844319
/bioinformatics/ryley/Algorithm_Benchmark/Adapter_porechop_trimmed/LongGF/LongGF.run.porechoptrimmed_Adapter_Spiked_Simulated_10GB_nanopore2023_Q95.log:SumGF	RER1:GMNC 4 chr1:2403753 chr3:190855914
/bioinformatics/ryley/Algorithm_Benchmark/Adapter_porechop_trimmed/LongGF/LongGF.run.porechoptrimmed_Adapter_Spiked_Simulated_10GB_nanopore2023_Q95.log:SumGF	RPS6KA4:MME 4 chr11:64368702 chr3:155172211
/bioinformatics/ryley/Algorithm_Benchmark/Adapter_porechop_trimmed/LongGF/LongGF.run.porechoptrimmed_Adapter_Spiked_Simulated_10GB_nanopore2023_Q95.log:SumGF	PLK1:ANKRD28 4 chr16:23681056 chr3:15677055
/bioinformatics/ryley/Algorithm_Benchmark/Adapter_porechop_trimmed/LongGF/LongGF.run.porechoptrimmed_Adapter_Spiked_Simulated_10GB_nanopore2023_Q95.log:SumGF	SLC4A3:TMUB2 3 chr2:219640430 chr17:44191433
/bioinformatics/ryley/Algorithm_Benchmark/Adapter_porechop_trimmed/LongGF/LongGF.run.porechoptrimmed_Adapter_Spiked_Simulated_10GB_nanopore2023_Q95.log:SumGF	LUZP2:ENSG00000283563 3 chr11:24892314 chr3:28576495
/bioinformatics/ryley/Algorithm_Benchmark/Adapter_porechop_trimmed/LongGF/LongGF.run.porechoptrimmed_Adapter_Spiked_Simulated_10GB_nanopore2023_Q95.log:SumGF	PORCN:OR2F2 3 chrX:48514349 chrKZ208912.1:479460
/bioinformatics/ryley/Algorithm_Benchmark/Adapter_porechop_trimmed/LongGF/LongGF.run.porechoptrimmed_Adapter_Spiked_Simulated_10GB_nanopore2023_Q95.log:SumGF	CTBS:THBS3 3 chr1:84553542 chr1:155198531
/bioinformatics/ryley/Algorithm_Benchmark/Adapter_porechop_trimmed/LongGF/LongGF.run.porechoptrimmed_Adapter_Spiked_Simulated_10GB_nanopore2023_Q95.log:SumGF	ZNF559:UHRF1 3 chr19:9338517 chr19:4910876
/bioinformatics/ryley/Algorithm_Benchmark/Adapter_porechop_trimmed/LongGF/LongGF.run.porechoptrimmed_Adapter_Spiked_Simulated_10GB_nanopore2023_Q95.log:SumGF	KTN1:AP1G2 3 chr14:55675834 chr14:23567111
/bioinformatics/ryley/Algorithm_Benchmark/Adapter_porechop_trimmed/LongGF/LongGF.run.porechoptrimmed_Adapter_Spiked_Simulated_10GB_nanopore2023_Q95.log:SumGF	PDGFRA:FIP1L1 3 chr4:54274921 chr4:53425962
/bioinformatics/ryley/Algorithm_Benchmark/Adapter_porechop_trimmed/LongGF/LongGF.run.porechoptrimmed_Adapter_Spiked_Simulated_10GB_nanopore2023_Q95.log:SumGF	BTG4:RPS6KA4 3 chr11:111495314 chr11:64371518
/bioinformatics/ryley/Algorithm_Benchmark/Adapter_porechop_trimmed/LongGF/LongGF.run.porechoptrimmed_Adapter_Spiked_Simulated_10GB_nanopore2023_Q95.log:SumGF	COL6A1:ENSG00000249209 3 chr21:45987518 chr21:33931162
/bioinformatics/ryley/Algorithm_Benchmark/Adapter_porechop_trimmed/LongGF/LongGF.run.porechoptrimmed_Adapter_Spiked_Simulated_10GB_nanopore2023_Q95.log:SumGF	KIF2A:IPO11 3 chr5:62306535 chr5:62515386
/bioinformatics/ryley/Algorithm_Benchmark/Adapter_porechop_trimmed/LongGF/LongGF.run.porechoptrimmed_Adapter_Spiked_Simulated_10GB_nanopore2023_Q95.log:SumGF	PSMA7:LSM14B 3 chr20:62136950 chr20:62130250
/bioinformatics/ryley/Algorithm_Benchmark/Adapter_porechop_trimmed/LongGF/LongGF.run.porechoptrimmed_Adapter_Spiked_Simulated_10GB_nanopore2023_Q95.log:SumGF	RARS2:SLC25A27 3 chr6:87524557 chr6:46668708
/bioinformatics/ryley/Algorithm_Benchmark/Adapter_porechop_trimmed/LongGF/LongGF.run.porechoptrimmed_Adapter_Spiked_Simulated_10GB_nanopore2023_Q95.log:SumGF	SYTL5:ENSG00000284906 3 chrX:38108599 chr15:30768945
/bioinformatics/ryley/Algorithm_Benchmark/Adapter_porechop_trimmed/LongGF/LongGF.run.porechoptrimmed_Adapter_Spiked_Simulated_10GB_nanopore2023_Q95.log:SumGF	KCTD19:SKIC3 3 chr16:67320589 chr5:95464680
/bioinformatics/ryley/Algorithm_Benchmark/Adapter_porechop_trimmed/LongGF/LongGF.run.porechoptrimmed_Adapter_Spiked_Simulated_10GB_nanopore2023_Q95.log:SumGF	PLCL2:PLCL2 3 chr3:16803087 chrKV766192.1:322140
/bioinformatics/ryley/Algorithm_Benchmark/Adapter_porechop_trimmed/LongGF/LongGF.run.porechoptrimmed_Adapter_Spiked_Simulated_10GB_nanopore2023_Q95.log:SumGF	RNF4:ING2 3 chr4:2490337 chr4:183510500
/bioinformatics/ryley/Algorithm_Benchmark/Adapter_porechop_trimmed/LongGF/LongGF.run.porechoptrimmed_Adapter_Spiked_Simulated_10GB_nanopore2023_Q95.log:SumGF	ALG6:GINS1 3 chr1:63428448 chr20:25446842
/bioinformatics/ryley/Algorithm_Benchmark/Adapter_porechop_trimmed/LongGF/LongGF.run.porechoptrimmed_Adapter_Spiked_Simulated_10GB_nanopore2023_Q95.log:SumGF	FTL:AHSG 2 chr19:48965308 chr3:186613059
/bioinformatics/ryley/Algorithm_Benchmark/Adapter_porechop_trimmed/LongGF/LongGF.run.porechoptrimmed_Adapter_Spiked_Simulated_10GB_nanopore2023_Q95.log:SumGF	DDHD2:CUL2 2 chr8:38245741 chr10:35035172
/bioinformatics/ryley/Algorithm_Benchmark/Adapter_porechop_trimmed/LongGF/LongGF.run.porechoptrimmed_Adapter_Spiked_Simulated_10GB_nanopore2023_Q95.log:SumGF	XPO1:FKTN 2 chr2:61478608 chr9:105596641
/bioinformatics/ryley/Algorithm_Benchmark/Adapter_porechop_trimmed/LongGF/LongGF.run.porechoptrimmed_Adapter_Spiked_Simulated_10GB_nanopore2023_Q95.log:SumGF	ERC1:G3BP1 2 chr12:1183281 chr5:151803944
/bioinformatics/ryley/Algorithm_Benchmark/Adapter_porechop_trimmed/LongGF/LongGF.run.porechoptrimmed_Adapter_Spiked_Simulated_10GB_nanopore2023_Q95.log:SumGF	ELOVL1:BANF1 2 chr1:43364794 chr11:66003358
/bioinformatics/ryley/Algorithm_Benchmark/Adapter_porechop_trimmed/LongGF/LongGF.run.porechoptrimmed_Adapter_Spiked_Simulated_10GB_nanopore2023_Q95.log:SumGF	POLR3B:RIC8B 2 chr12:106500182 chr12:106774690
/bioinformatics/ryley/Algorithm_Benchmark/Adapter_porechop_trimmed/LongGF/LongGF.run.porechoptrimmed_Adapter_Spiked_Simulated_10GB_nanopore2023_Q95.log:SumGF	BRPF3:CSPP1 2 chr6:36230524 chr8:67172416
/bioinformatics/ryley/Algorithm_Benchmark/Adapter_porechop_trimmed/LongGF/LongGF.run.porechoptrimmed_Adapter_Spiked_Simulated_10GB_nanopore2023_Q95.log:SumGF	YY1:RGR 2 chr14:100262304 chr10:84259150
/bioinformatics/ryley/Algorithm_Benchmark/Adapter_porechop_trimmed/LongGF/LongGF.run.porechoptrimmed_Adapter_Spiked_Simulated_10GB_nanopore2023_Q95.log:SumGF	HSDL1:HMOX2 2 chr16:84123386 chr16:4509428
/bioinformatics/ryley/Algorithm_Benchmark/Adapter_porechop_trimmed/LongGF/LongGF.run.porechoptrimmed_Adapter_Spiked_Simulated_10GB_nanopore2023_Q95.log:SumGF	NCALD:FRAS1 2 chr8:101689404 chr4:78511519
/bioinformatics/ryley/Algorithm_Benchmark/Adapter_porechop_trimmed/LongGF/LongGF.run.porechoptrimmed_Adapter_Spiked_Simulated_10GB_nanopore2023_Q95.log:SumGF	MAST1:ZNF691 2 chr19:12852343 chr1:42849555
/bioinformatics/ryley/Algorithm_Benchmark/Adapter_porechop_trimmed/LongGF/LongGF.run.porechoptrimmed_Adapter_Spiked_Simulated_10GB_nanopore2023_Q95.log:SumGF	FBXL15:CUEDC2 2 chr10:102421109 chr10:102423572
/bioinformatics/ryley/Algorithm_Benchmark/Adapter_porechop_trimmed/LongGF/LongGF.run.porechoptrimmed_Adapter_Spiked_Simulated_10GB_nanopore2023_Q95.log:SumGF	POMT2:GNAO1 2 chr14:77299457 chr16:56334729
/bioinformatics/ryley/Algorithm_Benchmark/Adapter_porechop_trimmed/LongGF/LongGF.run.porechoptrimmed_Adapter_Spiked_Simulated_10GB_nanopore2023_Q95.log:SumGF	PPP1R12C:EPS8L1 2 chr19:55091557 chr19:55085933
/bioinformatics/ryley/Algorithm_Benchmark/Adapter_porechop_trimmed/LongGF/LongGF.run.porechoptrimmed_Adapter_Spiked_Simulated_10GB_nanopore2023_Q95.log:SumGF	POMT1:ADAM17 2 chr9:131518883 chr2:9502276
/bioinformatics/ryley/Algorithm_Benchmark/Adapter_porechop_trimmed/LongGF/LongGF.run.porechoptrimmed_Adapter_Spiked_Simulated_10GB_nanopore2023_Q95.log:SumGF	FIP1L1:RNASEH2C 2 chr4:53461082 chr11:65719807
/bioinformatics/ryley/Algorithm_Benchmark/Adapter_porechop_trimmed/LongGF/LongGF.run.porechoptrimmed_Adapter_Spiked_Simulated_10GB_nanopore2023_Q95.log:SumGF	BDP1:SH2D7 2 chr5:71524073 chr15:78100899
/bioinformatics/ryley/Algorithm_Benchmark/Adapter_porechop_trimmed/LongGF/LongGF.run.porechoptrimmed_Adapter_Spiked_Simulated_10GB_nanopore2023_Q95.log:SumGF	KIF26B:KIF26B 2 chr1:245156683 chrKI270759.1:61135
/bioinformatics/ryley/Algorithm_Benchmark/Adapter_porechop_trimmed/LongGF/LongGF.run.porechoptrimmed_Adapter_Spiked_Simulated_10GB_nanopore2023_Q95.log:SumGF	MFN1:ZHX3 2 chr3:179365209 chr20:41205065
/bioinformatics/ryley/Algorithm_Benchmark/Adapter_porechop_trimmed/LongGF/LongGF.run.porechoptrimmed_Adapter_Spiked_Simulated_10GB_nanopore2023_Q95.log:SumGF	KCNIP4:KCNIP4 2 chr4:20850666 chrKI270790.1:23023
/bioinformatics/ryley/Algorithm_Benchmark/Adapter_porechop_trimmed/LongGF/LongGF.run.porechoptrimmed_Adapter_Spiked_Simulated_10GB_nanopore2023_Q95.log:SumGF	ZNF627:TBCE 2 chr19:11597483 chr1:235438888
/bioinformatics/ryley/Algorithm_Benchmark/Adapter_porechop_trimmed/LongGF/LongGF.run.porechoptrimmed_Adapter_Spiked_Simulated_10GB_nanopore2023_Q95.log:SumGF	STX12:CSRP1 2 chr1:27810274 chr1:201484788
/bioinformatics/ryley/Algorithm_Benchmark/Adapter_porechop_trimmed/LongGF/LongGF.run.porechoptrimmed_Adapter_Spiked_Simulated_1GB_nanopore2023_Q85.log:SumGF	CACNA1C:CACNA1C 2 chr12:2448977 chrKZ208916.1:462573
/bioinformatics/ryley/Algorithm_Benchmark/Adapter_porechop_trimmed/LongGF/LongGF.run.porechoptrimmed_Adapter_Spiked_Simulated_1GB_nanopore2023_Q90.log:SumGF	ELOVL1:BANF1 2 chr1:43364794 chr11:66003359
/bioinformatics/ryley/Algorithm_Benchmark/Adapter_porechop_trimmed/LongGF/LongGF.run.porechoptrimmed_Adapter_Spiked_Simulated_1GB_nanopore2023_Q95.log:SumGF	CACNA1C:CACNA1C 3 chr12:2448974 chrKZ208916.1:462573
/bioinformatics/ryley/Algorithm_Benchmark/Adapter_porechop_trimmed/LongGF/LongGF.run.porechoptrimmed_Adapter_Spiked_Simulated_1GB_nanopore2023_Q95.log:SumGF	LUZP2:ENSG00000283563 2 chr11:24891959 chr3:29434743
