COSMIC_SAMPLE_ID	SAMPLE_NAME	COSMIC_PHENOTYPE_ID	COSMIC_FUSION_ID	FUSION_SYNTAX	FIVE_PRIME_CHROMOSOME	FIVE_PRIME_STRAND	FIVE_PRIME_TRANSCRIPT_ID	FIVE_PRIME_GENE_SYMBOL	FIVE_PRIME_LAST_OBSERVE_EXON	FIVE_PRIME_GENOME_START_FROM	FIVE_PRIME_GENOME_START_TO	FIVE_PRIME_GENOME_STOP_FROM	FIVE_PRIME_GENOME_STOP_TO	THREE_PRIME_CHROMOSOME	THREE_PRIME_STRAND	THREE_PRIME_TRANSCRIPT_ID	THREE_PRIME_GENE_SYMBOL	THREE_PRIME_FIRST_OBSERVE_EXON	THREE_PRIME_GENOME_START_FROM	THREE_PRIME_GENOME_START_TO	THREE_PRIME_GENOME_STOP_FROM	THREE_PRIME_GENOME_STOP_TO	FUSION_TYPE	PUBMED_PMID	GENOME_VERSION
COSS1627289	1627289	COSO29825606	None	None	None	None	ENST00000368498.6	GOPC	None	None	None	None	None	None	None	ENST00000368508.7	ROS1	None	None	None	None	None	None	21253578	38
COSS1627290	1627290	COSO29825606	None	None	None	None	ENST00000368498.6	GOPC	None	None	None	None	None	None	None	ENST00000368508.7	ROS1	None	None	None	None	None	None	21253578	38
COSS1627291	1627291	COSO29825606	None	None	None	None	ENST00000368498.6	GOPC	None	None	None	None	None	None	None	ENST00000368508.7	ROS1	None	None	None	None	None	None	21253578	38
COSS1627292	1627292	COSO29825606	None	None	None	None	ENST00000368498.6	GOPC	None	None	None	None	None	None	None	ENST00000368508.7	ROS1	None	None	None	None	None	None	21253578	38
COSS1627293	1627293	COSO29825606	None	None	None	None	ENST00000368498.6	GOPC	None	None	None	None	None	None	None	ENST00000368508.7	ROS1	None	None	None	None	None	None	21253578	38
COSS1627294	1627294	COSO29825606	None	None	None	None	ENST00000368498.6	GOPC	None	None	None	None	None	None	None	ENST00000368508.7	ROS1	None	None	None	None	None	None	21253578	38
COSS1627295	1627295	COSO29825606	None	None	None	None	ENST00000368498.6	GOPC	None	None	None	None	None	None	None	ENST00000368508.7	ROS1	None	None	None	None	None	None	21253578	38
COSS1627296	1627296	COSO29825606	None	None	None	None	ENST00000368498.6	GOPC	None	None	None	None	None	None	None	ENST00000368508.7	ROS1	None	None	None	None	None	None	21253578	38
COSS1627297	1627297	COSO29825606	None	None	None	None	ENST00000368498.6	GOPC	None	None	None	None	None	None	None	ENST00000368508.7	ROS1	None	None	None	None	None	None	21253578	38
COSS1627298	1627298	COSO29825606	None	None	None	None	ENST00000368498.6	GOPC	None	None	None	None	None	None	None	ENST00000368508.7	ROS1	None	None	None	None	None	None	21253578	38
COSS1627299	1627299	COSO29825606	None	None	None	None	ENST00000368498.6	GOPC	None	None	None	None	None	None	None	ENST00000368508.7	ROS1	None	None	None	None	None	None	21253578	38
COSS1627300	1627300	COSO29825606	None	None	None	None	ENST00000368498.6	GOPC	None	None	None	None	None	None	None	ENST00000368508.7	ROS1	None	None	None	None	None	None	21253578	38
COSS1627301	1627301	COSO29825606	None	None	None	None	ENST00000368498.6	GOPC	None	None	None	None	None	None	None	ENST00000368508.7	ROS1	None	None	None	None	None	None	21253578	38
COSS1627302	1627302	COSO29825606	None	None	None	None	ENST00000368498.6	GOPC	None	None	None	None	None	None	None	ENST00000368508.7	ROS1	None	None	None	None	None	None	21253578	38
COSS1627303	1627303	COSO29825606	None	None	None	None	ENST00000368498.6	GOPC	None	None	None	None	None	None	None	ENST00000368508.7	ROS1	None	None	None	None	None	None	21253578	38
COSS1627304	1627304	COSO29825606	None	None	None	None	ENST00000368498.6	GOPC	None	None	None	None	None	None	None	ENST00000368508.7	ROS1	None	None	None	None	None	None	21253578	38
COSS1627305	1627305	COSO29825606	None	None	None	None	ENST00000368498.6	GOPC	None	None	None	None	None	None	None	ENST00000368508.7	ROS1	None	None	None	None	None	None	21253578	38
COSS1627306	1627306	COSO29825606	None	None	None	None	ENST00000368498.6	GOPC	None	None	None	None	None	None	None	ENST00000368508.7	ROS1	None	None	None	None	None	None	21253578	38
COSS1627307	1627307	COSO29825606	None	None	None	None	ENST00000368498.6	GOPC	None	None	None	None	None	None	None	ENST00000368508.7	ROS1	None	None	None	None	None	None	21253578	38
COSS1627308	1627308	COSO29825606	None	None	None	None	ENST00000368498.6	GOPC	None	None	None	None	None	None	None	ENST00000368508.7	ROS1	None	None	None	None	None	None	21253578	38
COSS1627309	1627309	COSO29825606	None	None	None	None	ENST00000368498.6	GOPC	None	None	None	None	None	None	None	ENST00000368508.7	ROS1	None	None	None	None	None	None	21253578	38
COSS1627310	1627310	COSO29825606	None	None	None	None	ENST00000368498.6	GOPC	None	None	None	None	None	None	None	ENST00000368508.7	ROS1	None	None	None	None	None	None	21253578	38
COSS1627311	1627311	COSO29825606	None	None	None	None	ENST00000368498.6	GOPC	None	None	None	None	None	None	None	ENST00000368508.7	ROS1	None	None	None	None	None	None	21253578	38
COSS1627312	1627312	COSO29825606	None	None	None	None	ENST00000368498.6	GOPC	None	None	None	None	None	None	None	ENST00000368508.7	ROS1	None	None	None	None	None	None	21253578	38
COSS1627313	1627313	COSO29825606	None	None	None	None	ENST00000368498.6	GOPC	None	None	None	None	None	None	None	ENST00000368508.7	ROS1	None	None	None	None	None	None	21253578	38
COSS1627314	1627314	COSO29825606	None	None	None	None	ENST00000368498.6	GOPC	None	None	None	None	None	None	None	ENST00000368508.7	ROS1	None	None	None	None	None	None	21253578	38
COSS1627315	1627315	COSO29825606	None	None	None	None	ENST00000368498.6	GOPC	None	None	None	None	None	None	None	ENST00000368508.7	ROS1	None	None	None	None	None	None	21253578	38
COSS1627316	1627316	COSO29825606	None	None	None	None	ENST00000368498.6	GOPC	None	None	None	None	None	None	None	ENST00000368508.7	ROS1	None	None	None	None	None	None	21253578	38
COSS1627317	1627317	COSO29825606	None	None	None	None	ENST00000368498.6	GOPC	None	None	None	None	None	None	None	ENST00000368508.7	ROS1	None	None	None	None	None	None	21253578	38
COSS1627318	1627318	COSO29825606	None	None	None	None	ENST00000368498.6	GOPC	None	None	None	None	None	None	None	ENST00000368508.7	ROS1	None	None	None	None	None	None	21253578	38
COSS1627319	1627319	COSO29825606	None	None	None	None	ENST00000368498.6	GOPC	None	None	None	None	None	None	None	ENST00000368508.7	ROS1	None	None	None	None	None	None	21253578	38
COSS1627320	1627320	COSO29825606	None	None	None	None	ENST00000368498.6	GOPC	None	None	None	None	None	None	None	ENST00000368508.7	ROS1	None	None	None	None	None	None	21253578	38
COSS1627321	1627321	COSO29825606	None	None	None	None	ENST00000368498.6	GOPC	None	None	None	None	None	None	None	ENST00000368508.7	ROS1	None	None	None	None	None	None	21253578	38
COSS1627322	1627322	COSO29825606	None	None	None	None	ENST00000368498.6	GOPC	None	None	None	None	None	None	None	ENST00000368508.7	ROS1	None	None	None	None	None	None	21253578	38
COSS1627323	1627323	COSO29825606	None	None	None	None	ENST00000368498.6	GOPC	None	None	None	None	None	None	None	ENST00000368508.7	ROS1	None	None	None	None	None	None	21253578	38
COSS1627324	1627324	COSO29825606	None	None	None	None	ENST00000368498.6	GOPC	None	None	None	None	None	None	None	ENST00000368508.7	ROS1	None	None	None	None	None	None	21253578	38
COSS1627325	1627325	COSO29825606	None	None	None	None	ENST00000368498.6	GOPC	None	None	None	None	None	None	None	ENST00000368508.7	ROS1	None	None	None	None	None	None	21253578	38
COSS1627326	1627326	COSO29825606	None	None	None	None	ENST00000368498.6	GOPC	None	None	None	None	None	None	None	ENST00000368508.7	ROS1	None	None	None	None	None	None	21253578	38
COSS1627327	1627327	COSO29825606	None	None	None	None	ENST00000368498.6	GOPC	None	None	None	None	None	None	None	ENST00000368508.7	ROS1	None	None	None	None	None	None	21253578	38
COSS1627328	1627328	COSO29825606	None	None	None	None	ENST00000368498.6	GOPC	None	None	None	None	None	None	None	ENST00000368508.7	ROS1	None	None	None	None	None	None	21253578	38
COSS1627329	1627329	COSO29825606	None	None	None	None	ENST00000368498.6	GOPC	None	None	None	None	None	None	None	ENST00000368508.7	ROS1	None	None	None	None	None	None	21253578	38
COSS1627330	1627330	COSO29825606	None	None	None	None	ENST00000368498.6	GOPC	None	None	None	None	None	None	None	ENST00000368508.7	ROS1	None	None	None	None	None	None	21253578	38
COSS1627331	1627331	COSO29825606	None	None	None	None	ENST00000368498.6	GOPC	None	None	None	None	None	None	None	ENST00000368508.7	ROS1	None	None	None	None	None	None	21253578	38
COSS1627332	1627332	COSO29825606	None	None	None	None	ENST00000368498.6	GOPC	None	None	None	None	None	None	None	ENST00000368508.7	ROS1	None	None	None	None	None	None	21253578	38
COSS1627333	1627333	COSO29825606	None	None	None	None	ENST00000368498.6	GOPC	None	None	None	None	None	None	None	ENST00000368508.7	ROS1	None	None	None	None	None	None	21253578	38
COSS1627334	1627334	COSO29825606	None	None	None	None	ENST00000368498.6	GOPC	None	None	None	None	None	None	None	ENST00000368508.7	ROS1	None	None	None	None	None	None	21253578	38
COSS1627335	1627335	COSO29825606	None	None	None	None	ENST00000368498.6	GOPC	None	None	None	None	None	None	None	ENST00000368508.7	ROS1	None	None	None	None	None	None	21253578	38
COSS1627336	1627336	COSO29825606	None	None	None	None	ENST00000368498.6	GOPC	None	None	None	None	None	None	None	ENST00000368508.7	ROS1	None	None	None	None	None	None	21253578	38
COSS1627337	1627337	COSO29825606	None	None	None	None	ENST00000368498.6	GOPC	None	None	None	None	None	None	None	ENST00000368508.7	ROS1	None	None	None	None	None	None	21253578	38
COSS1627338	1627338	COSO29825606	None	None	None	None	ENST00000368498.6	GOPC	None	None	None	None	None	None	None	ENST00000368508.7	ROS1	None	None	None	None	None	None	21253578	38
COSS1627339	1627339	COSO29825606	None	None	None	None	ENST00000368498.6	GOPC	None	None	None	None	None	None	None	ENST00000368508.7	ROS1	None	None	None	None	None	None	21253578	38
COSS1627340	1627340	COSO29825606	None	None	None	None	ENST00000368498.6	GOPC	None	None	None	None	None	None	None	ENST00000368508.7	ROS1	None	None	None	None	None	None	21253578	38
COSS1627341	1627341	COSO29825606	None	None	None	None	ENST00000368498.6	GOPC	None	None	None	None	None	None	None	ENST00000368508.7	ROS1	None	None	None	None	None	None	21253578	38
COSS1627342	1627342	COSO29825606	None	None	None	None	ENST00000368498.6	GOPC	None	None	None	None	None	None	None	ENST00000368508.7	ROS1	None	None	None	None	None	None	21253578	38
COSS1627343	1627343	COSO29825606	None	None	None	None	ENST00000368498.6	GOPC	None	None	None	None	None	None	None	ENST00000368508.7	ROS1	None	None	None	None	None	None	21253578	38
COSS1627344	1627344	COSO29825606	None	None	None	None	ENST00000368498.6	GOPC	None	None	None	None	None	None	None	ENST00000368508.7	ROS1	None	None	None	None	None	None	21253578	38
COSS1627345	1627345	COSO29825606	None	None	None	None	ENST00000368498.6	GOPC	None	None	None	None	None	None	None	ENST00000368508.7	ROS1	None	None	None	None	None	None	21253578	38
COSS1627346	1627346	COSO29825606	None	None	None	None	ENST00000368498.6	GOPC	None	None	None	None	None	None	None	ENST00000368508.7	ROS1	None	None	None	None	None	None	21253578	38
COSS1627347	1627347	COSO29825606	None	None	None	None	ENST00000368498.6	GOPC	None	None	None	None	None	None	None	ENST00000368508.7	ROS1	None	None	None	None	None	None	21253578	38
COSS1627348	1627348	COSO29825606	None	None	None	None	ENST00000368498.6	GOPC	None	None	None	None	None	None	None	ENST00000368508.7	ROS1	None	None	None	None	None	None	21253578	38
COSS1654471	1654471	COSO29825606	None	None	None	None	ENST00000302418.4	KIF5B	None	None	None	None	None	None	None	ENST00000389048.7	ALK	None	None	None	None	None	None	19383809	38
COSS1654472	1654472	COSO29825606	None	None	None	None	ENST00000302418.4	KIF5B	None	None	None	None	None	None	None	ENST00000389048.7	ALK	None	None	None	None	None	None	19383809	38
COSS1654473	1654473	COSO29825606	None	None	None	None	ENST00000302418.4	KIF5B	None	None	None	None	None	None	None	ENST00000389048.7	ALK	None	None	None	None	None	None	19383809	38
COSS1654474	1654474	COSO29825606	None	None	None	None	ENST00000302418.4	KIF5B	None	None	None	None	None	None	None	ENST00000389048.7	ALK	None	None	None	None	None	None	19383809	38
COSS1654475	1654475	COSO29825606	None	None	None	None	ENST00000302418.4	KIF5B	None	None	None	None	None	None	None	ENST00000389048.7	ALK	None	None	None	None	None	None	19383809	38
COSS1654476	1654476	COSO29825606	None	None	None	None	ENST00000302418.4	KIF5B	None	None	None	None	None	None	None	ENST00000389048.7	ALK	None	None	None	None	None	None	19383809	38
COSS1654477	1654477	COSO29825606	None	None	None	None	ENST00000302418.4	KIF5B	None	None	None	None	None	None	None	ENST00000389048.7	ALK	None	None	None	None	None	None	19383809	38
COSS1654478	1654478	COSO29825606	None	None	None	None	ENST00000302418.4	KIF5B	None	None	None	None	None	None	None	ENST00000389048.7	ALK	None	None	None	None	None	None	19383809	38
COSS1654479	1654479	COSO29825606	None	None	None	None	ENST00000302418.4	KIF5B	None	None	None	None	None	None	None	ENST00000389048.7	ALK	None	None	None	None	None	None	19383809	38
COSS2466229	2466229	COSO29825606	None	None	None	None	ENST00000254322.2	DNAJB1	None	None	None	None	None	None	None	ENST00000308677.8	PRKACA	None	None	None	None	None	None	25698061	38
COSS2466230	2466230	COSO29825606	None	None	None	None	ENST00000254322.2	DNAJB1	None	None	None	None	None	None	None	ENST00000308677.8	PRKACA	None	None	None	None	None	None	25698061	38
COSS2466231	2466231	COSO29825606	None	None	None	None	ENST00000254322.2	DNAJB1	None	None	None	None	None	None	None	ENST00000308677.8	PRKACA	None	None	None	None	None	None	25698061	38
COSS2466232	2466232	COSO29825606	None	None	None	None	ENST00000254322.2	DNAJB1	None	None	None	None	None	None	None	ENST00000308677.8	PRKACA	None	None	None	None	None	None	25698061	38
COSS2466233	2466233	COSO29825606	None	None	None	None	ENST00000254322.2	DNAJB1	None	None	None	None	None	None	None	ENST00000308677.8	PRKACA	None	None	None	None	None	None	25698061	38
COSS2466234	2466234	COSO29825606	None	None	None	None	ENST00000254322.2	DNAJB1	None	None	None	None	None	None	None	ENST00000308677.8	PRKACA	None	None	None	None	None	None	25698061	38
COSS2466235	2466235	COSO29825606	None	None	None	None	ENST00000254322.2	DNAJB1	None	None	None	None	None	None	None	ENST00000308677.8	PRKACA	None	None	None	None	None	None	25698061	38
COSS2466236	2466236	COSO29825606	None	None	None	None	ENST00000254322.2	DNAJB1	None	None	None	None	None	None	None	ENST00000308677.8	PRKACA	None	None	None	None	None	None	25698061	38
COSS2466237	2466237	COSO29825606	None	None	None	None	ENST00000254322.2	DNAJB1	None	None	None	None	None	None	None	ENST00000308677.8	PRKACA	None	None	None	None	None	None	25698061	38
COSS2466238	2466238	COSO29825606	None	None	None	None	ENST00000254322.2	DNAJB1	None	None	None	None	None	None	None	ENST00000308677.8	PRKACA	None	None	None	None	None	None	25698061	38
COSS2466239	2466239	COSO29825606	None	None	None	None	ENST00000254322.2	DNAJB1	None	None	None	None	None	None	None	ENST00000308677.8	PRKACA	None	None	None	None	None	None	25698061	38
COSS2466240	2466240	COSO29825606	None	None	None	None	ENST00000254322.2	DNAJB1	None	None	None	None	None	None	None	ENST00000308677.8	PRKACA	None	None	None	None	None	None	25698061	38
COSS2466241	2466241	COSO29825606	None	None	None	None	ENST00000254322.2	DNAJB1	None	None	None	None	None	None	None	ENST00000308677.8	PRKACA	None	None	None	None	None	None	25698061	38
COSS2466242	2466242	COSO29825606	None	None	None	None	ENST00000254322.2	DNAJB1	None	None	None	None	None	None	None	ENST00000308677.8	PRKACA	None	None	None	None	None	None	25698061	38
COSS2466243	2466243	COSO29825606	None	None	None	None	ENST00000254322.2	DNAJB1	None	None	None	None	None	None	None	ENST00000308677.8	PRKACA	None	None	None	None	None	None	25698061	38
COSS2466244	2466244	COSO29825606	None	None	None	None	ENST00000254322.2	DNAJB1	None	None	None	None	None	None	None	ENST00000308677.8	PRKACA	None	None	None	None	None	None	25698061	38
COSS2466245	2466245	COSO29825606	None	None	None	None	ENST00000254322.2	DNAJB1	None	None	None	None	None	None	None	ENST00000308677.8	PRKACA	None	None	None	None	None	None	25698061	38
COSS2466246	2466246	COSO29825606	None	None	None	None	ENST00000254322.2	DNAJB1	None	None	None	None	None	None	None	ENST00000308677.8	PRKACA	None	None	None	None	None	None	25698061	38
COSS1164314	1164314	COSO29824862	None	None	None	None	ENST00000318522.9	EML4	None	None	None	None	None	None	None	ENST00000389048.7	ALK	None	None	None	None	None	None	18414414	38
COSS1164311	1164311	COSO29824862	None	None	None	None	ENST00000318522.9	EML4	None	None	None	None	None	None	None	ENST00000389048.7	ALK	None	None	None	None	None	None	18414414	38
COSS1164312	1164312	COSO29824862	None	None	None	None	ENST00000318522.9	EML4	None	None	None	None	None	None	None	ENST00000389048.7	ALK	None	None	None	None	None	None	18414414	38
COSS1164313	1164313	COSO29824862	None	None	None	None	ENST00000318522.9	EML4	None	None	None	None	None	None	None	ENST00000389048.7	ALK	None	None	None	None	None	None	18414414	38
COSS1164315	1164315	COSO29824862	None	None	None	None	ENST00000318522.9	EML4	None	None	None	None	None	None	None	ENST00000389048.7	ALK	None	None	None	None	None	None	18414414	38
COSS1164316	1164316	COSO29824862	None	None	None	None	ENST00000318522.9	EML4	None	None	None	None	None	None	None	ENST00000389048.7	ALK	None	None	None	None	None	None	18414414	38
COSS1164317	1164317	COSO29824862	None	None	None	None	ENST00000318522.9	EML4	None	None	None	None	None	None	None	ENST00000389048.7	ALK	None	None	None	None	None	None	18414414	38
COSS1164318	1164318	COSO29824862	None	None	None	None	ENST00000318522.9	EML4	None	None	None	None	None	None	None	ENST00000389048.7	ALK	None	None	None	None	None	None	18414414	38
COSS1164319	1164319	COSO29824862	None	None	None	None	ENST00000318522.9	EML4	None	None	None	None	None	None	None	ENST00000389048.7	ALK	None	None	None	None	None	None	18414414	38
COSS1164320	1164320	COSO29824862	None	None	None	None	ENST00000318522.9	EML4	None	None	None	None	None	None	None	ENST00000389048.7	ALK	None	None	None	None	None	None	18414414	38
COSS1164321	1164321	COSO29824862	None	None	None	None	ENST00000318522.9	EML4	None	None	None	None	None	None	None	ENST00000389048.7	ALK	None	None	None	None	None	None	18414414	38
COSS1164322	1164322	COSO29824862	None	None	None	None	ENST00000318522.9	EML4	None	None	None	None	None	None	None	ENST00000389048.7	ALK	None	None	None	None	None	None	18414414	38
COSS1164323	1164323	COSO29824862	None	None	None	None	ENST00000318522.9	EML4	None	None	None	None	None	None	None	ENST00000389048.7	ALK	None	None	None	None	None	None	18414414	38
COSS1164324	1164324	COSO29824862	None	None	None	None	ENST00000318522.9	EML4	None	None	None	None	None	None	None	ENST00000389048.7	ALK	None	None	None	None	None	None	18414414	38
COSS1164325	1164325	COSO29824862	None	None	None	None	ENST00000318522.9	EML4	None	None	None	None	None	None	None	ENST00000389048.7	ALK	None	None	None	None	None	None	18414414	38
COSS1164326	1164326	COSO29824862	None	None	None	None	ENST00000318522.9	EML4	None	None	None	None	None	None	None	ENST00000389048.7	ALK	None	None	None	None	None	None	18414414	38
COSS1164327	1164327	COSO29824862	None	None	None	None	ENST00000318522.9	EML4	None	None	None	None	None	None	None	ENST00000389048.7	ALK	None	None	None	None	None	None	18414414	38
COSS1164328	1164328	COSO29824862	None	None	None	None	ENST00000318522.9	EML4	None	None	None	None	None	None	None	ENST00000389048.7	ALK	None	None	None	None	None	None	18414414	38
COSS1164329	1164329	COSO29824862	None	None	None	None	ENST00000318522.9	EML4	None	None	None	None	None	None	None	ENST00000389048.7	ALK	None	None	None	None	None	None	18414414	38
COSS1164330	1164330	COSO29824862	None	None	None	None	ENST00000318522.9	EML4	None	None	None	None	None	None	None	ENST00000389048.7	ALK	None	None	None	None	None	None	18414414	38
COSS1164331	1164331	COSO29824862	None	None	None	None	ENST00000318522.9	EML4	None	None	None	None	None	None	None	ENST00000389048.7	ALK	None	None	None	None	None	None	18414414	38
COSS1164332	1164332	COSO29824862	None	None	None	None	ENST00000318522.9	EML4	None	None	None	None	None	None	None	ENST00000389048.7	ALK	None	None	None	None	None	None	18414414	38
COSS1164333	1164333	COSO29824862	None	None	None	None	ENST00000318522.9	EML4	None	None	None	None	None	None	None	ENST00000389048.7	ALK	None	None	None	None	None	None	18414414	38
COSS1164334	1164334	COSO29824862	None	None	None	None	ENST00000318522.9	EML4	None	None	None	None	None	None	None	ENST00000389048.7	ALK	None	None	None	None	None	None	18414414	38
COSS1164335	1164335	COSO29824862	None	None	None	None	ENST00000318522.9	EML4	None	None	None	None	None	None	None	ENST00000389048.7	ALK	None	None	None	None	None	None	18414414	38
COSS1164336	1164336	COSO29824862	None	None	None	None	ENST00000318522.9	EML4	None	None	None	None	None	None	None	ENST00000389048.7	ALK	None	None	None	None	None	None	18414414	38
COSS1164337	1164337	COSO29824862	None	None	None	None	ENST00000318522.9	EML4	None	None	None	None	None	None	None	ENST00000389048.7	ALK	None	None	None	None	None	None	18414414	38
COSS1164338	1164338	COSO29824862	None	None	None	None	ENST00000318522.9	EML4	None	None	None	None	None	None	None	ENST00000389048.7	ALK	None	None	None	None	None	None	18414414	38
COSS1164339	1164339	COSO29824862	None	None	None	None	ENST00000318522.9	EML4	None	None	None	None	None	None	None	ENST00000389048.7	ALK	None	None	None	None	None	None	18414414	38
COSS1164340	1164340	COSO29824862	None	None	None	None	ENST00000318522.9	EML4	None	None	None	None	None	None	None	ENST00000389048.7	ALK	None	None	None	None	None	None	18414414	38
COSS1164341	1164341	COSO29824862	None	None	None	None	ENST00000318522.9	EML4	None	None	None	None	None	None	None	ENST00000389048.7	ALK	None	None	None	None	None	None	18414414	38
COSS1164342	1164342	COSO29824862	None	None	None	None	ENST00000318522.9	EML4	None	None	None	None	None	None	None	ENST00000389048.7	ALK	None	None	None	None	None	None	18414414	38
COSS1164343	1164343	COSO29824862	None	None	None	None	ENST00000318522.9	EML4	None	None	None	None	None	None	None	ENST00000389048.7	ALK	None	None	None	None	None	None	18414414	38
COSS1164344	1164344	COSO29824862	None	None	None	None	ENST00000318522.9	EML4	None	None	None	None	None	None	None	ENST00000389048.7	ALK	None	None	None	None	None	None	18414414	38
COSS1164345	1164345	COSO29824862	None	None	None	None	ENST00000318522.9	EML4	None	None	None	None	None	None	None	ENST00000389048.7	ALK	None	None	None	None	None	None	18414414	38
COSS1164346	1164346	COSO29824862	None	None	None	None	ENST00000318522.9	EML4	None	None	None	None	None	None	None	ENST00000389048.7	ALK	None	None	None	None	None	None	18414414	38
COSS1164347	1164347	COSO29824862	None	None	None	None	ENST00000318522.9	EML4	None	None	None	None	None	None	None	ENST00000389048.7	ALK	None	None	None	None	None	None	18414414	38
COSS1164348	1164348	COSO29824862	None	None	None	None	ENST00000318522.9	EML4	None	None	None	None	None	None	None	ENST00000389048.7	ALK	None	None	None	None	None	None	18414414	38
COSS1164349	1164349	COSO29824862	None	None	None	None	ENST00000318522.9	EML4	None	None	None	None	None	None	None	ENST00000389048.7	ALK	None	None	None	None	None	None	18414414	38
COSS1164350	1164350	COSO29824862	None	None	None	None	ENST00000318522.9	EML4	None	None	None	None	None	None	None	ENST00000389048.7	ALK	None	None	None	None	None	None	18414414	38
COSS1164351	1164351	COSO29824862	None	None	None	None	ENST00000318522.9	EML4	None	None	None	None	None	None	None	ENST00000389048.7	ALK	None	None	None	None	None	None	18414414	38
COSS1164352	1164352	COSO29824862	None	None	None	None	ENST00000318522.9	EML4	None	None	None	None	None	None	None	ENST00000389048.7	ALK	None	None	None	None	None	None	18414414	38
COSS1164353	1164353	COSO29824862	None	None	None	None	ENST00000318522.9	EML4	None	None	None	None	None	None	None	ENST00000389048.7	ALK	None	None	None	None	None	None	18414414	38
COSS1164354	1164354	COSO29824862	None	None	None	None	ENST00000318522.9	EML4	None	None	None	None	None	None	None	ENST00000389048.7	ALK	None	None	None	None	None	None	18414414	38
COSS1164355	1164355	COSO29824862	None	None	None	None	ENST00000318522.9	EML4	None	None	None	None	None	None	None	ENST00000389048.7	ALK	None	None	None	None	None	None	18414414	38
COSS1164356	1164356	COSO29824862	None	None	None	None	ENST00000318522.9	EML4	None	None	None	None	None	None	None	ENST00000389048.7	ALK	None	None	None	None	None	None	18414414	38
COSS1164357	1164357	COSO29824862	None	None	None	None	ENST00000318522.9	EML4	None	None	None	None	None	None	None	ENST00000389048.7	ALK	None	None	None	None	None	None	18414414	38
COSS1164358	1164358	COSO29824862	None	None	None	None	ENST00000318522.9	EML4	None	None	None	None	None	None	None	ENST00000389048.7	ALK	None	None	None	None	None	None	18414414	38
COSS1164359	1164359	COSO29824862	None	None	None	None	ENST00000318522.9	EML4	None	None	None	None	None	None	None	ENST00000389048.7	ALK	None	None	None	None	None	None	18414414	38
COSS1164360	1164360	COSO29824862	None	None	None	None	ENST00000318522.9	EML4	None	None	None	None	None	None	None	ENST00000389048.7	ALK	None	None	None	None	None	None	18414414	38
COSS1164361	1164361	COSO29824862	None	None	None	None	ENST00000318522.9	EML4	None	None	None	None	None	None	None	ENST00000389048.7	ALK	None	None	None	None	None	None	18414414	38
COSS1164362	1164362	COSO29824862	None	None	None	None	ENST00000318522.9	EML4	None	None	None	None	None	None	None	ENST00000389048.7	ALK	None	None	None	None	None	None	18414414	38
COSS1164363	1164363	COSO29824862	None	None	None	None	ENST00000318522.9	EML4	None	None	None	None	None	None	None	ENST00000389048.7	ALK	None	None	None	None	None	None	18414414	38
COSS1164364	1164364	COSO29824862	None	None	None	None	ENST00000318522.9	EML4	None	None	None	None	None	None	None	ENST00000389048.7	ALK	None	None	None	None	None	None	18414414	38
COSS1164365	1164365	COSO29824862	None	None	None	None	ENST00000318522.9	EML4	None	None	None	None	None	None	None	ENST00000389048.7	ALK	None	None	None	None	None	None	18414414	38
COSS1164366	1164366	COSO29824862	None	None	None	None	ENST00000318522.9	EML4	None	None	None	None	None	None	None	ENST00000389048.7	ALK	None	None	None	None	None	None	18414414	38
COSS1164367	1164367	COSO29824862	None	None	None	None	ENST00000318522.9	EML4	None	None	None	None	None	None	None	ENST00000389048.7	ALK	None	None	None	None	None	None	18414414	38
COSS1164368	1164368	COSO29824862	None	None	None	None	ENST00000318522.9	EML4	None	None	None	None	None	None	None	ENST00000389048.7	ALK	None	None	None	None	None	None	18414414	38
COSS1164369	1164369	COSO29824862	None	None	None	None	ENST00000318522.9	EML4	None	None	None	None	None	None	None	ENST00000389048.7	ALK	None	None	None	None	None	None	18414414	38
COSS1164370	1164370	COSO29824862	None	None	None	None	ENST00000318522.9	EML4	None	None	None	None	None	None	None	ENST00000389048.7	ALK	None	None	None	None	None	None	18414414	38
COSS1164371	1164371	COSO29824862	None	None	None	None	ENST00000318522.9	EML4	None	None	None	None	None	None	None	ENST00000389048.7	ALK	None	None	None	None	None	None	18414414	38
COSS1164372	1164372	COSO29824862	None	None	None	None	ENST00000318522.9	EML4	None	None	None	None	None	None	None	ENST00000389048.7	ALK	None	None	None	None	None	None	18414414	38
COSS1164373	1164373	COSO29824862	None	None	None	None	ENST00000318522.9	EML4	None	None	None	None	None	None	None	ENST00000389048.7	ALK	None	None	None	None	None	None	18414414	38
COSS1164374	1164374	COSO29824862	None	None	None	None	ENST00000318522.9	EML4	None	None	None	None	None	None	None	ENST00000389048.7	ALK	None	None	None	None	None	None	18414414	38
COSS1164375	1164375	COSO29824862	None	None	None	None	ENST00000318522.9	EML4	None	None	None	None	None	None	None	ENST00000389048.7	ALK	None	None	None	None	None	None	18414414	38
COSS1164376	1164376	COSO29824862	None	None	None	None	ENST00000318522.9	EML4	None	None	None	None	None	None	None	ENST00000389048.7	ALK	None	None	None	None	None	None	18414414	38
COSS1164377	1164377	COSO29824862	None	None	None	None	ENST00000318522.9	EML4	None	None	None	None	None	None	None	ENST00000389048.7	ALK	None	None	None	None	None	None	18414414	38
COSS1164378	1164378	COSO29824862	None	None	None	None	ENST00000318522.9	EML4	None	None	None	None	None	None	None	ENST00000389048.7	ALK	None	None	None	None	None	None	18414414	38
COSS1164379	1164379	COSO29824862	None	None	None	None	ENST00000318522.9	EML4	None	None	None	None	None	None	None	ENST00000389048.7	ALK	None	None	None	None	None	None	18414414	38
COSS1164380	1164380	COSO29824862	None	None	None	None	ENST00000318522.9	EML4	None	None	None	None	None	None	None	ENST00000389048.7	ALK	None	None	None	None	None	None	18414414	38
COSS1164381	1164381	COSO29824862	None	None	None	None	ENST00000318522.9	EML4	None	None	None	None	None	None	None	ENST00000389048.7	ALK	None	None	None	None	None	None	18414414	38
COSS1164382	1164382	COSO29824862	None	None	None	None	ENST00000318522.9	EML4	None	None	None	None	None	None	None	ENST00000389048.7	ALK	None	None	None	None	None	None	18414414	38
COSS1164383	1164383	COSO29824862	None	None	None	None	ENST00000318522.9	EML4	None	None	None	None	None	None	None	ENST00000389048.7	ALK	None	None	None	None	None	None	18414414	38
COSS1164384	1164384	COSO29824862	None	None	None	None	ENST00000318522.9	EML4	None	None	None	None	None	None	None	ENST00000389048.7	ALK	None	None	None	None	None	None	18414414	38
COSS1164385	1164385	COSO29824862	None	None	None	None	ENST00000318522.9	EML4	None	None	None	None	None	None	None	ENST00000389048.7	ALK	None	None	None	None	None	None	18414414	38
COSS1164386	1164386	COSO29824862	None	None	None	None	ENST00000318522.9	EML4	None	None	None	None	None	None	None	ENST00000389048.7	ALK	None	None	None	None	None	None	18414414	38
COSS1164387	1164387	COSO29824862	None	None	None	None	ENST00000318522.9	EML4	None	None	None	None	None	None	None	ENST00000389048.7	ALK	None	None	None	None	None	None	18414414	38
COSS1164388	1164388	COSO29824862	None	None	None	None	ENST00000318522.9	EML4	None	None	None	None	None	None	None	ENST00000389048.7	ALK	None	None	None	None	None	None	18414414	38
COSS1164389	1164389	COSO29824862	None	None	None	None	ENST00000318522.9	EML4	None	None	None	None	None	None	None	ENST00000389048.7	ALK	None	None	None	None	None	None	18414414	38
COSS1164390	1164390	COSO29824862	None	None	None	None	ENST00000318522.9	EML4	None	None	None	None	None	None	None	ENST00000389048.7	ALK	None	None	None	None	None	None	18414414	38
COSS1164391	1164391	COSO29824862	None	None	None	None	ENST00000318522.9	EML4	None	None	None	None	None	None	None	ENST00000389048.7	ALK	None	None	None	None	None	None	18414414	38
COSS1164392	1164392	COSO29824862	None	None	None	None	ENST00000318522.9	EML4	None	None	None	None	None	None	None	ENST00000389048.7	ALK	None	None	None	None	None	None	18414414	38
COSS1164393	1164393	COSO29824862	None	None	None	None	ENST00000318522.9	EML4	None	None	None	None	None	None	None	ENST00000389048.7	ALK	None	None	None	None	None	None	18414414	38
COSS1164394	1164394	COSO29824862	None	None	None	None	ENST00000318522.9	EML4	None	None	None	None	None	None	None	ENST00000389048.7	ALK	None	None	None	None	None	None	18414414	38
COSS1164395	1164395	COSO29824862	None	None	None	None	ENST00000318522.9	EML4	None	None	None	None	None	None	None	ENST00000389048.7	ALK	None	None	None	None	None	None	18414414	38
COSS1164396	1164396	COSO29824862	None	None	None	None	ENST00000318522.9	EML4	None	None	None	None	None	None	None	ENST00000389048.7	ALK	None	None	None	None	None	None	18414414	38
COSS1164397	1164397	COSO29824862	None	None	None	None	ENST00000318522.9	EML4	None	None	None	None	None	None	None	ENST00000389048.7	ALK	None	None	None	None	None	None	18414414	38
COSS1164398	1164398	COSO29824862	None	None	None	None	ENST00000318522.9	EML4	None	None	None	None	None	None	None	ENST00000389048.7	ALK	None	None	None	None	None	None	18414414	38
COSS1164399	1164399	COSO29824862	None	None	None	None	ENST00000318522.9	EML4	None	None	None	None	None	None	None	ENST00000389048.7	ALK	None	None	None	None	None	None	18414414	38
COSS1164400	1164400	COSO29824862	None	None	None	None	ENST00000318522.9	EML4	None	None	None	None	None	None	None	ENST00000389048.7	ALK	None	None	None	None	None	None	18414414	38
COSS1164401	1164401	COSO29824862	None	None	None	None	ENST00000318522.9	EML4	None	None	None	None	None	None	None	ENST00000389048.7	ALK	None	None	None	None	None	None	18414414	38
COSS1164402	1164402	COSO29824862	None	None	None	None	ENST00000318522.9	EML4	None	None	None	None	None	None	None	ENST00000389048.7	ALK	None	None	None	None	None	None	18414414	38
COSS1164403	1164403	COSO29824862	None	None	None	None	ENST00000318522.9	EML4	None	None	None	None	None	None	None	ENST00000389048.7	ALK	None	None	None	None	None	None	18414414	38
COSS1164404	1164404	COSO29824862	None	None	None	None	ENST00000318522.9	EML4	None	None	None	None	None	None	None	ENST00000389048.7	ALK	None	None	None	None	None	None	18414414	38
COSS1164405	1164405	COSO29824862	None	None	None	None	ENST00000318522.9	EML4	None	None	None	None	None	None	None	ENST00000389048.7	ALK	None	None	None	None	None	None	18414414	38
COSS1164406	1164406	COSO29824862	None	None	None	None	ENST00000318522.9	EML4	None	None	None	None	None	None	None	ENST00000389048.7	ALK	None	None	None	None	None	None	18414414	38
COSS1164407	1164407	COSO29824862	None	None	None	None	ENST00000318522.9	EML4	None	None	None	None	None	None	None	ENST00000389048.7	ALK	None	None	None	None	None	None	18414414	38
COSS1164408	1164408	COSO29824862	None	None	None	None	ENST00000318522.9	EML4	None	None	None	None	None	None	None	ENST00000389048.7	ALK	None	None	None	None	None	None	18414414	38
COSS1164409	1164409	COSO29824862	None	None	None	None	ENST00000318522.9	EML4	None	None	None	None	None	None	None	ENST00000389048.7	ALK	None	None	None	None	None	None	18414414	38
COSS1164410	1164410	COSO29824862	None	None	None	None	ENST00000318522.9	EML4	None	None	None	None	None	None	None	ENST00000389048.7	ALK	None	None	None	None	None	None	18414414	38
COSS1164411	1164411	COSO29824862	None	None	None	None	ENST00000318522.9	EML4	None	None	None	None	None	None	None	ENST00000389048.7	ALK	None	None	None	None	None	None	18414414	38
COSS1164412	1164412	COSO29824862	None	None	None	None	ENST00000318522.9	EML4	None	None	None	None	None	None	None	ENST00000389048.7	ALK	None	None	None	None	None	None	18414414	38
COSS1164413	1164413	COSO29824862	None	None	None	None	ENST00000318522.9	EML4	None	None	None	None	None	None	None	ENST00000389048.7	ALK	None	None	None	None	None	None	18414414	38
COSS1164414	1164414	COSO29824862	None	None	None	None	ENST00000318522.9	EML4	None	None	None	None	None	None	None	ENST00000389048.7	ALK	None	None	None	None	None	None	18414414	38
COSS1164415	1164415	COSO29824862	None	None	None	None	ENST00000318522.9	EML4	None	None	None	None	None	None	None	ENST00000389048.7	ALK	None	None	None	None	None	None	18414414	38
COSS1164416	1164416	COSO29824862	None	None	None	None	ENST00000318522.9	EML4	None	None	None	None	None	None	None	ENST00000389048.7	ALK	None	None	None	None	None	None	18414414	38
COSS1164417	1164417	COSO29824862	None	None	None	None	ENST00000318522.9	EML4	None	None	None	None	None	None	None	ENST00000389048.7	ALK	None	None	None	None	None	None	18414414	38
COSS1164418	1164418	COSO29824862	None	None	None	None	ENST00000318522.9	EML4	None	None	None	None	None	None	None	ENST00000389048.7	ALK	None	None	None	None	None	None	18414414	38
COSS1164419	1164419	COSO29824862	None	None	None	None	ENST00000318522.9	EML4	None	None	None	None	None	None	None	ENST00000389048.7	ALK	None	None	None	None	None	None	18414414	38
COSS1164420	1164420	COSO29824862	None	None	None	None	ENST00000318522.9	EML4	None	None	None	None	None	None	None	ENST00000389048.7	ALK	None	None	None	None	None	None	18414414	38
COSS1164421	1164421	COSO29824862	None	None	None	None	ENST00000318522.9	EML4	None	None	None	None	None	None	None	ENST00000389048.7	ALK	None	None	None	None	None	None	18414414	38
COSS1164422	1164422	COSO29824862	None	None	None	None	ENST00000318522.9	EML4	None	None	None	None	None	None	None	ENST00000389048.7	ALK	None	None	None	None	None	None	18414414	38
COSS1164423	1164423	COSO29824862	None	None	None	None	ENST00000318522.9	EML4	None	None	None	None	None	None	None	ENST00000389048.7	ALK	None	None	None	None	None	None	18414414	38
COSS1164424	1164424	COSO29824862	None	None	None	None	ENST00000318522.9	EML4	None	None	None	None	None	None	None	ENST00000389048.7	ALK	None	None	None	None	None	None	18414414	38
COSS1164425	1164425	COSO29824862	None	None	None	None	ENST00000318522.9	EML4	None	None	None	None	None	None	None	ENST00000389048.7	ALK	None	None	None	None	None	None	18414414	38
COSS1164426	1164426	COSO29824862	None	None	None	None	ENST00000318522.9	EML4	None	None	None	None	None	None	None	ENST00000389048.7	ALK	None	None	None	None	None	None	18414414	38
COSS1164427	1164427	COSO29824862	None	None	None	None	ENST00000318522.9	EML4	None	None	None	None	None	None	None	ENST00000389048.7	ALK	None	None	None	None	None	None	18414414	38
COSS1164428	1164428	COSO29824862	None	None	None	None	ENST00000318522.9	EML4	None	None	None	None	None	None	None	ENST00000389048.7	ALK	None	None	None	None	None	None	18414414	38
COSS1164429	1164429	COSO29824862	None	None	None	None	ENST00000318522.9	EML4	None	None	None	None	None	None	None	ENST00000389048.7	ALK	None	None	None	None	None	None	18414414	38
COSS1164430	1164430	COSO29824862	None	None	None	None	ENST00000318522.9	EML4	None	None	None	None	None	None	None	ENST00000389048.7	ALK	None	None	None	None	None	None	18414414	38
COSS1164431	1164431	COSO29824862	None	None	None	None	ENST00000318522.9	EML4	None	None	None	None	None	None	None	ENST00000389048.7	ALK	None	None	None	None	None	None	18414414	38
COSS1164432	1164432	COSO29824862	None	None	None	None	ENST00000318522.9	EML4	None	None	None	None	None	None	None	ENST00000389048.7	ALK	None	None	None	None	None	None	18414414	38
COSS1164433	1164433	COSO29824862	None	None	None	None	ENST00000318522.9	EML4	None	None	None	None	None	None	None	ENST00000389048.7	ALK	None	None	None	None	None	None	18414414	38
COSS1164434	1164434	COSO29824862	None	None	None	None	ENST00000318522.9	EML4	None	None	None	None	None	None	None	ENST00000389048.7	ALK	None	None	None	None	None	None	18414414	38
COSS1164435	1164435	COSO29824862	None	None	None	None	ENST00000318522.9	EML4	None	None	None	None	None	None	None	ENST00000389048.7	ALK	None	None	None	None	None	None	18414414	38
COSS1164436	1164436	COSO29824862	None	None	None	None	ENST00000318522.9	EML4	None	None	None	None	None	None	None	ENST00000389048.7	ALK	None	None	None	None	None	None	18414414	38
COSS1164437	1164437	COSO29824862	None	None	None	None	ENST00000318522.9	EML4	None	None	None	None	None	None	None	ENST00000389048.7	ALK	None	None	None	None	None	None	18414414	38
COSS1164438	1164438	COSO29824862	None	None	None	None	ENST00000318522.9	EML4	None	None	None	None	None	None	None	ENST00000389048.7	ALK	None	None	None	None	None	None	18414414	38
COSS1164439	1164439	COSO29824862	None	None	None	None	ENST00000318522.9	EML4	None	None	None	None	None	None	None	ENST00000389048.7	ALK	None	None	None	None	None	None	18414414	38
COSS1164440	1164440	COSO29824862	None	None	None	None	ENST00000318522.9	EML4	None	None	None	None	None	None	None	ENST00000389048.7	ALK	None	None	None	None	None	None	18414414	38
COSS1164441	1164441	COSO29824862	None	None	None	None	ENST00000318522.9	EML4	None	None	None	None	None	None	None	ENST00000389048.7	ALK	None	None	None	None	None	None	18414414	38
COSS1164442	1164442	COSO29824862	None	None	None	None	ENST00000318522.9	EML4	None	None	None	None	None	None	None	ENST00000389048.7	ALK	None	None	None	None	None	None	18414414	38
COSS1164443	1164443	COSO29824862	None	None	None	None	ENST00000318522.9	EML4	None	None	None	None	None	None	None	ENST00000389048.7	ALK	None	None	None	None	None	None	18414414	38
COSS1164444	1164444	COSO29824862	None	None	None	None	ENST00000318522.9	EML4	None	None	None	None	None	None	None	ENST00000389048.7	ALK	None	None	None	None	None	None	18414414	38
COSS1164445	1164445	COSO29824862	None	None	None	None	ENST00000318522.9	EML4	None	None	None	None	None	None	None	ENST00000389048.7	ALK	None	None	None	None	None	None	18414414	38
COSS1164446	1164446	COSO29824862	None	None	None	None	ENST00000318522.9	EML4	None	None	None	None	None	None	None	ENST00000389048.7	ALK	None	None	None	None	None	None	18414414	38
COSS1164447	1164447	COSO29824862	None	None	None	None	ENST00000318522.9	EML4	None	None	None	None	None	None	None	ENST00000389048.7	ALK	None	None	None	None	None	None	18414414	38
COSS1164448	1164448	COSO29824862	None	None	None	None	ENST00000318522.9	EML4	None	None	None	None	None	None	None	ENST00000389048.7	ALK	None	None	None	None	None	None	18414414	38
COSS1164449	1164449	COSO29824862	None	None	None	None	ENST00000318522.9	EML4	None	None	None	None	None	None	None	ENST00000389048.7	ALK	None	None	None	None	None	None	18414414	38
COSS1164450	1164450	COSO29824862	None	None	None	None	ENST00000318522.9	EML4	None	None	None	None	None	None	None	ENST00000389048.7	ALK	None	None	None	None	None	None	18414414	38
COSS1164451	1164451	COSO29824862	None	None	None	None	ENST00000318522.9	EML4	None	None	None	None	None	None	None	ENST00000389048.7	ALK	None	None	None	None	None	None	18414414	38
COSS1164452	1164452	COSO29824862	None	None	None	None	ENST00000318522.9	EML4	None	None	None	None	None	None	None	ENST00000389048.7	ALK	None	None	None	None	None	None	18414414	38
COSS1164453	1164453	COSO29824862	None	None	None	None	ENST00000318522.9	EML4	None	None	None	None	None	None	None	ENST00000389048.7	ALK	None	None	None	None	None	None	18414414	38
COSS1164454	1164454	COSO29824862	None	None	None	None	ENST00000318522.9	EML4	None	None	None	None	None	None	None	ENST00000389048.7	ALK	None	None	None	None	None	None	18414414	38
COSS1164455	1164455	COSO29824862	None	None	None	None	ENST00000318522.9	EML4	None	None	None	None	None	None	None	ENST00000389048.7	ALK	None	None	None	None	None	None	18414414	38
COSS1164456	1164456	COSO29824862	None	None	None	None	ENST00000318522.9	EML4	None	None	None	None	None	None	None	ENST00000389048.7	ALK	None	None	None	None	None	None	18414414	38
COSS1164457	1164457	COSO29824862	None	None	None	None	ENST00000318522.9	EML4	None	None	None	None	None	None	None	ENST00000389048.7	ALK	None	None	None	None	None	None	18414414	38
COSS1164458	1164458	COSO29824862	None	None	None	None	ENST00000318522.9	EML4	None	None	None	None	None	None	None	ENST00000389048.7	ALK	None	None	None	None	None	None	18414414	38
COSS1164459	1164459	COSO29824862	None	None	None	None	ENST00000318522.9	EML4	None	None	None	None	None	None	None	ENST00000389048.7	ALK	None	None	None	None	None	None	18414414	38
COSS1164460	1164460	COSO29824862	None	None	None	None	ENST00000318522.9	EML4	None	None	None	None	None	None	None	ENST00000389048.7	ALK	None	None	None	None	None	None	18414414	38
COSS1164461	1164461	COSO29824862	None	None	None	None	ENST00000318522.9	EML4	None	None	None	None	None	None	None	ENST00000389048.7	ALK	None	None	None	None	None	None	18414414	38
COSS1164462	1164462	COSO29824862	None	None	None	None	ENST00000318522.9	EML4	None	None	None	None	None	None	None	ENST00000389048.7	ALK	None	None	None	None	None	None	18414414	38
COSS1164463	1164463	COSO29824862	None	None	None	None	ENST00000318522.9	EML4	None	None	None	None	None	None	None	ENST00000389048.7	ALK	None	None	None	None	None	None	18414414	38
COSS1164464	1164464	COSO29824862	None	None	None	None	ENST00000318522.9	EML4	None	None	None	None	None	None	None	ENST00000389048.7	ALK	None	None	None	None	None	None	18414414	38
COSS1164465	1164465	COSO29824862	None	None	None	None	ENST00000318522.9	EML4	None	None	None	None	None	None	None	ENST00000389048.7	ALK	None	None	None	None	None	None	18414414	38
COSS1164466	1164466	COSO29824862	None	None	None	None	ENST00000318522.9	EML4	None	None	None	None	None	None	None	ENST00000389048.7	ALK	None	None	None	None	None	None	18414414	38
COSS1164467	1164467	COSO29824862	None	None	None	None	ENST00000318522.9	EML4	None	None	None	None	None	None	None	ENST00000389048.7	ALK	None	None	None	None	None	None	18414414	38
COSS1164468	1164468	COSO29824862	None	None	None	None	ENST00000318522.9	EML4	None	None	None	None	None	None	None	ENST00000389048.7	ALK	None	None	None	None	None	None	18414414	38
COSS1164469	1164469	COSO29824862	None	None	None	None	ENST00000318522.9	EML4	None	None	None	None	None	None	None	ENST00000389048.7	ALK	None	None	None	None	None	None	18414414	38
COSS1164470	1164470	COSO29824862	None	None	None	None	ENST00000318522.9	EML4	None	None	None	None	None	None	None	ENST00000389048.7	ALK	None	None	None	None	None	None	18414414	38
COSS1164471	1164471	COSO29824862	None	None	None	None	ENST00000318522.9	EML4	None	None	None	None	None	None	None	ENST00000389048.7	ALK	None	None	None	None	None	None	18414414	38
COSS1164472	1164472	COSO29824862	None	None	None	None	ENST00000318522.9	EML4	None	None	None	None	None	None	None	ENST00000389048.7	ALK	None	None	None	None	None	None	18414414	38
COSS1164473	1164473	COSO29824862	None	None	None	None	ENST00000318522.9	EML4	None	None	None	None	None	None	None	ENST00000389048.7	ALK	None	None	None	None	None	None	18414414	38
COSS1164474	1164474	COSO29824862	None	None	None	None	ENST00000318522.9	EML4	None	None	None	None	None	None	None	ENST00000389048.7	ALK	None	None	None	None	None	None	18414414	38
COSS1164475	1164475	COSO29824862	None	None	None	None	ENST00000318522.9	EML4	None	None	None	None	None	None	None	ENST00000389048.7	ALK	None	None	None	None	None	None	18414414	38
COSS1164476	1164476	COSO29824862	None	None	None	None	ENST00000318522.9	EML4	None	None	None	None	None	None	None	ENST00000389048.7	ALK	None	None	None	None	None	None	18414414	38
COSS1164477	1164477	COSO29824862	None	None	None	None	ENST00000318522.9	EML4	None	None	None	None	None	None	None	ENST00000389048.7	ALK	None	None	None	None	None	None	18414414	38
COSS1164478	1164478	COSO29824862	None	None	None	None	ENST00000318522.9	EML4	None	None	None	None	None	None	None	ENST00000389048.7	ALK	None	None	None	None	None	None	18414414	38
COSS1164479	1164479	COSO29824862	None	None	None	None	ENST00000318522.9	EML4	None	None	None	None	None	None	None	ENST00000389048.7	ALK	None	None	None	None	None	None	18414414	38
COSS1164480	1164480	COSO29824862	None	None	None	None	ENST00000318522.9	EML4	None	None	None	None	None	None	None	ENST00000389048.7	ALK	None	None	None	None	None	None	18414414	38
COSS1164481	1164481	COSO29824862	None	None	None	None	ENST00000318522.9	EML4	None	None	None	None	None	None	None	ENST00000389048.7	ALK	None	None	None	None	None	None	18414414	38
COSS1164482	1164482	COSO29824862	None	None	None	None	ENST00000318522.9	EML4	None	None	None	None	None	None	None	ENST00000389048.7	ALK	None	None	None	None	None	None	18414414	38
COSS1164483	1164483	COSO29824862	None	None	None	None	ENST00000318522.9	EML4	None	None	None	None	None	None	None	ENST00000389048.7	ALK	None	None	None	None	None	None	18414414	38
COSS1164484	1164484	COSO29824862	None	None	None	None	ENST00000318522.9	EML4	None	None	None	None	None	None	None	ENST00000389048.7	ALK	None	None	None	None	None	None	18414414	38
COSS1164485	1164485	COSO29824862	None	None	None	None	ENST00000318522.9	EML4	None	None	None	None	None	None	None	ENST00000389048.7	ALK	None	None	None	None	None	None	18414414	38
COSS1164486	1164486	COSO29824862	None	None	None	None	ENST00000318522.9	EML4	None	None	None	None	None	None	None	ENST00000389048.7	ALK	None	None	None	None	None	None	18414414	38
COSS1164487	1164487	COSO29824862	None	None	None	None	ENST00000318522.9	EML4	None	None	None	None	None	None	None	ENST00000389048.7	ALK	None	None	None	None	None	None	18414414	38
COSS1164488	1164488	COSO29824862	None	None	None	None	ENST00000318522.9	EML4	None	None	None	None	None	None	None	ENST00000389048.7	ALK	None	None	None	None	None	None	18414414	38
COSS1164489	1164489	COSO29824862	None	None	None	None	ENST00000318522.9	EML4	None	None	None	None	None	None	None	ENST00000389048.7	ALK	None	None	None	None	None	None	18414414	38
COSS1164490	1164490	COSO29824862	None	None	None	None	ENST00000318522.9	EML4	None	None	None	None	None	None	None	ENST00000389048.7	ALK	None	None	None	None	None	None	18414414	38
COSS1164491	1164491	COSO29824862	None	None	None	None	ENST00000318522.9	EML4	None	None	None	None	None	None	None	ENST00000389048.7	ALK	None	None	None	None	None	None	18414414	38
COSS1164492	1164492	COSO29824862	None	None	None	None	ENST00000318522.9	EML4	None	None	None	None	None	None	None	ENST00000389048.7	ALK	None	None	None	None	None	None	18414414	38
COSS1164493	1164493	COSO29824862	None	None	None	None	ENST00000318522.9	EML4	None	None	None	None	None	None	None	ENST00000389048.7	ALK	None	None	None	None	None	None	18414414	38
COSS1164494	1164494	COSO29824862	None	None	None	None	ENST00000318522.9	EML4	None	None	None	None	None	None	None	ENST00000389048.7	ALK	None	None	None	None	None	None	18414414	38
COSS1164495	1164495	COSO29824862	None	None	None	None	ENST00000318522.9	EML4	None	None	None	None	None	None	None	ENST00000389048.7	ALK	None	None	None	None	None	None	18414414	38
COSS1164496	1164496	COSO29824862	None	None	None	None	ENST00000318522.9	EML4	None	None	None	None	None	None	None	ENST00000389048.7	ALK	None	None	None	None	None	None	18414414	38
COSS1164497	1164497	COSO29824862	None	None	None	None	ENST00000318522.9	EML4	None	None	None	None	None	None	None	ENST00000389048.7	ALK	None	None	None	None	None	None	18414414	38
COSS1164498	1164498	COSO29824862	None	None	None	None	ENST00000318522.9	EML4	None	None	None	None	None	None	None	ENST00000389048.7	ALK	None	None	None	None	None	None	18414414	38
COSS1164499	1164499	COSO29824862	None	None	None	None	ENST00000318522.9	EML4	None	None	None	None	None	None	None	ENST00000389048.7	ALK	None	None	None	None	None	None	18414414	38
COSS1164500	1164500	COSO29824862	None	None	None	None	ENST00000318522.9	EML4	None	None	None	None	None	None	None	ENST00000389048.7	ALK	None	None	None	None	None	None	18414414	38
COSS1164501	1164501	COSO29824862	None	None	None	None	ENST00000318522.9	EML4	None	None	None	None	None	None	None	ENST00000389048.7	ALK	None	None	None	None	None	None	18414414	38
COSS1164502	1164502	COSO29824862	None	None	None	None	ENST00000318522.9	EML4	None	None	None	None	None	None	None	ENST00000389048.7	ALK	None	None	None	None	None	None	18414414	38
COSS1164503	1164503	COSO29824862	None	None	None	None	ENST00000318522.9	EML4	None	None	None	None	None	None	None	ENST00000389048.7	ALK	None	None	None	None	None	None	18414414	38
COSS1164504	1164504	COSO29824862	None	None	None	None	ENST00000318522.9	EML4	None	None	None	None	None	None	None	ENST00000389048.7	ALK	None	None	None	None	None	None	18414414	38
COSS1164508	1164508	COSO29824862	None	None	None	None	ENST00000318522.9	EML4	None	None	None	None	None	None	None	ENST00000389048.7	ALK	None	None	None	None	None	None	18414414	38
COSS1164505	1164505	COSO29824862	None	None	None	None	ENST00000318522.9	EML4	None	None	None	None	None	None	None	ENST00000389048.7	ALK	None	None	None	None	None	None	18414414	38
COSS1164506	1164506	COSO29824862	None	None	None	None	ENST00000318522.9	EML4	None	None	None	None	None	None	None	ENST00000389048.7	ALK	None	None	None	None	None	None	18414414	38
COSS1164507	1164507	COSO29824862	None	None	None	None	ENST00000318522.9	EML4	None	None	None	None	None	None	None	ENST00000389048.7	ALK	None	None	None	None	None	None	18414414	38
COSS1164509	1164509	COSO29824862	None	None	None	None	ENST00000318522.9	EML4	None	None	None	None	None	None	None	ENST00000389048.7	ALK	None	None	None	None	None	None	18414414	38
COSS1164510	1164510	COSO29824862	None	None	None	None	ENST00000318522.9	EML4	None	None	None	None	None	None	None	ENST00000389048.7	ALK	None	None	None	None	None	None	18414414	38
COSS1164511	1164511	COSO29824862	None	None	None	None	ENST00000318522.9	EML4	None	None	None	None	None	None	None	ENST00000389048.7	ALK	None	None	None	None	None	None	18414414	38
COSS1164512	1164512	COSO29824862	None	None	None	None	ENST00000318522.9	EML4	None	None	None	None	None	None	None	ENST00000389048.7	ALK	None	None	None	None	None	None	18414414	38
COSS1164513	1164513	COSO29824862	None	None	None	None	ENST00000318522.9	EML4	None	None	None	None	None	None	None	ENST00000389048.7	ALK	None	None	None	None	None	None	18414414	38
COSS1164514	1164514	COSO29824862	None	None	None	None	ENST00000318522.9	EML4	None	None	None	None	None	None	None	ENST00000389048.7	ALK	None	None	None	None	None	None	18414414	38
COSS1164515	1164515	COSO29824862	None	None	None	None	ENST00000318522.9	EML4	None	None	None	None	None	None	None	ENST00000389048.7	ALK	None	None	None	None	None	None	18414414	38
COSS1164516	1164516	COSO29824862	None	None	None	None	ENST00000318522.9	EML4	None	None	None	None	None	None	None	ENST00000389048.7	ALK	None	None	None	None	None	None	18414414	38
COSS1164517	1164517	COSO29824862	None	None	None	None	ENST00000318522.9	EML4	None	None	None	None	None	None	None	ENST00000389048.7	ALK	None	None	None	None	None	None	18414414	38
COSS1164518	1164518	COSO29824862	None	None	None	None	ENST00000318522.9	EML4	None	None	None	None	None	None	None	ENST00000389048.7	ALK	None	None	None	None	None	None	18414414	38
COSS1164519	1164519	COSO29824862	None	None	None	None	ENST00000318522.9	EML4	None	None	None	None	None	None	None	ENST00000389048.7	ALK	None	None	None	None	None	None	18414414	38
COSS1164520	1164520	COSO29824862	None	None	None	None	ENST00000318522.9	EML4	None	None	None	None	None	None	None	ENST00000389048.7	ALK	None	None	None	None	None	None	18414414	38
COSS1164521	1164521	COSO29824862	None	None	None	None	ENST00000318522.9	EML4	None	None	None	None	None	None	None	ENST00000389048.7	ALK	None	None	None	None	None	None	18414414	38
COSS1164522	1164522	COSO29824862	None	None	None	None	ENST00000318522.9	EML4	None	None	None	None	None	None	None	ENST00000389048.7	ALK	None	None	None	None	None	None	18414414	38
COSS1164523	1164523	COSO29824862	None	None	None	None	ENST00000318522.9	EML4	None	None	None	None	None	None	None	ENST00000389048.7	ALK	None	None	None	None	None	None	18414414	38
COSS1164524	1164524	COSO29824862	None	None	None	None	ENST00000318522.9	EML4	None	None	None	None	None	None	None	ENST00000389048.7	ALK	None	None	None	None	None	None	18414414	38
COSS1164525	1164525	COSO29824862	None	None	None	None	ENST00000318522.9	EML4	None	None	None	None	None	None	None	ENST00000389048.7	ALK	None	None	None	None	None	None	18414414	38
COSS1164526	1164526	COSO29824862	None	None	None	None	ENST00000318522.9	EML4	None	None	None	None	None	None	None	ENST00000389048.7	ALK	None	None	None	None	None	None	18414414	38
COSS1164527	1164527	COSO29824862	None	None	None	None	ENST00000318522.9	EML4	None	None	None	None	None	None	None	ENST00000389048.7	ALK	None	None	None	None	None	None	18414414	38
COSS1164528	1164528	COSO29824862	None	None	None	None	ENST00000318522.9	EML4	None	None	None	None	None	None	None	ENST00000389048.7	ALK	None	None	None	None	None	None	18414414	38
COSS1164529	1164529	COSO29824862	None	None	None	None	ENST00000318522.9	EML4	None	None	None	None	None	None	None	ENST00000389048.7	ALK	None	None	None	None	None	None	18414414	38
COSS1164530	1164530	COSO29824862	None	None	None	None	ENST00000318522.9	EML4	None	None	None	None	None	None	None	ENST00000389048.7	ALK	None	None	None	None	None	None	18414414	38
COSS1164531	1164531	COSO29824862	None	None	None	None	ENST00000318522.9	EML4	None	None	None	None	None	None	None	ENST00000389048.7	ALK	None	None	None	None	None	None	18414414	38
COSS1164532	1164532	COSO29824862	None	None	None	None	ENST00000318522.9	EML4	None	None	None	None	None	None	None	ENST00000389048.7	ALK	None	None	None	None	None	None	18414414	38
COSS1164533	1164533	COSO29824862	None	None	None	None	ENST00000318522.9	EML4	None	None	None	None	None	None	None	ENST00000389048.7	ALK	None	None	None	None	None	None	18414414	38
COSS1164534	1164534	COSO29824862	None	None	None	None	ENST00000318522.9	EML4	None	None	None	None	None	None	None	ENST00000389048.7	ALK	None	None	None	None	None	None	18414414	38
COSS1164535	1164535	COSO29824862	None	None	None	None	ENST00000318522.9	EML4	None	None	None	None	None	None	None	ENST00000389048.7	ALK	None	None	None	None	None	None	18414414	38
COSS1164536	1164536	COSO29824862	None	None	None	None	ENST00000318522.9	EML4	None	None	None	None	None	None	None	ENST00000389048.7	ALK	None	None	None	None	None	None	18414414	38
COSS1164537	1164537	COSO29824862	None	None	None	None	ENST00000318522.9	EML4	None	None	None	None	None	None	None	ENST00000389048.7	ALK	None	None	None	None	None	None	18414414	38
COSS1164538	1164538	COSO29824862	None	None	None	None	ENST00000318522.9	EML4	None	None	None	None	None	None	None	ENST00000389048.7	ALK	None	None	None	None	None	None	18414414	38
COSS1164539	1164539	COSO29824862	None	None	None	None	ENST00000318522.9	EML4	None	None	None	None	None	None	None	ENST00000389048.7	ALK	None	None	None	None	None	None	18414414	38
COSS1164540	1164540	COSO29824862	None	None	None	None	ENST00000318522.9	EML4	None	None	None	None	None	None	None	ENST00000389048.7	ALK	None	None	None	None	None	None	18414414	38
COSS1164541	1164541	COSO29824862	None	None	None	None	ENST00000318522.9	EML4	None	None	None	None	None	None	None	ENST00000389048.7	ALK	None	None	None	None	None	None	18414414	38
COSS1164542	1164542	COSO29824862	None	None	None	None	ENST00000318522.9	EML4	None	None	None	None	None	None	None	ENST00000389048.7	ALK	None	None	None	None	None	None	18414414	38
COSS2466268	2466268	COSO29824851	None	None	None	None	ENST00000254322.2	DNAJB1	None	None	None	None	None	None	None	ENST00000308677.8	PRKACA	None	None	None	None	None	None	25698061	38
COSS2466269	2466269	COSO29824851	None	None	None	None	ENST00000254322.2	DNAJB1	None	None	None	None	None	None	None	ENST00000308677.8	PRKACA	None	None	None	None	None	None	25698061	38
COSS2466270	2466270	COSO29824851	None	None	None	None	ENST00000254322.2	DNAJB1	None	None	None	None	None	None	None	ENST00000308677.8	PRKACA	None	None	None	None	None	None	25698061	38
COSS2466271	2466271	COSO29824851	None	None	None	None	ENST00000254322.2	DNAJB1	None	None	None	None	None	None	None	ENST00000308677.8	PRKACA	None	None	None	None	None	None	25698061	38
COSS2466272	2466272	COSO29824851	None	None	None	None	ENST00000254322.2	DNAJB1	None	None	None	None	None	None	None	ENST00000308677.8	PRKACA	None	None	None	None	None	None	25698061	38
COSS2466273	2466273	COSO29824851	None	None	None	None	ENST00000254322.2	DNAJB1	None	None	None	None	None	None	None	ENST00000308677.8	PRKACA	None	None	None	None	None	None	25698061	38
COSS2466274	2466274	COSO29824851	None	None	None	None	ENST00000254322.2	DNAJB1	None	None	None	None	None	None	None	ENST00000308677.8	PRKACA	None	None	None	None	None	None	25698061	38
COSS2466275	2466275	COSO29824851	None	None	None	None	ENST00000254322.2	DNAJB1	None	None	None	None	None	None	None	ENST00000308677.8	PRKACA	None	None	None	None	None	None	25698061	38
COSS2466276	2466276	COSO29824851	None	None	None	None	ENST00000254322.2	DNAJB1	None	None	None	None	None	None	None	ENST00000308677.8	PRKACA	None	None	None	None	None	None	25698061	38
COSS2466277	2466277	COSO29824851	None	None	None	None	ENST00000254322.2	DNAJB1	None	None	None	None	None	None	None	ENST00000308677.8	PRKACA	None	None	None	None	None	None	25698061	38
COSS2466278	2466278	COSO29824851	None	None	None	None	ENST00000254322.2	DNAJB1	None	None	None	None	None	None	None	ENST00000308677.8	PRKACA	None	None	None	None	None	None	25698061	38
COSS2466279	2466279	COSO29824851	None	None	None	None	ENST00000254322.2	DNAJB1	None	None	None	None	None	None	None	ENST00000308677.8	PRKACA	None	None	None	None	None	None	25698061	38
COSS2466280	2466280	COSO29824851	None	None	None	None	ENST00000254322.2	DNAJB1	None	None	None	None	None	None	None	ENST00000308677.8	PRKACA	None	None	None	None	None	None	25698061	38
COSS2466281	2466281	COSO29824851	None	None	None	None	ENST00000254322.2	DNAJB1	None	None	None	None	None	None	None	ENST00000308677.8	PRKACA	None	None	None	None	None	None	25698061	38
COSS2466282	2466282	COSO29824851	None	None	None	None	ENST00000254322.2	DNAJB1	None	None	None	None	None	None	None	ENST00000308677.8	PRKACA	None	None	None	None	None	None	25698061	38
COSS2466283	2466283	COSO29824851	None	None	None	None	ENST00000254322.2	DNAJB1	None	None	None	None	None	None	None	ENST00000308677.8	PRKACA	None	None	None	None	None	None	25698061	38
COSS2466284	2466284	COSO29824851	None	None	None	None	ENST00000254322.2	DNAJB1	None	None	None	None	None	None	None	ENST00000308677.8	PRKACA	None	None	None	None	None	None	25698061	38
COSS2466285	2466285	COSO29824851	None	None	None	None	ENST00000254322.2	DNAJB1	None	None	None	None	None	None	None	ENST00000308677.8	PRKACA	None	None	None	None	None	None	25698061	38
COSS2466286	2466286	COSO29824851	None	None	None	None	ENST00000254322.2	DNAJB1	None	None	None	None	None	None	None	ENST00000308677.8	PRKACA	None	None	None	None	None	None	25698061	38
COSS2466287	2466287	COSO29824851	None	None	None	None	ENST00000254322.2	DNAJB1	None	None	None	None	None	None	None	ENST00000308677.8	PRKACA	None	None	None	None	None	None	25698061	38
COSS2466288	2466288	COSO29824851	None	None	None	None	ENST00000254322.2	DNAJB1	None	None	None	None	None	None	None	ENST00000308677.8	PRKACA	None	None	None	None	None	None	25698061	38
COSS2466289	2466289	COSO29825602	None	None	None	None	ENST00000254322.2	DNAJB1	None	None	None	None	None	None	None	ENST00000308677.8	PRKACA	None	None	None	None	None	None	25698061	38
COSS2466290	2466290	COSO29825602	None	None	None	None	ENST00000254322.2	DNAJB1	None	None	None	None	None	None	None	ENST00000308677.8	PRKACA	None	None	None	None	None	None	25698061	38
COSS2466291	2466291	COSO29825602	None	None	None	None	ENST00000254322.2	DNAJB1	None	None	None	None	None	None	None	ENST00000308677.8	PRKACA	None	None	None	None	None	None	25698061	38
COSS2466292	2466292	COSO29825602	None	None	None	None	ENST00000254322.2	DNAJB1	None	None	None	None	None	None	None	ENST00000308677.8	PRKACA	None	None	None	None	None	None	25698061	38
COSS2364484	2364484	COSO29825600	COSF2217	ENST00000254322.2(DNAJB1):r.1_282::ENST00000308677.8(PRKACA):r.245_2677	19	-	ENST00000254322.2	DNAJB1	1	14518139	14518139	14518420	14518420	19	-	ENST00000308677.8	PRKACA	2	14091688	14091688	14107408	14107408	Observed mRNA	25557953	38
COSS2364482	FLC100	COSO29825600	None	None	None	None	ENST00000254322.2	DNAJB1	None	None	None	None	None	None	None	ENST00000308677.8	PRKACA	None	None	None	None	None	None	25557953	38
COSS2364483	2364483	COSO29825600	None	None	None	None	ENST00000254322.2	DNAJB1	None	None	None	None	None	None	None	ENST00000308677.8	PRKACA	None	None	None	None	None	None	25557953	38
COSS2364484	2364484	COSO29825600	COSF2217	ENST00000254322.2(DNAJB1):r.1_282::ENST00000308677.8(PRKACA):r.245_2677	19	-	ENST00000254322.2	DNAJB1	1	14518139	14518139	14518420	14518420	19	-	ENST00000308677.8	PRKACA	2	14091688	14091688	14107408	14107408	Inferred Breakpoint	25557953	38
COSS2364485	2364485	COSO29825600	COSF2217	ENST00000254322.2(DNAJB1):r.1_282::ENST00000308677.8(PRKACA):r.245_2677	19	-	ENST00000254322.2	DNAJB1	1	14518139	14518139	14518420	14518420	19	-	ENST00000308677.8	PRKACA	2	14091688	14091688	14107408	14107408	Observed mRNA	25557953	38
COSS2364485	2364485	COSO29825600	COSF2217	ENST00000254322.2(DNAJB1):r.1_282::ENST00000308677.8(PRKACA):r.245_2677	19	-	ENST00000254322.2	DNAJB1	1	14518139	14518139	14518420	14518420	19	-	ENST00000308677.8	PRKACA	2	14091688	14091688	14107408	14107408	Inferred Breakpoint	25557953	38
COSS2364486	2364486	COSO29825600	COSF2217	ENST00000254322.2(DNAJB1):r.1_282::ENST00000308677.8(PRKACA):r.245_2677	19	-	ENST00000254322.2	DNAJB1	1	14518139	14518139	14518420	14518420	19	-	ENST00000308677.8	PRKACA	2	14091688	14091688	14107408	14107408	Observed mRNA	25557953	38
COSS2364486	2364486	COSO29825600	COSF2217	ENST00000254322.2(DNAJB1):r.1_282::ENST00000308677.8(PRKACA):r.245_2677	19	-	ENST00000254322.2	DNAJB1	1	14518139	14518139	14518420	14518420	19	-	ENST00000308677.8	PRKACA	2	14091688	14091688	14107408	14107408	Inferred Breakpoint	25557953	38
COSS2364487	2364487	COSO29825600	COSF2217	ENST00000254322.2(DNAJB1):r.1_282::ENST00000308677.8(PRKACA):r.245_2677	19	-	ENST00000254322.2	DNAJB1	1	14518139	14518139	14518420	14518420	19	-	ENST00000308677.8	PRKACA	2	14091688	14091688	14107408	14107408	Inferred Breakpoint	25557953	38
COSS2364487	2364487	COSO29825600	COSF2217	ENST00000254322.2(DNAJB1):r.1_282::ENST00000308677.8(PRKACA):r.245_2677	19	-	ENST00000254322.2	DNAJB1	1	14518139	14518139	14518420	14518420	19	-	ENST00000308677.8	PRKACA	2	14091688	14091688	14107408	14107408	Observed mRNA	25557953	38
COSS2364488	2364488	COSO29825600	COSF2217	ENST00000254322.2(DNAJB1):r.1_282::ENST00000308677.8(PRKACA):r.245_2677	19	-	ENST00000254322.2	DNAJB1	1	14518139	14518139	14518420	14518420	19	-	ENST00000308677.8	PRKACA	2	14091688	14091688	14107408	14107408	Inferred Breakpoint	25557953	38
COSS2364488	2364488	COSO29825600	COSF2217	ENST00000254322.2(DNAJB1):r.1_282::ENST00000308677.8(PRKACA):r.245_2677	19	-	ENST00000254322.2	DNAJB1	1	14518139	14518139	14518420	14518420	19	-	ENST00000308677.8	PRKACA	2	14091688	14091688	14107408	14107408	Observed mRNA	25557953	38
COSS2364489	2364489	COSO29825600	COSF2217	ENST00000254322.2(DNAJB1):r.1_282::ENST00000308677.8(PRKACA):r.245_2677	19	-	ENST00000254322.2	DNAJB1	1	14518139	14518139	14518420	14518420	19	-	ENST00000308677.8	PRKACA	2	14091688	14091688	14107408	14107408	Observed mRNA	25557953	38
COSS2364489	2364489	COSO29825600	COSF2217	ENST00000254322.2(DNAJB1):r.1_282::ENST00000308677.8(PRKACA):r.245_2677	19	-	ENST00000254322.2	DNAJB1	1	14518139	14518139	14518420	14518420	19	-	ENST00000308677.8	PRKACA	2	14091688	14091688	14107408	14107408	Inferred Breakpoint	25557953	38
COSS2364490	2364490	COSO29825600	COSF2217	ENST00000254322.2(DNAJB1):r.1_282::ENST00000308677.8(PRKACA):r.245_2677	19	-	ENST00000254322.2	DNAJB1	1	14518139	14518139	14518420	14518420	19	-	ENST00000308677.8	PRKACA	2	14091688	14091688	14107408	14107408	Inferred Breakpoint	25557953	38
COSS2364490	2364490	COSO29825600	COSF2217	ENST00000254322.2(DNAJB1):r.1_282::ENST00000308677.8(PRKACA):r.245_2677	19	-	ENST00000254322.2	DNAJB1	1	14518139	14518139	14518420	14518420	19	-	ENST00000308677.8	PRKACA	2	14091688	14091688	14107408	14107408	Observed mRNA	25557953	38
COSS2364491	2364491	COSO29825600	COSF2217	ENST00000254322.2(DNAJB1):r.1_282::ENST00000308677.8(PRKACA):r.245_2677	19	-	ENST00000254322.2	DNAJB1	1	14518139	14518139	14518420	14518420	19	-	ENST00000308677.8	PRKACA	2	14091688	14091688	14107408	14107408	Inferred Breakpoint	25557953	38
COSS2364491	2364491	COSO29825600	COSF2217	ENST00000254322.2(DNAJB1):r.1_282::ENST00000308677.8(PRKACA):r.245_2677	19	-	ENST00000254322.2	DNAJB1	1	14518139	14518139	14518420	14518420	19	-	ENST00000308677.8	PRKACA	2	14091688	14091688	14107408	14107408	Observed mRNA	25557953	38
COSS2364492	2364492	COSO29825600	COSF2217	ENST00000254322.2(DNAJB1):r.1_282::ENST00000308677.8(PRKACA):r.245_2677	19	-	ENST00000254322.2	DNAJB1	1	14518139	14518139	14518420	14518420	19	-	ENST00000308677.8	PRKACA	2	14091688	14091688	14107408	14107408	Inferred Breakpoint	25557953	38
COSS2364492	2364492	COSO29825600	COSF2217	ENST00000254322.2(DNAJB1):r.1_282::ENST00000308677.8(PRKACA):r.245_2677	19	-	ENST00000254322.2	DNAJB1	1	14518139	14518139	14518420	14518420	19	-	ENST00000308677.8	PRKACA	2	14091688	14091688	14107408	14107408	Observed mRNA	25557953	38
COSS2364493	2364493	COSO29825600	COSF2217	ENST00000254322.2(DNAJB1):r.1_282::ENST00000308677.8(PRKACA):r.245_2677	19	-	ENST00000254322.2	DNAJB1	1	14518139	14518139	14518420	14518420	19	-	ENST00000308677.8	PRKACA	2	14091688	14091688	14107408	14107408	Observed mRNA	25557953	38
COSS2364493	2364493	COSO29825600	COSF2217	ENST00000254322.2(DNAJB1):r.1_282::ENST00000308677.8(PRKACA):r.245_2677	19	-	ENST00000254322.2	DNAJB1	1	14518139	14518139	14518420	14518420	19	-	ENST00000308677.8	PRKACA	2	14091688	14091688	14107408	14107408	Inferred Breakpoint	25557953	38
COSS2364494	2364494	COSO29825600	COSF2217	ENST00000254322.2(DNAJB1):r.1_282::ENST00000308677.8(PRKACA):r.245_2677	19	-	ENST00000254322.2	DNAJB1	1	14518139	14518139	14518420	14518420	19	-	ENST00000308677.8	PRKACA	2	14091688	14091688	14107408	14107408	Observed mRNA	25557953	38
COSS2364494	2364494	COSO29825600	COSF2217	ENST00000254322.2(DNAJB1):r.1_282::ENST00000308677.8(PRKACA):r.245_2677	19	-	ENST00000254322.2	DNAJB1	1	14518139	14518139	14518420	14518420	19	-	ENST00000308677.8	PRKACA	2	14091688	14091688	14107408	14107408	Inferred Breakpoint	25557953	38
COSS2364495	2364495	COSO29825600	COSF2217	ENST00000254322.2(DNAJB1):r.1_282::ENST00000308677.8(PRKACA):r.245_2677	19	-	ENST00000254322.2	DNAJB1	1	14518139	14518139	14518420	14518420	19	-	ENST00000308677.8	PRKACA	2	14091688	14091688	14107408	14107408	Inferred Breakpoint	25557953	38
COSS2364495	2364495	COSO29825600	COSF2217	ENST00000254322.2(DNAJB1):r.1_282::ENST00000308677.8(PRKACA):r.245_2677	19	-	ENST00000254322.2	DNAJB1	1	14518139	14518139	14518420	14518420	19	-	ENST00000308677.8	PRKACA	2	14091688	14091688	14107408	14107408	Observed mRNA	25557953	38
COSS2364496	2364496	COSO29825600	COSF2217	ENST00000254322.2(DNAJB1):r.1_282::ENST00000308677.8(PRKACA):r.245_2677	19	-	ENST00000254322.2	DNAJB1	1	14518139	14518139	14518420	14518420	19	-	ENST00000308677.8	PRKACA	2	14091688	14091688	14107408	14107408	Observed mRNA	25557953	38
COSS2364496	2364496	COSO29825600	COSF2217	ENST00000254322.2(DNAJB1):r.1_282::ENST00000308677.8(PRKACA):r.245_2677	19	-	ENST00000254322.2	DNAJB1	1	14518139	14518139	14518420	14518420	19	-	ENST00000308677.8	PRKACA	2	14091688	14091688	14107408	14107408	Inferred Breakpoint	25557953	38
COSS2364497	2364497	COSO29825600	COSF2217	ENST00000254322.2(DNAJB1):r.1_282::ENST00000308677.8(PRKACA):r.245_2677	19	-	ENST00000254322.2	DNAJB1	1	14518139	14518139	14518420	14518420	19	-	ENST00000308677.8	PRKACA	2	14091688	14091688	14107408	14107408	Observed mRNA	25557953	38
COSS2364497	2364497	COSO29825600	COSF2217	ENST00000254322.2(DNAJB1):r.1_282::ENST00000308677.8(PRKACA):r.245_2677	19	-	ENST00000254322.2	DNAJB1	1	14518139	14518139	14518420	14518420	19	-	ENST00000308677.8	PRKACA	2	14091688	14091688	14107408	14107408	Inferred Breakpoint	25557953	38
COSS2364498	2364498	COSO29825600	COSF2217	ENST00000254322.2(DNAJB1):r.1_282::ENST00000308677.8(PRKACA):r.245_2677	19	-	ENST00000254322.2	DNAJB1	1	14518139	14518139	14518420	14518420	19	-	ENST00000308677.8	PRKACA	2	14091688	14091688	14107408	14107408	Inferred Breakpoint	25557953	38
COSS2364498	2364498	COSO29825600	COSF2217	ENST00000254322.2(DNAJB1):r.1_282::ENST00000308677.8(PRKACA):r.245_2677	19	-	ENST00000254322.2	DNAJB1	1	14518139	14518139	14518420	14518420	19	-	ENST00000308677.8	PRKACA	2	14091688	14091688	14107408	14107408	Observed mRNA	25557953	38
COSS2364499	2364499	COSO29825600	COSF2217	ENST00000254322.2(DNAJB1):r.1_282::ENST00000308677.8(PRKACA):r.245_2677	19	-	ENST00000254322.2	DNAJB1	1	14518139	14518139	14518420	14518420	19	-	ENST00000308677.8	PRKACA	2	14091688	14091688	14107408	14107408	Observed mRNA	25557953	38
COSS2364499	2364499	COSO29825600	COSF2217	ENST00000254322.2(DNAJB1):r.1_282::ENST00000308677.8(PRKACA):r.245_2677	19	-	ENST00000254322.2	DNAJB1	1	14518139	14518139	14518420	14518420	19	-	ENST00000308677.8	PRKACA	2	14091688	14091688	14107408	14107408	Inferred Breakpoint	25557953	38
COSS2364500	2364500	COSO29825600	COSF2217	ENST00000254322.2(DNAJB1):r.1_282::ENST00000308677.8(PRKACA):r.245_2677	19	-	ENST00000254322.2	DNAJB1	1	14518139	14518139	14518420	14518420	19	-	ENST00000308677.8	PRKACA	2	14091688	14091688	14107408	14107408	Inferred Breakpoint	25557953	38
COSS2364500	2364500	COSO29825600	COSF2217	ENST00000254322.2(DNAJB1):r.1_282::ENST00000308677.8(PRKACA):r.245_2677	19	-	ENST00000254322.2	DNAJB1	1	14518139	14518139	14518420	14518420	19	-	ENST00000308677.8	PRKACA	2	14091688	14091688	14107408	14107408	Observed mRNA	25557953	38
COSS2364501	2364501	COSO29825600	COSF2217	ENST00000254322.2(DNAJB1):r.1_282::ENST00000308677.8(PRKACA):r.245_2677	19	-	ENST00000254322.2	DNAJB1	1	14518139	14518139	14518420	14518420	19	-	ENST00000308677.8	PRKACA	2	14091688	14091688	14107408	14107408	Inferred Breakpoint	25557953	38
COSS2364501	2364501	COSO29825600	COSF2217	ENST00000254322.2(DNAJB1):r.1_282::ENST00000308677.8(PRKACA):r.245_2677	19	-	ENST00000254322.2	DNAJB1	1	14518139	14518139	14518420	14518420	19	-	ENST00000308677.8	PRKACA	2	14091688	14091688	14107408	14107408	Observed mRNA	25557953	38
COSS2364502	2364502	COSO29825600	COSF2217	ENST00000254322.2(DNAJB1):r.1_282::ENST00000308677.8(PRKACA):r.245_2677	19	-	ENST00000254322.2	DNAJB1	1	14518139	14518139	14518420	14518420	19	-	ENST00000308677.8	PRKACA	2	14091688	14091688	14107408	14107408	Inferred Breakpoint	25557953	38
COSS2364502	2364502	COSO29825600	COSF2217	ENST00000254322.2(DNAJB1):r.1_282::ENST00000308677.8(PRKACA):r.245_2677	19	-	ENST00000254322.2	DNAJB1	1	14518139	14518139	14518420	14518420	19	-	ENST00000308677.8	PRKACA	2	14091688	14091688	14107408	14107408	Observed mRNA	25557953	38
COSS2364503	2364503	COSO29825600	COSF2217	ENST00000254322.2(DNAJB1):r.1_282::ENST00000308677.8(PRKACA):r.245_2677	19	-	ENST00000254322.2	DNAJB1	1	14518139	14518139	14518420	14518420	19	-	ENST00000308677.8	PRKACA	2	14091688	14091688	14107408	14107408	Observed mRNA	25557953	38
COSS2364503	2364503	COSO29825600	COSF2217	ENST00000254322.2(DNAJB1):r.1_282::ENST00000308677.8(PRKACA):r.245_2677	19	-	ENST00000254322.2	DNAJB1	1	14518139	14518139	14518420	14518420	19	-	ENST00000308677.8	PRKACA	2	14091688	14091688	14107408	14107408	Inferred Breakpoint	25557953	38
COSS2364504	2364504	COSO29825600	COSF2217	ENST00000254322.2(DNAJB1):r.1_282::ENST00000308677.8(PRKACA):r.245_2677	19	-	ENST00000254322.2	DNAJB1	1	14518139	14518139	14518420	14518420	19	-	ENST00000308677.8	PRKACA	2	14091688	14091688	14107408	14107408	Observed mRNA	25557953	38
COSS2364504	2364504	COSO29825600	COSF2217	ENST00000254322.2(DNAJB1):r.1_282::ENST00000308677.8(PRKACA):r.245_2677	19	-	ENST00000254322.2	DNAJB1	1	14518139	14518139	14518420	14518420	19	-	ENST00000308677.8	PRKACA	2	14091688	14091688	14107408	14107408	Inferred Breakpoint	25557953	38
COSS2364505	2364505	COSO29825600	COSF2217	ENST00000254322.2(DNAJB1):r.1_282::ENST00000308677.8(PRKACA):r.245_2677	19	-	ENST00000254322.2	DNAJB1	1	14518139	14518139	14518420	14518420	19	-	ENST00000308677.8	PRKACA	2	14091688	14091688	14107408	14107408	Inferred Breakpoint	25557953	38
COSS2364505	2364505	COSO29825600	COSF2217	ENST00000254322.2(DNAJB1):r.1_282::ENST00000308677.8(PRKACA):r.245_2677	19	-	ENST00000254322.2	DNAJB1	1	14518139	14518139	14518420	14518420	19	-	ENST00000308677.8	PRKACA	2	14091688	14091688	14107408	14107408	Observed mRNA	25557953	38
COSS2364506	2364506	COSO29825600	COSF2217	ENST00000254322.2(DNAJB1):r.1_282::ENST00000308677.8(PRKACA):r.245_2677	19	-	ENST00000254322.2	DNAJB1	1	14518139	14518139	14518420	14518420	19	-	ENST00000308677.8	PRKACA	2	14091688	14091688	14107408	14107408	Inferred Breakpoint	25557953	38
COSS2364506	2364506	COSO29825600	COSF2217	ENST00000254322.2(DNAJB1):r.1_282::ENST00000308677.8(PRKACA):r.245_2677	19	-	ENST00000254322.2	DNAJB1	1	14518139	14518139	14518420	14518420	19	-	ENST00000308677.8	PRKACA	2	14091688	14091688	14107408	14107408	Observed mRNA	25557953	38
COSS2364507	2364507	COSO29825600	COSF2217	ENST00000254322.2(DNAJB1):r.1_282::ENST00000308677.8(PRKACA):r.245_2677	19	-	ENST00000254322.2	DNAJB1	1	14518139	14518139	14518420	14518420	19	-	ENST00000308677.8	PRKACA	2	14091688	14091688	14107408	14107408	Inferred Breakpoint	25557953	38
COSS2364507	2364507	COSO29825600	COSF2217	ENST00000254322.2(DNAJB1):r.1_282::ENST00000308677.8(PRKACA):r.245_2677	19	-	ENST00000254322.2	DNAJB1	1	14518139	14518139	14518420	14518420	19	-	ENST00000308677.8	PRKACA	2	14091688	14091688	14107408	14107408	Observed mRNA	25557953	38
COSS2364508	2364508	COSO29825600	COSF2217	ENST00000254322.2(DNAJB1):r.1_282::ENST00000308677.8(PRKACA):r.245_2677	19	-	ENST00000254322.2	DNAJB1	1	14518139	14518139	14518420	14518420	19	-	ENST00000308677.8	PRKACA	2	14091688	14091688	14107408	14107408	Observed mRNA	25557953	38
COSS2364508	2364508	COSO29825600	COSF2217	ENST00000254322.2(DNAJB1):r.1_282::ENST00000308677.8(PRKACA):r.245_2677	19	-	ENST00000254322.2	DNAJB1	1	14518139	14518139	14518420	14518420	19	-	ENST00000308677.8	PRKACA	2	14091688	14091688	14107408	14107408	Inferred Breakpoint	25557953	38
COSS2364509	2364509	COSO29825600	COSF2217	ENST00000254322.2(DNAJB1):r.1_282::ENST00000308677.8(PRKACA):r.245_2677	19	-	ENST00000254322.2	DNAJB1	1	14518139	14518139	14518420	14518420	19	-	ENST00000308677.8	PRKACA	2	14091688	14091688	14107408	14107408	Observed mRNA	25557953	38
COSS2364509	2364509	COSO29825600	COSF2217	ENST00000254322.2(DNAJB1):r.1_282::ENST00000308677.8(PRKACA):r.245_2677	19	-	ENST00000254322.2	DNAJB1	1	14518139	14518139	14518420	14518420	19	-	ENST00000308677.8	PRKACA	2	14091688	14091688	14107408	14107408	Inferred Breakpoint	25557953	38
COSS2364510	2364510	COSO29825600	COSF2217	ENST00000254322.2(DNAJB1):r.1_282::ENST00000308677.8(PRKACA):r.245_2677	19	-	ENST00000254322.2	DNAJB1	1	14518139	14518139	14518420	14518420	19	-	ENST00000308677.8	PRKACA	2	14091688	14091688	14107408	14107408	Observed mRNA	25557953	38
COSS2364510	2364510	COSO29825600	COSF2217	ENST00000254322.2(DNAJB1):r.1_282::ENST00000308677.8(PRKACA):r.245_2677	19	-	ENST00000254322.2	DNAJB1	1	14518139	14518139	14518420	14518420	19	-	ENST00000308677.8	PRKACA	2	14091688	14091688	14107408	14107408	Inferred Breakpoint	25557953	38
COSS2364511	2364511	COSO29825600	COSF2217	ENST00000254322.2(DNAJB1):r.1_282::ENST00000308677.8(PRKACA):r.245_2677	19	-	ENST00000254322.2	DNAJB1	1	14518139	14518139	14518420	14518420	19	-	ENST00000308677.8	PRKACA	2	14091688	14091688	14107408	14107408	Inferred Breakpoint	25557953	38
COSS2364511	2364511	COSO29825600	COSF2217	ENST00000254322.2(DNAJB1):r.1_282::ENST00000308677.8(PRKACA):r.245_2677	19	-	ENST00000254322.2	DNAJB1	1	14518139	14518139	14518420	14518420	19	-	ENST00000308677.8	PRKACA	2	14091688	14091688	14107408	14107408	Observed mRNA	25557953	38
COSS2364512	2364512	COSO29825600	COSF2217	ENST00000254322.2(DNAJB1):r.1_282::ENST00000308677.8(PRKACA):r.245_2677	19	-	ENST00000254322.2	DNAJB1	1	14518139	14518139	14518420	14518420	19	-	ENST00000308677.8	PRKACA	2	14091688	14091688	14107408	14107408	Inferred Breakpoint	25557953	38
COSS2364512	2364512	COSO29825600	COSF2217	ENST00000254322.2(DNAJB1):r.1_282::ENST00000308677.8(PRKACA):r.245_2677	19	-	ENST00000254322.2	DNAJB1	1	14518139	14518139	14518420	14518420	19	-	ENST00000308677.8	PRKACA	2	14091688	14091688	14107408	14107408	Observed mRNA	25557953	38
COSS2364513	2364513	COSO29825600	COSF2217	ENST00000254322.2(DNAJB1):r.1_282::ENST00000308677.8(PRKACA):r.245_2677	19	-	ENST00000254322.2	DNAJB1	1	14518139	14518139	14518420	14518420	19	-	ENST00000308677.8	PRKACA	2	14091688	14091688	14107408	14107408	Observed mRNA	25557953	38
COSS2364513	2364513	COSO29825600	COSF2217	ENST00000254322.2(DNAJB1):r.1_282::ENST00000308677.8(PRKACA):r.245_2677	19	-	ENST00000254322.2	DNAJB1	1	14518139	14518139	14518420	14518420	19	-	ENST00000308677.8	PRKACA	2	14091688	14091688	14107408	14107408	Inferred Breakpoint	25557953	38
COSS2364514	2364514	COSO29825600	COSF2217	ENST00000254322.2(DNAJB1):r.1_282::ENST00000308677.8(PRKACA):r.245_2677	19	-	ENST00000254322.2	DNAJB1	1	14518139	14518139	14518420	14518420	19	-	ENST00000308677.8	PRKACA	2	14091688	14091688	14107408	14107408	Inferred Breakpoint	25557953	38
COSS2364514	2364514	COSO29825600	COSF2217	ENST00000254322.2(DNAJB1):r.1_282::ENST00000308677.8(PRKACA):r.245_2677	19	-	ENST00000254322.2	DNAJB1	1	14518139	14518139	14518420	14518420	19	-	ENST00000308677.8	PRKACA	2	14091688	14091688	14107408	14107408	Observed mRNA	25557953	38
COSS2364515	2364515	COSO29825600	COSF2217	ENST00000254322.2(DNAJB1):r.1_282::ENST00000308677.8(PRKACA):r.245_2677	19	-	ENST00000254322.2	DNAJB1	1	14518139	14518139	14518420	14518420	19	-	ENST00000308677.8	PRKACA	2	14091688	14091688	14107408	14107408	Observed mRNA	25557953	38
COSS2364515	2364515	COSO29825600	COSF2217	ENST00000254322.2(DNAJB1):r.1_282::ENST00000308677.8(PRKACA):r.245_2677	19	-	ENST00000254322.2	DNAJB1	1	14518139	14518139	14518420	14518420	19	-	ENST00000308677.8	PRKACA	2	14091688	14091688	14107408	14107408	Inferred Breakpoint	25557953	38
COSS2364516	2364516	COSO29825600	COSF2217	ENST00000254322.2(DNAJB1):r.1_282::ENST00000308677.8(PRKACA):r.245_2677	19	-	ENST00000254322.2	DNAJB1	1	14518139	14518139	14518420	14518420	19	-	ENST00000308677.8	PRKACA	2	14091688	14091688	14107408	14107408	Inferred Breakpoint	25557953	38
COSS2364516	2364516	COSO29825600	COSF2217	ENST00000254322.2(DNAJB1):r.1_282::ENST00000308677.8(PRKACA):r.245_2677	19	-	ENST00000254322.2	DNAJB1	1	14518139	14518139	14518420	14518420	19	-	ENST00000308677.8	PRKACA	2	14091688	14091688	14107408	14107408	Observed mRNA	25557953	38
COSS2364517	2364517	COSO29825600	COSF2217	ENST00000254322.2(DNAJB1):r.1_282::ENST00000308677.8(PRKACA):r.245_2677	19	-	ENST00000254322.2	DNAJB1	1	14518139	14518139	14518420	14518420	19	-	ENST00000308677.8	PRKACA	2	14091688	14091688	14107408	14107408	Inferred Breakpoint	25557953	38
COSS2364517	2364517	COSO29825600	COSF2217	ENST00000254322.2(DNAJB1):r.1_282::ENST00000308677.8(PRKACA):r.245_2677	19	-	ENST00000254322.2	DNAJB1	1	14518139	14518139	14518420	14518420	19	-	ENST00000308677.8	PRKACA	2	14091688	14091688	14107408	14107408	Observed mRNA	25557953	38
COSS2364518	2364518	COSO29825600	COSF2217	ENST00000254322.2(DNAJB1):r.1_282::ENST00000308677.8(PRKACA):r.245_2677	19	-	ENST00000254322.2	DNAJB1	1	14518139	14518139	14518420	14518420	19	-	ENST00000308677.8	PRKACA	2	14091688	14091688	14107408	14107408	Inferred Breakpoint	25557953	38
COSS2364518	2364518	COSO29825600	COSF2217	ENST00000254322.2(DNAJB1):r.1_282::ENST00000308677.8(PRKACA):r.245_2677	19	-	ENST00000254322.2	DNAJB1	1	14518139	14518139	14518420	14518420	19	-	ENST00000308677.8	PRKACA	2	14091688	14091688	14107408	14107408	Observed mRNA	25557953	38
COSS2364519	2364519	COSO29825600	COSF2217	ENST00000254322.2(DNAJB1):r.1_282::ENST00000308677.8(PRKACA):r.245_2677	19	-	ENST00000254322.2	DNAJB1	1	14518139	14518139	14518420	14518420	19	-	ENST00000308677.8	PRKACA	2	14091688	14091688	14107408	14107408	Inferred Breakpoint	25557953	38
COSS2364519	2364519	COSO29825600	COSF2217	ENST00000254322.2(DNAJB1):r.1_282::ENST00000308677.8(PRKACA):r.245_2677	19	-	ENST00000254322.2	DNAJB1	1	14518139	14518139	14518420	14518420	19	-	ENST00000308677.8	PRKACA	2	14091688	14091688	14107408	14107408	Observed mRNA	25557953	38
COSS2364520	2364520	COSO29825600	COSF2217	ENST00000254322.2(DNAJB1):r.1_282::ENST00000308677.8(PRKACA):r.245_2677	19	-	ENST00000254322.2	DNAJB1	1	14518139	14518139	14518420	14518420	19	-	ENST00000308677.8	PRKACA	2	14091688	14091688	14107408	14107408	Observed mRNA	25557953	38
COSS2364520	2364520	COSO29825600	COSF2217	ENST00000254322.2(DNAJB1):r.1_282::ENST00000308677.8(PRKACA):r.245_2677	19	-	ENST00000254322.2	DNAJB1	1	14518139	14518139	14518420	14518420	19	-	ENST00000308677.8	PRKACA	2	14091688	14091688	14107408	14107408	Inferred Breakpoint	25557953	38
COSS2364521	2364521	COSO29825600	COSF2217	ENST00000254322.2(DNAJB1):r.1_282::ENST00000308677.8(PRKACA):r.245_2677	19	-	ENST00000254322.2	DNAJB1	1	14518139	14518139	14518420	14518420	19	-	ENST00000308677.8	PRKACA	2	14091688	14091688	14107408	14107408	Inferred Breakpoint	25557953	38
COSS2364521	2364521	COSO29825600	COSF2217	ENST00000254322.2(DNAJB1):r.1_282::ENST00000308677.8(PRKACA):r.245_2677	19	-	ENST00000254322.2	DNAJB1	1	14518139	14518139	14518420	14518420	19	-	ENST00000308677.8	PRKACA	2	14091688	14091688	14107408	14107408	Observed mRNA	25557953	38
COSS2364522	2364522	COSO29825600	COSF2217	ENST00000254322.2(DNAJB1):r.1_282::ENST00000308677.8(PRKACA):r.245_2677	19	-	ENST00000254322.2	DNAJB1	1	14518139	14518139	14518420	14518420	19	-	ENST00000308677.8	PRKACA	2	14091688	14091688	14107408	14107408	Observed mRNA	25557953	38
COSS2364522	2364522	COSO29825600	COSF2217	ENST00000254322.2(DNAJB1):r.1_282::ENST00000308677.8(PRKACA):r.245_2677	19	-	ENST00000254322.2	DNAJB1	1	14518139	14518139	14518420	14518420	19	-	ENST00000308677.8	PRKACA	2	14091688	14091688	14107408	14107408	Inferred Breakpoint	25557953	38
COSS2364523	2364523	COSO29825600	COSF2217	ENST00000254322.2(DNAJB1):r.1_282::ENST00000308677.8(PRKACA):r.245_2677	19	-	ENST00000254322.2	DNAJB1	1	14518139	14518139	14518420	14518420	19	-	ENST00000308677.8	PRKACA	2	14091688	14091688	14107408	14107408	Inferred Breakpoint	25557953	38
COSS2364523	2364523	COSO29825600	COSF2217	ENST00000254322.2(DNAJB1):r.1_282::ENST00000308677.8(PRKACA):r.245_2677	19	-	ENST00000254322.2	DNAJB1	1	14518139	14518139	14518420	14518420	19	-	ENST00000308677.8	PRKACA	2	14091688	14091688	14107408	14107408	Observed mRNA	25557953	38
COSS2364524	2364524	COSO29825600	COSF2217	ENST00000254322.2(DNAJB1):r.1_282::ENST00000308677.8(PRKACA):r.245_2677	19	-	ENST00000254322.2	DNAJB1	1	14518139	14518139	14518420	14518420	19	-	ENST00000308677.8	PRKACA	2	14091688	14091688	14107408	14107408	Inferred Breakpoint	25557953	38
COSS2364524	2364524	COSO29825600	COSF2217	ENST00000254322.2(DNAJB1):r.1_282::ENST00000308677.8(PRKACA):r.245_2677	19	-	ENST00000254322.2	DNAJB1	1	14518139	14518139	14518420	14518420	19	-	ENST00000308677.8	PRKACA	2	14091688	14091688	14107408	14107408	Observed mRNA	25557953	38
COSS2364525	2364525	COSO29825600	COSF2217	ENST00000254322.2(DNAJB1):r.1_282::ENST00000308677.8(PRKACA):r.245_2677	19	-	ENST00000254322.2	DNAJB1	1	14518139	14518139	14518420	14518420	19	-	ENST00000308677.8	PRKACA	2	14091688	14091688	14107408	14107408	Inferred Breakpoint	25557953	38
COSS2364525	2364525	COSO29825600	COSF2217	ENST00000254322.2(DNAJB1):r.1_282::ENST00000308677.8(PRKACA):r.245_2677	19	-	ENST00000254322.2	DNAJB1	1	14518139	14518139	14518420	14518420	19	-	ENST00000308677.8	PRKACA	2	14091688	14091688	14107408	14107408	Observed mRNA	25557953	38
COSS2364526	2364526	COSO29825600	COSF2217	ENST00000254322.2(DNAJB1):r.1_282::ENST00000308677.8(PRKACA):r.245_2677	19	-	ENST00000254322.2	DNAJB1	1	14518139	14518139	14518420	14518420	19	-	ENST00000308677.8	PRKACA	2	14091688	14091688	14107408	14107408	Observed mRNA	25557953	38
COSS2364526	2364526	COSO29825600	COSF2217	ENST00000254322.2(DNAJB1):r.1_282::ENST00000308677.8(PRKACA):r.245_2677	19	-	ENST00000254322.2	DNAJB1	1	14518139	14518139	14518420	14518420	19	-	ENST00000308677.8	PRKACA	2	14091688	14091688	14107408	14107408	Inferred Breakpoint	25557953	38
COSS2364527	2364527	COSO29825600	COSF2217	ENST00000254322.2(DNAJB1):r.1_282::ENST00000308677.8(PRKACA):r.245_2677	19	-	ENST00000254322.2	DNAJB1	1	14518139	14518139	14518420	14518420	19	-	ENST00000308677.8	PRKACA	2	14091688	14091688	14107408	14107408	Inferred Breakpoint	25557953	38
COSS2364527	2364527	COSO29825600	COSF2217	ENST00000254322.2(DNAJB1):r.1_282::ENST00000308677.8(PRKACA):r.245_2677	19	-	ENST00000254322.2	DNAJB1	1	14518139	14518139	14518420	14518420	19	-	ENST00000308677.8	PRKACA	2	14091688	14091688	14107408	14107408	Observed mRNA	25557953	38
COSS2364528	2364528	COSO29825600	COSF2217	ENST00000254322.2(DNAJB1):r.1_282::ENST00000308677.8(PRKACA):r.245_2677	19	-	ENST00000254322.2	DNAJB1	1	14518139	14518139	14518420	14518420	19	-	ENST00000308677.8	PRKACA	2	14091688	14091688	14107408	14107408	Inferred Breakpoint	25557953	38
COSS2364528	2364528	COSO29825600	COSF2217	ENST00000254322.2(DNAJB1):r.1_282::ENST00000308677.8(PRKACA):r.245_2677	19	-	ENST00000254322.2	DNAJB1	1	14518139	14518139	14518420	14518420	19	-	ENST00000308677.8	PRKACA	2	14091688	14091688	14107408	14107408	Observed mRNA	25557953	38
COSS2464317	2464317	COSO29825600	COSF2217	ENST00000254322.2(DNAJB1):r.1_282::ENST00000308677.8(PRKACA):r.245_2677	19	-	ENST00000254322.2	DNAJB1	1	14518139	14518139	14518420	14518420	19	-	ENST00000308677.8	PRKACA	2	14091688	14091688	14107408	14107408	Inferred Breakpoint	24578576	38
COSS2464316	2464316	COSO29825600	COSF2233	ENST00000254322.2(DNAJB1):r.1_455::ENST00000308677.8(PRKACA):r.244-7912_2677	19	-	ENST00000254322.2	DNAJB1	2	14516874	14516874	14518420	14518420	19	-	ENST00000308677.8	PRKACA	2	14091688	14091688	14115321	14115321	Inferred Breakpoint	24578576	38
COSS2464316	2464316	COSO29825600	COSF2217	ENST00000254322.2(DNAJB1):r.1_282::ENST00000308677.8(PRKACA):r.245_2677	19	-	ENST00000254322.2	DNAJB1	1	14518139	14518139	14518420	14518420	19	-	ENST00000308677.8	PRKACA	2	14091688	14091688	14107408	14107408	Observed mRNA	24578576	38
COSS2464317	2464317	COSO29825600	COSF2217	ENST00000254322.2(DNAJB1):r.1_282::ENST00000308677.8(PRKACA):r.245_2677	19	-	ENST00000254322.2	DNAJB1	1	14518139	14518139	14518420	14518420	19	-	ENST00000308677.8	PRKACA	2	14091688	14091688	14107408	14107408	Observed mRNA	24578576	38
COSS2464319	2464319	COSO29825600	COSF2217	ENST00000254322.2(DNAJB1):r.1_282::ENST00000308677.8(PRKACA):r.245_2677	19	-	ENST00000254322.2	DNAJB1	1	14518139	14518139	14518420	14518420	19	-	ENST00000308677.8	PRKACA	2	14091688	14091688	14107408	14107408	Inferred Breakpoint	24578576	38
COSS2464319	2464319	COSO29825600	COSF2217	ENST00000254322.2(DNAJB1):r.1_282::ENST00000308677.8(PRKACA):r.245_2677	19	-	ENST00000254322.2	DNAJB1	1	14518139	14518139	14518420	14518420	19	-	ENST00000308677.8	PRKACA	2	14091688	14091688	14107408	14107408	Observed mRNA	24578576	38
COSS2464320	2464320	COSO29825600	COSF2217	ENST00000254322.2(DNAJB1):r.1_282::ENST00000308677.8(PRKACA):r.245_2677	19	-	ENST00000254322.2	DNAJB1	1	14518139	14518139	14518420	14518420	19	-	ENST00000308677.8	PRKACA	2	14091688	14091688	14107408	14107408	Inferred Breakpoint	24578576	38
COSS2464320	2464320	COSO29825600	COSF2217	ENST00000254322.2(DNAJB1):r.1_282::ENST00000308677.8(PRKACA):r.245_2677	19	-	ENST00000254322.2	DNAJB1	1	14518139	14518139	14518420	14518420	19	-	ENST00000308677.8	PRKACA	2	14091688	14091688	14107408	14107408	Observed mRNA	24578576	38
COSS2464321	2464321	COSO29825600	COSF2234	ENST00000254322.2(DNAJB1):r.1_573::ENST00000308677.8(PRKACA):r.244-84_2677	19	-	ENST00000254322.2	DNAJB1	2	14516756	14516756	14518420	14518420	19	-	ENST00000308677.8	PRKACA	2	14091688	14091688	14107493	14107493	Inferred Breakpoint	24578576	38
COSS2464321	2464321	COSO29825600	COSF2241	ENST00000254322.2(DNAJB1):r.1_573::ENST00000308677.8(PRKACA):r.244_2677	19	-	ENST00000254322.2	DNAJB1	2	14516756	14516756	14518420	14518420	19	-	ENST00000308677.8	PRKACA	2	14091688	14091688	14107409	14107409	Observed mRNA	24578576	38
COSS2464321	2464321	COSO29825600	COSF2217	ENST00000254322.2(DNAJB1):r.1_282::ENST00000308677.8(PRKACA):r.245_2677	19	-	ENST00000254322.2	DNAJB1	1	14518139	14518139	14518420	14518420	19	-	ENST00000308677.8	PRKACA	2	14091688	14091688	14107408	14107408	Observed mRNA	24578576	38
COSS2464322	2464322	COSO29825600	COSF2217	ENST00000254322.2(DNAJB1):r.1_282::ENST00000308677.8(PRKACA):r.245_2677	19	-	ENST00000254322.2	DNAJB1	1	14518139	14518139	14518420	14518420	19	-	ENST00000308677.8	PRKACA	2	14091688	14091688	14107408	14107408	Inferred Breakpoint	24578576	38
COSS2464322	2464322	COSO29825600	COSF2217	ENST00000254322.2(DNAJB1):r.1_282::ENST00000308677.8(PRKACA):r.245_2677	19	-	ENST00000254322.2	DNAJB1	1	14518139	14518139	14518420	14518420	19	-	ENST00000308677.8	PRKACA	2	14091688	14091688	14107408	14107408	Observed mRNA	24578576	38
COSS2464323	2464323	COSO29825600	COSF2217	ENST00000254322.2(DNAJB1):r.1_282::ENST00000308677.8(PRKACA):r.245_2677	19	-	ENST00000254322.2	DNAJB1	1	14518139	14518139	14518420	14518420	19	-	ENST00000308677.8	PRKACA	2	14091688	14091688	14107408	14107408	Inferred Breakpoint	24578576	38
COSS2464323	2464323	COSO29825600	COSF2217	ENST00000254322.2(DNAJB1):r.1_282::ENST00000308677.8(PRKACA):r.245_2677	19	-	ENST00000254322.2	DNAJB1	1	14518139	14518139	14518420	14518420	19	-	ENST00000308677.8	PRKACA	2	14091688	14091688	14107408	14107408	Observed mRNA	24578576	38
COSS2464324	2464324	COSO29825600	COSF2217	ENST00000254322.2(DNAJB1):r.1_282::ENST00000308677.8(PRKACA):r.245_2677	19	-	ENST00000254322.2	DNAJB1	1	14518139	14518139	14518420	14518420	19	-	ENST00000308677.8	PRKACA	2	14091688	14091688	14107408	14107408	Observed mRNA	24578576	38
COSS2464324	2464324	COSO29825600	COSF2217	ENST00000254322.2(DNAJB1):r.1_282::ENST00000308677.8(PRKACA):r.245_2677	19	-	ENST00000254322.2	DNAJB1	1	14518139	14518139	14518420	14518420	19	-	ENST00000308677.8	PRKACA	2	14091688	14091688	14107408	14107408	Inferred Breakpoint	24578576	38
COSS2464325	2464325	COSO29825600	COSF2217	ENST00000254322.2(DNAJB1):r.1_282::ENST00000308677.8(PRKACA):r.245_2677	19	-	ENST00000254322.2	DNAJB1	1	14518139	14518139	14518420	14518420	19	-	ENST00000308677.8	PRKACA	2	14091688	14091688	14107408	14107408	Inferred Breakpoint	24578576	38
COSS2464325	2464325	COSO29825600	COSF2217	ENST00000254322.2(DNAJB1):r.1_282::ENST00000308677.8(PRKACA):r.245_2677	19	-	ENST00000254322.2	DNAJB1	1	14518139	14518139	14518420	14518420	19	-	ENST00000308677.8	PRKACA	2	14091688	14091688	14107408	14107408	Observed mRNA	24578576	38
COSS2464326	2464326	COSO29825600	COSF2235	ENST00000254322.2(DNAJB1):r.1_282+1028::ENST00000308677.8(PRKACA):r.244-8078_2677	19	-	ENST00000254322.2	DNAJB1	1	14517111	14517111	14518420	14518420	19	-	ENST00000308677.8	PRKACA	2	14091688	14091688	14115487	14115487	Inferred Breakpoint	24578576	38
COSS2464326	2464326	COSO29825600	COSF2217	ENST00000254322.2(DNAJB1):r.1_282::ENST00000308677.8(PRKACA):r.245_2677	19	-	ENST00000254322.2	DNAJB1	1	14518139	14518139	14518420	14518420	19	-	ENST00000308677.8	PRKACA	2	14091688	14091688	14107408	14107408	Observed mRNA	24578576	38
COSS2464327	2464327	COSO29825600	COSF2217	ENST00000254322.2(DNAJB1):r.1_282::ENST00000308677.8(PRKACA):r.245_2677	19	-	ENST00000254322.2	DNAJB1	1	14518139	14518139	14518420	14518420	19	-	ENST00000308677.8	PRKACA	2	14091688	14091688	14107408	14107408	Inferred Breakpoint	24578576	38
COSS2464327	2464327	COSO29825600	COSF2217	ENST00000254322.2(DNAJB1):r.1_282::ENST00000308677.8(PRKACA):r.245_2677	19	-	ENST00000254322.2	DNAJB1	1	14518139	14518139	14518420	14518420	19	-	ENST00000308677.8	PRKACA	2	14091688	14091688	14107408	14107408	Observed mRNA	24578576	38
COSS2464328	2464328	COSO29825600	COSF2217	ENST00000254322.2(DNAJB1):r.1_282::ENST00000308677.8(PRKACA):r.245_2677	19	-	ENST00000254322.2	DNAJB1	1	14518139	14518139	14518420	14518420	19	-	ENST00000308677.8	PRKACA	2	14091688	14091688	14107408	14107408	Observed mRNA	24578576	38
COSS2464328	2464328	COSO29825600	COSF2217	ENST00000254322.2(DNAJB1):r.1_282::ENST00000308677.8(PRKACA):r.245_2677	19	-	ENST00000254322.2	DNAJB1	1	14518139	14518139	14518420	14518420	19	-	ENST00000308677.8	PRKACA	2	14091688	14091688	14107408	14107408	Inferred Breakpoint	24578576	38
COSS2464329	2464329	COSO29825600	COSF2236	ENST00000254322.2(DNAJB1):r.1_528::ENST00000308677.8(PRKACA):r.244-6517_2677	19	-	ENST00000254322.2	DNAJB1	2	14516801	14516801	14518420	14518420	19	-	ENST00000308677.8	PRKACA	2	14091688	14091688	14113926	14113926	Inferred Breakpoint	24578576	38
COSS2464329	2464329	COSO29825600	COSF2217	ENST00000254322.2(DNAJB1):r.1_282::ENST00000308677.8(PRKACA):r.245_2677	19	-	ENST00000254322.2	DNAJB1	1	14518139	14518139	14518420	14518420	19	-	ENST00000308677.8	PRKACA	2	14091688	14091688	14107408	14107408	Observed mRNA	24578576	38
COSS2464330	2464330	COSO29825600	COSF2217	ENST00000254322.2(DNAJB1):r.1_282::ENST00000308677.8(PRKACA):r.245_2677	19	-	ENST00000254322.2	DNAJB1	1	14518139	14518139	14518420	14518420	19	-	ENST00000308677.8	PRKACA	2	14091688	14091688	14107408	14107408	Inferred Breakpoint	24578576	38
COSS2464330	2464330	COSO29825600	COSF2217	ENST00000254322.2(DNAJB1):r.1_282::ENST00000308677.8(PRKACA):r.245_2677	19	-	ENST00000254322.2	DNAJB1	1	14518139	14518139	14518420	14518420	19	-	ENST00000308677.8	PRKACA	2	14091688	14091688	14107408	14107408	Observed mRNA	24578576	38
COSS2464332	2464332	COSO29825600	COSF2237	ENST00000254322.2(DNAJB1):r.1_282+909::ENST00000308677.8(PRKACA):r.244-6889_2677	19	-	ENST00000254322.2	DNAJB1	1	14517230	14517230	14518420	14518420	19	-	ENST00000308677.8	PRKACA	2	14091688	14091688	14114298	14114298	Inferred Breakpoint	24578576	38
COSS2464332	2464332	COSO29825600	COSF2217	ENST00000254322.2(DNAJB1):r.1_282::ENST00000308677.8(PRKACA):r.245_2677	19	-	ENST00000254322.2	DNAJB1	1	14518139	14518139	14518420	14518420	19	-	ENST00000308677.8	PRKACA	2	14091688	14091688	14107408	14107408	Observed mRNA	24578576	38
COSS2464333	2464333	COSO29825600	COSF2238	ENST00000254322.2(DNAJB1):r.1_282+625::ENST00000308677.8(PRKACA):r.244-7351_2677	19	-	ENST00000254322.2	DNAJB1	1	14517514	14517514	14518420	14518420	19	-	ENST00000308677.8	PRKACA	2	14091688	14091688	14114760	14114760	Inferred Breakpoint	24578576	38
COSS2464333	2464333	COSO29825600	COSF2217	ENST00000254322.2(DNAJB1):r.1_282::ENST00000308677.8(PRKACA):r.245_2677	19	-	ENST00000254322.2	DNAJB1	1	14518139	14518139	14518420	14518420	19	-	ENST00000308677.8	PRKACA	2	14091688	14091688	14107408	14107408	Observed mRNA	24578576	38
COSS2464334	2464334	COSO29825600	COSF2217	ENST00000254322.2(DNAJB1):r.1_282::ENST00000308677.8(PRKACA):r.245_2677	19	-	ENST00000254322.2	DNAJB1	1	14518139	14518139	14518420	14518420	19	-	ENST00000308677.8	PRKACA	2	14091688	14091688	14107408	14107408	Observed mRNA	24578576	38
COSS2464334	2464334	COSO29825600	COSF2217	ENST00000254322.2(DNAJB1):r.1_282::ENST00000308677.8(PRKACA):r.245_2677	19	-	ENST00000254322.2	DNAJB1	1	14518139	14518139	14518420	14518420	19	-	ENST00000308677.8	PRKACA	2	14091688	14091688	14107408	14107408	Inferred Breakpoint	24578576	38
COSS2464335	2464335	COSO29825600	COSF2217	ENST00000254322.2(DNAJB1):r.1_282::ENST00000308677.8(PRKACA):r.245_2677	19	-	ENST00000254322.2	DNAJB1	1	14518139	14518139	14518420	14518420	19	-	ENST00000308677.8	PRKACA	2	14091688	14091688	14107408	14107408	Observed mRNA	24578576	38
COSS2464335	2464335	COSO29825600	COSF2217	ENST00000254322.2(DNAJB1):r.1_282::ENST00000308677.8(PRKACA):r.245_2677	19	-	ENST00000254322.2	DNAJB1	1	14518139	14518139	14518420	14518420	19	-	ENST00000308677.8	PRKACA	2	14091688	14091688	14107408	14107408	Inferred Breakpoint	24578576	38
COSS2464336	2464336	COSO29825600	COSF2217	ENST00000254322.2(DNAJB1):r.1_282::ENST00000308677.8(PRKACA):r.245_2677	19	-	ENST00000254322.2	DNAJB1	1	14518139	14518139	14518420	14518420	19	-	ENST00000308677.8	PRKACA	2	14091688	14091688	14107408	14107408	Inferred Breakpoint	24578576	38
COSS2464336	2464336	COSO29825600	COSF2217	ENST00000254322.2(DNAJB1):r.1_282::ENST00000308677.8(PRKACA):r.245_2677	19	-	ENST00000254322.2	DNAJB1	1	14518139	14518139	14518420	14518420	19	-	ENST00000308677.8	PRKACA	2	14091688	14091688	14107408	14107408	Observed mRNA	24578576	38
COSS2464337	2464337	COSO29825600	COSF2217	ENST00000254322.2(DNAJB1):r.1_282::ENST00000308677.8(PRKACA):r.245_2677	19	-	ENST00000254322.2	DNAJB1	1	14518139	14518139	14518420	14518420	19	-	ENST00000308677.8	PRKACA	2	14091688	14091688	14107408	14107408	Observed mRNA	24578576	38
COSS2464337	2464337	COSO29825600	COSF2217	ENST00000254322.2(DNAJB1):r.1_282::ENST00000308677.8(PRKACA):r.245_2677	19	-	ENST00000254322.2	DNAJB1	1	14518139	14518139	14518420	14518420	19	-	ENST00000308677.8	PRKACA	2	14091688	14091688	14107408	14107408	Inferred Breakpoint	24578576	38
COSS2464338	2464338	COSO29825600	COSF2239	ENST00000254322.2(DNAJB1):r.1_459::ENST00000308677.8(PRKACA):r.244-3187_2677	19	-	ENST00000254322.2	DNAJB1	2	14516870	14516870	14518420	14518420	19	-	ENST00000308677.8	PRKACA	2	14091688	14091688	14110596	14110596	Inferred Breakpoint	24578576	38
COSS2464338	2464338	COSO29825600	COSF2217	ENST00000254322.2(DNAJB1):r.1_282::ENST00000308677.8(PRKACA):r.245_2677	19	-	ENST00000254322.2	DNAJB1	1	14518139	14518139	14518420	14518420	19	-	ENST00000308677.8	PRKACA	2	14091688	14091688	14107408	14107408	Observed mRNA	24578576	38
COSS2464339	2464339	COSO29825600	COSF2240	ENST00000254322.2(DNAJB1):r.1_282+320::ENST00000308677.8(PRKACA):r.244-3566_2677	19	-	ENST00000254322.2	DNAJB1	1	14517819	14517819	14518420	14518420	19	-	ENST00000308677.8	PRKACA	2	14091688	14091688	14110975	14110975	Inferred Breakpoint	24578576	38
COSS2464339	2464339	COSO29825600	COSF2217	ENST00000254322.2(DNAJB1):r.1_282::ENST00000308677.8(PRKACA):r.245_2677	19	-	ENST00000254322.2	DNAJB1	1	14518139	14518139	14518420	14518420	19	-	ENST00000308677.8	PRKACA	2	14091688	14091688	14107408	14107408	Observed mRNA	24578576	38
COSS2464340	2464340	COSO29825600	COSF2217	ENST00000254322.2(DNAJB1):r.1_282::ENST00000308677.8(PRKACA):r.245_2677	19	-	ENST00000254322.2	DNAJB1	1	14518139	14518139	14518420	14518420	19	-	ENST00000308677.8	PRKACA	2	14091688	14091688	14107408	14107408	Inferred Breakpoint	24578576	38
COSS2464340	2464340	COSO29825600	COSF2217	ENST00000254322.2(DNAJB1):r.1_282::ENST00000308677.8(PRKACA):r.245_2677	19	-	ENST00000254322.2	DNAJB1	1	14518139	14518139	14518420	14518420	19	-	ENST00000308677.8	PRKACA	2	14091688	14091688	14107408	14107408	Observed mRNA	24578576	38
COSS2464341	2464341	COSO29825600	COSF2217	ENST00000254322.2(DNAJB1):r.1_282::ENST00000308677.8(PRKACA):r.245_2677	19	-	ENST00000254322.2	DNAJB1	1	14518139	14518139	14518420	14518420	19	-	ENST00000308677.8	PRKACA	2	14091688	14091688	14107408	14107408	Inferred Breakpoint	24578576	38
COSS2464341	2464341	COSO29825600	COSF2217	ENST00000254322.2(DNAJB1):r.1_282::ENST00000308677.8(PRKACA):r.245_2677	19	-	ENST00000254322.2	DNAJB1	1	14518139	14518139	14518420	14518420	19	-	ENST00000308677.8	PRKACA	2	14091688	14091688	14107408	14107408	Observed mRNA	24578576	38
COSS2466205	2466205	COSO29825600	COSF2217	ENST00000254322.2(DNAJB1):r.1_282::ENST00000308677.8(PRKACA):r.245_2677	19	-	ENST00000254322.2	DNAJB1	1	14518139	14518139	14518420	14518420	19	-	ENST00000308677.8	PRKACA	2	14091688	14091688	14107408	14107408	Observed mRNA	25698061	38
COSS2466205	2466205	COSO29825600	COSF2217	ENST00000254322.2(DNAJB1):r.1_282::ENST00000308677.8(PRKACA):r.245_2677	19	-	ENST00000254322.2	DNAJB1	1	14518139	14518139	14518420	14518420	19	-	ENST00000308677.8	PRKACA	2	14091688	14091688	14107408	14107408	Inferred Breakpoint	25698061	38
COSS2466206	2466206	COSO29825600	COSF2217	ENST00000254322.2(DNAJB1):r.1_282::ENST00000308677.8(PRKACA):r.245_2677	19	-	ENST00000254322.2	DNAJB1	1	14518139	14518139	14518420	14518420	19	-	ENST00000308677.8	PRKACA	2	14091688	14091688	14107408	14107408	Observed mRNA	25698061	38
COSS2466206	2466206	COSO29825600	COSF2217	ENST00000254322.2(DNAJB1):r.1_282::ENST00000308677.8(PRKACA):r.245_2677	19	-	ENST00000254322.2	DNAJB1	1	14518139	14518139	14518420	14518420	19	-	ENST00000308677.8	PRKACA	2	14091688	14091688	14107408	14107408	Inferred Breakpoint	25698061	38
COSS2466207	2466207	COSO29825600	COSF2217	ENST00000254322.2(DNAJB1):r.1_282::ENST00000308677.8(PRKACA):r.245_2677	19	-	ENST00000254322.2	DNAJB1	1	14518139	14518139	14518420	14518420	19	-	ENST00000308677.8	PRKACA	2	14091688	14091688	14107408	14107408	Inferred Breakpoint	25698061	38
COSS2466207	2466207	COSO29825600	COSF2217	ENST00000254322.2(DNAJB1):r.1_282::ENST00000308677.8(PRKACA):r.245_2677	19	-	ENST00000254322.2	DNAJB1	1	14518139	14518139	14518420	14518420	19	-	ENST00000308677.8	PRKACA	2	14091688	14091688	14107408	14107408	Observed mRNA	25698061	38
COSS2466208	2466208	COSO29825600	COSF2217	ENST00000254322.2(DNAJB1):r.1_282::ENST00000308677.8(PRKACA):r.245_2677	19	-	ENST00000254322.2	DNAJB1	1	14518139	14518139	14518420	14518420	19	-	ENST00000308677.8	PRKACA	2	14091688	14091688	14107408	14107408	Inferred Breakpoint	25698061	38
COSS2466208	2466208	COSO29825600	COSF2217	ENST00000254322.2(DNAJB1):r.1_282::ENST00000308677.8(PRKACA):r.245_2677	19	-	ENST00000254322.2	DNAJB1	1	14518139	14518139	14518420	14518420	19	-	ENST00000308677.8	PRKACA	2	14091688	14091688	14107408	14107408	Observed mRNA	25698061	38
COSS2466209	2466209	COSO29825600	COSF2217	ENST00000254322.2(DNAJB1):r.1_282::ENST00000308677.8(PRKACA):r.245_2677	19	-	ENST00000254322.2	DNAJB1	1	14518139	14518139	14518420	14518420	19	-	ENST00000308677.8	PRKACA	2	14091688	14091688	14107408	14107408	Observed mRNA	25698061	38
COSS2466209	2466209	COSO29825600	COSF2217	ENST00000254322.2(DNAJB1):r.1_282::ENST00000308677.8(PRKACA):r.245_2677	19	-	ENST00000254322.2	DNAJB1	1	14518139	14518139	14518420	14518420	19	-	ENST00000308677.8	PRKACA	2	14091688	14091688	14107408	14107408	Inferred Breakpoint	25698061	38
COSS2466210	2466210	COSO29825600	COSF2217	ENST00000254322.2(DNAJB1):r.1_282::ENST00000308677.8(PRKACA):r.245_2677	19	-	ENST00000254322.2	DNAJB1	1	14518139	14518139	14518420	14518420	19	-	ENST00000308677.8	PRKACA	2	14091688	14091688	14107408	14107408	Observed mRNA	25698061	38
COSS2466210	2466210	COSO29825600	COSF2217	ENST00000254322.2(DNAJB1):r.1_282::ENST00000308677.8(PRKACA):r.245_2677	19	-	ENST00000254322.2	DNAJB1	1	14518139	14518139	14518420	14518420	19	-	ENST00000308677.8	PRKACA	2	14091688	14091688	14107408	14107408	Inferred Breakpoint	25698061	38
COSS2466211	2466211	COSO29825600	COSF2217	ENST00000254322.2(DNAJB1):r.1_282::ENST00000308677.8(PRKACA):r.245_2677	19	-	ENST00000254322.2	DNAJB1	1	14518139	14518139	14518420	14518420	19	-	ENST00000308677.8	PRKACA	2	14091688	14091688	14107408	14107408	Inferred Breakpoint	25698061	38
COSS2466211	2466211	COSO29825600	COSF2217	ENST00000254322.2(DNAJB1):r.1_282::ENST00000308677.8(PRKACA):r.245_2677	19	-	ENST00000254322.2	DNAJB1	1	14518139	14518139	14518420	14518420	19	-	ENST00000308677.8	PRKACA	2	14091688	14091688	14107408	14107408	Observed mRNA	25698061	38
COSS2466212	2466212	COSO29825600	COSF2217	ENST00000254322.2(DNAJB1):r.1_282::ENST00000308677.8(PRKACA):r.245_2677	19	-	ENST00000254322.2	DNAJB1	1	14518139	14518139	14518420	14518420	19	-	ENST00000308677.8	PRKACA	2	14091688	14091688	14107408	14107408	Inferred Breakpoint	25698061	38
COSS2466212	2466212	COSO29825600	COSF2217	ENST00000254322.2(DNAJB1):r.1_282::ENST00000308677.8(PRKACA):r.245_2677	19	-	ENST00000254322.2	DNAJB1	1	14518139	14518139	14518420	14518420	19	-	ENST00000308677.8	PRKACA	2	14091688	14091688	14107408	14107408	Observed mRNA	25698061	38
COSS2466213	2466213	COSO29825600	COSF2217	ENST00000254322.2(DNAJB1):r.1_282::ENST00000308677.8(PRKACA):r.245_2677	19	-	ENST00000254322.2	DNAJB1	1	14518139	14518139	14518420	14518420	19	-	ENST00000308677.8	PRKACA	2	14091688	14091688	14107408	14107408	Observed mRNA	25698061	38
COSS2466213	2466213	COSO29825600	COSF2217	ENST00000254322.2(DNAJB1):r.1_282::ENST00000308677.8(PRKACA):r.245_2677	19	-	ENST00000254322.2	DNAJB1	1	14518139	14518139	14518420	14518420	19	-	ENST00000308677.8	PRKACA	2	14091688	14091688	14107408	14107408	Inferred Breakpoint	25698061	38
COSS2466214	2466214	COSO29825600	COSF2217	ENST00000254322.2(DNAJB1):r.1_282::ENST00000308677.8(PRKACA):r.245_2677	19	-	ENST00000254322.2	DNAJB1	1	14518139	14518139	14518420	14518420	19	-	ENST00000308677.8	PRKACA	2	14091688	14091688	14107408	14107408	Inferred Breakpoint	25698061	38
COSS2466214	2466214	COSO29825600	COSF2217	ENST00000254322.2(DNAJB1):r.1_282::ENST00000308677.8(PRKACA):r.245_2677	19	-	ENST00000254322.2	DNAJB1	1	14518139	14518139	14518420	14518420	19	-	ENST00000308677.8	PRKACA	2	14091688	14091688	14107408	14107408	Observed mRNA	25698061	38
COSS2466215	2466215	COSO29825600	COSF2217	ENST00000254322.2(DNAJB1):r.1_282::ENST00000308677.8(PRKACA):r.245_2677	19	-	ENST00000254322.2	DNAJB1	1	14518139	14518139	14518420	14518420	19	-	ENST00000308677.8	PRKACA	2	14091688	14091688	14107408	14107408	Observed mRNA	25698061	38
COSS2466215	2466215	COSO29825600	COSF2217	ENST00000254322.2(DNAJB1):r.1_282::ENST00000308677.8(PRKACA):r.245_2677	19	-	ENST00000254322.2	DNAJB1	1	14518139	14518139	14518420	14518420	19	-	ENST00000308677.8	PRKACA	2	14091688	14091688	14107408	14107408	Inferred Breakpoint	25698061	38
COSS2466216	2466216	COSO29825600	COSF2217	ENST00000254322.2(DNAJB1):r.1_282::ENST00000308677.8(PRKACA):r.245_2677	19	-	ENST00000254322.2	DNAJB1	1	14518139	14518139	14518420	14518420	19	-	ENST00000308677.8	PRKACA	2	14091688	14091688	14107408	14107408	Observed mRNA	25698061	38
COSS2466216	2466216	COSO29825600	COSF2217	ENST00000254322.2(DNAJB1):r.1_282::ENST00000308677.8(PRKACA):r.245_2677	19	-	ENST00000254322.2	DNAJB1	1	14518139	14518139	14518420	14518420	19	-	ENST00000308677.8	PRKACA	2	14091688	14091688	14107408	14107408	Inferred Breakpoint	25698061	38
COSS2466217	2466217	COSO29825600	COSF2217	ENST00000254322.2(DNAJB1):r.1_282::ENST00000308677.8(PRKACA):r.245_2677	19	-	ENST00000254322.2	DNAJB1	1	14518139	14518139	14518420	14518420	19	-	ENST00000308677.8	PRKACA	2	14091688	14091688	14107408	14107408	Observed mRNA	25698061	38
COSS2466217	2466217	COSO29825600	COSF2217	ENST00000254322.2(DNAJB1):r.1_282::ENST00000308677.8(PRKACA):r.245_2677	19	-	ENST00000254322.2	DNAJB1	1	14518139	14518139	14518420	14518420	19	-	ENST00000308677.8	PRKACA	2	14091688	14091688	14107408	14107408	Inferred Breakpoint	25698061	38
COSS2466218	2466218	COSO29825600	COSF2217	ENST00000254322.2(DNAJB1):r.1_282::ENST00000308677.8(PRKACA):r.245_2677	19	-	ENST00000254322.2	DNAJB1	1	14518139	14518139	14518420	14518420	19	-	ENST00000308677.8	PRKACA	2	14091688	14091688	14107408	14107408	Observed mRNA	25698061	38
COSS2466218	2466218	COSO29825600	COSF2217	ENST00000254322.2(DNAJB1):r.1_282::ENST00000308677.8(PRKACA):r.245_2677	19	-	ENST00000254322.2	DNAJB1	1	14518139	14518139	14518420	14518420	19	-	ENST00000308677.8	PRKACA	2	14091688	14091688	14107408	14107408	Inferred Breakpoint	25698061	38
COSS2466219	2466219	COSO29825600	COSF2217	ENST00000254322.2(DNAJB1):r.1_282::ENST00000308677.8(PRKACA):r.245_2677	19	-	ENST00000254322.2	DNAJB1	1	14518139	14518139	14518420	14518420	19	-	ENST00000308677.8	PRKACA	2	14091688	14091688	14107408	14107408	Observed mRNA	25698061	38
COSS2466219	2466219	COSO29825600	COSF2217	ENST00000254322.2(DNAJB1):r.1_282::ENST00000308677.8(PRKACA):r.245_2677	19	-	ENST00000254322.2	DNAJB1	1	14518139	14518139	14518420	14518420	19	-	ENST00000308677.8	PRKACA	2	14091688	14091688	14107408	14107408	Inferred Breakpoint	25698061	38
COSS2466220	2466220	COSO29825600	COSF2217	ENST00000254322.2(DNAJB1):r.1_282::ENST00000308677.8(PRKACA):r.245_2677	19	-	ENST00000254322.2	DNAJB1	1	14518139	14518139	14518420	14518420	19	-	ENST00000308677.8	PRKACA	2	14091688	14091688	14107408	14107408	Observed mRNA	25698061	38
COSS2466220	2466220	COSO29825600	COSF2217	ENST00000254322.2(DNAJB1):r.1_282::ENST00000308677.8(PRKACA):r.245_2677	19	-	ENST00000254322.2	DNAJB1	1	14518139	14518139	14518420	14518420	19	-	ENST00000308677.8	PRKACA	2	14091688	14091688	14107408	14107408	Inferred Breakpoint	25698061	38
COSS2466221	2466221	COSO29825600	COSF2217	ENST00000254322.2(DNAJB1):r.1_282::ENST00000308677.8(PRKACA):r.245_2677	19	-	ENST00000254322.2	DNAJB1	1	14518139	14518139	14518420	14518420	19	-	ENST00000308677.8	PRKACA	2	14091688	14091688	14107408	14107408	Observed mRNA	25698061	38
COSS2466221	2466221	COSO29825600	COSF2217	ENST00000254322.2(DNAJB1):r.1_282::ENST00000308677.8(PRKACA):r.245_2677	19	-	ENST00000254322.2	DNAJB1	1	14518139	14518139	14518420	14518420	19	-	ENST00000308677.8	PRKACA	2	14091688	14091688	14107408	14107408	Inferred Breakpoint	25698061	38
COSS2466222	2466222	COSO29825600	COSF2217	ENST00000254322.2(DNAJB1):r.1_282::ENST00000308677.8(PRKACA):r.245_2677	19	-	ENST00000254322.2	DNAJB1	1	14518139	14518139	14518420	14518420	19	-	ENST00000308677.8	PRKACA	2	14091688	14091688	14107408	14107408	Observed mRNA	25698061	38
COSS2466222	2466222	COSO29825600	COSF2217	ENST00000254322.2(DNAJB1):r.1_282::ENST00000308677.8(PRKACA):r.245_2677	19	-	ENST00000254322.2	DNAJB1	1	14518139	14518139	14518420	14518420	19	-	ENST00000308677.8	PRKACA	2	14091688	14091688	14107408	14107408	Inferred Breakpoint	25698061	38
COSS2466223	2466223	COSO29825600	COSF2217	ENST00000254322.2(DNAJB1):r.1_282::ENST00000308677.8(PRKACA):r.245_2677	19	-	ENST00000254322.2	DNAJB1	1	14518139	14518139	14518420	14518420	19	-	ENST00000308677.8	PRKACA	2	14091688	14091688	14107408	14107408	Inferred Breakpoint	25698061	38
COSS2466223	2466223	COSO29825600	COSF2217	ENST00000254322.2(DNAJB1):r.1_282::ENST00000308677.8(PRKACA):r.245_2677	19	-	ENST00000254322.2	DNAJB1	1	14518139	14518139	14518420	14518420	19	-	ENST00000308677.8	PRKACA	2	14091688	14091688	14107408	14107408	Observed mRNA	25698061	38
COSS2466224	2466224	COSO29825600	COSF2217	ENST00000254322.2(DNAJB1):r.1_282::ENST00000308677.8(PRKACA):r.245_2677	19	-	ENST00000254322.2	DNAJB1	1	14518139	14518139	14518420	14518420	19	-	ENST00000308677.8	PRKACA	2	14091688	14091688	14107408	14107408	Inferred Breakpoint	25698061	38
COSS2466224	2466224	COSO29825600	COSF2217	ENST00000254322.2(DNAJB1):r.1_282::ENST00000308677.8(PRKACA):r.245_2677	19	-	ENST00000254322.2	DNAJB1	1	14518139	14518139	14518420	14518420	19	-	ENST00000308677.8	PRKACA	2	14091688	14091688	14107408	14107408	Observed mRNA	25698061	38
COSS2466225	2466225	COSO29825600	COSF2217	ENST00000254322.2(DNAJB1):r.1_282::ENST00000308677.8(PRKACA):r.245_2677	19	-	ENST00000254322.2	DNAJB1	1	14518139	14518139	14518420	14518420	19	-	ENST00000308677.8	PRKACA	2	14091688	14091688	14107408	14107408	Observed mRNA	25698061	38
COSS2466225	2466225	COSO29825600	COSF2217	ENST00000254322.2(DNAJB1):r.1_282::ENST00000308677.8(PRKACA):r.245_2677	19	-	ENST00000254322.2	DNAJB1	1	14518139	14518139	14518420	14518420	19	-	ENST00000308677.8	PRKACA	2	14091688	14091688	14107408	14107408	Inferred Breakpoint	25698061	38
COSS2466226	2466226	COSO29825600	COSF2217	ENST00000254322.2(DNAJB1):r.1_282::ENST00000308677.8(PRKACA):r.245_2677	19	-	ENST00000254322.2	DNAJB1	1	14518139	14518139	14518420	14518420	19	-	ENST00000308677.8	PRKACA	2	14091688	14091688	14107408	14107408	Inferred Breakpoint	25698061	38
COSS2466226	2466226	COSO29825600	COSF2217	ENST00000254322.2(DNAJB1):r.1_282::ENST00000308677.8(PRKACA):r.245_2677	19	-	ENST00000254322.2	DNAJB1	1	14518139	14518139	14518420	14518420	19	-	ENST00000308677.8	PRKACA	2	14091688	14091688	14107408	14107408	Observed mRNA	25698061	38
COSS2466227	2466227	COSO29825600	COSF2217	ENST00000254322.2(DNAJB1):r.1_282::ENST00000308677.8(PRKACA):r.245_2677	19	-	ENST00000254322.2	DNAJB1	1	14518139	14518139	14518420	14518420	19	-	ENST00000308677.8	PRKACA	2	14091688	14091688	14107408	14107408	Observed mRNA	25698061	38
COSS2466227	2466227	COSO29825600	COSF2217	ENST00000254322.2(DNAJB1):r.1_282::ENST00000308677.8(PRKACA):r.245_2677	19	-	ENST00000254322.2	DNAJB1	1	14518139	14518139	14518420	14518420	19	-	ENST00000308677.8	PRKACA	2	14091688	14091688	14107408	14107408	Inferred Breakpoint	25698061	38
COSS2466228	2466228	COSO29825600	COSF2217	ENST00000254322.2(DNAJB1):r.1_282::ENST00000308677.8(PRKACA):r.245_2677	19	-	ENST00000254322.2	DNAJB1	1	14518139	14518139	14518420	14518420	19	-	ENST00000308677.8	PRKACA	2	14091688	14091688	14107408	14107408	Inferred Breakpoint	25698061	38
COSS2466228	2466228	COSO29825600	COSF2217	ENST00000254322.2(DNAJB1):r.1_282::ENST00000308677.8(PRKACA):r.245_2677	19	-	ENST00000254322.2	DNAJB1	1	14518139	14518139	14518420	14518420	19	-	ENST00000308677.8	PRKACA	2	14091688	14091688	14107408	14107408	Observed mRNA	25698061	38
COSS2466457	2466457	COSO29825600	COSF2217	ENST00000254322.2(DNAJB1):r.1_282::ENST00000308677.8(PRKACA):r.245_2677	19	-	ENST00000254322.2	DNAJB1	1	14518139	14518139	14518420	14518420	19	-	ENST00000308677.8	PRKACA	2	14091688	14091688	14107408	14107408	Inferred Breakpoint	25557953	38
COSS2466457	2466457	COSO29825600	COSF2217	ENST00000254322.2(DNAJB1):r.1_282::ENST00000308677.8(PRKACA):r.245_2677	19	-	ENST00000254322.2	DNAJB1	1	14518139	14518139	14518420	14518420	19	-	ENST00000308677.8	PRKACA	2	14091688	14091688	14107408	14107408	Observed mRNA	25557953	38
COSS2466458	2466458	COSO29825600	COSF2217	ENST00000254322.2(DNAJB1):r.1_282::ENST00000308677.8(PRKACA):r.245_2677	19	-	ENST00000254322.2	DNAJB1	1	14518139	14518139	14518420	14518420	19	-	ENST00000308677.8	PRKACA	2	14091688	14091688	14107408	14107408	Inferred Breakpoint	25557953	38
COSS2466458	2466458	COSO29825600	COSF2217	ENST00000254322.2(DNAJB1):r.1_282::ENST00000308677.8(PRKACA):r.245_2677	19	-	ENST00000254322.2	DNAJB1	1	14518139	14518139	14518420	14518420	19	-	ENST00000308677.8	PRKACA	2	14091688	14091688	14107408	14107408	Observed mRNA	25557953	38
COSS2466459	2466459	COSO29825600	COSF2217	ENST00000254322.2(DNAJB1):r.1_282::ENST00000308677.8(PRKACA):r.245_2677	19	-	ENST00000254322.2	DNAJB1	1	14518139	14518139	14518420	14518420	19	-	ENST00000308677.8	PRKACA	2	14091688	14091688	14107408	14107408	Observed mRNA	25557953	38
COSS2466459	2466459	COSO29825600	COSF2217	ENST00000254322.2(DNAJB1):r.1_282::ENST00000308677.8(PRKACA):r.245_2677	19	-	ENST00000254322.2	DNAJB1	1	14518139	14518139	14518420	14518420	19	-	ENST00000308677.8	PRKACA	2	14091688	14091688	14107408	14107408	Inferred Breakpoint	25557953	38
COSS2466460	2466460	COSO29825600	COSF2217	ENST00000254322.2(DNAJB1):r.1_282::ENST00000308677.8(PRKACA):r.245_2677	19	-	ENST00000254322.2	DNAJB1	1	14518139	14518139	14518420	14518420	19	-	ENST00000308677.8	PRKACA	2	14091688	14091688	14107408	14107408	Inferred Breakpoint	25557953	38
COSS2466460	2466460	COSO29825600	COSF2217	ENST00000254322.2(DNAJB1):r.1_282::ENST00000308677.8(PRKACA):r.245_2677	19	-	ENST00000254322.2	DNAJB1	1	14518139	14518139	14518420	14518420	19	-	ENST00000308677.8	PRKACA	2	14091688	14091688	14107408	14107408	Observed mRNA	25557953	38
COSS2466461	2466461	COSO29825600	COSF2217	ENST00000254322.2(DNAJB1):r.1_282::ENST00000308677.8(PRKACA):r.245_2677	19	-	ENST00000254322.2	DNAJB1	1	14518139	14518139	14518420	14518420	19	-	ENST00000308677.8	PRKACA	2	14091688	14091688	14107408	14107408	Inferred Breakpoint	25557953	38
COSS2466461	2466461	COSO29825600	COSF2217	ENST00000254322.2(DNAJB1):r.1_282::ENST00000308677.8(PRKACA):r.245_2677	19	-	ENST00000254322.2	DNAJB1	1	14518139	14518139	14518420	14518420	19	-	ENST00000308677.8	PRKACA	2	14091688	14091688	14107408	14107408	Observed mRNA	25557953	38
COSS2466462	2466462	COSO29825600	COSF2217	ENST00000254322.2(DNAJB1):r.1_282::ENST00000308677.8(PRKACA):r.245_2677	19	-	ENST00000254322.2	DNAJB1	1	14518139	14518139	14518420	14518420	19	-	ENST00000308677.8	PRKACA	2	14091688	14091688	14107408	14107408	Inferred Breakpoint	25557953	38
COSS2466462	2466462	COSO29825600	COSF2217	ENST00000254322.2(DNAJB1):r.1_282::ENST00000308677.8(PRKACA):r.245_2677	19	-	ENST00000254322.2	DNAJB1	1	14518139	14518139	14518420	14518420	19	-	ENST00000308677.8	PRKACA	2	14091688	14091688	14107408	14107408	Observed mRNA	25557953	38
COSS2466463	2466463	COSO29825600	COSF2217	ENST00000254322.2(DNAJB1):r.1_282::ENST00000308677.8(PRKACA):r.245_2677	19	-	ENST00000254322.2	DNAJB1	1	14518139	14518139	14518420	14518420	19	-	ENST00000308677.8	PRKACA	2	14091688	14091688	14107408	14107408	Inferred Breakpoint	25557953	38
COSS2466463	2466463	COSO29825600	COSF2217	ENST00000254322.2(DNAJB1):r.1_282::ENST00000308677.8(PRKACA):r.245_2677	19	-	ENST00000254322.2	DNAJB1	1	14518139	14518139	14518420	14518420	19	-	ENST00000308677.8	PRKACA	2	14091688	14091688	14107408	14107408	Observed mRNA	25557953	38
COSS2466464	2466464	COSO29825600	COSF2217	ENST00000254322.2(DNAJB1):r.1_282::ENST00000308677.8(PRKACA):r.245_2677	19	-	ENST00000254322.2	DNAJB1	1	14518139	14518139	14518420	14518420	19	-	ENST00000308677.8	PRKACA	2	14091688	14091688	14107408	14107408	Observed mRNA	25557953	38
COSS2466464	2466464	COSO29825600	COSF2217	ENST00000254322.2(DNAJB1):r.1_282::ENST00000308677.8(PRKACA):r.245_2677	19	-	ENST00000254322.2	DNAJB1	1	14518139	14518139	14518420	14518420	19	-	ENST00000308677.8	PRKACA	2	14091688	14091688	14107408	14107408	Inferred Breakpoint	25557953	38
COSS2466465	2466465	COSO29825600	COSF2217	ENST00000254322.2(DNAJB1):r.1_282::ENST00000308677.8(PRKACA):r.245_2677	19	-	ENST00000254322.2	DNAJB1	1	14518139	14518139	14518420	14518420	19	-	ENST00000308677.8	PRKACA	2	14091688	14091688	14107408	14107408	Inferred Breakpoint	25557953	38
COSS2466465	2466465	COSO29825600	COSF2217	ENST00000254322.2(DNAJB1):r.1_282::ENST00000308677.8(PRKACA):r.245_2677	19	-	ENST00000254322.2	DNAJB1	1	14518139	14518139	14518420	14518420	19	-	ENST00000308677.8	PRKACA	2	14091688	14091688	14107408	14107408	Observed mRNA	25557953	38
COSS2466466	2466466	COSO29825600	COSF2217	ENST00000254322.2(DNAJB1):r.1_282::ENST00000308677.8(PRKACA):r.245_2677	19	-	ENST00000254322.2	DNAJB1	1	14518139	14518139	14518420	14518420	19	-	ENST00000308677.8	PRKACA	2	14091688	14091688	14107408	14107408	Inferred Breakpoint	25557953	38
COSS2466466	2466466	COSO29825600	COSF2217	ENST00000254322.2(DNAJB1):r.1_282::ENST00000308677.8(PRKACA):r.245_2677	19	-	ENST00000254322.2	DNAJB1	1	14518139	14518139	14518420	14518420	19	-	ENST00000308677.8	PRKACA	2	14091688	14091688	14107408	14107408	Observed mRNA	25557953	38
COSS2466467	2466467	COSO29825600	COSF2217	ENST00000254322.2(DNAJB1):r.1_282::ENST00000308677.8(PRKACA):r.245_2677	19	-	ENST00000254322.2	DNAJB1	1	14518139	14518139	14518420	14518420	19	-	ENST00000308677.8	PRKACA	2	14091688	14091688	14107408	14107408	Observed mRNA	25557953	38
COSS2466467	2466467	COSO29825600	COSF2217	ENST00000254322.2(DNAJB1):r.1_282::ENST00000308677.8(PRKACA):r.245_2677	19	-	ENST00000254322.2	DNAJB1	1	14518139	14518139	14518420	14518420	19	-	ENST00000308677.8	PRKACA	2	14091688	14091688	14107408	14107408	Inferred Breakpoint	25557953	38
COSS2466468	2466468	COSO29825600	COSF2217	ENST00000254322.2(DNAJB1):r.1_282::ENST00000308677.8(PRKACA):r.245_2677	19	-	ENST00000254322.2	DNAJB1	1	14518139	14518139	14518420	14518420	19	-	ENST00000308677.8	PRKACA	2	14091688	14091688	14107408	14107408	Inferred Breakpoint	25557953	38
COSS2466468	2466468	COSO29825600	COSF2217	ENST00000254322.2(DNAJB1):r.1_282::ENST00000308677.8(PRKACA):r.245_2677	19	-	ENST00000254322.2	DNAJB1	1	14518139	14518139	14518420	14518420	19	-	ENST00000308677.8	PRKACA	2	14091688	14091688	14107408	14107408	Observed mRNA	25557953	38
COSS2466469	2466469	COSO29825600	COSF2217	ENST00000254322.2(DNAJB1):r.1_282::ENST00000308677.8(PRKACA):r.245_2677	19	-	ENST00000254322.2	DNAJB1	1	14518139	14518139	14518420	14518420	19	-	ENST00000308677.8	PRKACA	2	14091688	14091688	14107408	14107408	Inferred Breakpoint	25557953	38
COSS2466469	2466469	COSO29825600	COSF2217	ENST00000254322.2(DNAJB1):r.1_282::ENST00000308677.8(PRKACA):r.245_2677	19	-	ENST00000254322.2	DNAJB1	1	14518139	14518139	14518420	14518420	19	-	ENST00000308677.8	PRKACA	2	14091688	14091688	14107408	14107408	Observed mRNA	25557953	38
COSS2466470	2466470	COSO29825600	None	None	None	None	ENST00000254322.2	DNAJB1	None	None	None	None	None	None	None	ENST00000308677.8	PRKACA	None	None	None	None	None	None	25557953	38
COSS2466471	2466471	COSO29825600	None	None	None	None	ENST00000254322.2	DNAJB1	None	None	None	None	None	None	None	ENST00000308677.8	PRKACA	None	None	None	None	None	None	25557953	38
COSS2466472	2466472	COSO29825600	None	None	None	None	ENST00000254322.2	DNAJB1	None	None	None	None	None	None	None	ENST00000308677.8	PRKACA	None	None	None	None	None	None	25557953	38
COSS2466473	2466473	COSO29825600	None	None	None	None	ENST00000254322.2	DNAJB1	None	None	None	None	None	None	None	ENST00000308677.8	PRKACA	None	None	None	None	None	None	25557953	38
COSS2466474	2466474	COSO29825600	None	None	None	None	ENST00000254322.2	DNAJB1	None	None	None	None	None	None	None	ENST00000308677.8	PRKACA	None	None	None	None	None	None	25557953	38
COSS2466475	2466475	COSO29825600	None	None	None	None	ENST00000254322.2	DNAJB1	None	None	None	None	None	None	None	ENST00000308677.8	PRKACA	None	None	None	None	None	None	25557953	38
COSS2466476	2466476	COSO29825600	None	None	None	None	ENST00000254322.2	DNAJB1	None	None	None	None	None	None	None	ENST00000308677.8	PRKACA	None	None	None	None	None	None	25557953	38
COSS2466477	2466477	COSO29825600	None	None	None	None	ENST00000254322.2	DNAJB1	None	None	None	None	None	None	None	ENST00000308677.8	PRKACA	None	None	None	None	None	None	25557953	38
COSS2466478	2466478	COSO29825600	None	None	None	None	ENST00000254322.2	DNAJB1	None	None	None	None	None	None	None	ENST00000308677.8	PRKACA	None	None	None	None	None	None	25557953	38
COSS2466479	2466479	COSO29825600	None	None	None	None	ENST00000254322.2	DNAJB1	None	None	None	None	None	None	None	ENST00000308677.8	PRKACA	None	None	None	None	None	None	25557953	38
COSS2466480	2466480	COSO29825600	None	None	None	None	ENST00000254322.2	DNAJB1	None	None	None	None	None	None	None	ENST00000308677.8	PRKACA	None	None	None	None	None	None	25557953	38
COSS2466481	2466481	COSO29825600	None	None	None	None	ENST00000254322.2	DNAJB1	None	None	None	None	None	None	None	ENST00000308677.8	PRKACA	None	None	None	None	None	None	25557953	38
COSS2466482	2466482	COSO29825600	None	None	None	None	ENST00000254322.2	DNAJB1	None	None	None	None	None	None	None	ENST00000308677.8	PRKACA	None	None	None	None	None	None	25557953	38
COSS2471866	2471866	COSO29825600	COSF2217	ENST00000254322.2(DNAJB1):r.1_282::ENST00000308677.8(PRKACA):r.245_2677	19	-	ENST00000254322.2	DNAJB1	1	14518139	14518139	14518420	14518420	19	-	ENST00000308677.8	PRKACA	2	14091688	14091688	14107408	14107408	Observed mRNA	25122662	38
COSS2471866	2471866	COSO29825600	COSF2217	ENST00000254322.2(DNAJB1):r.1_282::ENST00000308677.8(PRKACA):r.245_2677	19	-	ENST00000254322.2	DNAJB1	1	14518139	14518139	14518420	14518420	19	-	ENST00000308677.8	PRKACA	2	14091688	14091688	14107408	14107408	Inferred Breakpoint	25122662	38
