seq_depth	seq_id	gene_fusion	Tool_Breakpoint	Distance_from_Simulated_Breakpoint	Algorithm	values_vector	Breakpoint_number
1GB	85%	ENSG00000125898:ENSG00000234948	FSB1	-3	FusionSeeker	-3	Breakpoint_1
1GB	85%	ENSG00000125898:ENSG00000234948	FSB2	24628	FusionSeeker	24628	Breakpoint_2
1GB	95%	ENSG00000196935:ENSG00000283625	FSB1	3	FusionSeeker	3	Breakpoint_1
1GB	95%	ENSG00000196935:ENSG00000283625	FSB2	752	FusionSeeker	752	Breakpoint_2
1GB	95%	ENSG00000260830:ENSG00000100461	JB1	0	JAFFAL	0	Breakpoint_1
1GB	95%	ENSG00000260830:ENSG00000100461	JB2	83	JAFFAL	83	Breakpoint_2
1GB	95%	ENSG00000223634:ENSG00000235497	FSB1	-112	FusionSeeker	-112	Breakpoint_1
1GB	95%	ENSG00000223634:ENSG00000235497	FSB2	231	FusionSeeker	231	Breakpoint_2
1GB	95%	ENSG00000223634:ENSG00000235497	JB1	-110	JAFFAL	-110	Breakpoint_1
1GB	95%	ENSG00000223634:ENSG00000235497	JB2	230	JAFFAL	230	Breakpoint_2
10GB	85%	ENSG00000196935:ENSG00000283625	FSB1	-4	FusionSeeker	-4	Breakpoint_1
10GB	85%	ENSG00000196935:ENSG00000283625	FSB2	752	FusionSeeker	752	Breakpoint_2
10GB	85%	ENSG00000149273:ENSG00000262898	FSB1	-761	FusionSeeker	-761	Breakpoint_1
10GB	85%	ENSG00000149273:ENSG00000262898	FSB2	-1	FusionSeeker	-1	Breakpoint_2
10GB	85%	ENSG00000149273:ENSG00000262898	CTATLRB1	-758	CTAT-LR-Fusion	-758	Breakpoint_1
10GB	85%	ENSG00000149273:ENSG00000262898	CTATLRB2	-13	CTAT-LR-Fusion	-13	Breakpoint_2
10GB	85%	ENSG00000182621:ENSG00000124155	FSB1	-1	FusionSeeker	-1	Breakpoint_1
10GB	85%	ENSG00000182621:ENSG00000124155	FSB2	-1	FusionSeeker	-1	Breakpoint_2
10GB	85%	ENSG00000182621:ENSG00000124155	JB1	0	JAFFAL	0	Breakpoint_1
10GB	85%	ENSG00000182621:ENSG00000124155	JB2	1	JAFFAL	1	Breakpoint_2
10GB	85%	ENSG00000182621:ENSG00000124155	CTATLRB1	0	CTAT-LR-Fusion	0	Breakpoint_1
10GB	85%	ENSG00000182621:ENSG00000124155	CTATLRB2	0	CTAT-LR-Fusion	0	Breakpoint_2
10GB	85%	ENSG00000009830:ENSG00000087258	FSB1	-1564	FusionSeeker	-1564	Breakpoint_1
10GB	85%	ENSG00000009830:ENSG00000087258	FSB2	-1	FusionSeeker	-1	Breakpoint_2
10GB	85%	ENSG00000009830:ENSG00000087258	LB1	-1564	LongGF	-1564	Breakpoint_1
10GB	85%	ENSG00000009830:ENSG00000087258	LB2	-1	LongGF	-1	Breakpoint_2
10GB	85%	ENSG00000009830:ENSG00000087258	CTATLRB1	-1564	CTAT-LR-Fusion	-1564	Breakpoint_1
10GB	85%	ENSG00000009830:ENSG00000087258	CTATLRB2	-1	CTAT-LR-Fusion	-1	Breakpoint_2
10GB	85%	ENSG00000104957:ENSG00000104518	FSB1	-3	FusionSeeker	-3	Breakpoint_1
10GB	85%	ENSG00000104957:ENSG00000104518	FSB2	1	FusionSeeker	1	Breakpoint_2
10GB	85%	ENSG00000104957:ENSG00000104518	CTATLRB1	-1	CTAT-LR-Fusion	-1	Breakpoint_1
10GB	85%	ENSG00000104957:ENSG00000104518	CTATLRB2	-1	CTAT-LR-Fusion	-1	Breakpoint_2
10GB	85%	ENSG00000132122:ENSG00000179082	FSB1	-4184	FusionSeeker	-4184	Breakpoint_1
10GB	85%	ENSG00000132122:ENSG00000179082	FSB2	-1	FusionSeeker	-1	Breakpoint_2
10GB	85%	ENSG00000157916:ENSG00000205835	FSB1	2	FusionSeeker	2	Breakpoint_1
10GB	85%	ENSG00000157916:ENSG00000205835	FSB2	3176	FusionSeeker	3176	Breakpoint_2
10GB	85%	ENSG00000157916:ENSG00000205835	LB1	-1	LongGF	-1	Breakpoint_1
10GB	85%	ENSG00000157916:ENSG00000205835	LB2	3176	LongGF	3176	Breakpoint_2
10GB	85%	ENSG00000157916:ENSG00000205835	JB1	-5	JAFFAL	-5	Breakpoint_1
10GB	85%	ENSG00000157916:ENSG00000205835	JB2	3176	JAFFAL	3176	Breakpoint_2
10GB	85%	ENSG00000157916:ENSG00000205835	CTATLRB1	5	CTAT-LR-Fusion	5	Breakpoint_1
10GB	85%	ENSG00000157916:ENSG00000205835	CTATLRB2	3177	CTAT-LR-Fusion	3177	Breakpoint_2
10GB	85%	ENSG00000291093:ENSG00000096746	FSB1	-1	FusionSeeker	-1	Breakpoint_1
10GB	85%	ENSG00000291093:ENSG00000096746	FSB2	-2	FusionSeeker	-2	Breakpoint_2
10GB	85%	ENSG00000074219:ENSG00000236172	FSB1	-2545	FusionSeeker	-2545	Breakpoint_1
10GB	85%	ENSG00000074219:ENSG00000236172	FSB2	1070	FusionSeeker	1070	Breakpoint_2
10GB	85%	ENSG00000180304:ENSG00000105856	FSB1	-12679	FusionSeeker	-12679	Breakpoint_1
10GB	85%	ENSG00000180304:ENSG00000105856	FSB2	-2	FusionSeeker	-2	Breakpoint_2
10GB	85%	ENSG00000148362:ENSG00000169583	FSB1	-218	FusionSeeker	-218	Breakpoint_1
10GB	85%	ENSG00000148362:ENSG00000169583	FSB2	230	FusionSeeker	230	Breakpoint_2
10GB	85%	ENSG00000108094:ENSG00000085788	FSB1	-264	FusionSeeker	-264	Breakpoint_1
10GB	85%	ENSG00000108094:ENSG00000085788	FSB2	-2	FusionSeeker	-2	Breakpoint_2
10GB	85%	ENSG00000108094:ENSG00000085788	JB1	-261	JAFFAL	-261	Breakpoint_1
10GB	85%	ENSG00000108094:ENSG00000085788	JB2	0	JAFFAL	0	Breakpoint_2
10GB	85%	ENSG00000108094:ENSG00000085788	CTATLRB1	-5948	CTAT-LR-Fusion	-5948	Breakpoint_1
10GB	85%	ENSG00000108094:ENSG00000085788	CTATLRB2	-1	CTAT-LR-Fusion	-1	Breakpoint_2
10GB	85%	ENSG00000135241:ENSG00000225612	FSB1	-122	FusionSeeker	-122	Breakpoint_1
10GB	85%	ENSG00000135241:ENSG00000225612	FSB2	51	FusionSeeker	51	Breakpoint_2
10GB	85%	ENSG00000135241:ENSG00000225612	CTATLRB1	-23660	CTAT-LR-Fusion	-23660	Breakpoint_1
10GB	85%	ENSG00000135241:ENSG00000225612	CTATLRB2	-128	CTAT-LR-Fusion	-128	Breakpoint_2
10GB	85%	ENSG00000185664:ENSG00000251584	FSB1	-4687	FusionSeeker	-4687	Breakpoint_1
10GB	85%	ENSG00000185664:ENSG00000251584	FSB2	-1	FusionSeeker	-1	Breakpoint_2
10GB	85%	ENSG00000103415:ENSG00000103160	FSB1	-1	FusionSeeker	-1	Breakpoint_1
10GB	85%	ENSG00000103415:ENSG00000103160	FSB2	1245	FusionSeeker	1245	Breakpoint_2
10GB	85%	ENSG00000103415:ENSG00000103160	CTATLRB1	-1226	CTAT-LR-Fusion	-1226	Breakpoint_1
10GB	85%	ENSG00000103415:ENSG00000103160	CTATLRB2	1267	CTAT-LR-Fusion	1267	Breakpoint_2
10GB	85%	ENSG00000206384:ENSG00000196455	FSB1	-5	FusionSeeker	-5	Breakpoint_1
10GB	85%	ENSG00000206384:ENSG00000196455	FSB2	537	FusionSeeker	537	Breakpoint_2
10GB	85%	ENSG00000206384:ENSG00000196455	CTATLRB1	-2	CTAT-LR-Fusion	-2	Breakpoint_1
10GB	85%	ENSG00000206384:ENSG00000196455	CTATLRB2	550	CTAT-LR-Fusion	550	Breakpoint_2
10GB	85%	ENSG00000197872:ENSG00000150722	FSB1	-41965	FusionSeeker	-41965	Breakpoint_1
10GB	85%	ENSG00000197872:ENSG00000150722	FSB2	4	FusionSeeker	4	Breakpoint_2
10GB	85%	ENSG00000109971:ENSG00000095209	FSB1	-984	FusionSeeker	-984	Breakpoint_1
10GB	85%	ENSG00000109971:ENSG00000095209	FSB2	-1	FusionSeeker	-1	Breakpoint_2
10GB	85%	ENSG00000204256:ENSG00000184634	FSB1	-8	FusionSeeker	-8	Breakpoint_1
10GB	85%	ENSG00000204256:ENSG00000184634	FSB2	-1	FusionSeeker	-1	Breakpoint_2
10GB	85%	ENSG00000260830:ENSG00000100461	FSB1	0	FusionSeeker	0	Breakpoint_1
10GB	85%	ENSG00000260830:ENSG00000100461	FSB2	1206	FusionSeeker	1206	Breakpoint_2
10GB	85%	ENSG00000167588:ENSG00000110887	FSB1	-232	FusionSeeker	-232	Breakpoint_1
10GB	85%	ENSG00000167588:ENSG00000110887	FSB2	-1	FusionSeeker	-1	Breakpoint_2
10GB	85%	ENSG00000167588:ENSG00000110887	CTATLRB1	-231	CTAT-LR-Fusion	-231	Breakpoint_1
10GB	85%	ENSG00000167588:ENSG00000110887	CTATLRB2	-1	CTAT-LR-Fusion	-1	Breakpoint_2
10GB	85%	ENSG00000167588:ENSG00000110887	FSB2	2770	FusionSeeker	2770	Breakpoint_2
10GB	85%	ENSG00000235162:ENSG00000286520	FSB1	-799	FusionSeeker	-799	Breakpoint_1
10GB	85%	ENSG00000235162:ENSG00000286520	FSB2	1343	FusionSeeker	1343	Breakpoint_2
10GB	85%	ENSG00000235162:ENSG00000286520	CTATLRB1	-784	CTAT-LR-Fusion	-784	Breakpoint_1
10GB	85%	ENSG00000235162:ENSG00000286520	CTATLRB2	1344	CTAT-LR-Fusion	1344	Breakpoint_2
10GB	85%	ENSG00000213983:ENSG00000126777	FSB1	-662	FusionSeeker	-662	Breakpoint_1
10GB	85%	ENSG00000213983:ENSG00000126777	FSB2	-1	FusionSeeker	-1	Breakpoint_2
10GB	85%	ENSG00000213983:ENSG00000126777	JB1	-661	JAFFAL	-661	Breakpoint_1
10GB	85%	ENSG00000213983:ENSG00000126777	JB2	1	JAFFAL	1	Breakpoint_2
10GB	85%	ENSG00000213983:ENSG00000126777	CTATLRB1	-662	CTAT-LR-Fusion	-662	Breakpoint_1
10GB	85%	ENSG00000213983:ENSG00000126777	CTATLRB2	-1	CTAT-LR-Fusion	-1	Breakpoint_2
10GB	85%	ENSG00000213983:ENSG00000126777	FSB2	2515	FusionSeeker	2515	Breakpoint_2
10GB	85%	ENSG00000288769:ENSG00000111907	FSB1	-66	FusionSeeker	-66	Breakpoint_1
10GB	85%	ENSG00000288769:ENSG00000111907	FSB2	4	FusionSeeker	4	Breakpoint_2
10GB	85%	ENSG00000288769:ENSG00000111907	CTATLRB1	-23	CTAT-LR-Fusion	-23	Breakpoint_1
10GB	85%	ENSG00000288769:ENSG00000111907	CTATLRB2	-1	CTAT-LR-Fusion	-1	Breakpoint_2
10GB	85%	ENSG00000269692:ENSG00000273994	FSB1	0	FusionSeeker	0	Breakpoint_1
10GB	85%	ENSG00000269692:ENSG00000273994	FSB2	283	FusionSeeker	283	Breakpoint_2
10GB	85%	ENSG00000125898:ENSG00000234948	FSB1	-3	FusionSeeker	-3	Breakpoint_1
10GB	85%	ENSG00000125898:ENSG00000234948	FSB2	24628	FusionSeeker	24628	Breakpoint_2
10GB	85%	ENSG00000244754:ENSG00000233124	FSB1	-3048	FusionSeeker	-3048	Breakpoint_1
10GB	85%	ENSG00000244754:ENSG00000233124	FSB2	4069	FusionSeeker	4069	Breakpoint_2
10GB	85%	ENSG00000244754:ENSG00000233124	CTATLRB1	-3080	CTAT-LR-Fusion	-3080	Breakpoint_1
10GB	85%	ENSG00000244754:ENSG00000233124	CTATLRB2	4150	CTAT-LR-Fusion	4150	Breakpoint_2
10GB	85%	ENSG00000143891:ENSG00000132300	FSB1	-1	FusionSeeker	-1	Breakpoint_1
10GB	85%	ENSG00000143891:ENSG00000132300	FSB2	2	FusionSeeker	2	Breakpoint_2
10GB	85%	ENSG00000143891:ENSG00000132300	CTATLRB1	-1	CTAT-LR-Fusion	-1	Breakpoint_1
10GB	85%	ENSG00000143891:ENSG00000132300	CTATLRB2	-1	CTAT-LR-Fusion	-1	Breakpoint_2
10GB	85%	ENSG00000148604:ENSG00000100811	FSB1	-288	FusionSeeker	-288	Breakpoint_1
10GB	85%	ENSG00000148604:ENSG00000100811	FSB2	5	FusionSeeker	5	Breakpoint_2
10GB	85%	ENSG00000148604:ENSG00000100811	CTATLRB1	-5	CTAT-LR-Fusion	-5	Breakpoint_1
10GB	85%	ENSG00000148604:ENSG00000100811	CTATLRB2	-1	CTAT-LR-Fusion	-1	Breakpoint_2
10GB	85%	ENSG00000069329:ENSG00000253327	FSB1	-6271	FusionSeeker	-6271	Breakpoint_1
10GB	85%	ENSG00000069329:ENSG00000253327	FSB2	1	FusionSeeker	1	Breakpoint_2
10GB	85%	ENSG00000113569:ENSG00000145675	FSB1	-19482	FusionSeeker	-19482	Breakpoint_1
10GB	85%	ENSG00000113569:ENSG00000145675	FSB2	1	FusionSeeker	1	Breakpoint_2
10GB	85%	ENSG00000113569:ENSG00000145675	FSB1	-6421	FusionSeeker	-6421	Breakpoint_1
10GB	85%	ENSG00000113569:ENSG00000145675	FSB2	0	FusionSeeker	0	Breakpoint_2
10GB	85%	ENSG00000095981:ENSG00000164627	FSB1	-3347	FusionSeeker	-3347	Breakpoint_1
10GB	85%	ENSG00000095981:ENSG00000164627	FSB2	6556	FusionSeeker	6556	Breakpoint_2
10GB	85%	ENSG00000105889:ENSG00000075303	FSB1	-6818	FusionSeeker	-6818	Breakpoint_1
10GB	85%	ENSG00000105889:ENSG00000075303	FSB2	13552	FusionSeeker	13552	Breakpoint_2
10GB	90%	ENSG00000196935:ENSG00000283625	FSB1	3	FusionSeeker	3	Breakpoint_1
10GB	90%	ENSG00000196935:ENSG00000283625	FSB2	752	FusionSeeker	752	Breakpoint_2
10GB	90%	ENSG00000149273:ENSG00000262898	FSB1	-757	FusionSeeker	-757	Breakpoint_1
10GB	90%	ENSG00000149273:ENSG00000262898	FSB2	-3	FusionSeeker	-3	Breakpoint_2
10GB	90%	ENSG00000149273:ENSG00000262898	CTATLRB1	-754	CTAT-LR-Fusion	-754	Breakpoint_1
10GB	90%	ENSG00000149273:ENSG00000262898	CTATLRB2	-13	CTAT-LR-Fusion	-13	Breakpoint_2
10GB	90%	ENSG00000149273:ENSG00000262898	CTATLRB1	-758	CTAT-LR-Fusion	-758	Breakpoint_1
10GB	90%	ENSG00000182621:ENSG00000124155	FSB1	-1	FusionSeeker	-1	Breakpoint_1
10GB	90%	ENSG00000182621:ENSG00000124155	FSB2	-1	FusionSeeker	-1	Breakpoint_2
10GB	90%	ENSG00000182621:ENSG00000124155	JB1	-1	JAFFAL	-1	Breakpoint_1
10GB	90%	ENSG00000182621:ENSG00000124155	JB2	0	JAFFAL	0	Breakpoint_2
10GB	90%	ENSG00000182621:ENSG00000124155	CTATLRB1	0	CTAT-LR-Fusion	0	Breakpoint_1
10GB	90%	ENSG00000182621:ENSG00000124155	CTATLRB2	0	CTAT-LR-Fusion	0	Breakpoint_2
10GB	90%	ENSG00000162882:ENSG00000288886	FSB1	-9180	FusionSeeker	-9180	Breakpoint_1
10GB	90%	ENSG00000162882:ENSG00000288886	FSB2	-2	FusionSeeker	-2	Breakpoint_2
10GB	90%	ENSG00000147434:ENSG00000164953	FSB1	-361	FusionSeeker	-361	Breakpoint_1
10GB	90%	ENSG00000147434:ENSG00000164953	FSB2	-14	FusionSeeker	-14	Breakpoint_2
10GB	90%	ENSG00000147434:ENSG00000164953	JB1	-351	JAFFAL	-351	Breakpoint_1
10GB	90%	ENSG00000147434:ENSG00000164953	JB2	-1	JAFFAL	-1	Breakpoint_2
10GB	90%	ENSG00000009830:ENSG00000087258	FSB1	-1564	FusionSeeker	-1564	Breakpoint_1
10GB	90%	ENSG00000009830:ENSG00000087258	FSB2	1	FusionSeeker	1	Breakpoint_2
10GB	90%	ENSG00000009830:ENSG00000087258	LB1	-1564	LongGF	-1564	Breakpoint_1
10GB	90%	ENSG00000009830:ENSG00000087258	LB2	0	LongGF	0	Breakpoint_2
10GB	90%	ENSG00000009830:ENSG00000087258	JB1	-1563	JAFFAL	-1563	Breakpoint_1
10GB	90%	ENSG00000009830:ENSG00000087258	JB2	1	JAFFAL	1	Breakpoint_2
10GB	90%	ENSG00000009830:ENSG00000087258	CTATLRB1	-1564	CTAT-LR-Fusion	-1564	Breakpoint_1
10GB	90%	ENSG00000009830:ENSG00000087258	CTATLRB2	-1	CTAT-LR-Fusion	-1	Breakpoint_2
10GB	90%	ENSG00000104957:ENSG00000104518	FSB1	-1	FusionSeeker	-1	Breakpoint_1
10GB	90%	ENSG00000104957:ENSG00000104518	FSB2	-1	FusionSeeker	-1	Breakpoint_2
10GB	90%	ENSG00000104957:ENSG00000104518	CTATLRB1	-1	CTAT-LR-Fusion	-1	Breakpoint_1
10GB	90%	ENSG00000104957:ENSG00000104518	CTATLRB2	-1	CTAT-LR-Fusion	-1	Breakpoint_2
10GB	90%	ENSG00000132122:ENSG00000179082	FSB1	-4184	FusionSeeker	-4184	Breakpoint_1
10GB	90%	ENSG00000132122:ENSG00000179082	FSB2	-2	FusionSeeker	-2	Breakpoint_2
10GB	90%	ENSG00000132122:ENSG00000179082	CTATLRB1	-4189	CTAT-LR-Fusion	-4189	Breakpoint_1
10GB	90%	ENSG00000132122:ENSG00000179082	CTATLRB2	-16	CTAT-LR-Fusion	-16	Breakpoint_2
10GB	90%	ENSG00000152223:ENSG00000152229	FSB1	-12829	FusionSeeker	-12829	Breakpoint_1
10GB	90%	ENSG00000152223:ENSG00000152229	FSB2	1912	FusionSeeker	1912	Breakpoint_2
10GB	90%	ENSG00000215124:ENSG00000225102	FSB1	-1152	FusionSeeker	-1152	Breakpoint_1
10GB	90%	ENSG00000215124:ENSG00000225102	FSB2	1698	FusionSeeker	1698	Breakpoint_2
10GB	90%	ENSG00000291093:ENSG00000096746	FSB1	-1	FusionSeeker	-1	Breakpoint_1
10GB	90%	ENSG00000291093:ENSG00000096746	FSB2	-2	FusionSeeker	-2	Breakpoint_2
10GB	90%	ENSG00000074219:ENSG00000236172	FSB1	-2543	FusionSeeker	-2543	Breakpoint_1
10GB	90%	ENSG00000074219:ENSG00000236172	FSB2	1071	FusionSeeker	1071	Breakpoint_2
10GB	90%	ENSG00000131037:ENSG00000125503	FSB1	-1	FusionSeeker	-1	Breakpoint_1
10GB	90%	ENSG00000131037:ENSG00000125503	FSB2	639	FusionSeeker	639	Breakpoint_2
10GB	90%	ENSG00000229606:ENSG00000289577	FSB1	0	FusionSeeker	0	Breakpoint_1
10GB	90%	ENSG00000229606:ENSG00000289577	FSB2	2876	FusionSeeker	2876	Breakpoint_2
10GB	90%	ENSG00000229606:ENSG00000289577	GB1	-30540482	Genion	-30540482	Breakpoint_1
10GB	90%	ENSG00000229606:ENSG00000289577	GB2	-30578579	Genion	-30578579	Breakpoint_2
10GB	90%	ENSG00000166348:ENSG00000165868	FSB1	-30006	FusionSeeker	-30006	Breakpoint_1
10GB	90%	ENSG00000166348:ENSG00000165868	FSB2	4294	FusionSeeker	4294	Breakpoint_2
10GB	90%	ENSG00000117758:ENSG00000159176	FSB1	-1	FusionSeeker	-1	Breakpoint_1
10GB	90%	ENSG00000117758:ENSG00000159176	FSB2	1254	FusionSeeker	1254	Breakpoint_2
10GB	90%	ENSG00000117758:ENSG00000159176	LB1	-1	LongGF	-1	Breakpoint_1
10GB	90%	ENSG00000117758:ENSG00000159176	LB2	1254	LongGF	1254	Breakpoint_2
10GB	90%	ENSG00000117758:ENSG00000159176	CTATLRB1	0	CTAT-LR-Fusion	0	Breakpoint_1
10GB	90%	ENSG00000117758:ENSG00000159176	CTATLRB2	1256	CTAT-LR-Fusion	1256	Breakpoint_2
10GB	90%	ENSG00000225510:ENSG00000102471	FSB1	-1	FusionSeeker	-1	Breakpoint_1
10GB	90%	ENSG00000225510:ENSG00000102471	FSB2	-1	FusionSeeker	-1	Breakpoint_2
10GB	90%	ENSG00000225510:ENSG00000102471	CTATLRB1	7	CTAT-LR-Fusion	7	Breakpoint_1
10GB	90%	ENSG00000225510:ENSG00000102471	CTATLRB2	5	CTAT-LR-Fusion	5	Breakpoint_2
10GB	90%	ENSG00000225676:ENSG00000136861	FSB1	-142	FusionSeeker	-142	Breakpoint_1
10GB	90%	ENSG00000225676:ENSG00000136861	FSB2	5738	FusionSeeker	5738	Breakpoint_2
10GB	90%	ENSG00000225676:ENSG00000136861	JB1	-141	JAFFAL	-141	Breakpoint_1
10GB	90%	ENSG00000225676:ENSG00000136861	JB2	386	JAFFAL	386	Breakpoint_2
10GB	90%	ENSG00000148362:ENSG00000169583	FSB1	-1	FusionSeeker	-1	Breakpoint_1
10GB	90%	ENSG00000148362:ENSG00000169583	FSB2	496	FusionSeeker	496	Breakpoint_2
10GB	90%	ENSG00000148362:ENSG00000169583	LB1	-2	LongGF	-2	Breakpoint_1
10GB	90%	ENSG00000148362:ENSG00000169583	LB2	229	LongGF	229	Breakpoint_2
10GB	90%	ENSG00000148362:ENSG00000169583	CTATLRB1	-1	CTAT-LR-Fusion	-1	Breakpoint_1
10GB	90%	ENSG00000148362:ENSG00000169583	CTATLRB2	496	CTAT-LR-Fusion	496	Breakpoint_2
10GB	90%	ENSG00000060339:ENSG00000228451	FSB1	-1	FusionSeeker	-1	Breakpoint_1
10GB	90%	ENSG00000060339:ENSG00000228451	FSB2	733	FusionSeeker	733	Breakpoint_2
10GB	90%	ENSG00000060339:ENSG00000228451	CTATLRB1	0	CTAT-LR-Fusion	0	Breakpoint_1
10GB	90%	ENSG00000060339:ENSG00000228451	CTATLRB2	734	CTAT-LR-Fusion	734	Breakpoint_2
10GB	90%	ENSG00000108094:ENSG00000085788	FSB1	-264	FusionSeeker	-264	Breakpoint_1
10GB	90%	ENSG00000108094:ENSG00000085788	FSB2	-2	FusionSeeker	-2	Breakpoint_2
10GB	90%	ENSG00000108094:ENSG00000085788	JB1	-261	JAFFAL	-261	Breakpoint_1
10GB	90%	ENSG00000108094:ENSG00000085788	JB2	0	JAFFAL	0	Breakpoint_2
10GB	90%	ENSG00000108094:ENSG00000085788	CTATLRB1	-5948	CTAT-LR-Fusion	-5948	Breakpoint_1
10GB	90%	ENSG00000108094:ENSG00000085788	CTATLRB2	-1	CTAT-LR-Fusion	-1	Breakpoint_2
10GB	90%	ENSG00000135241:ENSG00000225612	FSB1	-120	FusionSeeker	-120	Breakpoint_1
10GB	90%	ENSG00000135241:ENSG00000225612	FSB2	10	FusionSeeker	10	Breakpoint_2
10GB	90%	ENSG00000135241:ENSG00000225612	JB1	-121	JAFFAL	-121	Breakpoint_1
10GB	90%	ENSG00000135241:ENSG00000225612	JB2	13	JAFFAL	13	Breakpoint_2
10GB	90%	ENSG00000135241:ENSG00000225612	CTATLRB1	-23660	CTAT-LR-Fusion	-23660	Breakpoint_1
10GB	90%	ENSG00000135241:ENSG00000225612	CTATLRB2	-128	CTAT-LR-Fusion	-128	Breakpoint_2
10GB	90%	ENSG00000103415:ENSG00000103160	FSB1	-1228	FusionSeeker	-1228	Breakpoint_1
10GB	90%	ENSG00000103415:ENSG00000103160	FSB2	1241	FusionSeeker	1241	Breakpoint_2
10GB	90%	ENSG00000103415:ENSG00000103160	CTATLRB1	-1226	CTAT-LR-Fusion	-1226	Breakpoint_1
10GB	90%	ENSG00000103415:ENSG00000103160	CTATLRB2	1267	CTAT-LR-Fusion	1267	Breakpoint_2
10GB	90%	ENSG00000114638:ENSG00000121578	FSB1	0	FusionSeeker	0	Breakpoint_1
10GB	90%	ENSG00000114638:ENSG00000121578	FSB2	947	FusionSeeker	947	Breakpoint_2
10GB	90%	ENSG00000114638:ENSG00000121578	LB1	-1	LongGF	-1	Breakpoint_1
10GB	90%	ENSG00000114638:ENSG00000121578	LB2	943	LongGF	943	Breakpoint_2
10GB	90%	ENSG00000114638:ENSG00000121578	JB1	-3	JAFFAL	-3	Breakpoint_1
10GB	90%	ENSG00000114638:ENSG00000121578	JB2	948	JAFFAL	948	Breakpoint_2
10GB	90%	ENSG00000114638:ENSG00000121578	CTATLRB1	0	CTAT-LR-Fusion	0	Breakpoint_1
10GB	90%	ENSG00000114638:ENSG00000121578	CTATLRB2	948	CTAT-LR-Fusion	948	Breakpoint_2
10GB	90%	ENSG00000197872:ENSG00000150722	FSB1	-41961	FusionSeeker	-41961	Breakpoint_1
10GB	90%	ENSG00000197872:ENSG00000150722	FSB2	1	FusionSeeker	1	Breakpoint_2
10GB	90%	ENSG00000109971:ENSG00000095209	FSB1	-1510	FusionSeeker	-1510	Breakpoint_1
10GB	90%	ENSG00000109971:ENSG00000095209	FSB2	-1	FusionSeeker	-1	Breakpoint_2
10GB	90%	ENSG00000167419:ENSG00000005381	FSB1	-1	FusionSeeker	-1	Breakpoint_1
10GB	90%	ENSG00000167419:ENSG00000005381	FSB2	1006	FusionSeeker	1006	Breakpoint_2
10GB	90%	ENSG00000167419:ENSG00000005381	JB1	0	JAFFAL	0	Breakpoint_1
10GB	90%	ENSG00000167419:ENSG00000005381	JB2	1006	JAFFAL	1006	Breakpoint_2
10GB	90%	ENSG00000167419:ENSG00000005381	CTATLRB1	3	CTAT-LR-Fusion	3	Breakpoint_1
10GB	90%	ENSG00000167419:ENSG00000005381	CTATLRB2	1007	CTAT-LR-Fusion	1007	Breakpoint_2
10GB	90%	ENSG00000167419:ENSG00000005381	CTATLRB1	-3	CTAT-LR-Fusion	-3	Breakpoint_1
10GB	90%	ENSG00000204256:ENSG00000184634	FSB1	-1	FusionSeeker	-1	Breakpoint_1
10GB	90%	ENSG00000204256:ENSG00000184634	FSB2	-1	FusionSeeker	-1	Breakpoint_2
10GB	90%	ENSG00000204256:ENSG00000184634	CTATLRB1	-8	CTAT-LR-Fusion	-8	Breakpoint_1
10GB	90%	ENSG00000204256:ENSG00000184634	CTATLRB2	-5	CTAT-LR-Fusion	-5	Breakpoint_2
10GB	90%	ENSG00000090565:ENSG00000167207	FSB1	3	FusionSeeker	3	Breakpoint_1
10GB	90%	ENSG00000090565:ENSG00000167207	FSB2	-1	FusionSeeker	-1	Breakpoint_2
10GB	90%	ENSG00000167588:ENSG00000110887	FSB1	-232	FusionSeeker	-232	Breakpoint_1
10GB	90%	ENSG00000167588:ENSG00000110887	FSB2	-1	FusionSeeker	-1	Breakpoint_2
10GB	90%	ENSG00000167588:ENSG00000110887	CTATLRB1	-231	CTAT-LR-Fusion	-231	Breakpoint_1
10GB	90%	ENSG00000167588:ENSG00000110887	CTATLRB2	-1	CTAT-LR-Fusion	-1	Breakpoint_2
10GB	90%	ENSG00000235162:ENSG00000286520	FSB1	-1	FusionSeeker	-1	Breakpoint_1
10GB	90%	ENSG00000235162:ENSG00000286520	FSB2	1551	FusionSeeker	1551	Breakpoint_2
10GB	90%	ENSG00000235162:ENSG00000286520	JB1	0	JAFFAL	0	Breakpoint_1
10GB	90%	ENSG00000235162:ENSG00000286520	JB2	1343	JAFFAL	1343	Breakpoint_2
10GB	90%	ENSG00000235162:ENSG00000286520	CTATLRB1	0	CTAT-LR-Fusion	0	Breakpoint_1
10GB	90%	ENSG00000235162:ENSG00000286520	CTATLRB2	1344	CTAT-LR-Fusion	1344	Breakpoint_2
10GB	90%	ENSG00000234129:ENSG00000101966	FSB1	-240	FusionSeeker	-240	Breakpoint_1
10GB	90%	ENSG00000234129:ENSG00000101966	FSB2	-2	FusionSeeker	-2	Breakpoint_2
10GB	90%	ENSG00000234129:ENSG00000101966	CTATLRB1	-244	CTAT-LR-Fusion	-244	Breakpoint_1
10GB	90%	ENSG00000234129:ENSG00000101966	CTATLRB2	25752	CTAT-LR-Fusion	25752	Breakpoint_2
10GB	90%	ENSG00000213983:ENSG00000126777	FSB1	-662	FusionSeeker	-662	Breakpoint_1
10GB	90%	ENSG00000213983:ENSG00000126777	FSB2	-1	FusionSeeker	-1	Breakpoint_2
10GB	90%	ENSG00000213983:ENSG00000126777	JB1	-661	JAFFAL	-661	Breakpoint_1
10GB	90%	ENSG00000213983:ENSG00000126777	JB2	1	JAFFAL	1	Breakpoint_2
10GB	90%	ENSG00000264569:ENSG00000169733	FSB1	-1	FusionSeeker	-1	Breakpoint_1
10GB	90%	ENSG00000264569:ENSG00000169733	FSB2	3438	FusionSeeker	3438	Breakpoint_2
10GB	90%	ENSG00000288769:ENSG00000111907	FSB1	-42	FusionSeeker	-42	Breakpoint_1
10GB	90%	ENSG00000288769:ENSG00000111907	FSB2	2	FusionSeeker	2	Breakpoint_2
10GB	90%	ENSG00000288769:ENSG00000111907	CTATLRB1	1	CTAT-LR-Fusion	1	Breakpoint_1
10GB	90%	ENSG00000288769:ENSG00000111907	CTATLRB2	-1	CTAT-LR-Fusion	-1	Breakpoint_2
10GB	90%	ENSG00000269692:ENSG00000273994	FSB1	0	FusionSeeker	0	Breakpoint_1
10GB	90%	ENSG00000269692:ENSG00000273994	FSB2	283	FusionSeeker	283	Breakpoint_2
10GB	90%	ENSG00000125898:ENSG00000234948	FSB1	0	FusionSeeker	0	Breakpoint_1
10GB	90%	ENSG00000125898:ENSG00000234948	FSB2	1	FusionSeeker	1	Breakpoint_2
10GB	90%	ENSG00000125898:ENSG00000234948	JB1	-2	JAFFAL	-2	Breakpoint_1
10GB	90%	ENSG00000125898:ENSG00000234948	JB2	1	JAFFAL	1	Breakpoint_2
10GB	90%	ENSG00000125898:ENSG00000234948	CTATLRB1	-2	CTAT-LR-Fusion	-2	Breakpoint_1
10GB	90%	ENSG00000125898:ENSG00000234948	CTATLRB2	-1	CTAT-LR-Fusion	-1	Breakpoint_2
10GB	90%	ENSG00000244754:ENSG00000233124	FSB1	-3051	FusionSeeker	-3051	Breakpoint_1
10GB	90%	ENSG00000244754:ENSG00000233124	FSB2	4143	FusionSeeker	4143	Breakpoint_2
10GB	90%	ENSG00000244754:ENSG00000233124	CTATLRB1	-3080	CTAT-LR-Fusion	-3080	Breakpoint_1
10GB	90%	ENSG00000244754:ENSG00000233124	CTATLRB2	4150	CTAT-LR-Fusion	4150	Breakpoint_2
10GB	90%	ENSG00000095303:ENSG00000233616	FSB1	-5	FusionSeeker	-5	Breakpoint_1
10GB	90%	ENSG00000095303:ENSG00000233616	FSB2	260	FusionSeeker	260	Breakpoint_2
10GB	90%	ENSG00000095303:ENSG00000233616	JB1	-8	JAFFAL	-8	Breakpoint_1
10GB	90%	ENSG00000095303:ENSG00000233616	JB2	263	JAFFAL	263	Breakpoint_2
10GB	90%	ENSG00000095303:ENSG00000233616	CTATLRB1	-4	CTAT-LR-Fusion	-4	Breakpoint_1
10GB	90%	ENSG00000095303:ENSG00000233616	CTATLRB2	262	CTAT-LR-Fusion	262	Breakpoint_2
10GB	90%	ENSG00000108312:ENSG00000260793	FSB1	-254	FusionSeeker	-254	Breakpoint_1
10GB	90%	ENSG00000108312:ENSG00000260793	FSB2	-1	FusionSeeker	-1	Breakpoint_2
10GB	90%	ENSG00000108312:ENSG00000260793	CTATLRB1	-1897	CTAT-LR-Fusion	-1897	Breakpoint_1
10GB	90%	ENSG00000108312:ENSG00000260793	CTATLRB2	0	CTAT-LR-Fusion	0	Breakpoint_2
10GB	90%	ENSG00000143891:ENSG00000132300	FSB1	-1	FusionSeeker	-1	Breakpoint_1
10GB	90%	ENSG00000143891:ENSG00000132300	FSB2	-1	FusionSeeker	-1	Breakpoint_2
10GB	90%	ENSG00000143891:ENSG00000132300	CTATLRB1	-1	CTAT-LR-Fusion	-1	Breakpoint_1
10GB	90%	ENSG00000143891:ENSG00000132300	CTATLRB2	-1	CTAT-LR-Fusion	-1	Breakpoint_2
10GB	90%	ENSG00000223631:ENSG00000284659	FSB1	-2113	FusionSeeker	-2113	Breakpoint_1
10GB	90%	ENSG00000223631:ENSG00000284659	FSB2	105	FusionSeeker	105	Breakpoint_2
10GB	90%	ENSG00000223631:ENSG00000284659	GB1	-4222	Genion	-4222	Breakpoint_1
10GB	90%	ENSG00000223631:ENSG00000284659	GB2	8	Genion	8	Breakpoint_2
10GB	90%	ENSG00000223631:ENSG00000284659	CTATLRB1	-2112	CTAT-LR-Fusion	-2112	Breakpoint_1
10GB	90%	ENSG00000223631:ENSG00000284659	CTATLRB2	113	CTAT-LR-Fusion	113	Breakpoint_2
10GB	90%	ENSG00000148604:ENSG00000100811	FSB1	-1	FusionSeeker	-1	Breakpoint_1
10GB	90%	ENSG00000148604:ENSG00000100811	FSB2	2	FusionSeeker	2	Breakpoint_2
10GB	90%	ENSG00000148604:ENSG00000100811	JB1	-7	JAFFAL	-7	Breakpoint_1
10GB	90%	ENSG00000148604:ENSG00000100811	JB2	4	JAFFAL	4	Breakpoint_2
10GB	90%	ENSG00000148604:ENSG00000100811	CTATLRB1	-5	CTAT-LR-Fusion	-5	Breakpoint_1
10GB	90%	ENSG00000148604:ENSG00000100811	CTATLRB2	-1	CTAT-LR-Fusion	-1	Breakpoint_2
10GB	90%	ENSG00000148604:ENSG00000100811	CTATLRB1	-2	CTAT-LR-Fusion	-2	Breakpoint_1
10GB	90%	ENSG00000105339:ENSG00000022567	FSB1	0	FusionSeeker	0	Breakpoint_1
10GB	90%	ENSG00000105339:ENSG00000022567	FSB2	5389	FusionSeeker	5389	Breakpoint_2
10GB	90%	ENSG00000105339:ENSG00000022567	JB1	-2	JAFFAL	-2	Breakpoint_1
10GB	90%	ENSG00000105339:ENSG00000022567	JB2	5388	JAFFAL	5388	Breakpoint_2
10GB	90%	ENSG00000105339:ENSG00000022567	CTATLRB1	-1	CTAT-LR-Fusion	-1	Breakpoint_1
10GB	90%	ENSG00000105339:ENSG00000022567	CTATLRB2	5389	CTAT-LR-Fusion	5389	Breakpoint_2
10GB	90%	ENSG00000069329:ENSG00000253327	FSB1	-6271	FusionSeeker	-6271	Breakpoint_1
10GB	90%	ENSG00000069329:ENSG00000253327	FSB2	-1	FusionSeeker	-1	Breakpoint_2
10GB	90%	ENSG00000228570:ENSG00000167258	JB1	0	JAFFAL	0	Breakpoint_1
10GB	90%	ENSG00000228570:ENSG00000167258	JB2	1	JAFFAL	1	Breakpoint_2
10GB	90%	ENSG00000108604:ENSG00000240280	FSB1	-594	FusionSeeker	-594	Breakpoint_1
10GB	90%	ENSG00000108604:ENSG00000240280	FSB2	-1	FusionSeeker	-1	Breakpoint_2
10GB	90%	ENSG00000095981:ENSG00000164627	FSB1	-3353	FusionSeeker	-3353	Breakpoint_1
10GB	90%	ENSG00000095981:ENSG00000164627	FSB2	6556	FusionSeeker	6556	Breakpoint_2
10GB	90%	ENSG00000095981:ENSG00000164627	CTATLRB1	-5620	CTAT-LR-Fusion	-5620	Breakpoint_1
10GB	90%	ENSG00000095981:ENSG00000164627	CTATLRB2	6780	CTAT-LR-Fusion	6780	Breakpoint_2
10GB	90%	ENSG00000283294:ENSG00000224367	FSB1	-1	FusionSeeker	-1	Breakpoint_1
10GB	90%	ENSG00000283294:ENSG00000224367	FSB2	-1	FusionSeeker	-1	Breakpoint_2
10GB	90%	ENSG00000283294:ENSG00000224367	CTATLRB1	0	CTAT-LR-Fusion	0	Breakpoint_1
10GB	90%	ENSG00000283294:ENSG00000224367	CTATLRB2	-1	CTAT-LR-Fusion	-1	Breakpoint_2
10GB	90%	ENSG00000237558:ENSG00000291031	FSB1	-7	FusionSeeker	-7	Breakpoint_1
10GB	90%	ENSG00000237558:ENSG00000291031	FSB2	150	FusionSeeker	150	Breakpoint_2
10GB	90%	ENSG00000237558:ENSG00000291031	CTATLRB1	-1	CTAT-LR-Fusion	-1	Breakpoint_1
10GB	90%	ENSG00000237558:ENSG00000291031	CTATLRB2	159	CTAT-LR-Fusion	159	Breakpoint_2
10GB	90%	ENSG00000149657:ENSG00000101182	FSB1	-1	FusionSeeker	-1	Breakpoint_1
10GB	90%	ENSG00000149657:ENSG00000101182	FSB2	216	FusionSeeker	216	Breakpoint_2
10GB	90%	ENSG00000149657:ENSG00000101182	CTATLRB1	5	CTAT-LR-Fusion	5	Breakpoint_1
10GB	90%	ENSG00000149657:ENSG00000101182	CTATLRB2	215	CTAT-LR-Fusion	215	Breakpoint_2
10GB	90%	ENSG00000113494:ENSG00000198917	FSB1	-157	FusionSeeker	-157	Breakpoint_1
10GB	90%	ENSG00000113494:ENSG00000198917	FSB2	1094	FusionSeeker	1094	Breakpoint_2
10GB	95%	ENSG00000196935:ENSG00000283625	FSB1	3	FusionSeeker	3	Breakpoint_1
10GB	95%	ENSG00000196935:ENSG00000283625	FSB2	752	FusionSeeker	752	Breakpoint_2
10GB	95%	ENSG00000149273:ENSG00000262898	FSB1	-757	FusionSeeker	-757	Breakpoint_1
10GB	95%	ENSG00000149273:ENSG00000262898	FSB2	-3	FusionSeeker	-3	Breakpoint_2
10GB	95%	ENSG00000149273:ENSG00000262898	CTATLRB1	-758	CTAT-LR-Fusion	-758	Breakpoint_1
10GB	95%	ENSG00000149273:ENSG00000262898	CTATLRB2	-13	CTAT-LR-Fusion	-13	Breakpoint_2
10GB	95%	ENSG00000182621:ENSG00000124155	FSB1	-1	FusionSeeker	-1	Breakpoint_1
10GB	95%	ENSG00000182621:ENSG00000124155	FSB2	-1	FusionSeeker	-1	Breakpoint_2
10GB	95%	ENSG00000182621:ENSG00000124155	JB1	0	JAFFAL	0	Breakpoint_1
10GB	95%	ENSG00000182621:ENSG00000124155	JB2	1	JAFFAL	1	Breakpoint_2
10GB	95%	ENSG00000182621:ENSG00000124155	CTATLRB1	0	CTAT-LR-Fusion	0	Breakpoint_1
10GB	95%	ENSG00000182621:ENSG00000124155	CTATLRB2	0	CTAT-LR-Fusion	0	Breakpoint_2
10GB	95%	ENSG00000162882:ENSG00000288886	FSB1	-9180	FusionSeeker	-9180	Breakpoint_1
10GB	95%	ENSG00000162882:ENSG00000288886	FSB2	-2	FusionSeeker	-2	Breakpoint_2
10GB	95%	ENSG00000147434:ENSG00000164953	FSB1	-361	FusionSeeker	-361	Breakpoint_1
10GB	95%	ENSG00000147434:ENSG00000164953	FSB2	-14	FusionSeeker	-14	Breakpoint_2
10GB	95%	ENSG00000147434:ENSG00000164953	JB1	-353	JAFFAL	-353	Breakpoint_1
10GB	95%	ENSG00000147434:ENSG00000164953	JB2	0	JAFFAL	0	Breakpoint_2
10GB	95%	ENSG00000147434:ENSG00000164953	CTATLRB1	-353	CTAT-LR-Fusion	-353	Breakpoint_1
10GB	95%	ENSG00000147434:ENSG00000164953	CTATLRB2	-1	CTAT-LR-Fusion	-1	Breakpoint_2
10GB	95%	ENSG00000009830:ENSG00000087258	FSB1	-1562	FusionSeeker	-1562	Breakpoint_1
10GB	95%	ENSG00000009830:ENSG00000087258	FSB2	-1	FusionSeeker	-1	Breakpoint_2
10GB	95%	ENSG00000009830:ENSG00000087258	LB1	-1562	LongGF	-1562	Breakpoint_1
10GB	95%	ENSG00000009830:ENSG00000087258	LB2	-1	LongGF	-1	Breakpoint_2
10GB	95%	ENSG00000009830:ENSG00000087258	JB1	-1562	JAFFAL	-1562	Breakpoint_1
10GB	95%	ENSG00000009830:ENSG00000087258	JB2	0	JAFFAL	0	Breakpoint_2
10GB	95%	ENSG00000009830:ENSG00000087258	CTATLRB1	-1564	CTAT-LR-Fusion	-1564	Breakpoint_1
10GB	95%	ENSG00000009830:ENSG00000087258	CTATLRB2	-1	CTAT-LR-Fusion	-1	Breakpoint_2
10GB	95%	ENSG00000132122:ENSG00000179082	FSB1	-4184	FusionSeeker	-4184	Breakpoint_1
10GB	95%	ENSG00000132122:ENSG00000179082	FSB2	-2	FusionSeeker	-2	Breakpoint_2
10GB	95%	ENSG00000132122:ENSG00000179082	CTATLRB1	-4189	CTAT-LR-Fusion	-4189	Breakpoint_1
10GB	95%	ENSG00000132122:ENSG00000179082	CTATLRB2	-16	CTAT-LR-Fusion	-16	Breakpoint_2
10GB	95%	ENSG00000152223:ENSG00000152229	FSB1	-14825	FusionSeeker	-14825	Breakpoint_1
10GB	95%	ENSG00000152223:ENSG00000152229	FSB2	1912	FusionSeeker	1912	Breakpoint_2
10GB	95%	ENSG00000152223:ENSG00000152229	CTATLRB1	-14824	CTAT-LR-Fusion	-14824	Breakpoint_1
10GB	95%	ENSG00000152223:ENSG00000152229	CTATLRB2	1913	CTAT-LR-Fusion	1913	Breakpoint_2
10GB	95%	ENSG00000215124:ENSG00000225102	FSB1	-1152	FusionSeeker	-1152	Breakpoint_1
10GB	95%	ENSG00000215124:ENSG00000225102	FSB2	1698	FusionSeeker	1698	Breakpoint_2
10GB	95%	ENSG00000215124:ENSG00000225102	CTATLRB1	-1151	CTAT-LR-Fusion	-1151	Breakpoint_1
10GB	95%	ENSG00000215124:ENSG00000225102	CTATLRB2	1699	CTAT-LR-Fusion	1699	Breakpoint_2
10GB	95%	ENSG00000157916:ENSG00000205835	FSB1	5	FusionSeeker	5	Breakpoint_1
10GB	95%	ENSG00000157916:ENSG00000205835	FSB2	3176	FusionSeeker	3176	Breakpoint_2
10GB	95%	ENSG00000157916:ENSG00000205835	LB1	5	LongGF	5	Breakpoint_1
10GB	95%	ENSG00000157916:ENSG00000205835	LB2	3176	LongGF	3176	Breakpoint_2
10GB	95%	ENSG00000157916:ENSG00000205835	JB1	0	JAFFAL	0	Breakpoint_1
10GB	95%	ENSG00000157916:ENSG00000205835	JB2	3170	JAFFAL	3170	Breakpoint_2
10GB	95%	ENSG00000157916:ENSG00000205835	CTATLRB1	5	CTAT-LR-Fusion	5	Breakpoint_1
10GB	95%	ENSG00000157916:ENSG00000205835	CTATLRB2	3177	CTAT-LR-Fusion	3177	Breakpoint_2
10GB	95%	ENSG00000291093:ENSG00000096746	FSB1	-1	FusionSeeker	-1	Breakpoint_1
10GB	95%	ENSG00000291093:ENSG00000096746	FSB2	-2	FusionSeeker	-2	Breakpoint_2
10GB	95%	ENSG00000291093:ENSG00000096746	CTATLRB1	-1	CTAT-LR-Fusion	-1	Breakpoint_1
10GB	95%	ENSG00000291093:ENSG00000096746	CTATLRB2	-1	CTAT-LR-Fusion	-1	Breakpoint_2
10GB	95%	ENSG00000074219:ENSG00000236172	FSB1	-2545	FusionSeeker	-2545	Breakpoint_1
10GB	95%	ENSG00000074219:ENSG00000236172	FSB2	1071	FusionSeeker	1071	Breakpoint_2
10GB	95%	ENSG00000161513:ENSG00000172782	FSB1	-6509	FusionSeeker	-6509	Breakpoint_1
10GB	95%	ENSG00000161513:ENSG00000172782	FSB2	5337	FusionSeeker	5337	Breakpoint_2
10GB	95%	ENSG00000161513:ENSG00000172782	CTATLRB1	-6546	CTAT-LR-Fusion	-6546	Breakpoint_1
10GB	95%	ENSG00000161513:ENSG00000172782	CTATLRB2	5954	CTAT-LR-Fusion	5954	Breakpoint_2
10GB	95%	ENSG00000161513:ENSG00000172782	CTATLRB1	-6824	CTAT-LR-Fusion	-6824	Breakpoint_1
10GB	95%	ENSG00000161513:ENSG00000172782	CTATLRB2	5338	CTAT-LR-Fusion	5338	Breakpoint_2
10GB	95%	ENSG00000131037:ENSG00000125503	FSB1	-1	FusionSeeker	-1	Breakpoint_1
10GB	95%	ENSG00000131037:ENSG00000125503	FSB2	641	FusionSeeker	641	Breakpoint_2
10GB	95%	ENSG00000131037:ENSG00000125503	CTATLRB1	0	CTAT-LR-Fusion	0	Breakpoint_1
10GB	95%	ENSG00000131037:ENSG00000125503	CTATLRB2	643	CTAT-LR-Fusion	643	Breakpoint_2
10GB	95%	ENSG00000229606:ENSG00000289577	FSB1	0	FusionSeeker	0	Breakpoint_1
10GB	95%	ENSG00000229606:ENSG00000289577	FSB2	2876	FusionSeeker	2876	Breakpoint_2
10GB	95%	ENSG00000229606:ENSG00000289577	CTATLRB1	0	CTAT-LR-Fusion	0	Breakpoint_1
10GB	95%	ENSG00000229606:ENSG00000289577	CTATLRB2	2877	CTAT-LR-Fusion	2877	Breakpoint_2
10GB	95%	ENSG00000166348:ENSG00000165868	FSB1	-30006	FusionSeeker	-30006	Breakpoint_1
10GB	95%	ENSG00000166348:ENSG00000165868	FSB2	173	FusionSeeker	173	Breakpoint_2
10GB	95%	ENSG00000166348:ENSG00000165868	CTATLRB1	-30040	CTAT-LR-Fusion	-30040	Breakpoint_1
10GB	95%	ENSG00000166348:ENSG00000165868	CTATLRB2	4295	CTAT-LR-Fusion	4295	Breakpoint_2
10GB	95%	ENSG00000117758:ENSG00000159176	FSB1	0	FusionSeeker	0	Breakpoint_1
10GB	95%	ENSG00000117758:ENSG00000159176	FSB2	1255	FusionSeeker	1255	Breakpoint_2
10GB	95%	ENSG00000117758:ENSG00000159176	LB1	0	LongGF	0	Breakpoint_1
10GB	95%	ENSG00000117758:ENSG00000159176	LB2	1255	LongGF	1255	Breakpoint_2
10GB	95%	ENSG00000117758:ENSG00000159176	JB1	-1	JAFFAL	-1	Breakpoint_1
10GB	95%	ENSG00000117758:ENSG00000159176	JB2	1255	JAFFAL	1255	Breakpoint_2
10GB	95%	ENSG00000117758:ENSG00000159176	CTATLRB1	0	CTAT-LR-Fusion	0	Breakpoint_1
10GB	95%	ENSG00000117758:ENSG00000159176	CTATLRB2	1256	CTAT-LR-Fusion	1256	Breakpoint_2
10GB	95%	ENSG00000225676:ENSG00000136861	FSB1	-142	FusionSeeker	-142	Breakpoint_1
10GB	95%	ENSG00000225676:ENSG00000136861	FSB2	5756	FusionSeeker	5756	Breakpoint_2
10GB	95%	ENSG00000225676:ENSG00000136861	JB1	-138	JAFFAL	-138	Breakpoint_1
10GB	95%	ENSG00000225676:ENSG00000136861	JB2	395	JAFFAL	395	Breakpoint_2
10GB	95%	ENSG00000180304:ENSG00000105856	FSB1	-12679	FusionSeeker	-12679	Breakpoint_1
10GB	95%	ENSG00000180304:ENSG00000105856	FSB2	-2	FusionSeeker	-2	Breakpoint_2
10GB	95%	ENSG00000148362:ENSG00000169583	FSB1	-1	FusionSeeker	-1	Breakpoint_1
10GB	95%	ENSG00000148362:ENSG00000169583	FSB2	496	FusionSeeker	496	Breakpoint_2
10GB	95%	ENSG00000148362:ENSG00000169583	LB1	-1	LongGF	-1	Breakpoint_1
10GB	95%	ENSG00000148362:ENSG00000169583	LB2	230	LongGF	230	Breakpoint_2
10GB	95%	ENSG00000148362:ENSG00000169583	CTATLRB1	-1	CTAT-LR-Fusion	-1	Breakpoint_1
10GB	95%	ENSG00000148362:ENSG00000169583	CTATLRB2	496	CTAT-LR-Fusion	496	Breakpoint_2
10GB	95%	ENSG00000108094:ENSG00000085788	FSB1	-264	FusionSeeker	-264	Breakpoint_1
10GB	95%	ENSG00000108094:ENSG00000085788	FSB2	-2	FusionSeeker	-2	Breakpoint_2
10GB	95%	ENSG00000108094:ENSG00000085788	JB1	-262	JAFFAL	-262	Breakpoint_1
10GB	95%	ENSG00000108094:ENSG00000085788	JB2	-1	JAFFAL	-1	Breakpoint_2
10GB	95%	ENSG00000108094:ENSG00000085788	FSB1	-3945	FusionSeeker	-3945	Breakpoint_1
10GB	95%	ENSG00000135241:ENSG00000225612	FSB1	-123	FusionSeeker	-123	Breakpoint_1
10GB	95%	ENSG00000135241:ENSG00000225612	FSB2	-1	FusionSeeker	-1	Breakpoint_2
10GB	95%	ENSG00000135241:ENSG00000225612	JB1	-120	JAFFAL	-120	Breakpoint_1
10GB	95%	ENSG00000135241:ENSG00000225612	JB2	1	JAFFAL	1	Breakpoint_2
10GB	95%	ENSG00000135241:ENSG00000225612	CTATLRB1	-23660	CTAT-LR-Fusion	-23660	Breakpoint_1
10GB	95%	ENSG00000135241:ENSG00000225612	CTATLRB2	-128	CTAT-LR-Fusion	-128	Breakpoint_2
10GB	95%	ENSG00000185664:ENSG00000251584	FSB1	-4691	FusionSeeker	-4691	Breakpoint_1
10GB	95%	ENSG00000185664:ENSG00000251584	FSB2	-1	FusionSeeker	-1	Breakpoint_2
10GB	95%	ENSG00000185664:ENSG00000251584	CTATLRB1	-4714	CTAT-LR-Fusion	-4714	Breakpoint_1
10GB	95%	ENSG00000185664:ENSG00000251584	CTATLRB2	-24	CTAT-LR-Fusion	-24	Breakpoint_2
10GB	95%	ENSG00000103415:ENSG00000103160	FSB1	-1	FusionSeeker	-1	Breakpoint_1
10GB	95%	ENSG00000103415:ENSG00000103160	FSB2	1245	FusionSeeker	1245	Breakpoint_2
10GB	95%	ENSG00000103415:ENSG00000103160	JB1	-2	JAFFAL	-2	Breakpoint_1
10GB	95%	ENSG00000103415:ENSG00000103160	JB2	1245	JAFFAL	1245	Breakpoint_2
10GB	95%	ENSG00000103415:ENSG00000103160	CTATLRB1	-1226	CTAT-LR-Fusion	-1226	Breakpoint_1
10GB	95%	ENSG00000103415:ENSG00000103160	CTATLRB2	1267	CTAT-LR-Fusion	1267	Breakpoint_2
10GB	95%	ENSG00000206384:ENSG00000196455	FSB1	-1	FusionSeeker	-1	Breakpoint_1
10GB	95%	ENSG00000206384:ENSG00000196455	FSB2	7483	FusionSeeker	7483	Breakpoint_2
10GB	95%	ENSG00000206384:ENSG00000196455	FSB2	5445	FusionSeeker	5445	Breakpoint_2
10GB	95%	ENSG00000206384:ENSG00000196455	FSB2	1785	FusionSeeker	1785	Breakpoint_2
10GB	95%	ENSG00000114638:ENSG00000121578	FSB1	0	FusionSeeker	0	Breakpoint_1
10GB	95%	ENSG00000114638:ENSG00000121578	FSB2	947	FusionSeeker	947	Breakpoint_2
10GB	95%	ENSG00000114638:ENSG00000121578	LB1	-1	LongGF	-1	Breakpoint_1
10GB	95%	ENSG00000114638:ENSG00000121578	LB2	946	LongGF	946	Breakpoint_2
10GB	95%	ENSG00000114638:ENSG00000121578	JB1	-1	JAFFAL	-1	Breakpoint_1
10GB	95%	ENSG00000114638:ENSG00000121578	JB2	947	JAFFAL	947	Breakpoint_2
10GB	95%	ENSG00000114638:ENSG00000121578	CTATLRB1	0	CTAT-LR-Fusion	0	Breakpoint_1
10GB	95%	ENSG00000114638:ENSG00000121578	CTATLRB2	948	CTAT-LR-Fusion	948	Breakpoint_2
10GB	95%	ENSG00000197872:ENSG00000150722	FSB1	-41964	FusionSeeker	-41964	Breakpoint_1
10GB	95%	ENSG00000197872:ENSG00000150722	FSB2	-1	FusionSeeker	-1	Breakpoint_2
10GB	95%	ENSG00000197872:ENSG00000150722	CTATLRB1	-42899	CTAT-LR-Fusion	-42899	Breakpoint_1
10GB	95%	ENSG00000197872:ENSG00000150722	CTATLRB2	-117	CTAT-LR-Fusion	-117	Breakpoint_2
10GB	95%	ENSG00000260830:ENSG00000100461	FSB1	0	FusionSeeker	0	Breakpoint_1
10GB	95%	ENSG00000260830:ENSG00000100461	FSB2	13942	FusionSeeker	13942	Breakpoint_2
10GB	95%	ENSG00000260830:ENSG00000100461	JB1	0	JAFFAL	0	Breakpoint_1
10GB	95%	ENSG00000260830:ENSG00000100461	JB2	83	JAFFAL	83	Breakpoint_2
10GB	95%	ENSG00000090565:ENSG00000167207	FSB1	3	FusionSeeker	3	Breakpoint_1
10GB	95%	ENSG00000090565:ENSG00000167207	FSB2	-1	FusionSeeker	-1	Breakpoint_2
10GB	95%	ENSG00000090565:ENSG00000167207	CTATLRB1	0	CTAT-LR-Fusion	0	Breakpoint_1
10GB	95%	ENSG00000090565:ENSG00000167207	CTATLRB2	-1	CTAT-LR-Fusion	-1	Breakpoint_2
10GB	95%	ENSG00000167588:ENSG00000110887	FSB1	-232	FusionSeeker	-232	Breakpoint_1
10GB	95%	ENSG00000167588:ENSG00000110887	FSB2	-1	FusionSeeker	-1	Breakpoint_2
10GB	95%	ENSG00000167588:ENSG00000110887	CTATLRB1	-231	CTAT-LR-Fusion	-231	Breakpoint_1
10GB	95%	ENSG00000167588:ENSG00000110887	CTATLRB2	-1	CTAT-LR-Fusion	-1	Breakpoint_2
10GB	95%	ENSG00000235162:ENSG00000286520	FSB1	-1	FusionSeeker	-1	Breakpoint_1
10GB	95%	ENSG00000235162:ENSG00000286520	FSB2	1551	FusionSeeker	1551	Breakpoint_2
10GB	95%	ENSG00000235162:ENSG00000286520	JB1	0	JAFFAL	0	Breakpoint_1
10GB	95%	ENSG00000235162:ENSG00000286520	JB2	1343	JAFFAL	1343	Breakpoint_2
10GB	95%	ENSG00000235162:ENSG00000286520	CTATLRB1	0	CTAT-LR-Fusion	0	Breakpoint_1
10GB	95%	ENSG00000235162:ENSG00000286520	CTATLRB2	1344	CTAT-LR-Fusion	1344	Breakpoint_2
10GB	95%	ENSG00000213983:ENSG00000126777	FSB1	-662	FusionSeeker	-662	Breakpoint_1
10GB	95%	ENSG00000213983:ENSG00000126777	FSB2	-1	FusionSeeker	-1	Breakpoint_2
10GB	95%	ENSG00000213983:ENSG00000126777	JB1	-662	JAFFAL	-662	Breakpoint_1
10GB	95%	ENSG00000213983:ENSG00000126777	JB2	-1	JAFFAL	-1	Breakpoint_2
10GB	95%	ENSG00000213983:ENSG00000126777	CTATLRB1	-662	CTAT-LR-Fusion	-662	Breakpoint_1
10GB	95%	ENSG00000213983:ENSG00000126777	CTATLRB2	-1	CTAT-LR-Fusion	-1	Breakpoint_2
10GB	95%	ENSG00000264569:ENSG00000169733	FSB1	-1	FusionSeeker	-1	Breakpoint_1
10GB	95%	ENSG00000264569:ENSG00000169733	FSB2	3438	FusionSeeker	3438	Breakpoint_2
10GB	95%	ENSG00000264569:ENSG00000169733	CTATLRB1	0	CTAT-LR-Fusion	0	Breakpoint_1
10GB	95%	ENSG00000264569:ENSG00000169733	CTATLRB2	1213	CTAT-LR-Fusion	1213	Breakpoint_2
10GB	95%	ENSG00000288769:ENSG00000111907	FSB1	-1	FusionSeeker	-1	Breakpoint_1
10GB	95%	ENSG00000288769:ENSG00000111907	FSB2	0	FusionSeeker	0	Breakpoint_2
10GB	95%	ENSG00000288769:ENSG00000111907	JB1	-7	JAFFAL	-7	Breakpoint_1
10GB	95%	ENSG00000288769:ENSG00000111907	JB2	1	JAFFAL	1	Breakpoint_2
10GB	95%	ENSG00000269692:ENSG00000273994	FSB1	0	FusionSeeker	0	Breakpoint_1
10GB	95%	ENSG00000269692:ENSG00000273994	FSB2	283	FusionSeeker	283	Breakpoint_2
10GB	95%	ENSG00000244754:ENSG00000233124	FSB1	-3051	FusionSeeker	-3051	Breakpoint_1
10GB	95%	ENSG00000244754:ENSG00000233124	FSB2	4149	FusionSeeker	4149	Breakpoint_2
10GB	95%	ENSG00000244754:ENSG00000233124	CTATLRB1	-3080	CTAT-LR-Fusion	-3080	Breakpoint_1
10GB	95%	ENSG00000244754:ENSG00000233124	CTATLRB2	4150	CTAT-LR-Fusion	4150	Breakpoint_2
10GB	95%	ENSG00000095303:ENSG00000233616	FSB1	-1	FusionSeeker	-1	Breakpoint_1
10GB	95%	ENSG00000095303:ENSG00000233616	FSB2	258	FusionSeeker	258	Breakpoint_2
10GB	95%	ENSG00000095303:ENSG00000233616	JB1	-6	JAFFAL	-6	Breakpoint_1
10GB	95%	ENSG00000095303:ENSG00000233616	JB2	253	JAFFAL	253	Breakpoint_2
10GB	95%	ENSG00000095303:ENSG00000233616	CTATLRB1	0	CTAT-LR-Fusion	0	Breakpoint_1
10GB	95%	ENSG00000095303:ENSG00000233616	CTATLRB2	262	CTAT-LR-Fusion	262	Breakpoint_2
10GB	95%	ENSG00000108312:ENSG00000260793	FSB1	-254	FusionSeeker	-254	Breakpoint_1
10GB	95%	ENSG00000108312:ENSG00000260793	FSB2	-1	FusionSeeker	-1	Breakpoint_2
10GB	95%	ENSG00000108312:ENSG00000260793	CTATLRB1	-1897	CTAT-LR-Fusion	-1897	Breakpoint_1
10GB	95%	ENSG00000108312:ENSG00000260793	CTATLRB2	0	CTAT-LR-Fusion	0	Breakpoint_2
10GB	95%	ENSG00000143891:ENSG00000132300	FSB1	-1	FusionSeeker	-1	Breakpoint_1
10GB	95%	ENSG00000143891:ENSG00000132300	FSB2	-1	FusionSeeker	-1	Breakpoint_2
10GB	95%	ENSG00000143891:ENSG00000132300	CTATLRB1	-1	CTAT-LR-Fusion	-1	Breakpoint_1
10GB	95%	ENSG00000143891:ENSG00000132300	CTATLRB2	-1	CTAT-LR-Fusion	-1	Breakpoint_2
10GB	95%	ENSG00000223631:ENSG00000284659	FSB1	-2113	FusionSeeker	-2113	Breakpoint_1
10GB	95%	ENSG00000223631:ENSG00000284659	FSB2	105	FusionSeeker	105	Breakpoint_2
10GB	95%	ENSG00000223631:ENSG00000284659	GB1	-65705847	Genion	-65705847	Breakpoint_1
10GB	95%	ENSG00000223631:ENSG00000284659	GB2	-65709825	Genion	-65709825	Breakpoint_2
10GB	95%	ENSG00000148604:ENSG00000100811	FSB1	-169	FusionSeeker	-169	Breakpoint_1
10GB	95%	ENSG00000148604:ENSG00000100811	FSB2	-7	FusionSeeker	-7	Breakpoint_2
10GB	95%	ENSG00000148604:ENSG00000100811	JB1	-5	JAFFAL	-5	Breakpoint_1
10GB	95%	ENSG00000148604:ENSG00000100811	JB2	1	JAFFAL	1	Breakpoint_2
10GB	95%	ENSG00000148604:ENSG00000100811	CTATLRB1	-5	CTAT-LR-Fusion	-5	Breakpoint_1
10GB	95%	ENSG00000148604:ENSG00000100811	CTATLRB2	-1	CTAT-LR-Fusion	-1	Breakpoint_2
10GB	95%	ENSG00000069329:ENSG00000253327	FSB1	-6271	FusionSeeker	-6271	Breakpoint_1
10GB	95%	ENSG00000069329:ENSG00000253327	FSB2	-1	FusionSeeker	-1	Breakpoint_2
10GB	95%	ENSG00000069329:ENSG00000253327	CTATLRB1	-6269	CTAT-LR-Fusion	-6269	Breakpoint_1
10GB	95%	ENSG00000069329:ENSG00000253327	CTATLRB2	-16	CTAT-LR-Fusion	-16	Breakpoint_2
10GB	95%	ENSG00000228570:ENSG00000167258	FSB1	-1	FusionSeeker	-1	Breakpoint_1
10GB	95%	ENSG00000228570:ENSG00000167258	FSB2	-1	FusionSeeker	-1	Breakpoint_2
10GB	95%	ENSG00000228570:ENSG00000167258	JB1	0	JAFFAL	0	Breakpoint_1
10GB	95%	ENSG00000228570:ENSG00000167258	JB2	1	JAFFAL	1	Breakpoint_2
10GB	95%	ENSG00000113569:ENSG00000145675	FSB1	-6424	FusionSeeker	-6424	Breakpoint_1
10GB	95%	ENSG00000113569:ENSG00000145675	FSB2	-1	FusionSeeker	-1	Breakpoint_2
10GB	95%	ENSG00000113569:ENSG00000145675	JB1	-6422	JAFFAL	-6422	Breakpoint_1
10GB	95%	ENSG00000113569:ENSG00000145675	JB2	0	JAFFAL	0	Breakpoint_2
10GB	95%	ENSG00000113569:ENSG00000145675	CTATLRB1	-29581	CTAT-LR-Fusion	-29581	Breakpoint_1
10GB	95%	ENSG00000113569:ENSG00000145675	CTATLRB2	-1	CTAT-LR-Fusion	-1	Breakpoint_2
10GB	95%	ENSG00000108604:ENSG00000240280	FSB1	-594	FusionSeeker	-594	Breakpoint_1
10GB	95%	ENSG00000108604:ENSG00000240280	FSB2	-1	FusionSeeker	-1	Breakpoint_2
10GB	95%	ENSG00000108604:ENSG00000240280	CTATLRB1	-2280	CTAT-LR-Fusion	-2280	Breakpoint_1
10GB	95%	ENSG00000108604:ENSG00000240280	CTATLRB2	-24	CTAT-LR-Fusion	-24	Breakpoint_2
10GB	95%	ENSG00000095981:ENSG00000164627	FSB1	-3353	FusionSeeker	-3353	Breakpoint_1
10GB	95%	ENSG00000095981:ENSG00000164627	FSB2	6556	FusionSeeker	6556	Breakpoint_2
10GB	95%	ENSG00000283294:ENSG00000224367	FSB1	-1	FusionSeeker	-1	Breakpoint_1
10GB	95%	ENSG00000283294:ENSG00000224367	FSB2	-1	FusionSeeker	-1	Breakpoint_2
10GB	95%	ENSG00000283294:ENSG00000224367	CTATLRB1	0	CTAT-LR-Fusion	0	Breakpoint_1
10GB	95%	ENSG00000283294:ENSG00000224367	CTATLRB2	-1	CTAT-LR-Fusion	-1	Breakpoint_2
10GB	95%	ENSG00000223634:ENSG00000235497	FSB1	-112	FusionSeeker	-112	Breakpoint_1
10GB	95%	ENSG00000223634:ENSG00000235497	FSB2	229	FusionSeeker	229	Breakpoint_2
10GB	95%	ENSG00000223634:ENSG00000235497	GB1	-1	Genion	-1	Breakpoint_1
10GB	95%	ENSG00000223634:ENSG00000235497	GB2	-1	Genion	-1	Breakpoint_2
10GB	95%	ENSG00000223634:ENSG00000235497	JB1	-110	JAFFAL	-110	Breakpoint_1
10GB	95%	ENSG00000223634:ENSG00000235497	JB2	230	JAFFAL	230	Breakpoint_2
10GB	95%	ENSG00000223634:ENSG00000235497	CTATLRB1	-2942	CTAT-LR-Fusion	-2942	Breakpoint_1
10GB	95%	ENSG00000223634:ENSG00000235497	CTATLRB2	230	CTAT-LR-Fusion	230	Breakpoint_2
10GB	95%	ENSG00000223634:ENSG00000235497	CTATLRB1	-2915	CTAT-LR-Fusion	-2915	Breakpoint_1
10GB	95%	ENSG00000237558:ENSG00000291031	FSB1	-1	FusionSeeker	-1	Breakpoint_1
10GB	95%	ENSG00000237558:ENSG00000291031	FSB2	149	FusionSeeker	149	Breakpoint_2
10GB	95%	ENSG00000149657:ENSG00000101182	FSB1	-1	FusionSeeker	-1	Breakpoint_1
10GB	95%	ENSG00000149657:ENSG00000101182	FSB2	216	FusionSeeker	216	Breakpoint_2
10GB	95%	ENSG00000149657:ENSG00000101182	CTATLRB1	5	CTAT-LR-Fusion	5	Breakpoint_1
10GB	95%	ENSG00000149657:ENSG00000101182	CTATLRB2	215	CTAT-LR-Fusion	215	Breakpoint_2
10GB	95%	ENSG00000196433:ENSG00000086758	FSB1	-1	FusionSeeker	-1	Breakpoint_1
10GB	95%	ENSG00000196433:ENSG00000086758	FSB2	131	FusionSeeker	131	Breakpoint_2
10GB	95%	ENSG00000105011:ENSG00000125755	FSB1	-10278	FusionSeeker	-10278	Breakpoint_1
10GB	95%	ENSG00000105011:ENSG00000125755	FSB2	111	FusionSeeker	111	Breakpoint_2
10GB	95%	ENSG00000105011:ENSG00000125755	CTATLRB1	-14868	CTAT-LR-Fusion	-14868	Breakpoint_1
10GB	95%	ENSG00000105011:ENSG00000125755	CTATLRB2	239	CTAT-LR-Fusion	239	Breakpoint_2
10GB	95%	ENSG00000137074:ENSG00000130714	FSB1	-11852	FusionSeeker	-11852	Breakpoint_1
10GB	95%	ENSG00000137074:ENSG00000130714	FSB2	-17	FusionSeeker	-17	Breakpoint_2
10GB	95%	ENSG00000137074:ENSG00000130714	CTATLRB1	-14093	CTAT-LR-Fusion	-14093	Breakpoint_1
10GB	95%	ENSG00000137074:ENSG00000130714	CTATLRB2	-163	CTAT-LR-Fusion	-163	Breakpoint_2
10GB	95%	ENSG00000164924:ENSG00000242315	FSB1	-2905	FusionSeeker	-2905	Breakpoint_1
10GB	95%	ENSG00000164924:ENSG00000242315	FSB2	-2	FusionSeeker	-2	Breakpoint_2
10GB	95%	ENSG00000164924:ENSG00000242315	GB1	-2602	Genion	-2602	Breakpoint_1
10GB	95%	ENSG00000164924:ENSG00000242315	GB2	-2	Genion	-2	Breakpoint_2
10GB	95%	ENSG00000164924:ENSG00000242315	CTATLRB1	-30911	CTAT-LR-Fusion	-30911	Breakpoint_1
10GB	95%	ENSG00000164924:ENSG00000242315	CTATLRB2	-37	CTAT-LR-Fusion	-37	Breakpoint_2
10GB	95%	ENSG00000138101:ENSG00000144589	FSB1	-48767	FusionSeeker	-48767	Breakpoint_1
10GB	95%	ENSG00000138101:ENSG00000144589	FSB2	-1	FusionSeeker	-1	Breakpoint_2
10GB	95%	ENSG00000110881:ENSG00000261427	FSB1	0	FusionSeeker	0	Breakpoint_1
10GB	95%	ENSG00000110881:ENSG00000261427	FSB2	-2	FusionSeeker	-2	Breakpoint_2
10GB	95%	ENSG00000143669:ENSG00000206803	FSB1	-132	FusionSeeker	-132	Breakpoint_1
10GB	95%	ENSG00000143669:ENSG00000206803	FSB2	-1	FusionSeeker	-1	Breakpoint_2
10GB	95%	ENSG00000143669:ENSG00000206803	JB1	-130	JAFFAL	-130	Breakpoint_1
10GB	95%	ENSG00000143669:ENSG00000206803	JB2	0	JAFFAL	0	Breakpoint_2
10GB	95%	ENSG00000143669:ENSG00000206803	CTATLRB1	-132	CTAT-LR-Fusion	-132	Breakpoint_1
10GB	95%	ENSG00000143669:ENSG00000206803	CTATLRB2	0	CTAT-LR-Fusion	0	Breakpoint_2
10GB	95%	ENSG00000263508:ENSG00000141577	FSB1	27187	FusionSeeker	27187	Breakpoint_1
10GB	95%	ENSG00000263508:ENSG00000141577	FSB2	4247	FusionSeeker	4247	Breakpoint_2
100GB	85%	ENSG00000196935:ENSG00000283625	FSB1	3	FusionSeeker	3	Breakpoint_1
100GB	85%	ENSG00000196935:ENSG00000283625	FSB2	752	FusionSeeker	752	Breakpoint_2
100GB	85%	ENSG00000196935:ENSG00000283625	GB1	-16601	Genion	-16601	Breakpoint_1
100GB	85%	ENSG00000196935:ENSG00000283625	GB2	134	Genion	134	Breakpoint_2
100GB	85%	ENSG00000149273:ENSG00000262898	FSB1	-757	FusionSeeker	-757	Breakpoint_1
100GB	85%	ENSG00000149273:ENSG00000262898	FSB2	-3	FusionSeeker	-3	Breakpoint_2
100GB	85%	ENSG00000182621:ENSG00000124155	FSB1	-1	FusionSeeker	-1	Breakpoint_1
100GB	85%	ENSG00000182621:ENSG00000124155	FSB2	-1	FusionSeeker	-1	Breakpoint_2
100GB	85%	ENSG00000182621:ENSG00000124155	JB1	-1	JAFFAL	-1	Breakpoint_1
100GB	85%	ENSG00000182621:ENSG00000124155	JB2	0	JAFFAL	0	Breakpoint_2
100GB	85%	ENSG00000182621:ENSG00000124155	CTATLRB1	0	CTAT-LR-Fusion	0	Breakpoint_1
100GB	85%	ENSG00000182621:ENSG00000124155	CTATLRB2	0	CTAT-LR-Fusion	0	Breakpoint_2
100GB	85%	ENSG00000162882:ENSG00000288886	FSB1	-9180	FusionSeeker	-9180	Breakpoint_1
100GB	85%	ENSG00000162882:ENSG00000288886	FSB2	-2	FusionSeeker	-2	Breakpoint_2
100GB	85%	ENSG00000147434:ENSG00000164953	FSB1	-361	FusionSeeker	-361	Breakpoint_1
100GB	85%	ENSG00000147434:ENSG00000164953	FSB2	-14	FusionSeeker	-14	Breakpoint_2
100GB	85%	ENSG00000147434:ENSG00000164953	JB1	-352	JAFFAL	-352	Breakpoint_1
100GB	85%	ENSG00000147434:ENSG00000164953	JB2	-2	JAFFAL	-2	Breakpoint_2
100GB	85%	ENSG00000009830:ENSG00000087258	FSB1	-1564	FusionSeeker	-1564	Breakpoint_1
100GB	85%	ENSG00000009830:ENSG00000087258	FSB2	-1	FusionSeeker	-1	Breakpoint_2
100GB	85%	ENSG00000009830:ENSG00000087258	LB1	-1564	LongGF	-1564	Breakpoint_1
100GB	85%	ENSG00000009830:ENSG00000087258	LB2	-1	LongGF	-1	Breakpoint_2
100GB	85%	ENSG00000009830:ENSG00000087258	GB1	-509	Genion	-509	Breakpoint_1
100GB	85%	ENSG00000009830:ENSG00000087258	GB2	-1	Genion	-1	Breakpoint_2
100GB	85%	ENSG00000009830:ENSG00000087258	JB1	-1564	JAFFAL	-1564	Breakpoint_1
100GB	85%	ENSG00000009830:ENSG00000087258	JB2	-1	JAFFAL	-1	Breakpoint_2
100GB	85%	ENSG00000009830:ENSG00000087258	CTATLRB1	-1564	CTAT-LR-Fusion	-1564	Breakpoint_1
100GB	85%	ENSG00000009830:ENSG00000087258	CTATLRB2	-1	CTAT-LR-Fusion	-1	Breakpoint_2
100GB	85%	ENSG00000104957:ENSG00000104518	FSB1	-1	FusionSeeker	-1	Breakpoint_1
100GB	85%	ENSG00000104957:ENSG00000104518	FSB2	-1	FusionSeeker	-1	Breakpoint_2
100GB	85%	ENSG00000104957:ENSG00000104518	CTATLRB1	-1	CTAT-LR-Fusion	-1	Breakpoint_1
100GB	85%	ENSG00000104957:ENSG00000104518	CTATLRB2	-1	CTAT-LR-Fusion	-1	Breakpoint_2
100GB	85%	ENSG00000132122:ENSG00000179082	FSB1	-4184	FusionSeeker	-4184	Breakpoint_1
100GB	85%	ENSG00000132122:ENSG00000179082	FSB2	-2	FusionSeeker	-2	Breakpoint_2
100GB	85%	ENSG00000132122:ENSG00000179082	GB1	-3863	Genion	-3863	Breakpoint_1
100GB	85%	ENSG00000132122:ENSG00000179082	GB2	-2	Genion	-2	Breakpoint_2
100GB	85%	ENSG00000152223:ENSG00000152229	FSB1	-12830	FusionSeeker	-12830	Breakpoint_1
100GB	85%	ENSG00000152223:ENSG00000152229	FSB2	56509	FusionSeeker	56509	Breakpoint_2
100GB	85%	ENSG00000215124:ENSG00000225102	FSB1	-1152	FusionSeeker	-1152	Breakpoint_1
100GB	85%	ENSG00000215124:ENSG00000225102	FSB2	1698	FusionSeeker	1698	Breakpoint_2
100GB	85%	ENSG00000215124:ENSG00000225102	GB1	-34	Genion	-34	Breakpoint_1
100GB	85%	ENSG00000215124:ENSG00000225102	GB2	1576	Genion	1576	Breakpoint_2
100GB	85%	ENSG00000157916:ENSG00000205835	FSB1	5	FusionSeeker	5	Breakpoint_1
100GB	85%	ENSG00000157916:ENSG00000205835	FSB2	3176	FusionSeeker	3176	Breakpoint_2
100GB	85%	ENSG00000157916:ENSG00000205835	LB1	1	LongGF	1	Breakpoint_1
100GB	85%	ENSG00000157916:ENSG00000205835	LB2	3173	LongGF	3173	Breakpoint_2
100GB	85%	ENSG00000157916:ENSG00000205835	GB1	-6	Genion	-6	Breakpoint_1
100GB	85%	ENSG00000157916:ENSG00000205835	GB2	2351	Genion	2351	Breakpoint_2
100GB	85%	ENSG00000157916:ENSG00000205835	JB1	3	JAFFAL	3	Breakpoint_1
100GB	85%	ENSG00000157916:ENSG00000205835	JB2	3177	JAFFAL	3177	Breakpoint_2
100GB	85%	ENSG00000157916:ENSG00000205835	CTATLRB1	5	CTAT-LR-Fusion	5	Breakpoint_1
100GB	85%	ENSG00000157916:ENSG00000205835	CTATLRB2	3177	CTAT-LR-Fusion	3177	Breakpoint_2
100GB	85%	ENSG00000291093:ENSG00000096746	FSB1	-1	FusionSeeker	-1	Breakpoint_1
100GB	85%	ENSG00000291093:ENSG00000096746	FSB2	-2	FusionSeeker	-2	Breakpoint_2
100GB	85%	ENSG00000291093:ENSG00000096746	CTATLRB1	-1	CTAT-LR-Fusion	-1	Breakpoint_1
100GB	85%	ENSG00000291093:ENSG00000096746	CTATLRB2	-1	CTAT-LR-Fusion	-1	Breakpoint_2
100GB	85%	ENSG00000074219:ENSG00000236172	FSB1	-2545	FusionSeeker	-2545	Breakpoint_1
100GB	85%	ENSG00000074219:ENSG00000236172	FSB2	1071	FusionSeeker	1071	Breakpoint_2
100GB	85%	ENSG00000074219:ENSG00000236172	GB1	-2309	Genion	-2309	Breakpoint_1
100GB	85%	ENSG00000074219:ENSG00000236172	GB2	760	Genion	760	Breakpoint_2
100GB	85%	ENSG00000074219:ENSG00000236172	CTATLRB1	-2551	CTAT-LR-Fusion	-2551	Breakpoint_1
100GB	85%	ENSG00000074219:ENSG00000236172	CTATLRB2	1209	CTAT-LR-Fusion	1209	Breakpoint_2
100GB	85%	ENSG00000161513:ENSG00000172782	FSB1	-6509	FusionSeeker	-6509	Breakpoint_1
100GB	85%	ENSG00000161513:ENSG00000172782	FSB2	5337	FusionSeeker	5337	Breakpoint_2
100GB	85%	ENSG00000161513:ENSG00000172782	GB1	-6387	Genion	-6387	Breakpoint_1
100GB	85%	ENSG00000161513:ENSG00000172782	GB2	330	Genion	330	Breakpoint_2
100GB	85%	ENSG00000131037:ENSG00000125503	FSB1	-1	FusionSeeker	-1	Breakpoint_1
100GB	85%	ENSG00000131037:ENSG00000125503	FSB2	642	FusionSeeker	642	Breakpoint_2
100GB	85%	ENSG00000131037:ENSG00000125503	CTATLRB1	4	CTAT-LR-Fusion	4	Breakpoint_1
100GB	85%	ENSG00000131037:ENSG00000125503	CTATLRB2	643	CTAT-LR-Fusion	643	Breakpoint_2
100GB	85%	ENSG00000229606:ENSG00000289577	FSB1	0	FusionSeeker	0	Breakpoint_1
100GB	85%	ENSG00000229606:ENSG00000289577	FSB2	2876	FusionSeeker	2876	Breakpoint_2
100GB	85%	ENSG00000229606:ENSG00000289577	GB1	-817	Genion	-817	Breakpoint_1
100GB	85%	ENSG00000229606:ENSG00000289577	GB2	3	Genion	3	Breakpoint_2
100GB	85%	ENSG00000166348:ENSG00000165868	FSB1	-30006	FusionSeeker	-30006	Breakpoint_1
100GB	85%	ENSG00000166348:ENSG00000165868	FSB2	173	FusionSeeker	173	Breakpoint_2
100GB	85%	ENSG00000117758:ENSG00000159176	FSB1	0	FusionSeeker	0	Breakpoint_1
100GB	85%	ENSG00000117758:ENSG00000159176	FSB2	8881	FusionSeeker	8881	Breakpoint_2
100GB	85%	ENSG00000117758:ENSG00000159176	LB1	-1	LongGF	-1	Breakpoint_1
100GB	85%	ENSG00000117758:ENSG00000159176	LB2	1252	LongGF	1252	Breakpoint_2
100GB	85%	ENSG00000117758:ENSG00000159176	GB1	-36850	Genion	-36850	Breakpoint_1
100GB	85%	ENSG00000117758:ENSG00000159176	GB2	400	Genion	400	Breakpoint_2
100GB	85%	ENSG00000117758:ENSG00000159176	JB1	0	JAFFAL	0	Breakpoint_1
100GB	85%	ENSG00000117758:ENSG00000159176	JB2	1254	JAFFAL	1254	Breakpoint_2
100GB	85%	ENSG00000225510:ENSG00000102471	FSB1	-1	FusionSeeker	-1	Breakpoint_1
100GB	85%	ENSG00000225510:ENSG00000102471	FSB2	-1	FusionSeeker	-1	Breakpoint_2
100GB	85%	ENSG00000225676:ENSG00000136861	FSB1	-142	FusionSeeker	-142	Breakpoint_1
100GB	85%	ENSG00000225676:ENSG00000136861	FSB2	5746	FusionSeeker	5746	Breakpoint_2
100GB	85%	ENSG00000225676:ENSG00000136861	JB1	-139	JAFFAL	-139	Breakpoint_1
100GB	85%	ENSG00000225676:ENSG00000136861	JB2	394	JAFFAL	394	Breakpoint_2
100GB	85%	ENSG00000180304:ENSG00000105856	FSB1	-12679	FusionSeeker	-12679	Breakpoint_1
100GB	85%	ENSG00000180304:ENSG00000105856	FSB2	-2	FusionSeeker	-2	Breakpoint_2
100GB	85%	ENSG00000148362:ENSG00000169583	FSB1	-1	FusionSeeker	-1	Breakpoint_1
100GB	85%	ENSG00000148362:ENSG00000169583	FSB2	496	FusionSeeker	496	Breakpoint_2
100GB	85%	ENSG00000148362:ENSG00000169583	LB1	-2	LongGF	-2	Breakpoint_1
100GB	85%	ENSG00000148362:ENSG00000169583	LB2	228	LongGF	228	Breakpoint_2
100GB	85%	ENSG00000148362:ENSG00000169583	GB1	-1067	Genion	-1067	Breakpoint_1
100GB	85%	ENSG00000148362:ENSG00000169583	GB2	-3	Genion	-3	Breakpoint_2
100GB	85%	ENSG00000060339:ENSG00000228451	FSB1	-3	FusionSeeker	-3	Breakpoint_1
100GB	85%	ENSG00000060339:ENSG00000228451	FSB2	714	FusionSeeker	714	Breakpoint_2
100GB	85%	ENSG00000060339:ENSG00000228451	GB1	-21096	Genion	-21096	Breakpoint_1
100GB	85%	ENSG00000060339:ENSG00000228451	GB2	2	Genion	2	Breakpoint_2
100GB	85%	ENSG00000060339:ENSG00000228451	CTATLRB1	0	CTAT-LR-Fusion	0	Breakpoint_1
100GB	85%	ENSG00000060339:ENSG00000228451	CTATLRB2	734	CTAT-LR-Fusion	734	Breakpoint_2
100GB	85%	ENSG00000108094:ENSG00000085788	FSB1	-264	FusionSeeker	-264	Breakpoint_1
100GB	85%	ENSG00000108094:ENSG00000085788	FSB2	-2	FusionSeeker	-2	Breakpoint_2
100GB	85%	ENSG00000108094:ENSG00000085788	JB1	-261	JAFFAL	-261	Breakpoint_1
100GB	85%	ENSG00000108094:ENSG00000085788	JB2	0	JAFFAL	0	Breakpoint_2
100GB	85%	ENSG00000108094:ENSG00000085788	CTATLRB1	-5948	CTAT-LR-Fusion	-5948	Breakpoint_1
100GB	85%	ENSG00000108094:ENSG00000085788	CTATLRB2	-1	CTAT-LR-Fusion	-1	Breakpoint_2
100GB	85%	ENSG00000135241:ENSG00000225612	FSB1	-121	FusionSeeker	-121	Breakpoint_1
100GB	85%	ENSG00000135241:ENSG00000225612	FSB2	-1	FusionSeeker	-1	Breakpoint_2
100GB	85%	ENSG00000135241:ENSG00000225612	GB1	-1	Genion	-1	Breakpoint_1
100GB	85%	ENSG00000135241:ENSG00000225612	GB2	81	Genion	81	Breakpoint_2
100GB	85%	ENSG00000135241:ENSG00000225612	JB1	-121	JAFFAL	-121	Breakpoint_1
100GB	85%	ENSG00000135241:ENSG00000225612	JB2	4	JAFFAL	4	Breakpoint_2
100GB	85%	ENSG00000135241:ENSG00000225612	CTATLRB1	-23660	CTAT-LR-Fusion	-23660	Breakpoint_1
100GB	85%	ENSG00000135241:ENSG00000225612	CTATLRB2	-1	CTAT-LR-Fusion	-1	Breakpoint_2
100GB	85%	ENSG00000185664:ENSG00000251584	FSB1	-4691	FusionSeeker	-4691	Breakpoint_1
100GB	85%	ENSG00000185664:ENSG00000251584	FSB2	-1	FusionSeeker	-1	Breakpoint_2
100GB	85%	ENSG00000280426:ENSG00000076513	FSB1	-751	FusionSeeker	-751	Breakpoint_1
100GB	85%	ENSG00000280426:ENSG00000076513	FSB2	-1	FusionSeeker	-1	Breakpoint_2
100GB	85%	ENSG00000280426:ENSG00000076513	CTATLRB1	-750	CTAT-LR-Fusion	-750	Breakpoint_1
100GB	85%	ENSG00000280426:ENSG00000076513	CTATLRB2	-1	CTAT-LR-Fusion	-1	Breakpoint_2
100GB	85%	ENSG00000103415:ENSG00000103160	FSB1	-1	FusionSeeker	-1	Breakpoint_1
100GB	85%	ENSG00000103415:ENSG00000103160	FSB2	1245	FusionSeeker	1245	Breakpoint_2
100GB	85%	ENSG00000103415:ENSG00000103160	JB1	-1	JAFFAL	-1	Breakpoint_1
100GB	85%	ENSG00000103415:ENSG00000103160	JB2	1244	JAFFAL	1244	Breakpoint_2
100GB	85%	ENSG00000103415:ENSG00000103160	CTATLRB1	-1226	CTAT-LR-Fusion	-1226	Breakpoint_1
100GB	85%	ENSG00000103415:ENSG00000103160	CTATLRB2	1267	CTAT-LR-Fusion	1267	Breakpoint_2
100GB	85%	ENSG00000206384:ENSG00000196455	FSB1	-1	FusionSeeker	-1	Breakpoint_1
100GB	85%	ENSG00000206384:ENSG00000196455	FSB2	28124	FusionSeeker	28124	Breakpoint_2
100GB	85%	ENSG00000206384:ENSG00000196455	JB1	-1	JAFFAL	-1	Breakpoint_1
100GB	85%	ENSG00000206384:ENSG00000196455	JB2	550	JAFFAL	550	Breakpoint_2
100GB	85%	ENSG00000206384:ENSG00000196455	FSB1	-3428	FusionSeeker	-3428	Breakpoint_1
100GB	85%	ENSG00000206384:ENSG00000196455	FSB2	26835	FusionSeeker	26835	Breakpoint_2
100GB	85%	ENSG00000206384:ENSG00000196455	FSB1	-2	FusionSeeker	-2	Breakpoint_1
100GB	85%	ENSG00000206384:ENSG00000196455	FSB2	5446	FusionSeeker	5446	Breakpoint_2
100GB	85%	ENSG00000206384:ENSG00000196455	FSB1	-3426	FusionSeeker	-3426	Breakpoint_1
100GB	85%	ENSG00000206384:ENSG00000196455	FSB2	555	FusionSeeker	555	Breakpoint_2
100GB	85%	ENSG00000206384:ENSG00000196455	FSB2	7487	FusionSeeker	7487	Breakpoint_2
100GB	85%	ENSG00000114638:ENSG00000121578	FSB1	0	FusionSeeker	0	Breakpoint_1
100GB	85%	ENSG00000114638:ENSG00000121578	FSB2	947	FusionSeeker	947	Breakpoint_2
100GB	85%	ENSG00000114638:ENSG00000121578	LB1	-3	LongGF	-3	Breakpoint_1
100GB	85%	ENSG00000114638:ENSG00000121578	LB2	945	LongGF	945	Breakpoint_2
100GB	85%	ENSG00000114638:ENSG00000121578	GB1	-16661	Genion	-16661	Breakpoint_1
100GB	85%	ENSG00000114638:ENSG00000121578	GB2	3	Genion	3	Breakpoint_2
100GB	85%	ENSG00000114638:ENSG00000121578	JB1	0	JAFFAL	0	Breakpoint_1
100GB	85%	ENSG00000114638:ENSG00000121578	JB2	946	JAFFAL	946	Breakpoint_2
100GB	85%	ENSG00000114638:ENSG00000121578	CTATLRB1	0	CTAT-LR-Fusion	0	Breakpoint_1
100GB	85%	ENSG00000114638:ENSG00000121578	CTATLRB2	948	CTAT-LR-Fusion	948	Breakpoint_2
100GB	85%	ENSG00000197872:ENSG00000150722	FSB1	-41960	FusionSeeker	-41960	Breakpoint_1
100GB	85%	ENSG00000197872:ENSG00000150722	FSB2	4	FusionSeeker	4	Breakpoint_2
100GB	85%	ENSG00000109971:ENSG00000095209	FSB1	-984	FusionSeeker	-984	Breakpoint_1
100GB	85%	ENSG00000109971:ENSG00000095209	FSB2	-1	FusionSeeker	-1	Breakpoint_2
100GB	85%	ENSG00000109971:ENSG00000095209	FSB1	-4615	FusionSeeker	-4615	Breakpoint_1
100GB	85%	ENSG00000109971:ENSG00000095209	FSB2	-22209	FusionSeeker	-22209	Breakpoint_2
100GB	85%	ENSG00000167419:ENSG00000005381	FSB1	-1	FusionSeeker	-1	Breakpoint_1
100GB	85%	ENSG00000167419:ENSG00000005381	FSB2	9789	FusionSeeker	9789	Breakpoint_2
100GB	85%	ENSG00000167419:ENSG00000005381	JB1	0	JAFFAL	0	Breakpoint_1
100GB	85%	ENSG00000167419:ENSG00000005381	JB2	1006	JAFFAL	1006	Breakpoint_2
100GB	85%	ENSG00000204256:ENSG00000184634	FSB1	-1	FusionSeeker	-1	Breakpoint_1
100GB	85%	ENSG00000204256:ENSG00000184634	FSB2	-1	FusionSeeker	-1	Breakpoint_2
100GB	85%	ENSG00000260830:ENSG00000100461	FSB1	0	FusionSeeker	0	Breakpoint_1
100GB	85%	ENSG00000260830:ENSG00000100461	FSB2	13945	FusionSeeker	13945	Breakpoint_2
100GB	85%	ENSG00000090565:ENSG00000167207	FSB1	3	FusionSeeker	3	Breakpoint_1
100GB	85%	ENSG00000090565:ENSG00000167207	FSB2	-1	FusionSeeker	-1	Breakpoint_2
100GB	85%	ENSG00000090565:ENSG00000167207	GB1	3	Genion	3	Breakpoint_1
100GB	85%	ENSG00000090565:ENSG00000167207	GB2	6	Genion	6	Breakpoint_2
100GB	85%	ENSG00000167588:ENSG00000110887	FSB1	-232	FusionSeeker	-232	Breakpoint_1
100GB	85%	ENSG00000167588:ENSG00000110887	FSB2	-1	FusionSeeker	-1	Breakpoint_2
100GB	85%	ENSG00000167588:ENSG00000110887	JB1	-231	JAFFAL	-231	Breakpoint_1
100GB	85%	ENSG00000167588:ENSG00000110887	JB2	-1	JAFFAL	-1	Breakpoint_2
100GB	85%	ENSG00000167588:ENSG00000110887	CTATLRB1	-231	CTAT-LR-Fusion	-231	Breakpoint_1
100GB	85%	ENSG00000167588:ENSG00000110887	CTATLRB2	-1	CTAT-LR-Fusion	-1	Breakpoint_2
100GB	85%	ENSG00000235162:ENSG00000286520	FSB1	-1	FusionSeeker	-1	Breakpoint_1
100GB	85%	ENSG00000235162:ENSG00000286520	FSB2	1551	FusionSeeker	1551	Breakpoint_2
100GB	85%	ENSG00000235162:ENSG00000286520	GB1	-36558	Genion	-36558	Breakpoint_1
100GB	85%	ENSG00000235162:ENSG00000286520	GB2	92	Genion	92	Breakpoint_2
100GB	85%	ENSG00000235162:ENSG00000286520	JB1	0	JAFFAL	0	Breakpoint_1
100GB	85%	ENSG00000235162:ENSG00000286520	JB2	1343	JAFFAL	1343	Breakpoint_2
100GB	85%	ENSG00000235162:ENSG00000286520	CTATLRB1	0	CTAT-LR-Fusion	0	Breakpoint_1
100GB	85%	ENSG00000235162:ENSG00000286520	CTATLRB2	1344	CTAT-LR-Fusion	1344	Breakpoint_2
100GB	85%	ENSG00000234129:ENSG00000101966	FSB1	-240	FusionSeeker	-240	Breakpoint_1
100GB	85%	ENSG00000234129:ENSG00000101966	FSB2	25752	FusionSeeker	25752	Breakpoint_2
100GB	85%	ENSG00000234129:ENSG00000101966	FSB1	-237	FusionSeeker	-237	Breakpoint_1
100GB	85%	ENSG00000234129:ENSG00000101966	FSB2	-1	FusionSeeker	-1	Breakpoint_2
100GB	85%	ENSG00000213983:ENSG00000126777	FSB1	-662	FusionSeeker	-662	Breakpoint_1
100GB	85%	ENSG00000213983:ENSG00000126777	FSB2	-1	FusionSeeker	-1	Breakpoint_2
100GB	85%	ENSG00000213983:ENSG00000126777	JB1	-662	JAFFAL	-662	Breakpoint_1
100GB	85%	ENSG00000213983:ENSG00000126777	JB2	-1	JAFFAL	-1	Breakpoint_2
100GB	85%	ENSG00000213983:ENSG00000126777	CTATLRB1	-662	CTAT-LR-Fusion	-662	Breakpoint_1
100GB	85%	ENSG00000213983:ENSG00000126777	CTATLRB2	-1	CTAT-LR-Fusion	-1	Breakpoint_2
100GB	85%	ENSG00000264569:ENSG00000169733	FSB1	-1	FusionSeeker	-1	Breakpoint_1
100GB	85%	ENSG00000264569:ENSG00000169733	FSB2	3438	FusionSeeker	3438	Breakpoint_2
100GB	85%	ENSG00000141449:ENSG00000166401	FSB1	-1	FusionSeeker	-1	Breakpoint_1
100GB	85%	ENSG00000141449:ENSG00000166401	FSB2	8184	FusionSeeker	8184	Breakpoint_2
100GB	85%	ENSG00000141449:ENSG00000166401	GB1	-27365	Genion	-27365	Breakpoint_1
100GB	85%	ENSG00000141449:ENSG00000166401	GB2	8184	Genion	8184	Breakpoint_2
100GB	85%	ENSG00000288769:ENSG00000111907	FSB1	-63	FusionSeeker	-63	Breakpoint_1
100GB	85%	ENSG00000288769:ENSG00000111907	FSB2	1	FusionSeeker	1	Breakpoint_2
100GB	85%	ENSG00000288769:ENSG00000111907	CTATLRB1	1	CTAT-LR-Fusion	1	Breakpoint_1
100GB	85%	ENSG00000288769:ENSG00000111907	CTATLRB2	-1	CTAT-LR-Fusion	-1	Breakpoint_2
100GB	85%	ENSG00000269692:ENSG00000273994	FSB1	0	FusionSeeker	0	Breakpoint_1
100GB	85%	ENSG00000269692:ENSG00000273994	FSB2	283	FusionSeeker	283	Breakpoint_2
100GB	85%	ENSG00000269692:ENSG00000273994	GB1	0	Genion	0	Breakpoint_1
100GB	85%	ENSG00000269692:ENSG00000273994	GB2	5	Genion	5	Breakpoint_2
100GB	85%	ENSG00000125898:ENSG00000234948	FSB1	0	FusionSeeker	0	Breakpoint_1
100GB	85%	ENSG00000125898:ENSG00000234948	FSB2	-1	FusionSeeker	-1	Breakpoint_2
100GB	85%	ENSG00000125898:ENSG00000234948	GB1	-3	Genion	-3	Breakpoint_1
100GB	85%	ENSG00000125898:ENSG00000234948	GB2	24628	Genion	24628	Breakpoint_2
100GB	85%	ENSG00000125898:ENSG00000234948	JB1	-5	JAFFAL	-5	Breakpoint_1
100GB	85%	ENSG00000125898:ENSG00000234948	JB2	6	JAFFAL	6	Breakpoint_2
100GB	85%	ENSG00000244754:ENSG00000233124	FSB1	-3051	FusionSeeker	-3051	Breakpoint_1
100GB	85%	ENSG00000244754:ENSG00000233124	FSB2	4145	FusionSeeker	4145	Breakpoint_2
100GB	85%	ENSG00000244754:ENSG00000233124	CTATLRB1	-3080	CTAT-LR-Fusion	-3080	Breakpoint_1
100GB	85%	ENSG00000244754:ENSG00000233124	CTATLRB2	4150	CTAT-LR-Fusion	4150	Breakpoint_2
100GB	85%	ENSG00000244754:ENSG00000233124	FSB1	-11899	FusionSeeker	-11899	Breakpoint_1
100GB	85%	ENSG00000244754:ENSG00000233124	FSB2	4101	FusionSeeker	4101	Breakpoint_2
100GB	85%	ENSG00000114302:ENSG00000114374	FSB1	-122	FusionSeeker	-122	Breakpoint_1
100GB	85%	ENSG00000114302:ENSG00000114374	FSB2	-1	FusionSeeker	-1	Breakpoint_2
100GB	85%	ENSG00000114302:ENSG00000114374	JB1	-116	JAFFAL	-116	Breakpoint_1
100GB	85%	ENSG00000114302:ENSG00000114374	JB2	8	JAFFAL	8	Breakpoint_2
100GB	85%	ENSG00000114302:ENSG00000114374	FSB2	11200	FusionSeeker	11200	Breakpoint_2
100GB	85%	ENSG00000095303:ENSG00000233616	FSB1	-5	FusionSeeker	-5	Breakpoint_1
100GB	85%	ENSG00000095303:ENSG00000233616	FSB2	253	FusionSeeker	253	Breakpoint_2
100GB	85%	ENSG00000095303:ENSG00000233616	GB1	-3091	Genion	-3091	Breakpoint_1
100GB	85%	ENSG00000095303:ENSG00000233616	GB2	-1	Genion	-1	Breakpoint_2
100GB	85%	ENSG00000095303:ENSG00000233616	JB1	-9	JAFFAL	-9	Breakpoint_1
100GB	85%	ENSG00000095303:ENSG00000233616	JB2	258	JAFFAL	258	Breakpoint_2
100GB	85%	ENSG00000095303:ENSG00000233616	CTATLRB1	-4	CTAT-LR-Fusion	-4	Breakpoint_1
100GB	85%	ENSG00000095303:ENSG00000233616	CTATLRB2	262	CTAT-LR-Fusion	262	Breakpoint_2
100GB	85%	ENSG00000108312:ENSG00000260793	FSB1	-254	FusionSeeker	-254	Breakpoint_1
100GB	85%	ENSG00000108312:ENSG00000260793	FSB2	-1	FusionSeeker	-1	Breakpoint_2
100GB	85%	ENSG00000108312:ENSG00000260793	CTATLRB1	-1897	CTAT-LR-Fusion	-1897	Breakpoint_1
100GB	85%	ENSG00000108312:ENSG00000260793	CTATLRB2	0	CTAT-LR-Fusion	0	Breakpoint_2
100GB	85%	ENSG00000143891:ENSG00000132300	FSB1	-1	FusionSeeker	-1	Breakpoint_1
100GB	85%	ENSG00000143891:ENSG00000132300	FSB2	-1	FusionSeeker	-1	Breakpoint_2
100GB	85%	ENSG00000143891:ENSG00000132300	FSB1	-11461	FusionSeeker	-11461	Breakpoint_1
100GB	85%	ENSG00000143891:ENSG00000132300	FSB2	24	FusionSeeker	24	Breakpoint_2
100GB	85%	ENSG00000223631:ENSG00000284659	FSB1	-2113	FusionSeeker	-2113	Breakpoint_1
100GB	85%	ENSG00000223631:ENSG00000284659	FSB2	105	FusionSeeker	105	Breakpoint_2
100GB	85%	ENSG00000223631:ENSG00000284659	GB1	-4222	Genion	-4222	Breakpoint_1
100GB	85%	ENSG00000223631:ENSG00000284659	GB2	1	Genion	1	Breakpoint_2
100GB	85%	ENSG00000148604:ENSG00000100811	FSB1	-9	FusionSeeker	-9	Breakpoint_1
100GB	85%	ENSG00000148604:ENSG00000100811	FSB2	2	FusionSeeker	2	Breakpoint_2
100GB	85%	ENSG00000148604:ENSG00000100811	JB1	-9	JAFFAL	-9	Breakpoint_1
100GB	85%	ENSG00000148604:ENSG00000100811	JB2	1	JAFFAL	1	Breakpoint_2
100GB	85%	ENSG00000148604:ENSG00000100811	CTATLRB1	-5	CTAT-LR-Fusion	-5	Breakpoint_1
100GB	85%	ENSG00000148604:ENSG00000100811	CTATLRB2	-1	CTAT-LR-Fusion	-1	Breakpoint_2
100GB	85%	ENSG00000105339:ENSG00000022567	FSB1	-3	FusionSeeker	-3	Breakpoint_1
100GB	85%	ENSG00000105339:ENSG00000022567	FSB2	5388	FusionSeeker	5388	Breakpoint_2
100GB	85%	ENSG00000105339:ENSG00000022567	JB1	-1	JAFFAL	-1	Breakpoint_1
100GB	85%	ENSG00000105339:ENSG00000022567	JB2	5387	JAFFAL	5387	Breakpoint_2
100GB	85%	ENSG00000105339:ENSG00000022567	CTATLRB1	-1	CTAT-LR-Fusion	-1	Breakpoint_1
100GB	85%	ENSG00000105339:ENSG00000022567	CTATLRB2	5389	CTAT-LR-Fusion	5389	Breakpoint_2
100GB	85%	ENSG00000122218:ENSG00000120438	FSB1	-3009	FusionSeeker	-3009	Breakpoint_1
100GB	85%	ENSG00000122218:ENSG00000120438	FSB2	1098	FusionSeeker	1098	Breakpoint_2
100GB	85%	ENSG00000122218:ENSG00000120438	FSB1	-29203	FusionSeeker	-29203	Breakpoint_1
100GB	85%	ENSG00000122218:ENSG00000120438	FSB2	1093	FusionSeeker	1093	Breakpoint_2
100GB	85%	ENSG00000122218:ENSG00000120438	FSB1	-36826	FusionSeeker	-36826	Breakpoint_1
100GB	85%	ENSG00000069329:ENSG00000253327	FSB1	-6271	FusionSeeker	-6271	Breakpoint_1
100GB	85%	ENSG00000069329:ENSG00000253327	FSB2	-1	FusionSeeker	-1	Breakpoint_2
100GB	85%	ENSG00000069329:ENSG00000253327	CTATLRB1	-6271	CTAT-LR-Fusion	-6271	Breakpoint_1
100GB	85%	ENSG00000069329:ENSG00000253327	CTATLRB2	-13	CTAT-LR-Fusion	-13	Breakpoint_2
100GB	85%	ENSG00000069329:ENSG00000253327	CTATLRB1	-6269	CTAT-LR-Fusion	-6269	Breakpoint_1
100GB	85%	ENSG00000069329:ENSG00000253327	CTATLRB2	-16	CTAT-LR-Fusion	-16	Breakpoint_2
100GB	85%	ENSG00000228570:ENSG00000167258	FSB1	-4	FusionSeeker	-4	Breakpoint_1
100GB	85%	ENSG00000228570:ENSG00000167258	FSB2	-1	FusionSeeker	-1	Breakpoint_2
100GB	85%	ENSG00000228570:ENSG00000167258	JB1	-6	JAFFAL	-6	Breakpoint_1
100GB	85%	ENSG00000228570:ENSG00000167258	JB2	0	JAFFAL	0	Breakpoint_2
100GB	85%	ENSG00000113569:ENSG00000145675	FSB1	-6424	FusionSeeker	-6424	Breakpoint_1
100GB	85%	ENSG00000113569:ENSG00000145675	FSB2	-1	FusionSeeker	-1	Breakpoint_2
100GB	85%	ENSG00000108604:ENSG00000240280	FSB1	-594	FusionSeeker	-594	Breakpoint_1
100GB	85%	ENSG00000108604:ENSG00000240280	FSB2	-1	FusionSeeker	-1	Breakpoint_2
100GB	85%	ENSG00000108604:ENSG00000240280	FSB1	-2068	FusionSeeker	-2068	Breakpoint_1
100GB	85%	ENSG00000108604:ENSG00000240280	FSB2	7493	FusionSeeker	7493	Breakpoint_2
100GB	85%	ENSG00000100075:ENSG00000100034	FSB1	-595	FusionSeeker	-595	Breakpoint_1
100GB	85%	ENSG00000100075:ENSG00000100034	FSB2	4042	FusionSeeker	4042	Breakpoint_2
100GB	85%	ENSG00000095981:ENSG00000164627	FSB1	-3353	FusionSeeker	-3353	Breakpoint_1
100GB	85%	ENSG00000095981:ENSG00000164627	FSB2	6556	FusionSeeker	6556	Breakpoint_2
100GB	85%	ENSG00000170954:ENSG00000183137	FSB1	-16565	FusionSeeker	-16565	Breakpoint_1
100GB	85%	ENSG00000170954:ENSG00000183137	FSB2	-1	FusionSeeker	-1	Breakpoint_2
100GB	85%	ENSG00000235059:ENSG00000292366	FSB1	-6581	FusionSeeker	-6581	Breakpoint_1
100GB	85%	ENSG00000235059:ENSG00000292366	FSB2	1	FusionSeeker	1	Breakpoint_2
100GB	85%	ENSG00000283294:ENSG00000224367	FSB1	-1	FusionSeeker	-1	Breakpoint_1
100GB	85%	ENSG00000283294:ENSG00000224367	FSB2	-1	FusionSeeker	-1	Breakpoint_2
100GB	85%	ENSG00000105889:ENSG00000075303	FSB1	-5366	FusionSeeker	-5366	Breakpoint_1
100GB	85%	ENSG00000105889:ENSG00000075303	FSB2	25180	FusionSeeker	25180	Breakpoint_2
100GB	85%	ENSG00000223634:ENSG00000235497	FSB1	-110	FusionSeeker	-110	Breakpoint_1
100GB	85%	ENSG00000223634:ENSG00000235497	FSB2	229	FusionSeeker	229	Breakpoint_2
100GB	85%	ENSG00000223634:ENSG00000235497	JB1	-107	JAFFAL	-107	Breakpoint_1
100GB	85%	ENSG00000223634:ENSG00000235497	JB2	227	JAFFAL	227	Breakpoint_2
100GB	85%	ENSG00000223634:ENSG00000235497	FSB1	-2849	FusionSeeker	-2849	Breakpoint_1
100GB	85%	ENSG00000237558:ENSG00000291031	FSB1	-1	FusionSeeker	-1	Breakpoint_1
100GB	85%	ENSG00000237558:ENSG00000291031	FSB2	153	FusionSeeker	153	Breakpoint_2
100GB	85%	ENSG00000292327:ENSG00000292365	FSB1	-126	FusionSeeker	-126	Breakpoint_1
100GB	85%	ENSG00000292327:ENSG00000292365	FSB2	21	FusionSeeker	21	Breakpoint_2
100GB	85%	ENSG00000149657:ENSG00000101182	FSB1	-1	FusionSeeker	-1	Breakpoint_1
100GB	85%	ENSG00000149657:ENSG00000101182	FSB2	216	FusionSeeker	216	Breakpoint_2
100GB	85%	ENSG00000284763:ENSG00000230284	FSB1	-340	FusionSeeker	-340	Breakpoint_1
100GB	85%	ENSG00000284763:ENSG00000230284	FSB2	337	FusionSeeker	337	Breakpoint_2
100GB	85%	ENSG00000284763:ENSG00000230284	CTATLRB1	-339	CTAT-LR-Fusion	-339	Breakpoint_1
100GB	85%	ENSG00000284763:ENSG00000230284	CTATLRB2	338	CTAT-LR-Fusion	338	Breakpoint_2
100GB	85%	ENSG00000196433:ENSG00000086758	FSB1	-2	FusionSeeker	-2	Breakpoint_1
100GB	85%	ENSG00000196433:ENSG00000086758	FSB2	129	FusionSeeker	129	Breakpoint_2
100GB	85%	ENSG00000196433:ENSG00000086758	JB1	-1	JAFFAL	-1	Breakpoint_1
100GB	85%	ENSG00000196433:ENSG00000086758	JB2	128	JAFFAL	128	Breakpoint_2
100GB	85%	ENSG00000113494:ENSG00000198917	FSB1	-155	FusionSeeker	-155	Breakpoint_1
100GB	85%	ENSG00000113494:ENSG00000198917	FSB2	1093	FusionSeeker	1093	Breakpoint_2
100GB	90%	ENSG00000196935:ENSG00000283625	FSB1	3	FusionSeeker	3	Breakpoint_1
100GB	90%	ENSG00000196935:ENSG00000283625	FSB2	752	FusionSeeker	752	Breakpoint_2
100GB	90%	ENSG00000196935:ENSG00000283625	GB1	-15035	Genion	-15035	Breakpoint_1
100GB	90%	ENSG00000196935:ENSG00000283625	GB2	358	Genion	358	Breakpoint_2
100GB	90%	ENSG00000149273:ENSG00000262898	FSB1	-757	FusionSeeker	-757	Breakpoint_1
100GB	90%	ENSG00000149273:ENSG00000262898	FSB2	-3	FusionSeeker	-3	Breakpoint_2
100GB	90%	ENSG00000149273:ENSG00000262898	GB1	-4850	Genion	-4850	Breakpoint_1
100GB	90%	ENSG00000149273:ENSG00000262898	GB2	-3	Genion	-3	Breakpoint_2
100GB	90%	ENSG00000149273:ENSG00000262898	CTATLRB1	-758	CTAT-LR-Fusion	-758	Breakpoint_1
100GB	90%	ENSG00000149273:ENSG00000262898	CTATLRB2	-13	CTAT-LR-Fusion	-13	Breakpoint_2
100GB	90%	ENSG00000182621:ENSG00000124155	FSB1	-1	FusionSeeker	-1	Breakpoint_1
100GB	90%	ENSG00000182621:ENSG00000124155	FSB2	-1	FusionSeeker	-1	Breakpoint_2
100GB	90%	ENSG00000182621:ENSG00000124155	JB1	-1	JAFFAL	-1	Breakpoint_1
100GB	90%	ENSG00000182621:ENSG00000124155	JB2	0	JAFFAL	0	Breakpoint_2
100GB	90%	ENSG00000182621:ENSG00000124155	CTATLRB1	0	CTAT-LR-Fusion	0	Breakpoint_1
100GB	90%	ENSG00000182621:ENSG00000124155	CTATLRB2	0	CTAT-LR-Fusion	0	Breakpoint_2
100GB	90%	ENSG00000162882:ENSG00000288886	FSB1	-9180	FusionSeeker	-9180	Breakpoint_1
100GB	90%	ENSG00000162882:ENSG00000288886	FSB2	-2	FusionSeeker	-2	Breakpoint_2
100GB	90%	ENSG00000147434:ENSG00000164953	FSB1	-361	FusionSeeker	-361	Breakpoint_1
100GB	90%	ENSG00000147434:ENSG00000164953	FSB2	-14	FusionSeeker	-14	Breakpoint_2
100GB	90%	ENSG00000147434:ENSG00000164953	GB1	-1	Genion	-1	Breakpoint_1
100GB	90%	ENSG00000147434:ENSG00000164953	GB2	-14	Genion	-14	Breakpoint_2
100GB	90%	ENSG00000147434:ENSG00000164953	JB1	-353	JAFFAL	-353	Breakpoint_1
100GB	90%	ENSG00000147434:ENSG00000164953	JB2	-1	JAFFAL	-1	Breakpoint_2
100GB	90%	ENSG00000009830:ENSG00000087258	FSB1	-1564	FusionSeeker	-1564	Breakpoint_1
100GB	90%	ENSG00000009830:ENSG00000087258	FSB2	-1	FusionSeeker	-1	Breakpoint_2
100GB	90%	ENSG00000009830:ENSG00000087258	LB1	-1564	LongGF	-1564	Breakpoint_1
100GB	90%	ENSG00000009830:ENSG00000087258	LB2	-1	LongGF	-1	Breakpoint_2
100GB	90%	ENSG00000009830:ENSG00000087258	GB1	-780	Genion	-780	Breakpoint_1
100GB	90%	ENSG00000009830:ENSG00000087258	GB2	-1	Genion	-1	Breakpoint_2
100GB	90%	ENSG00000009830:ENSG00000087258	JB1	-1563	JAFFAL	-1563	Breakpoint_1
100GB	90%	ENSG00000009830:ENSG00000087258	JB2	1	JAFFAL	1	Breakpoint_2
100GB	90%	ENSG00000009830:ENSG00000087258	CTATLRB1	-1564	CTAT-LR-Fusion	-1564	Breakpoint_1
100GB	90%	ENSG00000009830:ENSG00000087258	CTATLRB2	-1	CTAT-LR-Fusion	-1	Breakpoint_2
100GB	90%	ENSG00000104957:ENSG00000104518	FSB1	-1	FusionSeeker	-1	Breakpoint_1
100GB	90%	ENSG00000104957:ENSG00000104518	FSB2	-1	FusionSeeker	-1	Breakpoint_2
100GB	90%	ENSG00000104957:ENSG00000104518	CTATLRB1	-1	CTAT-LR-Fusion	-1	Breakpoint_1
100GB	90%	ENSG00000104957:ENSG00000104518	CTATLRB2	-1	CTAT-LR-Fusion	-1	Breakpoint_2
100GB	90%	ENSG00000132122:ENSG00000179082	FSB1	-4184	FusionSeeker	-4184	Breakpoint_1
100GB	90%	ENSG00000132122:ENSG00000179082	FSB2	-2	FusionSeeker	-2	Breakpoint_2
100GB	90%	ENSG00000132122:ENSG00000179082	GB1	-3865	Genion	-3865	Breakpoint_1
100GB	90%	ENSG00000132122:ENSG00000179082	GB2	-2	Genion	-2	Breakpoint_2
100GB	90%	ENSG00000132122:ENSG00000179082	CTATLRB1	-4189	CTAT-LR-Fusion	-4189	Breakpoint_1
100GB	90%	ENSG00000132122:ENSG00000179082	CTATLRB2	-16	CTAT-LR-Fusion	-16	Breakpoint_2
100GB	90%	ENSG00000152223:ENSG00000152229	FSB1	-12830	FusionSeeker	-12830	Breakpoint_1
100GB	90%	ENSG00000152223:ENSG00000152229	FSB2	8664	FusionSeeker	8664	Breakpoint_2
100GB	90%	ENSG00000152223:ENSG00000152229	FSB1	-12827	FusionSeeker	-12827	Breakpoint_1
100GB	90%	ENSG00000152223:ENSG00000152229	FSB2	27749	FusionSeeker	27749	Breakpoint_2
100GB	90%	ENSG00000215124:ENSG00000225102	FSB1	-1152	FusionSeeker	-1152	Breakpoint_1
100GB	90%	ENSG00000215124:ENSG00000225102	FSB2	1698	FusionSeeker	1698	Breakpoint_2
100GB	90%	ENSG00000215124:ENSG00000225102	GB1	-6	Genion	-6	Breakpoint_1
100GB	90%	ENSG00000215124:ENSG00000225102	GB2	-1	Genion	-1	Breakpoint_2
100GB	90%	ENSG00000157916:ENSG00000205835	FSB1	-119	FusionSeeker	-119	Breakpoint_1
100GB	90%	ENSG00000157916:ENSG00000205835	FSB2	929	FusionSeeker	929	Breakpoint_2
100GB	90%	ENSG00000157916:ENSG00000205835	LB1	2	LongGF	2	Breakpoint_1
100GB	90%	ENSG00000157916:ENSG00000205835	LB2	3175	LongGF	3175	Breakpoint_2
100GB	90%	ENSG00000157916:ENSG00000205835	GB1	-5	Genion	-5	Breakpoint_1
100GB	90%	ENSG00000157916:ENSG00000205835	GB2	2047	Genion	2047	Breakpoint_2
100GB	90%	ENSG00000157916:ENSG00000205835	JB1	0	JAFFAL	0	Breakpoint_1
100GB	90%	ENSG00000157916:ENSG00000205835	JB2	3170	JAFFAL	3170	Breakpoint_2
100GB	90%	ENSG00000157916:ENSG00000205835	CTATLRB1	5	CTAT-LR-Fusion	5	Breakpoint_1
100GB	90%	ENSG00000157916:ENSG00000205835	CTATLRB2	3177	CTAT-LR-Fusion	3177	Breakpoint_2
100GB	90%	ENSG00000291093:ENSG00000096746	FSB1	-1	FusionSeeker	-1	Breakpoint_1
100GB	90%	ENSG00000291093:ENSG00000096746	FSB2	-2	FusionSeeker	-2	Breakpoint_2
100GB	90%	ENSG00000074219:ENSG00000236172	FSB1	-2545	FusionSeeker	-2545	Breakpoint_1
100GB	90%	ENSG00000074219:ENSG00000236172	FSB2	1405	FusionSeeker	1405	Breakpoint_2
100GB	90%	ENSG00000074219:ENSG00000236172	GB1	-2309	Genion	-2309	Breakpoint_1
100GB	90%	ENSG00000074219:ENSG00000236172	GB2	756	Genion	756	Breakpoint_2
100GB	90%	ENSG00000074219:ENSG00000236172	CTATLRB1	-2551	CTAT-LR-Fusion	-2551	Breakpoint_1
100GB	90%	ENSG00000074219:ENSG00000236172	CTATLRB2	1209	CTAT-LR-Fusion	1209	Breakpoint_2
100GB	90%	ENSG00000161513:ENSG00000172782	FSB1	-6509	FusionSeeker	-6509	Breakpoint_1
100GB	90%	ENSG00000161513:ENSG00000172782	FSB2	5337	FusionSeeker	5337	Breakpoint_2
100GB	90%	ENSG00000161513:ENSG00000172782	GB1	-823	Genion	-823	Breakpoint_1
100GB	90%	ENSG00000161513:ENSG00000172782	GB2	27	Genion	27	Breakpoint_2
100GB	90%	ENSG00000131037:ENSG00000125503	FSB1	-1	FusionSeeker	-1	Breakpoint_1
100GB	90%	ENSG00000131037:ENSG00000125503	FSB2	642	FusionSeeker	642	Breakpoint_2
100GB	90%	ENSG00000131037:ENSG00000125503	CTATLRB1	0	CTAT-LR-Fusion	0	Breakpoint_1
100GB	90%	ENSG00000131037:ENSG00000125503	CTATLRB2	643	CTAT-LR-Fusion	643	Breakpoint_2
100GB	90%	ENSG00000229606:ENSG00000289577	FSB1	0	FusionSeeker	0	Breakpoint_1
100GB	90%	ENSG00000229606:ENSG00000289577	FSB2	2876	FusionSeeker	2876	Breakpoint_2
100GB	90%	ENSG00000229606:ENSG00000289577	GB1	-817	Genion	-817	Breakpoint_1
100GB	90%	ENSG00000229606:ENSG00000289577	GB2	6	Genion	6	Breakpoint_2
100GB	90%	ENSG00000166348:ENSG00000165868	FSB1	-30006	FusionSeeker	-30006	Breakpoint_1
100GB	90%	ENSG00000166348:ENSG00000165868	FSB2	173	FusionSeeker	173	Breakpoint_2
100GB	90%	ENSG00000117758:ENSG00000159176	FSB1	0	FusionSeeker	0	Breakpoint_1
100GB	90%	ENSG00000117758:ENSG00000159176	FSB2	8881	FusionSeeker	8881	Breakpoint_2
100GB	90%	ENSG00000117758:ENSG00000159176	LB1	-2	LongGF	-2	Breakpoint_1
100GB	90%	ENSG00000117758:ENSG00000159176	LB2	1254	LongGF	1254	Breakpoint_2
100GB	90%	ENSG00000117758:ENSG00000159176	GB1	-36850	Genion	-36850	Breakpoint_1
100GB	90%	ENSG00000117758:ENSG00000159176	GB2	738	Genion	738	Breakpoint_2
100GB	90%	ENSG00000117758:ENSG00000159176	JB1	-1	JAFFAL	-1	Breakpoint_1
100GB	90%	ENSG00000117758:ENSG00000159176	JB2	1255	JAFFAL	1255	Breakpoint_2
100GB	90%	ENSG00000117758:ENSG00000159176	CTATLRB1	0	CTAT-LR-Fusion	0	Breakpoint_1
100GB	90%	ENSG00000117758:ENSG00000159176	CTATLRB2	1256	CTAT-LR-Fusion	1256	Breakpoint_2
100GB	90%	ENSG00000117758:ENSG00000159176	FSB1	-8462	FusionSeeker	-8462	Breakpoint_1
100GB	90%	ENSG00000117758:ENSG00000159176	FSB2	1255	FusionSeeker	1255	Breakpoint_2
100GB	90%	ENSG00000117758:ENSG00000159176	FSB1	-8460	FusionSeeker	-8460	Breakpoint_1
100GB	90%	ENSG00000225510:ENSG00000102471	FSB1	-1	FusionSeeker	-1	Breakpoint_1
100GB	90%	ENSG00000225510:ENSG00000102471	FSB2	-1	FusionSeeker	-1	Breakpoint_2
100GB	90%	ENSG00000225510:ENSG00000102471	CTATLRB1	-1	CTAT-LR-Fusion	-1	Breakpoint_1
100GB	90%	ENSG00000225510:ENSG00000102471	CTATLRB2	-1	CTAT-LR-Fusion	-1	Breakpoint_2
100GB	90%	ENSG00000225676:ENSG00000136861	FSB1	-142	FusionSeeker	-142	Breakpoint_1
100GB	90%	ENSG00000225676:ENSG00000136861	FSB2	5746	FusionSeeker	5746	Breakpoint_2
100GB	90%	ENSG00000225676:ENSG00000136861	JB1	-138	JAFFAL	-138	Breakpoint_1
100GB	90%	ENSG00000225676:ENSG00000136861	JB2	395	JAFFAL	395	Breakpoint_2
100GB	90%	ENSG00000180304:ENSG00000105856	FSB1	-12679	FusionSeeker	-12679	Breakpoint_1
100GB	90%	ENSG00000180304:ENSG00000105856	FSB2	-2	FusionSeeker	-2	Breakpoint_2
100GB	90%	ENSG00000148362:ENSG00000169583	FSB1	-1	FusionSeeker	-1	Breakpoint_1
100GB	90%	ENSG00000148362:ENSG00000169583	FSB2	496	FusionSeeker	496	Breakpoint_2
100GB	90%	ENSG00000148362:ENSG00000169583	LB1	-2	LongGF	-2	Breakpoint_1
100GB	90%	ENSG00000148362:ENSG00000169583	LB2	229	LongGF	229	Breakpoint_2
100GB	90%	ENSG00000148362:ENSG00000169583	GB1	-1068	Genion	-1068	Breakpoint_1
100GB	90%	ENSG00000148362:ENSG00000169583	GB2	-3	Genion	-3	Breakpoint_2
100GB	90%	ENSG00000148362:ENSG00000169583	CTATLRB1	-1	CTAT-LR-Fusion	-1	Breakpoint_1
100GB	90%	ENSG00000148362:ENSG00000169583	CTATLRB2	496	CTAT-LR-Fusion	496	Breakpoint_2
100GB	90%	ENSG00000060339:ENSG00000228451	FSB1	-2	FusionSeeker	-2	Breakpoint_1
100GB	90%	ENSG00000060339:ENSG00000228451	FSB2	729	FusionSeeker	729	Breakpoint_2
100GB	90%	ENSG00000060339:ENSG00000228451	GB1	-21096	Genion	-21096	Breakpoint_1
100GB	90%	ENSG00000060339:ENSG00000228451	GB2	0	Genion	0	Breakpoint_2
100GB	90%	ENSG00000060339:ENSG00000228451	CTATLRB1	0	CTAT-LR-Fusion	0	Breakpoint_1
100GB	90%	ENSG00000060339:ENSG00000228451	CTATLRB2	734	CTAT-LR-Fusion	734	Breakpoint_2
100GB	90%	ENSG00000108094:ENSG00000085788	FSB1	-264	FusionSeeker	-264	Breakpoint_1
100GB	90%	ENSG00000108094:ENSG00000085788	FSB2	-2	FusionSeeker	-2	Breakpoint_2
100GB	90%	ENSG00000108094:ENSG00000085788	JB1	-261	JAFFAL	-261	Breakpoint_1
100GB	90%	ENSG00000108094:ENSG00000085788	JB2	0	JAFFAL	0	Breakpoint_2
100GB	90%	ENSG00000135241:ENSG00000225612	FSB1	-123	FusionSeeker	-123	Breakpoint_1
100GB	90%	ENSG00000135241:ENSG00000225612	FSB2	-1	FusionSeeker	-1	Breakpoint_2
100GB	90%	ENSG00000135241:ENSG00000225612	GB1	-1	Genion	-1	Breakpoint_1
100GB	90%	ENSG00000135241:ENSG00000225612	GB2	9	Genion	9	Breakpoint_2
100GB	90%	ENSG00000135241:ENSG00000225612	JB1	-122	JAFFAL	-122	Breakpoint_1
100GB	90%	ENSG00000135241:ENSG00000225612	JB2	-1	JAFFAL	-1	Breakpoint_2
100GB	90%	ENSG00000135241:ENSG00000225612	CTATLRB1	-23660	CTAT-LR-Fusion	-23660	Breakpoint_1
100GB	90%	ENSG00000135241:ENSG00000225612	CTATLRB2	-128	CTAT-LR-Fusion	-128	Breakpoint_2
100GB	90%	ENSG00000185664:ENSG00000251584	FSB1	-4691	FusionSeeker	-4691	Breakpoint_1
100GB	90%	ENSG00000185664:ENSG00000251584	FSB2	-1	FusionSeeker	-1	Breakpoint_2
100GB	90%	ENSG00000185664:ENSG00000251584	CTATLRB1	-4714	CTAT-LR-Fusion	-4714	Breakpoint_1
100GB	90%	ENSG00000185664:ENSG00000251584	CTATLRB2	-24	CTAT-LR-Fusion	-24	Breakpoint_2
100GB	90%	ENSG00000280426:ENSG00000076513	FSB1	-751	FusionSeeker	-751	Breakpoint_1
100GB	90%	ENSG00000280426:ENSG00000076513	FSB2	-1	FusionSeeker	-1	Breakpoint_2
100GB	90%	ENSG00000280426:ENSG00000076513	CTATLRB1	-750	CTAT-LR-Fusion	-750	Breakpoint_1
100GB	90%	ENSG00000280426:ENSG00000076513	CTATLRB2	-1	CTAT-LR-Fusion	-1	Breakpoint_2
100GB	90%	ENSG00000103415:ENSG00000103160	FSB1	-1	FusionSeeker	-1	Breakpoint_1
100GB	90%	ENSG00000103415:ENSG00000103160	FSB2	1245	FusionSeeker	1245	Breakpoint_2
100GB	90%	ENSG00000103415:ENSG00000103160	JB1	-2	JAFFAL	-2	Breakpoint_1
100GB	90%	ENSG00000103415:ENSG00000103160	JB2	1245	JAFFAL	1245	Breakpoint_2
100GB	90%	ENSG00000103415:ENSG00000103160	CTATLRB1	-1226	CTAT-LR-Fusion	-1226	Breakpoint_1
100GB	90%	ENSG00000103415:ENSG00000103160	CTATLRB2	1267	CTAT-LR-Fusion	1267	Breakpoint_2
100GB	90%	ENSG00000206384:ENSG00000196455	FSB1	-1	FusionSeeker	-1	Breakpoint_1
100GB	90%	ENSG00000206384:ENSG00000196455	FSB2	28124	FusionSeeker	28124	Breakpoint_2
100GB	90%	ENSG00000206384:ENSG00000196455	JB1	0	JAFFAL	0	Breakpoint_1
100GB	90%	ENSG00000206384:ENSG00000196455	JB2	549	JAFFAL	549	Breakpoint_2
100GB	90%	ENSG00000206384:ENSG00000196455	FSB2	2655	FusionSeeker	2655	Breakpoint_2
100GB	90%	ENSG00000114638:ENSG00000121578	FSB1	0	FusionSeeker	0	Breakpoint_1
100GB	90%	ENSG00000114638:ENSG00000121578	FSB2	947	FusionSeeker	947	Breakpoint_2
100GB	90%	ENSG00000114638:ENSG00000121578	LB1	-2	LongGF	-2	Breakpoint_1
100GB	90%	ENSG00000114638:ENSG00000121578	LB2	945	LongGF	945	Breakpoint_2
100GB	90%	ENSG00000114638:ENSG00000121578	GB1	-14190	Genion	-14190	Breakpoint_1
100GB	90%	ENSG00000114638:ENSG00000121578	GB2	1	Genion	1	Breakpoint_2
100GB	90%	ENSG00000114638:ENSG00000121578	JB1	-1	JAFFAL	-1	Breakpoint_1
100GB	90%	ENSG00000114638:ENSG00000121578	JB2	947	JAFFAL	947	Breakpoint_2
100GB	90%	ENSG00000114638:ENSG00000121578	CTATLRB1	0	CTAT-LR-Fusion	0	Breakpoint_1
100GB	90%	ENSG00000114638:ENSG00000121578	CTATLRB2	948	CTAT-LR-Fusion	948	Breakpoint_2
100GB	90%	ENSG00000197872:ENSG00000150722	FSB1	-41965	FusionSeeker	-41965	Breakpoint_1
100GB	90%	ENSG00000197872:ENSG00000150722	FSB2	0	FusionSeeker	0	Breakpoint_2
100GB	90%	ENSG00000109971:ENSG00000095209	FSB1	-984	FusionSeeker	-984	Breakpoint_1
100GB	90%	ENSG00000109971:ENSG00000095209	FSB2	-1	FusionSeeker	-1	Breakpoint_2
100GB	90%	ENSG00000109971:ENSG00000095209	FSB1	-4615	FusionSeeker	-4615	Breakpoint_1
100GB	90%	ENSG00000109971:ENSG00000095209	FSB2	-22209	FusionSeeker	-22209	Breakpoint_2
100GB	90%	ENSG00000167419:ENSG00000005381	FSB1	-1	FusionSeeker	-1	Breakpoint_1
100GB	90%	ENSG00000167419:ENSG00000005381	FSB2	9789	FusionSeeker	9789	Breakpoint_2
100GB	90%	ENSG00000167419:ENSG00000005381	JB1	0	JAFFAL	0	Breakpoint_1
100GB	90%	ENSG00000167419:ENSG00000005381	JB2	1006	JAFFAL	1006	Breakpoint_2
100GB	90%	ENSG00000167419:ENSG00000005381	CTATLRB1	3	CTAT-LR-Fusion	3	Breakpoint_1
100GB	90%	ENSG00000167419:ENSG00000005381	CTATLRB2	1007	CTAT-LR-Fusion	1007	Breakpoint_2
100GB	90%	ENSG00000204256:ENSG00000184634	FSB1	-1	FusionSeeker	-1	Breakpoint_1
100GB	90%	ENSG00000204256:ENSG00000184634	FSB2	-1	FusionSeeker	-1	Breakpoint_2
100GB	90%	ENSG00000260830:ENSG00000100461	FSB1	0	FusionSeeker	0	Breakpoint_1
100GB	90%	ENSG00000260830:ENSG00000100461	FSB2	13945	FusionSeeker	13945	Breakpoint_2
100GB	90%	ENSG00000260830:ENSG00000100461	JB1	-3	JAFFAL	-3	Breakpoint_1
100GB	90%	ENSG00000260830:ENSG00000100461	JB2	87	JAFFAL	87	Breakpoint_2
100GB	90%	ENSG00000090565:ENSG00000167207	FSB1	3	FusionSeeker	3	Breakpoint_1
100GB	90%	ENSG00000090565:ENSG00000167207	FSB2	-1	FusionSeeker	-1	Breakpoint_2
100GB	90%	ENSG00000090565:ENSG00000167207	GB1	3	Genion	3	Breakpoint_1
100GB	90%	ENSG00000090565:ENSG00000167207	GB2	-1	Genion	-1	Breakpoint_2
100GB	90%	ENSG00000090565:ENSG00000167207	CTATLRB1	0	CTAT-LR-Fusion	0	Breakpoint_1
100GB	90%	ENSG00000090565:ENSG00000167207	CTATLRB2	-1	CTAT-LR-Fusion	-1	Breakpoint_2
100GB	90%	ENSG00000167588:ENSG00000110887	FSB1	-232	FusionSeeker	-232	Breakpoint_1
100GB	90%	ENSG00000167588:ENSG00000110887	FSB2	-1	FusionSeeker	-1	Breakpoint_2
100GB	90%	ENSG00000167588:ENSG00000110887	JB1	-239	JAFFAL	-239	Breakpoint_1
100GB	90%	ENSG00000167588:ENSG00000110887	JB2	1	JAFFAL	1	Breakpoint_2
100GB	90%	ENSG00000167588:ENSG00000110887	CTATLRB1	-231	CTAT-LR-Fusion	-231	Breakpoint_1
100GB	90%	ENSG00000167588:ENSG00000110887	CTATLRB2	-1	CTAT-LR-Fusion	-1	Breakpoint_2
100GB	90%	ENSG00000235162:ENSG00000286520	FSB1	-1	FusionSeeker	-1	Breakpoint_1
100GB	90%	ENSG00000235162:ENSG00000286520	FSB2	1551	FusionSeeker	1551	Breakpoint_2
100GB	90%	ENSG00000235162:ENSG00000286520	GB1	-36558	Genion	-36558	Breakpoint_1
100GB	90%	ENSG00000235162:ENSG00000286520	GB2	0	Genion	0	Breakpoint_2
100GB	90%	ENSG00000235162:ENSG00000286520	JB1	0	JAFFAL	0	Breakpoint_1
100GB	90%	ENSG00000235162:ENSG00000286520	JB2	1343	JAFFAL	1343	Breakpoint_2
100GB	90%	ENSG00000235162:ENSG00000286520	CTATLRB1	0	CTAT-LR-Fusion	0	Breakpoint_1
100GB	90%	ENSG00000235162:ENSG00000286520	CTATLRB2	1344	CTAT-LR-Fusion	1344	Breakpoint_2
100GB	90%	ENSG00000234129:ENSG00000101966	FSB1	-240	FusionSeeker	-240	Breakpoint_1
100GB	90%	ENSG00000234129:ENSG00000101966	FSB2	-2	FusionSeeker	-2	Breakpoint_2
100GB	90%	ENSG00000234129:ENSG00000101966	CTATLRB1	-244	CTAT-LR-Fusion	-244	Breakpoint_1
100GB	90%	ENSG00000234129:ENSG00000101966	CTATLRB2	25752	CTAT-LR-Fusion	25752	Breakpoint_2
100GB	90%	ENSG00000213983:ENSG00000126777	FSB1	-662	FusionSeeker	-662	Breakpoint_1
100GB	90%	ENSG00000213983:ENSG00000126777	FSB2	-1	FusionSeeker	-1	Breakpoint_2
100GB	90%	ENSG00000213983:ENSG00000126777	JB1	-662	JAFFAL	-662	Breakpoint_1
100GB	90%	ENSG00000213983:ENSG00000126777	JB2	-1	JAFFAL	-1	Breakpoint_2
100GB	90%	ENSG00000213983:ENSG00000126777	CTATLRB1	-662	CTAT-LR-Fusion	-662	Breakpoint_1
100GB	90%	ENSG00000213983:ENSG00000126777	CTATLRB2	-1	CTAT-LR-Fusion	-1	Breakpoint_2
100GB	90%	ENSG00000213983:ENSG00000126777	CTATLRB1	-1211	CTAT-LR-Fusion	-1211	Breakpoint_1
100GB	90%	ENSG00000264569:ENSG00000169733	FSB1	-1	FusionSeeker	-1	Breakpoint_1
100GB	90%	ENSG00000264569:ENSG00000169733	FSB2	3438	FusionSeeker	3438	Breakpoint_2
100GB	90%	ENSG00000264569:ENSG00000169733	JB1	0	JAFFAL	0	Breakpoint_1
100GB	90%	ENSG00000264569:ENSG00000169733	JB2	1212	JAFFAL	1212	Breakpoint_2
100GB	90%	ENSG00000141449:ENSG00000166401	FSB1	-1	FusionSeeker	-1	Breakpoint_1
100GB	90%	ENSG00000141449:ENSG00000166401	FSB2	8180	FusionSeeker	8180	Breakpoint_2
100GB	90%	ENSG00000141449:ENSG00000166401	GB1	-29422	Genion	-29422	Breakpoint_1
100GB	90%	ENSG00000141449:ENSG00000166401	GB2	8182	Genion	8182	Breakpoint_2
100GB	90%	ENSG00000288769:ENSG00000111907	FSB1	-1	FusionSeeker	-1	Breakpoint_1
100GB	90%	ENSG00000288769:ENSG00000111907	FSB2	-1	FusionSeeker	-1	Breakpoint_2
100GB	90%	ENSG00000288769:ENSG00000111907	JB1	-11	JAFFAL	-11	Breakpoint_1
100GB	90%	ENSG00000288769:ENSG00000111907	JB2	0	JAFFAL	0	Breakpoint_2
100GB	90%	ENSG00000288769:ENSG00000111907	CTATLRB1	1	CTAT-LR-Fusion	1	Breakpoint_1
100GB	90%	ENSG00000288769:ENSG00000111907	CTATLRB2	-1	CTAT-LR-Fusion	-1	Breakpoint_2
100GB	90%	ENSG00000269692:ENSG00000273994	FSB1	0	FusionSeeker	0	Breakpoint_1
100GB	90%	ENSG00000269692:ENSG00000273994	FSB2	283	FusionSeeker	283	Breakpoint_2
100GB	90%	ENSG00000269692:ENSG00000273994	GB1	0	Genion	0	Breakpoint_1
100GB	90%	ENSG00000269692:ENSG00000273994	GB2	1	Genion	1	Breakpoint_2
100GB	90%	ENSG00000125898:ENSG00000234948	FSB1	0	FusionSeeker	0	Breakpoint_1
100GB	90%	ENSG00000125898:ENSG00000234948	FSB2	-1	FusionSeeker	-1	Breakpoint_2
100GB	90%	ENSG00000125898:ENSG00000234948	GB1	-2	Genion	-2	Breakpoint_1
100GB	90%	ENSG00000125898:ENSG00000234948	GB2	4	Genion	4	Breakpoint_2
100GB	90%	ENSG00000125898:ENSG00000234948	JB1	-2	JAFFAL	-2	Breakpoint_1
100GB	90%	ENSG00000125898:ENSG00000234948	JB2	1	JAFFAL	1	Breakpoint_2
100GB	90%	ENSG00000244754:ENSG00000233124	FSB1	-3051	FusionSeeker	-3051	Breakpoint_1
100GB	90%	ENSG00000244754:ENSG00000233124	FSB2	4149	FusionSeeker	4149	Breakpoint_2
100GB	90%	ENSG00000244754:ENSG00000233124	CTATLRB1	-3080	CTAT-LR-Fusion	-3080	Breakpoint_1
100GB	90%	ENSG00000244754:ENSG00000233124	CTATLRB2	4150	CTAT-LR-Fusion	4150	Breakpoint_2
100GB	90%	ENSG00000114302:ENSG00000114374	FSB1	-122	FusionSeeker	-122	Breakpoint_1
100GB	90%	ENSG00000114302:ENSG00000114374	FSB2	-1	FusionSeeker	-1	Breakpoint_2
100GB	90%	ENSG00000114302:ENSG00000114374	JB1	-121	JAFFAL	-121	Breakpoint_1
100GB	90%	ENSG00000114302:ENSG00000114374	JB2	1	JAFFAL	1	Breakpoint_2
100GB	90%	ENSG00000095303:ENSG00000233616	FSB1	-1	FusionSeeker	-1	Breakpoint_1
100GB	90%	ENSG00000095303:ENSG00000233616	FSB2	258	FusionSeeker	258	Breakpoint_2
100GB	90%	ENSG00000095303:ENSG00000233616	GB1	-3091	Genion	-3091	Breakpoint_1
100GB	90%	ENSG00000095303:ENSG00000233616	GB2	-1	Genion	-1	Breakpoint_2
100GB	90%	ENSG00000095303:ENSG00000233616	JB1	-5	JAFFAL	-5	Breakpoint_1
100GB	90%	ENSG00000095303:ENSG00000233616	JB2	255	JAFFAL	255	Breakpoint_2
100GB	90%	ENSG00000095303:ENSG00000233616	CTATLRB1	-4	CTAT-LR-Fusion	-4	Breakpoint_1
100GB	90%	ENSG00000095303:ENSG00000233616	CTATLRB2	262	CTAT-LR-Fusion	262	Breakpoint_2
100GB	90%	ENSG00000108312:ENSG00000260793	FSB1	-254	FusionSeeker	-254	Breakpoint_1
100GB	90%	ENSG00000108312:ENSG00000260793	FSB2	-1	FusionSeeker	-1	Breakpoint_2
100GB	90%	ENSG00000108312:ENSG00000260793	CTATLRB1	-1897	CTAT-LR-Fusion	-1897	Breakpoint_1
100GB	90%	ENSG00000108312:ENSG00000260793	CTATLRB2	0	CTAT-LR-Fusion	0	Breakpoint_2
100GB	90%	ENSG00000143891:ENSG00000132300	FSB1	-1	FusionSeeker	-1	Breakpoint_1
100GB	90%	ENSG00000143891:ENSG00000132300	FSB2	-1	FusionSeeker	-1	Breakpoint_2
100GB	90%	ENSG00000143891:ENSG00000132300	CTATLRB1	-1	CTAT-LR-Fusion	-1	Breakpoint_1
100GB	90%	ENSG00000143891:ENSG00000132300	CTATLRB2	-1	CTAT-LR-Fusion	-1	Breakpoint_2
100GB	90%	ENSG00000223631:ENSG00000284659	FSB1	-2113	FusionSeeker	-2113	Breakpoint_1
100GB	90%	ENSG00000223631:ENSG00000284659	FSB2	105	FusionSeeker	105	Breakpoint_2
100GB	90%	ENSG00000223631:ENSG00000284659	GB1	-4222	Genion	-4222	Breakpoint_1
100GB	90%	ENSG00000223631:ENSG00000284659	GB2	2	Genion	2	Breakpoint_2
100GB	90%	ENSG00000223631:ENSG00000284659	CTATLRB1	-2112	CTAT-LR-Fusion	-2112	Breakpoint_1
100GB	90%	ENSG00000223631:ENSG00000284659	CTATLRB2	113	CTAT-LR-Fusion	113	Breakpoint_2
100GB	90%	ENSG00000223631:ENSG00000284659	CTATLRB2	110	CTAT-LR-Fusion	110	Breakpoint_2
100GB	90%	ENSG00000148604:ENSG00000100811	FSB1	0	FusionSeeker	0	Breakpoint_1
100GB	90%	ENSG00000148604:ENSG00000100811	FSB2	-1	FusionSeeker	-1	Breakpoint_2
100GB	90%	ENSG00000148604:ENSG00000100811	JB1	-16	JAFFAL	-16	Breakpoint_1
100GB	90%	ENSG00000148604:ENSG00000100811	JB2	-1	JAFFAL	-1	Breakpoint_2
100GB	90%	ENSG00000148604:ENSG00000100811	CTATLRB1	-5	CTAT-LR-Fusion	-5	Breakpoint_1
100GB	90%	ENSG00000148604:ENSG00000100811	CTATLRB2	-1	CTAT-LR-Fusion	-1	Breakpoint_2
100GB	90%	ENSG00000148604:ENSG00000100811	CTATLRB1	-2	CTAT-LR-Fusion	-2	Breakpoint_1
100GB	90%	ENSG00000105339:ENSG00000022567	FSB1	0	FusionSeeker	0	Breakpoint_1
100GB	90%	ENSG00000105339:ENSG00000022567	FSB2	5389	FusionSeeker	5389	Breakpoint_2
100GB	90%	ENSG00000105339:ENSG00000022567	JB1	-1	JAFFAL	-1	Breakpoint_1
100GB	90%	ENSG00000105339:ENSG00000022567	JB2	5387	JAFFAL	5387	Breakpoint_2
100GB	90%	ENSG00000105339:ENSG00000022567	CTATLRB1	-1	CTAT-LR-Fusion	-1	Breakpoint_1
100GB	90%	ENSG00000105339:ENSG00000022567	CTATLRB2	5389	CTAT-LR-Fusion	5389	Breakpoint_2
100GB	90%	ENSG00000105339:ENSG00000022567	JB1	-3079	JAFFAL	-3079	Breakpoint_1
100GB	90%	ENSG00000105339:ENSG00000022567	JB2	5390	JAFFAL	5390	Breakpoint_2
100GB	90%	ENSG00000122218:ENSG00000120438	FSB1	-3009	FusionSeeker	-3009	Breakpoint_1
100GB	90%	ENSG00000122218:ENSG00000120438	FSB2	1098	FusionSeeker	1098	Breakpoint_2
100GB	90%	ENSG00000122218:ENSG00000120438	FSB1	-48708	FusionSeeker	-48708	Breakpoint_1
100GB	90%	ENSG00000069329:ENSG00000253327	FSB1	-6271	FusionSeeker	-6271	Breakpoint_1
100GB	90%	ENSG00000069329:ENSG00000253327	FSB2	-1	FusionSeeker	-1	Breakpoint_2
100GB	90%	ENSG00000069329:ENSG00000253327	CTATLRB1	-6269	CTAT-LR-Fusion	-6269	Breakpoint_1
100GB	90%	ENSG00000069329:ENSG00000253327	CTATLRB2	-16	CTAT-LR-Fusion	-16	Breakpoint_2
100GB	90%	ENSG00000228570:ENSG00000167258	FSB1	-3	FusionSeeker	-3	Breakpoint_1
100GB	90%	ENSG00000228570:ENSG00000167258	FSB2	0	FusionSeeker	0	Breakpoint_2
100GB	90%	ENSG00000228570:ENSG00000167258	JB1	-1	JAFFAL	-1	Breakpoint_1
100GB	90%	ENSG00000228570:ENSG00000167258	JB2	0	JAFFAL	0	Breakpoint_2
100GB	90%	ENSG00000113569:ENSG00000145675	FSB1	-6424	FusionSeeker	-6424	Breakpoint_1
100GB	90%	ENSG00000113569:ENSG00000145675	FSB2	-1	FusionSeeker	-1	Breakpoint_2
100GB	90%	ENSG00000113569:ENSG00000145675	JB1	-6424	JAFFAL	-6424	Breakpoint_1
100GB	90%	ENSG00000113569:ENSG00000145675	JB2	-1	JAFFAL	-1	Breakpoint_2
100GB	90%	ENSG00000113569:ENSG00000145675	CTATLRB1	-29581	CTAT-LR-Fusion	-29581	Breakpoint_1
100GB	90%	ENSG00000113569:ENSG00000145675	CTATLRB2	-1	CTAT-LR-Fusion	-1	Breakpoint_2
100GB	90%	ENSG00000108604:ENSG00000240280	FSB1	-594	FusionSeeker	-594	Breakpoint_1
100GB	90%	ENSG00000108604:ENSG00000240280	FSB2	-1	FusionSeeker	-1	Breakpoint_2
100GB	90%	ENSG00000108604:ENSG00000240280	GB1	-437	Genion	-437	Breakpoint_1
100GB	90%	ENSG00000108604:ENSG00000240280	GB2	-1	Genion	-1	Breakpoint_2
100GB	90%	ENSG00000108604:ENSG00000240280	CTATLRB1	-2068	CTAT-LR-Fusion	-2068	Breakpoint_1
100GB	90%	ENSG00000108604:ENSG00000240280	CTATLRB2	-1	CTAT-LR-Fusion	-1	Breakpoint_2
100GB	90%	ENSG00000100075:ENSG00000100034	FSB1	-149	FusionSeeker	-149	Breakpoint_1
100GB	90%	ENSG00000100075:ENSG00000100034	FSB2	14147	FusionSeeker	14147	Breakpoint_2
100GB	90%	ENSG00000095981:ENSG00000164627	FSB1	-3353	FusionSeeker	-3353	Breakpoint_1
100GB	90%	ENSG00000095981:ENSG00000164627	FSB2	6556	FusionSeeker	6556	Breakpoint_2
100GB	90%	ENSG00000170954:ENSG00000183137	FSB1	-16562	FusionSeeker	-16562	Breakpoint_1
100GB	90%	ENSG00000170954:ENSG00000183137	FSB2	-1	FusionSeeker	-1	Breakpoint_2
100GB	90%	ENSG00000235059:ENSG00000292366	FSB1	0	FusionSeeker	0	Breakpoint_1
100GB	90%	ENSG00000235059:ENSG00000292366	FSB2	-1	FusionSeeker	-1	Breakpoint_2
100GB	90%	ENSG00000235059:ENSG00000292366	GB1	-7225	Genion	-7225	Breakpoint_1
100GB	90%	ENSG00000235059:ENSG00000292366	GB2	0	Genion	0	Breakpoint_2
100GB	90%	ENSG00000235059:ENSG00000292366	CTATLRB1	-2	CTAT-LR-Fusion	-2	Breakpoint_1
100GB	90%	ENSG00000235059:ENSG00000292366	CTATLRB2	-1	CTAT-LR-Fusion	-1	Breakpoint_2
100GB	90%	ENSG00000235059:ENSG00000292366	FSB1	-6581	FusionSeeker	-6581	Breakpoint_1
100GB	90%	ENSG00000235059:ENSG00000292366	FSB2	1	FusionSeeker	1	Breakpoint_2
100GB	90%	ENSG00000283294:ENSG00000224367	FSB1	-1	FusionSeeker	-1	Breakpoint_1
100GB	90%	ENSG00000283294:ENSG00000224367	FSB2	-1	FusionSeeker	-1	Breakpoint_2
100GB	90%	ENSG00000283294:ENSG00000224367	CTATLRB1	0	CTAT-LR-Fusion	0	Breakpoint_1
100GB	90%	ENSG00000283294:ENSG00000224367	CTATLRB2	-1	CTAT-LR-Fusion	-1	Breakpoint_2
100GB	90%	ENSG00000105889:ENSG00000075303	FSB1	-5366	FusionSeeker	-5366	Breakpoint_1
100GB	90%	ENSG00000105889:ENSG00000075303	FSB2	25180	FusionSeeker	25180	Breakpoint_2
100GB	90%	ENSG00000223634:ENSG00000235497	FSB1	-112	FusionSeeker	-112	Breakpoint_1
100GB	90%	ENSG00000223634:ENSG00000235497	FSB2	229	FusionSeeker	229	Breakpoint_2
100GB	90%	ENSG00000223634:ENSG00000235497	GB1	-1	Genion	-1	Breakpoint_1
100GB	90%	ENSG00000223634:ENSG00000235497	GB2	-1	Genion	-1	Breakpoint_2
100GB	90%	ENSG00000223634:ENSG00000235497	JB1	-110	JAFFAL	-110	Breakpoint_1
100GB	90%	ENSG00000223634:ENSG00000235497	JB2	230	JAFFAL	230	Breakpoint_2
100GB	90%	ENSG00000237558:ENSG00000291031	FSB1	-2	FusionSeeker	-2	Breakpoint_1
100GB	90%	ENSG00000237558:ENSG00000291031	FSB2	150	FusionSeeker	150	Breakpoint_2
100GB	90%	ENSG00000237558:ENSG00000291031	GB1	-1	Genion	-1	Breakpoint_1
100GB	90%	ENSG00000237558:ENSG00000291031	GB2	2	Genion	2	Breakpoint_2
100GB	90%	ENSG00000292327:ENSG00000292365	FSB1	-125	FusionSeeker	-125	Breakpoint_1
100GB	90%	ENSG00000292327:ENSG00000292365	FSB2	15	FusionSeeker	15	Breakpoint_2
100GB	90%	ENSG00000292327:ENSG00000292365	GB1	-2	Genion	-2	Breakpoint_1
100GB	90%	ENSG00000292327:ENSG00000292365	GB2	21	Genion	21	Breakpoint_2
100GB	90%	ENSG00000149657:ENSG00000101182	FSB1	-1	FusionSeeker	-1	Breakpoint_1
100GB	90%	ENSG00000149657:ENSG00000101182	FSB2	216	FusionSeeker	216	Breakpoint_2
100GB	90%	ENSG00000149657:ENSG00000101182	CTATLRB1	5	CTAT-LR-Fusion	5	Breakpoint_1
100GB	90%	ENSG00000149657:ENSG00000101182	CTATLRB2	215	CTAT-LR-Fusion	215	Breakpoint_2
100GB	90%	ENSG00000284763:ENSG00000230284	FSB1	-340	FusionSeeker	-340	Breakpoint_1
100GB	90%	ENSG00000284763:ENSG00000230284	FSB2	336	FusionSeeker	336	Breakpoint_2
100GB	90%	ENSG00000196433:ENSG00000086758	FSB1	-2	FusionSeeker	-2	Breakpoint_1
100GB	90%	ENSG00000196433:ENSG00000086758	FSB2	129	FusionSeeker	129	Breakpoint_2
100GB	90%	ENSG00000196433:ENSG00000086758	JB1	-5	JAFFAL	-5	Breakpoint_1
100GB	90%	ENSG00000196433:ENSG00000086758	JB2	132	JAFFAL	132	Breakpoint_2
100GB	90%	ENSG00000196433:ENSG00000086758	FSB1	-6273	FusionSeeker	-6273	Breakpoint_1
100GB	90%	ENSG00000196433:ENSG00000086758	FSB2	130	FusionSeeker	130	Breakpoint_2
100GB	90%	ENSG00000113494:ENSG00000198917	FSB1	-155	FusionSeeker	-155	Breakpoint_1
100GB	90%	ENSG00000113494:ENSG00000198917	FSB2	1094	FusionSeeker	1094	Breakpoint_2
100GB	90%	ENSG00000113494:ENSG00000198917	CTATLRB1	-155	CTAT-LR-Fusion	-155	Breakpoint_1
100GB	90%	ENSG00000113494:ENSG00000198917	CTATLRB2	1119	CTAT-LR-Fusion	1119	Breakpoint_2
100GB	90%	ENSG00000105011:ENSG00000125755	FSB1	-10278	FusionSeeker	-10278	Breakpoint_1
100GB	90%	ENSG00000105011:ENSG00000125755	FSB2	111	FusionSeeker	111	Breakpoint_2
100GB	90%	ENSG00000137074:ENSG00000130714	FSB1	-11852	FusionSeeker	-11852	Breakpoint_1
100GB	90%	ENSG00000137074:ENSG00000130714	FSB2	-17	FusionSeeker	-17	Breakpoint_2
100GB	90%	ENSG00000164924:ENSG00000242315	FSB1	-2905	FusionSeeker	-2905	Breakpoint_1
100GB	90%	ENSG00000164924:ENSG00000242315	FSB2	-2	FusionSeeker	-2	Breakpoint_2
100GB	90%	ENSG00000138101:ENSG00000144589	FSB1	-48767	FusionSeeker	-48767	Breakpoint_1
100GB	90%	ENSG00000138101:ENSG00000144589	FSB2	-1	FusionSeeker	-1	Breakpoint_2
100GB	90%	ENSG00000110881:ENSG00000261427	FSB1	0	FusionSeeker	0	Breakpoint_1
100GB	90%	ENSG00000110881:ENSG00000261427	FSB2	-2	FusionSeeker	-2	Breakpoint_2
100GB	95%	ENSG00000196935:ENSG00000283625	FSB1	3	FusionSeeker	3	Breakpoint_1
100GB	95%	ENSG00000196935:ENSG00000283625	FSB2	752	FusionSeeker	752	Breakpoint_2
100GB	95%	ENSG00000196935:ENSG00000283625	GB1	-15818	Genion	-15818	Breakpoint_1
100GB	95%	ENSG00000196935:ENSG00000283625	GB2	143	Genion	143	Breakpoint_2
100GB	95%	ENSG00000149273:ENSG00000262898	FSB1	-757	FusionSeeker	-757	Breakpoint_1
100GB	95%	ENSG00000149273:ENSG00000262898	FSB2	-3	FusionSeeker	-3	Breakpoint_2
100GB	95%	ENSG00000149273:ENSG00000262898	GB1	-4850	Genion	-4850	Breakpoint_1
100GB	95%	ENSG00000149273:ENSG00000262898	GB2	-3	Genion	-3	Breakpoint_2
100GB	95%	ENSG00000149273:ENSG00000262898	CTATLRB1	-758	CTAT-LR-Fusion	-758	Breakpoint_1
100GB	95%	ENSG00000149273:ENSG00000262898	CTATLRB2	-13	CTAT-LR-Fusion	-13	Breakpoint_2
100GB	95%	ENSG00000182621:ENSG00000124155	FSB1	-1	FusionSeeker	-1	Breakpoint_1
100GB	95%	ENSG00000182621:ENSG00000124155	FSB2	-1	FusionSeeker	-1	Breakpoint_2
100GB	95%	ENSG00000182621:ENSG00000124155	JB1	0	JAFFAL	0	Breakpoint_1
100GB	95%	ENSG00000182621:ENSG00000124155	JB2	1	JAFFAL	1	Breakpoint_2
100GB	95%	ENSG00000182621:ENSG00000124155	CTATLRB1	0	CTAT-LR-Fusion	0	Breakpoint_1
100GB	95%	ENSG00000182621:ENSG00000124155	CTATLRB2	0	CTAT-LR-Fusion	0	Breakpoint_2
100GB	95%	ENSG00000162882:ENSG00000288886	FSB1	-9180	FusionSeeker	-9180	Breakpoint_1
100GB	95%	ENSG00000162882:ENSG00000288886	FSB2	-2	FusionSeeker	-2	Breakpoint_2
100GB	95%	ENSG00000147434:ENSG00000164953	FSB1	-361	FusionSeeker	-361	Breakpoint_1
100GB	95%	ENSG00000147434:ENSG00000164953	FSB2	-14	FusionSeeker	-14	Breakpoint_2
100GB	95%	ENSG00000147434:ENSG00000164953	GB1	-1	Genion	-1	Breakpoint_1
100GB	95%	ENSG00000147434:ENSG00000164953	GB2	-14	Genion	-14	Breakpoint_2
100GB	95%	ENSG00000147434:ENSG00000164953	JB1	-353	JAFFAL	-353	Breakpoint_1
100GB	95%	ENSG00000147434:ENSG00000164953	JB2	-1	JAFFAL	-1	Breakpoint_2
100GB	95%	ENSG00000009830:ENSG00000087258	FSB1	-1564	FusionSeeker	-1564	Breakpoint_1
100GB	95%	ENSG00000009830:ENSG00000087258	FSB2	-1	FusionSeeker	-1	Breakpoint_2
100GB	95%	ENSG00000009830:ENSG00000087258	LB1	-1564	LongGF	-1564	Breakpoint_1
100GB	95%	ENSG00000009830:ENSG00000087258	LB2	-1	LongGF	-1	Breakpoint_2
100GB	95%	ENSG00000009830:ENSG00000087258	GB1	-823	Genion	-823	Breakpoint_1
100GB	95%	ENSG00000009830:ENSG00000087258	GB2	-1	Genion	-1	Breakpoint_2
100GB	95%	ENSG00000009830:ENSG00000087258	JB1	-1562	JAFFAL	-1562	Breakpoint_1
100GB	95%	ENSG00000009830:ENSG00000087258	JB2	0	JAFFAL	0	Breakpoint_2
100GB	95%	ENSG00000009830:ENSG00000087258	CTATLRB1	-1564	CTAT-LR-Fusion	-1564	Breakpoint_1
100GB	95%	ENSG00000009830:ENSG00000087258	CTATLRB2	-1	CTAT-LR-Fusion	-1	Breakpoint_2
100GB	95%	ENSG00000104957:ENSG00000104518	FSB1	-1	FusionSeeker	-1	Breakpoint_1
100GB	95%	ENSG00000104957:ENSG00000104518	FSB2	-1	FusionSeeker	-1	Breakpoint_2
100GB	95%	ENSG00000104957:ENSG00000104518	CTATLRB1	-1	CTAT-LR-Fusion	-1	Breakpoint_1
100GB	95%	ENSG00000104957:ENSG00000104518	CTATLRB2	-1	CTAT-LR-Fusion	-1	Breakpoint_2
100GB	95%	ENSG00000132122:ENSG00000179082	FSB1	-4184	FusionSeeker	-4184	Breakpoint_1
100GB	95%	ENSG00000132122:ENSG00000179082	FSB2	-2	FusionSeeker	-2	Breakpoint_2
100GB	95%	ENSG00000132122:ENSG00000179082	GB1	-3863	Genion	-3863	Breakpoint_1
100GB	95%	ENSG00000132122:ENSG00000179082	GB2	-2	Genion	-2	Breakpoint_2
100GB	95%	ENSG00000132122:ENSG00000179082	CTATLRB1	-4189	CTAT-LR-Fusion	-4189	Breakpoint_1
100GB	95%	ENSG00000132122:ENSG00000179082	CTATLRB2	-16	CTAT-LR-Fusion	-16	Breakpoint_2
100GB	95%	ENSG00000152223:ENSG00000152229	FSB1	-14825	FusionSeeker	-14825	Breakpoint_1
100GB	95%	ENSG00000152223:ENSG00000152229	FSB2	1912	FusionSeeker	1912	Breakpoint_2
100GB	95%	ENSG00000215124:ENSG00000225102	FSB1	-1152	FusionSeeker	-1152	Breakpoint_1
100GB	95%	ENSG00000215124:ENSG00000225102	FSB2	1698	FusionSeeker	1698	Breakpoint_2
100GB	95%	ENSG00000215124:ENSG00000225102	GB1	-12	Genion	-12	Breakpoint_1
100GB	95%	ENSG00000215124:ENSG00000225102	GB2	57	Genion	57	Breakpoint_2
100GB	95%	ENSG00000215124:ENSG00000225102	CTATLRB1	-1151	CTAT-LR-Fusion	-1151	Breakpoint_1
100GB	95%	ENSG00000215124:ENSG00000225102	CTATLRB2	1699	CTAT-LR-Fusion	1699	Breakpoint_2
100GB	95%	ENSG00000157916:ENSG00000205835	FSB1	5	FusionSeeker	5	Breakpoint_1
100GB	95%	ENSG00000157916:ENSG00000205835	FSB2	3176	FusionSeeker	3176	Breakpoint_2
100GB	95%	ENSG00000157916:ENSG00000205835	LB1	3	LongGF	3	Breakpoint_1
100GB	95%	ENSG00000157916:ENSG00000205835	LB2	3175	LongGF	3175	Breakpoint_2
100GB	95%	ENSG00000157916:ENSG00000205835	GB1	-1407	Genion	-1407	Breakpoint_1
100GB	95%	ENSG00000157916:ENSG00000205835	GB2	2514	Genion	2514	Breakpoint_2
100GB	95%	ENSG00000157916:ENSG00000205835	JB1	0	JAFFAL	0	Breakpoint_1
100GB	95%	ENSG00000157916:ENSG00000205835	JB2	3170	JAFFAL	3170	Breakpoint_2
100GB	95%	ENSG00000157916:ENSG00000205835	CTATLRB1	5	CTAT-LR-Fusion	5	Breakpoint_1
100GB	95%	ENSG00000157916:ENSG00000205835	CTATLRB2	3177	CTAT-LR-Fusion	3177	Breakpoint_2
100GB	95%	ENSG00000291093:ENSG00000096746	FSB1	-1	FusionSeeker	-1	Breakpoint_1
100GB	95%	ENSG00000291093:ENSG00000096746	FSB2	-2	FusionSeeker	-2	Breakpoint_2
100GB	95%	ENSG00000074219:ENSG00000236172	FSB1	-2545	FusionSeeker	-2545	Breakpoint_1
100GB	95%	ENSG00000074219:ENSG00000236172	FSB2	1411	FusionSeeker	1411	Breakpoint_2
100GB	95%	ENSG00000074219:ENSG00000236172	GB1	-2309	Genion	-2309	Breakpoint_1
100GB	95%	ENSG00000074219:ENSG00000236172	GB2	753	Genion	753	Breakpoint_2
100GB	95%	ENSG00000161513:ENSG00000172782	FSB1	-6824	FusionSeeker	-6824	Breakpoint_1
100GB	95%	ENSG00000161513:ENSG00000172782	FSB2	4921	FusionSeeker	4921	Breakpoint_2
100GB	95%	ENSG00000161513:ENSG00000172782	GB1	-6388	Genion	-6388	Breakpoint_1
100GB	95%	ENSG00000161513:ENSG00000172782	GB2	42	Genion	42	Breakpoint_2
100GB	95%	ENSG00000131037:ENSG00000125503	FSB1	-1	FusionSeeker	-1	Breakpoint_1
100GB	95%	ENSG00000131037:ENSG00000125503	FSB2	642	FusionSeeker	642	Breakpoint_2
100GB	95%	ENSG00000131037:ENSG00000125503	CTATLRB1	0	CTAT-LR-Fusion	0	Breakpoint_1
100GB	95%	ENSG00000131037:ENSG00000125503	CTATLRB2	643	CTAT-LR-Fusion	643	Breakpoint_2
100GB	95%	ENSG00000229606:ENSG00000289577	FSB1	0	FusionSeeker	0	Breakpoint_1
100GB	95%	ENSG00000229606:ENSG00000289577	FSB2	2876	FusionSeeker	2876	Breakpoint_2
100GB	95%	ENSG00000229606:ENSG00000289577	GB1	-817	Genion	-817	Breakpoint_1
100GB	95%	ENSG00000229606:ENSG00000289577	GB2	2	Genion	2	Breakpoint_2
100GB	95%	ENSG00000229606:ENSG00000289577	CTATLRB1	0	CTAT-LR-Fusion	0	Breakpoint_1
100GB	95%	ENSG00000229606:ENSG00000289577	CTATLRB2	2877	CTAT-LR-Fusion	2877	Breakpoint_2
100GB	95%	ENSG00000166348:ENSG00000165868	FSB1	-30006	FusionSeeker	-30006	Breakpoint_1
100GB	95%	ENSG00000166348:ENSG00000165868	FSB2	4294	FusionSeeker	4294	Breakpoint_2
100GB	95%	ENSG00000117758:ENSG00000159176	FSB1	0	FusionSeeker	0	Breakpoint_1
100GB	95%	ENSG00000117758:ENSG00000159176	FSB2	8881	FusionSeeker	8881	Breakpoint_2
100GB	95%	ENSG00000117758:ENSG00000159176	LB1	0	LongGF	0	Breakpoint_1
100GB	95%	ENSG00000117758:ENSG00000159176	LB2	1255	LongGF	1255	Breakpoint_2
100GB	95%	ENSG00000117758:ENSG00000159176	GB1	-36850	Genion	-36850	Breakpoint_1
100GB	95%	ENSG00000117758:ENSG00000159176	GB2	381	Genion	381	Breakpoint_2
100GB	95%	ENSG00000117758:ENSG00000159176	JB1	0	JAFFAL	0	Breakpoint_1
100GB	95%	ENSG00000117758:ENSG00000159176	JB2	1254	JAFFAL	1254	Breakpoint_2
100GB	95%	ENSG00000117758:ENSG00000159176	CTATLRB1	0	CTAT-LR-Fusion	0	Breakpoint_1
100GB	95%	ENSG00000117758:ENSG00000159176	CTATLRB2	1256	CTAT-LR-Fusion	1256	Breakpoint_2
100GB	95%	ENSG00000117758:ENSG00000159176	FSB1	-8460	FusionSeeker	-8460	Breakpoint_1
100GB	95%	ENSG00000117758:ENSG00000159176	FSB2	8880	FusionSeeker	8880	Breakpoint_2
100GB	95%	ENSG00000225510:ENSG00000102471	FSB1	-1	FusionSeeker	-1	Breakpoint_1
100GB	95%	ENSG00000225510:ENSG00000102471	FSB2	-1	FusionSeeker	-1	Breakpoint_2
100GB	95%	ENSG00000225510:ENSG00000102471	CTATLRB1	-1	CTAT-LR-Fusion	-1	Breakpoint_1
100GB	95%	ENSG00000225510:ENSG00000102471	CTATLRB2	-1	CTAT-LR-Fusion	-1	Breakpoint_2
100GB	95%	ENSG00000225676:ENSG00000136861	FSB1	-142	FusionSeeker	-142	Breakpoint_1
100GB	95%	ENSG00000225676:ENSG00000136861	FSB2	5746	FusionSeeker	5746	Breakpoint_2
100GB	95%	ENSG00000225676:ENSG00000136861	JB1	-138	JAFFAL	-138	Breakpoint_1
100GB	95%	ENSG00000225676:ENSG00000136861	JB2	395	JAFFAL	395	Breakpoint_2
100GB	95%	ENSG00000180304:ENSG00000105856	FSB1	-12679	FusionSeeker	-12679	Breakpoint_1
100GB	95%	ENSG00000180304:ENSG00000105856	FSB2	-2	FusionSeeker	-2	Breakpoint_2
100GB	95%	ENSG00000180304:ENSG00000105856	CTATLRB1	-12710	CTAT-LR-Fusion	-12710	Breakpoint_1
100GB	95%	ENSG00000180304:ENSG00000105856	CTATLRB2	-84	CTAT-LR-Fusion	-84	Breakpoint_2
100GB	95%	ENSG00000148362:ENSG00000169583	FSB1	-1	FusionSeeker	-1	Breakpoint_1
100GB	95%	ENSG00000148362:ENSG00000169583	FSB2	496	FusionSeeker	496	Breakpoint_2
100GB	95%	ENSG00000148362:ENSG00000169583	LB1	-1	LongGF	-1	Breakpoint_1
100GB	95%	ENSG00000148362:ENSG00000169583	LB2	230	LongGF	230	Breakpoint_2
100GB	95%	ENSG00000148362:ENSG00000169583	GB1	-1068	Genion	-1068	Breakpoint_1
100GB	95%	ENSG00000148362:ENSG00000169583	GB2	-3	Genion	-3	Breakpoint_2
100GB	95%	ENSG00000148362:ENSG00000169583	CTATLRB1	-1	CTAT-LR-Fusion	-1	Breakpoint_1
100GB	95%	ENSG00000148362:ENSG00000169583	CTATLRB2	496	CTAT-LR-Fusion	496	Breakpoint_2
100GB	95%	ENSG00000060339:ENSG00000228451	FSB1	-2	FusionSeeker	-2	Breakpoint_1
100GB	95%	ENSG00000060339:ENSG00000228451	FSB2	731	FusionSeeker	731	Breakpoint_2
100GB	95%	ENSG00000060339:ENSG00000228451	GB1	-21096	Genion	-21096	Breakpoint_1
100GB	95%	ENSG00000060339:ENSG00000228451	GB2	-1	Genion	-1	Breakpoint_2
100GB	95%	ENSG00000060339:ENSG00000228451	CTATLRB1	0	CTAT-LR-Fusion	0	Breakpoint_1
100GB	95%	ENSG00000060339:ENSG00000228451	CTATLRB2	734	CTAT-LR-Fusion	734	Breakpoint_2
100GB	95%	ENSG00000108094:ENSG00000085788	FSB1	-264	FusionSeeker	-264	Breakpoint_1
100GB	95%	ENSG00000108094:ENSG00000085788	FSB2	-2	FusionSeeker	-2	Breakpoint_2
100GB	95%	ENSG00000108094:ENSG00000085788	JB1	-261	JAFFAL	-261	Breakpoint_1
100GB	95%	ENSG00000108094:ENSG00000085788	JB2	0	JAFFAL	0	Breakpoint_2
100GB	95%	ENSG00000108094:ENSG00000085788	CTATLRB1	-5948	CTAT-LR-Fusion	-5948	Breakpoint_1
100GB	95%	ENSG00000108094:ENSG00000085788	CTATLRB2	-1	CTAT-LR-Fusion	-1	Breakpoint_2
100GB	95%	ENSG00000135241:ENSG00000225612	FSB1	-123	FusionSeeker	-123	Breakpoint_1
100GB	95%	ENSG00000135241:ENSG00000225612	FSB2	-1	FusionSeeker	-1	Breakpoint_2
100GB	95%	ENSG00000135241:ENSG00000225612	GB1	-1	Genion	-1	Breakpoint_1
100GB	95%	ENSG00000135241:ENSG00000225612	GB2	1	Genion	1	Breakpoint_2
100GB	95%	ENSG00000135241:ENSG00000225612	JB1	-120	JAFFAL	-120	Breakpoint_1
100GB	95%	ENSG00000135241:ENSG00000225612	JB2	1	JAFFAL	1	Breakpoint_2
100GB	95%	ENSG00000135241:ENSG00000225612	CTATLRB1	-23660	CTAT-LR-Fusion	-23660	Breakpoint_1
100GB	95%	ENSG00000135241:ENSG00000225612	CTATLRB2	-128	CTAT-LR-Fusion	-128	Breakpoint_2
100GB	95%	ENSG00000185664:ENSG00000251584	FSB1	-4691	FusionSeeker	-4691	Breakpoint_1
100GB	95%	ENSG00000185664:ENSG00000251584	FSB2	-1	FusionSeeker	-1	Breakpoint_2
100GB	95%	ENSG00000185664:ENSG00000251584	CTATLRB1	-4714	CTAT-LR-Fusion	-4714	Breakpoint_1
100GB	95%	ENSG00000185664:ENSG00000251584	CTATLRB2	-24	CTAT-LR-Fusion	-24	Breakpoint_2
100GB	95%	ENSG00000280426:ENSG00000076513	FSB1	-628	FusionSeeker	-628	Breakpoint_1
100GB	95%	ENSG00000280426:ENSG00000076513	FSB2	8525	FusionSeeker	8525	Breakpoint_2
100GB	95%	ENSG00000280426:ENSG00000076513	CTATLRB1	-750	CTAT-LR-Fusion	-750	Breakpoint_1
100GB	95%	ENSG00000280426:ENSG00000076513	CTATLRB2	-1	CTAT-LR-Fusion	-1	Breakpoint_2
100GB	95%	ENSG00000103415:ENSG00000103160	FSB1	-1	FusionSeeker	-1	Breakpoint_1
100GB	95%	ENSG00000103415:ENSG00000103160	FSB2	1245	FusionSeeker	1245	Breakpoint_2
100GB	95%	ENSG00000103415:ENSG00000103160	JB1	-2	JAFFAL	-2	Breakpoint_1
100GB	95%	ENSG00000103415:ENSG00000103160	JB2	1245	JAFFAL	1245	Breakpoint_2
100GB	95%	ENSG00000103415:ENSG00000103160	CTATLRB1	-1226	CTAT-LR-Fusion	-1226	Breakpoint_1
100GB	95%	ENSG00000103415:ENSG00000103160	CTATLRB2	1267	CTAT-LR-Fusion	1267	Breakpoint_2
100GB	95%	ENSG00000206384:ENSG00000196455	FSB1	-1	FusionSeeker	-1	Breakpoint_1
100GB	95%	ENSG00000206384:ENSG00000196455	FSB2	28124	FusionSeeker	28124	Breakpoint_2
100GB	95%	ENSG00000206384:ENSG00000196455	JB1	-1	JAFFAL	-1	Breakpoint_1
100GB	95%	ENSG00000206384:ENSG00000196455	JB2	550	JAFFAL	550	Breakpoint_2
100GB	95%	ENSG00000206384:ENSG00000196455	FSB2	559	FusionSeeker	559	Breakpoint_2
100GB	95%	ENSG00000114638:ENSG00000121578	FSB1	0	FusionSeeker	0	Breakpoint_1
100GB	95%	ENSG00000114638:ENSG00000121578	FSB2	947	FusionSeeker	947	Breakpoint_2
100GB	95%	ENSG00000114638:ENSG00000121578	LB1	-1	LongGF	-1	Breakpoint_1
100GB	95%	ENSG00000114638:ENSG00000121578	LB2	946	LongGF	946	Breakpoint_2
100GB	95%	ENSG00000114638:ENSG00000121578	GB1	-16661	Genion	-16661	Breakpoint_1
100GB	95%	ENSG00000114638:ENSG00000121578	GB2	-1	Genion	-1	Breakpoint_2
100GB	95%	ENSG00000114638:ENSG00000121578	JB1	0	JAFFAL	0	Breakpoint_1
100GB	95%	ENSG00000114638:ENSG00000121578	JB2	946	JAFFAL	946	Breakpoint_2
100GB	95%	ENSG00000114638:ENSG00000121578	CTATLRB1	0	CTAT-LR-Fusion	0	Breakpoint_1
100GB	95%	ENSG00000114638:ENSG00000121578	CTATLRB2	948	CTAT-LR-Fusion	948	Breakpoint_2
100GB	95%	ENSG00000197872:ENSG00000150722	FSB1	-41965	FusionSeeker	-41965	Breakpoint_1
100GB	95%	ENSG00000197872:ENSG00000150722	FSB2	-1	FusionSeeker	-1	Breakpoint_2
100GB	95%	ENSG00000197872:ENSG00000150722	CTATLRB1	-42899	CTAT-LR-Fusion	-42899	Breakpoint_1
100GB	95%	ENSG00000197872:ENSG00000150722	CTATLRB2	-117	CTAT-LR-Fusion	-117	Breakpoint_2
100GB	95%	ENSG00000109971:ENSG00000095209	FSB1	-984	FusionSeeker	-984	Breakpoint_1
100GB	95%	ENSG00000109971:ENSG00000095209	FSB2	-1	FusionSeeker	-1	Breakpoint_2
100GB	95%	ENSG00000109971:ENSG00000095209	CTATLRB1	-4614	CTAT-LR-Fusion	-4614	Breakpoint_1
100GB	95%	ENSG00000109971:ENSG00000095209	CTATLRB2	-1	CTAT-LR-Fusion	-1	Breakpoint_2
100GB	95%	ENSG00000109971:ENSG00000095209	FSB1	-4615	FusionSeeker	-4615	Breakpoint_1
100GB	95%	ENSG00000109971:ENSG00000095209	FSB2	-22209	FusionSeeker	-22209	Breakpoint_2
100GB	95%	ENSG00000167419:ENSG00000005381	FSB1	-1	FusionSeeker	-1	Breakpoint_1
100GB	95%	ENSG00000167419:ENSG00000005381	FSB2	1006	FusionSeeker	1006	Breakpoint_2
100GB	95%	ENSG00000167419:ENSG00000005381	JB1	0	JAFFAL	0	Breakpoint_1
100GB	95%	ENSG00000167419:ENSG00000005381	JB2	1006	JAFFAL	1006	Breakpoint_2
100GB	95%	ENSG00000204256:ENSG00000184634	FSB1	-1	FusionSeeker	-1	Breakpoint_1
100GB	95%	ENSG00000204256:ENSG00000184634	FSB2	-1	FusionSeeker	-1	Breakpoint_2
100GB	95%	ENSG00000204256:ENSG00000184634	CTATLRB1	0	CTAT-LR-Fusion	0	Breakpoint_1
100GB	95%	ENSG00000204256:ENSG00000184634	CTATLRB2	0	CTAT-LR-Fusion	0	Breakpoint_2
100GB	95%	ENSG00000260830:ENSG00000100461	FSB1	0	FusionSeeker	0	Breakpoint_1
100GB	95%	ENSG00000260830:ENSG00000100461	FSB2	13945	FusionSeeker	13945	Breakpoint_2
100GB	95%	ENSG00000260830:ENSG00000100461	JB1	-1	JAFFAL	-1	Breakpoint_1
100GB	95%	ENSG00000260830:ENSG00000100461	JB2	86	JAFFAL	86	Breakpoint_2
100GB	95%	ENSG00000260830:ENSG00000100461	CTATLRB1	189	CTAT-LR-Fusion	189	Breakpoint_1
100GB	95%	ENSG00000260830:ENSG00000100461	CTATLRB2	1209	CTAT-LR-Fusion	1209	Breakpoint_2
100GB	95%	ENSG00000090565:ENSG00000167207	FSB1	3	FusionSeeker	3	Breakpoint_1
100GB	95%	ENSG00000090565:ENSG00000167207	FSB2	-1	FusionSeeker	-1	Breakpoint_2
100GB	95%	ENSG00000090565:ENSG00000167207	GB1	3	Genion	3	Breakpoint_1
100GB	95%	ENSG00000090565:ENSG00000167207	GB2	-1	Genion	-1	Breakpoint_2
100GB	95%	ENSG00000090565:ENSG00000167207	CTATLRB1	0	CTAT-LR-Fusion	0	Breakpoint_1
100GB	95%	ENSG00000090565:ENSG00000167207	CTATLRB2	-1	CTAT-LR-Fusion	-1	Breakpoint_2
100GB	95%	ENSG00000167588:ENSG00000110887	FSB1	-232	FusionSeeker	-232	Breakpoint_1
100GB	95%	ENSG00000167588:ENSG00000110887	FSB2	-1	FusionSeeker	-1	Breakpoint_2
100GB	95%	ENSG00000167588:ENSG00000110887	JB1	-233	JAFFAL	-233	Breakpoint_1
100GB	95%	ENSG00000167588:ENSG00000110887	JB2	1	JAFFAL	1	Breakpoint_2
100GB	95%	ENSG00000167588:ENSG00000110887	CTATLRB1	-231	CTAT-LR-Fusion	-231	Breakpoint_1
100GB	95%	ENSG00000167588:ENSG00000110887	CTATLRB2	-1	CTAT-LR-Fusion	-1	Breakpoint_2
100GB	95%	ENSG00000235162:ENSG00000286520	FSB1	-1	FusionSeeker	-1	Breakpoint_1
100GB	95%	ENSG00000235162:ENSG00000286520	FSB2	1551	FusionSeeker	1551	Breakpoint_2
100GB	95%	ENSG00000235162:ENSG00000286520	GB1	-36558	Genion	-36558	Breakpoint_1
100GB	95%	ENSG00000235162:ENSG00000286520	GB2	592	Genion	592	Breakpoint_2
100GB	95%	ENSG00000235162:ENSG00000286520	JB1	0	JAFFAL	0	Breakpoint_1
100GB	95%	ENSG00000235162:ENSG00000286520	JB2	1343	JAFFAL	1343	Breakpoint_2
100GB	95%	ENSG00000235162:ENSG00000286520	CTATLRB1	0	CTAT-LR-Fusion	0	Breakpoint_1
100GB	95%	ENSG00000235162:ENSG00000286520	CTATLRB2	1344	CTAT-LR-Fusion	1344	Breakpoint_2
100GB	95%	ENSG00000234129:ENSG00000101966	FSB1	-240	FusionSeeker	-240	Breakpoint_1
100GB	95%	ENSG00000234129:ENSG00000101966	FSB2	-2	FusionSeeker	-2	Breakpoint_2
100GB	95%	ENSG00000234129:ENSG00000101966	CTATLRB1	-4222	CTAT-LR-Fusion	-4222	Breakpoint_1
100GB	95%	ENSG00000234129:ENSG00000101966	CTATLRB2	0	CTAT-LR-Fusion	0	Breakpoint_2
100GB	95%	ENSG00000234129:ENSG00000101966	FSB2	25752	FusionSeeker	25752	Breakpoint_2
100GB	95%	ENSG00000213983:ENSG00000126777	FSB1	-662	FusionSeeker	-662	Breakpoint_1
100GB	95%	ENSG00000213983:ENSG00000126777	FSB2	-1	FusionSeeker	-1	Breakpoint_2
100GB	95%	ENSG00000213983:ENSG00000126777	JB1	-662	JAFFAL	-662	Breakpoint_1
100GB	95%	ENSG00000213983:ENSG00000126777	JB2	-1	JAFFAL	-1	Breakpoint_2
100GB	95%	ENSG00000213983:ENSG00000126777	CTATLRB1	-1211	CTAT-LR-Fusion	-1211	Breakpoint_1
100GB	95%	ENSG00000213983:ENSG00000126777	CTATLRB2	-1	CTAT-LR-Fusion	-1	Breakpoint_2
100GB	95%	ENSG00000264569:ENSG00000169733	FSB1	-1	FusionSeeker	-1	Breakpoint_1
100GB	95%	ENSG00000264569:ENSG00000169733	FSB2	3438	FusionSeeker	3438	Breakpoint_2
100GB	95%	ENSG00000264569:ENSG00000169733	JB1	0	JAFFAL	0	Breakpoint_1
100GB	95%	ENSG00000264569:ENSG00000169733	JB2	1212	JAFFAL	1212	Breakpoint_2
100GB	95%	ENSG00000264569:ENSG00000169733	CTATLRB1	0	CTAT-LR-Fusion	0	Breakpoint_1
100GB	95%	ENSG00000264569:ENSG00000169733	CTATLRB2	1213	CTAT-LR-Fusion	1213	Breakpoint_2
100GB	95%	ENSG00000141449:ENSG00000166401	FSB1	-1	FusionSeeker	-1	Breakpoint_1
100GB	95%	ENSG00000141449:ENSG00000166401	FSB2	8179	FusionSeeker	8179	Breakpoint_2
100GB	95%	ENSG00000141449:ENSG00000166401	GB1	-23812	Genion	-23812	Breakpoint_1
100GB	95%	ENSG00000141449:ENSG00000166401	GB2	8181	Genion	8181	Breakpoint_2
100GB	95%	ENSG00000141449:ENSG00000166401	JB1	-1	JAFFAL	-1	Breakpoint_1
100GB	95%	ENSG00000141449:ENSG00000166401	JB2	0	JAFFAL	0	Breakpoint_2
100GB	95%	ENSG00000288769:ENSG00000111907	FSB1	-1	FusionSeeker	-1	Breakpoint_1
100GB	95%	ENSG00000288769:ENSG00000111907	FSB2	-1	FusionSeeker	-1	Breakpoint_2
100GB	95%	ENSG00000288769:ENSG00000111907	JB1	-1	JAFFAL	-1	Breakpoint_1
100GB	95%	ENSG00000288769:ENSG00000111907	JB2	0	JAFFAL	0	Breakpoint_2
100GB	95%	ENSG00000288769:ENSG00000111907	CTATLRB1	0	CTAT-LR-Fusion	0	Breakpoint_1
100GB	95%	ENSG00000288769:ENSG00000111907	CTATLRB2	-1	CTAT-LR-Fusion	-1	Breakpoint_2
100GB	95%	ENSG00000288769:ENSG00000111907	CTATLRB1	1	CTAT-LR-Fusion	1	Breakpoint_1
100GB	95%	ENSG00000269692:ENSG00000273994	FSB1	0	FusionSeeker	0	Breakpoint_1
100GB	95%	ENSG00000269692:ENSG00000273994	FSB2	283	FusionSeeker	283	Breakpoint_2
100GB	95%	ENSG00000269692:ENSG00000273994	GB1	0	Genion	0	Breakpoint_1
100GB	95%	ENSG00000269692:ENSG00000273994	GB2	8	Genion	8	Breakpoint_2
100GB	95%	ENSG00000125898:ENSG00000234948	FSB1	0	FusionSeeker	0	Breakpoint_1
100GB	95%	ENSG00000125898:ENSG00000234948	FSB2	-1	FusionSeeker	-1	Breakpoint_2
100GB	95%	ENSG00000125898:ENSG00000234948	GB1	0	Genion	0	Breakpoint_1
100GB	95%	ENSG00000125898:ENSG00000234948	GB2	0	Genion	0	Breakpoint_2
100GB	95%	ENSG00000125898:ENSG00000234948	JB1	-1	JAFFAL	-1	Breakpoint_1
100GB	95%	ENSG00000125898:ENSG00000234948	JB2	1	JAFFAL	1	Breakpoint_2
100GB	95%	ENSG00000125898:ENSG00000234948	CTATLRB1	-1	CTAT-LR-Fusion	-1	Breakpoint_1
100GB	95%	ENSG00000125898:ENSG00000234948	CTATLRB2	-1	CTAT-LR-Fusion	-1	Breakpoint_2
100GB	95%	ENSG00000244754:ENSG00000233124	FSB1	-3051	FusionSeeker	-3051	Breakpoint_1
100GB	95%	ENSG00000244754:ENSG00000233124	FSB2	4149	FusionSeeker	4149	Breakpoint_2
100GB	95%	ENSG00000244754:ENSG00000233124	CTATLRB1	-3080	CTAT-LR-Fusion	-3080	Breakpoint_1
100GB	95%	ENSG00000244754:ENSG00000233124	CTATLRB2	4150	CTAT-LR-Fusion	4150	Breakpoint_2
100GB	95%	ENSG00000114302:ENSG00000114374	FSB1	-122	FusionSeeker	-122	Breakpoint_1
100GB	95%	ENSG00000114302:ENSG00000114374	FSB2	-1	FusionSeeker	-1	Breakpoint_2
100GB	95%	ENSG00000114302:ENSG00000114374	GB1	-1	Genion	-1	Breakpoint_1
100GB	95%	ENSG00000114302:ENSG00000114374	GB2	-1	Genion	-1	Breakpoint_2
100GB	95%	ENSG00000114302:ENSG00000114374	JB1	-121	JAFFAL	-121	Breakpoint_1
100GB	95%	ENSG00000114302:ENSG00000114374	JB2	1	JAFFAL	1	Breakpoint_2
100GB	95%	ENSG00000114302:ENSG00000114374	CTATLRB1	-122	CTAT-LR-Fusion	-122	Breakpoint_1
100GB	95%	ENSG00000114302:ENSG00000114374	CTATLRB2	-1	CTAT-LR-Fusion	-1	Breakpoint_2
100GB	95%	ENSG00000095303:ENSG00000233616	FSB1	-1	FusionSeeker	-1	Breakpoint_1
100GB	95%	ENSG00000095303:ENSG00000233616	FSB2	261	FusionSeeker	261	Breakpoint_2
100GB	95%	ENSG00000095303:ENSG00000233616	GB1	-3091	Genion	-3091	Breakpoint_1
100GB	95%	ENSG00000095303:ENSG00000233616	GB2	-1	Genion	-1	Breakpoint_2
100GB	95%	ENSG00000095303:ENSG00000233616	JB1	-2	JAFFAL	-2	Breakpoint_1
100GB	95%	ENSG00000095303:ENSG00000233616	JB2	261	JAFFAL	261	Breakpoint_2
100GB	95%	ENSG00000095303:ENSG00000233616	CTATLRB1	0	CTAT-LR-Fusion	0	Breakpoint_1
100GB	95%	ENSG00000095303:ENSG00000233616	CTATLRB2	262	CTAT-LR-Fusion	262	Breakpoint_2
100GB	95%	ENSG00000108312:ENSG00000260793	FSB1	-254	FusionSeeker	-254	Breakpoint_1
100GB	95%	ENSG00000108312:ENSG00000260793	FSB2	-1	FusionSeeker	-1	Breakpoint_2
100GB	95%	ENSG00000108312:ENSG00000260793	CTATLRB1	-1897	CTAT-LR-Fusion	-1897	Breakpoint_1
100GB	95%	ENSG00000108312:ENSG00000260793	CTATLRB2	0	CTAT-LR-Fusion	0	Breakpoint_2
100GB	95%	ENSG00000143891:ENSG00000132300	FSB1	-1	FusionSeeker	-1	Breakpoint_1
100GB	95%	ENSG00000143891:ENSG00000132300	FSB2	-1	FusionSeeker	-1	Breakpoint_2
100GB	95%	ENSG00000143891:ENSG00000132300	CTATLRB1	-1	CTAT-LR-Fusion	-1	Breakpoint_1
100GB	95%	ENSG00000143891:ENSG00000132300	CTATLRB2	-1	CTAT-LR-Fusion	-1	Breakpoint_2
100GB	95%	ENSG00000223631:ENSG00000284659	FSB1	-2113	FusionSeeker	-2113	Breakpoint_1
100GB	95%	ENSG00000223631:ENSG00000284659	FSB2	105	FusionSeeker	105	Breakpoint_2
100GB	95%	ENSG00000223631:ENSG00000284659	GB1	-4222	Genion	-4222	Breakpoint_1
100GB	95%	ENSG00000223631:ENSG00000284659	GB2	4	Genion	4	Breakpoint_2
100GB	95%	ENSG00000223631:ENSG00000284659	CTATLRB1	-2112	CTAT-LR-Fusion	-2112	Breakpoint_1
100GB	95%	ENSG00000223631:ENSG00000284659	CTATLRB2	113	CTAT-LR-Fusion	113	Breakpoint_2
100GB	95%	ENSG00000148604:ENSG00000100811	FSB1	0	FusionSeeker	0	Breakpoint_1
100GB	95%	ENSG00000148604:ENSG00000100811	FSB2	-1	FusionSeeker	-1	Breakpoint_2
100GB	95%	ENSG00000148604:ENSG00000100811	JB1	-1	JAFFAL	-1	Breakpoint_1
100GB	95%	ENSG00000148604:ENSG00000100811	JB2	1	JAFFAL	1	Breakpoint_2
100GB	95%	ENSG00000148604:ENSG00000100811	CTATLRB1	-2	CTAT-LR-Fusion	-2	Breakpoint_1
100GB	95%	ENSG00000148604:ENSG00000100811	CTATLRB2	-1	CTAT-LR-Fusion	-1	Breakpoint_2
100GB	95%	ENSG00000105339:ENSG00000022567	FSB1	0	FusionSeeker	0	Breakpoint_1
100GB	95%	ENSG00000105339:ENSG00000022567	FSB2	5389	FusionSeeker	5389	Breakpoint_2
100GB	95%	ENSG00000105339:ENSG00000022567	JB1	-1	JAFFAL	-1	Breakpoint_1
100GB	95%	ENSG00000105339:ENSG00000022567	JB2	5387	JAFFAL	5387	Breakpoint_2
100GB	95%	ENSG00000105339:ENSG00000022567	CTATLRB1	-1	CTAT-LR-Fusion	-1	Breakpoint_1
100GB	95%	ENSG00000105339:ENSG00000022567	CTATLRB2	5389	CTAT-LR-Fusion	5389	Breakpoint_2
100GB	95%	ENSG00000122218:ENSG00000120438	FSB1	-10743	FusionSeeker	-10743	Breakpoint_1
100GB	95%	ENSG00000122218:ENSG00000120438	FSB2	1098	FusionSeeker	1098	Breakpoint_2
100GB	95%	ENSG00000069329:ENSG00000253327	FSB1	-6271	FusionSeeker	-6271	Breakpoint_1
100GB	95%	ENSG00000069329:ENSG00000253327	FSB2	-1	FusionSeeker	-1	Breakpoint_2
100GB	95%	ENSG00000069329:ENSG00000253327	CTATLRB1	-6269	CTAT-LR-Fusion	-6269	Breakpoint_1
100GB	95%	ENSG00000069329:ENSG00000253327	CTATLRB2	-16	CTAT-LR-Fusion	-16	Breakpoint_2
100GB	95%	ENSG00000228570:ENSG00000167258	FSB1	-1	FusionSeeker	-1	Breakpoint_1
100GB	95%	ENSG00000228570:ENSG00000167258	FSB2	-1	FusionSeeker	-1	Breakpoint_2
100GB	95%	ENSG00000228570:ENSG00000167258	JB1	-1	JAFFAL	-1	Breakpoint_1
100GB	95%	ENSG00000228570:ENSG00000167258	JB2	0	JAFFAL	0	Breakpoint_2
100GB	95%	ENSG00000113569:ENSG00000145675	FSB1	-6424	FusionSeeker	-6424	Breakpoint_1
100GB	95%	ENSG00000113569:ENSG00000145675	FSB2	-1	FusionSeeker	-1	Breakpoint_2
100GB	95%	ENSG00000113569:ENSG00000145675	JB1	-6422	JAFFAL	-6422	Breakpoint_1
100GB	95%	ENSG00000113569:ENSG00000145675	JB2	0	JAFFAL	0	Breakpoint_2
100GB	95%	ENSG00000113569:ENSG00000145675	CTATLRB1	-29581	CTAT-LR-Fusion	-29581	Breakpoint_1
100GB	95%	ENSG00000113569:ENSG00000145675	CTATLRB2	-1	CTAT-LR-Fusion	-1	Breakpoint_2
100GB	95%	ENSG00000108604:ENSG00000240280	FSB1	-594	FusionSeeker	-594	Breakpoint_1
100GB	95%	ENSG00000108604:ENSG00000240280	FSB2	-1	FusionSeeker	-1	Breakpoint_2
100GB	95%	ENSG00000108604:ENSG00000240280	GB1	-437	Genion	-437	Breakpoint_1
100GB	95%	ENSG00000108604:ENSG00000240280	GB2	-1	Genion	-1	Breakpoint_2
100GB	95%	ENSG00000108604:ENSG00000240280	CTATLRB1	-2280	CTAT-LR-Fusion	-2280	Breakpoint_1
100GB	95%	ENSG00000108604:ENSG00000240280	CTATLRB2	-24	CTAT-LR-Fusion	-24	Breakpoint_2
100GB	95%	ENSG00000108604:ENSG00000240280	CTATLRB1	-2068	CTAT-LR-Fusion	-2068	Breakpoint_1
100GB	95%	ENSG00000108604:ENSG00000240280	CTATLRB2	-1	CTAT-LR-Fusion	-1	Breakpoint_2
100GB	95%	ENSG00000100075:ENSG00000100034	FSB1	-149	FusionSeeker	-149	Breakpoint_1
100GB	95%	ENSG00000100075:ENSG00000100034	FSB2	14150	FusionSeeker	14150	Breakpoint_2
100GB	95%	ENSG00000100075:ENSG00000100034	JB1	-146	JAFFAL	-146	Breakpoint_1
100GB	95%	ENSG00000100075:ENSG00000100034	JB2	4040	JAFFAL	4040	Breakpoint_2
100GB	95%	ENSG00000095981:ENSG00000164627	FSB1	-3353	FusionSeeker	-3353	Breakpoint_1
100GB	95%	ENSG00000095981:ENSG00000164627	FSB2	6556	FusionSeeker	6556	Breakpoint_2
100GB	95%	ENSG00000170954:ENSG00000183137	FSB1	-16564	FusionSeeker	-16564	Breakpoint_1
100GB	95%	ENSG00000170954:ENSG00000183137	FSB2	-1	FusionSeeker	-1	Breakpoint_2
100GB	95%	ENSG00000170954:ENSG00000183137	CTATLRB1	-17173	CTAT-LR-Fusion	-17173	Breakpoint_1
100GB	95%	ENSG00000170954:ENSG00000183137	CTATLRB2	-37	CTAT-LR-Fusion	-37	Breakpoint_2
100GB	95%	ENSG00000235059:ENSG00000292366	FSB1	-1	FusionSeeker	-1	Breakpoint_1
100GB	95%	ENSG00000235059:ENSG00000292366	FSB2	-1	FusionSeeker	-1	Breakpoint_2
100GB	95%	ENSG00000235059:ENSG00000292366	GB1	-7225	Genion	-7225	Breakpoint_1
100GB	95%	ENSG00000235059:ENSG00000292366	GB2	-1	Genion	-1	Breakpoint_2
100GB	95%	ENSG00000283294:ENSG00000224367	FSB1	-1	FusionSeeker	-1	Breakpoint_1
100GB	95%	ENSG00000283294:ENSG00000224367	FSB2	-1	FusionSeeker	-1	Breakpoint_2
100GB	95%	ENSG00000283294:ENSG00000224367	CTATLRB1	0	CTAT-LR-Fusion	0	Breakpoint_1
100GB	95%	ENSG00000283294:ENSG00000224367	CTATLRB2	-1	CTAT-LR-Fusion	-1	Breakpoint_2
100GB	95%	ENSG00000105889:ENSG00000075303	FSB1	-5366	FusionSeeker	-5366	Breakpoint_1
100GB	95%	ENSG00000105889:ENSG00000075303	FSB2	25181	FusionSeeker	25181	Breakpoint_2
100GB	95%	ENSG00000223634:ENSG00000235497	FSB1	-112	FusionSeeker	-112	Breakpoint_1
100GB	95%	ENSG00000223634:ENSG00000235497	FSB2	229	FusionSeeker	229	Breakpoint_2
100GB	95%	ENSG00000223634:ENSG00000235497	GB1	-2440	Genion	-2440	Breakpoint_1
100GB	95%	ENSG00000223634:ENSG00000235497	GB2	-1	Genion	-1	Breakpoint_2
100GB	95%	ENSG00000223634:ENSG00000235497	JB1	-110	JAFFAL	-110	Breakpoint_1
100GB	95%	ENSG00000223634:ENSG00000235497	JB2	230	JAFFAL	230	Breakpoint_2
100GB	95%	ENSG00000223634:ENSG00000235497	CTATLRB1	-2942	CTAT-LR-Fusion	-2942	Breakpoint_1
100GB	95%	ENSG00000223634:ENSG00000235497	CTATLRB2	230	CTAT-LR-Fusion	230	Breakpoint_2
100GB	95%	ENSG00000237558:ENSG00000291031	FSB1	-1	FusionSeeker	-1	Breakpoint_1
100GB	95%	ENSG00000237558:ENSG00000291031	FSB2	153	FusionSeeker	153	Breakpoint_2
100GB	95%	ENSG00000237558:ENSG00000291031	GB1	-1	Genion	-1	Breakpoint_1
100GB	95%	ENSG00000237558:ENSG00000291031	GB2	2	Genion	2	Breakpoint_2
100GB	95%	ENSG00000237558:ENSG00000291031	CTATLRB1	-1	CTAT-LR-Fusion	-1	Breakpoint_1
100GB	95%	ENSG00000237558:ENSG00000291031	CTATLRB2	159	CTAT-LR-Fusion	159	Breakpoint_2
100GB	95%	ENSG00000292327:ENSG00000292365	FSB1	-127	FusionSeeker	-127	Breakpoint_1
100GB	95%	ENSG00000292327:ENSG00000292365	FSB2	11	FusionSeeker	11	Breakpoint_2
100GB	95%	ENSG00000292327:ENSG00000292365	GB1	-3	Genion	-3	Breakpoint_1
100GB	95%	ENSG00000292327:ENSG00000292365	GB2	18	Genion	18	Breakpoint_2
100GB	95%	ENSG00000292327:ENSG00000292365	CTATLRB1	-128	CTAT-LR-Fusion	-128	Breakpoint_1
100GB	95%	ENSG00000292327:ENSG00000292365	CTATLRB2	-3	CTAT-LR-Fusion	-3	Breakpoint_2
100GB	95%	ENSG00000292327:ENSG00000292365	CTATLRB2	0	CTAT-LR-Fusion	0	Breakpoint_2
100GB	95%	ENSG00000149657:ENSG00000101182	FSB1	-1	FusionSeeker	-1	Breakpoint_1
100GB	95%	ENSG00000149657:ENSG00000101182	FSB2	216	FusionSeeker	216	Breakpoint_2
100GB	95%	ENSG00000149657:ENSG00000101182	CTATLRB1	5	CTAT-LR-Fusion	5	Breakpoint_1
100GB	95%	ENSG00000149657:ENSG00000101182	CTATLRB2	215	CTAT-LR-Fusion	215	Breakpoint_2
100GB	95%	ENSG00000284763:ENSG00000230284	FSB1	-340	FusionSeeker	-340	Breakpoint_1
100GB	95%	ENSG00000284763:ENSG00000230284	FSB2	336	FusionSeeker	336	Breakpoint_2
100GB	95%	ENSG00000284763:ENSG00000230284	CTATLRB1	-339	CTAT-LR-Fusion	-339	Breakpoint_1
100GB	95%	ENSG00000284763:ENSG00000230284	CTATLRB2	338	CTAT-LR-Fusion	338	Breakpoint_2
100GB	95%	ENSG00000196433:ENSG00000086758	FSB1	-2	FusionSeeker	-2	Breakpoint_1
100GB	95%	ENSG00000196433:ENSG00000086758	FSB2	130	FusionSeeker	130	Breakpoint_2
100GB	95%	ENSG00000196433:ENSG00000086758	JB1	-5	JAFFAL	-5	Breakpoint_1
100GB	95%	ENSG00000196433:ENSG00000086758	JB2	132	JAFFAL	132	Breakpoint_2
100GB	95%	ENSG00000196433:ENSG00000086758	CTATLRB1	-6240	CTAT-LR-Fusion	-6240	Breakpoint_1
100GB	95%	ENSG00000196433:ENSG00000086758	CTATLRB2	132	CTAT-LR-Fusion	132	Breakpoint_2
100GB	95%	ENSG00000196433:ENSG00000086758	CTATLRB2	862	CTAT-LR-Fusion	862	Breakpoint_2
100GB	95%	ENSG00000113494:ENSG00000198917	FSB1	-155	FusionSeeker	-155	Breakpoint_1
100GB	95%	ENSG00000113494:ENSG00000198917	FSB2	1094	FusionSeeker	1094	Breakpoint_2
100GB	95%	ENSG00000113494:ENSG00000198917	GB1	-4	Genion	-4	Breakpoint_1
100GB	95%	ENSG00000113494:ENSG00000198917	GB2	946	Genion	946	Breakpoint_2
100GB	95%	ENSG00000113494:ENSG00000198917	CTATLRB1	-155	CTAT-LR-Fusion	-155	Breakpoint_1
100GB	95%	ENSG00000113494:ENSG00000198917	CTATLRB2	1119	CTAT-LR-Fusion	1119	Breakpoint_2
100GB	95%	ENSG00000105011:ENSG00000125755	FSB1	-10278	FusionSeeker	-10278	Breakpoint_1
100GB	95%	ENSG00000105011:ENSG00000125755	FSB2	111	FusionSeeker	111	Breakpoint_2
100GB	95%	ENSG00000105011:ENSG00000125755	CTATLRB1	-14868	CTAT-LR-Fusion	-14868	Breakpoint_1
100GB	95%	ENSG00000105011:ENSG00000125755	CTATLRB2	239	CTAT-LR-Fusion	239	Breakpoint_2
100GB	95%	ENSG00000137074:ENSG00000130714	FSB1	-11852	FusionSeeker	-11852	Breakpoint_1
100GB	95%	ENSG00000137074:ENSG00000130714	FSB2	-17	FusionSeeker	-17	Breakpoint_2
100GB	95%	ENSG00000164924:ENSG00000242315	FSB1	-2905	FusionSeeker	-2905	Breakpoint_1
100GB	95%	ENSG00000164924:ENSG00000242315	FSB2	-2	FusionSeeker	-2	Breakpoint_2
100GB	95%	ENSG00000164924:ENSG00000242315	GB1	-2602	Genion	-2602	Breakpoint_1
100GB	95%	ENSG00000164924:ENSG00000242315	GB2	-2	Genion	-2	Breakpoint_2
100GB	95%	ENSG00000164924:ENSG00000242315	CTATLRB1	-30911	CTAT-LR-Fusion	-30911	Breakpoint_1
100GB	95%	ENSG00000164924:ENSG00000242315	CTATLRB2	-37	CTAT-LR-Fusion	-37	Breakpoint_2
100GB	95%	ENSG00000138101:ENSG00000144589	FSB1	-48767	FusionSeeker	-48767	Breakpoint_1
100GB	95%	ENSG00000138101:ENSG00000144589	FSB2	-1	FusionSeeker	-1	Breakpoint_2
100GB	95%	ENSG00000138101:ENSG00000144589	CTATLRB1	-93391	CTAT-LR-Fusion	-93391	Breakpoint_1
100GB	95%	ENSG00000138101:ENSG00000144589	CTATLRB2	-1	CTAT-LR-Fusion	-1	Breakpoint_2
100GB	95%	ENSG00000110881:ENSG00000261427	FSB1	0	FusionSeeker	0	Breakpoint_1
100GB	95%	ENSG00000110881:ENSG00000261427	FSB2	-2	FusionSeeker	-2	Breakpoint_2
100GB	95%	ENSG00000110881:ENSG00000261427	GB1	-6281	Genion	-6281	Breakpoint_1
100GB	95%	ENSG00000110881:ENSG00000261427	GB2	-2	Genion	-2	Breakpoint_2
100GB	95%	ENSG00000105711:ENSG00000105063	FSB1	0	FusionSeeker	0	Breakpoint_1
100GB	95%	ENSG00000105711:ENSG00000105063	FSB2	7578	FusionSeeker	7578	Breakpoint_2
100GB	95%	ENSG00000105711:ENSG00000105063	JB1	-1	JAFFAL	-1	Breakpoint_1
100GB	95%	ENSG00000105711:ENSG00000105063	JB2	748	JAFFAL	748	Breakpoint_2
100GB	95%	ENSG00000105711:ENSG00000105063	FSB2	749	FusionSeeker	749	Breakpoint_2
100GB	95%	ENSG00000280132:ENSG00000140682	FSB1	-239	FusionSeeker	-239	Breakpoint_1
100GB	95%	ENSG00000280132:ENSG00000140682	FSB2	-1	FusionSeeker	-1	Breakpoint_2
100GB	95%	ENSG00000143669:ENSG00000206803	FSB1	-132	FusionSeeker	-132	Breakpoint_1
100GB	95%	ENSG00000143669:ENSG00000206803	FSB2	-1	FusionSeeker	-1	Breakpoint_2
100GB	95%	ENSG00000143669:ENSG00000206803	GB1	-117941660	Genion	-117941660	Breakpoint_1
100GB	95%	ENSG00000143669:ENSG00000206803	GB2	-117957708	Genion	-117957708	Breakpoint_2
100GB	95%	ENSG00000143669:ENSG00000206803	JB1	-131	JAFFAL	-131	Breakpoint_1
100GB	95%	ENSG00000143669:ENSG00000206803	JB2	1	JAFFAL	1	Breakpoint_2
100GB	95%	ENSG00000263508:ENSG00000141577	FSB1	27187	FusionSeeker	27187	Breakpoint_1
100GB	95%	ENSG00000263508:ENSG00000141577	FSB2	4247	FusionSeeker	4247	Breakpoint_2
100GB	95%	ENSG00000263508:ENSG00000141577	CTATLRB1	-3039	CTAT-LR-Fusion	-3039	Breakpoint_1
100GB	95%	ENSG00000263508:ENSG00000141577	CTATLRB2	4248	CTAT-LR-Fusion	4248	Breakpoint_2
10GB	85%	ENSG00000107872:ENSG00000107874	LB1	-4	LongGF	-4	Breakpoint_1
10GB	85%	ENSG00000107872:ENSG00000107874	LB2	323	LongGF	323	Breakpoint_2
10GB	85%	ENSG00000107872:ENSG00000107874	GB1	-813	Genion	-813	Breakpoint_1
10GB	85%	ENSG00000107872:ENSG00000107874	GB2	-3	Genion	-3	Breakpoint_2
10GB	85%	ENSG00000107872:ENSG00000107874	CTATLRB1	2867	CTAT-LR-Fusion	2867	Breakpoint_1
10GB	85%	ENSG00000107872:ENSG00000107874	CTATLRB2	731	CTAT-LR-Fusion	731	Breakpoint_2
10GB	85%	ENSG00000105613:ENSG00000164011	LB1	-99	LongGF	-99	Breakpoint_1
10GB	85%	ENSG00000105613:ENSG00000164011	LB2	-1	LongGF	-1	Breakpoint_2
10GB	90%	ENSG00000146282:ENSG00000153291	LB1	-431	LongGF	-431	Breakpoint_1
10GB	90%	ENSG00000146282:ENSG00000153291	LB2	-2	LongGF	-2	Breakpoint_2
10GB	90%	ENSG00000146282:ENSG00000153291	CTATLRB1	-5405	CTAT-LR-Fusion	-5405	Breakpoint_1
10GB	90%	ENSG00000146282:ENSG00000153291	CTATLRB2	-1	CTAT-LR-Fusion	-1	Breakpoint_2
10GB	90%	ENSG00000107872:ENSG00000107874	LB1	-1	LongGF	-1	Breakpoint_1
10GB	90%	ENSG00000107872:ENSG00000107874	LB2	322	LongGF	322	Breakpoint_2
10GB	90%	ENSG00000107872:ENSG00000107874	GB1	-813	Genion	-813	Breakpoint_1
10GB	90%	ENSG00000107872:ENSG00000107874	GB2	-3	Genion	-3	Breakpoint_2
10GB	90%	ENSG00000107872:ENSG00000107874	CTATLRB1	2867	CTAT-LR-Fusion	2867	Breakpoint_1
10GB	90%	ENSG00000107872:ENSG00000107874	CTATLRB2	731	CTAT-LR-Fusion	731	Breakpoint_2
10GB	90%	ENSG00000105613:ENSG00000164011	LB1	-97	LongGF	-97	Breakpoint_1
10GB	90%	ENSG00000105613:ENSG00000164011	LB2	-2	LongGF	-2	Breakpoint_2
10GB	90%	ENSG00000105613:ENSG00000164011	CTATLRB1	-97	CTAT-LR-Fusion	-97	Breakpoint_1
10GB	90%	ENSG00000105613:ENSG00000164011	CTATLRB2	-9	CTAT-LR-Fusion	-9	Breakpoint_2
10GB	90%	ENSG00000048740:ENSG00000225830	LB1	-1	LongGF	-1	Breakpoint_1
10GB	90%	ENSG00000048740:ENSG00000225830	LB2	5065	LongGF	5065	Breakpoint_2
10GB	90%	ENSG00000048740:ENSG00000225830	JB1	-1	JAFFAL	-1	Breakpoint_1
10GB	90%	ENSG00000048740:ENSG00000225830	JB2	5064	JAFFAL	5064	Breakpoint_2
10GB	90%	ENSG00000048740:ENSG00000225830	CTATLRB1	-1	CTAT-LR-Fusion	-1	Breakpoint_1
10GB	90%	ENSG00000048740:ENSG00000225830	CTATLRB2	5065	CTAT-LR-Fusion	5065	Breakpoint_2
10GB	90%	ENSG00000292343:ENSG00000292345	LB1	-3	LongGF	-3	Breakpoint_1
10GB	90%	ENSG00000292343:ENSG00000292345	LB2	302	LongGF	302	Breakpoint_2
10GB	90%	ENSG00000292343:ENSG00000292345	CTATLRB1	6	CTAT-LR-Fusion	6	Breakpoint_1
10GB	90%	ENSG00000292343:ENSG00000292345	CTATLRB2	300	CTAT-LR-Fusion	300	Breakpoint_2
10GB	95%	ENSG00000146282:ENSG00000153291	LB1	-431	LongGF	-431	Breakpoint_1
10GB	95%	ENSG00000146282:ENSG00000153291	LB2	-2	LongGF	-2	Breakpoint_2
10GB	95%	ENSG00000146282:ENSG00000153291	JB1	-430	JAFFAL	-430	Breakpoint_1
10GB	95%	ENSG00000146282:ENSG00000153291	JB2	2	JAFFAL	2	Breakpoint_2
10GB	95%	ENSG00000107872:ENSG00000107874	LB1	-1	LongGF	-1	Breakpoint_1
10GB	95%	ENSG00000107872:ENSG00000107874	LB2	326	LongGF	326	Breakpoint_2
10GB	95%	ENSG00000105613:ENSG00000164011	LB1	-1	LongGF	-1	Breakpoint_1
10GB	95%	ENSG00000105613:ENSG00000164011	LB2	-1	LongGF	-1	Breakpoint_2
10GB	95%	ENSG00000105613:ENSG00000164011	JB1	0	JAFFAL	0	Breakpoint_1
10GB	95%	ENSG00000105613:ENSG00000164011	JB2	9	JAFFAL	9	Breakpoint_2
10GB	95%	ENSG00000105613:ENSG00000164011	CTATLRB1	-9	CTAT-LR-Fusion	-9	Breakpoint_1
10GB	95%	ENSG00000105613:ENSG00000164011	CTATLRB2	-5	CTAT-LR-Fusion	-5	Breakpoint_2
10GB	95%	ENSG00000048740:ENSG00000225830	LB1	1	LongGF	1	Breakpoint_1
10GB	95%	ENSG00000048740:ENSG00000225830	LB2	5064	LongGF	5064	Breakpoint_2
10GB	95%	ENSG00000048740:ENSG00000225830	JB1	-3	JAFFAL	-3	Breakpoint_1
10GB	95%	ENSG00000048740:ENSG00000225830	JB2	5060	JAFFAL	5060	Breakpoint_2
10GB	95%	ENSG00000048740:ENSG00000225830	CTATLRB1	-1	CTAT-LR-Fusion	-1	Breakpoint_1
10GB	95%	ENSG00000048740:ENSG00000225830	CTATLRB2	5065	CTAT-LR-Fusion	5065	Breakpoint_2
10GB	95%	ENSG00000188321:ENSG00000276043	LB1	-2	LongGF	-2	Breakpoint_1
10GB	95%	ENSG00000188321:ENSG00000276043	LB2	-1	LongGF	-1	Breakpoint_2
10GB	95%	ENSG00000188321:ENSG00000276043	JB1	-1	JAFFAL	-1	Breakpoint_1
10GB	95%	ENSG00000188321:ENSG00000276043	JB2	0	JAFFAL	0	Breakpoint_2
10GB	95%	ENSG00000188321:ENSG00000276043	CTATLRB1	-2	CTAT-LR-Fusion	-2	Breakpoint_1
10GB	95%	ENSG00000188321:ENSG00000276043	CTATLRB2	-1	CTAT-LR-Fusion	-1	Breakpoint_2
100GB	85%	ENSG00000146282:ENSG00000153291	LB1	-429	LongGF	-429	Breakpoint_1
100GB	85%	ENSG00000146282:ENSG00000153291	LB2	-1	LongGF	-1	Breakpoint_2
100GB	85%	ENSG00000146282:ENSG00000153291	GB1	-2	Genion	-2	Breakpoint_1
100GB	85%	ENSG00000146282:ENSG00000153291	GB2	-2	Genion	-2	Breakpoint_2
100GB	85%	ENSG00000146282:ENSG00000153291	JB1	-431	JAFFAL	-431	Breakpoint_1
100GB	85%	ENSG00000146282:ENSG00000153291	JB2	-1	JAFFAL	-1	Breakpoint_2
100GB	85%	ENSG00000146282:ENSG00000153291	CTATLRB1	-431	CTAT-LR-Fusion	-431	Breakpoint_1
100GB	85%	ENSG00000146282:ENSG00000153291	CTATLRB2	-1	CTAT-LR-Fusion	-1	Breakpoint_2
100GB	85%	ENSG00000107872:ENSG00000107874	LB1	-2	LongGF	-2	Breakpoint_1
100GB	85%	ENSG00000107872:ENSG00000107874	LB2	323	LongGF	323	Breakpoint_2
100GB	85%	ENSG00000107872:ENSG00000107874	GB1	-813	Genion	-813	Breakpoint_1
100GB	85%	ENSG00000107872:ENSG00000107874	GB2	-3	Genion	-3	Breakpoint_2
100GB	85%	ENSG00000107872:ENSG00000107874	CTATLRB1	2867	CTAT-LR-Fusion	2867	Breakpoint_1
100GB	85%	ENSG00000107872:ENSG00000107874	CTATLRB2	731	CTAT-LR-Fusion	731	Breakpoint_2
100GB	85%	ENSG00000105613:ENSG00000164011	LB1	-99	LongGF	-99	Breakpoint_1
100GB	85%	ENSG00000105613:ENSG00000164011	LB2	-1	LongGF	-1	Breakpoint_2
100GB	85%	ENSG00000105613:ENSG00000164011	GB1	-4290	Genion	-4290	Breakpoint_1
100GB	85%	ENSG00000105613:ENSG00000164011	GB2	0	Genion	0	Breakpoint_2
100GB	85%	ENSG00000105613:ENSG00000164011	JB1	-1	JAFFAL	-1	Breakpoint_1
100GB	85%	ENSG00000105613:ENSG00000164011	JB2	8	JAFFAL	8	Breakpoint_2
100GB	85%	ENSG00000048740:ENSG00000225830	LB1	-3	LongGF	-3	Breakpoint_1
100GB	85%	ENSG00000048740:ENSG00000225830	LB2	5063	LongGF	5063	Breakpoint_2
100GB	85%	ENSG00000048740:ENSG00000225830	JB1	-2	JAFFAL	-2	Breakpoint_1
100GB	85%	ENSG00000048740:ENSG00000225830	JB2	5059	JAFFAL	5059	Breakpoint_2
100GB	85%	ENSG00000048740:ENSG00000225830	CTATLRB1	-1	CTAT-LR-Fusion	-1	Breakpoint_1
100GB	85%	ENSG00000048740:ENSG00000225830	CTATLRB2	5065	CTAT-LR-Fusion	5065	Breakpoint_2
100GB	85%	ENSG00000292343:ENSG00000292345	LB1	-4	LongGF	-4	Breakpoint_1
100GB	85%	ENSG00000292343:ENSG00000292345	LB2	301	LongGF	301	Breakpoint_2
100GB	85%	ENSG00000188321:ENSG00000276043	GB1	-14116	Genion	-14116	Breakpoint_1
100GB	85%	ENSG00000188321:ENSG00000276043	GB2	-1	Genion	-1	Breakpoint_2
100GB	85%	ENSG00000188321:ENSG00000276043	CTATLRB1	-485	CTAT-LR-Fusion	-485	Breakpoint_1
100GB	85%	ENSG00000188321:ENSG00000276043	CTATLRB2	-1	CTAT-LR-Fusion	-1	Breakpoint_2
100GB	90%	ENSG00000146282:ENSG00000153291	LB1	-430	LongGF	-430	Breakpoint_1
100GB	90%	ENSG00000146282:ENSG00000153291	LB2	-2	LongGF	-2	Breakpoint_2
100GB	90%	ENSG00000146282:ENSG00000153291	GB1	-5	Genion	-5	Breakpoint_1
100GB	90%	ENSG00000146282:ENSG00000153291	GB2	-2	Genion	-2	Breakpoint_2
100GB	90%	ENSG00000146282:ENSG00000153291	JB1	-428	JAFFAL	-428	Breakpoint_1
100GB	90%	ENSG00000146282:ENSG00000153291	JB2	0	JAFFAL	0	Breakpoint_2
100GB	90%	ENSG00000107872:ENSG00000107874	LB1	-2	LongGF	-2	Breakpoint_1
100GB	90%	ENSG00000107872:ENSG00000107874	LB2	325	LongGF	325	Breakpoint_2
100GB	90%	ENSG00000107872:ENSG00000107874	GB1	-813	Genion	-813	Breakpoint_1
100GB	90%	ENSG00000107872:ENSG00000107874	GB2	-3	Genion	-3	Breakpoint_2
100GB	90%	ENSG00000107872:ENSG00000107874	CTATLRB1	2867	CTAT-LR-Fusion	2867	Breakpoint_1
100GB	90%	ENSG00000107872:ENSG00000107874	CTATLRB2	731	CTAT-LR-Fusion	731	Breakpoint_2
100GB	90%	ENSG00000105613:ENSG00000164011	LB1	-99	LongGF	-99	Breakpoint_1
100GB	90%	ENSG00000105613:ENSG00000164011	LB2	-1	LongGF	-1	Breakpoint_2
100GB	90%	ENSG00000105613:ENSG00000164011	GB1	-4659	Genion	-4659	Breakpoint_1
100GB	90%	ENSG00000105613:ENSG00000164011	GB2	-1	Genion	-1	Breakpoint_2
100GB	90%	ENSG00000105613:ENSG00000164011	JB1	-1	JAFFAL	-1	Breakpoint_1
100GB	90%	ENSG00000105613:ENSG00000164011	JB2	8	JAFFAL	8	Breakpoint_2
100GB	90%	ENSG00000105613:ENSG00000164011	CTATLRB1	-9	CTAT-LR-Fusion	-9	Breakpoint_1
100GB	90%	ENSG00000105613:ENSG00000164011	CTATLRB2	-5	CTAT-LR-Fusion	-5	Breakpoint_2
100GB	90%	ENSG00000105613:ENSG00000164011	CTATLRB1	-97	CTAT-LR-Fusion	-97	Breakpoint_1
100GB	90%	ENSG00000105613:ENSG00000164011	CTATLRB2	-9	CTAT-LR-Fusion	-9	Breakpoint_2
100GB	90%	ENSG00000048740:ENSG00000225830	LB1	-2	LongGF	-2	Breakpoint_1
100GB	90%	ENSG00000048740:ENSG00000225830	LB2	5064	LongGF	5064	Breakpoint_2
100GB	90%	ENSG00000048740:ENSG00000225830	GB1	-43393	Genion	-43393	Breakpoint_1
100GB	90%	ENSG00000048740:ENSG00000225830	GB2	4463	Genion	4463	Breakpoint_2
100GB	90%	ENSG00000048740:ENSG00000225830	JB1	-1	JAFFAL	-1	Breakpoint_1
100GB	90%	ENSG00000048740:ENSG00000225830	JB2	5064	JAFFAL	5064	Breakpoint_2
100GB	90%	ENSG00000048740:ENSG00000225830	CTATLRB1	-1	CTAT-LR-Fusion	-1	Breakpoint_1
100GB	90%	ENSG00000048740:ENSG00000225830	CTATLRB2	5065	CTAT-LR-Fusion	5065	Breakpoint_2
100GB	90%	ENSG00000292343:ENSG00000292345	LB1	-4	LongGF	-4	Breakpoint_1
100GB	90%	ENSG00000292343:ENSG00000292345	LB2	301	LongGF	301	Breakpoint_2
100GB	90%	ENSG00000188321:ENSG00000276043	LB1	-2	LongGF	-2	Breakpoint_1
100GB	90%	ENSG00000188321:ENSG00000276043	LB2	-2	LongGF	-2	Breakpoint_2
100GB	90%	ENSG00000188321:ENSG00000276043	GB1	-14117	Genion	-14117	Breakpoint_1
100GB	90%	ENSG00000188321:ENSG00000276043	GB2	-1	Genion	-1	Breakpoint_2
100GB	90%	ENSG00000188321:ENSG00000276043	JB1	-2	JAFFAL	-2	Breakpoint_1
100GB	90%	ENSG00000188321:ENSG00000276043	JB2	0	JAFFAL	0	Breakpoint_2
100GB	90%	ENSG00000188321:ENSG00000276043	CTATLRB1	-485	CTAT-LR-Fusion	-485	Breakpoint_1
100GB	90%	ENSG00000188321:ENSG00000276043	CTATLRB2	-1	CTAT-LR-Fusion	-1	Breakpoint_2
100GB	95%	ENSG00000146282:ENSG00000153291	LB1	-431	LongGF	-431	Breakpoint_1
100GB	95%	ENSG00000146282:ENSG00000153291	LB2	-2	LongGF	-2	Breakpoint_2
100GB	95%	ENSG00000146282:ENSG00000153291	GB1	-1	Genion	-1	Breakpoint_1
100GB	95%	ENSG00000146282:ENSG00000153291	GB2	-2	Genion	-2	Breakpoint_2
100GB	95%	ENSG00000146282:ENSG00000153291	JB1	-428	JAFFAL	-428	Breakpoint_1
100GB	95%	ENSG00000146282:ENSG00000153291	JB2	0	JAFFAL	0	Breakpoint_2
100GB	95%	ENSG00000107872:ENSG00000107874	LB1	-2	LongGF	-2	Breakpoint_1
100GB	95%	ENSG00000107872:ENSG00000107874	LB2	325	LongGF	325	Breakpoint_2
100GB	95%	ENSG00000107872:ENSG00000107874	GB1	-813	Genion	-813	Breakpoint_1
100GB	95%	ENSG00000107872:ENSG00000107874	GB2	-3	Genion	-3	Breakpoint_2
100GB	95%	ENSG00000107872:ENSG00000107874	CTATLRB1	2867	CTAT-LR-Fusion	2867	Breakpoint_1
100GB	95%	ENSG00000107872:ENSG00000107874	CTATLRB2	731	CTAT-LR-Fusion	731	Breakpoint_2
100GB	95%	ENSG00000105613:ENSG00000164011	LB1	-1	LongGF	-1	Breakpoint_1
100GB	95%	ENSG00000105613:ENSG00000164011	LB2	-1	LongGF	-1	Breakpoint_2
100GB	95%	ENSG00000105613:ENSG00000164011	GB1	-4659	Genion	-4659	Breakpoint_1
100GB	95%	ENSG00000105613:ENSG00000164011	GB2	-1	Genion	-1	Breakpoint_2
100GB	95%	ENSG00000105613:ENSG00000164011	JB1	-1	JAFFAL	-1	Breakpoint_1
100GB	95%	ENSG00000105613:ENSG00000164011	JB2	8	JAFFAL	8	Breakpoint_2
100GB	95%	ENSG00000105613:ENSG00000164011	CTATLRB1	-9	CTAT-LR-Fusion	-9	Breakpoint_1
100GB	95%	ENSG00000105613:ENSG00000164011	CTATLRB2	-5	CTAT-LR-Fusion	-5	Breakpoint_2
100GB	95%	ENSG00000048740:ENSG00000225830	LB1	-2	LongGF	-2	Breakpoint_1
100GB	95%	ENSG00000048740:ENSG00000225830	LB2	5064	LongGF	5064	Breakpoint_2
100GB	95%	ENSG00000048740:ENSG00000225830	GB1	-56279	Genion	-56279	Breakpoint_1
100GB	95%	ENSG00000048740:ENSG00000225830	GB2	4019	Genion	4019	Breakpoint_2
100GB	95%	ENSG00000048740:ENSG00000225830	JB1	-1	JAFFAL	-1	Breakpoint_1
100GB	95%	ENSG00000048740:ENSG00000225830	JB2	5064	JAFFAL	5064	Breakpoint_2
100GB	95%	ENSG00000048740:ENSG00000225830	CTATLRB1	-1	CTAT-LR-Fusion	-1	Breakpoint_1
100GB	95%	ENSG00000048740:ENSG00000225830	CTATLRB2	5065	CTAT-LR-Fusion	5065	Breakpoint_2
100GB	95%	ENSG00000292343:ENSG00000292345	LB1	-1	LongGF	-1	Breakpoint_1
100GB	95%	ENSG00000292343:ENSG00000292345	LB2	302	LongGF	302	Breakpoint_2
100GB	95%	ENSG00000292343:ENSG00000292345	GB1	-3759	Genion	-3759	Breakpoint_1
100GB	95%	ENSG00000292343:ENSG00000292345	GB2	0	Genion	0	Breakpoint_2
100GB	95%	ENSG00000188321:ENSG00000276043	LB1	-2	LongGF	-2	Breakpoint_1
100GB	95%	ENSG00000188321:ENSG00000276043	LB2	-1	LongGF	-1	Breakpoint_2
100GB	95%	ENSG00000188321:ENSG00000276043	GB1	-14117	Genion	-14117	Breakpoint_1
100GB	95%	ENSG00000188321:ENSG00000276043	GB2	-1	Genion	-1	Breakpoint_2
100GB	95%	ENSG00000188321:ENSG00000276043	JB1	0	JAFFAL	0	Breakpoint_1
100GB	95%	ENSG00000188321:ENSG00000276043	JB2	1	JAFFAL	1	Breakpoint_2
100GB	95%	ENSG00000188321:ENSG00000276043	CTATLRB1	-2	CTAT-LR-Fusion	-2	Breakpoint_1
100GB	95%	ENSG00000188321:ENSG00000276043	CTATLRB2	-1	CTAT-LR-Fusion	-1	Breakpoint_2
10GB	85%	ENSG00000077684:ENSG00000223768	JB1	-1	JAFFAL	-1	Breakpoint_1
10GB	85%	ENSG00000077684:ENSG00000223768	JB2	0	JAFFAL	0	Breakpoint_2
10GB	85%	ENSG00000077684:ENSG00000223768	CTATLRB1	7	CTAT-LR-Fusion	7	Breakpoint_1
10GB	85%	ENSG00000077684:ENSG00000223768	CTATLRB2	7	CTAT-LR-Fusion	7	Breakpoint_2
10GB	85%	ENSG00000106829:ENSG00000228714	JB1	-9	JAFFAL	-9	Breakpoint_1
10GB	85%	ENSG00000106829:ENSG00000228714	JB2	500	JAFFAL	500	Breakpoint_2
10GB	85%	ENSG00000106829:ENSG00000228714	CTATLRB1	-4	CTAT-LR-Fusion	-4	Breakpoint_1
10GB	85%	ENSG00000106829:ENSG00000228714	CTATLRB2	501	CTAT-LR-Fusion	501	Breakpoint_2
10GB	85%	ENSG00000119899:ENSG00000146223	GB1	-2	Genion	-2	Breakpoint_1
10GB	85%	ENSG00000119899:ENSG00000146223	GB2	-1	Genion	-1	Breakpoint_2
10GB	85%	ENSG00000119899:ENSG00000146223	JB1	-141	JAFFAL	-141	Breakpoint_1
10GB	85%	ENSG00000119899:ENSG00000146223	JB2	1	JAFFAL	1	Breakpoint_2
10GB	85%	ENSG00000178997:ENSG00000289083	JB1	-263	JAFFAL	-263	Breakpoint_1
10GB	85%	ENSG00000178997:ENSG00000289083	JB2	593	JAFFAL	593	Breakpoint_2
10GB	85%	ENSG00000227083:ENSG00000235262	JB1	-188	JAFFAL	-188	Breakpoint_1
10GB	85%	ENSG00000227083:ENSG00000235262	JB2	272	JAFFAL	272	Breakpoint_2
10GB	85%	ENSG00000227083:ENSG00000235262	CTATLRB1	-189	CTAT-LR-Fusion	-189	Breakpoint_1
10GB	85%	ENSG00000227083:ENSG00000235262	CTATLRB2	273	CTAT-LR-Fusion	273	Breakpoint_2
10GB	85%	ENSG00000235221:ENSG00000236581	JB1	0	JAFFAL	0	Breakpoint_1
10GB	85%	ENSG00000235221:ENSG00000236581	JB2	1	JAFFAL	1	Breakpoint_2
10GB	90%	ENSG00000077684:ENSG00000223768	JB1	0	JAFFAL	0	Breakpoint_1
10GB	90%	ENSG00000077684:ENSG00000223768	JB2	1	JAFFAL	1	Breakpoint_2
10GB	90%	ENSG00000077684:ENSG00000223768	CTATLRB1	7	CTAT-LR-Fusion	7	Breakpoint_1
10GB	90%	ENSG00000077684:ENSG00000223768	CTATLRB2	7	CTAT-LR-Fusion	7	Breakpoint_2
10GB	90%	ENSG00000095261:ENSG00000281649	JB1	-147	JAFFAL	-147	Breakpoint_1
10GB	90%	ENSG00000095261:ENSG00000281649	JB2	1	JAFFAL	1	Breakpoint_2
10GB	90%	ENSG00000106829:ENSG00000228714	JB1	-2	JAFFAL	-2	Breakpoint_1
10GB	90%	ENSG00000106829:ENSG00000228714	JB2	500	JAFFAL	500	Breakpoint_2
10GB	90%	ENSG00000106829:ENSG00000228714	CTATLRB1	-4	CTAT-LR-Fusion	-4	Breakpoint_1
10GB	90%	ENSG00000106829:ENSG00000228714	CTATLRB2	501	CTAT-LR-Fusion	501	Breakpoint_2
10GB	90%	ENSG00000119899:ENSG00000146223	JB1	-140	JAFFAL	-140	Breakpoint_1
10GB	90%	ENSG00000119899:ENSG00000146223	JB2	0	JAFFAL	0	Breakpoint_2
10GB	90%	ENSG00000235221:ENSG00000236581	JB1	-1	JAFFAL	-1	Breakpoint_1
10GB	90%	ENSG00000235221:ENSG00000236581	JB2	0	JAFFAL	0	Breakpoint_2
10GB	90%	ENSG00000235221:ENSG00000236581	CTATLRB1	0	CTAT-LR-Fusion	0	Breakpoint_1
10GB	90%	ENSG00000235221:ENSG00000236581	CTATLRB2	0	CTAT-LR-Fusion	0	Breakpoint_2
10GB	90%	ENSG00000249859:ENSG00000253503	GB1	-156910	Genion	-156910	Breakpoint_1
10GB	90%	ENSG00000249859:ENSG00000253503	GB2	2	Genion	2	Breakpoint_2
10GB	90%	ENSG00000249859:ENSG00000253503	JB1	-3	JAFFAL	-3	Breakpoint_1
10GB	90%	ENSG00000249859:ENSG00000253503	JB2	812	JAFFAL	812	Breakpoint_2
10GB	90%	ENSG00000249859:ENSG00000253503	CTATLRB1	0	CTAT-LR-Fusion	0	Breakpoint_1
10GB	90%	ENSG00000249859:ENSG00000253503	CTATLRB2	823	CTAT-LR-Fusion	823	Breakpoint_2
10GB	90%	ENSG00000234255:ENSG00000251011	JB1	-159	JAFFAL	-159	Breakpoint_1
10GB	90%	ENSG00000234255:ENSG00000251011	JB2	366	JAFFAL	366	Breakpoint_2
10GB	90%	ENSG00000234255:ENSG00000251011	CTATLRB1	-161	CTAT-LR-Fusion	-161	Breakpoint_1
10GB	90%	ENSG00000234255:ENSG00000251011	CTATLRB2	2490	CTAT-LR-Fusion	2490	Breakpoint_2
10GB	95%	ENSG00000077684:ENSG00000223768	JB1	-1	JAFFAL	-1	Breakpoint_1
10GB	95%	ENSG00000077684:ENSG00000223768	JB2	0	JAFFAL	0	Breakpoint_2
10GB	95%	ENSG00000077684:ENSG00000223768	CTATLRB1	7	CTAT-LR-Fusion	7	Breakpoint_1
10GB	95%	ENSG00000077684:ENSG00000223768	CTATLRB2	7	CTAT-LR-Fusion	7	Breakpoint_2
10GB	95%	ENSG00000095261:ENSG00000281649	JB1	-147	JAFFAL	-147	Breakpoint_1
10GB	95%	ENSG00000095261:ENSG00000281649	JB2	1	JAFFAL	1	Breakpoint_2
10GB	95%	ENSG00000095261:ENSG00000281649	CTATLRB1	-21531	CTAT-LR-Fusion	-21531	Breakpoint_1
10GB	95%	ENSG00000095261:ENSG00000281649	CTATLRB2	-1	CTAT-LR-Fusion	-1	Breakpoint_2
10GB	95%	ENSG00000106829:ENSG00000228714	JB1	0	JAFFAL	0	Breakpoint_1
10GB	95%	ENSG00000106829:ENSG00000228714	JB2	500	JAFFAL	500	Breakpoint_2
10GB	95%	ENSG00000106829:ENSG00000228714	CTATLRB1	-4	CTAT-LR-Fusion	-4	Breakpoint_1
10GB	95%	ENSG00000106829:ENSG00000228714	CTATLRB2	501	CTAT-LR-Fusion	501	Breakpoint_2
10GB	95%	ENSG00000119899:ENSG00000146223	JB1	-140	JAFFAL	-140	Breakpoint_1
10GB	95%	ENSG00000119899:ENSG00000146223	JB2	0	JAFFAL	0	Breakpoint_2
10GB	95%	ENSG00000121281:ENSG00000188801	GB1	-2296	Genion	-2296	Breakpoint_1
10GB	95%	ENSG00000121281:ENSG00000188801	GB2	46	Genion	46	Breakpoint_2
10GB	95%	ENSG00000144320:ENSG00000168280	JB1	-127	JAFFAL	-127	Breakpoint_1
10GB	95%	ENSG00000144320:ENSG00000168280	JB2	1	JAFFAL	1	Breakpoint_2
10GB	95%	ENSG00000144320:ENSG00000168280	CTATLRB1	-128	CTAT-LR-Fusion	-128	Breakpoint_1
10GB	95%	ENSG00000144320:ENSG00000168280	CTATLRB2	-1	CTAT-LR-Fusion	-1	Breakpoint_2
10GB	95%	ENSG00000227083:ENSG00000235262	JB1	-188	JAFFAL	-188	Breakpoint_1
10GB	95%	ENSG00000227083:ENSG00000235262	JB2	272	JAFFAL	272	Breakpoint_2
10GB	95%	ENSG00000227083:ENSG00000235262	CTATLRB1	-189	CTAT-LR-Fusion	-189	Breakpoint_1
10GB	95%	ENSG00000227083:ENSG00000235262	CTATLRB2	273	CTAT-LR-Fusion	273	Breakpoint_2
10GB	95%	ENSG00000235221:ENSG00000236581	JB1	0	JAFFAL	0	Breakpoint_1
10GB	95%	ENSG00000235221:ENSG00000236581	JB2	1	JAFFAL	1	Breakpoint_2
10GB	95%	ENSG00000235221:ENSG00000236581	CTATLRB1	0	CTAT-LR-Fusion	0	Breakpoint_1
10GB	95%	ENSG00000235221:ENSG00000236581	CTATLRB2	0	CTAT-LR-Fusion	0	Breakpoint_2
10GB	95%	ENSG00000249859:ENSG00000253503	JB1	-2	JAFFAL	-2	Breakpoint_1
10GB	95%	ENSG00000249859:ENSG00000253503	JB2	822	JAFFAL	822	Breakpoint_2
10GB	95%	ENSG00000249859:ENSG00000253503	CTATLRB1	0	CTAT-LR-Fusion	0	Breakpoint_1
10GB	95%	ENSG00000249859:ENSG00000253503	CTATLRB2	823	CTAT-LR-Fusion	823	Breakpoint_2
10GB	95%	ENSG00000165060:ENSG00000270236	GB1	-36757	Genion	-36757	Breakpoint_1
10GB	95%	ENSG00000165060:ENSG00000270236	GB2	-1	Genion	-1	Breakpoint_2
10GB	95%	ENSG00000234255:ENSG00000251011	JB1	-161	JAFFAL	-161	Breakpoint_1
10GB	95%	ENSG00000234255:ENSG00000251011	JB2	368	JAFFAL	368	Breakpoint_2
10GB	95%	ENSG00000234255:ENSG00000251011	CTATLRB1	-161	CTAT-LR-Fusion	-161	Breakpoint_1
10GB	95%	ENSG00000234255:ENSG00000251011	CTATLRB2	2490	CTAT-LR-Fusion	2490	Breakpoint_2
100GB	85%	ENSG00000020256:ENSG00000136444	GB1	-6161	Genion	-6161	Breakpoint_1
100GB	85%	ENSG00000020256:ENSG00000136444	GB2	0	Genion	0	Breakpoint_2
100GB	85%	ENSG00000077684:ENSG00000223768	GB1	-36615	Genion	-36615	Breakpoint_1
100GB	85%	ENSG00000077684:ENSG00000223768	GB2	-1	Genion	-1	Breakpoint_2
100GB	85%	ENSG00000077684:ENSG00000223768	JB1	0	JAFFAL	0	Breakpoint_1
100GB	85%	ENSG00000077684:ENSG00000223768	JB2	1	JAFFAL	1	Breakpoint_2
100GB	85%	ENSG00000077684:ENSG00000223768	CTATLRB1	7	CTAT-LR-Fusion	7	Breakpoint_1
100GB	85%	ENSG00000077684:ENSG00000223768	CTATLRB2	7	CTAT-LR-Fusion	7	Breakpoint_2
100GB	85%	ENSG00000095261:ENSG00000281649	GB1	-4720	Genion	-4720	Breakpoint_1
100GB	85%	ENSG00000095261:ENSG00000281649	GB2	1	Genion	1	Breakpoint_2
100GB	85%	ENSG00000095261:ENSG00000281649	JB1	-146	JAFFAL	-146	Breakpoint_1
100GB	85%	ENSG00000095261:ENSG00000281649	JB2	0	JAFFAL	0	Breakpoint_2
100GB	85%	ENSG00000106628:ENSG00000136297	GB1	-1422	Genion	-1422	Breakpoint_1
100GB	85%	ENSG00000106628:ENSG00000136297	GB2	1409	Genion	1409	Breakpoint_2
100GB	85%	ENSG00000106829:ENSG00000228714	GB1	-907	Genion	-907	Breakpoint_1
100GB	85%	ENSG00000106829:ENSG00000228714	GB2	4	Genion	4	Breakpoint_2
100GB	85%	ENSG00000106829:ENSG00000228714	JB1	0	JAFFAL	0	Breakpoint_1
100GB	85%	ENSG00000106829:ENSG00000228714	JB2	500	JAFFAL	500	Breakpoint_2
100GB	85%	ENSG00000106829:ENSG00000228714	CTATLRB1	-4	CTAT-LR-Fusion	-4	Breakpoint_1
100GB	85%	ENSG00000106829:ENSG00000228714	CTATLRB2	501	CTAT-LR-Fusion	501	Breakpoint_2
100GB	85%	ENSG00000110002:ENSG00000237250	GB1	-4748	Genion	-4748	Breakpoint_1
100GB	85%	ENSG00000110002:ENSG00000237250	GB2	225	Genion	225	Breakpoint_2
100GB	85%	ENSG00000110002:ENSG00000237250	JB1	-2	JAFFAL	-2	Breakpoint_1
100GB	85%	ENSG00000110002:ENSG00000237250	JB2	1	JAFFAL	1	Breakpoint_2
100GB	85%	ENSG00000110002:ENSG00000237250	CTATLRB1	26	CTAT-LR-Fusion	26	Breakpoint_1
100GB	85%	ENSG00000110002:ENSG00000237250	CTATLRB2	224	CTAT-LR-Fusion	224	Breakpoint_2
100GB	85%	ENSG00000117523:ENSG00000227372	GB1	-7604	Genion	-7604	Breakpoint_1
100GB	85%	ENSG00000117523:ENSG00000227372	GB2	1222	Genion	1222	Breakpoint_2
100GB	85%	ENSG00000119899:ENSG00000146223	GB1	-12	Genion	-12	Breakpoint_1
100GB	85%	ENSG00000119899:ENSG00000146223	GB2	-1	Genion	-1	Breakpoint_2
100GB	85%	ENSG00000119899:ENSG00000146223	JB1	-142	JAFFAL	-142	Breakpoint_1
100GB	85%	ENSG00000119899:ENSG00000146223	JB2	-1	JAFFAL	-1	Breakpoint_2
100GB	85%	ENSG00000121281:ENSG00000188801	GB1	-4183	Genion	-4183	Breakpoint_1
100GB	85%	ENSG00000121281:ENSG00000188801	GB2	8	Genion	8	Breakpoint_2
100GB	85%	ENSG00000142156:ENSG00000237945	GB1	-106	Genion	-106	Breakpoint_1
100GB	85%	ENSG00000142156:ENSG00000237945	GB2	7	Genion	7	Breakpoint_2
100GB	85%	ENSG00000142156:ENSG00000237945	CTATLRB1	-105	CTAT-LR-Fusion	-105	Breakpoint_1
100GB	85%	ENSG00000142156:ENSG00000237945	CTATLRB2	-9	CTAT-LR-Fusion	-9	Breakpoint_2
100GB	85%	ENSG00000144320:ENSG00000168280	GB1	-1	Genion	-1	Breakpoint_1
100GB	85%	ENSG00000144320:ENSG00000168280	GB2	-1	Genion	-1	Breakpoint_2
100GB	85%	ENSG00000144320:ENSG00000168280	CTATLRB1	-128	CTAT-LR-Fusion	-128	Breakpoint_1
100GB	85%	ENSG00000144320:ENSG00000168280	CTATLRB2	-1	CTAT-LR-Fusion	-1	Breakpoint_2
100GB	85%	ENSG00000145734:ENSG00000183476:ENSG00000225092	GB1	-1126	Genion	-1126	Breakpoint_1
100GB	85%	ENSG00000145734:ENSG00000183476:ENSG00000225092	GB2	5	Genion	5	Breakpoint_2
100GB	85%	ENSG00000145734:ENSG00000183476:ENSG00000225092	GB3	-1	Genion	-1	Breakpoint_3
100GB	85%	ENSG00000145734:ENSG00000183476:ENSG00000225092	GB4	47	Genion	47	Breakpoint_4
100GB	85%	ENSG00000151967:ENSG00000255248	GB1	-26048	Genion	-26048	Breakpoint_1
100GB	85%	ENSG00000151967:ENSG00000255248	GB2	-2	Genion	-2	Breakpoint_2
100GB	85%	ENSG00000151967:ENSG00000255248	CTATLRB1	-4	CTAT-LR-Fusion	-4	Breakpoint_1
100GB	85%	ENSG00000151967:ENSG00000255248	CTATLRB2	36098	CTAT-LR-Fusion	36098	Breakpoint_2
100GB	85%	ENSG00000172404:ENSG00000226024	GB1	-11	Genion	-11	Breakpoint_1
100GB	85%	ENSG00000172404:ENSG00000226024	GB2	17	Genion	17	Breakpoint_2
100GB	85%	ENSG00000172404:ENSG00000226024	CTATLRB1	-1855	CTAT-LR-Fusion	-1855	Breakpoint_1
100GB	85%	ENSG00000172404:ENSG00000226024	CTATLRB2	185	CTAT-LR-Fusion	185	Breakpoint_2
100GB	85%	ENSG00000173285:ENSG00000198965	GB1	-25	Genion	-25	Breakpoint_1
100GB	85%	ENSG00000173285:ENSG00000198965	GB2	-2	Genion	-2	Breakpoint_2
100GB	85%	ENSG00000178997:ENSG00000289083	GB1	-1	Genion	-1	Breakpoint_1
100GB	85%	ENSG00000178997:ENSG00000289083	GB2	15	Genion	15	Breakpoint_2
100GB	85%	ENSG00000178997:ENSG00000289083	JB1	-263	JAFFAL	-263	Breakpoint_1
100GB	85%	ENSG00000178997:ENSG00000289083	JB2	596	JAFFAL	596	Breakpoint_2
100GB	85%	ENSG00000225746:ENSG00000258867	GB1	-932	Genion	-932	Breakpoint_1
100GB	85%	ENSG00000225746:ENSG00000258867	GB2	-4	Genion	-4	Breakpoint_2
100GB	85%	ENSG00000225746:ENSG00000258867	CTATLRB1	-1	CTAT-LR-Fusion	-1	Breakpoint_1
100GB	85%	ENSG00000225746:ENSG00000258867	CTATLRB2	-1	CTAT-LR-Fusion	-1	Breakpoint_2
100GB	85%	ENSG00000227083:ENSG00000235262	GB1	-4	Genion	-4	Breakpoint_1
100GB	85%	ENSG00000227083:ENSG00000235262	GB2	24	Genion	24	Breakpoint_2
100GB	85%	ENSG00000227083:ENSG00000235262	JB1	-188	JAFFAL	-188	Breakpoint_1
100GB	85%	ENSG00000227083:ENSG00000235262	JB2	272	JAFFAL	272	Breakpoint_2
100GB	85%	ENSG00000227083:ENSG00000235262	CTATLRB1	-189	CTAT-LR-Fusion	-189	Breakpoint_1
100GB	85%	ENSG00000227083:ENSG00000235262	CTATLRB2	273	CTAT-LR-Fusion	273	Breakpoint_2
100GB	85%	ENSG00000234056:ENSG00000287340	GB1	-6194	Genion	-6194	Breakpoint_1
100GB	85%	ENSG00000234056:ENSG00000287340	GB2	405	Genion	405	Breakpoint_2
100GB	85%	ENSG00000235221:ENSG00000236581	GB1	-47483	Genion	-47483	Breakpoint_1
100GB	85%	ENSG00000235221:ENSG00000236581	GB2	-1	Genion	-1	Breakpoint_2
100GB	85%	ENSG00000235221:ENSG00000236581	JB1	0	JAFFAL	0	Breakpoint_1
100GB	85%	ENSG00000235221:ENSG00000236581	JB2	1	JAFFAL	1	Breakpoint_2
100GB	85%	ENSG00000249859:ENSG00000253503	GB1	-156911	Genion	-156911	Breakpoint_1
100GB	85%	ENSG00000249859:ENSG00000253503	GB2	-3	Genion	-3	Breakpoint_2
100GB	85%	ENSG00000249859:ENSG00000253503	JB1	-5	JAFFAL	-5	Breakpoint_1
100GB	85%	ENSG00000249859:ENSG00000253503	JB2	812	JAFFAL	812	Breakpoint_2
100GB	85%	ENSG00000249859:ENSG00000253503	CTATLRB1	0	CTAT-LR-Fusion	0	Breakpoint_1
100GB	85%	ENSG00000249859:ENSG00000253503	CTATLRB2	823	CTAT-LR-Fusion	823	Breakpoint_2
100GB	85%	ENSG00000261692:ENSG00000278847	GB1	-1846	Genion	-1846	Breakpoint_1
100GB	85%	ENSG00000261692:ENSG00000278847	GB2	1	Genion	1	Breakpoint_2
100GB	90%	ENSG00000020256:ENSG00000136444	GB1	-6161	Genion	-6161	Breakpoint_1
100GB	90%	ENSG00000020256:ENSG00000136444	GB2	0	Genion	0	Breakpoint_2
100GB	90%	ENSG00000077684:ENSG00000223768	GB1	-36615	Genion	-36615	Breakpoint_1
100GB	90%	ENSG00000077684:ENSG00000223768	GB2	-1	Genion	-1	Breakpoint_2
100GB	90%	ENSG00000077684:ENSG00000223768	JB1	0	JAFFAL	0	Breakpoint_1
100GB	90%	ENSG00000077684:ENSG00000223768	JB2	1	JAFFAL	1	Breakpoint_2
100GB	90%	ENSG00000077684:ENSG00000223768	CTATLRB1	7	CTAT-LR-Fusion	7	Breakpoint_1
100GB	90%	ENSG00000077684:ENSG00000223768	CTATLRB2	7	CTAT-LR-Fusion	7	Breakpoint_2
100GB	90%	ENSG00000095261:ENSG00000281649	GB1	-7	Genion	-7	Breakpoint_1
100GB	90%	ENSG00000095261:ENSG00000281649	GB2	-2	Genion	-2	Breakpoint_2
100GB	90%	ENSG00000095261:ENSG00000281649	JB1	-149	JAFFAL	-149	Breakpoint_1
100GB	90%	ENSG00000095261:ENSG00000281649	JB2	-1	JAFFAL	-1	Breakpoint_2
100GB	90%	ENSG00000106628:ENSG00000136297	GB1	-1422	Genion	-1422	Breakpoint_1
100GB	90%	ENSG00000106628:ENSG00000136297	GB2	1409	Genion	1409	Breakpoint_2
100GB	90%	ENSG00000106628:ENSG00000136297	CTATLRB1	-5946	CTAT-LR-Fusion	-5946	Breakpoint_1
100GB	90%	ENSG00000106628:ENSG00000136297	CTATLRB2	1511	CTAT-LR-Fusion	1511	Breakpoint_2
100GB	90%	ENSG00000106829:ENSG00000228714	GB1	-907	Genion	-907	Breakpoint_1
100GB	90%	ENSG00000106829:ENSG00000228714	GB2	4	Genion	4	Breakpoint_2
100GB	90%	ENSG00000106829:ENSG00000228714	JB1	-1	JAFFAL	-1	Breakpoint_1
100GB	90%	ENSG00000106829:ENSG00000228714	JB2	501	JAFFAL	501	Breakpoint_2
100GB	90%	ENSG00000106829:ENSG00000228714	CTATLRB1	-4	CTAT-LR-Fusion	-4	Breakpoint_1
100GB	90%	ENSG00000106829:ENSG00000228714	CTATLRB2	501	CTAT-LR-Fusion	501	Breakpoint_2
100GB	90%	ENSG00000110002:ENSG00000237250	GB1	-4749	Genion	-4749	Breakpoint_1
100GB	90%	ENSG00000110002:ENSG00000237250	GB2	225	Genion	225	Breakpoint_2
100GB	90%	ENSG00000110002:ENSG00000237250	JB1	0	JAFFAL	0	Breakpoint_1
100GB	90%	ENSG00000110002:ENSG00000237250	JB2	-1	JAFFAL	-1	Breakpoint_2
100GB	90%	ENSG00000110002:ENSG00000237250	CTATLRB1	26	CTAT-LR-Fusion	26	Breakpoint_1
100GB	90%	ENSG00000110002:ENSG00000237250	CTATLRB2	224	CTAT-LR-Fusion	224	Breakpoint_2
100GB	90%	ENSG00000117523:ENSG00000227372	GB1	-9061	Genion	-9061	Breakpoint_1
100GB	90%	ENSG00000117523:ENSG00000227372	GB2	776	Genion	776	Breakpoint_2
100GB	90%	ENSG00000117523:ENSG00000227372	CTATLRB1	0	CTAT-LR-Fusion	0	Breakpoint_1
100GB	90%	ENSG00000117523:ENSG00000227372	CTATLRB2	2141	CTAT-LR-Fusion	2141	Breakpoint_2
100GB	90%	ENSG00000119899:ENSG00000146223	GB1	-9333	Genion	-9333	Breakpoint_1
100GB	90%	ENSG00000119899:ENSG00000146223	GB2	-1	Genion	-1	Breakpoint_2
100GB	90%	ENSG00000119899:ENSG00000146223	JB1	-141	JAFFAL	-141	Breakpoint_1
100GB	90%	ENSG00000119899:ENSG00000146223	JB2	1	JAFFAL	1	Breakpoint_2
100GB	90%	ENSG00000121281:ENSG00000188801	GB1	-1996	Genion	-1996	Breakpoint_1
100GB	90%	ENSG00000121281:ENSG00000188801	GB2	83	Genion	83	Breakpoint_2
100GB	90%	ENSG00000142156:ENSG00000237945	GB1	-106	Genion	-106	Breakpoint_1
100GB	90%	ENSG00000142156:ENSG00000237945	GB2	0	Genion	0	Breakpoint_2
100GB	90%	ENSG00000142156:ENSG00000237945	CTATLRB1	-105	CTAT-LR-Fusion	-105	Breakpoint_1
100GB	90%	ENSG00000142156:ENSG00000237945	CTATLRB2	-9	CTAT-LR-Fusion	-9	Breakpoint_2
100GB	90%	ENSG00000144320:ENSG00000168280	GB1	-1	Genion	-1	Breakpoint_1
100GB	90%	ENSG00000144320:ENSG00000168280	GB2	-1	Genion	-1	Breakpoint_2
100GB	90%	ENSG00000144320:ENSG00000168280	JB1	-127	JAFFAL	-127	Breakpoint_1
100GB	90%	ENSG00000144320:ENSG00000168280	JB2	1	JAFFAL	1	Breakpoint_2
100GB	90%	ENSG00000144320:ENSG00000168280	CTATLRB1	-128	CTAT-LR-Fusion	-128	Breakpoint_1
100GB	90%	ENSG00000144320:ENSG00000168280	CTATLRB2	-1	CTAT-LR-Fusion	-1	Breakpoint_2
100GB	90%	ENSG00000151967:ENSG00000255248	GB1	-26048	Genion	-26048	Breakpoint_1
100GB	90%	ENSG00000151967:ENSG00000255248	GB2	-2	Genion	-2	Breakpoint_2
100GB	90%	ENSG00000151967:ENSG00000255248	CTATLRB1	-4	CTAT-LR-Fusion	-4	Breakpoint_1
100GB	90%	ENSG00000151967:ENSG00000255248	CTATLRB2	36098	CTAT-LR-Fusion	36098	Breakpoint_2
100GB	90%	ENSG00000172404:ENSG00000226024	GB1	-4	Genion	-4	Breakpoint_1
100GB	90%	ENSG00000172404:ENSG00000226024	GB2	15	Genion	15	Breakpoint_2
100GB	90%	ENSG00000172404:ENSG00000226024	CTATLRB1	-1855	CTAT-LR-Fusion	-1855	Breakpoint_1
100GB	90%	ENSG00000172404:ENSG00000226024	CTATLRB2	185	CTAT-LR-Fusion	185	Breakpoint_2
100GB	90%	ENSG00000173285:ENSG00000198965	GB1	-13	Genion	-13	Breakpoint_1
100GB	90%	ENSG00000173285:ENSG00000198965	GB2	-2	Genion	-2	Breakpoint_2
100GB	90%	ENSG00000178997:ENSG00000289083	GB1	-1	Genion	-1	Breakpoint_1
100GB	90%	ENSG00000178997:ENSG00000289083	GB2	4	Genion	4	Breakpoint_2
100GB	90%	ENSG00000178997:ENSG00000289083	JB1	-263	JAFFAL	-263	Breakpoint_1
100GB	90%	ENSG00000178997:ENSG00000289083	JB2	597	JAFFAL	597	Breakpoint_2
100GB	90%	ENSG00000178997:ENSG00000289083	CTATLRB1	-4300	CTAT-LR-Fusion	-4300	Breakpoint_1
100GB	90%	ENSG00000178997:ENSG00000289083	CTATLRB2	598	CTAT-LR-Fusion	598	Breakpoint_2
100GB	90%	ENSG00000178997:ENSG00000289083	JB1	-262	JAFFAL	-262	Breakpoint_1
100GB	90%	ENSG00000178997:ENSG00000289083	JB2	2152927	JAFFAL	2152927	Breakpoint_2
100GB	90%	ENSG00000225746:ENSG00000258867	GB1	-932	Genion	-932	Breakpoint_1
100GB	90%	ENSG00000225746:ENSG00000258867	GB2	-4	Genion	-4	Breakpoint_2
100GB	90%	ENSG00000225746:ENSG00000258867	CTATLRB1	-1	CTAT-LR-Fusion	-1	Breakpoint_1
100GB	90%	ENSG00000225746:ENSG00000258867	CTATLRB2	-1	CTAT-LR-Fusion	-1	Breakpoint_2
100GB	90%	ENSG00000227083:ENSG00000235262	JB1	-188	JAFFAL	-188	Breakpoint_1
100GB	90%	ENSG00000227083:ENSG00000235262	JB2	272	JAFFAL	272	Breakpoint_2
100GB	90%	ENSG00000227083:ENSG00000235262	CTATLRB1	-189	CTAT-LR-Fusion	-189	Breakpoint_1
100GB	90%	ENSG00000227083:ENSG00000235262	CTATLRB2	273	CTAT-LR-Fusion	273	Breakpoint_2
100GB	90%	ENSG00000234056:ENSG00000287340	GB1	-5813	Genion	-5813	Breakpoint_1
100GB	90%	ENSG00000234056:ENSG00000287340	GB2	629	Genion	629	Breakpoint_2
100GB	90%	ENSG00000235221:ENSG00000236581	GB1	-47483	Genion	-47483	Breakpoint_1
100GB	90%	ENSG00000235221:ENSG00000236581	GB2	-1	Genion	-1	Breakpoint_2
100GB	90%	ENSG00000235221:ENSG00000236581	JB1	-1	JAFFAL	-1	Breakpoint_1
100GB	90%	ENSG00000235221:ENSG00000236581	JB2	0	JAFFAL	0	Breakpoint_2
100GB	90%	ENSG00000235221:ENSG00000236581	CTATLRB1	0	CTAT-LR-Fusion	0	Breakpoint_1
100GB	90%	ENSG00000235221:ENSG00000236581	CTATLRB2	0	CTAT-LR-Fusion	0	Breakpoint_2
100GB	90%	ENSG00000249859:ENSG00000253503	GB1	-179890	Genion	-179890	Breakpoint_1
100GB	90%	ENSG00000249859:ENSG00000253503	GB2	-3	Genion	-3	Breakpoint_2
100GB	90%	ENSG00000249859:ENSG00000253503	JB1	-3	JAFFAL	-3	Breakpoint_1
100GB	90%	ENSG00000249859:ENSG00000253503	JB2	823	JAFFAL	823	Breakpoint_2
100GB	90%	ENSG00000249859:ENSG00000253503	CTATLRB1	0	CTAT-LR-Fusion	0	Breakpoint_1
100GB	90%	ENSG00000249859:ENSG00000253503	CTATLRB2	823	CTAT-LR-Fusion	823	Breakpoint_2
100GB	90%	ENSG00000261692:ENSG00000278847	GB1	-1830	Genion	-1830	Breakpoint_1
100GB	90%	ENSG00000261692:ENSG00000278847	GB2	2	Genion	2	Breakpoint_2
100GB	90%	ENSG00000261692:ENSG00000278847	CTATLRB1	-2134	CTAT-LR-Fusion	-2134	Breakpoint_1
100GB	90%	ENSG00000261692:ENSG00000278847	CTATLRB2	115	CTAT-LR-Fusion	115	Breakpoint_2
100GB	90%	ENSG00000119314:ENSG00000226711	GB1	-57554	Genion	-57554	Breakpoint_1
100GB	90%	ENSG00000119314:ENSG00000226711	GB2	-2	Genion	-2	Breakpoint_2
100GB	90%	ENSG00000119314:ENSG00000226711	JB1	-95	JAFFAL	-95	Breakpoint_1
100GB	90%	ENSG00000119314:ENSG00000226711	JB2	-1	JAFFAL	-1	Breakpoint_2
100GB	90%	ENSG00000134020:ENSG00000248538	GB1	-13614	Genion	-13614	Breakpoint_1
100GB	90%	ENSG00000134020:ENSG00000248538	GB2	0	Genion	0	Breakpoint_2
100GB	90%	ENSG00000134020:ENSG00000248538	CTATLRB1	-13749	CTAT-LR-Fusion	-13749	Breakpoint_1
100GB	90%	ENSG00000134020:ENSG00000248538	CTATLRB2	-48	CTAT-LR-Fusion	-48	Breakpoint_2
100GB	90%	ENSG00000163913:ENSG00000274814	GB1	-12992	Genion	-12992	Breakpoint_1
100GB	90%	ENSG00000163913:ENSG00000274814	GB2	1	Genion	1	Breakpoint_2
100GB	90%	ENSG00000165060:ENSG00000270236	GB1	-36757	Genion	-36757	Breakpoint_1
100GB	90%	ENSG00000165060:ENSG00000270236	GB2	0	Genion	0	Breakpoint_2
100GB	90%	ENSG00000227837:ENSG00000291031	GB1	-1	Genion	-1	Breakpoint_1
100GB	90%	ENSG00000227837:ENSG00000291031	GB2	2	Genion	2	Breakpoint_2
100GB	90%	ENSG00000234255:ENSG00000251011	GB1	-3	Genion	-3	Breakpoint_1
100GB	90%	ENSG00000234255:ENSG00000251011	GB2	-3	Genion	-3	Breakpoint_2
100GB	90%	ENSG00000234255:ENSG00000251011	JB1	-160	JAFFAL	-160	Breakpoint_1
100GB	90%	ENSG00000234255:ENSG00000251011	JB2	365	JAFFAL	365	Breakpoint_2
100GB	95%	ENSG00000020256:ENSG00000136444	GB1	-6161	Genion	-6161	Breakpoint_1
100GB	95%	ENSG00000020256:ENSG00000136444	GB2	-1	Genion	-1	Breakpoint_2
100GB	95%	ENSG00000077684:ENSG00000223768	GB1	-36615	Genion	-36615	Breakpoint_1
100GB	95%	ENSG00000077684:ENSG00000223768	GB2	-1	Genion	-1	Breakpoint_2
100GB	95%	ENSG00000077684:ENSG00000223768	JB1	-1	JAFFAL	-1	Breakpoint_1
100GB	95%	ENSG00000077684:ENSG00000223768	JB2	0	JAFFAL	0	Breakpoint_2
100GB	95%	ENSG00000077684:ENSG00000223768	CTATLRB1	7	CTAT-LR-Fusion	7	Breakpoint_1
100GB	95%	ENSG00000077684:ENSG00000223768	CTATLRB2	7	CTAT-LR-Fusion	7	Breakpoint_2
100GB	95%	ENSG00000095261:ENSG00000281649	GB1	-1	Genion	-1	Breakpoint_1
100GB	95%	ENSG00000095261:ENSG00000281649	GB2	-2	Genion	-2	Breakpoint_2
100GB	95%	ENSG00000095261:ENSG00000281649	JB1	-149	JAFFAL	-149	Breakpoint_1
100GB	95%	ENSG00000095261:ENSG00000281649	JB2	-1	JAFFAL	-1	Breakpoint_2
100GB	95%	ENSG00000095261:ENSG00000281649	CTATLRB1	-21531	CTAT-LR-Fusion	-21531	Breakpoint_1
100GB	95%	ENSG00000095261:ENSG00000281649	CTATLRB2	-1	CTAT-LR-Fusion	-1	Breakpoint_2
100GB	95%	ENSG00000106628:ENSG00000136297	GB1	-1422	Genion	-1422	Breakpoint_1
100GB	95%	ENSG00000106628:ENSG00000136297	GB2	1409	Genion	1409	Breakpoint_2
100GB	95%	ENSG00000106829:ENSG00000228714	GB1	-907	Genion	-907	Breakpoint_1
100GB	95%	ENSG00000106829:ENSG00000228714	GB2	2	Genion	2	Breakpoint_2
100GB	95%	ENSG00000106829:ENSG00000228714	JB1	0	JAFFAL	0	Breakpoint_1
100GB	95%	ENSG00000106829:ENSG00000228714	JB2	500	JAFFAL	500	Breakpoint_2
100GB	95%	ENSG00000106829:ENSG00000228714	CTATLRB1	-4	CTAT-LR-Fusion	-4	Breakpoint_1
100GB	95%	ENSG00000106829:ENSG00000228714	CTATLRB2	501	CTAT-LR-Fusion	501	Breakpoint_2
100GB	95%	ENSG00000110002:ENSG00000237250	GB1	-5581	Genion	-5581	Breakpoint_1
100GB	95%	ENSG00000110002:ENSG00000237250	GB2	224	Genion	224	Breakpoint_2
100GB	95%	ENSG00000110002:ENSG00000237250	JB1	0	JAFFAL	0	Breakpoint_1
100GB	95%	ENSG00000110002:ENSG00000237250	JB2	-1	JAFFAL	-1	Breakpoint_2
100GB	95%	ENSG00000117523:ENSG00000227372	GB1	-10033	Genion	-10033	Breakpoint_1
100GB	95%	ENSG00000117523:ENSG00000227372	GB2	1391	Genion	1391	Breakpoint_2
100GB	95%	ENSG00000117523:ENSG00000227372	CTATLRB1	0	CTAT-LR-Fusion	0	Breakpoint_1
100GB	95%	ENSG00000117523:ENSG00000227372	CTATLRB2	2141	CTAT-LR-Fusion	2141	Breakpoint_2
100GB	95%	ENSG00000119899:ENSG00000146223	GB1	-1	Genion	-1	Breakpoint_1
100GB	95%	ENSG00000119899:ENSG00000146223	GB2	-1	Genion	-1	Breakpoint_2
100GB	95%	ENSG00000119899:ENSG00000146223	JB1	-140	JAFFAL	-140	Breakpoint_1
100GB	95%	ENSG00000119899:ENSG00000146223	JB2	0	JAFFAL	0	Breakpoint_2
100GB	95%	ENSG00000119899:ENSG00000146223	CTATLRB1	-17314	CTAT-LR-Fusion	-17314	Breakpoint_1
100GB	95%	ENSG00000119899:ENSG00000146223	CTATLRB2	-1	CTAT-LR-Fusion	-1	Breakpoint_2
100GB	95%	ENSG00000121281:ENSG00000188801	GB1	-1002	Genion	-1002	Breakpoint_1
100GB	95%	ENSG00000121281:ENSG00000188801	GB2	66	Genion	66	Breakpoint_2
100GB	95%	ENSG00000142156:ENSG00000237945	GB1	-106	Genion	-106	Breakpoint_1
100GB	95%	ENSG00000142156:ENSG00000237945	GB2	-2	Genion	-2	Breakpoint_2
100GB	95%	ENSG00000142156:ENSG00000237945	CTATLRB1	-105	CTAT-LR-Fusion	-105	Breakpoint_1
100GB	95%	ENSG00000142156:ENSG00000237945	CTATLRB2	-9	CTAT-LR-Fusion	-9	Breakpoint_2
100GB	95%	ENSG00000144320:ENSG00000168280	GB1	-1	Genion	-1	Breakpoint_1
100GB	95%	ENSG00000144320:ENSG00000168280	GB2	-1	Genion	-1	Breakpoint_2
100GB	95%	ENSG00000144320:ENSG00000168280	JB1	-126	JAFFAL	-126	Breakpoint_1
100GB	95%	ENSG00000144320:ENSG00000168280	JB2	0	JAFFAL	0	Breakpoint_2
100GB	95%	ENSG00000144320:ENSG00000168280	CTATLRB1	-128	CTAT-LR-Fusion	-128	Breakpoint_1
100GB	95%	ENSG00000144320:ENSG00000168280	CTATLRB2	-1	CTAT-LR-Fusion	-1	Breakpoint_2
100GB	95%	ENSG00000151967:ENSG00000255248	GB1	-26048	Genion	-26048	Breakpoint_1
100GB	95%	ENSG00000151967:ENSG00000255248	GB2	-2	Genion	-2	Breakpoint_2
100GB	95%	ENSG00000151967:ENSG00000255248	CTATLRB1	-4	CTAT-LR-Fusion	-4	Breakpoint_1
100GB	95%	ENSG00000151967:ENSG00000255248	CTATLRB2	36098	CTAT-LR-Fusion	36098	Breakpoint_2
100GB	95%	ENSG00000172404:ENSG00000226024	GB1	-4	Genion	-4	Breakpoint_1
100GB	95%	ENSG00000172404:ENSG00000226024	GB2	1	Genion	1	Breakpoint_2
100GB	95%	ENSG00000172404:ENSG00000226024	CTATLRB1	-1855	CTAT-LR-Fusion	-1855	Breakpoint_1
100GB	95%	ENSG00000172404:ENSG00000226024	CTATLRB2	185	CTAT-LR-Fusion	185	Breakpoint_2
100GB	95%	ENSG00000173285:ENSG00000198965	GB1	-1	Genion	-1	Breakpoint_1
100GB	95%	ENSG00000173285:ENSG00000198965	GB2	-1	Genion	-1	Breakpoint_2
100GB	95%	ENSG00000178997:ENSG00000289083	GB1	-1	Genion	-1	Breakpoint_1
100GB	95%	ENSG00000178997:ENSG00000289083	GB2	6	Genion	6	Breakpoint_2
100GB	95%	ENSG00000178997:ENSG00000289083	JB1	-263	JAFFAL	-263	Breakpoint_1
100GB	95%	ENSG00000178997:ENSG00000289083	JB2	597	JAFFAL	597	Breakpoint_2
100GB	95%	ENSG00000178997:ENSG00000289083	JB1	-262	JAFFAL	-262	Breakpoint_1
100GB	95%	ENSG00000178997:ENSG00000289083	JB2	2152927	JAFFAL	2152927	Breakpoint_2
100GB	95%	ENSG00000225746:ENSG00000258867	GB1	-932	Genion	-932	Breakpoint_1
100GB	95%	ENSG00000225746:ENSG00000258867	GB2	-4	Genion	-4	Breakpoint_2
100GB	95%	ENSG00000225746:ENSG00000258867	CTATLRB1	-1	CTAT-LR-Fusion	-1	Breakpoint_1
100GB	95%	ENSG00000225746:ENSG00000258867	CTATLRB2	-1	CTAT-LR-Fusion	-1	Breakpoint_2
100GB	95%	ENSG00000227083:ENSG00000235262	GB1	-4	Genion	-4	Breakpoint_1
100GB	95%	ENSG00000227083:ENSG00000235262	GB2	3	Genion	3	Breakpoint_2
100GB	95%	ENSG00000227083:ENSG00000235262	JB1	-188	JAFFAL	-188	Breakpoint_1
100GB	95%	ENSG00000227083:ENSG00000235262	JB2	272	JAFFAL	272	Breakpoint_2
100GB	95%	ENSG00000227083:ENSG00000235262	CTATLRB1	-189	CTAT-LR-Fusion	-189	Breakpoint_1
100GB	95%	ENSG00000227083:ENSG00000235262	CTATLRB2	273	CTAT-LR-Fusion	273	Breakpoint_2
100GB	95%	ENSG00000235221:ENSG00000236581	GB1	-47483	Genion	-47483	Breakpoint_1
100GB	95%	ENSG00000235221:ENSG00000236581	GB2	-1	Genion	-1	Breakpoint_2
100GB	95%	ENSG00000235221:ENSG00000236581	JB1	0	JAFFAL	0	Breakpoint_1
100GB	95%	ENSG00000235221:ENSG00000236581	JB2	1	JAFFAL	1	Breakpoint_2
100GB	95%	ENSG00000235221:ENSG00000236581	CTATLRB1	0	CTAT-LR-Fusion	0	Breakpoint_1
100GB	95%	ENSG00000235221:ENSG00000236581	CTATLRB2	0	CTAT-LR-Fusion	0	Breakpoint_2
100GB	95%	ENSG00000249859:ENSG00000253503	GB1	-179890	Genion	-179890	Breakpoint_1
100GB	95%	ENSG00000249859:ENSG00000253503	GB2	-3	Genion	-3	Breakpoint_2
100GB	95%	ENSG00000249859:ENSG00000253503	JB1	-2	JAFFAL	-2	Breakpoint_1
100GB	95%	ENSG00000249859:ENSG00000253503	JB2	822	JAFFAL	822	Breakpoint_2
100GB	95%	ENSG00000249859:ENSG00000253503	CTATLRB1	0	CTAT-LR-Fusion	0	Breakpoint_1
100GB	95%	ENSG00000249859:ENSG00000253503	CTATLRB2	823	CTAT-LR-Fusion	823	Breakpoint_2
100GB	95%	ENSG00000261692:ENSG00000278847	GB1	-1774	Genion	-1774	Breakpoint_1
100GB	95%	ENSG00000261692:ENSG00000278847	GB2	1	Genion	1	Breakpoint_2
100GB	95%	ENSG00000261692:ENSG00000278847	CTATLRB1	-2134	CTAT-LR-Fusion	-2134	Breakpoint_1
100GB	95%	ENSG00000261692:ENSG00000278847	CTATLRB2	115	CTAT-LR-Fusion	115	Breakpoint_2
100GB	95%	ENSG00000261692:ENSG00000278847	CTATLRB1	-2131	CTAT-LR-Fusion	-2131	Breakpoint_1
100GB	95%	ENSG00000261692:ENSG00000278847	CTATLRB2	117	CTAT-LR-Fusion	117	Breakpoint_2
100GB	95%	ENSG00000119314:ENSG00000226711	GB1	-57553	Genion	-57553	Breakpoint_1
100GB	95%	ENSG00000119314:ENSG00000226711	GB2	-2	Genion	-2	Breakpoint_2
100GB	95%	ENSG00000119314:ENSG00000226711	JB1	-92	JAFFAL	-92	Breakpoint_1
100GB	95%	ENSG00000119314:ENSG00000226711	JB2	0	JAFFAL	0	Breakpoint_2
100GB	95%	ENSG00000163913:ENSG00000274814	GB1	-18789	Genion	-18789	Breakpoint_1
100GB	95%	ENSG00000163913:ENSG00000274814	GB2	2	Genion	2	Breakpoint_2
100GB	95%	ENSG00000163913:ENSG00000274814	CTATLRB1	-2	CTAT-LR-Fusion	-2	Breakpoint_1
100GB	95%	ENSG00000163913:ENSG00000274814	CTATLRB2	115	CTAT-LR-Fusion	115	Breakpoint_2
100GB	95%	ENSG00000165060:ENSG00000270236	GB1	-36758	Genion	-36758	Breakpoint_1
100GB	95%	ENSG00000165060:ENSG00000270236	GB2	-1	Genion	-1	Breakpoint_2
100GB	95%	ENSG00000227837:ENSG00000291031	GB1	-1	Genion	-1	Breakpoint_1
100GB	95%	ENSG00000227837:ENSG00000291031	GB2	0	Genion	0	Breakpoint_2
100GB	95%	ENSG00000234255:ENSG00000251011	GB1	-3	Genion	-3	Breakpoint_1
100GB	95%	ENSG00000234255:ENSG00000251011	GB2	-3	Genion	-3	Breakpoint_2
100GB	95%	ENSG00000234255:ENSG00000251011	JB1	-161	JAFFAL	-161	Breakpoint_1
100GB	95%	ENSG00000234255:ENSG00000251011	JB2	368	JAFFAL	368	Breakpoint_2
100GB	95%	ENSG00000234255:ENSG00000251011	CTATLRB1	-161	CTAT-LR-Fusion	-161	Breakpoint_1
100GB	95%	ENSG00000234255:ENSG00000251011	CTATLRB2	2490	CTAT-LR-Fusion	2490	Breakpoint_2
100GB	95%	ENSG00000095066:ENSG00000172270	GB1	-1800	Genion	-1800	Breakpoint_1
100GB	95%	ENSG00000095066:ENSG00000172270	GB2	-3	Genion	-3	Breakpoint_2
100GB	95%	ENSG00000131781:ENSG00000250166	GB1	-257	Genion	-257	Breakpoint_1
100GB	95%	ENSG00000131781:ENSG00000250166	GB2	59344	Genion	59344	Breakpoint_2
100GB	95%	ENSG00000142675:ENSG00000200839	GB1	-801	Genion	-801	Breakpoint_1
100GB	95%	ENSG00000142675:ENSG00000200839	GB2	0	Genion	0	Breakpoint_2
100GB	95%	ENSG00000184363:ENSG00000185187	GB1	-174	Genion	-174	Breakpoint_1
100GB	95%	ENSG00000184363:ENSG00000185187	GB2	-1	Genion	-1	Breakpoint_2
100GB	95%	ENSG00000184363:ENSG00000185187	JB1	-181	JAFFAL	-181	Breakpoint_1
100GB	95%	ENSG00000184363:ENSG00000185187	JB2	342	JAFFAL	342	Breakpoint_2
1GB	90%	ENSG00000134802:ENSG00000246273	JB1	-478	JAFFAL	-478	Breakpoint_1
1GB	90%	ENSG00000134802:ENSG00000246273	JB2	4	JAFFAL	4	Breakpoint_2
1GB	95%	ENSG00000260737:ENSG00000197302	JB1	-599	JAFFAL	-599	Breakpoint_1
1GB	95%	ENSG00000260737:ENSG00000197302	JB2	0	JAFFAL	0	Breakpoint_2
1GB	95%	ENSG00000260737:ENSG00000197302	CTATLRB1	-603	CTAT-LR-Fusion	-603	Breakpoint_1
1GB	95%	ENSG00000260737:ENSG00000197302	CTATLRB2	-1	CTAT-LR-Fusion	-1	Breakpoint_2
1GB	95%	ENSG00000139151:ENSG00000255648	JB1	-117	JAFFAL	-117	Breakpoint_1
1GB	95%	ENSG00000139151:ENSG00000255648	JB2	1	JAFFAL	1	Breakpoint_2
1GB	95%	ENSG00000139151:ENSG00000255648	CTATLRB1	-24315	CTAT-LR-Fusion	-24315	Breakpoint_1
1GB	95%	ENSG00000139151:ENSG00000255648	CTATLRB2	-90	CTAT-LR-Fusion	-90	Breakpoint_2
10GB	85%	ENSG00000221886:ENSG00000174695	JB1	-196	JAFFAL	-196	Breakpoint_1
10GB	85%	ENSG00000221886:ENSG00000174695	JB2	426	JAFFAL	426	Breakpoint_2
10GB	85%	ENSG00000260737:ENSG00000197302	JB1	-603	JAFFAL	-603	Breakpoint_1
10GB	85%	ENSG00000260737:ENSG00000197302	JB2	-1	JAFFAL	-1	Breakpoint_2
10GB	85%	ENSG00000272274:ENSG00000236581	JB1	-1	JAFFAL	-1	Breakpoint_1
10GB	85%	ENSG00000272274:ENSG00000236581	JB2	0	JAFFAL	0	Breakpoint_2
10GB	85%	ENSG00000289039:ENSG00000095794	JB1	-1	JAFFAL	-1	Breakpoint_1
10GB	85%	ENSG00000289039:ENSG00000095794	JB2	5	JAFFAL	5	Breakpoint_2
10GB	85%	ENSG00000289039:ENSG00000095794	CTATLRB1	6	CTAT-LR-Fusion	6	Breakpoint_1
10GB	85%	ENSG00000289039:ENSG00000095794	CTATLRB2	8	CTAT-LR-Fusion	8	Breakpoint_2
10GB	85%	ENSG00000168556:ENSG00000063978	JB1	-5	JAFFAL	-5	Breakpoint_1
10GB	85%	ENSG00000168556:ENSG00000063978	JB2	0	JAFFAL	0	Breakpoint_2
10GB	85%	ENSG00000168556:ENSG00000063978	CTATLRB1	-2	CTAT-LR-Fusion	-2	Breakpoint_1
10GB	85%	ENSG00000168556:ENSG00000063978	CTATLRB2	-1	CTAT-LR-Fusion	-1	Breakpoint_2
10GB	85%	ENSG00000101158:ENSG00000101266	JB1	-3	JAFFAL	-3	Breakpoint_1
10GB	85%	ENSG00000101158:ENSG00000101266	JB2	1061	JAFFAL	1061	Breakpoint_2
10GB	85%	ENSG00000101158:ENSG00000101266	CTATLRB1	-4733	CTAT-LR-Fusion	-4733	Breakpoint_1
10GB	85%	ENSG00000101158:ENSG00000101266	CTATLRB2	1062	CTAT-LR-Fusion	1062	Breakpoint_2
10GB	85%	ENSG00000178997:ENSG00000261064	JB1	-263	JAFFAL	-263	Breakpoint_1
10GB	85%	ENSG00000178997:ENSG00000261064	JB2	593	JAFFAL	593	Breakpoint_2
10GB	90%	ENSG00000221886:ENSG00000174695	JB1	-195	JAFFAL	-195	Breakpoint_1
10GB	90%	ENSG00000221886:ENSG00000174695	JB2	424	JAFFAL	424	Breakpoint_2
10GB	90%	ENSG00000260737:ENSG00000197302	JB1	-601	JAFFAL	-601	Breakpoint_1
10GB	90%	ENSG00000260737:ENSG00000197302	JB2	4	JAFFAL	4	Breakpoint_2
10GB	90%	ENSG00000186487:ENSG00000138380	JB1	-283	JAFFAL	-283	Breakpoint_1
10GB	90%	ENSG00000186487:ENSG00000138380	JB2	0	JAFFAL	0	Breakpoint_2
10GB	90%	ENSG00000134802:ENSG00000246273	JB1	-478	JAFFAL	-478	Breakpoint_1
10GB	90%	ENSG00000134802:ENSG00000246273	JB2	4	JAFFAL	4	Breakpoint_2
10GB	90%	ENSG00000272274:ENSG00000236581	JB1	-1	JAFFAL	-1	Breakpoint_1
10GB	90%	ENSG00000272274:ENSG00000236581	JB2	0	JAFFAL	0	Breakpoint_2
10GB	90%	ENSG00000272274:ENSG00000236581	CTATLRB1	-1	CTAT-LR-Fusion	-1	Breakpoint_1
10GB	90%	ENSG00000272274:ENSG00000236581	CTATLRB2	-1	CTAT-LR-Fusion	-1	Breakpoint_2
10GB	90%	ENSG00000256339:ENSG00000149564	JB1	0	JAFFAL	0	Breakpoint_1
10GB	90%	ENSG00000256339:ENSG00000149564	JB2	835	JAFFAL	835	Breakpoint_2
10GB	90%	ENSG00000256339:ENSG00000149564	CTATLRB1	5	CTAT-LR-Fusion	5	Breakpoint_1
10GB	90%	ENSG00000256339:ENSG00000149564	CTATLRB2	837	CTAT-LR-Fusion	837	Breakpoint_2
10GB	90%	ENSG00000289039:ENSG00000095794	JB1	0	JAFFAL	0	Breakpoint_1
10GB	90%	ENSG00000289039:ENSG00000095794	JB2	1	JAFFAL	1	Breakpoint_2
10GB	90%	ENSG00000289039:ENSG00000095794	CTATLRB1	2	CTAT-LR-Fusion	2	Breakpoint_1
10GB	90%	ENSG00000289039:ENSG00000095794	CTATLRB2	1	CTAT-LR-Fusion	1	Breakpoint_2
10GB	90%	ENSG00000106692:ENSG00000082898	JB1	-1	JAFFAL	-1	Breakpoint_1
10GB	90%	ENSG00000106692:ENSG00000082898	JB2	915	JAFFAL	915	Breakpoint_2
10GB	90%	ENSG00000106692:ENSG00000082898	CTATLRB1	-4	CTAT-LR-Fusion	-4	Breakpoint_1
10GB	90%	ENSG00000106692:ENSG00000082898	CTATLRB2	925	CTAT-LR-Fusion	925	Breakpoint_2
10GB	90%	ENSG00000159256:ENSG00000224924	JB1	0	JAFFAL	0	Breakpoint_1
10GB	90%	ENSG00000159256:ENSG00000224924	JB2	1332	JAFFAL	1332	Breakpoint_2
10GB	90%	ENSG00000159256:ENSG00000224924	CTATLRB1	0	CTAT-LR-Fusion	0	Breakpoint_1
10GB	90%	ENSG00000159256:ENSG00000224924	CTATLRB2	1333	CTAT-LR-Fusion	1333	Breakpoint_2
10GB	90%	ENSG00000188186:ENSG00000284776	JB1	-5	JAFFAL	-5	Breakpoint_1
10GB	90%	ENSG00000188186:ENSG00000284776	JB2	3	JAFFAL	3	Breakpoint_2
10GB	90%	ENSG00000290106:ENSG00000116205	JB1	0	JAFFAL	0	Breakpoint_1
10GB	90%	ENSG00000290106:ENSG00000116205	JB2	1	JAFFAL	1	Breakpoint_2
10GB	90%	ENSG00000167257:ENSG00000081692	JB1	-1	JAFFAL	-1	Breakpoint_1
10GB	90%	ENSG00000167257:ENSG00000081692	JB2	1484	JAFFAL	1484	Breakpoint_2
10GB	90%	ENSG00000167257:ENSG00000081692	CTATLRB1	-2	CTAT-LR-Fusion	-2	Breakpoint_1
10GB	90%	ENSG00000167257:ENSG00000081692	CTATLRB2	1484	CTAT-LR-Fusion	1484	Breakpoint_2
10GB	90%	ENSG00000150753:ENSG00000264860	JB1	-9	JAFFAL	-9	Breakpoint_1
10GB	90%	ENSG00000150753:ENSG00000264860	JB2	1	JAFFAL	1	Breakpoint_2
10GB	90%	ENSG00000156076:ENSG00000180879	JB1	-4165	JAFFAL	-4165	Breakpoint_1
10GB	90%	ENSG00000156076:ENSG00000180879	JB2	0	JAFFAL	0	Breakpoint_2
10GB	95%	ENSG00000257894:ENSG00000255652	JB1	-176	JAFFAL	-176	Breakpoint_1
10GB	95%	ENSG00000257894:ENSG00000255652	JB2	394	JAFFAL	394	Breakpoint_2
10GB	95%	ENSG00000257894:ENSG00000255652	CTATLRB1	-176	CTAT-LR-Fusion	-176	Breakpoint_1
10GB	95%	ENSG00000257894:ENSG00000255652	CTATLRB2	28181	CTAT-LR-Fusion	28181	Breakpoint_2
10GB	95%	ENSG00000221886:ENSG00000174695	JB1	-194	JAFFAL	-194	Breakpoint_1
10GB	95%	ENSG00000221886:ENSG00000174695	JB2	425	JAFFAL	425	Breakpoint_2
10GB	95%	ENSG00000236494:ENSG00000233219	JB1	-123	JAFFAL	-123	Breakpoint_1
10GB	95%	ENSG00000236494:ENSG00000233219	JB2	136	JAFFAL	136	Breakpoint_2
10GB	95%	ENSG00000260737:ENSG00000197302	JB1	-601	JAFFAL	-601	Breakpoint_1
10GB	95%	ENSG00000260737:ENSG00000197302	JB2	1	JAFFAL	1	Breakpoint_2
10GB	95%	ENSG00000260737:ENSG00000197302	CTATLRB1	-603	CTAT-LR-Fusion	-603	Breakpoint_1
10GB	95%	ENSG00000260737:ENSG00000197302	CTATLRB2	-1	CTAT-LR-Fusion	-1	Breakpoint_2
10GB	95%	ENSG00000260737:ENSG00000197302	CTATLRB1	-1462	CTAT-LR-Fusion	-1462	Breakpoint_1
10GB	95%	ENSG00000139151:ENSG00000255648	JB1	-117	JAFFAL	-117	Breakpoint_1
10GB	95%	ENSG00000139151:ENSG00000255648	JB2	1	JAFFAL	1	Breakpoint_2
10GB	95%	ENSG00000139151:ENSG00000255648	CTATLRB1	-24315	CTAT-LR-Fusion	-24315	Breakpoint_1
10GB	95%	ENSG00000139151:ENSG00000255648	CTATLRB2	-90	CTAT-LR-Fusion	-90	Breakpoint_2
10GB	95%	ENSG00000134802:ENSG00000246273	JB1	-478	JAFFAL	-478	Breakpoint_1
10GB	95%	ENSG00000134802:ENSG00000246273	JB2	1	JAFFAL	1	Breakpoint_2
10GB	95%	ENSG00000285565:ENSG00000141499	JB1	0	JAFFAL	0	Breakpoint_1
10GB	95%	ENSG00000285565:ENSG00000141499	JB2	1	JAFFAL	1	Breakpoint_2
10GB	95%	ENSG00000272274:ENSG00000236581	JB1	-1	JAFFAL	-1	Breakpoint_1
10GB	95%	ENSG00000272274:ENSG00000236581	JB2	0	JAFFAL	0	Breakpoint_2
10GB	95%	ENSG00000272274:ENSG00000236581	CTATLRB1	-1	CTAT-LR-Fusion	-1	Breakpoint_1
10GB	95%	ENSG00000272274:ENSG00000236581	CTATLRB2	-1	CTAT-LR-Fusion	-1	Breakpoint_2
10GB	95%	ENSG00000256339:ENSG00000149564	JB1	0	JAFFAL	0	Breakpoint_1
10GB	95%	ENSG00000256339:ENSG00000149564	JB2	835	JAFFAL	835	Breakpoint_2
10GB	95%	ENSG00000256339:ENSG00000149564	CTATLRB1	0	CTAT-LR-Fusion	0	Breakpoint_1
10GB	95%	ENSG00000256339:ENSG00000149564	CTATLRB2	837	CTAT-LR-Fusion	837	Breakpoint_2
10GB	95%	ENSG00000289039:ENSG00000095794	JB1	0	JAFFAL	0	Breakpoint_1
10GB	95%	ENSG00000289039:ENSG00000095794	JB2	1	JAFFAL	1	Breakpoint_2
10GB	95%	ENSG00000289039:ENSG00000095794	CTATLRB1	2	CTAT-LR-Fusion	2	Breakpoint_1
10GB	95%	ENSG00000289039:ENSG00000095794	CTATLRB2	1	CTAT-LR-Fusion	1	Breakpoint_2
10GB	95%	ENSG00000106692:ENSG00000082898	JB1	0	JAFFAL	0	Breakpoint_1
10GB	95%	ENSG00000106692:ENSG00000082898	JB2	918	JAFFAL	918	Breakpoint_2
10GB	95%	ENSG00000106692:ENSG00000082898	CTATLRB1	-3	CTAT-LR-Fusion	-3	Breakpoint_1
10GB	95%	ENSG00000106692:ENSG00000082898	CTATLRB2	925	CTAT-LR-Fusion	925	Breakpoint_2
10GB	95%	ENSG00000168556:ENSG00000063978	JB1	-4	JAFFAL	-4	Breakpoint_1
10GB	95%	ENSG00000168556:ENSG00000063978	JB2	1	JAFFAL	1	Breakpoint_2
10GB	95%	ENSG00000168556:ENSG00000063978	CTATLRB1	-2	CTAT-LR-Fusion	-2	Breakpoint_1
10GB	95%	ENSG00000168556:ENSG00000063978	CTATLRB2	-1	CTAT-LR-Fusion	-1	Breakpoint_2
10GB	95%	ENSG00000159256:ENSG00000224924	JB1	0	JAFFAL	0	Breakpoint_1
10GB	95%	ENSG00000159256:ENSG00000224924	JB2	1332	JAFFAL	1332	Breakpoint_2
10GB	95%	ENSG00000159256:ENSG00000224924	CTATLRB1	0	CTAT-LR-Fusion	0	Breakpoint_1
10GB	95%	ENSG00000159256:ENSG00000224924	CTATLRB2	1333	CTAT-LR-Fusion	1333	Breakpoint_2
10GB	95%	ENSG00000101158:ENSG00000101266	JB1	-2	JAFFAL	-2	Breakpoint_1
10GB	95%	ENSG00000101158:ENSG00000101266	JB2	1060	JAFFAL	1060	Breakpoint_2
10GB	95%	ENSG00000101158:ENSG00000101266	CTATLRB1	-4733	CTAT-LR-Fusion	-4733	Breakpoint_1
10GB	95%	ENSG00000101158:ENSG00000101266	CTATLRB2	1062	CTAT-LR-Fusion	1062	Breakpoint_2
10GB	95%	ENSG00000188186:ENSG00000284776	JB1	-2	JAFFAL	-2	Breakpoint_1
10GB	95%	ENSG00000188186:ENSG00000284776	JB2	2	JAFFAL	2	Breakpoint_2
10GB	95%	ENSG00000167257:ENSG00000081692	JB1	0	JAFFAL	0	Breakpoint_1
10GB	95%	ENSG00000167257:ENSG00000081692	JB2	1483	JAFFAL	1483	Breakpoint_2
10GB	95%	ENSG00000167257:ENSG00000081692	CTATLRB1	-2	CTAT-LR-Fusion	-2	Breakpoint_1
10GB	95%	ENSG00000167257:ENSG00000081692	CTATLRB2	1484	CTAT-LR-Fusion	1484	Breakpoint_2
10GB	95%	ENSG00000156076:ENSG00000180879	JB1	-4165	JAFFAL	-4165	Breakpoint_1
10GB	95%	ENSG00000156076:ENSG00000180879	JB2	1	JAFFAL	1	Breakpoint_2
10GB	95%	ENSG00000113648:ENSG00000079215	JB1	-10149	JAFFAL	-10149	Breakpoint_1
10GB	95%	ENSG00000113648:ENSG00000079215	JB2	-1	JAFFAL	-1	Breakpoint_2
100GB	85%	ENSG00000221886:ENSG00000174695	JB1	-196	JAFFAL	-196	Breakpoint_1
100GB	85%	ENSG00000221886:ENSG00000174695	JB2	426	JAFFAL	426	Breakpoint_2
100GB	85%	ENSG00000236494:ENSG00000233219	JB1	-122	JAFFAL	-122	Breakpoint_1
100GB	85%	ENSG00000236494:ENSG00000233219	JB2	137	JAFFAL	137	Breakpoint_2
100GB	85%	ENSG00000260737:ENSG00000197302	JB1	-594	JAFFAL	-594	Breakpoint_1
100GB	85%	ENSG00000260737:ENSG00000197302	JB2	-1	JAFFAL	-1	Breakpoint_2
100GB	85%	ENSG00000260737:ENSG00000197302	CTATLRB1	-603	CTAT-LR-Fusion	-603	Breakpoint_1
100GB	85%	ENSG00000260737:ENSG00000197302	CTATLRB2	-1	CTAT-LR-Fusion	-1	Breakpoint_2
100GB	85%	ENSG00000260737:ENSG00000197302	JB1	-603	JAFFAL	-603	Breakpoint_1
100GB	85%	ENSG00000186487:ENSG00000138380	JB1	-287	JAFFAL	-287	Breakpoint_1
100GB	85%	ENSG00000186487:ENSG00000138380	JB2	-1	JAFFAL	-1	Breakpoint_2
100GB	85%	ENSG00000134802:ENSG00000246273	JB1	-479	JAFFAL	-479	Breakpoint_1
100GB	85%	ENSG00000134802:ENSG00000246273	JB2	-1	JAFFAL	-1	Breakpoint_2
100GB	85%	ENSG00000285565:ENSG00000141499	JB1	0	JAFFAL	0	Breakpoint_1
100GB	85%	ENSG00000285565:ENSG00000141499	JB2	1	JAFFAL	1	Breakpoint_2
100GB	85%	ENSG00000272274:ENSG00000236581	JB1	0	JAFFAL	0	Breakpoint_1
100GB	85%	ENSG00000272274:ENSG00000236581	JB2	1	JAFFAL	1	Breakpoint_2
100GB	85%	ENSG00000272274:ENSG00000236581	CTATLRB1	-1	CTAT-LR-Fusion	-1	Breakpoint_1
100GB	85%	ENSG00000272274:ENSG00000236581	CTATLRB2	-1	CTAT-LR-Fusion	-1	Breakpoint_2
100GB	85%	ENSG00000256339:ENSG00000149564	JB1	0	JAFFAL	0	Breakpoint_1
100GB	85%	ENSG00000256339:ENSG00000149564	JB2	835	JAFFAL	835	Breakpoint_2
100GB	85%	ENSG00000289039:ENSG00000095794	JB1	0	JAFFAL	0	Breakpoint_1
100GB	85%	ENSG00000289039:ENSG00000095794	JB2	1	JAFFAL	1	Breakpoint_2
100GB	85%	ENSG00000109861:ENSG00000213619	JB1	-164	JAFFAL	-164	Breakpoint_1
100GB	85%	ENSG00000109861:ENSG00000213619	JB2	0	JAFFAL	0	Breakpoint_2
100GB	85%	ENSG00000106692:ENSG00000082898	JB1	-1	JAFFAL	-1	Breakpoint_1
100GB	85%	ENSG00000106692:ENSG00000082898	JB2	915	JAFFAL	915	Breakpoint_2
100GB	85%	ENSG00000168556:ENSG00000063978	JB1	-5	JAFFAL	-5	Breakpoint_1
100GB	85%	ENSG00000168556:ENSG00000063978	JB2	0	JAFFAL	0	Breakpoint_2
100GB	85%	ENSG00000168556:ENSG00000063978	CTATLRB1	-2	CTAT-LR-Fusion	-2	Breakpoint_1
100GB	85%	ENSG00000168556:ENSG00000063978	CTATLRB2	-1	CTAT-LR-Fusion	-1	Breakpoint_2
100GB	85%	ENSG00000159256:ENSG00000224924	JB1	0	JAFFAL	0	Breakpoint_1
100GB	85%	ENSG00000159256:ENSG00000224924	JB2	1332	JAFFAL	1332	Breakpoint_2
100GB	85%	ENSG00000101158:ENSG00000101266	JB1	-2	JAFFAL	-2	Breakpoint_1
100GB	85%	ENSG00000101158:ENSG00000101266	JB2	1060	JAFFAL	1060	Breakpoint_2
100GB	85%	ENSG00000101158:ENSG00000101266	CTATLRB1	-4733	CTAT-LR-Fusion	-4733	Breakpoint_1
100GB	85%	ENSG00000101158:ENSG00000101266	CTATLRB2	1062	CTAT-LR-Fusion	1062	Breakpoint_2
100GB	85%	ENSG00000290106:ENSG00000116205	JB1	-3	JAFFAL	-3	Breakpoint_1
100GB	85%	ENSG00000290106:ENSG00000116205	JB2	1	JAFFAL	1	Breakpoint_2
100GB	85%	ENSG00000167257:ENSG00000081692	JB1	-1	JAFFAL	-1	Breakpoint_1
100GB	85%	ENSG00000167257:ENSG00000081692	JB2	1484	JAFFAL	1484	Breakpoint_2
100GB	85%	ENSG00000150753:ENSG00000264860	JB1	-1	JAFFAL	-1	Breakpoint_1
100GB	85%	ENSG00000150753:ENSG00000264860	JB2	0	JAFFAL	0	Breakpoint_2
100GB	85%	ENSG00000146556:ENSG00000141499	JB1	-12	JAFFAL	-12	Breakpoint_1
100GB	85%	ENSG00000146556:ENSG00000141499	JB2	3	JAFFAL	3	Breakpoint_2
100GB	85%	ENSG00000146556:ENSG00000141499	CTATLRB1	0	CTAT-LR-Fusion	0	Breakpoint_1
100GB	85%	ENSG00000146556:ENSG00000141499	CTATLRB2	-1	CTAT-LR-Fusion	-1	Breakpoint_2
100GB	85%	ENSG00000291134:ENSG00000141499	JB1	-12	JAFFAL	-12	Breakpoint_1
100GB	85%	ENSG00000291134:ENSG00000141499	JB2	3	JAFFAL	3	Breakpoint_2
100GB	85%	ENSG00000291134:ENSG00000141499	CTATLRB1	0	CTAT-LR-Fusion	0	Breakpoint_1
100GB	85%	ENSG00000291134:ENSG00000141499	CTATLRB2	-1	CTAT-LR-Fusion	-1	Breakpoint_2
100GB	85%	ENSG00000178997:ENSG00000261064	JB1	-263	JAFFAL	-263	Breakpoint_1
100GB	85%	ENSG00000178997:ENSG00000261064	JB2	596	JAFFAL	596	Breakpoint_2
100GB	85%	ENSG00000198838:ENSG00000276702	JB1	-1	JAFFAL	-1	Breakpoint_1
100GB	85%	ENSG00000198838:ENSG00000276702	JB2	487	JAFFAL	487	Breakpoint_2
100GB	85%	ENSG00000198838:ENSG00000276702	CTATLRB1	-1894	CTAT-LR-Fusion	-1894	Breakpoint_1
100GB	85%	ENSG00000198838:ENSG00000276702	CTATLRB2	514	CTAT-LR-Fusion	514	Breakpoint_2
100GB	85%	ENSG00000090061:ENSG00000205476	JB1	-10	JAFFAL	-10	Breakpoint_1
100GB	85%	ENSG00000090061:ENSG00000205476	JB2	15144	JAFFAL	15144	Breakpoint_2
100GB	85%	ENSG00000233593:ENSG00000285532	JB1	-100	JAFFAL	-100	Breakpoint_1
100GB	85%	ENSG00000233593:ENSG00000285532	JB2	1	JAFFAL	1	Breakpoint_2
100GB	85%	ENSG00000233593:ENSG00000285532	CTATLRB1	-101	CTAT-LR-Fusion	-101	Breakpoint_1
100GB	85%	ENSG00000233593:ENSG00000285532	CTATLRB2	0	CTAT-LR-Fusion	0	Breakpoint_2
100GB	90%	ENSG00000257894:ENSG00000255652	JB1	-176	JAFFAL	-176	Breakpoint_1
100GB	90%	ENSG00000257894:ENSG00000255652	JB2	394	JAFFAL	394	Breakpoint_2
100GB	90%	ENSG00000221886:ENSG00000174695	JB1	-196	JAFFAL	-196	Breakpoint_1
100GB	90%	ENSG00000221886:ENSG00000174695	JB2	426	JAFFAL	426	Breakpoint_2
100GB	90%	ENSG00000236494:ENSG00000233219	JB1	-124	JAFFAL	-124	Breakpoint_1
100GB	90%	ENSG00000236494:ENSG00000233219	JB2	137	JAFFAL	137	Breakpoint_2
100GB	90%	ENSG00000260737:ENSG00000197302	JB1	-603	JAFFAL	-603	Breakpoint_1
100GB	90%	ENSG00000260737:ENSG00000197302	JB2	-1	JAFFAL	-1	Breakpoint_2
100GB	90%	ENSG00000260737:ENSG00000197302	CTATLRB1	-603	CTAT-LR-Fusion	-603	Breakpoint_1
100GB	90%	ENSG00000260737:ENSG00000197302	CTATLRB2	-1	CTAT-LR-Fusion	-1	Breakpoint_2
100GB	90%	ENSG00000186487:ENSG00000138380	JB1	-283	JAFFAL	-283	Breakpoint_1
100GB	90%	ENSG00000186487:ENSG00000138380	JB2	0	JAFFAL	0	Breakpoint_2
100GB	90%	ENSG00000139151:ENSG00000255648	JB1	-118	JAFFAL	-118	Breakpoint_1
100GB	90%	ENSG00000139151:ENSG00000255648	JB2	2	JAFFAL	2	Breakpoint_2
100GB	90%	ENSG00000134802:ENSG00000246273	JB1	-477	JAFFAL	-477	Breakpoint_1
100GB	90%	ENSG00000134802:ENSG00000246273	JB2	0	JAFFAL	0	Breakpoint_2
100GB	90%	ENSG00000285565:ENSG00000141499	JB1	-1	JAFFAL	-1	Breakpoint_1
100GB	90%	ENSG00000285565:ENSG00000141499	JB2	0	JAFFAL	0	Breakpoint_2
100GB	90%	ENSG00000272274:ENSG00000236581	JB1	-1	JAFFAL	-1	Breakpoint_1
100GB	90%	ENSG00000272274:ENSG00000236581	JB2	0	JAFFAL	0	Breakpoint_2
100GB	90%	ENSG00000272274:ENSG00000236581	CTATLRB1	-1	CTAT-LR-Fusion	-1	Breakpoint_1
100GB	90%	ENSG00000272274:ENSG00000236581	CTATLRB2	-1	CTAT-LR-Fusion	-1	Breakpoint_2
100GB	90%	ENSG00000256339:ENSG00000149564	JB1	0	JAFFAL	0	Breakpoint_1
100GB	90%	ENSG00000256339:ENSG00000149564	JB2	835	JAFFAL	835	Breakpoint_2
100GB	90%	ENSG00000256339:ENSG00000149564	CTATLRB1	0	CTAT-LR-Fusion	0	Breakpoint_1
100GB	90%	ENSG00000256339:ENSG00000149564	CTATLRB2	837	CTAT-LR-Fusion	837	Breakpoint_2
100GB	90%	ENSG00000289039:ENSG00000095794	JB1	0	JAFFAL	0	Breakpoint_1
100GB	90%	ENSG00000289039:ENSG00000095794	JB2	1	JAFFAL	1	Breakpoint_2
100GB	90%	ENSG00000289039:ENSG00000095794	CTATLRB1	2	CTAT-LR-Fusion	2	Breakpoint_1
100GB	90%	ENSG00000289039:ENSG00000095794	CTATLRB2	1	CTAT-LR-Fusion	1	Breakpoint_2
100GB	90%	ENSG00000109861:ENSG00000213619	JB1	-165	JAFFAL	-165	Breakpoint_1
100GB	90%	ENSG00000109861:ENSG00000213619	JB2	1	JAFFAL	1	Breakpoint_2
100GB	90%	ENSG00000109861:ENSG00000213619	CTATLRB1	-166	CTAT-LR-Fusion	-166	Breakpoint_1
100GB	90%	ENSG00000109861:ENSG00000213619	CTATLRB2	-1	CTAT-LR-Fusion	-1	Breakpoint_2
100GB	90%	ENSG00000106692:ENSG00000082898	JB1	0	JAFFAL	0	Breakpoint_1
100GB	90%	ENSG00000106692:ENSG00000082898	JB2	918	JAFFAL	918	Breakpoint_2
100GB	90%	ENSG00000106692:ENSG00000082898	CTATLRB1	-3	CTAT-LR-Fusion	-3	Breakpoint_1
100GB	90%	ENSG00000106692:ENSG00000082898	CTATLRB2	925	CTAT-LR-Fusion	925	Breakpoint_2
100GB	90%	ENSG00000168556:ENSG00000063978	JB1	-5	JAFFAL	-5	Breakpoint_1
100GB	90%	ENSG00000168556:ENSG00000063978	JB2	0	JAFFAL	0	Breakpoint_2
100GB	90%	ENSG00000168556:ENSG00000063978	CTATLRB1	-2	CTAT-LR-Fusion	-2	Breakpoint_1
100GB	90%	ENSG00000168556:ENSG00000063978	CTATLRB2	-1	CTAT-LR-Fusion	-1	Breakpoint_2
100GB	90%	ENSG00000159256:ENSG00000224924	JB1	0	JAFFAL	0	Breakpoint_1
100GB	90%	ENSG00000159256:ENSG00000224924	JB2	1332	JAFFAL	1332	Breakpoint_2
100GB	90%	ENSG00000159256:ENSG00000224924	CTATLRB1	0	CTAT-LR-Fusion	0	Breakpoint_1
100GB	90%	ENSG00000159256:ENSG00000224924	CTATLRB2	1333	CTAT-LR-Fusion	1333	Breakpoint_2
100GB	90%	ENSG00000101158:ENSG00000101266	JB1	-3	JAFFAL	-3	Breakpoint_1
100GB	90%	ENSG00000101158:ENSG00000101266	JB2	1061	JAFFAL	1061	Breakpoint_2
100GB	90%	ENSG00000101158:ENSG00000101266	CTATLRB1	-4733	CTAT-LR-Fusion	-4733	Breakpoint_1
100GB	90%	ENSG00000101158:ENSG00000101266	CTATLRB2	1062	CTAT-LR-Fusion	1062	Breakpoint_2
100GB	90%	ENSG00000188186:ENSG00000284776	JB1	-2	JAFFAL	-2	Breakpoint_1
100GB	90%	ENSG00000188186:ENSG00000284776	JB2	2	JAFFAL	2	Breakpoint_2
100GB	90%	ENSG00000290106:ENSG00000116205	JB1	0	JAFFAL	0	Breakpoint_1
100GB	90%	ENSG00000290106:ENSG00000116205	JB2	1	JAFFAL	1	Breakpoint_2
100GB	90%	ENSG00000167257:ENSG00000081692	JB1	0	JAFFAL	0	Breakpoint_1
100GB	90%	ENSG00000167257:ENSG00000081692	JB2	1483	JAFFAL	1483	Breakpoint_2
100GB	90%	ENSG00000167257:ENSG00000081692	CTATLRB1	-2	CTAT-LR-Fusion	-2	Breakpoint_1
100GB	90%	ENSG00000167257:ENSG00000081692	CTATLRB2	1484	CTAT-LR-Fusion	1484	Breakpoint_2
100GB	90%	ENSG00000150753:ENSG00000264860	JB1	-1	JAFFAL	-1	Breakpoint_1
100GB	90%	ENSG00000150753:ENSG00000264860	JB2	0	JAFFAL	0	Breakpoint_2
100GB	90%	ENSG00000146556:ENSG00000141499	JB1	-2	JAFFAL	-2	Breakpoint_1
100GB	90%	ENSG00000146556:ENSG00000141499	JB2	0	JAFFAL	0	Breakpoint_2
100GB	90%	ENSG00000146556:ENSG00000141499	CTATLRB1	0	CTAT-LR-Fusion	0	Breakpoint_1
100GB	90%	ENSG00000146556:ENSG00000141499	CTATLRB2	-1	CTAT-LR-Fusion	-1	Breakpoint_2
100GB	90%	ENSG00000291134:ENSG00000141499	JB1	-2	JAFFAL	-2	Breakpoint_1
100GB	90%	ENSG00000291134:ENSG00000141499	JB2	0	JAFFAL	0	Breakpoint_2
100GB	90%	ENSG00000291134:ENSG00000141499	CTATLRB1	0	CTAT-LR-Fusion	0	Breakpoint_1
100GB	90%	ENSG00000291134:ENSG00000141499	CTATLRB2	-1	CTAT-LR-Fusion	-1	Breakpoint_2
100GB	90%	ENSG00000156076:ENSG00000180879	JB1	-4164	JAFFAL	-4164	Breakpoint_1
100GB	90%	ENSG00000156076:ENSG00000180879	JB2	0	JAFFAL	0	Breakpoint_2
100GB	90%	ENSG00000178997:ENSG00000261064	JB1	-263	JAFFAL	-263	Breakpoint_1
100GB	90%	ENSG00000178997:ENSG00000261064	JB2	597	JAFFAL	597	Breakpoint_2
100GB	90%	ENSG00000178997:ENSG00000261064	CTATLRB1	-4300	CTAT-LR-Fusion	-4300	Breakpoint_1
100GB	90%	ENSG00000178997:ENSG00000261064	CTATLRB2	598	CTAT-LR-Fusion	598	Breakpoint_2
100GB	90%	ENSG00000178997:ENSG00000261064	JB1	-262	JAFFAL	-262	Breakpoint_1
100GB	90%	ENSG00000178997:ENSG00000261064	JB2	2152927	JAFFAL	2152927	Breakpoint_2
100GB	90%	ENSG00000198838:ENSG00000276702	JB1	-5	JAFFAL	-5	Breakpoint_1
100GB	90%	ENSG00000198838:ENSG00000276702	JB2	489	JAFFAL	489	Breakpoint_2
100GB	90%	ENSG00000090061:ENSG00000205476	JB1	-4	JAFFAL	-4	Breakpoint_1
100GB	90%	ENSG00000090061:ENSG00000205476	JB2	15143	JAFFAL	15143	Breakpoint_2
100GB	90%	ENSG00000090061:ENSG00000205476	CTATLRB1	2	CTAT-LR-Fusion	2	Breakpoint_1
100GB	90%	ENSG00000090061:ENSG00000205476	CTATLRB2	15144	CTAT-LR-Fusion	15144	Breakpoint_2
100GB	90%	ENSG00000259285:ENSG00000204661	JB1	-3	JAFFAL	-3	Breakpoint_1
100GB	90%	ENSG00000259285:ENSG00000204661	JB2	324	JAFFAL	324	Breakpoint_2
100GB	95%	ENSG00000257894:ENSG00000255652	JB1	-176	JAFFAL	-176	Breakpoint_1
100GB	95%	ENSG00000257894:ENSG00000255652	JB2	394	JAFFAL	394	Breakpoint_2
100GB	95%	ENSG00000257894:ENSG00000255652	CTATLRB1	-176	CTAT-LR-Fusion	-176	Breakpoint_1
100GB	95%	ENSG00000257894:ENSG00000255652	CTATLRB2	28181	CTAT-LR-Fusion	28181	Breakpoint_2
100GB	95%	ENSG00000221886:ENSG00000174695	JB1	-196	JAFFAL	-196	Breakpoint_1
100GB	95%	ENSG00000221886:ENSG00000174695	JB2	426	JAFFAL	426	Breakpoint_2
100GB	95%	ENSG00000236494:ENSG00000233219	JB1	-124	JAFFAL	-124	Breakpoint_1
100GB	95%	ENSG00000236494:ENSG00000233219	JB2	137	JAFFAL	137	Breakpoint_2
100GB	95%	ENSG00000260737:ENSG00000197302	JB1	-601	JAFFAL	-601	Breakpoint_1
100GB	95%	ENSG00000260737:ENSG00000197302	JB2	1	JAFFAL	1	Breakpoint_2
100GB	95%	ENSG00000260737:ENSG00000197302	CTATLRB1	-1462	CTAT-LR-Fusion	-1462	Breakpoint_1
100GB	95%	ENSG00000260737:ENSG00000197302	CTATLRB2	-1	CTAT-LR-Fusion	-1	Breakpoint_2
100GB	95%	ENSG00000260737:ENSG00000197302	CTATLRB1	-603	CTAT-LR-Fusion	-603	Breakpoint_1
100GB	95%	ENSG00000186487:ENSG00000138380	JB1	-283	JAFFAL	-283	Breakpoint_1
100GB	95%	ENSG00000186487:ENSG00000138380	JB2	0	JAFFAL	0	Breakpoint_2
100GB	95%	ENSG00000139151:ENSG00000255648	JB1	-120	JAFFAL	-120	Breakpoint_1
100GB	95%	ENSG00000139151:ENSG00000255648	JB2	-1	JAFFAL	-1	Breakpoint_2
100GB	95%	ENSG00000139151:ENSG00000255648	CTATLRB1	-24315	CTAT-LR-Fusion	-24315	Breakpoint_1
100GB	95%	ENSG00000139151:ENSG00000255648	CTATLRB2	-90	CTAT-LR-Fusion	-90	Breakpoint_2
100GB	95%	ENSG00000134802:ENSG00000246273	JB1	-478	JAFFAL	-478	Breakpoint_1
100GB	95%	ENSG00000134802:ENSG00000246273	JB2	1	JAFFAL	1	Breakpoint_2
100GB	95%	ENSG00000285565:ENSG00000141499	JB1	0	JAFFAL	0	Breakpoint_1
100GB	95%	ENSG00000285565:ENSG00000141499	JB2	1	JAFFAL	1	Breakpoint_2
100GB	95%	ENSG00000272274:ENSG00000236581	JB1	-1	JAFFAL	-1	Breakpoint_1
100GB	95%	ENSG00000272274:ENSG00000236581	JB2	0	JAFFAL	0	Breakpoint_2
100GB	95%	ENSG00000272274:ENSG00000236581	CTATLRB1	-1	CTAT-LR-Fusion	-1	Breakpoint_1
100GB	95%	ENSG00000272274:ENSG00000236581	CTATLRB2	-1	CTAT-LR-Fusion	-1	Breakpoint_2
100GB	95%	ENSG00000256339:ENSG00000149564	JB1	0	JAFFAL	0	Breakpoint_1
100GB	95%	ENSG00000256339:ENSG00000149564	JB2	835	JAFFAL	835	Breakpoint_2
100GB	95%	ENSG00000256339:ENSG00000149564	CTATLRB1	0	CTAT-LR-Fusion	0	Breakpoint_1
100GB	95%	ENSG00000256339:ENSG00000149564	CTATLRB2	837	CTAT-LR-Fusion	837	Breakpoint_2
100GB	95%	ENSG00000289039:ENSG00000095794	JB1	0	JAFFAL	0	Breakpoint_1
100GB	95%	ENSG00000289039:ENSG00000095794	JB2	1	JAFFAL	1	Breakpoint_2
100GB	95%	ENSG00000289039:ENSG00000095794	CTATLRB1	2	CTAT-LR-Fusion	2	Breakpoint_1
100GB	95%	ENSG00000289039:ENSG00000095794	CTATLRB2	1	CTAT-LR-Fusion	1	Breakpoint_2
100GB	95%	ENSG00000109861:ENSG00000213619	JB1	-164	JAFFAL	-164	Breakpoint_1
100GB	95%	ENSG00000109861:ENSG00000213619	JB2	0	JAFFAL	0	Breakpoint_2
100GB	95%	ENSG00000109861:ENSG00000213619	CTATLRB1	-166	CTAT-LR-Fusion	-166	Breakpoint_1
100GB	95%	ENSG00000109861:ENSG00000213619	CTATLRB2	-1	CTAT-LR-Fusion	-1	Breakpoint_2
100GB	95%	ENSG00000106692:ENSG00000082898	JB1	-1	JAFFAL	-1	Breakpoint_1
100GB	95%	ENSG00000106692:ENSG00000082898	JB2	919	JAFFAL	919	Breakpoint_2
100GB	95%	ENSG00000106692:ENSG00000082898	CTATLRB1	-3	CTAT-LR-Fusion	-3	Breakpoint_1
100GB	95%	ENSG00000106692:ENSG00000082898	CTATLRB2	925	CTAT-LR-Fusion	925	Breakpoint_2
100GB	95%	ENSG00000168556:ENSG00000063978	JB1	-4	JAFFAL	-4	Breakpoint_1
100GB	95%	ENSG00000168556:ENSG00000063978	JB2	1	JAFFAL	1	Breakpoint_2
100GB	95%	ENSG00000168556:ENSG00000063978	CTATLRB1	-2	CTAT-LR-Fusion	-2	Breakpoint_1
100GB	95%	ENSG00000168556:ENSG00000063978	CTATLRB2	-1	CTAT-LR-Fusion	-1	Breakpoint_2
100GB	95%	ENSG00000159256:ENSG00000224924	JB1	0	JAFFAL	0	Breakpoint_1
100GB	95%	ENSG00000159256:ENSG00000224924	JB2	1332	JAFFAL	1332	Breakpoint_2
100GB	95%	ENSG00000159256:ENSG00000224924	CTATLRB1	0	CTAT-LR-Fusion	0	Breakpoint_1
100GB	95%	ENSG00000159256:ENSG00000224924	CTATLRB2	1333	CTAT-LR-Fusion	1333	Breakpoint_2
100GB	95%	ENSG00000101158:ENSG00000101266	JB1	-2	JAFFAL	-2	Breakpoint_1
100GB	95%	ENSG00000101158:ENSG00000101266	JB2	1060	JAFFAL	1060	Breakpoint_2
100GB	95%	ENSG00000101158:ENSG00000101266	CTATLRB1	-4733	CTAT-LR-Fusion	-4733	Breakpoint_1
100GB	95%	ENSG00000101158:ENSG00000101266	CTATLRB2	1062	CTAT-LR-Fusion	1062	Breakpoint_2
100GB	95%	ENSG00000188186:ENSG00000284776	JB1	-1	JAFFAL	-1	Breakpoint_1
100GB	95%	ENSG00000188186:ENSG00000284776	JB2	3	JAFFAL	3	Breakpoint_2
100GB	95%	ENSG00000290106:ENSG00000116205	JB1	0	JAFFAL	0	Breakpoint_1
100GB	95%	ENSG00000290106:ENSG00000116205	JB2	1	JAFFAL	1	Breakpoint_2
100GB	95%	ENSG00000167257:ENSG00000081692	JB1	0	JAFFAL	0	Breakpoint_1
100GB	95%	ENSG00000167257:ENSG00000081692	JB2	1483	JAFFAL	1483	Breakpoint_2
100GB	95%	ENSG00000167257:ENSG00000081692	CTATLRB1	-2	CTAT-LR-Fusion	-2	Breakpoint_1
100GB	95%	ENSG00000167257:ENSG00000081692	CTATLRB2	1484	CTAT-LR-Fusion	1484	Breakpoint_2
100GB	95%	ENSG00000150753:ENSG00000264860	JB1	-1	JAFFAL	-1	Breakpoint_1
100GB	95%	ENSG00000150753:ENSG00000264860	JB2	0	JAFFAL	0	Breakpoint_2
100GB	95%	ENSG00000146556:ENSG00000141499	JB1	-1	JAFFAL	-1	Breakpoint_1
100GB	95%	ENSG00000146556:ENSG00000141499	JB2	0	JAFFAL	0	Breakpoint_2
100GB	95%	ENSG00000146556:ENSG00000141499	CTATLRB1	0	CTAT-LR-Fusion	0	Breakpoint_1
100GB	95%	ENSG00000146556:ENSG00000141499	CTATLRB2	-1	CTAT-LR-Fusion	-1	Breakpoint_2
100GB	95%	ENSG00000291134:ENSG00000141499	JB1	-1	JAFFAL	-1	Breakpoint_1
100GB	95%	ENSG00000291134:ENSG00000141499	JB2	0	JAFFAL	0	Breakpoint_2
100GB	95%	ENSG00000291134:ENSG00000141499	CTATLRB1	0	CTAT-LR-Fusion	0	Breakpoint_1
100GB	95%	ENSG00000291134:ENSG00000141499	CTATLRB2	-1	CTAT-LR-Fusion	-1	Breakpoint_2
100GB	95%	ENSG00000156076:ENSG00000180879	JB1	-4165	JAFFAL	-4165	Breakpoint_1
100GB	95%	ENSG00000156076:ENSG00000180879	JB2	1	JAFFAL	1	Breakpoint_2
100GB	95%	ENSG00000113648:ENSG00000079215	JB1	-10149	JAFFAL	-10149	Breakpoint_1
100GB	95%	ENSG00000113648:ENSG00000079215	JB2	-1	JAFFAL	-1	Breakpoint_2
100GB	95%	ENSG00000178997:ENSG00000261064	JB1	-263	JAFFAL	-263	Breakpoint_1
100GB	95%	ENSG00000178997:ENSG00000261064	JB2	597	JAFFAL	597	Breakpoint_2
100GB	95%	ENSG00000178997:ENSG00000261064	JB1	-262	JAFFAL	-262	Breakpoint_1
100GB	95%	ENSG00000178997:ENSG00000261064	JB2	2152927	JAFFAL	2152927	Breakpoint_2
100GB	95%	ENSG00000198838:ENSG00000276702	JB1	0	JAFFAL	0	Breakpoint_1
100GB	95%	ENSG00000198838:ENSG00000276702	JB2	487	JAFFAL	487	Breakpoint_2
100GB	95%	ENSG00000285171:ENSG00000087111	JB1	-86	JAFFAL	-86	Breakpoint_1
100GB	95%	ENSG00000285171:ENSG00000087111	JB2	496	JAFFAL	496	Breakpoint_2
100GB	95%	ENSG00000278595:ENSG00000226994	JB1	-1	JAFFAL	-1	Breakpoint_1
100GB	95%	ENSG00000278595:ENSG00000226994	JB2	1	JAFFAL	1	Breakpoint_2
100GB	95%	ENSG00000266412:ENSG00000289092	JB1	-3110	JAFFAL	-3110	Breakpoint_1
100GB	95%	ENSG00000266412:ENSG00000289092	JB2	-1	JAFFAL	-1	Breakpoint_2
100GB	95%	ENSG00000090061:ENSG00000205476	JB1	-10	JAFFAL	-10	Breakpoint_1
100GB	95%	ENSG00000090061:ENSG00000205476	JB2	15143	JAFFAL	15143	Breakpoint_2
100GB	95%	ENSG00000090061:ENSG00000205476	CTATLRB1	2	CTAT-LR-Fusion	2	Breakpoint_1
100GB	95%	ENSG00000090061:ENSG00000205476	CTATLRB2	15144	CTAT-LR-Fusion	15144	Breakpoint_2
100GB	95%	ENSG00000170873:ENSG00000109339	JB1	-83	JAFFAL	-83	Breakpoint_1
100GB	95%	ENSG00000170873:ENSG00000109339	JB2	835	JAFFAL	835	Breakpoint_2
100GB	95%	ENSG00000259285:ENSG00000204661	JB1	-5	JAFFAL	-5	Breakpoint_1
100GB	95%	ENSG00000259285:ENSG00000204661	JB2	330	JAFFAL	330	Breakpoint_2
100GB	95%	ENSG00000259285:ENSG00000204661	CTATLRB1	0	CTAT-LR-Fusion	0	Breakpoint_1
100GB	95%	ENSG00000259285:ENSG00000204661	CTATLRB2	4472	CTAT-LR-Fusion	4472	Breakpoint_2
100GB	95%	ENSG00000111300:ENSG00000139197	JB1	-15668	JAFFAL	-15668	Breakpoint_1
100GB	95%	ENSG00000111300:ENSG00000139197	JB2	0	JAFFAL	0	Breakpoint_2
100GB	95%	ENSG00000291178:ENSG00000136235	JB1	-83	JAFFAL	-83	Breakpoint_1
100GB	95%	ENSG00000291178:ENSG00000136235	JB2	0	JAFFAL	0	Breakpoint_2
100GB	95%	ENSG00000025708:ENSG00000227188	JB1	-90	JAFFAL	-90	Breakpoint_1
100GB	95%	ENSG00000025708:ENSG00000227188	JB2	129	JAFFAL	129	Breakpoint_2
100GB	95%	ENSG00000291178:ENSG00000157954	JB1	-91	JAFFAL	-91	Breakpoint_1
100GB	95%	ENSG00000291178:ENSG00000157954	JB2	3	JAFFAL	3	Breakpoint_2
