read_supp	control	fusion.gene.id	fusionType	depth	Sequence_Identity	Algorithm
25	negative	ENSG00000068796:ENSG00000086200	false_fusion	100GB	85%	LongGF
25	negative	ENSG00000144642:ENSG00000187398	false_fusion	100GB	85%	LongGF
9	negative	ENSG00000187398:ENSG00000283563	false_fusion	100GB	85%	LongGF
8	negative	ENSG00000013503:ENSG00000111785	false_fusion	100GB	85%	LongGF
7	negative	ENSG00000134853:ENSG00000145216	false_fusion	100GB	85%	LongGF
6	negative	ENSG00000130962:ENSG00000156298	false_fusion	100GB	85%	LongGF
4	negative	ENSG00000171863:ENSG00000197249	false_fusion	100GB	85%	LongGF
3	negative	ENSG00000087086:ENSG00000198886	false_fusion	100GB	85%	LongGF
3	negative	ENSG00000087086:ENSG00000197249	false_fusion	100GB	85%	LongGF
2	negative	ENSG00000091513:ENSG00000163631	false_fusion	100GB	85%	LongGF
2	negative	ENSG00000081051:ENSG00000198804	false_fusion	100GB	85%	LongGF
2	negative	ENSG00000071082:ENSG00000198804	false_fusion	100GB	85%	LongGF
2	negative	ENSG00000071082:ENSG00000131469	false_fusion	100GB	85%	LongGF
2	negative	ENSG00000091513:ENSG00000156508	false_fusion	100GB	85%	LongGF
2	negative	ENSG00000197756:ENSG00000198899	false_fusion	100GB	85%	LongGF
2	negative	ENSG00000172757:ENSG00000204628	false_fusion	100GB	85%	LongGF
2	negative	ENSG00000167658:ENSG00000198712	false_fusion	100GB	85%	LongGF
2	negative	ENSG00000145425:ENSG00000158874	false_fusion	100GB	85%	LongGF
2	negative	ENSG00000142937:ENSG00000197756	false_fusion	100GB	85%	LongGF
2	negative	ENSG00000101439:ENSG00000118137	false_fusion	100GB	85%	LongGF
60	negative	ENSG00000144642:ENSG00000187398	false_fusion	100GB	90%	LongGF
28	negative	ENSG00000068796:ENSG00000086200	false_fusion	100GB	90%	LongGF
27	negative	ENSG00000130962:ENSG00000156298	false_fusion	100GB	90%	LongGF
23	negative	ENSG00000134853:ENSG00000145216	false_fusion	100GB	90%	LongGF
22	negative	ENSG00000013503:ENSG00000111785	false_fusion	100GB	90%	LongGF
19	negative	ENSG00000187398:ENSG00000283563	false_fusion	100GB	90%	LongGF
3	negative	ENSG00000159147:ENSG00000241837	false_fusion	100GB	90%	LongGF
3	negative	ENSG00000087086:ENSG00000167526	false_fusion	100GB	90%	LongGF
3	negative	ENSG00000087086:ENSG00000163631	false_fusion	100GB	90%	LongGF
3	negative	ENSG00000142541:ENSG00000198938	false_fusion	100GB	90%	LongGF
3	negative	ENSG00000156508:ENSG00000198938	false_fusion	100GB	90%	LongGF
2	negative	ENSG00000105193:ENSG00000196136	false_fusion	100GB	90%	LongGF
2	negative	ENSG00000105193:ENSG00000233927	false_fusion	100GB	90%	LongGF
2	negative	ENSG00000106927:ENSG00000142534	false_fusion	100GB	90%	LongGF
2	negative	ENSG00000102144:ENSG00000177600	false_fusion	100GB	90%	LongGF
2	negative	ENSG00000110955:ENSG00000197249	false_fusion	100GB	90%	LongGF
2	negative	ENSG00000111640:ENSG00000197249	false_fusion	100GB	90%	LongGF
2	negative	ENSG00000100316:ENSG00000101439	false_fusion	100GB	90%	LongGF
2	negative	ENSG00000099715:ENSG00000102290	false_fusion	100GB	90%	LongGF
2	negative	ENSG00000091513:ENSG00000254772	false_fusion	100GB	90%	LongGF
2	negative	ENSG00000091513:ENSG00000204628	false_fusion	100GB	90%	LongGF
2	negative	ENSG00000115268:ENSG00000204628	false_fusion	100GB	90%	LongGF
2	negative	ENSG00000089157:ENSG00000181163	false_fusion	100GB	90%	LongGF
2	negative	ENSG00000006016:ENSG00000034510	false_fusion	100GB	90%	LongGF
2	negative	ENSG00000071082:ENSG00000131143	false_fusion	100GB	90%	LongGF
2	negative	ENSG00000071082:ENSG00000176153	false_fusion	100GB	90%	LongGF
2	negative	ENSG00000081051:ENSG00000198755	false_fusion	100GB	90%	LongGF
2	negative	ENSG00000118137:ENSG00000168028	false_fusion	100GB	90%	LongGF
2	negative	ENSG00000089157:ENSG00000163631	false_fusion	100GB	90%	LongGF
2	negative	ENSG00000166794:ENSG00000167526	false_fusion	100GB	90%	LongGF
2	negative	ENSG00000008018:ENSG00000131469	false_fusion	100GB	90%	LongGF
2	negative	ENSG00000171858:ENSG00000240972	false_fusion	100GB	90%	LongGF
2	negative	ENSG00000182667:ENSG00000183715	false_fusion	100GB	90%	LongGF
2	negative	ENSG00000188846:ENSG00000198727	false_fusion	100GB	90%	LongGF
2	negative	ENSG00000198712:ENSG00000198888	false_fusion	100GB	90%	LongGF
2	negative	ENSG00000239672:ENSG00000240972	false_fusion	100GB	90%	LongGF
2	negative	ENSG00000130203:ENSG00000197958	false_fusion	100GB	90%	LongGF
2	negative	ENSG00000131469:ENSG00000145192	false_fusion	100GB	90%	LongGF
2	negative	ENSG00000132507:ENSG00000172809	false_fusion	100GB	90%	LongGF
2	negative	ENSG00000147364:ENSG00000158874	false_fusion	100GB	90%	LongGF
58	negative	ENSG00000144642:ENSG00000187398	false_fusion	100GB	95%	LongGF
44	negative	ENSG00000130962:ENSG00000156298	false_fusion	100GB	95%	LongGF
39	negative	ENSG00000068796:ENSG00000086200	false_fusion	100GB	95%	LongGF
34	negative	ENSG00000013503:ENSG00000111785	false_fusion	100GB	95%	LongGF
31	negative	ENSG00000187398:ENSG00000283563	false_fusion	100GB	95%	LongGF
21	negative	ENSG00000134853:ENSG00000145216	false_fusion	100GB	95%	LongGF
3	negative	ENSG00000087086:ENSG00000198938	false_fusion	100GB	95%	LongGF
3	negative	ENSG00000087086:ENSG00000198804	false_fusion	100GB	95%	LongGF
2	negative	ENSG00000089157:ENSG00000163631	false_fusion	100GB	95%	LongGF
2	negative	ENSG00000091513:ENSG00000167996	false_fusion	100GB	95%	LongGF
2	negative	ENSG00000091513:ENSG00000170889	false_fusion	100GB	95%	LongGF
2	negative	ENSG00000099715:ENSG00000102290	false_fusion	100GB	95%	LongGF
2	negative	ENSG00000100316:ENSG00000163631	false_fusion	100GB	95%	LongGF
2	negative	ENSG00000100316:ENSG00000181019	false_fusion	100GB	95%	LongGF
2	negative	ENSG00000100632:ENSG00000106927	false_fusion	100GB	95%	LongGF
2	negative	ENSG00000101439:ENSG00000204628	false_fusion	100GB	95%	LongGF
2	negative	ENSG00000111640:ENSG00000142937	false_fusion	100GB	95%	LongGF
2	negative	ENSG00000111640:ENSG00000231500	false_fusion	100GB	95%	LongGF
2	negative	ENSG00000112306:ENSG00000144713	false_fusion	100GB	95%	LongGF
2	negative	ENSG00000044574:ENSG00000142541	false_fusion	100GB	95%	LongGF
2	negative	ENSG00000112306:ENSG00000156508	false_fusion	100GB	95%	LongGF
2	negative	ENSG00000112695:ENSG00000142676	false_fusion	100GB	95%	LongGF
2	negative	ENSG00000118137:ENSG00000156508	false_fusion	100GB	95%	LongGF
2	negative	ENSG00000081051:ENSG00000196136	false_fusion	100GB	95%	LongGF
2	negative	ENSG00000089157:ENSG00000149273	false_fusion	100GB	95%	LongGF
2	negative	ENSG00000166441:ENSG00000233927	false_fusion	100GB	95%	LongGF
2	negative	ENSG00000172809:ENSG00000198712	false_fusion	100GB	95%	LongGF
2	negative	ENSG00000188846:ENSG00000204628	false_fusion	100GB	95%	LongGF
2	negative	ENSG00000142937:ENSG00000198899	false_fusion	100GB	95%	LongGF
2	negative	ENSG00000145192:ENSG00000145425	false_fusion	100GB	95%	LongGF
2	negative	ENSG00000145425:ENSG00000166123	false_fusion	100GB	95%	LongGF
2	negative	ENSG00000158874:ENSG00000171858	false_fusion	100GB	95%	LongGF
2	negative	ENSG00000161016:ENSG00000175899	false_fusion	100GB	95%	LongGF
4	negative	ENSG00000144642:ENSG00000187398	false_fusion	10GB	85%	LongGF
3	negative	ENSG00000068796:ENSG00000086200	false_fusion	10GB	85%	LongGF
4	negative	ENSG00000144642:ENSG00000187398	false_fusion	10GB	90%	LongGF
4	negative	ENSG00000130962:ENSG00000156298	false_fusion	10GB	90%	LongGF
4	negative	ENSG00000068796:ENSG00000086200	false_fusion	10GB	90%	LongGF
3	negative	ENSG00000013503:ENSG00000111785	false_fusion	10GB	90%	LongGF
2	negative	ENSG00000134853:ENSG00000145216	false_fusion	10GB	90%	LongGF
4	negative	ENSG00000144642:ENSG00000187398	false_fusion	10GB	95%	LongGF
4	negative	ENSG00000130962:ENSG00000156298	false_fusion	10GB	95%	LongGF
4	negative	ENSG00000068796:ENSG00000086200	false_fusion	10GB	95%	LongGF
3	negative	ENSG00000013503:ENSG00000111785	false_fusion	10GB	95%	LongGF
2	negative	ENSG00000134853:ENSG00000145216	false_fusion	10GB	95%	LongGF
37	positive	ENSG00000117151:ENSG00000169231	false_fusion	100GB	85%	LongGF
35	positive	ENSG00000126777:ENSG00000213983	reverse_order: intra_chromosome	100GB	85%	LongGF
33	positive	ENSG00000143198:ENSG00000167881	truncated_tri_fusion	100GB	85%	LongGF
33	positive	ENSG00000063978:ENSG00000168556	reverse_order: intra_chromosome	100GB	85%	LongGF
31	positive	ENSG00000145216:ENSG00000172922	truncated_tri_fusion	100GB	85%	LongGF
30	positive	ENSG00000036672:ENSG00000140459	false_fusion	100GB	85%	LongGF
29	positive	ENSG00000009830:ENSG00000087258	hybrid	100GB	85%	LongGF
28	positive	ENSG00000085788:ENSG00000108094	reverse_order: hybrid	100GB	85%	LongGF
27	positive	ENSG00000125503:ENSG00000131037	reverse_order: read_through	100GB	85%	LongGF
27	positive	ENSG00000104490:ENSG00000138759	reverse_order:truncated_tri_fusion	100GB	85%	LongGF
27	positive	ENSG00000102898:ENSG00000168675	reverse_order:truncated_tri_fusion	100GB	85%	LongGF
27	positive	ENSG00000102312:ENSG00000221910	truncated_tri_fusion	100GB	85%	LongGF
26	positive	ENSG00000132170:ENSG00000181786	truncated_tri_fusion	100GB	85%	LongGF
26	positive	ENSG00000144642:ENSG00000187398	false_fusion	100GB	85%	LongGF
26	positive	ENSG00000144815:ENSG00000171735	truncated_tri_fusion	100GB	85%	LongGF
26	positive	ENSG00000145734:ENSG00000183476	truncated_tri_fusion	100GB	85%	LongGF
24	positive	ENSG00000146282:ENSG00000153291	intra_chromosome	100GB	85%	LongGF
24	positive	ENSG00000124486:ENSG00000124523	reverse_order:truncated_tri_fusion	100GB	85%	LongGF
24	positive	ENSG00000168676:ENSG00000198677	truncated_tri_fusion	100GB	85%	LongGF
23	positive	ENSG00000106819:ENSG00000124787	truncated_tri_fusion	100GB	85%	LongGF
23	positive	ENSG00000157916:ENSG00000205835	hybrid	100GB	85%	LongGF
23	positive	ENSG00000107872:ENSG00000107874	read_through	100GB	85%	LongGF
22	positive	ENSG00000137707:ENSG00000162302	reverse_order:truncated_tri_fusion	100GB	85%	LongGF
22	positive	ENSG00000147041:ENSG00000284906	reverse_order:truncated_tri_fusion	100GB	85%	LongGF
21	positive	ENSG00000148362:ENSG00000169583	read_through	100GB	85%	LongGF
21	positive	ENSG00000146143:ENSG00000181523	truncated_tri_fusion	100GB	85%	LongGF
21	positive	ENSG00000096746:ENSG00000197321	false_fusion	100GB	85%	LongGF
21	positive	ENSG00000142627:ENSG00000176746	truncated_tri_fusion	100GB	85%	LongGF
21	positive	ENSG00000114923:ENSG00000168591	reverse_order:truncated_tri_fusion	100GB	85%	LongGF
20	positive	ENSG00000114638:ENSG00000121578	read_through	100GB	85%	LongGF
20	positive	ENSG00000166851:ENSG00000206560	truncated_tri_fusion	100GB	85%	LongGF
20	positive	ENSG00000072571:ENSG00000130714	truncated_tri_fusion	100GB	85%	LongGF
19	positive	ENSG00000103160:ENSG00000103415	reverse_order: intra_chromosome	100GB	85%	LongGF
19	positive	ENSG00000104518:ENSG00000104957	reverse_order: hybrid	100GB	85%	LongGF
19	positive	ENSG00000082805:ENSG00000145907	reverse_order:truncated_tri_fusion	100GB	85%	LongGF
19	positive	ENSG00000081985:ENSG00000184619	truncated_tri_fusion	100GB	85%	LongGF
19	positive	ENSG00000168621:ENSG00000168958	reverse_order:truncated_tri_fusion	100GB	85%	LongGF
18	positive	ENSG00000105613:ENSG00000164011	hybrid	100GB	85%	LongGF
18	positive	ENSG00000138380:ENSG00000186487	reverse_order: intra_chromosome	100GB	85%	LongGF
18	positive	ENSG00000142156:ENSG00000249209	false_fusion	100GB	85%	LongGF
17	positive	ENSG00000110887:ENSG00000167588	reverse_order: intra_chromosome	100GB	85%	LongGF
17	positive	ENSG00000066322:ENSG00000175334	reverse_order:truncated_tri_fusion	100GB	85%	LongGF
17	positive	ENSG00000170144:ENSG00000198551	reverse_order:truncated_tri_fusion	100GB	85%	LongGF
16	positive	ENSG00000171109:ENSG00000174306	truncated_tri_fusion	100GB	85%	LongGF
16	positive	ENSG00000096070:ENSG00000104218	truncated_tri_fusion	100GB	85%	LongGF
15	positive	ENSG00000187398:ENSG00000283563	false_fusion	100GB	85%	LongGF
15	positive	ENSG00000082898:ENSG00000106692	reverse_order: hybrid	100GB	85%	LongGF
15	positive	ENSG00000048740:ENSG00000225830	intra_chromosome	100GB	85%	LongGF
14	positive	ENSG00000022567:ENSG00000105339	reverse_order: read_through	100GB	85%	LongGF
14	positive	ENSG00000134853:ENSG00000145216	false_fusion	100GB	85%	LongGF
14	positive	ENSG00000196455:ENSG00000206384	reverse_order: read_through	100GB	85%	LongGF
14	positive	ENSG00000130714:ENSG00000151694	truncated_tri_fusion	100GB	85%	LongGF
13	positive	ENSG00000081985:ENSG00000164756	reverse_order:truncated_tri_fusion	100GB	85%	LongGF
12	positive	ENSG00000198551:ENSG00000284770	reverse_order:truncated_tri_fusion	100GB	85%	LongGF
12	positive	ENSG00000162302:ENSG00000196549	reverse_order:truncated_tri_fusion	100GB	85%	LongGF
12	positive	ENSG00000068796:ENSG00000086200	false_fusion	100GB	85%	LongGF
12	positive	ENSG00000081692:ENSG00000167257	reverse_order: hybrid	100GB	85%	LongGF
11	positive	ENSG00000132300:ENSG00000143891	reverse_order: intra_chromosome	100GB	85%	LongGF
10	positive	ENSG00000111145:ENSG00000124523	false_fusion	100GB	85%	LongGF
10	positive	ENSG00000111596:ENSG00000111727	reverse_order: intra_chromosome	100GB	85%	LongGF
10	positive	ENSG00000105819:ENSG00000214097	truncated_tri_fusion	100GB	85%	LongGF
10	positive	ENSG00000117758:ENSG00000159176	intra_chromosome	100GB	85%	LongGF
9	positive	ENSG00000096070:ENSG00000130396	reverse_order:truncated_tri_fusion	100GB	85%	LongGF
9	positive	ENSG00000130962:ENSG00000156298	false_fusion	100GB	85%	LongGF
8	positive	ENSG00000088035:ENSG00000101003	reverse_order:truncated_tri_fusion	100GB	85%	LongGF
8	positive	ENSG00000049759:ENSG00000147573	reverse_order:truncated_tri_fusion	100GB	85%	LongGF
8	positive	ENSG00000072571:ENSG00000146809	reverse_order:truncated_tri_fusion	100GB	85%	LongGF
7	positive	ENSG00000184634:ENSG00000204256	reverse_order: hybrid	100GB	85%	LongGF
6	positive	ENSG00000013503:ENSG00000111785	false_fusion	100GB	85%	LongGF
6	positive	ENSG00000197976:ENSG00000292345	chromosomal_misalignment:intra_chromosome	100GB	85%	LongGF
5	positive	ENSG00000078699:ENSG00000132003	reverse_order:truncated_tri_fusion	100GB	85%	LongGF
4	positive	ENSG00000087086:ENSG00000089157	false_fusion	100GB	85%	LongGF
4	positive	ENSG00000105819:ENSG00000143633	truncated_tri_fusion	100GB	85%	LongGF
4	positive	ENSG00000128510:ENSG00000185442	reverse_order:truncated_tri_fusion	100GB	85%	LongGF
4	positive	ENSG00000087086:ENSG00000197249	false_fusion	100GB	85%	LongGF
3	positive	ENSG00000163631:ENSG00000198899	false_fusion	100GB	85%	LongGF
3	positive	ENSG00000163631:ENSG00000198938	false_fusion	100GB	85%	LongGF
3	positive	ENSG00000167258:ENSG00000188199	false_fusion	100GB	85%	LongGF
3	positive	ENSG00000214717:ENSG00000292343	false_fusion	100GB	85%	LongGF
3	positive	ENSG00000292343:ENSG00000292345	intra_chromosome	100GB	85%	LongGF
2	positive	ENSG00000159147:ENSG00000241837	false_fusion	100GB	85%	LongGF
2	positive	ENSG00000163586:ENSG00000198886	false_fusion	100GB	85%	LongGF
2	positive	ENSG00000198886:ENSG00000213741	false_fusion	100GB	85%	LongGF
2	positive	ENSG00000176153:ENSG00000198938	false_fusion	100GB	85%	LongGF
2	positive	ENSG00000081051:ENSG00000156508	false_fusion	100GB	85%	LongGF
2	positive	ENSG00000167258:ENSG00000228570	reverse_order: hybrid	100GB	85%	LongGF
2	positive	ENSG00000075624:ENSG00000231500	false_fusion	100GB	85%	LongGF
2	positive	ENSG00000176153:ENSG00000177600	false_fusion	100GB	85%	LongGF
2	positive	ENSG00000108298:ENSG00000111057	false_fusion	100GB	85%	LongGF
2	positive	ENSG00000112306:ENSG00000142541	false_fusion	100GB	85%	LongGF
2	positive	ENSG00000118137:ENSG00000196262	false_fusion	100GB	85%	LongGF
2	positive	ENSG00000123416:ENSG00000198840	false_fusion	100GB	85%	LongGF
2	positive	ENSG00000127184:ENSG00000196136	false_fusion	100GB	85%	LongGF
2	positive	ENSG00000142937:ENSG00000147403	false_fusion	100GB	85%	LongGF
2	positive	ENSG00000145192:ENSG00000156508	false_fusion	100GB	85%	LongGF
2	positive	ENSG00000101182:ENSG00000149657	reverse_order: read_through	100GB	85%	LongGF
2	positive	ENSG00000100316:ENSG00000240972	false_fusion	100GB	85%	LongGF
2	positive	ENSG00000091513:ENSG00000156482	false_fusion	100GB	85%	LongGF
40	positive	ENSG00000068796:ENSG00000086200	false_fusion	100GB	90%	LongGF
40	positive	ENSG00000132170:ENSG00000181786	truncated_tri_fusion	100GB	90%	LongGF
40	positive	ENSG00000144642:ENSG00000187398	false_fusion	100GB	90%	LongGF
39	positive	ENSG00000106819:ENSG00000124787	truncated_tri_fusion	100GB	90%	LongGF
37	positive	ENSG00000063978:ENSG00000168556	reverse_order: intra_chromosome	100GB	90%	LongGF
35	positive	ENSG00000107872:ENSG00000107874	read_through	100GB	90%	LongGF
35	positive	ENSG00000125503:ENSG00000131037	reverse_order: read_through	100GB	90%	LongGF
34	positive	ENSG00000082898:ENSG00000106692	reverse_order: hybrid	100GB	90%	LongGF
34	positive	ENSG00000066322:ENSG00000175334	reverse_order:truncated_tri_fusion	100GB	90%	LongGF
34	positive	ENSG00000096070:ENSG00000104218	truncated_tri_fusion	100GB	90%	LongGF
33	positive	ENSG00000104518:ENSG00000104957	reverse_order: hybrid	100GB	90%	LongGF
33	positive	ENSG00000104490:ENSG00000138759	reverse_order:truncated_tri_fusion	100GB	90%	LongGF
32	positive	ENSG00000148362:ENSG00000169583	read_through	100GB	90%	LongGF
32	positive	ENSG00000124486:ENSG00000124523	reverse_order:truncated_tri_fusion	100GB	90%	LongGF
32	positive	ENSG00000009830:ENSG00000087258	hybrid	100GB	90%	LongGF
32	positive	ENSG00000170144:ENSG00000198551	reverse_order:truncated_tri_fusion	100GB	90%	LongGF
31	positive	ENSG00000143198:ENSG00000167881	truncated_tri_fusion	100GB	90%	LongGF
31	positive	ENSG00000102898:ENSG00000168675	reverse_order:truncated_tri_fusion	100GB	90%	LongGF
30	positive	ENSG00000126777:ENSG00000213983	reverse_order: intra_chromosome	100GB	90%	LongGF
30	positive	ENSG00000146282:ENSG00000153291	intra_chromosome	100GB	90%	LongGF
30	positive	ENSG00000142156:ENSG00000249209	false_fusion	100GB	90%	LongGF
30	positive	ENSG00000166851:ENSG00000206560	truncated_tri_fusion	100GB	90%	LongGF
29	positive	ENSG00000146143:ENSG00000181523	truncated_tri_fusion	100GB	90%	LongGF
29	positive	ENSG00000114638:ENSG00000121578	read_through	100GB	90%	LongGF
29	positive	ENSG00000145216:ENSG00000172922	truncated_tri_fusion	100GB	90%	LongGF
28	positive	ENSG00000144815:ENSG00000171735	truncated_tri_fusion	100GB	90%	LongGF
28	positive	ENSG00000072571:ENSG00000130714	truncated_tri_fusion	100GB	90%	LongGF
27	positive	ENSG00000036672:ENSG00000140459	false_fusion	100GB	90%	LongGF
27	positive	ENSG00000142627:ENSG00000176746	truncated_tri_fusion	100GB	90%	LongGF
27	positive	ENSG00000096746:ENSG00000197321	false_fusion	100GB	90%	LongGF
27	positive	ENSG00000157916:ENSG00000205835	hybrid	100GB	90%	LongGF
26	positive	ENSG00000082805:ENSG00000145907	reverse_order:truncated_tri_fusion	100GB	90%	LongGF
26	positive	ENSG00000102312:ENSG00000221910	truncated_tri_fusion	100GB	90%	LongGF
26	positive	ENSG00000117151:ENSG00000169231	false_fusion	100GB	90%	LongGF
25	positive	ENSG00000048740:ENSG00000225830	intra_chromosome	100GB	90%	LongGF
24	positive	ENSG00000145734:ENSG00000183476	truncated_tri_fusion	100GB	90%	LongGF
24	positive	ENSG00000081692:ENSG00000167257	reverse_order: hybrid	100GB	90%	LongGF
23	positive	ENSG00000171109:ENSG00000174306	truncated_tri_fusion	100GB	90%	LongGF
23	positive	ENSG00000147041:ENSG00000284906	reverse_order:truncated_tri_fusion	100GB	90%	LongGF
23	positive	ENSG00000022567:ENSG00000105339	reverse_order: read_through	100GB	90%	LongGF
22	positive	ENSG00000081985:ENSG00000164756	reverse_order:truncated_tri_fusion	100GB	90%	LongGF
22	positive	ENSG00000081985:ENSG00000184619	truncated_tri_fusion	100GB	90%	LongGF
22	positive	ENSG00000137707:ENSG00000162302	reverse_order:truncated_tri_fusion	100GB	90%	LongGF
22	positive	ENSG00000138380:ENSG00000186487	reverse_order: intra_chromosome	100GB	90%	LongGF
22	positive	ENSG00000114923:ENSG00000168591	reverse_order:truncated_tri_fusion	100GB	90%	LongGF
21	positive	ENSG00000105613:ENSG00000164011	hybrid	100GB	90%	LongGF
21	positive	ENSG00000196455:ENSG00000206384	reverse_order: read_through	100GB	90%	LongGF
21	positive	ENSG00000138115:ENSG00000145216	truncated_tri_fusion	100GB	90%	LongGF
21	positive	ENSG00000110887:ENSG00000167588	reverse_order: intra_chromosome	100GB	90%	LongGF
20	positive	ENSG00000111596:ENSG00000111727	reverse_order: intra_chromosome	100GB	90%	LongGF
20	positive	ENSG00000085788:ENSG00000108094	reverse_order: hybrid	100GB	90%	LongGF
20	positive	ENSG00000130962:ENSG00000156298	false_fusion	100GB	90%	LongGF
20	positive	ENSG00000162302:ENSG00000196549	reverse_order:truncated_tri_fusion	100GB	90%	LongGF
19	positive	ENSG00000132300:ENSG00000143891	reverse_order: intra_chromosome	100GB	90%	LongGF
19	positive	ENSG00000130714:ENSG00000151694	truncated_tri_fusion	100GB	90%	LongGF
19	positive	ENSG00000168621:ENSG00000168958	reverse_order:truncated_tri_fusion	100GB	90%	LongGF
19	positive	ENSG00000198551:ENSG00000284770	reverse_order:truncated_tri_fusion	100GB	90%	LongGF
18	positive	ENSG00000168676:ENSG00000198677	truncated_tri_fusion	100GB	90%	LongGF
18	positive	ENSG00000167258:ENSG00000188199	false_fusion	100GB	90%	LongGF
17	positive	ENSG00000167258:ENSG00000228570	reverse_order: hybrid	100GB	90%	LongGF
17	positive	ENSG00000013503:ENSG00000111785	false_fusion	100GB	90%	LongGF
16	positive	ENSG00000049759:ENSG00000147573	reverse_order:truncated_tri_fusion	100GB	90%	LongGF
16	positive	ENSG00000184634:ENSG00000204256	reverse_order: hybrid	100GB	90%	LongGF
15	positive	ENSG00000187398:ENSG00000283563	false_fusion	100GB	90%	LongGF
14	positive	ENSG00000111145:ENSG00000124523	false_fusion	100GB	90%	LongGF
14	positive	ENSG00000103160:ENSG00000103415	reverse_order: intra_chromosome	100GB	90%	LongGF
14	positive	ENSG00000101182:ENSG00000149657	reverse_order: read_through	100GB	90%	LongGF
14	positive	ENSG00000117758:ENSG00000159176	intra_chromosome	100GB	90%	LongGF
13	positive	ENSG00000088035:ENSG00000101003	reverse_order:truncated_tri_fusion	100GB	90%	LongGF
11	positive	ENSG00000100811:ENSG00000148604	reverse_order: hybrid	100GB	90%	LongGF
11	positive	ENSG00000197976:ENSG00000214717	chromosomal_misalignment:intra_chromosome	100GB	90%	LongGF
10	positive	ENSG00000078699:ENSG00000132003	reverse_order:truncated_tri_fusion	100GB	90%	LongGF
9	positive	ENSG00000120896:ENSG00000221947	reverse_order: intra_chromosome	100GB	90%	LongGF
8	positive	ENSG00000136504:ENSG00000277586	truncated_tri_fusion	100GB	90%	LongGF
8	positive	ENSG00000105819:ENSG00000214097	truncated_tri_fusion	100GB	90%	LongGF
8	positive	ENSG00000143228:ENSG00000196586	reverse_order:truncated_tri_fusion	100GB	90%	LongGF
8	positive	ENSG00000214717:ENSG00000292343	false_fusion	100GB	90%	LongGF
6	positive	ENSG00000099715:ENSG00000102290	false_fusion	100GB	90%	LongGF
6	positive	ENSG00000292343:ENSG00000292345	intra_chromosome	100GB	90%	LongGF
6	positive	ENSG00000128510:ENSG00000185442	reverse_order:truncated_tri_fusion	100GB	90%	LongGF
6	positive	ENSG00000188321:ENSG00000276043	intra_chromosome	100GB	90%	LongGF
5	positive	ENSG00000163631:ENSG00000197249	false_fusion	100GB	90%	LongGF
5	positive	ENSG00000096070:ENSG00000130396	reverse_order:truncated_tri_fusion	100GB	90%	LongGF
5	positive	ENSG00000072571:ENSG00000146809	reverse_order:truncated_tri_fusion	100GB	90%	LongGF
5	positive	ENSG00000197976:ENSG00000292345	chromosomal_misalignment:intra_chromosome	100GB	90%	LongGF
4	positive	ENSG00000087086:ENSG00000163631	false_fusion	100GB	90%	LongGF
3	positive	ENSG00000105819:ENSG00000143633	truncated_tri_fusion	100GB	90%	LongGF
3	positive	ENSG00000141556:ENSG00000197265	truncated_tri_fusion	100GB	90%	LongGF
3	positive	ENSG00000119686:ENSG00000167395	truncated_tri_fusion	100GB	90%	LongGF
3	positive	ENSG00000087086:ENSG00000198938	false_fusion	100GB	90%	LongGF
3	positive	ENSG00000133112:ENSG00000156508	false_fusion	100GB	90%	LongGF
2	positive	ENSG00000204628:ENSG00000231500	false_fusion	100GB	90%	LongGF
2	positive	ENSG00000198755:ENSG00000254772	false_fusion	100GB	90%	LongGF
2	positive	ENSG00000063177:ENSG00000198886	false_fusion	100GB	90%	LongGF
2	positive	ENSG00000181163:ENSG00000254772	false_fusion	100GB	90%	LongGF
2	positive	ENSG00000167526:ENSG00000197756	false_fusion	100GB	90%	LongGF
2	positive	ENSG00000071082:ENSG00000198755	false_fusion	100GB	90%	LongGF
2	positive	ENSG00000074800:ENSG00000081051	false_fusion	100GB	90%	LongGF
2	positive	ENSG00000081051:ENSG00000150991	false_fusion	100GB	90%	LongGF
2	positive	ENSG00000071082:ENSG00000137818	false_fusion	100GB	90%	LongGF
2	positive	ENSG00000111640:ENSG00000131469	false_fusion	100GB	90%	LongGF
2	positive	ENSG00000112306:ENSG00000198888	false_fusion	100GB	90%	LongGF
2	positive	ENSG00000114942:ENSG00000198938	false_fusion	100GB	90%	LongGF
2	positive	ENSG00000115268:ENSG00000166441	false_fusion	100GB	90%	LongGF
2	positive	ENSG00000118137:ENSG00000131143	false_fusion	100GB	90%	LongGF
2	positive	ENSG00000087460:ENSG00000118137	false_fusion	100GB	90%	LongGF
2	positive	ENSG00000089157:ENSG00000162244	false_fusion	100GB	90%	LongGF
2	positive	ENSG00000091513:ENSG00000128272	false_fusion	100GB	90%	LongGF
2	positive	ENSG00000163468:ENSG00000170412	false_fusion	100GB	90%	LongGF
2	positive	ENSG00000159111:ENSG00000173812	false_fusion	100GB	90%	LongGF
2	positive	ENSG00000101255:ENSG00000145192	false_fusion	100GB	90%	LongGF
70	positive	ENSG00000144642:ENSG00000187398	false_fusion	100GB	95%	LongGF
48	positive	ENSG00000114638:ENSG00000121578	read_through	100GB	95%	LongGF
46	positive	ENSG00000110887:ENSG00000167588	reverse_order: intra_chromosome	100GB	95%	LongGF
42	positive	ENSG00000102898:ENSG00000168675	reverse_order:truncated_tri_fusion	100GB	95%	LongGF
40	positive	ENSG00000068796:ENSG00000086200	false_fusion	100GB	95%	LongGF
38	positive	ENSG00000082805:ENSG00000145907	reverse_order:truncated_tri_fusion	100GB	95%	LongGF
38	positive	ENSG00000170144:ENSG00000198551	reverse_order:truncated_tri_fusion	100GB	95%	LongGF
37	positive	ENSG00000132300:ENSG00000143891	reverse_order: intra_chromosome	100GB	95%	LongGF
37	positive	ENSG00000117151:ENSG00000169231	false_fusion	100GB	95%	LongGF
36	positive	ENSG00000157916:ENSG00000205835	hybrid	100GB	95%	LongGF
36	positive	ENSG00000096070:ENSG00000104218	truncated_tri_fusion	100GB	95%	LongGF
35	positive	ENSG00000130962:ENSG00000156298	false_fusion	100GB	95%	LongGF
35	positive	ENSG00000162302:ENSG00000196549	reverse_order:truncated_tri_fusion	100GB	95%	LongGF
35	positive	ENSG00000124486:ENSG00000124523	reverse_order:truncated_tri_fusion	100GB	95%	LongGF
34	positive	ENSG00000102312:ENSG00000221910	truncated_tri_fusion	100GB	95%	LongGF
34	positive	ENSG00000132170:ENSG00000181786	truncated_tri_fusion	100GB	95%	LongGF
34	positive	ENSG00000072571:ENSG00000130714	truncated_tri_fusion	100GB	95%	LongGF
34	positive	ENSG00000142627:ENSG00000176746	truncated_tri_fusion	100GB	95%	LongGF
34	positive	ENSG00000148362:ENSG00000169583	read_through	100GB	95%	LongGF
33	positive	ENSG00000111596:ENSG00000111727	reverse_order: intra_chromosome	100GB	95%	LongGF
32	positive	ENSG00000013503:ENSG00000111785	false_fusion	100GB	95%	LongGF
31	positive	ENSG00000104490:ENSG00000138759	reverse_order:truncated_tri_fusion	100GB	95%	LongGF
30	positive	ENSG00000166851:ENSG00000206560	truncated_tri_fusion	100GB	95%	LongGF
30	positive	ENSG00000126777:ENSG00000213983	reverse_order: intra_chromosome	100GB	95%	LongGF
30	positive	ENSG00000085788:ENSG00000108094	reverse_order: hybrid	100GB	95%	LongGF
29	positive	ENSG00000104518:ENSG00000104957	reverse_order: hybrid	100GB	95%	LongGF
29	positive	ENSG00000106819:ENSG00000124787	truncated_tri_fusion	100GB	95%	LongGF
29	positive	ENSG00000145734:ENSG00000183476	truncated_tri_fusion	100GB	95%	LongGF
29	positive	ENSG00000022567:ENSG00000105339	reverse_order: read_through	100GB	95%	LongGF
29	positive	ENSG00000096746:ENSG00000197321	false_fusion	100GB	95%	LongGF
28	positive	ENSG00000142156:ENSG00000249209	false_fusion	100GB	95%	LongGF
28	positive	ENSG00000048740:ENSG00000225830	intra_chromosome	100GB	95%	LongGF
28	positive	ENSG00000143228:ENSG00000196586	reverse_order:truncated_tri_fusion	100GB	95%	LongGF
28	positive	ENSG00000168621:ENSG00000168958	reverse_order:truncated_tri_fusion	100GB	95%	LongGF
28	positive	ENSG00000136504:ENSG00000277586	truncated_tri_fusion	100GB	95%	LongGF
27	positive	ENSG00000143198:ENSG00000167881	truncated_tri_fusion	100GB	95%	LongGF
27	positive	ENSG00000036672:ENSG00000140459	false_fusion	100GB	95%	LongGF
27	positive	ENSG00000144815:ENSG00000171735	truncated_tri_fusion	100GB	95%	LongGF
27	positive	ENSG00000134853:ENSG00000145216	false_fusion	100GB	95%	LongGF
27	positive	ENSG00000125503:ENSG00000131037	reverse_order: read_through	100GB	95%	LongGF
27	positive	ENSG00000101182:ENSG00000149657	reverse_order: read_through	100GB	95%	LongGF
27	positive	ENSG00000168676:ENSG00000198677	truncated_tri_fusion	100GB	95%	LongGF
27	positive	ENSG00000063978:ENSG00000168556	reverse_order: intra_chromosome	100GB	95%	LongGF
26	positive	ENSG00000137707:ENSG00000162302	reverse_order:truncated_tri_fusion	100GB	95%	LongGF
26	positive	ENSG00000082898:ENSG00000106692	reverse_order: hybrid	100GB	95%	LongGF
26	positive	ENSG00000103160:ENSG00000103415	reverse_order: intra_chromosome	100GB	95%	LongGF
26	positive	ENSG00000145216:ENSG00000172922	truncated_tri_fusion	100GB	95%	LongGF
26	positive	ENSG00000146282:ENSG00000153291	intra_chromosome	100GB	95%	LongGF
26	positive	ENSG00000009830:ENSG00000087258	hybrid	100GB	95%	LongGF
25	positive	ENSG00000184634:ENSG00000204256	reverse_order: hybrid	100GB	95%	LongGF
25	positive	ENSG00000107872:ENSG00000107874	read_through	100GB	95%	LongGF
24	positive	ENSG00000146143:ENSG00000181523	truncated_tri_fusion	100GB	95%	LongGF
24	positive	ENSG00000147041:ENSG00000284906	reverse_order:truncated_tri_fusion	100GB	95%	LongGF
24	positive	ENSG00000088035:ENSG00000101003	reverse_order:truncated_tri_fusion	100GB	95%	LongGF
24	positive	ENSG00000066322:ENSG00000175334	reverse_order:truncated_tri_fusion	100GB	95%	LongGF
24	positive	ENSG00000117758:ENSG00000159176	intra_chromosome	100GB	95%	LongGF
23	positive	ENSG00000081985:ENSG00000164756	reverse_order:truncated_tri_fusion	100GB	95%	LongGF
23	positive	ENSG00000138380:ENSG00000186487	reverse_order: intra_chromosome	100GB	95%	LongGF
23	positive	ENSG00000049759:ENSG00000147573	reverse_order:truncated_tri_fusion	100GB	95%	LongGF
23	positive	ENSG00000114923:ENSG00000168591	reverse_order:truncated_tri_fusion	100GB	95%	LongGF
22	positive	ENSG00000081692:ENSG00000167257	reverse_order: hybrid	100GB	95%	LongGF
21	positive	ENSG00000111145:ENSG00000124523	false_fusion	100GB	95%	LongGF
21	positive	ENSG00000120896:ENSG00000221947	reverse_order: intra_chromosome	100GB	95%	LongGF
21	positive	ENSG00000198551:ENSG00000284770	reverse_order:truncated_tri_fusion	100GB	95%	LongGF
21	positive	ENSG00000130714:ENSG00000151694	truncated_tri_fusion	100GB	95%	LongGF
20	positive	ENSG00000167258:ENSG00000188199	false_fusion	100GB	95%	LongGF
20	positive	ENSG00000187398:ENSG00000283563	false_fusion	100GB	95%	LongGF
20	positive	ENSG00000081985:ENSG00000184619	truncated_tri_fusion	100GB	95%	LongGF
19	positive	ENSG00000196455:ENSG00000206384	reverse_order: read_through	100GB	95%	LongGF
19	positive	ENSG00000078699:ENSG00000132003	reverse_order:truncated_tri_fusion	100GB	95%	LongGF
19	positive	ENSG00000105613:ENSG00000164011	hybrid	100GB	95%	LongGF
18	positive	ENSG00000188321:ENSG00000276043	intra_chromosome	100GB	95%	LongGF
17	positive	ENSG00000100811:ENSG00000148604	reverse_order: hybrid	100GB	95%	LongGF
15	positive	ENSG00000171109:ENSG00000174306	truncated_tri_fusion	100GB	95%	LongGF
14	positive	ENSG00000167258:ENSG00000228570	reverse_order: hybrid	100GB	95%	LongGF
14	positive	ENSG00000292343:ENSG00000292345	intra_chromosome	100GB	95%	LongGF
11	positive	ENSG00000105819:ENSG00000214097	truncated_tri_fusion	100GB	95%	LongGF
8	positive	ENSG00000072571:ENSG00000146809	reverse_order:truncated_tri_fusion	100GB	95%	LongGF
8	positive	ENSG00000197976:ENSG00000214717	chromosomal_misalignment:intra_chromosome	100GB	95%	LongGF
6	positive	ENSG00000214717:ENSG00000292343	false_fusion	100GB	95%	LongGF
6	positive	ENSG00000197976:ENSG00000292345	chromosomal_misalignment:intra_chromosome	100GB	95%	LongGF
6	positive	ENSG00000128510:ENSG00000185442	reverse_order:truncated_tri_fusion	100GB	95%	LongGF
5	positive	ENSG00000186115:ENSG00000261739	false_fusion	100GB	95%	LongGF
5	positive	ENSG00000141556:ENSG00000197265	truncated_tri_fusion	100GB	95%	LongGF
5	positive	ENSG00000119686:ENSG00000167395	truncated_tri_fusion	100GB	95%	LongGF
4	positive	ENSG00000124155:ENSG00000182621	reverse_order: intra_chromosome	100GB	95%	LongGF
3	positive	ENSG00000163631:ENSG00000198712	false_fusion	100GB	95%	LongGF
3	positive	ENSG00000087086:ENSG00000137818	false_fusion	100GB	95%	LongGF
3	positive	ENSG00000087086:ENSG00000145192	false_fusion	100GB	95%	LongGF
3	positive	ENSG00000075624:ENSG00000112306	false_fusion	100GB	95%	LongGF
2	positive	ENSG00000089157:ENSG00000163631	false_fusion	100GB	95%	LongGF
2	positive	ENSG00000089157:ENSG00000204628	false_fusion	100GB	95%	LongGF
2	positive	ENSG00000091513:ENSG00000204435	false_fusion	100GB	95%	LongGF
2	positive	ENSG00000091583:ENSG00000197756	false_fusion	100GB	95%	LongGF
2	positive	ENSG00000096070:ENSG00000130396	reverse_order:truncated_tri_fusion	100GB	95%	LongGF
2	positive	ENSG00000180879:ENSG00000198840	false_fusion	100GB	95%	LongGF
2	positive	ENSG00000099715:ENSG00000102290	false_fusion	100GB	95%	LongGF
2	positive	ENSG00000100316:ENSG00000112306	false_fusion	100GB	95%	LongGF
2	positive	ENSG00000196136:ENSG00000198938	false_fusion	100GB	95%	LongGF
2	positive	ENSG00000081051:ENSG00000167526	false_fusion	100GB	95%	LongGF
2	positive	ENSG00000081051:ENSG00000142541	false_fusion	100GB	95%	LongGF
2	positive	ENSG00000074800:ENSG00000213741	false_fusion	100GB	95%	LongGF
2	positive	ENSG00000159147:ENSG00000241837	false_fusion	100GB	95%	LongGF
2	positive	ENSG00000158874:ENSG00000198888	false_fusion	100GB	95%	LongGF
2	positive	ENSG00000133112:ENSG00000145192	false_fusion	100GB	95%	LongGF
2	positive	ENSG00000133112:ENSG00000184009	false_fusion	100GB	95%	LongGF
2	positive	ENSG00000156508:ENSG00000219200	false_fusion	100GB	95%	LongGF
2	positive	ENSG00000142541:ENSG00000231500	false_fusion	100GB	95%	LongGF
2	positive	ENSG00000147403:ENSG00000198804	false_fusion	100GB	95%	LongGF
2	positive	ENSG00000142534:ENSG00000161016	false_fusion	100GB	95%	LongGF
2	positive	ENSG00000177954:ENSG00000196136	false_fusion	100GB	95%	LongGF
2	positive	ENSG00000174695:ENSG00000221886	reverse_order: intra_chromosome	100GB	95%	LongGF
2	positive	ENSG00000167658:ENSG00000169714	false_fusion	100GB	95%	LongGF
2	positive	ENSG00000167526:ENSG00000198712	false_fusion	100GB	95%	LongGF
2	positive	ENSG00000105372:ENSG00000111640	false_fusion	100GB	95%	LongGF
2	positive	ENSG00000118137:ENSG00000273259	false_fusion	100GB	95%	LongGF
2	positive	ENSG00000161016:ENSG00000198804	false_fusion	100GB	95%	LongGF
6	positive	ENSG00000103160:ENSG00000103415	reverse_order: intra_chromosome	10GB	85%	LongGF
5	positive	ENSG00000063978:ENSG00000168556	reverse_order: intra_chromosome	10GB	85%	LongGF
5	positive	ENSG00000144642:ENSG00000187398	false_fusion	10GB	85%	LongGF
4	positive	ENSG00000081985:ENSG00000184619	truncated_tri_fusion	10GB	85%	LongGF
4	positive	ENSG00000157916:ENSG00000205835	hybrid	10GB	85%	LongGF
4	positive	ENSG00000145734:ENSG00000183476	truncated_tri_fusion	10GB	85%	LongGF
4	positive	ENSG00000104490:ENSG00000138759	reverse_order:truncated_tri_fusion	10GB	85%	LongGF
4	positive	ENSG00000137707:ENSG00000162302	reverse_order:truncated_tri_fusion	10GB	85%	LongGF
4	positive	ENSG00000126777:ENSG00000213983	reverse_order: intra_chromosome	10GB	85%	LongGF
3	positive	ENSG00000082805:ENSG00000145907	reverse_order:truncated_tri_fusion	10GB	85%	LongGF
3	positive	ENSG00000102312:ENSG00000221910	truncated_tri_fusion	10GB	85%	LongGF
3	positive	ENSG00000106819:ENSG00000124787	truncated_tri_fusion	10GB	85%	LongGF
3	positive	ENSG00000107872:ENSG00000107874	read_through	10GB	85%	LongGF
3	positive	ENSG00000168676:ENSG00000198677	truncated_tri_fusion	10GB	85%	LongGF
3	positive	ENSG00000142627:ENSG00000176746	truncated_tri_fusion	10GB	85%	LongGF
3	positive	ENSG00000143198:ENSG00000167881	truncated_tri_fusion	10GB	85%	LongGF
3	positive	ENSG00000187398:ENSG00000283563	false_fusion	10GB	85%	LongGF
3	positive	ENSG00000168621:ENSG00000168958	reverse_order:truncated_tri_fusion	10GB	85%	LongGF
2	positive	ENSG00000009830:ENSG00000087258	hybrid	10GB	85%	LongGF
2	positive	ENSG00000072571:ENSG00000130714	truncated_tri_fusion	10GB	85%	LongGF
2	positive	ENSG00000081985:ENSG00000164756	reverse_order:truncated_tri_fusion	10GB	85%	LongGF
2	positive	ENSG00000184634:ENSG00000204256	reverse_order: hybrid	10GB	85%	LongGF
2	positive	ENSG00000085788:ENSG00000108094	reverse_order: hybrid	10GB	85%	LongGF
2	positive	ENSG00000088035:ENSG00000101003	reverse_order:truncated_tri_fusion	10GB	85%	LongGF
2	positive	ENSG00000096746:ENSG00000197321	false_fusion	10GB	85%	LongGF
2	positive	ENSG00000104518:ENSG00000104957	reverse_order: hybrid	10GB	85%	LongGF
2	positive	ENSG00000105613:ENSG00000164011	hybrid	10GB	85%	LongGF
2	positive	ENSG00000132300:ENSG00000143891	reverse_order: intra_chromosome	10GB	85%	LongGF
2	positive	ENSG00000110887:ENSG00000167588	reverse_order: intra_chromosome	10GB	85%	LongGF
2	positive	ENSG00000111596:ENSG00000111727	reverse_order: intra_chromosome	10GB	85%	LongGF
2	positive	ENSG00000117151:ENSG00000169231	false_fusion	10GB	85%	LongGF
2	positive	ENSG00000124486:ENSG00000124523	reverse_order:truncated_tri_fusion	10GB	85%	LongGF
2	positive	ENSG00000130714:ENSG00000151694	truncated_tri_fusion	10GB	85%	LongGF
2	positive	ENSG00000144815:ENSG00000171735	truncated_tri_fusion	10GB	85%	LongGF
6	positive	ENSG00000066322:ENSG00000175334	reverse_order:truncated_tri_fusion	10GB	90%	LongGF
6	positive	ENSG00000082805:ENSG00000145907	reverse_order:truncated_tri_fusion	10GB	90%	LongGF
5	positive	ENSG00000022567:ENSG00000105339	reverse_order: read_through	10GB	90%	LongGF
5	positive	ENSG00000107872:ENSG00000107874	read_through	10GB	90%	LongGF
5	positive	ENSG00000168676:ENSG00000198677	truncated_tri_fusion	10GB	90%	LongGF
5	positive	ENSG00000166851:ENSG00000206560	truncated_tri_fusion	10GB	90%	LongGF
4	positive	ENSG00000102898:ENSG00000168675	reverse_order:truncated_tri_fusion	10GB	90%	LongGF
4	positive	ENSG00000106819:ENSG00000124787	truncated_tri_fusion	10GB	90%	LongGF
4	positive	ENSG00000096746:ENSG00000197321	false_fusion	10GB	90%	LongGF
4	positive	ENSG00000085788:ENSG00000108094	reverse_order: hybrid	10GB	90%	LongGF
4	positive	ENSG00000132170:ENSG00000181786	truncated_tri_fusion	10GB	90%	LongGF
4	positive	ENSG00000082898:ENSG00000106692	reverse_order: hybrid	10GB	90%	LongGF
4	positive	ENSG00000104490:ENSG00000138759	reverse_order:truncated_tri_fusion	10GB	90%	LongGF
4	positive	ENSG00000138380:ENSG00000186487	reverse_order: intra_chromosome	10GB	90%	LongGF
4	positive	ENSG00000142156:ENSG00000249209	false_fusion	10GB	90%	LongGF
4	positive	ENSG00000143198:ENSG00000167881	truncated_tri_fusion	10GB	90%	LongGF
4	positive	ENSG00000144642:ENSG00000187398	false_fusion	10GB	90%	LongGF
4	positive	ENSG00000081985:ENSG00000184619	truncated_tri_fusion	10GB	90%	LongGF
4	positive	ENSG00000184634:ENSG00000204256	reverse_order: hybrid	10GB	90%	LongGF
3	positive	ENSG00000198551:ENSG00000284770	reverse_order:truncated_tri_fusion	10GB	90%	LongGF
3	positive	ENSG00000197976:ENSG00000214717	chromosomal_misalignment:intra_chromosome	10GB	90%	LongGF
3	positive	ENSG00000187398:ENSG00000283563	false_fusion	10GB	90%	LongGF
3	positive	ENSG00000111145:ENSG00000124523	false_fusion	10GB	90%	LongGF
3	positive	ENSG00000114638:ENSG00000121578	read_through	10GB	90%	LongGF
3	positive	ENSG00000100811:ENSG00000148604	reverse_order: hybrid	10GB	90%	LongGF
3	positive	ENSG00000009830:ENSG00000087258	hybrid	10GB	90%	LongGF
3	positive	ENSG00000124486:ENSG00000124523	reverse_order:truncated_tri_fusion	10GB	90%	LongGF
3	positive	ENSG00000096070:ENSG00000130396	reverse_order:truncated_tri_fusion	10GB	90%	LongGF
3	positive	ENSG00000096070:ENSG00000104218	truncated_tri_fusion	10GB	90%	LongGF
3	positive	ENSG00000130962:ENSG00000156298	false_fusion	10GB	90%	LongGF
3	positive	ENSG00000148362:ENSG00000169583	read_through	10GB	90%	LongGF
3	positive	ENSG00000081692:ENSG00000167257	reverse_order: hybrid	10GB	90%	LongGF
3	positive	ENSG00000081985:ENSG00000164756	reverse_order:truncated_tri_fusion	10GB	90%	LongGF
3	positive	ENSG00000145216:ENSG00000172922	truncated_tri_fusion	10GB	90%	LongGF
3	positive	ENSG00000142627:ENSG00000176746	truncated_tri_fusion	10GB	90%	LongGF
3	positive	ENSG00000104518:ENSG00000104957	reverse_order: hybrid	10GB	90%	LongGF
2	positive	ENSG00000036672:ENSG00000140459	false_fusion	10GB	90%	LongGF
2	positive	ENSG00000048740:ENSG00000225830	intra_chromosome	10GB	90%	LongGF
2	positive	ENSG00000078699:ENSG00000132003	reverse_order:truncated_tri_fusion	10GB	90%	LongGF
2	positive	ENSG00000101182:ENSG00000149657	reverse_order: read_through	10GB	90%	LongGF
2	positive	ENSG00000102312:ENSG00000221910	truncated_tri_fusion	10GB	90%	LongGF
2	positive	ENSG00000292343:ENSG00000292345	intra_chromosome	10GB	90%	LongGF
2	positive	ENSG00000170144:ENSG00000198551	reverse_order:truncated_tri_fusion	10GB	90%	LongGF
2	positive	ENSG00000167258:ENSG00000188199	false_fusion	10GB	90%	LongGF
2	positive	ENSG00000162302:ENSG00000196549	reverse_order:truncated_tri_fusion	10GB	90%	LongGF
2	positive	ENSG00000147041:ENSG00000284906	reverse_order:truncated_tri_fusion	10GB	90%	LongGF
2	positive	ENSG00000146282:ENSG00000153291	intra_chromosome	10GB	90%	LongGF
2	positive	ENSG00000145734:ENSG00000183476	truncated_tri_fusion	10GB	90%	LongGF
2	positive	ENSG00000137707:ENSG00000162302	reverse_order:truncated_tri_fusion	10GB	90%	LongGF
2	positive	ENSG00000117758:ENSG00000159176	intra_chromosome	10GB	90%	LongGF
2	positive	ENSG00000132300:ENSG00000143891	reverse_order: intra_chromosome	10GB	90%	LongGF
2	positive	ENSG00000128510:ENSG00000185442	reverse_order:truncated_tri_fusion	10GB	90%	LongGF
2	positive	ENSG00000126777:ENSG00000213983	reverse_order: intra_chromosome	10GB	90%	LongGF
2	positive	ENSG00000125503:ENSG00000131037	reverse_order: read_through	10GB	90%	LongGF
2	positive	ENSG00000117151:ENSG00000169231	false_fusion	10GB	90%	LongGF
2	positive	ENSG00000114923:ENSG00000168591	reverse_order:truncated_tri_fusion	10GB	90%	LongGF
2	positive	ENSG00000110887:ENSG00000167588	reverse_order: intra_chromosome	10GB	90%	LongGF
2	positive	ENSG00000105819:ENSG00000214097	truncated_tri_fusion	10GB	90%	LongGF
2	positive	ENSG00000105613:ENSG00000164011	hybrid	10GB	90%	LongGF
2	positive	ENSG00000134853:ENSG00000145216	false_fusion	10GB	90%	LongGF
8	positive	ENSG00000114638:ENSG00000121578	read_through	10GB	95%	LongGF
7	positive	ENSG00000102312:ENSG00000221910	truncated_tri_fusion	10GB	95%	LongGF
6	positive	ENSG00000096746:ENSG00000197321	false_fusion	10GB	95%	LongGF
5	positive	ENSG00000036672:ENSG00000140459	false_fusion	10GB	95%	LongGF
5	positive	ENSG00000111145:ENSG00000124523	false_fusion	10GB	95%	LongGF
5	positive	ENSG00000106819:ENSG00000124787	truncated_tri_fusion	10GB	95%	LongGF
5	positive	ENSG00000102898:ENSG00000168675	reverse_order:truncated_tri_fusion	10GB	95%	LongGF
5	positive	ENSG00000132300:ENSG00000143891	reverse_order: intra_chromosome	10GB	95%	LongGF
5	positive	ENSG00000148362:ENSG00000169583	read_through	10GB	95%	LongGF
5	positive	ENSG00000081692:ENSG00000167257	reverse_order: hybrid	10GB	95%	LongGF
4	positive	ENSG00000110887:ENSG00000167588	reverse_order: intra_chromosome	10GB	95%	LongGF
4	positive	ENSG00000136504:ENSG00000277586	truncated_tri_fusion	10GB	95%	LongGF
4	positive	ENSG00000143198:ENSG00000167881	truncated_tri_fusion	10GB	95%	LongGF
4	positive	ENSG00000143228:ENSG00000196586	reverse_order:truncated_tri_fusion	10GB	95%	LongGF
4	positive	ENSG00000144642:ENSG00000187398	false_fusion	10GB	95%	LongGF
4	positive	ENSG00000144815:ENSG00000171735	truncated_tri_fusion	10GB	95%	LongGF
4	positive	ENSG00000072571:ENSG00000130714	truncated_tri_fusion	10GB	95%	LongGF
4	positive	ENSG00000147041:ENSG00000284906	reverse_order:truncated_tri_fusion	10GB	95%	LongGF
4	positive	ENSG00000157916:ENSG00000205835	hybrid	10GB	95%	LongGF
4	positive	ENSG00000162302:ENSG00000196549	reverse_order:truncated_tri_fusion	10GB	95%	LongGF
4	positive	ENSG00000166851:ENSG00000206560	truncated_tri_fusion	10GB	95%	LongGF
4	positive	ENSG00000167258:ENSG00000228570	reverse_order: hybrid	10GB	95%	LongGF
4	positive	ENSG00000170144:ENSG00000198551	reverse_order:truncated_tri_fusion	10GB	95%	LongGF
4	positive	ENSG00000048740:ENSG00000225830	intra_chromosome	10GB	95%	LongGF
4	positive	ENSG00000198551:ENSG00000284770	reverse_order:truncated_tri_fusion	10GB	95%	LongGF
3	positive	ENSG00000088035:ENSG00000101003	reverse_order:truncated_tri_fusion	10GB	95%	LongGF
3	positive	ENSG00000101182:ENSG00000149657	reverse_order: read_through	10GB	95%	LongGF
3	positive	ENSG00000068796:ENSG00000086200	false_fusion	10GB	95%	LongGF
3	positive	ENSG00000103160:ENSG00000103415	reverse_order: intra_chromosome	10GB	95%	LongGF
3	positive	ENSG00000063978:ENSG00000168556	reverse_order: intra_chromosome	10GB	95%	LongGF
3	positive	ENSG00000114923:ENSG00000168591	reverse_order:truncated_tri_fusion	10GB	95%	LongGF
3	positive	ENSG00000117151:ENSG00000169231	false_fusion	10GB	95%	LongGF
3	positive	ENSG00000188321:ENSG00000276043	intra_chromosome	10GB	95%	LongGF
3	positive	ENSG00000187398:ENSG00000283563	false_fusion	10GB	95%	LongGF
3	positive	ENSG00000168676:ENSG00000198677	truncated_tri_fusion	10GB	95%	LongGF
3	positive	ENSG00000126777:ENSG00000213983	reverse_order: intra_chromosome	10GB	95%	LongGF
3	positive	ENSG00000146282:ENSG00000153291	intra_chromosome	10GB	95%	LongGF
3	positive	ENSG00000134853:ENSG00000145216	false_fusion	10GB	95%	LongGF
3	positive	ENSG00000137707:ENSG00000162302	reverse_order:truncated_tri_fusion	10GB	95%	LongGF
3	positive	ENSG00000142156:ENSG00000249209	false_fusion	10GB	95%	LongGF
2	positive	ENSG00000171109:ENSG00000174306	truncated_tri_fusion	10GB	95%	LongGF
2	positive	ENSG00000066322:ENSG00000175334	reverse_order:truncated_tri_fusion	10GB	95%	LongGF
2	positive	ENSG00000145734:ENSG00000183476	truncated_tri_fusion	10GB	95%	LongGF
2	positive	ENSG00000082805:ENSG00000145907	reverse_order:truncated_tri_fusion	10GB	95%	LongGF
2	positive	ENSG00000082898:ENSG00000106692	reverse_order: hybrid	10GB	95%	LongGF
2	positive	ENSG00000085788:ENSG00000108094	reverse_order: hybrid	10GB	95%	LongGF
2	positive	ENSG00000087086:ENSG00000145192	false_fusion	10GB	95%	LongGF
2	positive	ENSG00000145216:ENSG00000172922	truncated_tri_fusion	10GB	95%	LongGF
2	positive	ENSG00000096070:ENSG00000104218	truncated_tri_fusion	10GB	95%	LongGF
2	positive	ENSG00000100811:ENSG00000148604	reverse_order: hybrid	10GB	95%	LongGF
2	positive	ENSG00000130714:ENSG00000151694	truncated_tri_fusion	10GB	95%	LongGF
2	positive	ENSG00000104490:ENSG00000138759	reverse_order:truncated_tri_fusion	10GB	95%	LongGF
2	positive	ENSG00000105613:ENSG00000164011	hybrid	10GB	95%	LongGF
2	positive	ENSG00000125503:ENSG00000131037	reverse_order: read_through	10GB	95%	LongGF
2	positive	ENSG00000107872:ENSG00000107874	read_through	10GB	95%	LongGF
2	positive	ENSG00000117758:ENSG00000159176	intra_chromosome	10GB	95%	LongGF
2	positive	ENSG00000009830:ENSG00000087258	hybrid	10GB	95%	LongGF
2	positive	ENSG00000013503:ENSG00000111785	false_fusion	10GB	95%	LongGF
2	positive	ENSG00000066322:ENSG00000175334	reverse_order:truncated_tri_fusion	1GB	90%	LongGF
2	positive	ENSG00000187398:ENSG00000283563	false_fusion	1GB	95%	LongGF
43	positive	ENSG00000204659:ENSG00000228274	truncated_tri_fusion	100GB	95%	JAFFAL
42	negative	ENSG00000254485:ENSG00000196220	false_fusion	100GB	95%	JAFFAL
42	positive	ENSG00000203727:ENSG00000227681	false_fusion	100GB	95%	JAFFAL
42	positive	ENSG00000230417:ENSG00000282863	false_fusion	100GB	90%	JAFFAL
41	positive	ENSG00000106819:ENSG00000124787	truncated_tri_fusion	100GB	90%	JAFFAL
41	positive	ENSG00000185442:ENSG00000128510	truncated_tri_fusion	100GB	95%	JAFFAL
39	negative	ENSG00000203727:ENSG00000227681	false_fusion	100GB	95%	JAFFAL
39	positive	ENSG00000230417:ENSG00000282863	false_fusion	100GB	95%	JAFFAL
38	negative	ENSG00000230417:ENSG00000282863	false_fusion	100GB	95%	JAFFAL
37	positive	ENSG00000254485:ENSG00000196220	false_fusion	100GB	95%	JAFFAL
37	positive	ENSG00000186088:ENSG00000077380	truncated_tri_fusion	100GB	95%	JAFFAL
36	positive	ENSG00000223634:ENSG00000235497	read_through	100GB	95%	JAFFAL
36	negative	ENSG00000203727:ENSG00000227681	false_fusion	100GB	90%	JAFFAL
36	positive	ENSG00000095261:ENSG00000281649	intra_chromosome	100GB	95%	JAFFAL
35	positive	ENSG00000186088:ENSG00000077380	truncated_tri_fusion	100GB	90%	JAFFAL
34	positive	ENSG00000109736:ENSG00000109113	truncated_tri_fusion	100GB	95%	JAFFAL
34	positive	ENSG00000276418:ENSG00000197462	false_fusion	100GB	95%	JAFFAL
33	positive	ENSG00000277893:ENSG00000103043	truncated_tri_fusion	100GB	95%	JAFFAL
33	positive	ENSG00000260995:ENSG00000165806	truncated_tri_fusion	100GB	95%	JAFFAL
32	positive	ENSG00000011275:ENSG00000165383	truncated_tri_fusion	100GB	95%	JAFFAL
31	positive	ENSG00000254485:ENSG00000196220	false_fusion	100GB	90%	JAFFAL
31	negative	ENSG00000230417:ENSG00000282863	false_fusion	100GB	90%	JAFFAL
31	positive	ENSG00000136014:ENSG00000135517	truncated_tri_fusion	100GB	95%	JAFFAL
31	positive	ENSG00000147434:ENSG00000164953	intra_chromosome	100GB	95%	JAFFAL
31	positive	ENSG00000186088:ENSG00000077380	truncated_tri_fusion	100GB	85%	JAFFAL
31	positive	ENSG00000106819:ENSG00000124787	truncated_tri_fusion	100GB	95%	JAFFAL
30	positive	ENSG00000213983:ENSG00000126777	intra_chromosome	100GB	90%	JAFFAL
30	positive	ENSG00000257894:ENSG00000255652	intra_chromosome	100GB	95%	JAFFAL
30	positive	ENSG00000221886:ENSG00000174695	intra_chromosome	100GB	95%	JAFFAL
29	negative	ENSG00000254485:ENSG00000196220	false_fusion	100GB	90%	JAFFAL
29	positive	ENSG00000213983:ENSG00000126777	intra_chromosome	100GB	85%	JAFFAL
29	positive	ENSG00000119720:ENSG00000245910	truncated_tri_fusion	100GB	95%	JAFFAL
28	positive	ENSG00000213983:ENSG00000126777	intra_chromosome	100GB	95%	JAFFAL
28	positive	ENSG00000136014:ENSG00000135517	truncated_tri_fusion	100GB	90%	JAFFAL
27	positive	ENSG00000236494:ENSG00000233219	read_through	100GB	95%	JAFFAL
27	positive	ENSG00000009830:ENSG00000087258	hybrid	100GB	85%	JAFFAL
26	positive	ENSG00000203727:ENSG00000227681	false_fusion	100GB	90%	JAFFAL
26	positive	ENSG00000114867:ENSG00000275389	truncated_tri_fusion	100GB	85%	JAFFAL
25	positive	ENSG00000260737:ENSG00000197302	intra_chromosome	100GB	90%	JAFFAL
25	positive	ENSG00000147434:ENSG00000164953	intra_chromosome	100GB	90%	JAFFAL
25	positive	ENSG00000221886:ENSG00000174695	intra_chromosome	100GB	90%	JAFFAL
24	positive	ENSG00000204659:ENSG00000228274	truncated_tri_fusion	100GB	85%	JAFFAL
24	positive	ENSG00000011275:ENSG00000165383	truncated_tri_fusion	100GB	90%	JAFFAL
24	positive	ENSG00000119720:ENSG00000245910	truncated_tri_fusion	100GB	90%	JAFFAL
23	positive	ENSG00000095261:ENSG00000281649	intra_chromosome	100GB	90%	JAFFAL
23	positive	ENSG00000185442:ENSG00000128510	truncated_tri_fusion	100GB	90%	JAFFAL
23	positive	ENSG00000151812:ENSG00000283352	false_fusion	100GB	90%	JAFFAL
22	positive	ENSG00000113569:ENSG00000145675	intra_chromosome	100GB	90%	JAFFAL
22	positive	ENSG00000278249:ENSG00000011009	false_fusion	100GB	95%	JAFFAL
22	positive	ENSG00000157916:ENSG00000205835	hybrid	100GB	85%	JAFFAL
22	positive	ENSG00000114867:ENSG00000275389	truncated_tri_fusion	100GB	95%	JAFFAL
21	positive	ENSG00000221886:ENSG00000174695	intra_chromosome	100GB	85%	JAFFAL
21	positive	ENSG00000277893:ENSG00000103043	truncated_tri_fusion	100GB	90%	JAFFAL
21	positive	ENSG00000114867:ENSG00000275389	truncated_tri_fusion	100GB	90%	JAFFAL
21	positive	ENSG00000170231:ENSG00000231530	truncated_tri_fusion	100GB	95%	JAFFAL
20	negative	ENSG00000230417:ENSG00000282863	false_fusion	100GB	85%	JAFFAL
20	positive	ENSG00000234255:ENSG00000251011	hybrid	100GB	95%	JAFFAL
19	negative	ENSG00000182568:ENSG00000131374	false_fusion	100GB	90%	JAFFAL
19	positive	ENSG00000135241:ENSG00000225612	intra_chromosome	100GB	90%	JAFFAL
19	positive	ENSG00000185442:ENSG00000128510	truncated_tri_fusion	100GB	85%	JAFFAL
18	negative	ENSG00000182568:ENSG00000131374	false_fusion	100GB	95%	JAFFAL
18	positive	ENSG00000106819:ENSG00000124787	truncated_tri_fusion	100GB	85%	JAFFAL
17	positive	ENSG00000230417:ENSG00000282863	false_fusion	100GB	85%	JAFFAL
17	positive	ENSG00000273471:ENSG00000186088	false_fusion	100GB	95%	JAFFAL
16	positive	ENSG00000186487:ENSG00000138380	intra_chromosome	100GB	85%	JAFFAL
15	positive	ENSG00000119899:ENSG00000146223	intra_chromosome	100GB	85%	JAFFAL
15	positive	ENSG00000290419:ENSG00000166548	false_fusion	100GB	95%	JAFFAL
15	positive	ENSG00000276418:ENSG00000197462	false_fusion	100GB	90%	JAFFAL
13	positive	ENSG00000182568:ENSG00000131374	false_fusion	100GB	90%	JAFFAL
13	positive	ENSG00000182568:ENSG00000131374	false_fusion	100GB	95%	JAFFAL
13	positive	ENSG00000290419:ENSG00000166548	false_fusion	100GB	90%	JAFFAL
13	positive	ENSG00000260737:ENSG00000197302	intra_chromosome	100GB	85%	JAFFAL
13	positive	ENSG00000119720:ENSG00000245910	truncated_tri_fusion	100GB	85%	JAFFAL
13	positive	ENSG00000206560:ENSG00000091651	truncated_tri_fusion	100GB	90%	JAFFAL
12	positive	ENSG00000223634:ENSG00000235497	read_through	100GB	90%	JAFFAL
12	positive	ENSG00000236494:ENSG00000233219	read_through	100GB	90%	JAFFAL
11	positive	ENSG00000139151:ENSG00000255648	read_through	100GB	95%	JAFFAL
11	positive	ENSG00000138115:ENSG00000282278	false_fusion	100GB	85%	JAFFAL
10	positive	ENSG00000136014:ENSG00000135517	truncated_tri_fusion	100GB	85%	JAFFAL
10	positive	ENSG00000260737:ENSG00000197302	intra_chromosome	100GB	85%	JAFFAL
9	positive	ENSG00000134802:ENSG00000246273	intra_chromosome	100GB	85%	JAFFAL
8	negative	ENSG00000254485:ENSG00000196220	false_fusion	100GB	85%	JAFFAL
8	positive	ENSG00000276418:ENSG00000197462	false_fusion	100GB	85%	JAFFAL
8	positive	ENSG00000110002:ENSG00000237250	hybrid	100GB	95%	JAFFAL
7	positive	ENSG00000254485:ENSG00000196220	false_fusion	100GB	85%	JAFFAL
7	negative	ENSG00000230417:ENSG00000282863	false_fusion	10GB	90%	JAFFAL
7	negative	ENSG00000230417:ENSG00000282863	false_fusion	10GB	95%	JAFFAL
6	positive	ENSG00000223634:ENSG00000235497	read_through	10GB	95%	JAFFAL
6	positive	ENSG00000203727:ENSG00000227681	false_fusion	10GB	95%	JAFFAL
6	negative	ENSG00000182568:ENSG00000131374	false_fusion	100GB	85%	JAFFAL
6	positive	ENSG00000257894:ENSG00000255652	intra_chromosome	100GB	90%	JAFFAL
6	positive	ENSG00000167588:ENSG00000110887	intra_chromosome	100GB	85%	JAFFAL
6	positive	ENSG00000109736:ENSG00000109113	truncated_tri_fusion	100GB	85%	JAFFAL
6	positive	ENSG00000186088:ENSG00000077380	truncated_tri_fusion	10GB	85%	JAFFAL
6	positive	ENSG00000185442:ENSG00000128510	truncated_tri_fusion	10GB	90%	JAFFAL
6	positive	ENSG00000186088:ENSG00000077380	truncated_tri_fusion	10GB	95%	JAFFAL
5	positive	ENSG00000278249:ENSG00000011009	false_fusion	100GB	85%	JAFFAL
5	positive	ENSG00000110002:ENSG00000237250	hybrid	100GB	90%	JAFFAL
4	positive	ENSG00000182568:ENSG00000131374	false_fusion	100GB	85%	JAFFAL
4	positive	ENSG00000213983:ENSG00000126777	intra_chromosome	10GB	95%	JAFFAL
4	positive	ENSG00000290419:ENSG00000166548	false_fusion	100GB	85%	JAFFAL
4	positive	ENSG00000257894:ENSG00000255652	intra_chromosome	10GB	95%	JAFFAL
4	positive	ENSG00000221886:ENSG00000174695	intra_chromosome	10GB	85%	JAFFAL
4	positive	ENSG00000278249:ENSG00000011009	false_fusion	10GB	95%	JAFFAL
4	positive	ENSG00000106819:ENSG00000124787	truncated_tri_fusion	100GB	85%	JAFFAL
4	positive	ENSG00000151812:ENSG00000241549	false_fusion	100GB	90%	JAFFAL
4	positive	ENSG00000151812:ENSG00000290474	false_fusion	100GB	90%	JAFFAL
4	positive	ENSG00000185442:ENSG00000128510	truncated_tri_fusion	10GB	95%	JAFFAL
3	negative	ENSG00000254485:ENSG00000196220	false_fusion	10GB	90%	JAFFAL
3	negative	ENSG00000254485:ENSG00000196220	false_fusion	10GB	95%	JAFFAL
3	positive	ENSG00000254485:ENSG00000196220	false_fusion	10GB	95%	JAFFAL
3	negative	ENSG00000203727:ENSG00000227681	false_fusion	100GB	85%	JAFFAL
3	positive	ENSG00000203727:ENSG00000227681	false_fusion	100GB	85%	JAFFAL
3	positive	ENSG00000230417:ENSG00000282863	false_fusion	10GB	95%	JAFFAL
3	positive	ENSG00000146282:ENSG00000153291	intra_chromosome	100GB	85%	JAFFAL
3	negative	ENSG00000156508:ENSG00000163631	false_fusion	100GB	85%	JAFFAL
3	positive	ENSG00000167996:ENSG00000087086	false_fusion	100GB	85%	JAFFAL
3	positive	ENSG00000010671:ENSG00000153684	false_fusion	100GB	85%	JAFFAL
3	positive	ENSG00000106819:ENSG00000124787	truncated_tri_fusion	10GB	85%	JAFFAL
3	negative	ENSG00000167526:ENSG00000087086	false_fusion	100GB	90%	JAFFAL
3	negative	ENSG00000087086:ENSG00000197249	false_fusion	100GB	90%	JAFFAL
3	negative	ENSG00000163631:ENSG00000087086	false_fusion	100GB	90%	JAFFAL
3	positive	ENSG00000087086:ENSG00000163631	false_fusion	100GB	90%	JAFFAL
3	positive	ENSG00000170231:ENSG00000231530	truncated_tri_fusion	100GB	90%	JAFFAL
3	positive	ENSG00000273471:ENSG00000186088	false_fusion	100GB	90%	JAFFAL
3	positive	ENSG00000119314:ENSG00000226711	hybrid	100GB	90%	JAFFAL
3	positive	ENSG00000011275:ENSG00000165383	truncated_tri_fusion	10GB	90%	JAFFAL
3	positive	ENSG00000167996:ENSG00000087086	false_fusion	100GB	95%	JAFFAL
3	positive	ENSG00000087086:ENSG00000137818	false_fusion	100GB	95%	JAFFAL
3	positive	ENSG00000277893:ENSG00000103043	truncated_tri_fusion	10GB	95%	JAFFAL
2	positive	ENSG00000223634:ENSG00000235497	read_through	1GB	95%	JAFFAL
2	positive	ENSG00000203727:ENSG00000227681	false_fusion	10GB	85%	JAFFAL
2	negative	ENSG00000203727:ENSG00000227681	false_fusion	10GB	90%	JAFFAL
2	negative	ENSG00000203727:ENSG00000227681	false_fusion	10GB	95%	JAFFAL
2	positive	ENSG00000182568:ENSG00000131374	false_fusion	10GB	95%	JAFFAL
2	negative	ENSG00000087086:ENSG00000105193	false_fusion	100GB	90%	JAFFAL
2	positive	ENSG00000087086:ENSG00000130513	false_fusion	100GB	95%	JAFFAL
2	positive	ENSG00000290419:ENSG00000166548	false_fusion	10GB	95%	JAFFAL
2	positive	ENSG00000260737:ENSG00000197302	intra_chromosome	10GB	85%	JAFFAL
2	negative	ENSG00000156508:ENSG00000106927	false_fusion	100GB	85%	JAFFAL
2	negative	ENSG00000087086:ENSG00000143878	false_fusion	100GB	85%	JAFFAL
2	negative	ENSG00000145192:ENSG00000087086	false_fusion	100GB	85%	JAFFAL
2	negative	ENSG00000163631:ENSG00000149806	false_fusion	100GB	85%	JAFFAL
2	positive	ENSG00000089157:ENSG00000087086	false_fusion	100GB	85%	JAFFAL
2	positive	ENSG00000089157:ENSG00000087086	false_fusion	100GB	85%	JAFFAL
2	positive	ENSG00000163631:ENSG00000105372	false_fusion	100GB	85%	JAFFAL
2	negative	ENSG00000167996:ENSG00000091513	false_fusion	100GB	90%	JAFFAL
2	negative	ENSG00000176153:ENSG00000071082	false_fusion	100GB	90%	JAFFAL
2	negative	ENSG00000197249:ENSG00000110955	false_fusion	100GB	90%	JAFFAL
2	negative	ENSG00000006016:ENSG00000034510	false_fusion	100GB	90%	JAFFAL
2	negative	ENSG00000087086:ENSG00000231500	false_fusion	100GB	90%	JAFFAL
2	negative	ENSG00000251357:ENSG00000239672	false_fusion	100GB	90%	JAFFAL
2	negative	ENSG00000100316:ENSG00000101439	false_fusion	100GB	90%	JAFFAL
2	negative	ENSG00000166794:ENSG00000167526	false_fusion	100GB	90%	JAFFAL
2	negative	ENSG00000131469:ENSG00000156508	false_fusion	100GB	90%	JAFFAL
2	negative	ENSG00000087086:ENSG00000108518	false_fusion	100GB	90%	JAFFAL
2	negative	ENSG00000163631:ENSG00000089157	false_fusion	100GB	90%	JAFFAL
2	negative	ENSG00000163631:ENSG00000196136	false_fusion	100GB	90%	JAFFAL
2	negative	ENSG00000231500:ENSG00000118137	false_fusion	100GB	90%	JAFFAL
2	negative	ENSG00000198755:ENSG00000163631	false_fusion	100GB	90%	JAFFAL
2	negative	ENSG00000156508:ENSG00000087086	false_fusion	100GB	90%	JAFFAL
2	positive	ENSG00000149273:ENSG00000163631	false_fusion	100GB	90%	JAFFAL
2	positive	ENSG00000081051:ENSG00000167526	false_fusion	100GB	90%	JAFFAL
2	positive	ENSG00000156508:ENSG00000167996	false_fusion	100GB	90%	JAFFAL
2	positive	ENSG00000106927:ENSG00000087086	false_fusion	100GB	90%	JAFFAL
2	positive	ENSG00000089157:ENSG00000197249	false_fusion	100GB	90%	JAFFAL
2	positive	ENSG00000089157:ENSG00000163631	false_fusion	100GB	90%	JAFFAL
2	positive	ENSG00000087086:ENSG00000177600	false_fusion	100GB	90%	JAFFAL
2	positive	ENSG00000101255:ENSG00000145192	false_fusion	100GB	90%	JAFFAL
2	positive	ENSG00000177410:ENSG00000163631	false_fusion	100GB	90%	JAFFAL
2	positive	ENSG00000087460:ENSG00000118137	false_fusion	100GB	90%	JAFFAL
2	positive	ENSG00000114942:ENSG00000087086	false_fusion	100GB	90%	JAFFAL
2	positive	ENSG00000163631:ENSG00000128272	false_fusion	100GB	90%	JAFFAL
2	positive	ENSG00000198755:ENSG00000071082	false_fusion	100GB	90%	JAFFAL
2	positive	ENSG00000156508:ENSG00000163631	false_fusion	100GB	90%	JAFFAL
2	positive	ENSG00000147257:ENSG00000087086	false_fusion	100GB	90%	JAFFAL
2	negative	ENSG00000100632:ENSG00000106927	false_fusion	100GB	95%	JAFFAL
2	negative	ENSG00000197249:ENSG00000087086	false_fusion	100GB	95%	JAFFAL
2	negative	ENSG00000197249:ENSG00000171858	false_fusion	100GB	95%	JAFFAL
2	negative	ENSG00000197249:ENSG00000163631	false_fusion	100GB	95%	JAFFAL
2	negative	ENSG00000087086:ENSG00000213741	false_fusion	100GB	95%	JAFFAL
2	negative	ENSG00000087086:ENSG00000163631	false_fusion	100GB	95%	JAFFAL
2	negative	ENSG00000087086:ENSG00000231500	false_fusion	100GB	95%	JAFFAL
2	negative	ENSG00000100316:ENSG00000163631	false_fusion	100GB	95%	JAFFAL
2	negative	ENSG00000145425:ENSG00000145192	false_fusion	100GB	95%	JAFFAL
2	negative	ENSG00000163631:ENSG00000087086	false_fusion	100GB	95%	JAFFAL
2	negative	ENSG00000081051:ENSG00000196136	false_fusion	100GB	95%	JAFFAL
2	negative	ENSG00000124614:ENSG00000197249	false_fusion	100GB	95%	JAFFAL
2	negative	ENSG00000161016:ENSG00000197249	false_fusion	100GB	95%	JAFFAL
2	negative	ENSG00000130829:ENSG00000087086	false_fusion	100GB	95%	JAFFAL
2	negative	ENSG00000142676:ENSG00000112695	false_fusion	100GB	95%	JAFFAL
2	negative	ENSG00000196136:ENSG00000163631	false_fusion	100GB	95%	JAFFAL
2	negative	ENSG00000187244:ENSG00000163631	false_fusion	100GB	95%	JAFFAL
2	negative	ENSG00000087086:ENSG00000114942	false_fusion	100GB	95%	JAFFAL
2	negative	ENSG00000142541:ENSG00000044574	false_fusion	100GB	95%	JAFFAL
2	negative	ENSG00000100316:ENSG00000196136	false_fusion	100GB	95%	JAFFAL
2	negative	ENSG00000100316:ENSG00000181019	false_fusion	100GB	95%	JAFFAL
2	negative	ENSG00000163631:ENSG00000198242	false_fusion	100GB	95%	JAFFAL
2	negative	ENSG00000163631:ENSG00000243678	false_fusion	100GB	95%	JAFFAL
2	negative	ENSG00000231500:ENSG00000091513	false_fusion	100GB	95%	JAFFAL
2	positive	ENSG00000254772:ENSG00000087086	false_fusion	100GB	95%	JAFFAL
2	positive	ENSG00000177600:ENSG00000131469	false_fusion	100GB	95%	JAFFAL
2	positive	ENSG00000167526:ENSG00000167996	false_fusion	100GB	95%	JAFFAL
2	positive	ENSG00000105372:ENSG00000081051	false_fusion	100GB	95%	JAFFAL
2	positive	ENSG00000087086:ENSG00000239672	false_fusion	100GB	95%	JAFFAL
2	positive	ENSG00000163631:ENSG00000197756	false_fusion	100GB	95%	JAFFAL
2	positive	ENSG00000156508:ENSG00000087086	false_fusion	100GB	95%	JAFFAL
2	positive	ENSG00000167996:ENSG00000145192	false_fusion	100GB	95%	JAFFAL
2	positive	ENSG00000089157:ENSG00000204628	false_fusion	100GB	95%	JAFFAL
2	positive	ENSG00000197249:ENSG00000087086	false_fusion	100GB	95%	JAFFAL
2	positive	ENSG00000196136:ENSG00000118137	false_fusion	100GB	95%	JAFFAL
2	positive	ENSG00000131469:ENSG00000197249	false_fusion	100GB	95%	JAFFAL
2	positive	ENSG00000142534:ENSG00000161016	false_fusion	100GB	95%	JAFFAL
2	positive	ENSG00000197756:ENSG00000091583	false_fusion	100GB	95%	JAFFAL
2	positive	ENSG00000163631:ENSG00000122406	false_fusion	100GB	95%	JAFFAL
2	positive	ENSG00000163631:ENSG00000008988	false_fusion	100GB	95%	JAFFAL
2	positive	ENSG00000112306:ENSG00000177600	false_fusion	100GB	95%	JAFFAL
2	positive	ENSG00000156508:ENSG00000145192	false_fusion	100GB	95%	JAFFAL
2	positive	ENSG00000156482:ENSG00000163631	false_fusion	100GB	95%	JAFFAL
2	positive	ENSG00000234255:ENSG00000251011	hybrid	10GB	95%	JAFFAL
2	positive	ENSG00000114867:ENSG00000275389	truncated_tri_fusion	10GB	95%	JAFFAL
51	positive	ENSG00000095303:ENSG00000233616	read_through	100GB	95%	JAFFAL
49	positive	ENSG00000285565:ENSG00000141499	hybrid	100GB	95%	JAFFAL
48	positive	ENSG00000114638:ENSG00000121578	read_through	100GB	95%	JAFFAL
46	positive	ENSG00000106829:ENSG00000228714	intra_chromosome	100GB	95%	JAFFAL
46	positive	ENSG00000272274:ENSG00000236581	intra_chromosome	100GB	90%	JAFFAL
46	positive	ENSG00000077684:ENSG00000223768	hybrid	100GB	90%	JAFFAL
46	positive	ENSG00000281920:ENSG00000198363	truncated_tri_fusion	100GB	95%	JAFFAL
45	positive	ENSG00000119899:ENSG00000146223	intra_chromosome	100GB	90%	JAFFAL
45	positive	ENSG00000157916:ENSG00000205835	hybrid	100GB	95%	JAFFAL
44	positive	ENSG00000168675:ENSG00000102898	truncated_tri_fusion	100GB	95%	JAFFAL
43	positive	ENSG00000260737:ENSG00000197302	intra_chromosome	100GB	95%	JAFFAL
42	positive	ENSG00000182621:ENSG00000124155	intra_chromosome	100GB	90%	JAFFAL
42	positive	ENSG00000182621:ENSG00000124155	intra_chromosome	100GB	95%	JAFFAL
42	positive	ENSG00000227083:ENSG00000235262	intra_chromosome	100GB	95%	JAFFAL
41	positive	ENSG00000235221:ENSG00000236581	intra_chromosome	100GB	95%	JAFFAL
41	positive	ENSG00000272274:ENSG00000236581	intra_chromosome	100GB	95%	JAFFAL
41	positive	ENSG00000096070:ENSG00000104218	truncated_tri_fusion	100GB	90%	JAFFAL
41	positive	ENSG00000243789:ENSG00000125462	truncated_tri_fusion	100GB	95%	JAFFAL
40	positive	ENSG00000204659:ENSG00000228274	truncated_tri_fusion	100GB	90%	JAFFAL
40	positive	ENSG00000132170:ENSG00000181786	truncated_tri_fusion	100GB	90%	JAFFAL
40	positive	ENSG00000145907:ENSG00000082805	truncated_tri_fusion	100GB	95%	JAFFAL
40	positive	ENSG00000124523:ENSG00000124486	truncated_tri_fusion	100GB	95%	JAFFAL
40	positive	ENSG00000256339:ENSG00000149564	hybrid	100GB	95%	JAFFAL
40	positive	ENSG00000254979:ENSG00000140987	truncated_tri_fusion	100GB	95%	JAFFAL
40	positive	ENSG00000096070:ENSG00000104218	truncated_tri_fusion	100GB	95%	JAFFAL
39	positive	ENSG00000182621:ENSG00000124155	intra_chromosome	100GB	85%	JAFFAL
39	positive	ENSG00000135241:ENSG00000225612	intra_chromosome	100GB	95%	JAFFAL
39	positive	ENSG00000289039:ENSG00000095794	intra_chromosome	100GB	95%	JAFFAL
39	positive	ENSG00000138759:ENSG00000104490	truncated_tri_fusion	100GB	95%	JAFFAL
39	positive	ENSG00000198551:ENSG00000170144	truncated_tri_fusion	100GB	95%	JAFFAL
38	positive	ENSG00000119899:ENSG00000146223	intra_chromosome	100GB	95%	JAFFAL
38	positive	ENSG00000125898:ENSG00000234948	intra_chromosome	100GB	95%	JAFFAL
38	positive	ENSG00000225676:ENSG00000136861	hybrid	100GB	90%	JAFFAL
38	positive	ENSG00000100767:ENSG00000285219	false_fusion	100GB	95%	JAFFAL
38	positive	ENSG00000072571:ENSG00000130714	truncated_tri_fusion	100GB	95%	JAFFAL
38	positive	ENSG00000132170:ENSG00000181786	truncated_tri_fusion	100GB	95%	JAFFAL
37	positive	ENSG00000109861:ENSG00000213619	hybrid	100GB	95%	JAFFAL
37	positive	ENSG00000138759:ENSG00000104490	truncated_tri_fusion	100GB	90%	JAFFAL
37	positive	ENSG00000106692:ENSG00000082898	hybrid	100GB	90%	JAFFAL
37	positive	ENSG00000142627:ENSG00000176746	truncated_tri_fusion	100GB	95%	JAFFAL
36	positive	ENSG00000162302:ENSG00000137707	truncated_tri_fusion	100GB	95%	JAFFAL
36	positive	ENSG00000077684:ENSG00000223768	hybrid	100GB	85%	JAFFAL
36	positive	ENSG00000077684:ENSG00000223768	hybrid	100GB	95%	JAFFAL
36	positive	ENSG00000102312:ENSG00000221910	truncated_tri_fusion	100GB	95%	JAFFAL
35	positive	ENSG00000124523:ENSG00000124486	truncated_tri_fusion	100GB	85%	JAFFAL
35	positive	ENSG00000260995:ENSG00000165806	truncated_tri_fusion	100GB	90%	JAFFAL
35	positive	ENSG00000081985:ENSG00000184619	truncated_tri_fusion	100GB	90%	JAFFAL
35	positive	ENSG00000241577:ENSG00000247572	false_fusion	100GB	95%	JAFFAL
35	positive	ENSG00000225676:ENSG00000136861	hybrid	100GB	95%	JAFFAL
35	positive	ENSG00000143198:ENSG00000167881	truncated_tri_fusion	100GB	95%	JAFFAL
34	positive	ENSG00000144320:ENSG00000168280	hybrid	100GB	95%	JAFFAL
34	positive	ENSG00000113569:ENSG00000145675	intra_chromosome	100GB	95%	JAFFAL
34	positive	ENSG00000106829:ENSG00000228714	intra_chromosome	100GB	90%	JAFFAL
34	positive	ENSG00000009830:ENSG00000087258	hybrid	100GB	90%	JAFFAL
34	positive	ENSG00000124523:ENSG00000124486	truncated_tri_fusion	100GB	90%	JAFFAL
34	positive	ENSG00000119685:ENSG00000167395	false_fusion	100GB	95%	JAFFAL
33	positive	ENSG00000048740:ENSG00000225830	intra_chromosome	100GB	95%	JAFFAL
33	positive	ENSG00000168556:ENSG00000063978	intra_chromosome	100GB	90%	JAFFAL
33	positive	ENSG00000225676:ENSG00000136861	hybrid	100GB	85%	JAFFAL
33	positive	ENSG00000036672:ENSG00000261821	truncated_tri_fusion	100GB	90%	JAFFAL
33	positive	ENSG00000168958:ENSG00000168621	truncated_tri_fusion	100GB	95%	JAFFAL
33	positive	ENSG00000108094:ENSG00000085788	hybrid	100GB	95%	JAFFAL
33	positive	ENSG00000151812:ENSG00000283352	false_fusion	100GB	95%	JAFFAL
33	positive	ENSG00000094631:ENSG00000186409	truncated_tri_fusion	100GB	95%	JAFFAL
33	positive	ENSG00000286799:ENSG00000257497	truncated_tri_fusion	100GB	95%	JAFFAL
33	positive	ENSG00000144815:ENSG00000171735	truncated_tri_fusion	100GB	95%	JAFFAL
33	positive	ENSG00000283154:ENSG00000255248	false_fusion	100GB	95%	JAFFAL
32	positive	ENSG00000103415:ENSG00000103160	intra_chromosome	100GB	95%	JAFFAL
31	positive	ENSG00000285565:ENSG00000141499	hybrid	100GB	90%	JAFFAL
31	positive	ENSG00000286799:ENSG00000257497	truncated_tri_fusion	100GB	90%	JAFFAL
31	positive	ENSG00000143198:ENSG00000167881	truncated_tri_fusion	100GB	90%	JAFFAL
31	positive	ENSG00000144815:ENSG00000171735	truncated_tri_fusion	100GB	90%	JAFFAL
31	positive	ENSG00000157916:ENSG00000205835	hybrid	100GB	90%	JAFFAL
31	positive	ENSG00000236963:ENSG00000136014	truncated_tri_fusion	100GB	95%	JAFFAL
31	positive	ENSG00000114786:ENSG00000260995	truncated_tri_fusion	100GB	95%	JAFFAL
31	positive	ENSG00000145734:ENSG00000183476	truncated_tri_fusion	100GB	95%	JAFFAL
30	positive	ENSG00000114638:ENSG00000121578	read_through	100GB	90%	JAFFAL
30	positive	ENSG00000105339:ENSG00000022567	read_through	100GB	95%	JAFFAL
30	positive	ENSG00000235162:ENSG00000286520	read_through	100GB	95%	JAFFAL
30	positive	ENSG00000159256:ENSG00000224924	intra_chromosome	100GB	95%	JAFFAL
30	positive	ENSG00000101158:ENSG00000101266	intra_chromosome	100GB	85%	JAFFAL
30	positive	ENSG00000036672:ENSG00000261821	truncated_tri_fusion	100GB	85%	JAFFAL
30	positive	ENSG00000198551:ENSG00000170144	truncated_tri_fusion	100GB	90%	JAFFAL
30	positive	ENSG00000114786:ENSG00000260995	truncated_tri_fusion	100GB	90%	JAFFAL
30	positive	ENSG00000142627:ENSG00000176746	truncated_tri_fusion	100GB	90%	JAFFAL
30	positive	ENSG00000009830:ENSG00000087258	hybrid	100GB	95%	JAFFAL
30	positive	ENSG00000081985:ENSG00000184619	truncated_tri_fusion	100GB	95%	JAFFAL
30	positive	ENSG00000168591:ENSG00000114923	truncated_tri_fusion	100GB	95%	JAFFAL
30	positive	ENSG00000036672:ENSG00000261821	truncated_tri_fusion	100GB	95%	JAFFAL
30	positive	ENSG00000003393:ENSG00000145916	truncated_tri_fusion	100GB	95%	JAFFAL
30	positive	ENSG00000188186:ENSG00000284776	hybrid	100GB	95%	JAFFAL
29	positive	ENSG00000105339:ENSG00000022567	read_through	100GB	90%	JAFFAL
29	positive	ENSG00000130396:ENSG00000096070	truncated_tri_fusion	100GB	90%	JAFFAL
29	positive	ENSG00000258177:ENSG00000124523	truncated_tri_fusion	100GB	95%	JAFFAL
29	positive	ENSG00000106692:ENSG00000082898	hybrid	100GB	95%	JAFFAL
29	positive	ENSG00000128510:ENSG00000163930	truncated_tri_fusion	100GB	95%	JAFFAL
28	positive	ENSG00000235162:ENSG00000286520	read_through	100GB	90%	JAFFAL
28	positive	ENSG00000048740:ENSG00000225830	intra_chromosome	100GB	90%	JAFFAL
28	positive	ENSG00000134802:ENSG00000246273	intra_chromosome	100GB	90%	JAFFAL
28	positive	ENSG00000272274:ENSG00000236581	intra_chromosome	100GB	85%	JAFFAL
28	positive	ENSG00000289039:ENSG00000095794	intra_chromosome	100GB	90%	JAFFAL
28	positive	ENSG00000102312:ENSG00000221910	truncated_tri_fusion	100GB	90%	JAFFAL
28	positive	ENSG00000138698:ENSG00000198246	truncated_tri_fusion	100GB	95%	JAFFAL
28	positive	ENSG00000140987:ENSG00000160752	truncated_tri_fusion	100GB	95%	JAFFAL
28	positive	ENSG00000290106:ENSG00000116205	hybrid	100GB	95%	JAFFAL
27	positive	ENSG00000095303:ENSG00000233616	read_through	100GB	90%	JAFFAL
27	positive	ENSG00000235162:ENSG00000286520	read_through	100GB	85%	JAFFAL
27	positive	ENSG00000249859:ENSG00000253503	intra_chromosome	100GB	95%	JAFFAL
27	positive	ENSG00000134802:ENSG00000246273	intra_chromosome	100GB	95%	JAFFAL
27	positive	ENSG00000125898:ENSG00000234948	intra_chromosome	100GB	90%	JAFFAL
27	positive	ENSG00000101158:ENSG00000101266	intra_chromosome	100GB	95%	JAFFAL
27	positive	ENSG00000227083:ENSG00000235262	intra_chromosome	100GB	85%	JAFFAL
27	positive	ENSG00000227083:ENSG00000235262	intra_chromosome	100GB	90%	JAFFAL
27	positive	ENSG00000186487:ENSG00000138380	intra_chromosome	100GB	95%	JAFFAL
27	positive	ENSG00000072571:ENSG00000130714	truncated_tri_fusion	100GB	90%	JAFFAL
27	positive	ENSG00000273373:ENSG00000144815	truncated_tri_fusion	100GB	90%	JAFFAL
27	positive	ENSG00000034053:ENSG00000077782	truncated_tri_fusion	100GB	95%	JAFFAL
27	positive	ENSG00000273373:ENSG00000144815	truncated_tri_fusion	100GB	95%	JAFFAL
26	positive	ENSG00000117758:ENSG00000159176	intra_chromosome	100GB	95%	JAFFAL
26	positive	ENSG00000168556:ENSG00000063978	intra_chromosome	100GB	95%	JAFFAL
26	positive	ENSG00000286799:ENSG00000257497	truncated_tri_fusion	100GB	85%	JAFFAL
26	positive	ENSG00000187951:ENSG00000147041	false_fusion	100GB	90%	JAFFAL
26	positive	ENSG00000068097:ENSG00000196586	truncated_tri_fusion	100GB	95%	JAFFAL
26	positive	ENSG00000167257:ENSG00000081692	hybrid	100GB	95%	JAFFAL
26	positive	ENSG00000148308:ENSG00000260840	truncated_tri_fusion	100GB	95%	JAFFAL
26	positive	ENSG00000137251:ENSG00000268416	truncated_tri_fusion	100GB	95%	JAFFAL
25	positive	ENSG00000130396:ENSG00000096070	truncated_tri_fusion	100GB	95%	JAFFAL
25	positive	ENSG00000168556:ENSG00000063978	intra_chromosome	100GB	85%	JAFFAL
25	positive	ENSG00000260995:ENSG00000165806	truncated_tri_fusion	100GB	85%	JAFFAL
25	positive	ENSG00000108094:ENSG00000085788	hybrid	100GB	85%	JAFFAL
25	positive	ENSG00000145907:ENSG00000082805	truncated_tri_fusion	100GB	90%	JAFFAL
25	positive	ENSG00000228570:ENSG00000167258	hybrid	100GB	90%	JAFFAL
25	positive	ENSG00000167257:ENSG00000081692	hybrid	100GB	90%	JAFFAL
25	positive	ENSG00000168675:ENSG00000102898	truncated_tri_fusion	100GB	90%	JAFFAL
25	positive	ENSG00000168591:ENSG00000114923	truncated_tri_fusion	100GB	90%	JAFFAL
25	positive	ENSG00000094631:ENSG00000186409	truncated_tri_fusion	100GB	90%	JAFFAL
25	positive	ENSG00000284770:ENSG00000198551	truncated_tri_fusion	100GB	95%	JAFFAL
25	positive	ENSG00000285053:ENSG00000198551	truncated_tri_fusion	100GB	95%	JAFFAL
25	positive	ENSG00000049759:ENSG00000203734	truncated_tri_fusion	100GB	95%	JAFFAL
25	positive	ENSG00000197462:ENSG00000141576	truncated_tri_fusion	100GB	95%	JAFFAL
25	positive	ENSG00000288769:ENSG00000111907	hybrid	100GB	95%	JAFFAL
24	positive	ENSG00000235221:ENSG00000236581	intra_chromosome	100GB	90%	JAFFAL
24	positive	ENSG00000146282:ENSG00000153291	intra_chromosome	100GB	95%	JAFFAL
24	positive	ENSG00000138759:ENSG00000104490	truncated_tri_fusion	100GB	85%	JAFFAL
24	positive	ENSG00000132170:ENSG00000181786	truncated_tri_fusion	100GB	85%	JAFFAL
24	positive	ENSG00000171109:ENSG00000174306	truncated_tri_fusion	100GB	90%	JAFFAL
24	positive	ENSG00000145734:ENSG00000183476	truncated_tri_fusion	100GB	90%	JAFFAL
24	positive	ENSG00000234456:ENSG00000139350	truncated_tri_fusion	100GB	90%	JAFFAL
24	positive	ENSG00000150753:ENSG00000264860	hybrid	100GB	90%	JAFFAL
24	positive	ENSG00000138115:ENSG00000282278	false_fusion	100GB	95%	JAFFAL
24	positive	ENSG00000150753:ENSG00000264860	hybrid	100GB	95%	JAFFAL
23	positive	ENSG00000159256:ENSG00000224924	intra_chromosome	100GB	90%	JAFFAL
23	positive	ENSG00000162302:ENSG00000137707	truncated_tri_fusion	100GB	90%	JAFFAL
23	positive	ENSG00000186487:ENSG00000138380	intra_chromosome	100GB	90%	JAFFAL
23	positive	ENSG00000143198:ENSG00000167881	truncated_tri_fusion	100GB	85%	JAFFAL
23	positive	ENSG00000144815:ENSG00000171735	truncated_tri_fusion	100GB	85%	JAFFAL
23	positive	ENSG00000137251:ENSG00000268416	truncated_tri_fusion	100GB	90%	JAFFAL
23	positive	ENSG00000132003:ENSG00000078699	truncated_tri_fusion	100GB	95%	JAFFAL
23	positive	ENSG00000187720:ENSG00000003393	truncated_tri_fusion	100GB	95%	JAFFAL
23	positive	ENSG00000130714:ENSG00000151694	truncated_tri_fusion	100GB	95%	JAFFAL
23	positive	ENSG00000228570:ENSG00000167258	hybrid	100GB	95%	JAFFAL
23	positive	ENSG00000105613:ENSG00000164011	hybrid	100GB	95%	JAFFAL
23	positive	ENSG00000187951:ENSG00000147041	false_fusion	100GB	95%	JAFFAL
22	positive	ENSG00000206384:ENSG00000196455	read_through	100GB	95%	JAFFAL
22	positive	ENSG00000162302:ENSG00000137707	truncated_tri_fusion	100GB	85%	JAFFAL
22	positive	ENSG00000285565:ENSG00000141499	hybrid	100GB	85%	JAFFAL
22	positive	ENSG00000081985:ENSG00000184619	truncated_tri_fusion	100GB	85%	JAFFAL
22	positive	ENSG00000130714:ENSG00000151694	truncated_tri_fusion	100GB	90%	JAFFAL
22	positive	ENSG00000108094:ENSG00000085788	hybrid	100GB	90%	JAFFAL
22	positive	ENSG00000260840:ENSG00000093072	truncated_tri_fusion	100GB	90%	JAFFAL
22	positive	ENSG00000173638:ENSG00000109339	truncated_tri_fusion	100GB	90%	JAFFAL
22	positive	ENSG00000283154:ENSG00000255248	false_fusion	100GB	90%	JAFFAL
22	positive	ENSG00000123191:ENSG00000181927	false_fusion	100GB	95%	JAFFAL
22	positive	ENSG00000173638:ENSG00000109339	truncated_tri_fusion	100GB	95%	JAFFAL
22	positive	ENSG00000148604:ENSG00000100811	hybrid	100GB	95%	JAFFAL
21	positive	ENSG00000206384:ENSG00000196455	read_through	100GB	90%	JAFFAL
21	positive	ENSG00000106829:ENSG00000228714	intra_chromosome	100GB	85%	JAFFAL
21	positive	ENSG00000072571:ENSG00000130714	truncated_tri_fusion	100GB	85%	JAFFAL
21	positive	ENSG00000145734:ENSG00000183476	truncated_tri_fusion	100GB	85%	JAFFAL
21	positive	ENSG00000102312:ENSG00000221910	truncated_tri_fusion	100GB	85%	JAFFAL
21	positive	ENSG00000290106:ENSG00000116205	hybrid	100GB	85%	JAFFAL
21	positive	ENSG00000072201:ENSG00000172922	false_fusion	100GB	90%	JAFFAL
21	positive	ENSG00000105819:ENSG00000214097	truncated_tri_fusion	100GB	90%	JAFFAL
21	positive	ENSG00000119685:ENSG00000167395	false_fusion	100GB	90%	JAFFAL
21	positive	ENSG00000137860:ENSG00000036672	truncated_tri_fusion	100GB	90%	JAFFAL
21	positive	ENSG00000206560:ENSG00000091651	truncated_tri_fusion	100GB	95%	JAFFAL
20	positive	ENSG00000117151:ENSG00000169231	false_fusion	100GB	95%	JAFFAL
20	positive	ENSG00000278249:ENSG00000011009	false_fusion	100GB	90%	JAFFAL
20	positive	ENSG00000072201:ENSG00000172922	false_fusion	100GB	85%	JAFFAL
20	positive	ENSG00000284770:ENSG00000198551	truncated_tri_fusion	100GB	90%	JAFFAL
20	positive	ENSG00000285053:ENSG00000198551	truncated_tri_fusion	100GB	90%	JAFFAL
20	positive	ENSG00000136504:ENSG00000277586	truncated_tri_fusion	100GB	95%	JAFFAL
20	positive	ENSG00000183476:ENSG00000225092	truncated_tri_fusion	100GB	95%	JAFFAL
19	positive	ENSG00000165060:ENSG00000285130	false_fusion	100GB	95%	JAFFAL
19	positive	ENSG00000235221:ENSG00000236581	intra_chromosome	100GB	85%	JAFFAL
19	positive	ENSG00000249859:ENSG00000253503	intra_chromosome	100GB	90%	JAFFAL
19	positive	ENSG00000169231:ENSG00000117151	false_fusion	100GB	95%	JAFFAL
19	positive	ENSG00000105819:ENSG00000214097	truncated_tri_fusion	100GB	85%	JAFFAL
19	positive	ENSG00000241577:ENSG00000247572	false_fusion	100GB	85%	JAFFAL
19	positive	ENSG00000142627:ENSG00000176746	truncated_tri_fusion	100GB	85%	JAFFAL
19	positive	ENSG00000187951:ENSG00000147041	false_fusion	100GB	85%	JAFFAL
19	positive	ENSG00000138115:ENSG00000282278	false_fusion	100GB	90%	JAFFAL
19	positive	ENSG00000254979:ENSG00000140987	truncated_tri_fusion	100GB	90%	JAFFAL
19	positive	ENSG00000187720:ENSG00000003393	truncated_tri_fusion	100GB	90%	JAFFAL
19	positive	ENSG00000256339:ENSG00000149564	hybrid	100GB	90%	JAFFAL
19	positive	ENSG00000072201:ENSG00000172922	false_fusion	100GB	95%	JAFFAL
19	positive	ENSG00000171109:ENSG00000174306	truncated_tri_fusion	100GB	95%	JAFFAL
19	positive	ENSG00000268066:ENSG00000142627	truncated_tri_fusion	100GB	95%	JAFFAL
19	positive	ENSG00000110881:ENSG00000103528	false_fusion	100GB	95%	JAFFAL
18	positive	ENSG00000167419:ENSG00000005381	read_through	100GB	90%	JAFFAL
18	positive	ENSG00000188321:ENSG00000276043	intra_chromosome	100GB	95%	JAFFAL
18	positive	ENSG00000109861:ENSG00000213619	hybrid	100GB	90%	JAFFAL
18	positive	ENSG00000168958:ENSG00000168621	truncated_tri_fusion	100GB	90%	JAFFAL
18	positive	ENSG00000105819:ENSG00000214097	truncated_tri_fusion	100GB	95%	JAFFAL
18	positive	ENSG00000146556:ENSG00000141499	hybrid	100GB	95%	JAFFAL
18	positive	ENSG00000291134:ENSG00000141499	hybrid	100GB	95%	JAFFAL
18	positive	ENSG00000156076:ENSG00000180879	hybrid	100GB	95%	JAFFAL
18	positive	ENSG00000137860:ENSG00000036672	truncated_tri_fusion	100GB	95%	JAFFAL
17	positive	ENSG00000114638:ENSG00000121578	read_through	100GB	85%	JAFFAL
17	positive	ENSG00000101158:ENSG00000101266	intra_chromosome	100GB	90%	JAFFAL
17	positive	ENSG00000113648:ENSG00000079215	hybrid	100GB	95%	JAFFAL
17	positive	ENSG00000168675:ENSG00000102898	truncated_tri_fusion	100GB	85%	JAFFAL
17	positive	ENSG00000096070:ENSG00000104218	truncated_tri_fusion	100GB	85%	JAFFAL
17	positive	ENSG00000260840:ENSG00000093072	truncated_tri_fusion	100GB	85%	JAFFAL
17	positive	ENSG00000132570:ENSG00000189167	false_fusion	100GB	90%	JAFFAL
17	positive	ENSG00000241577:ENSG00000247572	false_fusion	100GB	90%	JAFFAL
17	positive	ENSG00000105613:ENSG00000164011	hybrid	100GB	90%	JAFFAL
17	positive	ENSG00000290106:ENSG00000116205	hybrid	100GB	90%	JAFFAL
17	positive	ENSG00000129515:ENSG00000214078	false_fusion	100GB	95%	JAFFAL
17	positive	ENSG00000234456:ENSG00000139350	truncated_tri_fusion	100GB	95%	JAFFAL
17	positive	ENSG00000119314:ENSG00000226711	hybrid	100GB	95%	JAFFAL
16	positive	ENSG00000105339:ENSG00000022567	read_through	100GB	85%	JAFFAL
16	positive	ENSG00000117151:ENSG00000169231	false_fusion	100GB	85%	JAFFAL
16	positive	ENSG00000011275:ENSG00000165383	truncated_tri_fusion	100GB	85%	JAFFAL
16	positive	ENSG00000234456:ENSG00000139350	truncated_tri_fusion	100GB	85%	JAFFAL
16	positive	ENSG00000168591:ENSG00000114923	truncated_tri_fusion	100GB	85%	JAFFAL
16	positive	ENSG00000168958:ENSG00000168621	truncated_tri_fusion	100GB	85%	JAFFAL
16	positive	ENSG00000100767:ENSG00000285219	false_fusion	100GB	90%	JAFFAL
16	positive	ENSG00000148308:ENSG00000260840	truncated_tri_fusion	100GB	90%	JAFFAL
16	positive	ENSG00000188186:ENSG00000284776	hybrid	100GB	90%	JAFFAL
16	positive	ENSG00000132570:ENSG00000189167	false_fusion	100GB	95%	JAFFAL
16	positive	ENSG00000291210:ENSG00000160957	false_fusion	100GB	95%	JAFFAL
16	positive	ENSG00000260840:ENSG00000093072	truncated_tri_fusion	100GB	95%	JAFFAL
15	positive	ENSG00000178997:ENSG00000261064	intra_chromosome	100GB	90%	JAFFAL
15	positive	ENSG00000178997:ENSG00000289083	intra_chromosome	100GB	90%	JAFFAL
15	positive	ENSG00000117151:ENSG00000169231	false_fusion	100GB	90%	JAFFAL
15	positive	ENSG00000130396:ENSG00000096070	truncated_tri_fusion	100GB	85%	JAFFAL
15	positive	ENSG00000130714:ENSG00000151694	truncated_tri_fusion	100GB	85%	JAFFAL
15	positive	ENSG00000148308:ENSG00000260840	truncated_tri_fusion	100GB	85%	JAFFAL
15	positive	ENSG00000198551:ENSG00000170144	truncated_tri_fusion	100GB	85%	JAFFAL
15	positive	ENSG00000106692:ENSG00000082898	hybrid	100GB	85%	JAFFAL
15	positive	ENSG00000236963:ENSG00000136014	truncated_tri_fusion	100GB	90%	JAFFAL
15	positive	ENSG00000109736:ENSG00000109113	truncated_tri_fusion	100GB	90%	JAFFAL
15	positive	ENSG00000175334:ENSG00000066322	truncated_tri_fusion	100GB	90%	JAFFAL
15	positive	ENSG00000168591:ENSG00000255872	false_fusion	100GB	90%	JAFFAL
15	positive	ENSG00000148604:ENSG00000100811	hybrid	100GB	90%	JAFFAL
15	positive	ENSG00000189167:ENSG00000132570	false_fusion	100GB	95%	JAFFAL
15	positive	ENSG00000151322:ENSG00000163749	false_fusion	100GB	95%	JAFFAL
15	positive	ENSG00000188199:ENSG00000167258	false_fusion	100GB	95%	JAFFAL
14	positive	ENSG00000260830:ENSG00000100461	intra_chromosome	100GB	95%	JAFFAL
14	positive	ENSG00000048740:ENSG00000225830	intra_chromosome	100GB	85%	JAFFAL
14	positive	ENSG00000100767:ENSG00000285219	false_fusion	100GB	85%	JAFFAL
14	positive	ENSG00000145907:ENSG00000082805	truncated_tri_fusion	100GB	85%	JAFFAL
14	positive	ENSG00000291210:ENSG00000160957	false_fusion	100GB	90%	JAFFAL
14	positive	ENSG00000034053:ENSG00000077782	truncated_tri_fusion	100GB	90%	JAFFAL
14	positive	ENSG00000258177:ENSG00000124523	truncated_tri_fusion	100GB	90%	JAFFAL
14	positive	ENSG00000243789:ENSG00000125462	truncated_tri_fusion	100GB	90%	JAFFAL
14	positive	ENSG00000138759:ENSG00000277462	false_fusion	100GB	95%	JAFFAL
14	positive	ENSG00000010671:ENSG00000183629	truncated_tri_fusion	100GB	95%	JAFFAL
14	positive	ENSG00000236951:ENSG00000124333	false_fusion	100GB	95%	JAFFAL
14	positive	ENSG00000114302:ENSG00000114374	hybrid	100GB	95%	JAFFAL
14	positive	ENSG00000168591:ENSG00000255872	false_fusion	100GB	95%	JAFFAL
14	positive	ENSG00000082805:ENSG00000166747	truncated_tri_fusion	100GB	95%	JAFFAL
13	positive	ENSG00000198838:ENSG00000276702	read_through	100GB	85%	JAFFAL
13	positive	ENSG00000206384:ENSG00000196455	read_through	100GB	85%	JAFFAL
13	positive	ENSG00000159256:ENSG00000224924	intra_chromosome	100GB	85%	JAFFAL
13	positive	ENSG00000144320:ENSG00000168280	hybrid	100GB	90%	JAFFAL
13	positive	ENSG00000117758:ENSG00000159176	intra_chromosome	100GB	90%	JAFFAL
13	positive	ENSG00000137251:ENSG00000268416	truncated_tri_fusion	100GB	85%	JAFFAL
13	positive	ENSG00000273373:ENSG00000144815	truncated_tri_fusion	100GB	85%	JAFFAL
13	positive	ENSG00000189167:ENSG00000132570	false_fusion	100GB	90%	JAFFAL
13	positive	ENSG00000188199:ENSG00000167258	false_fusion	100GB	90%	JAFFAL
12	positive	ENSG00000146282:ENSG00000153291	intra_chromosome	100GB	90%	JAFFAL
12	positive	ENSG00000125898:ENSG00000234948	intra_chromosome	100GB	85%	JAFFAL
12	positive	ENSG00000103415:ENSG00000103160	intra_chromosome	100GB	85%	JAFFAL
12	positive	ENSG00000171109:ENSG00000174306	truncated_tri_fusion	100GB	85%	JAFFAL
12	positive	ENSG00000132570:ENSG00000189167	false_fusion	100GB	85%	JAFFAL
12	positive	ENSG00000285219:ENSG00000100767	false_fusion	100GB	90%	JAFFAL
12	positive	ENSG00000172922:ENSG00000072201	false_fusion	100GB	90%	JAFFAL
12	positive	ENSG00000129515:ENSG00000214078	false_fusion	100GB	90%	JAFFAL
12	positive	ENSG00000140987:ENSG00000160752	truncated_tri_fusion	100GB	90%	JAFFAL
12	positive	ENSG00000049759:ENSG00000203734	truncated_tri_fusion	100GB	90%	JAFFAL
12	positive	ENSG00000285219:ENSG00000100767	false_fusion	100GB	95%	JAFFAL
12	positive	ENSG00000235059:ENSG00000124333	chromosomal_misalignment: intra_chromosome	100GB	95%	JAFFAL
12	positive	ENSG00000255872:ENSG00000168591	false_fusion	100GB	95%	JAFFAL
12	positive	ENSG00000285171:ENSG00000087111	hybrid	100GB	95%	JAFFAL
11	positive	ENSG00000167419:ENSG00000005381	read_through	100GB	85%	JAFFAL
11	positive	ENSG00000100075:ENSG00000100034	intra_chromosome	100GB	95%	JAFFAL
11	positive	ENSG00000196433:ENSG00000086758	intra_chromosome	100GB	90%	JAFFAL
11	positive	ENSG00000169231:ENSG00000117151	false_fusion	100GB	90%	JAFFAL
11	positive	ENSG00000256339:ENSG00000149564	hybrid	100GB	85%	JAFFAL
11	positive	ENSG00000187720:ENSG00000003393	truncated_tri_fusion	100GB	85%	JAFFAL
11	positive	ENSG00000150753:ENSG00000264860	hybrid	100GB	85%	JAFFAL
11	positive	ENSG00000243789:ENSG00000125462	truncated_tri_fusion	100GB	85%	JAFFAL
11	positive	ENSG00000255872:ENSG00000168591	false_fusion	100GB	90%	JAFFAL
11	positive	ENSG00000261739:ENSG00000186115	false_fusion	100GB	95%	JAFFAL
11	positive	ENSG00000175334:ENSG00000066322	truncated_tri_fusion	100GB	95%	JAFFAL
11	positive	ENSG00000283684:ENSG00000186088	false_fusion	100GB	95%	JAFFAL
10	positive	ENSG00000198838:ENSG00000276702	read_through	100GB	95%	JAFFAL
10	positive	ENSG00000198838:ENSG00000276702	read_through	100GB	90%	JAFFAL
10	positive	ENSG00000095303:ENSG00000233616	read_through	100GB	85%	JAFFAL
10	positive	ENSG00000285130:ENSG00000165060	false_fusion	100GB	95%	JAFFAL
10	positive	ENSG00000106829:ENSG00000228714	intra_chromosome	10GB	95%	JAFFAL
10	positive	ENSG00000117758:ENSG00000159176	intra_chromosome	100GB	85%	JAFFAL
10	positive	ENSG00000167257:ENSG00000081692	hybrid	100GB	85%	JAFFAL
10	positive	ENSG00000123191:ENSG00000181927	false_fusion	100GB	90%	JAFFAL
10	positive	ENSG00000183476:ENSG00000225092	truncated_tri_fusion	100GB	90%	JAFFAL
10	positive	ENSG00000278595:ENSG00000226994	hybrid	100GB	95%	JAFFAL
10	positive	ENSG00000214078:ENSG00000283103	truncated_tri_fusion	100GB	95%	JAFFAL
9	positive	ENSG00000167419:ENSG00000005381	read_through	100GB	95%	JAFFAL
9	positive	ENSG00000266412:ENSG00000289092	read_through	100GB	95%	JAFFAL
9	positive	ENSG00000090061:ENSG00000205476	read_through	100GB	90%	JAFFAL
9	positive	ENSG00000178997:ENSG00000261064	intra_chromosome	100GB	95%	JAFFAL
9	positive	ENSG00000178997:ENSG00000289083	intra_chromosome	100GB	95%	JAFFAL
9	positive	ENSG00000169231:ENSG00000117151	false_fusion	100GB	85%	JAFFAL
9	positive	ENSG00000103415:ENSG00000103160	intra_chromosome	100GB	90%	JAFFAL
9	positive	ENSG00000189167:ENSG00000132570	false_fusion	100GB	85%	JAFFAL
9	positive	ENSG00000114786:ENSG00000260995	truncated_tri_fusion	100GB	85%	JAFFAL
9	positive	ENSG00000258177:ENSG00000124523	truncated_tri_fusion	100GB	85%	JAFFAL
9	positive	ENSG00000138698:ENSG00000198246	truncated_tri_fusion	100GB	90%	JAFFAL
9	positive	ENSG00000172922:ENSG00000072201	false_fusion	100GB	95%	JAFFAL
9	positive	ENSG00000170873:ENSG00000109339	hybrid	100GB	95%	JAFFAL
9	positive	ENSG00000102977:ENSG00000244474	false_fusion	100GB	95%	JAFFAL
9	positive	ENSG00000181927:ENSG00000123191	false_fusion	100GB	95%	JAFFAL
9	positive	ENSG00000181523:ENSG00000140853	truncated_tri_fusion	100GB	95%	JAFFAL
8	positive	ENSG00000264569:ENSG00000169733	read_through	100GB	95%	JAFFAL
8	positive	ENSG00000090061:ENSG00000205476	read_through	100GB	85%	JAFFAL
8	positive	ENSG00000114638:ENSG00000121578	read_through	10GB	95%	JAFFAL
8	positive	ENSG00000260737:ENSG00000197302	intra_chromosome	10GB	95%	JAFFAL
8	positive	ENSG00000196433:ENSG00000086758	intra_chromosome	100GB	95%	JAFFAL
8	positive	ENSG00000095261:ENSG00000281649	intra_chromosome	100GB	85%	JAFFAL
8	positive	ENSG00000289039:ENSG00000095794	intra_chromosome	100GB	85%	JAFFAL
8	positive	ENSG00000172922:ENSG00000072201	false_fusion	100GB	85%	JAFFAL
8	positive	ENSG00000284770:ENSG00000198551	truncated_tri_fusion	100GB	85%	JAFFAL
8	positive	ENSG00000285053:ENSG00000198551	truncated_tri_fusion	100GB	85%	JAFFAL
8	positive	ENSG00000291210:ENSG00000160957	false_fusion	100GB	85%	JAFFAL
8	positive	ENSG00000105613:ENSG00000164011	hybrid	100GB	85%	JAFFAL
8	positive	ENSG00000151322:ENSG00000163749	false_fusion	100GB	90%	JAFFAL
8	positive	ENSG00000138759:ENSG00000277462	false_fusion	100GB	90%	JAFFAL
8	positive	ENSG00000236951:ENSG00000124333	false_fusion	100GB	90%	JAFFAL
8	positive	ENSG00000181927:ENSG00000123191	false_fusion	100GB	90%	JAFFAL
8	positive	ENSG00000128510:ENSG00000163930	truncated_tri_fusion	100GB	90%	JAFFAL
8	positive	ENSG00000163749:ENSG00000151322	false_fusion	100GB	90%	JAFFAL
8	positive	ENSG00000288769:ENSG00000111907	hybrid	100GB	90%	JAFFAL
8	positive	ENSG00000151694:ENSG00000185798	truncated_tri_fusion	100GB	95%	JAFFAL
8	positive	ENSG00000010671:ENSG00000153684	false_fusion	100GB	95%	JAFFAL
8	positive	ENSG00000259285:ENSG00000204661	hybrid	100GB	95%	JAFFAL
7	positive	ENSG00000188321:ENSG00000276043	intra_chromosome	100GB	90%	JAFFAL
7	positive	ENSG00000178997:ENSG00000261064	intra_chromosome	100GB	85%	JAFFAL
7	positive	ENSG00000178997:ENSG00000289083	intra_chromosome	100GB	85%	JAFFAL
7	positive	ENSG00000236963:ENSG00000136014	truncated_tri_fusion	100GB	85%	JAFFAL
7	positive	ENSG00000105372:ENSG00000214078	truncated_tri_fusion	100GB	85%	JAFFAL
7	positive	ENSG00000129515:ENSG00000214078	false_fusion	100GB	85%	JAFFAL
7	positive	ENSG00000173638:ENSG00000109339	truncated_tri_fusion	100GB	85%	JAFFAL
7	positive	ENSG00000119685:ENSG00000167395	false_fusion	100GB	85%	JAFFAL
7	positive	ENSG00000137860:ENSG00000036672	truncated_tri_fusion	100GB	85%	JAFFAL
7	positive	ENSG00000168591:ENSG00000255872	false_fusion	100GB	85%	JAFFAL
7	positive	ENSG00000245910:ENSG00000108465	truncated_tri_fusion	100GB	90%	JAFFAL
7	positive	ENSG00000132003:ENSG00000078699	truncated_tri_fusion	100GB	90%	JAFFAL
7	positive	ENSG00000068097:ENSG00000196586	truncated_tri_fusion	100GB	90%	JAFFAL
7	positive	ENSG00000082805:ENSG00000166747	truncated_tri_fusion	100GB	90%	JAFFAL
7	positive	ENSG00000156076:ENSG00000180879	hybrid	100GB	90%	JAFFAL
7	positive	ENSG00000259285:ENSG00000204661	hybrid	100GB	90%	JAFFAL
7	positive	ENSG00000077684:ENSG00000223768	hybrid	10GB	90%	JAFFAL
7	positive	ENSG00000245910:ENSG00000108465	truncated_tri_fusion	100GB	95%	JAFFAL
7	positive	ENSG00000100767:ENSG00000285219	false_fusion	10GB	95%	JAFFAL
7	positive	ENSG00000168675:ENSG00000102898	truncated_tri_fusion	10GB	95%	JAFFAL
7	positive	ENSG00000003393:ENSG00000145916	truncated_tri_fusion	10GB	95%	JAFFAL
7	positive	ENSG00000102312:ENSG00000221910	truncated_tri_fusion	10GB	95%	JAFFAL
6	positive	ENSG00000167419:ENSG00000005381	read_through	10GB	90%	JAFFAL
6	positive	ENSG00000143669:ENSG00000206803	read_through	100GB	95%	JAFFAL
6	positive	ENSG00000235162:ENSG00000286520	read_through	10GB	90%	JAFFAL
6	positive	ENSG00000181927:ENSG00000166900	false_fusion	100GB	95%	JAFFAL
6	positive	ENSG00000119899:ENSG00000146223	intra_chromosome	10GB	85%	JAFFAL
6	positive	ENSG00000125898:ENSG00000234948	intra_chromosome	10GB	90%	JAFFAL
6	positive	ENSG00000289039:ENSG00000095794	intra_chromosome	10GB	95%	JAFFAL
6	positive	ENSG00000111300:ENSG00000139197	intra_chromosome	100GB	95%	JAFFAL
6	positive	ENSG00000130396:ENSG00000096070	truncated_tri_fusion	10GB	90%	JAFFAL
6	positive	ENSG00000285219:ENSG00000100767	false_fusion	100GB	85%	JAFFAL
6	positive	ENSG00000214078:ENSG00000283103	truncated_tri_fusion	100GB	85%	JAFFAL
6	positive	ENSG00000283154:ENSG00000255248	false_fusion	100GB	85%	JAFFAL
6	positive	ENSG00000114302:ENSG00000114374	hybrid	100GB	90%	JAFFAL
6	positive	ENSG00000010671:ENSG00000183629	truncated_tri_fusion	100GB	90%	JAFFAL
6	positive	ENSG00000235059:ENSG00000124333	chromosomal_misalignment: intra_chromosome	100GB	90%	JAFFAL
6	positive	ENSG00000214078:ENSG00000283103	truncated_tri_fusion	100GB	90%	JAFFAL
6	positive	ENSG00000281920:ENSG00000198363	truncated_tri_fusion	100GB	90%	JAFFAL
6	positive	ENSG00000187720:ENSG00000003393	truncated_tri_fusion	10GB	90%	JAFFAL
6	positive	ENSG00000081985:ENSG00000184619	truncated_tri_fusion	10GB	90%	JAFFAL
6	positive	ENSG00000145907:ENSG00000082805	truncated_tri_fusion	10GB	90%	JAFFAL
6	positive	ENSG00000244474:ENSG00000102977	false_fusion	100GB	95%	JAFFAL
6	positive	ENSG00000163749:ENSG00000151322	false_fusion	100GB	95%	JAFFAL
6	positive	ENSG00000260983:ENSG00000173113	false_fusion	100GB	95%	JAFFAL
6	positive	ENSG00000258177:ENSG00000124523	truncated_tri_fusion	10GB	95%	JAFFAL
6	positive	ENSG00000206560:ENSG00000091651	truncated_tri_fusion	10GB	95%	JAFFAL
6	positive	ENSG00000167257:ENSG00000081692	hybrid	10GB	95%	JAFFAL
5	positive	ENSG00000165060:ENSG00000285130	false_fusion	10GB	95%	JAFFAL
5	positive	ENSG00000189229:ENSG00000226258	false_fusion:Sense-Antisense	100GB	95%	JAFFAL
5	positive	ENSG00000105339:ENSG00000022567	read_through	10GB	90%	JAFFAL
5	positive	ENSG00000181927:ENSG00000166900	false_fusion	100GB	85%	JAFFAL
5	positive	ENSG00000144320:ENSG00000168280	hybrid	10GB	95%	JAFFAL
5	positive	ENSG00000182621:ENSG00000124155	intra_chromosome	10GB	90%	JAFFAL
5	positive	ENSG00000048740:ENSG00000225830	intra_chromosome	10GB	95%	JAFFAL
5	positive	ENSG00000147434:ENSG00000164953	intra_chromosome	100GB	85%	JAFFAL
5	positive	ENSG00000103415:ENSG00000103160	intra_chromosome	10GB	95%	JAFFAL
5	positive	ENSG00000227083:ENSG00000235262	intra_chromosome	10GB	95%	JAFFAL
5	positive	ENSG00000245910:ENSG00000108465	truncated_tri_fusion	100GB	85%	JAFFAL
5	positive	ENSG00000206560:ENSG00000091651	truncated_tri_fusion	100GB	85%	JAFFAL
5	positive	ENSG00000123191:ENSG00000181927	false_fusion	100GB	85%	JAFFAL
5	positive	ENSG00000121988:ENSG00000082805	false_fusion	100GB	85%	JAFFAL
5	positive	ENSG00000168676:ENSG00000198677	truncated_tri_fusion	100GB	85%	JAFFAL
5	positive	ENSG00000136504:ENSG00000277586	truncated_tri_fusion	100GB	90%	JAFFAL
5	positive	ENSG00000147573:ENSG00000049759	truncated_tri_fusion	100GB	90%	JAFFAL
5	positive	ENSG00000108094:ENSG00000085788	hybrid	10GB	90%	JAFFAL
5	positive	ENSG00000138759:ENSG00000104490	truncated_tri_fusion	10GB	90%	JAFFAL
5	positive	ENSG00000106692:ENSG00000082898	hybrid	10GB	90%	JAFFAL
5	positive	ENSG00000277462:ENSG00000138759	false_fusion	100GB	95%	JAFFAL
5	positive	ENSG00000154040:ENSG00000262686	truncated_tri_fusion	100GB	95%	JAFFAL
5	positive	ENSG00000121653:ENSG00000119686	truncated_tri_fusion	100GB	95%	JAFFAL
5	positive	ENSG00000254979:ENSG00000140987	truncated_tri_fusion	10GB	95%	JAFFAL
5	positive	ENSG00000284770:ENSG00000198551	truncated_tri_fusion	10GB	95%	JAFFAL
5	positive	ENSG00000285053:ENSG00000198551	truncated_tri_fusion	10GB	95%	JAFFAL
5	positive	ENSG00000286799:ENSG00000257497	truncated_tri_fusion	10GB	95%	JAFFAL
5	positive	ENSG00000168591:ENSG00000114923	truncated_tri_fusion	10GB	95%	JAFFAL
5	positive	ENSG00000106819:ENSG00000124787	truncated_tri_fusion	10GB	95%	JAFFAL
5	positive	ENSG00000036672:ENSG00000261821	truncated_tri_fusion	10GB	95%	JAFFAL
5	positive	ENSG00000143198:ENSG00000167881	truncated_tri_fusion	10GB	95%	JAFFAL
5	positive	ENSG00000157916:ENSG00000205835	hybrid	10GB	95%	JAFFAL
5	positive	ENSG00000243789:ENSG00000125462	truncated_tri_fusion	10GB	95%	JAFFAL
4	positive	ENSG00000184363:ENSG00000185187	read_through	100GB	95%	JAFFAL
4	positive	ENSG00000095303:ENSG00000233616	read_through	10GB	95%	JAFFAL
4	positive	ENSG00000139151:ENSG00000255648	read_through	10GB	95%	JAFFAL
4	positive	ENSG00000285130:ENSG00000165060	false_fusion	100GB	90%	JAFFAL
4	positive	ENSG00000235162:ENSG00000286520	read_through	10GB	95%	JAFFAL
4	positive	ENSG00000178997:ENSG00000261064	intra_chromosome	100GB	90%	JAFFAL
4	positive	ENSG00000178997:ENSG00000289083	intra_chromosome	100GB	90%	JAFFAL
4	positive	ENSG00000105711:ENSG00000105063	intra_chromosome	100GB	95%	JAFFAL
4	positive	ENSG00000113569:ENSG00000145675	intra_chromosome	10GB	95%	JAFFAL
4	positive	ENSG00000106829:ENSG00000228714	intra_chromosome	10GB	85%	JAFFAL
4	positive	ENSG00000235221:ENSG00000236581	intra_chromosome	10GB	95%	JAFFAL
4	positive	ENSG00000182621:ENSG00000124155	intra_chromosome	10GB	85%	JAFFAL
4	positive	ENSG00000182621:ENSG00000124155	intra_chromosome	10GB	95%	JAFFAL
4	positive	ENSG00000249859:ENSG00000253503	intra_chromosome	10GB	95%	JAFFAL
4	positive	ENSG00000249859:ENSG00000253503	intra_chromosome	10GB	90%	JAFFAL
4	positive	ENSG00000135241:ENSG00000225612	intra_chromosome	10GB	95%	JAFFAL
4	positive	ENSG00000135241:ENSG00000225612	intra_chromosome	100GB	85%	JAFFAL
4	positive	ENSG00000162302:ENSG00000137707	truncated_tri_fusion	10GB	85%	JAFFAL
4	positive	ENSG00000147434:ENSG00000164953	intra_chromosome	10GB	90%	JAFFAL
4	positive	ENSG00000196433:ENSG00000086758	intra_chromosome	100GB	85%	JAFFAL
4	positive	ENSG00000167588:ENSG00000110887	intra_chromosome	100GB	95%	JAFFAL
4	positive	ENSG00000221886:ENSG00000174695	intra_chromosome	10GB	90%	JAFFAL
4	positive	ENSG00000221886:ENSG00000174695	intra_chromosome	10GB	95%	JAFFAL
4	positive	ENSG00000186487:ENSG00000138380	intra_chromosome	10GB	90%	JAFFAL
4	positive	ENSG00000258938:ENSG00000168675	false_fusion	100GB	85%	JAFFAL
4	positive	ENSG00000236951:ENSG00000124333	false_fusion	100GB	85%	JAFFAL
4	positive	ENSG00000034053:ENSG00000077782	truncated_tri_fusion	100GB	85%	JAFFAL
4	positive	ENSG00000168675:ENSG00000258938	false_fusion	100GB	85%	JAFFAL
4	positive	ENSG00000146556:ENSG00000141499	hybrid	100GB	85%	JAFFAL
4	positive	ENSG00000291134:ENSG00000141499	hybrid	100GB	85%	JAFFAL
4	positive	ENSG00000255872:ENSG00000168591	false_fusion	100GB	85%	JAFFAL
4	positive	ENSG00000100767:ENSG00000285219	false_fusion	10GB	85%	JAFFAL
4	positive	ENSG00000011275:ENSG00000165383	truncated_tri_fusion	10GB	85%	JAFFAL
4	positive	ENSG00000142627:ENSG00000176746	truncated_tri_fusion	10GB	85%	JAFFAL
4	positive	ENSG00000157916:ENSG00000205835	hybrid	10GB	85%	JAFFAL
4	positive	ENSG00000081985:ENSG00000184619	truncated_tri_fusion	10GB	85%	JAFFAL
4	positive	ENSG00000168676:ENSG00000198677	truncated_tri_fusion	100GB	90%	JAFFAL
4	positive	ENSG00000277462:ENSG00000138759	false_fusion	100GB	90%	JAFFAL
4	positive	ENSG00000234255:ENSG00000251011	hybrid	100GB	90%	JAFFAL
4	positive	ENSG00000105819:ENSG00000214097	truncated_tri_fusion	10GB	90%	JAFFAL
4	positive	ENSG00000241577:ENSG00000247572	false_fusion	10GB	90%	JAFFAL
4	positive	ENSG00000168675:ENSG00000102898	truncated_tri_fusion	10GB	90%	JAFFAL
4	positive	ENSG00000132170:ENSG00000181786	truncated_tri_fusion	10GB	90%	JAFFAL
4	positive	ENSG00000106819:ENSG00000124787	truncated_tri_fusion	10GB	90%	JAFFAL
4	positive	ENSG00000273373:ENSG00000144815	truncated_tri_fusion	10GB	90%	JAFFAL
4	positive	ENSG00000254979:ENSG00000140987	truncated_tri_fusion	10GB	90%	JAFFAL
4	positive	ENSG00000225676:ENSG00000136861	hybrid	10GB	90%	JAFFAL
4	positive	ENSG00000137251:ENSG00000268416	truncated_tri_fusion	10GB	90%	JAFFAL
4	positive	ENSG00000290732:ENSG00000186088	false_fusion	100GB	95%	JAFFAL
4	positive	ENSG00000183696:ENSG00000260983	false_fusion	100GB	95%	JAFFAL
4	positive	ENSG00000119314:ENSG00000215374	false_fusion	100GB	95%	JAFFAL
4	positive	ENSG00000082805:ENSG00000166747	truncated_tri_fusion	10GB	95%	JAFFAL
4	positive	ENSG00000144815:ENSG00000171735	truncated_tri_fusion	10GB	95%	JAFFAL
4	positive	ENSG00000109736:ENSG00000109113	truncated_tri_fusion	10GB	95%	JAFFAL
4	positive	ENSG00000204659:ENSG00000228274	truncated_tri_fusion	10GB	95%	JAFFAL
4	positive	ENSG00000228570:ENSG00000167258	hybrid	10GB	95%	JAFFAL
4	positive	ENSG00000256339:ENSG00000149564	hybrid	10GB	95%	JAFFAL
4	positive	ENSG00000187951:ENSG00000147041	false_fusion	10GB	95%	JAFFAL
4	positive	ENSG00000137860:ENSG00000036672	truncated_tri_fusion	10GB	95%	JAFFAL
4	positive	ENSG00000198551:ENSG00000170144	truncated_tri_fusion	10GB	95%	JAFFAL
4	positive	ENSG00000114786:ENSG00000260995	truncated_tri_fusion	10GB	95%	JAFFAL
4	positive	ENSG00000148308:ENSG00000260840	truncated_tri_fusion	10GB	95%	JAFFAL
3	positive	ENSG00000233593:ENSG00000285532	read_through	100GB	85%	JAFFAL
3	positive	ENSG00000160766:ENSG00000177628	false_fusion	100GB	85%	JAFFAL
3	positive	ENSG00000291137:ENSG00000177628	false_fusion	100GB	85%	JAFFAL
3	positive	ENSG00000114638:ENSG00000121578	read_through	10GB	90%	JAFFAL
3	positive	ENSG00000095303:ENSG00000233616	read_through	10GB	90%	JAFFAL
3	positive	ENSG00000139151:ENSG00000255648	read_through	100GB	90%	JAFFAL
3	positive	ENSG00000165060:ENSG00000285130	false_fusion	100GB	90%	JAFFAL
3	positive	ENSG00000236494:ENSG00000233219	read_through	10GB	95%	JAFFAL
3	positive	ENSG00000188321:ENSG00000276043	intra_chromosome	10GB	95%	JAFFAL
3	positive	ENSG00000178997:ENSG00000261064	intra_chromosome	100GB	95%	JAFFAL
3	positive	ENSG00000178997:ENSG00000289083	intra_chromosome	100GB	95%	JAFFAL
3	positive	ENSG00000178997:ENSG00000261064	intra_chromosome	10GB	85%	JAFFAL
3	positive	ENSG00000178997:ENSG00000289083	intra_chromosome	10GB	85%	JAFFAL
3	positive	ENSG00000159256:ENSG00000224924	intra_chromosome	10GB	90%	JAFFAL
3	positive	ENSG00000159256:ENSG00000224924	intra_chromosome	10GB	95%	JAFFAL
3	positive	ENSG00000213983:ENSG00000126777	intra_chromosome	10GB	85%	JAFFAL
3	positive	ENSG00000213983:ENSG00000126777	intra_chromosome	10GB	90%	JAFFAL
3	positive	ENSG00000136014:ENSG00000135517	truncated_tri_fusion	10GB	95%	JAFFAL
3	positive	ENSG00000146282:ENSG00000153291	intra_chromosome	10GB	95%	JAFFAL
3	positive	ENSG00000249859:ENSG00000253503	intra_chromosome	100GB	85%	JAFFAL
3	positive	ENSG00000135241:ENSG00000225612	intra_chromosome	10GB	90%	JAFFAL
3	positive	ENSG00000162302:ENSG00000137707	truncated_tri_fusion	10GB	95%	JAFFAL
3	positive	ENSG00000134802:ENSG00000246273	intra_chromosome	10GB	90%	JAFFAL
3	positive	ENSG00000134802:ENSG00000246273	intra_chromosome	10GB	95%	JAFFAL
3	positive	ENSG00000260737:ENSG00000197302	intra_chromosome	1GB	95%	JAFFAL
3	positive	ENSG00000147434:ENSG00000164953	intra_chromosome	10GB	95%	JAFFAL
3	positive	ENSG00000272274:ENSG00000236581	intra_chromosome	10GB	85%	JAFFAL
3	positive	ENSG00000272274:ENSG00000236581	intra_chromosome	10GB	95%	JAFFAL
3	positive	ENSG00000291178:ENSG00000136235	intra_chromosome	100GB	95%	JAFFAL
3	positive	ENSG00000095261:ENSG00000281649	intra_chromosome	10GB	95%	JAFFAL
3	positive	ENSG00000278249:ENSG00000011009	false_fusion	10GB	90%	JAFFAL
3	positive	ENSG00000227083:ENSG00000235262	intra_chromosome	10GB	85%	JAFFAL
3	positive	ENSG00000113648:ENSG00000079215	hybrid	10GB	95%	JAFFAL
3	positive	ENSG00000132915:ENSG00000168621	false_fusion	100GB	90%	JAFFAL
3	positive	ENSG00000168556:ENSG00000063978	intra_chromosome	10GB	85%	JAFFAL
3	positive	ENSG00000168556:ENSG00000063978	intra_chromosome	10GB	95%	JAFFAL
3	positive	ENSG00000132003:ENSG00000078699	truncated_tri_fusion	100GB	85%	JAFFAL
3	positive	ENSG00000128510:ENSG00000163930	truncated_tri_fusion	100GB	85%	JAFFAL
3	positive	ENSG00000188199:ENSG00000167258	false_fusion	100GB	85%	JAFFAL
3	positive	ENSG00000151812:ENSG00000283352	false_fusion	100GB	85%	JAFFAL
3	positive	ENSG00000290689:ENSG00000160957	false_fusion	100GB	85%	JAFFAL
3	positive	ENSG00000138698:ENSG00000198246	truncated_tri_fusion	100GB	85%	JAFFAL
3	positive	ENSG00000147573:ENSG00000049759	truncated_tri_fusion	100GB	85%	JAFFAL
3	positive	ENSG00000145734:ENSG00000183476	truncated_tri_fusion	10GB	85%	JAFFAL
3	positive	ENSG00000273373:ENSG00000144815	truncated_tri_fusion	10GB	85%	JAFFAL
3	positive	ENSG00000138759:ENSG00000104490	truncated_tri_fusion	10GB	85%	JAFFAL
3	positive	ENSG00000145907:ENSG00000082805	truncated_tri_fusion	10GB	85%	JAFFAL
3	positive	ENSG00000102312:ENSG00000221910	truncated_tri_fusion	10GB	85%	JAFFAL
3	positive	ENSG00000277757:ENSG00000214078	false_fusion	100GB	90%	JAFFAL
3	positive	ENSG00000105372:ENSG00000214078	truncated_tri_fusion	100GB	90%	JAFFAL
3	positive	ENSG00000196136:ENSG00000081051	false_fusion	100GB	90%	JAFFAL
3	positive	ENSG00000146556:ENSG00000141499	hybrid	100GB	90%	JAFFAL
3	positive	ENSG00000291134:ENSG00000141499	hybrid	100GB	90%	JAFFAL
3	positive	ENSG00000121988:ENSG00000082805	false_fusion	100GB	90%	JAFFAL
3	positive	ENSG00000197462:ENSG00000141576	truncated_tri_fusion	100GB	90%	JAFFAL
3	positive	ENSG00000010671:ENSG00000153684	false_fusion	100GB	90%	JAFFAL
3	positive	ENSG00000268066:ENSG00000142627	truncated_tri_fusion	100GB	90%	JAFFAL
3	positive	ENSG00000204659:ENSG00000228274	truncated_tri_fusion	10GB	90%	JAFFAL
3	positive	ENSG00000114786:ENSG00000260995	truncated_tri_fusion	10GB	90%	JAFFAL
3	positive	ENSG00000124523:ENSG00000124486	truncated_tri_fusion	10GB	90%	JAFFAL
3	positive	ENSG00000148604:ENSG00000100811	hybrid	10GB	90%	JAFFAL
3	positive	ENSG00000167257:ENSG00000081692	hybrid	10GB	90%	JAFFAL
3	positive	ENSG00000036672:ENSG00000261821	truncated_tri_fusion	10GB	90%	JAFFAL
3	positive	ENSG00000142627:ENSG00000176746	truncated_tri_fusion	10GB	90%	JAFFAL
3	positive	ENSG00000143198:ENSG00000167881	truncated_tri_fusion	10GB	90%	JAFFAL
3	positive	ENSG00000175334:ENSG00000066322	truncated_tri_fusion	10GB	90%	JAFFAL
3	positive	ENSG00000256339:ENSG00000149564	hybrid	10GB	90%	JAFFAL
3	positive	ENSG00000284770:ENSG00000198551	truncated_tri_fusion	10GB	90%	JAFFAL
3	positive	ENSG00000285053:ENSG00000198551	truncated_tri_fusion	10GB	90%	JAFFAL
3	positive	ENSG00000258177:ENSG00000124523	truncated_tri_fusion	10GB	90%	JAFFAL
3	positive	ENSG00000123191:ENSG00000181927	false_fusion	10GB	90%	JAFFAL
3	positive	ENSG00000009830:ENSG00000087258	hybrid	10GB	90%	JAFFAL
3	positive	ENSG00000187951:ENSG00000147041	false_fusion	10GB	90%	JAFFAL
3	positive	ENSG00000243789:ENSG00000125462	truncated_tri_fusion	10GB	90%	JAFFAL
3	positive	ENSG00000096070:ENSG00000104218	truncated_tri_fusion	10GB	90%	JAFFAL
3	positive	ENSG00000188186:ENSG00000284776	hybrid	10GB	90%	JAFFAL
3	positive	ENSG00000186088:ENSG00000077380	truncated_tri_fusion	10GB	90%	JAFFAL
3	positive	ENSG00000260995:ENSG00000165806	truncated_tri_fusion	10GB	90%	JAFFAL
3	positive	ENSG00000079387:ENSG00000167110	false_fusion	100GB	95%	JAFFAL
3	positive	ENSG00000278916:ENSG00000267448	truncated_tri_fusion	100GB	95%	JAFFAL
3	positive	ENSG00000290689:ENSG00000160957	false_fusion	100GB	95%	JAFFAL
3	positive	ENSG00000168676:ENSG00000198677	truncated_tri_fusion	100GB	95%	JAFFAL
3	positive	ENSG00000168675:ENSG00000258938	false_fusion	100GB	95%	JAFFAL
3	positive	ENSG00000221886:ENSG00000127530	false_fusion	100GB	95%	JAFFAL
3	positive	ENSG00000068097:ENSG00000196586	truncated_tri_fusion	10GB	95%	JAFFAL
3	positive	ENSG00000273471:ENSG00000186088	false_fusion	10GB	95%	JAFFAL
3	positive	ENSG00000171109:ENSG00000174306	truncated_tri_fusion	10GB	95%	JAFFAL
3	positive	ENSG00000138698:ENSG00000198246	truncated_tri_fusion	10GB	95%	JAFFAL
3	positive	ENSG00000145907:ENSG00000082805	truncated_tri_fusion	10GB	95%	JAFFAL
3	positive	ENSG00000011275:ENSG00000165383	truncated_tri_fusion	10GB	95%	JAFFAL
3	positive	ENSG00000241577:ENSG00000247572	false_fusion	10GB	95%	JAFFAL
3	positive	ENSG00000273373:ENSG00000144815	truncated_tri_fusion	10GB	95%	JAFFAL
3	positive	ENSG00000156076:ENSG00000180879	hybrid	10GB	95%	JAFFAL
3	positive	ENSG00000151812:ENSG00000283352	false_fusion	10GB	95%	JAFFAL
3	positive	ENSG00000102977:ENSG00000244474	false_fusion	10GB	95%	JAFFAL
3	positive	ENSG00000168591:ENSG00000255872	false_fusion	10GB	95%	JAFFAL
3	positive	ENSG00000136504:ENSG00000277586	truncated_tri_fusion	10GB	95%	JAFFAL
3	positive	ENSG00000225676:ENSG00000136861	hybrid	10GB	95%	JAFFAL
3	positive	ENSG00000132170:ENSG00000181786	truncated_tri_fusion	10GB	95%	JAFFAL
3	positive	ENSG00000138759:ENSG00000104490	truncated_tri_fusion	10GB	95%	JAFFAL
3	positive	ENSG00000072571:ENSG00000130714	truncated_tri_fusion	10GB	95%	JAFFAL
3	positive	ENSG00000285565:ENSG00000141499	hybrid	10GB	95%	JAFFAL
3	positive	ENSG00000137251:ENSG00000268416	truncated_tri_fusion	10GB	95%	JAFFAL
3	positive	ENSG00000197462:ENSG00000141576	truncated_tri_fusion	10GB	95%	JAFFAL
3	positive	ENSG00000106692:ENSG00000082898	hybrid	10GB	95%	JAFFAL
3	positive	ENSG00000130714:ENSG00000151694	truncated_tri_fusion	10GB	95%	JAFFAL
3	positive	ENSG00000260995:ENSG00000165806	truncated_tri_fusion	10GB	95%	JAFFAL
3	positive	ENSG00000094631:ENSG00000186409	truncated_tri_fusion	10GB	95%	JAFFAL
3	positive	ENSG00000110881:ENSG00000103528	false_fusion	10GB	95%	JAFFAL
3	positive	ENSG00000034053:ENSG00000077782	truncated_tri_fusion	10GB	95%	JAFFAL
2	positive	ENSG00000264569:ENSG00000169733	read_through	100GB	90%	JAFFAL
2	positive	ENSG00000223634:ENSG00000235497	read_through	100GB	85%	JAFFAL
2	positive	ENSG00000090061:ENSG00000205476	read_through	100GB	95%	JAFFAL
2	positive	ENSG00000160766:ENSG00000177628	false_fusion	100GB	95%	JAFFAL
2	positive	ENSG00000291137:ENSG00000177628	false_fusion	100GB	95%	JAFFAL
2	positive	ENSG00000139151:ENSG00000255648	read_through	1GB	95%	JAFFAL
2	positive	ENSG00000143669:ENSG00000206803	read_through	10GB	95%	JAFFAL
2	positive	ENSG00000285130:ENSG00000165060	false_fusion	10GB	95%	JAFFAL
2	positive	ENSG00000081051:ENSG00000163631	false_fusion	100GB	85%	JAFFAL
2	positive	ENSG00000189229:ENSG00000226258	false_fusion:Sense-Antisense	100GB	90%	JAFFAL
2	negative	ENSG00000226258:ENSG00000189229	false_fusion:Sense-Antisense	100GB	95%	JAFFAL
2	positive	ENSG00000236494:ENSG00000233219	read_through	100GB	85%	JAFFAL
2	positive	ENSG00000105339:ENSG00000022567	read_through	100GB	90%	JAFFAL
2	positive	ENSG00000254485:ENSG00000196220	false_fusion	10GB	90%	JAFFAL
2	positive	ENSG00000284686:ENSG00000260971	false_fusion	100GB	90%	JAFFAL
2	positive	ENSG00000196136:ENSG00000197249	false_fusion	100GB	95%	JAFFAL
2	positive	ENSG00000230417:ENSG00000282863	false_fusion	10GB	90%	JAFFAL
2	negative	ENSG00000230417:ENSG00000282863	false_fusion	10GB	85%	JAFFAL
2	positive	ENSG00000237850:ENSG00000261480	false_fusion	100GB	95%	JAFFAL
2	positive	ENSG00000237850:ENSG00000188626	false_fusion	100GB	95%	JAFFAL
2	negative	ENSG00000182568:ENSG00000131374	false_fusion	10GB	90%	JAFFAL
2	negative	ENSG00000182568:ENSG00000131374	false_fusion	10GB	95%	JAFFAL
2	positive	ENSG00000260830:ENSG00000100461	intra_chromosome	10GB	95%	JAFFAL
2	positive	ENSG00000260830:ENSG00000100461	intra_chromosome	1GB	95%	JAFFAL
2	positive	ENSG00000260830:ENSG00000100461	intra_chromosome	100GB	90%	JAFFAL
2	negative	ENSG00000172757:ENSG00000167996	false_fusion	100GB	90%	JAFFAL
2	positive	ENSG00000181927:ENSG00000166900	false_fusion	100GB	90%	JAFFAL
2	positive	ENSG00000183629:ENSG00000291261	false_fusion	100GB	85%	JAFFAL
2	positive	ENSG00000025708:ENSG00000227188	intra_chromosome	100GB	95%	JAFFAL
2	positive	ENSG00000142675:ENSG00000169213	false_fusion	100GB	95%	JAFFAL
2	positive	ENSG00000142675:ENSG00000169213	false_fusion	10GB	95%	JAFFAL
2	positive	ENSG00000119899:ENSG00000146223	intra_chromosome	10GB	90%	JAFFAL
2	positive	ENSG00000119899:ENSG00000146223	intra_chromosome	10GB	95%	JAFFAL
2	negative	ENSG00000105640:ENSG00000087086	false_fusion	100GB	85%	JAFFAL
2	positive	ENSG00000106829:ENSG00000228714	intra_chromosome	10GB	90%	JAFFAL
2	positive	ENSG00000235221:ENSG00000236581	intra_chromosome	10GB	85%	JAFFAL
2	positive	ENSG00000235221:ENSG00000236581	intra_chromosome	10GB	90%	JAFFAL
2	positive	ENSG00000048740:ENSG00000225830	intra_chromosome	10GB	90%	JAFFAL
2	positive	ENSG00000109861:ENSG00000213619	hybrid	100GB	85%	JAFFAL
2	positive	ENSG00000141449:ENSG00000166401	intra_chromosome	100GB	95%	JAFFAL
2	positive	ENSG00000213741:ENSG00000197249	false_fusion	100GB	90%	JAFFAL
2	positive	ENSG00000162302:ENSG00000137707	truncated_tri_fusion	10GB	90%	JAFFAL
2	positive	ENSG00000134802:ENSG00000246273	intra_chromosome	1GB	90%	JAFFAL
2	positive	ENSG00000260737:ENSG00000197302	intra_chromosome	10GB	90%	JAFFAL
2	positive	ENSG00000101158:ENSG00000101266	intra_chromosome	10GB	85%	JAFFAL
2	positive	ENSG00000101158:ENSG00000101266	intra_chromosome	10GB	95%	JAFFAL
2	positive	ENSG00000167588:ENSG00000110887	intra_chromosome	100GB	90%	JAFFAL
2	positive	ENSG00000169231:ENSG00000117151	false_fusion	10GB	95%	JAFFAL
2	positive	ENSG00000117151:ENSG00000169231	false_fusion	10GB	90%	JAFFAL
2	positive	ENSG00000117151:ENSG00000169231	false_fusion	10GB	95%	JAFFAL
2	positive	ENSG00000272274:ENSG00000236581	intra_chromosome	10GB	90%	JAFFAL
2	negative	ENSG00000163631:ENSG00000171557	false_fusion	100GB	95%	JAFFAL
2	positive	ENSG00000095261:ENSG00000281649	intra_chromosome	10GB	90%	JAFFAL
2	positive	ENSG00000291178:ENSG00000157954	intra_chromosome	100GB	95%	JAFFAL
2	positive	ENSG00000289039:ENSG00000095794	intra_chromosome	10GB	85%	JAFFAL
2	positive	ENSG00000289039:ENSG00000095794	intra_chromosome	10GB	90%	JAFFAL
2	positive	ENSG00000132915:ENSG00000168621	false_fusion	100GB	85%	JAFFAL
2	positive	ENSG00000130396:ENSG00000096070	truncated_tri_fusion	10GB	95%	JAFFAL
2	positive	ENSG00000117758:ENSG00000159176	intra_chromosome	10GB	95%	JAFFAL
2	negative	ENSG00000172757:ENSG00000204628	false_fusion	100GB	85%	JAFFAL
2	negative	ENSG00000197249:ENSG00000204628	false_fusion	100GB	85%	JAFFAL
2	negative	ENSG00000125835:ENSG00000163631	false_fusion	100GB	85%	JAFFAL
2	negative	ENSG00000163631:ENSG00000145192	false_fusion	100GB	85%	JAFFAL
2	negative	ENSG00000163631:ENSG00000091513	false_fusion	100GB	85%	JAFFAL
2	negative	ENSG00000163631:ENSG00000105193	false_fusion	100GB	85%	JAFFAL
2	negative	ENSG00000156508:ENSG00000181019	false_fusion	100GB	85%	JAFFAL
2	positive	ENSG00000140987:ENSG00000160752	truncated_tri_fusion	100GB	85%	JAFFAL
2	positive	ENSG00000151694:ENSG00000185798	truncated_tri_fusion	100GB	85%	JAFFAL
2	positive	ENSG00000228570:ENSG00000167258	hybrid	100GB	85%	JAFFAL
2	positive	ENSG00000148604:ENSG00000100811	hybrid	100GB	85%	JAFFAL
2	positive	ENSG00000110002:ENSG00000237250	hybrid	100GB	85%	JAFFAL
2	positive	ENSG00000181927:ENSG00000123191	false_fusion	100GB	85%	JAFFAL
2	positive	ENSG00000254979:ENSG00000140987	truncated_tri_fusion	100GB	85%	JAFFAL
2	positive	ENSG00000175334:ENSG00000066322	truncated_tri_fusion	100GB	85%	JAFFAL
2	positive	ENSG00000168675:ENSG00000154240	false_fusion	100GB	85%	JAFFAL
2	positive	ENSG00000196549:ENSG00000162302	truncated_tri_fusion	100GB	85%	JAFFAL
2	positive	ENSG00000145192:ENSG00000156508	false_fusion	100GB	85%	JAFFAL
2	positive	ENSG00000114302:ENSG00000114374	hybrid	100GB	85%	JAFFAL
2	positive	ENSG00000138759:ENSG00000277462	false_fusion	100GB	85%	JAFFAL
2	positive	ENSG00000156508:ENSG00000163631	false_fusion	100GB	85%	JAFFAL
2	positive	ENSG00000164756:ENSG00000081985	truncated_tri_fusion	100GB	85%	JAFFAL
2	positive	ENSG00000094631:ENSG00000186409	truncated_tri_fusion	100GB	85%	JAFFAL
2	positive	ENSG00000108094:ENSG00000085788	hybrid	10GB	85%	JAFFAL
2	positive	ENSG00000241577:ENSG00000247572	false_fusion	10GB	85%	JAFFAL
2	positive	ENSG00000119720:ENSG00000245910	truncated_tri_fusion	10GB	85%	JAFFAL
2	positive	ENSG00000143198:ENSG00000167881	truncated_tri_fusion	10GB	85%	JAFFAL
2	positive	ENSG00000187720:ENSG00000003393	truncated_tri_fusion	10GB	85%	JAFFAL
2	positive	ENSG00000185442:ENSG00000128510	truncated_tri_fusion	10GB	85%	JAFFAL
2	positive	ENSG00000168676:ENSG00000198677	truncated_tri_fusion	10GB	85%	JAFFAL
2	positive	ENSG00000168958:ENSG00000168621	truncated_tri_fusion	10GB	85%	JAFFAL
2	positive	ENSG00000077684:ENSG00000223768	hybrid	10GB	85%	JAFFAL
2	positive	ENSG00000072571:ENSG00000130714	truncated_tri_fusion	10GB	85%	JAFFAL
2	positive	ENSG00000204659:ENSG00000228274	truncated_tri_fusion	10GB	85%	JAFFAL
2	positive	ENSG00000124523:ENSG00000124486	truncated_tri_fusion	10GB	85%	JAFFAL
2	positive	ENSG00000137251:ENSG00000268416	truncated_tri_fusion	10GB	85%	JAFFAL
2	positive	ENSG00000105819:ENSG00000214097	truncated_tri_fusion	10GB	85%	JAFFAL
2	positive	ENSG00000130714:ENSG00000151694	truncated_tri_fusion	10GB	85%	JAFFAL
2	positive	ENSG00000260995:ENSG00000165806	truncated_tri_fusion	10GB	85%	JAFFAL
2	negative	ENSG00000167996:ENSG00000147257	false_fusion	100GB	90%	JAFFAL
2	negative	ENSG00000254951:ENSG00000176124	false_fusion	100GB	90%	JAFFAL
2	negative	ENSG00000089157:ENSG00000181163	false_fusion	100GB	90%	JAFFAL
2	negative	ENSG00000196136:ENSG00000163631	false_fusion	100GB	90%	JAFFAL
2	negative	ENSG00000115268:ENSG00000204628	false_fusion	100GB	90%	JAFFAL
2	negative	ENSG00000226383:ENSG00000189229	false_fusion	100GB	90%	JAFFAL
2	negative	ENSG00000144867:ENSG00000254772	false_fusion	100GB	90%	JAFFAL
2	negative	ENSG00000204628:ENSG00000087086	false_fusion	100GB	90%	JAFFAL
2	positive	ENSG00000089094:ENSG00000094631	truncated_tri_fusion	100GB	90%	JAFFAL
2	positive	ENSG00000168675:ENSG00000258938	false_fusion	100GB	90%	JAFFAL
2	positive	ENSG00000003393:ENSG00000145916	truncated_tri_fusion	100GB	90%	JAFFAL
2	positive	ENSG00000244474:ENSG00000102977	false_fusion	100GB	90%	JAFFAL
2	positive	ENSG00000181927:ENSG00000287285	false_fusion	100GB	90%	JAFFAL
2	positive	ENSG00000180287:ENSG00000283930	false_fusion	100GB	90%	JAFFAL
2	positive	ENSG00000278916:ENSG00000267448	truncated_tri_fusion	100GB	90%	JAFFAL
2	positive	ENSG00000290689:ENSG00000160957	false_fusion	100GB	90%	JAFFAL
2	positive	ENSG00000102977:ENSG00000244474	false_fusion	100GB	90%	JAFFAL
2	positive	ENSG00000260983:ENSG00000173113	false_fusion	100GB	90%	JAFFAL
2	positive	ENSG00000168675:ENSG00000154240	false_fusion	100GB	90%	JAFFAL
2	positive	ENSG00000087086:ENSG00000156508	false_fusion	100GB	90%	JAFFAL
2	positive	ENSG00000087086:ENSG00000163631	false_fusion	100GB	90%	JAFFAL
2	positive	ENSG00000290732:ENSG00000186088	false_fusion	100GB	90%	JAFFAL
2	positive	ENSG00000151694:ENSG00000185798	truncated_tri_fusion	100GB	90%	JAFFAL
2	positive	ENSG00000144713:ENSG00000087086	false_fusion	100GB	90%	JAFFAL
2	positive	ENSG00000091513:ENSG00000177600	false_fusion	100GB	90%	JAFFAL
2	positive	ENSG00000204628:ENSG00000156508	false_fusion	100GB	90%	JAFFAL
2	positive	ENSG00000204628:ENSG00000163631	false_fusion	100GB	90%	JAFFAL
2	positive	ENSG00000186468:ENSG00000156508	false_fusion	100GB	90%	JAFFAL
2	positive	ENSG00000156508:ENSG00000133112	false_fusion	100GB	90%	JAFFAL
2	positive	ENSG00000156508:ENSG00000158874	false_fusion	100GB	90%	JAFFAL
2	positive	ENSG00000137154:ENSG00000204628	false_fusion	100GB	90%	JAFFAL
2	positive	ENSG00000228570:ENSG00000167258	hybrid	10GB	90%	JAFFAL
2	positive	ENSG00000189167:ENSG00000132570	false_fusion	10GB	90%	JAFFAL
2	positive	ENSG00000034053:ENSG00000077782	truncated_tri_fusion	10GB	90%	JAFFAL
2	positive	ENSG00000140987:ENSG00000160752	truncated_tri_fusion	10GB	90%	JAFFAL
2	positive	ENSG00000168676:ENSG00000198677	truncated_tri_fusion	10GB	90%	JAFFAL
2	positive	ENSG00000198551:ENSG00000170144	truncated_tri_fusion	10GB	90%	JAFFAL
2	positive	ENSG00000260840:ENSG00000093072	truncated_tri_fusion	10GB	90%	JAFFAL
2	positive	ENSG00000138698:ENSG00000198246	truncated_tri_fusion	10GB	90%	JAFFAL
2	positive	ENSG00000276418:ENSG00000197462	false_fusion	10GB	90%	JAFFAL
2	positive	ENSG00000148308:ENSG00000260840	truncated_tri_fusion	10GB	90%	JAFFAL
2	positive	ENSG00000181927:ENSG00000123191	false_fusion	10GB	90%	JAFFAL
2	positive	ENSG00000172922:ENSG00000072201	false_fusion	10GB	90%	JAFFAL
2	positive	ENSG00000236963:ENSG00000136014	truncated_tri_fusion	10GB	90%	JAFFAL
2	positive	ENSG00000156076:ENSG00000180879	hybrid	10GB	90%	JAFFAL
2	positive	ENSG00000129515:ENSG00000214078	false_fusion	10GB	90%	JAFFAL
2	positive	ENSG00000151812:ENSG00000283352	false_fusion	10GB	90%	JAFFAL
2	positive	ENSG00000137860:ENSG00000036672	truncated_tri_fusion	10GB	90%	JAFFAL
2	positive	ENSG00000291210:ENSG00000160957	false_fusion	10GB	90%	JAFFAL
2	positive	ENSG00000168591:ENSG00000114923	truncated_tri_fusion	10GB	90%	JAFFAL
2	positive	ENSG00000234255:ENSG00000251011	hybrid	10GB	90%	JAFFAL
2	positive	ENSG00000281920:ENSG00000198363	truncated_tri_fusion	10GB	90%	JAFFAL
2	positive	ENSG00000163749:ENSG00000151322	false_fusion	10GB	90%	JAFFAL
2	positive	ENSG00000150753:ENSG00000264860	hybrid	10GB	90%	JAFFAL
2	positive	ENSG00000290106:ENSG00000116205	hybrid	10GB	90%	JAFFAL
2	positive	ENSG00000234456:ENSG00000139350	truncated_tri_fusion	10GB	90%	JAFFAL
2	positive	ENSG00000102312:ENSG00000221910	truncated_tri_fusion	10GB	90%	JAFFAL
2	positive	ENSG00000140987:ENSG00000160752	truncated_tri_fusion	1GB	90%	JAFFAL
2	positive	ENSG00000254979:ENSG00000140987	truncated_tri_fusion	1GB	90%	JAFFAL
2	negative	ENSG00000167996:ENSG00000091513	false_fusion	100GB	95%	JAFFAL
2	negative	ENSG00000167996:ENSG00000156508	false_fusion	100GB	95%	JAFFAL
2	negative	ENSG00000269968:ENSG00000231500	false_fusion	100GB	95%	JAFFAL
2	negative	ENSG00000175899:ENSG00000161016	false_fusion	100GB	95%	JAFFAL
2	negative	ENSG00000197249:ENSG00000145592	false_fusion	100GB	95%	JAFFAL
2	negative	ENSG00000087086:ENSG00000197249	false_fusion	100GB	95%	JAFFAL
2	negative	ENSG00000087086:ENSG00000197249	false_fusion	100GB	95%	JAFFAL
2	negative	ENSG00000101439:ENSG00000204628	false_fusion	100GB	95%	JAFFAL
2	negative	ENSG00000171858:ENSG00000158874	false_fusion	100GB	95%	JAFFAL
2	negative	ENSG00000226383:ENSG00000189229	false_fusion	100GB	95%	JAFFAL
2	negative	ENSG00000236204:ENSG00000176124	false_fusion	100GB	95%	JAFFAL
2	negative	ENSG00000144867:ENSG00000174444	false_fusion	100GB	95%	JAFFAL
2	negative	ENSG00000163631:ENSG00000188846	false_fusion	100GB	95%	JAFFAL
2	negative	ENSG00000204628:ENSG00000137818	false_fusion	100GB	95%	JAFFAL
2	negative	ENSG00000204628:ENSG00000163586	false_fusion	100GB	95%	JAFFAL
2	negative	ENSG00000156508:ENSG00000197249	false_fusion	100GB	95%	JAFFAL
2	negative	ENSG00000156508:ENSG00000118137	false_fusion	100GB	95%	JAFFAL
2	positive	ENSG00000277757:ENSG00000214078	false_fusion	100GB	95%	JAFFAL
2	positive	ENSG00000129562:ENSG00000163631	false_fusion	100GB	95%	JAFFAL
2	positive	ENSG00000267586:ENSG00000273540	false_fusion	100GB	95%	JAFFAL
2	positive	ENSG00000121988:ENSG00000082805	false_fusion	100GB	95%	JAFFAL
2	positive	ENSG00000186523:ENSG00000205444	false_fusion	100GB	95%	JAFFAL
2	positive	ENSG00000119314:ENSG00000288075	false_fusion	100GB	95%	JAFFAL
2	positive	ENSG00000130714:ENSG00000151694	truncated_tri_fusion	100GB	95%	JAFFAL
2	positive	ENSG00000181192:ENSG00000187720	truncated_tri_fusion	100GB	95%	JAFFAL
2	positive	ENSG00000165637:ENSG00000111640	false_fusion	100GB	95%	JAFFAL
2	positive	ENSG00000197249:ENSG00000087086	false_fusion	100GB	95%	JAFFAL
2	positive	ENSG00000167526:ENSG00000081051	false_fusion	100GB	95%	JAFFAL
2	positive	ENSG00000184009:ENSG00000133112	false_fusion	100GB	95%	JAFFAL
2	positive	ENSG00000198551:ENSG00000287398	false_fusion	100GB	95%	JAFFAL
2	positive	ENSG00000231898:ENSG00000106819	truncated_tri_fusion	100GB	95%	JAFFAL
2	positive	ENSG00000114942:ENSG00000163631	false_fusion	100GB	95%	JAFFAL
2	positive	ENSG00000197756:ENSG00000156482	false_fusion	100GB	95%	JAFFAL
2	positive	ENSG00000091513:ENSG00000087086	false_fusion	100GB	95%	JAFFAL
2	positive	ENSG00000145192:ENSG00000137154	false_fusion	100GB	95%	JAFFAL
2	positive	ENSG00000145192:ENSG00000133112	false_fusion	100GB	95%	JAFFAL
2	positive	ENSG00000156508:ENSG00000087086	false_fusion	100GB	95%	JAFFAL
2	positive	ENSG00000277462:ENSG00000138759	false_fusion	10GB	95%	JAFFAL
2	positive	ENSG00000291210:ENSG00000160957	false_fusion	10GB	95%	JAFFAL
2	positive	ENSG00000260840:ENSG00000093072	truncated_tri_fusion	10GB	95%	JAFFAL
2	positive	ENSG00000077684:ENSG00000223768	hybrid	10GB	95%	JAFFAL
2	positive	ENSG00000163749:ENSG00000151322	false_fusion	10GB	95%	JAFFAL
2	positive	ENSG00000138759:ENSG00000277462	false_fusion	10GB	95%	JAFFAL
2	positive	ENSG00000132570:ENSG00000189167	false_fusion	10GB	95%	JAFFAL
2	positive	ENSG00000145734:ENSG00000183476	truncated_tri_fusion	10GB	95%	JAFFAL
2	positive	ENSG00000234456:ENSG00000139350	truncated_tri_fusion	10GB	95%	JAFFAL
2	positive	ENSG00000276418:ENSG00000197462	false_fusion	10GB	95%	JAFFAL
2	positive	ENSG00000010671:ENSG00000183629	truncated_tri_fusion	10GB	95%	JAFFAL
2	positive	ENSG00000108094:ENSG00000085788	hybrid	10GB	95%	JAFFAL
2	positive	ENSG00000148604:ENSG00000100811	hybrid	10GB	95%	JAFFAL
2	positive	ENSG00000236963:ENSG00000136014	truncated_tri_fusion	10GB	95%	JAFFAL
2	positive	ENSG00000189167:ENSG00000132570	false_fusion	10GB	95%	JAFFAL
2	positive	ENSG00000119685:ENSG00000167395	false_fusion	10GB	95%	JAFFAL
2	positive	ENSG00000009830:ENSG00000087258	hybrid	10GB	95%	JAFFAL
2	positive	ENSG00000187720:ENSG00000003393	truncated_tri_fusion	10GB	95%	JAFFAL
2	positive	ENSG00000140987:ENSG00000160752	truncated_tri_fusion	10GB	95%	JAFFAL
2	positive	ENSG00000181523:ENSG00000140853	truncated_tri_fusion	10GB	95%	JAFFAL
2	positive	ENSG00000049759:ENSG00000203734	truncated_tri_fusion	10GB	95%	JAFFAL
2	positive	ENSG00000105613:ENSG00000164011	hybrid	10GB	95%	JAFFAL
2	positive	ENSG00000214078:ENSG00000283103	truncated_tri_fusion	10GB	95%	JAFFAL
2	positive	ENSG00000281920:ENSG00000198363	truncated_tri_fusion	10GB	95%	JAFFAL
2	positive	ENSG00000288769:ENSG00000111907	hybrid	10GB	95%	JAFFAL
2	positive	ENSG00000283154:ENSG00000255248	false_fusion	10GB	95%	JAFFAL
2	positive	ENSG00000124523:ENSG00000124486	truncated_tri_fusion	10GB	95%	JAFFAL
2	positive	ENSG00000096070:ENSG00000104218	truncated_tri_fusion	10GB	95%	JAFFAL
2	positive	ENSG00000188186:ENSG00000284776	hybrid	10GB	95%	JAFFAL
2	positive	ENSG00000010671:ENSG00000183629	truncated_tri_fusion	1GB	95%	JAFFAL
2	positive	ENSG00000204659:ENSG00000228274	truncated_tri_fusion	1GB	95%	JAFFAL
2	positive	ENSG00000197462:ENSG00000141576	truncated_tri_fusion	1GB	95%	JAFFAL
10	positive	ENSG00000261156:ENSG00000108684	false_fusion	100GB	95%	JAFFAL
9	negative	ENSG00000261156:ENSG00000108684	false_fusion	100GB	95%	JAFFAL
9	positive	ENSG00000267922:ENSG00000204866	false_fusion	100GB	95%	JAFFAL
6	positive	ENSG00000225206:ENSG00000188641	false_fusion	100GB	95%	JAFFAL
5	negative	ENSG00000261156:ENSG00000108684	false_fusion	100GB	90%	JAFFAL
5	negative	ENSG00000267922:ENSG00000204866	false_fusion	100GB	95%	JAFFAL
5	positive	ENSG00000204977:ENSG00000198553	false_fusion	100GB	95%	JAFFAL
5	positive	ENSG00000169902:ENSG00000179406	false_fusion:Sense-Antisense	100GB	95%	JAFFAL
4	positive	ENSG00000261156:ENSG00000108684	false_fusion	10GB	95%	JAFFAL
4	positive	ENSG00000261156:ENSG00000108684	false_fusion	100GB	90%	JAFFAL
4	negative	ENSG00000204977:ENSG00000198553	false_fusion	100GB	90%	JAFFAL
4	positive	ENSG00000204977:ENSG00000198553	false_fusion	100GB	90%	JAFFAL
3	positive	ENSG00000267922:ENSG00000204866	false_fusion	100GB	90%	JAFFAL
3	negative	ENSG00000169902:ENSG00000179406	false_fusion:Sense-Antisense	100GB	95%	JAFFAL
3	negative	ENSG00000225206:ENSG00000188641	false_fusion	100GB	95%	JAFFAL
3	negative	ENSG00000225206:ENSG00000188641	false_fusion	100GB	90%	JAFFAL
2	negative	ENSG00000267922:ENSG00000204866	false_fusion	100GB	95%	JAFFAL
2	positive	ENSG00000237222:ENSG00000233987	false_fusion	100GB	90%	JAFFAL
2	negative	ENSG00000237222:ENSG00000233987	false_fusion	100GB	95%	JAFFAL
2	negative	ENSG00000237222:ENSG00000233987	false_fusion	100GB	90%	JAFFAL
2	positive	ENSG00000237222:ENSG00000233987	false_fusion	100GB	90%	JAFFAL
2	negative	ENSG00000204977:ENSG00000198553	false_fusion	100GB	95%	JAFFAL
2	positive	ENSG00000204070:ENSG00000244274	false_fusion	100GB	90%	JAFFAL
2	negative	ENSG00000204070:ENSG00000244274	false_fusion	100GB	95%	JAFFAL
2	negative	ENSG00000136521:ENSG00000058056	false_fusion	100GB	90%	JAFFAL
2	negative	ENSG00000268790:ENSG00000141979	false_fusion	100GB	95%	JAFFAL
2	positive	ENSG00000225206:ENSG00000188641	false_fusion	100GB	90%	JAFFAL
2	positive	ENSG00000286221:ENSG00000260896	false_fusion	100GB	95%	JAFFAL
3	positive	ENSG00000273373:ENSG00000144815:ENSG00000171735	tri_fusion	100GB	85%	JAFFAL
4	positive	ENSG00000164756:ENSG00000081985:ENSG00000184619	tri_fusion	100GB	85%	JAFFAL
2	positive	ENSG00000119720:ENSG00000245910:ENSG00000108465	tri_fusion	100GB	85%	JAFFAL
2	positive	ENSG00000148308:ENSG00000260840:ENSG00000093072	tri_fusion	100GB	85%	JAFFAL
4	positive	ENSG00000185442:ENSG00000128510:ENSG00000163930	tri_fusion	100GB	85%	JAFFAL
4	positive	ENSG00000282984:ENSG00000198551:ENSG00000170144	false_fusion	100GB	85%	JAFFAL
4	positive	ENSG00000284770:ENSG00000198551:ENSG00000170144	tri_fusion	100GB	85%	JAFFAL
4	positive	ENSG00000285053:ENSG00000198551:ENSG00000170144	tri_fusion	100GB	85%	JAFFAL
5	positive	ENSG00000114786:ENSG00000260995:ENSG00000165806	tri_fusion	100GB	85%	JAFFAL
3	positive	ENSG00000196549:ENSG00000162302:ENSG00000137707	tri_fusion	100GB	85%	JAFFAL
8	positive	ENSG00000137860:ENSG00000036672:ENSG00000261821	tri_fusion	100GB	85%	JAFFAL
8	positive	ENSG00000130396:ENSG00000096070:ENSG00000104218	tri_fusion	100GB	85%	JAFFAL
10	positive	ENSG00000105372:ENSG00000214078:ENSG00000283103	tri_fusion	100GB	85%	JAFFAL
3	positive	ENSG00000148308:ENSG00000260840:ENSG00000093072	tri_fusion	100GB	90%	JAFFAL
20	positive	ENSG00000130396:ENSG00000096070:ENSG00000104218	tri_fusion	100GB	90%	JAFFAL
20	positive	ENSG00000137860:ENSG00000036672:ENSG00000261821	tri_fusion	100GB	90%	JAFFAL
7	positive	ENSG00000114786:ENSG00000260995:ENSG00000165806	tri_fusion	100GB	90%	JAFFAL
14	positive	ENSG00000105372:ENSG00000214078:ENSG00000283103	tri_fusion	100GB	90%	JAFFAL
7	positive	ENSG00000147573:ENSG00000049759:ENSG00000203734	tri_fusion	100GB	90%	JAFFAL
14	positive	ENSG00000185442:ENSG00000128510:ENSG00000163930	tri_fusion	100GB	90%	JAFFAL
5	positive	ENSG00000268066:ENSG00000142627:ENSG00000176746	tri_fusion	100GB	90%	JAFFAL
7	positive	ENSG00000119720:ENSG00000245910:ENSG00000108465	tri_fusion	100GB	90%	JAFFAL
3	positive	ENSG00000282984:ENSG00000198551:ENSG00000170144	false_fusion	100GB	90%	JAFFAL
3	positive	ENSG00000284770:ENSG00000198551:ENSG00000170144	tri_fusion	100GB	90%	JAFFAL
3	positive	ENSG00000285053:ENSG00000198551:ENSG00000170144	tri_fusion	100GB	90%	JAFFAL
4	positive	ENSG00000273471:ENSG00000186088:ENSG00000077380	false_fusion	100GB	90%	JAFFAL
3	positive	ENSG00000274803:ENSG00000183476:ENSG00000225092	false_fusion	100GB	90%	JAFFAL
3	positive	ENSG00000273873:ENSG00000183476:ENSG00000225092	false_fusion	100GB	90%	JAFFAL
3	positive	ENSG00000145734:ENSG00000183476:ENSG00000225092	tri_fusion	100GB	90%	JAFFAL
18	positive	ENSG00000234456:ENSG00000139350:ENSG00000136888	tri_fusion	100GB	95%	JAFFAL
32	positive	ENSG00000185442:ENSG00000128510:ENSG00000163930	tri_fusion	100GB	95%	JAFFAL
6	positive	ENSG00000148308:ENSG00000260840:ENSG00000093072	tri_fusion	100GB	95%	JAFFAL
2	positive	ENSG00000283684:ENSG00000186088:ENSG00000077380	false_fusion	100GB	95%	JAFFAL
9	positive	ENSG00000274803:ENSG00000183476:ENSG00000225092	false_fusion	100GB	95%	JAFFAL
9	positive	ENSG00000273873:ENSG00000183476:ENSG00000225092	false_fusion	100GB	95%	JAFFAL
9	positive	ENSG00000145734:ENSG00000183476:ENSG00000225092	tri_fusion	100GB	95%	JAFFAL
11	positive	ENSG00000181192:ENSG00000187720:ENSG00000003393	tri_fusion	100GB	95%	JAFFAL
14	positive	ENSG00000114786:ENSG00000260995:ENSG00000165806	tri_fusion	100GB	95%	JAFFAL
2	positive	ENSG00000145907:ENSG00000082805:ENSG00000166747	tri_fusion	100GB	95%	JAFFAL
11	positive	ENSG00000282984:ENSG00000198551:ENSG00000170144	false_fusion	100GB	95%	JAFFAL
11	positive	ENSG00000284770:ENSG00000198551:ENSG00000170144	tri_fusion	100GB	95%	JAFFAL
11	positive	ENSG00000285053:ENSG00000198551:ENSG00000170144	tri_fusion	100GB	95%	JAFFAL
15	positive	ENSG00000231898:ENSG00000106819:ENSG00000124787	tri_fusion	100GB	95%	JAFFAL
2	positive	ENSG00000258177:ENSG00000124523:ENSG00000124486	tri_fusion	100GB	95%	JAFFAL
20	positive	ENSG00000137860:ENSG00000036672:ENSG00000261821	tri_fusion	100GB	95%	JAFFAL
22	positive	ENSG00000130396:ENSG00000096070:ENSG00000104218	tri_fusion	100GB	95%	JAFFAL
17	positive	ENSG00000268066:ENSG00000142627:ENSG00000176746	tri_fusion	100GB	95%	JAFFAL
6	positive	ENSG00000119720:ENSG00000245910:ENSG00000108465	tri_fusion	100GB	95%	JAFFAL
9	positive	ENSG00000273471:ENSG00000186088:ENSG00000077380	false_fusion	100GB	95%	JAFFAL
2	positive	ENSG00000114786:ENSG00000260995:ENSG00000165806	tri_fusion	10GB	95%	JAFFAL
4	positive	ENSG00000137860:ENSG00000036672:ENSG00000261821	tri_fusion	10GB	95%	JAFFAL
2	positive	ENSG00000282984:ENSG00000198551:ENSG00000170144	false_fusion	10GB	95%	JAFFAL
2	positive	ENSG00000284770:ENSG00000198551:ENSG00000170144	tri_fusion	10GB	95%	JAFFAL
2	positive	ENSG00000285053:ENSG00000198551:ENSG00000170144	tri_fusion	10GB	95%	JAFFAL
3	positive	ENSG00000148308:ENSG00000260840:ENSG00000093072	tri_fusion	10GB	95%	JAFFAL
2	positive	ENSG00000130396:ENSG00000096070:ENSG00000104218	tri_fusion	10GB	95%	JAFFAL
2	negative	ENSG00000042429:ENSG00000182919	false_fusion	100GB	85%	Genion
4	negative	ENSG00000065621:ENSG00000148834	false_fusion	100GB	85%	Genion
25	negative	ENSG00000087250:ENSG00000125148	false_fusion	100GB	85%	Genion
2	negative	ENSG00000089505:ENSG00000217555	false_fusion	100GB	85%	Genion
3	negative	ENSG00000101439:ENSG00000277975	false_fusion	100GB	85%	Genion
6	negative	ENSG00000102805:ENSG00000236051	false_fusion	100GB	85%	Genion
2	negative	ENSG00000105968:ENSG00000146676	false_fusion	100GB	85%	Genion
18	negative	ENSG00000106069:ENSG00000285412	false_fusion	100GB	85%	Genion
2	negative	ENSG00000111674:ENSG00000290712	false_fusion	100GB	85%	Genion
13	negative	ENSG00000115053:ENSG00000283491	false_fusion	100GB	85%	Genion
7	negative	ENSG00000115274:ENSG00000239779	false_fusion	100GB	85%	Genion
6	negative	ENSG00000117984:ENSG00000244242	false_fusion	100GB	85%	Genion
2	negative	ENSG00000124588:ENSG00000274855	false_fusion	100GB	85%	Genion
8	negative	ENSG00000125148:ENSG00000205360	false_fusion	100GB	85%	Genion
4	negative	ENSG00000125148:ENSG00000290662	false_fusion	100GB	85%	Genion
52	negative	ENSG00000125148:ENSG00000291105	false_fusion	100GB	85%	Genion
228	negative	ENSG00000130208:ENSG00000291128	false_fusion	100GB	85%	Genion
2	negative	ENSG00000131127:ENSG00000290382	false_fusion	100GB	85%	Genion
3	negative	ENSG00000132207:ENSG00000261052	false_fusion	100GB	85%	Genion
6	negative	ENSG00000140905:ENSG00000166455	false_fusion	100GB	85%	Genion
2	negative	ENSG00000141873:ENSG00000176490	false_fusion	100GB	85%	Genion
2	negative	ENSG00000141994:ENSG00000212123	false_fusion	100GB	85%	Genion
7	negative	ENSG00000144043:ENSG00000239322	false_fusion	100GB	85%	Genion
23	negative	ENSG00000147761:ENSG00000228890	false_fusion	100GB	85%	Genion
2	negative	ENSG00000149483:ENSG00000256591	false_fusion	100GB	85%	Genion
2	negative	ENSG00000156853:ENSG00000197162	false_fusion	100GB	85%	Genion
22	negative	ENSG00000157326:ENSG00000291039	false_fusion	100GB	85%	Genion
6	negative	ENSG00000162066:ENSG00000185883	false_fusion	100GB	85%	Genion
9	negative	ENSG00000162706:ENSG00000213088	false_fusion	100GB	85%	Genion
10	negative	ENSG00000164010:ENSG00000274386	false_fusion	100GB	85%	Genion
2	negative	ENSG00000166452:ENSG00000254860	false_fusion	100GB	85%	Genion
7	negative	ENSG00000167523:ENSG00000167526	false_fusion	100GB	85%	Genion
2	negative	ENSG00000167578:ENSG00000261857	false_fusion	100GB	85%	Genion
10	negative	ENSG00000167863:ENSG00000188612	false_fusion	100GB	85%	Genion
2	negative	ENSG00000169154:ENSG00000188778	false_fusion	100GB	85%	Genion
2	negative	ENSG00000169715:ENSG00000259923	false_fusion	100GB	85%	Genion
9	negative	ENSG00000169715:ENSG00000290662	false_fusion	100GB	85%	Genion
3	negative	ENSG00000169715:ENSG00000291095	false_fusion	100GB	85%	Genion
3	negative	ENSG00000171236:ENSG00000214456	false_fusion	100GB	85%	Genion
4	negative	ENSG00000172023:ENSG00000290771	false_fusion	100GB	85%	Genion
3	negative	ENSG00000184154:ENSG00000284844	false_fusion	100GB	85%	Genion
13	negative	ENSG00000184979:ENSG00000288811	false_fusion	100GB	85%	Genion
2	negative	ENSG00000187193:ENSG00000290663	false_fusion	100GB	85%	Genion
3	negative	ENSG00000188000:ENSG00000267775	false_fusion	100GB	85%	Genion
4	negative	ENSG00000198346:ENSG00000213777	false_fusion	100GB	85%	Genion
8	negative	ENSG00000203335:ENSG00000270114	false_fusion:self_misalignment	100GB	85%	Genion
6	negative	ENSG00000204387:ENSG00000204388	false_fusion	100GB	85%	Genion
136	negative	ENSG00000204632:ENSG00000206503	false_fusion	100GB	85%	Genion
15	negative	ENSG00000205274:ENSG00000226562	false_fusion	100GB	85%	Genion
16	negative	ENSG00000205274:ENSG00000230453	false_fusion	100GB	85%	Genion
3	negative	ENSG00000205629:ENSG00000291179	false_fusion	100GB	85%	Genion
474	negative	ENSG00000206503:ENSG00000230795	false_fusion	100GB	85%	Genion
39	negative	ENSG00000206503:ENSG00000235290	false_fusion	100GB	85%	Genion
191	negative	ENSG00000206503:ENSG00000290574	false_fusion	100GB	85%	Genion
24	negative	ENSG00000214967:ENSG00000227827	false_fusion	100GB	85%	Genion
6	negative	ENSG00000215268:ENSG00000224435	false_fusion	100GB	85%	Genion
14	negative	ENSG00000226008:ENSG00000290937	false_fusion	100GB	85%	Genion
27	negative	ENSG00000227494:ENSG00000251510	false_fusion	100GB	85%	Genion
2	negative	ENSG00000228039:ENSG00000231271	false_fusion:self_misalignment	100GB	85%	Genion
2	negative	ENSG00000228800:ENSG00000289898	false_fusion:self_misalignment	100GB	85%	Genion
2	negative	ENSG00000230655:ENSG00000291222	false_fusion	100GB	85%	Genion
3	negative	ENSG00000232301:ENSG00000232445	false_fusion	100GB	85%	Genion
2	negative	ENSG00000232301:ENSG00000288749	false_fusion	100GB	85%	Genion
2	negative	ENSG00000232920:ENSG00000233242	false_fusion	100GB	85%	Genion
3	negative	ENSG00000234830:ENSG00000290369	false_fusion	100GB	85%	Genion
18	negative	ENSG00000238035:ENSG00000250765	false_fusion	100GB	85%	Genion
16	negative	ENSG00000239672:ENSG00000243678	false_fusion	100GB	85%	Genion
9	negative	ENSG00000251333:ENSG00000278943	false_fusion	100GB	85%	Genion
19	negative	ENSG00000255360:ENSG00000278837	false_fusion:self_misalignment	100GB	85%	Genion
2	negative	ENSG00000257175:ENSG00000277529	false_fusion	100GB	85%	Genion
19	negative	ENSG00000257511:ENSG00000276148	false_fusion:self_misalignment	100GB	85%	Genion
18	negative	ENSG00000257644:ENSG00000257672	false_fusion:self_misalignment	100GB	85%	Genion
4	negative	ENSG00000258197:ENSG00000289590	false_fusion	100GB	85%	Genion
2	negative	ENSG00000260777:ENSG00000263788	false_fusion:self_misalignment	100GB	85%	Genion
6	negative	ENSG00000267580:ENSG00000267727	false_fusion:self_misalignment	100GB	85%	Genion
40	negative	ENSG00000268235:ENSG00000269405	false_fusion	100GB	85%	Genion
3	negative	ENSG00000269190:ENSG00000269486	false_fusion	100GB	85%	Genion
2	negative	ENSG00000269825:ENSG00000290721	false_fusion:self_misalignment	100GB	85%	Genion
2	negative	ENSG00000272154:ENSG00000279047	false_fusion	100GB	85%	Genion
3	negative	ENSG00000275718:ENSG00000276409	false_fusion	100GB	85%	Genion
5	negative	ENSG00000280087:ENSG00000291128	false_fusion	100GB	85%	Genion
6	negative	ENSG00000281379:ENSG00000282508	false_fusion	100GB	85%	Genion
5	negative	ENSG00000282358:ENSG00000282501	false_fusion:self_misalignment	100GB	85%	Genion
2	negative	ENSG00000282757:ENSG00000283755	false_fusion	100GB	85%	Genion
2	negative	ENSG00000021461:ENSG00000261511	false_fusion	100GB	90%	Genion
6	negative	ENSG00000049449:ENSG00000281880	false_fusion	100GB	90%	Genion
3	negative	ENSG00000050426:ENSG00000185432	false_fusion	100GB	90%	Genion
7	negative	ENSG00000087250:ENSG00000125148	false_fusion	100GB	90%	Genion
4	negative	ENSG00000100836:ENSG00000129473	false_fusion	100GB	90%	Genion
9	negative	ENSG00000102805:ENSG00000236051	false_fusion	100GB	90%	Genion
6	negative	ENSG00000103121:ENSG00000260896	false_fusion	100GB	90%	Genion
2	negative	ENSG00000104154:ENSG00000275709	false_fusion	100GB	90%	Genion
18	negative	ENSG00000106069:ENSG00000285412	false_fusion	100GB	90%	Genion
15	negative	ENSG00000125148:ENSG00000291105	false_fusion	100GB	90%	Genion
113	negative	ENSG00000130208:ENSG00000291128	false_fusion	100GB	90%	Genion
2	negative	ENSG00000134287:ENSG00000239617	false_fusion	100GB	90%	Genion
2	negative	ENSG00000135047:ENSG00000290883	false_fusion	100GB	90%	Genion
4	negative	ENSG00000140905:ENSG00000260213	false_fusion	100GB	90%	Genion
4	negative	ENSG00000141965:ENSG00000185361	false_fusion	100GB	90%	Genion
7	negative	ENSG00000144043:ENSG00000239322	false_fusion	100GB	90%	Genion
2	negative	ENSG00000144713:ENSG00000213943	false_fusion	100GB	90%	Genion
5	negative	ENSG00000145192:ENSG00000236552	false_fusion	100GB	90%	Genion
3	negative	ENSG00000147576:ENSG00000179041	false_fusion	100GB	90%	Genion
19	negative	ENSG00000147761:ENSG00000228890	false_fusion	100GB	90%	Genion
21	negative	ENSG00000156508:ENSG00000289286	false_fusion	100GB	90%	Genion
4	negative	ENSG00000161970:ENSG00000184619	false_fusion	100GB	90%	Genion
5	negative	ENSG00000162066:ENSG00000185883	false_fusion	100GB	90%	Genion
9	negative	ENSG00000162706:ENSG00000213088	false_fusion	100GB	90%	Genion
8	negative	ENSG00000164010:ENSG00000274386	false_fusion	100GB	90%	Genion
8	negative	ENSG00000166224:ENSG00000259267	false_fusion	100GB	90%	Genion
7	negative	ENSG00000167642:ENSG00000167644	false_fusion	100GB	90%	Genion
3	negative	ENSG00000168028:ENSG00000223668	false_fusion	100GB	90%	Genion
2	negative	ENSG00000168792:ENSG00000290082	false_fusion	100GB	90%	Genion
2	negative	ENSG00000169715:ENSG00000290662	false_fusion	100GB	90%	Genion
2	negative	ENSG00000175279:ENSG00000241563	false_fusion	100GB	90%	Genion
2	negative	ENSG00000198346:ENSG00000213777	false_fusion	100GB	90%	Genion
2	negative	ENSG00000203335:ENSG00000270114	false_fusion:self_misalignment	100GB	90%	Genion
87	negative	ENSG00000204632:ENSG00000206503	false_fusion	100GB	90%	Genion
15	negative	ENSG00000205274:ENSG00000226562	false_fusion	100GB	90%	Genion
18	negative	ENSG00000205274:ENSG00000230453	false_fusion	100GB	90%	Genion
2	negative	ENSG00000205358:ENSG00000259923	false_fusion	100GB	90%	Genion
2	negative	ENSG00000205362:ENSG00000290662	false_fusion	100GB	90%	Genion
285	negative	ENSG00000206503:ENSG00000230795	false_fusion	100GB	90%	Genion
15	negative	ENSG00000206503:ENSG00000235290	false_fusion	100GB	90%	Genion
70	negative	ENSG00000206503:ENSG00000290574	false_fusion	100GB	90%	Genion
28	negative	ENSG00000214967:ENSG00000227827	false_fusion	100GB	90%	Genion
4	negative	ENSG00000219665:ENSG00000223547	false_fusion	100GB	90%	Genion
6	negative	ENSG00000226008:ENSG00000290937	false_fusion	100GB	90%	Genion
16	negative	ENSG00000227494:ENSG00000251510	false_fusion	100GB	90%	Genion
2	negative	ENSG00000228039:ENSG00000231271	false_fusion:self_misalignment	100GB	90%	Genion
4	negative	ENSG00000230596:ENSG00000290733	false_fusion	100GB	90%	Genion
2	negative	ENSG00000231219:ENSG00000279169	false_fusion	100GB	90%	Genion
2	negative	ENSG00000232301:ENSG00000288749	false_fusion	100GB	90%	Genion
5	negative	ENSG00000233670:ENSG00000263429	false_fusion	100GB	90%	Genion
8	negative	ENSG00000236737:ENSG00000275113	false_fusion	100GB	90%	Genion
22	negative	ENSG00000238035:ENSG00000250765	false_fusion	100GB	90%	Genion
7	negative	ENSG00000239672:ENSG00000243678	false_fusion	100GB	90%	Genion
18	negative	ENSG00000255360:ENSG00000278837	false_fusion:self_misalignment	100GB	90%	Genion
2	negative	ENSG00000257175:ENSG00000277529	false_fusion	100GB	90%	Genion
13	negative	ENSG00000257644:ENSG00000257672	false_fusion:self_misalignment	100GB	90%	Genion
4	negative	ENSG00000258197:ENSG00000289590	false_fusion	100GB	90%	Genion
2	negative	ENSG00000268592:ENSG00000273132	false_fusion	100GB	90%	Genion
5	negative	ENSG00000268903:ENSG00000269981	false_fusion:self_misalignment	100GB	90%	Genion
3	negative	ENSG00000275718:ENSG00000276409	false_fusion	100GB	90%	Genion
2	negative	ENSG00000070831:ENSG00000218510	false_fusion	100GB	95%	Genion
5	negative	ENSG00000102805:ENSG00000236051	false_fusion	100GB	95%	Genion
2	negative	ENSG00000103121:ENSG00000260896	false_fusion	100GB	95%	Genion
2	negative	ENSG00000104154:ENSG00000275709	false_fusion	100GB	95%	Genion
12	negative	ENSG00000106069:ENSG00000285412	false_fusion	100GB	95%	Genion
2	negative	ENSG00000119820:ENSG00000272754	false_fusion	100GB	95%	Genion
5	negative	ENSG00000125148:ENSG00000291105	false_fusion	100GB	95%	Genion
13	negative	ENSG00000130208:ENSG00000291128	false_fusion	100GB	95%	Genion
2	negative	ENSG00000130813:ENSG00000244165	false_fusion	100GB	95%	Genion
2	negative	ENSG00000134287:ENSG00000239617	false_fusion	100GB	95%	Genion
2	negative	ENSG00000137726:ENSG00000137731	false_fusion	100GB	95%	Genion
3	negative	ENSG00000141873:ENSG00000176490	false_fusion	100GB	95%	Genion
3	negative	ENSG00000141965:ENSG00000185361	false_fusion	100GB	95%	Genion
4	negative	ENSG00000141994:ENSG00000212123	false_fusion	100GB	95%	Genion
7	negative	ENSG00000144043:ENSG00000239322	false_fusion	100GB	95%	Genion
28	negative	ENSG00000147761:ENSG00000228890	false_fusion	100GB	95%	Genion
11	negative	ENSG00000162706:ENSG00000213088	false_fusion	100GB	95%	Genion
4	negative	ENSG00000167863:ENSG00000188612	false_fusion	100GB	95%	Genion
29	negative	ENSG00000168959:ENSG00000290401	false_fusion	100GB	95%	Genion
2	negative	ENSG00000169715:ENSG00000291105	false_fusion	100GB	95%	Genion
2	negative	ENSG00000172780:ENSG00000240682	false_fusion	100GB	95%	Genion
6	negative	ENSG00000184979:ENSG00000288811	false_fusion	100GB	95%	Genion
4	negative	ENSG00000204386:ENSG00000204428	false_fusion	100GB	95%	Genion
42	negative	ENSG00000204632:ENSG00000206503	false_fusion	100GB	95%	Genion
16	negative	ENSG00000205274:ENSG00000226562	false_fusion	100GB	95%	Genion
19	negative	ENSG00000205274:ENSG00000230453	false_fusion	100GB	95%	Genion
93	negative	ENSG00000206503:ENSG00000230795	false_fusion	100GB	95%	Genion
6	negative	ENSG00000213300:ENSG00000266780	false_fusion	100GB	95%	Genion
28	negative	ENSG00000214967:ENSG00000227827	false_fusion	100GB	95%	Genion
2	negative	ENSG00000215915:ENSG00000290916	false_fusion	100GB	95%	Genion
2	negative	ENSG00000219665:ENSG00000223547	false_fusion	100GB	95%	Genion
26	negative	ENSG00000227494:ENSG00000251510	false_fusion	100GB	95%	Genion
3	negative	ENSG00000228800:ENSG00000289898	false_fusion:self_misalignment	100GB	95%	Genion
2	negative	ENSG00000230596:ENSG00000290733	false_fusion	100GB	95%	Genion
13	negative	ENSG00000236737:ENSG00000275113	false_fusion	100GB	95%	Genion
17	negative	ENSG00000238035:ENSG00000250765	false_fusion	100GB	95%	Genion
23	negative	ENSG00000255360:ENSG00000278837	false_fusion:self_misalignment	100GB	95%	Genion
25	negative	ENSG00000257644:ENSG00000257672	false_fusion:self_misalignment	100GB	95%	Genion
2	negative	ENSG00000258197:ENSG00000289590	false_fusion	100GB	95%	Genion
2	negative	ENSG00000087250:ENSG00000125148	false_fusion	10GB	85%	Genion
4	negative	ENSG00000125148:ENSG00000291105	false_fusion	10GB	85%	Genion
31	negative	ENSG00000130208:ENSG00000291128	false_fusion	10GB	85%	Genion
13	negative	ENSG00000204632:ENSG00000206503	false_fusion	10GB	85%	Genion
52	negative	ENSG00000206503:ENSG00000230795	false_fusion	10GB	85%	Genion
26	negative	ENSG00000206503:ENSG00000290574	false_fusion	10GB	85%	Genion
2	negative	ENSG00000239672:ENSG00000243678	false_fusion	10GB	85%	Genion
10	negative	ENSG00000206503:ENSG00000230795	false_fusion	10GB	90%	Genion
2	negative	ENSG00000219665:ENSG00000223547	false_fusion	10GB	90%	Genion
10	negative	ENSG00000206503:ENSG00000230795	false_fusion	10GB	95%	Genion
2	negative	ENSG00000219665:ENSG00000223547	false_fusion	10GB	95%	Genion
2	negative	ENSG00000125148:ENSG00000291105	false_fusion	1GB	85%	Genion
5	negative	ENSG00000130208:ENSG00000291128	false_fusion	1GB	85%	Genion
9	negative	ENSG00000206503:ENSG00000230795	false_fusion	1GB	85%	Genion
26	positive	ENSG00000005007:ENSG00000271724	reverse_order: hybrid	100GB	85%	Genion
14	positive	ENSG00000005381:ENSG00000167419	reverse_order: read_through	100GB	85%	Genion
37	positive	ENSG00000009830:ENSG00000087258	hybrid	100GB	85%	Genion
14	positive	ENSG00000011009:ENSG00000278249	false_fusion	100GB	85%	Genion
45	positive	ENSG00000020256:ENSG00000136444	hybrid	100GB	85%	Genion
2	positive	ENSG00000021461:ENSG00000261511	false_fusion	100GB	85%	Genion
2	positive	ENSG00000049449:ENSG00000281880	false_fusion	100GB	85%	Genion
36	positive	ENSG00000060339:ENSG00000228451	hybrid	100GB	85%	Genion
32	positive	ENSG00000063978:ENSG00000168556	reverse_order: intra_chromosome	100GB	85%	Genion
7	positive	ENSG00000065621:ENSG00000148834	false_fusion	100GB	85%	Genion
17	positive	ENSG00000066557:ENSG00000228784	truncated_tri_fusion	100GB	85%	Genion
23	positive	ENSG00000067842:ENSG00000265142	reverse_order:truncated_tri_fusion	100GB	85%	Genion
4	positive	ENSG00000070831:ENSG00000218510	false_fusion	100GB	85%	Genion
27	positive	ENSG00000072571:ENSG00000130714	truncated_tri_fusion	100GB	85%	Genion
39	positive	ENSG00000074219:ENSG00000236172	hybrid	100GB	85%	Genion
26	positive	ENSG00000076513:ENSG00000280426	reverse_order: read_through	100GB	85%	Genion
38	positive	ENSG00000077684:ENSG00000223768	hybrid	100GB	85%	Genion
16	positive	ENSG00000081692:ENSG00000167257	reverse_order: hybrid	100GB	85%	Genion
13	positive	ENSG00000081985:ENSG00000164756	reverse_order:truncated_tri_fusion	100GB	85%	Genion
21	positive	ENSG00000081985:ENSG00000184619	truncated_tri_fusion	100GB	85%	Genion
39	positive	ENSG00000085788:ENSG00000108094	reverse_order: hybrid	100GB	85%	Genion
22	positive	ENSG00000087250:ENSG00000125148	false_fusion	100GB	85%	Genion
29	positive	ENSG00000088035:ENSG00000101003	reverse_order:truncated_tri_fusion	100GB	85%	Genion
2	positive	ENSG00000089505:ENSG00000217555	false_fusion	100GB	85%	Genion
15	positive	ENSG00000090565:ENSG00000167207	intra_chromosome	100GB	85%	Genion
2	positive	ENSG00000090861:ENSG00000223496	false_fusion	100GB	85%	Genion
2	positive	ENSG00000092931:ENSG00000181038	false_fusion	100GB	85%	Genion
20	positive	ENSG00000093072:ENSG00000260840	reverse_order:truncated_tri_fusion	100GB	85%	Genion
26	positive	ENSG00000095261:ENSG00000281649	intra_chromosome	100GB	85%	Genion
21	positive	ENSG00000095303:ENSG00000233616	read_through	100GB	85%	Genion
24	positive	ENSG00000095794:ENSG00000289039	reverse_order: intra_chromosome	100GB	85%	Genion
2	positive	ENSG00000095906:ENSG00000180185	false_fusion	100GB	85%	Genion
32	positive	ENSG00000096746:ENSG00000291093	reverse_order: intra_chromosome	100GB	85%	Genion
14	positive	ENSG00000100307:ENSG00000172404	false_fusion	100GB	85%	Genion
10	positive	ENSG00000100461:ENSG00000260830	reverse_order: intra_chromosome	100GB	85%	Genion
31	positive	ENSG00000100811:ENSG00000148604	reverse_order: hybrid	100GB	85%	Genion
2	positive	ENSG00000100836:ENSG00000129473	false_fusion	100GB	85%	Genion
29	positive	ENSG00000102312:ENSG00000221910	truncated_tri_fusion	100GB	85%	Genion
18	positive	ENSG00000102471:ENSG00000225510	reverse_order: intra_chromosome	100GB	85%	Genion
6	positive	ENSG00000102805:ENSG00000236051	false_fusion	100GB	85%	Genion
16	positive	ENSG00000102977:ENSG00000233445	truncated_tri_fusion	100GB	85%	Genion
34	positive	ENSG00000103160:ENSG00000103415	reverse_order: intra_chromosome	100GB	85%	Genion
2	positive	ENSG00000104154:ENSG00000275709	false_fusion	100GB	85%	Genion
32	positive	ENSG00000104518:ENSG00000104957	reverse_order: hybrid	100GB	85%	Genion
9	positive	ENSG00000104907:ENSG00000267448:ENSG00000278916	wrong_order:tri_fusion	100GB	85%	Genion
37	positive	ENSG00000105613:ENSG00000164011	hybrid	100GB	85%	Genion
18	positive	ENSG00000105856:ENSG00000180304	reverse_order: hybrid	100GB	85%	Genion
13	positive	ENSG00000106069:ENSG00000285412	false_fusion	100GB	85%	Genion
29	positive	ENSG00000106628:ENSG00000136297	intra_chromosome	100GB	85%	Genion
22	positive	ENSG00000106829:ENSG00000228714	intra_chromosome	100GB	85%	Genion
29	positive	ENSG00000107872:ENSG00000107874	read_through	100GB	85%	Genion
4	positive	ENSG00000108590:ENSG00000261996	false_fusion	100GB	85%	Genion
34	positive	ENSG00000110002:ENSG00000237250	hybrid	100GB	85%	Genion
29	positive	ENSG00000110887:ENSG00000167588	reverse_order: intra_chromosome	100GB	85%	Genion
24	positive	ENSG00000111596:ENSG00000111727	reverse_order: intra_chromosome	100GB	85%	Genion
2	positive	ENSG00000111674:ENSG00000290712	false_fusion	100GB	85%	Genion
43	positive	ENSG00000111907:ENSG00000288769	reverse_order: hybrid	100GB	85%	Genion
33	positive	ENSG00000114547:ENSG00000241439	reverse_order: read_through	100GB	85%	Genion
15	positive	ENSG00000114638:ENSG00000121578	read_through	100GB	85%	Genion
17	positive	ENSG00000114786:ENSG00000165806:ENSG00000260995	wrong_order:tri_fusion	100GB	85%	Genion
30	positive	ENSG00000114867:ENSG00000275389	truncated_tri_fusion	100GB	85%	Genion
4	positive	ENSG00000115275:ENSG00000204822	false_fusion	100GB	85%	Genion
4	positive	ENSG00000115457:ENSG00000197756	false_fusion	100GB	85%	Genion
10	positive	ENSG00000116205:ENSG00000290106	reverse_order: hybrid	100GB	85%	Genion
24	positive	ENSG00000117151:ENSG00000231064	reverse_order: intra_chromosome	100GB	85%	Genion
19	positive	ENSG00000117523:ENSG00000227372	intra_chromosome	100GB	85%	Genion
17	positive	ENSG00000117758:ENSG00000159176	intra_chromosome	100GB	85%	Genion
3	positive	ENSG00000117984:ENSG00000244242	false_fusion	100GB	85%	Genion
7	positive	ENSG00000118960:ENSG00000240484	truncated_tri_fusion	100GB	85%	Genion
13	positive	ENSG00000119686:ENSG00000167395	truncated_tri_fusion	100GB	85%	Genion
8	positive	ENSG00000119820:ENSG00000272754	false_fusion	100GB	85%	Genion
35	positive	ENSG00000119899:ENSG00000146223	intra_chromosome	100GB	85%	Genion
2	positive	ENSG00000120324:ENSG00000279068	false_fusion	100GB	85%	Genion
15	positive	ENSG00000120896:ENSG00000221947	reverse_order: intra_chromosome	100GB	85%	Genion
35	positive	ENSG00000121281:ENSG00000188801	hybrid	100GB	85%	Genion
2	positive	ENSG00000121410:ENSG00000174586	false_fusion	100GB	85%	Genion
45	positive	ENSG00000124155:ENSG00000182621	reverse_order: intra_chromosome	100GB	85%	Genion
8	positive	ENSG00000124333:ENSG00000235059	false_fusion	100GB	85%	Genion
8	positive	ENSG00000125148:ENSG00000205360	false_fusion	100GB	85%	Genion
3	positive	ENSG00000125148:ENSG00000290662	false_fusion	100GB	85%	Genion
53	positive	ENSG00000125148:ENSG00000291105	false_fusion	100GB	85%	Genion
32	positive	ENSG00000125462:ENSG00000243789	reverse_order:truncated_tri_fusion	100GB	85%	Genion
24	positive	ENSG00000125503:ENSG00000131037	reverse_order: read_through	100GB	85%	Genion
36	positive	ENSG00000125898:ENSG00000234948	intra_chromosome	100GB	85%	Genion
16	positive	ENSG00000128510:ENSG00000163930:ENSG00000185442	wrong_order:tri_fusion	100GB	85%	Genion
242	positive	ENSG00000130208:ENSG00000291128	false_fusion	100GB	85%	Genion
18	positive	ENSG00000130414:ENSG00000257497:ENSG00000286799	reverse_order:tri_fusion	100GB	85%	Genion
8	positive	ENSG00000131400:ENSG00000291230	false_fusion	100GB	85%	Genion
29	positive	ENSG00000132122:ENSG00000179082	hybrid	100GB	85%	Genion
26	positive	ENSG00000132170:ENSG00000181786	truncated_tri_fusion	100GB	85%	Genion
2	positive	ENSG00000132207:ENSG00000261052	false_fusion	100GB	85%	Genion
23	positive	ENSG00000132300:ENSG00000143891	reverse_order: intra_chromosome	100GB	85%	Genion
26	positive	ENSG00000134058:ENSG00000176970	truncated_tri_fusion	100GB	85%	Genion
6	positive	ENSG00000135047:ENSG00000290883	false_fusion	100GB	85%	Genion
43	positive	ENSG00000135241:ENSG00000225612	intra_chromosome	100GB	85%	Genion
14	positive	ENSG00000135517:ENSG00000136014	reverse_order:truncated_tri_fusion	100GB	85%	Genion
11	positive	ENSG00000136014:ENSG00000285528	false_fusion	100GB	85%	Genion
35	positive	ENSG00000136504:ENSG00000277586	truncated_tri_fusion	100GB	85%	Genion
36	positive	ENSG00000136861:ENSG00000225676	reverse_order: hybrid	100GB	85%	Genion
10	positive	ENSG00000137251:ENSG00000242197:ENSG00000268416	wrong_order:tri_fusion	100GB	85%	Genion
6	positive	ENSG00000137251:ENSG00000268416	truncated_tri_fusion	100GB	85%	Genion
16	positive	ENSG00000138759:ENSG00000215796	reverse_order:truncated_tri_fusion	100GB	85%	Genion
35	positive	ENSG00000138771:ENSG00000235597:ENSG00000250263	wrong_order:tri_fusion	100GB	85%	Genion
25	positive	ENSG00000139350:ENSG00000234456	reverse_order:truncated_tri_fusion	100GB	85%	Genion
2	positive	ENSG00000140379:ENSG00000180953	false_fusion	100GB	85%	Genion
3	positive	ENSG00000140905:ENSG00000260213	false_fusion	100GB	85%	Genion
17	positive	ENSG00000141449:ENSG00000166401	intra_chromosome	100GB	85%	Genion
9	positive	ENSG00000141499:ENSG00000204387:ENSG00000204388	false_fusion	100GB	85%	Genion
15	positive	ENSG00000141499:ENSG00000285565	reverse_order: hybrid	100GB	85%	Genion
37	positive	ENSG00000141499:ENSG00000291134	reverse_order: hybrid	100GB	85%	Genion
3	positive	ENSG00000141560:ENSG00000167363	false_fusion	100GB	85%	Genion
18	positive	ENSG00000141576:ENSG00000197462	reverse_order:truncated_tri_fusion	100GB	85%	Genion
11	positive	ENSG00000141577:ENSG00000263508	reverse_order: intra_chromosome	100GB	85%	Genion
4	positive	ENSG00000141965:ENSG00000185361	false_fusion	100GB	85%	Genion
4	positive	ENSG00000141994:ENSG00000212123	false_fusion	100GB	85%	Genion
37	positive	ENSG00000142156:ENSG00000237945	intra_chromosome	100GB	85%	Genion
24	positive	ENSG00000142627:ENSG00000176746	truncated_tri_fusion	100GB	85%	Genion
26	positive	ENSG00000143228:ENSG00000196586	reverse_order:truncated_tri_fusion	100GB	85%	Genion
12	positive	ENSG00000144043:ENSG00000239322	false_fusion	100GB	85%	Genion
21	positive	ENSG00000144320:ENSG00000168280	hybrid	100GB	85%	Genion
18	positive	ENSG00000144815:ENSG00000273373	reverse_order:truncated_tri_fusion	100GB	85%	Genion
11	positive	ENSG00000145734:ENSG00000183476:ENSG00000225092	tri_fusion	100GB	85%	Genion
29	positive	ENSG00000146282:ENSG00000153291	intra_chromosome	100GB	85%	Genion
15	positive	ENSG00000147041:ENSG00000187951	false_fusion	100GB	85%	Genion
2	positive	ENSG00000147403:ENSG00000285018	false_fusion	100GB	85%	Genion
22	positive	ENSG00000147761:ENSG00000228890	false_fusion	100GB	85%	Genion
11	positive	ENSG00000148308:ENSG00000260840	truncated_tri_fusion	100GB	85%	Genion
18	positive	ENSG00000148362:ENSG00000169583	read_through	100GB	85%	Genion
11	positive	ENSG00000149564:ENSG00000256339	reverse_order: hybrid	100GB	85%	Genion
19	positive	ENSG00000151322:ENSG00000249858	truncated_tri_fusion	100GB	85%	Genion
29	positive	ENSG00000151967:ENSG00000255248	hybrid	100GB	85%	Genion
26	positive	ENSG00000154040:ENSG00000223782	reverse_order:truncated_tri_fusion	100GB	85%	Genion
8	positive	ENSG00000156508:ENSG00000236552	false_fusion	100GB	85%	Genion
27	positive	ENSG00000156508:ENSG00000289286	false_fusion	100GB	85%	Genion
12	positive	ENSG00000157326:ENSG00000285467	false_fusion	100GB	85%	Genion
16	positive	ENSG00000157326:ENSG00000291039	false_fusion	100GB	85%	Genion
5	positive	ENSG00000157426:ENSG00000242736	reverse_order:truncated_tri_fusion	100GB	85%	Genion
28	positive	ENSG00000157916:ENSG00000205835	hybrid	100GB	85%	Genion
2	positive	ENSG00000160783:ENSG00000242252	false_fusion	100GB	85%	Genion
21	positive	ENSG00000161513:ENSG00000172782	read_through	100GB	85%	Genion
2	positive	ENSG00000161640:ENSG00000213024	false_fusion	100GB	85%	Genion
6	positive	ENSG00000161970:ENSG00000184619	false_fusion	100GB	85%	Genion
2	positive	ENSG00000162066:ENSG00000185883	false_fusion	100GB	85%	Genion
11	positive	ENSG00000164733:ENSG00000228373	reverse_order: hybrid	100GB	85%	Genion
26	positive	ENSG00000166145:ENSG00000171766	reverse_order: intra_chromosome	100GB	85%	Genion
2	positive	ENSG00000167244:ENSG00000254647	false_fusion	100GB	85%	Genion
4	positive	ENSG00000167371:ENSG00000280789	false_fusion	100GB	85%	Genion
5	positive	ENSG00000167393:ENSG00000237040	false_fusion	100GB	85%	Genion
4	positive	ENSG00000167523:ENSG00000167526	false_fusion	100GB	85%	Genion
16	positive	ENSG00000167554:ENSG00000238194	reverse_order:truncated_tri_fusion	100GB	85%	Genion
12	positive	ENSG00000168591:ENSG00000226055	reverse_order:truncated_tri_fusion	100GB	85%	Genion
41	positive	ENSG00000168676:ENSG00000198677	truncated_tri_fusion	100GB	85%	Genion
2	positive	ENSG00000169715:ENSG00000205361:ENSG00000255986	false_fusion	100GB	85%	Genion
2	positive	ENSG00000169715:ENSG00000259923	false_fusion	100GB	85%	Genion
11	positive	ENSG00000169715:ENSG00000290662	false_fusion	100GB	85%	Genion
4	positive	ENSG00000169715:ENSG00000291095	false_fusion	100GB	85%	Genion
6	positive	ENSG00000172404:ENSG00000226024	intra_chromosome	100GB	85%	Genion
21	positive	ENSG00000172575:ENSG00000228141	reverse_order: intra_chromosome	100GB	85%	Genion
25	positive	ENSG00000173285:ENSG00000198965	read_through	100GB	85%	Genion
29	positive	ENSG00000174695:ENSG00000221886	reverse_order: intra_chromosome	100GB	85%	Genion
13	positive	ENSG00000176681:ENSG00000223745	false_fusion	100GB	85%	Genion
16	positive	ENSG00000178997:ENSG00000289083	intra_chromosome	100GB	85%	Genion
26	positive	ENSG00000179523:ENSG00000235519	truncated_tri_fusion	100GB	85%	Genion
2	positive	ENSG00000181214:ENSG00000255298	false_fusion	100GB	85%	Genion
26	positive	ENSG00000181927:ENSG00000236044	reverse_order: hybrid	100GB	85%	Genion
3	positive	ENSG00000182774:ENSG00000214575	false_fusion	100GB	85%	Genion
34	positive	ENSG00000182796:ENSG00000231851	truncated_tri_fusion	100GB	85%	Genion
14	positive	ENSG00000184979:ENSG00000288811	false_fusion	100GB	85%	Genion
5	positive	ENSG00000186468:ENSG00000251374	false_fusion	100GB	85%	Genion
8	positive	ENSG00000186704:ENSG00000241350	false_fusion	100GB	85%	Genion
26	positive	ENSG00000188321:ENSG00000276043	intra_chromosome	100GB	85%	Genion
23	positive	ENSG00000189167:ENSG00000247627	reverse_order: hybrid	100GB	85%	Genion
19	positive	ENSG00000196455:ENSG00000206384	reverse_order: read_through	100GB	85%	Genion
25	positive	ENSG00000196935:ENSG00000283625	hybrid	100GB	85%	Genion
18	positive	ENSG00000196954:ENSG00000291173	false_fusion	100GB	85%	Genion
27	positive	ENSG00000197302:ENSG00000260737	reverse_order: intra_chromosome	100GB	85%	Genion
7	positive	ENSG00000203335:ENSG00000270114	false_fusion:self_misalignment	100GB	85%	Genion
2	positive	ENSG00000204386:ENSG00000204428	false_fusion	100GB	85%	Genion
119	positive	ENSG00000204632:ENSG00000206503	false_fusion	100GB	85%	Genion
29	positive	ENSG00000204661:ENSG00000259285	reverse_order: hybrid	100GB	85%	Genion
13	positive	ENSG00000205084:ENSG00000291051	false_fusion	100GB	85%	Genion
12	positive	ENSG00000205274:ENSG00000226562	false_fusion	100GB	85%	Genion
19	positive	ENSG00000205274:ENSG00000230453	false_fusion	100GB	85%	Genion
19	positive	ENSG00000205444:ENSG00000251669	false_fusion	100GB	85%	Genion
479	positive	ENSG00000206503:ENSG00000230795	false_fusion	100GB	85%	Genion
37	positive	ENSG00000206503:ENSG00000235290	false_fusion	100GB	85%	Genion
192	positive	ENSG00000206503:ENSG00000290574	false_fusion	100GB	85%	Genion
7	positive	ENSG00000207716:ENSG00000250896	false_fusion	100GB	85%	Genion
2	positive	ENSG00000211633:ENSG00000253365	false_fusion	100GB	85%	Genion
2	positive	ENSG00000211968:ENSG00000253274	false_fusion	100GB	85%	Genion
30	positive	ENSG00000214967:ENSG00000227827	false_fusion	100GB	85%	Genion
9	positive	ENSG00000215124:ENSG00000225102	read_through	100GB	85%	Genion
8	positive	ENSG00000215268:ENSG00000224435	false_fusion	100GB	85%	Genion
19	positive	ENSG00000223631:ENSG00000284659	read_through	100GB	85%	Genion
2	positive	ENSG00000224167:ENSG00000226419	false_fusion	100GB	85%	Genion
18	positive	ENSG00000224367:ENSG00000283294	reverse_order: intra_chromosome	100GB	85%	Genion
20	positive	ENSG00000224622:ENSG00000253199	reverse_order:truncated_tri_fusion	100GB	85%	Genion
28	positive	ENSG00000225626:ENSG00000229586	reverse_order:truncated_tri_fusion	100GB	85%	Genion
38	positive	ENSG00000225746:ENSG00000258867	intra_chromosome	100GB	85%	Genion
13	positive	ENSG00000226008:ENSG00000290937	false_fusion	100GB	85%	Genion
10	positive	ENSG00000227083:ENSG00000235262	intra_chromosome	100GB	85%	Genion
20	positive	ENSG00000227494:ENSG00000251510	false_fusion	100GB	85%	Genion
2	positive	ENSG00000228397:ENSG00000285752	false_fusion	100GB	85%	Genion
2	positive	ENSG00000228800:ENSG00000289898	false_fusion:self_misalignment	100GB	85%	Genion
15	positive	ENSG00000229606:ENSG00000289577	read_through	100GB	85%	Genion
6	positive	ENSG00000230284:ENSG00000284867	false_fusion:self_misalignment	100GB	85%	Genion
5	positive	ENSG00000230284:ENSG00000284962	false_fusion:self_misalignment	100GB	85%	Genion
5	positive	ENSG00000230284:ENSG00000285076	false_fusion:self_misalignment	100GB	85%	Genion
5	positive	ENSG00000230284:ENSG00000285370	false_fusion:self_misalignment	100GB	85%	Genion
4	positive	ENSG00000230596:ENSG00000290733	false_fusion	100GB	85%	Genion
2	positive	ENSG00000232301:ENSG00000232445	false_fusion	100GB	85%	Genion
30	positive	ENSG00000233124:ENSG00000244754	reverse_order: intra_chromosome	100GB	85%	Genion
33	positive	ENSG00000233219:ENSG00000236494	reverse_order: read_through	100GB	85%	Genion
16	positive	ENSG00000234056:ENSG00000287340	hybrid	100GB	85%	Genion
32	positive	ENSG00000235162:ENSG00000286520	read_through	100GB	85%	Genion
24	positive	ENSG00000235221:ENSG00000236581	intra_chromosome	100GB	85%	Genion
27	positive	ENSG00000236581:ENSG00000272274	reverse_order: intra_chromosome	100GB	85%	Genion
8	positive	ENSG00000236951:ENSG00000292366	false_fusion	100GB	85%	Genion
6	positive	ENSG00000237040:ENSG00000292327	false_fusion	100GB	85%	Genion
18	positive	ENSG00000238035:ENSG00000250765	false_fusion	100GB	85%	Genion
18	positive	ENSG00000239672:ENSG00000243678	false_fusion	100GB	85%	Genion
34	positive	ENSG00000249859:ENSG00000253503	intra_chromosome	100GB	85%	Genion
2	positive	ENSG00000250892:ENSG00000251535	false_fusion:self_misalignment	100GB	85%	Genion
5	positive	ENSG00000251333:ENSG00000278943	false_fusion	100GB	85%	Genion
19	positive	ENSG00000255360:ENSG00000278837	false_fusion:self_misalignment	100GB	85%	Genion
10	positive	ENSG00000257511:ENSG00000276148	false_fusion:self_misalignment	100GB	85%	Genion
12	positive	ENSG00000257644:ENSG00000257672	false_fusion:self_misalignment	100GB	85%	Genion
19	positive	ENSG00000258376:ENSG00000285219	reverse_order: hybrid	100GB	85%	Genion
4	positive	ENSG00000258781:ENSG00000285990	false_fusion	100GB	85%	Genion
2	positive	ENSG00000260777:ENSG00000263788	false_fusion:self_misalignment	100GB	85%	Genion
9	positive	ENSG00000261692:ENSG00000278847	hybrid	100GB	85%	Genion
2	positive	ENSG00000265218:ENSG00000272134	false_fusion:self_misalignment	100GB	85%	Genion
8	positive	ENSG00000267448:ENSG00000278916	reverse_order:truncated_tri_fusion	100GB	85%	Genion
2	positive	ENSG00000267580:ENSG00000267727	false_fusion:self_misalignment	100GB	85%	Genion
2	positive	ENSG00000268592:ENSG00000273132	false_fusion	100GB	85%	Genion
7	positive	ENSG00000269190:ENSG00000269486	false_fusion	100GB	85%	Genion
19	positive	ENSG00000269692:ENSG00000273994	read_through	100GB	85%	Genion
2	positive	ENSG00000272154:ENSG00000279047	false_fusion	100GB	85%	Genion
2	positive	ENSG00000275718:ENSG00000276409	false_fusion	100GB	85%	Genion
2	positive	ENSG00000276430:ENSG00000276850	false_fusion	100GB	85%	Genion
4	positive	ENSG00000280087:ENSG00000291128	false_fusion	100GB	85%	Genion
6	positive	ENSG00000281379:ENSG00000282508	false_fusion	100GB	85%	Genion
25	positive	ENSG00000003393:ENSG00000145916	truncated_tri_fusion	100GB	90%	Genion
24	positive	ENSG00000005007:ENSG00000271724	reverse_order: hybrid	100GB	90%	Genion
20	positive	ENSG00000005381:ENSG00000167419	reverse_order: read_through	100GB	90%	Genion
37	positive	ENSG00000009830:ENSG00000087258	hybrid	100GB	90%	Genion
14	positive	ENSG00000010671:ENSG00000183629	truncated_tri_fusion	100GB	90%	Genion
33	positive	ENSG00000011009:ENSG00000278249	false_fusion	100GB	90%	Genion
20	positive	ENSG00000011275:ENSG00000165383	truncated_tri_fusion	100GB	90%	Genion
42	positive	ENSG00000020256:ENSG00000136444	hybrid	100GB	90%	Genion
17	positive	ENSG00000022567:ENSG00000105339	reverse_order: read_through	100GB	90%	Genion
20	positive	ENSG00000048740:ENSG00000225830	intra_chromosome	100GB	90%	Genion
39	positive	ENSG00000060339:ENSG00000228451	hybrid	100GB	90%	Genion
34	positive	ENSG00000063978:ENSG00000168556	reverse_order: intra_chromosome	100GB	90%	Genion
11	positive	ENSG00000066427:ENSG00000272767	truncated_tri_fusion	100GB	90%	Genion
18	positive	ENSG00000066557:ENSG00000164924	reverse_order:truncated_tri_fusion	100GB	90%	Genion
21	positive	ENSG00000066557:ENSG00000228784	truncated_tri_fusion	100GB	90%	Genion
23	positive	ENSG00000068097:ENSG00000143228:ENSG00000196586	wrong_order:tri_fusion	100GB	90%	Genion
4	positive	ENSG00000070831:ENSG00000218510	false_fusion	100GB	90%	Genion
16	positive	ENSG00000072571:ENSG00000130714	truncated_tri_fusion	100GB	90%	Genion
18	positive	ENSG00000072571:ENSG00000130714:ENSG00000146809	wrong_order:tri_fusion	100GB	90%	Genion
40	positive	ENSG00000074219:ENSG00000236172	hybrid	100GB	90%	Genion
13	positive	ENSG00000076513:ENSG00000280426	reverse_order: read_through	100GB	90%	Genion
47	positive	ENSG00000077684:ENSG00000223768	hybrid	100GB	90%	Genion
15	positive	ENSG00000078699:ENSG00000132003	reverse_order:truncated_tri_fusion	100GB	90%	Genion
12	positive	ENSG00000080822:ENSG00000103043:ENSG00000277893	reverse_order:tri_fusion	100GB	90%	Genion
5	positive	ENSG00000080822:ENSG00000250562	false_fusion	100GB	90%	Genion
30	positive	ENSG00000081692:ENSG00000167257	reverse_order: hybrid	100GB	90%	Genion
15	positive	ENSG00000081985:ENSG00000164756	reverse_order:truncated_tri_fusion	100GB	90%	Genion
11	positive	ENSG00000081985:ENSG00000164756:ENSG00000184619	wrong_order:tri_fusion	100GB	90%	Genion
20	positive	ENSG00000081985:ENSG00000184619	truncated_tri_fusion	100GB	90%	Genion
34	positive	ENSG00000082805:ENSG00000145907	reverse_order:truncated_tri_fusion	100GB	90%	Genion
29	positive	ENSG00000082898:ENSG00000106692	reverse_order: hybrid	100GB	90%	Genion
29	positive	ENSG00000085788:ENSG00000108094	reverse_order: hybrid	100GB	90%	Genion
13	positive	ENSG00000086758:ENSG00000196433	reverse_order: intra_chromosome	100GB	90%	Genion
18	positive	ENSG00000086758:ENSG00000292336	false_fusion	100GB	90%	Genion
7	positive	ENSG00000087250:ENSG00000125148	false_fusion	100GB	90%	Genion
31	positive	ENSG00000088035:ENSG00000101003	reverse_order:truncated_tri_fusion	100GB	90%	Genion
38	positive	ENSG00000090565:ENSG00000167207	intra_chromosome	100GB	90%	Genion
2	positive	ENSG00000090612:ENSG00000256223	false_fusion	100GB	90%	Genion
23	positive	ENSG00000091651:ENSG00000166851:ENSG00000206560	wrong_order:tri_fusion	100GB	90%	Genion
2	positive	ENSG00000092931:ENSG00000181038	false_fusion	100GB	90%	Genion
30	positive	ENSG00000093072:ENSG00000260840	reverse_order:truncated_tri_fusion	100GB	90%	Genion
35	positive	ENSG00000095261:ENSG00000281649	intra_chromosome	100GB	90%	Genion
35	positive	ENSG00000095303:ENSG00000233616	read_through	100GB	90%	Genion
38	positive	ENSG00000095794:ENSG00000289039	reverse_order: intra_chromosome	100GB	90%	Genion
24	positive	ENSG00000096070:ENSG00000104218	truncated_tri_fusion	100GB	90%	Genion
33	positive	ENSG00000096746:ENSG00000291093	reverse_order: intra_chromosome	100GB	90%	Genion
2	positive	ENSG00000099974:ENSG00000228039	false_fusion	100GB	90%	Genion
15	positive	ENSG00000100307:ENSG00000172404	false_fusion	100GB	90%	Genion
15	positive	ENSG00000100461:ENSG00000260830	reverse_order: intra_chromosome	100GB	90%	Genion
33	positive	ENSG00000100811:ENSG00000148604	reverse_order: hybrid	100GB	90%	Genion
2	positive	ENSG00000101310:ENSG00000214612	false_fusion	100GB	90%	Genion
18	positive	ENSG00000101966:ENSG00000234129	reverse_order: intra_chromosome	100GB	90%	Genion
26	positive	ENSG00000102312:ENSG00000221910	truncated_tri_fusion	100GB	90%	Genion
31	positive	ENSG00000102471:ENSG00000225510	reverse_order: intra_chromosome	100GB	90%	Genion
6	positive	ENSG00000102805:ENSG00000236051	false_fusion	100GB	90%	Genion
8	positive	ENSG00000103043:ENSG00000277893	reverse_order:truncated_tri_fusion	100GB	90%	Genion
26	positive	ENSG00000103160:ENSG00000103415	reverse_order: intra_chromosome	100GB	90%	Genion
3	positive	ENSG00000104154:ENSG00000275709	false_fusion	100GB	90%	Genion
46	positive	ENSG00000104518:ENSG00000104957	reverse_order: hybrid	100GB	90%	Genion
13	positive	ENSG00000104907:ENSG00000267448:ENSG00000278916	wrong_order:tri_fusion	100GB	90%	Genion
7	positive	ENSG00000104907:ENSG00000278916	truncated_tri_fusion	100GB	90%	Genion
40	positive	ENSG00000105613:ENSG00000164011	hybrid	100GB	90%	Genion
19	positive	ENSG00000105856:ENSG00000180304	reverse_order: hybrid	100GB	90%	Genion
18	positive	ENSG00000106069:ENSG00000285412	false_fusion	100GB	90%	Genion
27	positive	ENSG00000106628:ENSG00000136297	intra_chromosome	100GB	90%	Genion
21	positive	ENSG00000106819:ENSG00000124787:ENSG00000231898	wrong_order:tri_fusion	100GB	90%	Genion
14	positive	ENSG00000106819:ENSG00000231898	reverse_order:truncated_tri_fusion	100GB	90%	Genion
23	positive	ENSG00000106829:ENSG00000228714	intra_chromosome	100GB	90%	Genion
41	positive	ENSG00000107872:ENSG00000107874	read_through	100GB	90%	Genion
35	positive	ENSG00000108604:ENSG00000240280	read_through	100GB	90%	Genion
35	positive	ENSG00000110002:ENSG00000237250	hybrid	100GB	90%	Genion
30	positive	ENSG00000110887:ENSG00000167588	reverse_order: intra_chromosome	100GB	90%	Genion
34	positive	ENSG00000111596:ENSG00000111727	reverse_order: intra_chromosome	100GB	90%	Genion
40	positive	ENSG00000111907:ENSG00000288769	reverse_order: hybrid	100GB	90%	Genion
18	positive	ENSG00000112486:ENSG00000213066	false_fusion	100GB	90%	Genion
11	positive	ENSG00000113494:ENSG00000286112	false_fusion	100GB	90%	Genion
36	positive	ENSG00000114547:ENSG00000241439	reverse_order: read_through	100GB	90%	Genion
27	positive	ENSG00000114638:ENSG00000121578	read_through	100GB	90%	Genion
27	positive	ENSG00000114786:ENSG00000165806:ENSG00000260995	wrong_order:tri_fusion	100GB	90%	Genion
22	positive	ENSG00000114867:ENSG00000275389	truncated_tri_fusion	100GB	90%	Genion
14	positive	ENSG00000114923:ENSG00000168591	reverse_order:truncated_tri_fusion	100GB	90%	Genion
2	positive	ENSG00000115275:ENSG00000204822	false_fusion	100GB	90%	Genion
3	positive	ENSG00000115457:ENSG00000197756	false_fusion	100GB	90%	Genion
8	positive	ENSG00000116205:ENSG00000290106	reverse_order: hybrid	100GB	90%	Genion
17	positive	ENSG00000117151:ENSG00000231064	reverse_order: intra_chromosome	100GB	90%	Genion
17	positive	ENSG00000117523:ENSG00000227372	intra_chromosome	100GB	90%	Genion
20	positive	ENSG00000117758:ENSG00000159176	intra_chromosome	100GB	90%	Genion
2	positive	ENSG00000118058:ENSG00000167283	false_fusion	100GB	90%	Genion
8	positive	ENSG00000118960:ENSG00000240484	truncated_tri_fusion	100GB	90%	Genion
34	positive	ENSG00000119314:ENSG00000226711	hybrid	100GB	90%	Genion
12	positive	ENSG00000119686:ENSG00000121653:ENSG00000167395	wrong_order:tri_fusion	100GB	90%	Genion
15	positive	ENSG00000119686:ENSG00000167395	truncated_tri_fusion	100GB	90%	Genion
52	positive	ENSG00000119899:ENSG00000146223	intra_chromosome	100GB	90%	Genion
26	positive	ENSG00000120896:ENSG00000221947	reverse_order: intra_chromosome	100GB	90%	Genion
31	positive	ENSG00000121281:ENSG00000188801	hybrid	100GB	90%	Genion
42	positive	ENSG00000124155:ENSG00000182621	reverse_order: intra_chromosome	100GB	90%	Genion
11	positive	ENSG00000124333:ENSG00000235059	false_fusion	100GB	90%	Genion
2	positive	ENSG00000125148:ENSG00000205360	false_fusion	100GB	90%	Genion
27	positive	ENSG00000125148:ENSG00000291105	false_fusion	100GB	90%	Genion
20	positive	ENSG00000125462:ENSG00000243789	reverse_order:truncated_tri_fusion	100GB	90%	Genion
30	positive	ENSG00000125503:ENSG00000131037	reverse_order: read_through	100GB	90%	Genion
39	positive	ENSG00000125898:ENSG00000234948	intra_chromosome	100GB	90%	Genion
2	positive	ENSG00000127220:ENSG00000160113	false_fusion	100GB	90%	Genion
17	positive	ENSG00000128510:ENSG00000163930:ENSG00000185442	wrong_order:tri_fusion	100GB	90%	Genion
122	positive	ENSG00000130208:ENSG00000291128	false_fusion	100GB	90%	Genion
3	positive	ENSG00000130383:ENSG00000174886	false_fusion	100GB	90%	Genion
19	positive	ENSG00000130414:ENSG00000257497:ENSG00000286799	reverse_order:tri_fusion	100GB	90%	Genion
25	positive	ENSG00000130714:ENSG00000151694	truncated_tri_fusion	100GB	90%	Genion
47	positive	ENSG00000132122:ENSG00000179082	hybrid	100GB	90%	Genion
2	positive	ENSG00000132155:ENSG00000274514	false_fusion	100GB	90%	Genion
12	positive	ENSG00000132170:ENSG00000181786	truncated_tri_fusion	100GB	90%	Genion
23	positive	ENSG00000132170:ENSG00000181786:ENSG00000291100	wrong_order:tri_fusion	100GB	90%	Genion
28	positive	ENSG00000132300:ENSG00000143891	reverse_order: intra_chromosome	100GB	90%	Genion
43	positive	ENSG00000134020:ENSG00000248538	intra_chromosome	100GB	90%	Genion
25	positive	ENSG00000134058:ENSG00000176970	truncated_tri_fusion	100GB	90%	Genion
5	positive	ENSG00000134216:ENSG00000232240	false_fusion	100GB	90%	Genion
31	positive	ENSG00000135241:ENSG00000225612	intra_chromosome	100GB	90%	Genion
24	positive	ENSG00000135517:ENSG00000136014	reverse_order:truncated_tri_fusion	100GB	90%	Genion
20	positive	ENSG00000136014:ENSG00000236963	reverse_order:truncated_tri_fusion	100GB	90%	Genion
12	positive	ENSG00000136014:ENSG00000285528	false_fusion	100GB	90%	Genion
31	positive	ENSG00000136504:ENSG00000277586	truncated_tri_fusion	100GB	90%	Genion
40	positive	ENSG00000136861:ENSG00000225676	reverse_order: hybrid	100GB	90%	Genion
6	positive	ENSG00000137251:ENSG00000242197:ENSG00000268416	wrong_order:tri_fusion	100GB	90%	Genion
18	positive	ENSG00000137251:ENSG00000268416	truncated_tri_fusion	100GB	90%	Genion
21	positive	ENSG00000138115:ENSG00000145216	truncated_tri_fusion	100GB	90%	Genion
22	positive	ENSG00000138380:ENSG00000186487	reverse_order: intra_chromosome	100GB	90%	Genion
12	positive	ENSG00000138759:ENSG00000215796	reverse_order:truncated_tri_fusion	100GB	90%	Genion
30	positive	ENSG00000138771:ENSG00000235597:ENSG00000250263	wrong_order:tri_fusion	100GB	90%	Genion
24	positive	ENSG00000139350:ENSG00000234456	reverse_order:truncated_tri_fusion	100GB	90%	Genion
12	positive	ENSG00000139874:ENSG00000258649	reverse_order: read_through	100GB	90%	Genion
23	positive	ENSG00000140853:ENSG00000146143:ENSG00000181523	wrong_order:tri_fusion	100GB	90%	Genion
16	positive	ENSG00000141449:ENSG00000166401	intra_chromosome	100GB	90%	Genion
13	positive	ENSG00000141499:ENSG00000204387:ENSG00000204388	false_fusion	100GB	90%	Genion
12	positive	ENSG00000141499:ENSG00000285565	reverse_order: hybrid	100GB	90%	Genion
34	positive	ENSG00000141499:ENSG00000291134	reverse_order: hybrid	100GB	90%	Genion
18	positive	ENSG00000141556:ENSG00000188227:ENSG00000197265	wrong_order:tri_fusion	100GB	90%	Genion
20	positive	ENSG00000141576:ENSG00000197462	reverse_order:truncated_tri_fusion	100GB	90%	Genion
9	positive	ENSG00000141577:ENSG00000263508	reverse_order: intra_chromosome	100GB	90%	Genion
41	positive	ENSG00000142156:ENSG00000237945	intra_chromosome	100GB	90%	Genion
19	positive	ENSG00000142627:ENSG00000176746	truncated_tri_fusion	100GB	90%	Genion
6	positive	ENSG00000144043:ENSG00000239322	false_fusion	100GB	90%	Genion
50	positive	ENSG00000144320:ENSG00000168280	hybrid	100GB	90%	Genion
29	positive	ENSG00000144815:ENSG00000273373	reverse_order:truncated_tri_fusion	100GB	90%	Genion
32	positive	ENSG00000146282:ENSG00000153291	intra_chromosome	100GB	90%	Genion
29	positive	ENSG00000147434:ENSG00000164953	intra_chromosome	100GB	90%	Genion
3	positive	ENSG00000147576:ENSG00000179041	false_fusion	100GB	90%	Genion
24	positive	ENSG00000147761:ENSG00000228890	false_fusion	100GB	90%	Genion
24	positive	ENSG00000148362:ENSG00000169583	read_through	100GB	90%	Genion
40	positive	ENSG00000149273:ENSG00000262898	hybrid	100GB	90%	Genion
15	positive	ENSG00000149564:ENSG00000256339	reverse_order: hybrid	100GB	90%	Genion
5	positive	ENSG00000150269:ENSG00000174937	false_fusion	100GB	90%	Genion
28	positive	ENSG00000151322:ENSG00000249858	truncated_tri_fusion	100GB	90%	Genion
36	positive	ENSG00000151967:ENSG00000255248	hybrid	100GB	90%	Genion
30	positive	ENSG00000154040:ENSG00000223782	reverse_order:truncated_tri_fusion	100GB	90%	Genion
19	positive	ENSG00000156508:ENSG00000289286	false_fusion	100GB	90%	Genion
12	positive	ENSG00000157326:ENSG00000291039	false_fusion	100GB	90%	Genion
21	positive	ENSG00000157426:ENSG00000242736	reverse_order:truncated_tri_fusion	100GB	90%	Genion
35	positive	ENSG00000157916:ENSG00000205835	hybrid	100GB	90%	Genion
9	positive	ENSG00000157954:ENSG00000278416:ENSG00000291092	false_fusion	100GB	90%	Genion
27	positive	ENSG00000161513:ENSG00000172782	read_through	100GB	90%	Genion
3	positive	ENSG00000161640:ENSG00000213024	false_fusion	100GB	90%	Genion
2	positive	ENSG00000162066:ENSG00000185883	false_fusion	100GB	90%	Genion
15	positive	ENSG00000162302:ENSG00000196549	reverse_order:truncated_tri_fusion	100GB	90%	Genion
11	positive	ENSG00000162706:ENSG00000213088	false_fusion	100GB	90%	Genion
7	positive	ENSG00000163913:ENSG00000274532	false_fusion	100GB	90%	Genion
6	positive	ENSG00000163913:ENSG00000274814	hybrid	100GB	90%	Genion
14	positive	ENSG00000164010:ENSG00000274386	false_fusion	100GB	90%	Genion
15	positive	ENSG00000164733:ENSG00000228373	reverse_order: hybrid	100GB	90%	Genion
6	positive	ENSG00000165060:ENSG00000270236	read_through	100GB	90%	Genion
46	positive	ENSG00000166145:ENSG00000171766	reverse_order: intra_chromosome	100GB	90%	Genion
2	positive	ENSG00000166897:ENSG00000237862	false_fusion	100GB	90%	Genion
2	positive	ENSG00000166997:ENSG00000188186	false_fusion	100GB	90%	Genion
24	positive	ENSG00000167110:ENSG00000226138	reverse_order: hybrid	100GB	90%	Genion
12	positive	ENSG00000167393:ENSG00000237040	false_fusion	100GB	90%	Genion
5	positive	ENSG00000167393:ENSG00000292365	false_fusion	100GB	90%	Genion
19	positive	ENSG00000167554:ENSG00000238194	reverse_order:truncated_tri_fusion	100GB	90%	Genion
2	positive	ENSG00000167578:ENSG00000261857	false_fusion	100GB	90%	Genion
3	positive	ENSG00000167642:ENSG00000167644	false_fusion	100GB	90%	Genion
2	positive	ENSG00000167775:ENSG00000267855	false_fusion	100GB	90%	Genion
2	positive	ENSG00000167863:ENSG00000188612	false_fusion	100GB	90%	Genion
19	positive	ENSG00000168591:ENSG00000226055	reverse_order:truncated_tri_fusion	100GB	90%	Genion
22	positive	ENSG00000168676:ENSG00000198677	truncated_tri_fusion	100GB	90%	Genion
2	positive	ENSG00000169154:ENSG00000188778	false_fusion	100GB	90%	Genion
6	positive	ENSG00000169715:ENSG00000290662	false_fusion	100GB	90%	Genion
13	positive	ENSG00000169733:ENSG00000264569	reverse_order: read_through	100GB	90%	Genion
7	positive	ENSG00000172404:ENSG00000226024	intra_chromosome	100GB	90%	Genion
31	positive	ENSG00000172575:ENSG00000228141	reverse_order: intra_chromosome	100GB	90%	Genion
9	positive	ENSG00000173113:ENSG00000183696:ENSG00000244485	wrong_order:tri_fusion	100GB	90%	Genion
5	positive	ENSG00000173113:ENSG00000244485	reverse_order:truncated_tri_fusion	100GB	90%	Genion
27	positive	ENSG00000173285:ENSG00000198965	read_through	100GB	90%	Genion
30	positive	ENSG00000174695:ENSG00000221886	reverse_order: intra_chromosome	100GB	90%	Genion
22	positive	ENSG00000176681:ENSG00000223745	false_fusion	100GB	90%	Genion
34	positive	ENSG00000178997:ENSG00000289083	intra_chromosome	100GB	90%	Genion
19	positive	ENSG00000179523:ENSG00000235519	truncated_tri_fusion	100GB	90%	Genion
4	positive	ENSG00000180155:ENSG00000283992	false_fusion	100GB	90%	Genion
6	positive	ENSG00000181638:ENSG00000250571	false_fusion	100GB	90%	Genion
25	positive	ENSG00000181927:ENSG00000236044	reverse_order: hybrid	100GB	90%	Genion
50	positive	ENSG00000182796:ENSG00000231851	truncated_tri_fusion	100GB	90%	Genion
2	positive	ENSG00000183718:ENSG00000204628	false_fusion	100GB	90%	Genion
6	positive	ENSG00000185164:ENSG00000257527	false_fusion	100GB	90%	Genion
3	positive	ENSG00000186468:ENSG00000251374	false_fusion	100GB	90%	Genion
29	positive	ENSG00000188321:ENSG00000276043	intra_chromosome	100GB	90%	Genion
24	positive	ENSG00000189167:ENSG00000247627	reverse_order: hybrid	100GB	90%	Genion
21	positive	ENSG00000196455:ENSG00000206384	reverse_order: read_through	100GB	90%	Genion
33	positive	ENSG00000196935:ENSG00000283625	hybrid	100GB	90%	Genion
30	positive	ENSG00000197302:ENSG00000260737	reverse_order: intra_chromosome	100GB	90%	Genion
12	positive	ENSG00000197976:ENSG00000214717	false_fusion	100GB	90%	Genion
4	positive	ENSG00000198346:ENSG00000213777	false_fusion	100GB	90%	Genion
14	positive	ENSG00000198551:ENSG00000285053	reverse_order:truncated_tri_fusion	100GB	90%	Genion
2	positive	ENSG00000203663:ENSG00000290612	false_fusion	100GB	90%	Genion
6	positive	ENSG00000204387:ENSG00000204388	false_fusion	100GB	90%	Genion
81	positive	ENSG00000204632:ENSG00000206503	false_fusion	100GB	90%	Genion
17	positive	ENSG00000204661:ENSG00000259285	reverse_order: hybrid	100GB	90%	Genion
20	positive	ENSG00000205084:ENSG00000291051	false_fusion	100GB	90%	Genion
18	positive	ENSG00000205274:ENSG00000226562	false_fusion	100GB	90%	Genion
10	positive	ENSG00000205274:ENSG00000230453	false_fusion	100GB	90%	Genion
2	positive	ENSG00000205358:ENSG00000259923	false_fusion	100GB	90%	Genion
28	positive	ENSG00000205444:ENSG00000251669	false_fusion	100GB	90%	Genion
9	positive	ENSG00000205444:ENSG00000290374	reverse_order:truncated_tri_fusion	100GB	90%	Genion
306	positive	ENSG00000206503:ENSG00000230795	false_fusion	100GB	90%	Genion
105	positive	ENSG00000206503:ENSG00000290574	false_fusion	100GB	90%	Genion
7	positive	ENSG00000213300:ENSG00000266780	false_fusion	100GB	90%	Genion
8	positive	ENSG00000214717:ENSG00000292343	false_fusion	100GB	90%	Genion
25	positive	ENSG00000214967:ENSG00000227827	false_fusion	100GB	90%	Genion
9	positive	ENSG00000215124:ENSG00000225102	read_through	100GB	90%	Genion
7	positive	ENSG00000215268:ENSG00000224435	false_fusion	100GB	90%	Genion
2	positive	ENSG00000219665:ENSG00000223547	false_fusion	100GB	90%	Genion
2	positive	ENSG00000221957:ENSG00000264257	false_fusion	100GB	90%	Genion
34	positive	ENSG00000223631:ENSG00000284659	read_through	100GB	90%	Genion
17	positive	ENSG00000223634:ENSG00000235497	read_through	100GB	90%	Genion
23	positive	ENSG00000224367:ENSG00000283294	reverse_order: intra_chromosome	100GB	90%	Genion
17	positive	ENSG00000224622:ENSG00000253199	reverse_order:truncated_tri_fusion	100GB	90%	Genion
5	positive	ENSG00000224622:ENSG00000253199:ENSG00000253403	wrong_order:tri_fusion	100GB	90%	Genion
25	positive	ENSG00000225626:ENSG00000229586	reverse_order:truncated_tri_fusion	100GB	90%	Genion
35	positive	ENSG00000225746:ENSG00000258867	intra_chromosome	100GB	90%	Genion
6	positive	ENSG00000226008:ENSG00000290937	false_fusion	100GB	90%	Genion
11	positive	ENSG00000226941:ENSG00000290336	false_fusion	100GB	90%	Genion
17	positive	ENSG00000227251:ENSG00000291031	false_fusion	100GB	90%	Genion
19	positive	ENSG00000227494:ENSG00000251510	false_fusion	100GB	90%	Genion
9	positive	ENSG00000227837:ENSG00000291031	intra_chromosome	100GB	90%	Genion
4	positive	ENSG00000228049:ENSG00000267368	false_fusion	100GB	90%	Genion
16	positive	ENSG00000229606:ENSG00000289577	read_through	100GB	90%	Genion
9	positive	ENSG00000230284:ENSG00000284763	reverse_order: intra_chromosome	100GB	90%	Genion
13	positive	ENSG00000230284:ENSG00000284962	false_fusion:self_misalignment	100GB	90%	Genion
7	positive	ENSG00000230284:ENSG00000285076	false_fusion:self_misalignment	100GB	90%	Genion
3	positive	ENSG00000230596:ENSG00000290733	false_fusion	100GB	90%	Genion
2	positive	ENSG00000232301:ENSG00000232445	false_fusion	100GB	90%	Genion
3	positive	ENSG00000232386:ENSG00000259604	false_fusion:self_misalignment	100GB	90%	Genion
36	positive	ENSG00000233124:ENSG00000244754	reverse_order: intra_chromosome	100GB	90%	Genion
32	positive	ENSG00000233219:ENSG00000236494	reverse_order: read_through	100GB	90%	Genion
2	positive	ENSG00000233670:ENSG00000263429	false_fusion	100GB	90%	Genion
20	positive	ENSG00000234056:ENSG00000287340	hybrid	100GB	90%	Genion
8	positive	ENSG00000234255:ENSG00000251011	hybrid	100GB	90%	Genion
8	positive	ENSG00000235059:ENSG00000292366	intra_chromosome	100GB	90%	Genion
30	positive	ENSG00000235162:ENSG00000286520	read_through	100GB	90%	Genion
24	positive	ENSG00000235221:ENSG00000236581	intra_chromosome	100GB	90%	Genion
46	positive	ENSG00000236581:ENSG00000272274	reverse_order: intra_chromosome	100GB	90%	Genion
5	positive	ENSG00000236737:ENSG00000275113	false_fusion	100GB	90%	Genion
15	positive	ENSG00000236951:ENSG00000292366	false_fusion	100GB	90%	Genion
5	positive	ENSG00000237040:ENSG00000292327	false_fusion	100GB	90%	Genion
27	positive	ENSG00000237558:ENSG00000291031	intra_chromosome	100GB	90%	Genion
23	positive	ENSG00000238035:ENSG00000250765	false_fusion	100GB	90%	Genion
8	positive	ENSG00000239672:ENSG00000243678	false_fusion	100GB	90%	Genion
36	positive	ENSG00000249859:ENSG00000253503	intra_chromosome	100GB	90%	Genion
20	positive	ENSG00000255360:ENSG00000278837	false_fusion:self_misalignment	100GB	90%	Genion
6	positive	ENSG00000257511:ENSG00000276148	false_fusion:self_misalignment	100GB	90%	Genion
19	positive	ENSG00000257644:ENSG00000257672	false_fusion:self_misalignment	100GB	90%	Genion
3	positive	ENSG00000258197:ENSG00000289590	false_fusion	100GB	90%	Genion
21	positive	ENSG00000258376:ENSG00000285219	reverse_order: hybrid	100GB	90%	Genion
4	positive	ENSG00000260777:ENSG00000263788	false_fusion:self_misalignment	100GB	90%	Genion
17	positive	ENSG00000261692:ENSG00000278847	hybrid	100GB	90%	Genion
8	positive	ENSG00000267448:ENSG00000278916	reverse_order:truncated_tri_fusion	100GB	90%	Genion
44	positive	ENSG00000268235:ENSG00000269405	false_fusion	100GB	90%	Genion
2	positive	ENSG00000269188:ENSG00000290598	false_fusion:self_misalignment	100GB	90%	Genion
15	positive	ENSG00000269692:ENSG00000273994	read_through	100GB	90%	Genion
2	positive	ENSG00000272154:ENSG00000279047	false_fusion	100GB	90%	Genion
2	positive	ENSG00000275718:ENSG00000276409	false_fusion	100GB	90%	Genion
3	positive	ENSG00000276430:ENSG00000276850	false_fusion	100GB	90%	Genion
12	positive	ENSG00000278602:ENSG00000291031	false_fusion	100GB	90%	Genion
2	positive	ENSG00000280087:ENSG00000291128	false_fusion	100GB	90%	Genion
8	positive	ENSG00000281379:ENSG00000282508	false_fusion	100GB	90%	Genion
2	positive	ENSG00000282757:ENSG00000283755	false_fusion	100GB	90%	Genion
8	positive	ENSG00000292327:ENSG00000292365	intra_chromosome	100GB	90%	Genion
41	positive	ENSG00000003393:ENSG00000145916	truncated_tri_fusion	100GB	95%	Genion
23	positive	ENSG00000005007:ENSG00000271724	reverse_order: hybrid	100GB	95%	Genion
9	positive	ENSG00000005381:ENSG00000167419	reverse_order: read_through	100GB	95%	Genion
30	positive	ENSG00000009830:ENSG00000087258	hybrid	100GB	95%	Genion
11	positive	ENSG00000010671:ENSG00000153684	false_fusion	100GB	95%	Genion
15	positive	ENSG00000010671:ENSG00000183629	truncated_tri_fusion	100GB	95%	Genion
27	positive	ENSG00000011009:ENSG00000278249	false_fusion	100GB	95%	Genion
20	positive	ENSG00000011275:ENSG00000165383	truncated_tri_fusion	100GB	95%	Genion
41	positive	ENSG00000020256:ENSG00000136444	hybrid	100GB	95%	Genion
14	positive	ENSG00000022567:ENSG00000105339	reverse_order: read_through	100GB	95%	Genion
16	positive	ENSG00000048740:ENSG00000225830	intra_chromosome	100GB	95%	Genion
9	positive	ENSG00000049449:ENSG00000281880	false_fusion	100GB	95%	Genion
17	positive	ENSG00000049759:ENSG00000147573	reverse_order:truncated_tri_fusion	100GB	95%	Genion
19	positive	ENSG00000049759:ENSG00000203734	truncated_tri_fusion	100GB	95%	Genion
35	positive	ENSG00000060339:ENSG00000228451	hybrid	100GB	95%	Genion
2	positive	ENSG00000063177:ENSG00000268093	false_fusion	100GB	95%	Genion
22	positive	ENSG00000063978:ENSG00000168556	reverse_order: intra_chromosome	100GB	95%	Genion
20	positive	ENSG00000066427:ENSG00000272767	truncated_tri_fusion	100GB	95%	Genion
16	positive	ENSG00000066557:ENSG00000164924	reverse_order:truncated_tri_fusion	100GB	95%	Genion
9	positive	ENSG00000066557:ENSG00000164924:ENSG00000228784	wrong_order:tri_fusion	100GB	95%	Genion
23	positive	ENSG00000066557:ENSG00000228784	truncated_tri_fusion	100GB	95%	Genion
26	positive	ENSG00000068097:ENSG00000143228:ENSG00000196586	wrong_order:tri_fusion	100GB	95%	Genion
3	positive	ENSG00000070831:ENSG00000218510	false_fusion	100GB	95%	Genion
34	positive	ENSG00000072571:ENSG00000130714:ENSG00000146809	wrong_order:tri_fusion	100GB	95%	Genion
53	positive	ENSG00000074219:ENSG00000236172	hybrid	100GB	95%	Genion
14	positive	ENSG00000076513:ENSG00000280426	reverse_order: read_through	100GB	95%	Genion
23	positive	ENSG00000077380:ENSG00000186088:ENSG00000273471	false_fusion	100GB	95%	Genion
38	positive	ENSG00000077684:ENSG00000223768	hybrid	100GB	95%	Genion
26	positive	ENSG00000078699:ENSG00000132003	reverse_order:truncated_tri_fusion	100GB	95%	Genion
25	positive	ENSG00000081692:ENSG00000167257	reverse_order: hybrid	100GB	95%	Genion
21	positive	ENSG00000081985:ENSG00000164756	reverse_order:truncated_tri_fusion	100GB	95%	Genion
8	positive	ENSG00000081985:ENSG00000164756:ENSG00000184619	wrong_order:tri_fusion	100GB	95%	Genion
21	positive	ENSG00000081985:ENSG00000184619	truncated_tri_fusion	100GB	95%	Genion
42	positive	ENSG00000082805:ENSG00000145907	reverse_order:truncated_tri_fusion	100GB	95%	Genion
21	positive	ENSG00000082898:ENSG00000106692	reverse_order: hybrid	100GB	95%	Genion
21	positive	ENSG00000086758:ENSG00000196433	reverse_order: intra_chromosome	100GB	95%	Genion
22	positive	ENSG00000086758:ENSG00000292336	false_fusion	100GB	95%	Genion
28	positive	ENSG00000088035:ENSG00000101003	reverse_order:truncated_tri_fusion	100GB	95%	Genion
14	positive	ENSG00000088298:ENSG00000170231:ENSG00000231530	wrong_order:tri_fusion	100GB	95%	Genion
17	positive	ENSG00000090565:ENSG00000167207	intra_chromosome	100GB	95%	Genion
23	positive	ENSG00000091651:ENSG00000166851:ENSG00000206560	wrong_order:tri_fusion	100GB	95%	Genion
19	positive	ENSG00000093072:ENSG00000260840	reverse_order:truncated_tri_fusion	100GB	95%	Genion
48	positive	ENSG00000095066:ENSG00000172270	intra_chromosome	100GB	95%	Genion
38	positive	ENSG00000095261:ENSG00000281649	intra_chromosome	100GB	95%	Genion
55	positive	ENSG00000095303:ENSG00000233616	read_through	100GB	95%	Genion
39	positive	ENSG00000095794:ENSG00000289039	reverse_order: intra_chromosome	100GB	95%	Genion
18	positive	ENSG00000096070:ENSG00000104218	truncated_tri_fusion	100GB	95%	Genion
22	positive	ENSG00000096070:ENSG00000104218:ENSG00000130396	wrong_order:tri_fusion	100GB	95%	Genion
37	positive	ENSG00000096746:ENSG00000291093	reverse_order: intra_chromosome	100GB	95%	Genion
5	positive	ENSG00000099251:ENSG00000226750	false_fusion	100GB	95%	Genion
5	positive	ENSG00000099251:ENSG00000234941	reverse_order: read_through	100GB	95%	Genion
11	positive	ENSG00000100307:ENSG00000172404	false_fusion	100GB	95%	Genion
16	positive	ENSG00000100461:ENSG00000260830	reverse_order: intra_chromosome	100GB	95%	Genion
25	positive	ENSG00000100811:ENSG00000148604	reverse_order: hybrid	100GB	95%	Genion
22	positive	ENSG00000101966:ENSG00000234129	reverse_order: intra_chromosome	100GB	95%	Genion
36	positive	ENSG00000102312:ENSG00000221910	truncated_tri_fusion	100GB	95%	Genion
25	positive	ENSG00000102471:ENSG00000225510	reverse_order: intra_chromosome	100GB	95%	Genion
6	positive	ENSG00000102805:ENSG00000236051	false_fusion	100GB	95%	Genion
23	positive	ENSG00000102898:ENSG00000163209:ENSG00000168675	wrong_order:tri_fusion	100GB	95%	Genion
23	positive	ENSG00000103160:ENSG00000103415	reverse_order: intra_chromosome	100GB	95%	Genion
32	positive	ENSG00000104518:ENSG00000104957	reverse_order: hybrid	100GB	95%	Genion
9	positive	ENSG00000104907:ENSG00000267448:ENSG00000278916	wrong_order:tri_fusion	100GB	95%	Genion
5	positive	ENSG00000104907:ENSG00000278916	truncated_tri_fusion	100GB	95%	Genion
33	positive	ENSG00000105613:ENSG00000164011	hybrid	100GB	95%	Genion
29	positive	ENSG00000105856:ENSG00000180304	reverse_order: hybrid	100GB	95%	Genion
18	positive	ENSG00000106069:ENSG00000285412	false_fusion	100GB	95%	Genion
16	positive	ENSG00000106628:ENSG00000136297	intra_chromosome	100GB	95%	Genion
18	positive	ENSG00000106819:ENSG00000124787:ENSG00000231898	wrong_order:tri_fusion	100GB	95%	Genion
12	positive	ENSG00000106819:ENSG00000231898	reverse_order:truncated_tri_fusion	100GB	95%	Genion
21	positive	ENSG00000106829:ENSG00000228714	intra_chromosome	100GB	95%	Genion
28	positive	ENSG00000107872:ENSG00000107874	read_through	100GB	95%	Genion
44	positive	ENSG00000108604:ENSG00000240280	read_through	100GB	95%	Genion
17	positive	ENSG00000110002:ENSG00000237250	hybrid	100GB	95%	Genion
30	positive	ENSG00000110881:ENSG00000261427	hybrid	100GB	95%	Genion
44	positive	ENSG00000110887:ENSG00000167588	reverse_order: intra_chromosome	100GB	95%	Genion
37	positive	ENSG00000111596:ENSG00000111727	reverse_order: intra_chromosome	100GB	95%	Genion
2	positive	ENSG00000111674:ENSG00000290712	false_fusion	100GB	95%	Genion
33	positive	ENSG00000111907:ENSG00000288769	reverse_order: hybrid	100GB	95%	Genion
22	positive	ENSG00000113494:ENSG00000198917	hybrid	100GB	95%	Genion
19	positive	ENSG00000113494:ENSG00000286112	false_fusion	100GB	95%	Genion
15	positive	ENSG00000114302:ENSG00000114374	hybrid	100GB	95%	Genion
45	positive	ENSG00000114547:ENSG00000241439	reverse_order: read_through	100GB	95%	Genion
24	positive	ENSG00000114638:ENSG00000121578	read_through	100GB	95%	Genion
27	positive	ENSG00000114786:ENSG00000165806:ENSG00000260995	wrong_order:tri_fusion	100GB	95%	Genion
25	positive	ENSG00000114867:ENSG00000275389	truncated_tri_fusion	100GB	95%	Genion
16	positive	ENSG00000114923:ENSG00000168591	reverse_order:truncated_tri_fusion	100GB	95%	Genion
11	positive	ENSG00000116205:ENSG00000290106	reverse_order: hybrid	100GB	95%	Genion
21	positive	ENSG00000117151:ENSG00000231064	reverse_order: intra_chromosome	100GB	95%	Genion
19	positive	ENSG00000117523:ENSG00000227372	intra_chromosome	100GB	95%	Genion
28	positive	ENSG00000117758:ENSG00000159176	intra_chromosome	100GB	95%	Genion
6	positive	ENSG00000118960:ENSG00000240484	truncated_tri_fusion	100GB	95%	Genion
32	positive	ENSG00000119314:ENSG00000226711	hybrid	100GB	95%	Genion
26	positive	ENSG00000119686:ENSG00000121653:ENSG00000167395	wrong_order:tri_fusion	100GB	95%	Genion
11	positive	ENSG00000119686:ENSG00000167395	truncated_tri_fusion	100GB	95%	Genion
38	positive	ENSG00000119899:ENSG00000146223	intra_chromosome	100GB	95%	Genion
33	positive	ENSG00000120896:ENSG00000221947	reverse_order: intra_chromosome	100GB	95%	Genion
30	positive	ENSG00000121281:ENSG00000188801	hybrid	100GB	95%	Genion
42	positive	ENSG00000124155:ENSG00000182621	reverse_order: intra_chromosome	100GB	95%	Genion
16	positive	ENSG00000124333:ENSG00000235059	false_fusion	100GB	95%	Genion
15	positive	ENSG00000124333:ENSG00000236951	false_fusion	100GB	95%	Genion
5	positive	ENSG00000125148:ENSG00000291105	false_fusion	100GB	95%	Genion
42	positive	ENSG00000125462:ENSG00000243789	reverse_order:truncated_tri_fusion	100GB	95%	Genion
25	positive	ENSG00000125503:ENSG00000131037	reverse_order: read_through	100GB	95%	Genion
30	positive	ENSG00000125821:ENSG00000188186	false_fusion	100GB	95%	Genion
41	positive	ENSG00000125898:ENSG00000234948	intra_chromosome	100GB	95%	Genion
3	positive	ENSG00000128039:ENSG00000273257	false_fusion	100GB	95%	Genion
33	positive	ENSG00000128510:ENSG00000163930:ENSG00000185442	wrong_order:tri_fusion	100GB	95%	Genion
20	positive	ENSG00000130208:ENSG00000291128	false_fusion	100GB	95%	Genion
16	positive	ENSG00000130414:ENSG00000257497:ENSG00000286799	reverse_order:tri_fusion	100GB	95%	Genion
24	positive	ENSG00000130714:ENSG00000151694	truncated_tri_fusion	100GB	95%	Genion
29	positive	ENSG00000131781:ENSG00000250166	hybrid	100GB	95%	Genion
39	positive	ENSG00000132122:ENSG00000179082	hybrid	100GB	95%	Genion
13	positive	ENSG00000132170:ENSG00000181786	truncated_tri_fusion	100GB	95%	Genion
21	positive	ENSG00000132170:ENSG00000181786:ENSG00000291100	wrong_order:tri_fusion	100GB	95%	Genion
40	positive	ENSG00000132300:ENSG00000143891	reverse_order: intra_chromosome	100GB	95%	Genion
11	positive	ENSG00000134058:ENSG00000176970	truncated_tri_fusion	100GB	95%	Genion
11	positive	ENSG00000134058:ENSG00000176970:ENSG00000234736	wrong_order:tri_fusion	100GB	95%	Genion
12	positive	ENSG00000134058:ENSG00000234736	reverse_order:truncated_tri_fusion	100GB	95%	Genion
42	positive	ENSG00000135241:ENSG00000225612	intra_chromosome	100GB	95%	Genion
25	positive	ENSG00000135517:ENSG00000136014	reverse_order:truncated_tri_fusion	100GB	95%	Genion
33	positive	ENSG00000136014:ENSG00000236963	reverse_order:truncated_tri_fusion	100GB	95%	Genion
37	positive	ENSG00000136504:ENSG00000277586	truncated_tri_fusion	100GB	95%	Genion
34	positive	ENSG00000136861:ENSG00000225676	reverse_order: hybrid	100GB	95%	Genion
10	positive	ENSG00000137251:ENSG00000242197:ENSG00000268416	wrong_order:tri_fusion	100GB	95%	Genion
19	positive	ENSG00000137251:ENSG00000268416	truncated_tri_fusion	100GB	95%	Genion
18	positive	ENSG00000137267:ENSG00000137285:ENSG00000204054	false_fusion	100GB	95%	Genion
19	positive	ENSG00000137707:ENSG00000162302:ENSG00000196549	reverse_order:tri_fusion	100GB	95%	Genion
21	positive	ENSG00000138115:ENSG00000145216	truncated_tri_fusion	100GB	95%	Genion
25	positive	ENSG00000138380:ENSG00000186487	reverse_order: intra_chromosome	100GB	95%	Genion
13	positive	ENSG00000138759:ENSG00000215796	reverse_order:truncated_tri_fusion	100GB	95%	Genion
31	positive	ENSG00000138771:ENSG00000235597:ENSG00000250263	wrong_order:tri_fusion	100GB	95%	Genion
16	positive	ENSG00000139350:ENSG00000234456	reverse_order:truncated_tri_fusion	100GB	95%	Genion
35	positive	ENSG00000139874:ENSG00000258649	reverse_order: read_through	100GB	95%	Genion
18	positive	ENSG00000140853:ENSG00000146143:ENSG00000181523	wrong_order:tri_fusion	100GB	95%	Genion
20	positive	ENSG00000141449:ENSG00000166401	intra_chromosome	100GB	95%	Genion
25	positive	ENSG00000141499:ENSG00000204387:ENSG00000204388	false_fusion	100GB	95%	Genion
10	positive	ENSG00000141499:ENSG00000285565	reverse_order: hybrid	100GB	95%	Genion
29	positive	ENSG00000141499:ENSG00000291134	reverse_order: hybrid	100GB	95%	Genion
20	positive	ENSG00000141556:ENSG00000188227:ENSG00000197265	wrong_order:tri_fusion	100GB	95%	Genion
3	positive	ENSG00000141965:ENSG00000185361	false_fusion	100GB	95%	Genion
3	positive	ENSG00000141994:ENSG00000212123	false_fusion	100GB	95%	Genion
33	positive	ENSG00000142156:ENSG00000237945	intra_chromosome	100GB	95%	Genion
11	positive	ENSG00000142627:ENSG00000176746	truncated_tri_fusion	100GB	95%	Genion
15	positive	ENSG00000142627:ENSG00000176746:ENSG00000268066	wrong_order:tri_fusion	100GB	95%	Genion
7	positive	ENSG00000142675:ENSG00000200839	intra_chromosome	100GB	95%	Genion
11	positive	ENSG00000143228:ENSG00000196586	reverse_order:truncated_tri_fusion	100GB	95%	Genion
2	positive	ENSG00000143669:ENSG00000206803	read_through	100GB	95%	Genion
12	positive	ENSG00000144043:ENSG00000239322	false_fusion	100GB	95%	Genion
43	positive	ENSG00000144320:ENSG00000168280	hybrid	100GB	95%	Genion
34	positive	ENSG00000144815:ENSG00000171735	truncated_tri_fusion	100GB	95%	Genion
26	positive	ENSG00000144815:ENSG00000273373	reverse_order:truncated_tri_fusion	100GB	95%	Genion
10	positive	ENSG00000145734:ENSG00000183476	truncated_tri_fusion	100GB	95%	Genion
29	positive	ENSG00000146282:ENSG00000153291	intra_chromosome	100GB	95%	Genion
32	positive	ENSG00000147434:ENSG00000164953	intra_chromosome	100GB	95%	Genion
23	positive	ENSG00000147761:ENSG00000228890	false_fusion	100GB	95%	Genion
19	positive	ENSG00000148362:ENSG00000169583	read_through	100GB	95%	Genion
38	positive	ENSG00000149273:ENSG00000262898	hybrid	100GB	95%	Genion
20	positive	ENSG00000149564:ENSG00000256339	reverse_order: hybrid	100GB	95%	Genion
26	positive	ENSG00000151322:ENSG00000249858	truncated_tri_fusion	100GB	95%	Genion
38	positive	ENSG00000151967:ENSG00000255248	hybrid	100GB	95%	Genion
26	positive	ENSG00000154040:ENSG00000223782	reverse_order:truncated_tri_fusion	100GB	95%	Genion
30	positive	ENSG00000154240:ENSG00000187498	reverse_order:truncated_tri_fusion	100GB	95%	Genion
17	positive	ENSG00000156508:ENSG00000289286	false_fusion	100GB	95%	Genion
28	positive	ENSG00000157426:ENSG00000242736	reverse_order:truncated_tri_fusion	100GB	95%	Genion
47	positive	ENSG00000157916:ENSG00000205835	hybrid	100GB	95%	Genion
41	positive	ENSG00000157954:ENSG00000278416:ENSG00000291092	false_fusion	100GB	95%	Genion
37	positive	ENSG00000161513:ENSG00000172782	read_through	100GB	95%	Genion
23	positive	ENSG00000162302:ENSG00000196549	reverse_order:truncated_tri_fusion	100GB	95%	Genion
8	positive	ENSG00000162706:ENSG00000213088	false_fusion	100GB	95%	Genion
10	positive	ENSG00000163913:ENSG00000274532	false_fusion	100GB	95%	Genion
9	positive	ENSG00000163913:ENSG00000274814	hybrid	100GB	95%	Genion
10	positive	ENSG00000164733:ENSG00000228373	reverse_order: hybrid	100GB	95%	Genion
40	positive	ENSG00000164924:ENSG00000242315	read_through	100GB	95%	Genion
16	positive	ENSG00000165060:ENSG00000270236	read_through	100GB	95%	Genion
37	positive	ENSG00000166145:ENSG00000171766	reverse_order: intra_chromosome	100GB	95%	Genion
38	positive	ENSG00000167110:ENSG00000226138	reverse_order: hybrid	100GB	95%	Genion
5	positive	ENSG00000167393:ENSG00000237040	false_fusion	100GB	95%	Genion
10	positive	ENSG00000167393:ENSG00000292365	false_fusion	100GB	95%	Genion
28	positive	ENSG00000167554:ENSG00000238194	reverse_order:truncated_tri_fusion	100GB	95%	Genion
3	positive	ENSG00000167642:ENSG00000167644	false_fusion	100GB	95%	Genion
2	positive	ENSG00000168028:ENSG00000223668	false_fusion	100GB	95%	Genion
15	positive	ENSG00000168591:ENSG00000226055	reverse_order:truncated_tri_fusion	100GB	95%	Genion
26	positive	ENSG00000168621:ENSG00000168958	reverse_order:truncated_tri_fusion	100GB	95%	Genion
34	positive	ENSG00000168676:ENSG00000198677	truncated_tri_fusion	100GB	95%	Genion
23	positive	ENSG00000169733:ENSG00000264569	reverse_order: read_through	100GB	95%	Genion
23	positive	ENSG00000170144:ENSG00000198551	reverse_order:truncated_tri_fusion	100GB	95%	Genion
10	positive	ENSG00000170231:ENSG00000231530	truncated_tri_fusion	100GB	95%	Genion
2	positive	ENSG00000172342:ENSG00000242854	false_fusion	100GB	95%	Genion
5	positive	ENSG00000172404:ENSG00000226024	intra_chromosome	100GB	95%	Genion
42	positive	ENSG00000172575:ENSG00000228141	reverse_order: intra_chromosome	100GB	95%	Genion
2	positive	ENSG00000172780:ENSG00000240682	false_fusion	100GB	95%	Genion
15	positive	ENSG00000173113:ENSG00000183696:ENSG00000244485	wrong_order:tri_fusion	100GB	95%	Genion
17	positive	ENSG00000173285:ENSG00000198965	read_through	100GB	95%	Genion
38	positive	ENSG00000174695:ENSG00000221886	reverse_order: intra_chromosome	100GB	95%	Genion
9	positive	ENSG00000176124:ENSG00000226961	reverse_order:truncated_tri_fusion	100GB	95%	Genion
20	positive	ENSG00000176681:ENSG00000223745	false_fusion	100GB	95%	Genion
25	positive	ENSG00000178997:ENSG00000289083	intra_chromosome	100GB	95%	Genion
22	positive	ENSG00000181927:ENSG00000236044	reverse_order: hybrid	100GB	95%	Genion
43	positive	ENSG00000182796:ENSG00000231851	truncated_tri_fusion	100GB	95%	Genion
17	positive	ENSG00000184363:ENSG00000185187	read_through	100GB	95%	Genion
26	positive	ENSG00000184634:ENSG00000204256	reverse_order: hybrid	100GB	95%	Genion
6	positive	ENSG00000185164:ENSG00000257527	false_fusion	100GB	95%	Genion
19	positive	ENSG00000185186:ENSG00000198431	reverse_order:truncated_tri_fusion	100GB	95%	Genion
26	positive	ENSG00000188321:ENSG00000276043	intra_chromosome	100GB	95%	Genion
18	positive	ENSG00000189167:ENSG00000247627	reverse_order: hybrid	100GB	95%	Genion
15	positive	ENSG00000196455:ENSG00000206384	reverse_order: read_through	100GB	95%	Genion
24	positive	ENSG00000196935:ENSG00000283625	hybrid	100GB	95%	Genion
43	positive	ENSG00000197302:ENSG00000260737	reverse_order: intra_chromosome	100GB	95%	Genion
8	positive	ENSG00000197976:ENSG00000214717	false_fusion	100GB	95%	Genion
10	positive	ENSG00000197976:ENSG00000292345	false_fusion	100GB	95%	Genion
2	positive	ENSG00000198346:ENSG00000213777	false_fusion	100GB	95%	Genion
11	positive	ENSG00000198551:ENSG00000285053	reverse_order:truncated_tri_fusion	100GB	95%	Genion
2	positive	ENSG00000203335:ENSG00000270114	false_fusion:self_misalignment	100GB	95%	Genion
2	positive	ENSG00000204387:ENSG00000204388	false_fusion	100GB	95%	Genion
47	positive	ENSG00000204632:ENSG00000206503	false_fusion	100GB	95%	Genion
23	positive	ENSG00000204661:ENSG00000259285	reverse_order: hybrid	100GB	95%	Genion
22	positive	ENSG00000205274:ENSG00000226562	false_fusion	100GB	95%	Genion
17	positive	ENSG00000205274:ENSG00000230453	false_fusion	100GB	95%	Genion
19	positive	ENSG00000205444:ENSG00000251669	false_fusion	100GB	95%	Genion
14	positive	ENSG00000205444:ENSG00000290374	reverse_order:truncated_tri_fusion	100GB	95%	Genion
89	positive	ENSG00000206503:ENSG00000230795	false_fusion	100GB	95%	Genion
24	positive	ENSG00000206503:ENSG00000290574	false_fusion	100GB	95%	Genion
8	positive	ENSG00000214717:ENSG00000292343	false_fusion	100GB	95%	Genion
31	positive	ENSG00000214967:ENSG00000227827	false_fusion	100GB	95%	Genion
3	positive	ENSG00000215124:ENSG00000225102	read_through	100GB	95%	Genion
18	positive	ENSG00000223631:ENSG00000284659	read_through	100GB	95%	Genion
41	positive	ENSG00000223634:ENSG00000235497	read_through	100GB	95%	Genion
38	positive	ENSG00000224367:ENSG00000283294	reverse_order: intra_chromosome	100GB	95%	Genion
8	positive	ENSG00000224622:ENSG00000253199	reverse_order:truncated_tri_fusion	100GB	95%	Genion
32	positive	ENSG00000225626:ENSG00000229586	reverse_order:truncated_tri_fusion	100GB	95%	Genion
38	positive	ENSG00000225746:ENSG00000258867	intra_chromosome	100GB	95%	Genion
10	positive	ENSG00000226941:ENSG00000290336	false_fusion	100GB	95%	Genion
12	positive	ENSG00000226994:ENSG00000278595	reverse_order: hybrid	100GB	95%	Genion
9	positive	ENSG00000227083:ENSG00000235262	intra_chromosome	100GB	95%	Genion
10	positive	ENSG00000227251:ENSG00000291031	false_fusion	100GB	95%	Genion
17	positive	ENSG00000227494:ENSG00000251510	false_fusion	100GB	95%	Genion
18	positive	ENSG00000227837:ENSG00000291031	intra_chromosome	100GB	95%	Genion
23	positive	ENSG00000229606:ENSG00000289577	read_through	100GB	95%	Genion
6	positive	ENSG00000230284:ENSG00000284763	reverse_order: intra_chromosome	100GB	95%	Genion
2	positive	ENSG00000230596:ENSG00000290733	false_fusion	100GB	95%	Genion
20	positive	ENSG00000230768:ENSG00000290655	truncated_tri_fusion	100GB	95%	Genion
35	positive	ENSG00000233124:ENSG00000244754	reverse_order: intra_chromosome	100GB	95%	Genion
34	positive	ENSG00000233219:ENSG00000236494	reverse_order: read_through	100GB	95%	Genion
27	positive	ENSG00000234255:ENSG00000251011	hybrid	100GB	95%	Genion
10	positive	ENSG00000235059:ENSG00000292366	intra_chromosome	100GB	95%	Genion
33	positive	ENSG00000235162:ENSG00000286520	read_through	100GB	95%	Genion
42	positive	ENSG00000235221:ENSG00000236581	intra_chromosome	100GB	95%	Genion
40	positive	ENSG00000236581:ENSG00000272274	reverse_order: intra_chromosome	100GB	95%	Genion
14	positive	ENSG00000236737:ENSG00000275113	false_fusion	100GB	95%	Genion
13	positive	ENSG00000236951:ENSG00000292366	false_fusion	100GB	95%	Genion
6	positive	ENSG00000237040:ENSG00000292327	false_fusion	100GB	95%	Genion
28	positive	ENSG00000237558:ENSG00000291031	intra_chromosome	100GB	95%	Genion
11	positive	ENSG00000238035:ENSG00000250765	false_fusion	100GB	95%	Genion
6	positive	ENSG00000239672:ENSG00000243678	false_fusion	100GB	95%	Genion
28	positive	ENSG00000249859:ENSG00000253503	intra_chromosome	100GB	95%	Genion
26	positive	ENSG00000255360:ENSG00000278837	false_fusion:self_misalignment	100GB	95%	Genion
17	positive	ENSG00000255652:ENSG00000257894	reverse_order: intra_chromosome	100GB	95%	Genion
8	positive	ENSG00000257497:ENSG00000286799	reverse_order:truncated_tri_fusion	100GB	95%	Genion
25	positive	ENSG00000257644:ENSG00000257672	false_fusion:self_misalignment	100GB	95%	Genion
2	positive	ENSG00000258197:ENSG00000289590	false_fusion	100GB	95%	Genion
44	positive	ENSG00000258376:ENSG00000285219	reverse_order: hybrid	100GB	95%	Genion
2	positive	ENSG00000259235:ENSG00000259385	false_fusion	100GB	95%	Genion
14	positive	ENSG00000261692:ENSG00000278847	hybrid	100GB	95%	Genion
6	positive	ENSG00000268903:ENSG00000269981	false_fusion:self_misalignment	100GB	95%	Genion
17	positive	ENSG00000269692:ENSG00000273994	read_through	100GB	95%	Genion
2	positive	ENSG00000275718:ENSG00000276409	false_fusion	100GB	95%	Genion
16	positive	ENSG00000278602:ENSG00000291031	false_fusion	100GB	95%	Genion
9	positive	ENSG00000292327:ENSG00000292365	intra_chromosome	100GB	95%	Genion
15	positive	ENSG00000292343:ENSG00000292345	intra_chromosome	100GB	95%	Genion
3	positive	ENSG00000087250:ENSG00000125148	false_fusion	10GB	85%	Genion
8	positive	ENSG00000103160:ENSG00000103415	reverse_order: intra_chromosome	10GB	85%	Genion
3	positive	ENSG00000107872:ENSG00000107874	read_through	10GB	85%	Genion
10	positive	ENSG00000119899:ENSG00000146223	intra_chromosome	10GB	85%	Genion
4	positive	ENSG00000125037:ENSG00000291078	false_fusion	10GB	85%	Genion
7	positive	ENSG00000125148:ENSG00000291105	false_fusion	10GB	85%	Genion
26	positive	ENSG00000130208:ENSG00000291128	false_fusion	10GB	85%	Genion
2	positive	ENSG00000167863:ENSG00000188612	false_fusion	10GB	85%	Genion
2	positive	ENSG00000169715:ENSG00000291095	false_fusion	10GB	85%	Genion
58	positive	ENSG00000206503:ENSG00000230795	false_fusion	10GB	85%	Genion
28	positive	ENSG00000206503:ENSG00000290574	false_fusion	10GB	85%	Genion
6	positive	ENSG00000011009:ENSG00000278249	false_fusion	10GB	90%	Genion
8	positive	ENSG00000082805:ENSG00000145907	reverse_order:truncated_tri_fusion	10GB	90%	Genion
5	positive	ENSG00000107872:ENSG00000107874	read_through	10GB	90%	Genion
4	positive	ENSG00000125148:ENSG00000291105	false_fusion	10GB	90%	Genion
11	positive	ENSG00000130208:ENSG00000291128	false_fusion	10GB	90%	Genion
5	positive	ENSG00000144815:ENSG00000273373	reverse_order:truncated_tri_fusion	10GB	90%	Genion
5	positive	ENSG00000151322:ENSG00000249858	truncated_tri_fusion	10GB	90%	Genion
7	positive	ENSG00000181927:ENSG00000236044	reverse_order: hybrid	10GB	90%	Genion
29	positive	ENSG00000206503:ENSG00000230795	false_fusion	10GB	90%	Genion
5	positive	ENSG00000223631:ENSG00000284659	read_through	10GB	90%	Genion
2	positive	ENSG00000229606:ENSG00000289577	read_through	10GB	90%	Genion
9	positive	ENSG00000249859:ENSG00000253503	intra_chromosome	10GB	90%	Genion
7	positive	ENSG00000102312:ENSG00000221910	truncated_tri_fusion	10GB	95%	Genion
2	positive	ENSG00000102805:ENSG00000236051	false_fusion	10GB	95%	Genion
8	positive	ENSG00000121281:ENSG00000188801	hybrid	10GB	95%	Genion
5	positive	ENSG00000139874:ENSG00000258649	reverse_order: read_through	10GB	95%	Genion
3	positive	ENSG00000144043:ENSG00000239322	false_fusion	10GB	95%	Genion
5	positive	ENSG00000156508:ENSG00000289286	false_fusion	10GB	95%	Genion
6	positive	ENSG00000157426:ENSG00000242736	reverse_order:truncated_tri_fusion	10GB	95%	Genion
5	positive	ENSG00000164924:ENSG00000242315	read_through	10GB	95%	Genion
5	positive	ENSG00000165060:ENSG00000270236	read_through	10GB	95%	Genion
8	positive	ENSG00000197302:ENSG00000260737	reverse_order: intra_chromosome	10GB	95%	Genion
2	positive	ENSG00000223631:ENSG00000284659	read_through	10GB	95%	Genion
8	positive	ENSG00000223634:ENSG00000235497	read_through	10GB	95%	Genion
3	positive	ENSG00000130208:ENSG00000291128	false_fusion	1GB	85%	Genion
771	negative	ENSG00000285216:ENSG00000285219	false_fusion	100GB	85%	FusionSeeker
192	negative	ENSG00000285216:ENSG00000285219	false_fusion	100GB	85%	FusionSeeker
131	negative	ENSG00000285216:ENSG00000285219	false_fusion	100GB	85%	FusionSeeker
213	negative	ENSG00000285216:ENSG00000285219	false_fusion	100GB	85%	FusionSeeker
57	negative	ENSG00000285216:ENSG00000285219	false_fusion	100GB	85%	FusionSeeker
64	negative	ENSG00000285216:ENSG00000285219	false_fusion	100GB	85%	FusionSeeker
60	negative	ENSG00000285216:ENSG00000285219	false_fusion	100GB	85%	FusionSeeker
28	negative	ENSG00000285216:ENSG00000285219	false_fusion	100GB	85%	FusionSeeker
26	negative	ENSG00000285216:ENSG00000285219	false_fusion	100GB	85%	FusionSeeker
25	negative	ENSG00000285216:ENSG00000285219	false_fusion	100GB	85%	FusionSeeker
23	negative	ENSG00000285216:ENSG00000285219	false_fusion	100GB	85%	FusionSeeker
18	negative	ENSG00000285216:ENSG00000285219	false_fusion	100GB	85%	FusionSeeker
16	negative	ENSG00000285216:ENSG00000285219	false_fusion	100GB	85%	FusionSeeker
9	negative	ENSG00000285216:ENSG00000285219	false_fusion	100GB	85%	FusionSeeker
8	negative	ENSG00000285216:ENSG00000285219	false_fusion	100GB	85%	FusionSeeker
5	negative	ENSG00000285216:ENSG00000285219	false_fusion	100GB	85%	FusionSeeker
5	negative	ENSG00000285216:ENSG00000285219	false_fusion	100GB	85%	FusionSeeker
2	negative	ENSG00000285216:ENSG00000285219	false_fusion	100GB	85%	FusionSeeker
2	negative	ENSG00000285216:ENSG00000285219	false_fusion	100GB	85%	FusionSeeker
2	negative	ENSG00000285216:ENSG00000285219	false_fusion	100GB	85%	FusionSeeker
2	negative	ENSG00000197249:ENSG00000163631	false_fusion	100GB	85%	FusionSeeker
29	negative	ENSG00000249797:ENSG00000250891	false_fusion	100GB	85%	FusionSeeker
21	negative	ENSG00000249797:ENSG00000250891	false_fusion	100GB	85%	FusionSeeker
21	negative	ENSG00000249797:ENSG00000250891	false_fusion	100GB	85%	FusionSeeker
15	negative	ENSG00000249797:ENSG00000250891	false_fusion	100GB	85%	FusionSeeker
10	negative	ENSG00000249797:ENSG00000250891	false_fusion	100GB	85%	FusionSeeker
8	negative	ENSG00000249797:ENSG00000250891	false_fusion	100GB	85%	FusionSeeker
6	negative	ENSG00000249797:ENSG00000250891	false_fusion	100GB	85%	FusionSeeker
162	negative	ENSG00000247416:ENSG00000149294	false_fusion:Sense-Antisense	100GB	85%	FusionSeeker
28	negative	ENSG00000247416:ENSG00000149294	false_fusion:Sense-Antisense	100GB	85%	FusionSeeker
13	negative	ENSG00000247416:ENSG00000149294	false_fusion:Sense-Antisense	100GB	85%	FusionSeeker
49	negative	ENSG00000161091:ENSG00000171863	false_fusion	100GB	85%	FusionSeeker
261	negative	ENSG00000227028:ENSG00000183023	false_fusion	100GB	85%	FusionSeeker
53	negative	ENSG00000227028:ENSG00000183023	false_fusion	100GB	85%	FusionSeeker
9	negative	ENSG00000227028:ENSG00000183023	false_fusion	100GB	85%	FusionSeeker
2	negative	ENSG00000087086:ENSG00000143878	false_fusion	100GB	85%	FusionSeeker
28	negative	ENSG00000254180:ENSG00000253394	false_fusion:Sense-Antisense	100GB	85%	FusionSeeker
2	negative	ENSG00000254180:ENSG00000253394	false_fusion:Sense-Antisense	100GB	85%	FusionSeeker
11	negative	ENSG00000226937:ENSG00000105372	false_fusion	100GB	85%	FusionSeeker
21	negative	ENSG00000139287:ENSG00000072657	false_fusion	100GB	85%	FusionSeeker
49	negative	ENSG00000267104:ENSG00000289809	false_fusion	100GB	85%	FusionSeeker
6	negative	ENSG00000163631:ENSG00000211459	false_fusion:mitochondrial_genomic	100GB	85%	FusionSeeker
13	negative	ENSG00000021645:ENSG00000258637	false_fusion:Sense-Antisense	100GB	85%	FusionSeeker
6	negative	ENSG00000021645:ENSG00000258637	false_fusion:Sense-Antisense	100GB	85%	FusionSeeker
4	negative	ENSG00000021645:ENSG00000258637	false_fusion:Sense-Antisense	100GB	85%	FusionSeeker
3	negative	ENSG00000021645:ENSG00000258637	false_fusion:Sense-Antisense	100GB	85%	FusionSeeker
3	negative	ENSG00000021645:ENSG00000258637	false_fusion:Sense-Antisense	100GB	85%	FusionSeeker
4	negative	ENSG00000021645:ENSG00000258637	false_fusion:Sense-Antisense	100GB	85%	FusionSeeker
158	negative	ENSG00000141376:ENSG00000267131	false_fusion:Sense-Antisense	100GB	85%	FusionSeeker
32	negative	ENSG00000260706:ENSG00000259867	false_fusion:Sense-Antisense	100GB	85%	FusionSeeker
18	negative	ENSG00000260706:ENSG00000259867	false_fusion:Sense-Antisense	100GB	85%	FusionSeeker
11	negative	ENSG00000260706:ENSG00000259867	false_fusion:Sense-Antisense	100GB	85%	FusionSeeker
35	negative	ENSG00000166441:ENSG00000213121	false_fusion	100GB	85%	FusionSeeker
3	negative	ENSG00000087086:ENSG00000211459	false_fusion:mitochondrial_genomic	100GB	85%	FusionSeeker
76	negative	ENSG00000286577:ENSG00000185261	false_fusion:Sense-Antisense	100GB	85%	FusionSeeker
2	negative	ENSG00000286577:ENSG00000185261	false_fusion:Sense-Antisense	100GB	85%	FusionSeeker
8	negative	ENSG00000071082:ENSG00000241281	false_fusion	100GB	85%	FusionSeeker
11	negative	ENSG00000089157:ENSG00000244705	false_fusion	100GB	85%	FusionSeeker
17	negative	ENSG00000145216:ENSG00000134853	false_fusion	100GB	85%	FusionSeeker
93	negative	ENSG00000111231:ENSG00000071082	false_fusion	100GB	85%	FusionSeeker
2	negative	ENSG00000130203:ENSG00000087086	false_fusion	100GB	85%	FusionSeeker
10	negative	ENSG00000102290:ENSG00000099715	false_fusion	100GB	85%	FusionSeeker
17	negative	ENSG00000102290:ENSG00000099715	false_fusion	100GB	85%	FusionSeeker
5	negative	ENSG00000102290:ENSG00000099715	false_fusion	100GB	85%	FusionSeeker
2	negative	ENSG00000102290:ENSG00000099715	false_fusion	100GB	85%	FusionSeeker
22	negative	ENSG00000264031:ENSG00000176927	false_fusion	100GB	85%	FusionSeeker
4	negative	ENSG00000264031:ENSG00000176927	false_fusion	100GB	85%	FusionSeeker
26	negative	ENSG00000287921:ENSG00000183780	false_fusion:Sense-Antisense	100GB	85%	FusionSeeker
2	negative	ENSG00000197249:ENSG00000091513	false_fusion	100GB	85%	FusionSeeker
2	negative	ENSG00000091513:ENSG00000156508	false_fusion	100GB	85%	FusionSeeker
2	negative	ENSG00000091513:ENSG00000156508	false_fusion	100GB	85%	FusionSeeker
2	negative	ENSG00000091513:ENSG00000156508	false_fusion	100GB	85%	FusionSeeker
38	negative	ENSG00000287700:ENSG00000233928	false_fusion:Sense-Antisense	100GB	85%	FusionSeeker
17	negative	ENSG00000287700:ENSG00000233928	false_fusion:Sense-Antisense	100GB	85%	FusionSeeker
3	negative	ENSG00000287700:ENSG00000233928	false_fusion:Sense-Antisense	100GB	85%	FusionSeeker
3	negative	ENSG00000287700:ENSG00000233928	false_fusion:Sense-Antisense	100GB	85%	FusionSeeker
2	negative	ENSG00000287700:ENSG00000233928	false_fusion:Sense-Antisense	100GB	85%	FusionSeeker
2	negative	ENSG00000287700:ENSG00000233928	false_fusion:Sense-Antisense	100GB	85%	FusionSeeker
249	negative	ENSG00000122406:ENSG00000117598	false_fusion	100GB	85%	FusionSeeker
10	negative	ENSG00000122406:ENSG00000117598	false_fusion	100GB	85%	FusionSeeker
2	negative	ENSG00000122406:ENSG00000117598	false_fusion	100GB	85%	FusionSeeker
9	negative	ENSG00000071082:ENSG00000179131	false_fusion	100GB	85%	FusionSeeker
114	negative	ENSG00000213942:ENSG00000071082	false_fusion	100GB	85%	FusionSeeker
2	negative	ENSG00000116473:ENSG00000091513	false_fusion	100GB	85%	FusionSeeker
133	negative	ENSG00000258583:ENSG00000071082	false_fusion	100GB	85%	FusionSeeker
4	negative	ENSG00000110700:ENSG00000211459	false_fusion:mitochondrial_genomic	100GB	85%	FusionSeeker
123	negative	ENSG00000285550:ENSG00000267337	false_fusion:Sense-Antisense	100GB	85%	FusionSeeker
47	negative	ENSG00000285550:ENSG00000267337	false_fusion:Sense-Antisense	100GB	85%	FusionSeeker
2	negative	ENSG00000285550:ENSG00000267337	false_fusion:Sense-Antisense	100GB	85%	FusionSeeker
4	negative	ENSG00000270106:ENSG00000162946	false_fusion	100GB	85%	FusionSeeker
52	negative	ENSG00000242527:ENSG00000197756	false_fusion	100GB	85%	FusionSeeker
201	negative	ENSG00000285971:ENSG00000185942	false_fusion:Sense-Antisense	100GB	85%	FusionSeeker
2	negative	ENSG00000285971:ENSG00000185942	false_fusion:Sense-Antisense	100GB	85%	FusionSeeker
2	negative	ENSG00000131469:ENSG00000071082	false_fusion	100GB	85%	FusionSeeker
2	negative	ENSG00000163631:ENSG00000196205	false_fusion	100GB	85%	FusionSeeker
2	negative	ENSG00000184009:ENSG00000198938	false_fusion:mitochondrial_genomic	100GB	85%	FusionSeeker
6	negative	ENSG00000215905:ENSG00000130255	false_fusion	100GB	85%	FusionSeeker
73	negative	ENSG00000260364:ENSG00000261742	false_fusion:Sense-Antisense	100GB	85%	FusionSeeker
14	negative	ENSG00000085433:ENSG00000215472	false_fusion	100GB	85%	FusionSeeker
34	negative	ENSG00000236708:ENSG00000146555	false_fusion	100GB	85%	FusionSeeker
2	negative	ENSG00000091513:ENSG00000163631	false_fusion	100GB	85%	FusionSeeker
19	negative	ENSG00000197584:ENSG00000237978	false_fusion	100GB	85%	FusionSeeker
77	negative	ENSG00000187391:ENSG00000234456	false_fusion	100GB	85%	FusionSeeker
5	negative	ENSG00000251600:ENSG00000164162	false_fusion	100GB	85%	FusionSeeker
4	negative	ENSG00000251600:ENSG00000164162	false_fusion	100GB	85%	FusionSeeker
2	negative	ENSG00000251600:ENSG00000164162	false_fusion	100GB	85%	FusionSeeker
4	negative	ENSG00000258344:ENSG00000226807	false_fusion	100GB	85%	FusionSeeker
51	negative	ENSG00000106066:ENSG00000106069	false_fusion	100GB	85%	FusionSeeker
24	negative	ENSG00000106066:ENSG00000106069	false_fusion	100GB	85%	FusionSeeker
4	negative	ENSG00000106066:ENSG00000106069	false_fusion	100GB	85%	FusionSeeker
3	negative	ENSG00000106066:ENSG00000106069	false_fusion	100GB	85%	FusionSeeker
2	negative	ENSG00000106066:ENSG00000106069	false_fusion	100GB	85%	FusionSeeker
2	negative	ENSG00000168036:ENSG00000168038	false_fusion	100GB	85%	FusionSeeker
5	negative	ENSG00000087086:ENSG00000163631	false_fusion	100GB	85%	FusionSeeker
2	negative	ENSG00000087086:ENSG00000163631	false_fusion	100GB	85%	FusionSeeker
24	negative	ENSG00000172809:ENSG00000227088	false_fusion	100GB	85%	FusionSeeker
3	negative	ENSG00000172809:ENSG00000227088	false_fusion	100GB	85%	FusionSeeker
13	negative	ENSG00000225721:ENSG00000250697	false_fusion	100GB	85%	FusionSeeker
19	negative	ENSG00000259905:ENSG00000286110	false_fusion	100GB	85%	FusionSeeker
4	negative	ENSG00000259905:ENSG00000286110	false_fusion	100GB	85%	FusionSeeker
2	negative	ENSG00000259905:ENSG00000286110	false_fusion	100GB	85%	FusionSeeker
10	negative	ENSG00000114391:ENSG00000181524	false_fusion	100GB	85%	FusionSeeker
23	negative	ENSG00000007372:ENSG00000285283	false_fusion:Sense-Antisense	100GB	85%	FusionSeeker
32	negative	ENSG00000232573:ENSG00000100316	false_fusion	100GB	85%	FusionSeeker
62	negative	ENSG00000119599:ENSG00000130255	false_fusion	100GB	85%	FusionSeeker
19	negative	ENSG00000248238:ENSG00000248515	false_fusion:Sense-Antisense	100GB	85%	FusionSeeker
12	negative	ENSG00000248238:ENSG00000248515	false_fusion:Sense-Antisense	100GB	85%	FusionSeeker
3	negative	ENSG00000248238:ENSG00000248515	false_fusion:Sense-Antisense	100GB	85%	FusionSeeker
4	negative	ENSG00000243295:ENSG00000189283	false_fusion	100GB	85%	FusionSeeker
3	negative	ENSG00000243295:ENSG00000189283	false_fusion	100GB	85%	FusionSeeker
3	negative	ENSG00000243295:ENSG00000189283	false_fusion	100GB	85%	FusionSeeker
2	negative	ENSG00000243295:ENSG00000189283	false_fusion	100GB	85%	FusionSeeker
2	negative	ENSG00000243295:ENSG00000189283	false_fusion	100GB	85%	FusionSeeker
2	negative	ENSG00000243295:ENSG00000189283	false_fusion	100GB	85%	FusionSeeker
14	negative	ENSG00000235605:ENSG00000115268	false_fusion	100GB	85%	FusionSeeker
13	negative	ENSG00000145808:ENSG00000251680	false_fusion:Sense-Antisense	100GB	85%	FusionSeeker
16	negative	ENSG00000230897:ENSG00000231500	false_fusion	100GB	85%	FusionSeeker
2	negative	ENSG00000264449:ENSG00000154655	false_fusion:Sense-Antisense	100GB	85%	FusionSeeker
8	negative	ENSG00000215472:ENSG00000251062	false_fusion	100GB	85%	FusionSeeker
13	negative	ENSG00000246859:ENSG00000134986	false_fusion	100GB	85%	FusionSeeker
4	negative	ENSG00000246859:ENSG00000134986	false_fusion	100GB	85%	FusionSeeker
24	negative	ENSG00000187398:ENSG00000283563	false_fusion	100GB	85%	FusionSeeker
21	negative	ENSG00000187398:ENSG00000283563	false_fusion	100GB	85%	FusionSeeker
2	negative	ENSG00000187398:ENSG00000283563	false_fusion	100GB	85%	FusionSeeker
13	negative	ENSG00000177600:ENSG00000172421	false_fusion	100GB	85%	FusionSeeker
31	negative	ENSG00000285966:ENSG00000137818	false_fusion	100GB	85%	FusionSeeker
48	negative	ENSG00000260971:ENSG00000284686	false_fusion	100GB	85%	FusionSeeker
25	negative	ENSG00000260971:ENSG00000284686	false_fusion	100GB	85%	FusionSeeker
24	negative	ENSG00000260971:ENSG00000284686	false_fusion	100GB	85%	FusionSeeker
2	negative	ENSG00000187134:ENSG00000163631	false_fusion	100GB	85%	FusionSeeker
19	negative	ENSG00000286147:ENSG00000155011	false_fusion:Sense-Antisense	100GB	85%	FusionSeeker
12	negative	ENSG00000286147:ENSG00000155011	false_fusion:Sense-Antisense	100GB	85%	FusionSeeker
3	negative	ENSG00000105640:ENSG00000087086	false_fusion	100GB	85%	FusionSeeker
30	negative	ENSG00000068796:ENSG00000288643	false_fusion	100GB	85%	FusionSeeker
22	negative	ENSG00000187398:ENSG00000144642	false_fusion	100GB	85%	FusionSeeker
6	negative	ENSG00000260192:ENSG00000248752	false_fusion:Sense-Antisense	100GB	85%	FusionSeeker
78	negative	ENSG00000283228:ENSG00000182389	false_fusion	100GB	85%	FusionSeeker
3	negative	ENSG00000244756:ENSG00000145592	false_fusion	100GB	85%	FusionSeeker
10	negative	ENSG00000071082:ENSG00000213849	false_fusion	100GB	85%	FusionSeeker
4	negative	ENSG00000163138:ENSG00000185774	false_fusion	100GB	85%	FusionSeeker
2	negative	ENSG00000163138:ENSG00000185774	false_fusion	100GB	85%	FusionSeeker
2	negative	ENSG00000163138:ENSG00000185774	false_fusion	100GB	85%	FusionSeeker
2	negative	ENSG00000163138:ENSG00000185774	false_fusion	100GB	85%	FusionSeeker
22	negative	ENSG00000243243:ENSG00000105971	false_fusion:Sense-Antisense	100GB	85%	FusionSeeker
3	negative	ENSG00000249490:ENSG00000251629	false_fusion	100GB	85%	FusionSeeker
2	negative	ENSG00000249490:ENSG00000251629	false_fusion	100GB	85%	FusionSeeker
2	negative	ENSG00000249490:ENSG00000251629	false_fusion	100GB	85%	FusionSeeker
7	negative	ENSG00000270959:ENSG00000145012	false_fusion	100GB	85%	FusionSeeker
21	negative	ENSG00000128918:ENSG00000166035	false_fusion	100GB	85%	FusionSeeker
10	negative	ENSG00000128918:ENSG00000166035	false_fusion	100GB	85%	FusionSeeker
2	negative	ENSG00000128918:ENSG00000166035	false_fusion	100GB	85%	FusionSeeker
13	negative	ENSG00000230590:ENSG00000275254	false_fusion:Sense-Antisense	100GB	85%	FusionSeeker
4	negative	ENSG00000230590:ENSG00000275254	false_fusion:Sense-Antisense	100GB	85%	FusionSeeker
4	negative	ENSG00000230590:ENSG00000275254	false_fusion:Sense-Antisense	100GB	85%	FusionSeeker
5	negative	ENSG00000115290:ENSG00000104408	false_fusion	100GB	85%	FusionSeeker
3	negative	ENSG00000163631:ENSG00000204628	false_fusion	100GB	85%	FusionSeeker
2	negative	ENSG00000087086:ENSG00000144426	false_fusion	100GB	85%	FusionSeeker
6	negative	ENSG00000233913:ENSG00000147403	false_fusion	100GB	85%	FusionSeeker
2	negative	ENSG00000167995:ENSG00000087086	false_fusion	100GB	85%	FusionSeeker
12	negative	ENSG00000156508:ENSG00000211459	false_fusion:mitochondrial_genomic	100GB	85%	FusionSeeker
2	negative	ENSG00000156508:ENSG00000211459	false_fusion:mitochondrial_genomic	100GB	85%	FusionSeeker
47	negative	ENSG00000089157:ENSG00000231367	false_fusion	100GB	85%	FusionSeeker
16	negative	ENSG00000248511:ENSG00000152208	false_fusion:Sense-Antisense	100GB	85%	FusionSeeker
2	negative	ENSG00000142676:ENSG00000156508	false_fusion	100GB	85%	FusionSeeker
2	negative	ENSG00000273259:ENSG00000087086	false_fusion	100GB	85%	FusionSeeker
20	negative	ENSG00000258561:ENSG00000171723	false_fusion:Sense-Antisense	100GB	85%	FusionSeeker
19	negative	ENSG00000258561:ENSG00000171723	false_fusion:Sense-Antisense	100GB	85%	FusionSeeker
12	negative	ENSG00000258561:ENSG00000171723	false_fusion:Sense-Antisense	100GB	85%	FusionSeeker
9	negative	ENSG00000258561:ENSG00000171723	false_fusion:Sense-Antisense	100GB	85%	FusionSeeker
6	negative	ENSG00000258561:ENSG00000171723	false_fusion:Sense-Antisense	100GB	85%	FusionSeeker
2	negative	ENSG00000087086:ENSG00000106927	false_fusion	100GB	85%	FusionSeeker
2	negative	ENSG00000157216:ENSG00000237251	false_fusion	100GB	85%	FusionSeeker
3	negative	ENSG00000163631:ENSG00000198886	false_fusion:mitochondrial_genomic	100GB	85%	FusionSeeker
3	negative	ENSG00000244265:ENSG00000239265	false_fusion	100GB	85%	FusionSeeker
4	negative	ENSG00000272180:ENSG00000271894	false_fusion	100GB	85%	FusionSeeker
5	negative	ENSG00000173406:ENSG00000258344	false_fusion	100GB	85%	FusionSeeker
26	negative	ENSG00000235665:ENSG00000236790	false_fusion	100GB	85%	FusionSeeker
20	negative	ENSG00000235665:ENSG00000236790	false_fusion	100GB	85%	FusionSeeker
5	negative	ENSG00000236552:ENSG00000087086	false_fusion	100GB	85%	FusionSeeker
41	negative	ENSG00000278177:ENSG00000183098	false_fusion:Sense-Antisense	100GB	85%	FusionSeeker
16	negative	ENSG00000237461:ENSG00000255145	false_fusion	100GB	85%	FusionSeeker
7	negative	ENSG00000053254:ENSG00000259053	false_fusion	100GB	85%	FusionSeeker
58	negative	ENSG00000230590:ENSG00000273974	false_fusion:Sense-Antisense	100GB	85%	FusionSeeker
11	negative	ENSG00000230590:ENSG00000273974	false_fusion:Sense-Antisense	100GB	85%	FusionSeeker
5	negative	ENSG00000230590:ENSG00000273974	false_fusion:Sense-Antisense	100GB	85%	FusionSeeker
3	negative	ENSG00000230590:ENSG00000273974	false_fusion:Sense-Antisense	100GB	85%	FusionSeeker
3	negative	ENSG00000230590:ENSG00000273974	false_fusion:Sense-Antisense	100GB	85%	FusionSeeker
28	negative	ENSG00000081154:ENSG00000231500	false_fusion	100GB	85%	FusionSeeker
62	negative	ENSG00000138185:ENSG00000226688	false_fusion	100GB	85%	FusionSeeker
10	negative	ENSG00000071082:ENSG00000235225	false_fusion	100GB	85%	FusionSeeker
2	negative	ENSG00000122406:ENSG00000087086	false_fusion	100GB	85%	FusionSeeker
12	negative	ENSG00000135269:ENSG00000237813	false_fusion:Sense-Antisense	100GB	85%	FusionSeeker
2	negative	ENSG00000197756:ENSG00000163631	false_fusion	100GB	85%	FusionSeeker
9	negative	ENSG00000130255:ENSG00000042062	false_fusion	100GB	85%	FusionSeeker
2	negative	ENSG00000163631:ENSG00000198840	false_fusion:mitochondrial_genomic	100GB	85%	FusionSeeker
12	negative	ENSG00000256879:ENSG00000172572	false_fusion	100GB	85%	FusionSeeker
2	negative	ENSG00000105193:ENSG00000163631	false_fusion	100GB	85%	FusionSeeker
5	negative	ENSG00000071082:ENSG00000232612	false_fusion	100GB	85%	FusionSeeker
9	negative	ENSG00000285783:ENSG00000164162	false_fusion	100GB	85%	FusionSeeker
3	negative	ENSG00000285783:ENSG00000164162	false_fusion	100GB	85%	FusionSeeker
2	negative	ENSG00000285783:ENSG00000164162	false_fusion	100GB	85%	FusionSeeker
18	negative	ENSG00000197756:ENSG00000228360	false_fusion	100GB	85%	FusionSeeker
2	negative	ENSG00000198087:ENSG00000112306	false_fusion	100GB	85%	FusionSeeker
71	negative	ENSG00000178464:ENSG00000147403	false_fusion	100GB	85%	FusionSeeker
2	negative	ENSG00000158874:ENSG00000197249	false_fusion	100GB	85%	FusionSeeker
2	negative	ENSG00000130255:ENSG00000128573	false_fusion	100GB	85%	FusionSeeker
4	negative	ENSG00000286749:ENSG00000249484	false_fusion:Sense-Antisense	100GB	85%	FusionSeeker
4	negative	ENSG00000286749:ENSG00000249484	false_fusion:Sense-Antisense	100GB	85%	FusionSeeker
5	negative	ENSG00000105372:ENSG00000240052	false_fusion	100GB	85%	FusionSeeker
5	negative	ENSG00000284837:ENSG00000285471	false_fusion	100GB	85%	FusionSeeker
24	negative	ENSG00000286622:ENSG00000175806	false_fusion:Sense-Antisense	100GB	85%	FusionSeeker
7	negative	ENSG00000286622:ENSG00000175806	false_fusion:Sense-Antisense	100GB	85%	FusionSeeker
8	negative	ENSG00000106399:ENSG00000219545	false_fusion	100GB	85%	FusionSeeker
5	negative	ENSG00000106399:ENSG00000219545	false_fusion	100GB	85%	FusionSeeker
54	negative	ENSG00000129515:ENSG00000105372	false_fusion	100GB	85%	FusionSeeker
2	negative	ENSG00000170889:ENSG00000008988	false_fusion	100GB	85%	FusionSeeker
2	negative	ENSG00000197249:ENSG00000211459	false_fusion:mitochondrial_genomic	100GB	85%	FusionSeeker
2	negative	ENSG00000115268:ENSG00000241956	false_fusion	100GB	85%	FusionSeeker
8	negative	ENSG00000163631:ENSG00000156508	false_fusion	100GB	85%	FusionSeeker
2	negative	ENSG00000163631:ENSG00000156508	false_fusion	100GB	85%	FusionSeeker
28	negative	ENSG00000250167:ENSG00000145832	false_fusion	100GB	85%	FusionSeeker
2	negative	ENSG00000250167:ENSG00000145832	false_fusion	100GB	85%	FusionSeeker
23	negative	ENSG00000091164:ENSG00000091157	false_fusion	100GB	85%	FusionSeeker
8	negative	ENSG00000285629:ENSG00000085276	false_fusion	100GB	85%	FusionSeeker
12	negative	ENSG00000286480:ENSG00000143951	false_fusion:Sense-Antisense	100GB	85%	FusionSeeker
2	negative	ENSG00000286480:ENSG00000143951	false_fusion:Sense-Antisense	100GB	85%	FusionSeeker
2	negative	ENSG00000286480:ENSG00000143951	false_fusion:Sense-Antisense	100GB	85%	FusionSeeker
3	negative	ENSG00000185008:ENSG00000285741	false_fusion	100GB	85%	FusionSeeker
35	negative	ENSG00000013297:ENSG00000285218	false_fusion	100GB	85%	FusionSeeker
2	negative	ENSG00000152104:ENSG00000177879	false_fusion	100GB	85%	FusionSeeker
2	negative	ENSG00000232234:ENSG00000285216	false_fusion	100GB	85%	FusionSeeker
36	negative	ENSG00000159023:ENSG00000131469	false_fusion	100GB	85%	FusionSeeker
2	negative	ENSG00000087086:ENSG00000198763	false_fusion:mitochondrial_genomic	100GB	85%	FusionSeeker
2	negative	ENSG00000137818:ENSG00000156508	false_fusion	100GB	85%	FusionSeeker
31	negative	ENSG00000186468:ENSG00000230629	false_fusion	100GB	85%	FusionSeeker
2	negative	ENSG00000090273:ENSG00000204311	false_fusion	100GB	85%	FusionSeeker
9	negative	ENSG00000149273:ENSG00000124783	false_fusion	100GB	85%	FusionSeeker
71	negative	ENSG00000129159:ENSG00000129158	false_fusion	100GB	85%	FusionSeeker
7	negative	ENSG00000129159:ENSG00000129158	false_fusion	100GB	85%	FusionSeeker
3	negative	ENSG00000129159:ENSG00000129158	false_fusion	100GB	85%	FusionSeeker
2	negative	ENSG00000129159:ENSG00000129158	false_fusion	100GB	85%	FusionSeeker
9	negative	ENSG00000088340:ENSG00000145592	false_fusion	100GB	85%	FusionSeeker
2	negative	ENSG00000091583:ENSG00000163631	false_fusion	100GB	85%	FusionSeeker
15	negative	ENSG00000188580:ENSG00000236548	false_fusion	100GB	85%	FusionSeeker
11	negative	ENSG00000188580:ENSG00000236548	false_fusion	100GB	85%	FusionSeeker
9	negative	ENSG00000188580:ENSG00000236548	false_fusion	100GB	85%	FusionSeeker
5	negative	ENSG00000188580:ENSG00000236548	false_fusion	100GB	85%	FusionSeeker
4	negative	ENSG00000188580:ENSG00000236548	false_fusion	100GB	85%	FusionSeeker
4	negative	ENSG00000188580:ENSG00000236548	false_fusion	100GB	85%	FusionSeeker
3	negative	ENSG00000188580:ENSG00000236548	false_fusion	100GB	85%	FusionSeeker
23	negative	ENSG00000258344:ENSG00000141441	false_fusion	100GB	85%	FusionSeeker
3	negative	ENSG00000257750:ENSG00000251138	false_fusion	100GB	85%	FusionSeeker
3	negative	ENSG00000257750:ENSG00000251138	false_fusion	100GB	85%	FusionSeeker
2	negative	ENSG00000257750:ENSG00000251138	false_fusion	100GB	85%	FusionSeeker
3	negative	ENSG00000231500:ENSG00000216548	false_fusion	100GB	85%	FusionSeeker
2	negative	ENSG00000167996:ENSG00000198840	false_fusion:mitochondrial_genomic	100GB	85%	FusionSeeker
30	negative	ENSG00000285844:ENSG00000185760	false_fusion	100GB	85%	FusionSeeker
5	negative	ENSG00000197249:ENSG00000087086	false_fusion	100GB	85%	FusionSeeker
10	negative	ENSG00000258344:ENSG00000155744	false_fusion	100GB	85%	FusionSeeker
2	negative	ENSG00000101251:ENSG00000172264	false_fusion	100GB	85%	FusionSeeker
14	negative	ENSG00000231252:ENSG00000162599	false_fusion:Sense-Antisense	100GB	85%	FusionSeeker
7	negative	ENSG00000250686:ENSG00000112232	false_fusion	100GB	85%	FusionSeeker
2	negative	ENSG00000091513:ENSG00000211459	false_fusion:mitochondrial_genomic	100GB	85%	FusionSeeker
25	negative	ENSG00000248049:ENSG00000198092	false_fusion	100GB	85%	FusionSeeker
8	negative	ENSG00000109971:ENSG00000273997	false_fusion	100GB	85%	FusionSeeker
13	negative	ENSG00000283563:ENSG00000144642	false_fusion	100GB	85%	FusionSeeker
15	negative	ENSG00000283563:ENSG00000144642	false_fusion	100GB	85%	FusionSeeker
11	negative	ENSG00000283563:ENSG00000144642	false_fusion	100GB	85%	FusionSeeker
5	negative	ENSG00000283563:ENSG00000144642	false_fusion	100GB	85%	FusionSeeker
3	negative	ENSG00000283563:ENSG00000144642	false_fusion	100GB	85%	FusionSeeker
2	negative	ENSG00000283563:ENSG00000144642	false_fusion	100GB	85%	FusionSeeker
2	negative	ENSG00000100316:ENSG00000211459	false_fusion:mitochondrial_genomic	100GB	85%	FusionSeeker
3	negative	ENSG00000220842:ENSG00000087086	false_fusion	100GB	85%	FusionSeeker
8	negative	ENSG00000251247:ENSG00000071082	false_fusion	100GB	85%	FusionSeeker
23	negative	ENSG00000283839:ENSG00000170396	false_fusion:Sense-Antisense	100GB	85%	FusionSeeker
8	negative	ENSG00000228887:ENSG00000104529	false_fusion	100GB	85%	FusionSeeker
2	negative	ENSG00000197249:ENSG00000145592	false_fusion	100GB	85%	FusionSeeker
23	negative	ENSG00000071082:ENSG00000250954	false_fusion	100GB	85%	FusionSeeker
14	negative	ENSG00000130962:ENSG00000156298	false_fusion	100GB	85%	FusionSeeker
21	negative	ENSG00000101384:ENSG00000270792	false_fusion:Sense-Antisense	100GB	85%	FusionSeeker
4	negative	ENSG00000266944:ENSG00000136942	false_fusion	100GB	85%	FusionSeeker
17	negative	ENSG00000115762:ENSG00000284604	false_fusion	100GB	85%	FusionSeeker
2	negative	ENSG00000156508:ENSG00000198763	false_fusion:mitochondrial_genomic	100GB	85%	FusionSeeker
3	negative	ENSG00000196531:ENSG00000257322	false_fusion	100GB	85%	FusionSeeker
15	negative	ENSG00000285673:ENSG00000271955	false_fusion:Sense-Antisense	100GB	85%	FusionSeeker
39	negative	ENSG00000168288:ENSG00000231969	false_fusion	100GB	85%	FusionSeeker
26	negative	ENSG00000168288:ENSG00000231969	false_fusion	100GB	85%	FusionSeeker
14	negative	ENSG00000153093:ENSG00000172965	false_fusion	100GB	85%	FusionSeeker
3	negative	ENSG00000153093:ENSG00000172965	false_fusion	100GB	85%	FusionSeeker
2	negative	ENSG00000115461:ENSG00000233143	false_fusion	100GB	85%	FusionSeeker
32	negative	ENSG00000213075:ENSG00000071082	false_fusion	100GB	85%	FusionSeeker
28	negative	ENSG00000197756:ENSG00000226243	false_fusion	100GB	85%	FusionSeeker
2	negative	ENSG00000111640:ENSG00000101439	false_fusion	100GB	85%	FusionSeeker
19	negative	ENSG00000234224:ENSG00000242593	false_fusion:Sense-Antisense	100GB	85%	FusionSeeker
6	negative	ENSG00000234224:ENSG00000242593	false_fusion:Sense-Antisense	100GB	85%	FusionSeeker
3	negative	ENSG00000234224:ENSG00000242593	false_fusion:Sense-Antisense	100GB	85%	FusionSeeker
2	negative	ENSG00000234224:ENSG00000242593	false_fusion:Sense-Antisense	100GB	85%	FusionSeeker
2	negative	ENSG00000150477:ENSG00000241671	false_fusion	100GB	85%	FusionSeeker
4	negative	ENSG00000235743:ENSG00000289368	false_fusion:Sense-Antisense	100GB	85%	FusionSeeker
3	negative	ENSG00000235743:ENSG00000289368	false_fusion:Sense-Antisense	100GB	85%	FusionSeeker
4	negative	ENSG00000087086:ENSG00000198938	false_fusion:mitochondrial_genomic	100GB	85%	FusionSeeker
2	negative	ENSG00000197249:ENSG00000204628	false_fusion	100GB	85%	FusionSeeker
2	negative	ENSG00000197249:ENSG00000204628	false_fusion	100GB	85%	FusionSeeker
19	negative	ENSG00000221947:ENSG00000285579	false_fusion	100GB	85%	FusionSeeker
2	negative	ENSG00000221947:ENSG00000285579	false_fusion	100GB	85%	FusionSeeker
8	negative	ENSG00000257842:ENSG00000258081	false_fusion	100GB	85%	FusionSeeker
6	negative	ENSG00000257842:ENSG00000258081	false_fusion	100GB	85%	FusionSeeker
2	negative	ENSG00000257842:ENSG00000258081	false_fusion	100GB	85%	FusionSeeker
3	negative	ENSG00000089157:ENSG00000267669	false_fusion	100GB	85%	FusionSeeker
2	negative	ENSG00000166441:ENSG00000083845	false_fusion	100GB	85%	FusionSeeker
2	negative	ENSG00000125691:ENSG00000087086	false_fusion	100GB	85%	FusionSeeker
16	negative	ENSG00000287744:ENSG00000130226	false_fusion:Sense-Antisense	100GB	85%	FusionSeeker
30	negative	ENSG00000166268:ENSG00000257815	false_fusion	100GB	85%	FusionSeeker
5	negative	ENSG00000229647:ENSG00000223725	false_fusion:Sense-Antisense	100GB	85%	FusionSeeker
22	negative	ENSG00000108684:ENSG00000263571	false_fusion:Sense-Antisense	100GB	85%	FusionSeeker
2	negative	ENSG00000108684:ENSG00000263571	false_fusion:Sense-Antisense	100GB	85%	FusionSeeker
4	negative	ENSG00000131469:ENSG00000128585	false_fusion	100GB	85%	FusionSeeker
2	negative	ENSG00000240567:ENSG00000156508	false_fusion	100GB	85%	FusionSeeker
3	negative	ENSG00000087086:ENSG00000198886	false_fusion:mitochondrial_genomic	100GB	85%	FusionSeeker
2	negative	ENSG00000142937:ENSG00000163631	false_fusion	100GB	85%	FusionSeeker
5	negative	ENSG00000087086:ENSG00000156508	false_fusion	100GB	85%	FusionSeeker
2	negative	ENSG00000163993:ENSG00000211459	false_fusion:mitochondrial_genomic	100GB	85%	FusionSeeker
3	negative	ENSG00000071082:ENSG00000244740	false_fusion	100GB	85%	FusionSeeker
14	negative	ENSG00000250855:ENSG00000249815	false_fusion:Sense-Antisense	100GB	85%	FusionSeeker
2	negative	ENSG00000156508:ENSG00000112306	false_fusion	100GB	85%	FusionSeeker
7	negative	ENSG00000131469:ENSG00000230829	false_fusion	100GB	85%	FusionSeeker
2	negative	ENSG00000118137:ENSG00000101439	false_fusion	100GB	85%	FusionSeeker
2	negative	ENSG00000132780:ENSG00000254777	false_fusion	100GB	85%	FusionSeeker
4	negative	ENSG00000258344:ENSG00000220157	false_fusion	100GB	85%	FusionSeeker
26	negative	ENSG00000159147:ENSG00000249209	false_fusion	100GB	85%	FusionSeeker
25	negative	ENSG00000105372:ENSG00000214612	false_fusion	100GB	85%	FusionSeeker
2	negative	ENSG00000149273:ENSG00000156508	false_fusion	100GB	85%	FusionSeeker
14	negative	ENSG00000137818:ENSG00000012048	false_fusion	100GB	85%	FusionSeeker
2	negative	ENSG00000171862:ENSG00000237984	false_fusion	100GB	85%	FusionSeeker
4	negative	ENSG00000251600:ENSG00000285783	false_fusion:Sense-Antisense	100GB	85%	FusionSeeker
3	negative	ENSG00000251600:ENSG00000285783	false_fusion:Sense-Antisense	100GB	85%	FusionSeeker
2	negative	ENSG00000251600:ENSG00000285783	false_fusion:Sense-Antisense	100GB	85%	FusionSeeker
13	negative	ENSG00000099797:ENSG00000172493	false_fusion	100GB	85%	FusionSeeker
2	negative	ENSG00000169410:ENSG00000091513	false_fusion	100GB	85%	FusionSeeker
10	negative	ENSG00000115947:ENSG00000204406	false_fusion	100GB	85%	FusionSeeker
2	negative	ENSG00000167996:ENSG00000133112	false_fusion	100GB	85%	FusionSeeker
6	negative	ENSG00000130255:ENSG00000169253	false_fusion	100GB	85%	FusionSeeker
2	negative	ENSG00000230735:ENSG00000271949	false_fusion	100GB	85%	FusionSeeker
7	negative	ENSG00000287505:ENSG00000224957	false_fusion:Sense-Antisense	100GB	85%	FusionSeeker
4	negative	ENSG00000287505:ENSG00000224957	false_fusion:Sense-Antisense	100GB	85%	FusionSeeker
9	negative	ENSG00000289465:ENSG00000137710	false_fusion	100GB	85%	FusionSeeker
17	negative	ENSG00000258483:ENSG00000259199	false_fusion:Sense-Antisense	100GB	85%	FusionSeeker
3	negative	ENSG00000258483:ENSG00000259199	false_fusion:Sense-Antisense	100GB	85%	FusionSeeker
2	negative	ENSG00000258483:ENSG00000259199	false_fusion:Sense-Antisense	100GB	85%	FusionSeeker
7	negative	ENSG00000118507:ENSG00000290067	false_fusion:Sense-Antisense	100GB	85%	FusionSeeker
2	negative	ENSG00000197099:ENSG00000156508	false_fusion	100GB	85%	FusionSeeker
2	negative	ENSG00000230721:ENSG00000215472	false_fusion	100GB	85%	FusionSeeker
11	negative	ENSG00000239559:ENSG00000145592	false_fusion	100GB	85%	FusionSeeker
4	negative	ENSG00000285541:ENSG00000188803	false_fusion:Sense-Antisense	100GB	85%	FusionSeeker
5	negative	ENSG00000142937:ENSG00000250697	false_fusion	100GB	85%	FusionSeeker
3	negative	ENSG00000233642:ENSG00000151025	false_fusion	100GB	85%	FusionSeeker
2	negative	ENSG00000104714:ENSG00000198010	false_fusion	100GB	85%	FusionSeeker
2	negative	ENSG00000104714:ENSG00000198010	false_fusion	100GB	85%	FusionSeeker
12	negative	ENSG00000156925:ENSG00000283692	false_fusion	100GB	85%	FusionSeeker
4	negative	ENSG00000137970:ENSG00000211459	false_fusion:mitochondrial_genomic	100GB	85%	FusionSeeker
11	negative	ENSG00000171530:ENSG00000075624	false_fusion	100GB	85%	FusionSeeker
3	negative	ENSG00000171530:ENSG00000075624	false_fusion	100GB	85%	FusionSeeker
2	negative	ENSG00000171530:ENSG00000075624	false_fusion	100GB	85%	FusionSeeker
2	negative	ENSG00000198938:ENSG00000101868	false_fusion:mitochondrial_genomic	100GB	85%	FusionSeeker
2	negative	ENSG00000167524:ENSG00000071082	false_fusion	100GB	85%	FusionSeeker
2	negative	ENSG00000167526:ENSG00000163631	false_fusion	100GB	85%	FusionSeeker
2	negative	ENSG00000085871:ENSG00000196782	false_fusion	100GB	85%	FusionSeeker
4	negative	ENSG00000222041:ENSG00000153093	false_fusion	100GB	85%	FusionSeeker
17	negative	ENSG00000102174:ENSG00000289084	false_fusion:Sense-Antisense	100GB	85%	FusionSeeker
4	negative	ENSG00000089006:ENSG00000163749	false_fusion	100GB	85%	FusionSeeker
2	negative	ENSG00000089006:ENSG00000163749	false_fusion	100GB	85%	FusionSeeker
3	negative	ENSG00000177600:ENSG00000244331	false_fusion	100GB	85%	FusionSeeker
2	negative	ENSG00000133112:ENSG00000198242	false_fusion	100GB	85%	FusionSeeker
2	negative	ENSG00000149806:ENSG00000163631	false_fusion	100GB	85%	FusionSeeker
2	negative	ENSG00000196262:ENSG00000211459	false_fusion:mitochondrial_genomic	100GB	85%	FusionSeeker
2	negative	ENSG00000196262:ENSG00000211459	false_fusion:mitochondrial_genomic	100GB	85%	FusionSeeker
2	negative	ENSG00000273259:ENSG00000156508	false_fusion	100GB	85%	FusionSeeker
2	negative	ENSG00000273259:ENSG00000156508	false_fusion	100GB	85%	FusionSeeker
21	negative	ENSG00000130255:ENSG00000135250	false_fusion	100GB	85%	FusionSeeker
3	negative	ENSG00000137970:ENSG00000147604	false_fusion	100GB	85%	FusionSeeker
6	negative	ENSG00000172264:ENSG00000286546	false_fusion:Sense-Antisense	100GB	85%	FusionSeeker
6	negative	ENSG00000172264:ENSG00000286546	false_fusion:Sense-Antisense	100GB	85%	FusionSeeker
2	negative	ENSG00000172264:ENSG00000286546	false_fusion:Sense-Antisense	100GB	85%	FusionSeeker
2	negative	ENSG00000172264:ENSG00000286546	false_fusion:Sense-Antisense	100GB	85%	FusionSeeker
2	negative	ENSG00000172264:ENSG00000286546	false_fusion:Sense-Antisense	100GB	85%	FusionSeeker
8	negative	ENSG00000172965:ENSG00000285016	false_fusion	100GB	85%	FusionSeeker
2	negative	ENSG00000172965:ENSG00000285016	false_fusion	100GB	85%	FusionSeeker
4	negative	ENSG00000258344:ENSG00000224578	false_fusion	100GB	85%	FusionSeeker
6	negative	ENSG00000071082:ENSG00000131061	false_fusion	100GB	85%	FusionSeeker
4	negative	ENSG00000187720:ENSG00000215472	false_fusion	100GB	85%	FusionSeeker
2	negative	ENSG00000258344:ENSG00000233680	false_fusion	100GB	85%	FusionSeeker
2	negative	ENSG00000081051:ENSG00000198804	false_fusion:mitochondrial_genomic	100GB	85%	FusionSeeker
3	negative	ENSG00000153936:ENSG00000126261	false_fusion	100GB	85%	FusionSeeker
12	negative	ENSG00000231304:ENSG00000282987	false_fusion:Sense-Antisense	100GB	85%	FusionSeeker
2	negative	ENSG00000285629:ENSG00000241081	false_fusion	100GB	85%	FusionSeeker
3	negative	ENSG00000288714:ENSG00000234147	false_fusion:Sense-Antisense	100GB	85%	FusionSeeker
3	negative	ENSG00000288714:ENSG00000234147	false_fusion:Sense-Antisense	100GB	85%	FusionSeeker
3	negative	ENSG00000197249:ENSG00000198938	false_fusion:mitochondrial_genomic	100GB	85%	FusionSeeker
5	negative	ENSG00000258344:ENSG00000229251	false_fusion	100GB	85%	FusionSeeker
3	negative	ENSG00000131374:ENSG00000164715	false_fusion	100GB	85%	FusionSeeker
2	negative	ENSG00000131374:ENSG00000164715	false_fusion	100GB	85%	FusionSeeker
2	negative	ENSG00000083845:ENSG00000156508	false_fusion	100GB	85%	FusionSeeker
2	negative	ENSG00000071082:ENSG00000131374	false_fusion	100GB	85%	FusionSeeker
2	negative	ENSG00000087086:ENSG00000163931	false_fusion	100GB	85%	FusionSeeker
3	negative	ENSG00000197099:ENSG00000163631	false_fusion	100GB	85%	FusionSeeker
7	negative	ENSG00000285000:ENSG00000284762	false_fusion	100GB	85%	FusionSeeker
2	negative	ENSG00000285000:ENSG00000284762	false_fusion	100GB	85%	FusionSeeker
2	negative	ENSG00000285000:ENSG00000284762	false_fusion	100GB	85%	FusionSeeker
2	negative	ENSG00000163710:ENSG00000161016	false_fusion	100GB	85%	FusionSeeker
2	negative	ENSG00000131469:ENSG00000156508	false_fusion	100GB	85%	FusionSeeker
6	negative	ENSG00000169946:ENSG00000251003	false_fusion	100GB	85%	FusionSeeker
3	negative	ENSG00000169946:ENSG00000251003	false_fusion	100GB	85%	FusionSeeker
3	negative	ENSG00000214857:ENSG00000127922	false_fusion	100GB	85%	FusionSeeker
26	negative	ENSG00000071082:ENSG00000236735	false_fusion	100GB	85%	FusionSeeker
4	negative	ENSG00000137818:ENSG00000238150	false_fusion	100GB	85%	FusionSeeker
2	negative	ENSG00000291181:ENSG00000288891	false_fusion	100GB	85%	FusionSeeker
7	negative	ENSG00000233927:ENSG00000286739	false_fusion	100GB	85%	FusionSeeker
2	negative	ENSG00000100316:ENSG00000081051	false_fusion	100GB	85%	FusionSeeker
3	negative	ENSG00000135083:ENSG00000156467	false_fusion	100GB	85%	FusionSeeker
6	negative	ENSG00000233928:ENSG00000233571	false_fusion:Sense-Antisense	100GB	85%	FusionSeeker
2	negative	ENSG00000197249:ENSG00000273259	false_fusion	100GB	85%	FusionSeeker
14	negative	ENSG00000136160:ENSG00000234377	false_fusion	100GB	85%	FusionSeeker
16	negative	ENSG00000176343:ENSG00000197756	false_fusion	100GB	85%	FusionSeeker
2	negative	ENSG00000174418:ENSG00000136942	false_fusion	100GB	85%	FusionSeeker
19	negative	ENSG00000182667:ENSG00000183715	false_fusion	100GB	85%	FusionSeeker
6	negative	ENSG00000182667:ENSG00000183715	false_fusion	100GB	85%	FusionSeeker
16	negative	ENSG00000206260:ENSG00000175110	false_fusion	100GB	85%	FusionSeeker
2	negative	ENSG00000181019:ENSG00000156508	false_fusion	100GB	85%	FusionSeeker
24	negative	ENSG00000285082:ENSG00000284977	false_fusion	100GB	85%	FusionSeeker
23	negative	ENSG00000285082:ENSG00000284977	false_fusion	100GB	85%	FusionSeeker
2	negative	ENSG00000285082:ENSG00000284977	false_fusion	100GB	85%	FusionSeeker
2	negative	ENSG00000167996:ENSG00000197249	false_fusion	100GB	85%	FusionSeeker
2	negative	ENSG00000241929:ENSG00000082068	false_fusion	100GB	85%	FusionSeeker
22	negative	ENSG00000047936:ENSG00000282218	false_fusion	100GB	85%	FusionSeeker
2	negative	ENSG00000136942:ENSG00000211459	false_fusion:mitochondrial_genomic	100GB	85%	FusionSeeker
2	negative	ENSG00000254659:ENSG00000289465	false_fusion	100GB	85%	FusionSeeker
3	negative	ENSG00000198242:ENSG00000141376	false_fusion	100GB	85%	FusionSeeker
10	negative	ENSG00000223786:ENSG00000272243	false_fusion:Sense-Antisense	100GB	85%	FusionSeeker
7	negative	ENSG00000149273:ENSG00000198673	false_fusion	100GB	85%	FusionSeeker
2	negative	ENSG00000149273:ENSG00000198673	false_fusion	100GB	85%	FusionSeeker
2	negative	ENSG00000291181:ENSG00000234042	false_fusion	100GB	85%	FusionSeeker
2	negative	ENSG00000222041:ENSG00000172965	false_fusion	100GB	85%	FusionSeeker
15	negative	ENSG00000149273:ENSG00000228205	false_fusion	100GB	85%	FusionSeeker
2	negative	ENSG00000213741:ENSG00000196205	false_fusion	100GB	85%	FusionSeeker
3	negative	ENSG00000258537:ENSG00000139926	false_fusion	100GB	85%	FusionSeeker
2	negative	ENSG00000242880:ENSG00000242808	false_fusion	100GB	85%	FusionSeeker
2	negative	ENSG00000122406:ENSG00000151468	false_fusion	100GB	85%	FusionSeeker
6	negative	ENSG00000167526:ENSG00000211459	false_fusion:mitochondrial_genomic	100GB	85%	FusionSeeker
2	negative	ENSG00000167526:ENSG00000211459	false_fusion:mitochondrial_genomic	100GB	85%	FusionSeeker
5	negative	ENSG00000214881:ENSG00000137210	false_fusion	100GB	85%	FusionSeeker
5	negative	ENSG00000226553:ENSG00000224063	false_fusion	100GB	85%	FusionSeeker
2	negative	ENSG00000108010:ENSG00000216657	false_fusion	100GB	85%	FusionSeeker
7	negative	ENSG00000179915:ENSG00000231918	false_fusion:Sense-Antisense	100GB	85%	FusionSeeker
4	negative	ENSG00000179915:ENSG00000231918	false_fusion:Sense-Antisense	100GB	85%	FusionSeeker
3	negative	ENSG00000179915:ENSG00000231918	false_fusion:Sense-Antisense	100GB	85%	FusionSeeker
3	negative	ENSG00000183960:ENSG00000287069	false_fusion:Sense-Antisense	100GB	85%	FusionSeeker
2	negative	ENSG00000183960:ENSG00000287069	false_fusion:Sense-Antisense	100GB	85%	FusionSeeker
2	negative	ENSG00000183960:ENSG00000287069	false_fusion:Sense-Antisense	100GB	85%	FusionSeeker
2	negative	ENSG00000234741:ENSG00000166206	false_fusion	100GB	85%	FusionSeeker
9	negative	ENSG00000173436:ENSG00000164587	false_fusion	100GB	85%	FusionSeeker
2	negative	ENSG00000089009:ENSG00000187472	false_fusion	100GB	85%	FusionSeeker
4	negative	ENSG00000125691:ENSG00000220586	false_fusion	100GB	85%	FusionSeeker
2	negative	ENSG00000165914:ENSG00000231500	false_fusion	100GB	85%	FusionSeeker
2	negative	ENSG00000137970:ENSG00000197099	false_fusion	100GB	85%	FusionSeeker
7	negative	ENSG00000131374:ENSG00000182568	false_fusion	100GB	85%	FusionSeeker
2	negative	ENSG00000131374:ENSG00000182568	false_fusion	100GB	85%	FusionSeeker
2	negative	ENSG00000198814:ENSG00000178146	false_fusion	100GB	85%	FusionSeeker
2	negative	ENSG00000231500:ENSG00000198712	false_fusion:mitochondrial_genomic	100GB	85%	FusionSeeker
2	negative	ENSG00000172757:ENSG00000204628	false_fusion	100GB	85%	FusionSeeker
2	negative	ENSG00000105176:ENSG00000163682	false_fusion	100GB	85%	FusionSeeker
3	negative	ENSG00000229272:ENSG00000215472	false_fusion	100GB	85%	FusionSeeker
6	negative	ENSG00000224631:ENSG00000143947	false_fusion	100GB	85%	FusionSeeker
2	negative	ENSG00000122406:ENSG00000286110	false_fusion	100GB	85%	FusionSeeker
20	negative	ENSG00000173077:ENSG00000228714	false_fusion:Sense-Antisense	100GB	85%	FusionSeeker
6	negative	ENSG00000267223:ENSG00000198597	false_fusion:Sense-Antisense	100GB	85%	FusionSeeker
3	negative	ENSG00000267223:ENSG00000198597	false_fusion:Sense-Antisense	100GB	85%	FusionSeeker
5	negative	ENSG00000171863:ENSG00000211459	false_fusion:mitochondrial_genomic	100GB	85%	FusionSeeker
3	negative	ENSG00000232713:ENSG00000112306	false_fusion	100GB	85%	FusionSeeker
2	negative	ENSG00000221983:ENSG00000211459	false_fusion:mitochondrial_genomic	100GB	85%	FusionSeeker
2	negative	ENSG00000172260:ENSG00000057608	false_fusion	100GB	85%	FusionSeeker
2	negative	ENSG00000089157:ENSG00000231500	false_fusion	100GB	85%	FusionSeeker
2	negative	ENSG00000197249:ENSG00000231500	false_fusion	100GB	85%	FusionSeeker
2	negative	ENSG00000221983:ENSG00000189376	false_fusion	100GB	85%	FusionSeeker
2	negative	ENSG00000197756:ENSG00000197099	false_fusion	100GB	85%	FusionSeeker
4	negative	ENSG00000172809:ENSG00000244422	false_fusion	100GB	85%	FusionSeeker
2	negative	ENSG00000172809:ENSG00000244422	false_fusion	100GB	85%	FusionSeeker
3	negative	ENSG00000213657:ENSG00000071082	false_fusion	100GB	85%	FusionSeeker
8	negative	ENSG00000198242:ENSG00000240567	false_fusion	100GB	85%	FusionSeeker
2	negative	ENSG00000163631:ENSG00000169567	false_fusion	100GB	85%	FusionSeeker
2	negative	ENSG00000111640:ENSG00000211459	false_fusion:mitochondrial_genomic	100GB	85%	FusionSeeker
18	negative	ENSG00000115268:ENSG00000233762	false_fusion	100GB	85%	FusionSeeker
2	negative	ENSG00000198886:ENSG00000147257	false_fusion:mitochondrial_genomic	100GB	85%	FusionSeeker
4	negative	ENSG00000258344:ENSG00000253334	false_fusion	100GB	85%	FusionSeeker
2	negative	ENSG00000087086:ENSG00000081051	false_fusion	100GB	85%	FusionSeeker
2	negative	ENSG00000087086:ENSG00000081051	false_fusion	100GB	85%	FusionSeeker
13	negative	ENSG00000166435:ENSG00000071082	false_fusion	100GB	85%	FusionSeeker
2	negative	ENSG00000071082:ENSG00000090097	false_fusion	100GB	85%	FusionSeeker
2	negative	ENSG00000181938:ENSG00000091513	false_fusion	100GB	85%	FusionSeeker
2	negative	ENSG00000142937:ENSG00000281087	false_fusion	100GB	85%	FusionSeeker
3	negative	ENSG00000101464:ENSG00000083067	false_fusion	100GB	85%	FusionSeeker
2	negative	ENSG00000171863:ENSG00000156508	false_fusion	100GB	85%	FusionSeeker
2	negative	ENSG00000111640:ENSG00000170889	false_fusion	100GB	85%	FusionSeeker
3	negative	ENSG00000203727:ENSG00000227681	false_fusion	100GB	85%	FusionSeeker
2	negative	ENSG00000143196:ENSG00000285622	false_fusion	100GB	85%	FusionSeeker
2	negative	ENSG00000204628:ENSG00000211459	false_fusion:mitochondrial_genomic	100GB	85%	FusionSeeker
22	negative	ENSG00000013503:ENSG00000257545	false_fusion:Sense-Antisense	100GB	85%	FusionSeeker
7	negative	ENSG00000013503:ENSG00000257545	false_fusion:Sense-Antisense	100GB	85%	FusionSeeker
2	negative	ENSG00000111640:ENSG00000163631	false_fusion	100GB	85%	FusionSeeker
2	negative	ENSG00000111640:ENSG00000163631	false_fusion	100GB	85%	FusionSeeker
2	negative	ENSG00000087086:ENSG00000142534	false_fusion	100GB	85%	FusionSeeker
16	negative	ENSG00000283098:ENSG00000258661	false_fusion:Sense-Antisense	100GB	85%	FusionSeeker
2	negative	ENSG00000100129:ENSG00000211459	false_fusion:mitochondrial_genomic	100GB	85%	FusionSeeker
2	negative	ENSG00000287526:ENSG00000102309	false_fusion	100GB	85%	FusionSeeker
3	negative	ENSG00000288534:ENSG00000255872	false_fusion	100GB	85%	FusionSeeker
2	negative	ENSG00000099246:ENSG00000291093	false_fusion	100GB	85%	FusionSeeker
2	negative	ENSG00000142676:ENSG00000138160	false_fusion	100GB	85%	FusionSeeker
2	negative	ENSG00000139915:ENSG00000142541	false_fusion	100GB	85%	FusionSeeker
5	negative	ENSG00000247572:ENSG00000112306	false_fusion	100GB	85%	FusionSeeker
4	negative	ENSG00000105989:ENSG00000001626	false_fusion	100GB	85%	FusionSeeker
3	negative	ENSG00000075884:ENSG00000228655	false_fusion:Sense-Antisense	100GB	85%	FusionSeeker
2	negative	ENSG00000156467:ENSG00000204272	false_fusion	100GB	85%	FusionSeeker
2	negative	ENSG00000113391:ENSG00000181163	false_fusion	100GB	85%	FusionSeeker
2	negative	ENSG00000156508:ENSG00000106927	false_fusion	100GB	85%	FusionSeeker
2	negative	ENSG00000105193:ENSG00000087086	false_fusion	100GB	85%	FusionSeeker
3	negative	ENSG00000053254:ENSG00000176318	false_fusion	100GB	85%	FusionSeeker
4	negative	ENSG00000245384:ENSG00000248242	false_fusion:Sense-Antisense	100GB	85%	FusionSeeker
3	negative	ENSG00000245384:ENSG00000248242	false_fusion:Sense-Antisense	100GB	85%	FusionSeeker
10	negative	ENSG00000259116:ENSG00000063177	false_fusion	100GB	85%	FusionSeeker
2	negative	ENSG00000237049:ENSG00000109475	false_fusion	100GB	85%	FusionSeeker
4	negative	ENSG00000123728:ENSG00000232160	false_fusion	100GB	85%	FusionSeeker
2	negative	ENSG00000167524:ENSG00000171863	false_fusion	100GB	85%	FusionSeeker
3	negative	ENSG00000091513:ENSG00000291118	false_fusion	100GB	85%	FusionSeeker
4	negative	ENSG00000111057:ENSG00000249668	false_fusion	100GB	85%	FusionSeeker
4	negative	ENSG00000259572:ENSG00000259754	false_fusion:Sense-Antisense	100GB	85%	FusionSeeker
2	negative	ENSG00000144426:ENSG00000156508	false_fusion	100GB	85%	FusionSeeker
2	negative	ENSG00000196205:ENSG00000147257	false_fusion	100GB	85%	FusionSeeker
2	negative	ENSG00000225377:ENSG00000163631	false_fusion	100GB	85%	FusionSeeker
2	negative	ENSG00000170889:ENSG00000156508	false_fusion	100GB	85%	FusionSeeker
4	negative	ENSG00000204929:ENSG00000091513	false_fusion	100GB	85%	FusionSeeker
2	negative	ENSG00000270294:ENSG00000101966	false_fusion	100GB	85%	FusionSeeker
2	negative	ENSG00000133112:ENSG00000211459	false_fusion:mitochondrial_genomic	100GB	85%	FusionSeeker
7	negative	ENSG00000165632:ENSG00000167526	false_fusion	100GB	85%	FusionSeeker
2	negative	ENSG00000091513:ENSG00000288271	false_fusion	100GB	85%	FusionSeeker
3	negative	ENSG00000247556:ENSG00000232555	false_fusion	100GB	85%	FusionSeeker
2	negative	ENSG00000137818:ENSG00000087086	false_fusion	100GB	85%	FusionSeeker
2	negative	ENSG00000267452:ENSG00000147604	false_fusion	100GB	85%	FusionSeeker
3	negative	ENSG00000286596:ENSG00000169851	false_fusion:Sense-Antisense	100GB	85%	FusionSeeker
2	negative	ENSG00000213671:ENSG00000138430	false_fusion	100GB	85%	FusionSeeker
5	negative	ENSG00000007372:ENSG00000170919	false_fusion	100GB	85%	FusionSeeker
3	negative	ENSG00000142864:ENSG00000112964	false_fusion	100GB	85%	FusionSeeker
3	negative	ENSG00000258558:ENSG00000131469	false_fusion	100GB	85%	FusionSeeker
3	negative	ENSG00000065911:ENSG00000181260	false_fusion	100GB	85%	FusionSeeker
2	negative	ENSG00000142892:ENSG00000215472	false_fusion	100GB	85%	FusionSeeker
3	negative	ENSG00000114861:ENSG00000285708	false_fusion	100GB	85%	FusionSeeker
2	negative	ENSG00000114861:ENSG00000285708	false_fusion	100GB	85%	FusionSeeker
2	negative	ENSG00000243147:ENSG00000158019	false_fusion	100GB	85%	FusionSeeker
2	negative	ENSG00000160712:ENSG00000099341	false_fusion	100GB	85%	FusionSeeker
2	negative	ENSG00000171863:ENSG00000262651	false_fusion	100GB	85%	FusionSeeker
2	negative	ENSG00000091513:ENSG00000008083	false_fusion	100GB	85%	FusionSeeker
2	negative	ENSG00000258790:ENSG00000183878	false_fusion	100GB	85%	FusionSeeker
2	negative	ENSG00000087086:ENSG00000197099	false_fusion	100GB	85%	FusionSeeker
2	negative	ENSG00000152767:ENSG00000087086	false_fusion	100GB	85%	FusionSeeker
4	negative	ENSG00000147604:ENSG00000130224	false_fusion	100GB	85%	FusionSeeker
2	negative	ENSG00000236141:ENSG00000256637	false_fusion:Sense-Antisense	100GB	85%	FusionSeeker
2	negative	ENSG00000088926:ENSG00000251165	false_fusion	100GB	85%	FusionSeeker
2	negative	ENSG00000125835:ENSG00000163631	false_fusion	100GB	85%	FusionSeeker
4	negative	ENSG00000290945:ENSG00000163682	false_fusion	100GB	85%	FusionSeeker
2	negative	ENSG00000137818:ENSG00000218175	false_fusion	100GB	85%	FusionSeeker
2	negative	ENSG00000169621:ENSG00000090054	false_fusion	100GB	85%	FusionSeeker
4	negative	ENSG00000188460:ENSG00000075624	false_fusion	100GB	85%	FusionSeeker
3	negative	ENSG00000164253:ENSG00000147604	false_fusion	100GB	85%	FusionSeeker
2	negative	ENSG00000167526:ENSG00000215030	false_fusion	100GB	85%	FusionSeeker
3	negative	ENSG00000138311:ENSG00000285837	false_fusion	100GB	85%	FusionSeeker
2	negative	ENSG00000177954:ENSG00000077157	false_fusion	100GB	85%	FusionSeeker
3	negative	ENSG00000285982:ENSG00000176406	false_fusion:Sense-Antisense	100GB	85%	FusionSeeker
2	negative	ENSG00000169084:ENSG00000292338	false_fusion	100GB	85%	FusionSeeker
2	negative	ENSG00000169084:ENSG00000292338	false_fusion	100GB	85%	FusionSeeker
2	negative	ENSG00000197756:ENSG00000198899	false_fusion:mitochondrial_genomic	100GB	85%	FusionSeeker
4	negative	ENSG00000196531:ENSG00000121089	false_fusion	100GB	85%	FusionSeeker
3	negative	ENSG00000091513:ENSG00000158623	false_fusion	100GB	85%	FusionSeeker
2	negative	ENSG00000231500:ENSG00000241204	false_fusion	100GB	85%	FusionSeeker
9	negative	ENSG00000171451:ENSG00000265533	false_fusion	100GB	85%	FusionSeeker
2	negative	ENSG00000236312:ENSG00000109475	false_fusion	100GB	85%	FusionSeeker
2	negative	ENSG00000232678:ENSG00000090054	false_fusion	100GB	85%	FusionSeeker
4	negative	ENSG00000219545:ENSG00000283549	false_fusion	100GB	85%	FusionSeeker
2	negative	ENSG00000197249:ENSG00000131469	false_fusion	100GB	85%	FusionSeeker
2	negative	ENSG00000232965:ENSG00000112306	false_fusion	100GB	85%	FusionSeeker
5	negative	ENSG00000149273:ENSG00000172264	false_fusion	100GB	85%	FusionSeeker
3	negative	ENSG00000239223:ENSG00000109475	false_fusion	100GB	85%	FusionSeeker
3	negative	ENSG00000168675:ENSG00000266954	false_fusion:Sense-Antisense	100GB	85%	FusionSeeker
2	negative	ENSG00000243964:ENSG00000198242	false_fusion	100GB	85%	FusionSeeker
2	negative	ENSG00000149273:ENSG00000100316	false_fusion	100GB	85%	FusionSeeker
2	negative	ENSG00000105372:ENSG00000081051	false_fusion	100GB	85%	FusionSeeker
5	negative	ENSG00000131469:ENSG00000143951	false_fusion	100GB	85%	FusionSeeker
2	negative	ENSG00000231500:ENSG00000211459	false_fusion:mitochondrial_genomic	100GB	85%	FusionSeeker
3	negative	ENSG00000286353:ENSG00000157445	false_fusion:Sense-Antisense	100GB	85%	FusionSeeker
2	negative	ENSG00000289228:ENSG00000091513	false_fusion	100GB	85%	FusionSeeker
2	negative	ENSG00000166262:ENSG00000091513	false_fusion	100GB	85%	FusionSeeker
2	negative	ENSG00000165434:ENSG00000258344	false_fusion	100GB	85%	FusionSeeker
5	negative	ENSG00000243742:ENSG00000089157	false_fusion	100GB	85%	FusionSeeker
2	negative	ENSG00000167526:ENSG00000170315	false_fusion	100GB	85%	FusionSeeker
3	negative	ENSG00000162244:ENSG00000196376	false_fusion	100GB	85%	FusionSeeker
2	negative	ENSG00000223653:ENSG00000153904	false_fusion	100GB	85%	FusionSeeker
2	negative	ENSG00000197959:ENSG00000137818	false_fusion	100GB	85%	FusionSeeker
2	negative	ENSG00000229956:ENSG00000172260	false_fusion	100GB	85%	FusionSeeker
2	negative	ENSG00000280721:ENSG00000172965	false_fusion	100GB	85%	FusionSeeker
9	negative	ENSG00000266602:ENSG00000263745	false_fusion:Sense-Antisense	100GB	85%	FusionSeeker
6	negative	ENSG00000172380:ENSG00000232284	false_fusion	100GB	85%	FusionSeeker
4	negative	ENSG00000197249:ENSG00000171863	false_fusion	100GB	85%	FusionSeeker
2	negative	ENSG00000142937:ENSG00000197756	false_fusion	100GB	85%	FusionSeeker
4	negative	ENSG00000225339:ENSG00000136942	false_fusion	100GB	85%	FusionSeeker
2	negative	ENSG00000167996:ENSG00000103363	false_fusion	100GB	85%	FusionSeeker
4	negative	ENSG00000110328:ENSG00000101266	false_fusion	100GB	85%	FusionSeeker
2	negative	ENSG00000141564:ENSG00000071082	false_fusion	100GB	85%	FusionSeeker
2	negative	ENSG00000213741:ENSG00000196730	false_fusion	100GB	85%	FusionSeeker
3	negative	ENSG00000106399:ENSG00000283549	false_fusion:Sense-Antisense	100GB	85%	FusionSeeker
2	negative	ENSG00000227615:ENSG00000211459	false_fusion:mitochondrial_genomic	100GB	85%	FusionSeeker
2	negative	ENSG00000137818:ENSG00000071082	false_fusion	100GB	85%	FusionSeeker
2	negative	ENSG00000117394:ENSG00000167658	false_fusion	100GB	85%	FusionSeeker
2	negative	ENSG00000240567:ENSG00000204628	false_fusion	100GB	85%	FusionSeeker
2	negative	ENSG00000259245:ENSG00000259639	false_fusion:Sense-Antisense	100GB	85%	FusionSeeker
2	negative	ENSG00000167524:ENSG00000211459	false_fusion:mitochondrial_genomic	100GB	85%	FusionSeeker
2	negative	ENSG00000087086:ENSG00000147257	false_fusion	100GB	85%	FusionSeeker
2	negative	ENSG00000110497:ENSG00000105193	false_fusion	100GB	85%	FusionSeeker
2	negative	ENSG00000259340:ENSG00000123975	false_fusion	100GB	85%	FusionSeeker
2	negative	ENSG00000135314:ENSG00000104408	false_fusion	100GB	85%	FusionSeeker
2	negative	ENSG00000167996:ENSG00000254772	false_fusion	100GB	85%	FusionSeeker
2	negative	ENSG00000258289:ENSG00000163631	false_fusion	100GB	85%	FusionSeeker
3	negative	ENSG00000258344:ENSG00000230170	false_fusion	100GB	85%	FusionSeeker
2	negative	ENSG00000142541:ENSG00000211459	false_fusion:mitochondrial_genomic	100GB	85%	FusionSeeker
2	negative	ENSG00000196531:ENSG00000253506	false_fusion	100GB	85%	FusionSeeker
2	negative	ENSG00000111640:ENSG00000197099	false_fusion	100GB	85%	FusionSeeker
2	negative	ENSG00000138675:ENSG00000197826	false_fusion	100GB	85%	FusionSeeker
5	negative	ENSG00000099810:ENSG00000264545	false_fusion	100GB	85%	FusionSeeker
2	negative	ENSG00000180230:ENSG00000196531	false_fusion	100GB	85%	FusionSeeker
4	negative	ENSG00000231689:ENSG00000144366	false_fusion	100GB	85%	FusionSeeker
2	negative	ENSG00000171858:ENSG00000263327	false_fusion	100GB	85%	FusionSeeker
2	negative	ENSG00000254772:ENSG00000197249	false_fusion	100GB	85%	FusionSeeker
3	negative	ENSG00000282890:ENSG00000282998	false_fusion:Sense-Antisense	100GB	85%	FusionSeeker
2	negative	ENSG00000111877:ENSG00000253194	false_fusion:Sense-Antisense	100GB	85%	FusionSeeker
2	negative	ENSG00000107438:ENSG00000198712	false_fusion:mitochondrial_genomic	100GB	85%	FusionSeeker
2	negative	ENSG00000221983:ENSG00000198712	false_fusion:mitochondrial_genomic	100GB	85%	FusionSeeker
3	negative	ENSG00000286863:ENSG00000225087	false_fusion:Sense-Antisense	100GB	85%	FusionSeeker
2	negative	ENSG00000236764:ENSG00000112695	false_fusion	100GB	85%	FusionSeeker
2	negative	ENSG00000116668:ENSG00000226383	false_fusion	100GB	85%	FusionSeeker
2	negative	ENSG00000289497:ENSG00000044115	false_fusion	100GB	85%	FusionSeeker
4	negative	ENSG00000254772:ENSG00000211459	false_fusion:mitochondrial_genomic	100GB	85%	FusionSeeker
2	negative	ENSG00000148948:ENSG00000091513	false_fusion	100GB	85%	FusionSeeker
2	negative	ENSG00000075624:ENSG00000107077	false_fusion	100GB	85%	FusionSeeker
2	negative	ENSG00000116649:ENSG00000135744	false_fusion	100GB	85%	FusionSeeker
2	negative	ENSG00000130203:ENSG00000198712	false_fusion:mitochondrial_genomic	100GB	85%	FusionSeeker
2	negative	ENSG00000142676:ENSG00000271002	false_fusion	100GB	85%	FusionSeeker
5	negative	ENSG00000071082:ENSG00000219863	false_fusion	100GB	85%	FusionSeeker
3	negative	ENSG00000156103:ENSG00000253553	false_fusion:Sense-Antisense	100GB	85%	FusionSeeker
2	negative	ENSG00000167658:ENSG00000198712	false_fusion:mitochondrial_genomic	100GB	85%	FusionSeeker
3	negative	ENSG00000117598:ENSG00000232825	false_fusion	100GB	85%	FusionSeeker
2	negative	ENSG00000087086:ENSG00000100316	false_fusion	100GB	85%	FusionSeeker
2	negative	ENSG00000232412:ENSG00000101972	false_fusion	100GB	85%	FusionSeeker
2	negative	ENSG00000117139:ENSG00000127184	false_fusion	100GB	85%	FusionSeeker
2	negative	ENSG00000254612:ENSG00000105993	false_fusion	100GB	85%	FusionSeeker
2	negative	ENSG00000135333:ENSG00000287683	false_fusion:Sense-Antisense	100GB	85%	FusionSeeker
2	negative	ENSG00000130203:ENSG00000081051	false_fusion	100GB	85%	FusionSeeker
5	negative	ENSG00000233971:ENSG00000008988	false_fusion	100GB	85%	FusionSeeker
2	negative	ENSG00000213741:ENSG00000211459	false_fusion:mitochondrial_genomic	100GB	85%	FusionSeeker
2	negative	ENSG00000237173:ENSG00000177156	false_fusion	100GB	85%	FusionSeeker
2	negative	ENSG00000092199:ENSG00000187699	false_fusion	100GB	85%	FusionSeeker
3	negative	ENSG00000227615:ENSG00000112306	false_fusion	100GB	85%	FusionSeeker
2	negative	ENSG00000144674:ENSG00000187735	false_fusion	100GB	85%	FusionSeeker
2	negative	ENSG00000168894:ENSG00000156508	false_fusion	100GB	85%	FusionSeeker
2	negative	ENSG00000070366:ENSG00000050393	false_fusion	100GB	85%	FusionSeeker
2	negative	ENSG00000071082:ENSG00000224897	false_fusion	100GB	85%	FusionSeeker
2	negative	ENSG00000113369:ENSG00000281357	false_fusion	100GB	85%	FusionSeeker
2	negative	ENSG00000142937:ENSG00000142534	false_fusion	100GB	85%	FusionSeeker
2	negative	ENSG00000226608:ENSG00000211459	false_fusion:mitochondrial_genomic	100GB	85%	FusionSeeker
2	negative	ENSG00000158874:ENSG00000111640	false_fusion	100GB	85%	FusionSeeker
2	negative	ENSG00000071082:ENSG00000198804	false_fusion:mitochondrial_genomic	100GB	85%	FusionSeeker
3	negative	ENSG00000117153:ENSG00000258344	false_fusion	100GB	85%	FusionSeeker
4	negative	ENSG00000162244:ENSG00000066923	false_fusion	100GB	85%	FusionSeeker
2	negative	ENSG00000167996:ENSG00000211459	false_fusion:mitochondrial_genomic	100GB	85%	FusionSeeker
2	negative	ENSG00000233839:ENSG00000105372	false_fusion	100GB	85%	FusionSeeker
2	negative	ENSG00000057657:ENSG00000057663	false_fusion	100GB	85%	FusionSeeker
2	negative	ENSG00000074800:ENSG00000186197	false_fusion	100GB	85%	FusionSeeker
2	negative	ENSG00000285629:ENSG00000233707	false_fusion	100GB	85%	FusionSeeker
3	negative	ENSG00000152234:ENSG00000227682	false_fusion	100GB	85%	FusionSeeker
2	negative	ENSG00000139343:ENSG00000231878	false_fusion	100GB	85%	FusionSeeker
2	negative	ENSG00000179241:ENSG00000091513	false_fusion	100GB	85%	FusionSeeker
2	negative	ENSG00000130204:ENSG00000287151	false_fusion	100GB	85%	FusionSeeker
2	negative	ENSG00000101439:ENSG00000163631	false_fusion	100GB	85%	FusionSeeker
2	negative	ENSG00000286895:ENSG00000124562	false_fusion	100GB	85%	FusionSeeker
2	negative	ENSG00000185442:ENSG00000205581	false_fusion	100GB	85%	FusionSeeker
2	negative	ENSG00000137449:ENSG00000249252	false_fusion	100GB	85%	FusionSeeker
2	negative	ENSG00000158874:ENSG00000145425	false_fusion	100GB	85%	FusionSeeker
2	negative	ENSG00000181163:ENSG00000198947	false_fusion	100GB	85%	FusionSeeker
2	negative	ENSG00000111328:ENSG00000213774	false_fusion	100GB	85%	FusionSeeker
2	negative	ENSG00000071082:ENSG00000229949	false_fusion	100GB	85%	FusionSeeker
2	negative	ENSG00000218305:ENSG00000081377	false_fusion	100GB	85%	FusionSeeker
2	negative	ENSG00000150471:ENSG00000112306	false_fusion	100GB	85%	FusionSeeker
2	negative	ENSG00000117598:ENSG00000235264	false_fusion	100GB	85%	FusionSeeker
2	negative	ENSG00000268981:ENSG00000109475	false_fusion	100GB	85%	FusionSeeker
2	negative	ENSG00000219391:ENSG00000070756	false_fusion	100GB	85%	FusionSeeker
70	negative	ENSG00000235665:ENSG00000236790	false_fusion	100GB	90%	FusionSeeker
18	negative	ENSG00000258561:ENSG00000171723	false_fusion:Sense-Antisense	100GB	90%	FusionSeeker
5	negative	ENSG00000258561:ENSG00000171723	false_fusion:Sense-Antisense	100GB	90%	FusionSeeker
5	negative	ENSG00000258561:ENSG00000171723	false_fusion:Sense-Antisense	100GB	90%	FusionSeeker
3	negative	ENSG00000258561:ENSG00000171723	false_fusion:Sense-Antisense	100GB	90%	FusionSeeker
240	negative	ENSG00000247416:ENSG00000149294	false_fusion:Sense-Antisense	100GB	90%	FusionSeeker
34	negative	ENSG00000247416:ENSG00000149294	false_fusion:Sense-Antisense	100GB	90%	FusionSeeker
26	negative	ENSG00000247416:ENSG00000149294	false_fusion:Sense-Antisense	100GB	90%	FusionSeeker
2	negative	ENSG00000197249:ENSG00000167526	false_fusion	100GB	90%	FusionSeeker
412	negative	ENSG00000227028:ENSG00000183023	false_fusion	100GB	90%	FusionSeeker
15	negative	ENSG00000227028:ENSG00000183023	false_fusion	100GB	90%	FusionSeeker
7	negative	ENSG00000227028:ENSG00000183023	false_fusion	100GB	90%	FusionSeeker
5	negative	ENSG00000227028:ENSG00000183023	false_fusion	100GB	90%	FusionSeeker
64	negative	ENSG00000230590:ENSG00000273974	false_fusion:Sense-Antisense	100GB	90%	FusionSeeker
18	negative	ENSG00000230590:ENSG00000273974	false_fusion:Sense-Antisense	100GB	90%	FusionSeeker
7	negative	ENSG00000230590:ENSG00000273974	false_fusion:Sense-Antisense	100GB	90%	FusionSeeker
2	negative	ENSG00000197958:ENSG00000211459	false_fusion:mitochondrial_genomic	100GB	90%	FusionSeeker
74	negative	ENSG00000260971:ENSG00000284686	false_fusion	100GB	90%	FusionSeeker
27	negative	ENSG00000260971:ENSG00000284686	false_fusion	100GB	90%	FusionSeeker
21	negative	ENSG00000260971:ENSG00000284686	false_fusion	100GB	90%	FusionSeeker
5	negative	ENSG00000257345:ENSG00000257322	false_fusion:Sense-Antisense	100GB	90%	FusionSeeker
42	negative	ENSG00000108684:ENSG00000263571	false_fusion:Sense-Antisense	100GB	90%	FusionSeeker
156	negative	ENSG00000260364:ENSG00000261742	false_fusion:Sense-Antisense	100GB	90%	FusionSeeker
2	negative	ENSG00000078328:ENSG00000284731	false_fusion	100GB	90%	FusionSeeker
35	negative	ENSG00000286749:ENSG00000249484	false_fusion:Sense-Antisense	100GB	90%	FusionSeeker
49	negative	ENSG00000161091:ENSG00000171863	false_fusion	100GB	90%	FusionSeeker
635	negative	ENSG00000285216:ENSG00000285219	false_fusion	100GB	90%	FusionSeeker
395	negative	ENSG00000285216:ENSG00000285219	false_fusion	100GB	90%	FusionSeeker
209	negative	ENSG00000285216:ENSG00000285219	false_fusion	100GB	90%	FusionSeeker
190	negative	ENSG00000285216:ENSG00000285219	false_fusion	100GB	90%	FusionSeeker
108	negative	ENSG00000285216:ENSG00000285219	false_fusion	100GB	90%	FusionSeeker
88	negative	ENSG00000285216:ENSG00000285219	false_fusion	100GB	90%	FusionSeeker
69	negative	ENSG00000285216:ENSG00000285219	false_fusion	100GB	90%	FusionSeeker
74	negative	ENSG00000285216:ENSG00000285219	false_fusion	100GB	90%	FusionSeeker
41	negative	ENSG00000285216:ENSG00000285219	false_fusion	100GB	90%	FusionSeeker
47	negative	ENSG00000285216:ENSG00000285219	false_fusion	100GB	90%	FusionSeeker
33	negative	ENSG00000285216:ENSG00000285219	false_fusion	100GB	90%	FusionSeeker
29	negative	ENSG00000285216:ENSG00000285219	false_fusion	100GB	90%	FusionSeeker
19	negative	ENSG00000285216:ENSG00000285219	false_fusion	100GB	90%	FusionSeeker
15	negative	ENSG00000285216:ENSG00000285219	false_fusion	100GB	90%	FusionSeeker
35	negative	ENSG00000285216:ENSG00000285219	false_fusion	100GB	90%	FusionSeeker
6	negative	ENSG00000285216:ENSG00000285219	false_fusion	100GB	90%	FusionSeeker
10	negative	ENSG00000285216:ENSG00000285219	false_fusion	100GB	90%	FusionSeeker
4	negative	ENSG00000285216:ENSG00000285219	false_fusion	100GB	90%	FusionSeeker
4	negative	ENSG00000285216:ENSG00000285219	false_fusion	100GB	90%	FusionSeeker
3	negative	ENSG00000285216:ENSG00000285219	false_fusion	100GB	90%	FusionSeeker
2	negative	ENSG00000285216:ENSG00000285219	false_fusion	100GB	90%	FusionSeeker
2	negative	ENSG00000285216:ENSG00000285219	false_fusion	100GB	90%	FusionSeeker
32	negative	ENSG00000259905:ENSG00000286110	false_fusion	100GB	90%	FusionSeeker
39	negative	ENSG00000270959:ENSG00000145012	false_fusion	100GB	90%	FusionSeeker
43	negative	ENSG00000266602:ENSG00000263745	false_fusion:Sense-Antisense	100GB	90%	FusionSeeker
25	negative	ENSG00000243243:ENSG00000105971	false_fusion:Sense-Antisense	100GB	90%	FusionSeeker
4	negative	ENSG00000156508:ENSG00000198938	false_fusion:mitochondrial_genomic	100GB	90%	FusionSeeker
45	negative	ENSG00000047936:ENSG00000282218	false_fusion	100GB	90%	FusionSeeker
33	negative	ENSG00000145216:ENSG00000134853	false_fusion	100GB	90%	FusionSeeker
3	negative	ENSG00000246859:ENSG00000236654	false_fusion	100GB	90%	FusionSeeker
24	negative	ENSG00000283563:ENSG00000144642	false_fusion	100GB	90%	FusionSeeker
10	negative	ENSG00000283563:ENSG00000144642	false_fusion	100GB	90%	FusionSeeker
4	negative	ENSG00000283563:ENSG00000144642	false_fusion	100GB	90%	FusionSeeker
2	negative	ENSG00000283563:ENSG00000144642	false_fusion	100GB	90%	FusionSeeker
86	negative	ENSG00000187398:ENSG00000283563	false_fusion	100GB	90%	FusionSeeker
3	negative	ENSG00000187398:ENSG00000283563	false_fusion	100GB	90%	FusionSeeker
2	negative	ENSG00000187398:ENSG00000283563	false_fusion	100GB	90%	FusionSeeker
57	negative	ENSG00000129159:ENSG00000129158	false_fusion	100GB	90%	FusionSeeker
5	negative	ENSG00000129159:ENSG00000129158	false_fusion	100GB	90%	FusionSeeker
38	negative	ENSG00000013503:ENSG00000257545	false_fusion:Sense-Antisense	100GB	90%	FusionSeeker
26	negative	ENSG00000013503:ENSG00000257545	false_fusion:Sense-Antisense	100GB	90%	FusionSeeker
6	negative	ENSG00000149273:ENSG00000198673	false_fusion	100GB	90%	FusionSeeker
2	negative	ENSG00000149273:ENSG00000198673	false_fusion	100GB	90%	FusionSeeker
2	negative	ENSG00000108298:ENSG00000211459	false_fusion:mitochondrial_genomic	100GB	90%	FusionSeeker
6	negative	ENSG00000258344:ENSG00000155744	false_fusion	100GB	90%	FusionSeeker
2	negative	ENSG00000213741:ENSG00000273259	false_fusion	100GB	90%	FusionSeeker
52	negative	ENSG00000187398:ENSG00000144642	false_fusion	100GB	90%	FusionSeeker
54	negative	ENSG00000278177:ENSG00000183098	false_fusion:Sense-Antisense	100GB	90%	FusionSeeker
2	negative	ENSG00000273259:ENSG00000156508	false_fusion	100GB	90%	FusionSeeker
2	negative	ENSG00000197099:ENSG00000211459	false_fusion:mitochondrial_genomic	100GB	90%	FusionSeeker
52	negative	ENSG00000234224:ENSG00000242593	false_fusion:Sense-Antisense	100GB	90%	FusionSeeker
4	negative	ENSG00000234224:ENSG00000242593	false_fusion:Sense-Antisense	100GB	90%	FusionSeeker
2	negative	ENSG00000234224:ENSG00000242593	false_fusion:Sense-Antisense	100GB	90%	FusionSeeker
284	negative	ENSG00000285971:ENSG00000185942	false_fusion:Sense-Antisense	100GB	90%	FusionSeeker
21	negative	ENSG00000264031:ENSG00000176927	false_fusion	100GB	90%	FusionSeeker
3	negative	ENSG00000224968:ENSG00000227579	false_fusion:Sense-Antisense	100GB	90%	FusionSeeker
63	negative	ENSG00000249797:ENSG00000250891	false_fusion	100GB	90%	FusionSeeker
36	negative	ENSG00000249797:ENSG00000250891	false_fusion	100GB	90%	FusionSeeker
30	negative	ENSG00000249797:ENSG00000250891	false_fusion	100GB	90%	FusionSeeker
22	negative	ENSG00000249797:ENSG00000250891	false_fusion	100GB	90%	FusionSeeker
2	negative	ENSG00000249797:ENSG00000250891	false_fusion	100GB	90%	FusionSeeker
119	negative	ENSG00000122406:ENSG00000117598	false_fusion	100GB	90%	FusionSeeker
4	negative	ENSG00000122406:ENSG00000117598	false_fusion	100GB	90%	FusionSeeker
2	negative	ENSG00000197249:ENSG00000156508	false_fusion	100GB	90%	FusionSeeker
231	negative	ENSG00000283228:ENSG00000182389	false_fusion	100GB	90%	FusionSeeker
37	negative	ENSG00000128918:ENSG00000166035	false_fusion	100GB	90%	FusionSeeker
30	negative	ENSG00000128918:ENSG00000166035	false_fusion	100GB	90%	FusionSeeker
29	negative	ENSG00000250855:ENSG00000249815	false_fusion:Sense-Antisense	100GB	90%	FusionSeeker
24	negative	ENSG00000287921:ENSG00000183780	false_fusion:Sense-Antisense	100GB	90%	FusionSeeker
31	negative	ENSG00000145808:ENSG00000251680	false_fusion:Sense-Antisense	100GB	90%	FusionSeeker
28	negative	ENSG00000231252:ENSG00000162599	false_fusion:Sense-Antisense	100GB	90%	FusionSeeker
102	negative	ENSG00000138185:ENSG00000226688	false_fusion	100GB	90%	FusionSeeker
200	negative	ENSG00000141376:ENSG00000267131	false_fusion:Sense-Antisense	100GB	90%	FusionSeeker
4	negative	ENSG00000156508:ENSG00000211459	false_fusion:mitochondrial_genomic	100GB	90%	FusionSeeker
25	negative	ENSG00000101384:ENSG00000270792	false_fusion:Sense-Antisense	100GB	90%	FusionSeeker
93	negative	ENSG00000106066:ENSG00000106069	false_fusion	100GB	90%	FusionSeeker
21	negative	ENSG00000106066:ENSG00000106069	false_fusion	100GB	90%	FusionSeeker
2	negative	ENSG00000106066:ENSG00000106069	false_fusion	100GB	90%	FusionSeeker
3	negative	ENSG00000233098:ENSG00000091513	false_fusion	100GB	90%	FusionSeeker
34	negative	ENSG00000013297:ENSG00000285218	false_fusion	100GB	90%	FusionSeeker
4	negative	ENSG00000223786:ENSG00000272243	false_fusion:Sense-Antisense	100GB	90%	FusionSeeker
18	negative	ENSG00000232573:ENSG00000100316	false_fusion	100GB	90%	FusionSeeker
2	negative	ENSG00000131469:ENSG00000156508	false_fusion	100GB	90%	FusionSeeker
11	negative	ENSG00000257842:ENSG00000258081	false_fusion	100GB	90%	FusionSeeker
7	negative	ENSG00000257842:ENSG00000258081	false_fusion	100GB	90%	FusionSeeker
26	negative	ENSG00000221947:ENSG00000285579	false_fusion	100GB	90%	FusionSeeker
44	negative	ENSG00000166268:ENSG00000257815	false_fusion	100GB	90%	FusionSeeker
35	negative	ENSG00000258483:ENSG00000259199	false_fusion:Sense-Antisense	100GB	90%	FusionSeeker
2	negative	ENSG00000172264:ENSG00000286546	false_fusion:Sense-Antisense	100GB	90%	FusionSeeker
6	negative	ENSG00000131374:ENSG00000164715	false_fusion	100GB	90%	FusionSeeker
4	negative	ENSG00000131374:ENSG00000164715	false_fusion	100GB	90%	FusionSeeker
36	negative	ENSG00000053254:ENSG00000259053	false_fusion	100GB	90%	FusionSeeker
39	negative	ENSG00000173077:ENSG00000228714	false_fusion:Sense-Antisense	100GB	90%	FusionSeeker
31	negative	ENSG00000248238:ENSG00000248515	false_fusion:Sense-Antisense	100GB	90%	FusionSeeker
7	negative	ENSG00000248238:ENSG00000248515	false_fusion:Sense-Antisense	100GB	90%	FusionSeeker
20	negative	ENSG00000085871:ENSG00000196782	false_fusion	100GB	90%	FusionSeeker
3	negative	ENSG00000142541:ENSG00000198938	false_fusion:mitochondrial_genomic	100GB	90%	FusionSeeker
14	negative	ENSG00000231304:ENSG00000282987	false_fusion:Sense-Antisense	100GB	90%	FusionSeeker
3	negative	ENSG00000233642:ENSG00000151025	false_fusion	100GB	90%	FusionSeeker
4	negative	ENSG00000229647:ENSG00000223725	false_fusion:Sense-Antisense	100GB	90%	FusionSeeker
24	negative	ENSG00000166441:ENSG00000213121	false_fusion	100GB	90%	FusionSeeker
41	negative	ENSG00000285082:ENSG00000284977	false_fusion	100GB	90%	FusionSeeker
29	negative	ENSG00000285082:ENSG00000284977	false_fusion	100GB	90%	FusionSeeker
2	negative	ENSG00000285082:ENSG00000284977	false_fusion	100GB	90%	FusionSeeker
101	negative	ENSG00000286577:ENSG00000185261	false_fusion:Sense-Antisense	100GB	90%	FusionSeeker
2	negative	ENSG00000133112:ENSG00000156508	false_fusion	100GB	90%	FusionSeeker
4	negative	ENSG00000158874:ENSG00000211459	false_fusion:mitochondrial_genomic	100GB	90%	FusionSeeker
2	negative	ENSG00000176124:ENSG00000236204	false_fusion	100GB	90%	FusionSeeker
41	negative	ENSG00000139287:ENSG00000072657	false_fusion	100GB	90%	FusionSeeker
5	negative	ENSG00000099797:ENSG00000172493	false_fusion	100GB	90%	FusionSeeker
36	negative	ENSG00000260706:ENSG00000259867	false_fusion:Sense-Antisense	100GB	90%	FusionSeeker
26	negative	ENSG00000260706:ENSG00000259867	false_fusion:Sense-Antisense	100GB	90%	FusionSeeker
34	negative	ENSG00000159147:ENSG00000249209	false_fusion	100GB	90%	FusionSeeker
16	negative	ENSG00000285783:ENSG00000164162	false_fusion	100GB	90%	FusionSeeker
2	negative	ENSG00000197249:ENSG00000091513	false_fusion	100GB	90%	FusionSeeker
2	negative	ENSG00000236552:ENSG00000091513	false_fusion	100GB	90%	FusionSeeker
146	negative	ENSG00000285550:ENSG00000267337	false_fusion:Sense-Antisense	100GB	90%	FusionSeeker
39	negative	ENSG00000285550:ENSG00000267337	false_fusion:Sense-Antisense	100GB	90%	FusionSeeker
26	negative	ENSG00000248049:ENSG00000198092	false_fusion	100GB	90%	FusionSeeker
2	negative	ENSG00000248049:ENSG00000198092	false_fusion	100GB	90%	FusionSeeker
2	negative	ENSG00000273259:ENSG00000091513	false_fusion	100GB	90%	FusionSeeker
2	negative	ENSG00000173436:ENSG00000164587	false_fusion	100GB	90%	FusionSeeker
17	negative	ENSG00000171451:ENSG00000265533	false_fusion	100GB	90%	FusionSeeker
28	negative	ENSG00000237461:ENSG00000255145	false_fusion	100GB	90%	FusionSeeker
19	negative	ENSG00000137449:ENSG00000249252	false_fusion	100GB	90%	FusionSeeker
2	negative	ENSG00000132386:ENSG00000100316	false_fusion	100GB	90%	FusionSeeker
26	negative	ENSG00000115762:ENSG00000284604	false_fusion	100GB	90%	FusionSeeker
2	negative	ENSG00000091513:ENSG00000211459	false_fusion:mitochondrial_genomic	100GB	90%	FusionSeeker
2	negative	ENSG00000118137:ENSG00000198727	false_fusion:mitochondrial_genomic	100GB	90%	FusionSeeker
7	negative	ENSG00000286622:ENSG00000175806	false_fusion:Sense-Antisense	100GB	90%	FusionSeeker
59	negative	ENSG00000178464:ENSG00000147403	false_fusion	100GB	90%	FusionSeeker
15	negative	ENSG00000136160:ENSG00000234377	false_fusion	100GB	90%	FusionSeeker
2	negative	ENSG00000172965:ENSG00000285016	false_fusion	100GB	90%	FusionSeeker
26	negative	ENSG00000248511:ENSG00000152208	false_fusion:Sense-Antisense	100GB	90%	FusionSeeker
38	negative	ENSG00000283098:ENSG00000258661	false_fusion:Sense-Antisense	100GB	90%	FusionSeeker
24	negative	ENSG00000286147:ENSG00000155011	false_fusion:Sense-Antisense	100GB	90%	FusionSeeker
21	negative	ENSG00000286147:ENSG00000155011	false_fusion:Sense-Antisense	100GB	90%	FusionSeeker
31	negative	ENSG00000285673:ENSG00000271955	false_fusion:Sense-Antisense	100GB	90%	FusionSeeker
35	negative	ENSG00000007372:ENSG00000285283	false_fusion:Sense-Antisense	100GB	90%	FusionSeeker
5	negative	ENSG00000007372:ENSG00000285283	false_fusion:Sense-Antisense	100GB	90%	FusionSeeker
2	negative	ENSG00000111640:ENSG00000091513	false_fusion	100GB	90%	FusionSeeker
2	negative	ENSG00000286353:ENSG00000157445	false_fusion:Sense-Antisense	100GB	90%	FusionSeeker
17	negative	ENSG00000258583:ENSG00000071082	false_fusion	100GB	90%	FusionSeeker
2	negative	ENSG00000126698:ENSG00000204138	false_fusion	100GB	90%	FusionSeeker
2	negative	ENSG00000074800:ENSG00000197099	false_fusion	100GB	90%	FusionSeeker
3	negative	ENSG00000260192:ENSG00000248752	false_fusion:Sense-Antisense	100GB	90%	FusionSeeker
16	negative	ENSG00000283839:ENSG00000170396	false_fusion:Sense-Antisense	100GB	90%	FusionSeeker
22	negative	ENSG00000219545:ENSG00000283549	false_fusion	100GB	90%	FusionSeeker
2	negative	ENSG00000166794:ENSG00000167526	false_fusion	100GB	90%	FusionSeeker
19	negative	ENSG00000168288:ENSG00000231969	false_fusion	100GB	90%	FusionSeeker
18	negative	ENSG00000168288:ENSG00000231969	false_fusion	100GB	90%	FusionSeeker
4	negative	ENSG00000071082:ENSG00000213849	false_fusion	100GB	90%	FusionSeeker
2	negative	ENSG00000204628:ENSG00000156508	false_fusion	100GB	90%	FusionSeeker
35	negative	ENSG00000091164:ENSG00000091157	false_fusion	100GB	90%	FusionSeeker
36	negative	ENSG00000236708:ENSG00000146555	false_fusion	100GB	90%	FusionSeeker
22	negative	ENSG00000179915:ENSG00000231918	false_fusion:Sense-Antisense	100GB	90%	FusionSeeker
6	negative	ENSG00000179915:ENSG00000231918	false_fusion:Sense-Antisense	100GB	90%	FusionSeeker
2	negative	ENSG00000179915:ENSG00000231918	false_fusion:Sense-Antisense	100GB	90%	FusionSeeker
2	negative	ENSG00000179915:ENSG00000231918	false_fusion:Sense-Antisense	100GB	90%	FusionSeeker
16	negative	ENSG00000244265:ENSG00000239265	false_fusion	100GB	90%	FusionSeeker
51	negative	ENSG00000254180:ENSG00000253394	false_fusion:Sense-Antisense	100GB	90%	FusionSeeker
4	negative	ENSG00000254180:ENSG00000253394	false_fusion:Sense-Antisense	100GB	90%	FusionSeeker
66	negative	ENSG00000102174:ENSG00000289084	false_fusion:Sense-Antisense	100GB	90%	FusionSeeker
3	negative	ENSG00000102174:ENSG00000289084	false_fusion:Sense-Antisense	100GB	90%	FusionSeeker
2	negative	ENSG00000102174:ENSG00000289084	false_fusion:Sense-Antisense	100GB	90%	FusionSeeker
7	negative	ENSG00000233913:ENSG00000147403	false_fusion	100GB	90%	FusionSeeker
33	negative	ENSG00000197584:ENSG00000237978	false_fusion	100GB	90%	FusionSeeker
30	negative	ENSG00000182667:ENSG00000183715	false_fusion	100GB	90%	FusionSeeker
22	negative	ENSG00000182667:ENSG00000183715	false_fusion	100GB	90%	FusionSeeker
2	negative	ENSG00000111640:ENSG00000156508	false_fusion	100GB	90%	FusionSeeker
4	negative	ENSG00000144451:ENSG00000197585	false_fusion:Sense-Antisense	100GB	90%	FusionSeeker
2	negative	ENSG00000144451:ENSG00000197585	false_fusion:Sense-Antisense	100GB	90%	FusionSeeker
6	negative	ENSG00000213942:ENSG00000071082	false_fusion	100GB	90%	FusionSeeker
11	negative	ENSG00000267104:ENSG00000289809	false_fusion	100GB	90%	FusionSeeker
18	negative	ENSG00000172264:ENSG00000235914	false_fusion	100GB	90%	FusionSeeker
3	negative	ENSG00000172264:ENSG00000235914	false_fusion	100GB	90%	FusionSeeker
2	negative	ENSG00000114861:ENSG00000285708	false_fusion	100GB	90%	FusionSeeker
44	negative	ENSG00000287700:ENSG00000233928	false_fusion:Sense-Antisense	100GB	90%	FusionSeeker
6	negative	ENSG00000287700:ENSG00000233928	false_fusion:Sense-Antisense	100GB	90%	FusionSeeker
4	negative	ENSG00000287700:ENSG00000233928	false_fusion:Sense-Antisense	100GB	90%	FusionSeeker
2	negative	ENSG00000287700:ENSG00000233928	false_fusion:Sense-Antisense	100GB	90%	FusionSeeker
2	negative	ENSG00000259245:ENSG00000259639	false_fusion:Sense-Antisense	100GB	90%	FusionSeeker
3	negative	ENSG00000118137:ENSG00000197249	false_fusion	100GB	90%	FusionSeeker
33	negative	ENSG00000285844:ENSG00000185760	false_fusion	100GB	90%	FusionSeeker
3	negative	ENSG00000247572:ENSG00000112306	false_fusion	100GB	90%	FusionSeeker
30	negative	ENSG00000135269:ENSG00000237813	false_fusion:Sense-Antisense	100GB	90%	FusionSeeker
23	negative	ENSG00000131374:ENSG00000182568	false_fusion	100GB	90%	FusionSeeker
12	negative	ENSG00000118507:ENSG00000290067	false_fusion:Sense-Antisense	100GB	90%	FusionSeeker
32	negative	ENSG00000153093:ENSG00000172965	false_fusion	100GB	90%	FusionSeeker
24	negative	ENSG00000099810:ENSG00000264545	false_fusion	100GB	90%	FusionSeeker
24	negative	ENSG00000233928:ENSG00000233571	false_fusion:Sense-Antisense	100GB	90%	FusionSeeker
2	negative	ENSG00000197249:ENSG00000198918	false_fusion	100GB	90%	FusionSeeker
2	negative	ENSG00000211459:ENSG00000198804	false_fusion:mitochondrial	100GB	90%	FusionSeeker
2	negative	ENSG00000284722:ENSG00000181163	false_fusion	100GB	90%	FusionSeeker
2	negative	ENSG00000197249:ENSG00000197099	false_fusion	100GB	90%	FusionSeeker
10	negative	ENSG00000245384:ENSG00000248242	false_fusion:Sense-Antisense	100GB	90%	FusionSeeker
2	negative	ENSG00000089157:ENSG00000163993	false_fusion	100GB	90%	FusionSeeker
5	negative	ENSG00000172809:ENSG00000227088	false_fusion	100GB	90%	FusionSeeker
4	negative	ENSG00000258344:ENSG00000141441	false_fusion	100GB	90%	FusionSeeker
2	negative	ENSG00000131469:ENSG00000197099	false_fusion	100GB	90%	FusionSeeker
2	negative	ENSG00000105989:ENSG00000001626	false_fusion	100GB	90%	FusionSeeker
3	negative	ENSG00000177600:ENSG00000089157	false_fusion	100GB	90%	FusionSeeker
2	negative	ENSG00000149273:ENSG00000156508	false_fusion	100GB	90%	FusionSeeker
2	negative	ENSG00000156508:ENSG00000156482	false_fusion	100GB	90%	FusionSeeker
2	negative	ENSG00000145425:ENSG00000196205	false_fusion	100GB	90%	FusionSeeker
2	negative	ENSG00000236552:ENSG00000149273	false_fusion	100GB	90%	FusionSeeker
2	negative	ENSG00000167524:ENSG00000101439	false_fusion	100GB	90%	FusionSeeker
10	negative	ENSG00000169946:ENSG00000251003	false_fusion	100GB	90%	FusionSeeker
3	negative	ENSG00000169946:ENSG00000251003	false_fusion	100GB	90%	FusionSeeker
7	negative	ENSG00000116668:ENSG00000226383	false_fusion	100GB	90%	FusionSeeker
3	negative	ENSG00000259572:ENSG00000259754	false_fusion:Sense-Antisense	100GB	90%	FusionSeeker
2	negative	ENSG00000188846:ENSG00000198727	false_fusion:mitochondrial_genomic	100GB	90%	FusionSeeker
29	negative	ENSG00000250167:ENSG00000145832	false_fusion	100GB	90%	FusionSeeker
2	negative	ENSG00000204628:ENSG00000211459	false_fusion:mitochondrial_genomic	100GB	90%	FusionSeeker
2	negative	ENSG00000100823:ENSG00000091513	false_fusion	100GB	90%	FusionSeeker
2	negative	ENSG00000091513:ENSG00000197099	false_fusion	100GB	90%	FusionSeeker
143	negative	ENSG00000187391:ENSG00000234456	false_fusion	100GB	90%	FusionSeeker
2	negative	ENSG00000167996:ENSG00000091513	false_fusion	100GB	90%	FusionSeeker
30	negative	ENSG00000130962:ENSG00000156298	false_fusion	100GB	90%	FusionSeeker
2	negative	ENSG00000254772:ENSG00000091513	false_fusion	100GB	90%	FusionSeeker
13	negative	ENSG00000102290:ENSG00000099715	false_fusion	100GB	90%	FusionSeeker
12	negative	ENSG00000102290:ENSG00000099715	false_fusion	100GB	90%	FusionSeeker
4	negative	ENSG00000102290:ENSG00000099715	false_fusion	100GB	90%	FusionSeeker
4	negative	ENSG00000102290:ENSG00000099715	false_fusion	100GB	90%	FusionSeeker
30	negative	ENSG00000068796:ENSG00000288643	false_fusion	100GB	90%	FusionSeeker
19	negative	ENSG00000172380:ENSG00000232284	false_fusion	100GB	90%	FusionSeeker
2	negative	ENSG00000131143:ENSG00000071082	false_fusion	100GB	90%	FusionSeeker
2	negative	ENSG00000101439:ENSG00000100316	false_fusion	100GB	90%	FusionSeeker
2	negative	ENSG00000133112:ENSG00000108679	false_fusion	100GB	90%	FusionSeeker
3	negative	ENSG00000285000:ENSG00000284762	false_fusion	100GB	90%	FusionSeeker
3	negative	ENSG00000156925:ENSG00000283692	false_fusion	100GB	90%	FusionSeeker
2	negative	ENSG00000197249:ENSG00000211459	false_fusion:mitochondrial_genomic	100GB	90%	FusionSeeker
2	negative	ENSG00000197249:ENSG00000211459	false_fusion:mitochondrial_genomic	100GB	90%	FusionSeeker
3	negative	ENSG00000290945:ENSG00000163682	false_fusion	100GB	90%	FusionSeeker
2	negative	ENSG00000167996:ENSG00000147257	false_fusion	100GB	90%	FusionSeeker
2	negative	ENSG00000167524:ENSG00000115268	false_fusion	100GB	90%	FusionSeeker
2	negative	ENSG00000232234:ENSG00000285216	false_fusion	100GB	90%	FusionSeeker
16	negative	ENSG00000246859:ENSG00000134986	false_fusion	100GB	90%	FusionSeeker
7	negative	ENSG00000246859:ENSG00000134986	false_fusion	100GB	90%	FusionSeeker
4	negative	ENSG00000183960:ENSG00000287069	false_fusion:Sense-Antisense	100GB	90%	FusionSeeker
6	negative	ENSG00000256879:ENSG00000172572	false_fusion	100GB	90%	FusionSeeker
2	negative	ENSG00000186854:ENSG00000091513	false_fusion	100GB	90%	FusionSeeker
5	negative	ENSG00000138311:ENSG00000285837	false_fusion	100GB	90%	FusionSeeker
2	negative	ENSG00000236552:ENSG00000197099	false_fusion	100GB	90%	FusionSeeker
2	negative	ENSG00000273259:ENSG00000105193	false_fusion	100GB	90%	FusionSeeker
6	negative	ENSG00000188580:ENSG00000236548	false_fusion	100GB	90%	FusionSeeker
6	negative	ENSG00000188580:ENSG00000236548	false_fusion	100GB	90%	FusionSeeker
6	negative	ENSG00000188580:ENSG00000236548	false_fusion	100GB	90%	FusionSeeker
3	negative	ENSG00000188580:ENSG00000236548	false_fusion	100GB	90%	FusionSeeker
2	negative	ENSG00000110955:ENSG00000197249	false_fusion	100GB	90%	FusionSeeker
4	negative	ENSG00000235605:ENSG00000115268	false_fusion	100GB	90%	FusionSeeker
3	negative	ENSG00000258537:ENSG00000139926	false_fusion	100GB	90%	FusionSeeker
8	negative	ENSG00000089157:ENSG00000231367	false_fusion	100GB	90%	FusionSeeker
4	negative	ENSG00000159023:ENSG00000131469	false_fusion	100GB	90%	FusionSeeker
2	negative	ENSG00000226415:ENSG00000111669	false_fusion	100GB	90%	FusionSeeker
18	negative	ENSG00000287744:ENSG00000130226	false_fusion:Sense-Antisense	100GB	90%	FusionSeeker
2	negative	ENSG00000287505:ENSG00000224957	false_fusion:Sense-Antisense	100GB	90%	FusionSeeker
2	negative	ENSG00000215472:ENSG00000186001	false_fusion	100GB	90%	FusionSeeker
2	negative	ENSG00000112306:ENSG00000198938	false_fusion:mitochondrial_genomic	100GB	90%	FusionSeeker
3	negative	ENSG00000198242:ENSG00000240567	false_fusion	100GB	90%	FusionSeeker
2	negative	ENSG00000197099:ENSG00000156508	false_fusion	100GB	90%	FusionSeeker
2	negative	ENSG00000197249:ENSG00000197756	false_fusion	100GB	90%	FusionSeeker
3	negative	ENSG00000243295:ENSG00000189283	false_fusion	100GB	90%	FusionSeeker
3	negative	ENSG00000243295:ENSG00000189283	false_fusion	100GB	90%	FusionSeeker
2	negative	ENSG00000243295:ENSG00000189283	false_fusion	100GB	90%	FusionSeeker
3	negative	ENSG00000251600:ENSG00000285783	false_fusion:Sense-Antisense	100GB	90%	FusionSeeker
9	negative	ENSG00000129515:ENSG00000105372	false_fusion	100GB	90%	FusionSeeker
2	negative	ENSG00000145592:ENSG00000198755	false_fusion	100GB	90%	FusionSeeker
2	negative	ENSG00000198242:ENSG00000236148	false_fusion	100GB	90%	FusionSeeker
2	negative	ENSG00000110076:ENSG00000091513	false_fusion	100GB	90%	FusionSeeker
2	negative	ENSG00000131469:ENSG00000128585	false_fusion	100GB	90%	FusionSeeker
5	negative	ENSG00000149273:ENSG00000228205	false_fusion	100GB	90%	FusionSeeker
4	negative	ENSG00000149273:ENSG00000172264	false_fusion	100GB	90%	FusionSeeker
4	negative	ENSG00000272180:ENSG00000271894	false_fusion	100GB	90%	FusionSeeker
11	negative	ENSG00000242527:ENSG00000197756	false_fusion	100GB	90%	FusionSeeker
8	negative	ENSG00000289465:ENSG00000137710	false_fusion	100GB	90%	FusionSeeker
21	negative	ENSG00000203727:ENSG00000227681	false_fusion	100GB	90%	FusionSeeker
2	negative	ENSG00000213741:ENSG00000081051	false_fusion	100GB	90%	FusionSeeker
2	negative	ENSG00000273259:ENSG00000181163	false_fusion	100GB	90%	FusionSeeker
2	negative	ENSG00000111640:ENSG00000197249	false_fusion	100GB	90%	FusionSeeker
5	negative	ENSG00000115947:ENSG00000204406	false_fusion	100GB	90%	FusionSeeker
2	negative	ENSG00000071082:ENSG00000147403	false_fusion	100GB	90%	FusionSeeker
2	negative	ENSG00000130203:ENSG00000197958	false_fusion	100GB	90%	FusionSeeker
6	negative	ENSG00000111231:ENSG00000071082	false_fusion	100GB	90%	FusionSeeker
2	negative	ENSG00000081051:ENSG00000137154	false_fusion	100GB	90%	FusionSeeker
3	negative	ENSG00000237356:ENSG00000259200	false_fusion	100GB	90%	FusionSeeker
3	negative	ENSG00000115268:ENSG00000233762	false_fusion	100GB	90%	FusionSeeker
2	negative	ENSG00000198888:ENSG00000198938	false_fusion:mitochondrial	100GB	90%	FusionSeeker
3	negative	ENSG00000196531:ENSG00000253506	false_fusion	100GB	90%	FusionSeeker
3	negative	ENSG00000263765:ENSG00000166960	false_fusion:Sense-Antisense	100GB	90%	FusionSeeker
7	negative	ENSG00000251600:ENSG00000164162	false_fusion	100GB	90%	FusionSeeker
2	negative	ENSG00000251600:ENSG00000164162	false_fusion	100GB	90%	FusionSeeker
4	negative	ENSG00000071082:ENSG00000250954	false_fusion	100GB	90%	FusionSeeker
2	negative	ENSG00000115268:ENSG00000204628	false_fusion	100GB	90%	FusionSeeker
2	negative	ENSG00000134986:ENSG00000236654	false_fusion	100GB	90%	FusionSeeker
2	negative	ENSG00000100075:ENSG00000156508	false_fusion	100GB	90%	FusionSeeker
2	negative	ENSG00000267223:ENSG00000198597	false_fusion:Sense-Antisense	100GB	90%	FusionSeeker
3	negative	ENSG00000232412:ENSG00000101972	false_fusion	100GB	90%	FusionSeeker
5	negative	ENSG00000176343:ENSG00000197756	false_fusion	100GB	90%	FusionSeeker
2	negative	ENSG00000224853:ENSG00000267374	false_fusion	100GB	90%	FusionSeeker
7	negative	ENSG00000130255:ENSG00000135250	false_fusion	100GB	90%	FusionSeeker
3	negative	ENSG00000258344:ENSG00000230170	false_fusion	100GB	90%	FusionSeeker
2	negative	ENSG00000131469:ENSG00000143951	false_fusion	100GB	90%	FusionSeeker
2	negative	ENSG00000133112:ENSG00000197099	false_fusion	100GB	90%	FusionSeeker
2	negative	ENSG00000118181:ENSG00000197249	false_fusion	100GB	90%	FusionSeeker
2	negative	ENSG00000214881:ENSG00000137210	false_fusion	100GB	90%	FusionSeeker
10	negative	ENSG00000186468:ENSG00000230629	false_fusion	100GB	90%	FusionSeeker
2	negative	ENSG00000071082:ENSG00000232612	false_fusion	100GB	90%	FusionSeeker
6	negative	ENSG00000106399:ENSG00000219545	false_fusion	100GB	90%	FusionSeeker
4	negative	ENSG00000106399:ENSG00000219545	false_fusion	100GB	90%	FusionSeeker
3	negative	ENSG00000106399:ENSG00000219545	false_fusion	100GB	90%	FusionSeeker
2	negative	ENSG00000167996:ENSG00000198938	false_fusion:mitochondrial_genomic	100GB	90%	FusionSeeker
2	negative	ENSG00000167526:ENSG00000211459	false_fusion:mitochondrial_genomic	100GB	90%	FusionSeeker
2	negative	ENSG00000158874:ENSG00000198888	false_fusion:mitochondrial_genomic	100GB	90%	FusionSeeker
2	negative	ENSG00000237173:ENSG00000177156	false_fusion	100GB	90%	FusionSeeker
2	negative	ENSG00000104529:ENSG00000196205	false_fusion	100GB	90%	FusionSeeker
2	negative	ENSG00000156103:ENSG00000253553	false_fusion:Sense-Antisense	100GB	90%	FusionSeeker
2	negative	ENSG00000167996:ENSG00000172757	false_fusion	100GB	90%	FusionSeeker
3	negative	ENSG00000226553:ENSG00000224063	false_fusion	100GB	90%	FusionSeeker
2	negative	ENSG00000204628:ENSG00000198938	false_fusion:mitochondrial_genomic	100GB	90%	FusionSeeker
2	negative	ENSG00000239559:ENSG00000145592	false_fusion	100GB	90%	FusionSeeker
2	negative	ENSG00000264449:ENSG00000154655	false_fusion:Sense-Antisense	100GB	90%	FusionSeeker
3	negative	ENSG00000198087:ENSG00000112306	false_fusion	100GB	90%	FusionSeeker
2	negative	ENSG00000167996:ENSG00000211459	false_fusion:mitochondrial_genomic	100GB	90%	FusionSeeker
2	negative	ENSG00000135333:ENSG00000287683	false_fusion:Sense-Antisense	100GB	90%	FusionSeeker
2	negative	ENSG00000164211:ENSG00000246859	false_fusion	100GB	90%	FusionSeeker
2	negative	ENSG00000142541:ENSG00000156508	false_fusion	100GB	90%	FusionSeeker
2	negative	ENSG00000213657:ENSG00000071082	false_fusion	100GB	90%	FusionSeeker
2	negative	ENSG00000197249:ENSG00000198888	false_fusion:mitochondrial_genomic	100GB	90%	FusionSeeker
2	negative	ENSG00000258289:ENSG00000071082	false_fusion	100GB	90%	FusionSeeker
12	negative	ENSG00000119599:ENSG00000130255	false_fusion	100GB	90%	FusionSeeker
2	negative	ENSG00000167524:ENSG00000091583	false_fusion	100GB	90%	FusionSeeker
3	negative	ENSG00000114391:ENSG00000181524	false_fusion	100GB	90%	FusionSeeker
2	negative	ENSG00000181163:ENSG00000204628	false_fusion	100GB	90%	FusionSeeker
4	negative	ENSG00000230386:ENSG00000179603	false_fusion	100GB	90%	FusionSeeker
2	negative	ENSG00000197249:ENSG00000198618	false_fusion	100GB	90%	FusionSeeker
2	negative	ENSG00000227615:ENSG00000112306	false_fusion	100GB	90%	FusionSeeker
2	negative	ENSG00000177600:ENSG00000156508	false_fusion	100GB	90%	FusionSeeker
2	negative	ENSG00000118137:ENSG00000231500	false_fusion	100GB	90%	FusionSeeker
4	negative	ENSG00000222041:ENSG00000153093	false_fusion	100GB	90%	FusionSeeker
2	negative	ENSG00000285043:ENSG00000156508	false_fusion	100GB	90%	FusionSeeker
2	negative	ENSG00000181163:ENSG00000211459	false_fusion:mitochondrial_genomic	100GB	90%	FusionSeeker
3	negative	ENSG00000162244:ENSG00000196376	false_fusion	100GB	90%	FusionSeeker
3	negative	ENSG00000115290:ENSG00000104408	false_fusion	100GB	90%	FusionSeeker
8	negative	ENSG00000226937:ENSG00000105372	false_fusion	100GB	90%	FusionSeeker
9	negative	ENSG00000165632:ENSG00000167526	false_fusion	100GB	90%	FusionSeeker
2	negative	ENSG00000156508:ENSG00000198840	false_fusion:mitochondrial_genomic	100GB	90%	FusionSeeker
5	negative	ENSG00000235743:ENSG00000289368	false_fusion:Sense-Antisense	100GB	90%	FusionSeeker
3	negative	ENSG00000235743:ENSG00000289368	false_fusion:Sense-Antisense	100GB	90%	FusionSeeker
3	negative	ENSG00000173406:ENSG00000258344	false_fusion	100GB	90%	FusionSeeker
2	negative	ENSG00000267374:ENSG00000250546	false_fusion	100GB	90%	FusionSeeker
2	negative	ENSG00000142534:ENSG00000198840	false_fusion:mitochondrial_genomic	100GB	90%	FusionSeeker
2	negative	ENSG00000198888:ENSG00000198712	false_fusion:mitochondrial	100GB	90%	FusionSeeker
3	negative	ENSG00000229272:ENSG00000215472	false_fusion	100GB	90%	FusionSeeker
2	negative	ENSG00000081051:ENSG00000198755	false_fusion	100GB	90%	FusionSeeker
3	negative	ENSG00000152234:ENSG00000227682	false_fusion	100GB	90%	FusionSeeker
2	negative	ENSG00000167526:ENSG00000198938	false_fusion:mitochondrial_genomic	100GB	90%	FusionSeeker
2	negative	ENSG00000131469:ENSG00000008018	false_fusion	100GB	90%	FusionSeeker
6	negative	ENSG00000206260:ENSG00000175110	false_fusion	100GB	90%	FusionSeeker
2	negative	ENSG00000137818:ENSG00000211459	false_fusion:mitochondrial_genomic	100GB	90%	FusionSeeker
3	negative	ENSG00000236829:ENSG00000198242	false_fusion	100GB	90%	FusionSeeker
3	negative	ENSG00000259146:ENSG00000197555	false_fusion	100GB	90%	FusionSeeker
5	negative	ENSG00000228887:ENSG00000104529	false_fusion	100GB	90%	FusionSeeker
2	negative	ENSG00000226383:ENSG00000174016	false_fusion	100GB	90%	FusionSeeker
2	negative	ENSG00000130255:ENSG00000042062	false_fusion	100GB	90%	FusionSeeker
2	negative	ENSG00000233318:ENSG00000071082	false_fusion	100GB	90%	FusionSeeker
3	negative	ENSG00000021645:ENSG00000258637	false_fusion:Sense-Antisense	100GB	90%	FusionSeeker
4	negative	ENSG00000213075:ENSG00000071082	false_fusion	100GB	90%	FusionSeeker
2	negative	ENSG00000174021:ENSG00000197099	false_fusion	100GB	90%	FusionSeeker
3	negative	ENSG00000286480:ENSG00000143951	false_fusion:Sense-Antisense	100GB	90%	FusionSeeker
2	negative	ENSG00000233927:ENSG00000105193	false_fusion	100GB	90%	FusionSeeker
3	negative	ENSG00000111057:ENSG00000213100	false_fusion	100GB	90%	FusionSeeker
4	negative	ENSG00000105372:ENSG00000214612	false_fusion	100GB	90%	FusionSeeker
2	negative	ENSG00000122406:ENSG00000158874	false_fusion	100GB	90%	FusionSeeker
2	negative	ENSG00000071082:ENSG00000211459	false_fusion:mitochondrial_genomic	100GB	90%	FusionSeeker
2	negative	ENSG00000142534:ENSG00000106927	false_fusion	100GB	90%	FusionSeeker
2	negative	ENSG00000167996:ENSG00000198712	false_fusion:mitochondrial_genomic	100GB	90%	FusionSeeker
2	negative	ENSG00000115461:ENSG00000233143	false_fusion	100GB	90%	FusionSeeker
2	negative	ENSG00000105372:ENSG00000240052	false_fusion	100GB	90%	FusionSeeker
2	negative	ENSG00000187720:ENSG00000215472	false_fusion	100GB	90%	FusionSeeker
2	negative	ENSG00000110497:ENSG00000091513	false_fusion	100GB	90%	FusionSeeker
2	negative	ENSG00000090273:ENSG00000198804	false_fusion:mitochondrial_genomic	100GB	90%	FusionSeeker
2	negative	ENSG00000081154:ENSG00000231500	false_fusion	100GB	90%	FusionSeeker
2	negative	ENSG00000197756:ENSG00000145425	false_fusion	100GB	90%	FusionSeeker
5	negative	ENSG00000285407:ENSG00000189283	false_fusion	100GB	90%	FusionSeeker
2	negative	ENSG00000285407:ENSG00000189283	false_fusion	100GB	90%	FusionSeeker
2	negative	ENSG00000142937:ENSG00000211459	false_fusion:mitochondrial_genomic	100GB	90%	FusionSeeker
2	negative	ENSG00000225990:ENSG00000182004	false_fusion	100GB	90%	FusionSeeker
2	negative	ENSG00000106399:ENSG00000283549	false_fusion:Sense-Antisense	100GB	90%	FusionSeeker
2	negative	ENSG00000149273:ENSG00000124783	false_fusion	100GB	90%	FusionSeeker
2	negative	ENSG00000167996:ENSG00000198899	false_fusion:mitochondrial_genomic	100GB	90%	FusionSeeker
2	negative	ENSG00000118137:ENSG00000168028	false_fusion	100GB	90%	FusionSeeker
2	negative	ENSG00000006016:ENSG00000186854	false_fusion	100GB	90%	FusionSeeker
3	negative	ENSG00000104714:ENSG00000198010	false_fusion	100GB	90%	FusionSeeker
2	negative	ENSG00000104714:ENSG00000198010	false_fusion	100GB	90%	FusionSeeker
2	negative	ENSG00000230897:ENSG00000231500	false_fusion	100GB	90%	FusionSeeker
2	negative	ENSG00000130255:ENSG00000128573	false_fusion	100GB	90%	FusionSeeker
2	negative	ENSG00000158874:ENSG00000147364	false_fusion	100GB	90%	FusionSeeker
2	negative	ENSG00000233927:ENSG00000286739	false_fusion	100GB	90%	FusionSeeker
5	negative	ENSG00000258344:ENSG00000229251	false_fusion	100GB	90%	FusionSeeker
2	negative	ENSG00000137818:ENSG00000231500	false_fusion	100GB	90%	FusionSeeker
2	negative	ENSG00000198242:ENSG00000228861	false_fusion	100GB	90%	FusionSeeker
4	negative	ENSG00000258344:ENSG00000253334	false_fusion	100GB	90%	FusionSeeker
3	negative	ENSG00000171863:ENSG00000262651	false_fusion	100GB	90%	FusionSeeker
2	negative	ENSG00000118137:ENSG00000204628	false_fusion	100GB	90%	FusionSeeker
2	negative	ENSG00000091513:ENSG00000229140	false_fusion	100GB	90%	FusionSeeker
2	negative	ENSG00000286279:ENSG00000243701	false_fusion	100GB	90%	FusionSeeker
2	negative	ENSG00000089157:ENSG00000181163	false_fusion	100GB	90%	FusionSeeker
2	negative	ENSG00000167996:ENSG00000089157	false_fusion	100GB	90%	FusionSeeker
2	negative	ENSG00000236764:ENSG00000112695	false_fusion	100GB	90%	FusionSeeker
2	negative	ENSG00000197249:ENSG00000170889	false_fusion	100GB	90%	FusionSeeker
2	negative	ENSG00000111057:ENSG00000249668	false_fusion	100GB	90%	FusionSeeker
2	negative	ENSG00000115268:ENSG00000211459	false_fusion:mitochondrial_genomic	100GB	90%	FusionSeeker
2	negative	ENSG00000177600:ENSG00000102144	false_fusion	100GB	90%	FusionSeeker
2	negative	ENSG00000239672:ENSG00000251357	false_fusion	100GB	90%	FusionSeeker
2	negative	ENSG00000132507:ENSG00000172809	false_fusion	100GB	90%	FusionSeeker
2	negative	ENSG00000166794:ENSG00000211459	false_fusion:mitochondrial_genomic	100GB	90%	FusionSeeker
4	negative	ENSG00000259116:ENSG00000063177	false_fusion	100GB	90%	FusionSeeker
2	negative	ENSG00000198242:ENSG00000106443	false_fusion	100GB	90%	FusionSeeker
2	negative	ENSG00000289809:ENSG00000120254	false_fusion	100GB	90%	FusionSeeker
2	negative	ENSG00000180230:ENSG00000196531	false_fusion	100GB	90%	FusionSeeker
2	negative	ENSG00000100714:ENSG00000165591	false_fusion	100GB	90%	FusionSeeker
2	negative	ENSG00000119888:ENSG00000225356	false_fusion	100GB	90%	FusionSeeker
2	negative	ENSG00000183273:ENSG00000248636	false_fusion:Sense-Antisense	100GB	90%	FusionSeeker
2	negative	ENSG00000287474:ENSG00000128573	false_fusion	100GB	90%	FusionSeeker
3	negative	ENSG00000215472:ENSG00000251062	false_fusion	100GB	90%	FusionSeeker
2	negative	ENSG00000171858:ENSG00000251357	false_fusion	100GB	90%	FusionSeeker
279	negative	ENSG00000283228:ENSG00000182389	false_fusion	100GB	95%	FusionSeeker
31	negative	ENSG00000270959:ENSG00000145012	false_fusion	100GB	95%	FusionSeeker
31	negative	ENSG00000047936:ENSG00000282218	false_fusion	100GB	95%	FusionSeeker
162	negative	ENSG00000187391:ENSG00000234456	false_fusion	100GB	95%	FusionSeeker
2	negative	ENSG00000187391:ENSG00000234456	false_fusion	100GB	95%	FusionSeeker
46	negative	ENSG00000266602:ENSG00000263745	false_fusion:Sense-Antisense	100GB	95%	FusionSeeker
39	negative	ENSG00000099810:ENSG00000264545	false_fusion	100GB	95%	FusionSeeker
14	negative	ENSG00000257345:ENSG00000257322	false_fusion:Sense-Antisense	100GB	95%	FusionSeeker
569	negative	ENSG00000285216:ENSG00000285219	false_fusion	100GB	95%	FusionSeeker
463	negative	ENSG00000285216:ENSG00000285219	false_fusion	100GB	95%	FusionSeeker
318	negative	ENSG00000285216:ENSG00000285219	false_fusion	100GB	95%	FusionSeeker
199	negative	ENSG00000285216:ENSG00000285219	false_fusion	100GB	95%	FusionSeeker
142	negative	ENSG00000285216:ENSG00000285219	false_fusion	100GB	95%	FusionSeeker
92	negative	ENSG00000285216:ENSG00000285219	false_fusion	100GB	95%	FusionSeeker
86	negative	ENSG00000285216:ENSG00000285219	false_fusion	100GB	95%	FusionSeeker
86	negative	ENSG00000285216:ENSG00000285219	false_fusion	100GB	95%	FusionSeeker
45	negative	ENSG00000285216:ENSG00000285219	false_fusion	100GB	95%	FusionSeeker
39	negative	ENSG00000285216:ENSG00000285219	false_fusion	100GB	95%	FusionSeeker
33	negative	ENSG00000285216:ENSG00000285219	false_fusion	100GB	95%	FusionSeeker
25	negative	ENSG00000285216:ENSG00000285219	false_fusion	100GB	95%	FusionSeeker
29	negative	ENSG00000285216:ENSG00000285219	false_fusion	100GB	95%	FusionSeeker
10	negative	ENSG00000285216:ENSG00000285219	false_fusion	100GB	95%	FusionSeeker
4	negative	ENSG00000285216:ENSG00000285219	false_fusion	100GB	95%	FusionSeeker
3	negative	ENSG00000285216:ENSG00000285219	false_fusion	100GB	95%	FusionSeeker
2	negative	ENSG00000285216:ENSG00000285219	false_fusion	100GB	95%	FusionSeeker
30	negative	ENSG00000243243:ENSG00000105971	false_fusion:Sense-Antisense	100GB	95%	FusionSeeker
37	negative	ENSG00000286749:ENSG00000249484	false_fusion:Sense-Antisense	100GB	95%	FusionSeeker
2	negative	ENSG00000167996:ENSG00000091513	false_fusion	100GB	95%	FusionSeeker
274	negative	ENSG00000247416:ENSG00000149294	false_fusion:Sense-Antisense	100GB	95%	FusionSeeker
41	negative	ENSG00000247416:ENSG00000149294	false_fusion:Sense-Antisense	100GB	95%	FusionSeeker
37	negative	ENSG00000247416:ENSG00000149294	false_fusion:Sense-Antisense	100GB	95%	FusionSeeker
2	negative	ENSG00000267104:ENSG00000289809	false_fusion	100GB	95%	FusionSeeker
98	negative	ENSG00000230590:ENSG00000273974	false_fusion:Sense-Antisense	100GB	95%	FusionSeeker
21	negative	ENSG00000230590:ENSG00000273974	false_fusion:Sense-Antisense	100GB	95%	FusionSeeker
9	negative	ENSG00000230590:ENSG00000273974	false_fusion:Sense-Antisense	100GB	95%	FusionSeeker
120	negative	ENSG00000106066:ENSG00000106069	false_fusion	100GB	95%	FusionSeeker
5	negative	ENSG00000106066:ENSG00000106069	false_fusion	100GB	95%	FusionSeeker
34	negative	ENSG00000173077:ENSG00000228714	false_fusion:Sense-Antisense	100GB	95%	FusionSeeker
42	negative	ENSG00000287700:ENSG00000233928	false_fusion:Sense-Antisense	100GB	95%	FusionSeeker
66	negative	ENSG00000166268:ENSG00000257815	false_fusion	100GB	95%	FusionSeeker
76	negative	ENSG00000249797:ENSG00000250891	false_fusion	100GB	95%	FusionSeeker
43	negative	ENSG00000249797:ENSG00000250891	false_fusion	100GB	95%	FusionSeeker
33	negative	ENSG00000249797:ENSG00000250891	false_fusion	100GB	95%	FusionSeeker
27	negative	ENSG00000249797:ENSG00000250891	false_fusion	100GB	95%	FusionSeeker
108	negative	ENSG00000285550:ENSG00000267337	false_fusion:Sense-Antisense	100GB	95%	FusionSeeker
30	negative	ENSG00000285550:ENSG00000267337	false_fusion:Sense-Antisense	100GB	95%	FusionSeeker
2	negative	ENSG00000188846:ENSG00000204628	false_fusion	100GB	95%	FusionSeeker
21	negative	ENSG00000283839:ENSG00000170396	false_fusion:Sense-Antisense	100GB	95%	FusionSeeker
229	negative	ENSG00000141376:ENSG00000267131	false_fusion:Sense-Antisense	100GB	95%	FusionSeeker
44	negative	ENSG00000233928:ENSG00000233571	false_fusion:Sense-Antisense	100GB	95%	FusionSeeker
77	negative	ENSG00000234224:ENSG00000242593	false_fusion:Sense-Antisense	100GB	95%	FusionSeeker
2	negative	ENSG00000234224:ENSG00000242593	false_fusion:Sense-Antisense	100GB	95%	FusionSeeker
50	negative	ENSG00000285082:ENSG00000284977	false_fusion	100GB	95%	FusionSeeker
32	negative	ENSG00000285082:ENSG00000284977	false_fusion	100GB	95%	FusionSeeker
44	negative	ENSG00000013503:ENSG00000257545	false_fusion:Sense-Antisense	100GB	95%	FusionSeeker
38	negative	ENSG00000013503:ENSG00000257545	false_fusion:Sense-Antisense	100GB	95%	FusionSeeker
37	negative	ENSG00000137449:ENSG00000249252	false_fusion	100GB	95%	FusionSeeker
2	negative	ENSG00000188580:ENSG00000236548	false_fusion	100GB	95%	FusionSeeker
2	negative	ENSG00000188580:ENSG00000236548	false_fusion	100GB	95%	FusionSeeker
48	negative	ENSG00000139287:ENSG00000072657	false_fusion	100GB	95%	FusionSeeker
35	negative	ENSG00000248238:ENSG00000248515	false_fusion:Sense-Antisense	100GB	95%	FusionSeeker
3	negative	ENSG00000248238:ENSG00000248515	false_fusion:Sense-Antisense	100GB	95%	FusionSeeker
33	negative	ENSG00000285783:ENSG00000164162	false_fusion	100GB	95%	FusionSeeker
281	negative	ENSG00000285971:ENSG00000185942	false_fusion:Sense-Antisense	100GB	95%	FusionSeeker
2	negative	ENSG00000110700:ENSG00000136942	false_fusion	100GB	95%	FusionSeeker
99	negative	ENSG00000286577:ENSG00000185261	false_fusion:Sense-Antisense	100GB	95%	FusionSeeker
19	negative	ENSG00000131374:ENSG00000182568	false_fusion	100GB	95%	FusionSeeker
14	negative	ENSG00000102290:ENSG00000099715	false_fusion	100GB	95%	FusionSeeker
10	negative	ENSG00000102290:ENSG00000099715	false_fusion	100GB	95%	FusionSeeker
3	negative	ENSG00000102290:ENSG00000099715	false_fusion	100GB	95%	FusionSeeker
2	negative	ENSG00000102290:ENSG00000099715	false_fusion	100GB	95%	FusionSeeker
112	negative	ENSG00000138185:ENSG00000226688	false_fusion	100GB	95%	FusionSeeker
33	negative	ENSG00000135269:ENSG00000237813	false_fusion:Sense-Antisense	100GB	95%	FusionSeeker
2	negative	ENSG00000289465:ENSG00000137710	false_fusion	100GB	95%	FusionSeeker
32	negative	ENSG00000250855:ENSG00000249815	false_fusion:Sense-Antisense	100GB	95%	FusionSeeker
57	negative	ENSG00000145808:ENSG00000251680	false_fusion:Sense-Antisense	100GB	95%	FusionSeeker
33	negative	ENSG00000179915:ENSG00000231918	false_fusion:Sense-Antisense	100GB	95%	FusionSeeker
3	negative	ENSG00000179915:ENSG00000231918	false_fusion:Sense-Antisense	100GB	95%	FusionSeeker
6	negative	ENSG00000227141:ENSG00000157985	false_fusion	100GB	95%	FusionSeeker
51	negative	ENSG00000236708:ENSG00000146555	false_fusion	100GB	95%	FusionSeeker
152	negative	ENSG00000260364:ENSG00000261742	false_fusion:Sense-Antisense	100GB	95%	FusionSeeker
41	negative	ENSG00000068796:ENSG00000288643	false_fusion	100GB	95%	FusionSeeker
64	negative	ENSG00000187398:ENSG00000283563	false_fusion	100GB	95%	FusionSeeker
49	negative	ENSG00000187398:ENSG00000283563	false_fusion	100GB	95%	FusionSeeker
4	negative	ENSG00000187398:ENSG00000283563	false_fusion	100GB	95%	FusionSeeker
450	negative	ENSG00000227028:ENSG00000183023	false_fusion	100GB	95%	FusionSeeker
24	negative	ENSG00000172380:ENSG00000232284	false_fusion	100GB	95%	FusionSeeker
49	negative	ENSG00000128918:ENSG00000166035	false_fusion	100GB	95%	FusionSeeker
35	negative	ENSG00000128918:ENSG00000166035	false_fusion	100GB	95%	FusionSeeker
62	negative	ENSG00000235665:ENSG00000236790	false_fusion	100GB	95%	FusionSeeker
2	negative	ENSG00000235665:ENSG00000236790	false_fusion	100GB	95%	FusionSeeker
26	negative	ENSG00000197584:ENSG00000237978	false_fusion	100GB	95%	FusionSeeker
41	negative	ENSG00000115762:ENSG00000284604	false_fusion	100GB	95%	FusionSeeker
52	negative	ENSG00000278177:ENSG00000183098	false_fusion:Sense-Antisense	100GB	95%	FusionSeeker
35	negative	ENSG00000203727:ENSG00000227681	false_fusion	100GB	95%	FusionSeeker
67	negative	ENSG00000260971:ENSG00000284686	false_fusion	100GB	95%	FusionSeeker
36	negative	ENSG00000260971:ENSG00000284686	false_fusion	100GB	95%	FusionSeeker
31	negative	ENSG00000260971:ENSG00000284686	false_fusion	100GB	95%	FusionSeeker
76	negative	ENSG00000102174:ENSG00000289084	false_fusion:Sense-Antisense	100GB	95%	FusionSeeker
35	negative	ENSG00000102174:ENSG00000289084	false_fusion:Sense-Antisense	100GB	95%	FusionSeeker
62	negative	ENSG00000254180:ENSG00000253394	false_fusion:Sense-Antisense	100GB	95%	FusionSeeker
31	negative	ENSG00000221947:ENSG00000285579	false_fusion	100GB	95%	FusionSeeker
6	negative	ENSG00000161091:ENSG00000171863	false_fusion	100GB	95%	FusionSeeker
19	negative	ENSG00000283563:ENSG00000144642	false_fusion	100GB	95%	FusionSeeker
5	negative	ENSG00000283563:ENSG00000144642	false_fusion	100GB	95%	FusionSeeker
2	negative	ENSG00000283563:ENSG00000144642	false_fusion	100GB	95%	FusionSeeker
45	negative	ENSG00000187398:ENSG00000144642	false_fusion	100GB	95%	FusionSeeker
27	negative	ENSG00000237461:ENSG00000255145	false_fusion	100GB	95%	FusionSeeker
2	negative	ENSG00000167526:ENSG00000112306	false_fusion	100GB	95%	FusionSeeker
45	negative	ENSG00000013297:ENSG00000285218	false_fusion	100GB	95%	FusionSeeker
47	negative	ENSG00000091164:ENSG00000091157	false_fusion	100GB	95%	FusionSeeker
2	negative	ENSG00000163931:ENSG00000231500	false_fusion	100GB	95%	FusionSeeker
21	negative	ENSG00000260706:ENSG00000259867	false_fusion:Sense-Antisense	100GB	95%	FusionSeeker
14	negative	ENSG00000260706:ENSG00000259867	false_fusion:Sense-Antisense	100GB	95%	FusionSeeker
46	negative	ENSG00000159147:ENSG00000249209	false_fusion	100GB	95%	FusionSeeker
2	negative	ENSG00000170889:ENSG00000091513	false_fusion	100GB	95%	FusionSeeker
42	negative	ENSG00000101384:ENSG00000270792	false_fusion:Sense-Antisense	100GB	95%	FusionSeeker
28	negative	ENSG00000250167:ENSG00000145832	false_fusion	100GB	95%	FusionSeeker
2	negative	ENSG00000112306:ENSG00000196205	false_fusion	100GB	95%	FusionSeeker
46	negative	ENSG00000130962:ENSG00000156298	false_fusion	100GB	95%	FusionSeeker
13	negative	ENSG00000178464:ENSG00000147403	false_fusion	100GB	95%	FusionSeeker
26	negative	ENSG00000283098:ENSG00000258661	false_fusion:Sense-Antisense	100GB	95%	FusionSeeker
32	negative	ENSG00000287921:ENSG00000183780	false_fusion:Sense-Antisense	100GB	95%	FusionSeeker
34	negative	ENSG00000182667:ENSG00000183715	false_fusion	100GB	95%	FusionSeeker
23	negative	ENSG00000182667:ENSG00000183715	false_fusion	100GB	95%	FusionSeeker
42	negative	ENSG00000258483:ENSG00000259199	false_fusion:Sense-Antisense	100GB	95%	FusionSeeker
2	negative	ENSG00000229647:ENSG00000223725	false_fusion:Sense-Antisense	100GB	95%	FusionSeeker
4	negative	ENSG00000245384:ENSG00000248242	false_fusion:Sense-Antisense	100GB	95%	FusionSeeker
31	negative	ENSG00000287744:ENSG00000130226	false_fusion:Sense-Antisense	100GB	95%	FusionSeeker
2	negative	ENSG00000149273:ENSG00000083845	false_fusion	100GB	95%	FusionSeeker
44	negative	ENSG00000007372:ENSG00000285283	false_fusion:Sense-Antisense	100GB	95%	FusionSeeker
26	negative	ENSG00000007372:ENSG00000285283	false_fusion:Sense-Antisense	100GB	95%	FusionSeeker
6	negative	ENSG00000286596:ENSG00000169851	false_fusion:Sense-Antisense	100GB	95%	FusionSeeker
41	negative	ENSG00000053254:ENSG00000259053	false_fusion	100GB	95%	FusionSeeker
33	negative	ENSG00000248049:ENSG00000198092	false_fusion	100GB	95%	FusionSeeker
2	negative	ENSG00000142541:ENSG00000197099	false_fusion	100GB	95%	FusionSeeker
26	negative	ENSG00000145216:ENSG00000134853	false_fusion	100GB	95%	FusionSeeker
2	negative	ENSG00000145216:ENSG00000134853	false_fusion	100GB	95%	FusionSeeker
2	negative	ENSG00000163586:ENSG00000204628	false_fusion	100GB	95%	FusionSeeker
33	negative	ENSG00000085871:ENSG00000196782	false_fusion	100GB	95%	FusionSeeker
2	negative	ENSG00000187109:ENSG00000136143	false_fusion	100GB	95%	FusionSeeker
2	negative	ENSG00000167526:ENSG00000231500	false_fusion	100GB	95%	FusionSeeker
32	negative	ENSG00000231252:ENSG00000162599	false_fusion:Sense-Antisense	100GB	95%	FusionSeeker
2	negative	ENSG00000091513:ENSG00000231500	false_fusion	100GB	95%	FusionSeeker
10	negative	ENSG00000168288:ENSG00000231969	false_fusion	100GB	95%	FusionSeeker
9	negative	ENSG00000168288:ENSG00000231969	false_fusion	100GB	95%	FusionSeeker
2	negative	ENSG00000273259:ENSG00000081051	false_fusion	100GB	95%	FusionSeeker
4	negative	ENSG00000116668:ENSG00000226383	false_fusion	100GB	95%	FusionSeeker
2	negative	ENSG00000142676:ENSG00000112695	false_fusion	100GB	95%	FusionSeeker
36	negative	ENSG00000108684:ENSG00000263571	false_fusion:Sense-Antisense	100GB	95%	FusionSeeker
9	negative	ENSG00000257842:ENSG00000258081	false_fusion	100GB	95%	FusionSeeker
4	negative	ENSG00000257842:ENSG00000258081	false_fusion	100GB	95%	FusionSeeker
15	negative	ENSG00000122406:ENSG00000117598	false_fusion	100GB	95%	FusionSeeker
4	negative	ENSG00000118507:ENSG00000290067	false_fusion:Sense-Antisense	100GB	95%	FusionSeeker
41	negative	ENSG00000286147:ENSG00000155011	false_fusion:Sense-Antisense	100GB	95%	FusionSeeker
25	negative	ENSG00000286147:ENSG00000155011	false_fusion:Sense-Antisense	100GB	95%	FusionSeeker
41	negative	ENSG00000219545:ENSG00000283549	false_fusion	100GB	95%	FusionSeeker
2	negative	ENSG00000167526:ENSG00000091513	false_fusion	100GB	95%	FusionSeeker
14	negative	ENSG00000169946:ENSG00000251003	false_fusion	100GB	95%	FusionSeeker
2	negative	ENSG00000169946:ENSG00000251003	false_fusion	100GB	95%	FusionSeeker
17	negative	ENSG00000136160:ENSG00000234377	false_fusion	100GB	95%	FusionSeeker
25	negative	ENSG00000244265:ENSG00000239265	false_fusion	100GB	95%	FusionSeeker
41	negative	ENSG00000153093:ENSG00000172965	false_fusion	100GB	95%	FusionSeeker
2	negative	ENSG00000091513:ENSG00000081051	false_fusion	100GB	95%	FusionSeeker
2	negative	ENSG00000287505:ENSG00000224957	false_fusion:Sense-Antisense	100GB	95%	FusionSeeker
31	negative	ENSG00000285673:ENSG00000271955	false_fusion:Sense-Antisense	100GB	95%	FusionSeeker
19	negative	ENSG00000171451:ENSG00000265533	false_fusion	100GB	95%	FusionSeeker
30	negative	ENSG00000259905:ENSG00000286110	false_fusion	100GB	95%	FusionSeeker
24	negative	ENSG00000172264:ENSG00000235914	false_fusion	100GB	95%	FusionSeeker
5	negative	ENSG00000198242:ENSG00000240567	false_fusion	100GB	95%	FusionSeeker
29	negative	ENSG00000285844:ENSG00000185760	false_fusion	100GB	95%	FusionSeeker
3	negative	ENSG00000258561:ENSG00000171723	false_fusion:Sense-Antisense	100GB	95%	FusionSeeker
2	negative	ENSG00000258561:ENSG00000171723	false_fusion:Sense-Antisense	100GB	95%	FusionSeeker
7	negative	ENSG00000231304:ENSG00000282987	false_fusion:Sense-Antisense	100GB	95%	FusionSeeker
2	negative	ENSG00000142937:ENSG00000111640	false_fusion	100GB	95%	FusionSeeker
2	negative	ENSG00000158874:ENSG00000171858	false_fusion	100GB	95%	FusionSeeker
2	negative	ENSG00000166123:ENSG00000145425	false_fusion	100GB	95%	FusionSeeker
7	negative	ENSG00000230386:ENSG00000179603	false_fusion	100GB	95%	FusionSeeker
2	negative	ENSG00000071082:ENSG00000197099	false_fusion	100GB	95%	FusionSeeker
2	negative	ENSG00000118137:ENSG00000091513	false_fusion	100GB	95%	FusionSeeker
4	negative	ENSG00000101440:ENSG00000260192	false_fusion	100GB	95%	FusionSeeker
2	negative	ENSG00000220842:ENSG00000133112	false_fusion	100GB	95%	FusionSeeker
2	negative	ENSG00000223786:ENSG00000272243	false_fusion:Sense-Antisense	100GB	95%	FusionSeeker
14	negative	ENSG00000246859:ENSG00000134986	false_fusion	100GB	95%	FusionSeeker
3	negative	ENSG00000246859:ENSG00000134986	false_fusion	100GB	95%	FusionSeeker
3	negative	ENSG00000099797:ENSG00000172493	false_fusion	100GB	95%	FusionSeeker
2	negative	ENSG00000101439:ENSG00000204628	false_fusion	100GB	95%	FusionSeeker
2	negative	ENSG00000258272:ENSG00000276476	false_fusion	100GB	95%	FusionSeeker
2	negative	ENSG00000137970:ENSG00000135744	false_fusion	100GB	95%	FusionSeeker
2	negative	ENSG00000142507:ENSG00000081051	false_fusion	100GB	95%	FusionSeeker
7	negative	ENSG00000267374:ENSG00000250546	false_fusion	100GB	95%	FusionSeeker
2	negative	ENSG00000167524:ENSG00000186468	false_fusion	100GB	95%	FusionSeeker
2	negative	ENSG00000167996:ENSG00000171863	false_fusion	100GB	95%	FusionSeeker
12	negative	ENSG00000129159:ENSG00000129158	false_fusion	100GB	95%	FusionSeeker
5	negative	ENSG00000129159:ENSG00000129158	false_fusion	100GB	95%	FusionSeeker
2	negative	ENSG00000213741:ENSG00000197099	false_fusion	100GB	95%	FusionSeeker
2	negative	ENSG00000091513:ENSG00000177058	false_fusion	100GB	95%	FusionSeeker
2	negative	ENSG00000224631:ENSG00000105640	false_fusion	100GB	95%	FusionSeeker
2	negative	ENSG00000273259:ENSG00000100316	false_fusion	100GB	95%	FusionSeeker
2	negative	ENSG00000166441:ENSG00000233927	false_fusion	100GB	95%	FusionSeeker
2	negative	ENSG00000174444:ENSG00000091513	false_fusion	100GB	95%	FusionSeeker
2	negative	ENSG00000085433:ENSG00000215472	false_fusion	100GB	95%	FusionSeeker
2	negative	ENSG00000273259:ENSG00000197756	false_fusion	100GB	95%	FusionSeeker
4	negative	ENSG00000166441:ENSG00000213121	false_fusion	100GB	95%	FusionSeeker
2	negative	ENSG00000142541:ENSG00000044574	false_fusion	100GB	95%	FusionSeeker
3	negative	ENSG00000134986:ENSG00000236654	false_fusion	100GB	95%	FusionSeeker
3	negative	ENSG00000106399:ENSG00000283549	false_fusion:Sense-Antisense	100GB	95%	FusionSeeker
2	negative	ENSG00000119599:ENSG00000130255	false_fusion	100GB	95%	FusionSeeker
2	negative	ENSG00000149273:ENSG00000089157	false_fusion	100GB	95%	FusionSeeker
2	negative	ENSG00000145592:ENSG00000198804	false_fusion:mitochondrial_genomic	100GB	95%	FusionSeeker
2	negative	ENSG00000118137:ENSG00000231500	false_fusion	100GB	95%	FusionSeeker
2	negative	ENSG00000131469:ENSG00000081051	false_fusion	100GB	95%	FusionSeeker
2	negative	ENSG00000205609:ENSG00000112306	false_fusion	100GB	95%	FusionSeeker
2	negative	ENSG00000131469:ENSG00000198899	false_fusion:mitochondrial_genomic	100GB	95%	FusionSeeker
2	negative	ENSG00000258344:ENSG00000141441	false_fusion	100GB	95%	FusionSeeker
2	negative	ENSG00000100632:ENSG00000106927	false_fusion	100GB	95%	FusionSeeker
4	negative	ENSG00000237356:ENSG00000259200	false_fusion	100GB	95%	FusionSeeker
2	negative	ENSG00000285407:ENSG00000189283	false_fusion	100GB	95%	FusionSeeker
2	negative	ENSG00000285407:ENSG00000189283	false_fusion	100GB	95%	FusionSeeker
9	negative	ENSG00000264031:ENSG00000176927	false_fusion	100GB	95%	FusionSeeker
3	negative	ENSG00000287474:ENSG00000128573	false_fusion	100GB	95%	FusionSeeker
2	negative	ENSG00000196205:ENSG00000198712	false_fusion:mitochondrial_genomic	100GB	95%	FusionSeeker
2	negative	ENSG00000142937:ENSG00000198899	false_fusion:mitochondrial_genomic	100GB	95%	FusionSeeker
2	negative	ENSG00000131374:ENSG00000164715	false_fusion	100GB	95%	FusionSeeker
21	negative	ENSG00000248511:ENSG00000152208	false_fusion:Sense-Antisense	100GB	95%	FusionSeeker
2	negative	ENSG00000172809:ENSG00000198712	false_fusion:mitochondrial_genomic	100GB	95%	FusionSeeker
4	negative	ENSG00000232573:ENSG00000100316	false_fusion	100GB	95%	FusionSeeker
2	negative	ENSG00000137818:ENSG00000204628	false_fusion	100GB	95%	FusionSeeker
3	negative	ENSG00000104714:ENSG00000198010	false_fusion	100GB	95%	FusionSeeker
2	negative	ENSG00000233913:ENSG00000147403	false_fusion	100GB	95%	FusionSeeker
2	negative	ENSG00000258344:ENSG00000197756	false_fusion	100GB	95%	FusionSeeker
2	negative	ENSG00000226383:ENSG00000174016	false_fusion	100GB	95%	FusionSeeker
2	negative	ENSG00000197099:ENSG00000145425	false_fusion	100GB	95%	FusionSeeker
2	negative	ENSG00000198804:ENSG00000198938	false_fusion:mitochondrial	100GB	95%	FusionSeeker
2	negative	ENSG00000181019:ENSG00000100316	false_fusion	100GB	95%	FusionSeeker
2	negative	ENSG00000111057:ENSG00000213100	false_fusion	100GB	95%	FusionSeeker
2	negative	ENSG00000175899:ENSG00000161016	false_fusion	100GB	95%	FusionSeeker
2	negative	ENSG00000177600:ENSG00000105640	false_fusion	100GB	95%	FusionSeeker
2	negative	ENSG00000197756:ENSG00000112306	false_fusion	100GB	95%	FusionSeeker
2	negative	ENSG00000118137:ENSG00000198712	false_fusion:mitochondrial_genomic	100GB	95%	FusionSeeker
2	negative	ENSG00000074800:ENSG00000198899	false_fusion:mitochondrial_genomic	100GB	95%	FusionSeeker
2	negative	ENSG00000135744:ENSG00000231500	false_fusion	100GB	95%	FusionSeeker
2	negative	ENSG00000115947:ENSG00000204406	false_fusion	100GB	95%	FusionSeeker
2	negative	ENSG00000118137:ENSG00000233276	false_fusion	100GB	95%	FusionSeeker
2	negative	ENSG00000285000:ENSG00000284762	false_fusion	100GB	95%	FusionSeeker
2	negative	ENSG00000141580:ENSG00000197958	false_fusion	100GB	95%	FusionSeeker
2	negative	ENSG00000198804:ENSG00000147403	false_fusion:mitochondrial_genomic	100GB	95%	FusionSeeker
2	negative	ENSG00000286480:ENSG00000143951	false_fusion:Sense-Antisense	100GB	95%	FusionSeeker
4	negative	ENSG00000129515:ENSG00000105372	false_fusion	100GB	95%	FusionSeeker
2	negative	ENSG00000122406:ENSG00000071082	false_fusion	100GB	95%	FusionSeeker
2	negative	ENSG00000167996:ENSG00000198899	false_fusion:mitochondrial_genomic	100GB	95%	FusionSeeker
3	negative	ENSG00000256879:ENSG00000172572	false_fusion	100GB	95%	FusionSeeker
2	negative	ENSG00000162244:ENSG00000196376	false_fusion	100GB	95%	FusionSeeker
2	negative	ENSG00000167996:ENSG00000198886	false_fusion:mitochondrial_genomic	100GB	95%	FusionSeeker
2	negative	ENSG00000233927:ENSG00000152348	false_fusion	100GB	95%	FusionSeeker
2	negative	ENSG00000222041:ENSG00000153093	false_fusion	100GB	95%	FusionSeeker
2	negative	ENSG00000237356:ENSG00000164418	false_fusion	100GB	95%	FusionSeeker
2	negative	ENSG00000111640:ENSG00000231500	false_fusion	100GB	95%	FusionSeeker
4	negative	ENSG00000089157:ENSG00000244705	false_fusion	10GB	85%	FusionSeeker
70	negative	ENSG00000285216:ENSG00000285219	false_fusion	10GB	85%	FusionSeeker
19	negative	ENSG00000285216:ENSG00000285219	false_fusion	10GB	85%	FusionSeeker
13	negative	ENSG00000285216:ENSG00000285219	false_fusion	10GB	85%	FusionSeeker
10	negative	ENSG00000285216:ENSG00000285219	false_fusion	10GB	85%	FusionSeeker
8	negative	ENSG00000285216:ENSG00000285219	false_fusion	10GB	85%	FusionSeeker
5	negative	ENSG00000285216:ENSG00000285219	false_fusion	10GB	85%	FusionSeeker
5	negative	ENSG00000285216:ENSG00000285219	false_fusion	10GB	85%	FusionSeeker
4	negative	ENSG00000285216:ENSG00000285219	false_fusion	10GB	85%	FusionSeeker
4	negative	ENSG00000285216:ENSG00000285219	false_fusion	10GB	85%	FusionSeeker
4	negative	ENSG00000285216:ENSG00000285219	false_fusion	10GB	85%	FusionSeeker
3	negative	ENSG00000285216:ENSG00000285219	false_fusion	10GB	85%	FusionSeeker
3	negative	ENSG00000285216:ENSG00000285219	false_fusion	10GB	85%	FusionSeeker
2	negative	ENSG00000285216:ENSG00000285219	false_fusion	10GB	85%	FusionSeeker
2	negative	ENSG00000285216:ENSG00000285219	false_fusion	10GB	85%	FusionSeeker
5	negative	ENSG00000161091:ENSG00000171863	false_fusion	10GB	85%	FusionSeeker
4	negative	ENSG00000248238:ENSG00000248515	false_fusion:Sense-Antisense	10GB	85%	FusionSeeker
2	negative	ENSG00000248238:ENSG00000248515	false_fusion:Sense-Antisense	10GB	85%	FusionSeeker
8	negative	ENSG00000286577:ENSG00000185261	false_fusion:Sense-Antisense	10GB	85%	FusionSeeker
4	negative	ENSG00000264031:ENSG00000176927	false_fusion	10GB	85%	FusionSeeker
2	negative	ENSG00000173406:ENSG00000258344	false_fusion	10GB	85%	FusionSeeker
4	negative	ENSG00000178464:ENSG00000147403	false_fusion	10GB	85%	FusionSeeker
7	negative	ENSG00000242527:ENSG00000197756	false_fusion	10GB	85%	FusionSeeker
8	negative	ENSG00000260971:ENSG00000284686	false_fusion	10GB	85%	FusionSeeker
2	negative	ENSG00000260971:ENSG00000284686	false_fusion	10GB	85%	FusionSeeker
2	negative	ENSG00000090273:ENSG00000204311	false_fusion	10GB	85%	FusionSeeker
2	negative	ENSG00000248049:ENSG00000198092	false_fusion	10GB	85%	FusionSeeker
5	negative	ENSG00000187398:ENSG00000283563	false_fusion	10GB	85%	FusionSeeker
3	negative	ENSG00000187398:ENSG00000283563	false_fusion	10GB	85%	FusionSeeker
5	negative	ENSG00000258561:ENSG00000171723	false_fusion:Sense-Antisense	10GB	85%	FusionSeeker
2	negative	ENSG00000258561:ENSG00000171723	false_fusion:Sense-Antisense	10GB	85%	FusionSeeker
2	negative	ENSG00000258561:ENSG00000171723	false_fusion:Sense-Antisense	10GB	85%	FusionSeeker
2	negative	ENSG00000228887:ENSG00000104529	false_fusion	10GB	85%	FusionSeeker
3	negative	ENSG00000286480:ENSG00000143951	false_fusion:Sense-Antisense	10GB	85%	FusionSeeker
31	negative	ENSG00000227028:ENSG00000183023	false_fusion	10GB	85%	FusionSeeker
4	negative	ENSG00000227028:ENSG00000183023	false_fusion	10GB	85%	FusionSeeker
12	negative	ENSG00000285550:ENSG00000267337	false_fusion:Sense-Antisense	10GB	85%	FusionSeeker
21	negative	ENSG00000247416:ENSG00000149294	false_fusion:Sense-Antisense	10GB	85%	FusionSeeker
5	negative	ENSG00000247416:ENSG00000149294	false_fusion:Sense-Antisense	10GB	85%	FusionSeeker
26	negative	ENSG00000122406:ENSG00000117598	false_fusion	10GB	85%	FusionSeeker
3	negative	ENSG00000089157:ENSG00000231367	false_fusion	10GB	85%	FusionSeeker
6	negative	ENSG00000166268:ENSG00000257815	false_fusion	10GB	85%	FusionSeeker
2	negative	ENSG00000221947:ENSG00000285579	false_fusion	10GB	85%	FusionSeeker
2	negative	ENSG00000197584:ENSG00000237978	false_fusion	10GB	85%	FusionSeeker
6	negative	ENSG00000129515:ENSG00000105372	false_fusion	10GB	85%	FusionSeeker
2	negative	ENSG00000233642:ENSG00000151025	false_fusion	10GB	85%	FusionSeeker
2	negative	ENSG00000246859:ENSG00000134986	false_fusion	10GB	85%	FusionSeeker
3	negative	ENSG00000159023:ENSG00000131469	false_fusion	10GB	85%	FusionSeeker
17	negative	ENSG00000285971:ENSG00000185942	false_fusion:Sense-Antisense	10GB	85%	FusionSeeker
2	negative	ENSG00000285971:ENSG00000185942	false_fusion:Sense-Antisense	10GB	85%	FusionSeeker
2	negative	ENSG00000285971:ENSG00000185942	false_fusion:Sense-Antisense	10GB	85%	FusionSeeker
4	negative	ENSG00000168288:ENSG00000231969	false_fusion	10GB	85%	FusionSeeker
10	negative	ENSG00000230590:ENSG00000273974	false_fusion:Sense-Antisense	10GB	85%	FusionSeeker
3	negative	ENSG00000186468:ENSG00000230629	false_fusion	10GB	85%	FusionSeeker
4	negative	ENSG00000260364:ENSG00000261742	false_fusion:Sense-Antisense	10GB	85%	FusionSeeker
5	negative	ENSG00000085433:ENSG00000215472	false_fusion	10GB	85%	FusionSeeker
2	negative	ENSG00000258344:ENSG00000141441	false_fusion	10GB	85%	FusionSeeker
4	negative	ENSG00000285082:ENSG00000284977	false_fusion	10GB	85%	FusionSeeker
3	negative	ENSG00000285082:ENSG00000284977	false_fusion	10GB	85%	FusionSeeker
2	negative	ENSG00000220842:ENSG00000210082	false_fusion:mitochondrial_genomic	10GB	85%	FusionSeeker
2	negative	ENSG00000115762:ENSG00000284604	false_fusion	10GB	85%	FusionSeeker
4	negative	ENSG00000149273:ENSG00000228205	false_fusion	10GB	85%	FusionSeeker
2	negative	ENSG00000179915:ENSG00000231918	false_fusion:Sense-Antisense	10GB	85%	FusionSeeker
5	negative	ENSG00000159147:ENSG00000249209	false_fusion	10GB	85%	FusionSeeker
2	negative	ENSG00000047936:ENSG00000282218	false_fusion	10GB	85%	FusionSeeker
2	negative	ENSG00000286147:ENSG00000155011	false_fusion:Sense-Antisense	10GB	85%	FusionSeeker
5	negative	ENSG00000129159:ENSG00000129158	false_fusion	10GB	85%	FusionSeeker
2	negative	ENSG00000188580:ENSG00000236548	false_fusion	10GB	85%	FusionSeeker
2	negative	ENSG00000188580:ENSG00000236548	false_fusion	10GB	85%	FusionSeeker
2	negative	ENSG00000283563:ENSG00000144642	false_fusion	10GB	85%	FusionSeeker
5	negative	ENSG00000187391:ENSG00000234456	false_fusion	10GB	85%	FusionSeeker
3	negative	ENSG00000235665:ENSG00000236790	false_fusion	10GB	85%	FusionSeeker
2	negative	ENSG00000235665:ENSG00000236790	false_fusion	10GB	85%	FusionSeeker
2	negative	ENSG00000235665:ENSG00000236790	false_fusion	10GB	85%	FusionSeeker
2	negative	ENSG00000172809:ENSG00000227088	false_fusion	10GB	85%	FusionSeeker
2	negative	ENSG00000232713:ENSG00000112306	false_fusion	10GB	85%	FusionSeeker
2	negative	ENSG00000249797:ENSG00000250891	false_fusion	10GB	85%	FusionSeeker
2	negative	ENSG00000249797:ENSG00000250891	false_fusion	10GB	85%	FusionSeeker
2	negative	ENSG00000249797:ENSG00000250891	false_fusion	10GB	85%	FusionSeeker
3	negative	ENSG00000236708:ENSG00000146555	false_fusion	10GB	85%	FusionSeeker
2	negative	ENSG00000106399:ENSG00000219545	false_fusion	10GB	85%	FusionSeeker
2	negative	ENSG00000106399:ENSG00000219545	false_fusion	10GB	85%	FusionSeeker
7	negative	ENSG00000119599:ENSG00000130255	false_fusion	10GB	85%	FusionSeeker
2	negative	ENSG00000233913:ENSG00000147403	false_fusion	10GB	85%	FusionSeeker
4	negative	ENSG00000101384:ENSG00000270792	false_fusion:Sense-Antisense	10GB	85%	FusionSeeker
6	negative	ENSG00000283228:ENSG00000182389	false_fusion	10GB	85%	FusionSeeker
3	negative	ENSG00000260706:ENSG00000259867	false_fusion:Sense-Antisense	10GB	85%	FusionSeeker
2	negative	ENSG00000013503:ENSG00000257545	false_fusion:Sense-Antisense	10GB	85%	FusionSeeker
2	negative	ENSG00000106066:ENSG00000106069	false_fusion	10GB	85%	FusionSeeker
2	negative	ENSG00000287921:ENSG00000183780	false_fusion:Sense-Antisense	10GB	85%	FusionSeeker
3	negative	ENSG00000267104:ENSG00000289809	false_fusion	10GB	85%	FusionSeeker
3	negative	ENSG00000153093:ENSG00000172965	false_fusion	10GB	85%	FusionSeeker
2	negative	ENSG00000139915:ENSG00000142541	false_fusion	10GB	85%	FusionSeeker
2	negative	ENSG00000105989:ENSG00000001626	false_fusion	10GB	85%	FusionSeeker
2	negative	ENSG00000130255:ENSG00000042062	false_fusion	10GB	85%	FusionSeeker
4	negative	ENSG00000232573:ENSG00000100316	false_fusion	10GB	85%	FusionSeeker
20	negative	ENSG00000141376:ENSG00000267131	false_fusion:Sense-Antisense	10GB	85%	FusionSeeker
2	negative	ENSG00000110700:ENSG00000211459	false_fusion:mitochondrial_genomic	10GB	85%	FusionSeeker
2	negative	ENSG00000286622:ENSG00000175806	false_fusion:Sense-Antisense	10GB	85%	FusionSeeker
2	negative	ENSG00000286622:ENSG00000175806	false_fusion:Sense-Antisense	10GB	85%	FusionSeeker
4	negative	ENSG00000138185:ENSG00000226688	false_fusion	10GB	85%	FusionSeeker
2	negative	ENSG00000102290:ENSG00000099715	false_fusion	10GB	85%	FusionSeeker
4	negative	ENSG00000013297:ENSG00000285218	false_fusion	10GB	85%	FusionSeeker
4	negative	ENSG00000254180:ENSG00000253394	false_fusion:Sense-Antisense	10GB	85%	FusionSeeker
2	negative	ENSG00000156925:ENSG00000283692	false_fusion	10GB	85%	FusionSeeker
2	negative	ENSG00000171451:ENSG00000265533	false_fusion	10GB	85%	FusionSeeker
3	negative	ENSG00000206260:ENSG00000175110	false_fusion	10GB	85%	FusionSeeker
4	negative	ENSG00000068796:ENSG00000288643	false_fusion	10GB	85%	FusionSeeker
4	negative	ENSG00000259905:ENSG00000286110	false_fusion	10GB	85%	FusionSeeker
2	negative	ENSG00000259905:ENSG00000286110	false_fusion	10GB	85%	FusionSeeker
2	negative	ENSG00000182667:ENSG00000183715	false_fusion	10GB	85%	FusionSeeker
3	negative	ENSG00000250167:ENSG00000145832	false_fusion	10GB	85%	FusionSeeker
2	negative	ENSG00000171530:ENSG00000075624	false_fusion	10GB	85%	FusionSeeker
2	negative	ENSG00000105372:ENSG00000214612	false_fusion	10GB	85%	FusionSeeker
2	negative	ENSG00000287700:ENSG00000233928	false_fusion:Sense-Antisense	10GB	85%	FusionSeeker
2	negative	ENSG00000091164:ENSG00000091157	false_fusion	10GB	85%	FusionSeeker
3	negative	ENSG00000099797:ENSG00000172493	false_fusion	10GB	85%	FusionSeeker
2	negative	ENSG00000130255:ENSG00000135250	false_fusion	10GB	85%	FusionSeeker
2	negative	ENSG00000197756:ENSG00000226243	false_fusion	10GB	85%	FusionSeeker
2	negative	ENSG00000257842:ENSG00000258081	false_fusion	10GB	85%	FusionSeeker
2	negative	ENSG00000236552:ENSG00000087086	false_fusion	10GB	85%	FusionSeeker
2	negative	ENSG00000187398:ENSG00000144642	false_fusion	10GB	85%	FusionSeeker
2	negative	ENSG00000021645:ENSG00000258637	false_fusion:Sense-Antisense	10GB	85%	FusionSeeker
2	negative	ENSG00000285966:ENSG00000137818	false_fusion	10GB	85%	FusionSeeker
2	negative	ENSG00000283839:ENSG00000170396	false_fusion:Sense-Antisense	10GB	85%	FusionSeeker
2	negative	ENSG00000258344:ENSG00000229251	false_fusion	10GB	85%	FusionSeeker
2	negative	ENSG00000173077:ENSG00000228714	false_fusion:Sense-Antisense	10GB	85%	FusionSeeker
2	negative	ENSG00000230590:ENSG00000275254	false_fusion:Sense-Antisense	10GB	85%	FusionSeeker
2	negative	ENSG00000145808:ENSG00000251680	false_fusion:Sense-Antisense	10GB	85%	FusionSeeker
4	negative	ENSG00000257345:ENSG00000257322	false_fusion:Sense-Antisense	10GB	90%	FusionSeeker
7	negative	ENSG00000286749:ENSG00000249484	false_fusion:Sense-Antisense	10GB	90%	FusionSeeker
26	negative	ENSG00000247416:ENSG00000149294	false_fusion:Sense-Antisense	10GB	90%	FusionSeeker
3	negative	ENSG00000247416:ENSG00000149294	false_fusion:Sense-Antisense	10GB	90%	FusionSeeker
52	negative	ENSG00000285216:ENSG00000285219	false_fusion	10GB	90%	FusionSeeker
46	negative	ENSG00000285216:ENSG00000285219	false_fusion	10GB	90%	FusionSeeker
32	negative	ENSG00000285216:ENSG00000285219	false_fusion	10GB	90%	FusionSeeker
17	negative	ENSG00000285216:ENSG00000285219	false_fusion	10GB	90%	FusionSeeker
16	negative	ENSG00000285216:ENSG00000285219	false_fusion	10GB	90%	FusionSeeker
11	negative	ENSG00000285216:ENSG00000285219	false_fusion	10GB	90%	FusionSeeker
10	negative	ENSG00000285216:ENSG00000285219	false_fusion	10GB	90%	FusionSeeker
9	negative	ENSG00000285216:ENSG00000285219	false_fusion	10GB	90%	FusionSeeker
4	negative	ENSG00000285216:ENSG00000285219	false_fusion	10GB	90%	FusionSeeker
4	negative	ENSG00000285216:ENSG00000285219	false_fusion	10GB	90%	FusionSeeker
4	negative	ENSG00000285216:ENSG00000285219	false_fusion	10GB	90%	FusionSeeker
4	negative	ENSG00000285216:ENSG00000285219	false_fusion	10GB	90%	FusionSeeker
3	negative	ENSG00000285216:ENSG00000285219	false_fusion	10GB	90%	FusionSeeker
2	negative	ENSG00000285216:ENSG00000285219	false_fusion	10GB	90%	FusionSeeker
11	negative	ENSG00000230590:ENSG00000273974	false_fusion:Sense-Antisense	10GB	90%	FusionSeeker
30	negative	ENSG00000285971:ENSG00000185942	false_fusion:Sense-Antisense	10GB	90%	FusionSeeker
7	negative	ENSG00000250855:ENSG00000249815	false_fusion:Sense-Antisense	10GB	90%	FusionSeeker
5	negative	ENSG00000145808:ENSG00000251680	false_fusion:Sense-Antisense	10GB	90%	FusionSeeker
3	negative	ENSG00000243243:ENSG00000105971	false_fusion:Sense-Antisense	10GB	90%	FusionSeeker
8	negative	ENSG00000266602:ENSG00000263745	false_fusion:Sense-Antisense	10GB	90%	FusionSeeker
8	negative	ENSG00000235665:ENSG00000236790	false_fusion	10GB	90%	FusionSeeker
5	negative	ENSG00000249797:ENSG00000250891	false_fusion	10GB	90%	FusionSeeker
3	negative	ENSG00000249797:ENSG00000250891	false_fusion	10GB	90%	FusionSeeker
3	negative	ENSG00000249797:ENSG00000250891	false_fusion	10GB	90%	FusionSeeker
39	negative	ENSG00000283228:ENSG00000182389	false_fusion	10GB	90%	FusionSeeker
4	negative	ENSG00000159147:ENSG00000249209	false_fusion	10GB	90%	FusionSeeker
4	negative	ENSG00000013297:ENSG00000285218	false_fusion	10GB	90%	FusionSeeker
7	negative	ENSG00000138185:ENSG00000226688	false_fusion	10GB	90%	FusionSeeker
4	negative	ENSG00000283098:ENSG00000258661	false_fusion:Sense-Antisense	10GB	90%	FusionSeeker
7	negative	ENSG00000258483:ENSG00000259199	false_fusion:Sense-Antisense	10GB	90%	FusionSeeker
4	negative	ENSG00000234224:ENSG00000242593	false_fusion:Sense-Antisense	10GB	90%	FusionSeeker
6	negative	ENSG00000139287:ENSG00000072657	false_fusion	10GB	90%	FusionSeeker
14	negative	ENSG00000286577:ENSG00000185261	false_fusion:Sense-Antisense	10GB	90%	FusionSeeker
10	negative	ENSG00000285550:ENSG00000267337	false_fusion:Sense-Antisense	10GB	90%	FusionSeeker
2	negative	ENSG00000285550:ENSG00000267337	false_fusion:Sense-Antisense	10GB	90%	FusionSeeker
44	negative	ENSG00000227028:ENSG00000183023	false_fusion	10GB	90%	FusionSeeker
2	negative	ENSG00000099810:ENSG00000264545	false_fusion	10GB	90%	FusionSeeker
3	negative	ENSG00000135269:ENSG00000237813	false_fusion:Sense-Antisense	10GB	90%	FusionSeeker
2	negative	ENSG00000131374:ENSG00000182568	false_fusion	10GB	90%	FusionSeeker
3	negative	ENSG00000007372:ENSG00000285283	false_fusion:Sense-Antisense	10GB	90%	FusionSeeker
3	negative	ENSG00000169946:ENSG00000251003	false_fusion	10GB	90%	FusionSeeker
18	negative	ENSG00000260364:ENSG00000261742	false_fusion:Sense-Antisense	10GB	90%	FusionSeeker
3	negative	ENSG00000248049:ENSG00000198092	false_fusion	10GB	90%	FusionSeeker
4	negative	ENSG00000091164:ENSG00000091157	false_fusion	10GB	90%	FusionSeeker
5	negative	ENSG00000013503:ENSG00000257545	false_fusion:Sense-Antisense	10GB	90%	FusionSeeker
4	negative	ENSG00000013503:ENSG00000257545	false_fusion:Sense-Antisense	10GB	90%	FusionSeeker
16	negative	ENSG00000106066:ENSG00000106069	false_fusion	10GB	90%	FusionSeeker
2	negative	ENSG00000106066:ENSG00000106069	false_fusion	10GB	90%	FusionSeeker
16	negative	ENSG00000187391:ENSG00000234456	false_fusion	10GB	90%	FusionSeeker
2	negative	ENSG00000221947:ENSG00000285579	false_fusion	10GB	90%	FusionSeeker
5	negative	ENSG00000053254:ENSG00000259053	false_fusion	10GB	90%	FusionSeeker
4	negative	ENSG00000085871:ENSG00000196782	false_fusion	10GB	90%	FusionSeeker
2	negative	ENSG00000283839:ENSG00000170396	false_fusion:Sense-Antisense	10GB	90%	FusionSeeker
4	negative	ENSG00000285673:ENSG00000271955	false_fusion:Sense-Antisense	10GB	90%	FusionSeeker
5	negative	ENSG00000153093:ENSG00000172965	false_fusion	10GB	90%	FusionSeeker
6	negative	ENSG00000187398:ENSG00000283563	false_fusion	10GB	90%	FusionSeeker
5	negative	ENSG00000187398:ENSG00000144642	false_fusion	10GB	90%	FusionSeeker
2	negative	ENSG00000283563:ENSG00000144642	false_fusion	10GB	90%	FusionSeeker
22	negative	ENSG00000141376:ENSG00000267131	false_fusion:Sense-Antisense	10GB	90%	FusionSeeker
9	negative	ENSG00000102174:ENSG00000289084	false_fusion:Sense-Antisense	10GB	90%	FusionSeeker
7	negative	ENSG00000248238:ENSG00000248515	false_fusion:Sense-Antisense	10GB	90%	FusionSeeker
2	negative	ENSG00000236708:ENSG00000146555	false_fusion	10GB	90%	FusionSeeker
2	negative	ENSG00000254180:ENSG00000253394	false_fusion:Sense-Antisense	10GB	90%	FusionSeeker
2	negative	ENSG00000250167:ENSG00000145832	false_fusion	10GB	90%	FusionSeeker
3	negative	ENSG00000197584:ENSG00000237978	false_fusion	10GB	90%	FusionSeeker
7	negative	ENSG00000166268:ENSG00000257815	false_fusion	10GB	90%	FusionSeeker
5	negative	ENSG00000128918:ENSG00000166035	false_fusion	10GB	90%	FusionSeeker
4	negative	ENSG00000128918:ENSG00000166035	false_fusion	10GB	90%	FusionSeeker
5	negative	ENSG00000260971:ENSG00000284686	false_fusion	10GB	90%	FusionSeeker
3	negative	ENSG00000260971:ENSG00000284686	false_fusion	10GB	90%	FusionSeeker
2	negative	ENSG00000260971:ENSG00000284686	false_fusion	10GB	90%	FusionSeeker
2	negative	ENSG00000257842:ENSG00000258081	false_fusion	10GB	90%	FusionSeeker
4	negative	ENSG00000102290:ENSG00000099715	false_fusion	10GB	90%	FusionSeeker
4	negative	ENSG00000068796:ENSG00000288643	false_fusion	10GB	90%	FusionSeeker
5	negative	ENSG00000233928:ENSG00000233571	false_fusion:Sense-Antisense	10GB	90%	FusionSeeker
2	negative	ENSG00000129159:ENSG00000129158	false_fusion	10GB	90%	FusionSeeker
4	negative	ENSG00000108684:ENSG00000263571	false_fusion:Sense-Antisense	10GB	90%	FusionSeeker
4	negative	ENSG00000286147:ENSG00000155011	false_fusion:Sense-Antisense	10GB	90%	FusionSeeker
2	negative	ENSG00000286147:ENSG00000155011	false_fusion:Sense-Antisense	10GB	90%	FusionSeeker
7	negative	ENSG00000244265:ENSG00000239265	false_fusion	10GB	90%	FusionSeeker
8	negative	ENSG00000287700:ENSG00000233928	false_fusion:Sense-Antisense	10GB	90%	FusionSeeker
3	negative	ENSG00000237461:ENSG00000255145	false_fusion	10GB	90%	FusionSeeker
5	negative	ENSG00000259905:ENSG00000286110	false_fusion	10GB	90%	FusionSeeker
2	negative	ENSG00000182667:ENSG00000183715	false_fusion	10GB	90%	FusionSeeker
2	negative	ENSG00000182667:ENSG00000183715	false_fusion	10GB	90%	FusionSeeker
5	negative	ENSG00000219545:ENSG00000283549	false_fusion	10GB	90%	FusionSeeker
2	negative	ENSG00000101384:ENSG00000270792	false_fusion:Sense-Antisense	10GB	90%	FusionSeeker
4	negative	ENSG00000130962:ENSG00000156298	false_fusion	10GB	90%	FusionSeeker
3	negative	ENSG00000047936:ENSG00000282218	false_fusion	10GB	90%	FusionSeeker
3	negative	ENSG00000203727:ENSG00000227681	false_fusion	10GB	90%	FusionSeeker
2	negative	ENSG00000145216:ENSG00000134853	false_fusion	10GB	90%	FusionSeeker
2	negative	ENSG00000246859:ENSG00000134986	false_fusion	10GB	90%	FusionSeeker
4	negative	ENSG00000137449:ENSG00000249252	false_fusion	10GB	90%	FusionSeeker
2	negative	ENSG00000136160:ENSG00000234377	false_fusion	10GB	90%	FusionSeeker
4	negative	ENSG00000285082:ENSG00000284977	false_fusion	10GB	90%	FusionSeeker
2	negative	ENSG00000264031:ENSG00000176927	false_fusion	10GB	90%	FusionSeeker
3	negative	ENSG00000285844:ENSG00000185760	false_fusion	10GB	90%	FusionSeeker
2	negative	ENSG00000287921:ENSG00000183780	false_fusion:Sense-Antisense	10GB	90%	FusionSeeker
2	negative	ENSG00000173077:ENSG00000228714	false_fusion:Sense-Antisense	10GB	90%	FusionSeeker
4	negative	ENSG00000257345:ENSG00000257322	false_fusion:Sense-Antisense	10GB	95%	FusionSeeker
7	negative	ENSG00000286749:ENSG00000249484	false_fusion:Sense-Antisense	10GB	95%	FusionSeeker
26	negative	ENSG00000247416:ENSG00000149294	false_fusion:Sense-Antisense	10GB	95%	FusionSeeker
3	negative	ENSG00000247416:ENSG00000149294	false_fusion:Sense-Antisense	10GB	95%	FusionSeeker
52	negative	ENSG00000285216:ENSG00000285219	false_fusion	10GB	95%	FusionSeeker
46	negative	ENSG00000285216:ENSG00000285219	false_fusion	10GB	95%	FusionSeeker
32	negative	ENSG00000285216:ENSG00000285219	false_fusion	10GB	95%	FusionSeeker
17	negative	ENSG00000285216:ENSG00000285219	false_fusion	10GB	95%	FusionSeeker
16	negative	ENSG00000285216:ENSG00000285219	false_fusion	10GB	95%	FusionSeeker
11	negative	ENSG00000285216:ENSG00000285219	false_fusion	10GB	95%	FusionSeeker
10	negative	ENSG00000285216:ENSG00000285219	false_fusion	10GB	95%	FusionSeeker
9	negative	ENSG00000285216:ENSG00000285219	false_fusion	10GB	95%	FusionSeeker
4	negative	ENSG00000285216:ENSG00000285219	false_fusion	10GB	95%	FusionSeeker
4	negative	ENSG00000285216:ENSG00000285219	false_fusion	10GB	95%	FusionSeeker
4	negative	ENSG00000285216:ENSG00000285219	false_fusion	10GB	95%	FusionSeeker
4	negative	ENSG00000285216:ENSG00000285219	false_fusion	10GB	95%	FusionSeeker
3	negative	ENSG00000285216:ENSG00000285219	false_fusion	10GB	95%	FusionSeeker
2	negative	ENSG00000285216:ENSG00000285219	false_fusion	10GB	95%	FusionSeeker
11	negative	ENSG00000230590:ENSG00000273974	false_fusion:Sense-Antisense	10GB	95%	FusionSeeker
30	negative	ENSG00000285971:ENSG00000185942	false_fusion:Sense-Antisense	10GB	95%	FusionSeeker
7	negative	ENSG00000250855:ENSG00000249815	false_fusion:Sense-Antisense	10GB	95%	FusionSeeker
5	negative	ENSG00000145808:ENSG00000251680	false_fusion:Sense-Antisense	10GB	95%	FusionSeeker
3	negative	ENSG00000243243:ENSG00000105971	false_fusion:Sense-Antisense	10GB	95%	FusionSeeker
8	negative	ENSG00000266602:ENSG00000263745	false_fusion:Sense-Antisense	10GB	95%	FusionSeeker
8	negative	ENSG00000235665:ENSG00000236790	false_fusion	10GB	95%	FusionSeeker
5	negative	ENSG00000249797:ENSG00000250891	false_fusion	10GB	95%	FusionSeeker
3	negative	ENSG00000249797:ENSG00000250891	false_fusion	10GB	95%	FusionSeeker
3	negative	ENSG00000249797:ENSG00000250891	false_fusion	10GB	95%	FusionSeeker
39	negative	ENSG00000283228:ENSG00000182389	false_fusion	10GB	95%	FusionSeeker
4	negative	ENSG00000159147:ENSG00000249209	false_fusion	10GB	95%	FusionSeeker
4	negative	ENSG00000013297:ENSG00000285218	false_fusion	10GB	95%	FusionSeeker
7	negative	ENSG00000138185:ENSG00000226688	false_fusion	10GB	95%	FusionSeeker
4	negative	ENSG00000283098:ENSG00000258661	false_fusion:Sense-Antisense	10GB	95%	FusionSeeker
7	negative	ENSG00000258483:ENSG00000259199	false_fusion:Sense-Antisense	10GB	95%	FusionSeeker
4	negative	ENSG00000234224:ENSG00000242593	false_fusion:Sense-Antisense	10GB	95%	FusionSeeker
6	negative	ENSG00000139287:ENSG00000072657	false_fusion	10GB	95%	FusionSeeker
14	negative	ENSG00000286577:ENSG00000185261	false_fusion:Sense-Antisense	10GB	95%	FusionSeeker
10	negative	ENSG00000285550:ENSG00000267337	false_fusion:Sense-Antisense	10GB	95%	FusionSeeker
2	negative	ENSG00000285550:ENSG00000267337	false_fusion:Sense-Antisense	10GB	95%	FusionSeeker
44	negative	ENSG00000227028:ENSG00000183023	false_fusion	10GB	95%	FusionSeeker
2	negative	ENSG00000099810:ENSG00000264545	false_fusion	10GB	95%	FusionSeeker
3	negative	ENSG00000135269:ENSG00000237813	false_fusion:Sense-Antisense	10GB	95%	FusionSeeker
2	negative	ENSG00000131374:ENSG00000182568	false_fusion	10GB	95%	FusionSeeker
3	negative	ENSG00000007372:ENSG00000285283	false_fusion:Sense-Antisense	10GB	95%	FusionSeeker
3	negative	ENSG00000169946:ENSG00000251003	false_fusion	10GB	95%	FusionSeeker
18	negative	ENSG00000260364:ENSG00000261742	false_fusion:Sense-Antisense	10GB	95%	FusionSeeker
3	negative	ENSG00000248049:ENSG00000198092	false_fusion	10GB	95%	FusionSeeker
4	negative	ENSG00000091164:ENSG00000091157	false_fusion	10GB	95%	FusionSeeker
5	negative	ENSG00000013503:ENSG00000257545	false_fusion:Sense-Antisense	10GB	95%	FusionSeeker
4	negative	ENSG00000013503:ENSG00000257545	false_fusion:Sense-Antisense	10GB	95%	FusionSeeker
16	negative	ENSG00000106066:ENSG00000106069	false_fusion	10GB	95%	FusionSeeker
2	negative	ENSG00000106066:ENSG00000106069	false_fusion	10GB	95%	FusionSeeker
16	negative	ENSG00000187391:ENSG00000234456	false_fusion	10GB	95%	FusionSeeker
2	negative	ENSG00000221947:ENSG00000285579	false_fusion	10GB	95%	FusionSeeker
5	negative	ENSG00000053254:ENSG00000259053	false_fusion	10GB	95%	FusionSeeker
4	negative	ENSG00000085871:ENSG00000196782	false_fusion	10GB	95%	FusionSeeker
2	negative	ENSG00000283839:ENSG00000170396	false_fusion:Sense-Antisense	10GB	95%	FusionSeeker
4	negative	ENSG00000285673:ENSG00000271955	false_fusion:Sense-Antisense	10GB	95%	FusionSeeker
5	negative	ENSG00000153093:ENSG00000172965	false_fusion	10GB	95%	FusionSeeker
2	negative	ENSG00000283563:ENSG00000144642	false_fusion	10GB	95%	FusionSeeker
6	negative	ENSG00000187398:ENSG00000283563	false_fusion	10GB	95%	FusionSeeker
5	negative	ENSG00000187398:ENSG00000144642	false_fusion	10GB	95%	FusionSeeker
22	negative	ENSG00000141376:ENSG00000267131	false_fusion:Sense-Antisense	10GB	95%	FusionSeeker
9	negative	ENSG00000102174:ENSG00000289084	false_fusion:Sense-Antisense	10GB	95%	FusionSeeker
7	negative	ENSG00000248238:ENSG00000248515	false_fusion:Sense-Antisense	10GB	95%	FusionSeeker
2	negative	ENSG00000236708:ENSG00000146555	false_fusion	10GB	95%	FusionSeeker
2	negative	ENSG00000254180:ENSG00000253394	false_fusion:Sense-Antisense	10GB	95%	FusionSeeker
2	negative	ENSG00000250167:ENSG00000145832	false_fusion	10GB	95%	FusionSeeker
3	negative	ENSG00000197584:ENSG00000237978	false_fusion	10GB	95%	FusionSeeker
7	negative	ENSG00000166268:ENSG00000257815	false_fusion	10GB	95%	FusionSeeker
5	negative	ENSG00000128918:ENSG00000166035	false_fusion	10GB	95%	FusionSeeker
4	negative	ENSG00000128918:ENSG00000166035	false_fusion	10GB	95%	FusionSeeker
5	negative	ENSG00000260971:ENSG00000284686	false_fusion	10GB	95%	FusionSeeker
3	negative	ENSG00000260971:ENSG00000284686	false_fusion	10GB	95%	FusionSeeker
2	negative	ENSG00000260971:ENSG00000284686	false_fusion	10GB	95%	FusionSeeker
2	negative	ENSG00000257842:ENSG00000258081	false_fusion	10GB	95%	FusionSeeker
4	negative	ENSG00000102290:ENSG00000099715	false_fusion	10GB	95%	FusionSeeker
4	negative	ENSG00000068796:ENSG00000288643	false_fusion	10GB	95%	FusionSeeker
5	negative	ENSG00000233928:ENSG00000233571	false_fusion:Sense-Antisense	10GB	95%	FusionSeeker
2	negative	ENSG00000129159:ENSG00000129158	false_fusion	10GB	95%	FusionSeeker
4	negative	ENSG00000108684:ENSG00000263571	false_fusion:Sense-Antisense	10GB	95%	FusionSeeker
4	negative	ENSG00000286147:ENSG00000155011	false_fusion:Sense-Antisense	10GB	95%	FusionSeeker
2	negative	ENSG00000286147:ENSG00000155011	false_fusion:Sense-Antisense	10GB	95%	FusionSeeker
7	negative	ENSG00000244265:ENSG00000239265	false_fusion	10GB	95%	FusionSeeker
8	negative	ENSG00000287700:ENSG00000233928	false_fusion:Sense-Antisense	10GB	95%	FusionSeeker
3	negative	ENSG00000237461:ENSG00000255145	false_fusion	10GB	95%	FusionSeeker
5	negative	ENSG00000259905:ENSG00000286110	false_fusion	10GB	95%	FusionSeeker
2	negative	ENSG00000182667:ENSG00000183715	false_fusion	10GB	95%	FusionSeeker
2	negative	ENSG00000182667:ENSG00000183715	false_fusion	10GB	95%	FusionSeeker
5	negative	ENSG00000219545:ENSG00000283549	false_fusion	10GB	95%	FusionSeeker
2	negative	ENSG00000101384:ENSG00000270792	false_fusion:Sense-Antisense	10GB	95%	FusionSeeker
4	negative	ENSG00000130962:ENSG00000156298	false_fusion	10GB	95%	FusionSeeker
3	negative	ENSG00000047936:ENSG00000282218	false_fusion	10GB	95%	FusionSeeker
3	negative	ENSG00000203727:ENSG00000227681	false_fusion	10GB	95%	FusionSeeker
2	negative	ENSG00000145216:ENSG00000134853	false_fusion	10GB	95%	FusionSeeker
2	negative	ENSG00000246859:ENSG00000134986	false_fusion	10GB	95%	FusionSeeker
4	negative	ENSG00000137449:ENSG00000249252	false_fusion	10GB	95%	FusionSeeker
2	negative	ENSG00000136160:ENSG00000234377	false_fusion	10GB	95%	FusionSeeker
4	negative	ENSG00000285082:ENSG00000284977	false_fusion	10GB	95%	FusionSeeker
2	negative	ENSG00000264031:ENSG00000176927	false_fusion	10GB	95%	FusionSeeker
3	negative	ENSG00000285844:ENSG00000185760	false_fusion	10GB	95%	FusionSeeker
2	negative	ENSG00000287921:ENSG00000183780	false_fusion:Sense-Antisense	10GB	95%	FusionSeeker
2	negative	ENSG00000173077:ENSG00000228714	false_fusion:Sense-Antisense	10GB	95%	FusionSeeker
10	negative	ENSG00000285216:ENSG00000285219	false_fusion	1GB	85%	FusionSeeker
2	negative	ENSG00000285216:ENSG00000285219	false_fusion	1GB	85%	FusionSeeker
2	negative	ENSG00000285216:ENSG00000285219	false_fusion	1GB	85%	FusionSeeker
2	negative	ENSG00000227028:ENSG00000183023	false_fusion	1GB	85%	FusionSeeker
2	negative	ENSG00000227028:ENSG00000183023	false_fusion	1GB	85%	FusionSeeker
2	negative	ENSG00000254180:ENSG00000253394	false_fusion:Sense-Antisense	1GB	85%	FusionSeeker
2	negative	ENSG00000242527:ENSG00000197756	false_fusion	1GB	85%	FusionSeeker
2	negative	ENSG00000122406:ENSG00000117598	false_fusion	1GB	85%	FusionSeeker
4	negative	ENSG00000247416:ENSG00000149294	false_fusion:Sense-Antisense	1GB	85%	FusionSeeker
2	negative	ENSG00000285550:ENSG00000267337	false_fusion:Sense-Antisense	1GB	85%	FusionSeeker
4	negative	ENSG00000285216:ENSG00000285219	false_fusion	1GB	90%	FusionSeeker
3	negative	ENSG00000285216:ENSG00000285219	false_fusion	1GB	90%	FusionSeeker
2	negative	ENSG00000285216:ENSG00000285219	false_fusion	1GB	90%	FusionSeeker
2	negative	ENSG00000285216:ENSG00000285219	false_fusion	1GB	90%	FusionSeeker
2	negative	ENSG00000285216:ENSG00000285219	false_fusion	1GB	90%	FusionSeeker
2	negative	ENSG00000285550:ENSG00000267337	false_fusion:Sense-Antisense	1GB	90%	FusionSeeker
2	negative	ENSG00000227028:ENSG00000183023	false_fusion	1GB	90%	FusionSeeker
5	negative	ENSG00000283228:ENSG00000182389	false_fusion	1GB	90%	FusionSeeker
3	negative	ENSG00000013503:ENSG00000257545	false_fusion:Sense-Antisense	1GB	90%	FusionSeeker
2	negative	ENSG00000260364:ENSG00000261742	false_fusion:Sense-Antisense	1GB	90%	FusionSeeker
2	negative	ENSG00000128918:ENSG00000166035	false_fusion	1GB	90%	FusionSeeker
2	negative	ENSG00000219545:ENSG00000283549	false_fusion	1GB	90%	FusionSeeker
4	negative	ENSG00000141376:ENSG00000267131	false_fusion:Sense-Antisense	1GB	90%	FusionSeeker
2	negative	ENSG00000187391:ENSG00000234456	false_fusion	1GB	90%	FusionSeeker
2	negative	ENSG00000287700:ENSG00000233928	false_fusion:Sense-Antisense	1GB	90%	FusionSeeker
2	negative	ENSG00000244265:ENSG00000239265	false_fusion	1GB	90%	FusionSeeker
2	negative	ENSG00000285971:ENSG00000185942	false_fusion:Sense-Antisense	1GB	90%	FusionSeeker
2	negative	ENSG00000182667:ENSG00000183715	false_fusion	1GB	90%	FusionSeeker
4	negative	ENSG00000285216:ENSG00000285219	false_fusion	1GB	95%	FusionSeeker
3	negative	ENSG00000285216:ENSG00000285219	false_fusion	1GB	95%	FusionSeeker
2	negative	ENSG00000285216:ENSG00000285219	false_fusion	1GB	95%	FusionSeeker
2	negative	ENSG00000285216:ENSG00000285219	false_fusion	1GB	95%	FusionSeeker
2	negative	ENSG00000285216:ENSG00000285219	false_fusion	1GB	95%	FusionSeeker
2	negative	ENSG00000285550:ENSG00000267337	false_fusion:Sense-Antisense	1GB	95%	FusionSeeker
2	negative	ENSG00000227028:ENSG00000183023	false_fusion	1GB	95%	FusionSeeker
5	negative	ENSG00000283228:ENSG00000182389	false_fusion	1GB	95%	FusionSeeker
3	negative	ENSG00000013503:ENSG00000257545	false_fusion:Sense-Antisense	1GB	95%	FusionSeeker
2	negative	ENSG00000260364:ENSG00000261742	false_fusion:Sense-Antisense	1GB	95%	FusionSeeker
2	negative	ENSG00000128918:ENSG00000166035	false_fusion	1GB	95%	FusionSeeker
2	negative	ENSG00000219545:ENSG00000283549	false_fusion	1GB	95%	FusionSeeker
4	negative	ENSG00000141376:ENSG00000267131	false_fusion:Sense-Antisense	1GB	95%	FusionSeeker
2	negative	ENSG00000187391:ENSG00000234456	false_fusion	1GB	95%	FusionSeeker
2	negative	ENSG00000287700:ENSG00000233928	false_fusion:Sense-Antisense	1GB	95%	FusionSeeker
2	negative	ENSG00000244265:ENSG00000239265	false_fusion	1GB	95%	FusionSeeker
2	negative	ENSG00000285971:ENSG00000185942	false_fusion:Sense-Antisense	1GB	95%	FusionSeeker
2	negative	ENSG00000182667:ENSG00000183715	false_fusion	1GB	95%	FusionSeeker
8	positive	ENSG00000131469:ENSG00000143951	false_fusion	100GB	85%	FusionSeeker
764	positive	ENSG00000285216:ENSG00000285219	false_fusion	100GB	85%	FusionSeeker
158	positive	ENSG00000285216:ENSG00000285219	false_fusion	100GB	85%	FusionSeeker
127	positive	ENSG00000285216:ENSG00000285219	false_fusion	100GB	85%	FusionSeeker
117	positive	ENSG00000285216:ENSG00000285219	false_fusion	100GB	85%	FusionSeeker
57	positive	ENSG00000285216:ENSG00000285219	false_fusion	100GB	85%	FusionSeeker
58	positive	ENSG00000285216:ENSG00000285219	false_fusion	100GB	85%	FusionSeeker
83	positive	ENSG00000285216:ENSG00000285219	false_fusion	100GB	85%	FusionSeeker
141	positive	ENSG00000285216:ENSG00000285219	false_fusion	100GB	85%	FusionSeeker
26	positive	ENSG00000285216:ENSG00000285219	false_fusion	100GB	85%	FusionSeeker
21	positive	ENSG00000285216:ENSG00000285219	false_fusion	100GB	85%	FusionSeeker
19	positive	ENSG00000285216:ENSG00000285219	false_fusion	100GB	85%	FusionSeeker
18	positive	ENSG00000285216:ENSG00000285219	false_fusion	100GB	85%	FusionSeeker
15	positive	ENSG00000285216:ENSG00000285219	false_fusion	100GB	85%	FusionSeeker
8	positive	ENSG00000285216:ENSG00000285219	false_fusion	100GB	85%	FusionSeeker
5	positive	ENSG00000285216:ENSG00000285219	false_fusion	100GB	85%	FusionSeeker
5	positive	ENSG00000285216:ENSG00000285219	false_fusion	100GB	85%	FusionSeeker
2	positive	ENSG00000285216:ENSG00000285219	false_fusion	100GB	85%	FusionSeeker
2	positive	ENSG00000285216:ENSG00000285219	false_fusion	100GB	85%	FusionSeeker
2	positive	ENSG00000285216:ENSG00000285219	false_fusion	100GB	85%	FusionSeeker
2	positive	ENSG00000285216:ENSG00000285219	false_fusion	100GB	85%	FusionSeeker
126	positive	ENSG00000258583:ENSG00000071082	false_fusion	100GB	85%	FusionSeeker
25	positive	ENSG00000260840:ENSG00000093072	truncated_tri_fusion	100GB	85%	FusionSeeker
3	positive	ENSG00000087086:ENSG00000197099	false_fusion	100GB	85%	FusionSeeker
2	positive	ENSG00000197249:ENSG00000167526	false_fusion	100GB	85%	FusionSeeker
2	positive	ENSG00000197249:ENSG00000167526	false_fusion	100GB	85%	FusionSeeker
57	positive	ENSG00000129515:ENSG00000105372	false_fusion	100GB	85%	FusionSeeker
5	positive	ENSG00000172264:ENSG00000286546	false_fusion:Sense-Antisense	100GB	85%	FusionSeeker
5	positive	ENSG00000172264:ENSG00000286546	false_fusion:Sense-Antisense	100GB	85%	FusionSeeker
2	positive	ENSG00000172264:ENSG00000286546	false_fusion:Sense-Antisense	100GB	85%	FusionSeeker
2	positive	ENSG00000172264:ENSG00000286546	false_fusion:Sense-Antisense	100GB	85%	FusionSeeker
3	positive	ENSG00000163631:ENSG00000210082	false_fusion:mitochondrial_genomic	100GB	85%	FusionSeeker
46	positive	ENSG00000128918:ENSG00000204661	false_fusion	100GB	85%	FusionSeeker
31	positive	ENSG00000189167:ENSG00000132570	false_fusion	100GB	85%	FusionSeeker
25	positive	ENSG00000196935:ENSG00000283625	hybrid	100GB	85%	FusionSeeker
20	positive	ENSG00000286622:ENSG00000175806	false_fusion:Sense-Antisense	100GB	85%	FusionSeeker
13	positive	ENSG00000286622:ENSG00000175806	false_fusion:Sense-Antisense	100GB	85%	FusionSeeker
5	positive	ENSG00000286622:ENSG00000175806	false_fusion:Sense-Antisense	100GB	85%	FusionSeeker
56	positive	ENSG00000178464:ENSG00000147403	false_fusion	100GB	85%	FusionSeeker
183	positive	ENSG00000247416:ENSG00000149294	false_fusion:Sense-Antisense	100GB	85%	FusionSeeker
23	positive	ENSG00000247416:ENSG00000149294	false_fusion:Sense-Antisense	100GB	85%	FusionSeeker
19	positive	ENSG00000247416:ENSG00000149294	false_fusion:Sense-Antisense	100GB	85%	FusionSeeker
261	positive	ENSG00000227028:ENSG00000183023	false_fusion	100GB	85%	FusionSeeker
32	positive	ENSG00000227028:ENSG00000183023	false_fusion	100GB	85%	FusionSeeker
39	positive	ENSG00000227028:ENSG00000183023	false_fusion	100GB	85%	FusionSeeker
16	positive	ENSG00000251600:ENSG00000164162	false_fusion	100GB	85%	FusionSeeker
2	positive	ENSG00000251600:ENSG00000164162	false_fusion	100GB	85%	FusionSeeker
2	positive	ENSG00000251600:ENSG00000164162	false_fusion	100GB	85%	FusionSeeker
2	positive	ENSG00000251600:ENSG00000164162	false_fusion	100GB	85%	FusionSeeker
175	positive	ENSG00000158987:ENSG00000145901	reverse_order: intra_chromosome	100GB	85%	FusionSeeker
27	positive	ENSG00000013503:ENSG00000257545	false_fusion:Sense-Antisense	100GB	85%	FusionSeeker
11	positive	ENSG00000013503:ENSG00000257545	false_fusion:Sense-Antisense	100GB	85%	FusionSeeker
70	positive	ENSG00000255330:ENSG00000184530	false_fusion	100GB	85%	FusionSeeker
36	positive	ENSG00000121281:ENSG00000159712	false_fusion	100GB	85%	FusionSeeker
4	positive	ENSG00000197249:ENSG00000198899	false_fusion:mitochondrial_genomic	100GB	85%	FusionSeeker
2	positive	ENSG00000197249:ENSG00000163631	false_fusion	100GB	85%	FusionSeeker
2	positive	ENSG00000197249:ENSG00000163631	false_fusion	100GB	85%	FusionSeeker
8	positive	ENSG00000171530:ENSG00000075624	false_fusion	100GB	85%	FusionSeeker
2	positive	ENSG00000171530:ENSG00000075624	false_fusion	100GB	85%	FusionSeeker
21	positive	ENSG00000264860:ENSG00000150753	reverse_order: hybrid	100GB	85%	FusionSeeker
26	positive	ENSG00000166145:ENSG00000171766	reverse_order: intra_chromosome	100GB	85%	FusionSeeker
45	positive	ENSG00000171988:ENSG00000066427	false_fusion	100GB	85%	FusionSeeker
33	positive	ENSG00000278177:ENSG00000183098	false_fusion:Sense-Antisense	100GB	85%	FusionSeeker
218	positive	ENSG00000285971:ENSG00000185942	false_fusion:Sense-Antisense	100GB	85%	FusionSeeker
6	positive	ENSG00000285971:ENSG00000185942	false_fusion:Sense-Antisense	100GB	85%	FusionSeeker
2	positive	ENSG00000285971:ENSG00000185942	false_fusion:Sense-Antisense	100GB	85%	FusionSeeker
2	positive	ENSG00000285971:ENSG00000185942	false_fusion:Sense-Antisense	100GB	85%	FusionSeeker
81	positive	ENSG00000187391:ENSG00000234456	false_fusion	100GB	85%	FusionSeeker
50	positive	ENSG00000267104:ENSG00000289809	false_fusion	100GB	85%	FusionSeeker
21	positive	ENSG00000149273:ENSG00000262898	hybrid	100GB	85%	FusionSeeker
42	positive	ENSG00000077380:ENSG00000135205	false_fusion	100GB	85%	FusionSeeker
31	positive	ENSG00000105372:ENSG00000214612	false_fusion	100GB	85%	FusionSeeker
79	positive	ENSG00000119535:ENSG00000145901	reverse_order: hybrid	100GB	85%	FusionSeeker
45	positive	ENSG00000182621:ENSG00000124155	intra_chromosome	100GB	85%	FusionSeeker
124	positive	ENSG00000285550:ENSG00000267337	false_fusion:Sense-Antisense	100GB	85%	FusionSeeker
34	positive	ENSG00000285550:ENSG00000267337	false_fusion:Sense-Antisense	100GB	85%	FusionSeeker
2	positive	ENSG00000197746:ENSG00000210082	false_fusion:mitochondrial_genomic	100GB	85%	FusionSeeker
113	positive	ENSG00000138347:ENSG00000244607	reverse_order: hybrid	100GB	85%	FusionSeeker
27	positive	ENSG00000197302:ENSG00000260737	reverse_order: intra_chromosome	100GB	85%	FusionSeeker
62	positive	ENSG00000242527:ENSG00000197756	false_fusion	100GB	85%	FusionSeeker
15	positive	ENSG00000162882:ENSG00000288886	read_through	100GB	85%	FusionSeeker
2	positive	ENSG00000156508:ENSG00000196205	false_fusion	100GB	85%	FusionSeeker
30	positive	ENSG00000248538:ENSG00000134020	reverse_order: intra_chromosome	100GB	85%	FusionSeeker
2	positive	ENSG00000158874:ENSG00000163631	false_fusion	100GB	85%	FusionSeeker
2	positive	ENSG00000158874:ENSG00000163631	false_fusion	100GB	85%	FusionSeeker
19	positive	ENSG00000147434:ENSG00000164953	intra_chromosome	100GB	85%	FusionSeeker
33	positive	ENSG00000186468:ENSG00000230629	false_fusion	100GB	85%	FusionSeeker
7	positive	ENSG00000109113:ENSG00000104951	false_fusion	100GB	85%	FusionSeeker
2	positive	ENSG00000087086:ENSG00000091513	false_fusion	100GB	85%	FusionSeeker
19	positive	ENSG00000172339:ENSG00000071894	truncated_tri_fusion	100GB	85%	FusionSeeker
3	positive	ENSG00000251600:ENSG00000285783	false_fusion:Sense-Antisense	100GB	85%	FusionSeeker
2	positive	ENSG00000251600:ENSG00000285783	false_fusion:Sense-Antisense	100GB	85%	FusionSeeker
28	positive	ENSG00000173077:ENSG00000228714	false_fusion:Sense-Antisense	100GB	85%	FusionSeeker
2	positive	ENSG00000167283:ENSG00000249256	false_fusion	100GB	85%	FusionSeeker
36	positive	ENSG00000009830:ENSG00000087258	hybrid	100GB	85%	FusionSeeker
2	positive	ENSG00000153684:ENSG00000010671	false_fusion	100GB	85%	FusionSeeker
2	positive	ENSG00000153684:ENSG00000010671	false_fusion	100GB	85%	FusionSeeker
32	positive	ENSG00000104957:ENSG00000104518	hybrid	100GB	85%	FusionSeeker
2	positive	ENSG00000197099:ENSG00000156508	false_fusion	100GB	85%	FusionSeeker
2	positive	ENSG00000197099:ENSG00000156508	false_fusion	100GB	85%	FusionSeeker
30	positive	ENSG00000282917:ENSG00000170448	false_fusion:Sense-Antisense	100GB	85%	FusionSeeker
13	positive	ENSG00000282917:ENSG00000170448	false_fusion:Sense-Antisense	100GB	85%	FusionSeeker
10	positive	ENSG00000282917:ENSG00000170448	false_fusion:Sense-Antisense	100GB	85%	FusionSeeker
2	positive	ENSG00000282917:ENSG00000170448	false_fusion:Sense-Antisense	100GB	85%	FusionSeeker
22	positive	ENSG00000187398:ENSG00000144642	false_fusion	100GB	85%	FusionSeeker
2	positive	ENSG00000187398:ENSG00000144642	false_fusion	100GB	85%	FusionSeeker
33	positive	ENSG00000128815:ENSG00000247572	false_fusion	100GB	85%	FusionSeeker
80	positive	ENSG00000260364:ENSG00000261742	false_fusion:Sense-Antisense	100GB	85%	FusionSeeker
8	positive	ENSG00000266602:ENSG00000263745	false_fusion:Sense-Antisense	100GB	85%	FusionSeeker
4	positive	ENSG00000266602:ENSG00000263745	false_fusion:Sense-Antisense	100GB	85%	FusionSeeker
3	positive	ENSG00000266602:ENSG00000263745	false_fusion:Sense-Antisense	100GB	85%	FusionSeeker
8	positive	ENSG00000156508:ENSG00000210082	false_fusion:mitochondrial_genomic	100GB	85%	FusionSeeker
2	positive	ENSG00000156508:ENSG00000210082	false_fusion:mitochondrial_genomic	100GB	85%	FusionSeeker
6	positive	ENSG00000007372:ENSG00000170919	false_fusion	100GB	85%	FusionSeeker
67	positive	ENSG00000187398:ENSG00000283563	false_fusion	100GB	85%	FusionSeeker
101	positive	ENSG00000146223:ENSG00000119899	reverse_order: intra_chromosome	100GB	85%	FusionSeeker
7	positive	ENSG00000165632:ENSG00000167526	false_fusion	100GB	85%	FusionSeeker
72	positive	ENSG00000129159:ENSG00000129158	false_fusion	100GB	85%	FusionSeeker
6	positive	ENSG00000129159:ENSG00000129158	false_fusion	100GB	85%	FusionSeeker
5	positive	ENSG00000129159:ENSG00000129158	false_fusion	100GB	85%	FusionSeeker
37	positive	ENSG00000063978:ENSG00000168556	reverse_order: intra_chromosome	100GB	85%	FusionSeeker
19	positive	ENSG00000130255:ENSG00000135250	false_fusion	100GB	85%	FusionSeeker
39	positive	ENSG00000161091:ENSG00000171863	false_fusion	100GB	85%	FusionSeeker
2	positive	ENSG00000287505:ENSG00000224957	false_fusion:Sense-Antisense	100GB	85%	FusionSeeker
29	positive	ENSG00000132122:ENSG00000179082	hybrid	100GB	85%	FusionSeeker
2	positive	ENSG00000100804:ENSG00000156508	false_fusion	100GB	85%	FusionSeeker
4	positive	ENSG00000087086:ENSG00000081051	false_fusion	100GB	85%	FusionSeeker
2	positive	ENSG00000087086:ENSG00000081051	false_fusion	100GB	85%	FusionSeeker
92	positive	ENSG00000151812:ENSG00000100744	truncated_tri_fusion	100GB	85%	FusionSeeker
81	positive	ENSG00000151812:ENSG00000253816	false_fusion	100GB	85%	FusionSeeker
42	positive	ENSG00000151812:ENSG00000239650	truncated_tri_fusion	100GB	85%	FusionSeeker
2	positive	ENSG00000151812:ENSG00000239650	truncated_tri_fusion	100GB	85%	FusionSeeker
2	positive	ENSG00000151812:ENSG00000239650	truncated_tri_fusion	100GB	85%	FusionSeeker
11	positive	ENSG00000100744:ENSG00000239650	reverse_order:truncated_tri_fusion	100GB	85%	FusionSeeker
3	positive	ENSG00000100744:ENSG00000239650	reverse_order:truncated_tri_fusion	100GB	85%	FusionSeeker
10	positive	ENSG00000253816:ENSG00000239650	false_fusion	100GB	85%	FusionSeeker
92	positive	ENSG00000283228:ENSG00000182389	false_fusion	100GB	85%	FusionSeeker
14	positive	ENSG00000228887:ENSG00000104529	false_fusion	100GB	85%	FusionSeeker
2	positive	ENSG00000087086:ENSG00000198886	false_fusion:mitochondrial_genomic	100GB	85%	FusionSeeker
84	positive	ENSG00000225127:ENSG00000013375	reverse_order: hybrid	100GB	85%	FusionSeeker
6	positive	ENSG00000115461:ENSG00000233143	false_fusion	100GB	85%	FusionSeeker
28	positive	ENSG00000152223:ENSG00000152229	read_through	100GB	85%	FusionSeeker
2	positive	ENSG00000115268:ENSG00000210082	false_fusion:mitochondrial_genomic	100GB	85%	FusionSeeker
6	positive	ENSG00000071082:ENSG00000131061	false_fusion	100GB	85%	FusionSeeker
12	positive	ENSG00000186481:ENSG00000224367	false_fusion	100GB	85%	FusionSeeker
15	positive	ENSG00000283563:ENSG00000144642	false_fusion	100GB	85%	FusionSeeker
11	positive	ENSG00000283563:ENSG00000144642	false_fusion	100GB	85%	FusionSeeker
11	positive	ENSG00000283563:ENSG00000144642	false_fusion	100GB	85%	FusionSeeker
6	positive	ENSG00000283563:ENSG00000144642	false_fusion	100GB	85%	FusionSeeker
2	positive	ENSG00000283563:ENSG00000144642	false_fusion	100GB	85%	FusionSeeker
2	positive	ENSG00000283563:ENSG00000144642	false_fusion	100GB	85%	FusionSeeker
39	positive	ENSG00000287700:ENSG00000233928	false_fusion:Sense-Antisense	100GB	85%	FusionSeeker
6	positive	ENSG00000287700:ENSG00000233928	false_fusion:Sense-Antisense	100GB	85%	FusionSeeker
4	positive	ENSG00000287700:ENSG00000233928	false_fusion:Sense-Antisense	100GB	85%	FusionSeeker
4	positive	ENSG00000287700:ENSG00000233928	false_fusion:Sense-Antisense	100GB	85%	FusionSeeker
40	positive	ENSG00000235665:ENSG00000236790	false_fusion	100GB	85%	FusionSeeker
5	positive	ENSG00000236951:ENSG00000292366	false_fusion	100GB	85%	FusionSeeker
4	positive	ENSG00000236951:ENSG00000292366	false_fusion	100GB	85%	FusionSeeker
17	positive	ENSG00000048740:ENSG00000235939	false_fusion	100GB	85%	FusionSeeker
4	positive	ENSG00000048740:ENSG00000235939	false_fusion	100GB	85%	FusionSeeker
35	positive	ENSG00000106829:ENSG00000173077	false_fusion	100GB	85%	FusionSeeker
10	positive	ENSG00000071082:ENSG00000219863	false_fusion	100GB	85%	FusionSeeker
60	positive	ENSG00000215124:ENSG00000225102	read_through	100GB	85%	FusionSeeker
68	positive	ENSG00000186487:ENSG00000138442	false_fusion	100GB	85%	FusionSeeker
2	positive	ENSG00000149273:ENSG00000156508	false_fusion	100GB	85%	FusionSeeker
4	positive	ENSG00000048544:ENSG00000255872	false_fusion	100GB	85%	FusionSeeker
179	positive	ENSG00000141376:ENSG00000267131	false_fusion:Sense-Antisense	100GB	85%	FusionSeeker
56	positive	ENSG00000255248:ENSG00000283154	false_fusion	100GB	85%	FusionSeeker
26	positive	ENSG00000157916:ENSG00000205835	hybrid	100GB	85%	FusionSeeker
32	positive	ENSG00000036672:ENSG00000140459	false_fusion	100GB	85%	FusionSeeker
9	positive	ENSG00000102780:ENSG00000170231	false_fusion	100GB	85%	FusionSeeker
48	positive	ENSG00000088298:ENSG00000170231	reverse_order:truncated_tri_fusion	100GB	85%	FusionSeeker
42	positive	ENSG00000102780:ENSG00000088298	false_fusion	100GB	85%	FusionSeeker
2	positive	ENSG00000167526:ENSG00000087086	false_fusion	100GB	85%	FusionSeeker
17	positive	ENSG00000248238:ENSG00000248515	false_fusion:Sense-Antisense	100GB	85%	FusionSeeker
7	positive	ENSG00000248238:ENSG00000248515	false_fusion:Sense-Antisense	100GB	85%	FusionSeeker
5	positive	ENSG00000248238:ENSG00000248515	false_fusion:Sense-Antisense	100GB	85%	FusionSeeker
31	positive	ENSG00000291093:ENSG00000096746	intra_chromosome	100GB	85%	FusionSeeker
3	positive	ENSG00000221983:ENSG00000189376	false_fusion	100GB	85%	FusionSeeker
3	positive	ENSG00000273259:ENSG00000210082	false_fusion:mitochondrial_genomic	100GB	85%	FusionSeeker
108	positive	ENSG00000168676:ENSG00000198677	truncated_tri_fusion	100GB	85%	FusionSeeker
2	positive	ENSG00000091513:ENSG00000210082	false_fusion:mitochondrial_genomic	100GB	85%	FusionSeeker
2	positive	ENSG00000091513:ENSG00000210082	false_fusion:mitochondrial_genomic	100GB	85%	FusionSeeker
67	positive	ENSG00000074219:ENSG00000236172	hybrid	100GB	85%	FusionSeeker
18	positive	ENSG00000286147:ENSG00000155011	false_fusion:Sense-Antisense	100GB	85%	FusionSeeker
3	positive	ENSG00000286147:ENSG00000155011	false_fusion:Sense-Antisense	100GB	85%	FusionSeeker
32	positive	ENSG00000159023:ENSG00000131469	false_fusion	100GB	85%	FusionSeeker
27	positive	ENSG00000249797:ENSG00000250891	false_fusion	100GB	85%	FusionSeeker
27	positive	ENSG00000249797:ENSG00000250891	false_fusion	100GB	85%	FusionSeeker
27	positive	ENSG00000249797:ENSG00000250891	false_fusion	100GB	85%	FusionSeeker
14	positive	ENSG00000249797:ENSG00000250891	false_fusion	100GB	85%	FusionSeeker
17	positive	ENSG00000249797:ENSG00000250891	false_fusion	100GB	85%	FusionSeeker
8	positive	ENSG00000249797:ENSG00000250891	false_fusion	100GB	85%	FusionSeeker
28	positive	ENSG00000285966:ENSG00000137818	false_fusion	100GB	85%	FusionSeeker
25	positive	ENSG00000138115:ENSG00000145216	truncated_tri_fusion	100GB	85%	FusionSeeker
22	positive	ENSG00000071082:ENSG00000213849	false_fusion	100GB	85%	FusionSeeker
20	positive	ENSG00000013297:ENSG00000285218	false_fusion	100GB	85%	FusionSeeker
41	positive	ENSG00000138771:ENSG00000287544	false_fusion	100GB	85%	FusionSeeker
41	positive	ENSG00000235597:ENSG00000138771	truncated_tri_fusion	100GB	85%	FusionSeeker
36	positive	ENSG00000235597:ENSG00000287544	false_fusion	100GB	85%	FusionSeeker
101	positive	ENSG00000161513:ENSG00000172782	read_through	100GB	85%	FusionSeeker
19	positive	ENSG00000258561:ENSG00000171723	false_fusion:Sense-Antisense	100GB	85%	FusionSeeker
18	positive	ENSG00000258561:ENSG00000171723	false_fusion:Sense-Antisense	100GB	85%	FusionSeeker
11	positive	ENSG00000258561:ENSG00000171723	false_fusion:Sense-Antisense	100GB	85%	FusionSeeker
7	positive	ENSG00000258561:ENSG00000171723	false_fusion:Sense-Antisense	100GB	85%	FusionSeeker
6	positive	ENSG00000258561:ENSG00000171723	false_fusion:Sense-Antisense	100GB	85%	FusionSeeker
31	positive	ENSG00000285212:ENSG00000198221	false_fusion:Sense-Antisense	100GB	85%	FusionSeeker
5	positive	ENSG00000197249:ENSG00000210082	false_fusion:mitochondrial_genomic	100GB	85%	FusionSeeker
4	positive	ENSG00000197249:ENSG00000210082	false_fusion:mitochondrial_genomic	100GB	85%	FusionSeeker
46	positive	ENSG00000185442:ENSG00000163930	truncated_tri_fusion	100GB	85%	FusionSeeker
34	positive	ENSG00000163930:ENSG00000128510	reverse_order:truncated_tri_fusion	100GB	85%	FusionSeeker
34	positive	ENSG00000185442:ENSG00000128510	truncated_tri_fusion	100GB	85%	FusionSeeker
42	positive	ENSG00000168288:ENSG00000231969	false_fusion	100GB	85%	FusionSeeker
37	positive	ENSG00000168288:ENSG00000231969	false_fusion	100GB	85%	FusionSeeker
45	positive	ENSG00000260706:ENSG00000259867	false_fusion:Sense-Antisense	100GB	85%	FusionSeeker
25	positive	ENSG00000260706:ENSG00000259867	false_fusion:Sense-Antisense	100GB	85%	FusionSeeker
6	positive	ENSG00000260706:ENSG00000259867	false_fusion:Sense-Antisense	100GB	85%	FusionSeeker
2	positive	ENSG00000260706:ENSG00000259867	false_fusion:Sense-Antisense	100GB	85%	FusionSeeker
17	positive	ENSG00000069329:ENSG00000164754	false_fusion	100GB	85%	FusionSeeker
13	positive	ENSG00000102290:ENSG00000099715	false_fusion	100GB	85%	FusionSeeker
13	positive	ENSG00000102290:ENSG00000099715	false_fusion	100GB	85%	FusionSeeker
8	positive	ENSG00000102290:ENSG00000099715	false_fusion	100GB	85%	FusionSeeker
7	positive	ENSG00000102290:ENSG00000099715	false_fusion	100GB	85%	FusionSeeker
3	positive	ENSG00000102290:ENSG00000099715	false_fusion	100GB	85%	FusionSeeker
233	positive	ENSG00000122406:ENSG00000117598	false_fusion	100GB	85%	FusionSeeker
7	positive	ENSG00000122406:ENSG00000117598	false_fusion	100GB	85%	FusionSeeker
3	positive	ENSG00000122406:ENSG00000117598	false_fusion	100GB	85%	FusionSeeker
39	positive	ENSG00000102977:ENSG00000242366	false_fusion	100GB	85%	FusionSeeker
67	positive	ENSG00000119720:ENSG00000178460	false_fusion	100GB	85%	FusionSeeker
2	positive	ENSG00000119720:ENSG00000178460	false_fusion	100GB	85%	FusionSeeker
32	positive	ENSG00000284906:ENSG00000147041	truncated_tri_fusion	100GB	85%	FusionSeeker
30	positive	ENSG00000166441:ENSG00000213121	false_fusion	100GB	85%	FusionSeeker
25	positive	ENSG00000188227:ENSG00000197265	reverse_order:truncated_tri_fusion	100GB	85%	FusionSeeker
21	positive	ENSG00000003393:ENSG00000282917	false_fusion	100GB	85%	FusionSeeker
10	positive	ENSG00000003393:ENSG00000282917	false_fusion	100GB	85%	FusionSeeker
2	positive	ENSG00000003393:ENSG00000282917	false_fusion	100GB	85%	FusionSeeker
90	positive	ENSG00000111231:ENSG00000071082	false_fusion	100GB	85%	FusionSeeker
29	positive	ENSG00000131037:ENSG00000125503	read_through	100GB	85%	FusionSeeker
43	positive	ENSG00000134058:ENSG00000176970	truncated_tri_fusion	100GB	85%	FusionSeeker
2	positive	ENSG00000105372:ENSG00000163631	false_fusion	100GB	85%	FusionSeeker
26	positive	ENSG00000259905:ENSG00000286110	false_fusion	100GB	85%	FusionSeeker
34	positive	ENSG00000229606:ENSG00000289577	read_through	100GB	85%	FusionSeeker
16	positive	ENSG00000071082:ENSG00000235225	false_fusion	100GB	85%	FusionSeeker
8	positive	ENSG00000277304:ENSG00000260781	false_fusion	100GB	85%	FusionSeeker
11	positive	ENSG00000277304:ENSG00000260781	false_fusion	100GB	85%	FusionSeeker
2	positive	ENSG00000277304:ENSG00000260781	false_fusion	100GB	85%	FusionSeeker
2	positive	ENSG00000277304:ENSG00000260781	false_fusion	100GB	85%	FusionSeeker
2	positive	ENSG00000277304:ENSG00000260781	false_fusion	100GB	85%	FusionSeeker
3	positive	ENSG00000229272:ENSG00000215472	false_fusion	100GB	85%	FusionSeeker
39	positive	ENSG00000285851:ENSG00000231064	false_fusion	100GB	85%	FusionSeeker
15	positive	ENSG00000248511:ENSG00000152208	false_fusion:Sense-Antisense	100GB	85%	FusionSeeker
78	positive	ENSG00000238169:ENSG00000287340	false_fusion	100GB	85%	FusionSeeker
14	positive	ENSG00000143740:ENSG00000167257	false_fusion	100GB	85%	FusionSeeker
7	positive	ENSG00000141449:ENSG00000221887	false_fusion	100GB	85%	FusionSeeker
26	positive	ENSG00000283579:ENSG00000154040	false_fusion	100GB	85%	FusionSeeker
3	positive	ENSG00000166348:ENSG00000165868	intra_chromosome	100GB	85%	FusionSeeker
25	positive	ENSG00000135517:ENSG00000136014	reverse_order:truncated_tri_fusion	100GB	85%	FusionSeeker
34	positive	ENSG00000135517:ENSG00000136014	reverse_order:truncated_tri_fusion	100GB	85%	FusionSeeker
57	positive	ENSG00000281649:ENSG00000095261	reverse_order: intra_chromosome	100GB	85%	FusionSeeker
2	positive	ENSG00000281649:ENSG00000095261	reverse_order: intra_chromosome	100GB	85%	FusionSeeker
34	positive	ENSG00000072571:ENSG00000130714	truncated_tri_fusion	100GB	85%	FusionSeeker
8	positive	ENSG00000251247:ENSG00000071082	false_fusion	100GB	85%	FusionSeeker
42	positive	ENSG00000117758:ENSG00000159176	intra_chromosome	100GB	85%	FusionSeeker
39	positive	ENSG00000124787:ENSG00000188312	false_fusion	100GB	85%	FusionSeeker
4	positive	ENSG00000124787:ENSG00000188312	false_fusion	100GB	85%	FusionSeeker
24	positive	ENSG00000133121:ENSG00000235221	false_fusion	100GB	85%	FusionSeeker
20	positive	ENSG00000221947:ENSG00000285579	false_fusion	100GB	85%	FusionSeeker
2	positive	ENSG00000091513:ENSG00000163631	false_fusion	100GB	85%	FusionSeeker
15	positive	ENSG00000166268:ENSG00000257815	false_fusion	100GB	85%	FusionSeeker
2	positive	ENSG00000057657:ENSG00000057663	false_fusion	100GB	85%	FusionSeeker
2	positive	ENSG00000057657:ENSG00000057663	false_fusion	100GB	85%	FusionSeeker
32	positive	ENSG00000105372:ENSG00000214078	truncated_tri_fusion	100GB	85%	FusionSeeker
35	positive	ENSG00000283515:ENSG00000214078	false_fusion	100GB	85%	FusionSeeker
13	positive	ENSG00000105372:ENSG00000283515	false_fusion	100GB	85%	FusionSeeker
18	positive	ENSG00000096070:ENSG00000104218	truncated_tri_fusion	100GB	85%	FusionSeeker
8	positive	ENSG00000137285:ENSG00000204054	truncated_tri_fusion	100GB	85%	FusionSeeker
5	positive	ENSG00000137285:ENSG00000204054	truncated_tri_fusion	100GB	85%	FusionSeeker
10	positive	ENSG00000236963:ENSG00000136014	truncated_tri_fusion	100GB	85%	FusionSeeker
9	positive	ENSG00000236963:ENSG00000136014	truncated_tri_fusion	100GB	85%	FusionSeeker
4	positive	ENSG00000236963:ENSG00000136014	truncated_tri_fusion	100GB	85%	FusionSeeker
28	positive	ENSG00000133121:ENSG00000272274	false_fusion	100GB	85%	FusionSeeker
35	positive	ENSG00000249884:ENSG00000115652	false_fusion	100GB	85%	FusionSeeker
40	positive	ENSG00000125462:ENSG00000243789	reverse_order:truncated_tri_fusion	100GB	85%	FusionSeeker
19	positive	ENSG00000176343:ENSG00000197756	false_fusion	100GB	85%	FusionSeeker
7	positive	ENSG00000105372:ENSG00000240052	false_fusion	100GB	85%	FusionSeeker
23	positive	ENSG00000248049:ENSG00000198092	false_fusion	100GB	85%	FusionSeeker
3	positive	ENSG00000248049:ENSG00000198092	false_fusion	100GB	85%	FusionSeeker
18	positive	ENSG00000225510:ENSG00000102471	intra_chromosome	100GB	85%	FusionSeeker
27	positive	ENSG00000005007:ENSG00000250025	false_fusion	100GB	85%	FusionSeeker
9	positive	ENSG00000164011:ENSG00000105613	reverse_order: hybrid	100GB	85%	FusionSeeker
30	positive	ENSG00000227372:ENSG00000117523	reverse_order: intra_chromosome	100GB	85%	FusionSeeker
27	positive	ENSG00000120784:ENSG00000083097	false_fusion	100GB	85%	FusionSeeker
91	positive	ENSG00000225676:ENSG00000136861	hybrid	100GB	85%	FusionSeeker
7	positive	ENSG00000233642:ENSG00000151025	false_fusion	100GB	85%	FusionSeeker
3	positive	ENSG00000233642:ENSG00000151025	false_fusion	100GB	85%	FusionSeeker
30	positive	ENSG00000177058:ENSG00000118412	truncated_tri_fusion	100GB	85%	FusionSeeker
17	positive	ENSG00000180304:ENSG00000105856	hybrid	100GB	85%	FusionSeeker
2	positive	ENSG00000167658:ENSG00000163631	false_fusion	100GB	85%	FusionSeeker
24	positive	ENSG00000139350:ENSG00000234456	reverse_order:truncated_tri_fusion	100GB	85%	FusionSeeker
8	positive	ENSG00000167900:ENSG00000229195	false_fusion	100GB	85%	FusionSeeker
23	positive	ENSG00000253917:ENSG00000205444	false_fusion	100GB	85%	FusionSeeker
35	positive	ENSG00000249209:ENSG00000142156	false_fusion	100GB	85%	FusionSeeker
9	positive	ENSG00000250855:ENSG00000249815	false_fusion:Sense-Antisense	100GB	85%	FusionSeeker
56	positive	ENSG00000148362:ENSG00000169583	read_through	100GB	85%	FusionSeeker
8	positive	ENSG00000258704:ENSG00000260850	reverse_order:truncated_tri_fusion	100GB	85%	FusionSeeker
21	positive	ENSG00000258704:ENSG00000177138	reverse_order:truncated_tri_fusion	100GB	85%	FusionSeeker
8	positive	ENSG00000260850:ENSG00000177138	truncated_tri_fusion	100GB	85%	FusionSeeker
31	positive	ENSG00000060339:ENSG00000228451	hybrid	100GB	85%	FusionSeeker
21	positive	ENSG00000198551:ENSG00000170144	truncated_tri_fusion	100GB	85%	FusionSeeker
32	positive	ENSG00000108684:ENSG00000263571	false_fusion:Sense-Antisense	100GB	85%	FusionSeeker
6	positive	ENSG00000156508:ENSG00000211459	false_fusion:mitochondrial_genomic	100GB	85%	FusionSeeker
2	positive	ENSG00000087086:ENSG00000100219	false_fusion	100GB	85%	FusionSeeker
38	positive	ENSG00000223768:ENSG00000077684	reverse_order: hybrid	100GB	85%	FusionSeeker
24	positive	ENSG00000166851:ENSG00000169814	false_fusion	100GB	85%	FusionSeeker
27	positive	ENSG00000091651:ENSG00000169814	false_fusion	100GB	85%	FusionSeeker
17	positive	ENSG00000166851:ENSG00000091651	truncated_tri_fusion	100GB	85%	FusionSeeker
30	positive	ENSG00000141499:ENSG00000285565	reverse_order: hybrid	100GB	85%	FusionSeeker
22	positive	ENSG00000140853:ENSG00000141527	false_fusion	100GB	85%	FusionSeeker
26	positive	ENSG00000141527:ENSG00000146143	false_fusion	100GB	85%	FusionSeeker
17	positive	ENSG00000140853:ENSG00000146143	reverse_order:truncated_tri_fusion	100GB	85%	FusionSeeker
102	positive	ENSG00000108094:ENSG00000085788	hybrid	100GB	85%	FusionSeeker
80	positive	ENSG00000135241:ENSG00000225612	intra_chromosome	100GB	85%	FusionSeeker
5	positive	ENSG00000156925:ENSG00000283692	false_fusion	100GB	85%	FusionSeeker
4	positive	ENSG00000156925:ENSG00000283692	false_fusion	100GB	85%	FusionSeeker
2	positive	ENSG00000156925:ENSG00000283692	false_fusion	100GB	85%	FusionSeeker
18	positive	ENSG00000003393:ENSG00000170448	reverse_order:truncated_tri_fusion	100GB	85%	FusionSeeker
14	positive	ENSG00000003393:ENSG00000170448	reverse_order:truncated_tri_fusion	100GB	85%	FusionSeeker
2	positive	ENSG00000003393:ENSG00000170448	reverse_order:truncated_tri_fusion	100GB	85%	FusionSeeker
24	positive	ENSG00000182871:ENSG00000109339	false_fusion	100GB	85%	FusionSeeker
17	positive	ENSG00000173638:ENSG00000109339	truncated_tri_fusion	100GB	85%	FusionSeeker
20	positive	ENSG00000182871:ENSG00000173638	false_fusion	100GB	85%	FusionSeeker
18	positive	ENSG00000165806:ENSG00000114779	false_fusion	100GB	85%	FusionSeeker
25	positive	ENSG00000165806:ENSG00000260995	reverse_order:truncated_tri_fusion	100GB	85%	FusionSeeker
19	positive	ENSG00000114779:ENSG00000260995	false_fusion	100GB	85%	FusionSeeker
35	positive	ENSG00000278916:ENSG00000161082	false_fusion	100GB	85%	FusionSeeker
73	positive	ENSG00000278916:ENSG00000104907	reverse_order:truncated_tri_fusion	100GB	85%	FusionSeeker
72	positive	ENSG00000161082:ENSG00000104907	false_fusion	100GB	85%	FusionSeeker
13	positive	ENSG00000287744:ENSG00000130226	false_fusion:Sense-Antisense	100GB	85%	FusionSeeker
2	positive	ENSG00000163631:ENSG00000081051	false_fusion	100GB	85%	FusionSeeker
164	positive	ENSG00000237188:ENSG00000250166	false_fusion	100GB	85%	FusionSeeker
45	positive	ENSG00000237188:ENSG00000250166	false_fusion	100GB	85%	FusionSeeker
2	positive	ENSG00000187720:ENSG00000215472	false_fusion	100GB	85%	FusionSeeker
31	positive	ENSG00000172977:ENSG00000145216	false_fusion	100GB	85%	FusionSeeker
32	positive	ENSG00000101384:ENSG00000270792	false_fusion:Sense-Antisense	100GB	85%	FusionSeeker
27	positive	ENSG00000197566:ENSG00000181523	reverse_order: intra_chromosome	100GB	85%	FusionSeeker
10	positive	ENSG00000270959:ENSG00000145012	false_fusion	100GB	85%	FusionSeeker
76	positive	ENSG00000136444:ENSG00000020256	reverse_order: hybrid	100GB	85%	FusionSeeker
8	positive	ENSG00000106399:ENSG00000219545	false_fusion	100GB	85%	FusionSeeker
2	positive	ENSG00000106399:ENSG00000219545	false_fusion	100GB	85%	FusionSeeker
10	positive	ENSG00000284962:ENSG00000230284	false_fusion	100GB	85%	FusionSeeker
28	positive	ENSG00000185664:ENSG00000251584	hybrid	100GB	85%	FusionSeeker
17	positive	ENSG00000214097:ENSG00000105819	reverse_order:truncated_tri_fusion	100GB	85%	FusionSeeker
42	positive	ENSG00000139197:ENSG00000111300	reverse_order: intra_chromosome	100GB	85%	FusionSeeker
4	positive	ENSG00000139197:ENSG00000111300	reverse_order: intra_chromosome	100GB	85%	FusionSeeker
30	positive	ENSG00000280426:ENSG00000076513	read_through	100GB	85%	FusionSeeker
36	positive	ENSG00000124523:ENSG00000124486	truncated_tri_fusion	100GB	85%	FusionSeeker
56	positive	ENSG00000138185:ENSG00000226688	false_fusion	100GB	85%	FusionSeeker
7	positive	ENSG00000138185:ENSG00000226688	false_fusion	100GB	85%	FusionSeeker
42	positive	ENSG00000103415:ENSG00000103160	intra_chromosome	100GB	85%	FusionSeeker
70	positive	ENSG00000174695:ENSG00000221886	reverse_order: intra_chromosome	100GB	85%	FusionSeeker
16	positive	ENSG00000174695:ENSG00000221886	reverse_order: intra_chromosome	100GB	85%	FusionSeeker
5	positive	ENSG00000089094:ENSG00000094631	truncated_tri_fusion	100GB	85%	FusionSeeker
7	positive	ENSG00000172380:ENSG00000232284	false_fusion	100GB	85%	FusionSeeker
4	positive	ENSG00000172380:ENSG00000232284	false_fusion	100GB	85%	FusionSeeker
28	positive	ENSG00000106066:ENSG00000106069	false_fusion	100GB	85%	FusionSeeker
52	positive	ENSG00000106066:ENSG00000106069	false_fusion	100GB	85%	FusionSeeker
9	positive	ENSG00000106066:ENSG00000106069	false_fusion	100GB	85%	FusionSeeker
3	positive	ENSG00000106066:ENSG00000106069	false_fusion	100GB	85%	FusionSeeker
8	positive	ENSG00000138311:ENSG00000285837	false_fusion	100GB	85%	FusionSeeker
42	positive	ENSG00000206384:ENSG00000196455	read_through	100GB	85%	FusionSeeker
4	positive	ENSG00000206384:ENSG00000196455	read_through	100GB	85%	FusionSeeker
4	positive	ENSG00000206384:ENSG00000196455	read_through	100GB	85%	FusionSeeker
4	positive	ENSG00000206384:ENSG00000196455	read_through	100GB	85%	FusionSeeker
2	positive	ENSG00000206384:ENSG00000196455	read_through	100GB	85%	FusionSeeker
15	positive	ENSG00000071082:ENSG00000236735	false_fusion	100GB	85%	FusionSeeker
2	positive	ENSG00000124562:ENSG00000211459	false_fusion:mitochondrial_genomic	100GB	85%	FusionSeeker
26	positive	ENSG00000114638:ENSG00000121578	read_through	100GB	85%	FusionSeeker
2	positive	ENSG00000125148:ENSG00000210082	false_fusion:mitochondrial_genomic	100GB	85%	FusionSeeker
4	positive	ENSG00000188460:ENSG00000075624	false_fusion	100GB	85%	FusionSeeker
63	positive	ENSG00000285220:ENSG00000141577	false_fusion	100GB	85%	FusionSeeker
50	positive	ENSG00000260971:ENSG00000284686	false_fusion	100GB	85%	FusionSeeker
33	positive	ENSG00000260971:ENSG00000284686	false_fusion	100GB	85%	FusionSeeker
19	positive	ENSG00000260971:ENSG00000284686	false_fusion	100GB	85%	FusionSeeker
2	positive	ENSG00000260971:ENSG00000284686	false_fusion	100GB	85%	FusionSeeker
21	positive	ENSG00000264031:ENSG00000176927	false_fusion	100GB	85%	FusionSeeker
2	positive	ENSG00000264031:ENSG00000176927	false_fusion	100GB	85%	FusionSeeker
23	positive	ENSG00000258830:ENSG00000241168	false_fusion	100GB	85%	FusionSeeker
2	positive	ENSG00000131469:ENSG00000196205	false_fusion	100GB	85%	FusionSeeker
22	positive	ENSG00000167554:ENSG00000087495	false_fusion	100GB	85%	FusionSeeker
6	positive	ENSG00000172264:ENSG00000235914	false_fusion	100GB	85%	FusionSeeker
2	positive	ENSG00000172264:ENSG00000235914	false_fusion	100GB	85%	FusionSeeker
3	positive	ENSG00000198246:ENSG00000138698	reverse_order:truncated_tri_fusion	100GB	85%	FusionSeeker
4	positive	ENSG00000136235:ENSG00000291178	reverse_order: intra_chromosome	100GB	85%	FusionSeeker
30	positive	ENSG00000101266:ENSG00000101158	reverse_order: intra_chromosome	100GB	85%	FusionSeeker
8	positive	ENSG00000101266:ENSG00000101158	reverse_order: intra_chromosome	100GB	85%	FusionSeeker
29	positive	ENSG00000143228:ENSG00000196586	reverse_order:truncated_tri_fusion	100GB	85%	FusionSeeker
2	positive	ENSG00000145425:ENSG00000156508	false_fusion	100GB	85%	FusionSeeker
27	positive	ENSG00000100211:ENSG00000204659	false_fusion	100GB	85%	FusionSeeker
55	positive	ENSG00000066322:ENSG00000175334	reverse_order:truncated_tri_fusion	100GB	85%	FusionSeeker
3	positive	ENSG00000131469:ENSG00000128585	false_fusion	100GB	85%	FusionSeeker
28	positive	ENSG00000126012:ENSG00000227083	false_fusion	100GB	85%	FusionSeeker
54	positive	ENSG00000246273:ENSG00000134802	reverse_order: intra_chromosome	100GB	85%	FusionSeeker
35	positive	ENSG00000236708:ENSG00000146555	false_fusion	100GB	85%	FusionSeeker
3	positive	ENSG00000285629:ENSG00000213653	false_fusion	100GB	85%	FusionSeeker
29	positive	ENSG00000100307:ENSG00000196236	false_fusion	100GB	85%	FusionSeeker
67	positive	ENSG00000197872:ENSG00000150722	intra_chromosome	100GB	85%	FusionSeeker
64	positive	ENSG00000206129:ENSG00000115355	false_fusion	100GB	85%	FusionSeeker
2	positive	ENSG00000068097:ENSG00000196586	truncated_tri_fusion	100GB	85%	FusionSeeker
12	positive	ENSG00000011009:ENSG00000278249	false_fusion	100GB	85%	FusionSeeker
17	positive	ENSG00000173113:ENSG00000260983	false_fusion	100GB	85%	FusionSeeker
16	positive	ENSG00000073598:ENSG00000073536	false_fusion	100GB	85%	FusionSeeker
43	positive	ENSG00000141499:ENSG00000291134	reverse_order: hybrid	100GB	85%	FusionSeeker
3	positive	ENSG00000065518:ENSG00000286891	false_fusion	100GB	85%	FusionSeeker
48	positive	ENSG00000109971:ENSG00000095209	hybrid	100GB	85%	FusionSeeker
8	positive	ENSG00000109971:ENSG00000095209	hybrid	100GB	85%	FusionSeeker
40	positive	ENSG00000136504:ENSG00000277586	truncated_tri_fusion	100GB	85%	FusionSeeker
2	positive	ENSG00000091513:ENSG00000156508	false_fusion	100GB	85%	FusionSeeker
50	positive	ENSG00000162302:ENSG00000137707	truncated_tri_fusion	100GB	85%	FusionSeeker
3	positive	ENSG00000242759:ENSG00000243701	false_fusion	100GB	85%	FusionSeeker
16	positive	ENSG00000139287:ENSG00000072657	false_fusion	100GB	85%	FusionSeeker
20	positive	ENSG00000128918:ENSG00000166035	false_fusion	100GB	85%	FusionSeeker
8	positive	ENSG00000128918:ENSG00000166035	false_fusion	100GB	85%	FusionSeeker
2	positive	ENSG00000128918:ENSG00000166035	false_fusion	100GB	85%	FusionSeeker
17	positive	ENSG00000130962:ENSG00000156298	false_fusion	100GB	85%	FusionSeeker
2	positive	ENSG00000130255:ENSG00000224476	false_fusion	100GB	85%	FusionSeeker
14	positive	ENSG00000120896:ENSG00000221947	reverse_order: intra_chromosome	100GB	85%	FusionSeeker
19	positive	ENSG00000174306:ENSG00000171109	reverse_order:truncated_tri_fusion	100GB	85%	FusionSeeker
12	positive	ENSG00000155307:ENSG00000171109	reverse_order:truncated_tri_fusion	100GB	85%	FusionSeeker
2	positive	ENSG00000155307:ENSG00000171109	reverse_order:truncated_tri_fusion	100GB	85%	FusionSeeker
2	positive	ENSG00000155307:ENSG00000171109	reverse_order:truncated_tri_fusion	100GB	85%	FusionSeeker
2	positive	ENSG00000155307:ENSG00000171109	reverse_order:truncated_tri_fusion	100GB	85%	FusionSeeker
39	positive	ENSG00000174306:ENSG00000155307	truncated_tri_fusion	100GB	85%	FusionSeeker
2	positive	ENSG00000174306:ENSG00000155307	truncated_tri_fusion	100GB	85%	FusionSeeker
23	positive	ENSG00000144724:ENSG00000109182	false_fusion	100GB	85%	FusionSeeker
8	positive	ENSG00000136235:ENSG00000276840	false_fusion	100GB	85%	FusionSeeker
41	positive	ENSG00000089157:ENSG00000231367	false_fusion	100GB	85%	FusionSeeker
51	positive	ENSG00000260840:ENSG00000148308	reverse_order:truncated_tri_fusion	100GB	85%	FusionSeeker
2	positive	ENSG00000197099:ENSG00000196205	false_fusion	100GB	85%	FusionSeeker
10	positive	ENSG00000211459:ENSG00000210082	false_fusion:mitochondrial	100GB	85%	FusionSeeker
68	positive	ENSG00000179523:ENSG00000235519	truncated_tri_fusion	100GB	85%	FusionSeeker
9	positive	ENSG00000166435:ENSG00000071082	false_fusion	100GB	85%	FusionSeeker
22	positive	ENSG00000182667:ENSG00000183715	false_fusion	100GB	85%	FusionSeeker
6	positive	ENSG00000182667:ENSG00000183715	false_fusion	100GB	85%	FusionSeeker
18	positive	ENSG00000197584:ENSG00000237978	false_fusion	100GB	85%	FusionSeeker
6	positive	ENSG00000087086:ENSG00000211459	false_fusion:mitochondrial_genomic	100GB	85%	FusionSeeker
32	positive	ENSG00000232573:ENSG00000100316	false_fusion	100GB	85%	FusionSeeker
5	positive	ENSG00000167393:ENSG00000292365	false_fusion	100GB	85%	FusionSeeker
7	positive	ENSG00000198242:ENSG00000240567	false_fusion	100GB	85%	FusionSeeker
26	positive	ENSG00000071082:ENSG00000250954	false_fusion	100GB	85%	FusionSeeker
22	positive	ENSG00000231304:ENSG00000282987	false_fusion:Sense-Antisense	100GB	85%	FusionSeeker
2	positive	ENSG00000230426:ENSG00000127955	false_fusion	100GB	85%	FusionSeeker
4	positive	ENSG00000156467:ENSG00000204272	false_fusion	100GB	85%	FusionSeeker
20	positive	ENSG00000007372:ENSG00000285283	false_fusion:Sense-Antisense	100GB	85%	FusionSeeker
2	positive	ENSG00000007372:ENSG00000285283	false_fusion:Sense-Antisense	100GB	85%	FusionSeeker
16	positive	ENSG00000231252:ENSG00000162599	false_fusion:Sense-Antisense	100GB	85%	FusionSeeker
17	positive	ENSG00000115268:ENSG00000233762	false_fusion	100GB	85%	FusionSeeker
46	positive	ENSG00000128815:ENSG00000011275	false_fusion	100GB	85%	FusionSeeker
12	positive	ENSG00000247572:ENSG00000011275	reverse_order:truncated_tri_fusion	100GB	85%	FusionSeeker
6	positive	ENSG00000215472:ENSG00000251062	false_fusion	100GB	85%	FusionSeeker
30	positive	ENSG00000167419:ENSG00000005381	read_through	100GB	85%	FusionSeeker
20	positive	ENSG00000149564:ENSG00000182993	false_fusion	100GB	85%	FusionSeeker
34	positive	ENSG00000237250:ENSG00000110002	reverse_order: hybrid	100GB	85%	FusionSeeker
2	positive	ENSG00000211459:ENSG00000198712	false_fusion:mitochondrial	100GB	85%	FusionSeeker
20	positive	ENSG00000111596:ENSG00000111727	reverse_order: intra_chromosome	100GB	85%	FusionSeeker
2	positive	ENSG00000111596:ENSG00000111727	reverse_order: intra_chromosome	100GB	85%	FusionSeeker
2	positive	ENSG00000111596:ENSG00000111727	reverse_order: intra_chromosome	100GB	85%	FusionSeeker
3	positive	ENSG00000286863:ENSG00000225087	false_fusion:Sense-Antisense	100GB	85%	FusionSeeker
4	positive	ENSG00000277304:ENSG00000260851	false_fusion	100GB	85%	FusionSeeker
2	positive	ENSG00000277304:ENSG00000260851	false_fusion	100GB	85%	FusionSeeker
41	positive	ENSG00000260781:ENSG00000260851	false_fusion	100GB	85%	FusionSeeker
36	positive	ENSG00000285844:ENSG00000185760	false_fusion	100GB	85%	FusionSeeker
25	positive	ENSG00000276043:ENSG00000188321	reverse_order: intra_chromosome	100GB	85%	FusionSeeker
24	positive	ENSG00000168591:ENSG00000114923	truncated_tri_fusion	100GB	85%	FusionSeeker
30	positive	ENSG00000274874:ENSG00000114867	false_fusion	100GB	85%	FusionSeeker
16	positive	ENSG00000270820:ENSG00000106692	false_fusion	100GB	85%	FusionSeeker
4	positive	ENSG00000270820:ENSG00000106692	false_fusion	100GB	85%	FusionSeeker
26	positive	ENSG00000142627:ENSG00000176746	truncated_tri_fusion	100GB	85%	FusionSeeker
17	positive	ENSG00000204256:ENSG00000184634	hybrid	100GB	85%	FusionSeeker
21	positive	ENSG00000168958:ENSG00000248587	false_fusion	100GB	85%	FusionSeeker
49	positive	ENSG00000230590:ENSG00000273974	false_fusion:Sense-Antisense	100GB	85%	FusionSeeker
8	positive	ENSG00000230590:ENSG00000273974	false_fusion:Sense-Antisense	100GB	85%	FusionSeeker
8	positive	ENSG00000230590:ENSG00000273974	false_fusion:Sense-Antisense	100GB	85%	FusionSeeker
7	positive	ENSG00000230590:ENSG00000273974	false_fusion:Sense-Antisense	100GB	85%	FusionSeeker
2	positive	ENSG00000230590:ENSG00000273974	false_fusion:Sense-Antisense	100GB	85%	FusionSeeker
2	positive	ENSG00000117118:ENSG00000242222	false_fusion	100GB	85%	FusionSeeker
21	positive	ENSG00000096070:ENSG00000130396	reverse_order:truncated_tri_fusion	100GB	85%	FusionSeeker
6	positive	ENSG00000231689:ENSG00000144366	false_fusion	100GB	85%	FusionSeeker
53	positive	ENSG00000237714:ENSG00000072682	false_fusion	100GB	85%	FusionSeeker
6	positive	ENSG00000237714:ENSG00000072682	false_fusion	100GB	85%	FusionSeeker
30	positive	ENSG00000285082:ENSG00000284977	false_fusion	100GB	85%	FusionSeeker
16	positive	ENSG00000285082:ENSG00000284977	false_fusion	100GB	85%	FusionSeeker
3	positive	ENSG00000285082:ENSG00000284977	false_fusion	100GB	85%	FusionSeeker
3	positive	ENSG00000285082:ENSG00000284977	false_fusion	100GB	85%	FusionSeeker
17	positive	ENSG00000260830:ENSG00000100461	intra_chromosome	100GB	85%	FusionSeeker
19	positive	ENSG00000090565:ENSG00000167207	intra_chromosome	100GB	85%	FusionSeeker
29	positive	ENSG00000171735:ENSG00000144815	reverse_order:truncated_tri_fusion	100GB	85%	FusionSeeker
115	positive	ENSG00000075975:ENSG00000132155	false_fusion	100GB	85%	FusionSeeker
24	positive	ENSG00000075975:ENSG00000132155	false_fusion	100GB	85%	FusionSeeker
17	positive	ENSG00000287921:ENSG00000183780	false_fusion:Sense-Antisense	100GB	85%	FusionSeeker
31	positive	ENSG00000181927:ENSG00000123191	false_fusion	100GB	85%	FusionSeeker
13	positive	ENSG00000181927:ENSG00000123191	false_fusion	100GB	85%	FusionSeeker
10	positive	ENSG00000137818:ENSG00000012048	false_fusion	100GB	85%	FusionSeeker
4	positive	ENSG00000197249:ENSG00000211459	false_fusion:mitochondrial_genomic	100GB	85%	FusionSeeker
3	positive	ENSG00000197249:ENSG00000211459	false_fusion:mitochondrial_genomic	100GB	85%	FusionSeeker
3	positive	ENSG00000258344:ENSG00000233680	false_fusion	100GB	85%	FusionSeeker
29	positive	ENSG00000167588:ENSG00000110887	intra_chromosome	100GB	85%	FusionSeeker
39	positive	ENSG00000164733:ENSG00000228373	reverse_order: hybrid	100GB	85%	FusionSeeker
21	positive	ENSG00000141556:ENSG00000197265	truncated_tri_fusion	100GB	85%	FusionSeeker
19	positive	ENSG00000151694:ENSG00000130714	reverse_order:truncated_tri_fusion	100GB	85%	FusionSeeker
2	positive	ENSG00000111640:ENSG00000198899	false_fusion:mitochondrial_genomic	100GB	85%	FusionSeeker
28	positive	ENSG00000183476:ENSG00000145734	reverse_order:truncated_tri_fusion	100GB	85%	FusionSeeker
19	positive	ENSG00000145734:ENSG00000124782	false_fusion	100GB	85%	FusionSeeker
32	positive	ENSG00000183476:ENSG00000124782	false_fusion	100GB	85%	FusionSeeker
17	positive	ENSG00000162302:ENSG00000196549	reverse_order:truncated_tri_fusion	100GB	85%	FusionSeeker
2	positive	ENSG00000187134:ENSG00000071082	false_fusion	100GB	85%	FusionSeeker
5	positive	ENSG00000177600:ENSG00000172421	false_fusion	100GB	85%	FusionSeeker
2	positive	ENSG00000242295:ENSG00000071082	false_fusion	100GB	85%	FusionSeeker
42	positive	ENSG00000235162:ENSG00000286520	read_through	100GB	85%	FusionSeeker
18	positive	ENSG00000167522:ENSG00000278847	false_fusion	100GB	85%	FusionSeeker
9	positive	ENSG00000149273:ENSG00000198673	false_fusion	100GB	85%	FusionSeeker
2	positive	ENSG00000149273:ENSG00000198673	false_fusion	100GB	85%	FusionSeeker
103	positive	ENSG00000213942:ENSG00000071082	false_fusion	100GB	85%	FusionSeeker
49	positive	ENSG00000256422:ENSG00000177731	reverse_order:truncated_tri_fusion	100GB	85%	FusionSeeker
7	positive	ENSG00000115290:ENSG00000104408	false_fusion	100GB	85%	FusionSeeker
5	positive	ENSG00000115290:ENSG00000104408	false_fusion	100GB	85%	FusionSeeker
4	positive	ENSG00000290945:ENSG00000163682	false_fusion	100GB	85%	FusionSeeker
27	positive	ENSG00000139278:ENSG00000108641	false_fusion	100GB	85%	FusionSeeker
10	positive	ENSG00000071909:ENSG00000124787	false_fusion	100GB	85%	FusionSeeker
2	positive	ENSG00000071909:ENSG00000124787	false_fusion	100GB	85%	FusionSeeker
9	positive	ENSG00000071909:ENSG00000188312	false_fusion	100GB	85%	FusionSeeker
17	positive	ENSG00000003393:ENSG00000145916	truncated_tri_fusion	100GB	85%	FusionSeeker
21	positive	ENSG00000003393:ENSG00000145916	truncated_tri_fusion	100GB	85%	FusionSeeker
2	positive	ENSG00000115268:ENSG00000156508	false_fusion	100GB	85%	FusionSeeker
11	positive	ENSG00000225721:ENSG00000250697	false_fusion	100GB	85%	FusionSeeker
2	positive	ENSG00000213783:ENSG00000136942	false_fusion	100GB	85%	FusionSeeker
57	positive	ENSG00000033122:ENSG00000164924	false_fusion	100GB	85%	FusionSeeker
34	positive	ENSG00000151322:ENSG00000163749	false_fusion	100GB	85%	FusionSeeker
5	positive	ENSG00000151322:ENSG00000163749	false_fusion	100GB	85%	FusionSeeker
38	positive	ENSG00000101752:ENSG00000067842	false_fusion	100GB	85%	FusionSeeker
35	positive	ENSG00000271763:ENSG00000163930	false_fusion	100GB	85%	FusionSeeker
47	positive	ENSG00000271763:ENSG00000185442	false_fusion:Sense-Antisense	100GB	85%	FusionSeeker
26	positive	ENSG00000271763:ENSG00000128510	false_fusion	100GB	85%	FusionSeeker
72	positive	ENSG00000062485:ENSG00000134326	reverse_order:truncated_tri_fusion	100GB	85%	FusionSeeker
2	positive	ENSG00000087086:ENSG00000156508	false_fusion	100GB	85%	FusionSeeker
6	positive	ENSG00000163138:ENSG00000185774	false_fusion	100GB	85%	FusionSeeker
2	positive	ENSG00000163138:ENSG00000185774	false_fusion	100GB	85%	FusionSeeker
2	positive	ENSG00000163138:ENSG00000185774	false_fusion	100GB	85%	FusionSeeker
29	positive	ENSG00000081985:ENSG00000184619	truncated_tri_fusion	100GB	85%	FusionSeeker
26	positive	ENSG00000145808:ENSG00000251680	false_fusion:Sense-Antisense	100GB	85%	FusionSeeker
23	positive	ENSG00000091164:ENSG00000091157	false_fusion	100GB	85%	FusionSeeker
5	positive	ENSG00000177954:ENSG00000011105	false_fusion	100GB	85%	FusionSeeker
26	positive	ENSG00000229586:ENSG00000225626	truncated_tri_fusion	100GB	85%	FusionSeeker
2	positive	ENSG00000273259:ENSG00000187840	false_fusion	100GB	85%	FusionSeeker
29	positive	ENSG00000088035:ENSG00000101003	reverse_order:truncated_tri_fusion	100GB	85%	FusionSeeker
13	positive	ENSG00000234129:ENSG00000101966	intra_chromosome	100GB	85%	FusionSeeker
2	positive	ENSG00000234129:ENSG00000101966	intra_chromosome	100GB	85%	FusionSeeker
2	positive	ENSG00000197756:ENSG00000211459	false_fusion:mitochondrial_genomic	100GB	85%	FusionSeeker
48	positive	ENSG00000213983:ENSG00000126777	intra_chromosome	100GB	85%	FusionSeeker
3	positive	ENSG00000157216:ENSG00000237251	false_fusion	100GB	85%	FusionSeeker
12	positive	ENSG00000102174:ENSG00000289084	false_fusion:Sense-Antisense	100GB	85%	FusionSeeker
23	positive	ENSG00000168591:ENSG00000255872	false_fusion	100GB	85%	FusionSeeker
2	positive	ENSG00000150471:ENSG00000112306	false_fusion	100GB	85%	FusionSeeker
14	positive	ENSG00000143633:ENSG00000214097	reverse_order:truncated_tri_fusion	100GB	85%	FusionSeeker
32	positive	ENSG00000291137:ENSG00000087495	false_fusion	100GB	85%	FusionSeeker
11	positive	ENSG00000291137:ENSG00000177628	false_fusion	100GB	85%	FusionSeeker
4	positive	ENSG00000175390:ENSG00000233426	false_fusion	100GB	85%	FusionSeeker
16	positive	ENSG00000119686:ENSG00000167395	truncated_tri_fusion	100GB	85%	FusionSeeker
2	positive	ENSG00000121653:ENSG00000119686	truncated_tri_fusion	100GB	85%	FusionSeeker
6	positive	ENSG00000121653:ENSG00000167395	truncated_tri_fusion	100GB	85%	FusionSeeker
29	positive	ENSG00000145216:ENSG00000134853	false_fusion	100GB	85%	FusionSeeker
3	positive	ENSG00000163631:ENSG00000156508	false_fusion	100GB	85%	FusionSeeker
2	positive	ENSG00000163631:ENSG00000156508	false_fusion	100GB	85%	FusionSeeker
2	positive	ENSG00000163631:ENSG00000211459	false_fusion:mitochondrial_genomic	100GB	85%	FusionSeeker
2	positive	ENSG00000239586:ENSG00000248587	false_fusion	100GB	85%	FusionSeeker
3	positive	ENSG00000168958:ENSG00000239586	reverse_order:truncated_tri_fusion	100GB	85%	FusionSeeker
29	positive	ENSG00000138759:ENSG00000104490	truncated_tri_fusion	100GB	85%	FusionSeeker
16	positive	ENSG00000082641:ENSG00000144668	false_fusion	100GB	85%	FusionSeeker
48	positive	ENSG00000167524:ENSG00000285171	false_fusion	100GB	85%	FusionSeeker
11	positive	ENSG00000284906:ENSG00000113758	reverse_order:truncated_tri_fusion	100GB	85%	FusionSeeker
21	positive	ENSG00000224699:ENSG00000144815	false_fusion	100GB	85%	FusionSeeker
4	positive	ENSG00000163682:ENSG00000184831	false_fusion	100GB	85%	FusionSeeker
15	positive	ENSG00000285053:ENSG00000198551	truncated_tri_fusion	100GB	85%	FusionSeeker
77	positive	ENSG00000286577:ENSG00000185261	false_fusion:Sense-Antisense	100GB	85%	FusionSeeker
19	positive	ENSG00000136160:ENSG00000234377	false_fusion	100GB	85%	FusionSeeker
16	positive	ENSG00000264569:ENSG00000169733	read_through	100GB	85%	FusionSeeker
4	positive	ENSG00000273259:ENSG00000087086	false_fusion	100GB	85%	FusionSeeker
3	positive	ENSG00000273259:ENSG00000087086	false_fusion	100GB	85%	FusionSeeker
4	positive	ENSG00000087086:ENSG00000163631	false_fusion	100GB	85%	FusionSeeker
4	positive	ENSG00000087086:ENSG00000163631	false_fusion	100GB	85%	FusionSeeker
2	positive	ENSG00000087086:ENSG00000163631	false_fusion	100GB	85%	FusionSeeker
8	positive	ENSG00000258344:ENSG00000155744	false_fusion	100GB	85%	FusionSeeker
16	positive	ENSG00000115762:ENSG00000284604	false_fusion	100GB	85%	FusionSeeker
2	positive	ENSG00000115762:ENSG00000284604	false_fusion	100GB	85%	FusionSeeker
27	positive	ENSG00000164011:ENSG00000095066	false_fusion	100GB	85%	FusionSeeker
4	positive	ENSG00000133112:ENSG00000210082	false_fusion:mitochondrial_genomic	100GB	85%	FusionSeeker
2	positive	ENSG00000133112:ENSG00000210082	false_fusion:mitochondrial_genomic	100GB	85%	FusionSeeker
4	positive	ENSG00000234741:ENSG00000166206	false_fusion	100GB	85%	FusionSeeker
13	positive	ENSG00000256879:ENSG00000172572	false_fusion	100GB	85%	FusionSeeker
2	positive	ENSG00000117598:ENSG00000234009	false_fusion	100GB	85%	FusionSeeker
5	positive	ENSG00000223786:ENSG00000272243	false_fusion:Sense-Antisense	100GB	85%	FusionSeeker
20	positive	ENSG00000068796:ENSG00000288643	false_fusion	100GB	85%	FusionSeeker
2	positive	ENSG00000284837:ENSG00000285471	false_fusion	100GB	85%	FusionSeeker
2	positive	ENSG00000197249:ENSG00000083845	false_fusion	100GB	85%	FusionSeeker
21	positive	ENSG00000258344:ENSG00000141441	false_fusion	100GB	85%	FusionSeeker
39	positive	ENSG00000267128:ENSG00000197462	false_fusion	100GB	85%	FusionSeeker
3	positive	ENSG00000267128:ENSG00000197462	false_fusion	100GB	85%	FusionSeeker
19	positive	ENSG00000246859:ENSG00000134986	false_fusion	100GB	85%	FusionSeeker
9	positive	ENSG00000258344:ENSG00000229251	false_fusion	100GB	85%	FusionSeeker
2	positive	ENSG00000197249:ENSG00000169100	false_fusion	100GB	85%	FusionSeeker
16	positive	ENSG00000243243:ENSG00000105971	false_fusion:Sense-Antisense	100GB	85%	FusionSeeker
21	positive	ENSG00000168280:ENSG00000144320	reverse_order: hybrid	100GB	85%	FusionSeeker
20	positive	ENSG00000234224:ENSG00000242593	false_fusion:Sense-Antisense	100GB	85%	FusionSeeker
2	positive	ENSG00000234224:ENSG00000242593	false_fusion:Sense-Antisense	100GB	85%	FusionSeeker
2	positive	ENSG00000234224:ENSG00000242593	false_fusion:Sense-Antisense	100GB	85%	FusionSeeker
2	positive	ENSG00000234224:ENSG00000242593	false_fusion:Sense-Antisense	100GB	85%	FusionSeeker
2	positive	ENSG00000234224:ENSG00000242593	false_fusion:Sense-Antisense	100GB	85%	FusionSeeker
7	positive	ENSG00000021645:ENSG00000258637	false_fusion:Sense-Antisense	100GB	85%	FusionSeeker
6	positive	ENSG00000021645:ENSG00000258637	false_fusion:Sense-Antisense	100GB	85%	FusionSeeker
4	positive	ENSG00000021645:ENSG00000258637	false_fusion:Sense-Antisense	100GB	85%	FusionSeeker
4	positive	ENSG00000021645:ENSG00000258637	false_fusion:Sense-Antisense	100GB	85%	FusionSeeker
4	positive	ENSG00000021645:ENSG00000258637	false_fusion:Sense-Antisense	100GB	85%	FusionSeeker
4	positive	ENSG00000021645:ENSG00000258637	false_fusion:Sense-Antisense	100GB	85%	FusionSeeker
4	positive	ENSG00000021645:ENSG00000258637	false_fusion:Sense-Antisense	100GB	85%	FusionSeeker
11	positive	ENSG00000285673:ENSG00000271955	false_fusion:Sense-Antisense	100GB	85%	FusionSeeker
16	positive	ENSG00000268416:ENSG00000137251	reverse_order:truncated_tri_fusion	100GB	85%	FusionSeeker
36	positive	ENSG00000143198:ENSG00000167881	truncated_tri_fusion	100GB	85%	FusionSeeker
15	positive	ENSG00000141449:ENSG00000166401	intra_chromosome	100GB	85%	FusionSeeker
4	positive	ENSG00000167526:ENSG00000210082	false_fusion:mitochondrial_genomic	100GB	85%	FusionSeeker
2	positive	ENSG00000167526:ENSG00000210082	false_fusion:mitochondrial_genomic	100GB	85%	FusionSeeker
27	positive	ENSG00000084623:ENSG00000256422	reverse_order:truncated_tri_fusion	100GB	85%	FusionSeeker
43	positive	ENSG00000288769:ENSG00000111907	hybrid	100GB	85%	FusionSeeker
2	positive	ENSG00000197249:ENSG00000156508	false_fusion	100GB	85%	FusionSeeker
8	positive	ENSG00000149273:ENSG00000228205	false_fusion	100GB	85%	FusionSeeker
10	positive	ENSG00000291137:ENSG00000167554	truncated_tri_fusion	100GB	85%	FusionSeeker
7	positive	ENSG00000101542:ENSG00000156482	false_fusion	100GB	85%	FusionSeeker
3	positive	ENSG00000149273:ENSG00000210082	false_fusion:mitochondrial_genomic	100GB	85%	FusionSeeker
2	positive	ENSG00000149273:ENSG00000210082	false_fusion:mitochondrial_genomic	100GB	85%	FusionSeeker
2	positive	ENSG00000253993:ENSG00000023318	false_fusion	100GB	85%	FusionSeeker
22	positive	ENSG00000165629:ENSG00000148655	reverse_order: intra_chromosome	100GB	85%	FusionSeeker
2	positive	ENSG00000181938:ENSG00000091513	false_fusion	100GB	85%	FusionSeeker
10	positive	ENSG00000130396:ENSG00000104218	truncated_tri_fusion	100GB	85%	FusionSeeker
17	positive	ENSG00000179915:ENSG00000231918	false_fusion:Sense-Antisense	100GB	85%	FusionSeeker
8	positive	ENSG00000179915:ENSG00000231918	false_fusion:Sense-Antisense	100GB	85%	FusionSeeker
28	positive	ENSG00000269692:ENSG00000273994	read_through	100GB	85%	FusionSeeker
36	positive	ENSG00000125898:ENSG00000234948	intra_chromosome	100GB	85%	FusionSeeker
28	positive	ENSG00000244754:ENSG00000233124	intra_chromosome	100GB	85%	FusionSeeker
8	positive	ENSG00000244754:ENSG00000233124	intra_chromosome	100GB	85%	FusionSeeker
2	positive	ENSG00000167658:ENSG00000096088	false_fusion	100GB	85%	FusionSeeker
5	positive	ENSG00000114302:ENSG00000114374	hybrid	100GB	85%	FusionSeeker
2	positive	ENSG00000114302:ENSG00000114374	hybrid	100GB	85%	FusionSeeker
8	positive	ENSG00000233839:ENSG00000105372	false_fusion	100GB	85%	FusionSeeker
18	positive	ENSG00000283839:ENSG00000170396	false_fusion:Sense-Antisense	100GB	85%	FusionSeeker
21	positive	ENSG00000095303:ENSG00000233616	read_through	100GB	85%	FusionSeeker
44	positive	ENSG00000033122:ENSG00000228784	false_fusion	100GB	85%	FusionSeeker
11	positive	ENSG00000066557:ENSG00000228784	truncated_tri_fusion	100GB	85%	FusionSeeker
23	positive	ENSG00000033122:ENSG00000066557	false_fusion	100GB	85%	FusionSeeker
4	positive	ENSG00000149273:ENSG00000124783	false_fusion	100GB	85%	FusionSeeker
27	positive	ENSG00000224924:ENSG00000159256	reverse_order: intra_chromosome	100GB	85%	FusionSeeker
5	positive	ENSG00000232713:ENSG00000112306	false_fusion	100GB	85%	FusionSeeker
3	positive	ENSG00000153684:ENSG00000183629	false_fusion	100GB	85%	FusionSeeker
3	positive	ENSG00000172965:ENSG00000285016	false_fusion	100GB	85%	FusionSeeker
2	positive	ENSG00000172965:ENSG00000285016	false_fusion	100GB	85%	FusionSeeker
2	positive	ENSG00000172965:ENSG00000285016	false_fusion	100GB	85%	FusionSeeker
20	positive	ENSG00000258483:ENSG00000259199	false_fusion:Sense-Antisense	100GB	85%	FusionSeeker
2	positive	ENSG00000258483:ENSG00000259199	false_fusion:Sense-Antisense	100GB	85%	FusionSeeker
2	positive	ENSG00000142534:ENSG00000211459	false_fusion:mitochondrial_genomic	100GB	85%	FusionSeeker
3	positive	ENSG00000257750:ENSG00000251138	false_fusion	100GB	85%	FusionSeeker
8	positive	ENSG00000285783:ENSG00000164162	false_fusion	100GB	85%	FusionSeeker
5	positive	ENSG00000285783:ENSG00000164162	false_fusion	100GB	85%	FusionSeeker
2	positive	ENSG00000285783:ENSG00000164162	false_fusion	100GB	85%	FusionSeeker
2	positive	ENSG00000142937:ENSG00000147403	false_fusion	100GB	85%	FusionSeeker
2	positive	ENSG00000211459:ENSG00000198886	false_fusion:mitochondrial	100GB	85%	FusionSeeker
13	positive	ENSG00000173436:ENSG00000164587	false_fusion	100GB	85%	FusionSeeker
12	positive	ENSG00000109113:ENSG00000109736	reverse_order:truncated_tri_fusion	100GB	85%	FusionSeeker
45	positive	ENSG00000119599:ENSG00000130255	false_fusion	100GB	85%	FusionSeeker
27	positive	ENSG00000213075:ENSG00000071082	false_fusion	100GB	85%	FusionSeeker
2	positive	ENSG00000114942:ENSG00000156508	false_fusion	100GB	85%	FusionSeeker
2	positive	ENSG00000236552:ENSG00000142541	false_fusion	100GB	85%	FusionSeeker
2	positive	ENSG00000115268:ENSG00000157445	false_fusion	100GB	85%	FusionSeeker
29	positive	ENSG00000102898:ENSG00000266954	false_fusion	100GB	85%	FusionSeeker
55	positive	ENSG00000108312:ENSG00000260793	read_through	100GB	85%	FusionSeeker
2	positive	ENSG00000105193:ENSG00000087086	false_fusion	100GB	85%	FusionSeeker
2	positive	ENSG00000197756:ENSG00000198938	false_fusion:mitochondrial_genomic	100GB	85%	FusionSeeker
18	positive	ENSG00000263798:ENSG00000178460	false_fusion	100GB	85%	FusionSeeker
2	positive	ENSG00000236887:ENSG00000115268	false_fusion	100GB	85%	FusionSeeker
14	positive	ENSG00000172809:ENSG00000227088	false_fusion	100GB	85%	FusionSeeker
12	positive	ENSG00000172809:ENSG00000227088	false_fusion	100GB	85%	FusionSeeker
34	positive	ENSG00000108641:ENSG00000130414	false_fusion	100GB	85%	FusionSeeker
47	positive	ENSG00000139278:ENSG00000130414	false_fusion	100GB	85%	FusionSeeker
12	positive	ENSG00000237461:ENSG00000255145	false_fusion	100GB	85%	FusionSeeker
3	positive	ENSG00000237461:ENSG00000255145	false_fusion	100GB	85%	FusionSeeker
3	positive	ENSG00000104714:ENSG00000198010	false_fusion	100GB	85%	FusionSeeker
3	positive	ENSG00000104714:ENSG00000198010	false_fusion	100GB	85%	FusionSeeker
41	positive	ENSG00000226711:ENSG00000119314	reverse_order: hybrid	100GB	85%	FusionSeeker
50	positive	ENSG00000136297:ENSG00000106628	reverse_order: intra_chromosome	100GB	85%	FusionSeeker
28	positive	ENSG00000136297:ENSG00000106628	reverse_order: intra_chromosome	100GB	85%	FusionSeeker
5	positive	ENSG00000119720:ENSG00000263798	false_fusion	100GB	85%	FusionSeeker
4	positive	ENSG00000081051:ENSG00000210082	false_fusion:mitochondrial_genomic	100GB	85%	FusionSeeker
24	positive	ENSG00000047936:ENSG00000282218	false_fusion	100GB	85%	FusionSeeker
16	positive	ENSG00000141556:ENSG00000188227	truncated_tri_fusion	100GB	85%	FusionSeeker
2	positive	ENSG00000273259:ENSG00000163631	false_fusion	100GB	85%	FusionSeeker
2	positive	ENSG00000273259:ENSG00000163631	false_fusion	100GB	85%	FusionSeeker
35	positive	ENSG00000140853:ENSG00000198677	reverse_order:truncated_tri_fusion	100GB	85%	FusionSeeker
22	positive	ENSG00000143891:ENSG00000132300	intra_chromosome	100GB	85%	FusionSeeker
2	positive	ENSG00000143891:ENSG00000132300	intra_chromosome	100GB	85%	FusionSeeker
13	positive	ENSG00000087086:ENSG00000210082	false_fusion:mitochondrial_genomic	100GB	85%	FusionSeeker
5	positive	ENSG00000167393:ENSG00000237040	chromosomal_misalignment:intra_chromosome	100GB	85%	FusionSeeker
2	positive	ENSG00000087086:ENSG00000169908	false_fusion	100GB	85%	FusionSeeker
28	positive	ENSG00000153291:ENSG00000146282	reverse_order: intra_chromosome	100GB	85%	FusionSeeker
4	positive	ENSG00000153291:ENSG00000146282	reverse_order: intra_chromosome	100GB	85%	FusionSeeker
32	positive	ENSG00000289397:ENSG00000178997	false_fusion	100GB	85%	FusionSeeker
2	positive	ENSG00000261739:ENSG00000188626	false_fusion	100GB	85%	FusionSeeker
13	positive	ENSG00000261739:ENSG00000186115	false_fusion	100GB	85%	FusionSeeker
5	positive	ENSG00000261739:ENSG00000267392	false_fusion	100GB	85%	FusionSeeker
3	positive	ENSG00000186115:ENSG00000267392	false_fusion	100GB	85%	FusionSeeker
8	positive	ENSG00000114923:ENSG00000255872	false_fusion	100GB	85%	FusionSeeker
2	positive	ENSG00000231500:ENSG00000241204	false_fusion	100GB	85%	FusionSeeker
2	positive	ENSG00000100888:ENSG00000221983	false_fusion	100GB	85%	FusionSeeker
55	positive	ENSG00000267128:ENSG00000141576	false_fusion	100GB	85%	FusionSeeker
34	positive	ENSG00000151694:ENSG00000185798	truncated_tri_fusion	100GB	85%	FusionSeeker
2	positive	ENSG00000225721:ENSG00000165006	false_fusion	100GB	85%	FusionSeeker
2	positive	ENSG00000215472:ENSG00000210082	false_fusion:mitochondrial_genomic	100GB	85%	FusionSeeker
2	positive	ENSG00000171560:ENSG00000210082	false_fusion:mitochondrial_genomic	100GB	85%	FusionSeeker
4	positive	ENSG00000169084:ENSG00000292338	false_fusion	100GB	85%	FusionSeeker
2	positive	ENSG00000169084:ENSG00000292338	false_fusion	100GB	85%	FusionSeeker
2	positive	ENSG00000169084:ENSG00000292338	false_fusion	100GB	85%	FusionSeeker
6	positive	ENSG00000174891:ENSG00000276535	false_fusion	100GB	85%	FusionSeeker
20	positive	ENSG00000223631:ENSG00000284659	read_through	100GB	85%	FusionSeeker
15	positive	ENSG00000187720:ENSG00000003393	truncated_tri_fusion	100GB	85%	FusionSeeker
5	positive	ENSG00000245384:ENSG00000248242	false_fusion:Sense-Antisense	100GB	85%	FusionSeeker
2	positive	ENSG00000167526:ENSG00000163631	false_fusion	100GB	85%	FusionSeeker
21	positive	ENSG00000100767:ENSG00000285219	false_fusion	100GB	85%	FusionSeeker
19	positive	ENSG00000095794:ENSG00000289039	reverse_order: intra_chromosome	100GB	85%	FusionSeeker
3	positive	ENSG00000095794:ENSG00000289039	reverse_order: intra_chromosome	100GB	85%	FusionSeeker
4	positive	ENSG00000291100:ENSG00000132170	truncated_tri_fusion	100GB	85%	FusionSeeker
32	positive	ENSG00000181786:ENSG00000132170	reverse_order:truncated_tri_fusion	100GB	85%	FusionSeeker
4	positive	ENSG00000181786:ENSG00000291100	reverse_order:truncated_tri_fusion	100GB	85%	FusionSeeker
2	positive	ENSG00000173726:ENSG00000291136	false_fusion	100GB	85%	FusionSeeker
28	positive	ENSG00000187498:ENSG00000154240	truncated_tri_fusion	100GB	85%	FusionSeeker
15	positive	ENSG00000185721:ENSG00000221963	false_fusion	100GB	85%	FusionSeeker
13	positive	ENSG00000185721:ENSG00000221963	false_fusion	100GB	85%	FusionSeeker
3	positive	ENSG00000185721:ENSG00000221963	false_fusion	100GB	85%	FusionSeeker
3	positive	ENSG00000185721:ENSG00000221963	false_fusion	100GB	85%	FusionSeeker
8	positive	ENSG00000124333:ENSG00000235059	false_fusion	100GB	85%	FusionSeeker
12	positive	ENSG00000130255:ENSG00000042062	false_fusion	100GB	85%	FusionSeeker
2	positive	ENSG00000065911:ENSG00000181260	false_fusion	100GB	85%	FusionSeeker
3	positive	ENSG00000214541:ENSG00000102309	false_fusion	100GB	85%	FusionSeeker
5	positive	ENSG00000255502:ENSG00000118960	truncated_tri_fusion	100GB	85%	FusionSeeker
30	positive	ENSG00000148604:ENSG00000100811	hybrid	100GB	85%	FusionSeeker
34	positive	ENSG00000137807:ENSG00000173166	reverse_order: hybrid	100GB	85%	FusionSeeker
55	positive	ENSG00000059915:ENSG00000107874	false_fusion	100GB	85%	FusionSeeker
8	positive	ENSG00000285370:ENSG00000230284	false_fusion	100GB	85%	FusionSeeker
14	positive	ENSG00000223745:ENSG00000185829	false_fusion	100GB	85%	FusionSeeker
2	positive	ENSG00000177600:ENSG00000258289	false_fusion	100GB	85%	FusionSeeker
2	positive	ENSG00000262583:ENSG00000205084	false_fusion	100GB	85%	FusionSeeker
2	positive	ENSG00000177600:ENSG00000244331	false_fusion	100GB	85%	FusionSeeker
30	positive	ENSG00000188580:ENSG00000236548	false_fusion	100GB	85%	FusionSeeker
11	positive	ENSG00000188580:ENSG00000236548	false_fusion	100GB	85%	FusionSeeker
6	positive	ENSG00000188580:ENSG00000236548	false_fusion	100GB	85%	FusionSeeker
4	positive	ENSG00000188580:ENSG00000236548	false_fusion	100GB	85%	FusionSeeker
2	positive	ENSG00000188580:ENSG00000236548	false_fusion	100GB	85%	FusionSeeker
2	positive	ENSG00000081051:ENSG00000156508	false_fusion	100GB	85%	FusionSeeker
2	positive	ENSG00000081051:ENSG00000156508	false_fusion	100GB	85%	FusionSeeker
20	positive	ENSG00000228784:ENSG00000164924	reverse_order:truncated_tri_fusion	100GB	85%	FusionSeeker
37	positive	ENSG00000204929:ENSG00000198363	false_fusion	100GB	85%	FusionSeeker
5	positive	ENSG00000204929:ENSG00000198363	false_fusion	100GB	85%	FusionSeeker
2	positive	ENSG00000111728:ENSG00000250166	false_fusion	100GB	85%	FusionSeeker
4	positive	ENSG00000289809:ENSG00000015676	false_fusion	100GB	85%	FusionSeeker
7	positive	ENSG00000071082:ENSG00000241281	false_fusion	100GB	85%	FusionSeeker
11	positive	ENSG00000233913:ENSG00000147403	false_fusion	100GB	85%	FusionSeeker
3	positive	ENSG00000086758:ENSG00000292336	false_fusion	100GB	85%	FusionSeeker
2	positive	ENSG00000086758:ENSG00000292336	false_fusion	100GB	85%	FusionSeeker
3	positive	ENSG00000225573:ENSG00000136942	false_fusion	100GB	85%	FusionSeeker
6	positive	ENSG00000197249:ENSG00000087086	false_fusion	100GB	85%	FusionSeeker
3	positive	ENSG00000197249:ENSG00000087086	false_fusion	100GB	85%	FusionSeeker
2	positive	ENSG00000125691:ENSG00000163631	false_fusion	100GB	85%	FusionSeeker
23	positive	ENSG00000183629:ENSG00000010671	reverse_order:truncated_tri_fusion	100GB	85%	FusionSeeker
6	positive	ENSG00000230590:ENSG00000275254	false_fusion:Sense-Antisense	100GB	85%	FusionSeeker
5	positive	ENSG00000230590:ENSG00000275254	false_fusion:Sense-Antisense	100GB	85%	FusionSeeker
4	positive	ENSG00000142937:ENSG00000250697	false_fusion	100GB	85%	FusionSeeker
6	positive	ENSG00000239559:ENSG00000145592	false_fusion	100GB	85%	FusionSeeker
2	positive	ENSG00000156103:ENSG00000253553	false_fusion:Sense-Antisense	100GB	85%	FusionSeeker
2	positive	ENSG00000169621:ENSG00000090054	false_fusion	100GB	85%	FusionSeeker
22	positive	ENSG00000105339:ENSG00000022567	read_through	100GB	85%	FusionSeeker
26	positive	ENSG00000082805:ENSG00000145907	reverse_order:truncated_tri_fusion	100GB	85%	FusionSeeker
2	positive	ENSG00000082805:ENSG00000145907	reverse_order:truncated_tri_fusion	100GB	85%	FusionSeeker
2	positive	ENSG00000291046:ENSG00000198055	false_fusion	100GB	85%	FusionSeeker
18	positive	ENSG00000159753:ENSG00000102977	false_fusion	100GB	85%	FusionSeeker
43	positive	ENSG00000276570:ENSG00000105063	false_fusion	100GB	85%	FusionSeeker
2	positive	ENSG00000091513:ENSG00000156482	false_fusion	100GB	85%	FusionSeeker
2	positive	ENSG00000197249:ENSG00000196205	false_fusion	100GB	85%	FusionSeeker
8	positive	ENSG00000115947:ENSG00000204406	false_fusion	100GB	85%	FusionSeeker
4	positive	ENSG00000115947:ENSG00000204406	false_fusion	100GB	85%	FusionSeeker
4	positive	ENSG00000186409:ENSG00000094631	reverse_order:truncated_tri_fusion	100GB	85%	FusionSeeker
6	positive	ENSG00000285000:ENSG00000284762	false_fusion	100GB	85%	FusionSeeker
23	positive	ENSG00000223745:ENSG00000228696	false_fusion	100GB	85%	FusionSeeker
2	positive	ENSG00000223745:ENSG00000228696	false_fusion	100GB	85%	FusionSeeker
11	positive	ENSG00000111145:ENSG00000124523	false_fusion	100GB	85%	FusionSeeker
5	positive	ENSG00000286480:ENSG00000143951	false_fusion:Sense-Antisense	100GB	85%	FusionSeeker
2	positive	ENSG00000286480:ENSG00000143951	false_fusion:Sense-Antisense	100GB	85%	FusionSeeker
6	positive	ENSG00000122218:ENSG00000120437	false_fusion	100GB	85%	FusionSeeker
2	positive	ENSG00000122218:ENSG00000120437	false_fusion	100GB	85%	FusionSeeker
2	positive	ENSG00000122218:ENSG00000120437	false_fusion	100GB	85%	FusionSeeker
2	positive	ENSG00000122218:ENSG00000120437	false_fusion	100GB	85%	FusionSeeker
10	positive	ENSG00000122218:ENSG00000120438	hybrid	100GB	85%	FusionSeeker
4	positive	ENSG00000122218:ENSG00000120438	hybrid	100GB	85%	FusionSeeker
2	positive	ENSG00000122218:ENSG00000120438	hybrid	100GB	85%	FusionSeeker
22	positive	ENSG00000120437:ENSG00000120438	false_fusion	100GB	85%	FusionSeeker
7	positive	ENSG00000099797:ENSG00000172493	false_fusion	100GB	85%	FusionSeeker
3	positive	ENSG00000113369:ENSG00000281357	false_fusion	100GB	85%	FusionSeeker
2	positive	ENSG00000179241:ENSG00000091513	false_fusion	100GB	85%	FusionSeeker
42	positive	ENSG00000103043:ENSG00000080822	truncated_tri_fusion	100GB	85%	FusionSeeker
19	positive	ENSG00000277893:ENSG00000080822	truncated_tri_fusion	100GB	85%	FusionSeeker
27	positive	ENSG00000103043:ENSG00000277893	reverse_order:truncated_tri_fusion	100GB	85%	FusionSeeker
34	positive	ENSG00000254394:ENSG00000249859	false_fusion	100GB	85%	FusionSeeker
2	positive	ENSG00000198242:ENSG00000198804	false_fusion:mitochondrial_genomic	100GB	85%	FusionSeeker
18	positive	ENSG00000185442:ENSG00000118960	false_fusion	100GB	85%	FusionSeeker
11	positive	ENSG00000185442:ENSG00000118960	false_fusion	100GB	85%	FusionSeeker
16	positive	ENSG00000185442:ENSG00000118960	false_fusion	100GB	85%	FusionSeeker
6	positive	ENSG00000286353:ENSG00000157445	false_fusion:Sense-Antisense	100GB	85%	FusionSeeker
5	positive	ENSG00000286353:ENSG00000157445	false_fusion:Sense-Antisense	100GB	85%	FusionSeeker
4	positive	ENSG00000286353:ENSG00000157445	false_fusion:Sense-Antisense	100GB	85%	FusionSeeker
9	positive	ENSG00000259116:ENSG00000063177	false_fusion	100GB	85%	FusionSeeker
3	positive	ENSG00000163631:ENSG00000198938	false_fusion:mitochondrial_genomic	100GB	85%	FusionSeeker
11	positive	ENSG00000257842:ENSG00000258081	false_fusion	100GB	85%	FusionSeeker
10	positive	ENSG00000257842:ENSG00000258081	false_fusion	100GB	85%	FusionSeeker
3	positive	ENSG00000085871:ENSG00000196782	false_fusion	100GB	85%	FusionSeeker
8	positive	ENSG00000132003:ENSG00000078699	truncated_tri_fusion	100GB	85%	FusionSeeker
7	positive	ENSG00000243295:ENSG00000189283	false_fusion	100GB	85%	FusionSeeker
4	positive	ENSG00000243295:ENSG00000189283	false_fusion	100GB	85%	FusionSeeker
4	positive	ENSG00000243295:ENSG00000189283	false_fusion	100GB	85%	FusionSeeker
3	positive	ENSG00000243295:ENSG00000189283	false_fusion	100GB	85%	FusionSeeker
2	positive	ENSG00000243295:ENSG00000189283	false_fusion	100GB	85%	FusionSeeker
2	positive	ENSG00000071082:ENSG00000216902	false_fusion	100GB	85%	FusionSeeker
7	positive	ENSG00000183273:ENSG00000248636	false_fusion:Sense-Antisense	100GB	85%	FusionSeeker
2	positive	ENSG00000183273:ENSG00000248636	false_fusion:Sense-Antisense	100GB	85%	FusionSeeker
2	positive	ENSG00000198242:ENSG00000053747	false_fusion	100GB	85%	FusionSeeker
4	positive	ENSG00000286596:ENSG00000169851	false_fusion:Sense-Antisense	100GB	85%	FusionSeeker
2	positive	ENSG00000063177:ENSG00000210082	false_fusion:mitochondrial_genomic	100GB	85%	FusionSeeker
3	positive	ENSG00000244756:ENSG00000145592	false_fusion	100GB	85%	FusionSeeker
5	positive	ENSG00000285629:ENSG00000055070	false_fusion	100GB	85%	FusionSeeker
35	positive	ENSG00000254180:ENSG00000253394	false_fusion:Sense-Antisense	100GB	85%	FusionSeeker
3	positive	ENSG00000254180:ENSG00000253394	false_fusion:Sense-Antisense	100GB	85%	FusionSeeker
5	positive	ENSG00000229647:ENSG00000223725	false_fusion:Sense-Antisense	100GB	85%	FusionSeeker
30	positive	ENSG00000221910:ENSG00000102312	reverse_order:truncated_tri_fusion	100GB	85%	FusionSeeker
33	positive	ENSG00000182796:ENSG00000135972	false_fusion	100GB	85%	FusionSeeker
8	positive	ENSG00000285077:ENSG00000113758	false_fusion	100GB	85%	FusionSeeker
2	positive	ENSG00000197249:ENSG00000198804	false_fusion:mitochondrial_genomic	100GB	85%	FusionSeeker
4	positive	ENSG00000071082:ENSG00000210082	false_fusion:mitochondrial_genomic	100GB	85%	FusionSeeker
2	positive	ENSG00000197099:ENSG00000161016	false_fusion	100GB	85%	FusionSeeker
43	positive	ENSG00000172575:ENSG00000228141	reverse_order: intra_chromosome	100GB	85%	FusionSeeker
10	positive	ENSG00000172575:ENSG00000228141	reverse_order: intra_chromosome	100GB	85%	FusionSeeker
2	positive	ENSG00000172575:ENSG00000228141	reverse_order: intra_chromosome	100GB	85%	FusionSeeker
16	positive	ENSG00000259520:ENSG00000140459	false_fusion	100GB	85%	FusionSeeker
16	positive	ENSG00000036672:ENSG00000259520	false_fusion	100GB	85%	FusionSeeker
17	positive	ENSG00000069329:ENSG00000253327	hybrid	100GB	85%	FusionSeeker
4	positive	ENSG00000249490:ENSG00000251629	false_fusion	100GB	85%	FusionSeeker
3	positive	ENSG00000249490:ENSG00000251629	false_fusion	100GB	85%	FusionSeeker
3	positive	ENSG00000249490:ENSG00000251629	false_fusion	100GB	85%	FusionSeeker
29	positive	ENSG00000197756:ENSG00000226243	false_fusion	100GB	85%	FusionSeeker
2	positive	ENSG00000138326:ENSG00000211459	false_fusion:mitochondrial_genomic	100GB	85%	FusionSeeker
2	positive	ENSG00000167526:ENSG00000171863	false_fusion	100GB	85%	FusionSeeker
5	positive	ENSG00000228570:ENSG00000167258	hybrid	100GB	85%	FusionSeeker
2	positive	ENSG00000171863:ENSG00000163631	false_fusion	100GB	85%	FusionSeeker
11	positive	ENSG00000206260:ENSG00000175110	false_fusion	100GB	85%	FusionSeeker
24	positive	ENSG00000153093:ENSG00000172965	false_fusion	100GB	85%	FusionSeeker
5	positive	ENSG00000130255:ENSG00000128573	false_fusion	100GB	85%	FusionSeeker
4	positive	ENSG00000167996:ENSG00000087086	false_fusion	100GB	85%	FusionSeeker
2	positive	ENSG00000167996:ENSG00000087086	false_fusion	100GB	85%	FusionSeeker
6	positive	ENSG00000071082:ENSG00000232612	false_fusion	100GB	85%	FusionSeeker
4	positive	ENSG00000215472:ENSG00000186001	false_fusion	100GB	85%	FusionSeeker
29	positive	ENSG00000250167:ENSG00000145832	false_fusion	100GB	85%	FusionSeeker
3	positive	ENSG00000264269:ENSG00000141627	false_fusion	100GB	85%	FusionSeeker
2	positive	ENSG00000197756:ENSG00000091513	false_fusion	100GB	85%	FusionSeeker
4	positive	ENSG00000225484:ENSG00000167258	false_fusion	100GB	85%	FusionSeeker
5	positive	ENSG00000247572:ENSG00000112306	false_fusion	100GB	85%	FusionSeeker
2	positive	ENSG00000217030:ENSG00000231500	false_fusion	100GB	85%	FusionSeeker
9	positive	ENSG00000230897:ENSG00000231500	false_fusion	100GB	85%	FusionSeeker
3	positive	ENSG00000229956:ENSG00000172260	false_fusion	100GB	85%	FusionSeeker
2	positive	ENSG00000273259:ENSG00000127184	false_fusion	100GB	85%	FusionSeeker
28	positive	ENSG00000113569:ENSG00000145675	intra_chromosome	100GB	85%	FusionSeeker
24	positive	ENSG00000081154:ENSG00000231500	false_fusion	100GB	85%	FusionSeeker
20	positive	ENSG00000159147:ENSG00000249209	false_fusion	100GB	85%	FusionSeeker
3	positive	ENSG00000105193:ENSG00000210082	false_fusion:mitochondrial_genomic	100GB	85%	FusionSeeker
2	positive	ENSG00000127481:ENSG00000253329	reverse_order:truncated_tri_fusion	100GB	85%	FusionSeeker
14	positive	ENSG00000143633:ENSG00000105819	reverse_order:truncated_tri_fusion	100GB	85%	FusionSeeker
4	positive	ENSG00000269692:ENSG00000234276	false_fusion	100GB	85%	FusionSeeker
2	positive	ENSG00000137970:ENSG00000196205	false_fusion	100GB	85%	FusionSeeker
15	positive	ENSG00000254979:ENSG00000285329	false_fusion	100GB	85%	FusionSeeker
13	positive	ENSG00000172977:ENSG00000172922	false_fusion	100GB	85%	FusionSeeker
24	positive	ENSG00000224622:ENSG00000254092	false_fusion	100GB	85%	FusionSeeker
2	positive	ENSG00000090382:ENSG00000210082	false_fusion:mitochondrial_genomic	100GB	85%	FusionSeeker
2	positive	ENSG00000167996:ENSG00000211459	false_fusion:mitochondrial_genomic	100GB	85%	FusionSeeker
7	positive	ENSG00000197566:ENSG00000141527	false_fusion	100GB	85%	FusionSeeker
2	positive	ENSG00000254772:ENSG00000142541	false_fusion	100GB	85%	FusionSeeker
6	positive	ENSG00000225339:ENSG00000136942	false_fusion	100GB	85%	FusionSeeker
5	positive	ENSG00000172809:ENSG00000244422	false_fusion	100GB	85%	FusionSeeker
2	positive	ENSG00000118137:ENSG00000087086	false_fusion	100GB	85%	FusionSeeker
9	positive	ENSG00000108604:ENSG00000240280	read_through	100GB	85%	FusionSeeker
2	positive	ENSG00000108604:ENSG00000240280	read_through	100GB	85%	FusionSeeker
2	positive	ENSG00000122406:ENSG00000151468	false_fusion	100GB	85%	FusionSeeker
3	positive	ENSG00000134986:ENSG00000236654	false_fusion	100GB	85%	FusionSeeker
16	positive	ENSG00000135747:ENSG00000138759	false_fusion	100GB	85%	FusionSeeker
2	positive	ENSG00000135744:ENSG00000089157	false_fusion	100GB	85%	FusionSeeker
2	positive	ENSG00000128513:ENSG00000224897	false_fusion	100GB	85%	FusionSeeker
11	positive	ENSG00000100075:ENSG00000100034	intra_chromosome	100GB	85%	FusionSeeker
2	positive	ENSG00000167524:ENSG00000171863	false_fusion	100GB	85%	FusionSeeker
8	positive	ENSG00000114391:ENSG00000181524	false_fusion	100GB	85%	FusionSeeker
7	positive	ENSG00000185008:ENSG00000285741	false_fusion	100GB	85%	FusionSeeker
2	positive	ENSG00000185008:ENSG00000285741	false_fusion	100GB	85%	FusionSeeker
17	positive	ENSG00000081985:ENSG00000164756	reverse_order:truncated_tri_fusion	100GB	85%	FusionSeeker
3	positive	ENSG00000260192:ENSG00000248752	false_fusion:Sense-Antisense	100GB	85%	FusionSeeker
4	positive	ENSG00000196205:ENSG00000210082	false_fusion:mitochondrial_genomic	100GB	85%	FusionSeeker
7	positive	ENSG00000291210:ENSG00000160957	false_fusion	100GB	85%	FusionSeeker
9	positive	ENSG00000135269:ENSG00000237813	false_fusion:Sense-Antisense	100GB	85%	FusionSeeker
18	positive	ENSG00000095981:ENSG00000164627	read_through	100GB	85%	FusionSeeker
3	positive	ENSG00000182004:ENSG00000223573	false_fusion	100GB	85%	FusionSeeker
2	positive	ENSG00000236552:ENSG00000087086	false_fusion	100GB	85%	FusionSeeker
3	positive	ENSG00000226415:ENSG00000111669	false_fusion	100GB	85%	FusionSeeker
8	positive	ENSG00000176623:ENSG00000123124	false_fusion	100GB	85%	FusionSeeker
2	positive	ENSG00000176623:ENSG00000123124	false_fusion	100GB	85%	FusionSeeker
2	positive	ENSG00000177733:ENSG00000112306	false_fusion	100GB	85%	FusionSeeker
3	positive	ENSG00000006530:ENSG00000228819	false_fusion	100GB	85%	FusionSeeker
2	positive	ENSG00000102900:ENSG00000091513	false_fusion	100GB	85%	FusionSeeker
8	positive	ENSG00000286749:ENSG00000249484	false_fusion:Sense-Antisense	100GB	85%	FusionSeeker
6	positive	ENSG00000286749:ENSG00000249484	false_fusion:Sense-Antisense	100GB	85%	FusionSeeker
2	positive	ENSG00000286749:ENSG00000249484	false_fusion:Sense-Antisense	100GB	85%	FusionSeeker
5	positive	ENSG00000258344:ENSG00000230170	false_fusion	100GB	85%	FusionSeeker
2	positive	ENSG00000204628:ENSG00000210082	false_fusion:mitochondrial_genomic	100GB	85%	FusionSeeker
2	positive	ENSG00000204628:ENSG00000210082	false_fusion:mitochondrial_genomic	100GB	85%	FusionSeeker
2	positive	ENSG00000083845:ENSG00000163631	false_fusion	100GB	85%	FusionSeeker
2	positive	ENSG00000087086:ENSG00000106927	false_fusion	100GB	85%	FusionSeeker
2	positive	ENSG00000237676:ENSG00000156482	false_fusion	100GB	85%	FusionSeeker
4	positive	ENSG00000105989:ENSG00000001626	false_fusion	100GB	85%	FusionSeeker
20	positive	ENSG00000289465:ENSG00000137710	false_fusion	100GB	85%	FusionSeeker
2	positive	ENSG00000289465:ENSG00000137710	false_fusion	100GB	85%	FusionSeeker
3	positive	ENSG00000187134:ENSG00000087086	false_fusion	100GB	85%	FusionSeeker
2	positive	ENSG00000267223:ENSG00000198597	false_fusion:Sense-Antisense	100GB	85%	FusionSeeker
17	positive	ENSG00000159753:ENSG00000242366	false_fusion	100GB	85%	FusionSeeker
8	positive	ENSG00000152234:ENSG00000227682	false_fusion	100GB	85%	FusionSeeker
2	positive	ENSG00000279668:ENSG00000265356	false_fusion	100GB	85%	FusionSeeker
8	positive	ENSG00000170954:ENSG00000183137	hybrid	100GB	85%	FusionSeeker
7	positive	ENSG00000285053:ENSG00000170144	false_fusion	100GB	85%	FusionSeeker
2	positive	ENSG00000111057:ENSG00000108298	false_fusion	100GB	85%	FusionSeeker
8	positive	ENSG00000071082:ENSG00000179131	false_fusion	100GB	85%	FusionSeeker
4	positive	ENSG00000163631:ENSG00000198899	false_fusion:mitochondrial_genomic	100GB	85%	FusionSeeker
5	positive	ENSG00000258558:ENSG00000131469	false_fusion	100GB	85%	FusionSeeker
6	positive	ENSG00000285629:ENSG00000085276	false_fusion	100GB	85%	FusionSeeker
4	positive	ENSG00000117139:ENSG00000127184	false_fusion	100GB	85%	FusionSeeker
2	positive	ENSG00000087086:ENSG00000171863	false_fusion	100GB	85%	FusionSeeker
3	positive	ENSG00000292343:ENSG00000292338	false_fusion	100GB	85%	FusionSeeker
11	positive	ENSG00000284867:ENSG00000230284	false_fusion	100GB	85%	FusionSeeker
2	positive	ENSG00000151812:ENSG00000290548	false_fusion	100GB	85%	FusionSeeker
2	positive	ENSG00000151812:ENSG00000290548	false_fusion	100GB	85%	FusionSeeker
2	positive	ENSG00000151812:ENSG00000290548	false_fusion	100GB	85%	FusionSeeker
2	positive	ENSG00000100744:ENSG00000290548	false_fusion	100GB	85%	FusionSeeker
8	positive	ENSG00000213657:ENSG00000071082	false_fusion	100GB	85%	FusionSeeker
6	positive	ENSG00000222041:ENSG00000153093	false_fusion	100GB	85%	FusionSeeker
3	positive	ENSG00000089006:ENSG00000163749	false_fusion	100GB	85%	FusionSeeker
10	positive	ENSG00000171451:ENSG00000265533	false_fusion	100GB	85%	FusionSeeker
18	positive	ENSG00000125124:ENSG00000288725	false_fusion	100GB	85%	FusionSeeker
9	positive	ENSG00000125124:ENSG00000288725	false_fusion	100GB	85%	FusionSeeker
4	positive	ENSG00000125124:ENSG00000288725	false_fusion	100GB	85%	FusionSeeker
3	positive	ENSG00000235059:ENSG00000292366	intra_chromosome	100GB	85%	FusionSeeker
8	positive	ENSG00000049759:ENSG00000203734	truncated_tri_fusion	100GB	85%	FusionSeeker
12	positive	ENSG00000283294:ENSG00000224367	intra_chromosome	100GB	85%	FusionSeeker
2	positive	ENSG00000163631:ENSG00000075624	false_fusion	100GB	85%	FusionSeeker
2	positive	ENSG00000167996:ENSG00000156508	false_fusion	100GB	85%	FusionSeeker
6	positive	ENSG00000244265:ENSG00000239265	false_fusion	100GB	85%	FusionSeeker
6	positive	ENSG00000075884:ENSG00000228655	false_fusion:Sense-Antisense	100GB	85%	FusionSeeker
3	positive	ENSG00000075884:ENSG00000228655	false_fusion:Sense-Antisense	100GB	85%	FusionSeeker
2	positive	ENSG00000075884:ENSG00000228655	false_fusion:Sense-Antisense	100GB	85%	FusionSeeker
4	positive	ENSG00000118137:ENSG00000210082	false_fusion:mitochondrial_genomic	100GB	85%	FusionSeeker
3	positive	ENSG00000288637:ENSG00000109654	reverse_order: read_through	100GB	85%	FusionSeeker
7	positive	ENSG00000258344:ENSG00000253334	false_fusion	100GB	85%	FusionSeeker
3	positive	ENSG00000148516:ENSG00000090054	false_fusion	100GB	85%	FusionSeeker
3	positive	ENSG00000171735:ENSG00000224699	false_fusion	100GB	85%	FusionSeeker
6	positive	ENSG00000071082:ENSG00000131374	false_fusion	100GB	85%	FusionSeeker
3	positive	ENSG00000260983:ENSG00000183696	false_fusion	100GB	85%	FusionSeeker
15	positive	ENSG00000173113:ENSG00000183696	reverse_order:truncated_tri_fusion	100GB	85%	FusionSeeker
2	positive	ENSG00000264545:ENSG00000240498	false_fusion	100GB	85%	FusionSeeker
15	positive	ENSG00000072571:ENSG00000146809	reverse_order:truncated_tri_fusion	100GB	85%	FusionSeeker
6	positive	ENSG00000146809:ENSG00000130714	truncated_tri_fusion	100GB	85%	FusionSeeker
2	positive	ENSG00000134283:ENSG00000073792	false_fusion	100GB	85%	FusionSeeker
2	positive	ENSG00000198242:ENSG00000214914	false_fusion	100GB	85%	FusionSeeker
5	positive	ENSG00000215905:ENSG00000130255	false_fusion	100GB	85%	FusionSeeker
2	positive	ENSG00000123728:ENSG00000232160	false_fusion	100GB	85%	FusionSeeker
4	positive	ENSG00000258344:ENSG00000224578	false_fusion	100GB	85%	FusionSeeker
7	positive	ENSG00000169946:ENSG00000251003	false_fusion	100GB	85%	FusionSeeker
2	positive	ENSG00000092421:ENSG00000164587	false_fusion	100GB	85%	FusionSeeker
43	positive	ENSG00000069329:ENSG00000077782	truncated_tri_fusion	100GB	85%	FusionSeeker
2	positive	ENSG00000288534:ENSG00000255872	false_fusion	100GB	85%	FusionSeeker
3	positive	ENSG00000250917:ENSG00000101444	false_fusion	100GB	85%	FusionSeeker
7	positive	ENSG00000167881:ENSG00000196839	reverse_order:truncated_tri_fusion	100GB	85%	FusionSeeker
7	positive	ENSG00000143198:ENSG00000196839	reverse_order:truncated_tri_fusion	100GB	85%	FusionSeeker
4	positive	ENSG00000269692:ENSG00000277213	false_fusion	100GB	85%	FusionSeeker
18	positive	ENSG00000268416:ENSG00000163694	false_fusion	100GB	85%	FusionSeeker
2	positive	ENSG00000221843:ENSG00000091513	false_fusion	100GB	85%	FusionSeeker
2	positive	ENSG00000250686:ENSG00000112232	false_fusion	100GB	85%	FusionSeeker
37	positive	ENSG00000105889:ENSG00000075303	intra_chromosome	100GB	85%	FusionSeeker
2	positive	ENSG00000172167:ENSG00000172164	false_fusion	100GB	85%	FusionSeeker
2	positive	ENSG00000288714:ENSG00000234147	false_fusion:Sense-Antisense	100GB	85%	FusionSeeker
2	positive	ENSG00000223634:ENSG00000235497	read_through	100GB	85%	FusionSeeker
2	positive	ENSG00000223634:ENSG00000235497	read_through	100GB	85%	FusionSeeker
11	positive	ENSG00000183960:ENSG00000287069	false_fusion:Sense-Antisense	100GB	85%	FusionSeeker
5	positive	ENSG00000183960:ENSG00000287069	false_fusion:Sense-Antisense	100GB	85%	FusionSeeker
3	positive	ENSG00000183960:ENSG00000287069	false_fusion:Sense-Antisense	100GB	85%	FusionSeeker
14	positive	ENSG00000049759:ENSG00000147573	reverse_order:truncated_tri_fusion	100GB	85%	FusionSeeker
3	positive	ENSG00000049759:ENSG00000147573	reverse_order:truncated_tri_fusion	100GB	85%	FusionSeeker
2	positive	ENSG00000197099:ENSG00000211459	false_fusion:mitochondrial_genomic	100GB	85%	FusionSeeker
2	positive	ENSG00000197099:ENSG00000211459	false_fusion:mitochondrial_genomic	100GB	85%	FusionSeeker
4	positive	ENSG00000237558:ENSG00000291031	intra_chromosome	100GB	85%	FusionSeeker
2	positive	ENSG00000087086:ENSG00000161016	false_fusion	100GB	85%	FusionSeeker
2	positive	ENSG00000211459:ENSG00000198938	false_fusion:mitochondrial	100GB	85%	FusionSeeker
6	positive	ENSG00000285982:ENSG00000176406	false_fusion:Sense-Antisense	100GB	85%	FusionSeeker
3	positive	ENSG00000289809:ENSG00000120254	false_fusion	100GB	85%	FusionSeeker
2	positive	ENSG00000167315:ENSG00000233585	false_fusion	100GB	85%	FusionSeeker
12	positive	ENSG00000163694:ENSG00000137251	false_fusion	100GB	85%	FusionSeeker
2	positive	ENSG00000087086:ENSG00000071082	false_fusion	100GB	85%	FusionSeeker
3	positive	ENSG00000137818:ENSG00000211459	false_fusion:mitochondrial_genomic	100GB	85%	FusionSeeker
2	positive	ENSG00000197249:ENSG00000198938	false_fusion:mitochondrial_genomic	100GB	85%	FusionSeeker
22	positive	ENSG00000283098:ENSG00000258661	false_fusion:Sense-Antisense	100GB	85%	FusionSeeker
3	positive	ENSG00000230386:ENSG00000179603	false_fusion	100GB	85%	FusionSeeker
2	positive	ENSG00000108061:ENSG00000142541	false_fusion	100GB	85%	FusionSeeker
2	positive	ENSG00000137970:ENSG00000187134	false_fusion	100GB	85%	FusionSeeker
2	positive	ENSG00000111775:ENSG00000087086	false_fusion	100GB	85%	FusionSeeker
2	positive	ENSG00000285043:ENSG00000087086	false_fusion	100GB	85%	FusionSeeker
3	positive	ENSG00000114861:ENSG00000285708	false_fusion	100GB	85%	FusionSeeker
2	positive	ENSG00000133063:ENSG00000181163	false_fusion	100GB	85%	FusionSeeker
2	positive	ENSG00000231500:ENSG00000075624	false_fusion	100GB	85%	FusionSeeker
2	positive	ENSG00000233318:ENSG00000071082	false_fusion	100GB	85%	FusionSeeker
7	positive	ENSG00000233927:ENSG00000286739	false_fusion	100GB	85%	FusionSeeker
2	positive	ENSG00000142541:ENSG00000112306	false_fusion	100GB	85%	FusionSeeker
2	positive	ENSG00000234277:ENSG00000231500	false_fusion	100GB	85%	FusionSeeker
2	positive	ENSG00000186854:ENSG00000210082	false_fusion:mitochondrial_genomic	100GB	85%	FusionSeeker
2	positive	ENSG00000240567:ENSG00000210082	false_fusion:mitochondrial_genomic	100GB	85%	FusionSeeker
2	positive	ENSG00000091513:ENSG00000158623	false_fusion	100GB	85%	FusionSeeker
2	positive	ENSG00000172260:ENSG00000057608	false_fusion	100GB	85%	FusionSeeker
6	positive	ENSG00000237040:ENSG00000292327	false_fusion	100GB	85%	FusionSeeker
2	positive	ENSG00000074800:ENSG00000186197	false_fusion	100GB	85%	FusionSeeker
3	positive	ENSG00000224631:ENSG00000143947	false_fusion	100GB	85%	FusionSeeker
3	positive	ENSG00000141527:ENSG00000181523	false_fusion	100GB	85%	FusionSeeker
12	positive	ENSG00000226937:ENSG00000105372	false_fusion	100GB	85%	FusionSeeker
3	positive	ENSG00000088340:ENSG00000145592	false_fusion	100GB	85%	FusionSeeker
2	positive	ENSG00000197099:ENSG00000210082	false_fusion:mitochondrial_genomic	100GB	85%	FusionSeeker
2	positive	ENSG00000197099:ENSG00000210082	false_fusion:mitochondrial_genomic	100GB	85%	FusionSeeker
2	positive	ENSG00000089157:ENSG00000267669	false_fusion	100GB	85%	FusionSeeker
2	positive	ENSG00000197249:ENSG00000132507	false_fusion	100GB	85%	FusionSeeker
2	positive	ENSG00000263343:ENSG00000136068	false_fusion	100GB	85%	FusionSeeker
3	positive	ENSG00000131374:ENSG00000164715	false_fusion	100GB	85%	FusionSeeker
4	positive	ENSG00000162378:ENSG00000110700	false_fusion	100GB	85%	FusionSeeker
2	positive	ENSG00000229932:ENSG00000164924	false_fusion	100GB	85%	FusionSeeker
4	positive	ENSG00000266944:ENSG00000136942	false_fusion	100GB	85%	FusionSeeker
2	positive	ENSG00000232992:ENSG00000101444	false_fusion	100GB	85%	FusionSeeker
2	positive	ENSG00000232992:ENSG00000101444	false_fusion	100GB	85%	FusionSeeker
2	positive	ENSG00000091513:ENSG00000229140	false_fusion	100GB	85%	FusionSeeker
2	positive	ENSG00000115268:ENSG00000163631	false_fusion	100GB	85%	FusionSeeker
6	positive	ENSG00000184619:ENSG00000164756	reverse_order:truncated_tri_fusion	100GB	85%	FusionSeeker
2	positive	ENSG00000285629:ENSG00000230171	false_fusion	100GB	85%	FusionSeeker
2	positive	ENSG00000292327:ENSG00000292365	intra_chromosome	100GB	85%	FusionSeeker
7	positive	ENSG00000099810:ENSG00000264545	false_fusion	100GB	85%	FusionSeeker
2	positive	ENSG00000087086:ENSG00000204628	false_fusion	100GB	85%	FusionSeeker
11	positive	ENSG00000149657:ENSG00000101182	read_through	100GB	85%	FusionSeeker
53	positive	ENSG00000267128:ENSG00000276418	false_fusion	100GB	85%	FusionSeeker
44	positive	ENSG00000197462:ENSG00000276418	false_fusion	100GB	85%	FusionSeeker
7	positive	ENSG00000197462:ENSG00000276418	false_fusion	100GB	85%	FusionSeeker
4	positive	ENSG00000244461:ENSG00000173077	false_fusion	100GB	85%	FusionSeeker
2	positive	ENSG00000232412:ENSG00000101972	false_fusion	100GB	85%	FusionSeeker
2	positive	ENSG00000101251:ENSG00000172264	false_fusion	100GB	85%	FusionSeeker
8	positive	ENSG00000118507:ENSG00000290067	false_fusion:Sense-Antisense	100GB	85%	FusionSeeker
5	positive	ENSG00000267827:ENSG00000145592	false_fusion	100GB	85%	FusionSeeker
3	positive	ENSG00000173406:ENSG00000258344	false_fusion	100GB	85%	FusionSeeker
2	positive	ENSG00000136235:ENSG00000273598	false_fusion	100GB	85%	FusionSeeker
10	positive	ENSG00000034053:ENSG00000077782	truncated_tri_fusion	100GB	85%	FusionSeeker
2	positive	ENSG00000264449:ENSG00000154655	false_fusion:Sense-Antisense	100GB	85%	FusionSeeker
3	positive	ENSG00000198242:ENSG00000178445	false_fusion	100GB	85%	FusionSeeker
5	positive	ENSG00000284763:ENSG00000230284	intra_chromosome	100GB	85%	FusionSeeker
2	positive	ENSG00000197249:ENSG00000198712	false_fusion:mitochondrial_genomic	100GB	85%	FusionSeeker
5	positive	ENSG00000157426:ENSG00000242736	reverse_order:truncated_tri_fusion	100GB	85%	FusionSeeker
4	positive	ENSG00000176124:ENSG00000226961	reverse_order:truncated_tri_fusion	100GB	85%	FusionSeeker
4	positive	ENSG00000225721:ENSG00000281087	false_fusion	100GB	85%	FusionSeeker
2	positive	ENSG00000177600:ENSG00000197249	false_fusion	100GB	85%	FusionSeeker
7	positive	ENSG00000258537:ENSG00000139926	false_fusion	100GB	85%	FusionSeeker
2	positive	ENSG00000254612:ENSG00000105993	false_fusion	100GB	85%	FusionSeeker
2	positive	ENSG00000196313:ENSG00000291151	false_fusion	100GB	85%	FusionSeeker
2	positive	ENSG00000118137:ENSG00000163631	false_fusion	100GB	85%	FusionSeeker
2	positive	ENSG00000177954:ENSG00000177410	false_fusion	100GB	85%	FusionSeeker
3	positive	ENSG00000230735:ENSG00000271949	false_fusion	100GB	85%	FusionSeeker
2	positive	ENSG00000198431:ENSG00000210082	false_fusion:mitochondrial_genomic	100GB	85%	FusionSeeker
4	positive	ENSG00000135333:ENSG00000287683	false_fusion:Sense-Antisense	100GB	85%	FusionSeeker
2	positive	ENSG00000087086:ENSG00000147403	false_fusion	100GB	85%	FusionSeeker
6	positive	ENSG00000197976:ENSG00000292338	false_fusion	100GB	85%	FusionSeeker
6	positive	ENSG00000291031:ENSG00000227837	reverse_order: intra_chromosome	100GB	85%	FusionSeeker
3	positive	ENSG00000123009:ENSG00000011052	false_fusion	100GB	85%	FusionSeeker
4	positive	ENSG00000106927:ENSG00000210082	false_fusion:mitochondrial_genomic	100GB	85%	FusionSeeker
2	positive	ENSG00000106927:ENSG00000210082	false_fusion:mitochondrial_genomic	100GB	85%	FusionSeeker
5	positive	ENSG00000053254:ENSG00000259053	false_fusion	100GB	85%	FusionSeeker
2	positive	ENSG00000220842:ENSG00000198938	false_fusion:mitochondrial_genomic	100GB	85%	FusionSeeker
2	positive	ENSG00000258289:ENSG00000198938	false_fusion:mitochondrial_genomic	100GB	85%	FusionSeeker
11	positive	ENSG00000131374:ENSG00000182568	false_fusion	100GB	85%	FusionSeeker
2	positive	ENSG00000131374:ENSG00000182568	false_fusion	100GB	85%	FusionSeeker
5	positive	ENSG00000272180:ENSG00000271894	false_fusion	100GB	85%	FusionSeeker
4	positive	ENSG00000231500:ENSG00000216548	false_fusion	100GB	85%	FusionSeeker
7	positive	ENSG00000285076:ENSG00000230284	false_fusion	100GB	85%	FusionSeeker
4	positive	ENSG00000131469:ENSG00000230829	false_fusion	100GB	85%	FusionSeeker
2	positive	ENSG00000108298:ENSG00000196205	false_fusion	100GB	85%	FusionSeeker
3	positive	ENSG00000079387:ENSG00000167110	false_fusion	100GB	85%	FusionSeeker
8	positive	ENSG00000085433:ENSG00000215472	false_fusion	100GB	85%	FusionSeeker
2	positive	ENSG00000118137:ENSG00000196262	false_fusion	100GB	85%	FusionSeeker
15	positive	ENSG00000197756:ENSG00000228360	false_fusion	100GB	85%	FusionSeeker
7	positive	ENSG00000227615:ENSG00000112306	false_fusion	100GB	85%	FusionSeeker
7	positive	ENSG00000221874:ENSG00000183137	false_fusion	100GB	85%	FusionSeeker
2	positive	ENSG00000175334:ENSG00000189326	truncated_tri_fusion	100GB	85%	FusionSeeker
2	positive	ENSG00000066322:ENSG00000189326	truncated_tri_fusion	100GB	85%	FusionSeeker
4	positive	ENSG00000258938:ENSG00000266954	false_fusion	100GB	85%	FusionSeeker
2	positive	ENSG00000198242:ENSG00000141376	false_fusion	100GB	85%	FusionSeeker
2	positive	ENSG00000259245:ENSG00000259639	false_fusion:Sense-Antisense	100GB	85%	FusionSeeker
3	positive	ENSG00000143933:ENSG00000273269	false_fusion	100GB	85%	FusionSeeker
2	positive	ENSG00000147604:ENSG00000210082	false_fusion:mitochondrial_genomic	100GB	85%	FusionSeeker
26	positive	ENSG00000084623:ENSG00000177731	reverse_order:truncated_tri_fusion	100GB	85%	FusionSeeker
8	positive	ENSG00000219545:ENSG00000283549	false_fusion	100GB	85%	FusionSeeker
4	positive	ENSG00000291031:ENSG00000227251	false_fusion	100GB	85%	FusionSeeker
2	positive	ENSG00000070366:ENSG00000050393	false_fusion	100GB	85%	FusionSeeker
4	positive	ENSG00000166441:ENSG00000215467	false_fusion	100GB	85%	FusionSeeker
2	positive	ENSG00000198242:ENSG00000091513	false_fusion	100GB	85%	FusionSeeker
2	positive	ENSG00000198105:ENSG00000146872	false_fusion	100GB	85%	FusionSeeker
2	positive	ENSG00000274814:ENSG00000163913	reverse_order: hybrid	100GB	85%	FusionSeeker
2	positive	ENSG00000236552:ENSG00000087460	false_fusion	100GB	85%	FusionSeeker
3	positive	ENSG00000258344:ENSG00000273784	false_fusion	100GB	85%	FusionSeeker
2	positive	ENSG00000091583:ENSG00000198840	false_fusion:mitochondrial_genomic	100GB	85%	FusionSeeker
2	positive	ENSG00000167524:ENSG00000087086	false_fusion	100GB	85%	FusionSeeker
2	positive	ENSG00000286738:ENSG00000249395	false_fusion	100GB	85%	FusionSeeker
2	positive	ENSG00000243964:ENSG00000198242	false_fusion	100GB	85%	FusionSeeker
6	positive	ENSG00000235743:ENSG00000289368	false_fusion:Sense-Antisense	100GB	85%	FusionSeeker
2	positive	ENSG00000235743:ENSG00000289368	false_fusion:Sense-Antisense	100GB	85%	FusionSeeker
2	positive	ENSG00000175899:ENSG00000126838	false_fusion	100GB	85%	FusionSeeker
5	positive	ENSG00000089157:ENSG00000087086	false_fusion	100GB	85%	FusionSeeker
2	positive	ENSG00000137818:ENSG00000238150	false_fusion	100GB	85%	FusionSeeker
2	positive	ENSG00000164924:ENSG00000147044	false_fusion	100GB	85%	FusionSeeker
2	positive	ENSG00000164924:ENSG00000147044	false_fusion	100GB	85%	FusionSeeker
2	positive	ENSG00000164924:ENSG00000147044	false_fusion	100GB	85%	FusionSeeker
2	positive	ENSG00000196262:ENSG00000210082	false_fusion:mitochondrial_genomic	100GB	85%	FusionSeeker
7	positive	ENSG00000235605:ENSG00000115268	false_fusion	100GB	85%	FusionSeeker
5	positive	ENSG00000034053:ENSG00000069329	reverse_order:truncated_tri_fusion	100GB	85%	FusionSeeker
4	positive	ENSG00000093072:ENSG00000148308	reverse_order:truncated_tri_fusion	100GB	85%	FusionSeeker
2	positive	ENSG00000144451:ENSG00000197585	false_fusion:Sense-Antisense	100GB	85%	FusionSeeker
3	positive	ENSG00000243455:ENSG00000231500	false_fusion	100GB	85%	FusionSeeker
4	positive	ENSG00000165434:ENSG00000258344	false_fusion	100GB	85%	FusionSeeker
2	positive	ENSG00000256525:ENSG00000106246	false_fusion	100GB	85%	FusionSeeker
2	positive	ENSG00000109971:ENSG00000273997	false_fusion	100GB	85%	FusionSeeker
4	positive	ENSG00000213619:ENSG00000109861	reverse_order: hybrid	100GB	85%	FusionSeeker
2	positive	ENSG00000111057:ENSG00000213100	false_fusion	100GB	85%	FusionSeeker
2	positive	ENSG00000213741:ENSG00000196730	false_fusion	100GB	85%	FusionSeeker
3	positive	ENSG00000196531:ENSG00000228224	false_fusion	100GB	85%	FusionSeeker
4	positive	ENSG00000180230:ENSG00000196531	false_fusion	100GB	85%	FusionSeeker
5	positive	ENSG00000071082:ENSG00000253704	false_fusion	100GB	85%	FusionSeeker
3	positive	ENSG00000224968:ENSG00000227579	false_fusion:Sense-Antisense	100GB	85%	FusionSeeker
5	positive	ENSG00000089157:ENSG00000244705	false_fusion	100GB	85%	FusionSeeker
2	positive	ENSG00000263765:ENSG00000166960	false_fusion:Sense-Antisense	100GB	85%	FusionSeeker
2	positive	ENSG00000243147:ENSG00000158019	false_fusion	100GB	85%	FusionSeeker
2	positive	ENSG00000075391:ENSG00000164587	false_fusion	100GB	85%	FusionSeeker
2	positive	ENSG00000270106:ENSG00000162946	false_fusion	100GB	85%	FusionSeeker
2	positive	ENSG00000104951:ENSG00000109736	false_fusion	100GB	85%	FusionSeeker
6	positive	ENSG00000113391:ENSG00000181163	false_fusion	100GB	85%	FusionSeeker
3	positive	ENSG00000137876:ENSG00000270647	false_fusion	100GB	85%	FusionSeeker
2	positive	ENSG00000251593:ENSG00000147065	false_fusion	100GB	85%	FusionSeeker
2	positive	ENSG00000110497:ENSG00000224631	false_fusion	100GB	85%	FusionSeeker
3	positive	ENSG00000285629:ENSG00000241081	false_fusion	100GB	85%	FusionSeeker
3	positive	ENSG00000153936:ENSG00000126261	false_fusion	100GB	85%	FusionSeeker
3	positive	ENSG00000117598:ENSG00000232825	false_fusion	100GB	85%	FusionSeeker
3	positive	ENSG00000136235:ENSG00000285702	false_fusion	100GB	85%	FusionSeeker
4	positive	ENSG00000124333:ENSG00000236951	false_fusion	100GB	85%	FusionSeeker
2	positive	ENSG00000251357:ENSG00000100316	false_fusion	100GB	85%	FusionSeeker
2	positive	ENSG00000282917:ENSG00000145916	false_fusion	100GB	85%	FusionSeeker
2	positive	ENSG00000100380:ENSG00000217769	false_fusion	100GB	85%	FusionSeeker
3	positive	ENSG00000196531:ENSG00000257322	false_fusion	100GB	85%	FusionSeeker
9	positive	ENSG00000233928:ENSG00000233571	false_fusion:Sense-Antisense	100GB	85%	FusionSeeker
3	positive	ENSG00000196433:ENSG00000086758	intra_chromosome	100GB	85%	FusionSeeker
2	positive	ENSG00000258344:ENSG00000153147	false_fusion	100GB	85%	FusionSeeker
3	positive	ENSG00000196531:ENSG00000121089	false_fusion	100GB	85%	FusionSeeker
2	positive	ENSG00000142676:ENSG00000138160	false_fusion	100GB	85%	FusionSeeker
2	positive	ENSG00000137818:ENSG00000214657	false_fusion	100GB	85%	FusionSeeker
2	positive	ENSG00000138315:ENSG00000181163	false_fusion	100GB	85%	FusionSeeker
2	positive	ENSG00000285115:ENSG00000230284	false_fusion	100GB	85%	FusionSeeker
4	positive	ENSG00000291031:ENSG00000278602	false_fusion	100GB	85%	FusionSeeker
2	positive	ENSG00000142937:ENSG00000170889	false_fusion	100GB	85%	FusionSeeker
4	positive	ENSG00000172270:ENSG00000095066	reverse_order: intra_chromosome	100GB	85%	FusionSeeker
2	positive	ENSG00000232965:ENSG00000112306	false_fusion	100GB	85%	FusionSeeker
2	positive	ENSG00000137818:ENSG00000144426	false_fusion	100GB	85%	FusionSeeker
2	positive	ENSG00000198242:ENSG00000087086	false_fusion	100GB	85%	FusionSeeker
2	positive	ENSG00000130522:ENSG00000211459	false_fusion:mitochondrial_genomic	100GB	85%	FusionSeeker
2	positive	ENSG00000122406:ENSG00000142534	false_fusion	100GB	85%	FusionSeeker
2	positive	ENSG00000117394:ENSG00000210082	false_fusion:mitochondrial_genomic	100GB	85%	FusionSeeker
5	positive	ENSG00000228358:ENSG00000236922	false_fusion	100GB	85%	FusionSeeker
2	positive	ENSG00000234840:ENSG00000284418	false_fusion:Sense-Antisense	100GB	85%	FusionSeeker
6	positive	ENSG00000113494:ENSG00000198917	hybrid	100GB	85%	FusionSeeker
3	positive	ENSG00000071082:ENSG00000146416	false_fusion	100GB	85%	FusionSeeker
2	positive	ENSG00000109339:ENSG00000147684	false_fusion	100GB	85%	FusionSeeker
2	positive	ENSG00000233927:ENSG00000210082	false_fusion:mitochondrial_genomic	100GB	85%	FusionSeeker
2	positive	ENSG00000164211:ENSG00000246859	false_fusion	100GB	85%	FusionSeeker
2	positive	ENSG00000125691:ENSG00000198712	false_fusion:mitochondrial_genomic	100GB	85%	FusionSeeker
3	positive	ENSG00000082153:ENSG00000185565	false_fusion	100GB	85%	FusionSeeker
3	positive	ENSG00000233971:ENSG00000008988	false_fusion	100GB	85%	FusionSeeker
2	positive	ENSG00000130303:ENSG00000210082	false_fusion:mitochondrial_genomic	100GB	85%	FusionSeeker
4	positive	ENSG00000258344:ENSG00000220157	false_fusion	100GB	85%	FusionSeeker
2	positive	ENSG00000163631:ENSG00000213719	false_fusion	100GB	85%	FusionSeeker
2	positive	ENSG00000177954:ENSG00000077157	false_fusion	100GB	85%	FusionSeeker
2	positive	ENSG00000179818:ENSG00000198938	false_fusion:mitochondrial_genomic	100GB	85%	FusionSeeker
2	positive	ENSG00000118690:ENSG00000106246	false_fusion	100GB	85%	FusionSeeker
2	positive	ENSG00000138068:ENSG00000071082	false_fusion	100GB	85%	FusionSeeker
5	positive	ENSG00000144668:ENSG00000235257	false_fusion	100GB	85%	FusionSeeker
2	positive	ENSG00000277561:ENSG00000261739	false_fusion	100GB	85%	FusionSeeker
2	positive	ENSG00000089157:ENSG00000137818	false_fusion	100GB	85%	FusionSeeker
2	positive	ENSG00000267740:ENSG00000087086	false_fusion	100GB	85%	FusionSeeker
2	positive	ENSG00000117450:ENSG00000197099	false_fusion	100GB	85%	FusionSeeker
2	positive	ENSG00000123416:ENSG00000198840	false_fusion:mitochondrial_genomic	100GB	85%	FusionSeeker
2	positive	ENSG00000280721:ENSG00000172965	false_fusion	100GB	85%	FusionSeeker
2	positive	ENSG00000087086:ENSG00000198888	false_fusion:mitochondrial_genomic	100GB	85%	FusionSeeker
2	positive	ENSG00000177954:ENSG00000210082	false_fusion:mitochondrial_genomic	100GB	85%	FusionSeeker
2	positive	ENSG00000180901:ENSG00000157954	false_fusion	100GB	85%	FusionSeeker
2	positive	ENSG00000273259:ENSG00000198938	false_fusion:mitochondrial_genomic	100GB	85%	FusionSeeker
2	positive	ENSG00000087086:ENSG00000101439	false_fusion	100GB	85%	FusionSeeker
4	positive	ENSG00000237049:ENSG00000109475	false_fusion	100GB	85%	FusionSeeker
2	positive	ENSG00000230768:ENSG00000290655	truncated_tri_fusion	100GB	85%	FusionSeeker
2	positive	ENSG00000273259:ENSG00000140807	false_fusion	100GB	85%	FusionSeeker
3	positive	ENSG00000106399:ENSG00000283549	false_fusion:Sense-Antisense	100GB	85%	FusionSeeker
2	positive	ENSG00000220842:ENSG00000197249	false_fusion	100GB	85%	FusionSeeker
2	positive	ENSG00000213671:ENSG00000138430	false_fusion	100GB	85%	FusionSeeker
2	positive	ENSG00000213741:ENSG00000198886	false_fusion:mitochondrial_genomic	100GB	85%	FusionSeeker
3	positive	ENSG00000145592:ENSG00000241431	false_fusion	100GB	85%	FusionSeeker
10	positive	ENSG00000137707:ENSG00000196549	reverse_order:truncated_tri_fusion	100GB	85%	FusionSeeker
2	positive	ENSG00000172922:ENSG00000145216	reverse_order:truncated_tri_fusion	100GB	85%	FusionSeeker
2	positive	ENSG00000236552:ENSG00000161016	false_fusion	100GB	85%	FusionSeeker
2	positive	ENSG00000177954:ENSG00000160584	false_fusion	100GB	85%	FusionSeeker
2	positive	ENSG00000203727:ENSG00000227681	false_fusion	100GB	85%	FusionSeeker
2	positive	ENSG00000203727:ENSG00000227681	false_fusion	100GB	85%	FusionSeeker
2	positive	ENSG00000262583:ENSG00000260092	false_fusion	100GB	85%	FusionSeeker
2	positive	ENSG00000233005:ENSG00000228999	false_fusion:Sense-Antisense	100GB	85%	FusionSeeker
2	positive	ENSG00000144724:ENSG00000198755	false_fusion	100GB	85%	FusionSeeker
2	positive	ENSG00000122545:ENSG00000136928	false_fusion	100GB	85%	FusionSeeker
2	positive	ENSG00000237417:ENSG00000196419	false_fusion	100GB	85%	FusionSeeker
2	positive	ENSG00000203734:ENSG00000147573	reverse_order:truncated_tri_fusion	100GB	85%	FusionSeeker
3	positive	ENSG00000169084:ENSG00000292343	false_fusion	100GB	85%	FusionSeeker
2	positive	ENSG00000174306:ENSG00000233874	false_fusion	100GB	85%	FusionSeeker
2	positive	ENSG00000155307:ENSG00000233874	false_fusion	100GB	85%	FusionSeeker
2	positive	ENSG00000274532:ENSG00000163913	false_fusion	100GB	85%	FusionSeeker
5	positive	ENSG00000087086:ENSG00000198712	false_fusion:mitochondrial_genomic	100GB	85%	FusionSeeker
2	positive	ENSG00000111057:ENSG00000285783	false_fusion	100GB	85%	FusionSeeker
2	positive	ENSG00000130513:ENSG00000198938	false_fusion:mitochondrial_genomic	100GB	85%	FusionSeeker
2	positive	ENSG00000100804:ENSG00000171490	false_fusion	100GB	85%	FusionSeeker
3	positive	ENSG00000198814:ENSG00000178146	false_fusion	100GB	85%	FusionSeeker
3	positive	ENSG00000285541:ENSG00000188803	false_fusion:Sense-Antisense	100GB	85%	FusionSeeker
2	positive	ENSG00000171858:ENSG00000210082	false_fusion:mitochondrial_genomic	100GB	85%	FusionSeeker
3	positive	ENSG00000137449:ENSG00000249252	false_fusion	100GB	85%	FusionSeeker
2	positive	ENSG00000071242:ENSG00000136231	false_fusion	100GB	85%	FusionSeeker
2	positive	ENSG00000152104:ENSG00000177879	false_fusion	100GB	85%	FusionSeeker
2	positive	ENSG00000142937:ENSG00000227437	false_fusion	100GB	85%	FusionSeeker
2	positive	ENSG00000167775:ENSG00000251357	false_fusion	100GB	85%	FusionSeeker
2	positive	ENSG00000198242:ENSG00000106443	false_fusion	100GB	85%	FusionSeeker
3	positive	ENSG00000162244:ENSG00000066923	false_fusion	100GB	85%	FusionSeeker
2	positive	ENSG00000198431:ENSG00000204628	false_fusion	100GB	85%	FusionSeeker
2	positive	ENSG00000136235:ENSG00000265479	false_fusion	100GB	85%	FusionSeeker
2	positive	ENSG00000082641:ENSG00000235257	truncated_tri_fusion	100GB	85%	FusionSeeker
2	positive	ENSG00000151572:ENSG00000089006	false_fusion	100GB	85%	FusionSeeker
2	positive	ENSG00000258344:ENSG00000197332	false_fusion	100GB	85%	FusionSeeker
4	positive	ENSG00000066557:ENSG00000164924	reverse_order:truncated_tri_fusion	100GB	85%	FusionSeeker
2	positive	ENSG00000239672:ENSG00000211459	false_fusion:mitochondrial_genomic	100GB	85%	FusionSeeker
2	positive	ENSG00000118137:ENSG00000198763	false_fusion:mitochondrial_genomic	100GB	85%	FusionSeeker
2	positive	ENSG00000237173:ENSG00000177156	false_fusion	100GB	85%	FusionSeeker
2	positive	ENSG00000158874:ENSG00000087086	false_fusion	100GB	85%	FusionSeeker
2	positive	ENSG00000110328:ENSG00000101266	false_fusion	100GB	85%	FusionSeeker
2	positive	ENSG00000290689:ENSG00000160957	false_fusion	100GB	85%	FusionSeeker
2	positive	ENSG00000167996:ENSG00000089220	false_fusion	100GB	85%	FusionSeeker
2	positive	ENSG00000110497:ENSG00000163631	false_fusion	100GB	85%	FusionSeeker
2	positive	ENSG00000135083:ENSG00000156467	false_fusion	100GB	85%	FusionSeeker
3	positive	ENSG00000163631:ENSG00000198899	false_fusion:mitochondrial_genomic	100GB	90%	FusionSeeker
2	positive	ENSG00000163631:ENSG00000198899	false_fusion:mitochondrial_genomic	100GB	90%	FusionSeeker
6	positive	ENSG00000233927:ENSG00000286739	false_fusion	100GB	90%	FusionSeeker
49	positive	ENSG00000128918:ENSG00000166035	false_fusion	100GB	90%	FusionSeeker
27	positive	ENSG00000128918:ENSG00000166035	false_fusion	100GB	90%	FusionSeeker
2	positive	ENSG00000128918:ENSG00000166035	false_fusion	100GB	90%	FusionSeeker
127	positive	ENSG00000260364:ENSG00000261742	false_fusion:Sense-Antisense	100GB	90%	FusionSeeker
49	positive	ENSG00000182796:ENSG00000135972	false_fusion	100GB	90%	FusionSeeker
675	positive	ENSG00000285216:ENSG00000285219	false_fusion	100GB	90%	FusionSeeker
357	positive	ENSG00000285216:ENSG00000285219	false_fusion	100GB	90%	FusionSeeker
232	positive	ENSG00000285216:ENSG00000285219	false_fusion	100GB	90%	FusionSeeker
188	positive	ENSG00000285216:ENSG00000285219	false_fusion	100GB	90%	FusionSeeker
127	positive	ENSG00000285216:ENSG00000285219	false_fusion	100GB	90%	FusionSeeker
83	positive	ENSG00000285216:ENSG00000285219	false_fusion	100GB	90%	FusionSeeker
78	positive	ENSG00000285216:ENSG00000285219	false_fusion	100GB	90%	FusionSeeker
47	positive	ENSG00000285216:ENSG00000285219	false_fusion	100GB	90%	FusionSeeker
76	positive	ENSG00000285216:ENSG00000285219	false_fusion	100GB	90%	FusionSeeker
61	positive	ENSG00000285216:ENSG00000285219	false_fusion	100GB	90%	FusionSeeker
28	positive	ENSG00000285216:ENSG00000285219	false_fusion	100GB	90%	FusionSeeker
27	positive	ENSG00000285216:ENSG00000285219	false_fusion	100GB	90%	FusionSeeker
15	positive	ENSG00000285216:ENSG00000285219	false_fusion	100GB	90%	FusionSeeker
10	positive	ENSG00000285216:ENSG00000285219	false_fusion	100GB	90%	FusionSeeker
10	positive	ENSG00000285216:ENSG00000285219	false_fusion	100GB	90%	FusionSeeker
5	positive	ENSG00000285216:ENSG00000285219	false_fusion	100GB	90%	FusionSeeker
7	positive	ENSG00000285216:ENSG00000285219	false_fusion	100GB	90%	FusionSeeker
5	positive	ENSG00000285216:ENSG00000285219	false_fusion	100GB	90%	FusionSeeker
5	positive	ENSG00000285216:ENSG00000285219	false_fusion	100GB	90%	FusionSeeker
2	positive	ENSG00000285216:ENSG00000285219	false_fusion	100GB	90%	FusionSeeker
2	positive	ENSG00000285216:ENSG00000285219	false_fusion	100GB	90%	FusionSeeker
2	positive	ENSG00000285216:ENSG00000285219	false_fusion	100GB	90%	FusionSeeker
2	positive	ENSG00000285216:ENSG00000285219	false_fusion	100GB	90%	FusionSeeker
66	positive	ENSG00000174695:ENSG00000221886	reverse_order: intra_chromosome	100GB	90%	FusionSeeker
47	positive	ENSG00000278177:ENSG00000183098	false_fusion:Sense-Antisense	100GB	90%	FusionSeeker
119	positive	ENSG00000122406:ENSG00000117598	false_fusion	100GB	90%	FusionSeeker
36	positive	ENSG00000285077:ENSG00000113758	false_fusion	100GB	90%	FusionSeeker
36	positive	ENSG00000165806:ENSG00000260995	reverse_order:truncated_tri_fusion	100GB	90%	FusionSeeker
26	positive	ENSG00000165806:ENSG00000114779	false_fusion	100GB	90%	FusionSeeker
34	positive	ENSG00000114779:ENSG00000260995	false_fusion	100GB	90%	FusionSeeker
401	positive	ENSG00000227028:ENSG00000183023	false_fusion	100GB	90%	FusionSeeker
15	positive	ENSG00000227028:ENSG00000183023	false_fusion	100GB	90%	FusionSeeker
11	positive	ENSG00000227028:ENSG00000183023	false_fusion	100GB	90%	FusionSeeker
4	positive	ENSG00000227028:ENSG00000183023	false_fusion	100GB	90%	FusionSeeker
37	positive	ENSG00000141499:ENSG00000291134	reverse_order: hybrid	100GB	90%	FusionSeeker
65	positive	ENSG00000255330:ENSG00000184530	false_fusion	100GB	90%	FusionSeeker
42	positive	ENSG00000179523:ENSG00000235519	truncated_tri_fusion	100GB	90%	FusionSeeker
2	positive	ENSG00000091513:ENSG00000210082	false_fusion:mitochondrial_genomic	100GB	90%	FusionSeeker
2	positive	ENSG00000091513:ENSG00000210082	false_fusion:mitochondrial_genomic	100GB	90%	FusionSeeker
121	positive	ENSG00000135517:ENSG00000136014	reverse_order:truncated_tri_fusion	100GB	90%	FusionSeeker
7	positive	ENSG00000135517:ENSG00000136014	reverse_order:truncated_tri_fusion	100GB	90%	FusionSeeker
21	positive	ENSG00000167554:ENSG00000087495	false_fusion	100GB	90%	FusionSeeker
27	positive	ENSG00000099810:ENSG00000264545	false_fusion	100GB	90%	FusionSeeker
30	positive	ENSG00000167588:ENSG00000110887	intra_chromosome	100GB	90%	FusionSeeker
38	positive	ENSG00000260830:ENSG00000100461	intra_chromosome	100GB	90%	FusionSeeker
62	positive	ENSG00000135241:ENSG00000225612	intra_chromosome	100GB	90%	FusionSeeker
29	positive	ENSG00000253816:ENSG00000239650	false_fusion	100GB	90%	FusionSeeker
103	positive	ENSG00000151812:ENSG00000253816	false_fusion	100GB	90%	FusionSeeker
101	positive	ENSG00000151812:ENSG00000239650	truncated_tri_fusion	100GB	90%	FusionSeeker
15	positive	ENSG00000151812:ENSG00000239650	truncated_tri_fusion	100GB	90%	FusionSeeker
31	positive	ENSG00000286147:ENSG00000155011	false_fusion:Sense-Antisense	100GB	90%	FusionSeeker
24	positive	ENSG00000286147:ENSG00000155011	false_fusion:Sense-Antisense	100GB	90%	FusionSeeker
45	positive	ENSG00000276570:ENSG00000105063	false_fusion	100GB	90%	FusionSeeker
52	positive	ENSG00000109971:ENSG00000095209	hybrid	100GB	90%	FusionSeeker
3	positive	ENSG00000109971:ENSG00000095209	hybrid	100GB	90%	FusionSeeker
10	positive	ENSG00000258344:ENSG00000141441	false_fusion	100GB	90%	FusionSeeker
65	positive	ENSG00000260971:ENSG00000284686	false_fusion	100GB	90%	FusionSeeker
31	positive	ENSG00000260971:ENSG00000284686	false_fusion	100GB	90%	FusionSeeker
29	positive	ENSG00000260971:ENSG00000284686	false_fusion	100GB	90%	FusionSeeker
152	positive	ENSG00000187391:ENSG00000234456	false_fusion	100GB	90%	FusionSeeker
4	positive	ENSG00000187391:ENSG00000234456	false_fusion	100GB	90%	FusionSeeker
146	positive	ENSG00000285550:ENSG00000267337	false_fusion:Sense-Antisense	100GB	90%	FusionSeeker
33	positive	ENSG00000285550:ENSG00000267337	false_fusion:Sense-Antisense	100GB	90%	FusionSeeker
45	positive	ENSG00000013503:ENSG00000257545	false_fusion:Sense-Antisense	100GB	90%	FusionSeeker
27	positive	ENSG00000013503:ENSG00000257545	false_fusion:Sense-Antisense	100GB	90%	FusionSeeker
2	positive	ENSG00000197249:ENSG00000167526	false_fusion	100GB	90%	FusionSeeker
23	positive	ENSG00000258561:ENSG00000171723	false_fusion:Sense-Antisense	100GB	90%	FusionSeeker
6	positive	ENSG00000258561:ENSG00000171723	false_fusion:Sense-Antisense	100GB	90%	FusionSeeker
3	positive	ENSG00000258561:ENSG00000171723	false_fusion:Sense-Antisense	100GB	90%	FusionSeeker
24	positive	ENSG00000181786:ENSG00000291100	reverse_order:truncated_tri_fusion	100GB	90%	FusionSeeker
26	positive	ENSG00000291100:ENSG00000132170	truncated_tri_fusion	100GB	90%	FusionSeeker
41	positive	ENSG00000181786:ENSG00000132170	reverse_order:truncated_tri_fusion	100GB	90%	FusionSeeker
5	positive	ENSG00000267223:ENSG00000198597	false_fusion:Sense-Antisense	100GB	90%	FusionSeeker
3	positive	ENSG00000267223:ENSG00000198597	false_fusion:Sense-Antisense	100GB	90%	FusionSeeker
45	positive	ENSG00000282917:ENSG00000170448	false_fusion:Sense-Antisense	100GB	90%	FusionSeeker
34	positive	ENSG00000282917:ENSG00000170448	false_fusion:Sense-Antisense	100GB	90%	FusionSeeker
25	positive	ENSG00000282917:ENSG00000170448	false_fusion:Sense-Antisense	100GB	90%	FusionSeeker
22	positive	ENSG00000282917:ENSG00000170448	false_fusion:Sense-Antisense	100GB	90%	FusionSeeker
23	positive	ENSG00000282917:ENSG00000170448	false_fusion:Sense-Antisense	100GB	90%	FusionSeeker
10	positive	ENSG00000282917:ENSG00000170448	false_fusion:Sense-Antisense	100GB	90%	FusionSeeker
9	positive	ENSG00000282917:ENSG00000170448	false_fusion:Sense-Antisense	100GB	90%	FusionSeeker
6	positive	ENSG00000282917:ENSG00000170448	false_fusion:Sense-Antisense	100GB	90%	FusionSeeker
5	positive	ENSG00000282917:ENSG00000170448	false_fusion:Sense-Antisense	100GB	90%	FusionSeeker
5	positive	ENSG00000282917:ENSG00000170448	false_fusion:Sense-Antisense	100GB	90%	FusionSeeker
3	positive	ENSG00000282917:ENSG00000170448	false_fusion:Sense-Antisense	100GB	90%	FusionSeeker
55	positive	ENSG00000003393:ENSG00000282917	false_fusion	100GB	90%	FusionSeeker
9	positive	ENSG00000003393:ENSG00000282917	false_fusion	100GB	90%	FusionSeeker
37	positive	ENSG00000003393:ENSG00000282917	false_fusion	100GB	90%	FusionSeeker
10	positive	ENSG00000003393:ENSG00000282917	false_fusion	100GB	90%	FusionSeeker
28	positive	ENSG00000003393:ENSG00000170448	reverse_order:truncated_tri_fusion	100GB	90%	FusionSeeker
27	positive	ENSG00000003393:ENSG00000170448	reverse_order:truncated_tri_fusion	100GB	90%	FusionSeeker
42	positive	ENSG00000003393:ENSG00000170448	reverse_order:truncated_tri_fusion	100GB	90%	FusionSeeker
41	positive	ENSG00000003393:ENSG00000145916	truncated_tri_fusion	100GB	90%	FusionSeeker
30	positive	ENSG00000003393:ENSG00000145916	truncated_tri_fusion	100GB	90%	FusionSeeker
30	positive	ENSG00000258830:ENSG00000241168	false_fusion	100GB	90%	FusionSeeker
2	positive	ENSG00000167526:ENSG00000081051	false_fusion	100GB	90%	FusionSeeker
2	positive	ENSG00000167526:ENSG00000081051	false_fusion	100GB	90%	FusionSeeker
59	positive	ENSG00000234224:ENSG00000242593	false_fusion:Sense-Antisense	100GB	90%	FusionSeeker
5	positive	ENSG00000234224:ENSG00000242593	false_fusion:Sense-Antisense	100GB	90%	FusionSeeker
2	positive	ENSG00000234224:ENSG00000242593	false_fusion:Sense-Antisense	100GB	90%	FusionSeeker
35	positive	ENSG00000182871:ENSG00000109339	false_fusion	100GB	90%	FusionSeeker
36	positive	ENSG00000173638:ENSG00000109339	truncated_tri_fusion	100GB	90%	FusionSeeker
38	positive	ENSG00000182871:ENSG00000173638	false_fusion	100GB	90%	FusionSeeker
18	positive	ENSG00000101266:ENSG00000101158	reverse_order: intra_chromosome	100GB	90%	FusionSeeker
4	positive	ENSG00000101266:ENSG00000101158	reverse_order: intra_chromosome	100GB	90%	FusionSeeker
46	positive	ENSG00000223768:ENSG00000077684	reverse_order: hybrid	100GB	90%	FusionSeeker
36	positive	ENSG00000115762:ENSG00000284604	false_fusion	100GB	90%	FusionSeeker
2	positive	ENSG00000115762:ENSG00000284604	false_fusion	100GB	90%	FusionSeeker
2	positive	ENSG00000183273:ENSG00000248636	false_fusion:Sense-Antisense	100GB	90%	FusionSeeker
2	positive	ENSG00000183273:ENSG00000248636	false_fusion:Sense-Antisense	100GB	90%	FusionSeeker
26	positive	ENSG00000149564:ENSG00000182993	false_fusion	100GB	90%	FusionSeeker
37	positive	ENSG00000136504:ENSG00000277586	truncated_tri_fusion	100GB	90%	FusionSeeker
22	positive	ENSG00000105011:ENSG00000125755	intra_chromosome	100GB	90%	FusionSeeker
30	positive	ENSG00000224699:ENSG00000144815	false_fusion	100GB	90%	FusionSeeker
2	positive	ENSG00000254254:ENSG00000246430	false_fusion	100GB	90%	FusionSeeker
3	positive	ENSG00000258344:ENSG00000233680	false_fusion	100GB	90%	FusionSeeker
43	positive	ENSG00000033122:ENSG00000066557	false_fusion	100GB	90%	FusionSeeker
48	positive	ENSG00000033122:ENSG00000228784	false_fusion	100GB	90%	FusionSeeker
26	positive	ENSG00000066557:ENSG00000228784	truncated_tri_fusion	100GB	90%	FusionSeeker
30	positive	ENSG00000219545:ENSG00000283549	false_fusion	100GB	90%	FusionSeeker
128	positive	ENSG00000161513:ENSG00000172782	read_through	100GB	90%	FusionSeeker
5	positive	ENSG00000225721:ENSG00000250697	false_fusion	100GB	90%	FusionSeeker
32	positive	ENSG00000102898:ENSG00000266954	false_fusion	100GB	90%	FusionSeeker
29	positive	ENSG00000143740:ENSG00000167257	false_fusion	100GB	90%	FusionSeeker
14	positive	ENSG00000257842:ENSG00000258081	false_fusion	100GB	90%	FusionSeeker
9	positive	ENSG00000257842:ENSG00000258081	false_fusion	100GB	90%	FusionSeeker
2	positive	ENSG00000163631:ENSG00000186468	false_fusion	100GB	90%	FusionSeeker
37	positive	ENSG00000124523:ENSG00000124486	truncated_tri_fusion	100GB	90%	FusionSeeker
70	positive	ENSG00000137807:ENSG00000173166	reverse_order: hybrid	100GB	90%	FusionSeeker
29	positive	ENSG00000159753:ENSG00000102977	false_fusion	100GB	90%	FusionSeeker
28	positive	ENSG00000159753:ENSG00000242366	false_fusion	100GB	90%	FusionSeeker
32	positive	ENSG00000102977:ENSG00000242366	false_fusion	100GB	90%	FusionSeeker
2	positive	ENSG00000197249:ENSG00000156508	false_fusion	100GB	90%	FusionSeeker
2	positive	ENSG00000197249:ENSG00000156508	false_fusion	100GB	90%	FusionSeeker
43	positive	ENSG00000244754:ENSG00000233124	intra_chromosome	100GB	90%	FusionSeeker
21	positive	ENSG00000248511:ENSG00000152208	false_fusion:Sense-Antisense	100GB	90%	FusionSeeker
33	positive	ENSG00000248238:ENSG00000248515	false_fusion:Sense-Antisense	100GB	90%	FusionSeeker
8	positive	ENSG00000248238:ENSG00000248515	false_fusion:Sense-Antisense	100GB	90%	FusionSeeker
42	positive	ENSG00000278916:ENSG00000161082	false_fusion	100GB	90%	FusionSeeker
38	positive	ENSG00000182667:ENSG00000183715	false_fusion	100GB	90%	FusionSeeker
15	positive	ENSG00000182667:ENSG00000183715	false_fusion	100GB	90%	FusionSeeker
221	positive	ENSG00000247416:ENSG00000149294	false_fusion:Sense-Antisense	100GB	90%	FusionSeeker
37	positive	ENSG00000247416:ENSG00000149294	false_fusion:Sense-Antisense	100GB	90%	FusionSeeker
38	positive	ENSG00000247416:ENSG00000149294	false_fusion:Sense-Antisense	100GB	90%	FusionSeeker
36	positive	ENSG00000198551:ENSG00000170144	truncated_tri_fusion	100GB	90%	FusionSeeker
99	positive	ENSG00000106066:ENSG00000106069	false_fusion	100GB	90%	FusionSeeker
10	positive	ENSG00000106066:ENSG00000106069	false_fusion	100GB	90%	FusionSeeker
3	positive	ENSG00000106066:ENSG00000106069	false_fusion	100GB	90%	FusionSeeker
92	positive	ENSG00000238169:ENSG00000287340	false_fusion	100GB	90%	FusionSeeker
279	positive	ENSG00000285971:ENSG00000185942	false_fusion:Sense-Antisense	100GB	90%	FusionSeeker
4	positive	ENSG00000285971:ENSG00000185942	false_fusion:Sense-Antisense	100GB	90%	FusionSeeker
24	positive	ENSG00000164011:ENSG00000095066	false_fusion	100GB	90%	FusionSeeker
20	positive	ENSG00000151694:ENSG00000185798	truncated_tri_fusion	100GB	90%	FusionSeeker
42	positive	ENSG00000182621:ENSG00000124155	intra_chromosome	100GB	90%	FusionSeeker
29	positive	ENSG00000069329:ENSG00000253327	hybrid	100GB	90%	FusionSeeker
19	positive	ENSG00000166441:ENSG00000213121	false_fusion	100GB	90%	FusionSeeker
28	positive	ENSG00000186409:ENSG00000094631	reverse_order:truncated_tri_fusion	100GB	90%	FusionSeeker
23	positive	ENSG00000089094:ENSG00000094631	truncated_tri_fusion	100GB	90%	FusionSeeker
17	positive	ENSG00000186409:ENSG00000089094	reverse_order:truncated_tri_fusion	100GB	90%	FusionSeeker
60	positive	ENSG00000153291:ENSG00000146282	reverse_order: intra_chromosome	100GB	90%	FusionSeeker
38	positive	ENSG00000114638:ENSG00000121578	read_through	100GB	90%	FusionSeeker
19	positive	ENSG00000180304:ENSG00000105856	hybrid	100GB	90%	FusionSeeker
17	positive	ENSG00000131374:ENSG00000182568	false_fusion	100GB	90%	FusionSeeker
28	positive	ENSG00000164733:ENSG00000228373	reverse_order: hybrid	100GB	90%	FusionSeeker
10	positive	ENSG00000164733:ENSG00000228373	reverse_order: hybrid	100GB	90%	FusionSeeker
27	positive	ENSG00000126012:ENSG00000227083	false_fusion	100GB	90%	FusionSeeker
29	positive	ENSG00000048740:ENSG00000235939	false_fusion	100GB	90%	FusionSeeker
2	positive	ENSG00000048740:ENSG00000235939	false_fusion	100GB	90%	FusionSeeker
50	positive	ENSG00000213983:ENSG00000126777	intra_chromosome	100GB	90%	FusionSeeker
35	positive	ENSG00000095303:ENSG00000233616	read_through	100GB	90%	FusionSeeker
61	positive	ENSG00000254180:ENSG00000253394	false_fusion:Sense-Antisense	100GB	90%	FusionSeeker
37	positive	ENSG00000157916:ENSG00000205835	hybrid	100GB	90%	FusionSeeker
43	positive	ENSG00000235162:ENSG00000286520	read_through	100GB	90%	FusionSeeker
24	positive	ENSG00000283839:ENSG00000170396	false_fusion:Sense-Antisense	100GB	90%	FusionSeeker
2	positive	ENSG00000283839:ENSG00000170396	false_fusion:Sense-Antisense	100GB	90%	FusionSeeker
53	positive	ENSG00000249797:ENSG00000250891	false_fusion	100GB	90%	FusionSeeker
40	positive	ENSG00000249797:ENSG00000250891	false_fusion	100GB	90%	FusionSeeker
34	positive	ENSG00000249797:ENSG00000250891	false_fusion	100GB	90%	FusionSeeker
25	positive	ENSG00000249797:ENSG00000250891	false_fusion	100GB	90%	FusionSeeker
2	positive	ENSG00000249797:ENSG00000250891	false_fusion	100GB	90%	FusionSeeker
34	positive	ENSG00000181927:ENSG00000123191	false_fusion	100GB	90%	FusionSeeker
2	positive	ENSG00000181927:ENSG00000123191	false_fusion	100GB	90%	FusionSeeker
11	positive	ENSG00000144668:ENSG00000235257	false_fusion	100GB	90%	FusionSeeker
3	positive	ENSG00000081051:ENSG00000210082	false_fusion:mitochondrial_genomic	100GB	90%	FusionSeeker
47	positive	ENSG00000132122:ENSG00000179082	hybrid	100GB	90%	FusionSeeker
69	positive	ENSG00000246273:ENSG00000134802	reverse_order: intra_chromosome	100GB	90%	FusionSeeker
216	positive	ENSG00000141376:ENSG00000267131	false_fusion:Sense-Antisense	100GB	90%	FusionSeeker
2	positive	ENSG00000141376:ENSG00000267131	false_fusion:Sense-Antisense	100GB	90%	FusionSeeker
196	positive	ENSG00000283228:ENSG00000182389	false_fusion	100GB	90%	FusionSeeker
64	positive	ENSG00000108312:ENSG00000260793	read_through	100GB	90%	FusionSeeker
28	positive	ENSG00000285783:ENSG00000164162	false_fusion	100GB	90%	FusionSeeker
3	positive	ENSG00000285783:ENSG00000164162	false_fusion	100GB	90%	FusionSeeker
76	positive	ENSG00000161082:ENSG00000104907	false_fusion	100GB	90%	FusionSeeker
86	positive	ENSG00000278916:ENSG00000104907	reverse_order:truncated_tri_fusion	100GB	90%	FusionSeeker
21	positive	ENSG00000117758:ENSG00000159176	intra_chromosome	100GB	90%	FusionSeeker
12	positive	ENSG00000117758:ENSG00000159176	intra_chromosome	100GB	90%	FusionSeeker
2	positive	ENSG00000117758:ENSG00000159176	intra_chromosome	100GB	90%	FusionSeeker
41	positive	ENSG00000136297:ENSG00000106628	reverse_order: intra_chromosome	100GB	90%	FusionSeeker
24	positive	ENSG00000136297:ENSG00000106628	reverse_order: intra_chromosome	100GB	90%	FusionSeeker
23	positive	ENSG00000166851:ENSG00000091651	truncated_tri_fusion	100GB	90%	FusionSeeker
34	positive	ENSG00000166851:ENSG00000169814	false_fusion	100GB	90%	FusionSeeker
28	positive	ENSG00000091651:ENSG00000169814	false_fusion	100GB	90%	FusionSeeker
15	positive	ENSG00000232573:ENSG00000100316	false_fusion	100GB	90%	FusionSeeker
30	positive	ENSG00000103415:ENSG00000103160	intra_chromosome	100GB	90%	FusionSeeker
2	positive	ENSG00000133112:ENSG00000210082	false_fusion:mitochondrial_genomic	100GB	90%	FusionSeeker
4	positive	ENSG00000087086:ENSG00000163631	false_fusion	100GB	90%	FusionSeeker
2	positive	ENSG00000087086:ENSG00000163631	false_fusion	100GB	90%	FusionSeeker
2	positive	ENSG00000087086:ENSG00000163631	false_fusion	100GB	90%	FusionSeeker
2	positive	ENSG00000087086:ENSG00000163631	false_fusion	100GB	90%	FusionSeeker
3	positive	ENSG00000167526:ENSG00000210082	false_fusion:mitochondrial_genomic	100GB	90%	FusionSeeker
3	positive	ENSG00000167526:ENSG00000210082	false_fusion:mitochondrial_genomic	100GB	90%	FusionSeeker
2	positive	ENSG00000210082:ENSG00000198712	false_fusion:mitochondrial	100GB	90%	FusionSeeker
31	positive	ENSG00000100307:ENSG00000196236	false_fusion	100GB	90%	FusionSeeker
20	positive	ENSG00000225484:ENSG00000167258	false_fusion	100GB	90%	FusionSeeker
17	positive	ENSG00000137074:ENSG00000130714	intra_chromosome	100GB	90%	FusionSeeker
55	positive	ENSG00000129159:ENSG00000129158	false_fusion	100GB	90%	FusionSeeker
14	positive	ENSG00000129159:ENSG00000129158	false_fusion	100GB	90%	FusionSeeker
36	positive	ENSG00000108684:ENSG00000263571	false_fusion:Sense-Antisense	100GB	90%	FusionSeeker
24	positive	ENSG00000166348:ENSG00000165868	intra_chromosome	100GB	90%	FusionSeeker
22	positive	ENSG00000274874:ENSG00000114867	false_fusion	100GB	90%	FusionSeeker
32	positive	ENSG00000221947:ENSG00000285579	false_fusion	100GB	90%	FusionSeeker
35	positive	ENSG00000071909:ENSG00000188312	false_fusion	100GB	90%	FusionSeeker
67	positive	ENSG00000071909:ENSG00000124787	false_fusion	100GB	90%	FusionSeeker
117	positive	ENSG00000124787:ENSG00000188312	false_fusion	100GB	90%	FusionSeeker
35	positive	ENSG00000270959:ENSG00000145012	false_fusion	100GB	90%	FusionSeeker
9	positive	ENSG00000291031:ENSG00000278602	false_fusion	100GB	90%	FusionSeeker
2	positive	ENSG00000117153:ENSG00000258344	false_fusion	100GB	90%	FusionSeeker
2	positive	ENSG00000112306:ENSG00000198888	false_fusion:mitochondrial_genomic	100GB	90%	FusionSeeker
17	positive	ENSG00000085871:ENSG00000196782	false_fusion	100GB	90%	FusionSeeker
27	positive	ENSG00000135269:ENSG00000237813	false_fusion:Sense-Antisense	100GB	90%	FusionSeeker
42	positive	ENSG00000102174:ENSG00000289084	false_fusion:Sense-Antisense	100GB	90%	FusionSeeker
9	positive	ENSG00000102174:ENSG00000289084	false_fusion:Sense-Antisense	100GB	90%	FusionSeeker
32	positive	ENSG00000171735:ENSG00000144815	reverse_order:truncated_tri_fusion	100GB	90%	FusionSeeker
44	positive	ENSG00000249884:ENSG00000115652	false_fusion	100GB	90%	FusionSeeker
32	positive	ENSG00000204929:ENSG00000198363	false_fusion	100GB	90%	FusionSeeker
159	positive	ENSG00000281649:ENSG00000095261	reverse_order: intra_chromosome	100GB	90%	FusionSeeker
40	positive	ENSG00000152223:ENSG00000152229	read_through	100GB	90%	FusionSeeker
4	positive	ENSG00000152223:ENSG00000152229	read_through	100GB	90%	FusionSeeker
131	positive	ENSG00000138347:ENSG00000244607	reverse_order: hybrid	100GB	90%	FusionSeeker
31	positive	ENSG00000165629:ENSG00000148655	reverse_order: intra_chromosome	100GB	90%	FusionSeeker
71	positive	ENSG00000230590:ENSG00000273974	false_fusion:Sense-Antisense	100GB	90%	FusionSeeker
6	positive	ENSG00000230590:ENSG00000273974	false_fusion:Sense-Antisense	100GB	90%	FusionSeeker
4	positive	ENSG00000230590:ENSG00000273974	false_fusion:Sense-Antisense	100GB	90%	FusionSeeker
4	positive	ENSG00000230590:ENSG00000273974	false_fusion:Sense-Antisense	100GB	90%	FusionSeeker
7	positive	ENSG00000211459:ENSG00000210082	false_fusion:mitochondrial	100GB	90%	FusionSeeker
36	positive	ENSG00000060339:ENSG00000228451	hybrid	100GB	90%	FusionSeeker
46	positive	ENSG00000162882:ENSG00000288886	read_through	100GB	90%	FusionSeeker
17	positive	ENSG00000123124:ENSG00000176623	false_fusion	100GB	90%	FusionSeeker
2	positive	ENSG00000111640:ENSG00000210082	false_fusion:mitochondrial_genomic	100GB	90%	FusionSeeker
30	positive	ENSG00000140853:ENSG00000141527	false_fusion	100GB	90%	FusionSeeker
23	positive	ENSG00000140853:ENSG00000146143	reverse_order:truncated_tri_fusion	100GB	90%	FusionSeeker
30	positive	ENSG00000141527:ENSG00000146143	false_fusion	100GB	90%	FusionSeeker
35	positive	ENSG00000082805:ENSG00000145907	reverse_order:truncated_tri_fusion	100GB	90%	FusionSeeker
34	positive	ENSG00000254394:ENSG00000249859	false_fusion	100GB	90%	FusionSeeker
2	positive	ENSG00000254394:ENSG00000249859	false_fusion	100GB	90%	FusionSeeker
32	positive	ENSG00000121281:ENSG00000159712	false_fusion	100GB	90%	FusionSeeker
43	positive	ENSG00000013297:ENSG00000285218	false_fusion	100GB	90%	FusionSeeker
38	positive	ENSG00000095794:ENSG00000289039	reverse_order: intra_chromosome	100GB	90%	FusionSeeker
41	positive	ENSG00000231252:ENSG00000162599	false_fusion:Sense-Antisense	100GB	90%	FusionSeeker
64	positive	ENSG00000108604:ENSG00000240280	read_through	100GB	90%	FusionSeeker
2	positive	ENSG00000087086:ENSG00000091513	false_fusion	100GB	90%	FusionSeeker
2	positive	ENSG00000089157:ENSG00000168028	false_fusion	100GB	90%	FusionSeeker
4	positive	ENSG00000156508:ENSG00000198938	false_fusion:mitochondrial_genomic	100GB	90%	FusionSeeker
2	positive	ENSG00000156508:ENSG00000198938	false_fusion:mitochondrial_genomic	100GB	90%	FusionSeeker
2	positive	ENSG00000087086:ENSG00000156508	false_fusion	100GB	90%	FusionSeeker
2	positive	ENSG00000087086:ENSG00000156508	false_fusion	100GB	90%	FusionSeeker
57	positive	ENSG00000151322:ENSG00000163749	false_fusion	100GB	90%	FusionSeeker
30	positive	ENSG00000259905:ENSG00000286110	false_fusion	100GB	90%	FusionSeeker
2	positive	ENSG00000259905:ENSG00000286110	false_fusion	100GB	90%	FusionSeeker
2	positive	ENSG00000259905:ENSG00000286110	false_fusion	100GB	90%	FusionSeeker
2	positive	ENSG00000259905:ENSG00000286110	false_fusion	100GB	90%	FusionSeeker
26	positive	ENSG00000100767:ENSG00000285219	false_fusion	100GB	90%	FusionSeeker
75	positive	ENSG00000197872:ENSG00000150722	intra_chromosome	100GB	90%	FusionSeeker
45	positive	ENSG00000187398:ENSG00000283563	false_fusion	100GB	90%	FusionSeeker
42	positive	ENSG00000187398:ENSG00000283563	false_fusion	100GB	90%	FusionSeeker
24	positive	ENSG00000268416:ENSG00000137251	reverse_order:truncated_tri_fusion	100GB	90%	FusionSeeker
35	positive	ENSG00000248049:ENSG00000198092	false_fusion	100GB	90%	FusionSeeker
2	positive	ENSG00000196205:ENSG00000210082	false_fusion:mitochondrial_genomic	100GB	90%	FusionSeeker
4	positive	ENSG00000163631:ENSG00000156508	false_fusion	100GB	90%	FusionSeeker
2	positive	ENSG00000163631:ENSG00000156508	false_fusion	100GB	90%	FusionSeeker
5	positive	ENSG00000233913:ENSG00000147403	false_fusion	100GB	90%	FusionSeeker
27	positive	ENSG00000159147:ENSG00000249209	false_fusion	100GB	90%	FusionSeeker
7	positive	ENSG00000197249:ENSG00000163631	false_fusion	100GB	90%	FusionSeeker
2	positive	ENSG00000197249:ENSG00000163631	false_fusion	100GB	90%	FusionSeeker
80	positive	ENSG00000289397:ENSG00000178997	false_fusion	100GB	90%	FusionSeeker
26	positive	ENSG00000005007:ENSG00000250025	false_fusion	100GB	90%	FusionSeeker
2	positive	ENSG00000156508:ENSG00000210082	false_fusion:mitochondrial_genomic	100GB	90%	FusionSeeker
2	positive	ENSG00000156508:ENSG00000210082	false_fusion:mitochondrial_genomic	100GB	90%	FusionSeeker
25	positive	ENSG00000231304:ENSG00000282987	false_fusion:Sense-Antisense	100GB	90%	FusionSeeker
34	positive	ENSG00000168288:ENSG00000231969	false_fusion	100GB	90%	FusionSeeker
23	positive	ENSG00000168288:ENSG00000231969	false_fusion	100GB	90%	FusionSeeker
54	positive	ENSG00000235665:ENSG00000236790	false_fusion	100GB	90%	FusionSeeker
85	positive	ENSG00000109113:ENSG00000109736	reverse_order:truncated_tri_fusion	100GB	90%	FusionSeeker
34	positive	ENSG00000168591:ENSG00000255872	false_fusion	100GB	90%	FusionSeeker
2	positive	ENSG00000253816:ENSG00000290474	false_fusion	100GB	90%	FusionSeeker
2	positive	ENSG00000151812:ENSG00000290474	false_fusion	100GB	90%	FusionSeeker
2	positive	ENSG00000151812:ENSG00000290474	false_fusion	100GB	90%	FusionSeeker
2	positive	ENSG00000151812:ENSG00000290474	false_fusion	100GB	90%	FusionSeeker
2	positive	ENSG00000151812:ENSG00000290474	false_fusion	100GB	90%	FusionSeeker
50	positive	ENSG00000161091:ENSG00000171863	false_fusion	100GB	90%	FusionSeeker
75	positive	ENSG00000186487:ENSG00000138442	false_fusion	100GB	90%	FusionSeeker
9	positive	ENSG00000186487:ENSG00000138442	false_fusion	100GB	90%	FusionSeeker
31	positive	ENSG00000227372:ENSG00000117523	reverse_order: intra_chromosome	100GB	90%	FusionSeeker
2	positive	ENSG00000227372:ENSG00000117523	reverse_order: intra_chromosome	100GB	90%	FusionSeeker
28	positive	ENSG00000264031:ENSG00000176927	false_fusion	100GB	90%	FusionSeeker
25	positive	ENSG00000079387:ENSG00000167110	false_fusion	100GB	90%	FusionSeeker
35	positive	ENSG00000034053:ENSG00000077782	truncated_tri_fusion	100GB	90%	FusionSeeker
26	positive	ENSG00000034053:ENSG00000069329	reverse_order:truncated_tri_fusion	100GB	90%	FusionSeeker
56	positive	ENSG00000069329:ENSG00000077782	truncated_tri_fusion	100GB	90%	FusionSeeker
21	positive	ENSG00000069329:ENSG00000077782	truncated_tri_fusion	100GB	90%	FusionSeeker
44	positive	ENSG00000104957:ENSG00000104518	hybrid	100GB	90%	FusionSeeker
69	positive	ENSG00000108094:ENSG00000085788	hybrid	100GB	90%	FusionSeeker
17	positive	ENSG00000283563:ENSG00000144642	false_fusion	100GB	90%	FusionSeeker
5	positive	ENSG00000283563:ENSG00000144642	false_fusion	100GB	90%	FusionSeeker
3	positive	ENSG00000283563:ENSG00000144642	false_fusion	100GB	90%	FusionSeeker
2	positive	ENSG00000108298:ENSG00000087086	false_fusion	100GB	90%	FusionSeeker
151	positive	ENSG00000172575:ENSG00000228141	reverse_order: intra_chromosome	100GB	90%	FusionSeeker
11	positive	ENSG00000172575:ENSG00000228141	reverse_order: intra_chromosome	100GB	90%	FusionSeeker
27	positive	ENSG00000285851:ENSG00000231064	false_fusion	100GB	90%	FusionSeeker
91	positive	ENSG00000139197:ENSG00000111300	reverse_order: intra_chromosome	100GB	90%	FusionSeeker
31	positive	ENSG00000143633:ENSG00000214097	reverse_order:truncated_tri_fusion	100GB	90%	FusionSeeker
49	positive	ENSG00000171988:ENSG00000066427	false_fusion	100GB	90%	FusionSeeker
2	positive	ENSG00000174444:ENSG00000210082	false_fusion:mitochondrial_genomic	100GB	90%	FusionSeeker
11	positive	ENSG00000167393:ENSG00000237040	chromosomal_misalignment:intra_chromosome	100GB	90%	FusionSeeker
93	positive	ENSG00000260781:ENSG00000260851	false_fusion	100GB	90%	FusionSeeker
41	positive	ENSG00000068796:ENSG00000288643	false_fusion	100GB	90%	FusionSeeker
2	positive	ENSG00000213741:ENSG00000197249	false_fusion	100GB	90%	FusionSeeker
123	positive	ENSG00000226711:ENSG00000119314	reverse_order: hybrid	100GB	90%	FusionSeeker
42	positive	ENSG00000283515:ENSG00000214078	false_fusion	100GB	90%	FusionSeeker
76	positive	ENSG00000148362:ENSG00000169583	read_through	100GB	90%	FusionSeeker
12	positive	ENSG00000250917:ENSG00000101444	false_fusion	100GB	90%	FusionSeeker
22	positive	ENSG00000285053:ENSG00000198551	truncated_tri_fusion	100GB	90%	FusionSeeker
3	positive	ENSG00000285053:ENSG00000170144	false_fusion	100GB	90%	FusionSeeker
116	positive	ENSG00000103043:ENSG00000277893	reverse_order:truncated_tri_fusion	100GB	90%	FusionSeeker
102	positive	ENSG00000103043:ENSG00000080822	truncated_tri_fusion	100GB	90%	FusionSeeker
81	positive	ENSG00000277893:ENSG00000080822	truncated_tri_fusion	100GB	90%	FusionSeeker
31	positive	ENSG00000250855:ENSG00000249815	false_fusion:Sense-Antisense	100GB	90%	FusionSeeker
29	positive	ENSG00000221910:ENSG00000102312	reverse_order:truncated_tri_fusion	100GB	90%	FusionSeeker
100	positive	ENSG00000138185:ENSG00000226688	false_fusion	100GB	90%	FusionSeeker
10	positive	ENSG00000118507:ENSG00000290067	false_fusion:Sense-Antisense	100GB	90%	FusionSeeker
37	positive	ENSG00000063978:ENSG00000168556	reverse_order: intra_chromosome	100GB	90%	FusionSeeker
9	positive	ENSG00000229647:ENSG00000223725	false_fusion:Sense-Antisense	100GB	90%	FusionSeeker
2	positive	ENSG00000167524:ENSG00000156508	false_fusion	100GB	90%	FusionSeeker
23	positive	ENSG00000224622:ENSG00000254092	false_fusion	100GB	90%	FusionSeeker
36	positive	ENSG00000047936:ENSG00000282218	false_fusion	100GB	90%	FusionSeeker
2	positive	ENSG00000047936:ENSG00000282218	false_fusion	100GB	90%	FusionSeeker
41	positive	ENSG00000100211:ENSG00000204659	false_fusion	100GB	90%	FusionSeeker
33	positive	ENSG00000084623:ENSG00000256422	reverse_order:truncated_tri_fusion	100GB	90%	FusionSeeker
29	positive	ENSG00000105339:ENSG00000022567	read_through	100GB	90%	FusionSeeker
96	positive	ENSG00000062485:ENSG00000134326	reverse_order:truncated_tri_fusion	100GB	90%	FusionSeeker
31	positive	ENSG00000101384:ENSG00000270792	false_fusion:Sense-Antisense	100GB	90%	FusionSeeker
2	positive	ENSG00000149273:ENSG00000163631	false_fusion	100GB	90%	FusionSeeker
39	positive	ENSG00000249209:ENSG00000142156	false_fusion	100GB	90%	FusionSeeker
36	positive	ENSG00000081985:ENSG00000184619	truncated_tri_fusion	100GB	90%	FusionSeeker
6	positive	ENSG00000235059:ENSG00000292366	intra_chromosome	100GB	90%	FusionSeeker
2	positive	ENSG00000235059:ENSG00000292366	intra_chromosome	100GB	90%	FusionSeeker
46	positive	ENSG00000133121:ENSG00000272274	false_fusion	100GB	90%	FusionSeeker
6	positive	ENSG00000274814:ENSG00000163913	reverse_order: hybrid	100GB	90%	FusionSeeker
15	positive	ENSG00000143228:ENSG00000068097	reverse_order:truncated_tri_fusion	100GB	90%	FusionSeeker
32	positive	ENSG00000143228:ENSG00000196586	reverse_order:truncated_tri_fusion	100GB	90%	FusionSeeker
18	positive	ENSG00000068097:ENSG00000196586	truncated_tri_fusion	100GB	90%	FusionSeeker
30	positive	ENSG00000100744:ENSG00000239650	reverse_order:truncated_tri_fusion	100GB	90%	FusionSeeker
30	positive	ENSG00000151812:ENSG00000100744	truncated_tri_fusion	100GB	90%	FusionSeeker
73	positive	ENSG00000151812:ENSG00000100744	truncated_tri_fusion	100GB	90%	FusionSeeker
51	positive	ENSG00000256422:ENSG00000177731	reverse_order:truncated_tri_fusion	100GB	90%	FusionSeeker
51	positive	ENSG00000119720:ENSG00000178460	false_fusion	100GB	90%	FusionSeeker
77	positive	ENSG00000119720:ENSG00000178460	false_fusion	100GB	90%	FusionSeeker
37	positive	ENSG00000254979:ENSG00000285329	false_fusion	100GB	90%	FusionSeeker
26	positive	ENSG00000246859:ENSG00000134986	false_fusion	100GB	90%	FusionSeeker
6	positive	ENSG00000246859:ENSG00000134986	false_fusion	100GB	90%	FusionSeeker
2	positive	ENSG00000087086:ENSG00000142541	false_fusion	100GB	90%	FusionSeeker
4	positive	ENSG00000235743:ENSG00000289368	false_fusion:Sense-Antisense	100GB	90%	FusionSeeker
26	positive	ENSG00000187498:ENSG00000154240	truncated_tri_fusion	100GB	90%	FusionSeeker
7	positive	ENSG00000187498:ENSG00000154240	truncated_tri_fusion	100GB	90%	FusionSeeker
26	positive	ENSG00000213619:ENSG00000109861	reverse_order: hybrid	100GB	90%	FusionSeeker
13	positive	ENSG00000157954:ENSG00000291178	reverse_order: intra_chromosome	100GB	90%	FusionSeeker
2	positive	ENSG00000186468:ENSG00000210082	false_fusion:mitochondrial_genomic	100GB	90%	FusionSeeker
25	positive	ENSG00000253917:ENSG00000205444	false_fusion	100GB	90%	FusionSeeker
38	positive	ENSG00000177058:ENSG00000118412	truncated_tri_fusion	100GB	90%	FusionSeeker
2	positive	ENSG00000177600:ENSG00000087086	false_fusion	100GB	90%	FusionSeeker
37	positive	ENSG00000285082:ENSG00000284977	false_fusion	100GB	90%	FusionSeeker
24	positive	ENSG00000285082:ENSG00000284977	false_fusion	100GB	90%	FusionSeeker
2	positive	ENSG00000285082:ENSG00000284977	false_fusion	100GB	90%	FusionSeeker
27	positive	ENSG00000223631:ENSG00000284659	read_through	100GB	90%	FusionSeeker
42	positive	ENSG00000258483:ENSG00000259199	false_fusion:Sense-Antisense	100GB	90%	FusionSeeker
78	positive	ENSG00000237714:ENSG00000072682	false_fusion	100GB	90%	FusionSeeker
2	positive	ENSG00000137818:ENSG00000071082	false_fusion	100GB	90%	FusionSeeker
10	positive	ENSG00000284763:ENSG00000230284	intra_chromosome	100GB	90%	FusionSeeker
34	positive	ENSG00000266602:ENSG00000263745	false_fusion:Sense-Antisense	100GB	90%	FusionSeeker
2	positive	ENSG00000177410:ENSG00000163631	false_fusion	100GB	90%	FusionSeeker
33	positive	ENSG00000143198:ENSG00000167881	truncated_tri_fusion	100GB	90%	FusionSeeker
2	positive	ENSG00000197249:ENSG00000211459	false_fusion:mitochondrial_genomic	100GB	90%	FusionSeeker
2	positive	ENSG00000197249:ENSG00000211459	false_fusion:mitochondrial_genomic	100GB	90%	FusionSeeker
2	positive	ENSG00000197249:ENSG00000211459	false_fusion:mitochondrial_genomic	100GB	90%	FusionSeeker
38	positive	ENSG00000131037:ENSG00000125503	read_through	100GB	90%	FusionSeeker
4	positive	ENSG00000156103:ENSG00000253553	false_fusion:Sense-Antisense	100GB	90%	FusionSeeker
2	positive	ENSG00000167526:ENSG00000197099	false_fusion	100GB	90%	FusionSeeker
3	positive	ENSG00000167658:ENSG00000210082	false_fusion:mitochondrial_genomic	100GB	90%	FusionSeeker
37	positive	ENSG00000223745:ENSG00000228696	false_fusion	100GB	90%	FusionSeeker
19	positive	ENSG00000223745:ENSG00000228696	false_fusion	100GB	90%	FusionSeeker
45	positive	ENSG00000270820:ENSG00000106692	false_fusion	100GB	90%	FusionSeeker
77	positive	ENSG00000059915:ENSG00000107874	false_fusion	100GB	90%	FusionSeeker
17	positive	ENSG00000258583:ENSG00000071082	false_fusion	100GB	90%	FusionSeeker
41	positive	ENSG00000106829:ENSG00000173077	false_fusion	100GB	90%	FusionSeeker
39	positive	ENSG00000280426:ENSG00000076513	read_through	100GB	90%	FusionSeeker
2	positive	ENSG00000198551:ENSG00000287398	false_fusion	100GB	90%	FusionSeeker
29	positive	ENSG00000120784:ENSG00000083097	false_fusion	100GB	90%	FusionSeeker
10	positive	ENSG00000186468:ENSG00000230629	false_fusion	100GB	90%	FusionSeeker
80	positive	ENSG00000147434:ENSG00000164953	intra_chromosome	100GB	90%	FusionSeeker
31	positive	ENSG00000088035:ENSG00000101003	reverse_order:truncated_tri_fusion	100GB	90%	FusionSeeker
40	positive	ENSG00000138759:ENSG00000104490	truncated_tri_fusion	100GB	90%	FusionSeeker
5	positive	ENSG00000138759:ENSG00000104490	truncated_tri_fusion	100GB	90%	FusionSeeker
34	positive	ENSG00000189167:ENSG00000132570	false_fusion	100GB	90%	FusionSeeker
33	positive	ENSG00000100075:ENSG00000100034	intra_chromosome	100GB	90%	FusionSeeker
23	positive	ENSG00000113494:ENSG00000198917	hybrid	100GB	90%	FusionSeeker
151	positive	ENSG00000267128:ENSG00000141576	false_fusion	100GB	90%	FusionSeeker
33	positive	ENSG00000291093:ENSG00000096746	intra_chromosome	100GB	90%	FusionSeeker
2	positive	ENSG00000125995:ENSG00000163631	false_fusion	100GB	90%	FusionSeeker
48	positive	ENSG00000095981:ENSG00000164627	read_through	100GB	90%	FusionSeeker
18	positive	ENSG00000268416:ENSG00000163694	false_fusion	100GB	90%	FusionSeeker
11	positive	ENSG00000163694:ENSG00000137251	false_fusion	100GB	90%	FusionSeeker
31	positive	ENSG00000250167:ENSG00000145832	false_fusion	100GB	90%	FusionSeeker
2	positive	ENSG00000250167:ENSG00000145832	false_fusion	100GB	90%	FusionSeeker
27	positive	ENSG00000053254:ENSG00000259053	false_fusion	100GB	90%	FusionSeeker
2	positive	ENSG00000145592:ENSG00000210082	false_fusion:mitochondrial_genomic	100GB	90%	FusionSeeker
67	positive	ENSG00000178464:ENSG00000147403	false_fusion	100GB	90%	FusionSeeker
150	positive	ENSG00000146223:ENSG00000119899	reverse_order: intra_chromosome	100GB	90%	FusionSeeker
70	positive	ENSG00000286577:ENSG00000185261	false_fusion:Sense-Antisense	100GB	90%	FusionSeeker
56	positive	ENSG00000284906:ENSG00000113758	reverse_order:truncated_tri_fusion	100GB	90%	FusionSeeker
34	positive	ENSG00000237558:ENSG00000291031	intra_chromosome	100GB	90%	FusionSeeker
4	positive	ENSG00000164924:ENSG00000242315	read_through	100GB	90%	FusionSeeker
56	positive	ENSG00000139278:ENSG00000130414	false_fusion	100GB	90%	FusionSeeker
40	positive	ENSG00000108641:ENSG00000130414	false_fusion	100GB	90%	FusionSeeker
31	positive	ENSG00000139278:ENSG00000108641	false_fusion	100GB	90%	FusionSeeker
16	positive	ENSG00000102290:ENSG00000099715	false_fusion	100GB	90%	FusionSeeker
16	positive	ENSG00000102290:ENSG00000099715	false_fusion	100GB	90%	FusionSeeker
10	positive	ENSG00000102290:ENSG00000099715	false_fusion	100GB	90%	FusionSeeker
6	positive	ENSG00000102290:ENSG00000099715	false_fusion	100GB	90%	FusionSeeker
128	positive	ENSG00000167524:ENSG00000285171	false_fusion	100GB	90%	FusionSeeker
90	positive	ENSG00000206129:ENSG00000115355	false_fusion	100GB	90%	FusionSeeker
2	positive	ENSG00000177600:ENSG00000091513	false_fusion	100GB	90%	FusionSeeker
2	positive	ENSG00000167526:ENSG00000211459	false_fusion:mitochondrial_genomic	100GB	90%	FusionSeeker
37	positive	ENSG00000267128:ENSG00000197462	false_fusion	100GB	90%	FusionSeeker
2	positive	ENSG00000267128:ENSG00000197462	false_fusion	100GB	90%	FusionSeeker
41	positive	ENSG00000139287:ENSG00000072657	false_fusion	100GB	90%	FusionSeeker
9	positive	ENSG00000125124:ENSG00000288725	false_fusion	100GB	90%	FusionSeeker
8	positive	ENSG00000125124:ENSG00000288725	false_fusion	100GB	90%	FusionSeeker
4	positive	ENSG00000125124:ENSG00000288725	false_fusion	100GB	90%	FusionSeeker
2	positive	ENSG00000254772:ENSG00000181163	false_fusion	100GB	90%	FusionSeeker
2	positive	ENSG00000197249:ENSG00000210082	false_fusion:mitochondrial_genomic	100GB	90%	FusionSeeker
32	positive	ENSG00000036672:ENSG00000140459	false_fusion	100GB	90%	FusionSeeker
26	positive	ENSG00000233928:ENSG00000233571	false_fusion:Sense-Antisense	100GB	90%	FusionSeeker
115	positive	ENSG00000237188:ENSG00000250166	false_fusion	100GB	90%	FusionSeeker
10	positive	ENSG00000114923:ENSG00000255872	false_fusion	100GB	90%	FusionSeeker
27	positive	ENSG00000168591:ENSG00000114923	truncated_tri_fusion	100GB	90%	FusionSeeker
15	positive	ENSG00000291210:ENSG00000160957	false_fusion	100GB	90%	FusionSeeker
2	positive	ENSG00000136235:ENSG00000174384	false_fusion	100GB	90%	FusionSeeker
9	positive	ENSG00000285370:ENSG00000230284	false_fusion	100GB	90%	FusionSeeker
34	positive	ENSG00000142627:ENSG00000176746	truncated_tri_fusion	100GB	90%	FusionSeeker
4	positive	ENSG00000273259:ENSG00000210082	false_fusion:mitochondrial_genomic	100GB	90%	FusionSeeker
2	positive	ENSG00000273259:ENSG00000210082	false_fusion:mitochondrial_genomic	100GB	90%	FusionSeeker
40	positive	ENSG00000285673:ENSG00000271955	false_fusion:Sense-Antisense	100GB	90%	FusionSeeker
102	positive	ENSG00000113569:ENSG00000145675	intra_chromosome	100GB	90%	FusionSeeker
36	positive	ENSG00000288769:ENSG00000111907	hybrid	100GB	90%	FusionSeeker
46	positive	ENSG00000166145:ENSG00000171766	reverse_order: intra_chromosome	100GB	90%	FusionSeeker
53	positive	ENSG00000271763:ENSG00000185442	false_fusion:Sense-Antisense	100GB	90%	FusionSeeker
21	positive	ENSG00000271763:ENSG00000163930	false_fusion	100GB	90%	FusionSeeker
16	positive	ENSG00000271763:ENSG00000128510	false_fusion	100GB	90%	FusionSeeker
49	positive	ENSG00000185442:ENSG00000163930	truncated_tri_fusion	100GB	90%	FusionSeeker
39	positive	ENSG00000185442:ENSG00000128510	truncated_tri_fusion	100GB	90%	FusionSeeker
35	positive	ENSG00000163930:ENSG00000128510	reverse_order:truncated_tri_fusion	100GB	90%	FusionSeeker
45	positive	ENSG00000173113:ENSG00000183696	reverse_order:truncated_tri_fusion	100GB	90%	FusionSeeker
2	positive	ENSG00000105193:ENSG00000163631	false_fusion	100GB	90%	FusionSeeker
46	positive	ENSG00000260706:ENSG00000259867	false_fusion:Sense-Antisense	100GB	90%	FusionSeeker
26	positive	ENSG00000260706:ENSG00000259867	false_fusion:Sense-Antisense	100GB	90%	FusionSeeker
20	positive	ENSG00000168958:ENSG00000248587	false_fusion	100GB	90%	FusionSeeker
31	positive	ENSG00000183476:ENSG00000124782	false_fusion	100GB	90%	FusionSeeker
107	positive	ENSG00000225676:ENSG00000136861	hybrid	100GB	90%	FusionSeeker
39	positive	ENSG00000125898:ENSG00000234948	intra_chromosome	100GB	90%	FusionSeeker
26	positive	ENSG00000183476:ENSG00000145734	reverse_order:truncated_tri_fusion	100GB	90%	FusionSeeker
34	positive	ENSG00000223634:ENSG00000235497	read_through	100GB	90%	FusionSeeker
31	positive	ENSG00000138771:ENSG00000287544	false_fusion	100GB	90%	FusionSeeker
33	positive	ENSG00000235597:ENSG00000138771	truncated_tri_fusion	100GB	90%	FusionSeeker
30	positive	ENSG00000235597:ENSG00000287544	false_fusion	100GB	90%	FusionSeeker
7	positive	ENSG00000274532:ENSG00000163913	false_fusion	100GB	90%	FusionSeeker
2	positive	ENSG00000233642:ENSG00000151025	false_fusion	100GB	90%	FusionSeeker
36	positive	ENSG00000120437:ENSG00000120438	false_fusion	100GB	90%	FusionSeeker
20	positive	ENSG00000197566:ENSG00000181523	reverse_order: intra_chromosome	100GB	90%	FusionSeeker
4	positive	ENSG00000172264:ENSG00000286546	false_fusion:Sense-Antisense	100GB	90%	FusionSeeker
55	positive	ENSG00000128918:ENSG00000204661	false_fusion	100GB	90%	FusionSeeker
36	positive	ENSG00000185721:ENSG00000221963	false_fusion	100GB	90%	FusionSeeker
17	positive	ENSG00000144724:ENSG00000109182	false_fusion	100GB	90%	FusionSeeker
39	positive	ENSG00000105372:ENSG00000214078	truncated_tri_fusion	100GB	90%	FusionSeeker
14	positive	ENSG00000105372:ENSG00000283515	false_fusion	100GB	90%	FusionSeeker
25	positive	ENSG00000172270:ENSG00000095066	reverse_order: intra_chromosome	100GB	90%	FusionSeeker
25	positive	ENSG00000082641:ENSG00000144668	false_fusion	100GB	90%	FusionSeeker
31	positive	ENSG00000148604:ENSG00000100811	hybrid	100GB	90%	FusionSeeker
28	positive	ENSG00000143891:ENSG00000132300	intra_chromosome	100GB	90%	FusionSeeker
2	positive	ENSG00000111640:ENSG00000091513	false_fusion	100GB	90%	FusionSeeker
3	positive	ENSG00000167996:ENSG00000211459	false_fusion:mitochondrial_genomic	100GB	90%	FusionSeeker
13	positive	ENSG00000261739:ENSG00000186115	false_fusion	100GB	90%	FusionSeeker
4	positive	ENSG00000261739:ENSG00000186115	false_fusion	100GB	90%	FusionSeeker
24	positive	ENSG00000036672:ENSG00000259520	false_fusion	100GB	90%	FusionSeeker
21	positive	ENSG00000259520:ENSG00000140459	false_fusion	100GB	90%	FusionSeeker
36	positive	ENSG00000128815:ENSG00000247572	false_fusion	100GB	90%	FusionSeeker
2	positive	ENSG00000118137:ENSG00000087460	false_fusion	100GB	90%	FusionSeeker
29	positive	ENSG00000225510:ENSG00000102471	intra_chromosome	100GB	90%	FusionSeeker
23	positive	ENSG00000237461:ENSG00000255145	false_fusion	100GB	90%	FusionSeeker
2	positive	ENSG00000237461:ENSG00000255145	false_fusion	100GB	90%	FusionSeeker
2	positive	ENSG00000087086:ENSG00000231500	false_fusion	100GB	90%	FusionSeeker
57	positive	ENSG00000157426:ENSG00000242736	reverse_order:truncated_tri_fusion	100GB	90%	FusionSeeker
31	positive	ENSG00000283579:ENSG00000154040	false_fusion	100GB	90%	FusionSeeker
36	positive	ENSG00000287700:ENSG00000233928	false_fusion:Sense-Antisense	100GB	90%	FusionSeeker
9	positive	ENSG00000287700:ENSG00000233928	false_fusion:Sense-Antisense	100GB	90%	FusionSeeker
3	positive	ENSG00000287700:ENSG00000233928	false_fusion:Sense-Antisense	100GB	90%	FusionSeeker
2	positive	ENSG00000287700:ENSG00000233928	false_fusion:Sense-Antisense	100GB	90%	FusionSeeker
103	positive	ENSG00000206384:ENSG00000196455	read_through	100GB	90%	FusionSeeker
2	positive	ENSG00000206384:ENSG00000196455	read_through	100GB	90%	FusionSeeker
36	positive	ENSG00000072571:ENSG00000130714	truncated_tri_fusion	100GB	90%	FusionSeeker
26	positive	ENSG00000072571:ENSG00000146809	reverse_order:truncated_tri_fusion	100GB	90%	FusionSeeker
18	positive	ENSG00000146809:ENSG00000130714	truncated_tri_fusion	100GB	90%	FusionSeeker
23	positive	ENSG00000188227:ENSG00000197265	reverse_order:truncated_tri_fusion	100GB	90%	FusionSeeker
21	positive	ENSG00000141556:ENSG00000197265	truncated_tri_fusion	100GB	90%	FusionSeeker
18	positive	ENSG00000141556:ENSG00000188227	truncated_tri_fusion	100GB	90%	FusionSeeker
32	positive	ENSG00000173077:ENSG00000228714	false_fusion:Sense-Antisense	100GB	90%	FusionSeeker
37	positive	ENSG00000145808:ENSG00000251680	false_fusion:Sense-Antisense	100GB	90%	FusionSeeker
19	positive	ENSG00000169946:ENSG00000251003	false_fusion	100GB	90%	FusionSeeker
5	positive	ENSG00000169946:ENSG00000251003	false_fusion	100GB	90%	FusionSeeker
3	positive	ENSG00000291002:ENSG00000186115	false_fusion	100GB	90%	FusionSeeker
10	positive	ENSG00000159023:ENSG00000131469	false_fusion	100GB	90%	FusionSeeker
22	positive	ENSG00000167419:ENSG00000005381	read_through	100GB	90%	FusionSeeker
30	positive	ENSG00000187398:ENSG00000144642	false_fusion	100GB	90%	FusionSeeker
19	positive	ENSG00000138101:ENSG00000144589	intra_chromosome	100GB	90%	FusionSeeker
2	positive	ENSG00000142937:ENSG00000087086	false_fusion	100GB	90%	FusionSeeker
37	positive	ENSG00000236963:ENSG00000136014	truncated_tri_fusion	100GB	90%	FusionSeeker
8	positive	ENSG00000169084:ENSG00000292343	false_fusion	100GB	90%	FusionSeeker
28	positive	ENSG00000229586:ENSG00000225626	truncated_tri_fusion	100GB	90%	FusionSeeker
37	positive	ENSG00000167522:ENSG00000278847	false_fusion	100GB	90%	FusionSeeker
42	positive	ENSG00000168676:ENSG00000198677	truncated_tri_fusion	100GB	90%	FusionSeeker
27	positive	ENSG00000168676:ENSG00000198677	truncated_tri_fusion	100GB	90%	FusionSeeker
3	positive	ENSG00000168676:ENSG00000198677	truncated_tri_fusion	100GB	90%	FusionSeeker
24	positive	ENSG00000133121:ENSG00000235221	false_fusion	100GB	90%	FusionSeeker
78	positive	ENSG00000174306:ENSG00000155307	truncated_tri_fusion	100GB	90%	FusionSeeker
2	positive	ENSG00000197099:ENSG00000211459	false_fusion:mitochondrial_genomic	100GB	90%	FusionSeeker
10	positive	ENSG00000049130:ENSG00000131051	reverse_order:truncated_tri_fusion	100GB	90%	FusionSeeker
31	positive	ENSG00000264860:ENSG00000150753	reverse_order: hybrid	100GB	90%	FusionSeeker
33	positive	ENSG00000141499:ENSG00000285565	reverse_order: hybrid	100GB	90%	FusionSeeker
202	positive	ENSG00000075975:ENSG00000132155	false_fusion	100GB	90%	FusionSeeker
26	positive	ENSG00000075975:ENSG00000132155	false_fusion	100GB	90%	FusionSeeker
35	positive	ENSG00000197302:ENSG00000260737	reverse_order: intra_chromosome	100GB	90%	FusionSeeker
31	positive	ENSG00000285844:ENSG00000185760	false_fusion	100GB	90%	FusionSeeker
57	positive	ENSG00000167900:ENSG00000229195	false_fusion	100GB	90%	FusionSeeker
60	positive	ENSG00000128815:ENSG00000011275	false_fusion	100GB	90%	FusionSeeker
28	positive	ENSG00000234129:ENSG00000101966	intra_chromosome	100GB	90%	FusionSeeker
43	positive	ENSG00000101752:ENSG00000067842	false_fusion	100GB	90%	FusionSeeker
73	positive	ENSG00000066322:ENSG00000175334	reverse_order:truncated_tri_fusion	100GB	90%	FusionSeeker
30	positive	ENSG00000011009:ENSG00000278249	false_fusion	100GB	90%	FusionSeeker
2	positive	ENSG00000264545:ENSG00000240498	false_fusion	100GB	90%	FusionSeeker
2	positive	ENSG00000264545:ENSG00000240498	false_fusion	100GB	90%	FusionSeeker
35	positive	ENSG00000269692:ENSG00000273994	read_through	100GB	90%	FusionSeeker
77	positive	ENSG00000074219:ENSG00000236172	hybrid	100GB	90%	FusionSeeker
28	positive	ENSG00000119686:ENSG00000167395	truncated_tri_fusion	100GB	90%	FusionSeeker
44	positive	ENSG00000264569:ENSG00000169733	read_through	100GB	90%	FusionSeeker
4	positive	ENSG00000156508:ENSG00000211459	false_fusion:mitochondrial_genomic	100GB	90%	FusionSeeker
2	positive	ENSG00000156508:ENSG00000211459	false_fusion:mitochondrial_genomic	100GB	90%	FusionSeeker
9	positive	ENSG00000086758:ENSG00000292336	false_fusion	100GB	90%	FusionSeeker
8	positive	ENSG00000086758:ENSG00000292336	false_fusion	100GB	90%	FusionSeeker
20	positive	ENSG00000172977:ENSG00000172922	false_fusion	100GB	90%	FusionSeeker
18	positive	ENSG00000135747:ENSG00000138759	false_fusion	100GB	90%	FusionSeeker
39	positive	ENSG00000077380:ENSG00000135205	false_fusion	100GB	90%	FusionSeeker
3	positive	ENSG00000233662:ENSG00000273269	false_fusion	100GB	90%	FusionSeeker
2	positive	ENSG00000233662:ENSG00000273269	false_fusion	100GB	90%	FusionSeeker
55	positive	ENSG00000140853:ENSG00000198677	reverse_order:truncated_tri_fusion	100GB	90%	FusionSeeker
141	positive	ENSG00000185442:ENSG00000118960	false_fusion	100GB	90%	FusionSeeker
21	positive	ENSG00000214097:ENSG00000105819	reverse_order:truncated_tri_fusion	100GB	90%	FusionSeeker
35	positive	ENSG00000196935:ENSG00000283625	hybrid	100GB	90%	FusionSeeker
24	positive	ENSG00000049759:ENSG00000147573	reverse_order:truncated_tri_fusion	100GB	90%	FusionSeeker
2	positive	ENSG00000021776:ENSG00000091513	false_fusion	100GB	90%	FusionSeeker
99	positive	ENSG00000119535:ENSG00000145901	reverse_order: hybrid	100GB	90%	FusionSeeker
8	positive	ENSG00000163631:ENSG00000211459	false_fusion:mitochondrial_genomic	100GB	90%	FusionSeeker
6	positive	ENSG00000163631:ENSG00000211459	false_fusion:mitochondrial_genomic	100GB	90%	FusionSeeker
2	positive	ENSG00000163631:ENSG00000211459	false_fusion:mitochondrial_genomic	100GB	90%	FusionSeeker
4	positive	ENSG00000105372:ENSG00000214612	false_fusion	100GB	90%	FusionSeeker
38	positive	ENSG00000091164:ENSG00000091157	false_fusion	100GB	90%	FusionSeeker
12	positive	ENSG00000197976:ENSG00000169084	false_fusion	100GB	90%	FusionSeeker
32	positive	ENSG00000007372:ENSG00000285283	false_fusion:Sense-Antisense	100GB	90%	FusionSeeker
8	positive	ENSG00000007372:ENSG00000285283	false_fusion:Sense-Antisense	100GB	90%	FusionSeeker
21	positive	ENSG00000143198:ENSG00000196839	reverse_order:truncated_tri_fusion	100GB	90%	FusionSeeker
16	positive	ENSG00000167881:ENSG00000196839	reverse_order:truncated_tri_fusion	100GB	90%	FusionSeeker
2	positive	ENSG00000111640:ENSG00000008988	false_fusion	100GB	90%	FusionSeeker
19	positive	ENSG00000228570:ENSG00000167258	hybrid	100GB	90%	FusionSeeker
12	positive	ENSG00000262583:ENSG00000205084	false_fusion	100GB	90%	FusionSeeker
2	positive	ENSG00000260092:ENSG00000205084	false_fusion	100GB	90%	FusionSeeker
102	positive	ENSG00000033122:ENSG00000164924	false_fusion	100GB	90%	FusionSeeker
2	positive	ENSG00000074800:ENSG00000081051	false_fusion	100GB	90%	FusionSeeker
76	positive	ENSG00000136444:ENSG00000020256	reverse_order: hybrid	100GB	90%	FusionSeeker
46	positive	ENSG00000090565:ENSG00000167207	intra_chromosome	100GB	90%	FusionSeeker
28	positive	ENSG00000285212:ENSG00000198221	false_fusion:Sense-Antisense	100GB	90%	FusionSeeker
2	positive	ENSG00000230721:ENSG00000215472	false_fusion	100GB	90%	FusionSeeker
37	positive	ENSG00000138115:ENSG00000145216	truncated_tri_fusion	100GB	90%	FusionSeeker
6	positive	ENSG00000285000:ENSG00000284762	false_fusion	100GB	90%	FusionSeeker
2	positive	ENSG00000254772:ENSG00000087086	false_fusion	100GB	90%	FusionSeeker
18	positive	ENSG00000145216:ENSG00000134853	false_fusion	100GB	90%	FusionSeeker
45	positive	ENSG00000166268:ENSG00000257815	false_fusion	100GB	90%	FusionSeeker
92	positive	ENSG00000225127:ENSG00000013375	reverse_order: hybrid	100GB	90%	FusionSeeker
36	positive	ENSG00000009830:ENSG00000087258	hybrid	100GB	90%	FusionSeeker
26	positive	ENSG00000284906:ENSG00000147041	truncated_tri_fusion	100GB	90%	FusionSeeker
23	positive	ENSG00000172380:ENSG00000232284	false_fusion	100GB	90%	FusionSeeker
30	positive	ENSG00000183629:ENSG00000010671	reverse_order:truncated_tri_fusion	100GB	90%	FusionSeeker
2	positive	ENSG00000089157:ENSG00000197249	false_fusion	100GB	90%	FusionSeeker
18	positive	ENSG00000242527:ENSG00000197756	false_fusion	100GB	90%	FusionSeeker
43	positive	ENSG00000248538:ENSG00000134020	reverse_order: intra_chromosome	100GB	90%	FusionSeeker
4	positive	ENSG00000138311:ENSG00000285837	false_fusion	100GB	90%	FusionSeeker
31	positive	ENSG00000172977:ENSG00000145216	false_fusion	100GB	90%	FusionSeeker
5	positive	ENSG00000172922:ENSG00000145216	reverse_order:truncated_tri_fusion	100GB	90%	FusionSeeker
12	positive	ENSG00000198242:ENSG00000240567	false_fusion	100GB	90%	FusionSeeker
3	positive	ENSG00000231500:ENSG00000210082	false_fusion:mitochondrial_genomic	100GB	90%	FusionSeeker
25	positive	ENSG00000187720:ENSG00000003393	truncated_tri_fusion	100GB	90%	FusionSeeker
5	positive	ENSG00000099797:ENSG00000172493	false_fusion	100GB	90%	FusionSeeker
2	positive	ENSG00000122512:ENSG00000228546	false_fusion	100GB	90%	FusionSeeker
35	positive	ENSG00000283098:ENSG00000258661	false_fusion:Sense-Antisense	100GB	90%	FusionSeeker
99	positive	ENSG00000285220:ENSG00000141577	false_fusion	100GB	90%	FusionSeeker
25	positive	ENSG00000285220:ENSG00000141577	false_fusion	100GB	90%	FusionSeeker
2	positive	ENSG00000167996:ENSG00000091513	false_fusion	100GB	90%	FusionSeeker
27	positive	ENSG00000109339:ENSG00000147684	false_fusion	100GB	90%	FusionSeeker
8	positive	ENSG00000124333:ENSG00000235059	false_fusion	100GB	90%	FusionSeeker
4	positive	ENSG00000124333:ENSG00000235059	false_fusion	100GB	90%	FusionSeeker
3	positive	ENSG00000167526:ENSG00000156508	false_fusion	100GB	90%	FusionSeeker
2	positive	ENSG00000167526:ENSG00000156508	false_fusion	100GB	90%	FusionSeeker
3	positive	ENSG00000229272:ENSG00000215472	false_fusion	100GB	90%	FusionSeeker
2	positive	ENSG00000291203:ENSG00000136928	false_fusion	100GB	90%	FusionSeeker
3	positive	ENSG00000087086:ENSG00000211459	false_fusion:mitochondrial_genomic	100GB	90%	FusionSeeker
10	positive	ENSG00000069329:ENSG00000164754	false_fusion	100GB	90%	FusionSeeker
24	positive	ENSG00000260850:ENSG00000177138	truncated_tri_fusion	100GB	90%	FusionSeeker
44	positive	ENSG00000258704:ENSG00000177138	reverse_order:truncated_tri_fusion	100GB	90%	FusionSeeker
32	positive	ENSG00000258704:ENSG00000260850	reverse_order:truncated_tri_fusion	100GB	90%	FusionSeeker
28	positive	ENSG00000287744:ENSG00000130226	false_fusion:Sense-Antisense	100GB	90%	FusionSeeker
2	positive	ENSG00000198431:ENSG00000087086	false_fusion	100GB	90%	FusionSeeker
96	positive	ENSG00000172339:ENSG00000071894	truncated_tri_fusion	100GB	90%	FusionSeeker
34	positive	ENSG00000237250:ENSG00000110002	reverse_order: hybrid	100GB	90%	FusionSeeker
38	positive	ENSG00000236708:ENSG00000146555	false_fusion	100GB	90%	FusionSeeker
17	positive	ENSG00000283294:ENSG00000224367	intra_chromosome	100GB	90%	FusionSeeker
2	positive	ENSG00000071082:ENSG00000081051	false_fusion	100GB	90%	FusionSeeker
5	positive	ENSG00000213075:ENSG00000071082	false_fusion	100GB	90%	FusionSeeker
6	positive	ENSG00000247572:ENSG00000011275	reverse_order:truncated_tri_fusion	100GB	90%	FusionSeeker
3	positive	ENSG00000228071:ENSG00000147604	false_fusion	100GB	90%	FusionSeeker
48	positive	ENSG00000168280:ENSG00000144320	reverse_order: hybrid	100GB	90%	FusionSeeker
15	positive	ENSG00000136160:ENSG00000234377	false_fusion	100GB	90%	FusionSeeker
2	positive	ENSG00000116668:ENSG00000226383	false_fusion	100GB	90%	FusionSeeker
6	positive	ENSG00000292343:ENSG00000292338	false_fusion	100GB	90%	FusionSeeker
23	positive	ENSG00000162302:ENSG00000196549	reverse_order:truncated_tri_fusion	100GB	90%	FusionSeeker
2	positive	ENSG00000162302:ENSG00000196549	reverse_order:truncated_tri_fusion	100GB	90%	FusionSeeker
2	positive	ENSG00000177697:ENSG00000196205	false_fusion	100GB	90%	FusionSeeker
15	positive	ENSG00000236951:ENSG00000292366	false_fusion	100GB	90%	FusionSeeker
2	positive	ENSG00000109971:ENSG00000273997	false_fusion	100GB	90%	FusionSeeker
55	positive	ENSG00000215124:ENSG00000225102	read_through	100GB	90%	FusionSeeker
2	positive	ENSG00000081154:ENSG00000231500	false_fusion	100GB	90%	FusionSeeker
2	positive	ENSG00000262898:ENSG00000228205	false_fusion	100GB	90%	FusionSeeker
2	positive	ENSG00000106399:ENSG00000283549	false_fusion:Sense-Antisense	100GB	90%	FusionSeeker
2	positive	ENSG00000091513:ENSG00000081051	false_fusion	100GB	90%	FusionSeeker
25	positive	ENSG00000287921:ENSG00000183780	false_fusion:Sense-Antisense	100GB	90%	FusionSeeker
5	positive	ENSG00000104714:ENSG00000198010	false_fusion	100GB	90%	FusionSeeker
3	positive	ENSG00000104714:ENSG00000198010	false_fusion	100GB	90%	FusionSeeker
18	positive	ENSG00000263798:ENSG00000178460	false_fusion	100GB	90%	FusionSeeker
2	positive	ENSG00000186468:ENSG00000156508	false_fusion	100GB	90%	FusionSeeker
2	positive	ENSG00000186468:ENSG00000156508	false_fusion	100GB	90%	FusionSeeker
29	positive	ENSG00000267128:ENSG00000276418	false_fusion	100GB	90%	FusionSeeker
14	positive	ENSG00000267128:ENSG00000276418	false_fusion	100GB	90%	FusionSeeker
6	positive	ENSG00000267128:ENSG00000276418	false_fusion	100GB	90%	FusionSeeker
49	positive	ENSG00000197462:ENSG00000276418	false_fusion	100GB	90%	FusionSeeker
15	positive	ENSG00000197462:ENSG00000276418	false_fusion	100GB	90%	FusionSeeker
2	positive	ENSG00000075884:ENSG00000228655	false_fusion:Sense-Antisense	100GB	90%	FusionSeeker
40	positive	ENSG00000149273:ENSG00000262898	hybrid	100GB	90%	FusionSeeker
26	positive	ENSG00000149657:ENSG00000101182	read_through	100GB	90%	FusionSeeker
2	positive	ENSG00000163586:ENSG00000198886	false_fusion:mitochondrial_genomic	100GB	90%	FusionSeeker
21	positive	ENSG00000137449:ENSG00000249252	false_fusion	100GB	90%	FusionSeeker
15	positive	ENSG00000213942:ENSG00000071082	false_fusion	100GB	90%	FusionSeeker
31	positive	ENSG00000291137:ENSG00000087495	false_fusion	100GB	90%	FusionSeeker
39	positive	ENSG00000096070:ENSG00000104218	truncated_tri_fusion	100GB	90%	FusionSeeker
18	positive	ENSG00000130396:ENSG00000104218	truncated_tri_fusion	100GB	90%	FusionSeeker
28	positive	ENSG00000096070:ENSG00000130396	reverse_order:truncated_tri_fusion	100GB	90%	FusionSeeker
2	positive	ENSG00000110497:ENSG00000156508	false_fusion	100GB	90%	FusionSeeker
22	positive	ENSG00000182149:ENSG00000277481	false_fusion	100GB	90%	FusionSeeker
8	positive	ENSG00000292327:ENSG00000292365	intra_chromosome	100GB	90%	FusionSeeker
22	positive	ENSG00000151694:ENSG00000130714	reverse_order:truncated_tri_fusion	100GB	90%	FusionSeeker
20	positive	ENSG00000244265:ENSG00000239265	false_fusion	100GB	90%	FusionSeeker
2	positive	ENSG00000185664:ENSG00000164120	false_fusion	100GB	90%	FusionSeeker
2	positive	ENSG00000105640:ENSG00000210082	false_fusion:mitochondrial_genomic	100GB	90%	FusionSeeker
3	positive	ENSG00000273259:ENSG00000081051	false_fusion	100GB	90%	FusionSeeker
12	positive	ENSG00000256879:ENSG00000172572	false_fusion	100GB	90%	FusionSeeker
67	positive	ENSG00000255248:ENSG00000283154	false_fusion	100GB	90%	FusionSeeker
15	positive	ENSG00000186481:ENSG00000224367	false_fusion	100GB	90%	FusionSeeker
2	positive	ENSG00000236552:ENSG00000175899	false_fusion	100GB	90%	FusionSeeker
53	positive	ENSG00000162302:ENSG00000137707	truncated_tri_fusion	100GB	90%	FusionSeeker
2	positive	ENSG00000162302:ENSG00000137707	truncated_tri_fusion	100GB	90%	FusionSeeker
28	positive	ENSG00000276043:ENSG00000188321	reverse_order: intra_chromosome	100GB	90%	FusionSeeker
33	positive	ENSG00000119720:ENSG00000263798	false_fusion	100GB	90%	FusionSeeker
2	positive	ENSG00000105193:ENSG00000211459	false_fusion:mitochondrial_genomic	100GB	90%	FusionSeeker
37	positive	ENSG00000134058:ENSG00000176970	truncated_tri_fusion	100GB	90%	FusionSeeker
45	positive	ENSG00000179915:ENSG00000231918	false_fusion:Sense-Antisense	100GB	90%	FusionSeeker
2	positive	ENSG00000179915:ENSG00000231918	false_fusion:Sense-Antisense	100GB	90%	FusionSeeker
3	positive	ENSG00000138315:ENSG00000181163	false_fusion	100GB	90%	FusionSeeker
3	positive	ENSG00000180287:ENSG00000290439	false_fusion	100GB	90%	FusionSeeker
20	positive	ENSG00000104951:ENSG00000109736	false_fusion	100GB	90%	FusionSeeker
32	positive	ENSG00000109113:ENSG00000104951	false_fusion	100GB	90%	FusionSeeker
12	positive	ENSG00000198246:ENSG00000138698	reverse_order:truncated_tri_fusion	100GB	90%	FusionSeeker
2	positive	ENSG00000204628:ENSG00000156508	false_fusion	100GB	90%	FusionSeeker
16	positive	ENSG00000291031:ENSG00000227251	false_fusion	100GB	90%	FusionSeeker
4	positive	ENSG00000124333:ENSG00000236951	false_fusion	100GB	90%	FusionSeeker
5	positive	ENSG00000284867:ENSG00000230284	false_fusion	100GB	90%	FusionSeeker
2	positive	ENSG00000136942:ENSG00000210082	false_fusion:mitochondrial_genomic	100GB	90%	FusionSeeker
2	positive	ENSG00000286001:ENSG00000188002	false_fusion	100GB	90%	FusionSeeker
2	positive	ENSG00000088340:ENSG00000145592	false_fusion	100GB	90%	FusionSeeker
2	positive	ENSG00000198431:ENSG00000170315	false_fusion	100GB	90%	FusionSeeker
2	positive	ENSG00000063177:ENSG00000163631	false_fusion	100GB	90%	FusionSeeker
150	positive	ENSG00000158987:ENSG00000145901	reverse_order: intra_chromosome	100GB	90%	FusionSeeker
27	positive	ENSG00000185664:ENSG00000251584	hybrid	100GB	90%	FusionSeeker
28	positive	ENSG00000081985:ENSG00000164756	reverse_order:truncated_tri_fusion	100GB	90%	FusionSeeker
12	positive	ENSG00000184619:ENSG00000164756	reverse_order:truncated_tri_fusion	100GB	90%	FusionSeeker
17	positive	ENSG00000164011:ENSG00000105613	reverse_order: hybrid	100GB	90%	FusionSeeker
8	positive	ENSG00000196433:ENSG00000086758	intra_chromosome	100GB	90%	FusionSeeker
5	positive	ENSG00000196433:ENSG00000086758	intra_chromosome	100GB	90%	FusionSeeker
15	positive	ENSG00000132003:ENSG00000078699	truncated_tri_fusion	100GB	90%	FusionSeeker
2	positive	ENSG00000163631:ENSG00000204628	false_fusion	100GB	90%	FusionSeeker
2	positive	ENSG00000163631:ENSG00000204628	false_fusion	100GB	90%	FusionSeeker
2	positive	ENSG00000163631:ENSG00000204628	false_fusion	100GB	90%	FusionSeeker
16	positive	ENSG00000049759:ENSG00000203734	truncated_tri_fusion	100GB	90%	FusionSeeker
10	positive	ENSG00000203734:ENSG00000147573	reverse_order:truncated_tri_fusion	100GB	90%	FusionSeeker
14	positive	ENSG00000129515:ENSG00000105372	false_fusion	100GB	90%	FusionSeeker
2	positive	ENSG00000197099:ENSG00000196205	false_fusion	100GB	90%	FusionSeeker
2	positive	ENSG00000115268:ENSG00000233762	false_fusion	100GB	90%	FusionSeeker
4	positive	ENSG00000082805:ENSG00000166747	truncated_tri_fusion	100GB	90%	FusionSeeker
2	positive	ENSG00000163631:ENSG00000196205	false_fusion	100GB	90%	FusionSeeker
27	positive	ENSG00000197584:ENSG00000237978	false_fusion	100GB	90%	FusionSeeker
28	positive	ENSG00000286749:ENSG00000249484	false_fusion:Sense-Antisense	100GB	90%	FusionSeeker
2	positive	ENSG00000286749:ENSG00000249484	false_fusion:Sense-Antisense	100GB	90%	FusionSeeker
9	positive	ENSG00000163631:ENSG00000210082	false_fusion:mitochondrial_genomic	100GB	90%	FusionSeeker
4	positive	ENSG00000163631:ENSG00000210082	false_fusion:mitochondrial_genomic	100GB	90%	FusionSeeker
2	positive	ENSG00000163631:ENSG00000210082	false_fusion:mitochondrial_genomic	100GB	90%	FusionSeeker
6	positive	ENSG00000285407:ENSG00000189283	false_fusion	100GB	90%	FusionSeeker
6	positive	ENSG00000285407:ENSG00000189283	false_fusion	100GB	90%	FusionSeeker
27	positive	ENSG00000174306:ENSG00000171109	reverse_order:truncated_tri_fusion	100GB	90%	FusionSeeker
66	positive	ENSG00000155307:ENSG00000171109	reverse_order:truncated_tri_fusion	100GB	90%	FusionSeeker
5	positive	ENSG00000290689:ENSG00000160957	false_fusion	100GB	90%	FusionSeeker
2	positive	ENSG00000087086:ENSG00000197756	false_fusion	100GB	90%	FusionSeeker
24	positive	ENSG00000130962:ENSG00000156298	false_fusion	100GB	90%	FusionSeeker
5	positive	ENSG00000230386:ENSG00000179603	false_fusion	100GB	90%	FusionSeeker
44	positive	ENSG00000105889:ENSG00000075303	intra_chromosome	100GB	90%	FusionSeeker
64	positive	ENSG00000102780:ENSG00000088298	false_fusion	100GB	90%	FusionSeeker
13	positive	ENSG00000171451:ENSG00000265533	false_fusion	100GB	90%	FusionSeeker
43	positive	ENSG00000088298:ENSG00000170231	reverse_order:truncated_tri_fusion	100GB	90%	FusionSeeker
11	positive	ENSG00000102780:ENSG00000170231	false_fusion	100GB	90%	FusionSeeker
22	positive	ENSG00000243243:ENSG00000105971	false_fusion:Sense-Antisense	100GB	90%	FusionSeeker
10	positive	ENSG00000136235:ENSG00000285702	false_fusion	100GB	90%	FusionSeeker
46	positive	ENSG00000173113:ENSG00000260983	false_fusion	100GB	90%	FusionSeeker
35	positive	ENSG00000125462:ENSG00000243789	reverse_order:truncated_tri_fusion	100GB	90%	FusionSeeker
5	positive	ENSG00000160752:ENSG00000285329	false_fusion	100GB	90%	FusionSeeker
2	positive	ENSG00000249490:ENSG00000251629	false_fusion	100GB	90%	FusionSeeker
2	positive	ENSG00000249490:ENSG00000251629	false_fusion	100GB	90%	FusionSeeker
10	positive	ENSG00000111231:ENSG00000071082	false_fusion	100GB	90%	FusionSeeker
2	positive	ENSG00000177600:ENSG00000163631	false_fusion	100GB	90%	FusionSeeker
2	positive	ENSG00000198755:ENSG00000210082	false_fusion:mitochondrial_genomic	100GB	90%	FusionSeeker
5	positive	ENSG00000197566:ENSG00000141527	false_fusion	100GB	90%	FusionSeeker
6	positive	ENSG00000141527:ENSG00000181523	false_fusion	100GB	90%	FusionSeeker
17	positive	ENSG00000255652:ENSG00000257894	reverse_order: intra_chromosome	100GB	90%	FusionSeeker
7	positive	ENSG00000153684:ENSG00000010671	false_fusion	100GB	90%	FusionSeeker
4	positive	ENSG00000153684:ENSG00000010671	false_fusion	100GB	90%	FusionSeeker
14	positive	ENSG00000188580:ENSG00000236548	false_fusion	100GB	90%	FusionSeeker
6	positive	ENSG00000188580:ENSG00000236548	false_fusion	100GB	90%	FusionSeeker
5	positive	ENSG00000188580:ENSG00000236548	false_fusion	100GB	90%	FusionSeeker
2	positive	ENSG00000290945:ENSG00000163682	false_fusion	100GB	90%	FusionSeeker
2	positive	ENSG00000261739:ENSG00000171903	false_fusion	100GB	90%	FusionSeeker
2	positive	ENSG00000261739:ENSG00000171903	false_fusion	100GB	90%	FusionSeeker
2	positive	ENSG00000282917:ENSG00000145916	false_fusion	100GB	90%	FusionSeeker
2	positive	ENSG00000282917:ENSG00000145916	false_fusion	100GB	90%	FusionSeeker
6	positive	ENSG00000170448:ENSG00000145916	truncated_tri_fusion	100GB	90%	FusionSeeker
26	positive	ENSG00000120896:ENSG00000221947	reverse_order: intra_chromosome	100GB	90%	FusionSeeker
2	positive	ENSG00000089157:ENSG00000267669	false_fusion	100GB	90%	FusionSeeker
30	positive	ENSG00000073598:ENSG00000073536	false_fusion	100GB	90%	FusionSeeker
10	positive	ENSG00000237040:ENSG00000292327	false_fusion	100GB	90%	FusionSeeker
2	positive	ENSG00000167996:ENSG00000142534	false_fusion	100GB	90%	FusionSeeker
4	positive	ENSG00000172809:ENSG00000227088	false_fusion	100GB	90%	FusionSeeker
4	positive	ENSG00000137970:ENSG00000147604	false_fusion	100GB	90%	FusionSeeker
2	positive	ENSG00000261739:ENSG00000188626	false_fusion	100GB	90%	FusionSeeker
2	positive	ENSG00000081051:ENSG00000156508	false_fusion	100GB	90%	FusionSeeker
2	positive	ENSG00000063177:ENSG00000198886	false_fusion:mitochondrial_genomic	100GB	90%	FusionSeeker
2	positive	ENSG00000163631:ENSG00000145425	false_fusion	100GB	90%	FusionSeeker
2	positive	ENSG00000105989:ENSG00000001626	false_fusion	100GB	90%	FusionSeeker
18	positive	ENSG00000260983:ENSG00000183696	false_fusion	100GB	90%	FusionSeeker
2	positive	ENSG00000151572:ENSG00000089006	false_fusion	100GB	90%	FusionSeeker
2	positive	ENSG00000174891:ENSG00000276535	false_fusion	100GB	90%	FusionSeeker
6	positive	ENSG00000245384:ENSG00000248242	false_fusion:Sense-Antisense	100GB	90%	FusionSeeker
3	positive	ENSG00000089157:ENSG00000210082	false_fusion:mitochondrial_genomic	100GB	90%	FusionSeeker
2	positive	ENSG00000089157:ENSG00000210082	false_fusion:mitochondrial_genomic	100GB	90%	FusionSeeker
15	positive	ENSG00000141449:ENSG00000166401	intra_chromosome	100GB	90%	FusionSeeker
2	positive	ENSG00000142892:ENSG00000215472	false_fusion	100GB	90%	FusionSeeker
11	positive	ENSG00000087086:ENSG00000210082	false_fusion:mitochondrial_genomic	100GB	90%	FusionSeeker
19	positive	ENSG00000284776:ENSG00000188186	reverse_order: hybrid	100GB	90%	FusionSeeker
2	positive	ENSG00000181163:ENSG00000156508	false_fusion	100GB	90%	FusionSeeker
6	positive	ENSG00000110881:ENSG00000261427	hybrid	100GB	90%	FusionSeeker
6	positive	ENSG00000243295:ENSG00000189283	false_fusion	100GB	90%	FusionSeeker
5	positive	ENSG00000243295:ENSG00000189283	false_fusion	100GB	90%	FusionSeeker
5	positive	ENSG00000243295:ENSG00000189283	false_fusion	100GB	90%	FusionSeeker
4	positive	ENSG00000243295:ENSG00000189283	false_fusion	100GB	90%	FusionSeeker
3	positive	ENSG00000243295:ENSG00000189283	false_fusion	100GB	90%	FusionSeeker
55	positive	ENSG00000122218:ENSG00000120437	false_fusion	100GB	90%	FusionSeeker
10	positive	ENSG00000122218:ENSG00000120437	false_fusion	100GB	90%	FusionSeeker
77	positive	ENSG00000122218:ENSG00000120438	hybrid	100GB	90%	FusionSeeker
15	positive	ENSG00000122218:ENSG00000120438	hybrid	100GB	90%	FusionSeeker
2	positive	ENSG00000132341:ENSG00000236603	false_fusion	100GB	90%	FusionSeeker
22	positive	ENSG00000153093:ENSG00000172965	false_fusion	100GB	90%	FusionSeeker
34	positive	ENSG00000260840:ENSG00000093072	truncated_tri_fusion	100GB	90%	FusionSeeker
14	positive	ENSG00000136235:ENSG00000276840	false_fusion	100GB	90%	FusionSeeker
16	positive	ENSG00000204929:ENSG00000144868	false_fusion	100GB	90%	FusionSeeker
2	positive	ENSG00000251357:ENSG00000211459	false_fusion:mitochondrial_genomic	100GB	90%	FusionSeeker
3	positive	ENSG00000239586:ENSG00000248587	false_fusion	100GB	90%	FusionSeeker
4	positive	ENSG00000168958:ENSG00000239586	reverse_order:truncated_tri_fusion	100GB	90%	FusionSeeker
2	positive	ENSG00000196205:ENSG00000198886	false_fusion:mitochondrial_genomic	100GB	90%	FusionSeeker
2	positive	ENSG00000100316:ENSG00000081051	false_fusion	100GB	90%	FusionSeeker
2	positive	ENSG00000286279:ENSG00000243701	false_fusion	100GB	90%	FusionSeeker
4	positive	ENSG00000258344:ENSG00000230170	false_fusion	100GB	90%	FusionSeeker
3	positive	ENSG00000289809:ENSG00000015676	false_fusion	100GB	90%	FusionSeeker
15	positive	ENSG00000145734:ENSG00000124782	false_fusion	100GB	90%	FusionSeeker
2	positive	ENSG00000087086:ENSG00000145425	false_fusion	100GB	90%	FusionSeeker
2	positive	ENSG00000122406:ENSG00000170315	false_fusion	100GB	90%	FusionSeeker
12	positive	ENSG00000121653:ENSG00000167395	truncated_tri_fusion	100GB	90%	FusionSeeker
11	positive	ENSG00000121653:ENSG00000119686	truncated_tri_fusion	100GB	90%	FusionSeeker
15	positive	ENSG00000255502:ENSG00000118960	truncated_tri_fusion	100GB	90%	FusionSeeker
2	positive	ENSG00000128272:ENSG00000163631	false_fusion	100GB	90%	FusionSeeker
13	positive	ENSG00000203727:ENSG00000227681	false_fusion	100GB	90%	FusionSeeker
5	positive	ENSG00000197756:ENSG00000226243	false_fusion	100GB	90%	FusionSeeker
34	positive	ENSG00000111596:ENSG00000111727	reverse_order: intra_chromosome	100GB	90%	FusionSeeker
11	positive	ENSG00000172264:ENSG00000235914	false_fusion	100GB	90%	FusionSeeker
3	positive	ENSG00000137285:ENSG00000204054	truncated_tri_fusion	100GB	90%	FusionSeeker
6	positive	ENSG00000222041:ENSG00000153093	false_fusion	100GB	90%	FusionSeeker
12	positive	ENSG00000176124:ENSG00000226961	reverse_order:truncated_tri_fusion	100GB	90%	FusionSeeker
2	positive	ENSG00000259146:ENSG00000197555	false_fusion	100GB	90%	FusionSeeker
2	positive	ENSG00000259146:ENSG00000197555	false_fusion	100GB	90%	FusionSeeker
2	positive	ENSG00000137970:ENSG00000220842	false_fusion	100GB	90%	FusionSeeker
2	positive	ENSG00000197249:ENSG00000087086	false_fusion	100GB	90%	FusionSeeker
2	positive	ENSG00000197249:ENSG00000087086	false_fusion	100GB	90%	FusionSeeker
2	positive	ENSG00000273259:ENSG00000198899	false_fusion:mitochondrial_genomic	100GB	90%	FusionSeeker
8	positive	ENSG00000221874:ENSG00000183137	false_fusion	100GB	90%	FusionSeeker
3	positive	ENSG00000162244:ENSG00000210082	false_fusion:mitochondrial_genomic	100GB	90%	FusionSeeker
25	positive	ENSG00000127481:ENSG00000253329	reverse_order:truncated_tri_fusion	100GB	90%	FusionSeeker
8	positive	ENSG00000119599:ENSG00000130255	false_fusion	100GB	90%	FusionSeeker
4	positive	ENSG00000133112:ENSG00000211459	false_fusion:mitochondrial_genomic	100GB	90%	FusionSeeker
2	positive	ENSG00000074800:ENSG00000210082	false_fusion:mitochondrial_genomic	100GB	90%	FusionSeeker
7	positive	ENSG00000071082:ENSG00000250954	false_fusion	100GB	90%	FusionSeeker
26	positive	ENSG00000260628:ENSG00000260781	false_fusion	100GB	90%	FusionSeeker
2	positive	ENSG00000260628:ENSG00000260781	false_fusion	100GB	90%	FusionSeeker
2	positive	ENSG00000260628:ENSG00000260781	false_fusion	100GB	90%	FusionSeeker
10	positive	ENSG00000260781:ENSG00000275832	false_fusion	100GB	90%	FusionSeeker
7	positive	ENSG00000260781:ENSG00000275832	false_fusion	100GB	90%	FusionSeeker
2	positive	ENSG00000164379:ENSG00000210082	false_fusion:mitochondrial_genomic	100GB	90%	FusionSeeker
16	positive	ENSG00000277304:ENSG00000260781	false_fusion	100GB	90%	FusionSeeker
16	positive	ENSG00000277304:ENSG00000260781	false_fusion	100GB	90%	FusionSeeker
8	positive	ENSG00000277304:ENSG00000260781	false_fusion	100GB	90%	FusionSeeker
7	positive	ENSG00000277304:ENSG00000260781	false_fusion	100GB	90%	FusionSeeker
11	positive	ENSG00000277304:ENSG00000260781	false_fusion	100GB	90%	FusionSeeker
3	positive	ENSG00000285629:ENSG00000085276	false_fusion	100GB	90%	FusionSeeker
2	positive	ENSG00000156467:ENSG00000204272	false_fusion	100GB	90%	FusionSeeker
2	positive	ENSG00000081051:ENSG00000198938	false_fusion:mitochondrial_genomic	100GB	90%	FusionSeeker
9	positive	ENSG00000223786:ENSG00000272243	false_fusion:Sense-Antisense	100GB	90%	FusionSeeker
2	positive	ENSG00000079332:ENSG00000273269	false_fusion	100GB	90%	FusionSeeker
11	positive	ENSG00000289465:ENSG00000137710	false_fusion	100GB	90%	FusionSeeker
9	positive	ENSG00000267104:ENSG00000289809	false_fusion	100GB	90%	FusionSeeker
3	positive	ENSG00000187720:ENSG00000215472	false_fusion	100GB	90%	FusionSeeker
4	positive	ENSG00000171863:ENSG00000163631	false_fusion	100GB	90%	FusionSeeker
4	positive	ENSG00000087086:ENSG00000198938	false_fusion:mitochondrial_genomic	100GB	90%	FusionSeeker
11	positive	ENSG00000141449:ENSG00000221887	false_fusion	100GB	90%	FusionSeeker
15	positive	ENSG00000111145:ENSG00000124523	false_fusion	100GB	90%	FusionSeeker
25	positive	ENSG00000228784:ENSG00000164924	reverse_order:truncated_tri_fusion	100GB	90%	FusionSeeker
3	positive	ENSG00000226553:ENSG00000224063	false_fusion	100GB	90%	FusionSeeker
2	positive	ENSG00000231500:ENSG00000156508	false_fusion	100GB	90%	FusionSeeker
2	positive	ENSG00000198763:ENSG00000147403	false_fusion:mitochondrial_genomic	100GB	90%	FusionSeeker
35	positive	ENSG00000260840:ENSG00000148308	reverse_order:truncated_tri_fusion	100GB	90%	FusionSeeker
2	positive	ENSG00000240567:ENSG00000156508	false_fusion	100GB	90%	FusionSeeker
4	positive	ENSG00000143933:ENSG00000273269	false_fusion	100GB	90%	FusionSeeker
4	positive	ENSG00000156925:ENSG00000283692	false_fusion	100GB	90%	FusionSeeker
4	positive	ENSG00000156925:ENSG00000283692	false_fusion	100GB	90%	FusionSeeker
6	positive	ENSG00000251600:ENSG00000285783	false_fusion:Sense-Antisense	100GB	90%	FusionSeeker
4	positive	ENSG00000251600:ENSG00000285783	false_fusion:Sense-Antisense	100GB	90%	FusionSeeker
20	positive	ENSG00000204256:ENSG00000184634	hybrid	100GB	90%	FusionSeeker
24	positive	ENSG00000139350:ENSG00000234456	reverse_order:truncated_tri_fusion	100GB	90%	FusionSeeker
2	positive	ENSG00000158874:ENSG00000156508	false_fusion	100GB	90%	FusionSeeker
2	positive	ENSG00000197249:ENSG00000198938	false_fusion:mitochondrial_genomic	100GB	90%	FusionSeeker
3	positive	ENSG00000260192:ENSG00000248752	false_fusion:Sense-Antisense	100GB	90%	FusionSeeker
2	positive	ENSG00000260192:ENSG00000248752	false_fusion:Sense-Antisense	100GB	90%	FusionSeeker
2	positive	ENSG00000197249:ENSG00000131469	false_fusion	100GB	90%	FusionSeeker
3	positive	ENSG00000177600:ENSG00000210082	false_fusion:mitochondrial_genomic	100GB	90%	FusionSeeker
2	positive	ENSG00000118137:ENSG00000131143	false_fusion	100GB	90%	FusionSeeker
2	positive	ENSG00000083845:ENSG00000211459	false_fusion:mitochondrial_genomic	100GB	90%	FusionSeeker
4	positive	ENSG00000106399:ENSG00000219545	false_fusion	100GB	90%	FusionSeeker
4	positive	ENSG00000106399:ENSG00000219545	false_fusion	100GB	90%	FusionSeeker
4	positive	ENSG00000106399:ENSG00000219545	false_fusion	100GB	90%	FusionSeeker
3	positive	ENSG00000230897:ENSG00000231500	false_fusion	100GB	90%	FusionSeeker
7	positive	ENSG00000206260:ENSG00000175110	false_fusion	100GB	90%	FusionSeeker
3	positive	ENSG00000233005:ENSG00000228999	false_fusion:Sense-Antisense	100GB	90%	FusionSeeker
3	positive	ENSG00000114942:ENSG00000198938	false_fusion:mitochondrial_genomic	100GB	90%	FusionSeeker
2	positive	ENSG00000087086:ENSG00000197885	false_fusion	100GB	90%	FusionSeeker
2	positive	ENSG00000087086:ENSG00000147257	false_fusion	100GB	90%	FusionSeeker
5	positive	ENSG00000286480:ENSG00000143951	false_fusion:Sense-Antisense	100GB	90%	FusionSeeker
2	positive	ENSG00000138326:ENSG00000087086	false_fusion	100GB	90%	FusionSeeker
2	positive	ENSG00000287505:ENSG00000224957	false_fusion:Sense-Antisense	100GB	90%	FusionSeeker
36	positive	ENSG00000224924:ENSG00000159256	reverse_order: intra_chromosome	100GB	90%	FusionSeeker
2	positive	ENSG00000163631:ENSG00000198840	false_fusion:mitochondrial_genomic	100GB	90%	FusionSeeker
16	positive	ENSG00000113758:ENSG00000147041	truncated_tri_fusion	100GB	90%	FusionSeeker
24	positive	ENSG00000084623:ENSG00000177731	reverse_order:truncated_tri_fusion	100GB	90%	FusionSeeker
10	positive	ENSG00000089157:ENSG00000231367	false_fusion	100GB	90%	FusionSeeker
2	positive	ENSG00000197249:ENSG00000128272	false_fusion	100GB	90%	FusionSeeker
17	positive	ENSG00000284962:ENSG00000230284	false_fusion	100GB	90%	FusionSeeker
2	positive	ENSG00000166441:ENSG00000210082	false_fusion:mitochondrial_genomic	100GB	90%	FusionSeeker
2	positive	ENSG00000142534:ENSG00000168028	false_fusion	100GB	90%	FusionSeeker
2	positive	ENSG00000167996:ENSG00000156508	false_fusion	100GB	90%	FusionSeeker
2	positive	ENSG00000197249:ENSG00000171863	false_fusion	100GB	90%	FusionSeeker
6	positive	ENSG00000197976:ENSG00000292338	false_fusion	100GB	90%	FusionSeeker
2	positive	ENSG00000167658:ENSG00000211459	false_fusion:mitochondrial_genomic	100GB	90%	FusionSeeker
5	positive	ENSG00000167393:ENSG00000292365	false_fusion	100GB	90%	FusionSeeker
2	positive	ENSG00000289809:ENSG00000211459	false_fusion:mitochondrial_genomic	100GB	90%	FusionSeeker
4	positive	ENSG00000258344:ENSG00000155744	false_fusion	100GB	90%	FusionSeeker
7	positive	ENSG00000251600:ENSG00000164162	false_fusion	100GB	90%	FusionSeeker
2	positive	ENSG00000071082:ENSG00000198755	false_fusion	100GB	90%	FusionSeeker
2	positive	ENSG00000258289:ENSG00000211459	false_fusion:mitochondrial_genomic	100GB	90%	FusionSeeker
4	positive	ENSG00000244461:ENSG00000173077	false_fusion	100GB	90%	FusionSeeker
2	positive	ENSG00000244461:ENSG00000173077	false_fusion	100GB	90%	FusionSeeker
2	positive	ENSG00000244461:ENSG00000173077	false_fusion	100GB	90%	FusionSeeker
2	positive	ENSG00000244461:ENSG00000173077	false_fusion	100GB	90%	FusionSeeker
2	positive	ENSG00000257750:ENSG00000251138	false_fusion	100GB	90%	FusionSeeker
2	positive	ENSG00000087086:ENSG00000106927	false_fusion	100GB	90%	FusionSeeker
3	positive	ENSG00000149273:ENSG00000198673	false_fusion	100GB	90%	FusionSeeker
2	positive	ENSG00000290359:ENSG00000010671	false_fusion	100GB	90%	FusionSeeker
2	positive	ENSG00000071082:ENSG00000163631	false_fusion	100GB	90%	FusionSeeker
2	positive	ENSG00000288637:ENSG00000109654	reverse_order: read_through	100GB	90%	FusionSeeker
2	positive	ENSG00000163631:ENSG00000198763	false_fusion:mitochondrial_genomic	100GB	90%	FusionSeeker
4	positive	ENSG00000286622:ENSG00000175806	false_fusion:Sense-Antisense	100GB	90%	FusionSeeker
2	positive	ENSG00000167526:ENSG00000163631	false_fusion	100GB	90%	FusionSeeker
8	positive	ENSG00000228887:ENSG00000104529	false_fusion	100GB	90%	FusionSeeker
2	positive	ENSG00000163993:ENSG00000163631	false_fusion	100GB	90%	FusionSeeker
2	positive	ENSG00000134986:ENSG00000236654	false_fusion	100GB	90%	FusionSeeker
2	positive	ENSG00000115290:ENSG00000104408	false_fusion	100GB	90%	FusionSeeker
2	positive	ENSG00000142937:ENSG00000211459	false_fusion:mitochondrial_genomic	100GB	90%	FusionSeeker
2	positive	ENSG00000101255:ENSG00000197099	false_fusion	100GB	90%	FusionSeeker
11	positive	ENSG00000273471:ENSG00000077380	false_fusion	100GB	90%	FusionSeeker
11	positive	ENSG00000273471:ENSG00000135205	false_fusion	100GB	90%	FusionSeeker
10	positive	ENSG00000291031:ENSG00000227837	reverse_order: intra_chromosome	100GB	90%	FusionSeeker
63	positive	ENSG00000229606:ENSG00000289577	read_through	100GB	90%	FusionSeeker
3	positive	ENSG00000286353:ENSG00000157445	false_fusion:Sense-Antisense	100GB	90%	FusionSeeker
4	positive	ENSG00000167460:ENSG00000271943	false_fusion	100GB	90%	FusionSeeker
3	positive	ENSG00000133112:ENSG00000156508	false_fusion	100GB	90%	FusionSeeker
2	positive	ENSG00000175390:ENSG00000071082	false_fusion	100GB	90%	FusionSeeker
2	positive	ENSG00000198431:ENSG00000197249	false_fusion	100GB	90%	FusionSeeker
2	positive	ENSG00000091513:ENSG00000082068	false_fusion	100GB	90%	FusionSeeker
20	positive	ENSG00000066557:ENSG00000164924	reverse_order:truncated_tri_fusion	100GB	90%	FusionSeeker
2	positive	ENSG00000071082:ENSG00000219863	false_fusion	100GB	90%	FusionSeeker
2	positive	ENSG00000087086:ENSG00000044574	false_fusion	100GB	90%	FusionSeeker
3	positive	ENSG00000187109:ENSG00000136143	false_fusion	100GB	90%	FusionSeeker
5	positive	ENSG00000165632:ENSG00000167526	false_fusion	100GB	90%	FusionSeeker
2	positive	ENSG00000198740:ENSG00000271793	false_fusion	100GB	90%	FusionSeeker
2	positive	ENSG00000226383:ENSG00000287390	false_fusion	100GB	90%	FusionSeeker
2	positive	ENSG00000142534:ENSG00000163631	false_fusion	100GB	90%	FusionSeeker
10	positive	ENSG00000170954:ENSG00000183137	hybrid	100GB	90%	FusionSeeker
2	positive	ENSG00000170889:ENSG00000211459	false_fusion:mitochondrial_genomic	100GB	90%	FusionSeeker
4	positive	ENSG00000223745:ENSG00000204406	false_fusion	100GB	90%	FusionSeeker
20	positive	ENSG00000223745:ENSG00000185829	false_fusion	100GB	90%	FusionSeeker
2	positive	ENSG00000258537:ENSG00000139926	false_fusion	100GB	90%	FusionSeeker
14	positive	ENSG00000277304:ENSG00000260851	false_fusion	100GB	90%	FusionSeeker
6	positive	ENSG00000277304:ENSG00000260851	false_fusion	100GB	90%	FusionSeeker
3	positive	ENSG00000277304:ENSG00000275832	false_fusion	100GB	90%	FusionSeeker
6	positive	ENSG00000260851:ENSG00000275832	false_fusion	100GB	90%	FusionSeeker
11	positive	ENSG00000285076:ENSG00000230284	false_fusion	100GB	90%	FusionSeeker
2	positive	ENSG00000213260:ENSG00000164924	false_fusion	100GB	90%	FusionSeeker
2	positive	ENSG00000213260:ENSG00000164924	false_fusion	100GB	90%	FusionSeeker
2	positive	ENSG00000169410:ENSG00000091513	false_fusion	100GB	90%	FusionSeeker
2	positive	ENSG00000145425:ENSG00000198899	false_fusion:mitochondrial_genomic	100GB	90%	FusionSeeker
2	positive	ENSG00000089157:ENSG00000162244	false_fusion	100GB	90%	FusionSeeker
2	positive	ENSG00000162378:ENSG00000210082	false_fusion:mitochondrial_genomic	100GB	90%	FusionSeeker
18	positive	ENSG00000137707:ENSG00000196549	reverse_order:truncated_tri_fusion	100GB	90%	FusionSeeker
13	positive	ENSG00000175334:ENSG00000189326	truncated_tri_fusion	100GB	90%	FusionSeeker
29	positive	ENSG00000066322:ENSG00000189326	truncated_tri_fusion	100GB	90%	FusionSeeker
20	positive	ENSG00000143633:ENSG00000105819	reverse_order:truncated_tri_fusion	100GB	90%	FusionSeeker
3	positive	ENSG00000246859:ENSG00000236654	false_fusion	100GB	90%	FusionSeeker
4	positive	ENSG00000149273:ENSG00000228205	false_fusion	100GB	90%	FusionSeeker
2	positive	ENSG00000204628:ENSG00000231500	false_fusion	100GB	90%	FusionSeeker
2	positive	ENSG00000007372:ENSG00000170919	false_fusion	100GB	90%	FusionSeeker
2	positive	ENSG00000007372:ENSG00000170919	false_fusion	100GB	90%	FusionSeeker
2	positive	ENSG00000087086:ENSG00000081051	false_fusion	100GB	90%	FusionSeeker
2	positive	ENSG00000137970:ENSG00000273259	false_fusion	100GB	90%	FusionSeeker
4	positive	ENSG00000082641:ENSG00000235257	truncated_tri_fusion	100GB	90%	FusionSeeker
2	positive	ENSG00000100478:ENSG00000220960	false_fusion	100GB	90%	FusionSeeker
2	positive	ENSG00000108298:ENSG00000211459	false_fusion:mitochondrial_genomic	100GB	90%	FusionSeeker
2	positive	ENSG00000166441:ENSG00000198712	false_fusion:mitochondrial_genomic	100GB	90%	FusionSeeker
2	positive	ENSG00000254612:ENSG00000105993	false_fusion	100GB	90%	FusionSeeker
2	positive	ENSG00000173812:ENSG00000159111	false_fusion	100GB	90%	FusionSeeker
2	positive	ENSG00000204628:ENSG00000137154	false_fusion	100GB	90%	FusionSeeker
2	positive	ENSG00000011052:ENSG00000204628	false_fusion	100GB	90%	FusionSeeker
2	positive	ENSG00000169084:ENSG00000292338	false_fusion	100GB	90%	FusionSeeker
2	positive	ENSG00000169084:ENSG00000292338	false_fusion	100GB	90%	FusionSeeker
2	positive	ENSG00000167526:ENSG00000197756	false_fusion	100GB	90%	FusionSeeker
8	positive	ENSG00000260628:ENSG00000260851	false_fusion	100GB	90%	FusionSeeker
2	positive	ENSG00000163138:ENSG00000185774	false_fusion	100GB	90%	FusionSeeker
2	positive	ENSG00000160752:ENSG00000254979	reverse_order:truncated_tri_fusion	100GB	90%	FusionSeeker
4	positive	ENSG00000185008:ENSG00000285741	false_fusion	100GB	90%	FusionSeeker
2	positive	ENSG00000181163:ENSG00000211459	false_fusion:mitochondrial_genomic	100GB	90%	FusionSeeker
2	positive	ENSG00000197249:ENSG00000273259	false_fusion	100GB	90%	FusionSeeker
3	positive	ENSG00000183960:ENSG00000287069	false_fusion:Sense-Antisense	100GB	90%	FusionSeeker
2	positive	ENSG00000183960:ENSG00000287069	false_fusion:Sense-Antisense	100GB	90%	FusionSeeker
2	positive	ENSG00000288714:ENSG00000234147	false_fusion:Sense-Antisense	100GB	90%	FusionSeeker
3	positive	ENSG00000114391:ENSG00000181524	false_fusion	100GB	90%	FusionSeeker
2	positive	ENSG00000254772:ENSG00000197249	false_fusion	100GB	90%	FusionSeeker
3	positive	ENSG00000087086:ENSG00000168028	false_fusion	100GB	90%	FusionSeeker
2	positive	ENSG00000142534:ENSG00000197099	false_fusion	100GB	90%	FusionSeeker
2	positive	ENSG00000185559:ENSG00000211459	false_fusion:mitochondrial_genomic	100GB	90%	FusionSeeker
2	positive	ENSG00000149541:ENSG00000198712	false_fusion:mitochondrial_genomic	100GB	90%	FusionSeeker
2	positive	ENSG00000237173:ENSG00000177156	false_fusion	100GB	90%	FusionSeeker
9	positive	ENSG00000291137:ENSG00000177628	false_fusion	100GB	90%	FusionSeeker
2	positive	ENSG00000137818:ENSG00000218175	false_fusion	100GB	90%	FusionSeeker
4	positive	ENSG00000118137:ENSG00000210082	false_fusion:mitochondrial_genomic	100GB	90%	FusionSeeker
3	positive	ENSG00000258344:ENSG00000229251	false_fusion	100GB	90%	FusionSeeker
2	positive	ENSG00000087086:ENSG00000198763	false_fusion:mitochondrial_genomic	100GB	90%	FusionSeeker
2	positive	ENSG00000175701:ENSG00000077380	false_fusion	100GB	90%	FusionSeeker
2	positive	ENSG00000175701:ENSG00000135205	false_fusion	100GB	90%	FusionSeeker
3	positive	ENSG00000283930:ENSG00000290439	false_fusion	100GB	90%	FusionSeeker
2	positive	ENSG00000137970:ENSG00000210082	false_fusion:mitochondrial_genomic	100GB	90%	FusionSeeker
2	positive	ENSG00000136235:ENSG00000273897	false_fusion	100GB	90%	FusionSeeker
2	positive	ENSG00000087086:ENSG00000114942	false_fusion	100GB	90%	FusionSeeker
2	positive	ENSG00000176746:ENSG00000268066	reverse_order:truncated_tri_fusion	100GB	90%	FusionSeeker
4	positive	ENSG00000142627:ENSG00000268066	reverse_order:truncated_tri_fusion	100GB	90%	FusionSeeker
4	positive	ENSG00000226937:ENSG00000105372	false_fusion	100GB	90%	FusionSeeker
6	positive	ENSG00000183629:ENSG00000186115	truncated_tri_fusion	100GB	90%	FusionSeeker
2	positive	ENSG00000128272:ENSG00000091513	false_fusion	100GB	90%	FusionSeeker
6	positive	ENSG00000131374:ENSG00000164715	false_fusion	100GB	90%	FusionSeeker
2	positive	ENSG00000131374:ENSG00000164715	false_fusion	100GB	90%	FusionSeeker
2	positive	ENSG00000108518:ENSG00000210082	false_fusion:mitochondrial_genomic	100GB	90%	FusionSeeker
2	positive	ENSG00000087086:ENSG00000198886	false_fusion:mitochondrial_genomic	100GB	90%	FusionSeeker
4	positive	ENSG00000260628:ENSG00000277304	false_fusion	100GB	90%	FusionSeeker
2	positive	ENSG00000142676:ENSG00000163631	false_fusion	100GB	90%	FusionSeeker
2	positive	ENSG00000111640:ENSG00000131469	false_fusion	100GB	90%	FusionSeeker
2	positive	ENSG00000236552:ENSG00000177600	false_fusion	100GB	90%	FusionSeeker
2	positive	ENSG00000074800:ENSG00000161016	false_fusion	100GB	90%	FusionSeeker
2	positive	ENSG00000071082:ENSG00000236735	false_fusion	100GB	90%	FusionSeeker
4	positive	ENSG00000130255:ENSG00000135250	false_fusion	100GB	90%	FusionSeeker
2	positive	ENSG00000220842:ENSG00000210082	false_fusion:mitochondrial_genomic	100GB	90%	FusionSeeker
2	positive	ENSG00000163468:ENSG00000170412	false_fusion	100GB	90%	FusionSeeker
2	positive	ENSG00000175414:ENSG00000210082	false_fusion:mitochondrial_genomic	100GB	90%	FusionSeeker
2	positive	ENSG00000181984:ENSG00000183629	false_fusion	100GB	90%	FusionSeeker
2	positive	ENSG00000196531:ENSG00000253506	false_fusion	100GB	90%	FusionSeeker
2	positive	ENSG00000161016:ENSG00000102309	false_fusion	100GB	90%	FusionSeeker
2	positive	ENSG00000211459:ENSG00000198938	false_fusion:mitochondrial	100GB	90%	FusionSeeker
2	positive	ENSG00000118181:ENSG00000087086	false_fusion	100GB	90%	FusionSeeker
4	positive	ENSG00000196531:ENSG00000228224	false_fusion	100GB	90%	FusionSeeker
2	positive	ENSG00000137970:ENSG00000156508	false_fusion	100GB	90%	FusionSeeker
2	positive	ENSG00000087086:ENSG00000101439	false_fusion	100GB	90%	FusionSeeker
2	positive	ENSG00000173812:ENSG00000087086	false_fusion	100GB	90%	FusionSeeker
2	positive	ENSG00000085433:ENSG00000215472	false_fusion	100GB	90%	FusionSeeker
4	positive	ENSG00000163209:ENSG00000266954	false_fusion	100GB	90%	FusionSeeker
3	positive	ENSG00000163209:ENSG00000102898	reverse_order:truncated_tri_fusion	100GB	90%	FusionSeeker
2	positive	ENSG00000163209:ENSG00000102898	reverse_order:truncated_tri_fusion	100GB	90%	FusionSeeker
2	positive	ENSG00000118137:ENSG00000185825	false_fusion	100GB	90%	FusionSeeker
2	positive	ENSG00000258289:ENSG00000198840	false_fusion:mitochondrial_genomic	100GB	90%	FusionSeeker
4	positive	ENSG00000291137:ENSG00000167554	truncated_tri_fusion	100GB	90%	FusionSeeker
3	positive	ENSG00000093072:ENSG00000148308	reverse_order:truncated_tri_fusion	100GB	90%	FusionSeeker
2	positive	ENSG00000269692:ENSG00000277213	false_fusion	100GB	90%	FusionSeeker
2	positive	ENSG00000074800:ENSG00000215472	false_fusion	100GB	90%	FusionSeeker
3	positive	ENSG00000176343:ENSG00000197756	false_fusion	100GB	90%	FusionSeeker
2	positive	ENSG00000105372:ENSG00000186468	false_fusion	100GB	90%	FusionSeeker
2	positive	ENSG00000118137:ENSG00000198712	false_fusion:mitochondrial_genomic	100GB	90%	FusionSeeker
9	positive	ENSG00000114302:ENSG00000114374	hybrid	100GB	90%	FusionSeeker
2	positive	ENSG00000119888:ENSG00000225356	false_fusion	100GB	90%	FusionSeeker
2	positive	ENSG00000021645:ENSG00000258637	false_fusion:Sense-Antisense	100GB	90%	FusionSeeker
2	positive	ENSG00000173436:ENSG00000164587	false_fusion	100GB	90%	FusionSeeker
5	positive	ENSG00000259116:ENSG00000063177	false_fusion	100GB	90%	FusionSeeker
2	positive	ENSG00000158874:ENSG00000087086	false_fusion	100GB	90%	FusionSeeker
4	positive	ENSG00000115947:ENSG00000204406	false_fusion	100GB	90%	FusionSeeker
2	positive	ENSG00000150471:ENSG00000112306	false_fusion	100GB	90%	FusionSeeker
2	positive	ENSG00000161082:ENSG00000267448	false_fusion:Sense-Antisense	100GB	90%	FusionSeeker
2	positive	ENSG00000267448:ENSG00000104907	reverse_order:truncated_tri_fusion	100GB	90%	FusionSeeker
2	positive	ENSG00000278916:ENSG00000267448	truncated_tri_fusion	100GB	90%	FusionSeeker
2	positive	ENSG00000122406:ENSG00000087086	false_fusion	100GB	90%	FusionSeeker
2	positive	ENSG00000149273:ENSG00000124783	false_fusion	100GB	90%	FusionSeeker
2	positive	ENSG00000221983:ENSG00000163631	false_fusion	100GB	90%	FusionSeeker
2	positive	ENSG00000165724:ENSG00000210082	false_fusion:mitochondrial_genomic	100GB	90%	FusionSeeker
2	positive	ENSG00000166441:ENSG00000115268	false_fusion	100GB	90%	FusionSeeker
2	positive	ENSG00000105372:ENSG00000087086	false_fusion	100GB	90%	FusionSeeker
2	positive	ENSG00000198242:ENSG00000236148	false_fusion	100GB	90%	FusionSeeker
5	positive	ENSG00000164253:ENSG00000147604	false_fusion	100GB	90%	FusionSeeker
2	positive	ENSG00000230768:ENSG00000290655	truncated_tri_fusion	100GB	90%	FusionSeeker
2	positive	ENSG00000165672:ENSG00000135250	false_fusion	100GB	90%	FusionSeeker
2	positive	ENSG00000142937:ENSG00000161016	false_fusion	100GB	90%	FusionSeeker
2	positive	ENSG00000254772:ENSG00000198755	false_fusion	100GB	90%	FusionSeeker
2	positive	ENSG00000164211:ENSG00000246859	false_fusion	100GB	90%	FusionSeeker
2	positive	ENSG00000247572:ENSG00000112306	false_fusion	100GB	90%	FusionSeeker
2	positive	ENSG00000228358:ENSG00000236922	false_fusion	100GB	90%	FusionSeeker
2	positive	ENSG00000127184:ENSG00000210082	false_fusion:mitochondrial_genomic	100GB	90%	FusionSeeker
2	positive	ENSG00000132386:ENSG00000087086	false_fusion	100GB	90%	FusionSeeker
2	positive	ENSG00000197249:ENSG00000118271	false_fusion	100GB	90%	FusionSeeker
2	positive	ENSG00000137154:ENSG00000210082	false_fusion:mitochondrial_genomic	100GB	90%	FusionSeeker
2	positive	ENSG00000260032:ENSG00000210082	false_fusion:mitochondrial_genomic	100GB	90%	FusionSeeker
2	positive	ENSG00000105711:ENSG00000105063	intra_chromosome	100GB	95%	FusionSeeker
2	positive	ENSG00000105711:ENSG00000105063	intra_chromosome	100GB	95%	FusionSeeker
43	positive	ENSG00000143891:ENSG00000132300	intra_chromosome	100GB	95%	FusionSeeker
22	positive	ENSG00000164733:ENSG00000228373	reverse_order: hybrid	100GB	95%	FusionSeeker
263	positive	ENSG00000283228:ENSG00000182389	false_fusion	100GB	95%	FusionSeeker
411	positive	ENSG00000227028:ENSG00000183023	false_fusion	100GB	95%	FusionSeeker
2	positive	ENSG00000137818:ENSG00000211459	false_fusion:mitochondrial_genomic	100GB	95%	FusionSeeker
40	positive	ENSG00000233928:ENSG00000233571	false_fusion:Sense-Antisense	100GB	95%	FusionSeeker
33	positive	ENSG00000283098:ENSG00000258661	false_fusion:Sense-Antisense	100GB	95%	FusionSeeker
2	positive	ENSG00000122406:ENSG00000163631	false_fusion	100GB	95%	FusionSeeker
570	positive	ENSG00000285216:ENSG00000285219	false_fusion	100GB	95%	FusionSeeker
509	positive	ENSG00000285216:ENSG00000285219	false_fusion	100GB	95%	FusionSeeker
313	positive	ENSG00000285216:ENSG00000285219	false_fusion	100GB	95%	FusionSeeker
200	positive	ENSG00000285216:ENSG00000285219	false_fusion	100GB	95%	FusionSeeker
129	positive	ENSG00000285216:ENSG00000285219	false_fusion	100GB	95%	FusionSeeker
110	positive	ENSG00000285216:ENSG00000285219	false_fusion	100GB	95%	FusionSeeker
85	positive	ENSG00000285216:ENSG00000285219	false_fusion	100GB	95%	FusionSeeker
84	positive	ENSG00000285216:ENSG00000285219	false_fusion	100GB	95%	FusionSeeker
43	positive	ENSG00000285216:ENSG00000285219	false_fusion	100GB	95%	FusionSeeker
39	positive	ENSG00000285216:ENSG00000285219	false_fusion	100GB	95%	FusionSeeker
30	positive	ENSG00000285216:ENSG00000285219	false_fusion	100GB	95%	FusionSeeker
27	positive	ENSG00000285216:ENSG00000285219	false_fusion	100GB	95%	FusionSeeker
33	positive	ENSG00000285216:ENSG00000285219	false_fusion	100GB	95%	FusionSeeker
5	positive	ENSG00000285216:ENSG00000285219	false_fusion	100GB	95%	FusionSeeker
315	positive	ENSG00000285971:ENSG00000185942	false_fusion:Sense-Antisense	100GB	95%	FusionSeeker
145	positive	ENSG00000137807:ENSG00000173166	reverse_order: hybrid	100GB	95%	FusionSeeker
2	positive	ENSG00000262560:ENSG00000210082	false_fusion:mitochondrial_genomic	100GB	95%	FusionSeeker
44	positive	ENSG00000100211:ENSG00000204659	false_fusion	100GB	95%	FusionSeeker
171	positive	ENSG00000158987:ENSG00000145901	reverse_order: intra_chromosome	100GB	95%	FusionSeeker
47	positive	ENSG00000102898:ENSG00000266954	false_fusion	100GB	95%	FusionSeeker
27	positive	ENSG00000148604:ENSG00000100811	hybrid	100GB	95%	FusionSeeker
2	positive	ENSG00000111057:ENSG00000163631	false_fusion	100GB	95%	FusionSeeker
41	positive	ENSG00000213619:ENSG00000109861	reverse_order: hybrid	100GB	95%	FusionSeeker
83	positive	ENSG00000102174:ENSG00000289084	false_fusion:Sense-Antisense	100GB	95%	FusionSeeker
41	positive	ENSG00000102174:ENSG00000289084	false_fusion:Sense-Antisense	100GB	95%	FusionSeeker
22	positive	ENSG00000164011:ENSG00000105613	reverse_order: hybrid	100GB	95%	FusionSeeker
222	positive	ENSG00000141376:ENSG00000267131	false_fusion:Sense-Antisense	100GB	95%	FusionSeeker
124	positive	ENSG00000237188:ENSG00000250166	false_fusion	100GB	95%	FusionSeeker
20	positive	ENSG00000086758:ENSG00000292336	false_fusion	100GB	95%	FusionSeeker
2	positive	ENSG00000086758:ENSG00000292336	false_fusion	100GB	95%	FusionSeeker
32	positive	ENSG00000168958:ENSG00000248587	false_fusion	100GB	95%	FusionSeeker
34	positive	ENSG00000227372:ENSG00000117523	reverse_order: intra_chromosome	100GB	95%	FusionSeeker
88	positive	ENSG00000163930:ENSG00000128510	reverse_order:truncated_tri_fusion	100GB	95%	FusionSeeker
30	positive	ENSG00000271763:ENSG00000128510	false_fusion	100GB	95%	FusionSeeker
66	positive	ENSG00000185442:ENSG00000128510	truncated_tri_fusion	100GB	95%	FusionSeeker
66	positive	ENSG00000271763:ENSG00000163930	false_fusion	100GB	95%	FusionSeeker
137	positive	ENSG00000185442:ENSG00000163930	truncated_tri_fusion	100GB	95%	FusionSeeker
75	positive	ENSG00000271763:ENSG00000185442	false_fusion:Sense-Antisense	100GB	95%	FusionSeeker
2	positive	ENSG00000272461:ENSG00000127928	false_fusion	100GB	95%	FusionSeeker
93	positive	ENSG00000124787:ENSG00000188312	false_fusion	100GB	95%	FusionSeeker
30	positive	ENSG00000071909:ENSG00000188312	false_fusion	100GB	95%	FusionSeeker
69	positive	ENSG00000071909:ENSG00000124787	false_fusion	100GB	95%	FusionSeeker
27	positive	ENSG00000163209:ENSG00000266954	false_fusion	100GB	95%	FusionSeeker
29	positive	ENSG00000163209:ENSG00000102898	reverse_order:truncated_tri_fusion	100GB	95%	FusionSeeker
34	positive	ENSG00000085871:ENSG00000196782	false_fusion	100GB	95%	FusionSeeker
268	positive	ENSG00000247416:ENSG00000149294	false_fusion:Sense-Antisense	100GB	95%	FusionSeeker
47	positive	ENSG00000247416:ENSG00000149294	false_fusion:Sense-Antisense	100GB	95%	FusionSeeker
37	positive	ENSG00000247416:ENSG00000149294	false_fusion:Sense-Antisense	100GB	95%	FusionSeeker
41	positive	ENSG00000068796:ENSG00000288643	false_fusion	100GB	95%	FusionSeeker
2	positive	ENSG00000236552:ENSG00000071082	false_fusion	100GB	95%	FusionSeeker
44	positive	ENSG00000236708:ENSG00000146555	false_fusion	100GB	95%	FusionSeeker
142	positive	ENSG00000003393:ENSG00000145916	truncated_tri_fusion	100GB	95%	FusionSeeker
34	positive	ENSG00000159753:ENSG00000242366	false_fusion	100GB	95%	FusionSeeker
38	positive	ENSG00000102977:ENSG00000242366	false_fusion	100GB	95%	FusionSeeker
37	positive	ENSG00000159753:ENSG00000102977	false_fusion	100GB	95%	FusionSeeker
12	positive	ENSG00000284763:ENSG00000230284	intra_chromosome	100GB	95%	FusionSeeker
29	positive	ENSG00000268416:ENSG00000137251	reverse_order:truncated_tri_fusion	100GB	95%	FusionSeeker
37	positive	ENSG00000142627:ENSG00000176746	truncated_tri_fusion	100GB	95%	FusionSeeker
38	positive	ENSG00000229586:ENSG00000225626	truncated_tri_fusion	100GB	95%	FusionSeeker
2	positive	ENSG00000196531:ENSG00000253506	false_fusion	100GB	95%	FusionSeeker
81	positive	ENSG00000254979:ENSG00000285329	false_fusion	100GB	95%	FusionSeeker
34	positive	ENSG00000248049:ENSG00000198092	false_fusion	100GB	95%	FusionSeeker
17	positive	ENSG00000082641:ENSG00000144668	false_fusion	100GB	95%	FusionSeeker
10	positive	ENSG00000082641:ENSG00000235257	truncated_tri_fusion	100GB	95%	FusionSeeker
13	positive	ENSG00000144668:ENSG00000235257	false_fusion	100GB	95%	FusionSeeker
34	positive	ENSG00000141499:ENSG00000291134	reverse_order: hybrid	100GB	95%	FusionSeeker
28	positive	ENSG00000049759:ENSG00000203734	truncated_tri_fusion	100GB	95%	FusionSeeker
29	positive	ENSG00000141527:ENSG00000146143	false_fusion	100GB	95%	FusionSeeker
158	positive	ENSG00000164924:ENSG00000242315	read_through	100GB	95%	FusionSeeker
74	positive	ENSG00000197302:ENSG00000260737	reverse_order: intra_chromosome	100GB	95%	FusionSeeker
42	positive	ENSG00000182667:ENSG00000183715	false_fusion	100GB	95%	FusionSeeker
17	positive	ENSG00000182667:ENSG00000183715	false_fusion	100GB	95%	FusionSeeker
55	positive	ENSG00000277304:ENSG00000260781	false_fusion	100GB	95%	FusionSeeker
23	positive	ENSG00000277304:ENSG00000260781	false_fusion	100GB	95%	FusionSeeker
4	positive	ENSG00000277304:ENSG00000260781	false_fusion	100GB	95%	FusionSeeker
4	positive	ENSG00000277304:ENSG00000260781	false_fusion	100GB	95%	FusionSeeker
30	positive	ENSG00000277304:ENSG00000260851	false_fusion	100GB	95%	FusionSeeker
98	positive	ENSG00000260781:ENSG00000260851	false_fusion	100GB	95%	FusionSeeker
42	positive	ENSG00000168280:ENSG00000144320	reverse_order: hybrid	100GB	95%	FusionSeeker
7	positive	ENSG00000157954:ENSG00000291178	reverse_order: intra_chromosome	100GB	95%	FusionSeeker
74	positive	ENSG00000148362:ENSG00000169583	read_through	100GB	95%	FusionSeeker
40	positive	ENSG00000140853:ENSG00000198677	reverse_order:truncated_tri_fusion	100GB	95%	FusionSeeker
16	positive	ENSG00000230768:ENSG00000290655	truncated_tri_fusion	100GB	95%	FusionSeeker
31	positive	ENSG00000114779:ENSG00000260995	false_fusion	100GB	95%	FusionSeeker
30	positive	ENSG00000145216:ENSG00000134853	false_fusion	100GB	95%	FusionSeeker
115	positive	ENSG00000278916:ENSG00000104907	reverse_order:truncated_tri_fusion	100GB	95%	FusionSeeker
7	positive	ENSG00000284867:ENSG00000230284	false_fusion	100GB	95%	FusionSeeker
44	positive	ENSG00000082805:ENSG00000145907	reverse_order:truncated_tri_fusion	100GB	95%	FusionSeeker
35	positive	ENSG00000168676:ENSG00000198677	truncated_tri_fusion	100GB	95%	FusionSeeker
43	positive	ENSG00000168676:ENSG00000198677	truncated_tri_fusion	100GB	95%	FusionSeeker
17	positive	ENSG00000168676:ENSG00000198677	truncated_tri_fusion	100GB	95%	FusionSeeker
38	positive	ENSG00000286147:ENSG00000155011	false_fusion:Sense-Antisense	100GB	95%	FusionSeeker
34	positive	ENSG00000286147:ENSG00000155011	false_fusion:Sense-Antisense	100GB	95%	FusionSeeker
104	positive	ENSG00000225676:ENSG00000136861	hybrid	100GB	95%	FusionSeeker
108	positive	ENSG00000230590:ENSG00000273974	false_fusion:Sense-Antisense	100GB	95%	FusionSeeker
24	positive	ENSG00000230590:ENSG00000273974	false_fusion:Sense-Antisense	100GB	95%	FusionSeeker
12	positive	ENSG00000230590:ENSG00000273974	false_fusion:Sense-Antisense	100GB	95%	FusionSeeker
3	positive	ENSG00000230590:ENSG00000273974	false_fusion:Sense-Antisense	100GB	95%	FusionSeeker
48	positive	ENSG00000283515:ENSG00000214078	false_fusion	100GB	95%	FusionSeeker
38	positive	ENSG00000101384:ENSG00000270792	false_fusion:Sense-Antisense	100GB	95%	FusionSeeker
45	positive	ENSG00000115762:ENSG00000284604	false_fusion	100GB	95%	FusionSeeker
30	positive	ENSG00000131037:ENSG00000125503	read_through	100GB	95%	FusionSeeker
28	positive	ENSG00000176124:ENSG00000226961	reverse_order:truncated_tri_fusion	100GB	95%	FusionSeeker
48	positive	ENSG00000114638:ENSG00000121578	read_through	100GB	95%	FusionSeeker
222	positive	ENSG00000075975:ENSG00000132155	false_fusion	100GB	95%	FusionSeeker
34	positive	ENSG00000075975:ENSG00000132155	false_fusion	100GB	95%	FusionSeeker
32	positive	ENSG00000182871:ENSG00000109339	false_fusion	100GB	95%	FusionSeeker
34	positive	ENSG00000173638:ENSG00000109339	truncated_tri_fusion	100GB	95%	FusionSeeker
36	positive	ENSG00000182871:ENSG00000173638	false_fusion	100GB	95%	FusionSeeker
12	positive	ENSG00000164011:ENSG00000095066	false_fusion	100GB	95%	FusionSeeker
23	positive	ENSG00000100307:ENSG00000196236	false_fusion	100GB	95%	FusionSeeker
30	positive	ENSG00000084623:ENSG00000256422	reverse_order:truncated_tri_fusion	100GB	95%	FusionSeeker
44	positive	ENSG00000256422:ENSG00000177731	reverse_order:truncated_tri_fusion	100GB	95%	FusionSeeker
19	positive	ENSG00000084623:ENSG00000177731	reverse_order:truncated_tri_fusion	100GB	95%	FusionSeeker
27	positive	ENSG00000198246:ENSG00000138698	reverse_order:truncated_tri_fusion	100GB	95%	FusionSeeker
160	positive	ENSG00000260364:ENSG00000261742	false_fusion:Sense-Antisense	100GB	95%	FusionSeeker
34	positive	ENSG00000249884:ENSG00000115652	false_fusion	100GB	95%	FusionSeeker
27	positive	ENSG00000172977:ENSG00000145216	false_fusion	100GB	95%	FusionSeeker
3	positive	ENSG00000172922:ENSG00000145216	reverse_order:truncated_tri_fusion	100GB	95%	FusionSeeker
22	positive	ENSG00000172977:ENSG00000172922	false_fusion	100GB	95%	FusionSeeker
37	positive	ENSG00000221910:ENSG00000102312	reverse_order:truncated_tri_fusion	100GB	95%	FusionSeeker
34	positive	ENSG00000185442:ENSG00000118960	false_fusion	100GB	95%	FusionSeeker
28	positive	ENSG00000185442:ENSG00000118960	false_fusion	100GB	95%	FusionSeeker
17	positive	ENSG00000185442:ENSG00000118960	false_fusion	100GB	95%	FusionSeeker
79	positive	ENSG00000254180:ENSG00000253394	false_fusion:Sense-Antisense	100GB	95%	FusionSeeker
45	positive	ENSG00000013503:ENSG00000257545	false_fusion:Sense-Antisense	100GB	95%	FusionSeeker
32	positive	ENSG00000013503:ENSG00000257545	false_fusion:Sense-Antisense	100GB	95%	FusionSeeker
18	positive	ENSG00000237461:ENSG00000255145	false_fusion	100GB	95%	FusionSeeker
48	positive	ENSG00000100767:ENSG00000285219	false_fusion	100GB	95%	FusionSeeker
27	positive	ENSG00000231252:ENSG00000162599	false_fusion:Sense-Antisense	100GB	95%	FusionSeeker
38	positive	ENSG00000219545:ENSG00000283549	false_fusion	100GB	95%	FusionSeeker
51	positive	ENSG00000141499:ENSG00000285565	reverse_order: hybrid	100GB	95%	FusionSeeker
38	positive	ENSG00000149273:ENSG00000262898	hybrid	100GB	95%	FusionSeeker
38	positive	ENSG00000134058:ENSG00000176970	truncated_tri_fusion	100GB	95%	FusionSeeker
22	positive	ENSG00000234736:ENSG00000176970	truncated_tri_fusion	100GB	95%	FusionSeeker
24	positive	ENSG00000234736:ENSG00000134058	truncated_tri_fusion	100GB	95%	FusionSeeker
33	positive	ENSG00000089094:ENSG00000094631	truncated_tri_fusion	100GB	95%	FusionSeeker
2	positive	ENSG00000091513:ENSG00000163631	false_fusion	100GB	95%	FusionSeeker
2	positive	ENSG00000091513:ENSG00000163631	false_fusion	100GB	95%	FusionSeeker
38	positive	ENSG00000138759:ENSG00000104490	truncated_tri_fusion	100GB	95%	FusionSeeker
41	positive	ENSG00000125898:ENSG00000234948	intra_chromosome	100GB	95%	FusionSeeker
2	positive	ENSG00000163631:ENSG00000211459	false_fusion:mitochondrial_genomic	100GB	95%	FusionSeeker
12	positive	ENSG00000257842:ENSG00000258081	false_fusion	100GB	95%	FusionSeeker
4	positive	ENSG00000257842:ENSG00000258081	false_fusion	100GB	95%	FusionSeeker
14	positive	ENSG00000292343:ENSG00000292338	false_fusion	100GB	95%	FusionSeeker
117	positive	ENSG00000238169:ENSG00000287340	false_fusion	100GB	95%	FusionSeeker
21	positive	ENSG00000197566:ENSG00000141527	false_fusion	100GB	95%	FusionSeeker
28	positive	ENSG00000197566:ENSG00000181523	reverse_order: intra_chromosome	100GB	95%	FusionSeeker
20	positive	ENSG00000141527:ENSG00000181523	false_fusion	100GB	95%	FusionSeeker
24	positive	ENSG00000264860:ENSG00000150753	reverse_order: hybrid	100GB	95%	FusionSeeker
85	positive	ENSG00000125462:ENSG00000243789	reverse_order:truncated_tri_fusion	100GB	95%	FusionSeeker
14	positive	ENSG00000280132:ENSG00000140682	read_through	100GB	95%	FusionSeeker
59	positive	ENSG00000108312:ENSG00000260793	read_through	100GB	95%	FusionSeeker
82	positive	ENSG00000135241:ENSG00000225612	intra_chromosome	100GB	95%	FusionSeeker
33	positive	ENSG00000151694:ENSG00000185798	truncated_tri_fusion	100GB	95%	FusionSeeker
48	positive	ENSG00000091164:ENSG00000091157	false_fusion	100GB	95%	FusionSeeker
2	positive	ENSG00000156508:ENSG00000198804	false_fusion:mitochondrial_genomic	100GB	95%	FusionSeeker
10	positive	ENSG00000197976:ENSG00000292338	false_fusion	100GB	95%	FusionSeeker
78	positive	ENSG00000260971:ENSG00000284686	false_fusion	100GB	95%	FusionSeeker
30	positive	ENSG00000260971:ENSG00000284686	false_fusion	100GB	95%	FusionSeeker
29	positive	ENSG00000260971:ENSG00000284686	false_fusion	100GB	95%	FusionSeeker
2	positive	ENSG00000197249:ENSG00000156508	false_fusion	100GB	95%	FusionSeeker
12	positive	ENSG00000153684:ENSG00000010671	false_fusion	100GB	95%	FusionSeeker
18	positive	ENSG00000153684:ENSG00000010671	false_fusion	100GB	95%	FusionSeeker
30	positive	ENSG00000166851:ENSG00000169814	false_fusion	100GB	95%	FusionSeeker
67	positive	ENSG00000282917:ENSG00000170448	false_fusion:Sense-Antisense	100GB	95%	FusionSeeker
50	positive	ENSG00000282917:ENSG00000170448	false_fusion:Sense-Antisense	100GB	95%	FusionSeeker
33	positive	ENSG00000282917:ENSG00000170448	false_fusion:Sense-Antisense	100GB	95%	FusionSeeker
32	positive	ENSG00000282917:ENSG00000170448	false_fusion:Sense-Antisense	100GB	95%	FusionSeeker
38	positive	ENSG00000282917:ENSG00000170448	false_fusion:Sense-Antisense	100GB	95%	FusionSeeker
27	positive	ENSG00000282917:ENSG00000170448	false_fusion:Sense-Antisense	100GB	95%	FusionSeeker
15	positive	ENSG00000282917:ENSG00000170448	false_fusion:Sense-Antisense	100GB	95%	FusionSeeker
13	positive	ENSG00000282917:ENSG00000170448	false_fusion:Sense-Antisense	100GB	95%	FusionSeeker
11	positive	ENSG00000282917:ENSG00000170448	false_fusion:Sense-Antisense	100GB	95%	FusionSeeker
9	positive	ENSG00000282917:ENSG00000170448	false_fusion:Sense-Antisense	100GB	95%	FusionSeeker
7	positive	ENSG00000282917:ENSG00000170448	false_fusion:Sense-Antisense	100GB	95%	FusionSeeker
83	positive	ENSG00000171988:ENSG00000066427	false_fusion	100GB	95%	FusionSeeker
26	positive	ENSG00000143740:ENSG00000167257	false_fusion	100GB	95%	FusionSeeker
110	positive	ENSG00000146223:ENSG00000119899	reverse_order: intra_chromosome	100GB	95%	FusionSeeker
41	positive	ENSG00000013297:ENSG00000285218	false_fusion	100GB	95%	FusionSeeker
99	positive	ENSG00000162302:ENSG00000137707	truncated_tri_fusion	100GB	95%	FusionSeeker
11	positive	ENSG00000125124:ENSG00000288725	false_fusion	100GB	95%	FusionSeeker
3	positive	ENSG00000125124:ENSG00000288725	false_fusion	100GB	95%	FusionSeeker
7	positive	ENSG00000142675:ENSG00000169213	false_fusion	100GB	95%	FusionSeeker
33	positive	ENSG00000048740:ENSG00000235939	false_fusion	100GB	95%	FusionSeeker
55	positive	ENSG00000215124:ENSG00000225102	read_through	100GB	95%	FusionSeeker
83	positive	ENSG00000108604:ENSG00000240280	read_through	100GB	95%	FusionSeeker
30	positive	ENSG00000258483:ENSG00000259199	false_fusion:Sense-Antisense	100GB	95%	FusionSeeker
137	positive	ENSG00000106066:ENSG00000106069	false_fusion	100GB	95%	FusionSeeker
4	positive	ENSG00000106066:ENSG00000106069	false_fusion	100GB	95%	FusionSeeker
23	positive	ENSG00000005007:ENSG00000250025	false_fusion	100GB	95%	FusionSeeker
28	positive	ENSG00000196935:ENSG00000283625	hybrid	100GB	95%	FusionSeeker
53	positive	ENSG00000285082:ENSG00000284977	false_fusion	100GB	95%	FusionSeeker
26	positive	ENSG00000285082:ENSG00000284977	false_fusion	100GB	95%	FusionSeeker
116	positive	ENSG00000138185:ENSG00000226688	false_fusion	100GB	95%	FusionSeeker
132	positive	ENSG00000161513:ENSG00000172782	read_through	100GB	95%	FusionSeeker
40	positive	ENSG00000124523:ENSG00000124486	truncated_tri_fusion	100GB	95%	FusionSeeker
66	positive	ENSG00000249797:ENSG00000250891	false_fusion	100GB	95%	FusionSeeker
54	positive	ENSG00000249797:ENSG00000250891	false_fusion	100GB	95%	FusionSeeker
33	positive	ENSG00000249797:ENSG00000250891	false_fusion	100GB	95%	FusionSeeker
24	positive	ENSG00000249797:ENSG00000250891	false_fusion	100GB	95%	FusionSeeker
82	positive	ENSG00000223634:ENSG00000235497	read_through	100GB	95%	FusionSeeker
48	positive	ENSG00000167588:ENSG00000110887	intra_chromosome	100GB	95%	FusionSeeker
77	positive	ENSG00000197872:ENSG00000150722	intra_chromosome	100GB	95%	FusionSeeker
30	positive	ENSG00000287744:ENSG00000130226	false_fusion:Sense-Antisense	100GB	95%	FusionSeeker
61	positive	ENSG00000179523:ENSG00000235519	truncated_tri_fusion	100GB	95%	FusionSeeker
2	positive	ENSG00000163399:ENSG00000156508	false_fusion	100GB	95%	FusionSeeker
37	positive	ENSG00000099810:ENSG00000264545	false_fusion	100GB	95%	FusionSeeker
37	positive	ENSG00000143228:ENSG00000196586	reverse_order:truncated_tri_fusion	100GB	95%	FusionSeeker
22	positive	ENSG00000068097:ENSG00000196586	truncated_tri_fusion	100GB	95%	FusionSeeker
15	positive	ENSG00000143228:ENSG00000068097	reverse_order:truncated_tri_fusion	100GB	95%	FusionSeeker
42	positive	ENSG00000264569:ENSG00000169733	read_through	100GB	95%	FusionSeeker
4	positive	ENSG00000156508:ENSG00000211459	false_fusion:mitochondrial_genomic	100GB	95%	FusionSeeker
2	positive	ENSG00000156508:ENSG00000211459	false_fusion:mitochondrial_genomic	100GB	95%	FusionSeeker
25	positive	ENSG00000132003:ENSG00000078699	truncated_tri_fusion	100GB	95%	FusionSeeker
57	positive	ENSG00000059915:ENSG00000107874	false_fusion	100GB	95%	FusionSeeker
47	positive	ENSG00000167522:ENSG00000278847	false_fusion	100GB	95%	FusionSeeker
21	positive	ENSG00000196433:ENSG00000086758	intra_chromosome	100GB	95%	FusionSeeker
76	positive	ENSG00000260830:ENSG00000100461	intra_chromosome	100GB	95%	FusionSeeker
35	positive	ENSG00000250167:ENSG00000145832	false_fusion	100GB	95%	FusionSeeker
2	positive	ENSG00000250167:ENSG00000145832	false_fusion	100GB	95%	FusionSeeker
2	positive	ENSG00000118137:ENSG00000273259	false_fusion	100GB	95%	FusionSeeker
39	positive	ENSG00000143633:ENSG00000214097	reverse_order:truncated_tri_fusion	100GB	95%	FusionSeeker
5	positive	ENSG00000156508:ENSG00000210082	false_fusion:mitochondrial_genomic	100GB	95%	FusionSeeker
14	positive	ENSG00000172264:ENSG00000235914	false_fusion	100GB	95%	FusionSeeker
12	positive	ENSG00000060339:ENSG00000228451	hybrid	100GB	95%	FusionSeeker
36	positive	ENSG00000128918:ENSG00000166035	false_fusion	100GB	95%	FusionSeeker
32	positive	ENSG00000128918:ENSG00000166035	false_fusion	100GB	95%	FusionSeeker
64	positive	ENSG00000174695:ENSG00000221886	reverse_order: intra_chromosome	100GB	95%	FusionSeeker
35	positive	ENSG00000174695:ENSG00000221886	reverse_order: intra_chromosome	100GB	95%	FusionSeeker
41	positive	ENSG00000291137:ENSG00000087495	false_fusion	100GB	95%	FusionSeeker
18	positive	ENSG00000291137:ENSG00000177628	false_fusion	100GB	95%	FusionSeeker
200	positive	ENSG00000187391:ENSG00000234456	false_fusion	100GB	95%	FusionSeeker
3	positive	ENSG00000197249:ENSG00000211459	false_fusion:mitochondrial_genomic	100GB	95%	FusionSeeker
2	positive	ENSG00000197249:ENSG00000211459	false_fusion:mitochondrial_genomic	100GB	95%	FusionSeeker
57	positive	ENSG00000223745:ENSG00000228696	false_fusion	100GB	95%	FusionSeeker
2	positive	ENSG00000223745:ENSG00000228696	false_fusion	100GB	95%	FusionSeeker
90	positive	ENSG00000286577:ENSG00000185261	false_fusion:Sense-Antisense	100GB	95%	FusionSeeker
21	positive	ENSG00000250917:ENSG00000101444	false_fusion	100GB	95%	FusionSeeker
49	positive	ENSG00000173077:ENSG00000228714	false_fusion:Sense-Antisense	100GB	95%	FusionSeeker
43	positive	ENSG00000203727:ENSG00000227681	false_fusion	100GB	95%	FusionSeeker
78	positive	ENSG00000157426:ENSG00000242736	reverse_order:truncated_tri_fusion	100GB	95%	FusionSeeker
71	positive	ENSG00000206129:ENSG00000115355	false_fusion	100GB	95%	FusionSeeker
120	positive	ENSG00000151812:ENSG00000239650	truncated_tri_fusion	100GB	95%	FusionSeeker
4	positive	ENSG00000151812:ENSG00000239650	truncated_tri_fusion	100GB	95%	FusionSeeker
31	positive	ENSG00000100744:ENSG00000239650	reverse_order:truncated_tri_fusion	100GB	95%	FusionSeeker
2	positive	ENSG00000100744:ENSG00000239650	reverse_order:truncated_tri_fusion	100GB	95%	FusionSeeker
35	positive	ENSG00000253816:ENSG00000239650	false_fusion	100GB	95%	FusionSeeker
113	positive	ENSG00000151812:ENSG00000100744	truncated_tri_fusion	100GB	95%	FusionSeeker
117	positive	ENSG00000151812:ENSG00000253816	false_fusion	100GB	95%	FusionSeeker
43	positive	ENSG00000278916:ENSG00000161082	false_fusion	100GB	95%	FusionSeeker
100	positive	ENSG00000161082:ENSG00000104907	false_fusion	100GB	95%	FusionSeeker
79	positive	ENSG00000109971:ENSG00000095209	hybrid	100GB	95%	FusionSeeker
10	positive	ENSG00000109971:ENSG00000095209	hybrid	100GB	95%	FusionSeeker
58	positive	ENSG00000255330:ENSG00000184530	false_fusion	100GB	95%	FusionSeeker
73	positive	ENSG00000235665:ENSG00000236790	false_fusion	100GB	95%	FusionSeeker
35	positive	ENSG00000269692:ENSG00000273994	read_through	100GB	95%	FusionSeeker
92	positive	ENSG00000108094:ENSG00000085788	hybrid	100GB	95%	FusionSeeker
182	positive	ENSG00000109113:ENSG00000109736	reverse_order:truncated_tri_fusion	100GB	95%	FusionSeeker
26	positive	ENSG00000181786:ENSG00000291100	reverse_order:truncated_tri_fusion	100GB	95%	FusionSeeker
39	positive	ENSG00000181786:ENSG00000132170	reverse_order:truncated_tri_fusion	100GB	95%	FusionSeeker
28	positive	ENSG00000291100:ENSG00000132170	truncated_tri_fusion	100GB	95%	FusionSeeker
32	positive	ENSG00000139278:ENSG00000108641	false_fusion	100GB	95%	FusionSeeker
29	positive	ENSG00000009830:ENSG00000087258	hybrid	100GB	95%	FusionSeeker
39	positive	ENSG00000285844:ENSG00000185760	false_fusion	100GB	95%	FusionSeeker
41	positive	ENSG00000113494:ENSG00000198917	hybrid	100GB	95%	FusionSeeker
54	positive	ENSG00000166268:ENSG00000257815	false_fusion	100GB	95%	FusionSeeker
2	positive	ENSG00000197249:ENSG00000163631	false_fusion	100GB	95%	FusionSeeker
12	positive	ENSG00000124333:ENSG00000236951	false_fusion	100GB	95%	FusionSeeker
2	positive	ENSG00000124333:ENSG00000236951	false_fusion	100GB	95%	FusionSeeker
25	positive	ENSG00000268416:ENSG00000163694	false_fusion	100GB	95%	FusionSeeker
31	positive	ENSG00000135517:ENSG00000136014	reverse_order:truncated_tri_fusion	100GB	95%	FusionSeeker
30	positive	ENSG00000135517:ENSG00000136014	reverse_order:truncated_tri_fusion	100GB	95%	FusionSeeker
19	positive	ENSG00000135517:ENSG00000136014	reverse_order:truncated_tri_fusion	100GB	95%	FusionSeeker
17	positive	ENSG00000082805:ENSG00000166747	truncated_tri_fusion	100GB	95%	FusionSeeker
22	positive	ENSG00000011009:ENSG00000278249	false_fusion	100GB	95%	FusionSeeker
2	positive	ENSG00000167658:ENSG00000210082	false_fusion:mitochondrial_genomic	100GB	95%	FusionSeeker
42	positive	ENSG00000286749:ENSG00000249484	false_fusion:Sense-Antisense	100GB	95%	FusionSeeker
29	positive	ENSG00000091651:ENSG00000169814	false_fusion	100GB	95%	FusionSeeker
14	positive	ENSG00000105372:ENSG00000283515	false_fusion	100GB	95%	FusionSeeker
35	positive	ENSG00000105372:ENSG00000214078	truncated_tri_fusion	100GB	95%	FusionSeeker
39	positive	ENSG00000139287:ENSG00000072657	false_fusion	100GB	95%	FusionSeeker
25	positive	ENSG00000285053:ENSG00000198551	truncated_tri_fusion	100GB	95%	FusionSeeker
45	positive	ENSG00000198551:ENSG00000170144	truncated_tri_fusion	100GB	95%	FusionSeeker
10	positive	ENSG00000285053:ENSG00000170144	false_fusion	100GB	95%	FusionSeeker
53	positive	ENSG00000066322:ENSG00000175334	reverse_order:truncated_tri_fusion	100GB	95%	FusionSeeker
18	positive	ENSG00000175334:ENSG00000189326	truncated_tri_fusion	100GB	95%	FusionSeeker
41	positive	ENSG00000066322:ENSG00000189326	truncated_tri_fusion	100GB	95%	FusionSeeker
39	positive	ENSG00000250855:ENSG00000249815	false_fusion:Sense-Antisense	100GB	95%	FusionSeeker
31	positive	ENSG00000165806:ENSG00000260995	reverse_order:truncated_tri_fusion	100GB	95%	FusionSeeker
25	positive	ENSG00000165806:ENSG00000114779	false_fusion	100GB	95%	FusionSeeker
156	positive	ENSG00000172339:ENSG00000071894	truncated_tri_fusion	100GB	95%	FusionSeeker
41	positive	ENSG00000133121:ENSG00000272274	false_fusion	100GB	95%	FusionSeeker
46	positive	ENSG00000172270:ENSG00000095066	reverse_order: intra_chromosome	100GB	95%	FusionSeeker
2	positive	ENSG00000167526:ENSG00000210082	false_fusion:mitochondrial_genomic	100GB	95%	FusionSeeker
2	positive	ENSG00000167526:ENSG00000210082	false_fusion:mitochondrial_genomic	100GB	95%	FusionSeeker
8	positive	ENSG00000274532:ENSG00000163913	false_fusion	100GB	95%	FusionSeeker
33	positive	ENSG00000171735:ENSG00000144815	reverse_order:truncated_tri_fusion	100GB	95%	FusionSeeker
61	positive	ENSG00000120437:ENSG00000120438	false_fusion	100GB	95%	FusionSeeker
166	positive	ENSG00000122218:ENSG00000120437	false_fusion	100GB	95%	FusionSeeker
287	positive	ENSG00000122218:ENSG00000120438	hybrid	100GB	95%	FusionSeeker
6	positive	ENSG00000167393:ENSG00000237040	chromosomal_misalignment:intra_chromosome	100GB	95%	FusionSeeker
31	positive	ENSG00000284906:ENSG00000113758	reverse_order:truncated_tri_fusion	100GB	95%	FusionSeeker
55	positive	ENSG00000213983:ENSG00000126777	intra_chromosome	100GB	95%	FusionSeeker
2	positive	ENSG00000089157:ENSG00000204628	false_fusion	100GB	95%	FusionSeeker
34	positive	ENSG00000285783:ENSG00000164162	false_fusion	100GB	95%	FusionSeeker
2	positive	ENSG00000285783:ENSG00000164162	false_fusion	100GB	95%	FusionSeeker
36	positive	ENSG00000153093:ENSG00000172965	false_fusion	100GB	95%	FusionSeeker
20	positive	ENSG00000171451:ENSG00000265533	false_fusion	100GB	95%	FusionSeeker
41	positive	ENSG00000177058:ENSG00000118412	truncated_tri_fusion	100GB	95%	FusionSeeker
55	positive	ENSG00000276570:ENSG00000105063	false_fusion	100GB	95%	FusionSeeker
2	positive	ENSG00000087086:ENSG00000163631	false_fusion	100GB	95%	FusionSeeker
2	positive	ENSG00000087086:ENSG00000163631	false_fusion	100GB	95%	FusionSeeker
35	positive	ENSG00000138101:ENSG00000144589	intra_chromosome	100GB	95%	FusionSeeker
2	positive	ENSG00000165637:ENSG00000111640	false_fusion	100GB	95%	FusionSeeker
52	positive	ENSG00000278177:ENSG00000183098	false_fusion:Sense-Antisense	100GB	95%	FusionSeeker
2	positive	ENSG00000197099:ENSG00000156508	false_fusion	100GB	95%	FusionSeeker
120	positive	ENSG00000139197:ENSG00000111300	reverse_order: intra_chromosome	100GB	95%	FusionSeeker
111	positive	ENSG00000285550:ENSG00000267337	false_fusion:Sense-Antisense	100GB	95%	FusionSeeker
36	positive	ENSG00000285550:ENSG00000267337	false_fusion:Sense-Antisense	100GB	95%	FusionSeeker
132	positive	ENSG00000138347:ENSG00000244607	reverse_order: hybrid	100GB	95%	FusionSeeker
34	positive	ENSG00000288769:ENSG00000111907	hybrid	100GB	95%	FusionSeeker
42	positive	ENSG00000182621:ENSG00000124155	intra_chromosome	100GB	95%	FusionSeeker
40	positive	ENSG00000149564:ENSG00000182993	false_fusion	100GB	95%	FusionSeeker
3	positive	ENSG00000149564:ENSG00000182993	false_fusion	100GB	95%	FusionSeeker
22	positive	ENSG00000102290:ENSG00000099715	false_fusion	100GB	95%	FusionSeeker
6	positive	ENSG00000102290:ENSG00000099715	false_fusion	100GB	95%	FusionSeeker
2	positive	ENSG00000102290:ENSG00000099715	false_fusion	100GB	95%	FusionSeeker
31	positive	ENSG00000183476:ENSG00000124782	false_fusion	100GB	95%	FusionSeeker
33	positive	ENSG00000149657:ENSG00000101182	read_through	100GB	95%	FusionSeeker
8	positive	ENSG00000169084:ENSG00000292343	false_fusion	100GB	95%	FusionSeeker
108	positive	ENSG00000033122:ENSG00000164924	false_fusion	100GB	95%	FusionSeeker
34	positive	ENSG00000066557:ENSG00000164924	reverse_order:truncated_tri_fusion	100GB	95%	FusionSeeker
65	positive	ENSG00000033122:ENSG00000066557	false_fusion	100GB	95%	FusionSeeker
4	positive	ENSG00000161091:ENSG00000171863	false_fusion	100GB	95%	FusionSeeker
4	positive	ENSG00000163631:ENSG00000156508	false_fusion	100GB	95%	FusionSeeker
2	positive	ENSG00000163631:ENSG00000156508	false_fusion	100GB	95%	FusionSeeker
36	positive	ENSG00000138771:ENSG00000287544	false_fusion	100GB	95%	FusionSeeker
35	positive	ENSG00000235597:ENSG00000138771	truncated_tri_fusion	100GB	95%	FusionSeeker
31	positive	ENSG00000235597:ENSG00000287544	false_fusion	100GB	95%	FusionSeeker
50	positive	ENSG00000187398:ENSG00000283563	false_fusion	100GB	95%	FusionSeeker
33	positive	ENSG00000187398:ENSG00000283563	false_fusion	100GB	95%	FusionSeeker
22	positive	ENSG00000223631:ENSG00000284659	read_through	100GB	95%	FusionSeeker
37	positive	ENSG00000007372:ENSG00000285283	false_fusion:Sense-Antisense	100GB	95%	FusionSeeker
23	positive	ENSG00000007372:ENSG00000285283	false_fusion:Sense-Antisense	100GB	95%	FusionSeeker
39	positive	ENSG00000111596:ENSG00000111727	reverse_order: intra_chromosome	100GB	95%	FusionSeeker
4	positive	ENSG00000198431:ENSG00000280191	false_fusion	100GB	95%	FusionSeeker
50	positive	ENSG00000204929:ENSG00000144868	false_fusion	100GB	95%	FusionSeeker
36	positive	ENSG00000136504:ENSG00000277586	truncated_tri_fusion	100GB	95%	FusionSeeker
15	positive	ENSG00000131374:ENSG00000182568	false_fusion	100GB	95%	FusionSeeker
2	positive	ENSG00000258344:ENSG00000163631	false_fusion	100GB	95%	FusionSeeker
47	positive	ENSG00000266602:ENSG00000263745	false_fusion:Sense-Antisense	100GB	95%	FusionSeeker
29	positive	ENSG00000270820:ENSG00000106692	false_fusion	100GB	95%	FusionSeeker
2	positive	ENSG00000270820:ENSG00000106692	false_fusion	100GB	95%	FusionSeeker
38	positive	ENSG00000166348:ENSG00000165868	intra_chromosome	100GB	95%	FusionSeeker
50	positive	ENSG00000285077:ENSG00000113758	false_fusion	100GB	95%	FusionSeeker
40	positive	ENSG00000132122:ENSG00000179082	hybrid	100GB	95%	FusionSeeker
32	positive	ENSG00000104957:ENSG00000104518	hybrid	100GB	95%	FusionSeeker
134	positive	ENSG00000074219:ENSG00000236172	hybrid	100GB	95%	FusionSeeker
2	positive	ENSG00000161016:ENSG00000210082	false_fusion:mitochondrial_genomic	100GB	95%	FusionSeeker
78	positive	ENSG00000105011:ENSG00000125755	intra_chromosome	100GB	95%	FusionSeeker
67	positive	ENSG00000255248:ENSG00000283154	false_fusion	100GB	95%	FusionSeeker
3	positive	ENSG00000087086:ENSG00000211459	false_fusion:mitochondrial_genomic	100GB	95%	FusionSeeker
2	positive	ENSG00000091513:ENSG00000204435	false_fusion	100GB	95%	FusionSeeker
50	positive	ENSG00000204929:ENSG00000198363	false_fusion	100GB	95%	FusionSeeker
77	positive	ENSG00000229606:ENSG00000289577	read_through	100GB	95%	FusionSeeker
37	positive	ENSG00000003393:ENSG00000170448	reverse_order:truncated_tri_fusion	100GB	95%	FusionSeeker
30	positive	ENSG00000003393:ENSG00000170448	reverse_order:truncated_tri_fusion	100GB	95%	FusionSeeker
38	positive	ENSG00000003393:ENSG00000170448	reverse_order:truncated_tri_fusion	100GB	95%	FusionSeeker
9	positive	ENSG00000170448:ENSG00000145916	truncated_tri_fusion	100GB	95%	FusionSeeker
3	positive	ENSG00000267104:ENSG00000289809	false_fusion	100GB	95%	FusionSeeker
2	positive	ENSG00000111640:ENSG00000152348	false_fusion	100GB	95%	FusionSeeker
370	positive	ENSG00000172575:ENSG00000228141	reverse_order: intra_chromosome	100GB	95%	FusionSeeker
19	positive	ENSG00000283839:ENSG00000170396	false_fusion:Sense-Antisense	100GB	95%	FusionSeeker
17	positive	ENSG00000123124:ENSG00000176623	false_fusion	100GB	95%	FusionSeeker
90	positive	ENSG00000197462:ENSG00000276418	false_fusion	100GB	95%	FusionSeeker
72	positive	ENSG00000234224:ENSG00000242593	false_fusion:Sense-Antisense	100GB	95%	FusionSeeker
76	positive	ENSG00000003393:ENSG00000282917	false_fusion	100GB	95%	FusionSeeker
13	positive	ENSG00000003393:ENSG00000282917	false_fusion	100GB	95%	FusionSeeker
27	positive	ENSG00000003393:ENSG00000282917	false_fusion	100GB	95%	FusionSeeker
32	positive	ENSG00000047936:ENSG00000282218	false_fusion	100GB	95%	FusionSeeker
20	positive	ENSG00000260706:ENSG00000259867	false_fusion:Sense-Antisense	100GB	95%	FusionSeeker
17	positive	ENSG00000260706:ENSG00000259867	false_fusion:Sense-Antisense	100GB	95%	FusionSeeker
23	positive	ENSG00000166851:ENSG00000091651	truncated_tri_fusion	100GB	95%	FusionSeeker
40	positive	ENSG00000079387:ENSG00000167110	false_fusion	100GB	95%	FusionSeeker
2	positive	ENSG00000105372:ENSG00000081051	false_fusion	100GB	95%	FusionSeeker
44	positive	ENSG00000117758:ENSG00000159176	intra_chromosome	100GB	95%	FusionSeeker
3	positive	ENSG00000117758:ENSG00000159176	intra_chromosome	100GB	95%	FusionSeeker
21	positive	ENSG00000135747:ENSG00000138759	false_fusion	100GB	95%	FusionSeeker
40	positive	ENSG00000151322:ENSG00000163749	false_fusion	100GB	95%	FusionSeeker
54	positive	ENSG00000100075:ENSG00000100034	intra_chromosome	100GB	95%	FusionSeeker
55	positive	ENSG00000095303:ENSG00000233616	read_through	100GB	95%	FusionSeeker
10	positive	ENSG00000129159:ENSG00000129158	false_fusion	100GB	95%	FusionSeeker
4	positive	ENSG00000129159:ENSG00000129158	false_fusion	100GB	95%	FusionSeeker
142	positive	ENSG00000226711:ENSG00000119314	reverse_order: hybrid	100GB	95%	FusionSeeker
23	positive	ENSG00000248511:ENSG00000152208	false_fusion:Sense-Antisense	100GB	95%	FusionSeeker
64	positive	ENSG00000153291:ENSG00000146282	reverse_order: intra_chromosome	100GB	95%	FusionSeeker
43	positive	ENSG00000109339:ENSG00000147684	false_fusion	100GB	95%	FusionSeeker
12	positive	ENSG00000278916:ENSG00000267448	truncated_tri_fusion	100GB	95%	FusionSeeker
35	positive	ENSG00000267448:ENSG00000104907	reverse_order:truncated_tri_fusion	100GB	95%	FusionSeeker
8	positive	ENSG00000141449:ENSG00000221887	false_fusion	100GB	95%	FusionSeeker
38	positive	ENSG00000285212:ENSG00000198221	false_fusion:Sense-Antisense	100GB	95%	FusionSeeker
35	positive	ENSG00000291093:ENSG00000096746	intra_chromosome	100GB	95%	FusionSeeker
43	positive	ENSG00000049130:ENSG00000131051	reverse_order:truncated_tri_fusion	100GB	95%	FusionSeeker
43	positive	ENSG00000287700:ENSG00000233928	false_fusion:Sense-Antisense	100GB	95%	FusionSeeker
2	positive	ENSG00000287700:ENSG00000233928	false_fusion:Sense-Antisense	100GB	95%	FusionSeeker
2	positive	ENSG00000287700:ENSG00000233928	false_fusion:Sense-Antisense	100GB	95%	FusionSeeker
41	positive	ENSG00000197584:ENSG00000237978	false_fusion	100GB	95%	FusionSeeker
29	positive	ENSG00000081985:ENSG00000184619	truncated_tri_fusion	100GB	95%	FusionSeeker
47	positive	ENSG00000157916:ENSG00000205835	hybrid	100GB	95%	FusionSeeker
15	positive	ENSG00000145734:ENSG00000124782	false_fusion	100GB	95%	FusionSeeker
30	positive	ENSG00000183476:ENSG00000145734	reverse_order:truncated_tri_fusion	100GB	95%	FusionSeeker
44	positive	ENSG00000053254:ENSG00000259053	false_fusion	100GB	95%	FusionSeeker
35	positive	ENSG00000167554:ENSG00000087495	false_fusion	100GB	95%	FusionSeeker
47	positive	ENSG00000106829:ENSG00000173077	false_fusion	100GB	95%	FusionSeeker
96	positive	ENSG00000062485:ENSG00000134326	reverse_order:truncated_tri_fusion	100GB	95%	FusionSeeker
29	positive	ENSG00000104951:ENSG00000109736	false_fusion	100GB	95%	FusionSeeker
42	positive	ENSG00000109113:ENSG00000104951	false_fusion	100GB	95%	FusionSeeker
61	positive	ENSG00000224924:ENSG00000159256	reverse_order: intra_chromosome	100GB	95%	FusionSeeker
22	positive	ENSG00000036672:ENSG00000259520	false_fusion	100GB	95%	FusionSeeker
31	positive	ENSG00000121653:ENSG00000119686	truncated_tri_fusion	100GB	95%	FusionSeeker
28	positive	ENSG00000121653:ENSG00000167395	truncated_tri_fusion	100GB	95%	FusionSeeker
38	positive	ENSG00000119686:ENSG00000167395	truncated_tri_fusion	100GB	95%	FusionSeeker
41	positive	ENSG00000237558:ENSG00000291031	intra_chromosome	100GB	95%	FusionSeeker
23	positive	ENSG00000172380:ENSG00000232284	false_fusion	100GB	95%	FusionSeeker
21	positive	ENSG00000174306:ENSG00000171109	reverse_order:truncated_tri_fusion	100GB	95%	FusionSeeker
16	positive	ENSG00000178464:ENSG00000147403	false_fusion	100GB	95%	FusionSeeker
2	positive	ENSG00000198242:ENSG00000163631	false_fusion	100GB	95%	FusionSeeker
39	positive	ENSG00000285851:ENSG00000231064	false_fusion	100GB	95%	FusionSeeker
22	positive	ENSG00000136160:ENSG00000234377	false_fusion	100GB	95%	FusionSeeker
26	positive	ENSG00000261739:ENSG00000186115	false_fusion	100GB	95%	FusionSeeker
21	positive	ENSG00000246859:ENSG00000134986	false_fusion	100GB	95%	FusionSeeker
22	positive	ENSG00000143198:ENSG00000196839	reverse_order:truncated_tri_fusion	100GB	95%	FusionSeeker
21	positive	ENSG00000167881:ENSG00000196839	reverse_order:truncated_tri_fusion	100GB	95%	FusionSeeker
34	positive	ENSG00000143198:ENSG00000167881	truncated_tri_fusion	100GB	95%	FusionSeeker
11	positive	ENSG00000283930:ENSG00000290439	false_fusion	100GB	95%	FusionSeeker
12	positive	ENSG00000161082:ENSG00000267448	false_fusion:Sense-Antisense	100GB	95%	FusionSeeker
2	positive	ENSG00000087086:ENSG00000091513	false_fusion	100GB	95%	FusionSeeker
30	positive	ENSG00000105339:ENSG00000022567	read_through	100GB	95%	FusionSeeker
29	positive	ENSG00000180304:ENSG00000105856	hybrid	100GB	95%	FusionSeeker
13	positive	ENSG00000136235:ENSG00000285702	false_fusion	100GB	95%	FusionSeeker
9	positive	ENSG00000236951:ENSG00000292366	false_fusion	100GB	95%	FusionSeeker
4	positive	ENSG00000236951:ENSG00000292366	false_fusion	100GB	95%	FusionSeeker
30	positive	ENSG00000101752:ENSG00000067842	false_fusion	100GB	95%	FusionSeeker
24	positive	ENSG00000274874:ENSG00000114867	false_fusion	100GB	95%	FusionSeeker
22	positive	ENSG00000144724:ENSG00000109182	false_fusion	100GB	95%	FusionSeeker
42	positive	ENSG00000260840:ENSG00000148308	reverse_order:truncated_tri_fusion	100GB	95%	FusionSeeker
43	positive	ENSG00000267128:ENSG00000197462	false_fusion	100GB	95%	FusionSeeker
34	positive	ENSG00000273471:ENSG00000135205	false_fusion	100GB	95%	FusionSeeker
41	positive	ENSG00000077380:ENSG00000135205	false_fusion	100GB	95%	FusionSeeker
33	positive	ENSG00000273471:ENSG00000077380	false_fusion	100GB	95%	FusionSeeker
132	positive	ENSG00000186487:ENSG00000138442	false_fusion	100GB	95%	FusionSeeker
234	positive	ENSG00000281649:ENSG00000095261	reverse_order: intra_chromosome	100GB	95%	FusionSeeker
25	positive	ENSG00000234129:ENSG00000101966	intra_chromosome	100GB	95%	FusionSeeker
7	positive	ENSG00000234129:ENSG00000101966	intra_chromosome	100GB	95%	FusionSeeker
45	positive	ENSG00000182796:ENSG00000135972	false_fusion	100GB	95%	FusionSeeker
34	positive	ENSG00000285673:ENSG00000271955	false_fusion:Sense-Antisense	100GB	95%	FusionSeeker
39	positive	ENSG00000135269:ENSG00000237813	false_fusion:Sense-Antisense	100GB	95%	FusionSeeker
2	positive	ENSG00000135269:ENSG00000237813	false_fusion:Sense-Antisense	100GB	95%	FusionSeeker
30	positive	ENSG00000121281:ENSG00000159712	false_fusion	100GB	95%	FusionSeeker
31	positive	ENSG00000259905:ENSG00000286110	false_fusion	100GB	95%	FusionSeeker
109	positive	ENSG00000167524:ENSG00000285171	false_fusion	100GB	95%	FusionSeeker
27	positive	ENSG00000254394:ENSG00000249859	false_fusion	100GB	95%	FusionSeeker
54	positive	ENSG00000258704:ENSG00000177138	reverse_order:truncated_tri_fusion	100GB	95%	FusionSeeker
31	positive	ENSG00000260850:ENSG00000177138	truncated_tri_fusion	100GB	95%	FusionSeeker
32	positive	ENSG00000258704:ENSG00000260850	reverse_order:truncated_tri_fusion	100GB	95%	FusionSeeker
41	positive	ENSG00000133121:ENSG00000235221	false_fusion	100GB	95%	FusionSeeker
2	positive	ENSG00000273259:ENSG00000210082	false_fusion:mitochondrial_genomic	100GB	95%	FusionSeeker
19	positive	ENSG00000167393:ENSG00000292365	false_fusion	100GB	95%	FusionSeeker
20	positive	ENSG00000141449:ENSG00000166401	intra_chromosome	100GB	95%	FusionSeeker
58	positive	ENSG00000095981:ENSG00000164627	read_through	100GB	95%	FusionSeeker
2	positive	ENSG00000197249:ENSG00000131469	false_fusion	100GB	95%	FusionSeeker
105	positive	ENSG00000206384:ENSG00000196455	read_through	100GB	95%	FusionSeeker
6	positive	ENSG00000206384:ENSG00000196455	read_through	100GB	95%	FusionSeeker
66	positive	ENSG00000105889:ENSG00000075303	intra_chromosome	100GB	95%	FusionSeeker
78	positive	ENSG00000136444:ENSG00000020256	reverse_order: hybrid	100GB	95%	FusionSeeker
6	positive	ENSG00000257345:ENSG00000257322	false_fusion:Sense-Antisense	100GB	95%	FusionSeeker
7	positive	ENSG00000197249:ENSG00000210082	false_fusion:mitochondrial_genomic	100GB	95%	FusionSeeker
4	positive	ENSG00000197249:ENSG00000210082	false_fusion:mitochondrial_genomic	100GB	95%	FusionSeeker
4	positive	ENSG00000145425:ENSG00000210082	false_fusion:mitochondrial_genomic	100GB	95%	FusionSeeker
22	positive	ENSG00000244265:ENSG00000239265	false_fusion	100GB	95%	FusionSeeker
10	positive	ENSG00000233662:ENSG00000273269	false_fusion	100GB	95%	FusionSeeker
7	positive	ENSG00000233662:ENSG00000273269	false_fusion	100GB	95%	FusionSeeker
121	positive	ENSG00000285220:ENSG00000141577	false_fusion	100GB	95%	FusionSeeker
9	positive	ENSG00000114923:ENSG00000255872	false_fusion	100GB	95%	FusionSeeker
30	positive	ENSG00000168591:ENSG00000255872	false_fusion	100GB	95%	FusionSeeker
28	positive	ENSG00000168591:ENSG00000114923	truncated_tri_fusion	100GB	95%	FusionSeeker
2	positive	ENSG00000167658:ENSG00000156508	false_fusion	100GB	95%	FusionSeeker
2	positive	ENSG00000273259:ENSG00000211459	false_fusion:mitochondrial_genomic	100GB	95%	FusionSeeker
42	positive	ENSG00000126012:ENSG00000227083	false_fusion	100GB	95%	FusionSeeker
18	positive	ENSG00000140853:ENSG00000146143	reverse_order:truncated_tri_fusion	100GB	95%	FusionSeeker
30	positive	ENSG00000140853:ENSG00000141527	false_fusion	100GB	95%	FusionSeeker
32	positive	ENSG00000284776:ENSG00000188186	reverse_order: hybrid	100GB	95%	FusionSeeker
40	positive	ENSG00000244754:ENSG00000233124	intra_chromosome	100GB	95%	FusionSeeker
86	positive	ENSG00000225127:ENSG00000013375	reverse_order: hybrid	100GB	95%	FusionSeeker
28	positive	ENSG00000224699:ENSG00000144815	false_fusion	100GB	95%	FusionSeeker
29	positive	ENSG00000036672:ENSG00000140459	false_fusion	100GB	95%	FusionSeeker
17	positive	ENSG00000259520:ENSG00000140459	false_fusion	100GB	95%	FusionSeeker
37	positive	ENSG00000166145:ENSG00000171766	reverse_order: intra_chromosome	100GB	95%	FusionSeeker
36	positive	ENSG00000130962:ENSG00000156298	false_fusion	100GB	95%	FusionSeeker
29	positive	ENSG00000249209:ENSG00000142156	false_fusion	100GB	95%	FusionSeeker
100	positive	ENSG00000147434:ENSG00000164953	intra_chromosome	100GB	95%	FusionSeeker
24	positive	ENSG00000260840:ENSG00000093072	truncated_tri_fusion	100GB	95%	FusionSeeker
19	positive	ENSG00000069329:ENSG00000253327	hybrid	100GB	95%	FusionSeeker
32	positive	ENSG00000186409:ENSG00000094631	reverse_order:truncated_tri_fusion	100GB	95%	FusionSeeker
68	positive	ENSG00000162882:ENSG00000288886	read_through	100GB	95%	FusionSeeker
11	positive	ENSG00000163631:ENSG00000210082	false_fusion:mitochondrial_genomic	100GB	95%	FusionSeeker
6	positive	ENSG00000163631:ENSG00000210082	false_fusion:mitochondrial_genomic	100GB	95%	FusionSeeker
2	positive	ENSG00000081051:ENSG00000270800	false_fusion	100GB	95%	FusionSeeker
8	positive	ENSG00000180287:ENSG00000290439	false_fusion	100GB	95%	FusionSeeker
76	positive	ENSG00000255652:ENSG00000257894	reverse_order: intra_chromosome	100GB	95%	FusionSeeker
57	positive	ENSG00000187398:ENSG00000144642	false_fusion	100GB	95%	FusionSeeker
47	positive	ENSG00000128815:ENSG00000247572	false_fusion	100GB	95%	FusionSeeker
44	positive	ENSG00000120784:ENSG00000083097	false_fusion	100GB	95%	FusionSeeker
2	positive	ENSG00000114942:ENSG00000163631	false_fusion	100GB	95%	FusionSeeker
2	positive	ENSG00000167996:ENSG00000087086	false_fusion	100GB	95%	FusionSeeker
34	positive	ENSG00000270959:ENSG00000145012	false_fusion	100GB	95%	FusionSeeker
28	positive	ENSG00000188227:ENSG00000197265	reverse_order:truncated_tri_fusion	100GB	95%	FusionSeeker
28	positive	ENSG00000141556:ENSG00000197265	truncated_tri_fusion	100GB	95%	FusionSeeker
20	positive	ENSG00000141556:ENSG00000188227	truncated_tri_fusion	100GB	95%	FusionSeeker
2	positive	ENSG00000142937:ENSG00000087086	false_fusion	100GB	95%	FusionSeeker
104	positive	ENSG00000187498:ENSG00000154240	truncated_tri_fusion	100GB	95%	FusionSeeker
39	positive	ENSG00000181927:ENSG00000123191	false_fusion	100GB	95%	FusionSeeker
42	positive	ENSG00000174306:ENSG00000155307	truncated_tri_fusion	100GB	95%	FusionSeeker
4	positive	ENSG00000174306:ENSG00000155307	truncated_tri_fusion	100GB	95%	FusionSeeker
17	positive	ENSG00000155307:ENSG00000171109	reverse_order:truncated_tri_fusion	100GB	95%	FusionSeeker
8	positive	ENSG00000155307:ENSG00000171109	reverse_order:truncated_tri_fusion	100GB	95%	FusionSeeker
100	positive	ENSG00000119720:ENSG00000178460	false_fusion	100GB	95%	FusionSeeker
56	positive	ENSG00000119720:ENSG00000178460	false_fusion	100GB	95%	FusionSeeker
35	positive	ENSG00000127481:ENSG00000253329	reverse_order:truncated_tri_fusion	100GB	95%	FusionSeeker
3	positive	ENSG00000158874:ENSG00000211459	false_fusion:mitochondrial_genomic	100GB	95%	FusionSeeker
30	positive	ENSG00000243243:ENSG00000105971	false_fusion:Sense-Antisense	100GB	95%	FusionSeeker
52	positive	ENSG00000185721:ENSG00000221963	false_fusion	100GB	95%	FusionSeeker
53	positive	ENSG00000119535:ENSG00000145901	reverse_order: hybrid	100GB	95%	FusionSeeker
47	positive	ENSG00000128918:ENSG00000204661	false_fusion	100GB	95%	FusionSeeker
6	positive	ENSG00000197249:ENSG00000087086	false_fusion	100GB	95%	FusionSeeker
25	positive	ENSG00000110881:ENSG00000261427	hybrid	100GB	95%	FusionSeeker
27	positive	ENSG00000081985:ENSG00000164756	reverse_order:truncated_tri_fusion	100GB	95%	FusionSeeker
8	positive	ENSG00000184619:ENSG00000164756	reverse_order:truncated_tri_fusion	100GB	95%	FusionSeeker
2	positive	ENSG00000089157:ENSG00000163631	false_fusion	100GB	95%	FusionSeeker
2	positive	ENSG00000089157:ENSG00000163631	false_fusion	100GB	95%	FusionSeeker
33	positive	ENSG00000258830:ENSG00000241168	false_fusion	100GB	95%	FusionSeeker
10	positive	ENSG00000292327:ENSG00000292365	intra_chromosome	100GB	95%	FusionSeeker
41	positive	ENSG00000162302:ENSG00000196549	reverse_order:truncated_tri_fusion	100GB	95%	FusionSeeker
197	positive	ENSG00000267128:ENSG00000141576	false_fusion	100GB	95%	FusionSeeker
22	positive	ENSG00000283563:ENSG00000144642	false_fusion	100GB	95%	FusionSeeker
3	positive	ENSG00000283563:ENSG00000144642	false_fusion	100GB	95%	FusionSeeker
2	positive	ENSG00000283563:ENSG00000144642	false_fusion	100GB	95%	FusionSeeker
52	positive	ENSG00000069329:ENSG00000077782	truncated_tri_fusion	100GB	95%	FusionSeeker
16	positive	ENSG00000069329:ENSG00000077782	truncated_tri_fusion	100GB	95%	FusionSeeker
41	positive	ENSG00000034053:ENSG00000077782	truncated_tri_fusion	100GB	95%	FusionSeeker
41	positive	ENSG00000034053:ENSG00000069329	reverse_order:truncated_tri_fusion	100GB	95%	FusionSeeker
67	positive	ENSG00000187720:ENSG00000003393	truncated_tri_fusion	100GB	95%	FusionSeeker
2	positive	ENSG00000278916:ENSG00000231093	false_fusion	100GB	95%	FusionSeeker
2	positive	ENSG00000161082:ENSG00000231093	false_fusion	100GB	95%	FusionSeeker
4	positive	ENSG00000104907:ENSG00000231093	false_fusion	100GB	95%	FusionSeeker
33	positive	ENSG00000283294:ENSG00000224367	intra_chromosome	100GB	95%	FusionSeeker
2	positive	ENSG00000133112:ENSG00000211459	false_fusion:mitochondrial_genomic	100GB	95%	FusionSeeker
4	positive	ENSG00000287474:ENSG00000128573	false_fusion	100GB	95%	FusionSeeker
121	positive	ENSG00000113569:ENSG00000145675	intra_chromosome	100GB	95%	FusionSeeker
23	positive	ENSG00000151694:ENSG00000130714	reverse_order:truncated_tri_fusion	100GB	95%	FusionSeeker
25	positive	ENSG00000260628:ENSG00000260781	false_fusion	100GB	95%	FusionSeeker
16	positive	ENSG00000260628:ENSG00000260781	false_fusion	100GB	95%	FusionSeeker
4	positive	ENSG00000260628:ENSG00000260781	false_fusion	100GB	95%	FusionSeeker
13	positive	ENSG00000260628:ENSG00000260851	false_fusion	100GB	95%	FusionSeeker
33	positive	ENSG00000120896:ENSG00000221947	reverse_order: intra_chromosome	100GB	95%	FusionSeeker
15	positive	ENSG00000291031:ENSG00000278602	false_fusion	100GB	95%	FusionSeeker
51	positive	ENSG00000179915:ENSG00000231918	false_fusion:Sense-Antisense	100GB	95%	FusionSeeker
3	positive	ENSG00000143933:ENSG00000273269	false_fusion	100GB	95%	FusionSeeker
61	positive	ENSG00000137707:ENSG00000196549	reverse_order:truncated_tri_fusion	100GB	95%	FusionSeeker
26	positive	ENSG00000283579:ENSG00000154040	false_fusion	100GB	95%	FusionSeeker
3	positive	ENSG00000137818:ENSG00000087086	false_fusion	100GB	95%	FusionSeeker
34	positive	ENSG00000248238:ENSG00000248515	false_fusion:Sense-Antisense	100GB	95%	FusionSeeker
31	positive	ENSG00000189167:ENSG00000132570	false_fusion	100GB	95%	FusionSeeker
29	positive	ENSG00000088035:ENSG00000101003	reverse_order:truncated_tri_fusion	100GB	95%	FusionSeeker
143	positive	ENSG00000103043:ENSG00000277893	reverse_order:truncated_tri_fusion	100GB	95%	FusionSeeker
126	positive	ENSG00000277893:ENSG00000080822	truncated_tri_fusion	100GB	95%	FusionSeeker
144	positive	ENSG00000103043:ENSG00000080822	truncated_tri_fusion	100GB	95%	FusionSeeker
25	positive	ENSG00000223745:ENSG00000185829	false_fusion	100GB	95%	FusionSeeker
18	positive	ENSG00000291210:ENSG00000160957	false_fusion	100GB	95%	FusionSeeker
2	positive	ENSG00000231500:ENSG00000112306	false_fusion	100GB	95%	FusionSeeker
30	positive	ENSG00000185664:ENSG00000251584	hybrid	100GB	95%	FusionSeeker
2	positive	ENSG00000197099:ENSG00000210082	false_fusion:mitochondrial_genomic	100GB	95%	FusionSeeker
51	positive	ENSG00000235162:ENSG00000286520	read_through	100GB	95%	FusionSeeker
27	positive	ENSG00000204256:ENSG00000184634	hybrid	100GB	95%	FusionSeeker
2	positive	ENSG00000130203:ENSG00000087086	false_fusion	100GB	95%	FusionSeeker
49	positive	ENSG00000182149:ENSG00000277481	false_fusion	100GB	95%	FusionSeeker
2	positive	ENSG00000197099:ENSG00000163631	false_fusion	100GB	95%	FusionSeeker
2	positive	ENSG00000197099:ENSG00000163631	false_fusion	100GB	95%	FusionSeeker
2	positive	ENSG00000197099:ENSG00000163631	false_fusion	100GB	95%	FusionSeeker
2	positive	ENSG00000167526:ENSG00000156508	false_fusion	100GB	95%	FusionSeeker
41	positive	ENSG00000159147:ENSG00000249209	false_fusion	100GB	95%	FusionSeeker
37	positive	ENSG00000103415:ENSG00000103160	intra_chromosome	100GB	95%	FusionSeeker
8	positive	ENSG00000262583:ENSG00000205084	false_fusion	100GB	95%	FusionSeeker
29	positive	ENSG00000111145:ENSG00000124523	false_fusion	100GB	95%	FusionSeeker
15	positive	ENSG00000247572:ENSG00000011275	reverse_order:truncated_tri_fusion	100GB	95%	FusionSeeker
83	positive	ENSG00000128815:ENSG00000011275	false_fusion	100GB	95%	FusionSeeker
58	positive	ENSG00000246273:ENSG00000134802	reverse_order: intra_chromosome	100GB	95%	FusionSeeker
39	positive	ENSG00000096070:ENSG00000104218	truncated_tri_fusion	100GB	95%	FusionSeeker
21	positive	ENSG00000130396:ENSG00000104218	truncated_tri_fusion	100GB	95%	FusionSeeker
23	positive	ENSG00000096070:ENSG00000130396	reverse_order:truncated_tri_fusion	100GB	95%	FusionSeeker
2	positive	ENSG00000240567:ENSG00000198888	false_fusion:mitochondrial_genomic	100GB	95%	FusionSeeker
4	positive	ENSG00000211459:ENSG00000210082	false_fusion:mitochondrial	100GB	95%	FusionSeeker
3	positive	ENSG00000087086:ENSG00000197099	false_fusion	100GB	95%	FusionSeeker
2	positive	ENSG00000087086:ENSG00000197099	false_fusion	100GB	95%	FusionSeeker
2	positive	ENSG00000118137:ENSG00000145425	false_fusion	100GB	95%	FusionSeeker
19	positive	ENSG00000124333:ENSG00000235059	false_fusion	100GB	95%	FusionSeeker
61	positive	ENSG00000173113:ENSG00000183696	reverse_order:truncated_tri_fusion	100GB	95%	FusionSeeker
62	positive	ENSG00000173113:ENSG00000260983	false_fusion	100GB	95%	FusionSeeker
32	positive	ENSG00000260983:ENSG00000183696	false_fusion	100GB	95%	FusionSeeker
12	positive	ENSG00000113758:ENSG00000147041	truncated_tri_fusion	100GB	95%	FusionSeeker
24	positive	ENSG00000284906:ENSG00000147041	truncated_tri_fusion	100GB	95%	FusionSeeker
44	positive	ENSG00000072571:ENSG00000130714	truncated_tri_fusion	100GB	95%	FusionSeeker
3	positive	ENSG00000226519:ENSG00000227258	false_fusion	100GB	95%	FusionSeeker
39	positive	ENSG00000095794:ENSG00000289039	reverse_order: intra_chromosome	100GB	95%	FusionSeeker
31	positive	ENSG00000137449:ENSG00000249252	false_fusion	100GB	95%	FusionSeeker
53	positive	ENSG00000033122:ENSG00000228784	false_fusion	100GB	95%	FusionSeeker
35	positive	ENSG00000066557:ENSG00000228784	truncated_tri_fusion	100GB	95%	FusionSeeker
3	positive	ENSG00000225096:ENSG00000287598	false_fusion	100GB	95%	FusionSeeker
15	positive	ENSG00000114302:ENSG00000114374	hybrid	100GB	95%	FusionSeeker
2	positive	ENSG00000087086:ENSG00000210082	false_fusion:mitochondrial_genomic	100GB	95%	FusionSeeker
69	positive	ENSG00000244461:ENSG00000173077	false_fusion	100GB	95%	FusionSeeker
76	positive	ENSG00000244461:ENSG00000173077	false_fusion	100GB	95%	FusionSeeker
3	positive	ENSG00000167526:ENSG00000211459	false_fusion:mitochondrial_genomic	100GB	95%	FusionSeeker
28	positive	ENSG00000287921:ENSG00000183780	false_fusion:Sense-Antisense	100GB	95%	FusionSeeker
19	positive	ENSG00000224622:ENSG00000254092	false_fusion	100GB	95%	FusionSeeker
12	positive	ENSG00000226994:ENSG00000278595	reverse_order: hybrid	100GB	95%	FusionSeeker
148	positive	ENSG00000237714:ENSG00000072682	false_fusion	100GB	95%	FusionSeeker
7	positive	ENSG00000260628:ENSG00000277304	false_fusion	100GB	95%	FusionSeeker
5	positive	ENSG00000260628:ENSG00000277304	false_fusion	100GB	95%	FusionSeeker
4	positive	ENSG00000260628:ENSG00000277304	false_fusion	100GB	95%	FusionSeeker
2	positive	ENSG00000273259:ENSG00000198938	false_fusion:mitochondrial_genomic	100GB	95%	FusionSeeker
9	positive	ENSG00000186481:ENSG00000224367	false_fusion	100GB	95%	FusionSeeker
22	positive	ENSG00000291031:ENSG00000227837	reverse_order: intra_chromosome	100GB	95%	FusionSeeker
2	positive	ENSG00000197249:ENSG00000198938	false_fusion:mitochondrial_genomic	100GB	95%	FusionSeeker
2	positive	ENSG00000122406:ENSG00000197249	false_fusion	100GB	95%	FusionSeeker
2	positive	ENSG00000075624:ENSG00000210082	false_fusion:mitochondrial_genomic	100GB	95%	FusionSeeker
36	positive	ENSG00000223768:ENSG00000077684	reverse_order: hybrid	100GB	95%	FusionSeeker
33	positive	ENSG00000146809:ENSG00000130714	truncated_tri_fusion	100GB	95%	FusionSeeker
38	positive	ENSG00000072571:ENSG00000146809	reverse_order:truncated_tri_fusion	100GB	95%	FusionSeeker
3	positive	ENSG00000101440:ENSG00000260192	false_fusion	100GB	95%	FusionSeeker
166	positive	ENSG00000102780:ENSG00000088298	false_fusion	100GB	95%	FusionSeeker
144	positive	ENSG00000088298:ENSG00000170231	reverse_order:truncated_tri_fusion	100GB	95%	FusionSeeker
28	positive	ENSG00000102780:ENSG00000170231	false_fusion	100GB	95%	FusionSeeker
9	positive	ENSG00000203734:ENSG00000147573	reverse_order:truncated_tri_fusion	100GB	95%	FusionSeeker
25	positive	ENSG00000049759:ENSG00000147573	reverse_order:truncated_tri_fusion	100GB	95%	FusionSeeker
13	positive	ENSG00000235059:ENSG00000292366	intra_chromosome	100GB	95%	FusionSeeker
9	positive	ENSG00000291031:ENSG00000227251	false_fusion	100GB	95%	FusionSeeker
53	positive	ENSG00000167900:ENSG00000229195	false_fusion	100GB	95%	FusionSeeker
10	positive	ENSG00000285076:ENSG00000230284	false_fusion	100GB	95%	FusionSeeker
9	positive	ENSG00000167419:ENSG00000005381	read_through	100GB	95%	FusionSeeker
25	positive	ENSG00000225510:ENSG00000102471	intra_chromosome	100GB	95%	FusionSeeker
52	positive	ENSG00000236963:ENSG00000136014	truncated_tri_fusion	100GB	95%	FusionSeeker
33	positive	ENSG00000236963:ENSG00000136014	truncated_tri_fusion	100GB	95%	FusionSeeker
20	positive	ENSG00000263798:ENSG00000178460	false_fusion	100GB	95%	FusionSeeker
35	positive	ENSG00000138115:ENSG00000145216	truncated_tri_fusion	100GB	95%	FusionSeeker
40	positive	ENSG00000137074:ENSG00000130714	intra_chromosome	100GB	95%	FusionSeeker
2	positive	ENSG00000163631:ENSG00000198888	false_fusion:mitochondrial_genomic	100GB	95%	FusionSeeker
27	positive	ENSG00000101266:ENSG00000101158	reverse_order: intra_chromosome	100GB	95%	FusionSeeker
3	positive	ENSG00000101266:ENSG00000101158	reverse_order: intra_chromosome	100GB	95%	FusionSeeker
35	positive	ENSG00000280426:ENSG00000076513	read_through	100GB	95%	FusionSeeker
21	positive	ENSG00000225484:ENSG00000167258	false_fusion	100GB	95%	FusionSeeker
27	positive	ENSG00000145808:ENSG00000251680	false_fusion:Sense-Antisense	100GB	95%	FusionSeeker
9	positive	ENSG00000126603:ENSG00000154040	false_fusion	100GB	95%	FusionSeeker
14	positive	ENSG00000142627:ENSG00000268066	reverse_order:truncated_tri_fusion	100GB	95%	FusionSeeker
11	positive	ENSG00000176746:ENSG00000268066	reverse_order:truncated_tri_fusion	100GB	95%	FusionSeeker
19	positive	ENSG00000214097:ENSG00000105819	reverse_order:truncated_tri_fusion	100GB	95%	FusionSeeker
4	positive	ENSG00000291002:ENSG00000186115	false_fusion	100GB	95%	FusionSeeker
2	positive	ENSG00000091583:ENSG00000197756	false_fusion	100GB	95%	FusionSeeker
2	positive	ENSG00000142937:ENSG00000156508	false_fusion	100GB	95%	FusionSeeker
37	positive	ENSG00000248538:ENSG00000134020	reverse_order: intra_chromosome	100GB	95%	FusionSeeker
2	positive	ENSG00000267047:ENSG00000156508	false_fusion	100GB	95%	FusionSeeker
28	positive	ENSG00000276043:ENSG00000188321	reverse_order: intra_chromosome	100GB	95%	FusionSeeker
2	positive	ENSG00000163631:ENSG00000156482	false_fusion	100GB	95%	FusionSeeker
2	positive	ENSG00000167526:ENSG00000081051	false_fusion	100GB	95%	FusionSeeker
2	positive	ENSG00000118137:ENSG00000210082	false_fusion:mitochondrial_genomic	100GB	95%	FusionSeeker
9	positive	ENSG00000168288:ENSG00000231969	false_fusion	100GB	95%	FusionSeeker
3	positive	ENSG00000168288:ENSG00000231969	false_fusion	100GB	95%	FusionSeeker
52	positive	ENSG00000139278:ENSG00000130414	false_fusion	100GB	95%	FusionSeeker
52	positive	ENSG00000267128:ENSG00000276418	false_fusion	100GB	95%	FusionSeeker
39	positive	ENSG00000165629:ENSG00000148655	reverse_order: intra_chromosome	100GB	95%	FusionSeeker
2	positive	ENSG00000163631:ENSG00000106927	false_fusion	100GB	95%	FusionSeeker
4	positive	ENSG00000188580:ENSG00000236548	false_fusion	100GB	95%	FusionSeeker
13	positive	ENSG00000163694:ENSG00000137251	false_fusion	100GB	95%	FusionSeeker
49	positive	ENSG00000289397:ENSG00000178997	false_fusion	100GB	95%	FusionSeeker
11	positive	ENSG00000237040:ENSG00000292327	false_fusion	100GB	95%	FusionSeeker
21	positive	ENSG00000186409:ENSG00000089094	reverse_order:truncated_tri_fusion	100GB	95%	FusionSeeker
7	positive	ENSG00000258561:ENSG00000171723	false_fusion:Sense-Antisense	100GB	95%	FusionSeeker
2	positive	ENSG00000167996:ENSG00000167526	false_fusion	100GB	95%	FusionSeeker
2	positive	ENSG00000258272:ENSG00000276476	false_fusion	100GB	95%	FusionSeeker
38	positive	ENSG00000183629:ENSG00000010671	reverse_order:truncated_tri_fusion	100GB	95%	FusionSeeker
3	positive	ENSG00000136235:ENSG00000174384	false_fusion	100GB	95%	FusionSeeker
2	positive	ENSG00000136235:ENSG00000174384	false_fusion	100GB	95%	FusionSeeker
5	positive	ENSG00000174384:ENSG00000291092	false_fusion	100GB	95%	FusionSeeker
8	positive	ENSG00000197976:ENSG00000169084	false_fusion	100GB	95%	FusionSeeker
2	positive	ENSG00000197099:ENSG00000137154	false_fusion	100GB	95%	FusionSeeker
4	positive	ENSG00000251600:ENSG00000164162	false_fusion	100GB	95%	FusionSeeker
6	positive	ENSG00000285407:ENSG00000189283	false_fusion	100GB	95%	FusionSeeker
2	positive	ENSG00000167996:ENSG00000210082	false_fusion:mitochondrial_genomic	100GB	95%	FusionSeeker
12	positive	ENSG00000166546:ENSG00000250407	false_fusion	100GB	95%	FusionSeeker
3	positive	ENSG00000196313:ENSG00000291151	false_fusion	100GB	95%	FusionSeeker
2	positive	ENSG00000142541:ENSG00000081051	false_fusion	100GB	95%	FusionSeeker
17	positive	ENSG00000237250:ENSG00000110002	reverse_order: hybrid	100GB	95%	FusionSeeker
22	positive	ENSG00000119720:ENSG00000263798	false_fusion	100GB	95%	FusionSeeker
47	positive	ENSG00000152223:ENSG00000152229	read_through	100GB	95%	FusionSeeker
4	positive	ENSG00000289465:ENSG00000137710	false_fusion	100GB	95%	FusionSeeker
10	positive	ENSG00000168958:ENSG00000239586	reverse_order:truncated_tri_fusion	100GB	95%	FusionSeeker
2	positive	ENSG00000213741:ENSG00000163631	false_fusion	100GB	95%	FusionSeeker
13	positive	ENSG00000242366:ENSG00000286066	false_fusion	100GB	95%	FusionSeeker
10	positive	ENSG00000159753:ENSG00000286066	false_fusion	100GB	95%	FusionSeeker
10	positive	ENSG00000102977:ENSG00000286066	false_fusion	100GB	95%	FusionSeeker
2	positive	ENSG00000122512:ENSG00000291092	false_fusion	100GB	95%	FusionSeeker
2	positive	ENSG00000122512:ENSG00000291178	false_fusion	100GB	95%	FusionSeeker
4	positive	ENSG00000291092:ENSG00000291178	false_fusion	100GB	95%	FusionSeeker
36	positive	ENSG00000108684:ENSG00000263571	false_fusion:Sense-Antisense	100GB	95%	FusionSeeker
5	positive	ENSG00000093072:ENSG00000148308	reverse_order:truncated_tri_fusion	100GB	95%	FusionSeeker
25	positive	ENSG00000090565:ENSG00000167207	intra_chromosome	100GB	95%	FusionSeeker
15	positive	ENSG00000169946:ENSG00000251003	false_fusion	100GB	95%	FusionSeeker
3	positive	ENSG00000197756:ENSG00000156508	false_fusion	100GB	95%	FusionSeeker
30	positive	ENSG00000221947:ENSG00000285579	false_fusion	100GB	95%	FusionSeeker
15	positive	ENSG00000122406:ENSG00000117598	false_fusion	100GB	95%	FusionSeeker
19	positive	ENSG00000255502:ENSG00000118960	truncated_tri_fusion	100GB	95%	FusionSeeker
2	positive	ENSG00000255502:ENSG00000118960	truncated_tri_fusion	100GB	95%	FusionSeeker
17	positive	ENSG00000136297:ENSG00000106628	reverse_order: intra_chromosome	100GB	95%	FusionSeeker
16	positive	ENSG00000136297:ENSG00000106628	reverse_order: intra_chromosome	100GB	95%	FusionSeeker
2	positive	ENSG00000156508:ENSG00000198840	false_fusion:mitochondrial_genomic	100GB	95%	FusionSeeker
2	positive	ENSG00000079332:ENSG00000233662	false_fusion	100GB	95%	FusionSeeker
6	positive	ENSG00000079332:ENSG00000273269	false_fusion	100GB	95%	FusionSeeker
4	positive	ENSG00000291002:ENSG00000010671	false_fusion	100GB	95%	FusionSeeker
4	positive	ENSG00000291002:ENSG00000010671	false_fusion	100GB	95%	FusionSeeker
2	positive	ENSG00000137818:ENSG00000224631	false_fusion	100GB	95%	FusionSeeker
2	positive	ENSG00000197756:ENSG00000163631	false_fusion	100GB	95%	FusionSeeker
8	positive	ENSG00000128268:ENSG00000025708	false_fusion	100GB	95%	FusionSeeker
16	positive	ENSG00000143633:ENSG00000105819	reverse_order:truncated_tri_fusion	100GB	95%	FusionSeeker
7	positive	ENSG00000231304:ENSG00000282987	false_fusion:Sense-Antisense	100GB	95%	FusionSeeker
4	positive	ENSG00000137285:ENSG00000204054	truncated_tri_fusion	100GB	95%	FusionSeeker
10	positive	ENSG00000264031:ENSG00000176927	false_fusion	100GB	95%	FusionSeeker
3	positive	ENSG00000112306:ENSG00000075624	false_fusion	100GB	95%	FusionSeeker
8	positive	ENSG00000087086:ENSG00000156508	false_fusion	100GB	95%	FusionSeeker
2	positive	ENSG00000177600:ENSG00000112306	false_fusion	100GB	95%	FusionSeeker
2	positive	ENSG00000137970:ENSG00000111640	false_fusion	100GB	95%	FusionSeeker
17	positive	ENSG00000139350:ENSG00000234456	reverse_order:truncated_tri_fusion	100GB	95%	FusionSeeker
2	positive	ENSG00000283098:ENSG00000287474	false_fusion	100GB	95%	FusionSeeker
2	positive	ENSG00000254772:ENSG00000087086	false_fusion	100GB	95%	FusionSeeker
2	positive	ENSG00000078328:ENSG00000284731	false_fusion	100GB	95%	FusionSeeker
2	positive	ENSG00000282917:ENSG00000145916	false_fusion	100GB	95%	FusionSeeker
2	positive	ENSG00000197249:ENSG00000137818	false_fusion	100GB	95%	FusionSeeker
32	positive	ENSG00000228784:ENSG00000164924	reverse_order:truncated_tri_fusion	100GB	95%	FusionSeeker
9	positive	ENSG00000130511:ENSG00000268746	false_fusion	100GB	95%	FusionSeeker
3	positive	ENSG00000245384:ENSG00000248242	false_fusion:Sense-Antisense	100GB	95%	FusionSeeker
27	positive	ENSG00000063978:ENSG00000168556	reverse_order: intra_chromosome	100GB	95%	FusionSeeker
27	positive	ENSG00000108641:ENSG00000130414	false_fusion	100GB	95%	FusionSeeker
2	positive	ENSG00000241449:ENSG00000130226	false_fusion	100GB	95%	FusionSeeker
2	positive	ENSG00000186188:ENSG00000211459	false_fusion:mitochondrial_genomic	100GB	95%	FusionSeeker
8	positive	ENSG00000069329:ENSG00000164754	false_fusion	100GB	95%	FusionSeeker
9	positive	ENSG00000274814:ENSG00000163913	reverse_order: hybrid	100GB	95%	FusionSeeker
4	positive	ENSG00000163631:ENSG00000198712	false_fusion:mitochondrial_genomic	100GB	95%	FusionSeeker
9	positive	ENSG00000165644:ENSG00000229195	false_fusion	100GB	95%	FusionSeeker
20	positive	ENSG00000165644:ENSG00000167900	reverse_order:truncated_tri_fusion	100GB	95%	FusionSeeker
2	positive	ENSG00000177954:ENSG00000273259	false_fusion	100GB	95%	FusionSeeker
2	positive	ENSG00000111640:ENSG00000210082	false_fusion:mitochondrial_genomic	100GB	95%	FusionSeeker
2	positive	ENSG00000210082:ENSG00000198712	false_fusion:mitochondrial	100GB	95%	FusionSeeker
8	positive	ENSG00000066427:ENSG00000162944	false_fusion	100GB	95%	FusionSeeker
4	positive	ENSG00000171988:ENSG00000162944	false_fusion	100GB	95%	FusionSeeker
2	positive	ENSG00000177600:ENSG00000131469	false_fusion	100GB	95%	FusionSeeker
3	positive	ENSG00000118507:ENSG00000290067	false_fusion:Sense-Antisense	100GB	95%	FusionSeeker
4	positive	ENSG00000261739:ENSG00000267392	false_fusion	100GB	95%	FusionSeeker
2	positive	ENSG00000167996:ENSG00000197099	false_fusion	100GB	95%	FusionSeeker
2	positive	ENSG00000167996:ENSG00000197099	false_fusion	100GB	95%	FusionSeeker
3	positive	ENSG00000211459:ENSG00000198712	false_fusion:mitochondrial	100GB	95%	FusionSeeker
2	positive	ENSG00000169410:ENSG00000091513	false_fusion	100GB	95%	FusionSeeker
9	positive	ENSG00000285370:ENSG00000230284	false_fusion	100GB	95%	FusionSeeker
2	positive	ENSG00000133112:ENSG00000132388	false_fusion	100GB	95%	FusionSeeker
2	positive	ENSG00000133112:ENSG00000184009	false_fusion	100GB	95%	FusionSeeker
13	positive	ENSG00000136235:ENSG00000276840	false_fusion	100GB	95%	FusionSeeker
2	positive	ENSG00000105640:ENSG00000198888	false_fusion:mitochondrial_genomic	100GB	95%	FusionSeeker
13	positive	ENSG00000253917:ENSG00000205444	false_fusion	100GB	95%	FusionSeeker
2	positive	ENSG00000167526:ENSG00000171560	false_fusion	100GB	95%	FusionSeeker
4	positive	ENSG00000206260:ENSG00000175110	false_fusion	100GB	95%	FusionSeeker
6	positive	ENSG00000221874:ENSG00000183137	false_fusion	100GB	95%	FusionSeeker
2	positive	ENSG00000008988:ENSG00000210082	false_fusion:mitochondrial_genomic	100GB	95%	FusionSeeker
10	positive	ENSG00000291137:ENSG00000167554	truncated_tri_fusion	100GB	95%	FusionSeeker
2	positive	ENSG00000264545:ENSG00000240498	false_fusion	100GB	95%	FusionSeeker
2	positive	ENSG00000118137:ENSG00000171560	false_fusion	100GB	95%	FusionSeeker
2	positive	ENSG00000236552:ENSG00000163631	false_fusion	100GB	95%	FusionSeeker
2	positive	ENSG00000129515:ENSG00000105372	false_fusion	100GB	95%	FusionSeeker
2	positive	ENSG00000083845:ENSG00000156508	false_fusion	100GB	95%	FusionSeeker
4	positive	ENSG00000198431:ENSG00000185186	truncated_tri_fusion	100GB	95%	FusionSeeker
9	positive	ENSG00000143669:ENSG00000206803	read_through	100GB	95%	FusionSeeker
2	positive	ENSG00000161016:ENSG00000198804	false_fusion:mitochondrial_genomic	100GB	95%	FusionSeeker
2	positive	ENSG00000131374:ENSG00000164715	false_fusion	100GB	95%	FusionSeeker
2	positive	ENSG00000239672:ENSG00000087086	false_fusion	100GB	95%	FusionSeeker
2	positive	ENSG00000162244:ENSG00000197099	false_fusion	100GB	95%	FusionSeeker
2	positive	ENSG00000074800:ENSG00000087086	false_fusion	100GB	95%	FusionSeeker
2	positive	ENSG00000163631:ENSG00000008988	false_fusion	100GB	95%	FusionSeeker
2	positive	ENSG00000163631:ENSG00000008988	false_fusion	100GB	95%	FusionSeeker
16	positive	ENSG00000160752:ENSG00000254979	reverse_order:truncated_tri_fusion	100GB	95%	FusionSeeker
11	positive	ENSG00000160752:ENSG00000285329	false_fusion	100GB	95%	FusionSeeker
2	positive	ENSG00000290359:ENSG00000261739	false_fusion	100GB	95%	FusionSeeker
4	positive	ENSG00000237356:ENSG00000259200	false_fusion	100GB	95%	FusionSeeker
2	positive	ENSG00000210082:ENSG00000198804	false_fusion:mitochondrial	100GB	95%	FusionSeeker
2	positive	ENSG00000104714:ENSG00000198010	false_fusion	100GB	95%	FusionSeeker
2	positive	ENSG00000087086:ENSG00000204628	false_fusion	100GB	95%	FusionSeeker
2	positive	ENSG00000167658:ENSG00000169714	false_fusion	100GB	95%	FusionSeeker
2	positive	ENSG00000197885:ENSG00000210082	false_fusion:mitochondrial_genomic	100GB	95%	FusionSeeker
9	positive	ENSG00000223745:ENSG00000204406	false_fusion	100GB	95%	FusionSeeker
2	positive	ENSG00000198242:ENSG00000106443	false_fusion	100GB	95%	FusionSeeker
2	positive	ENSG00000111640:ENSG00000105372	false_fusion	100GB	95%	FusionSeeker
15	positive	ENSG00000228570:ENSG00000167258	hybrid	100GB	95%	FusionSeeker
20	positive	ENSG00000073598:ENSG00000073536	false_fusion	100GB	95%	FusionSeeker
2	positive	ENSG00000130203:ENSG00000163631	false_fusion	100GB	95%	FusionSeeker
2	positive	ENSG00000110700:ENSG00000167526	false_fusion	100GB	95%	FusionSeeker
2	positive	ENSG00000105640:ENSG00000211459	false_fusion:mitochondrial_genomic	100GB	95%	FusionSeeker
2	positive	ENSG00000100316:ENSG00000112306	false_fusion	100GB	95%	FusionSeeker
2	positive	ENSG00000167524:ENSG00000211459	false_fusion:mitochondrial_genomic	100GB	95%	FusionSeeker
3	positive	ENSG00000222041:ENSG00000153093	false_fusion	100GB	95%	FusionSeeker
3	positive	ENSG00000166441:ENSG00000213121	false_fusion	100GB	95%	FusionSeeker
2	positive	ENSG00000081051:ENSG00000198840	false_fusion:mitochondrial_genomic	100GB	95%	FusionSeeker
5	positive	ENSG00000260781:ENSG00000275832	false_fusion	100GB	95%	FusionSeeker
4	positive	ENSG00000260781:ENSG00000275832	false_fusion	100GB	95%	FusionSeeker
3	positive	ENSG00000260851:ENSG00000275832	false_fusion	100GB	95%	FusionSeeker
2	positive	ENSG00000161016:ENSG00000211459	false_fusion:mitochondrial_genomic	100GB	95%	FusionSeeker
3	positive	ENSG00000242527:ENSG00000197756	false_fusion	100GB	95%	FusionSeeker
2	positive	ENSG00000198804:ENSG00000147403	false_fusion:mitochondrial_genomic	100GB	95%	FusionSeeker
3	positive	ENSG00000105711:ENSG00000276570	false_fusion	100GB	95%	FusionSeeker
4	positive	ENSG00000116668:ENSG00000226383	false_fusion	100GB	95%	FusionSeeker
2	positive	ENSG00000137818:ENSG00000196205	false_fusion	100GB	95%	FusionSeeker
3	positive	ENSG00000136235:ENSG00000291178	reverse_order: intra_chromosome	100GB	95%	FusionSeeker
2	positive	ENSG00000198804:ENSG00000198712	false_fusion:mitochondrial	100GB	95%	FusionSeeker
2	positive	ENSG00000111145:ENSG00000124486	false_fusion	100GB	95%	FusionSeeker
2	positive	ENSG00000270800:ENSG00000210082	false_fusion:mitochondrial_genomic	100GB	95%	FusionSeeker
2	positive	ENSG00000142534:ENSG00000161016	false_fusion	100GB	95%	FusionSeeker
4	positive	ENSG00000170954:ENSG00000183137	hybrid	100GB	95%	FusionSeeker
8	positive	ENSG00000284962:ENSG00000230284	false_fusion	100GB	95%	FusionSeeker
2	positive	ENSG00000204628:ENSG00000210082	false_fusion:mitochondrial_genomic	100GB	95%	FusionSeeker
4	positive	ENSG00000066427:ENSG00000267586	false_fusion	100GB	95%	FusionSeeker
2	positive	ENSG00000171988:ENSG00000267586	false_fusion	100GB	95%	FusionSeeker
2	positive	ENSG00000171552:ENSG00000163631	false_fusion	100GB	95%	FusionSeeker
2	positive	ENSG00000224853:ENSG00000267374	false_fusion	100GB	95%	FusionSeeker
2	positive	ENSG00000158874:ENSG00000198888	false_fusion:mitochondrial_genomic	100GB	95%	FusionSeeker
2	positive	ENSG00000210082:ENSG00000102309	false_fusion:mitochondrial_genomic	100GB	95%	FusionSeeker
2	positive	ENSG00000135747:ENSG00000104490	false_fusion	100GB	95%	FusionSeeker
2	positive	ENSG00000087086:ENSG00000147257	false_fusion	100GB	95%	FusionSeeker
2	positive	ENSG00000266412:ENSG00000151611	false_fusion	100GB	95%	FusionSeeker
2	positive	ENSG00000266412:ENSG00000151611	false_fusion	100GB	95%	FusionSeeker
5	positive	ENSG00000267374:ENSG00000250546	false_fusion	100GB	95%	FusionSeeker
2	positive	ENSG00000137970:ENSG00000210082	false_fusion:mitochondrial_genomic	100GB	95%	FusionSeeker
4	positive	ENSG00000151812:ENSG00000290548	false_fusion	100GB	95%	FusionSeeker
2	positive	ENSG00000151812:ENSG00000290548	false_fusion	100GB	95%	FusionSeeker
2	positive	ENSG00000100744:ENSG00000290548	false_fusion	100GB	95%	FusionSeeker
2	positive	ENSG00000290548:ENSG00000253816	false_fusion	100GB	95%	FusionSeeker
2	positive	ENSG00000204628:ENSG00000211459	false_fusion:mitochondrial_genomic	100GB	95%	FusionSeeker
3	positive	ENSG00000279457:ENSG00000141499	false_fusion	100GB	95%	FusionSeeker
2	positive	ENSG00000273226:ENSG00000211459	false_fusion:mitochondrial_genomic	100GB	95%	FusionSeeker
2	positive	ENSG00000187952:ENSG00000171004	false_fusion	100GB	95%	FusionSeeker
4	positive	ENSG00000213236:ENSG00000164924	false_fusion	100GB	95%	FusionSeeker
4	positive	ENSG00000213236:ENSG00000164924	false_fusion	100GB	95%	FusionSeeker
2	positive	ENSG00000129562:ENSG00000163631	false_fusion	100GB	95%	FusionSeeker
2	positive	ENSG00000177600:ENSG00000111640	false_fusion	100GB	95%	FusionSeeker
3	positive	ENSG00000232573:ENSG00000100316	false_fusion	100GB	95%	FusionSeeker
2	positive	ENSG00000110245:ENSG00000087086	false_fusion	100GB	95%	FusionSeeker
2	positive	ENSG00000229272:ENSG00000215472	false_fusion	100GB	95%	FusionSeeker
2	positive	ENSG00000255502:ENSG00000185442	false_fusion	100GB	95%	FusionSeeker
2	positive	ENSG00000074800:ENSG00000213741	false_fusion	100GB	95%	FusionSeeker
2	positive	ENSG00000198840:ENSG00000180879	false_fusion:mitochondrial_genomic	100GB	95%	FusionSeeker
2	positive	ENSG00000290689:ENSG00000160957	false_fusion	100GB	95%	FusionSeeker
2	positive	ENSG00000142541:ENSG00000231500	false_fusion	100GB	95%	FusionSeeker
2	positive	ENSG00000139915:ENSG00000136842	false_fusion	100GB	95%	FusionSeeker
2	positive	ENSG00000166747:ENSG00000145907	reverse_order:truncated_tri_fusion	100GB	95%	FusionSeeker
2	positive	ENSG00000167526:ENSG00000198712	false_fusion:mitochondrial_genomic	100GB	95%	FusionSeeker
3	positive	ENSG00000230386:ENSG00000179603	false_fusion	100GB	95%	FusionSeeker
2	positive	ENSG00000137818:ENSG00000198888	false_fusion:mitochondrial_genomic	100GB	95%	FusionSeeker
2	positive	ENSG00000130513:ENSG00000087086	false_fusion	100GB	95%	FusionSeeker
2	positive	ENSG00000154040:ENSG00000101638	false_fusion	100GB	95%	FusionSeeker
2	positive	ENSG00000087086:ENSG00000102317	false_fusion	100GB	95%	FusionSeeker
2	positive	ENSG00000260628:ENSG00000275832	false_fusion	100GB	95%	FusionSeeker
3	positive	ENSG00000138109:ENSG00000145216	false_fusion	100GB	95%	FusionSeeker
2	positive	ENSG00000089248:ENSG00000137818	false_fusion	100GB	95%	FusionSeeker
2	positive	ENSG00000197249:ENSG00000259399	false_fusion	100GB	95%	FusionSeeker
4	positive	ENSG00000263508:ENSG00000141577	intra_chromosome	100GB	95%	FusionSeeker
2	positive	ENSG00000133112:ENSG00000197099	false_fusion	100GB	95%	FusionSeeker
4	positive	ENSG00000239586:ENSG00000248587	false_fusion	100GB	95%	FusionSeeker
6	positive	ENSG00000196946:ENSG00000119314	false_fusion	100GB	95%	FusionSeeker
2	positive	ENSG00000007372:ENSG00000170919	false_fusion	100GB	95%	FusionSeeker
2	positive	ENSG00000111640:ENSG00000198938	false_fusion:mitochondrial_genomic	100GB	95%	FusionSeeker
2	positive	ENSG00000258344:ENSG00000141441	false_fusion	100GB	95%	FusionSeeker
6	positive	ENSG00000254254:ENSG00000246430	false_fusion	100GB	95%	FusionSeeker
3	positive	ENSG00000231500:ENSG00000198727	false_fusion:mitochondrial_genomic	100GB	95%	FusionSeeker
2	positive	ENSG00000197099:ENSG00000171560	false_fusion	100GB	95%	FusionSeeker
2	positive	ENSG00000231500:ENSG00000198804	false_fusion:mitochondrial_genomic	100GB	95%	FusionSeeker
2	positive	ENSG00000087086:ENSG00000177733	false_fusion	100GB	95%	FusionSeeker
2	positive	ENSG00000197756:ENSG00000156482	false_fusion	100GB	95%	FusionSeeker
2	positive	ENSG00000286353:ENSG00000157445	false_fusion:Sense-Antisense	100GB	95%	FusionSeeker
2	positive	ENSG00000126457:ENSG00000211459	false_fusion:mitochondrial_genomic	100GB	95%	FusionSeeker
2	positive	ENSG00000172264:ENSG00000286546	false_fusion:Sense-Antisense	10GB	85%	FusionSeeker
6	positive	ENSG00000128918:ENSG00000204661	false_fusion	10GB	85%	FusionSeeker
2	positive	ENSG00000158987:ENSG00000145901	reverse_order: intra_chromosome	10GB	85%	FusionSeeker
3	positive	ENSG00000149273:ENSG00000262898	hybrid	10GB	85%	FusionSeeker
12	positive	ENSG00000285550:ENSG00000267337	false_fusion:Sense-Antisense	10GB	85%	FusionSeeker
4	positive	ENSG00000285550:ENSG00000267337	false_fusion:Sense-Antisense	10GB	85%	FusionSeeker
3	positive	ENSG00000173077:ENSG00000228714	false_fusion:Sense-Antisense	10GB	85%	FusionSeeker
7	positive	ENSG00000260364:ENSG00000261742	false_fusion:Sense-Antisense	10GB	85%	FusionSeeker
16	positive	ENSG00000187398:ENSG00000283563	false_fusion	10GB	85%	FusionSeeker
29	positive	ENSG00000146223:ENSG00000119899	reverse_order: intra_chromosome	10GB	85%	FusionSeeker
2	positive	ENSG00000165632:ENSG00000167526	false_fusion	10GB	85%	FusionSeeker
9	positive	ENSG00000129159:ENSG00000129158	false_fusion	10GB	85%	FusionSeeker
2	positive	ENSG00000186481:ENSG00000224367	false_fusion	10GB	85%	FusionSeeker
15	positive	ENSG00000285971:ENSG00000185942	false_fusion:Sense-Antisense	10GB	85%	FusionSeeker
5	positive	ENSG00000285971:ENSG00000185942	false_fusion:Sense-Antisense	10GB	85%	FusionSeeker
2	positive	ENSG00000285971:ENSG00000185942	false_fusion:Sense-Antisense	10GB	85%	FusionSeeker
74	positive	ENSG00000285216:ENSG00000285219	false_fusion	10GB	85%	FusionSeeker
22	positive	ENSG00000285216:ENSG00000285219	false_fusion	10GB	85%	FusionSeeker
15	positive	ENSG00000285216:ENSG00000285219	false_fusion	10GB	85%	FusionSeeker
13	positive	ENSG00000285216:ENSG00000285219	false_fusion	10GB	85%	FusionSeeker
5	positive	ENSG00000285216:ENSG00000285219	false_fusion	10GB	85%	FusionSeeker
4	positive	ENSG00000285216:ENSG00000285219	false_fusion	10GB	85%	FusionSeeker
3	positive	ENSG00000285216:ENSG00000285219	false_fusion	10GB	85%	FusionSeeker
2	positive	ENSG00000285216:ENSG00000285219	false_fusion	10GB	85%	FusionSeeker
2	positive	ENSG00000285216:ENSG00000285219	false_fusion	10GB	85%	FusionSeeker
2	positive	ENSG00000285216:ENSG00000285219	false_fusion	10GB	85%	FusionSeeker
2	positive	ENSG00000285216:ENSG00000285219	false_fusion	10GB	85%	FusionSeeker
2	positive	ENSG00000102290:ENSG00000099715	false_fusion	10GB	85%	FusionSeeker
2	positive	ENSG00000102977:ENSG00000242366	false_fusion	10GB	85%	FusionSeeker
2	positive	ENSG00000229272:ENSG00000215472	false_fusion	10GB	85%	FusionSeeker
2	positive	ENSG00000248511:ENSG00000152208	false_fusion:Sense-Antisense	10GB	85%	FusionSeeker
4	positive	ENSG00000283579:ENSG00000154040	false_fusion	10GB	85%	FusionSeeker
3	positive	ENSG00000013503:ENSG00000257545	false_fusion:Sense-Antisense	10GB	85%	FusionSeeker
3	positive	ENSG00000166268:ENSG00000257815	false_fusion	10GB	85%	FusionSeeker
2	positive	ENSG00000248049:ENSG00000198092	false_fusion	10GB	85%	FusionSeeker
2	positive	ENSG00000248049:ENSG00000198092	false_fusion	10GB	85%	FusionSeeker
3	positive	ENSG00000108684:ENSG00000263571	false_fusion:Sense-Antisense	10GB	85%	FusionSeeker
9	positive	ENSG00000108094:ENSG00000085788	hybrid	10GB	85%	FusionSeeker
2	positive	ENSG00000165806:ENSG00000260995	reverse_order:truncated_tri_fusion	10GB	85%	FusionSeeker
28	positive	ENSG00000122406:ENSG00000117598	false_fusion	10GB	85%	FusionSeeker
18	positive	ENSG00000141376:ENSG00000267131	false_fusion:Sense-Antisense	10GB	85%	FusionSeeker
2	positive	ENSG00000141376:ENSG00000267131	false_fusion:Sense-Antisense	10GB	85%	FusionSeeker
3	positive	ENSG00000143228:ENSG00000196586	reverse_order:truncated_tri_fusion	10GB	85%	FusionSeeker
2	positive	ENSG00000143228:ENSG00000196586	reverse_order:truncated_tri_fusion	10GB	85%	FusionSeeker
6	positive	ENSG00000242527:ENSG00000197756	false_fusion	10GB	85%	FusionSeeker
4	positive	ENSG00000197872:ENSG00000150722	intra_chromosome	10GB	85%	FusionSeeker
6	positive	ENSG00000141499:ENSG00000291134	reverse_order: hybrid	10GB	85%	FusionSeeker
2	positive	ENSG00000128918:ENSG00000166035	false_fusion	10GB	85%	FusionSeeker
9	positive	ENSG00000136444:ENSG00000020256	reverse_order: hybrid	10GB	85%	FusionSeeker
6	positive	ENSG00000278916:ENSG00000161082	false_fusion	10GB	85%	FusionSeeker
17	positive	ENSG00000278916:ENSG00000104907	reverse_order:truncated_tri_fusion	10GB	85%	FusionSeeker
16	positive	ENSG00000161082:ENSG00000104907	false_fusion	10GB	85%	FusionSeeker
4	positive	ENSG00000231304:ENSG00000282987	false_fusion:Sense-Antisense	10GB	85%	FusionSeeker
2	positive	ENSG00000196935:ENSG00000283625	hybrid	10GB	85%	FusionSeeker
3	positive	ENSG00000260830:ENSG00000100461	intra_chromosome	10GB	85%	FusionSeeker
13	positive	ENSG00000111231:ENSG00000071082	false_fusion	10GB	85%	FusionSeeker
3	positive	ENSG00000258561:ENSG00000171723	false_fusion:Sense-Antisense	10GB	85%	FusionSeeker
2	positive	ENSG00000258561:ENSG00000171723	false_fusion:Sense-Antisense	10GB	85%	FusionSeeker
8	positive	ENSG00000267104:ENSG00000289809	false_fusion	10GB	85%	FusionSeeker
4	positive	ENSG00000283228:ENSG00000182389	false_fusion	10GB	85%	FusionSeeker
3	positive	ENSG00000119535:ENSG00000145901	reverse_order: hybrid	10GB	85%	FusionSeeker
6	positive	ENSG00000101752:ENSG00000067842	false_fusion	10GB	85%	FusionSeeker
7	positive	ENSG00000168288:ENSG00000231969	false_fusion	10GB	85%	FusionSeeker
4	positive	ENSG00000168288:ENSG00000231969	false_fusion	10GB	85%	FusionSeeker
2	positive	ENSG00000249797:ENSG00000250891	false_fusion	10GB	85%	FusionSeeker
2	positive	ENSG00000249797:ENSG00000250891	false_fusion	10GB	85%	FusionSeeker
6	positive	ENSG00000260971:ENSG00000284686	false_fusion	10GB	85%	FusionSeeker
4	positive	ENSG00000260971:ENSG00000284686	false_fusion	10GB	85%	FusionSeeker
4	positive	ENSG00000088035:ENSG00000101003	reverse_order:truncated_tri_fusion	10GB	85%	FusionSeeker
6	positive	ENSG00000291137:ENSG00000087495	false_fusion	10GB	85%	FusionSeeker
3	positive	ENSG00000291137:ENSG00000177628	false_fusion	10GB	85%	FusionSeeker
14	positive	ENSG00000174695:ENSG00000221886	reverse_order: intra_chromosome	10GB	85%	FusionSeeker
5	positive	ENSG00000138759:ENSG00000104490	truncated_tri_fusion	10GB	85%	FusionSeeker
2	positive	ENSG00000115762:ENSG00000284604	false_fusion	10GB	85%	FusionSeeker
2	positive	ENSG00000167588:ENSG00000110887	intra_chromosome	10GB	85%	FusionSeeker
2	positive	ENSG00000167588:ENSG00000110887	intra_chromosome	10GB	85%	FusionSeeker
5	positive	ENSG00000072571:ENSG00000130714	truncated_tri_fusion	10GB	85%	FusionSeeker
3	positive	ENSG00000285673:ENSG00000271955	false_fusion:Sense-Antisense	10GB	85%	FusionSeeker
3	positive	ENSG00000084623:ENSG00000256422	reverse_order:truncated_tri_fusion	10GB	85%	FusionSeeker
5	positive	ENSG00000138185:ENSG00000226688	false_fusion	10GB	85%	FusionSeeker
4	positive	ENSG00000291137:ENSG00000167554	truncated_tri_fusion	10GB	85%	FusionSeeker
2	positive	ENSG00000235665:ENSG00000236790	false_fusion	10GB	85%	FusionSeeker
6	positive	ENSG00000077380:ENSG00000135205	false_fusion	10GB	85%	FusionSeeker
2	positive	ENSG00000173436:ENSG00000164587	false_fusion	10GB	85%	FusionSeeker
5	positive	ENSG00000285966:ENSG00000137818	false_fusion	10GB	85%	FusionSeeker
2	positive	ENSG00000197302:ENSG00000260737	reverse_order: intra_chromosome	10GB	85%	FusionSeeker
14	positive	ENSG00000213942:ENSG00000071082	false_fusion	10GB	85%	FusionSeeker
7	positive	ENSG00000119720:ENSG00000178460	false_fusion	10GB	85%	FusionSeeker
3	positive	ENSG00000276043:ENSG00000188321	reverse_order: intra_chromosome	10GB	85%	FusionSeeker
4	positive	ENSG00000258344:ENSG00000141441	false_fusion	10GB	85%	FusionSeeker
2	positive	ENSG00000285212:ENSG00000198221	false_fusion:Sense-Antisense	10GB	85%	FusionSeeker
10	positive	ENSG00000289397:ENSG00000178997	false_fusion	10GB	85%	FusionSeeker
3	positive	ENSG00000133121:ENSG00000235221	false_fusion	10GB	85%	FusionSeeker
2	positive	ENSG00000235162:ENSG00000286520	read_through	10GB	85%	FusionSeeker
6	positive	ENSG00000171988:ENSG00000066427	false_fusion	10GB	85%	FusionSeeker
2	positive	ENSG00000124523:ENSG00000124486	truncated_tri_fusion	10GB	85%	FusionSeeker
5	positive	ENSG00000136504:ENSG00000277586	truncated_tri_fusion	10GB	85%	FusionSeeker
14	positive	ENSG00000247416:ENSG00000149294	false_fusion:Sense-Antisense	10GB	85%	FusionSeeker
5	positive	ENSG00000247416:ENSG00000149294	false_fusion:Sense-Antisense	10GB	85%	FusionSeeker
3	positive	ENSG00000247416:ENSG00000149294	false_fusion:Sense-Antisense	10GB	85%	FusionSeeker
5	positive	ENSG00000100767:ENSG00000285219	false_fusion	10GB	85%	FusionSeeker
2	positive	ENSG00000124333:ENSG00000235059	false_fusion	10GB	85%	FusionSeeker
2	positive	ENSG00000181927:ENSG00000123191	false_fusion	10GB	85%	FusionSeeker
2	positive	ENSG00000181927:ENSG00000123191	false_fusion	10GB	85%	FusionSeeker
6	positive	ENSG00000129515:ENSG00000105372	false_fusion	10GB	85%	FusionSeeker
3	positive	ENSG00000285082:ENSG00000284977	false_fusion	10GB	85%	FusionSeeker
3	positive	ENSG00000289809:ENSG00000015676	false_fusion	10GB	85%	FusionSeeker
8	positive	ENSG00000103415:ENSG00000103160	intra_chromosome	10GB	85%	FusionSeeker
5	positive	ENSG00000276570:ENSG00000105063	false_fusion	10GB	85%	FusionSeeker
3	positive	ENSG00000125462:ENSG00000243789	reverse_order:truncated_tri_fusion	10GB	85%	FusionSeeker
8	positive	ENSG00000168676:ENSG00000198677	truncated_tri_fusion	10GB	85%	FusionSeeker
2	positive	ENSG00000021645:ENSG00000258637	false_fusion:Sense-Antisense	10GB	85%	FusionSeeker
2	positive	ENSG00000285844:ENSG00000185760	false_fusion	10GB	85%	FusionSeeker
12	positive	ENSG00000128815:ENSG00000011275	false_fusion	10GB	85%	FusionSeeker
2	positive	ENSG00000286596:ENSG00000169851	false_fusion:Sense-Antisense	10GB	85%	FusionSeeker
3	positive	ENSG00000124787:ENSG00000188312	false_fusion	10GB	85%	FusionSeeker
5	positive	ENSG00000178464:ENSG00000147403	false_fusion	10GB	85%	FusionSeeker
6	positive	ENSG00000151694:ENSG00000185798	truncated_tri_fusion	10GB	85%	FusionSeeker
2	positive	ENSG00000151694:ENSG00000130714	reverse_order:truncated_tri_fusion	10GB	85%	FusionSeeker
6	positive	ENSG00000047936:ENSG00000282218	false_fusion	10GB	85%	FusionSeeker
5	positive	ENSG00000136297:ENSG00000106628	reverse_order: intra_chromosome	10GB	85%	FusionSeeker
3	positive	ENSG00000136297:ENSG00000106628	reverse_order: intra_chromosome	10GB	85%	FusionSeeker
5	positive	ENSG00000153093:ENSG00000172965	false_fusion	10GB	85%	FusionSeeker
3	positive	ENSG00000186468:ENSG00000230629	false_fusion	10GB	85%	FusionSeeker
7	positive	ENSG00000075975:ENSG00000132155	false_fusion	10GB	85%	FusionSeeker
15	positive	ENSG00000258583:ENSG00000071082	false_fusion	10GB	85%	FusionSeeker
3	positive	ENSG00000101384:ENSG00000270792	false_fusion:Sense-Antisense	10GB	85%	FusionSeeker
2	positive	ENSG00000284962:ENSG00000230284	false_fusion	10GB	85%	FusionSeeker
4	positive	ENSG00000081985:ENSG00000184619	truncated_tri_fusion	10GB	85%	FusionSeeker
3	positive	ENSG00000283563:ENSG00000144642	false_fusion	10GB	85%	FusionSeeker
6	positive	ENSG00000286577:ENSG00000185261	false_fusion:Sense-Antisense	10GB	85%	FusionSeeker
2	positive	ENSG00000249884:ENSG00000115652	false_fusion	10GB	85%	FusionSeeker
2	positive	ENSG00000183476:ENSG00000124782	false_fusion	10GB	85%	FusionSeeker
4	positive	ENSG00000183476:ENSG00000145734	reverse_order:truncated_tri_fusion	10GB	85%	FusionSeeker
2	positive	ENSG00000145734:ENSG00000124782	false_fusion	10GB	85%	FusionSeeker
2	positive	ENSG00000114391:ENSG00000181524	false_fusion	10GB	85%	FusionSeeker
2	positive	ENSG00000101266:ENSG00000101158	reverse_order: intra_chromosome	10GB	85%	FusionSeeker
4	positive	ENSG00000095981:ENSG00000164627	read_through	10GB	85%	FusionSeeker
3	positive	ENSG00000187391:ENSG00000234456	false_fusion	10GB	85%	FusionSeeker
2	positive	ENSG00000187391:ENSG00000234456	false_fusion	10GB	85%	FusionSeeker
2	positive	ENSG00000105989:ENSG00000001626	false_fusion	10GB	85%	FusionSeeker
3	positive	ENSG00000224699:ENSG00000144815	false_fusion	10GB	85%	FusionSeeker
3	positive	ENSG00000166145:ENSG00000171766	reverse_order: intra_chromosome	10GB	85%	FusionSeeker
3	positive	ENSG00000145808:ENSG00000251680	false_fusion:Sense-Antisense	10GB	85%	FusionSeeker
27	positive	ENSG00000227028:ENSG00000183023	false_fusion	10GB	85%	FusionSeeker
2	positive	ENSG00000188580:ENSG00000236548	false_fusion	10GB	85%	FusionSeeker
3	positive	ENSG00000133121:ENSG00000272274	false_fusion	10GB	85%	FusionSeeker
2	positive	ENSG00000081985:ENSG00000164756	reverse_order:truncated_tri_fusion	10GB	85%	FusionSeeker
4	positive	ENSG00000089157:ENSG00000231367	false_fusion	10GB	85%	FusionSeeker
2	positive	ENSG00000197756:ENSG00000226243	false_fusion	10GB	85%	FusionSeeker
2	positive	ENSG00000148362:ENSG00000169583	read_through	10GB	85%	FusionSeeker
5	positive	ENSG00000260706:ENSG00000259867	false_fusion:Sense-Antisense	10GB	85%	FusionSeeker
4	positive	ENSG00000074219:ENSG00000236172	hybrid	10GB	85%	FusionSeeker
5	positive	ENSG00000260781:ENSG00000260851	false_fusion	10GB	85%	FusionSeeker
2	positive	ENSG00000260781:ENSG00000260851	false_fusion	10GB	85%	FusionSeeker
2	positive	ENSG00000007372:ENSG00000285283	false_fusion:Sense-Antisense	10GB	85%	FusionSeeker
2	positive	ENSG00000071909:ENSG00000188312	false_fusion	10GB	85%	FusionSeeker
2	positive	ENSG00000106066:ENSG00000106069	false_fusion	10GB	85%	FusionSeeker
2	positive	ENSG00000106066:ENSG00000106069	false_fusion	10GB	85%	FusionSeeker
2	positive	ENSG00000285982:ENSG00000176406	false_fusion:Sense-Antisense	10GB	85%	FusionSeeker
4	positive	ENSG00000103043:ENSG00000080822	truncated_tri_fusion	10GB	85%	FusionSeeker
3	positive	ENSG00000100211:ENSG00000204659	false_fusion	10GB	85%	FusionSeeker
2	positive	ENSG00000185664:ENSG00000251584	hybrid	10GB	85%	FusionSeeker
4	positive	ENSG00000142627:ENSG00000176746	truncated_tri_fusion	10GB	85%	FusionSeeker
4	positive	ENSG00000109971:ENSG00000095209	hybrid	10GB	85%	FusionSeeker
2	positive	ENSG00000143891:ENSG00000132300	intra_chromosome	10GB	85%	FusionSeeker
2	positive	ENSG00000071082:ENSG00000131374	false_fusion	10GB	85%	FusionSeeker
3	positive	ENSG00000126012:ENSG00000227083	false_fusion	10GB	85%	FusionSeeker
4	positive	ENSG00000172809:ENSG00000227088	false_fusion	10GB	85%	FusionSeeker
2	positive	ENSG00000214097:ENSG00000105819	reverse_order:truncated_tri_fusion	10GB	85%	FusionSeeker
3	positive	ENSG00000095794:ENSG00000289039	reverse_order: intra_chromosome	10GB	85%	FusionSeeker
3	positive	ENSG00000224924:ENSG00000159256	reverse_order: intra_chromosome	10GB	85%	FusionSeeker
4	positive	ENSG00000165629:ENSG00000148655	reverse_order: intra_chromosome	10GB	85%	FusionSeeker
2	positive	ENSG00000213075:ENSG00000071082	false_fusion	10GB	85%	FusionSeeker
7	positive	ENSG00000162302:ENSG00000137707	truncated_tri_fusion	10GB	85%	FusionSeeker
6	positive	ENSG00000230590:ENSG00000273974	false_fusion:Sense-Antisense	10GB	85%	FusionSeeker
2	positive	ENSG00000115268:ENSG00000233762	false_fusion	10GB	85%	FusionSeeker
2	positive	ENSG00000071082:ENSG00000213849	false_fusion	10GB	85%	FusionSeeker
2	positive	ENSG00000136160:ENSG00000234377	false_fusion	10GB	85%	FusionSeeker
2	positive	ENSG00000267827:ENSG00000145592	false_fusion	10GB	85%	FusionSeeker
4	positive	ENSG00000167524:ENSG00000285171	false_fusion	10GB	85%	FusionSeeker
7	positive	ENSG00000063978:ENSG00000168556	reverse_order: intra_chromosome	10GB	85%	FusionSeeker
6	positive	ENSG00000271763:ENSG00000185442	false_fusion:Sense-Antisense	10GB	85%	FusionSeeker
2	positive	ENSG00000271763:ENSG00000128510	false_fusion	10GB	85%	FusionSeeker
3	positive	ENSG00000271763:ENSG00000163930	false_fusion	10GB	85%	FusionSeeker
2	positive	ENSG00000185442:ENSG00000128510	truncated_tri_fusion	10GB	85%	FusionSeeker
2	positive	ENSG00000185442:ENSG00000128510	truncated_tri_fusion	10GB	85%	FusionSeeker
2	positive	ENSG00000185442:ENSG00000163930	truncated_tri_fusion	10GB	85%	FusionSeeker
2	positive	ENSG00000185442:ENSG00000163930	truncated_tri_fusion	10GB	85%	FusionSeeker
2	positive	ENSG00000163930:ENSG00000128510	reverse_order:truncated_tri_fusion	10GB	85%	FusionSeeker
3	positive	ENSG00000267128:ENSG00000197462	false_fusion	10GB	85%	FusionSeeker
2	positive	ENSG00000072571:ENSG00000146809	reverse_order:truncated_tri_fusion	10GB	85%	FusionSeeker
4	positive	ENSG00000213983:ENSG00000126777	intra_chromosome	10GB	85%	FusionSeeker
2	positive	ENSG00000213983:ENSG00000126777	intra_chromosome	10GB	85%	FusionSeeker
6	positive	ENSG00000288769:ENSG00000111907	hybrid	10GB	85%	FusionSeeker
8	positive	ENSG00000238169:ENSG00000287340	false_fusion	10GB	85%	FusionSeeker
2	positive	ENSG00000255330:ENSG00000184530	false_fusion	10GB	85%	FusionSeeker
4	positive	ENSG00000277893:ENSG00000080822	truncated_tri_fusion	10GB	85%	FusionSeeker
2	positive	ENSG00000079387:ENSG00000167110	false_fusion	10GB	85%	FusionSeeker
8	positive	ENSG00000062485:ENSG00000134326	reverse_order:truncated_tri_fusion	10GB	85%	FusionSeeker
2	positive	ENSG00000204256:ENSG00000184634	hybrid	10GB	85%	FusionSeeker
3	positive	ENSG00000269692:ENSG00000273994	read_through	10GB	85%	FusionSeeker
5	positive	ENSG00000106829:ENSG00000173077	false_fusion	10GB	85%	FusionSeeker
6	positive	ENSG00000256422:ENSG00000177731	reverse_order:truncated_tri_fusion	10GB	85%	FusionSeeker
4	positive	ENSG00000084623:ENSG00000177731	reverse_order:truncated_tri_fusion	10GB	85%	FusionSeeker
2	positive	ENSG00000244754:ENSG00000233124	intra_chromosome	10GB	85%	FusionSeeker
6	positive	ENSG00000225127:ENSG00000013375	reverse_order: hybrid	10GB	85%	FusionSeeker
2	positive	ENSG00000225127:ENSG00000013375	reverse_order: hybrid	10GB	85%	FusionSeeker
2	positive	ENSG00000125898:ENSG00000234948	intra_chromosome	10GB	85%	FusionSeeker
3	positive	ENSG00000082805:ENSG00000145907	reverse_order:truncated_tri_fusion	10GB	85%	FusionSeeker
3	positive	ENSG00000009830:ENSG00000087258	hybrid	10GB	85%	FusionSeeker
2	positive	ENSG00000164011:ENSG00000095066	false_fusion	10GB	85%	FusionSeeker
3	positive	ENSG00000177058:ENSG00000118412	truncated_tri_fusion	10GB	85%	FusionSeeker
4	positive	ENSG00000071082:ENSG00000250954	false_fusion	10GB	85%	FusionSeeker
4	positive	ENSG00000081154:ENSG00000231500	false_fusion	10GB	85%	FusionSeeker
2	positive	ENSG00000259905:ENSG00000286110	false_fusion	10GB	85%	FusionSeeker
3	positive	ENSG00000232573:ENSG00000100316	false_fusion	10GB	85%	FusionSeeker
2	positive	ENSG00000268416:ENSG00000163694	false_fusion	10GB	85%	FusionSeeker
3	positive	ENSG00000168958:ENSG00000248587	false_fusion	10GB	85%	FusionSeeker
2	positive	ENSG00000234224:ENSG00000242593	false_fusion:Sense-Antisense	10GB	85%	FusionSeeker
4	positive	ENSG00000166441:ENSG00000213121	false_fusion	10GB	85%	FusionSeeker
2	positive	ENSG00000264860:ENSG00000150753	reverse_order: hybrid	10GB	85%	FusionSeeker
3	positive	ENSG00000221910:ENSG00000102312	reverse_order:truncated_tri_fusion	10GB	85%	FusionSeeker
10	positive	ENSG00000179523:ENSG00000235519	truncated_tri_fusion	10GB	85%	FusionSeeker
3	positive	ENSG00000285220:ENSG00000141577	false_fusion	10GB	85%	FusionSeeker
2	positive	ENSG00000285629:ENSG00000241081	false_fusion	10GB	85%	FusionSeeker
3	positive	ENSG00000287921:ENSG00000183780	false_fusion:Sense-Antisense	10GB	85%	FusionSeeker
2	positive	ENSG00000260850:ENSG00000177138	truncated_tri_fusion	10GB	85%	FusionSeeker
9	positive	ENSG00000135241:ENSG00000225612	intra_chromosome	10GB	85%	FusionSeeker
4	positive	ENSG00000105889:ENSG00000075303	intra_chromosome	10GB	85%	FusionSeeker
6	positive	ENSG00000137807:ENSG00000173166	reverse_order: hybrid	10GB	85%	FusionSeeker
2	positive	ENSG00000285851:ENSG00000231064	false_fusion	10GB	85%	FusionSeeker
2	positive	ENSG00000223745:ENSG00000228696	false_fusion	10GB	85%	FusionSeeker
2	positive	ENSG00000268416:ENSG00000137251	reverse_order:truncated_tri_fusion	10GB	85%	FusionSeeker
3	positive	ENSG00000197584:ENSG00000237978	false_fusion	10GB	85%	FusionSeeker
2	positive	ENSG00000167900:ENSG00000229195	false_fusion	10GB	85%	FusionSeeker
3	positive	ENSG00000243243:ENSG00000105971	false_fusion:Sense-Antisense	10GB	85%	FusionSeeker
2	positive	ENSG00000134058:ENSG00000176970	truncated_tri_fusion	10GB	85%	FusionSeeker
12	positive	ENSG00000206129:ENSG00000115355	false_fusion	10GB	85%	FusionSeeker
5	positive	ENSG00000161091:ENSG00000171863	false_fusion	10GB	85%	FusionSeeker
2	positive	ENSG00000130255:ENSG00000042062	false_fusion	10GB	85%	FusionSeeker
2	positive	ENSG00000152234:ENSG00000227682	false_fusion	10GB	85%	FusionSeeker
4	positive	ENSG00000144724:ENSG00000109182	false_fusion	10GB	85%	FusionSeeker
2	positive	ENSG00000115947:ENSG00000204406	false_fusion	10GB	85%	FusionSeeker
8	positive	ENSG00000278177:ENSG00000183098	false_fusion:Sense-Antisense	10GB	85%	FusionSeeker
2	positive	ENSG00000273259:ENSG00000087086	false_fusion	10GB	85%	FusionSeeker
4	positive	ENSG00000176343:ENSG00000197756	false_fusion	10GB	85%	FusionSeeker
6	positive	ENSG00000059915:ENSG00000107874	false_fusion	10GB	85%	FusionSeeker
3	positive	ENSG00000227372:ENSG00000117523	reverse_order: intra_chromosome	10GB	85%	FusionSeeker
4	positive	ENSG00000187720:ENSG00000003393	truncated_tri_fusion	10GB	85%	FusionSeeker
2	positive	ENSG00000120437:ENSG00000120438	false_fusion	10GB	85%	FusionSeeker
2	positive	ENSG00000286622:ENSG00000175806	false_fusion:Sense-Antisense	10GB	85%	FusionSeeker
2	positive	ENSG00000164733:ENSG00000228373	reverse_order: hybrid	10GB	85%	FusionSeeker
8	positive	ENSG00000033122:ENSG00000228784	false_fusion	10GB	85%	FusionSeeker
4	positive	ENSG00000066557:ENSG00000228784	truncated_tri_fusion	10GB	85%	FusionSeeker
10	positive	ENSG00000033122:ENSG00000066557	false_fusion	10GB	85%	FusionSeeker
5	positive	ENSG00000104957:ENSG00000104518	hybrid	10GB	85%	FusionSeeker
2	positive	ENSG00000223768:ENSG00000077684	reverse_order: hybrid	10GB	85%	FusionSeeker
2	positive	ENSG00000182871:ENSG00000109339	false_fusion	10GB	85%	FusionSeeker
2	positive	ENSG00000145216:ENSG00000134853	false_fusion	10GB	85%	FusionSeeker
3	positive	ENSG00000141499:ENSG00000285565	reverse_order: hybrid	10GB	85%	FusionSeeker
2	positive	ENSG00000171735:ENSG00000144815	reverse_order:truncated_tri_fusion	10GB	85%	FusionSeeker
2	positive	ENSG00000140853:ENSG00000198677	reverse_order:truncated_tri_fusion	10GB	85%	FusionSeeker
3	positive	ENSG00000105372:ENSG00000214612	false_fusion	10GB	85%	FusionSeeker
4	positive	ENSG00000182621:ENSG00000124155	intra_chromosome	10GB	85%	FusionSeeker
2	positive	ENSG00000148604:ENSG00000100811	hybrid	10GB	85%	FusionSeeker
4	positive	ENSG00000197566:ENSG00000181523	reverse_order: intra_chromosome	10GB	85%	FusionSeeker
4	positive	ENSG00000237188:ENSG00000250166	false_fusion	10GB	85%	FusionSeeker
2	positive	ENSG00000291093:ENSG00000096746	intra_chromosome	10GB	85%	FusionSeeker
2	positive	ENSG00000187398:ENSG00000144642	false_fusion	10GB	85%	FusionSeeker
2	positive	ENSG00000182667:ENSG00000183715	false_fusion	10GB	85%	FusionSeeker
2	positive	ENSG00000197756:ENSG00000228360	false_fusion	10GB	85%	FusionSeeker
2	positive	ENSG00000281649:ENSG00000095261	reverse_order: intra_chromosome	10GB	85%	FusionSeeker
2	positive	ENSG00000143633:ENSG00000214097	reverse_order:truncated_tri_fusion	10GB	85%	FusionSeeker
2	positive	ENSG00000132122:ENSG00000179082	hybrid	10GB	85%	FusionSeeker
2	positive	ENSG00000180230:ENSG00000196531	false_fusion	10GB	85%	FusionSeeker
2	positive	ENSG00000113569:ENSG00000145675	intra_chromosome	10GB	85%	FusionSeeker
2	positive	ENSG00000113569:ENSG00000145675	intra_chromosome	10GB	85%	FusionSeeker
2	positive	ENSG00000283098:ENSG00000258661	false_fusion:Sense-Antisense	10GB	85%	FusionSeeker
2	positive	ENSG00000179915:ENSG00000231918	false_fusion:Sense-Antisense	10GB	85%	FusionSeeker
2	positive	ENSG00000237040:ENSG00000292327	false_fusion	10GB	85%	FusionSeeker
2	positive	ENSG00000089006:ENSG00000163749	false_fusion	10GB	85%	FusionSeeker
2	positive	ENSG00000171451:ENSG00000265533	false_fusion	10GB	85%	FusionSeeker
4	positive	ENSG00000247572:ENSG00000011275	reverse_order:truncated_tri_fusion	10GB	85%	FusionSeeker
5	positive	ENSG00000128815:ENSG00000247572	false_fusion	10GB	85%	FusionSeeker
5	positive	ENSG00000119599:ENSG00000130255	false_fusion	10GB	85%	FusionSeeker
2	positive	ENSG00000206384:ENSG00000196455	read_through	10GB	85%	FusionSeeker
2	positive	ENSG00000069329:ENSG00000253327	hybrid	10GB	85%	FusionSeeker
2	positive	ENSG00000111596:ENSG00000111727	reverse_order: intra_chromosome	10GB	85%	FusionSeeker
4	positive	ENSG00000143198:ENSG00000167881	truncated_tri_fusion	10GB	85%	FusionSeeker
2	positive	ENSG00000174306:ENSG00000155307	truncated_tri_fusion	10GB	85%	FusionSeeker
2	positive	ENSG00000149273:ENSG00000198673	false_fusion	10GB	85%	FusionSeeker
2	positive	ENSG00000139278:ENSG00000130414	false_fusion	10GB	85%	FusionSeeker
2	positive	ENSG00000069329:ENSG00000164754	false_fusion	10GB	85%	FusionSeeker
2	positive	ENSG00000253917:ENSG00000205444	false_fusion	10GB	85%	FusionSeeker
2	positive	ENSG00000235605:ENSG00000115268	false_fusion	10GB	85%	FusionSeeker
4	positive	ENSG00000157916:ENSG00000205835	hybrid	10GB	85%	FusionSeeker
2	positive	ENSG00000033122:ENSG00000164924	false_fusion	10GB	85%	FusionSeeker
2	positive	ENSG00000159147:ENSG00000249209	false_fusion	10GB	85%	FusionSeeker
2	positive	ENSG00000180304:ENSG00000105856	hybrid	10GB	85%	FusionSeeker
2	positive	ENSG00000118507:ENSG00000290067	false_fusion:Sense-Antisense	10GB	85%	FusionSeeker
10	positive	ENSG00000179523:ENSG00000235519	truncated_tri_fusion	10GB	90%	FusionSeeker
9	positive	ENSG00000282917:ENSG00000170448	false_fusion:Sense-Antisense	10GB	90%	FusionSeeker
6	positive	ENSG00000282917:ENSG00000170448	false_fusion:Sense-Antisense	10GB	90%	FusionSeeker
9	positive	ENSG00000003393:ENSG00000282917	false_fusion	10GB	90%	FusionSeeker
6	positive	ENSG00000003393:ENSG00000170448	reverse_order:truncated_tri_fusion	10GB	90%	FusionSeeker
5	positive	ENSG00000234224:ENSG00000242593	false_fusion:Sense-Antisense	10GB	90%	FusionSeeker
3	positive	ENSG00000143740:ENSG00000167257	false_fusion	10GB	90%	FusionSeeker
2	positive	ENSG00000137807:ENSG00000173166	reverse_order: hybrid	10GB	90%	FusionSeeker
58	positive	ENSG00000285216:ENSG00000285219	false_fusion	10GB	90%	FusionSeeker
36	positive	ENSG00000285216:ENSG00000285219	false_fusion	10GB	90%	FusionSeeker
21	positive	ENSG00000285216:ENSG00000285219	false_fusion	10GB	90%	FusionSeeker
22	positive	ENSG00000285216:ENSG00000285219	false_fusion	10GB	90%	FusionSeeker
12	positive	ENSG00000285216:ENSG00000285219	false_fusion	10GB	90%	FusionSeeker
7	positive	ENSG00000285216:ENSG00000285219	false_fusion	10GB	90%	FusionSeeker
6	positive	ENSG00000285216:ENSG00000285219	false_fusion	10GB	90%	FusionSeeker
7	positive	ENSG00000285216:ENSG00000285219	false_fusion	10GB	90%	FusionSeeker
4	positive	ENSG00000285216:ENSG00000285219	false_fusion	10GB	90%	FusionSeeker
4	positive	ENSG00000285216:ENSG00000285219	false_fusion	10GB	90%	FusionSeeker
4	positive	ENSG00000285216:ENSG00000285219	false_fusion	10GB	90%	FusionSeeker
2	positive	ENSG00000285216:ENSG00000285219	false_fusion	10GB	90%	FusionSeeker
2	positive	ENSG00000285216:ENSG00000285219	false_fusion	10GB	90%	FusionSeeker
2	positive	ENSG00000285216:ENSG00000285219	false_fusion	10GB	90%	FusionSeeker
2	positive	ENSG00000285216:ENSG00000285219	false_fusion	10GB	90%	FusionSeeker
4	positive	ENSG00000182667:ENSG00000183715	false_fusion	10GB	90%	FusionSeeker
3	positive	ENSG00000182667:ENSG00000183715	false_fusion	10GB	90%	FusionSeeker
5	positive	ENSG00000149564:ENSG00000182993	false_fusion	10GB	90%	FusionSeeker
2	positive	ENSG00000286147:ENSG00000155011	false_fusion:Sense-Antisense	10GB	90%	FusionSeeker
10	positive	ENSG00000249797:ENSG00000250891	false_fusion	10GB	90%	FusionSeeker
6	positive	ENSG00000249797:ENSG00000250891	false_fusion	10GB	90%	FusionSeeker
4	positive	ENSG00000249797:ENSG00000250891	false_fusion	10GB	90%	FusionSeeker
4	positive	ENSG00000249797:ENSG00000250891	false_fusion	10GB	90%	FusionSeeker
3	positive	ENSG00000249797:ENSG00000250891	false_fusion	10GB	90%	FusionSeeker
8	positive	ENSG00000181927:ENSG00000123191	false_fusion	10GB	90%	FusionSeeker
2	positive	ENSG00000144668:ENSG00000235257	false_fusion	10GB	90%	FusionSeeker
5	positive	ENSG00000132122:ENSG00000179082	hybrid	10GB	90%	FusionSeeker
5	positive	ENSG00000166348:ENSG00000165868	intra_chromosome	10GB	90%	FusionSeeker
22	positive	ENSG00000141376:ENSG00000267131	false_fusion:Sense-Antisense	10GB	90%	FusionSeeker
10	positive	ENSG00000260971:ENSG00000284686	false_fusion	10GB	90%	FusionSeeker
5	positive	ENSG00000260971:ENSG00000284686	false_fusion	10GB	90%	FusionSeeker
3	positive	ENSG00000151812:ENSG00000253816	false_fusion	10GB	90%	FusionSeeker
3	positive	ENSG00000151812:ENSG00000253816	false_fusion	10GB	90%	FusionSeeker
3	positive	ENSG00000151812:ENSG00000253816	false_fusion	10GB	90%	FusionSeeker
3	positive	ENSG00000151812:ENSG00000253816	false_fusion	10GB	90%	FusionSeeker
2	positive	ENSG00000253816:ENSG00000290474	false_fusion	10GB	90%	FusionSeeker
2	positive	ENSG00000151812:ENSG00000290474	false_fusion	10GB	90%	FusionSeeker
2	positive	ENSG00000151812:ENSG00000290474	false_fusion	10GB	90%	FusionSeeker
2	positive	ENSG00000151812:ENSG00000290474	false_fusion	10GB	90%	FusionSeeker
2	positive	ENSG00000151812:ENSG00000290474	false_fusion	10GB	90%	FusionSeeker
23	positive	ENSG00000226711:ENSG00000119314	reverse_order: hybrid	10GB	90%	FusionSeeker
3	positive	ENSG00000151694:ENSG00000185798	truncated_tri_fusion	10GB	90%	FusionSeeker
33	positive	ENSG00000227028:ENSG00000183023	false_fusion	10GB	90%	FusionSeeker
32	positive	ENSG00000247416:ENSG00000149294	false_fusion:Sense-Antisense	10GB	90%	FusionSeeker
4	positive	ENSG00000247416:ENSG00000149294	false_fusion:Sense-Antisense	10GB	90%	FusionSeeker
2	positive	ENSG00000247416:ENSG00000149294	false_fusion:Sense-Antisense	10GB	90%	FusionSeeker
3	positive	ENSG00000221947:ENSG00000285579	false_fusion	10GB	90%	FusionSeeker
2	positive	ENSG00000151812:ENSG00000100744	truncated_tri_fusion	10GB	90%	FusionSeeker
2	positive	ENSG00000151812:ENSG00000100744	truncated_tri_fusion	10GB	90%	FusionSeeker
2	positive	ENSG00000151812:ENSG00000100744	truncated_tri_fusion	10GB	90%	FusionSeeker
2	positive	ENSG00000151812:ENSG00000100744	truncated_tri_fusion	10GB	90%	FusionSeeker
6	positive	ENSG00000258483:ENSG00000259199	false_fusion:Sense-Antisense	10GB	90%	FusionSeeker
5	positive	ENSG00000266602:ENSG00000263745	false_fusion:Sense-Antisense	10GB	90%	FusionSeeker
5	positive	ENSG00000213983:ENSG00000126777	intra_chromosome	10GB	90%	FusionSeeker
3	positive	ENSG00000166851:ENSG00000091651	truncated_tri_fusion	10GB	90%	FusionSeeker
5	positive	ENSG00000166851:ENSG00000169814	false_fusion	10GB	90%	FusionSeeker
3	positive	ENSG00000091651:ENSG00000169814	false_fusion	10GB	90%	FusionSeeker
3	positive	ENSG00000248049:ENSG00000198092	false_fusion	10GB	90%	FusionSeeker
2	positive	ENSG00000108684:ENSG00000263571	false_fusion:Sense-Antisense	10GB	90%	FusionSeeker
21	positive	ENSG00000285971:ENSG00000185942	false_fusion:Sense-Antisense	10GB	90%	FusionSeeker
11	positive	ENSG00000206129:ENSG00000115355	false_fusion	10GB	90%	FusionSeeker
6	positive	ENSG00000003393:ENSG00000145916	truncated_tri_fusion	10GB	90%	FusionSeeker
2	positive	ENSG00000003393:ENSG00000145916	truncated_tri_fusion	10GB	90%	FusionSeeker
5	positive	ENSG00000161082:ENSG00000104907	false_fusion	10GB	90%	FusionSeeker
4	positive	ENSG00000278916:ENSG00000161082	false_fusion	10GB	90%	FusionSeeker
6	positive	ENSG00000278916:ENSG00000104907	reverse_order:truncated_tri_fusion	10GB	90%	FusionSeeker
3	positive	ENSG00000139287:ENSG00000072657	false_fusion	10GB	90%	FusionSeeker
3	positive	ENSG00000120784:ENSG00000083097	false_fusion	10GB	90%	FusionSeeker
6	positive	ENSG00000166145:ENSG00000171766	reverse_order: intra_chromosome	10GB	90%	FusionSeeker
13	positive	ENSG00000187398:ENSG00000283563	false_fusion	10GB	90%	FusionSeeker
2	positive	ENSG00000233642:ENSG00000151025	false_fusion	10GB	90%	FusionSeeker
3	positive	ENSG00000151322:ENSG00000163749	false_fusion	10GB	90%	FusionSeeker
5	positive	ENSG00000151322:ENSG00000163749	false_fusion	10GB	90%	FusionSeeker
2	positive	ENSG00000151322:ENSG00000163749	false_fusion	10GB	90%	FusionSeeker
12	positive	ENSG00000260364:ENSG00000261742	false_fusion:Sense-Antisense	10GB	90%	FusionSeeker
6	positive	ENSG00000081985:ENSG00000184619	truncated_tri_fusion	10GB	90%	FusionSeeker
2	positive	ENSG00000143228:ENSG00000196586	reverse_order:truncated_tri_fusion	10GB	90%	FusionSeeker
5	positive	ENSG00000106066:ENSG00000106069	false_fusion	10GB	90%	FusionSeeker
2	positive	ENSG00000106066:ENSG00000106069	false_fusion	10GB	90%	FusionSeeker
3	positive	ENSG00000148604:ENSG00000100811	hybrid	10GB	90%	FusionSeeker
6	positive	ENSG00000128815:ENSG00000011275	false_fusion	10GB	90%	FusionSeeker
2	positive	ENSG00000234129:ENSG00000101966	intra_chromosome	10GB	90%	FusionSeeker
2	positive	ENSG00000172977:ENSG00000172922	false_fusion	10GB	90%	FusionSeeker
4	positive	ENSG00000140853:ENSG00000198677	reverse_order:truncated_tri_fusion	10GB	90%	FusionSeeker
2	positive	ENSG00000270959:ENSG00000145012	false_fusion	10GB	90%	FusionSeeker
22	positive	ENSG00000283228:ENSG00000182389	false_fusion	10GB	90%	FusionSeeker
3	positive	ENSG00000197976:ENSG00000169084	false_fusion	10GB	90%	FusionSeeker
4	positive	ENSG00000095303:ENSG00000233616	read_through	10GB	90%	FusionSeeker
13	positive	ENSG00000033122:ENSG00000164924	false_fusion	10GB	90%	FusionSeeker
5	positive	ENSG00000033122:ENSG00000164924	false_fusion	10GB	90%	FusionSeeker
4	positive	ENSG00000227372:ENSG00000117523	reverse_order: intra_chromosome	10GB	90%	FusionSeeker
8	positive	ENSG00000136444:ENSG00000020256	reverse_order: hybrid	10GB	90%	FusionSeeker
4	positive	ENSG00000106829:ENSG00000173077	false_fusion	10GB	90%	FusionSeeker
2	positive	ENSG00000103415:ENSG00000103160	intra_chromosome	10GB	90%	FusionSeeker
2	positive	ENSG00000237461:ENSG00000255145	false_fusion	10GB	90%	FusionSeeker
2	positive	ENSG00000131037:ENSG00000125503	read_through	10GB	90%	FusionSeeker
8	positive	ENSG00000152223:ENSG00000152229	read_through	10GB	90%	FusionSeeker
2	positive	ENSG00000198242:ENSG00000240567	false_fusion	10GB	90%	FusionSeeker
13	positive	ENSG00000187391:ENSG00000234456	false_fusion	10GB	90%	FusionSeeker
3	positive	ENSG00000283098:ENSG00000258661	false_fusion:Sense-Antisense	10GB	90%	FusionSeeker
10	positive	ENSG00000223745:ENSG00000228696	false_fusion	10GB	90%	FusionSeeker
2	positive	ENSG00000048740:ENSG00000235939	false_fusion	10GB	90%	FusionSeeker
7	positive	ENSG00000108312:ENSG00000260793	read_through	10GB	90%	FusionSeeker
3	positive	ENSG00000136160:ENSG00000234377	false_fusion	10GB	90%	FusionSeeker
2	positive	ENSG00000292343:ENSG00000292338	false_fusion	10GB	90%	FusionSeeker
6	positive	ENSG00000167522:ENSG00000278847	false_fusion	10GB	90%	FusionSeeker
5	positive	ENSG00000260706:ENSG00000259867	false_fusion:Sense-Antisense	10GB	90%	FusionSeeker
2	positive	ENSG00000260706:ENSG00000259867	false_fusion:Sense-Antisense	10GB	90%	FusionSeeker
2	positive	ENSG00000257842:ENSG00000258081	false_fusion	10GB	90%	FusionSeeker
8	positive	ENSG00000254394:ENSG00000249859	false_fusion	10GB	90%	FusionSeeker
5	positive	ENSG00000237558:ENSG00000291031	intra_chromosome	10GB	90%	FusionSeeker
4	positive	ENSG00000225510:ENSG00000102471	intra_chromosome	10GB	90%	FusionSeeker
2	positive	ENSG00000180287:ENSG00000290439	false_fusion	10GB	90%	FusionSeeker
6	positive	ENSG00000246273:ENSG00000134802	reverse_order: intra_chromosome	10GB	90%	FusionSeeker
4	positive	ENSG00000081985:ENSG00000164756	reverse_order:truncated_tri_fusion	10GB	90%	FusionSeeker
3	positive	ENSG00000184619:ENSG00000164756	reverse_order:truncated_tri_fusion	10GB	90%	FusionSeeker
5	positive	ENSG00000071909:ENSG00000188312	false_fusion	10GB	90%	FusionSeeker
7	positive	ENSG00000102174:ENSG00000289084	false_fusion:Sense-Antisense	10GB	90%	FusionSeeker
4	positive	ENSG00000134058:ENSG00000176970	truncated_tri_fusion	10GB	90%	FusionSeeker
4	positive	ENSG00000181786:ENSG00000132170	reverse_order:truncated_tri_fusion	10GB	90%	FusionSeeker
13	positive	ENSG00000108094:ENSG00000085788	hybrid	10GB	90%	FusionSeeker
11	positive	ENSG00000271763:ENSG00000185442	false_fusion:Sense-Antisense	10GB	90%	FusionSeeker
6	positive	ENSG00000125898:ENSG00000234948	intra_chromosome	10GB	90%	FusionSeeker
3	positive	ENSG00000174306:ENSG00000155307	truncated_tri_fusion	10GB	90%	FusionSeeker
2	positive	ENSG00000174306:ENSG00000171109	reverse_order:truncated_tri_fusion	10GB	90%	FusionSeeker
2	positive	ENSG00000155307:ENSG00000171109	reverse_order:truncated_tri_fusion	10GB	90%	FusionSeeker
3	positive	ENSG00000285844:ENSG00000185760	false_fusion	10GB	90%	FusionSeeker
2	positive	ENSG00000285844:ENSG00000185760	false_fusion	10GB	90%	FusionSeeker
6	positive	ENSG00000128815:ENSG00000247572	false_fusion	10GB	90%	FusionSeeker
8	positive	ENSG00000138185:ENSG00000226688	false_fusion	10GB	90%	FusionSeeker
2	positive	ENSG00000139278:ENSG00000108641	false_fusion	10GB	90%	FusionSeeker
2	positive	ENSG00000136504:ENSG00000277586	truncated_tri_fusion	10GB	90%	FusionSeeker
4	positive	ENSG00000173113:ENSG00000260983	false_fusion	10GB	90%	FusionSeeker
3	positive	ENSG00000285053:ENSG00000198551	truncated_tri_fusion	10GB	90%	FusionSeeker
11	positive	ENSG00000281649:ENSG00000095261	reverse_order: intra_chromosome	10GB	90%	FusionSeeker
2	positive	ENSG00000036672:ENSG00000259520	false_fusion	10GB	90%	FusionSeeker
3	positive	ENSG00000036672:ENSG00000140459	false_fusion	10GB	90%	FusionSeeker
3	positive	ENSG00000135269:ENSG00000237813	false_fusion:Sense-Antisense	10GB	90%	FusionSeeker
15	positive	ENSG00000237188:ENSG00000250166	false_fusion	10GB	90%	FusionSeeker
3	positive	ENSG00000172270:ENSG00000095066	reverse_order: intra_chromosome	10GB	90%	FusionSeeker
5	positive	ENSG00000285212:ENSG00000198221	false_fusion:Sense-Antisense	10GB	90%	FusionSeeker
2	positive	ENSG00000261739:ENSG00000188626	false_fusion	10GB	90%	FusionSeeker
4	positive	ENSG00000244754:ENSG00000233124	intra_chromosome	10GB	90%	FusionSeeker
4	positive	ENSG00000137449:ENSG00000249252	false_fusion	10GB	90%	FusionSeeker
4	positive	ENSG00000178464:ENSG00000147403	false_fusion	10GB	90%	FusionSeeker
2	positive	ENSG00000105372:ENSG00000283515	false_fusion	10GB	90%	FusionSeeker
4	positive	ENSG00000105372:ENSG00000214078	truncated_tri_fusion	10GB	90%	FusionSeeker
8	positive	ENSG00000283515:ENSG00000214078	false_fusion	10GB	90%	FusionSeeker
2	positive	ENSG00000169946:ENSG00000251003	false_fusion	10GB	90%	FusionSeeker
6	positive	ENSG00000231252:ENSG00000162599	false_fusion:Sense-Antisense	10GB	90%	FusionSeeker
3	positive	ENSG00000100211:ENSG00000204659	false_fusion	10GB	90%	FusionSeeker
12	positive	ENSG00000185442:ENSG00000118960	false_fusion	10GB	90%	FusionSeeker
2	positive	ENSG00000185442:ENSG00000118960	false_fusion	10GB	90%	FusionSeeker
3	positive	ENSG00000114638:ENSG00000121578	read_through	10GB	90%	FusionSeeker
3	positive	ENSG00000120437:ENSG00000120438	false_fusion	10GB	90%	FusionSeeker
6	positive	ENSG00000033122:ENSG00000066557	false_fusion	10GB	90%	FusionSeeker
2	positive	ENSG00000033122:ENSG00000228784	false_fusion	10GB	90%	FusionSeeker
2	positive	ENSG00000033122:ENSG00000228784	false_fusion	10GB	90%	FusionSeeker
4	positive	ENSG00000287921:ENSG00000183780	false_fusion:Sense-Antisense	10GB	90%	FusionSeeker
3	positive	ENSG00000130962:ENSG00000156298	false_fusion	10GB	90%	FusionSeeker
2	positive	ENSG00000104714:ENSG00000198010	false_fusion	10GB	90%	FusionSeeker
4	positive	ENSG00000204929:ENSG00000144868	false_fusion	10GB	90%	FusionSeeker
3	positive	ENSG00000124523:ENSG00000124486	truncated_tri_fusion	10GB	90%	FusionSeeker
2	positive	ENSG00000225484:ENSG00000167258	false_fusion	10GB	90%	FusionSeeker
2	positive	ENSG00000188227:ENSG00000197265	reverse_order:truncated_tri_fusion	10GB	90%	FusionSeeker
6	positive	ENSG00000141499:ENSG00000291134	reverse_order: hybrid	10GB	90%	FusionSeeker
2	positive	ENSG00000047936:ENSG00000282218	false_fusion	10GB	90%	FusionSeeker
2	positive	ENSG00000162302:ENSG00000196549	reverse_order:truncated_tri_fusion	10GB	90%	FusionSeeker
6	positive	ENSG00000230590:ENSG00000273974	false_fusion:Sense-Antisense	10GB	90%	FusionSeeker
2	positive	ENSG00000103043:ENSG00000080822	truncated_tri_fusion	10GB	90%	FusionSeeker
6	positive	ENSG00000082805:ENSG00000145907	reverse_order:truncated_tri_fusion	10GB	90%	FusionSeeker
2	positive	ENSG00000082805:ENSG00000145907	reverse_order:truncated_tri_fusion	10GB	90%	FusionSeeker
2	positive	ENSG00000283294:ENSG00000224367	intra_chromosome	10GB	90%	FusionSeeker
2	positive	ENSG00000264860:ENSG00000150753	reverse_order: hybrid	10GB	90%	FusionSeeker
4	positive	ENSG00000171988:ENSG00000066427	false_fusion	10GB	90%	FusionSeeker
2	positive	ENSG00000260781:ENSG00000275832	false_fusion	10GB	90%	FusionSeeker
10	positive	ENSG00000122406:ENSG00000117598	false_fusion	10GB	90%	FusionSeeker
6	positive	ENSG00000269692:ENSG00000273994	read_through	10GB	90%	FusionSeeker
11	positive	ENSG00000062485:ENSG00000134326	reverse_order:truncated_tri_fusion	10GB	90%	FusionSeeker
2	positive	ENSG00000085871:ENSG00000196782	false_fusion	10GB	90%	FusionSeeker
3	positive	ENSG00000168591:ENSG00000114923	truncated_tri_fusion	10GB	90%	FusionSeeker
3	positive	ENSG00000145216:ENSG00000134853	false_fusion	10GB	90%	FusionSeeker
6	positive	ENSG00000096070:ENSG00000130396	reverse_order:truncated_tri_fusion	10GB	90%	FusionSeeker
2	positive	ENSG00000143891:ENSG00000132300	intra_chromosome	10GB	90%	FusionSeeker
3	positive	ENSG00000197302:ENSG00000260737	reverse_order: intra_chromosome	10GB	90%	FusionSeeker
6	positive	ENSG00000162882:ENSG00000288886	read_through	10GB	90%	FusionSeeker
2	positive	ENSG00000237250:ENSG00000110002	reverse_order: hybrid	10GB	90%	FusionSeeker
2	positive	ENSG00000087086:ENSG00000211459	false_fusion:mitochondrial_genomic	10GB	90%	FusionSeeker
4	positive	ENSG00000102898:ENSG00000266954	false_fusion	10GB	90%	FusionSeeker
4	positive	ENSG00000260840:ENSG00000148308	reverse_order:truncated_tri_fusion	10GB	90%	FusionSeeker
6	positive	ENSG00000187720:ENSG00000003393	truncated_tri_fusion	10GB	90%	FusionSeeker
14	positive	ENSG00000069329:ENSG00000077782	truncated_tri_fusion	10GB	90%	FusionSeeker
4	positive	ENSG00000248538:ENSG00000134020	reverse_order: intra_chromosome	10GB	90%	FusionSeeker
11	positive	ENSG00000147434:ENSG00000164953	intra_chromosome	10GB	90%	FusionSeeker
2	positive	ENSG00000177058:ENSG00000118412	truncated_tri_fusion	10GB	90%	FusionSeeker
4	positive	ENSG00000286749:ENSG00000249484	false_fusion:Sense-Antisense	10GB	90%	FusionSeeker
2	positive	ENSG00000139350:ENSG00000234456	reverse_order:truncated_tri_fusion	10GB	90%	FusionSeeker
2	positive	ENSG00000186468:ENSG00000230629	false_fusion	10GB	90%	FusionSeeker
3	positive	ENSG00000129159:ENSG00000129158	false_fusion	10GB	90%	FusionSeeker
3	positive	ENSG00000187398:ENSG00000144642	false_fusion	10GB	90%	FusionSeeker
6	positive	ENSG00000235665:ENSG00000236790	false_fusion	10GB	90%	FusionSeeker
5	positive	ENSG00000011009:ENSG00000278249	false_fusion	10GB	90%	FusionSeeker
2	positive	ENSG00000258830:ENSG00000241168	false_fusion	10GB	90%	FusionSeeker
10	positive	ENSG00000267128:ENSG00000141576	false_fusion	10GB	90%	FusionSeeker
5	positive	ENSG00000267128:ENSG00000141576	false_fusion	10GB	90%	FusionSeeker
2	positive	ENSG00000168591:ENSG00000255872	false_fusion	10GB	90%	FusionSeeker
3	positive	ENSG00000223786:ENSG00000272243	false_fusion:Sense-Antisense	10GB	90%	FusionSeeker
11	positive	ENSG00000168676:ENSG00000198677	truncated_tri_fusion	10GB	90%	FusionSeeker
3	positive	ENSG00000142627:ENSG00000176746	truncated_tri_fusion	10GB	90%	FusionSeeker
3	positive	ENSG00000009830:ENSG00000087258	hybrid	10GB	90%	FusionSeeker
4	positive	ENSG00000128918:ENSG00000166035	false_fusion	10GB	90%	FusionSeeker
3	positive	ENSG00000128918:ENSG00000166035	false_fusion	10GB	90%	FusionSeeker
3	positive	ENSG00000145808:ENSG00000251680	false_fusion:Sense-Antisense	10GB	90%	FusionSeeker
3	positive	ENSG00000285082:ENSG00000284977	false_fusion	10GB	90%	FusionSeeker
2	positive	ENSG00000233928:ENSG00000233571	false_fusion:Sense-Antisense	10GB	90%	FusionSeeker
2	positive	ENSG00000188580:ENSG00000236548	false_fusion	10GB	90%	FusionSeeker
2	positive	ENSG00000188580:ENSG00000236548	false_fusion	10GB	90%	FusionSeeker
3	positive	ENSG00000084623:ENSG00000256422	reverse_order:truncated_tri_fusion	10GB	90%	FusionSeeker
5	positive	ENSG00000256422:ENSG00000177731	reverse_order:truncated_tri_fusion	10GB	90%	FusionSeeker
15	positive	ENSG00000285550:ENSG00000267337	false_fusion:Sense-Antisense	10GB	90%	FusionSeeker
4	positive	ENSG00000285550:ENSG00000267337	false_fusion:Sense-Antisense	10GB	90%	FusionSeeker
5	positive	ENSG00000075975:ENSG00000132155	false_fusion	10GB	90%	FusionSeeker
5	positive	ENSG00000075975:ENSG00000132155	false_fusion	10GB	90%	FusionSeeker
2	positive	ENSG00000075975:ENSG00000132155	false_fusion	10GB	90%	FusionSeeker
3	positive	ENSG00000284962:ENSG00000230284	false_fusion	10GB	90%	FusionSeeker
2	positive	ENSG00000213942:ENSG00000071082	false_fusion	10GB	90%	FusionSeeker
2	positive	ENSG00000143633:ENSG00000214097	reverse_order:truncated_tri_fusion	10GB	90%	FusionSeeker
2	positive	ENSG00000143633:ENSG00000214097	reverse_order:truncated_tri_fusion	10GB	90%	FusionSeeker
2	positive	ENSG00000013297:ENSG00000285218	false_fusion	10GB	90%	FusionSeeker
3	positive	ENSG00000204929:ENSG00000198363	false_fusion	10GB	90%	FusionSeeker
2	positive	ENSG00000204929:ENSG00000198363	false_fusion	10GB	90%	FusionSeeker
2	positive	ENSG00000149657:ENSG00000101182	read_through	10GB	90%	FusionSeeker
3	positive	ENSG00000260840:ENSG00000093072	truncated_tri_fusion	10GB	90%	FusionSeeker
2	positive	ENSG00000117758:ENSG00000159176	intra_chromosome	10GB	90%	FusionSeeker
2	positive	ENSG00000049759:ENSG00000147573	reverse_order:truncated_tri_fusion	10GB	90%	FusionSeeker
2	positive	ENSG00000102780:ENSG00000088298	false_fusion	10GB	90%	FusionSeeker
5	positive	ENSG00000013503:ENSG00000257545	false_fusion:Sense-Antisense	10GB	90%	FusionSeeker
6	positive	ENSG00000159753:ENSG00000102977	false_fusion	10GB	90%	FusionSeeker
6	positive	ENSG00000159753:ENSG00000242366	false_fusion	10GB	90%	FusionSeeker
7	positive	ENSG00000102977:ENSG00000242366	false_fusion	10GB	90%	FusionSeeker
6	positive	ENSG00000286577:ENSG00000185261	false_fusion:Sense-Antisense	10GB	90%	FusionSeeker
2	positive	ENSG00000099810:ENSG00000264545	false_fusion	10GB	90%	FusionSeeker
3	positive	ENSG00000132003:ENSG00000078699	truncated_tri_fusion	10GB	90%	FusionSeeker
5	positive	ENSG00000173077:ENSG00000228714	false_fusion:Sense-Antisense	10GB	90%	FusionSeeker
4	positive	ENSG00000225127:ENSG00000013375	reverse_order: hybrid	10GB	90%	FusionSeeker
4	positive	ENSG00000090565:ENSG00000167207	intra_chromosome	10GB	90%	FusionSeeker
4	positive	ENSG00000204256:ENSG00000184634	hybrid	10GB	90%	FusionSeeker
3	positive	ENSG00000104957:ENSG00000104518	hybrid	10GB	90%	FusionSeeker
2	positive	ENSG00000115762:ENSG00000284604	false_fusion	10GB	90%	FusionSeeker
5	positive	ENSG00000283579:ENSG00000154040	false_fusion	10GB	90%	FusionSeeker
2	positive	ENSG00000146223:ENSG00000119899	reverse_order: intra_chromosome	10GB	90%	FusionSeeker
2	positive	ENSG00000146223:ENSG00000119899	reverse_order: intra_chromosome	10GB	90%	FusionSeeker
2	positive	ENSG00000146223:ENSG00000119899	reverse_order: intra_chromosome	10GB	90%	FusionSeeker
2	positive	ENSG00000276043:ENSG00000188321	reverse_order: intra_chromosome	10GB	90%	FusionSeeker
2	positive	ENSG00000285673:ENSG00000271955	false_fusion:Sense-Antisense	10GB	90%	FusionSeeker
3	positive	ENSG00000111145:ENSG00000124523	false_fusion	10GB	90%	FusionSeeker
3	positive	ENSG00000082641:ENSG00000144668	false_fusion	10GB	90%	FusionSeeker
9	positive	ENSG00000167900:ENSG00000229195	false_fusion	10GB	90%	FusionSeeker
6	positive	ENSG00000108604:ENSG00000240280	read_through	10GB	90%	FusionSeeker
8	positive	ENSG00000254979:ENSG00000285329	false_fusion	10GB	90%	FusionSeeker
2	positive	ENSG00000129515:ENSG00000105372	false_fusion	10GB	90%	FusionSeeker
2	positive	ENSG00000189167:ENSG00000132570	false_fusion	10GB	90%	FusionSeeker
7	positive	ENSG00000167419:ENSG00000005381	read_through	10GB	90%	FusionSeeker
6	positive	ENSG00000124787:ENSG00000188312	false_fusion	10GB	90%	FusionSeeker
3	positive	ENSG00000071909:ENSG00000124787	false_fusion	10GB	90%	FusionSeeker
7	positive	ENSG00000223768:ENSG00000077684	reverse_order: hybrid	10GB	90%	FusionSeeker
2	positive	ENSG00000167393:ENSG00000237040	chromosomal_misalignment:intra_chromosome	10GB	90%	FusionSeeker
5	positive	ENSG00000079387:ENSG00000167110	false_fusion	10GB	90%	FusionSeeker
3	positive	ENSG00000284906:ENSG00000147041	truncated_tri_fusion	10GB	90%	FusionSeeker
2	positive	ENSG00000153291:ENSG00000146282	reverse_order: intra_chromosome	10GB	90%	FusionSeeker
2	positive	ENSG00000153291:ENSG00000146282	reverse_order: intra_chromosome	10GB	90%	FusionSeeker
4	positive	ENSG00000277304:ENSG00000260781	false_fusion	10GB	90%	FusionSeeker
2	positive	ENSG00000277304:ENSG00000260851	false_fusion	10GB	90%	FusionSeeker
4	positive	ENSG00000260781:ENSG00000260851	false_fusion	10GB	90%	FusionSeeker
5	positive	ENSG00000224699:ENSG00000144815	false_fusion	10GB	90%	FusionSeeker
4	positive	ENSG00000236963:ENSG00000136014	truncated_tri_fusion	10GB	90%	FusionSeeker
4	positive	ENSG00000165629:ENSG00000148655	reverse_order: intra_chromosome	10GB	90%	FusionSeeker
2	positive	ENSG00000267128:ENSG00000197462	false_fusion	10GB	90%	FusionSeeker
3	positive	ENSG00000172977:ENSG00000145216	false_fusion	10GB	90%	FusionSeeker
3	positive	ENSG00000077380:ENSG00000135205	false_fusion	10GB	90%	FusionSeeker
6	positive	ENSG00000167524:ENSG00000285171	false_fusion	10GB	90%	FusionSeeker
4	positive	ENSG00000223631:ENSG00000284659	read_through	10GB	90%	FusionSeeker
4	positive	ENSG00000215124:ENSG00000225102	read_through	10GB	90%	FusionSeeker
2	positive	ENSG00000246859:ENSG00000134986	false_fusion	10GB	90%	FusionSeeker
2	positive	ENSG00000007372:ENSG00000285283	false_fusion:Sense-Antisense	10GB	90%	FusionSeeker
12	positive	ENSG00000066322:ENSG00000175334	reverse_order:truncated_tri_fusion	10GB	90%	FusionSeeker
6	positive	ENSG00000270820:ENSG00000106692	false_fusion	10GB	90%	FusionSeeker
6	positive	ENSG00000034053:ENSG00000077782	truncated_tri_fusion	10GB	90%	FusionSeeker
4	positive	ENSG00000034053:ENSG00000069329	reverse_order:truncated_tri_fusion	10GB	90%	FusionSeeker
2	positive	ENSG00000255330:ENSG00000184530	false_fusion	10GB	90%	FusionSeeker
4	positive	ENSG00000259905:ENSG00000286110	false_fusion	10GB	90%	FusionSeeker
2	positive	ENSG00000140853:ENSG00000141527	false_fusion	10GB	90%	FusionSeeker
3	positive	ENSG00000120896:ENSG00000221947	reverse_order: intra_chromosome	10GB	90%	FusionSeeker
3	positive	ENSG00000060339:ENSG00000228451	hybrid	10GB	90%	FusionSeeker
5	positive	ENSG00000138759:ENSG00000104490	truncated_tri_fusion	10GB	90%	FusionSeeker
8	positive	ENSG00000172339:ENSG00000071894	truncated_tri_fusion	10GB	90%	FusionSeeker
2	positive	ENSG00000109971:ENSG00000095209	hybrid	10GB	90%	FusionSeeker
4	positive	ENSG00000264569:ENSG00000169733	read_through	10GB	90%	FusionSeeker
2	positive	ENSG00000229586:ENSG00000225626	truncated_tri_fusion	10GB	90%	FusionSeeker
2	positive	ENSG00000231304:ENSG00000282987	false_fusion:Sense-Antisense	10GB	90%	FusionSeeker
2	positive	ENSG00000183476:ENSG00000145734	reverse_order:truncated_tri_fusion	10GB	90%	FusionSeeker
2	positive	ENSG00000183476:ENSG00000124782	false_fusion	10GB	90%	FusionSeeker
4	positive	ENSG00000197872:ENSG00000150722	intra_chromosome	10GB	90%	FusionSeeker
3	positive	ENSG00000288769:ENSG00000111907	hybrid	10GB	90%	FusionSeeker
2	positive	ENSG00000157954:ENSG00000291178	reverse_order: intra_chromosome	10GB	90%	FusionSeeker
5	positive	ENSG00000250167:ENSG00000145832	false_fusion	10GB	90%	FusionSeeker
4	positive	ENSG00000101384:ENSG00000270792	false_fusion:Sense-Antisense	10GB	90%	FusionSeeker
3	positive	ENSG00000185008:ENSG00000285741	false_fusion	10GB	90%	FusionSeeker
10	positive	ENSG00000059915:ENSG00000107874	false_fusion	10GB	90%	FusionSeeker
3	positive	ENSG00000255502:ENSG00000118960	truncated_tri_fusion	10GB	90%	FusionSeeker
6	positive	ENSG00000249209:ENSG00000142156	false_fusion	10GB	90%	FusionSeeker
3	positive	ENSG00000172575:ENSG00000228141	reverse_order: intra_chromosome	10GB	90%	FusionSeeker
2	positive	ENSG00000172575:ENSG00000228141	reverse_order: intra_chromosome	10GB	90%	FusionSeeker
4	positive	ENSG00000161091:ENSG00000171863	false_fusion	10GB	90%	FusionSeeker
6	positive	ENSG00000186487:ENSG00000138442	false_fusion	10GB	90%	FusionSeeker
2	positive	ENSG00000182871:ENSG00000173638	false_fusion	10GB	90%	FusionSeeker
2	positive	ENSG00000133121:ENSG00000235221	false_fusion	10GB	90%	FusionSeeker
2	positive	ENSG00000244265:ENSG00000239265	false_fusion	10GB	90%	FusionSeeker
2	positive	ENSG00000111231:ENSG00000071082	false_fusion	10GB	90%	FusionSeeker
2	positive	ENSG00000102290:ENSG00000099715	false_fusion	10GB	90%	FusionSeeker
2	positive	ENSG00000102290:ENSG00000099715	false_fusion	10GB	90%	FusionSeeker
3	positive	ENSG00000096070:ENSG00000104218	truncated_tri_fusion	10GB	90%	FusionSeeker
3	positive	ENSG00000285783:ENSG00000164162	false_fusion	10GB	90%	FusionSeeker
4	positive	ENSG00000249884:ENSG00000115652	false_fusion	10GB	90%	FusionSeeker
6	positive	ENSG00000248238:ENSG00000248515	false_fusion:Sense-Antisense	10GB	90%	FusionSeeker
9	positive	ENSG00000136297:ENSG00000106628	reverse_order: intra_chromosome	10GB	90%	FusionSeeker
3	positive	ENSG00000114779:ENSG00000260995	false_fusion	10GB	90%	FusionSeeker
6	positive	ENSG00000229606:ENSG00000289577	read_through	10GB	90%	FusionSeeker
4	positive	ENSG00000168280:ENSG00000144320	reverse_order: hybrid	10GB	90%	FusionSeeker
4	positive	ENSG00000291093:ENSG00000096746	intra_chromosome	10GB	90%	FusionSeeker
2	positive	ENSG00000141449:ENSG00000221887	false_fusion	10GB	90%	FusionSeeker
4	positive	ENSG00000167588:ENSG00000110887	intra_chromosome	10GB	90%	FusionSeeker
2	positive	ENSG00000250855:ENSG00000249815	false_fusion:Sense-Antisense	10GB	90%	FusionSeeker
3	positive	ENSG00000224924:ENSG00000159256	reverse_order: intra_chromosome	10GB	90%	FusionSeeker
21	positive	ENSG00000158987:ENSG00000145901	reverse_order: intra_chromosome	10GB	90%	FusionSeeker
7	positive	ENSG00000148362:ENSG00000169583	read_through	10GB	90%	FusionSeeker
4	positive	ENSG00000168288:ENSG00000231969	false_fusion	10GB	90%	FusionSeeker
3	positive	ENSG00000153093:ENSG00000172965	false_fusion	10GB	90%	FusionSeeker
3	positive	ENSG00000284776:ENSG00000188186	reverse_order: hybrid	10GB	90%	FusionSeeker
5	positive	ENSG00000182621:ENSG00000124155	intra_chromosome	10GB	90%	FusionSeeker
2	positive	ENSG00000164011:ENSG00000095066	false_fusion	10GB	90%	FusionSeeker
6	positive	ENSG00000128918:ENSG00000204661	false_fusion	10GB	90%	FusionSeeker
3	positive	ENSG00000164733:ENSG00000228373	reverse_order: hybrid	10GB	90%	FusionSeeker
3	positive	ENSG00000253917:ENSG00000205444	false_fusion	10GB	90%	FusionSeeker
5	positive	ENSG00000105339:ENSG00000022567	read_through	10GB	90%	FusionSeeker
8	positive	ENSG00000185442:ENSG00000128510	truncated_tri_fusion	10GB	90%	FusionSeeker
2	positive	ENSG00000256879:ENSG00000172572	false_fusion	10GB	90%	FusionSeeker
3	positive	ENSG00000271763:ENSG00000128510	false_fusion	10GB	90%	FusionSeeker
8	positive	ENSG00000163930:ENSG00000128510	reverse_order:truncated_tri_fusion	10GB	90%	FusionSeeker
3	positive	ENSG00000271763:ENSG00000163930	false_fusion	10GB	90%	FusionSeeker
9	positive	ENSG00000185442:ENSG00000163930	truncated_tri_fusion	10GB	90%	FusionSeeker
10	positive	ENSG00000095981:ENSG00000164627	read_through	10GB	90%	FusionSeeker
2	positive	ENSG00000088035:ENSG00000101003	reverse_order:truncated_tri_fusion	10GB	90%	FusionSeeker
5	positive	ENSG00000074219:ENSG00000236172	hybrid	10GB	90%	FusionSeeker
6	positive	ENSG00000166268:ENSG00000257815	false_fusion	10GB	90%	FusionSeeker
2	positive	ENSG00000254180:ENSG00000253394	false_fusion:Sense-Antisense	10GB	90%	FusionSeeker
2	positive	ENSG00000113494:ENSG00000198917	hybrid	10GB	90%	FusionSeeker
2	positive	ENSG00000087086:ENSG00000210082	false_fusion:mitochondrial_genomic	10GB	90%	FusionSeeker
2	positive	ENSG00000221910:ENSG00000102312	reverse_order:truncated_tri_fusion	10GB	90%	FusionSeeker
2	positive	ENSG00000196935:ENSG00000283625	hybrid	10GB	90%	FusionSeeker
2	positive	ENSG00000243243:ENSG00000105971	false_fusion:Sense-Antisense	10GB	90%	FusionSeeker
2	positive	ENSG00000176124:ENSG00000226961	reverse_order:truncated_tri_fusion	10GB	90%	FusionSeeker
10	positive	ENSG00000225676:ENSG00000136861	hybrid	10GB	90%	FusionSeeker
8	positive	ENSG00000135241:ENSG00000225612	intra_chromosome	10GB	90%	FusionSeeker
2	positive	ENSG00000219545:ENSG00000283549	false_fusion	10GB	90%	FusionSeeker
2	positive	ENSG00000074800:ENSG00000215472	false_fusion	10GB	90%	FusionSeeker
2	positive	ENSG00000133121:ENSG00000272274	false_fusion	10GB	90%	FusionSeeker
2	positive	ENSG00000088298:ENSG00000170231	reverse_order:truncated_tri_fusion	10GB	90%	FusionSeeker
6	positive	ENSG00000162302:ENSG00000137707	truncated_tri_fusion	10GB	90%	FusionSeeker
5	positive	ENSG00000135517:ENSG00000136014	reverse_order:truncated_tri_fusion	10GB	90%	FusionSeeker
3	positive	ENSG00000182796:ENSG00000135972	false_fusion	10GB	90%	FusionSeeker
4	positive	ENSG00000119535:ENSG00000145901	reverse_order: hybrid	10GB	90%	FusionSeeker
2	positive	ENSG00000166441:ENSG00000213121	false_fusion	10GB	90%	FusionSeeker
2	positive	ENSG00000198246:ENSG00000138698	reverse_order:truncated_tri_fusion	10GB	90%	FusionSeeker
4	positive	ENSG00000143198:ENSG00000167881	truncated_tri_fusion	10GB	90%	FusionSeeker
9	positive	ENSG00000174695:ENSG00000221886	reverse_order: intra_chromosome	10GB	90%	FusionSeeker
3	positive	ENSG00000125462:ENSG00000243789	reverse_order:truncated_tri_fusion	10GB	90%	FusionSeeker
2	positive	ENSG00000127481:ENSG00000253329	reverse_order:truncated_tri_fusion	10GB	90%	FusionSeeker
2	positive	ENSG00000069329:ENSG00000253327	hybrid	10GB	90%	FusionSeeker
2	positive	ENSG00000291100:ENSG00000132170	truncated_tri_fusion	10GB	90%	FusionSeeker
2	positive	ENSG00000285851:ENSG00000231064	false_fusion	10GB	90%	FusionSeeker
2	positive	ENSG00000095794:ENSG00000289039	reverse_order: intra_chromosome	10GB	90%	FusionSeeker
2	positive	ENSG00000258704:ENSG00000177138	reverse_order:truncated_tri_fusion	10GB	90%	FusionSeeker
2	positive	ENSG00000213619:ENSG00000109861	reverse_order: hybrid	10GB	90%	FusionSeeker
2	positive	ENSG00000267104:ENSG00000289809	false_fusion	10GB	90%	FusionSeeker
12	positive	ENSG00000285220:ENSG00000141577	false_fusion	10GB	90%	FusionSeeker
6	positive	ENSG00000235162:ENSG00000286520	read_through	10GB	90%	FusionSeeker
4	positive	ENSG00000214097:ENSG00000105819	reverse_order:truncated_tri_fusion	10GB	90%	FusionSeeker
2	positive	ENSG00000173638:ENSG00000109339	truncated_tri_fusion	10GB	90%	FusionSeeker
3	positive	ENSG00000236708:ENSG00000146555	false_fusion	10GB	90%	FusionSeeker
5	positive	ENSG00000149273:ENSG00000262898	hybrid	10GB	90%	FusionSeeker
2	positive	ENSG00000143198:ENSG00000196839	reverse_order:truncated_tri_fusion	10GB	90%	FusionSeeker
6	positive	ENSG00000197462:ENSG00000276418	false_fusion	10GB	90%	FusionSeeker
3	positive	ENSG00000228887:ENSG00000104529	false_fusion	10GB	90%	FusionSeeker
4	positive	ENSG00000268416:ENSG00000137251	reverse_order:truncated_tri_fusion	10GB	90%	FusionSeeker
3	positive	ENSG00000268416:ENSG00000163694	false_fusion	10GB	90%	FusionSeeker
3	positive	ENSG00000163694:ENSG00000137251	false_fusion	10GB	90%	FusionSeeker
5	positive	ENSG00000143633:ENSG00000105819	reverse_order:truncated_tri_fusion	10GB	90%	FusionSeeker
2	positive	ENSG00000198551:ENSG00000170144	truncated_tri_fusion	10GB	90%	FusionSeeker
3	positive	ENSG00000091164:ENSG00000091157	false_fusion	10GB	90%	FusionSeeker
2	positive	ENSG00000115947:ENSG00000204406	false_fusion	10GB	90%	FusionSeeker
2	positive	ENSG00000089157:ENSG00000231367	false_fusion	10GB	90%	FusionSeeker
2	positive	ENSG00000179915:ENSG00000231918	false_fusion:Sense-Antisense	10GB	90%	FusionSeeker
3	positive	ENSG00000291210:ENSG00000160957	false_fusion	10GB	90%	FusionSeeker
2	positive	ENSG00000255248:ENSG00000283154	false_fusion	10GB	90%	FusionSeeker
3	positive	ENSG00000165806:ENSG00000260995	reverse_order:truncated_tri_fusion	10GB	90%	FusionSeeker
2	positive	ENSG00000285076:ENSG00000230284	false_fusion	10GB	90%	FusionSeeker
2	positive	ENSG00000165632:ENSG00000167526	false_fusion	10GB	90%	FusionSeeker
10	positive	ENSG00000102174:ENSG00000289084	false_fusion:Sense-Antisense	10GB	95%	FusionSeeker
4	positive	ENSG00000102174:ENSG00000289084	false_fusion:Sense-Antisense	10GB	95%	FusionSeeker
48	positive	ENSG00000285216:ENSG00000285219	false_fusion	10GB	95%	FusionSeeker
43	positive	ENSG00000285216:ENSG00000285219	false_fusion	10GB	95%	FusionSeeker
31	positive	ENSG00000285216:ENSG00000285219	false_fusion	10GB	95%	FusionSeeker
25	positive	ENSG00000285216:ENSG00000285219	false_fusion	10GB	95%	FusionSeeker
18	positive	ENSG00000285216:ENSG00000285219	false_fusion	10GB	95%	FusionSeeker
10	positive	ENSG00000285216:ENSG00000285219	false_fusion	10GB	95%	FusionSeeker
9	positive	ENSG00000285216:ENSG00000285219	false_fusion	10GB	95%	FusionSeeker
8	positive	ENSG00000285216:ENSG00000285219	false_fusion	10GB	95%	FusionSeeker
5	positive	ENSG00000285216:ENSG00000285219	false_fusion	10GB	95%	FusionSeeker
5	positive	ENSG00000285216:ENSG00000285219	false_fusion	10GB	95%	FusionSeeker
9	positive	ENSG00000285216:ENSG00000285219	false_fusion	10GB	95%	FusionSeeker
3	positive	ENSG00000285216:ENSG00000285219	false_fusion	10GB	95%	FusionSeeker
3	positive	ENSG00000285216:ENSG00000285219	false_fusion	10GB	95%	FusionSeeker
3	positive	ENSG00000285216:ENSG00000285219	false_fusion	10GB	95%	FusionSeeker
2	positive	ENSG00000285216:ENSG00000285219	false_fusion	10GB	95%	FusionSeeker
2	positive	ENSG00000272461:ENSG00000127928	false_fusion	10GB	95%	FusionSeeker
17	positive	ENSG00000137807:ENSG00000173166	reverse_order: hybrid	10GB	95%	FusionSeeker
20	positive	ENSG00000247416:ENSG00000149294	false_fusion:Sense-Antisense	10GB	95%	FusionSeeker
6	positive	ENSG00000247416:ENSG00000149294	false_fusion:Sense-Antisense	10GB	95%	FusionSeeker
3	positive	ENSG00000247416:ENSG00000149294	false_fusion:Sense-Antisense	10GB	95%	FusionSeeker
2	positive	ENSG00000229586:ENSG00000225626	truncated_tri_fusion	10GB	95%	FusionSeeker
3	positive	ENSG00000101384:ENSG00000270792	false_fusion:Sense-Antisense	10GB	95%	FusionSeeker
5	positive	ENSG00000115762:ENSG00000284604	false_fusion	10GB	95%	FusionSeeker
5	positive	ENSG00000100307:ENSG00000196236	false_fusion	10GB	95%	FusionSeeker
4	positive	ENSG00000196935:ENSG00000283625	hybrid	10GB	95%	FusionSeeker
8	positive	ENSG00000179523:ENSG00000235519	truncated_tri_fusion	10GB	95%	FusionSeeker
15	positive	ENSG00000106066:ENSG00000106069	false_fusion	10GB	95%	FusionSeeker
9	positive	ENSG00000161082:ENSG00000104907	false_fusion	10GB	95%	FusionSeeker
3	positive	ENSG00000278916:ENSG00000161082	false_fusion	10GB	95%	FusionSeeker
9	positive	ENSG00000278916:ENSG00000104907	reverse_order:truncated_tri_fusion	10GB	95%	FusionSeeker
4	positive	ENSG00000141499:ENSG00000285565	reverse_order: hybrid	10GB	95%	FusionSeeker
4	positive	ENSG00000011009:ENSG00000278249	false_fusion	10GB	95%	FusionSeeker
3	positive	ENSG00000165806:ENSG00000114779	false_fusion	10GB	95%	FusionSeeker
3	positive	ENSG00000165806:ENSG00000260995	reverse_order:truncated_tri_fusion	10GB	95%	FusionSeeker
4	positive	ENSG00000114779:ENSG00000260995	false_fusion	10GB	95%	FusionSeeker
5	positive	ENSG00000285783:ENSG00000164162	false_fusion	10GB	95%	FusionSeeker
10	positive	ENSG00000276570:ENSG00000105063	false_fusion	10GB	95%	FusionSeeker
3	positive	ENSG00000198246:ENSG00000138698	reverse_order:truncated_tri_fusion	10GB	95%	FusionSeeker
5	positive	ENSG00000249797:ENSG00000250891	false_fusion	10GB	95%	FusionSeeker
4	positive	ENSG00000249797:ENSG00000250891	false_fusion	10GB	95%	FusionSeeker
2	positive	ENSG00000249797:ENSG00000250891	false_fusion	10GB	95%	FusionSeeker
7	positive	ENSG00000266602:ENSG00000263745	false_fusion:Sense-Antisense	10GB	95%	FusionSeeker
28	positive	ENSG00000003393:ENSG00000145916	truncated_tri_fusion	10GB	95%	FusionSeeker
5	positive	ENSG00000255248:ENSG00000283154	false_fusion	10GB	95%	FusionSeeker
38	positive	ENSG00000227028:ENSG00000183023	false_fusion	10GB	95%	FusionSeeker
3	positive	ENSG00000133121:ENSG00000272274	false_fusion	10GB	95%	FusionSeeker
10	positive	ENSG00000106829:ENSG00000173077	false_fusion	10GB	95%	FusionSeeker
4	positive	ENSG00000143198:ENSG00000196839	reverse_order:truncated_tri_fusion	10GB	95%	FusionSeeker
3	positive	ENSG00000167881:ENSG00000196839	reverse_order:truncated_tri_fusion	10GB	95%	FusionSeeker
5	positive	ENSG00000143198:ENSG00000167881	truncated_tri_fusion	10GB	95%	FusionSeeker
8	positive	ENSG00000203727:ENSG00000227681	false_fusion	10GB	95%	FusionSeeker
2	positive	ENSG00000047936:ENSG00000282218	false_fusion	10GB	95%	FusionSeeker
4	positive	ENSG00000138771:ENSG00000287544	false_fusion	10GB	95%	FusionSeeker
4	positive	ENSG00000235597:ENSG00000138771	truncated_tri_fusion	10GB	95%	FusionSeeker
4	positive	ENSG00000235597:ENSG00000287544	false_fusion	10GB	95%	FusionSeeker
5	positive	ENSG00000157916:ENSG00000205835	hybrid	10GB	95%	FusionSeeker
2	positive	ENSG00000274874:ENSG00000114867	false_fusion	10GB	95%	FusionSeeker
3	positive	ENSG00000237558:ENSG00000291031	intra_chromosome	10GB	95%	FusionSeeker
4	positive	ENSG00000133121:ENSG00000235221	false_fusion	10GB	95%	FusionSeeker
3	positive	ENSG00000196433:ENSG00000086758	intra_chromosome	10GB	95%	FusionSeeker
8	positive	ENSG00000114638:ENSG00000121578	read_through	10GB	95%	FusionSeeker
2	positive	ENSG00000003393:ENSG00000282917	false_fusion	10GB	95%	FusionSeeker
2	positive	ENSG00000003393:ENSG00000282917	false_fusion	10GB	95%	FusionSeeker
2	positive	ENSG00000124333:ENSG00000236951	false_fusion	10GB	95%	FusionSeeker
24	positive	ENSG00000141376:ENSG00000267131	false_fusion:Sense-Antisense	10GB	95%	FusionSeeker
39	positive	ENSG00000285971:ENSG00000185942	false_fusion:Sense-Antisense	10GB	95%	FusionSeeker
12	positive	ENSG00000136444:ENSG00000020256	reverse_order: hybrid	10GB	95%	FusionSeeker
3	positive	ENSG00000260706:ENSG00000259867	false_fusion:Sense-Antisense	10GB	95%	FusionSeeker
12	positive	ENSG00000197872:ENSG00000150722	intra_chromosome	10GB	95%	FusionSeeker
3	positive	ENSG00000151812:ENSG00000239650	truncated_tri_fusion	10GB	95%	FusionSeeker
2	positive	ENSG00000151812:ENSG00000239650	truncated_tri_fusion	10GB	95%	FusionSeeker
12	positive	ENSG00000285220:ENSG00000141577	false_fusion	10GB	95%	FusionSeeker
2	positive	ENSG00000285220:ENSG00000141577	false_fusion	10GB	95%	FusionSeeker
2	positive	ENSG00000285220:ENSG00000141577	false_fusion	10GB	95%	FusionSeeker
4	positive	ENSG00000100211:ENSG00000204659	false_fusion	10GB	95%	FusionSeeker
8	positive	ENSG00000285550:ENSG00000267337	false_fusion:Sense-Antisense	10GB	95%	FusionSeeker
2	positive	ENSG00000285550:ENSG00000267337	false_fusion:Sense-Antisense	10GB	95%	FusionSeeker
12	positive	ENSG00000138185:ENSG00000226688	false_fusion	10GB	95%	FusionSeeker
7	positive	ENSG00000185721:ENSG00000221963	false_fusion	10GB	95%	FusionSeeker
3	positive	ENSG00000187398:ENSG00000144642	false_fusion	10GB	95%	FusionSeeker
5	positive	ENSG00000128918:ENSG00000204661	false_fusion	10GB	95%	FusionSeeker
2	positive	ENSG00000181927:ENSG00000123191	false_fusion	10GB	95%	FusionSeeker
12	positive	ENSG00000197302:ENSG00000260737	reverse_order: intra_chromosome	10GB	95%	FusionSeeker
3	positive	ENSG00000145216:ENSG00000134853	false_fusion	10GB	95%	FusionSeeker
14	positive	ENSG00000113569:ENSG00000145675	intra_chromosome	10GB	95%	FusionSeeker
2	positive	ENSG00000260628:ENSG00000260781	false_fusion	10GB	95%	FusionSeeker
2	positive	ENSG00000260628:ENSG00000260781	false_fusion	10GB	95%	FusionSeeker
2	positive	ENSG00000260628:ENSG00000260781	false_fusion	10GB	95%	FusionSeeker
2	positive	ENSG00000260628:ENSG00000260851	false_fusion	10GB	95%	FusionSeeker
10	positive	ENSG00000260781:ENSG00000260851	false_fusion	10GB	95%	FusionSeeker
8	positive	ENSG00000053254:ENSG00000259053	false_fusion	10GB	95%	FusionSeeker
3	positive	ENSG00000291031:ENSG00000278602	false_fusion	10GB	95%	FusionSeeker
11	positive	ENSG00000271763:ENSG00000185442	false_fusion:Sense-Antisense	10GB	95%	FusionSeeker
2	positive	ENSG00000271763:ENSG00000163930	false_fusion	10GB	95%	FusionSeeker
3	positive	ENSG00000271763:ENSG00000128510	false_fusion	10GB	95%	FusionSeeker
5	positive	ENSG00000185442:ENSG00000163930	truncated_tri_fusion	10GB	95%	FusionSeeker
7	positive	ENSG00000185442:ENSG00000128510	truncated_tri_fusion	10GB	95%	FusionSeeker
3	positive	ENSG00000163930:ENSG00000128510	reverse_order:truncated_tri_fusion	10GB	95%	FusionSeeker
3	positive	ENSG00000283579:ENSG00000154040	false_fusion	10GB	95%	FusionSeeker
9	positive	ENSG00000108604:ENSG00000240280	read_through	10GB	95%	FusionSeeker
4	positive	ENSG00000189167:ENSG00000132570	false_fusion	10GB	95%	FusionSeeker
6	positive	ENSG00000273471:ENSG00000077380	false_fusion	10GB	95%	FusionSeeker
6	positive	ENSG00000273471:ENSG00000135205	false_fusion	10GB	95%	FusionSeeker
7	positive	ENSG00000077380:ENSG00000135205	false_fusion	10GB	95%	FusionSeeker
2	positive	ENSG00000153684:ENSG00000010671	false_fusion	10GB	95%	FusionSeeker
3	positive	ENSG00000007372:ENSG00000285283	false_fusion:Sense-Antisense	10GB	95%	FusionSeeker
2	positive	ENSG00000007372:ENSG00000285283	false_fusion:Sense-Antisense	10GB	95%	FusionSeeker
5	positive	ENSG00000013503:ENSG00000257545	false_fusion:Sense-Antisense	10GB	95%	FusionSeeker
4	positive	ENSG00000013503:ENSG00000257545	false_fusion:Sense-Antisense	10GB	95%	FusionSeeker
5	positive	ENSG00000127481:ENSG00000253329	reverse_order:truncated_tri_fusion	10GB	95%	FusionSeeker
20	positive	ENSG00000075975:ENSG00000132155	false_fusion	10GB	95%	FusionSeeker
4	positive	ENSG00000075975:ENSG00000132155	false_fusion	10GB	95%	FusionSeeker
6	positive	ENSG00000111145:ENSG00000124523	false_fusion	10GB	95%	FusionSeeker
3	positive	ENSG00000143228:ENSG00000068097	reverse_order:truncated_tri_fusion	10GB	95%	FusionSeeker
6	positive	ENSG00000143228:ENSG00000196586	reverse_order:truncated_tri_fusion	10GB	95%	FusionSeeker
3	positive	ENSG00000068097:ENSG00000196586	truncated_tri_fusion	10GB	95%	FusionSeeker
8	positive	ENSG00000125462:ENSG00000243789	reverse_order:truncated_tri_fusion	10GB	95%	FusionSeeker
32	positive	ENSG00000283228:ENSG00000182389	false_fusion	10GB	95%	FusionSeeker
6	positive	ENSG00000095794:ENSG00000289039	reverse_order: intra_chromosome	10GB	95%	FusionSeeker
4	positive	ENSG00000285851:ENSG00000231064	false_fusion	10GB	95%	FusionSeeker
3	positive	ENSG00000244461:ENSG00000173077	false_fusion	10GB	95%	FusionSeeker
4	positive	ENSG00000250855:ENSG00000249815	false_fusion:Sense-Antisense	10GB	95%	FusionSeeker
3	positive	ENSG00000137449:ENSG00000249252	false_fusion	10GB	95%	FusionSeeker
8	positive	ENSG00000121281:ENSG00000159712	false_fusion	10GB	95%	FusionSeeker
3	positive	ENSG00000180304:ENSG00000105856	hybrid	10GB	95%	FusionSeeker
5	positive	ENSG00000283098:ENSG00000258661	false_fusion:Sense-Antisense	10GB	95%	FusionSeeker
14	positive	ENSG00000237714:ENSG00000072682	false_fusion	10GB	95%	FusionSeeker
4	positive	ENSG00000099810:ENSG00000264545	false_fusion	10GB	95%	FusionSeeker
8	positive	ENSG00000230590:ENSG00000273974	false_fusion:Sense-Antisense	10GB	95%	FusionSeeker
2	positive	ENSG00000230590:ENSG00000273974	false_fusion:Sense-Antisense	10GB	95%	FusionSeeker
2	positive	ENSG00000285076:ENSG00000230284	false_fusion	10GB	95%	FusionSeeker
9	positive	ENSG00000234224:ENSG00000242593	false_fusion:Sense-Antisense	10GB	95%	FusionSeeker
3	positive	ENSG00000126603:ENSG00000154040	false_fusion	10GB	95%	FusionSeeker
7	positive	ENSG00000100767:ENSG00000285219	false_fusion	10GB	95%	FusionSeeker
4	positive	ENSG00000148604:ENSG00000100811	hybrid	10GB	95%	FusionSeeker
8	positive	ENSG00000166268:ENSG00000257815	false_fusion	10GB	95%	FusionSeeker
3	positive	ENSG00000181786:ENSG00000132170	reverse_order:truncated_tri_fusion	10GB	95%	FusionSeeker
10	positive	ENSG00000254180:ENSG00000253394	false_fusion:Sense-Antisense	10GB	95%	FusionSeeker
10	positive	ENSG00000237188:ENSG00000250166	false_fusion	10GB	95%	FusionSeeker
8	positive	ENSG00000285082:ENSG00000284977	false_fusion	10GB	95%	FusionSeeker
3	positive	ENSG00000258483:ENSG00000259199	false_fusion:Sense-Antisense	10GB	95%	FusionSeeker
2	positive	ENSG00000151812:ENSG00000253816	false_fusion	10GB	95%	FusionSeeker
2	positive	ENSG00000253816:ENSG00000239650	false_fusion	10GB	95%	FusionSeeker
2	positive	ENSG00000151812:ENSG00000100744	truncated_tri_fusion	10GB	95%	FusionSeeker
2	positive	ENSG00000100744:ENSG00000239650	reverse_order:truncated_tri_fusion	10GB	95%	FusionSeeker
2	positive	ENSG00000120896:ENSG00000221947	reverse_order: intra_chromosome	10GB	95%	FusionSeeker
2	positive	ENSG00000120896:ENSG00000221947	reverse_order: intra_chromosome	10GB	95%	FusionSeeker
6	positive	ENSG00000165629:ENSG00000148655	reverse_order: intra_chromosome	10GB	95%	FusionSeeker
4	positive	ENSG00000072571:ENSG00000130714	truncated_tri_fusion	10GB	95%	FusionSeeker
25	positive	ENSG00000260364:ENSG00000261742	false_fusion:Sense-Antisense	10GB	95%	FusionSeeker
6	positive	ENSG00000168280:ENSG00000144320	reverse_order: hybrid	10GB	95%	FusionSeeker
3	positive	ENSG00000264569:ENSG00000169733	read_through	10GB	95%	FusionSeeker
5	positive	ENSG00000168591:ENSG00000114923	truncated_tri_fusion	10GB	95%	FusionSeeker
6	positive	ENSG00000135517:ENSG00000136014	reverse_order:truncated_tri_fusion	10GB	95%	FusionSeeker
6	positive	ENSG00000173077:ENSG00000228714	false_fusion:Sense-Antisense	10GB	95%	FusionSeeker
15	positive	ENSG00000109113:ENSG00000109736	reverse_order:truncated_tri_fusion	10GB	95%	FusionSeeker
4	positive	ENSG00000173113:ENSG00000183696	reverse_order:truncated_tri_fusion	10GB	95%	FusionSeeker
4	positive	ENSG00000173113:ENSG00000260983	false_fusion	10GB	95%	FusionSeeker
16	positive	ENSG00000225127:ENSG00000013375	reverse_order: hybrid	10GB	95%	FusionSeeker
12	positive	ENSG00000229606:ENSG00000289577	read_through	10GB	95%	FusionSeeker
20	positive	ENSG00000187391:ENSG00000234456	false_fusion	10GB	95%	FusionSeeker
2	positive	ENSG00000101266:ENSG00000101158	reverse_order: intra_chromosome	10GB	95%	FusionSeeker
4	positive	ENSG00000132122:ENSG00000179082	hybrid	10GB	95%	FusionSeeker
5	positive	ENSG00000136504:ENSG00000277586	truncated_tri_fusion	10GB	95%	FusionSeeker
7	positive	ENSG00000135269:ENSG00000237813	false_fusion:Sense-Antisense	10GB	95%	FusionSeeker
11	positive	ENSG00000148362:ENSG00000169583	read_through	10GB	95%	FusionSeeker
4	positive	ENSG00000149564:ENSG00000182993	false_fusion	10GB	95%	FusionSeeker
5	positive	ENSG00000197584:ENSG00000237978	false_fusion	10GB	95%	FusionSeeker
8	positive	ENSG00000120784:ENSG00000083097	false_fusion	10GB	95%	FusionSeeker
6	positive	ENSG00000177058:ENSG00000118412	truncated_tri_fusion	10GB	95%	FusionSeeker
5	positive	ENSG00000260971:ENSG00000284686	false_fusion	10GB	95%	FusionSeeker
3	positive	ENSG00000260971:ENSG00000284686	false_fusion	10GB	95%	FusionSeeker
2	positive	ENSG00000260971:ENSG00000284686	false_fusion	10GB	95%	FusionSeeker
26	positive	ENSG00000172575:ENSG00000228141	reverse_order: intra_chromosome	10GB	95%	FusionSeeker
5	positive	ENSG00000248238:ENSG00000248515	false_fusion:Sense-Antisense	10GB	95%	FusionSeeker
2	positive	ENSG00000084623:ENSG00000256422	reverse_order:truncated_tri_fusion	10GB	95%	FusionSeeker
5	positive	ENSG00000267128:ENSG00000197462	false_fusion	10GB	95%	FusionSeeker
7	positive	ENSG00000291093:ENSG00000096746	intra_chromosome	10GB	95%	FusionSeeker
11	positive	ENSG00000255652:ENSG00000257894	reverse_order: intra_chromosome	10GB	95%	FusionSeeker
5	positive	ENSG00000103415:ENSG00000103160	intra_chromosome	10GB	95%	FusionSeeker
2	positive	ENSG00000122406:ENSG00000117598	false_fusion	10GB	95%	FusionSeeker
5	positive	ENSG00000176124:ENSG00000226961	reverse_order:truncated_tri_fusion	10GB	95%	FusionSeeker
6	positive	ENSG00000143740:ENSG00000167257	false_fusion	10GB	95%	FusionSeeker
6	positive	ENSG00000146223:ENSG00000119899	reverse_order: intra_chromosome	10GB	95%	FusionSeeker
4	positive	ENSG00000166851:ENSG00000169814	false_fusion	10GB	95%	FusionSeeker
6	positive	ENSG00000091651:ENSG00000169814	false_fusion	10GB	95%	FusionSeeker
4	positive	ENSG00000166851:ENSG00000091651	truncated_tri_fusion	10GB	95%	FusionSeeker
3	positive	ENSG00000138101:ENSG00000144589	intra_chromosome	10GB	95%	FusionSeeker
8	positive	ENSG00000153291:ENSG00000146282	reverse_order: intra_chromosome	10GB	95%	FusionSeeker
4	positive	ENSG00000282917:ENSG00000170448	false_fusion:Sense-Antisense	10GB	95%	FusionSeeker
4	positive	ENSG00000003393:ENSG00000170448	reverse_order:truncated_tri_fusion	10GB	95%	FusionSeeker
13	positive	ENSG00000103043:ENSG00000080822	truncated_tri_fusion	10GB	95%	FusionSeeker
2	positive	ENSG00000087086:ENSG00000197099	false_fusion	10GB	95%	FusionSeeker
3	positive	ENSG00000185664:ENSG00000251584	hybrid	10GB	95%	FusionSeeker
2	positive	ENSG00000223768:ENSG00000077684	reverse_order: hybrid	10GB	95%	FusionSeeker
17	positive	ENSG00000164924:ENSG00000242315	read_through	10GB	95%	FusionSeeker
10	positive	ENSG00000277893:ENSG00000080822	truncated_tri_fusion	10GB	95%	FusionSeeker
7	positive	ENSG00000103043:ENSG00000277893	reverse_order:truncated_tri_fusion	10GB	95%	FusionSeeker
7	positive	ENSG00000103043:ENSG00000277893	reverse_order:truncated_tri_fusion	10GB	95%	FusionSeeker
6	positive	ENSG00000105011:ENSG00000125755	intra_chromosome	10GB	95%	FusionSeeker
11	positive	ENSG00000157426:ENSG00000242736	reverse_order:truncated_tri_fusion	10GB	95%	FusionSeeker
7	positive	ENSG00000102898:ENSG00000266954	false_fusion	10GB	95%	FusionSeeker
6	positive	ENSG00000139287:ENSG00000072657	false_fusion	10GB	95%	FusionSeeker
2	positive	ENSG00000139197:ENSG00000111300	reverse_order: intra_chromosome	10GB	95%	FusionSeeker
2	positive	ENSG00000139197:ENSG00000111300	reverse_order: intra_chromosome	10GB	95%	FusionSeeker
2	positive	ENSG00000139197:ENSG00000111300	reverse_order: intra_chromosome	10GB	95%	FusionSeeker
2	positive	ENSG00000139197:ENSG00000111300	reverse_order: intra_chromosome	10GB	95%	FusionSeeker
2	positive	ENSG00000139197:ENSG00000111300	reverse_order: intra_chromosome	10GB	95%	FusionSeeker
2	positive	ENSG00000139197:ENSG00000111300	reverse_order: intra_chromosome	10GB	95%	FusionSeeker
2	positive	ENSG00000139197:ENSG00000111300	reverse_order: intra_chromosome	10GB	95%	FusionSeeker
5	positive	ENSG00000036672:ENSG00000140459	false_fusion	10GB	95%	FusionSeeker
8	positive	ENSG00000258704:ENSG00000177138	reverse_order:truncated_tri_fusion	10GB	95%	FusionSeeker
4	positive	ENSG00000182667:ENSG00000183715	false_fusion	10GB	95%	FusionSeeker
2	positive	ENSG00000182667:ENSG00000183715	false_fusion	10GB	95%	FusionSeeker
3	positive	ENSG00000286147:ENSG00000155011	false_fusion:Sense-Antisense	10GB	95%	FusionSeeker
2	positive	ENSG00000286147:ENSG00000155011	false_fusion:Sense-Antisense	10GB	95%	FusionSeeker
2	positive	ENSG00000172270:ENSG00000095066	reverse_order: intra_chromosome	10GB	95%	FusionSeeker
3	positive	ENSG00000090565:ENSG00000167207	intra_chromosome	10GB	95%	FusionSeeker
2	positive	ENSG00000291210:ENSG00000160957	false_fusion	10GB	95%	FusionSeeker
3	positive	ENSG00000284776:ENSG00000188186	reverse_order: hybrid	10GB	95%	FusionSeeker
2	positive	ENSG00000124523:ENSG00000124486	truncated_tri_fusion	10GB	95%	FusionSeeker
11	positive	ENSG00000278177:ENSG00000183098	false_fusion:Sense-Antisense	10GB	95%	FusionSeeker
2	positive	ENSG00000274532:ENSG00000163913	false_fusion	10GB	95%	FusionSeeker
5	positive	ENSG00000048740:ENSG00000235939	false_fusion	10GB	95%	FusionSeeker
3	positive	ENSG00000128918:ENSG00000166035	false_fusion	10GB	95%	FusionSeeker
3	positive	ENSG00000128918:ENSG00000166035	false_fusion	10GB	95%	FusionSeeker
19	positive	ENSG00000161513:ENSG00000172782	read_through	10GB	95%	FusionSeeker
3	positive	ENSG00000270959:ENSG00000145012	false_fusion	10GB	95%	FusionSeeker
3	positive	ENSG00000136160:ENSG00000234377	false_fusion	10GB	95%	FusionSeeker
4	positive	ENSG00000109113:ENSG00000104951	false_fusion	10GB	95%	FusionSeeker
3	positive	ENSG00000128815:ENSG00000247572	false_fusion	10GB	95%	FusionSeeker
4	positive	ENSG00000249884:ENSG00000115652	false_fusion	10GB	95%	FusionSeeker
6	positive	ENSG00000287700:ENSG00000233928	false_fusion:Sense-Antisense	10GB	95%	FusionSeeker
2	positive	ENSG00000124333:ENSG00000235059	false_fusion	10GB	95%	FusionSeeker
10	positive	ENSG00000168676:ENSG00000198677	truncated_tri_fusion	10GB	95%	FusionSeeker
4	positive	ENSG00000169946:ENSG00000251003	false_fusion	10GB	95%	FusionSeeker
10	positive	ENSG00000128815:ENSG00000011275	false_fusion	10GB	95%	FusionSeeker
6	positive	ENSG00000166348:ENSG00000165868	intra_chromosome	10GB	95%	FusionSeeker
7	positive	ENSG00000236708:ENSG00000146555	false_fusion	10GB	95%	FusionSeeker
5	positive	ENSG00000151322:ENSG00000163749	false_fusion	10GB	95%	FusionSeeker
2	positive	ENSG00000151322:ENSG00000163749	false_fusion	10GB	95%	FusionSeeker
6	positive	ENSG00000182796:ENSG00000135972	false_fusion	10GB	95%	FusionSeeker
2	positive	ENSG00000172380:ENSG00000232284	false_fusion	10GB	95%	FusionSeeker
2	positive	ENSG00000283839:ENSG00000170396	false_fusion:Sense-Antisense	10GB	95%	FusionSeeker
5	positive	ENSG00000108684:ENSG00000263571	false_fusion:Sense-Antisense	10GB	95%	FusionSeeker
9	positive	ENSG00000187398:ENSG00000283563	false_fusion	10GB	95%	FusionSeeker
3	positive	ENSG00000069329:ENSG00000253327	hybrid	10GB	95%	FusionSeeker
2	positive	ENSG00000166546:ENSG00000250407	false_fusion	10GB	95%	FusionSeeker
5	positive	ENSG00000140853:ENSG00000198677	reverse_order:truncated_tri_fusion	10GB	95%	FusionSeeker
4	positive	ENSG00000013297:ENSG00000285218	false_fusion	10GB	95%	FusionSeeker
2	positive	ENSG00000096070:ENSG00000104218	truncated_tri_fusion	10GB	95%	FusionSeeker
2	positive	ENSG00000130396:ENSG00000104218	truncated_tri_fusion	10GB	95%	FusionSeeker
2	positive	ENSG00000096070:ENSG00000130396	reverse_order:truncated_tri_fusion	10GB	95%	FusionSeeker
2	positive	ENSG00000268416:ENSG00000163694	false_fusion	10GB	95%	FusionSeeker
2	positive	ENSG00000163694:ENSG00000137251	false_fusion	10GB	95%	FusionSeeker
3	positive	ENSG00000268416:ENSG00000137251	reverse_order:truncated_tri_fusion	10GB	95%	FusionSeeker
5	positive	ENSG00000287744:ENSG00000130226	false_fusion:Sense-Antisense	10GB	95%	FusionSeeker
5	positive	ENSG00000258830:ENSG00000241168	false_fusion	10GB	95%	FusionSeeker
5	positive	ENSG00000139278:ENSG00000130414	false_fusion	10GB	95%	FusionSeeker
3	positive	ENSG00000149657:ENSG00000101182	read_through	10GB	95%	FusionSeeker
2	positive	ENSG00000131037:ENSG00000125503	read_through	10GB	95%	FusionSeeker
4	positive	ENSG00000213983:ENSG00000126777	intra_chromosome	10GB	95%	FusionSeeker
3	positive	ENSG00000253917:ENSG00000205444	false_fusion	10GB	95%	FusionSeeker
2	positive	ENSG00000164011:ENSG00000095066	false_fusion	10GB	95%	FusionSeeker
4	positive	ENSG00000182621:ENSG00000124155	intra_chromosome	10GB	95%	FusionSeeker
6	positive	ENSG00000235162:ENSG00000286520	read_through	10GB	95%	FusionSeeker
3	positive	ENSG00000270820:ENSG00000106692	false_fusion	10GB	95%	FusionSeeker
3	positive	ENSG00000224924:ENSG00000159256	reverse_order: intra_chromosome	10GB	95%	FusionSeeker
3	positive	ENSG00000249209:ENSG00000142156	false_fusion	10GB	95%	FusionSeeker
22	positive	ENSG00000281649:ENSG00000095261	reverse_order: intra_chromosome	10GB	95%	FusionSeeker
3	positive	ENSG00000082805:ENSG00000145907	reverse_order:truncated_tri_fusion	10GB	95%	FusionSeeker
4	positive	ENSG00000254394:ENSG00000249859	false_fusion	10GB	95%	FusionSeeker
5	positive	ENSG00000204929:ENSG00000144868	false_fusion	10GB	95%	FusionSeeker
5	positive	ENSG00000162302:ENSG00000196549	reverse_order:truncated_tri_fusion	10GB	95%	FusionSeeker
3	positive	ENSG00000242366:ENSG00000286066	false_fusion	10GB	95%	FusionSeeker
2	positive	ENSG00000159753:ENSG00000286066	false_fusion	10GB	95%	FusionSeeker
2	positive	ENSG00000102977:ENSG00000286066	false_fusion	10GB	95%	FusionSeeker
5	positive	ENSG00000159753:ENSG00000242366	false_fusion	10GB	95%	FusionSeeker
6	positive	ENSG00000102977:ENSG00000242366	false_fusion	10GB	95%	FusionSeeker
5	positive	ENSG00000159753:ENSG00000102977	false_fusion	10GB	95%	FusionSeeker
2	positive	ENSG00000183476:ENSG00000145734	reverse_order:truncated_tri_fusion	10GB	95%	FusionSeeker
6	positive	ENSG00000283294:ENSG00000224367	intra_chromosome	10GB	95%	FusionSeeker
7	positive	ENSG00000120437:ENSG00000120438	false_fusion	10GB	95%	FusionSeeker
2	positive	ENSG00000283563:ENSG00000144642	false_fusion	10GB	95%	FusionSeeker
10	positive	ENSG00000135241:ENSG00000225612	intra_chromosome	10GB	95%	FusionSeeker
2	positive	ENSG00000227372:ENSG00000117523	reverse_order: intra_chromosome	10GB	95%	FusionSeeker
4	positive	ENSG00000259520:ENSG00000140459	false_fusion	10GB	95%	FusionSeeker
4	positive	ENSG00000036672:ENSG00000259520	false_fusion	10GB	95%	FusionSeeker
6	positive	ENSG00000287921:ENSG00000183780	false_fusion:Sense-Antisense	10GB	95%	FusionSeeker
11	positive	ENSG00000289397:ENSG00000178997	false_fusion	10GB	95%	FusionSeeker
4	positive	ENSG00000095303:ENSG00000233616	read_through	10GB	95%	FusionSeeker
6	positive	ENSG00000138347:ENSG00000244607	reverse_order: hybrid	10GB	95%	FusionSeeker
2	positive	ENSG00000138347:ENSG00000244607	reverse_order: hybrid	10GB	95%	FusionSeeker
4	positive	ENSG00000171735:ENSG00000144815	reverse_order:truncated_tri_fusion	10GB	95%	FusionSeeker
2	positive	ENSG00000108094:ENSG00000085788	hybrid	10GB	95%	FusionSeeker
2	positive	ENSG00000108094:ENSG00000085788	hybrid	10GB	95%	FusionSeeker
10	positive	ENSG00000071909:ENSG00000124787	false_fusion	10GB	95%	FusionSeeker
2	positive	ENSG00000071909:ENSG00000188312	false_fusion	10GB	95%	FusionSeeker
15	positive	ENSG00000124787:ENSG00000188312	false_fusion	10GB	95%	FusionSeeker
2	positive	ENSG00000206384:ENSG00000196455	read_through	10GB	95%	FusionSeeker
2	positive	ENSG00000206384:ENSG00000196455	read_through	10GB	95%	FusionSeeker
2	positive	ENSG00000206384:ENSG00000196455	read_through	10GB	95%	FusionSeeker
4	positive	ENSG00000135747:ENSG00000138759	false_fusion	10GB	95%	FusionSeeker
2	positive	ENSG00000182871:ENSG00000109339	false_fusion	10GB	95%	FusionSeeker
2	positive	ENSG00000173638:ENSG00000109339	truncated_tri_fusion	10GB	95%	FusionSeeker
2	positive	ENSG00000182871:ENSG00000173638	false_fusion	10GB	95%	FusionSeeker
3	positive	ENSG00000088035:ENSG00000101003	reverse_order:truncated_tri_fusion	10GB	95%	FusionSeeker
2	positive	ENSG00000141449:ENSG00000221887	false_fusion	10GB	95%	FusionSeeker
3	positive	ENSG00000138759:ENSG00000104490	truncated_tri_fusion	10GB	95%	FusionSeeker
8	positive	ENSG00000162882:ENSG00000288886	read_through	10GB	95%	FusionSeeker
3	positive	ENSG00000187720:ENSG00000003393	truncated_tri_fusion	10GB	95%	FusionSeeker
2	positive	ENSG00000187720:ENSG00000003393	truncated_tri_fusion	10GB	95%	FusionSeeker
2	positive	ENSG00000139350:ENSG00000234456	reverse_order:truncated_tri_fusion	10GB	95%	FusionSeeker
10	positive	ENSG00000225676:ENSG00000136861	hybrid	10GB	95%	FusionSeeker
11	positive	ENSG00000167524:ENSG00000285171	false_fusion	10GB	95%	FusionSeeker
3	positive	ENSG00000151694:ENSG00000130714	reverse_order:truncated_tri_fusion	10GB	95%	FusionSeeker
8	positive	ENSG00000286577:ENSG00000185261	false_fusion:Sense-Antisense	10GB	95%	FusionSeeker
2	positive	ENSG00000142675:ENSG00000169213	false_fusion	10GB	95%	FusionSeeker
4	positive	ENSG00000197462:ENSG00000276418	false_fusion	10GB	95%	FusionSeeker
2	positive	ENSG00000167526:ENSG00000211459	false_fusion:mitochondrial_genomic	10GB	95%	FusionSeeker
3	positive	ENSG00000147434:ENSG00000164953	intra_chromosome	10GB	95%	FusionSeeker
11	positive	ENSG00000235665:ENSG00000236790	false_fusion	10GB	95%	FusionSeeker
4	positive	ENSG00000091164:ENSG00000091157	false_fusion	10GB	95%	FusionSeeker
2	positive	ENSG00000136235:ENSG00000285702	false_fusion	10GB	95%	FusionSeeker
4	positive	ENSG00000082805:ENSG00000166747	truncated_tri_fusion	10GB	95%	FusionSeeker
4	positive	ENSG00000140853:ENSG00000141527	false_fusion	10GB	95%	FusionSeeker
7	positive	ENSG00000221910:ENSG00000102312	reverse_order:truncated_tri_fusion	10GB	95%	FusionSeeker
2	positive	ENSG00000167522:ENSG00000278847	false_fusion	10GB	95%	FusionSeeker
3	positive	ENSG00000143669:ENSG00000206803	read_through	10GB	95%	FusionSeeker
4	positive	ENSG00000095981:ENSG00000164627	read_through	10GB	95%	FusionSeeker
3	positive	ENSG00000163209:ENSG00000102898	reverse_order:truncated_tri_fusion	10GB	95%	FusionSeeker
2	positive	ENSG00000163209:ENSG00000102898	reverse_order:truncated_tri_fusion	10GB	95%	FusionSeeker
4	positive	ENSG00000163209:ENSG00000266954	false_fusion	10GB	95%	FusionSeeker
9	positive	ENSG00000254979:ENSG00000285329	false_fusion	10GB	95%	FusionSeeker
5	positive	ENSG00000110881:ENSG00000261427	hybrid	10GB	95%	FusionSeeker
5	positive	ENSG00000143891:ENSG00000132300	intra_chromosome	10GB	95%	FusionSeeker
16	positive	ENSG00000223634:ENSG00000235497	read_through	10GB	95%	FusionSeeker
2	positive	ENSG00000179915:ENSG00000231918	false_fusion:Sense-Antisense	10GB	95%	FusionSeeker
7	positive	ENSG00000074219:ENSG00000236172	hybrid	10GB	95%	FusionSeeker
12	positive	ENSG00000069329:ENSG00000077782	truncated_tri_fusion	10GB	95%	FusionSeeker
3	positive	ENSG00000034053:ENSG00000077782	truncated_tri_fusion	10GB	95%	FusionSeeker
6	positive	ENSG00000034053:ENSG00000069329	reverse_order:truncated_tri_fusion	10GB	95%	FusionSeeker
5	positive	ENSG00000172977:ENSG00000172922	false_fusion	10GB	95%	FusionSeeker
3	positive	ENSG00000276043:ENSG00000188321	reverse_order: intra_chromosome	10GB	95%	FusionSeeker
2	positive	ENSG00000291092:ENSG00000291178	false_fusion	10GB	95%	FusionSeeker
5	positive	ENSG00000159147:ENSG00000249209	false_fusion	10GB	95%	FusionSeeker
3	positive	ENSG00000174306:ENSG00000171109	reverse_order:truncated_tri_fusion	10GB	95%	FusionSeeker
6	positive	ENSG00000174306:ENSG00000155307	truncated_tri_fusion	10GB	95%	FusionSeeker
6	positive	ENSG00000155307:ENSG00000171109	reverse_order:truncated_tri_fusion	10GB	95%	FusionSeeker
4	positive	ENSG00000228570:ENSG00000167258	hybrid	10GB	95%	FusionSeeker
16	positive	ENSG00000172339:ENSG00000071894	truncated_tri_fusion	10GB	95%	FusionSeeker
5	positive	ENSG00000139278:ENSG00000108641	false_fusion	10GB	95%	FusionSeeker
4	positive	ENSG00000187498:ENSG00000154240	truncated_tri_fusion	10GB	95%	FusionSeeker
2	positive	ENSG00000186409:ENSG00000094631	reverse_order:truncated_tri_fusion	10GB	95%	FusionSeeker
3	positive	ENSG00000151694:ENSG00000185798	truncated_tri_fusion	10GB	95%	FusionSeeker
5	positive	ENSG00000286749:ENSG00000249484	false_fusion:Sense-Antisense	10GB	95%	FusionSeeker
3	positive	ENSG00000213619:ENSG00000109861	reverse_order: hybrid	10GB	95%	FusionSeeker
3	positive	ENSG00000063978:ENSG00000168556	reverse_order: intra_chromosome	10GB	95%	FusionSeeker
2	positive	ENSG00000270800:ENSG00000210082	false_fusion:mitochondrial_genomic	10GB	95%	FusionSeeker
4	positive	ENSG00000198551:ENSG00000170144	truncated_tri_fusion	10GB	95%	FusionSeeker
3	positive	ENSG00000291031:ENSG00000227837	reverse_order: intra_chromosome	10GB	95%	FusionSeeker
3	positive	ENSG00000134058:ENSG00000176970	truncated_tri_fusion	10GB	95%	FusionSeeker
5	positive	ENSG00000149273:ENSG00000262898	hybrid	10GB	95%	FusionSeeker
7	positive	ENSG00000152223:ENSG00000152229	read_through	10GB	95%	FusionSeeker
3	positive	ENSG00000285212:ENSG00000198221	false_fusion:Sense-Antisense	10GB	95%	FusionSeeker
8	positive	ENSG00000062485:ENSG00000134326	reverse_order:truncated_tri_fusion	10GB	95%	FusionSeeker
6	positive	ENSG00000066322:ENSG00000189326	truncated_tri_fusion	10GB	95%	FusionSeeker
2	positive	ENSG00000175334:ENSG00000189326	truncated_tri_fusion	10GB	95%	FusionSeeker
4	positive	ENSG00000066322:ENSG00000175334	reverse_order:truncated_tri_fusion	10GB	95%	FusionSeeker
2	positive	ENSG00000059915:ENSG00000107874	false_fusion	10GB	95%	FusionSeeker
4	positive	ENSG00000168591:ENSG00000255872	false_fusion	10GB	95%	FusionSeeker
3	positive	ENSG00000224699:ENSG00000144815	false_fusion	10GB	95%	FusionSeeker
4	positive	ENSG00000284906:ENSG00000147041	truncated_tri_fusion	10GB	95%	FusionSeeker
2	positive	ENSG00000250167:ENSG00000145832	false_fusion	10GB	95%	FusionSeeker
2	positive	ENSG00000291137:ENSG00000087495	false_fusion	10GB	95%	FusionSeeker
3	positive	ENSG00000243243:ENSG00000105971	false_fusion:Sense-Antisense	10GB	95%	FusionSeeker
2	positive	ENSG00000164011:ENSG00000105613	reverse_order: hybrid	10GB	95%	FusionSeeker
2	positive	ENSG00000204929:ENSG00000198363	false_fusion	10GB	95%	FusionSeeker
7	positive	ENSG00000260840:ENSG00000148308	reverse_order:truncated_tri_fusion	10GB	95%	FusionSeeker
8	positive	ENSG00000255502:ENSG00000118960	truncated_tri_fusion	10GB	95%	FusionSeeker
4	positive	ENSG00000136297:ENSG00000106628	reverse_order: intra_chromosome	10GB	95%	FusionSeeker
6	positive	ENSG00000246273:ENSG00000134802	reverse_order: intra_chromosome	10GB	95%	FusionSeeker
2	positive	ENSG00000166145:ENSG00000171766	reverse_order: intra_chromosome	10GB	95%	FusionSeeker
2	positive	ENSG00000178464:ENSG00000147403	false_fusion	10GB	95%	FusionSeeker
3	positive	ENSG00000145808:ENSG00000251680	false_fusion:Sense-Antisense	10GB	95%	FusionSeeker
4	positive	ENSG00000248538:ENSG00000134020	reverse_order: intra_chromosome	10GB	95%	FusionSeeker
2	positive	ENSG00000260850:ENSG00000177138	truncated_tri_fusion	10GB	95%	FusionSeeker
5	positive	ENSG00000171988:ENSG00000066427	false_fusion	10GB	95%	FusionSeeker
3	positive	ENSG00000164733:ENSG00000228373	reverse_order: hybrid	10GB	95%	FusionSeeker
4	positive	ENSG00000108312:ENSG00000260793	read_through	10GB	95%	FusionSeeker
2	positive	ENSG00000283930:ENSG00000290439	false_fusion	10GB	95%	FusionSeeker
5	positive	ENSG00000126012:ENSG00000227083	false_fusion	10GB	95%	FusionSeeker
4	positive	ENSG00000167588:ENSG00000110887	intra_chromosome	10GB	95%	FusionSeeker
2	positive	ENSG00000117758:ENSG00000159176	intra_chromosome	10GB	95%	FusionSeeker
2	positive	ENSG00000248049:ENSG00000198092	false_fusion	10GB	95%	FusionSeeker
2	positive	ENSG00000223631:ENSG00000284659	read_through	10GB	95%	FusionSeeker
2	positive	ENSG00000230768:ENSG00000290655	truncated_tri_fusion	10GB	95%	FusionSeeker
3	positive	ENSG00000072571:ENSG00000146809	reverse_order:truncated_tri_fusion	10GB	95%	FusionSeeker
3	positive	ENSG00000146809:ENSG00000130714	truncated_tri_fusion	10GB	95%	FusionSeeker
4	positive	ENSG00000260840:ENSG00000093072	truncated_tri_fusion	10GB	95%	FusionSeeker
2	positive	ENSG00000093072:ENSG00000148308	reverse_order:truncated_tri_fusion	10GB	95%	FusionSeeker
6	positive	ENSG00000264031:ENSG00000176927	false_fusion	10GB	95%	FusionSeeker
4	positive	ENSG00000260830:ENSG00000100461	intra_chromosome	10GB	95%	FusionSeeker
5	positive	ENSG00000269692:ENSG00000273994	read_through	10GB	95%	FusionSeeker
2	positive	ENSG00000119686:ENSG00000167395	truncated_tri_fusion	10GB	95%	FusionSeeker
2	positive	ENSG00000131374:ENSG00000182568	false_fusion	10GB	95%	FusionSeeker
2	positive	ENSG00000153093:ENSG00000172965	false_fusion	10GB	95%	FusionSeeker
2	positive	ENSG00000085871:ENSG00000196782	false_fusion	10GB	95%	FusionSeeker
2	positive	ENSG00000049759:ENSG00000203734	truncated_tri_fusion	10GB	95%	FusionSeeker
4	positive	ENSG00000185442:ENSG00000118960	false_fusion	10GB	95%	FusionSeeker
2	positive	ENSG00000185442:ENSG00000118960	false_fusion	10GB	95%	FusionSeeker
2	positive	ENSG00000185442:ENSG00000118960	false_fusion	10GB	95%	FusionSeeker
2	positive	ENSG00000185442:ENSG00000118960	false_fusion	10GB	95%	FusionSeeker
5	positive	ENSG00000285053:ENSG00000198551	truncated_tri_fusion	10GB	95%	FusionSeeker
2	positive	ENSG00000285053:ENSG00000170144	false_fusion	10GB	95%	FusionSeeker
5	positive	ENSG00000073598:ENSG00000073536	false_fusion	10GB	95%	FusionSeeker
3	positive	ENSG00000244754:ENSG00000233124	intra_chromosome	10GB	95%	FusionSeeker
6	positive	ENSG00000119535:ENSG00000145901	reverse_order: hybrid	10GB	95%	FusionSeeker
4	positive	ENSG00000137074:ENSG00000130714	intra_chromosome	10GB	95%	FusionSeeker
3	positive	ENSG00000167554:ENSG00000087495	false_fusion	10GB	95%	FusionSeeker
2	positive	ENSG00000231304:ENSG00000282987	false_fusion:Sense-Antisense	10GB	95%	FusionSeeker
5	positive	ENSG00000285844:ENSG00000185760	false_fusion	10GB	95%	FusionSeeker
2	positive	ENSG00000288769:ENSG00000111907	hybrid	10GB	95%	FusionSeeker
3	positive	ENSG00000221947:ENSG00000285579	false_fusion	10GB	95%	FusionSeeker
2	positive	ENSG00000086758:ENSG00000292336	false_fusion	10GB	95%	FusionSeeker
2	positive	ENSG00000141499:ENSG00000291134	reverse_order: hybrid	10GB	95%	FusionSeeker
7	positive	ENSG00000174695:ENSG00000221886	reverse_order: intra_chromosome	10GB	95%	FusionSeeker
4	positive	ENSG00000263508:ENSG00000141577	intra_chromosome	10GB	95%	FusionSeeker
3	positive	ENSG00000049759:ENSG00000147573	reverse_order:truncated_tri_fusion	10GB	95%	FusionSeeker
15	positive	ENSG00000158987:ENSG00000145901	reverse_order: intra_chromosome	10GB	95%	FusionSeeker
4	positive	ENSG00000033122:ENSG00000066557	false_fusion	10GB	95%	FusionSeeker
4	positive	ENSG00000033122:ENSG00000228784	false_fusion	10GB	95%	FusionSeeker
3	positive	ENSG00000066557:ENSG00000228784	truncated_tri_fusion	10GB	95%	FusionSeeker
2	positive	ENSG00000009830:ENSG00000087258	hybrid	10GB	95%	FusionSeeker
8	positive	ENSG00000226711:ENSG00000119314	reverse_order: hybrid	10GB	95%	FusionSeeker
2	positive	ENSG00000233928:ENSG00000233571	false_fusion:Sense-Antisense	10GB	95%	FusionSeeker
2	positive	ENSG00000188227:ENSG00000197265	reverse_order:truncated_tri_fusion	10GB	95%	FusionSeeker
2	positive	ENSG00000172977:ENSG00000145216	false_fusion	10GB	95%	FusionSeeker
12	positive	ENSG00000162302:ENSG00000137707	truncated_tri_fusion	10GB	95%	FusionSeeker
10	positive	ENSG00000137707:ENSG00000196549	reverse_order:truncated_tri_fusion	10GB	95%	FusionSeeker
3	positive	ENSG00000068796:ENSG00000288643	false_fusion	10GB	95%	FusionSeeker
2	positive	ENSG00000079387:ENSG00000167110	false_fusion	10GB	95%	FusionSeeker
4	positive	ENSG00000215124:ENSG00000225102	read_through	10GB	95%	FusionSeeker
2	positive	ENSG00000283515:ENSG00000214078	false_fusion	10GB	95%	FusionSeeker
2	positive	ENSG00000283228:ENSG00000182389	false_fusion	1GB	85%	FusionSeeker
2	positive	ENSG00000168288:ENSG00000231969	false_fusion	1GB	85%	FusionSeeker
2	positive	ENSG00000100767:ENSG00000285219	false_fusion	1GB	85%	FusionSeeker
7	positive	ENSG00000285216:ENSG00000285219	false_fusion	1GB	85%	FusionSeeker
2	positive	ENSG00000285216:ENSG00000285219	false_fusion	1GB	85%	FusionSeeker
2	positive	ENSG00000047936:ENSG00000282218	false_fusion	1GB	85%	FusionSeeker
2	positive	ENSG00000168676:ENSG00000198677	truncated_tri_fusion	1GB	85%	FusionSeeker
2	positive	ENSG00000125898:ENSG00000234948	intra_chromosome	1GB	85%	FusionSeeker
4	positive	ENSG00000227028:ENSG00000183023	false_fusion	1GB	85%	FusionSeeker
2	positive	ENSG00000213942:ENSG00000071082	false_fusion	1GB	85%	FusionSeeker
2	positive	ENSG00000144724:ENSG00000109182	false_fusion	1GB	85%	FusionSeeker
2	positive	ENSG00000122406:ENSG00000117598	false_fusion	1GB	85%	FusionSeeker
2	positive	ENSG00000151812:ENSG00000253816	false_fusion	1GB	90%	FusionSeeker
2	positive	ENSG00000151812:ENSG00000253816	false_fusion	1GB	90%	FusionSeeker
2	positive	ENSG00000151812:ENSG00000253816	false_fusion	1GB	90%	FusionSeeker
2	positive	ENSG00000151812:ENSG00000253816	false_fusion	1GB	90%	FusionSeeker
2	positive	ENSG00000151812:ENSG00000100744	truncated_tri_fusion	1GB	90%	FusionSeeker
2	positive	ENSG00000151812:ENSG00000100744	truncated_tri_fusion	1GB	90%	FusionSeeker
2	positive	ENSG00000151812:ENSG00000100744	truncated_tri_fusion	1GB	90%	FusionSeeker
2	positive	ENSG00000151812:ENSG00000100744	truncated_tri_fusion	1GB	90%	FusionSeeker
4	positive	ENSG00000249797:ENSG00000250891	false_fusion	1GB	90%	FusionSeeker
6	positive	ENSG00000285216:ENSG00000285219	false_fusion	1GB	90%	FusionSeeker
5	positive	ENSG00000285216:ENSG00000285219	false_fusion	1GB	90%	FusionSeeker
4	positive	ENSG00000285216:ENSG00000285219	false_fusion	1GB	90%	FusionSeeker
3	positive	ENSG00000285216:ENSG00000285219	false_fusion	1GB	90%	FusionSeeker
2	positive	ENSG00000285216:ENSG00000285219	false_fusion	1GB	90%	FusionSeeker
2	positive	ENSG00000285216:ENSG00000285219	false_fusion	1GB	90%	FusionSeeker
4	positive	ENSG00000246273:ENSG00000134802	reverse_order: intra_chromosome	1GB	90%	FusionSeeker
2	positive	ENSG00000136504:ENSG00000277586	truncated_tri_fusion	1GB	90%	FusionSeeker
2	positive	ENSG00000283228:ENSG00000182389	false_fusion	1GB	90%	FusionSeeker
2	positive	ENSG00000287921:ENSG00000183780	false_fusion:Sense-Antisense	1GB	90%	FusionSeeker
2	positive	ENSG00000247416:ENSG00000149294	false_fusion:Sense-Antisense	1GB	90%	FusionSeeker
2	positive	ENSG00000227028:ENSG00000183023	false_fusion	1GB	90%	FusionSeeker
4	positive	ENSG00000254979:ENSG00000285329	false_fusion	1GB	90%	FusionSeeker
2	positive	ENSG00000283515:ENSG00000214078	false_fusion	1GB	90%	FusionSeeker
2	positive	ENSG00000260364:ENSG00000261742	false_fusion:Sense-Antisense	1GB	90%	FusionSeeker
4	positive	ENSG00000066322:ENSG00000175334	reverse_order:truncated_tri_fusion	1GB	90%	FusionSeeker
2	positive	ENSG00000248049:ENSG00000198092	false_fusion	1GB	90%	FusionSeeker
2	positive	ENSG00000011009:ENSG00000278249	false_fusion	1GB	90%	FusionSeeker
2	positive	ENSG00000283579:ENSG00000154040	false_fusion	1GB	90%	FusionSeeker
2	positive	ENSG00000196935:ENSG00000283625	hybrid	1GB	95%	FusionSeeker
3	positive	ENSG00000227028:ENSG00000183023	false_fusion	1GB	95%	FusionSeeker
4	positive	ENSG00000136444:ENSG00000020256	reverse_order: hybrid	1GB	95%	FusionSeeker
6	positive	ENSG00000285216:ENSG00000285219	false_fusion	1GB	95%	FusionSeeker
4	positive	ENSG00000285216:ENSG00000285219	false_fusion	1GB	95%	FusionSeeker
3	positive	ENSG00000285216:ENSG00000285219	false_fusion	1GB	95%	FusionSeeker
2	positive	ENSG00000285216:ENSG00000285219	false_fusion	1GB	95%	FusionSeeker
2	positive	ENSG00000285216:ENSG00000285219	false_fusion	1GB	95%	FusionSeeker
2	positive	ENSG00000100211:ENSG00000204659	false_fusion	1GB	95%	FusionSeeker
3	positive	ENSG00000285971:ENSG00000185942	false_fusion:Sense-Antisense	1GB	95%	FusionSeeker
4	positive	ENSG00000260364:ENSG00000261742	false_fusion:Sense-Antisense	1GB	95%	FusionSeeker
2	positive	ENSG00000177058:ENSG00000118412	truncated_tri_fusion	1GB	95%	FusionSeeker
3	positive	ENSG00000247416:ENSG00000149294	false_fusion:Sense-Antisense	1GB	95%	FusionSeeker
4	positive	ENSG00000141376:ENSG00000267131	false_fusion:Sense-Antisense	1GB	95%	FusionSeeker
5	positive	ENSG00000187398:ENSG00000283563	false_fusion	1GB	95%	FusionSeeker
6	positive	ENSG00000167524:ENSG00000285171	false_fusion	1GB	95%	FusionSeeker
2	positive	ENSG00000136504:ENSG00000277586	truncated_tri_fusion	1GB	95%	FusionSeeker
2	positive	ENSG00000267128:ENSG00000197462	false_fusion	1GB	95%	FusionSeeker
3	positive	ENSG00000197302:ENSG00000260737	reverse_order: intra_chromosome	1GB	95%	FusionSeeker
2	positive	ENSG00000276570:ENSG00000105063	false_fusion	1GB	95%	FusionSeeker
4	positive	ENSG00000283228:ENSG00000182389	false_fusion	1GB	95%	FusionSeeker
2	positive	ENSG00000213619:ENSG00000109861	reverse_order: hybrid	1GB	95%	FusionSeeker
2	positive	ENSG00000203727:ENSG00000227681	false_fusion	1GB	95%	FusionSeeker
4	positive	ENSG00000223634:ENSG00000235497	read_through	1GB	95%	FusionSeeker
2	positive	ENSG00000264031:ENSG00000176927	false_fusion	1GB	95%	FusionSeeker
3	negative	ENSG00000197249:ENSG00000156508	false_fusion	10GB	85%	GFSeeker
12	negative	ENSG00000269242:ENSG00000147403	false_fusion	10GB	85%	GFSeeker
3	negative	ENSG00000167526:ENSG00000163631	false_fusion	10GB	85%	GFSeeker
2	negative	ENSG00000204131:ENSG00000133112	false_fusion	10GB	85%	GFSeeker
3	negative	ENSG00000145192:ENSG00000163631	false_fusion	10GB	85%	GFSeeker
2	negative	ENSG00000197249:ENSG00000163631	false_fusion	10GB	85%	GFSeeker
2	negative	ENSG00000100412:ENSG00000125691	false_fusion	10GB	85%	GFSeeker
2	negative	ENSG00000197249:ENSG00000147403	false_fusion	10GB	85%	GFSeeker
2	negative	ENSG00000133112:ENSG00000187134	false_fusion	10GB	85%	GFSeeker
2	negative	ENSG00000091513:ENSG00000089157	false_fusion	10GB	85%	GFSeeker
2	negative	ENSG00000156508:ENSG00000167526	false_fusion	10GB	85%	GFSeeker
2	negative	ENSG00000197249:ENSG00000142541	false_fusion	10GB	85%	GFSeeker
17	negative	ENSG00000269242:ENSG00000147403	false_fusion	10GB	90%	GFSeeker
2	negative	ENSG00000087086:ENSG00000221983	false_fusion	10GB	90%	GFSeeker
2	negative	ENSG00000118137:ENSG00000231500	false_fusion	10GB	90%	GFSeeker
2	negative	ENSG00000156508:ENSG00000131469	false_fusion	10GB	90%	GFSeeker
2	negative	ENSG00000156508:ENSG00000167770	false_fusion	10GB	90%	GFSeeker
2	negative	ENSG00000156508:ENSG00000133112	false_fusion	10GB	90%	GFSeeker
2	negative	ENSG00000091583:ENSG00000167526	false_fusion	10GB	90%	GFSeeker
2	negative	ENSG00000087086:ENSG00000197249	false_fusion	10GB	90%	GFSeeker
2	negative	ENSG00000231500:ENSG00000087086	false_fusion	10GB	90%	GFSeeker
2	negative	ENSG00000156508:ENSG00000197249	false_fusion	10GB	90%	GFSeeker
2	negative	ENSG00000239264:ENSG00000156508	false_fusion	10GB	90%	GFSeeker
3	negative	ENSG00000087086:ENSG00000163631	false_fusion	10GB	90%	GFSeeker
17	negative	ENSG00000269242:ENSG00000147403	false_fusion	10GB	95%	GFSeeker
2	negative	ENSG00000087086:ENSG00000221983	false_fusion	10GB	95%	GFSeeker
2	negative	ENSG00000118137:ENSG00000231500	false_fusion	10GB	95%	GFSeeker
2	negative	ENSG00000156508:ENSG00000131469	false_fusion	10GB	95%	GFSeeker
2	negative	ENSG00000156508:ENSG00000167770	false_fusion	10GB	95%	GFSeeker
2	negative	ENSG00000156508:ENSG00000133112	false_fusion	10GB	95%	GFSeeker
2	negative	ENSG00000091583:ENSG00000167526	false_fusion	10GB	95%	GFSeeker
2	negative	ENSG00000087086:ENSG00000197249	false_fusion	10GB	95%	GFSeeker
2	negative	ENSG00000231500:ENSG00000087086	false_fusion	10GB	95%	GFSeeker
2	negative	ENSG00000156508:ENSG00000197249	false_fusion	10GB	95%	GFSeeker
2	negative	ENSG00000239264:ENSG00000156508	false_fusion	10GB	95%	GFSeeker
3	negative	ENSG00000087086:ENSG00000163631	false_fusion	10GB	95%	GFSeeker
2	positive	ENSG00000155511:ENSG00000106617	reverse_order: hybrid	10GB	85%	GFSeeker
2	positive	ENSG00000204131:ENSG00000133112	false_fusion	10GB	85%	GFSeeker
2	positive	ENSG00000163631:ENSG00000170889	false_fusion	10GB	85%	GFSeeker
3	positive	ENSG00000165629:ENSG00000148655	reverse_order: intra_chromosome	10GB	85%	GFSeeker
23	positive	ENSG00000147403:ENSG00000269242	false_fusion	10GB	85%	GFSeeker
6	positive	ENSG00000087258:ENSG00000009830	reverse_order: hybrid	10GB	85%	GFSeeker
3	positive	ENSG00000206384:ENSG00000196455	read_through	10GB	85%	GFSeeker
6	positive	ENSG00000198677:ENSG00000168676	reverse_order:truncated_tri_fusion	10GB	85%	GFSeeker
5	positive	ENSG00000077380:ENSG00000186088	reverse_order:truncated_tri_fusion	10GB	85%	GFSeeker
2	positive	ENSG00000184634:ENSG00000204256	reverse_order: hybrid	10GB	85%	GFSeeker
4	positive	ENSG00000066557:ENSG00000164924	reverse_order:truncated_tri_fusion	10GB	85%	GFSeeker
7	positive	ENSG00000103160:ENSG00000103415	reverse_order: intra_chromosome	10GB	85%	GFSeeker
7	positive	ENSG00000063978:ENSG00000168556	reverse_order: intra_chromosome	10GB	85%	GFSeeker
2	positive	ENSG00000164756:ENSG00000081985	truncated_tri_fusion	10GB	85%	GFSeeker
4	positive	ENSG00000164627:ENSG00000095981	reverse_order: read_through	10GB	85%	GFSeeker
2	positive	ENSG00000109971:ENSG00000095209	hybrid	10GB	85%	GFSeeker
2	positive	ENSG00000154240:ENSG00000187498	reverse_order:truncated_tri_fusion	10GB	85%	GFSeeker
3	positive	ENSG00000101003:ENSG00000088035	truncated_tri_fusion	10GB	85%	GFSeeker
2	positive	ENSG00000100075:ENSG00000100034	intra_chromosome	10GB	85%	GFSeeker
3	positive	ENSG00000003393:ENSG00000170448	reverse_order:truncated_tri_fusion	10GB	85%	GFSeeker
3	positive	ENSG00000163631:ENSG00000156508	false_fusion	10GB	85%	GFSeeker
2	positive	ENSG00000132300:ENSG00000143891	reverse_order: intra_chromosome	10GB	85%	GFSeeker
2	positive	ENSG00000197566:ENSG00000181523	reverse_order: intra_chromosome	10GB	85%	GFSeeker
3	positive	ENSG00000221910:ENSG00000102312	reverse_order:truncated_tri_fusion	10GB	85%	GFSeeker
6	positive	ENSG00000145675:ENSG00000113569	reverse_order: intra_chromosome	10GB	85%	GFSeeker
3	positive	ENSG00000072571:ENSG00000146809	reverse_order:truncated_tri_fusion	10GB	85%	GFSeeker
2	positive	ENSG00000140740:ENSG00000197249	false_fusion	10GB	85%	GFSeeker
3	positive	ENSG00000143633:ENSG00000214097	reverse_order:truncated_tri_fusion	10GB	85%	GFSeeker
2	positive	ENSG00000214097:ENSG00000105819	reverse_order:truncated_tri_fusion	10GB	85%	GFSeeker
2	positive	ENSG00000089094:ENSG00000094631	truncated_tri_fusion	10GB	85%	GFSeeker
2	positive	ENSG00000161016:ENSG00000084070	false_fusion	10GB	85%	GFSeeker
2	positive	ENSG00000145192:ENSG00000156508	false_fusion	10GB	85%	GFSeeker
4	positive	ENSG00000213983:ENSG00000126777	intra_chromosome	10GB	85%	GFSeeker
3	positive	ENSG00000104490:ENSG00000138759	reverse_order:truncated_tri_fusion	10GB	85%	GFSeeker
4	positive	ENSG00000157916:ENSG00000205835	hybrid	10GB	85%	GFSeeker
3	positive	ENSG00000170954:ENSG00000183137	hybrid	10GB	85%	GFSeeker
2	positive	ENSG00000104957:ENSG00000104518	hybrid	10GB	85%	GFSeeker
8	positive	ENSG00000146223:ENSG00000119899	reverse_order: intra_chromosome	10GB	85%	GFSeeker
3	positive	ENSG00000176746:ENSG00000142627	reverse_order:truncated_tri_fusion	10GB	85%	GFSeeker
2	positive	ENSG00000003393:ENSG00000187720	reverse_order:truncated_tri_fusion	10GB	85%	GFSeeker
2	positive	ENSG00000172782:ENSG00000161513	reverse_order: read_through	10GB	85%	GFSeeker
2	positive	ENSG00000145907:ENSG00000082805	truncated_tri_fusion	10GB	85%	GFSeeker
2	positive	ENSG00000111727:ENSG00000111596	intra_chromosome	10GB	85%	GFSeeker
4	positive	ENSG00000151694:ENSG00000185798	truncated_tri_fusion	10GB	85%	GFSeeker
2	positive	ENSG00000221886:ENSG00000174695	intra_chromosome	10GB	85%	GFSeeker
5	positive	ENSG00000108094:ENSG00000085788	hybrid	10GB	85%	GFSeeker
2	positive	ENSG00000118412:ENSG00000177058	reverse_order:truncated_tri_fusion	10GB	85%	GFSeeker
2	positive	ENSG00000148362:ENSG00000169583	read_through	10GB	85%	GFSeeker
3	positive	ENSG00000105613:ENSG00000164011	hybrid	10GB	85%	GFSeeker
3	positive	ENSG00000182621:ENSG00000124155	intra_chromosome	10GB	85%	GFSeeker
2	positive	ENSG00000163631:ENSG00000197249	false_fusion	10GB	85%	GFSeeker
2	positive	ENSG00000173812:ENSG00000163631	false_fusion	10GB	85%	GFSeeker
4	positive	ENSG00000162302:ENSG00000137707	truncated_tri_fusion	10GB	85%	GFSeeker
2	positive	ENSG00000124787:ENSG00000106819	reverse_order:truncated_tri_fusion	10GB	85%	GFSeeker
2	positive	ENSG00000174021:ENSG00000100219	false_fusion	10GB	85%	GFSeeker
3	positive	ENSG00000011275:ENSG00000165383	truncated_tri_fusion	10GB	85%	GFSeeker
2	positive	ENSG00000183476:ENSG00000145734	reverse_order:truncated_tri_fusion	10GB	85%	GFSeeker
2	positive	ENSG00000198677:ENSG00000140853	truncated_tri_fusion	10GB	85%	GFSeeker
3	positive	ENSG00000081692:ENSG00000167257	reverse_order: hybrid	10GB	85%	GFSeeker
2	positive	ENSG00000156508:ENSG00000204628	false_fusion	10GB	85%	GFSeeker
2	positive	ENSG00000141456:ENSG00000228486	reverse_order:truncated_tri_fusion	10GB	85%	GFSeeker
2	positive	ENSG00000159176:ENSG00000117758	reverse_order: intra_chromosome	10GB	85%	GFSeeker
3	positive	ENSG00000184619:ENSG00000081985	reverse_order:truncated_tri_fusion	10GB	85%	GFSeeker
2	positive	ENSG00000171863:ENSG00000163631	false_fusion	10GB	85%	GFSeeker
2	positive	ENSG00000131469:ENSG00000133112	false_fusion	10GB	85%	GFSeeker
2	positive	ENSG00000125503:ENSG00000131037	reverse_order: read_through	10GB	85%	GFSeeker
3	positive	ENSG00000107872:ENSG00000107874	read_through	10GB	85%	GFSeeker
2	positive	ENSG00000087086:ENSG00000273259	false_fusion	10GB	85%	GFSeeker
2	positive	ENSG00000170634:ENSG00000143630	reverse_order: hybrid	10GB	85%	GFSeeker
2	positive	ENSG00000130714:ENSG00000151694	truncated_tri_fusion	10GB	85%	GFSeeker
2	positive	ENSG00000168280:ENSG00000144320	reverse_order: hybrid	10GB	85%	GFSeeker
3	positive	ENSG00000101266:ENSG00000101158	reverse_order: intra_chromosome	10GB	85%	GFSeeker
2	positive	ENSG00000147257:ENSG00000105281	false_fusion	10GB	85%	GFSeeker
2	positive	ENSG00000196586:ENSG00000068097	reverse_order:truncated_tri_fusion	10GB	85%	GFSeeker
2	positive	ENSG00000221963:ENSG00000184708	reverse_order: intra_chromosome	10GB	85%	GFSeeker
2	positive	ENSG00000168621:ENSG00000168958	reverse_order:truncated_tri_fusion	10GB	85%	GFSeeker
3	positive	ENSG00000134326:ENSG00000062485	truncated_tri_fusion	10GB	85%	GFSeeker
2	positive	ENSG00000167207:ENSG00000090565	reverse_order: intra_chromosome	10GB	85%	GFSeeker
2	positive	ENSG00000156508:ENSG00000147403	false_fusion	10GB	85%	GFSeeker
2	positive	ENSG00000143198:ENSG00000167881	truncated_tri_fusion	10GB	85%	GFSeeker
2	positive	ENSG00000167588:ENSG00000110887	intra_chromosome	10GB	85%	GFSeeker
2	positive	ENSG00000145916:ENSG00000003393	reverse_order:truncated_tri_fusion	10GB	85%	GFSeeker
3	positive	ENSG00000221886:ENSG00000174695	intra_chromosome	10GB	90%	GFSeeker
6	positive	ENSG00000143633:ENSG00000214097	reverse_order:truncated_tri_fusion	10GB	90%	GFSeeker
2	positive	ENSG00000156508:ENSG00000135486	false_fusion	10GB	90%	GFSeeker
3	positive	ENSG00000185187:ENSG00000184363	reverse_order: read_through	10GB	90%	GFSeeker
3	positive	ENSG00000106617:ENSG00000155511	hybrid	10GB	90%	GFSeeker
18	positive	ENSG00000147403:ENSG00000269242	false_fusion	10GB	90%	GFSeeker
2	positive	ENSG00000156508:ENSG00000087086	false_fusion	10GB	90%	GFSeeker
5	positive	ENSG00000165383:ENSG00000011275	reverse_order:truncated_tri_fusion	10GB	90%	GFSeeker
3	positive	ENSG00000105613:ENSG00000164011	hybrid	10GB	90%	GFSeeker
2	positive	ENSG00000109736:ENSG00000109113	truncated_tri_fusion	10GB	90%	GFSeeker
3	positive	ENSG00000078699:ENSG00000132003	reverse_order:truncated_tri_fusion	10GB	90%	GFSeeker
2	positive	ENSG00000198677:ENSG00000140853	truncated_tri_fusion	10GB	90%	GFSeeker
2	positive	ENSG00000213988:ENSG00000105193	false_fusion	10GB	90%	GFSeeker
2	positive	ENSG00000156076:ENSG00000180879	hybrid	10GB	90%	GFSeeker
2	positive	ENSG00000104218:ENSG00000096070	reverse_order:truncated_tri_fusion	10GB	90%	GFSeeker
4	positive	ENSG00000134326:ENSG00000062485	truncated_tri_fusion	10GB	90%	GFSeeker
3	positive	ENSG00000119899:ENSG00000146223	intra_chromosome	10GB	90%	GFSeeker
5	positive	ENSG00000106692:ENSG00000082898	hybrid	10GB	90%	GFSeeker
3	positive	ENSG00000139350:ENSG00000136888	truncated_tri_fusion	10GB	90%	GFSeeker
5	positive	ENSG00000107872:ENSG00000107874	read_through	10GB	90%	GFSeeker
4	positive	ENSG00000184619:ENSG00000081985	reverse_order:truncated_tri_fusion	10GB	90%	GFSeeker
2	positive	ENSG00000148604:ENSG00000100811	hybrid	10GB	90%	GFSeeker
5	positive	ENSG00000147434:ENSG00000164953	intra_chromosome	10GB	90%	GFSeeker
2	positive	ENSG00000151694:ENSG00000185798	truncated_tri_fusion	10GB	90%	GFSeeker
7	positive	ENSG00000170634:ENSG00000143630	reverse_order: hybrid	10GB	90%	GFSeeker
7	positive	ENSG00000170954:ENSG00000183137	hybrid	10GB	90%	GFSeeker
4	positive	ENSG00000148655:ENSG00000165629	intra_chromosome	10GB	90%	GFSeeker
5	positive	ENSG00000009830:ENSG00000087258	hybrid	10GB	90%	GFSeeker
2	positive	ENSG00000072571:ENSG00000130714	truncated_tri_fusion	10GB	90%	GFSeeker
3	positive	ENSG00000167526:ENSG00000081051	false_fusion	10GB	90%	GFSeeker
4	positive	ENSG00000104957:ENSG00000104518	hybrid	10GB	90%	GFSeeker
3	positive	ENSG00000164627:ENSG00000095981	reverse_order: read_through	10GB	90%	GFSeeker
4	positive	ENSG00000206560:ENSG00000166851	reverse_order:truncated_tri_fusion	10GB	90%	GFSeeker
2	positive	ENSG00000140987:ENSG00000254979	reverse_order:truncated_tri_fusion	10GB	90%	GFSeeker
5	positive	ENSG00000110887:ENSG00000167588	reverse_order: intra_chromosome	10GB	90%	GFSeeker
4	positive	ENSG00000214097:ENSG00000105819	reverse_order:truncated_tri_fusion	10GB	90%	GFSeeker
6	positive	ENSG00000144320:ENSG00000168280	hybrid	10GB	90%	GFSeeker
2	positive	ENSG00000149657:ENSG00000101182	read_through	10GB	90%	GFSeeker
4	positive	ENSG00000186487:ENSG00000138380	intra_chromosome	10GB	90%	GFSeeker
2	positive	ENSG00000181019:ENSG00000163631	false_fusion	10GB	90%	GFSeeker
6	positive	ENSG00000003393:ENSG00000187720	reverse_order:truncated_tri_fusion	10GB	90%	GFSeeker
7	positive	ENSG00000005381:ENSG00000167419	reverse_order: read_through	10GB	90%	GFSeeker
3	positive	ENSG00000109861:ENSG00000213619	hybrid	10GB	90%	GFSeeker
2	positive	ENSG00000156508:ENSG00000184009	false_fusion	10GB	90%	GFSeeker
3	positive	ENSG00000124787:ENSG00000106819	reverse_order:truncated_tri_fusion	10GB	90%	GFSeeker
4	positive	ENSG00000090565:ENSG00000167207	intra_chromosome	10GB	90%	GFSeeker
4	positive	ENSG00000182621:ENSG00000124155	intra_chromosome	10GB	90%	GFSeeker
2	positive	ENSG00000221910:ENSG00000102312	reverse_order:truncated_tri_fusion	10GB	90%	GFSeeker
2	positive	ENSG00000167996:ENSG00000148248	false_fusion	10GB	90%	GFSeeker
5	positive	ENSG00000066557:ENSG00000164924	reverse_order:truncated_tri_fusion	10GB	90%	GFSeeker
2	positive	ENSG00000159176:ENSG00000117758	reverse_order: intra_chromosome	10GB	90%	GFSeeker
2	positive	ENSG00000138698:ENSG00000198246	truncated_tri_fusion	10GB	90%	GFSeeker
6	positive	ENSG00000108094:ENSG00000085788	hybrid	10GB	90%	GFSeeker
2	positive	ENSG00000163631:ENSG00000197249	false_fusion	10GB	90%	GFSeeker
3	positive	ENSG00000196549:ENSG00000162302	truncated_tri_fusion	10GB	90%	GFSeeker
6	positive	ENSG00000105339:ENSG00000022567	read_through	10GB	90%	GFSeeker
2	positive	ENSG00000081051:ENSG00000087086	false_fusion	10GB	90%	GFSeeker
2	positive	ENSG00000101439:ENSG00000091513	false_fusion	10GB	90%	GFSeeker
3	positive	ENSG00000105889:ENSG00000075303	intra_chromosome	10GB	90%	GFSeeker
3	positive	ENSG00000081051:ENSG00000156508	false_fusion	10GB	90%	GFSeeker
4	positive	ENSG00000168675:ENSG00000102898	truncated_tri_fusion	10GB	90%	GFSeeker
3	positive	ENSG00000120896:ENSG00000221947	reverse_order: intra_chromosome	10GB	90%	GFSeeker
2	positive	ENSG00000204256:ENSG00000184634	hybrid	10GB	90%	GFSeeker
2	positive	ENSG00000132300:ENSG00000143891	reverse_order: intra_chromosome	10GB	90%	GFSeeker
3	positive	ENSG00000170448:ENSG00000003393	truncated_tri_fusion	10GB	90%	GFSeeker
3	positive	ENSG00000124486:ENSG00000124523	reverse_order:truncated_tri_fusion	10GB	90%	GFSeeker
4	positive	ENSG00000163631:ENSG00000156508	false_fusion	10GB	90%	GFSeeker
5	positive	ENSG00000145916:ENSG00000003393	reverse_order:truncated_tri_fusion	10GB	90%	GFSeeker
2	positive	ENSG00000166348:ENSG00000165868	intra_chromosome	10GB	90%	GFSeeker
4	positive	ENSG00000166145:ENSG00000171766	reverse_order: intra_chromosome	10GB	90%	GFSeeker
2	positive	ENSG00000068097:ENSG00000196586	truncated_tri_fusion	10GB	90%	GFSeeker
3	positive	ENSG00000121578:ENSG00000114638	reverse_order: read_through	10GB	90%	GFSeeker
2	positive	ENSG00000077380:ENSG00000186088	reverse_order:truncated_tri_fusion	10GB	90%	GFSeeker
2	positive	ENSG00000145901:ENSG00000119535	hybrid	10GB	90%	GFSeeker
3	positive	ENSG00000091513:ENSG00000197249	false_fusion	10GB	90%	GFSeeker
2	positive	ENSG00000082805:ENSG00000145907	reverse_order:truncated_tri_fusion	10GB	90%	GFSeeker
5	positive	ENSG00000096070:ENSG00000130396	reverse_order:truncated_tri_fusion	10GB	90%	GFSeeker
2	positive	ENSG00000095066:ENSG00000172270	intra_chromosome	10GB	90%	GFSeeker
2	positive	ENSG00000128510:ENSG00000163930	truncated_tri_fusion	10GB	90%	GFSeeker
2	positive	ENSG00000130714:ENSG00000137074	reverse_order: intra_chromosome	10GB	90%	GFSeeker
2	positive	ENSG00000153291:ENSG00000146282	reverse_order: intra_chromosome	10GB	90%	GFSeeker
2	positive	ENSG00000164118:ENSG00000164117	reverse_order: read_through	10GB	90%	GFSeeker
3	positive	ENSG00000131037:ENSG00000125503	read_through	10GB	90%	GFSeeker
4	positive	ENSG00000181786:ENSG00000132170	reverse_order:truncated_tri_fusion	10GB	90%	GFSeeker
3	positive	ENSG00000169583:ENSG00000148362	reverse_order: read_through	10GB	90%	GFSeeker
5	positive	ENSG00000198677:ENSG00000168676	reverse_order:truncated_tri_fusion	10GB	90%	GFSeeker
3	positive	ENSG00000163930:ENSG00000010318	read_through	10GB	90%	GFSeeker
2	positive	ENSG00000142627:ENSG00000176746	truncated_tri_fusion	10GB	90%	GFSeeker
2	positive	ENSG00000144713:ENSG00000171314	false_fusion	10GB	90%	GFSeeker
4	positive	ENSG00000138759:ENSG00000104490	truncated_tri_fusion	10GB	90%	GFSeeker
2	positive	ENSG00000036672:ENSG00000137860	reverse_order:truncated_tri_fusion	10GB	90%	GFSeeker
2	positive	ENSG00000188186:ENSG00000125821	false_fusion	10GB	90%	GFSeeker
3	positive	ENSG00000168591:ENSG00000114923	truncated_tri_fusion	10GB	90%	GFSeeker
2	positive	ENSG00000273259:ENSG00000156508	false_fusion	10GB	90%	GFSeeker
2	positive	ENSG00000187134:ENSG00000197756	false_fusion	10GB	90%	GFSeeker
2	positive	ENSG00000079215:ENSG00000113648	reverse_order: hybrid	10GB	90%	GFSeeker
3	positive	ENSG00000095209:ENSG00000109971	reverse_order: hybrid	10GB	90%	GFSeeker
2	positive	ENSG00000105372:ENSG00000197249	false_fusion	10GB	90%	GFSeeker
2	positive	ENSG00000167996:ENSG00000197249	false_fusion	10GB	90%	GFSeeker
2	positive	ENSG00000198551:ENSG00000284770	reverse_order:truncated_tri_fusion	10GB	90%	GFSeeker
2	positive	ENSG00000213983:ENSG00000126777	intra_chromosome	10GB	90%	GFSeeker
2	positive	ENSG00000081985:ENSG00000164756	reverse_order:truncated_tri_fusion	10GB	90%	GFSeeker
2	positive	ENSG00000214338:ENSG00000184530	read_through	10GB	90%	GFSeeker
2	positive	ENSG00000163631:ENSG00000087086	false_fusion	10GB	90%	GFSeeker
2	positive	ENSG00000163631:ENSG00000156482	false_fusion	10GB	90%	GFSeeker
2	positive	ENSG00000186834:ENSG00000197249	false_fusion	10GB	90%	GFSeeker
2	positive	ENSG00000168621:ENSG00000168958	reverse_order:truncated_tri_fusion	10GB	90%	GFSeeker
2	positive	ENSG00000148834:ENSG00000167526	false_fusion	10GB	90%	GFSeeker
3	positive	ENSG00000164627:ENSG00000095981	reverse_order: read_through	10GB	95%	GFSeeker
2	positive	ENSG00000163631:ENSG00000091513	false_fusion	10GB	95%	GFSeeker
2	positive	ENSG00000188227:ENSG00000197265	reverse_order:truncated_tri_fusion	10GB	95%	GFSeeker
4	positive	ENSG00000110887:ENSG00000167588	reverse_order: intra_chromosome	10GB	95%	GFSeeker
3	positive	ENSG00000143228:ENSG00000196586	reverse_order:truncated_tri_fusion	10GB	95%	GFSeeker
7	positive	ENSG00000081692:ENSG00000167257	reverse_order: hybrid	10GB	95%	GFSeeker
5	positive	ENSG00000136444:ENSG00000020256	reverse_order: hybrid	10GB	95%	GFSeeker
6	positive	ENSG00000103528:ENSG00000110881	false_fusion	10GB	95%	GFSeeker
4	positive	ENSG00000213983:ENSG00000126777	intra_chromosome	10GB	95%	GFSeeker
5	positive	ENSG00000118412:ENSG00000177058	reverse_order:truncated_tri_fusion	10GB	95%	GFSeeker
2	positive	ENSG00000166145:ENSG00000171766	reverse_order: intra_chromosome	10GB	95%	GFSeeker
4	positive	ENSG00000141456:ENSG00000228486	reverse_order:truncated_tri_fusion	10GB	95%	GFSeeker
3	positive	ENSG00000105856:ENSG00000180304	reverse_order: hybrid	10GB	95%	GFSeeker
4	positive	ENSG00000180879:ENSG00000156076	reverse_order: hybrid	10GB	95%	GFSeeker
2	positive	ENSG00000145901:ENSG00000119535	hybrid	10GB	95%	GFSeeker
4	positive	ENSG00000170634:ENSG00000143630	reverse_order: hybrid	10GB	95%	GFSeeker
3	positive	ENSG00000198551:ENSG00000284770	reverse_order:truncated_tri_fusion	10GB	95%	GFSeeker
2	positive	ENSG00000091513:ENSG00000087086	false_fusion	10GB	95%	GFSeeker
2	positive	ENSG00000170873:ENSG00000109339	hybrid	10GB	95%	GFSeeker
4	positive	ENSG00000221963:ENSG00000184708	reverse_order: intra_chromosome	10GB	95%	GFSeeker
2	positive	ENSG00000167658:ENSG00000163631	false_fusion	10GB	95%	GFSeeker
3	positive	ENSG00000009830:ENSG00000087258	hybrid	10GB	95%	GFSeeker
5	positive	ENSG00000105063:ENSG00000105711	reverse_order: intra_chromosome	10GB	95%	GFSeeker
5	positive	ENSG00000168676:ENSG00000198677	truncated_tri_fusion	10GB	95%	GFSeeker
3	positive	ENSG00000148362:ENSG00000169583	read_through	10GB	95%	GFSeeker
2	positive	ENSG00000118137:ENSG00000197249	false_fusion	10GB	95%	GFSeeker
3	positive	ENSG00000087266:ENSG00000147854	hybrid	10GB	95%	GFSeeker
2	positive	ENSG00000183629:ENSG00000010671	reverse_order:truncated_tri_fusion	10GB	95%	GFSeeker
2	positive	ENSG00000284776:ENSG00000188186	reverse_order: hybrid	10GB	95%	GFSeeker
5	positive	ENSG00000147403:ENSG00000269242	false_fusion	10GB	95%	GFSeeker
3	positive	ENSG00000187498:ENSG00000154240	truncated_tri_fusion	10GB	95%	GFSeeker
5	positive	ENSG00000140987:ENSG00000134802	false_fusion	10GB	95%	GFSeeker
5	positive	ENSG00000161920:ENSG00000186566	reverse_order: intra_chromosome	10GB	95%	GFSeeker
4	positive	ENSG00000213619:ENSG00000109861	reverse_order: hybrid	10GB	95%	GFSeeker
4	positive	ENSG00000277586:ENSG00000136504	reverse_order:truncated_tri_fusion	10GB	95%	GFSeeker
2	positive	ENSG00000140987:ENSG00000160752	truncated_tri_fusion	10GB	95%	GFSeeker
2	positive	ENSG00000088035:ENSG00000101003	reverse_order:truncated_tri_fusion	10GB	95%	GFSeeker
4	positive	ENSG00000113648:ENSG00000079215	hybrid	10GB	95%	GFSeeker
2	positive	ENSG00000284906:ENSG00000147041	truncated_tri_fusion	10GB	95%	GFSeeker
2	positive	ENSG00000130714:ENSG00000137074	reverse_order: intra_chromosome	10GB	95%	GFSeeker
4	positive	ENSG00000188321:ENSG00000276043	intra_chromosome	10GB	95%	GFSeeker
3	positive	ENSG00000139350:ENSG00000136888	truncated_tri_fusion	10GB	95%	GFSeeker
6	positive	ENSG00000148655:ENSG00000165629	intra_chromosome	10GB	95%	GFSeeker
2	positive	ENSG00000049759:ENSG00000147573	reverse_order:truncated_tri_fusion	10GB	95%	GFSeeker
6	positive	ENSG00000132300:ENSG00000143891	reverse_order: intra_chromosome	10GB	95%	GFSeeker
4	positive	ENSG00000156508:ENSG00000163631	false_fusion	10GB	95%	GFSeeker
6	positive	ENSG00000102898:ENSG00000168675	reverse_order:truncated_tri_fusion	10GB	95%	GFSeeker
3	positive	ENSG00000164118:ENSG00000164117	reverse_order: read_through	10GB	95%	GFSeeker
2	positive	ENSG00000107872:ENSG00000107874	read_through	10GB	95%	GFSeeker
3	positive	ENSG00000140853:ENSG00000181523	reverse_order:truncated_tri_fusion	10GB	95%	GFSeeker
4	positive	ENSG00000038219:ENSG00000168214	reverse_order: intra_chromosome	10GB	95%	GFSeeker
4	positive	ENSG00000124155:ENSG00000182621	reverse_order: intra_chromosome	10GB	95%	GFSeeker
2	positive	ENSG00000081051:ENSG00000163631	false_fusion	10GB	95%	GFSeeker
4	positive	ENSG00000153291:ENSG00000146282	reverse_order: intra_chromosome	10GB	95%	GFSeeker
7	positive	ENSG00000114638:ENSG00000121578	read_through	10GB	95%	GFSeeker
4	positive	ENSG00000103043:ENSG00000277893	reverse_order:truncated_tri_fusion	10GB	95%	GFSeeker
5	positive	ENSG00000157916:ENSG00000205835	hybrid	10GB	95%	GFSeeker
4	positive	ENSG00000166348:ENSG00000165868	intra_chromosome	10GB	95%	GFSeeker
4	positive	ENSG00000221886:ENSG00000174695	intra_chromosome	10GB	95%	GFSeeker
4	positive	ENSG00000125730:ENSG00000159917	reverse_order: intra_chromosome	10GB	95%	GFSeeker
2	positive	ENSG00000078699:ENSG00000132003	reverse_order:truncated_tri_fusion	10GB	95%	GFSeeker
5	positive	ENSG00000103160:ENSG00000103415	reverse_order: intra_chromosome	10GB	95%	GFSeeker
3	positive	ENSG00000173166:ENSG00000137807	hybrid	10GB	95%	GFSeeker
3	positive	ENSG00000167526:ENSG00000163631	false_fusion	10GB	95%	GFSeeker
7	positive	ENSG00000145916:ENSG00000003393	reverse_order:truncated_tri_fusion	10GB	95%	GFSeeker
2	positive	ENSG00000143198:ENSG00000196839	reverse_order:truncated_tri_fusion	10GB	95%	GFSeeker
4	positive	ENSG00000105613:ENSG00000164011	hybrid	10GB	95%	GFSeeker
2	positive	ENSG00000171735:ENSG00000144815	reverse_order:truncated_tri_fusion	10GB	95%	GFSeeker
4	positive	ENSG00000145675:ENSG00000113569	reverse_order: intra_chromosome	10GB	95%	GFSeeker
2	positive	ENSG00000188186:ENSG00000125821	false_fusion	10GB	95%	GFSeeker
3	positive	ENSG00000010318:ENSG00000163930	reverse_order: read_through	10GB	95%	GFSeeker
4	positive	ENSG00000196586:ENSG00000068097	reverse_order:truncated_tri_fusion	10GB	95%	GFSeeker
3	positive	ENSG00000072571:ENSG00000130714	truncated_tri_fusion	10GB	95%	GFSeeker
4	positive	ENSG00000170144:ENSG00000198551	reverse_order:truncated_tri_fusion	10GB	95%	GFSeeker
5	positive	ENSG00000196549:ENSG00000162302	truncated_tri_fusion	10GB	95%	GFSeeker
4	positive	ENSG00000106819:ENSG00000124787	truncated_tri_fusion	10GB	95%	GFSeeker
3	positive	ENSG00000189326:ENSG00000066322	reverse_order:truncated_tri_fusion	10GB	95%	GFSeeker
4	positive	ENSG00000168280:ENSG00000144320	reverse_order: hybrid	10GB	95%	GFSeeker
2	positive	ENSG00000254979:ENSG00000140987	truncated_tri_fusion	10GB	95%	GFSeeker
2	positive	ENSG00000124486:ENSG00000124523	reverse_order:truncated_tri_fusion	10GB	95%	GFSeeker
2	positive	ENSG00000196136:ENSG00000175899	false_fusion	10GB	95%	GFSeeker
3	positive	ENSG00000138101:ENSG00000144589	intra_chromosome	10GB	95%	GFSeeker
2	positive	ENSG00000154240:ENSG00000039560	truncated_tri_fusion	10GB	95%	GFSeeker
3	positive	ENSG00000063978:ENSG00000168556	reverse_order: intra_chromosome	10GB	95%	GFSeeker
3	positive	ENSG00000151694:ENSG00000130714	reverse_order:truncated_tri_fusion	10GB	95%	GFSeeker
4	positive	ENSG00000105011:ENSG00000125755	intra_chromosome	10GB	95%	GFSeeker
3	positive	ENSG00000132170:ENSG00000181786	truncated_tri_fusion	10GB	95%	GFSeeker
2	positive	ENSG00000156508:ENSG00000115414	false_fusion	10GB	95%	GFSeeker
4	positive	ENSG00000168591:ENSG00000114923	truncated_tri_fusion	10GB	95%	GFSeeker
3	positive	ENSG00000108576:ENSG00000132002	hybrid	10GB	95%	GFSeeker
2	positive	ENSG00000197756:ENSG00000178952	false_fusion	10GB	95%	GFSeeker
3	positive	ENSG00000158987:ENSG00000145901	reverse_order: intra_chromosome	10GB	95%	GFSeeker
4	positive	ENSG00000214097:ENSG00000143633	truncated_tri_fusion	10GB	95%	GFSeeker
2	positive	ENSG00000170889:ENSG00000156508	false_fusion	10GB	95%	GFSeeker
4	positive	ENSG00000036672:ENSG00000137860	reverse_order:truncated_tri_fusion	10GB	95%	GFSeeker
2	positive	ENSG00000156508:ENSG00000005007	false_fusion	10GB	95%	GFSeeker
3	positive	ENSG00000167207:ENSG00000090565	reverse_order: intra_chromosome	10GB	95%	GFSeeker
3	positive	ENSG00000185187:ENSG00000184363	reverse_order: read_through	10GB	95%	GFSeeker
2	positive	ENSG00000145192:ENSG00000142541	false_fusion	10GB	95%	GFSeeker
3	positive	ENSG00000094631:ENSG00000186409	truncated_tri_fusion	10GB	95%	GFSeeker
2	positive	ENSG00000125503:ENSG00000131037	reverse_order: read_through	10GB	95%	GFSeeker
2	positive	ENSG00000120896:ENSG00000221947	reverse_order: intra_chromosome	10GB	95%	GFSeeker
5	positive	ENSG00000077380:ENSG00000186088	reverse_order:truncated_tri_fusion	10GB	95%	GFSeeker
2	positive	ENSG00000100307:ENSG00000172404	false_fusion	10GB	95%	GFSeeker
3	positive	ENSG00000109971:ENSG00000095209	hybrid	10GB	95%	GFSeeker
2	positive	ENSG00000198246:ENSG00000138698	reverse_order:truncated_tri_fusion	10GB	95%	GFSeeker
2	positive	ENSG00000138698:ENSG00000166855	reverse_order:truncated_tri_fusion	10GB	95%	GFSeeker
2	positive	ENSG00000135517:ENSG00000136014	reverse_order:truncated_tri_fusion	10GB	95%	GFSeeker
4	positive	ENSG00000003393:ENSG00000170448	reverse_order:truncated_tri_fusion	10GB	95%	GFSeeker
6	positive	ENSG00000102312:ENSG00000221910	truncated_tri_fusion	10GB	95%	GFSeeker
2	positive	ENSG00000147434:ENSG00000164953	intra_chromosome	10GB	95%	GFSeeker
3	positive	ENSG00000104490:ENSG00000138759	reverse_order:truncated_tri_fusion	10GB	95%	GFSeeker
2	positive	ENSG00000187720:ENSG00000003393	truncated_tri_fusion	10GB	95%	GFSeeker
2	positive	ENSG00000197249:ENSG00000185624	false_fusion	10GB	95%	GFSeeker
7	positive	ENSG00000161513:ENSG00000172782	read_through	10GB	95%	GFSeeker
2	positive	ENSG00000196455:ENSG00000206384	reverse_order: read_through	10GB	95%	GFSeeker
2	positive	ENSG00000163631:ENSG00000175899	false_fusion	10GB	95%	GFSeeker
4	positive	ENSG00000091513:ENSG00000197249	false_fusion	10GB	95%	GFSeeker
3	positive	ENSG00000149657:ENSG00000101182	read_through	10GB	95%	GFSeeker
2	positive	ENSG00000164924:ENSG00000066557	truncated_tri_fusion	10GB	95%	GFSeeker
3	positive	ENSG00000151694:ENSG00000185798	truncated_tri_fusion	10GB	95%	GFSeeker
2	positive	ENSG00000100811:ENSG00000148604	reverse_order: hybrid	10GB	95%	GFSeeker
2	positive	ENSG00000087086:ENSG00000163631	false_fusion	10GB	95%	GFSeeker
2	positive	ENSG00000062485:ENSG00000134326	reverse_order:truncated_tri_fusion	10GB	95%	GFSeeker
2	positive	ENSG00000156508:ENSG00000108679	false_fusion	10GB	95%	GFSeeker
2	positive	ENSG00000101266:ENSG00000101158	reverse_order: intra_chromosome	10GB	95%	GFSeeker
2	positive	ENSG00000156508:ENSG00000087086	false_fusion	10GB	95%	GFSeeker
2	positive	ENSG00000147257:ENSG00000163631	false_fusion	10GB	95%	GFSeeker
4	positive	ENSG00000109113:ENSG00000109736	reverse_order:truncated_tri_fusion	10GB	95%	GFSeeker
3	positive	ENSG00000082898:ENSG00000106692	reverse_order: hybrid	10GB	95%	GFSeeker
2	positive	ENSG00000082805:ENSG00000145907	reverse_order:truncated_tri_fusion	10GB	95%	GFSeeker
3	positive	ENSG00000183137:ENSG00000170954	reverse_order: hybrid	10GB	95%	GFSeeker
2	positive	ENSG00000139197:ENSG00000111300	reverse_order: intra_chromosome	10GB	95%	GFSeeker
2	positive	ENSG00000117758:ENSG00000159176	intra_chromosome	10GB	95%	GFSeeker
2	positive	ENSG00000203734:ENSG00000049759	reverse_order:truncated_tri_fusion	10GB	95%	GFSeeker
2	positive	ENSG00000119899:ENSG00000146223	intra_chromosome	10GB	95%	GFSeeker
2	positive	ENSG00000183476:ENSG00000145734	reverse_order:truncated_tri_fusion	10GB	95%	GFSeeker
2	positive	ENSG00000196136:ENSG00000156508	false_fusion	10GB	95%	GFSeeker
2	positive	ENSG00000159377:ENSG00000101255	false_fusion	10GB	95%	GFSeeker
2	positive	ENSG00000105889:ENSG00000075303	intra_chromosome	10GB	95%	GFSeeker
2	positive	ENSG00000155511:ENSG00000106617	reverse_order: hybrid	1GB	85%	GFSeeker
2	positive	ENSG00000147403:ENSG00000269242	false_fusion	1GB	85%	GFSeeker
2	positive	ENSG00000087258:ENSG00000009830	reverse_order: hybrid	1GB	85%	GFSeeker
2	positive	ENSG00000198677:ENSG00000168676	reverse_order:truncated_tri_fusion	1GB	85%	GFSeeker
2	positive	ENSG00000100075:ENSG00000100034	intra_chromosome	1GB	85%	GFSeeker
2	positive	ENSG00000269242:ENSG00000147403	false_fusion	1GB	90%	GFSeeker
2	positive	ENSG00000011275:ENSG00000165383	truncated_tri_fusion	1GB	90%	GFSeeker
2	positive	ENSG00000170634:ENSG00000143630	reverse_order: hybrid	1GB	90%	GFSeeker
2	positive	ENSG00000170954:ENSG00000183137	hybrid	1GB	90%	GFSeeker
2	positive	ENSG00000136444:ENSG00000020256	reverse_order: hybrid	1GB	95%	GFSeeker
2	positive	ENSG00000118412:ENSG00000177058	reverse_order:truncated_tri_fusion	1GB	95%	GFSeeker
2	positive	ENSG00000140987:ENSG00000134802	false_fusion	1GB	95%	GFSeeker
2	positive	ENSG00000213619:ENSG00000109861	reverse_order: hybrid	1GB	95%	GFSeeker
229	negative	ENSG00000011295:ENSG00000137818	false_fusion	100GB	85%	CTAT-LR-Fusion
182	negative	ENSG00000011295:ENSG00000137818	false_fusion	100GB	85%	CTAT-LR-Fusion
117	negative	ENSG00000011295:ENSG00000137818	false_fusion	100GB	85%	CTAT-LR-Fusion
102	negative	ENSG00000011295:ENSG00000137818	false_fusion	100GB	85%	CTAT-LR-Fusion
84	negative	ENSG00000213498:ENSG00000133112	false_fusion	100GB	85%	CTAT-LR-Fusion
76	negative	ENSG00000213498:ENSG00000133112	false_fusion	100GB	85%	CTAT-LR-Fusion
74	negative	ENSG00000011295:ENSG00000137818	false_fusion	100GB	85%	CTAT-LR-Fusion
44	negative	ENSG00000177600:ENSG00000239809	false_fusion	100GB	85%	CTAT-LR-Fusion
39	negative	ENSG00000100316:ENSG00000258013	false_fusion	100GB	85%	CTAT-LR-Fusion
38	negative	ENSG00000232463:ENSG00000167526	false_fusion	100GB	85%	CTAT-LR-Fusion
33	negative	ENSG00000013297:ENSG00000285051	false_fusion	100GB	85%	CTAT-LR-Fusion
31	negative	ENSG00000011295:ENSG00000137818	false_fusion	100GB	85%	CTAT-LR-Fusion
21	negative	ENSG00000230417:ENSG00000282863	false_fusion	100GB	85%	CTAT-LR-Fusion
20	negative	ENSG00000241837:ENSG00000159147	false_fusion	100GB	85%	CTAT-LR-Fusion
19	negative	ENSG00000281880:ENSG00000049449	false_fusion	100GB	85%	CTAT-LR-Fusion
19	negative	ENSG00000232900:ENSG00000101384	false_fusion	100GB	85%	CTAT-LR-Fusion
17	negative	ENSG00000164162:ENSG00000285783	false_fusion	100GB	85%	CTAT-LR-Fusion
17	negative	ENSG00000047932:ENSG00000047936	false_fusion	100GB	85%	CTAT-LR-Fusion
17	negative	ENSG00000068796:ENSG00000086200	false_fusion	100GB	85%	CTAT-LR-Fusion
17	negative	ENSG00000223941:ENSG00000197584	false_fusion	100GB	85%	CTAT-LR-Fusion
15	negative	ENSG00000290606:ENSG00000267243	false_fusion	100GB	85%	CTAT-LR-Fusion
15	negative	ENSG00000145216:ENSG00000134853	false_fusion	100GB	85%	CTAT-LR-Fusion
15	negative	ENSG00000259905:ENSG00000128739	false_fusion	100GB	85%	CTAT-LR-Fusion
14	negative	ENSG00000283269:ENSG00000267243	false_fusion	100GB	85%	CTAT-LR-Fusion
14	negative	ENSG00000011295:ENSG00000137818	false_fusion	100GB	85%	CTAT-LR-Fusion
13	negative	ENSG00000182568:ENSG00000131374	false_fusion	100GB	85%	CTAT-LR-Fusion
13	negative	ENSG00000136869:ENSG00000284977	false_fusion	100GB	85%	CTAT-LR-Fusion
12	negative	ENSG00000213498:ENSG00000133112	false_fusion	100GB	85%	CTAT-LR-Fusion
12	negative	ENSG00000011295:ENSG00000137818	false_fusion	100GB	85%	CTAT-LR-Fusion
12	negative	ENSG00000011295:ENSG00000137818	false_fusion	100GB	85%	CTAT-LR-Fusion
56	negative	ENSG00000011295:ENSG00000137818	false_fusion	100GB	90%	CTAT-LR-Fusion
43	negative	ENSG00000047932:ENSG00000047936	false_fusion	100GB	90%	CTAT-LR-Fusion
39	negative	ENSG00000011295:ENSG00000137818	false_fusion	100GB	90%	CTAT-LR-Fusion
38	negative	ENSG00000011295:ENSG00000137818	false_fusion	100GB	90%	CTAT-LR-Fusion
37	negative	ENSG00000254485:ENSG00000196220	false_fusion	100GB	90%	CTAT-LR-Fusion
35	negative	ENSG00000203727:ENSG00000227681	false_fusion	100GB	90%	CTAT-LR-Fusion
34	negative	ENSG00000259905:ENSG00000128739	false_fusion	100GB	90%	CTAT-LR-Fusion
33	negative	ENSG00000013297:ENSG00000285051	false_fusion	100GB	90%	CTAT-LR-Fusion
32	negative	ENSG00000241837:ENSG00000159147	false_fusion	100GB	90%	CTAT-LR-Fusion
32	negative	ENSG00000139287:ENSG00000072657	false_fusion	100GB	90%	CTAT-LR-Fusion
31	negative	ENSG00000281880:ENSG00000049449	false_fusion	100GB	90%	CTAT-LR-Fusion
30	negative	ENSG00000284686:ENSG00000260971	false_fusion	100GB	90%	CTAT-LR-Fusion
30	negative	ENSG00000145216:ENSG00000134853	false_fusion	100GB	90%	CTAT-LR-Fusion
30	negative	ENSG00000223941:ENSG00000197584	false_fusion	100GB	90%	CTAT-LR-Fusion
30	negative	ENSG00000182568:ENSG00000131374	false_fusion	100GB	90%	CTAT-LR-Fusion
29	negative	ENSG00000068796:ENSG00000086200	false_fusion	100GB	90%	CTAT-LR-Fusion
29	negative	ENSG00000140025:ENSG00000053254	false_fusion	100GB	90%	CTAT-LR-Fusion
27	negative	ENSG00000011295:ENSG00000137818	false_fusion	100GB	90%	CTAT-LR-Fusion
25	negative	ENSG00000130962:ENSG00000156298	false_fusion	100GB	90%	CTAT-LR-Fusion
23	negative	ENSG00000164162:ENSG00000285783	false_fusion	100GB	90%	CTAT-LR-Fusion
23	negative	ENSG00000230417:ENSG00000282863	false_fusion	100GB	90%	CTAT-LR-Fusion
22	negative	ENSG00000232900:ENSG00000101384	false_fusion	100GB	90%	CTAT-LR-Fusion
21	negative	ENSG00000283269:ENSG00000267243	false_fusion	100GB	90%	CTAT-LR-Fusion
21	negative	ENSG00000290606:ENSG00000267243	false_fusion	100GB	90%	CTAT-LR-Fusion
21	negative	ENSG00000013503:ENSG00000111785	false_fusion	100GB	90%	CTAT-LR-Fusion
20	negative	ENSG00000136869:ENSG00000284977	false_fusion	100GB	90%	CTAT-LR-Fusion
19	negative	ENSG00000099810:ENSG00000240498	false_fusion	100GB	90%	CTAT-LR-Fusion
18	negative	ENSG00000232463:ENSG00000167526	false_fusion	100GB	90%	CTAT-LR-Fusion
18	negative	ENSG00000219545:ENSG00000106415	false_fusion	100GB	90%	CTAT-LR-Fusion
15	negative	ENSG00000177600:ENSG00000239809	false_fusion	100GB	90%	CTAT-LR-Fusion
12	negative	ENSG00000232234:ENSG00000285219	false_fusion	100GB	90%	CTAT-LR-Fusion
12	negative	ENSG00000011295:ENSG00000137818	false_fusion	100GB	90%	CTAT-LR-Fusion
48	negative	ENSG00000139287:ENSG00000072657	false_fusion	100GB	95%	CTAT-LR-Fusion
46	negative	ENSG00000241837:ENSG00000159147	false_fusion	100GB	95%	CTAT-LR-Fusion
46	negative	ENSG00000130962:ENSG00000156298	false_fusion	100GB	95%	CTAT-LR-Fusion
45	negative	ENSG00000013297:ENSG00000285051	false_fusion	100GB	95%	CTAT-LR-Fusion
43	negative	ENSG00000281880:ENSG00000049449	false_fusion	100GB	95%	CTAT-LR-Fusion
42	negative	ENSG00000254485:ENSG00000196220	false_fusion	100GB	95%	CTAT-LR-Fusion
42	negative	ENSG00000068796:ENSG00000086200	false_fusion	100GB	95%	CTAT-LR-Fusion
40	negative	ENSG00000140025:ENSG00000053254	false_fusion	100GB	95%	CTAT-LR-Fusion
40	negative	ENSG00000203727:ENSG00000227681	false_fusion	100GB	95%	CTAT-LR-Fusion
40	negative	ENSG00000219545:ENSG00000106415	false_fusion	100GB	95%	CTAT-LR-Fusion
39	negative	ENSG00000099810:ENSG00000240498	false_fusion	100GB	95%	CTAT-LR-Fusion
36	negative	ENSG00000182568:ENSG00000131374	false_fusion	100GB	95%	CTAT-LR-Fusion
35	negative	ENSG00000223941:ENSG00000197584	false_fusion	100GB	95%	CTAT-LR-Fusion
34	negative	ENSG00000232900:ENSG00000101384	false_fusion	100GB	95%	CTAT-LR-Fusion
32	negative	ENSG00000164162:ENSG00000285783	false_fusion	100GB	95%	CTAT-LR-Fusion
32	negative	ENSG00000284686:ENSG00000260971	false_fusion	100GB	95%	CTAT-LR-Fusion
32	negative	ENSG00000047932:ENSG00000047936	false_fusion	100GB	95%	CTAT-LR-Fusion
28	negative	ENSG00000145216:ENSG00000134853	false_fusion	100GB	95%	CTAT-LR-Fusion
26	negative	ENSG00000230417:ENSG00000282863	false_fusion	100GB	95%	CTAT-LR-Fusion
25	negative	ENSG00000175779:ENSG00000259423	false_fusion	100GB	95%	CTAT-LR-Fusion
22	negative	ENSG00000281880:ENSG00000049449	false_fusion	100GB	95%	CTAT-LR-Fusion
11	negative	ENSG00000283269:ENSG00000267243	false_fusion	100GB	95%	CTAT-LR-Fusion
11	negative	ENSG00000290606:ENSG00000267243	false_fusion	100GB	95%	CTAT-LR-Fusion
27	negative	ENSG00000011295:ENSG00000137818	false_fusion	10GB	85%	CTAT-LR-Fusion
21	negative	ENSG00000011295:ENSG00000137818	false_fusion	10GB	85%	CTAT-LR-Fusion
12	negative	ENSG00000011295:ENSG00000137818	false_fusion	10GB	85%	CTAT-LR-Fusion
11	negative	ENSG00000011295:ENSG00000137818	false_fusion	10GB	85%	CTAT-LR-Fusion
5	negative	ENSG00000011295:ENSG00000137818	false_fusion	10GB	85%	CTAT-LR-Fusion
4	negative	ENSG00000013297:ENSG00000285051	false_fusion	10GB	85%	CTAT-LR-Fusion
4	negative	ENSG00000223941:ENSG00000197584	false_fusion	10GB	85%	CTAT-LR-Fusion
3	negative	ENSG00000241837:ENSG00000159147	false_fusion	10GB	85%	CTAT-LR-Fusion
3	negative	ENSG00000232900:ENSG00000101384	false_fusion	10GB	85%	CTAT-LR-Fusion
3	negative	ENSG00000284686:ENSG00000260971	false_fusion	10GB	85%	CTAT-LR-Fusion
3	negative	ENSG00000259905:ENSG00000128739	false_fusion	10GB	85%	CTAT-LR-Fusion
3	negative	ENSG00000011295:ENSG00000137818	false_fusion	10GB	85%	CTAT-LR-Fusion
2	negative	ENSG00000283269:ENSG00000267243	false_fusion	10GB	85%	CTAT-LR-Fusion
2	negative	ENSG00000290606:ENSG00000267243	false_fusion	10GB	85%	CTAT-LR-Fusion
2	negative	ENSG00000068796:ENSG00000086200	false_fusion	10GB	85%	CTAT-LR-Fusion
6	negative	ENSG00000139287:ENSG00000072657	false_fusion	10GB	90%	CTAT-LR-Fusion
5	negative	ENSG00000230417:ENSG00000282863	false_fusion	10GB	90%	CTAT-LR-Fusion
5	negative	ENSG00000219545:ENSG00000106415	false_fusion	10GB	90%	CTAT-LR-Fusion
5	negative	ENSG00000140025:ENSG00000053254	false_fusion	10GB	90%	CTAT-LR-Fusion
4	negative	ENSG00000068796:ENSG00000086200	false_fusion	10GB	90%	CTAT-LR-Fusion
4	negative	ENSG00000182568:ENSG00000131374	false_fusion	10GB	90%	CTAT-LR-Fusion
4	negative	ENSG00000223941:ENSG00000197584	false_fusion	10GB	90%	CTAT-LR-Fusion
4	negative	ENSG00000130962:ENSG00000156298	false_fusion	10GB	90%	CTAT-LR-Fusion
4	negative	ENSG00000254485:ENSG00000196220	false_fusion	10GB	90%	CTAT-LR-Fusion
4	negative	ENSG00000013297:ENSG00000285051	false_fusion	10GB	90%	CTAT-LR-Fusion
4	negative	ENSG00000241837:ENSG00000159147	false_fusion	10GB	90%	CTAT-LR-Fusion
3	negative	ENSG00000284686:ENSG00000260971	false_fusion	10GB	90%	CTAT-LR-Fusion
3	negative	ENSG00000047932:ENSG00000047936	false_fusion	10GB	90%	CTAT-LR-Fusion
3	negative	ENSG00000281880:ENSG00000049449	false_fusion	10GB	90%	CTAT-LR-Fusion
2	negative	ENSG00000232900:ENSG00000101384	false_fusion	10GB	90%	CTAT-LR-Fusion
2	negative	ENSG00000145216:ENSG00000134853	false_fusion	10GB	90%	CTAT-LR-Fusion
2	negative	ENSG00000099810:ENSG00000240498	false_fusion	10GB	90%	CTAT-LR-Fusion
2	negative	ENSG00000203727:ENSG00000227681	false_fusion	10GB	90%	CTAT-LR-Fusion
6	negative	ENSG00000139287:ENSG00000072657	false_fusion	10GB	95%	CTAT-LR-Fusion
5	negative	ENSG00000230417:ENSG00000282863	false_fusion	10GB	95%	CTAT-LR-Fusion
5	negative	ENSG00000219545:ENSG00000106415	false_fusion	10GB	95%	CTAT-LR-Fusion
5	negative	ENSG00000140025:ENSG00000053254	false_fusion	10GB	95%	CTAT-LR-Fusion
4	negative	ENSG00000068796:ENSG00000086200	false_fusion	10GB	95%	CTAT-LR-Fusion
4	negative	ENSG00000182568:ENSG00000131374	false_fusion	10GB	95%	CTAT-LR-Fusion
4	negative	ENSG00000223941:ENSG00000197584	false_fusion	10GB	95%	CTAT-LR-Fusion
4	negative	ENSG00000130962:ENSG00000156298	false_fusion	10GB	95%	CTAT-LR-Fusion
4	negative	ENSG00000254485:ENSG00000196220	false_fusion	10GB	95%	CTAT-LR-Fusion
4	negative	ENSG00000013297:ENSG00000285051	false_fusion	10GB	95%	CTAT-LR-Fusion
4	negative	ENSG00000241837:ENSG00000159147	false_fusion	10GB	95%	CTAT-LR-Fusion
3	negative	ENSG00000284686:ENSG00000260971	false_fusion	10GB	95%	CTAT-LR-Fusion
3	negative	ENSG00000047932:ENSG00000047936	false_fusion	10GB	95%	CTAT-LR-Fusion
3	negative	ENSG00000281880:ENSG00000049449	false_fusion	10GB	95%	CTAT-LR-Fusion
2	negative	ENSG00000232900:ENSG00000101384	false_fusion	10GB	95%	CTAT-LR-Fusion
2	negative	ENSG00000145216:ENSG00000134853	false_fusion	10GB	95%	CTAT-LR-Fusion
2	negative	ENSG00000099810:ENSG00000240498	false_fusion	10GB	95%	CTAT-LR-Fusion
2	negative	ENSG00000203727:ENSG00000227681	false_fusion	10GB	95%	CTAT-LR-Fusion
2	negative	ENSG00000219545:ENSG00000106415	false_fusion	1GB	90%	CTAT-LR-Fusion
2	negative	ENSG00000219545:ENSG00000106415	false_fusion	1GB	95%	CTAT-LR-Fusion
204	positive	ENSG00000011295:ENSG00000137818	false_fusion	100GB	85%	CTAT-LR-Fusion
159	positive	ENSG00000011295:ENSG00000137818	false_fusion	100GB	85%	CTAT-LR-Fusion
136	positive	ENSG00000011295:ENSG00000137818	false_fusion	100GB	85%	CTAT-LR-Fusion
98	positive	ENSG00000011295:ENSG00000137818	false_fusion	100GB	85%	CTAT-LR-Fusion
76	positive	ENSG00000270764:ENSG00000137818	false_fusion	100GB	85%	CTAT-LR-Fusion
75	positive	ENSG00000213498:ENSG00000133112	false_fusion	100GB	85%	CTAT-LR-Fusion
74	positive	ENSG00000226888:ENSG00000137818	false_fusion	100GB	85%	CTAT-LR-Fusion
71	positive	ENSG00000213498:ENSG00000133112	false_fusion	100GB	85%	CTAT-LR-Fusion
67	positive	ENSG00000011295:ENSG00000137818	false_fusion	100GB	85%	CTAT-LR-Fusion
44	positive	ENSG00000177600:ENSG00000239809	false_fusion	100GB	85%	CTAT-LR-Fusion
41	positive	ENSG00000066427:ENSG00000272767	truncated_tri_fusion	100GB	85%	CTAT-LR-Fusion
37	positive	ENSG00000101158:ENSG00000101266	intra_chromosome	100GB	85%	CTAT-LR-Fusion
36	positive	ENSG00000232463:ENSG00000167526	false_fusion	100GB	85%	CTAT-LR-Fusion
35	positive	ENSG00000009830:ENSG00000087258	hybrid	100GB	85%	CTAT-LR-Fusion
33	positive	ENSG00000077684:ENSG00000223768	hybrid	100GB	85%	CTAT-LR-Fusion
32	positive	ENSG00000142156:ENSG00000237945	intra_chromosome	100GB	85%	CTAT-LR-Fusion
32	positive	ENSG00000168556:ENSG00000063978	intra_chromosome	100GB	85%	CTAT-LR-Fusion
30	positive	ENSG00000110002:ENSG00000237250	hybrid	100GB	85%	CTAT-LR-Fusion
30	positive	ENSG00000186088:ENSG00000077380	truncated_tri_fusion	100GB	85%	CTAT-LR-Fusion
29	positive	ENSG00000124523:ENSG00000124486	truncated_tri_fusion	100GB	85%	CTAT-LR-Fusion
28	positive	ENSG00000103415:ENSG00000103160	intra_chromosome	100GB	85%	CTAT-LR-Fusion
28	positive	ENSG00000168675:ENSG00000102898	truncated_tri_fusion	100GB	85%	CTAT-LR-Fusion
28	positive	ENSG00000106829:ENSG00000228714	intra_chromosome	100GB	85%	CTAT-LR-Fusion
28	positive	ENSG00000011295:ENSG00000137818	false_fusion	100GB	85%	CTAT-LR-Fusion
27	positive	ENSG00000280426:ENSG00000076513	read_through	100GB	85%	CTAT-LR-Fusion
27	positive	ENSG00000224597:ENSG00000096746	intra_chromosome	100GB	85%	CTAT-LR-Fusion
27	positive	ENSG00000291093:ENSG00000096746	intra_chromosome	100GB	85%	CTAT-LR-Fusion
26	positive	ENSG00000290606:ENSG00000267243	false_fusion	100GB	85%	CTAT-LR-Fusion
26	positive	ENSG00000182621:ENSG00000124155	intra_chromosome	100GB	85%	CTAT-LR-Fusion
26	positive	ENSG00000144815:ENSG00000171735	truncated_tri_fusion	100GB	85%	CTAT-LR-Fusion
26	positive	ENSG00000213983:ENSG00000126777	intra_chromosome	100GB	85%	CTAT-LR-Fusion
26	positive	ENSG00000232900:ENSG00000101384	false_fusion	100GB	85%	CTAT-LR-Fusion
26	positive	ENSG00000227083:ENSG00000235262	intra_chromosome	100GB	85%	CTAT-LR-Fusion
25	positive	ENSG00000283269:ENSG00000267243	false_fusion	100GB	85%	CTAT-LR-Fusion
25	positive	ENSG00000249859:ENSG00000253503	intra_chromosome	100GB	85%	CTAT-LR-Fusion
24	positive	ENSG00000145216:ENSG00000134853	false_fusion	100GB	85%	CTAT-LR-Fusion
24	positive	ENSG00000284763:ENSG00000230284	intra_chromosome	100GB	85%	CTAT-LR-Fusion
24	positive	ENSG00000134326:ENSG00000062485	truncated_tri_fusion	100GB	85%	CTAT-LR-Fusion
24	positive	ENSG00000172404:ENSG00000226024	intra_chromosome	100GB	85%	CTAT-LR-Fusion
23	positive	ENSG00000134058:ENSG00000176970	truncated_tri_fusion	100GB	85%	CTAT-LR-Fusion
23	positive	ENSG00000260995:ENSG00000165806	truncated_tri_fusion	100GB	85%	CTAT-LR-Fusion
23	positive	ENSG00000036672:ENSG00000261821	truncated_tri_fusion	100GB	85%	CTAT-LR-Fusion
22	positive	ENSG00000243789:ENSG00000125462	truncated_tri_fusion	100GB	85%	CTAT-LR-Fusion
22	positive	ENSG00000272274:ENSG00000236581	intra_chromosome	100GB	85%	CTAT-LR-Fusion
22	positive	ENSG00000134020:ENSG00000248538	intra_chromosome	100GB	85%	CTAT-LR-Fusion
22	positive	ENSG00000102312:ENSG00000221910	truncated_tri_fusion	100GB	85%	CTAT-LR-Fusion
22	positive	ENSG00000112306:ENSG00000232965	false_fusion	100GB	85%	CTAT-LR-Fusion
21	positive	ENSG00000247627:ENSG00000189167	hybrid	100GB	85%	CTAT-LR-Fusion
21	positive	ENSG00000146143:ENSG00000181523	truncated_tri_fusion	100GB	85%	CTAT-LR-Fusion
21	positive	ENSG00000114638:ENSG00000121578	read_through	100GB	85%	CTAT-LR-Fusion
20	positive	ENSG00000288769:ENSG00000111907	hybrid	100GB	85%	CTAT-LR-Fusion
20	positive	ENSG00000072571:ENSG00000130714	truncated_tri_fusion	100GB	85%	CTAT-LR-Fusion
20	positive	ENSG00000177731:ENSG00000256422	truncated_tri_fusion	100GB	85%	CTAT-LR-Fusion
20	positive	ENSG00000164162:ENSG00000285783	false_fusion	100GB	85%	CTAT-LR-Fusion
20	positive	ENSG00000114867:ENSG00000275389	truncated_tri_fusion	100GB	85%	CTAT-LR-Fusion
19	positive	ENSG00000235162:ENSG00000286520	read_through	100GB	85%	CTAT-LR-Fusion
19	positive	ENSG00000204659:ENSG00000228274	truncated_tri_fusion	100GB	85%	CTAT-LR-Fusion
19	positive	ENSG00000013297:ENSG00000285051	false_fusion	100GB	85%	CTAT-LR-Fusion
19	positive	ENSG00000047932:ENSG00000047936	false_fusion	100GB	85%	CTAT-LR-Fusion
19	positive	ENSG00000148655:ENSG00000165629	intra_chromosome	100GB	85%	CTAT-LR-Fusion
19	positive	ENSG00000165383:ENSG00000247572	truncated_tri_fusion	100GB	85%	CTAT-LR-Fusion
18	positive	ENSG00000225746:ENSG00000258867	intra_chromosome	100GB	85%	CTAT-LR-Fusion
18	positive	ENSG00000146556:ENSG00000141499	hybrid	100GB	85%	CTAT-LR-Fusion
18	positive	ENSG00000291134:ENSG00000141499	hybrid	100GB	85%	CTAT-LR-Fusion
18	positive	ENSG00000147573:ENSG00000049759	truncated_tri_fusion	100GB	85%	CTAT-LR-Fusion
18	positive	ENSG00000148604:ENSG00000100811	hybrid	100GB	85%	CTAT-LR-Fusion
18	positive	ENSG00000281920:ENSG00000198363	truncated_tri_fusion	100GB	85%	CTAT-LR-Fusion
18	positive	ENSG00000260737:ENSG00000197302	intra_chromosome	100GB	85%	CTAT-LR-Fusion
18	positive	ENSG00000167588:ENSG00000110887	intra_chromosome	100GB	85%	CTAT-LR-Fusion
18	positive	ENSG00000145907:ENSG00000082805	truncated_tri_fusion	100GB	85%	CTAT-LR-Fusion
17	positive	ENSG00000233593:ENSG00000285532	read_through	100GB	85%	CTAT-LR-Fusion
17	positive	ENSG00000105339:ENSG00000022567	read_through	100GB	85%	CTAT-LR-Fusion
17	positive	ENSG00000166851:ENSG00000206560	truncated_tri_fusion	100GB	85%	CTAT-LR-Fusion
17	positive	ENSG00000270764:ENSG00000137818	false_fusion	100GB	85%	CTAT-LR-Fusion
17	positive	ENSG00000096070:ENSG00000104218	truncated_tri_fusion	100GB	85%	CTAT-LR-Fusion
17	positive	ENSG00000048740:ENSG00000225830	intra_chromosome	100GB	85%	CTAT-LR-Fusion
17	positive	ENSG00000146809:ENSG00000072571	truncated_tri_fusion	100GB	85%	CTAT-LR-Fusion
17	positive	ENSG00000145734:ENSG00000183476	truncated_tri_fusion	100GB	85%	CTAT-LR-Fusion
16	positive	ENSG00000281880:ENSG00000049449	false_fusion	100GB	85%	CTAT-LR-Fusion
16	positive	ENSG00000104957:ENSG00000104518	hybrid	100GB	85%	CTAT-LR-Fusion
16	positive	ENSG00000164756:ENSG00000081985	truncated_tri_fusion	100GB	85%	CTAT-LR-Fusion
16	positive	ENSG00000177600:ENSG00000239809	false_fusion	100GB	85%	CTAT-LR-Fusion
16	positive	ENSG00000146282:ENSG00000153291	intra_chromosome	100GB	85%	CTAT-LR-Fusion
16	positive	ENSG00000168958:ENSG00000168621	truncated_tri_fusion	100GB	85%	CTAT-LR-Fusion
16	positive	ENSG00000144320:ENSG00000168280	hybrid	100GB	85%	CTAT-LR-Fusion
16	positive	ENSG00000230417:ENSG00000282863	false_fusion	100GB	85%	CTAT-LR-Fusion
16	positive	ENSG00000138759:ENSG00000104490	truncated_tri_fusion	100GB	85%	CTAT-LR-Fusion
16	positive	ENSG00000107872:ENSG00000107874	read_through	100GB	85%	CTAT-LR-Fusion
16	positive	ENSG00000244607:ENSG00000138347	hybrid	100GB	85%	CTAT-LR-Fusion
15	positive	ENSG00000130714:ENSG00000151694	truncated_tri_fusion	100GB	85%	CTAT-LR-Fusion
15	positive	ENSG00000188321:ENSG00000276043	intra_chromosome	100GB	85%	CTAT-LR-Fusion
15	positive	ENSG00000141556:ENSG00000197265	truncated_tri_fusion	100GB	85%	CTAT-LR-Fusion
15	positive	ENSG00000259905:ENSG00000128739	false_fusion	100GB	85%	CTAT-LR-Fusion
15	positive	ENSG00000226055:ENSG00000168591	truncated_tri_fusion	100GB	85%	CTAT-LR-Fusion
15	positive	ENSG00000234456:ENSG00000139350	truncated_tri_fusion	100GB	85%	CTAT-LR-Fusion
15	positive	ENSG00000145216:ENSG00000172922	truncated_tri_fusion	100GB	85%	CTAT-LR-Fusion
15	positive	ENSG00000236044:ENSG00000181927	hybrid	100GB	85%	CTAT-LR-Fusion
14	positive	ENSG00000198838:ENSG00000276702	read_through	100GB	85%	CTAT-LR-Fusion
14	positive	ENSG00000069329:ENSG00000253327	hybrid	100GB	85%	CTAT-LR-Fusion
14	positive	ENSG00000136869:ENSG00000284977	false_fusion	100GB	85%	CTAT-LR-Fusion
14	positive	ENSG00000245910:ENSG00000108465	truncated_tri_fusion	100GB	85%	CTAT-LR-Fusion
14	positive	ENSG00000177058:ENSG00000118412	truncated_tri_fusion	100GB	85%	CTAT-LR-Fusion
14	positive	ENSG00000151967:ENSG00000255248	hybrid	100GB	85%	CTAT-LR-Fusion
14	positive	ENSG00000157916:ENSG00000205835	hybrid	100GB	85%	CTAT-LR-Fusion
14	positive	ENSG00000135241:ENSG00000225612	intra_chromosome	100GB	85%	CTAT-LR-Fusion
14	positive	ENSG00000244754:ENSG00000233124	intra_chromosome	100GB	85%	CTAT-LR-Fusion
14	positive	ENSG00000196549:ENSG00000162302	truncated_tri_fusion	100GB	85%	CTAT-LR-Fusion
14	positive	ENSG00000081985:ENSG00000184619	truncated_tri_fusion	100GB	85%	CTAT-LR-Fusion
13	positive	ENSG00000181523:ENSG00000140853	truncated_tri_fusion	100GB	85%	CTAT-LR-Fusion
13	positive	ENSG00000069329:ENSG00000253327	hybrid	100GB	85%	CTAT-LR-Fusion
13	positive	ENSG00000232354:ENSG00000114812	read_through	100GB	85%	CTAT-LR-Fusion
13	positive	ENSG00000115652:ENSG00000228363	intra_chromosome	100GB	85%	CTAT-LR-Fusion
13	positive	ENSG00000182796:ENSG00000231851	truncated_tri_fusion	100GB	85%	CTAT-LR-Fusion
13	positive	ENSG00000198677:ENSG00000140853	truncated_tri_fusion	100GB	85%	CTAT-LR-Fusion
13	positive	ENSG00000206560:ENSG00000091651	truncated_tri_fusion	100GB	85%	CTAT-LR-Fusion
13	positive	ENSG00000260840:ENSG00000093072	truncated_tri_fusion	100GB	85%	CTAT-LR-Fusion
13	positive	ENSG00000286799:ENSG00000257497	truncated_tri_fusion	100GB	85%	CTAT-LR-Fusion
13	positive	ENSG00000286799:ENSG00000257497	truncated_tri_fusion	100GB	85%	CTAT-LR-Fusion
13	positive	ENSG00000244607:ENSG00000138347	hybrid	100GB	85%	CTAT-LR-Fusion
13	positive	ENSG00000060339:ENSG00000228451	hybrid	100GB	85%	CTAT-LR-Fusion
13	positive	ENSG00000138759:ENSG00000104490	truncated_tri_fusion	100GB	85%	CTAT-LR-Fusion
12	positive	ENSG00000204387:ENSG00000141499	false_fusion	100GB	85%	CTAT-LR-Fusion
12	positive	ENSG00000011295:ENSG00000137818	false_fusion	100GB	85%	CTAT-LR-Fusion
12	positive	ENSG00000204387:ENSG00000141499	false_fusion	100GB	85%	CTAT-LR-Fusion
12	positive	ENSG00000223941:ENSG00000197584	false_fusion	100GB	85%	CTAT-LR-Fusion
12	positive	ENSG00000281920:ENSG00000198363	truncated_tri_fusion	100GB	85%	CTAT-LR-Fusion
12	positive	ENSG00000108094:ENSG00000085788	hybrid	100GB	85%	CTAT-LR-Fusion
12	positive	ENSG00000241837:ENSG00000159147	false_fusion	100GB	85%	CTAT-LR-Fusion
11	positive	ENSG00000256422:ENSG00000084623	truncated_tri_fusion	100GB	85%	CTAT-LR-Fusion
11	positive	ENSG00000108312:ENSG00000260793	read_through	100GB	85%	CTAT-LR-Fusion
11	positive	ENSG00000074219:ENSG00000236172	hybrid	100GB	85%	CTAT-LR-Fusion
11	positive	ENSG00000162302:ENSG00000137707	truncated_tri_fusion	100GB	85%	CTAT-LR-Fusion
11	positive	ENSG00000095303:ENSG00000233616	read_through	100GB	85%	CTAT-LR-Fusion
11	positive	ENSG00000132170:ENSG00000181786	truncated_tri_fusion	100GB	85%	CTAT-LR-Fusion
11	positive	ENSG00000106819:ENSG00000124787	truncated_tri_fusion	100GB	85%	CTAT-LR-Fusion
11	positive	ENSG00000235597:ENSG00000138771	truncated_tri_fusion	100GB	85%	CTAT-LR-Fusion
11	positive	ENSG00000168676:ENSG00000198677	truncated_tri_fusion	100GB	85%	CTAT-LR-Fusion
11	positive	ENSG00000101003:ENSG00000088035	truncated_tri_fusion	100GB	85%	CTAT-LR-Fusion
11	positive	ENSG00000131037:ENSG00000125503	read_through	100GB	85%	CTAT-LR-Fusion
11	positive	ENSG00000254485:ENSG00000196220	false_fusion	100GB	85%	CTAT-LR-Fusion
11	positive	ENSG00000214078:ENSG00000283103	truncated_tri_fusion	100GB	85%	CTAT-LR-Fusion
11	positive	ENSG00000115652:ENSG00000228363	intra_chromosome	100GB	85%	CTAT-LR-Fusion
50	positive	ENSG00000144320:ENSG00000168280	hybrid	100GB	90%	CTAT-LR-Fusion
47	positive	ENSG00000011295:ENSG00000137818	false_fusion	100GB	90%	CTAT-LR-Fusion
44	positive	ENSG00000077684:ENSG00000223768	hybrid	100GB	90%	CTAT-LR-Fusion
44	positive	ENSG00000272274:ENSG00000236581	intra_chromosome	100GB	90%	CTAT-LR-Fusion
43	positive	ENSG00000013297:ENSG00000285051	false_fusion	100GB	90%	CTAT-LR-Fusion
42	positive	ENSG00000235059:ENSG00000292366	intra_chromosome	100GB	90%	CTAT-LR-Fusion
41	positive	ENSG00000011295:ENSG00000137818	false_fusion	100GB	90%	CTAT-LR-Fusion
40	positive	ENSG00000068796:ENSG00000086200	false_fusion	100GB	90%	CTAT-LR-Fusion
40	positive	ENSG00000106829:ENSG00000228714	intra_chromosome	100GB	90%	CTAT-LR-Fusion
39	positive	ENSG00000204659:ENSG00000228274	truncated_tri_fusion	100GB	90%	CTAT-LR-Fusion
39	positive	ENSG00000280426:ENSG00000076513	read_through	100GB	90%	CTAT-LR-Fusion
39	positive	ENSG00000047932:ENSG00000047936	false_fusion	100GB	90%	CTAT-LR-Fusion
39	positive	ENSG00000011295:ENSG00000137818	false_fusion	100GB	90%	CTAT-LR-Fusion
38	positive	ENSG00000124523:ENSG00000124486	truncated_tri_fusion	100GB	90%	CTAT-LR-Fusion
38	positive	ENSG00000230417:ENSG00000282863	false_fusion	100GB	90%	CTAT-LR-Fusion
38	positive	ENSG00000096070:ENSG00000104218	truncated_tri_fusion	100GB	90%	CTAT-LR-Fusion
37	positive	ENSG00000142156:ENSG00000237945	intra_chromosome	100GB	90%	CTAT-LR-Fusion
37	positive	ENSG00000284867:ENSG00000230284	false_fusion	100GB	90%	CTAT-LR-Fusion
37	positive	ENSG00000168556:ENSG00000063978	intra_chromosome	100GB	90%	CTAT-LR-Fusion
37	positive	ENSG00000223941:ENSG00000197584	false_fusion	100GB	90%	CTAT-LR-Fusion
37	positive	ENSG00000009830:ENSG00000087258	hybrid	100GB	90%	CTAT-LR-Fusion
36	positive	ENSG00000259905:ENSG00000128739	false_fusion	100GB	90%	CTAT-LR-Fusion
36	positive	ENSG00000139287:ENSG00000072657	false_fusion	100GB	90%	CTAT-LR-Fusion
34	positive	ENSG00000249859:ENSG00000253503	intra_chromosome	100GB	90%	CTAT-LR-Fusion
34	positive	ENSG00000104957:ENSG00000104518	hybrid	100GB	90%	CTAT-LR-Fusion
34	positive	ENSG00000188199:ENSG00000167258	false_fusion	100GB	90%	CTAT-LR-Fusion
34	positive	ENSG00000260995:ENSG00000165806	truncated_tri_fusion	100GB	90%	CTAT-LR-Fusion
33	positive	ENSG00000254485:ENSG00000196220	false_fusion	100GB	90%	CTAT-LR-Fusion
33	positive	ENSG00000114638:ENSG00000121578	read_through	100GB	90%	CTAT-LR-Fusion
32	positive	ENSG00000164162:ENSG00000285783	false_fusion	100GB	90%	CTAT-LR-Fusion
32	positive	ENSG00000145907:ENSG00000082805	truncated_tri_fusion	100GB	90%	CTAT-LR-Fusion
31	positive	ENSG00000186088:ENSG00000077380	truncated_tri_fusion	100GB	90%	CTAT-LR-Fusion
31	positive	ENSG00000148655:ENSG00000165629	intra_chromosome	100GB	90%	CTAT-LR-Fusion
31	positive	ENSG00000144815:ENSG00000171735	truncated_tri_fusion	100GB	90%	CTAT-LR-Fusion
31	positive	ENSG00000134020:ENSG00000248538	intra_chromosome	100GB	90%	CTAT-LR-Fusion
31	positive	ENSG00000146143:ENSG00000181523	truncated_tri_fusion	100GB	90%	CTAT-LR-Fusion
30	positive	ENSG00000226055:ENSG00000168591	truncated_tri_fusion	100GB	90%	CTAT-LR-Fusion
30	positive	ENSG00000149273:ENSG00000262898	hybrid	100GB	90%	CTAT-LR-Fusion
30	positive	ENSG00000066427:ENSG00000272767	truncated_tri_fusion	100GB	90%	CTAT-LR-Fusion
30	positive	ENSG00000292343:ENSG00000214717	false_fusion	100GB	90%	CTAT-LR-Fusion
29	positive	ENSG00000134058:ENSG00000176970	truncated_tri_fusion	100GB	90%	CTAT-LR-Fusion
29	positive	ENSG00000048740:ENSG00000225830	intra_chromosome	100GB	90%	CTAT-LR-Fusion
29	positive	ENSG00000105339:ENSG00000022567	read_through	100GB	90%	CTAT-LR-Fusion
29	positive	ENSG00000232900:ENSG00000101384	false_fusion	100GB	90%	CTAT-LR-Fusion
29	positive	ENSG00000278602:ENSG00000215580	false_fusion	100GB	90%	CTAT-LR-Fusion
29	positive	ENSG00000278602:ENSG00000291031	false_fusion	100GB	90%	CTAT-LR-Fusion
29	positive	ENSG00000131037:ENSG00000125503	read_through	100GB	90%	CTAT-LR-Fusion
29	positive	ENSG00000107872:ENSG00000107874	read_through	100GB	90%	CTAT-LR-Fusion
29	positive	ENSG00000081985:ENSG00000184619	truncated_tri_fusion	100GB	90%	CTAT-LR-Fusion
29	positive	ENSG00000281880:ENSG00000049449	false_fusion	100GB	90%	CTAT-LR-Fusion
29	positive	ENSG00000177058:ENSG00000118412	truncated_tri_fusion	100GB	90%	CTAT-LR-Fusion
28	positive	ENSG00000011295:ENSG00000137818	false_fusion	100GB	90%	CTAT-LR-Fusion
28	positive	ENSG00000247627:ENSG00000189167	hybrid	100GB	90%	CTAT-LR-Fusion
27	positive	ENSG00000168675:ENSG00000102898	truncated_tri_fusion	100GB	90%	CTAT-LR-Fusion
27	positive	ENSG00000069329:ENSG00000253327	hybrid	100GB	90%	CTAT-LR-Fusion
27	positive	ENSG00000090061:ENSG00000205476	read_through	100GB	90%	CTAT-LR-Fusion
27	positive	ENSG00000072571:ENSG00000130714	truncated_tri_fusion	100GB	90%	CTAT-LR-Fusion
26	positive	ENSG00000134326:ENSG00000062485	truncated_tri_fusion	100GB	90%	CTAT-LR-Fusion
26	positive	ENSG00000227083:ENSG00000235262	intra_chromosome	100GB	90%	CTAT-LR-Fusion
26	positive	ENSG00000284686:ENSG00000260971	false_fusion	100GB	90%	CTAT-LR-Fusion
26	positive	ENSG00000103415:ENSG00000103160	intra_chromosome	100GB	90%	CTAT-LR-Fusion
26	positive	ENSG00000182621:ENSG00000124155	intra_chromosome	100GB	90%	CTAT-LR-Fusion
26	positive	ENSG00000203727:ENSG00000227681	false_fusion	100GB	90%	CTAT-LR-Fusion
26	positive	ENSG00000036672:ENSG00000261821	truncated_tri_fusion	100GB	90%	CTAT-LR-Fusion
26	positive	ENSG00000241837:ENSG00000159147	false_fusion	100GB	90%	CTAT-LR-Fusion
25	positive	ENSG00000102312:ENSG00000221910	truncated_tri_fusion	100GB	90%	CTAT-LR-Fusion
25	positive	ENSG00000011295:ENSG00000137818	false_fusion	100GB	90%	CTAT-LR-Fusion
25	positive	ENSG00000147573:ENSG00000049759	truncated_tri_fusion	100GB	90%	CTAT-LR-Fusion
25	positive	ENSG00000151967:ENSG00000255248	hybrid	100GB	90%	CTAT-LR-Fusion
25	positive	ENSG00000167257:ENSG00000081692	hybrid	100GB	90%	CTAT-LR-Fusion
25	positive	ENSG00000244607:ENSG00000138347	hybrid	100GB	90%	CTAT-LR-Fusion
25	positive	ENSG00000136504:ENSG00000277586	truncated_tri_fusion	100GB	90%	CTAT-LR-Fusion
25	positive	ENSG00000094631:ENSG00000186409	truncated_tri_fusion	100GB	90%	CTAT-LR-Fusion
25	positive	ENSG00000167588:ENSG00000110887	intra_chromosome	100GB	90%	CTAT-LR-Fusion
25	positive	ENSG00000060339:ENSG00000228451	hybrid	100GB	90%	CTAT-LR-Fusion
25	positive	ENSG00000146809:ENSG00000072571	truncated_tri_fusion	100GB	90%	CTAT-LR-Fusion
24	positive	ENSG00000110002:ENSG00000237250	hybrid	100GB	90%	CTAT-LR-Fusion
24	positive	ENSG00000146556:ENSG00000141499	hybrid	100GB	90%	CTAT-LR-Fusion
24	positive	ENSG00000291134:ENSG00000141499	hybrid	100GB	90%	CTAT-LR-Fusion
24	positive	ENSG00000166851:ENSG00000206560	truncated_tri_fusion	100GB	90%	CTAT-LR-Fusion
24	positive	ENSG00000157916:ENSG00000205835	hybrid	100GB	90%	CTAT-LR-Fusion
24	positive	ENSG00000172404:ENSG00000226024	intra_chromosome	100GB	90%	CTAT-LR-Fusion
23	positive	ENSG00000178997:ENSG00000261064	intra_chromosome	100GB	90%	CTAT-LR-Fusion
23	positive	ENSG00000178997:ENSG00000289083	intra_chromosome	100GB	90%	CTAT-LR-Fusion
23	positive	ENSG00000260737:ENSG00000197302	intra_chromosome	100GB	90%	CTAT-LR-Fusion
23	positive	ENSG00000013503:ENSG00000111785	false_fusion	100GB	90%	CTAT-LR-Fusion
23	positive	ENSG00000132170:ENSG00000181786	truncated_tri_fusion	100GB	90%	CTAT-LR-Fusion
22	positive	ENSG00000225746:ENSG00000258867	intra_chromosome	100GB	90%	CTAT-LR-Fusion
22	positive	ENSG00000101158:ENSG00000101266	intra_chromosome	100GB	90%	CTAT-LR-Fusion
22	positive	ENSG00000099810:ENSG00000240498	false_fusion	100GB	90%	CTAT-LR-Fusion
22	positive	ENSG00000182568:ENSG00000131374	false_fusion	100GB	90%	CTAT-LR-Fusion
22	positive	ENSG00000110514:ENSG00000256746	read_through	100GB	90%	CTAT-LR-Fusion
22	positive	ENSG00000111727:ENSG00000111596	intra_chromosome	100GB	90%	CTAT-LR-Fusion
22	positive	ENSG00000140025:ENSG00000053254	false_fusion	100GB	90%	CTAT-LR-Fusion
21	positive	ENSG00000145734:ENSG00000183476	truncated_tri_fusion	100GB	90%	CTAT-LR-Fusion
21	positive	ENSG00000261692:ENSG00000278847	hybrid	100GB	90%	CTAT-LR-Fusion
21	positive	ENSG00000130714:ENSG00000151694	truncated_tri_fusion	100GB	90%	CTAT-LR-Fusion
21	positive	ENSG00000130962:ENSG00000156298	false_fusion	100GB	90%	CTAT-LR-Fusion
21	positive	ENSG00000182796:ENSG00000231851	truncated_tri_fusion	100GB	90%	CTAT-LR-Fusion
21	positive	ENSG00000219545:ENSG00000106415	false_fusion	100GB	90%	CTAT-LR-Fusion
21	positive	ENSG00000232354:ENSG00000114812	read_through	100GB	90%	CTAT-LR-Fusion
20	positive	ENSG00000164756:ENSG00000081985	truncated_tri_fusion	100GB	90%	CTAT-LR-Fusion
20	positive	ENSG00000181523:ENSG00000140853	truncated_tri_fusion	100GB	90%	CTAT-LR-Fusion
20	positive	ENSG00000196549:ENSG00000162302	truncated_tri_fusion	100GB	90%	CTAT-LR-Fusion
20	positive	ENSG00000260840:ENSG00000093072	truncated_tri_fusion	100GB	90%	CTAT-LR-Fusion
20	positive	ENSG00000168958:ENSG00000168621	truncated_tri_fusion	100GB	90%	CTAT-LR-Fusion
20	positive	ENSG00000223631:ENSG00000284659	read_through	100GB	90%	CTAT-LR-Fusion
20	positive	ENSG00000251669:ENSG00000205444	false_fusion	100GB	90%	CTAT-LR-Fusion
20	positive	ENSG00000290374:ENSG00000205444	truncated_tri_fusion	100GB	90%	CTAT-LR-Fusion
20	positive	ENSG00000235162:ENSG00000286520	read_through	100GB	90%	CTAT-LR-Fusion
20	positive	ENSG00000248487:ENSG00000260995	false_fusion	100GB	90%	CTAT-LR-Fusion
20	positive	ENSG00000145216:ENSG00000172922	truncated_tri_fusion	100GB	90%	CTAT-LR-Fusion
19	positive	ENSG00000117523:ENSG00000227372	intra_chromosome	100GB	90%	CTAT-LR-Fusion
19	positive	ENSG00000132122:ENSG00000179082	hybrid	100GB	90%	CTAT-LR-Fusion
19	positive	ENSG00000204387:ENSG00000141499	false_fusion	100GB	90%	CTAT-LR-Fusion
19	positive	ENSG00000223782:ENSG00000154040	truncated_tri_fusion	100GB	90%	CTAT-LR-Fusion
19	positive	ENSG00000177600:ENSG00000239809	false_fusion	100GB	90%	CTAT-LR-Fusion
19	positive	ENSG00000234456:ENSG00000139350	truncated_tri_fusion	100GB	90%	CTAT-LR-Fusion
19	positive	ENSG00000143891:ENSG00000132300	intra_chromosome	100GB	90%	CTAT-LR-Fusion
19	positive	ENSG00000236044:ENSG00000181927	hybrid	100GB	90%	CTAT-LR-Fusion
19	positive	ENSG00000142627:ENSG00000176746	truncated_tri_fusion	100GB	90%	CTAT-LR-Fusion
18	positive	ENSG00000138759:ENSG00000104490	truncated_tri_fusion	100GB	90%	CTAT-LR-Fusion
18	positive	ENSG00000188321:ENSG00000276043	intra_chromosome	100GB	90%	CTAT-LR-Fusion
18	positive	ENSG00000136869:ENSG00000284977	false_fusion	100GB	90%	CTAT-LR-Fusion
18	positive	ENSG00000185664:ENSG00000251584	hybrid	100GB	90%	CTAT-LR-Fusion
18	positive	ENSG00000148362:ENSG00000169583	read_through	100GB	90%	CTAT-LR-Fusion
18	positive	ENSG00000165383:ENSG00000247572	truncated_tri_fusion	100GB	90%	CTAT-LR-Fusion
18	positive	ENSG00000171766:ENSG00000166145	intra_chromosome	100GB	90%	CTAT-LR-Fusion
18	positive	ENSG00000106819:ENSG00000124787	truncated_tri_fusion	100GB	90%	CTAT-LR-Fusion
18	positive	ENSG00000145216:ENSG00000134853	false_fusion	100GB	90%	CTAT-LR-Fusion
18	positive	ENSG00000289039:ENSG00000095794	intra_chromosome	100GB	90%	CTAT-LR-Fusion
18	positive	ENSG00000286799:ENSG00000257497	truncated_tri_fusion	100GB	90%	CTAT-LR-Fusion
18	positive	ENSG00000197462:ENSG00000141576	truncated_tri_fusion	100GB	90%	CTAT-LR-Fusion
18	positive	ENSG00000244607:ENSG00000138347	hybrid	100GB	90%	CTAT-LR-Fusion
18	positive	ENSG00000213983:ENSG00000126777	intra_chromosome	100GB	90%	CTAT-LR-Fusion
17	positive	ENSG00000135241:ENSG00000225612	intra_chromosome	100GB	90%	CTAT-LR-Fusion
17	positive	ENSG00000182796:ENSG00000231851	truncated_tri_fusion	100GB	90%	CTAT-LR-Fusion
17	positive	ENSG00000198677:ENSG00000140853	truncated_tri_fusion	100GB	90%	CTAT-LR-Fusion
17	positive	ENSG00000114867:ENSG00000275389	truncated_tri_fusion	100GB	90%	CTAT-LR-Fusion
17	positive	ENSG00000089094:ENSG00000094631	truncated_tri_fusion	100GB	90%	CTAT-LR-Fusion
17	positive	ENSG00000177731:ENSG00000256422	truncated_tri_fusion	100GB	90%	CTAT-LR-Fusion
17	positive	ENSG00000243789:ENSG00000125462	truncated_tri_fusion	100GB	90%	CTAT-LR-Fusion
16	positive	ENSG00000106692:ENSG00000082898	hybrid	100GB	90%	CTAT-LR-Fusion
16	positive	ENSG00000235221:ENSG00000236581	intra_chromosome	100GB	90%	CTAT-LR-Fusion
16	positive	ENSG00000105613:ENSG00000164011	hybrid	100GB	90%	CTAT-LR-Fusion
16	positive	ENSG00000143198:ENSG00000167881	truncated_tri_fusion	100GB	90%	CTAT-LR-Fusion
16	positive	ENSG00000159256:ENSG00000224924	intra_chromosome	100GB	90%	CTAT-LR-Fusion
16	positive	ENSG00000244754:ENSG00000233124	intra_chromosome	100GB	90%	CTAT-LR-Fusion
16	positive	ENSG00000278249:ENSG00000011009	false_fusion	100GB	90%	CTAT-LR-Fusion
16	positive	ENSG00000115652:ENSG00000228363	intra_chromosome	100GB	90%	CTAT-LR-Fusion
15	positive	ENSG00000149657:ENSG00000101182	read_through	100GB	90%	CTAT-LR-Fusion
15	positive	ENSG00000108312:ENSG00000260793	read_through	100GB	90%	CTAT-LR-Fusion
15	positive	ENSG00000090565:ENSG00000167207	intra_chromosome	100GB	90%	CTAT-LR-Fusion
15	positive	ENSG00000113569:ENSG00000145675	intra_chromosome	100GB	90%	CTAT-LR-Fusion
15	positive	ENSG00000138759:ENSG00000104490	truncated_tri_fusion	100GB	90%	CTAT-LR-Fusion
15	positive	ENSG00000233593:ENSG00000285532	read_through	100GB	90%	CTAT-LR-Fusion
15	positive	ENSG00000234129:ENSG00000101966	intra_chromosome	100GB	90%	CTAT-LR-Fusion
15	positive	ENSG00000109861:ENSG00000213619	hybrid	100GB	90%	CTAT-LR-Fusion
14	positive	ENSG00000187720:ENSG00000003393	truncated_tri_fusion	100GB	90%	CTAT-LR-Fusion
14	positive	ENSG00000277893:ENSG00000103043	truncated_tri_fusion	100GB	90%	CTAT-LR-Fusion
14	positive	ENSG00000225510:ENSG00000102471	intra_chromosome	100GB	90%	CTAT-LR-Fusion
14	positive	ENSG00000148604:ENSG00000100811	hybrid	100GB	90%	CTAT-LR-Fusion
14	positive	ENSG00000106628:ENSG00000136297	intra_chromosome	100GB	90%	CTAT-LR-Fusion
14	positive	ENSG00000290419:ENSG00000166548	false_fusion	100GB	90%	CTAT-LR-Fusion
14	positive	ENSG00000256422:ENSG00000084623	truncated_tri_fusion	100GB	90%	CTAT-LR-Fusion
14	positive	ENSG00000283294:ENSG00000224367	intra_chromosome	100GB	90%	CTAT-LR-Fusion
14	positive	ENSG00000206560:ENSG00000091651	truncated_tri_fusion	100GB	90%	CTAT-LR-Fusion
14	positive	ENSG00000165046:ENSG00000272159	read_through	100GB	90%	CTAT-LR-Fusion
13	positive	ENSG00000132170:ENSG00000181786	truncated_tri_fusion	100GB	90%	CTAT-LR-Fusion
13	positive	ENSG00000115652:ENSG00000228363	intra_chromosome	100GB	90%	CTAT-LR-Fusion
13	positive	ENSG00000074219:ENSG00000236172	hybrid	100GB	90%	CTAT-LR-Fusion
13	positive	ENSG00000214338:ENSG00000184530	read_through	100GB	90%	CTAT-LR-Fusion
13	positive	ENSG00000179912:ENSG00000241369	truncated_tri_fusion	100GB	90%	CTAT-LR-Fusion
13	positive	ENSG00000095303:ENSG00000233616	read_through	100GB	90%	CTAT-LR-Fusion
13	positive	ENSG00000231898:ENSG00000106819	truncated_tri_fusion	100GB	90%	CTAT-LR-Fusion
13	positive	ENSG00000050748:ENSG00000253908	read_through	100GB	90%	CTAT-LR-Fusion
13	positive	ENSG00000175779:ENSG00000259423	false_fusion	100GB	90%	CTAT-LR-Fusion
13	positive	ENSG00000258177:ENSG00000124523	truncated_tri_fusion	100GB	90%	CTAT-LR-Fusion
13	positive	ENSG00000256339:ENSG00000149564	hybrid	100GB	90%	CTAT-LR-Fusion
13	positive	ENSG00000292336:ENSG00000086758	false_fusion	100GB	90%	CTAT-LR-Fusion
12	positive	ENSG00000288769:ENSG00000111907	hybrid	100GB	90%	CTAT-LR-Fusion
12	positive	ENSG00000115652:ENSG00000228363	intra_chromosome	100GB	90%	CTAT-LR-Fusion
12	positive	ENSG00000104907:ENSG00000278916	truncated_tri_fusion	100GB	90%	CTAT-LR-Fusion
12	positive	ENSG00000148604:ENSG00000100811	hybrid	100GB	90%	CTAT-LR-Fusion
12	positive	ENSG00000113494:ENSG00000198917	hybrid	100GB	90%	CTAT-LR-Fusion
12	positive	ENSG00000235597:ENSG00000138771	truncated_tri_fusion	100GB	90%	CTAT-LR-Fusion
12	positive	ENSG00000171109:ENSG00000174306	truncated_tri_fusion	100GB	90%	CTAT-LR-Fusion
12	positive	ENSG00000281920:ENSG00000198363	truncated_tri_fusion	100GB	90%	CTAT-LR-Fusion
12	positive	ENSG00000228373:ENSG00000164733	hybrid	100GB	90%	CTAT-LR-Fusion
12	positive	ENSG00000138115:ENSG00000145216	truncated_tri_fusion	100GB	90%	CTAT-LR-Fusion
12	positive	ENSG00000213983:ENSG00000126777	intra_chromosome	100GB	90%	CTAT-LR-Fusion
12	positive	ENSG00000102977:ENSG00000233445	truncated_tri_fusion	100GB	90%	CTAT-LR-Fusion
12	positive	ENSG00000260850:ENSG00000177138	truncated_tri_fusion	100GB	90%	CTAT-LR-Fusion
11	positive	ENSG00000223631:ENSG00000284659	read_through	100GB	90%	CTAT-LR-Fusion
11	positive	ENSG00000117758:ENSG00000159176	intra_chromosome	100GB	90%	CTAT-LR-Fusion
11	positive	ENSG00000245910:ENSG00000108465	truncated_tri_fusion	100GB	90%	CTAT-LR-Fusion
11	positive	ENSG00000108604:ENSG00000240280	read_through	100GB	90%	CTAT-LR-Fusion
11	positive	ENSG00000138698:ENSG00000198246	truncated_tri_fusion	100GB	90%	CTAT-LR-Fusion
11	positive	ENSG00000151322:ENSG00000249858	truncated_tri_fusion	100GB	90%	CTAT-LR-Fusion
11	positive	ENSG00000196586:ENSG00000143228	truncated_tri_fusion	100GB	90%	CTAT-LR-Fusion
11	positive	ENSG00000105613:ENSG00000164011	hybrid	100GB	90%	CTAT-LR-Fusion
11	positive	ENSG00000167419:ENSG00000005381	read_through	100GB	90%	CTAT-LR-Fusion
11	positive	ENSG00000171766:ENSG00000166145	intra_chromosome	100GB	90%	CTAT-LR-Fusion
11	positive	ENSG00000188186:ENSG00000125821	false_fusion	100GB	90%	CTAT-LR-Fusion
11	positive	ENSG00000253329:ENSG00000127481	truncated_tri_fusion	100GB	90%	CTAT-LR-Fusion
11	positive	ENSG00000119686:ENSG00000167395	truncated_tri_fusion	100GB	90%	CTAT-LR-Fusion
11	positive	ENSG00000290606:ENSG00000267243	false_fusion	100GB	90%	CTAT-LR-Fusion
11	positive	ENSG00000286799:ENSG00000257497	truncated_tri_fusion	100GB	90%	CTAT-LR-Fusion
11	positive	ENSG00000283269:ENSG00000267243	false_fusion	100GB	90%	CTAT-LR-Fusion
11	positive	ENSG00000271724:ENSG00000005007	hybrid	100GB	90%	CTAT-LR-Fusion
11	positive	ENSG00000113758:ENSG00000285077	false_fusion	100GB	90%	CTAT-LR-Fusion
11	positive	ENSG00000130396:ENSG00000096070	truncated_tri_fusion	100GB	90%	CTAT-LR-Fusion
11	positive	ENSG00000182796:ENSG00000231851	truncated_tri_fusion	100GB	90%	CTAT-LR-Fusion
65	positive	ENSG00000235059:ENSG00000124333	chromosomal_misalignment: intra_chromosome	100GB	95%	CTAT-LR-Fusion
48	positive	ENSG00000114638:ENSG00000121578	read_through	100GB	95%	CTAT-LR-Fusion
48	positive	ENSG00000167588:ENSG00000110887	intra_chromosome	100GB	95%	CTAT-LR-Fusion
48	positive	ENSG00000168675:ENSG00000102898	truncated_tri_fusion	100GB	95%	CTAT-LR-Fusion
44	positive	ENSG00000106829:ENSG00000228714	intra_chromosome	100GB	95%	CTAT-LR-Fusion
43	positive	ENSG00000140025:ENSG00000053254	false_fusion	100GB	95%	CTAT-LR-Fusion
43	positive	ENSG00000144320:ENSG00000168280	hybrid	100GB	95%	CTAT-LR-Fusion
43	positive	ENSG00000203727:ENSG00000227681	false_fusion	100GB	95%	CTAT-LR-Fusion
42	positive	ENSG00000013297:ENSG00000285051	false_fusion	100GB	95%	CTAT-LR-Fusion
42	positive	ENSG00000227083:ENSG00000235262	intra_chromosome	100GB	95%	CTAT-LR-Fusion
42	positive	ENSG00000278602:ENSG00000215580	false_fusion	100GB	95%	CTAT-LR-Fusion
42	positive	ENSG00000278602:ENSG00000291031	false_fusion	100GB	95%	CTAT-LR-Fusion
41	positive	ENSG00000241837:ENSG00000159147	false_fusion	100GB	95%	CTAT-LR-Fusion
41	positive	ENSG00000284686:ENSG00000260971	false_fusion	100GB	95%	CTAT-LR-Fusion
41	positive	ENSG00000072571:ENSG00000130714	truncated_tri_fusion	100GB	95%	CTAT-LR-Fusion
41	positive	ENSG00000068796:ENSG00000086200	false_fusion	100GB	95%	CTAT-LR-Fusion
40	positive	ENSG00000235221:ENSG00000236581	intra_chromosome	100GB	95%	CTAT-LR-Fusion
40	positive	ENSG00000204659:ENSG00000228274	truncated_tri_fusion	100GB	95%	CTAT-LR-Fusion
40	positive	ENSG00000197976:ENSG00000292345	false_fusion	100GB	95%	CTAT-LR-Fusion
39	positive	ENSG00000146809:ENSG00000072571	truncated_tri_fusion	100GB	95%	CTAT-LR-Fusion
39	positive	ENSG00000096070:ENSG00000104218	truncated_tri_fusion	100GB	95%	CTAT-LR-Fusion
39	positive	ENSG00000272274:ENSG00000236581	intra_chromosome	100GB	95%	CTAT-LR-Fusion
39	positive	ENSG00000050748:ENSG00000253908	read_through	100GB	95%	CTAT-LR-Fusion
39	positive	ENSG00000124523:ENSG00000124486	truncated_tri_fusion	100GB	95%	CTAT-LR-Fusion
39	positive	ENSG00000139287:ENSG00000072657	false_fusion	100GB	95%	CTAT-LR-Fusion
38	positive	ENSG00000164162:ENSG00000285783	false_fusion	100GB	95%	CTAT-LR-Fusion
38	positive	ENSG00000254485:ENSG00000196220	false_fusion	100GB	95%	CTAT-LR-Fusion
38	positive	ENSG00000290733:ENSG00000186088	truncated_tri_fusion	100GB	95%	CTAT-LR-Fusion
38	positive	ENSG00000145907:ENSG00000082805	truncated_tri_fusion	100GB	95%	CTAT-LR-Fusion
38	positive	ENSG00000157916:ENSG00000205835	hybrid	100GB	95%	CTAT-LR-Fusion
37	positive	ENSG00000219545:ENSG00000106415	false_fusion	100GB	95%	CTAT-LR-Fusion
37	positive	ENSG00000130962:ENSG00000156298	false_fusion	100GB	95%	CTAT-LR-Fusion
37	positive	ENSG00000186088:ENSG00000077380	truncated_tri_fusion	100GB	95%	CTAT-LR-Fusion
36	positive	ENSG00000077684:ENSG00000223768	hybrid	100GB	95%	CTAT-LR-Fusion
36	positive	ENSG00000148655:ENSG00000165629	intra_chromosome	100GB	95%	CTAT-LR-Fusion
36	positive	ENSG00000196549:ENSG00000162302	truncated_tri_fusion	100GB	95%	CTAT-LR-Fusion
36	positive	ENSG00000188199:ENSG00000167258	false_fusion	100GB	95%	CTAT-LR-Fusion
36	positive	ENSG00000281880:ENSG00000049449	false_fusion	100GB	95%	CTAT-LR-Fusion
36	positive	ENSG00000177058:ENSG00000118412	truncated_tri_fusion	100GB	95%	CTAT-LR-Fusion
36	positive	ENSG00000143891:ENSG00000132300	intra_chromosome	100GB	95%	CTAT-LR-Fusion
35	positive	ENSG00000204387:ENSG00000141499	false_fusion	100GB	95%	CTAT-LR-Fusion
35	positive	ENSG00000103415:ENSG00000103160	intra_chromosome	100GB	95%	CTAT-LR-Fusion
35	positive	ENSG00000099810:ENSG00000240498	false_fusion	100GB	95%	CTAT-LR-Fusion
35	positive	ENSG00000113494:ENSG00000198917	hybrid	100GB	95%	CTAT-LR-Fusion
35	positive	ENSG00000111727:ENSG00000111596	intra_chromosome	100GB	95%	CTAT-LR-Fusion
35	positive	ENSG00000284763:ENSG00000230284	intra_chromosome	100GB	95%	CTAT-LR-Fusion
35	positive	ENSG00000256339:ENSG00000149564	hybrid	100GB	95%	CTAT-LR-Fusion
35	positive	ENSG00000109861:ENSG00000213619	hybrid	100GB	95%	CTAT-LR-Fusion
34	positive	ENSG00000281920:ENSG00000198363	truncated_tri_fusion	100GB	95%	CTAT-LR-Fusion
34	positive	ENSG00000136504:ENSG00000277586	truncated_tri_fusion	100GB	95%	CTAT-LR-Fusion
34	positive	ENSG00000144815:ENSG00000171735	truncated_tri_fusion	100GB	95%	CTAT-LR-Fusion
34	positive	ENSG00000182796:ENSG00000231851	truncated_tri_fusion	100GB	95%	CTAT-LR-Fusion
33	positive	ENSG00000244607:ENSG00000138347	hybrid	100GB	95%	CTAT-LR-Fusion
33	positive	ENSG00000197462:ENSG00000141576	truncated_tri_fusion	100GB	95%	CTAT-LR-Fusion
33	positive	ENSG00000283294:ENSG00000224367	intra_chromosome	100GB	95%	CTAT-LR-Fusion
33	positive	ENSG00000047932:ENSG00000047936	false_fusion	100GB	95%	CTAT-LR-Fusion
33	positive	ENSG00000168958:ENSG00000168621	truncated_tri_fusion	100GB	95%	CTAT-LR-Fusion
33	positive	ENSG00000182621:ENSG00000124155	intra_chromosome	100GB	95%	CTAT-LR-Fusion
33	positive	ENSG00000135241:ENSG00000225612	intra_chromosome	100GB	95%	CTAT-LR-Fusion
33	positive	ENSG00000149273:ENSG00000262898	hybrid	100GB	95%	CTAT-LR-Fusion
32	positive	ENSG00000223941:ENSG00000197584	false_fusion	100GB	95%	CTAT-LR-Fusion
32	positive	ENSG00000134020:ENSG00000248538	intra_chromosome	100GB	95%	CTAT-LR-Fusion
32	positive	ENSG00000148362:ENSG00000169583	read_through	100GB	95%	CTAT-LR-Fusion
32	positive	ENSG00000280426:ENSG00000076513	read_through	100GB	95%	CTAT-LR-Fusion
32	positive	ENSG00000232900:ENSG00000101384	false_fusion	100GB	95%	CTAT-LR-Fusion
32	positive	ENSG00000142156:ENSG00000237945	intra_chromosome	100GB	95%	CTAT-LR-Fusion
31	positive	ENSG00000048740:ENSG00000225830	intra_chromosome	100GB	95%	CTAT-LR-Fusion
31	positive	ENSG00000260995:ENSG00000165806	truncated_tri_fusion	100GB	95%	CTAT-LR-Fusion
31	positive	ENSG00000263080:ENSG00000175643	read_through	100GB	95%	CTAT-LR-Fusion
31	positive	ENSG00000149657:ENSG00000101182	read_through	100GB	95%	CTAT-LR-Fusion
31	positive	ENSG00000225746:ENSG00000258867	intra_chromosome	100GB	95%	CTAT-LR-Fusion
30	positive	ENSG00000243789:ENSG00000125462	truncated_tri_fusion	100GB	95%	CTAT-LR-Fusion
30	positive	ENSG00000182568:ENSG00000131374	false_fusion	100GB	95%	CTAT-LR-Fusion
30	positive	ENSG00000226961:ENSG00000176124	truncated_tri_fusion	100GB	95%	CTAT-LR-Fusion
30	positive	ENSG00000101158:ENSG00000101266	intra_chromosome	100GB	95%	CTAT-LR-Fusion
30	positive	ENSG00000247627:ENSG00000189167	hybrid	100GB	95%	CTAT-LR-Fusion
30	positive	ENSG00000151967:ENSG00000255248	hybrid	100GB	95%	CTAT-LR-Fusion
30	positive	ENSG00000094631:ENSG00000186409	truncated_tri_fusion	100GB	95%	CTAT-LR-Fusion
30	positive	ENSG00000145216:ENSG00000134853	false_fusion	100GB	95%	CTAT-LR-Fusion
30	positive	ENSG00000236044:ENSG00000181927	hybrid	100GB	95%	CTAT-LR-Fusion
30	positive	ENSG00000105339:ENSG00000022567	read_through	100GB	95%	CTAT-LR-Fusion
30	positive	ENSG00000138759:ENSG00000104490	truncated_tri_fusion	100GB	95%	CTAT-LR-Fusion
29	positive	ENSG00000145216:ENSG00000172922	truncated_tri_fusion	100GB	95%	CTAT-LR-Fusion
29	positive	ENSG00000089094:ENSG00000094631	truncated_tri_fusion	100GB	95%	CTAT-LR-Fusion
29	positive	ENSG00000244754:ENSG00000233124	intra_chromosome	100GB	95%	CTAT-LR-Fusion
29	positive	ENSG00000009830:ENSG00000087258	hybrid	100GB	95%	CTAT-LR-Fusion
29	positive	ENSG00000095303:ENSG00000233616	read_through	100GB	95%	CTAT-LR-Fusion
29	positive	ENSG00000104957:ENSG00000104518	hybrid	100GB	95%	CTAT-LR-Fusion
28	positive	ENSG00000146143:ENSG00000181523	truncated_tri_fusion	100GB	95%	CTAT-LR-Fusion
28	positive	ENSG00000146556:ENSG00000141499	hybrid	100GB	95%	CTAT-LR-Fusion
28	positive	ENSG00000291134:ENSG00000141499	hybrid	100GB	95%	CTAT-LR-Fusion
28	positive	ENSG00000249859:ENSG00000253503	intra_chromosome	100GB	95%	CTAT-LR-Fusion
28	positive	ENSG00000102977:ENSG00000233445	truncated_tri_fusion	100GB	95%	CTAT-LR-Fusion
28	positive	ENSG00000177731:ENSG00000256422	truncated_tri_fusion	100GB	95%	CTAT-LR-Fusion
28	positive	ENSG00000258177:ENSG00000124523	truncated_tri_fusion	100GB	95%	CTAT-LR-Fusion
28	positive	ENSG00000105011:ENSG00000125755	intra_chromosome	100GB	95%	CTAT-LR-Fusion
27	positive	ENSG00000226055:ENSG00000168591	truncated_tri_fusion	100GB	95%	CTAT-LR-Fusion
27	positive	ENSG00000147573:ENSG00000049759	truncated_tri_fusion	100GB	95%	CTAT-LR-Fusion
27	positive	ENSG00000138698:ENSG00000198246	truncated_tri_fusion	100GB	95%	CTAT-LR-Fusion
27	positive	ENSG00000102312:ENSG00000221910	truncated_tri_fusion	100GB	95%	CTAT-LR-Fusion
27	positive	ENSG00000278416:ENSG00000157954	false_fusion	100GB	95%	CTAT-LR-Fusion
27	positive	ENSG00000134058:ENSG00000176970	truncated_tri_fusion	100GB	95%	CTAT-LR-Fusion
27	positive	ENSG00000188186:ENSG00000125821	false_fusion	100GB	95%	CTAT-LR-Fusion
27	positive	ENSG00000081985:ENSG00000184619	truncated_tri_fusion	100GB	95%	CTAT-LR-Fusion
27	positive	ENSG00000131037:ENSG00000125503	read_through	100GB	95%	CTAT-LR-Fusion
27	positive	ENSG00000168556:ENSG00000063978	intra_chromosome	100GB	95%	CTAT-LR-Fusion
26	positive	ENSG00000198677:ENSG00000140853	truncated_tri_fusion	100GB	95%	CTAT-LR-Fusion
26	positive	ENSG00000164924:ENSG00000242315	read_through	100GB	95%	CTAT-LR-Fusion
26	positive	ENSG00000036672:ENSG00000261821	truncated_tri_fusion	100GB	95%	CTAT-LR-Fusion
26	positive	ENSG00000185664:ENSG00000251584	hybrid	100GB	95%	CTAT-LR-Fusion
26	positive	ENSG00000175779:ENSG00000259423	false_fusion	100GB	95%	CTAT-LR-Fusion
26	positive	ENSG00000233593:ENSG00000285532	read_through	100GB	95%	CTAT-LR-Fusion
26	positive	ENSG00000107872:ENSG00000107874	read_through	100GB	95%	CTAT-LR-Fusion
26	positive	ENSG00000261692:ENSG00000278847	hybrid	100GB	95%	CTAT-LR-Fusion
25	positive	ENSG00000143198:ENSG00000167881	truncated_tri_fusion	100GB	95%	CTAT-LR-Fusion
25	positive	ENSG00000115652:ENSG00000228363	intra_chromosome	100GB	95%	CTAT-LR-Fusion
25	positive	ENSG00000164756:ENSG00000081985	truncated_tri_fusion	100GB	95%	CTAT-LR-Fusion
25	positive	ENSG00000167257:ENSG00000081692	hybrid	100GB	95%	CTAT-LR-Fusion
25	positive	ENSG00000179912:ENSG00000241369	truncated_tri_fusion	100GB	95%	CTAT-LR-Fusion
25	positive	ENSG00000125898:ENSG00000234948	intra_chromosome	100GB	95%	CTAT-LR-Fusion
25	positive	ENSG00000234456:ENSG00000139350	truncated_tri_fusion	100GB	95%	CTAT-LR-Fusion
25	positive	ENSG00000229606:ENSG00000289577	read_through	100GB	95%	CTAT-LR-Fusion
25	positive	ENSG00000251669:ENSG00000205444	false_fusion	100GB	95%	CTAT-LR-Fusion
25	positive	ENSG00000290374:ENSG00000205444	truncated_tri_fusion	100GB	95%	CTAT-LR-Fusion
25	positive	ENSG00000142627:ENSG00000176746	truncated_tri_fusion	100GB	95%	CTAT-LR-Fusion
24	positive	ENSG00000221947:ENSG00000120896	intra_chromosome	100GB	95%	CTAT-LR-Fusion
24	positive	ENSG00000181523:ENSG00000140853	truncated_tri_fusion	100GB	95%	CTAT-LR-Fusion
24	positive	ENSG00000119686:ENSG00000167395	truncated_tri_fusion	100GB	95%	CTAT-LR-Fusion
24	positive	ENSG00000223782:ENSG00000154040	truncated_tri_fusion	100GB	95%	CTAT-LR-Fusion
24	positive	ENSG00000140264:ENSG00000242028	false_fusion	100GB	95%	CTAT-LR-Fusion
24	positive	ENSG00000106692:ENSG00000082898	hybrid	100GB	95%	CTAT-LR-Fusion
24	positive	ENSG00000286799:ENSG00000257497	truncated_tri_fusion	100GB	95%	CTAT-LR-Fusion
24	positive	ENSG00000145734:ENSG00000183476	truncated_tri_fusion	100GB	95%	CTAT-LR-Fusion
24	positive	ENSG00000289039:ENSG00000095794	intra_chromosome	100GB	95%	CTAT-LR-Fusion
23	positive	ENSG00000213983:ENSG00000126777	intra_chromosome	100GB	95%	CTAT-LR-Fusion
23	positive	ENSG00000257894:ENSG00000255652	intra_chromosome	100GB	95%	CTAT-LR-Fusion
23	positive	ENSG00000132122:ENSG00000179082	hybrid	100GB	95%	CTAT-LR-Fusion
22	positive	ENSG00000166851:ENSG00000206560	truncated_tri_fusion	100GB	95%	CTAT-LR-Fusion
22	positive	ENSG00000104907:ENSG00000278916	truncated_tri_fusion	100GB	95%	CTAT-LR-Fusion
22	positive	ENSG00000130714:ENSG00000151694	truncated_tri_fusion	100GB	95%	CTAT-LR-Fusion
22	positive	ENSG00000253329:ENSG00000127481	truncated_tri_fusion	100GB	95%	CTAT-LR-Fusion
22	positive	ENSG00000139151:ENSG00000255648	read_through	100GB	95%	CTAT-LR-Fusion
22	positive	ENSG00000281880:ENSG00000049449	false_fusion	100GB	95%	CTAT-LR-Fusion
22	positive	ENSG00000171766:ENSG00000166145	intra_chromosome	100GB	95%	CTAT-LR-Fusion
21	positive	ENSG00000165046:ENSG00000272159	read_through	100GB	95%	CTAT-LR-Fusion
21	positive	ENSG00000260737:ENSG00000197302	intra_chromosome	100GB	95%	CTAT-LR-Fusion
21	positive	ENSG00000230417:ENSG00000282863	false_fusion	100GB	95%	CTAT-LR-Fusion
21	positive	ENSG00000172404:ENSG00000226024	intra_chromosome	100GB	95%	CTAT-LR-Fusion
21	positive	ENSG00000291100:ENSG00000132170	truncated_tri_fusion	100GB	95%	CTAT-LR-Fusion
21	positive	ENSG00000254701:ENSG00000100744	false_fusion	100GB	95%	CTAT-LR-Fusion
21	positive	ENSG00000090061:ENSG00000205476	read_through	100GB	95%	CTAT-LR-Fusion
20	positive	ENSG00000060339:ENSG00000228451	hybrid	100GB	95%	CTAT-LR-Fusion
20	positive	ENSG00000223634:ENSG00000235497	read_through	100GB	95%	CTAT-LR-Fusion
20	positive	ENSG00000244485:ENSG00000173113	truncated_tri_fusion	100GB	95%	CTAT-LR-Fusion
20	positive	ENSG00000229586:ENSG00000225626	truncated_tri_fusion	100GB	95%	CTAT-LR-Fusion
20	positive	ENSG00000108312:ENSG00000260793	read_through	100GB	95%	CTAT-LR-Fusion
19	positive	ENSG00000215796:ENSG00000138759	truncated_tri_fusion	100GB	95%	CTAT-LR-Fusion
19	positive	ENSG00000238194:ENSG00000167554	truncated_tri_fusion	100GB	95%	CTAT-LR-Fusion
19	positive	ENSG00000105613:ENSG00000164011	hybrid	100GB	95%	CTAT-LR-Fusion
19	positive	ENSG00000223631:ENSG00000284659	read_through	100GB	95%	CTAT-LR-Fusion
19	positive	ENSG00000226750:ENSG00000099251	false_fusion	100GB	95%	CTAT-LR-Fusion
19	positive	ENSG00000226750:ENSG00000290439	false_fusion	100GB	95%	CTAT-LR-Fusion
19	positive	ENSG00000290419:ENSG00000166548	false_fusion	100GB	95%	CTAT-LR-Fusion
19	positive	ENSG00000114867:ENSG00000275389	truncated_tri_fusion	100GB	95%	CTAT-LR-Fusion
19	positive	ENSG00000108094:ENSG00000085788	hybrid	100GB	95%	CTAT-LR-Fusion
19	positive	ENSG00000235162:ENSG00000286520	read_through	100GB	95%	CTAT-LR-Fusion
19	positive	ENSG00000206560:ENSG00000091651	truncated_tri_fusion	100GB	95%	CTAT-LR-Fusion
19	positive	ENSG00000259285:ENSG00000204661	hybrid	100GB	95%	CTAT-LR-Fusion
18	positive	ENSG00000204256:ENSG00000184634	hybrid	100GB	95%	CTAT-LR-Fusion
18	positive	ENSG00000264569:ENSG00000169733	read_through	100GB	95%	CTAT-LR-Fusion
18	positive	ENSG00000288769:ENSG00000111907	hybrid	100GB	95%	CTAT-LR-Fusion
18	positive	ENSG00000165383:ENSG00000247572	truncated_tri_fusion	100GB	95%	CTAT-LR-Fusion
18	positive	ENSG00000095261:ENSG00000281649	intra_chromosome	100GB	95%	CTAT-LR-Fusion
18	positive	ENSG00000090565:ENSG00000167207	intra_chromosome	100GB	95%	CTAT-LR-Fusion
18	positive	ENSG00000278249:ENSG00000011009	false_fusion	100GB	95%	CTAT-LR-Fusion
18	positive	ENSG00000138771:ENSG00000250263	truncated_tri_fusion	100GB	95%	CTAT-LR-Fusion
17	positive	ENSG00000108604:ENSG00000240280	read_through	100GB	95%	CTAT-LR-Fusion
17	positive	ENSG00000188321:ENSG00000276043	intra_chromosome	100GB	95%	CTAT-LR-Fusion
17	positive	ENSG00000069329:ENSG00000253327	hybrid	100GB	95%	CTAT-LR-Fusion
17	positive	ENSG00000183476:ENSG00000225092	truncated_tri_fusion	100GB	95%	CTAT-LR-Fusion
17	positive	ENSG00000159256:ENSG00000224924	intra_chromosome	100GB	95%	CTAT-LR-Fusion
17	positive	ENSG00000235597:ENSG00000138771	truncated_tri_fusion	100GB	95%	CTAT-LR-Fusion
17	positive	ENSG00000181523:ENSG00000197566	intra_chromosome	100GB	95%	CTAT-LR-Fusion
17	positive	ENSG00000215124:ENSG00000225102	read_through	100GB	95%	CTAT-LR-Fusion
16	positive	ENSG00000148604:ENSG00000100811	hybrid	100GB	95%	CTAT-LR-Fusion
16	positive	ENSG00000283269:ENSG00000267243	false_fusion	100GB	95%	CTAT-LR-Fusion
16	positive	ENSG00000290606:ENSG00000267243	false_fusion	100GB	95%	CTAT-LR-Fusion
16	positive	ENSG00000196586:ENSG00000143228	truncated_tri_fusion	100GB	95%	CTAT-LR-Fusion
16	positive	ENSG00000113569:ENSG00000145675	intra_chromosome	100GB	95%	CTAT-LR-Fusion
16	positive	ENSG00000117523:ENSG00000227372	intra_chromosome	100GB	95%	CTAT-LR-Fusion
16	positive	ENSG00000117758:ENSG00000159176	intra_chromosome	100GB	95%	CTAT-LR-Fusion
16	positive	ENSG00000069329:ENSG00000034053	truncated_tri_fusion	100GB	95%	CTAT-LR-Fusion
15	positive	ENSG00000232354:ENSG00000114812	read_through	100GB	95%	CTAT-LR-Fusion
15	positive	ENSG00000136014:ENSG00000135517	truncated_tri_fusion	100GB	95%	CTAT-LR-Fusion
15	positive	ENSG00000245910:ENSG00000108465	truncated_tri_fusion	100GB	95%	CTAT-LR-Fusion
15	positive	ENSG00000170954:ENSG00000183137	hybrid	100GB	95%	CTAT-LR-Fusion
15	positive	ENSG00000196381:ENSG00000013375	hybrid	100GB	95%	CTAT-LR-Fusion
15	positive	ENSG00000290988:ENSG00000013375	hybrid	100GB	95%	CTAT-LR-Fusion
15	positive	ENSG00000214338:ENSG00000184530	read_through	100GB	95%	CTAT-LR-Fusion
15	positive	ENSG00000261692:ENSG00000278847	hybrid	100GB	95%	CTAT-LR-Fusion
15	positive	ENSG00000108604:ENSG00000240280	read_through	100GB	95%	CTAT-LR-Fusion
15	positive	ENSG00000260737:ENSG00000197302	intra_chromosome	100GB	95%	CTAT-LR-Fusion
15	positive	ENSG00000260850:ENSG00000177138	truncated_tri_fusion	100GB	95%	CTAT-LR-Fusion
15	positive	ENSG00000234255:ENSG00000251011	hybrid	100GB	95%	CTAT-LR-Fusion
15	positive	ENSG00000196433:ENSG00000086758	intra_chromosome	100GB	95%	CTAT-LR-Fusion
15	positive	ENSG00000292327:ENSG00000292365	intra_chromosome	100GB	95%	CTAT-LR-Fusion
14	positive	ENSG00000119899:ENSG00000146223	intra_chromosome	100GB	95%	CTAT-LR-Fusion
14	positive	ENSG00000132003:ENSG00000078699	truncated_tri_fusion	100GB	95%	CTAT-LR-Fusion
14	positive	ENSG00000187720:ENSG00000003393	truncated_tri_fusion	100GB	95%	CTAT-LR-Fusion
14	positive	ENSG00000284770:ENSG00000198551	truncated_tri_fusion	100GB	95%	CTAT-LR-Fusion
14	positive	ENSG00000173638:ENSG00000109339	truncated_tri_fusion	100GB	95%	CTAT-LR-Fusion
14	positive	ENSG00000114302:ENSG00000114374	hybrid	100GB	95%	CTAT-LR-Fusion
14	positive	ENSG00000049759:ENSG00000203734	truncated_tri_fusion	100GB	95%	CTAT-LR-Fusion
14	positive	ENSG00000101003:ENSG00000088035	truncated_tri_fusion	100GB	95%	CTAT-LR-Fusion
14	positive	ENSG00000228373:ENSG00000164733	hybrid	100GB	95%	CTAT-LR-Fusion
14	positive	ENSG00000134326:ENSG00000062485	truncated_tri_fusion	100GB	95%	CTAT-LR-Fusion
14	positive	ENSG00000154040:ENSG00000262686	truncated_tri_fusion	100GB	95%	CTAT-LR-Fusion
13	positive	ENSG00000243789:ENSG00000125462	truncated_tri_fusion	100GB	95%	CTAT-LR-Fusion
13	positive	ENSG00000168591:ENSG00000114923	truncated_tri_fusion	100GB	95%	CTAT-LR-Fusion
13	positive	ENSG00000214338:ENSG00000184530	read_through	100GB	95%	CTAT-LR-Fusion
13	positive	ENSG00000225510:ENSG00000102471	intra_chromosome	100GB	95%	CTAT-LR-Fusion
13	positive	ENSG00000109736:ENSG00000109113	truncated_tri_fusion	100GB	95%	CTAT-LR-Fusion
13	positive	ENSG00000171109:ENSG00000174306	truncated_tri_fusion	100GB	95%	CTAT-LR-Fusion
13	positive	ENSG00000196433:ENSG00000086758	intra_chromosome	100GB	95%	CTAT-LR-Fusion
13	positive	ENSG00000234129:ENSG00000101966	intra_chromosome	100GB	95%	CTAT-LR-Fusion
13	positive	ENSG00000263508:ENSG00000141577	intra_chromosome	100GB	95%	CTAT-LR-Fusion
13	positive	ENSG00000231530:ENSG00000088298	truncated_tri_fusion	100GB	95%	CTAT-LR-Fusion
13	positive	ENSG00000138101:ENSG00000144589	intra_chromosome	100GB	95%	CTAT-LR-Fusion
13	positive	ENSG00000138115:ENSG00000145216	truncated_tri_fusion	100GB	95%	CTAT-LR-Fusion
12	positive	ENSG00000137285:ENSG00000204054	truncated_tri_fusion	100GB	95%	CTAT-LR-Fusion
12	positive	ENSG00000256422:ENSG00000084623	truncated_tri_fusion	100GB	95%	CTAT-LR-Fusion
12	positive	ENSG00000242736:ENSG00000157426	truncated_tri_fusion	100GB	95%	CTAT-LR-Fusion
12	positive	ENSG00000141556:ENSG00000197265	truncated_tri_fusion	100GB	95%	CTAT-LR-Fusion
12	positive	ENSG00000292327:ENSG00000292365	intra_chromosome	100GB	95%	CTAT-LR-Fusion
12	positive	ENSG00000231898:ENSG00000106819	truncated_tri_fusion	100GB	95%	CTAT-LR-Fusion
12	positive	ENSG00000106819:ENSG00000124787	truncated_tri_fusion	100GB	95%	CTAT-LR-Fusion
12	positive	ENSG00000268416:ENSG00000242197	truncated_tri_fusion	100GB	95%	CTAT-LR-Fusion
12	positive	ENSG00000138115:ENSG00000145216	truncated_tri_fusion	100GB	95%	CTAT-LR-Fusion
12	positive	ENSG00000128510:ENSG00000163930	truncated_tri_fusion	100GB	95%	CTAT-LR-Fusion
12	positive	ENSG00000134326:ENSG00000062485	truncated_tri_fusion	100GB	95%	CTAT-LR-Fusion
12	positive	ENSG00000125257:ENSG00000289887	read_through	100GB	95%	CTAT-LR-Fusion
12	positive	ENSG00000179523:ENSG00000235519	truncated_tri_fusion	100GB	95%	CTAT-LR-Fusion
11	positive	ENSG00000163913:ENSG00000274814	hybrid	100GB	95%	CTAT-LR-Fusion
11	positive	ENSG00000076554:ENSG00000197462	truncated_tri_fusion	100GB	95%	CTAT-LR-Fusion
11	positive	ENSG00000141556:ENSG00000197265	truncated_tri_fusion	100GB	95%	CTAT-LR-Fusion
11	positive	ENSG00000204387:ENSG00000141499	false_fusion	100GB	95%	CTAT-LR-Fusion
11	positive	ENSG00000134802:ENSG00000140987	false_fusion	100GB	95%	CTAT-LR-Fusion
11	positive	ENSG00000131051:ENSG00000049130	truncated_tri_fusion	100GB	95%	CTAT-LR-Fusion
11	positive	ENSG00000105819:ENSG00000214097	truncated_tri_fusion	100GB	95%	CTAT-LR-Fusion
11	positive	ENSG00000180304:ENSG00000105856	hybrid	100GB	95%	CTAT-LR-Fusion
11	positive	ENSG00000260840:ENSG00000093072	truncated_tri_fusion	100GB	95%	CTAT-LR-Fusion
11	positive	ENSG00000288769:ENSG00000111907	hybrid	100GB	95%	CTAT-LR-Fusion
11	positive	ENSG00000109971:ENSG00000095209	hybrid	100GB	95%	CTAT-LR-Fusion
11	positive	ENSG00000257497:ENSG00000130414	truncated_tri_fusion	100GB	95%	CTAT-LR-Fusion
11	positive	ENSG00000285412:ENSG00000106069	false_fusion	100GB	95%	CTAT-LR-Fusion
11	positive	ENSG00000260830:ENSG00000100461	intra_chromosome	100GB	95%	CTAT-LR-Fusion
11	positive	ENSG00000197872:ENSG00000150722	intra_chromosome	100GB	95%	CTAT-LR-Fusion
11	positive	ENSG00000237558:ENSG00000215580	intra_chromosome	100GB	95%	CTAT-LR-Fusion
11	positive	ENSG00000237558:ENSG00000291031	intra_chromosome	100GB	95%	CTAT-LR-Fusion
11	positive	ENSG00000106819:ENSG00000124787	truncated_tri_fusion	100GB	95%	CTAT-LR-Fusion
11	positive	ENSG00000125257:ENSG00000289887	read_through	100GB	95%	CTAT-LR-Fusion
11	positive	ENSG00000140987:ENSG00000160752	truncated_tri_fusion	100GB	95%	CTAT-LR-Fusion
23	positive	ENSG00000011295:ENSG00000137818	false_fusion	10GB	85%	CTAT-LR-Fusion
14	positive	ENSG00000011295:ENSG00000137818	false_fusion	10GB	85%	CTAT-LR-Fusion
14	positive	ENSG00000011295:ENSG00000137818	false_fusion	10GB	85%	CTAT-LR-Fusion
6	positive	ENSG00000066427:ENSG00000272767	truncated_tri_fusion	10GB	85%	CTAT-LR-Fusion
6	positive	ENSG00000270764:ENSG00000137818	false_fusion	10GB	85%	CTAT-LR-Fusion
6	positive	ENSG00000148655:ENSG00000165629	intra_chromosome	10GB	85%	CTAT-LR-Fusion
6	positive	ENSG00000213498:ENSG00000133112	false_fusion	10GB	85%	CTAT-LR-Fusion
6	positive	ENSG00000011295:ENSG00000137818	false_fusion	10GB	85%	CTAT-LR-Fusion
5	positive	ENSG00000047932:ENSG00000047936	false_fusion	10GB	85%	CTAT-LR-Fusion
5	positive	ENSG00000103415:ENSG00000103160	intra_chromosome	10GB	85%	CTAT-LR-Fusion
5	positive	ENSG00000168556:ENSG00000063978	intra_chromosome	10GB	85%	CTAT-LR-Fusion
5	positive	ENSG00000011295:ENSG00000137818	false_fusion	10GB	85%	CTAT-LR-Fusion
4	positive	ENSG00000112306:ENSG00000232965	false_fusion	10GB	85%	CTAT-LR-Fusion
4	positive	ENSG00000104907:ENSG00000278916	truncated_tri_fusion	10GB	85%	CTAT-LR-Fusion
4	positive	ENSG00000106829:ENSG00000228714	intra_chromosome	10GB	85%	CTAT-LR-Fusion
4	positive	ENSG00000138759:ENSG00000104490	truncated_tri_fusion	10GB	85%	CTAT-LR-Fusion
4	positive	ENSG00000177600:ENSG00000239809	false_fusion	10GB	85%	CTAT-LR-Fusion
4	positive	ENSG00000135241:ENSG00000225612	intra_chromosome	10GB	85%	CTAT-LR-Fusion
4	positive	ENSG00000213983:ENSG00000126777	intra_chromosome	10GB	85%	CTAT-LR-Fusion
3	positive	ENSG00000168676:ENSG00000198677	truncated_tri_fusion	10GB	85%	CTAT-LR-Fusion
3	positive	ENSG00000146556:ENSG00000141499	hybrid	10GB	85%	CTAT-LR-Fusion
3	positive	ENSG00000291134:ENSG00000141499	hybrid	10GB	85%	CTAT-LR-Fusion
3	positive	ENSG00000213498:ENSG00000133112	false_fusion	10GB	85%	CTAT-LR-Fusion
3	positive	ENSG00000162302:ENSG00000137707	truncated_tri_fusion	10GB	85%	CTAT-LR-Fusion
3	positive	ENSG00000157916:ENSG00000205835	hybrid	10GB	85%	CTAT-LR-Fusion
3	positive	ENSG00000182621:ENSG00000124155	intra_chromosome	10GB	85%	CTAT-LR-Fusion
3	positive	ENSG00000101158:ENSG00000101266	intra_chromosome	10GB	85%	CTAT-LR-Fusion
3	positive	ENSG00000165383:ENSG00000247572	truncated_tri_fusion	10GB	85%	CTAT-LR-Fusion
3	positive	ENSG00000009830:ENSG00000087258	hybrid	10GB	85%	CTAT-LR-Fusion
3	positive	ENSG00000243789:ENSG00000125462	truncated_tri_fusion	10GB	85%	CTAT-LR-Fusion
3	positive	ENSG00000101003:ENSG00000088035	truncated_tri_fusion	10GB	85%	CTAT-LR-Fusion
3	positive	ENSG00000145907:ENSG00000082805	truncated_tri_fusion	10GB	85%	CTAT-LR-Fusion
3	positive	ENSG00000227083:ENSG00000235262	intra_chromosome	10GB	85%	CTAT-LR-Fusion
3	positive	ENSG00000108094:ENSG00000085788	hybrid	10GB	85%	CTAT-LR-Fusion
3	positive	ENSG00000206384:ENSG00000196455	read_through	10GB	85%	CTAT-LR-Fusion
3	positive	ENSG00000134326:ENSG00000062485	truncated_tri_fusion	10GB	85%	CTAT-LR-Fusion
3	positive	ENSG00000164162:ENSG00000285783	false_fusion	10GB	85%	CTAT-LR-Fusion
3	positive	ENSG00000186088:ENSG00000077380	truncated_tri_fusion	10GB	85%	CTAT-LR-Fusion
2	positive	ENSG00000244754:ENSG00000233124	intra_chromosome	10GB	85%	CTAT-LR-Fusion
2	positive	ENSG00000249859:ENSG00000253503	intra_chromosome	10GB	85%	CTAT-LR-Fusion
2	positive	ENSG00000102312:ENSG00000221910	truncated_tri_fusion	10GB	85%	CTAT-LR-Fusion
2	positive	ENSG00000013503:ENSG00000111785	false_fusion	10GB	85%	CTAT-LR-Fusion
2	positive	ENSG00000226055:ENSG00000168591	truncated_tri_fusion	10GB	85%	CTAT-LR-Fusion
2	positive	ENSG00000143198:ENSG00000167881	truncated_tri_fusion	10GB	85%	CTAT-LR-Fusion
2	positive	ENSG00000196586:ENSG00000143228	truncated_tri_fusion	10GB	85%	CTAT-LR-Fusion
2	positive	ENSG00000196549:ENSG00000162302	truncated_tri_fusion	10GB	85%	CTAT-LR-Fusion
2	positive	ENSG00000177600:ENSG00000239809	false_fusion	10GB	85%	CTAT-LR-Fusion
2	positive	ENSG00000168958:ENSG00000168621	truncated_tri_fusion	10GB	85%	CTAT-LR-Fusion
2	positive	ENSG00000225746:ENSG00000258867	intra_chromosome	10GB	85%	CTAT-LR-Fusion
2	positive	ENSG00000234456:ENSG00000139350	truncated_tri_fusion	10GB	85%	CTAT-LR-Fusion
2	positive	ENSG00000148604:ENSG00000100811	hybrid	10GB	85%	CTAT-LR-Fusion
2	positive	ENSG00000124523:ENSG00000124486	truncated_tri_fusion	10GB	85%	CTAT-LR-Fusion
2	positive	ENSG00000223782:ENSG00000154040	truncated_tri_fusion	10GB	85%	CTAT-LR-Fusion
2	positive	ENSG00000149273:ENSG00000262898	hybrid	10GB	85%	CTAT-LR-Fusion
2	positive	ENSG00000203727:ENSG00000227681	false_fusion	10GB	85%	CTAT-LR-Fusion
2	positive	ENSG00000198677:ENSG00000140853	truncated_tri_fusion	10GB	85%	CTAT-LR-Fusion
2	positive	ENSG00000164756:ENSG00000081985	truncated_tri_fusion	10GB	85%	CTAT-LR-Fusion
2	positive	ENSG00000177058:ENSG00000118412	truncated_tri_fusion	10GB	85%	CTAT-LR-Fusion
2	positive	ENSG00000133112:ENSG00000231328	false_fusion	10GB	85%	CTAT-LR-Fusion
2	positive	ENSG00000011295:ENSG00000137818	false_fusion	10GB	85%	CTAT-LR-Fusion
2	positive	ENSG00000011295:ENSG00000137818	false_fusion	10GB	85%	CTAT-LR-Fusion
2	positive	ENSG00000011295:ENSG00000137818	false_fusion	10GB	85%	CTAT-LR-Fusion
2	positive	ENSG00000114638:ENSG00000121578	read_through	10GB	85%	CTAT-LR-Fusion
2	positive	ENSG00000104957:ENSG00000104518	hybrid	10GB	85%	CTAT-LR-Fusion
2	positive	ENSG00000230417:ENSG00000282863	false_fusion	10GB	85%	CTAT-LR-Fusion
2	positive	ENSG00000233593:ENSG00000285532	read_through	10GB	85%	CTAT-LR-Fusion
2	positive	ENSG00000254485:ENSG00000196220	false_fusion	10GB	85%	CTAT-LR-Fusion
2	positive	ENSG00000077684:ENSG00000223768	hybrid	10GB	85%	CTAT-LR-Fusion
2	positive	ENSG00000270764:ENSG00000137818	false_fusion	10GB	85%	CTAT-LR-Fusion
2	positive	ENSG00000259285:ENSG00000204661	hybrid	10GB	85%	CTAT-LR-Fusion
2	positive	ENSG00000146809:ENSG00000072571	truncated_tri_fusion	10GB	85%	CTAT-LR-Fusion
2	positive	ENSG00000106819:ENSG00000124787	truncated_tri_fusion	10GB	85%	CTAT-LR-Fusion
2	positive	ENSG00000241837:ENSG00000159147	false_fusion	10GB	85%	CTAT-LR-Fusion
2	positive	ENSG00000145734:ENSG00000183476	truncated_tri_fusion	10GB	85%	CTAT-LR-Fusion
2	positive	ENSG00000235162:ENSG00000286520	read_through	10GB	85%	CTAT-LR-Fusion
2	positive	ENSG00000204659:ENSG00000228274	truncated_tri_fusion	10GB	85%	CTAT-LR-Fusion
2	positive	ENSG00000179523:ENSG00000235519	truncated_tri_fusion	10GB	85%	CTAT-LR-Fusion
2	positive	ENSG00000232900:ENSG00000101384	false_fusion	10GB	85%	CTAT-LR-Fusion
2	positive	ENSG00000235059:ENSG00000124333	chromosomal_misalignment: intra_chromosome	10GB	85%	CTAT-LR-Fusion
2	positive	ENSG00000260850:ENSG00000177138	truncated_tri_fusion	10GB	85%	CTAT-LR-Fusion
2	positive	ENSG00000260995:ENSG00000165806	truncated_tri_fusion	10GB	85%	CTAT-LR-Fusion
2	positive	ENSG00000281920:ENSG00000198363	truncated_tri_fusion	10GB	85%	CTAT-LR-Fusion
2	positive	ENSG00000081985:ENSG00000184619	truncated_tri_fusion	10GB	85%	CTAT-LR-Fusion
2	positive	ENSG00000283269:ENSG00000267243	false_fusion	10GB	85%	CTAT-LR-Fusion
2	positive	ENSG00000283294:ENSG00000224367	intra_chromosome	10GB	85%	CTAT-LR-Fusion
2	positive	ENSG00000288769:ENSG00000111907	hybrid	10GB	85%	CTAT-LR-Fusion
2	positive	ENSG00000289039:ENSG00000095794	intra_chromosome	10GB	85%	CTAT-LR-Fusion
2	positive	ENSG00000290606:ENSG00000267243	false_fusion	10GB	85%	CTAT-LR-Fusion
2	positive	ENSG00000107872:ENSG00000107874	read_through	10GB	85%	CTAT-LR-Fusion
2	positive	ENSG00000145216:ENSG00000134853	false_fusion	10GB	85%	CTAT-LR-Fusion
2	positive	ENSG00000177731:ENSG00000256422	truncated_tri_fusion	10GB	85%	CTAT-LR-Fusion
2	positive	ENSG00000143891:ENSG00000132300	intra_chromosome	10GB	85%	CTAT-LR-Fusion
2	positive	ENSG00000171766:ENSG00000166145	intra_chromosome	10GB	85%	CTAT-LR-Fusion
2	positive	ENSG00000167588:ENSG00000110887	intra_chromosome	10GB	85%	CTAT-LR-Fusion
2	positive	ENSG00000186088:ENSG00000077380	truncated_tri_fusion	10GB	85%	CTAT-LR-Fusion
2	positive	ENSG00000020256:ENSG00000136444	hybrid	10GB	85%	CTAT-LR-Fusion
8	positive	ENSG00000145907:ENSG00000082805	truncated_tri_fusion	10GB	90%	CTAT-LR-Fusion
8	positive	ENSG00000249859:ENSG00000253503	intra_chromosome	10GB	90%	CTAT-LR-Fusion
7	positive	ENSG00000011295:ENSG00000137818	false_fusion	10GB	90%	CTAT-LR-Fusion
6	positive	ENSG00000292343:ENSG00000292345	intra_chromosome	10GB	90%	CTAT-LR-Fusion
6	positive	ENSG00000090061:ENSG00000205476	read_through	10GB	90%	CTAT-LR-Fusion
6	positive	ENSG00000142156:ENSG00000237945	intra_chromosome	10GB	90%	CTAT-LR-Fusion
6	positive	ENSG00000105339:ENSG00000022567	read_through	10GB	90%	CTAT-LR-Fusion
6	positive	ENSG00000077684:ENSG00000223768	hybrid	10GB	90%	CTAT-LR-Fusion
5	positive	ENSG00000244754:ENSG00000233124	intra_chromosome	10GB	90%	CTAT-LR-Fusion
5	positive	ENSG00000146556:ENSG00000141499	hybrid	10GB	90%	CTAT-LR-Fusion
5	positive	ENSG00000291134:ENSG00000141499	hybrid	10GB	90%	CTAT-LR-Fusion
5	positive	ENSG00000187720:ENSG00000003393	truncated_tri_fusion	10GB	90%	CTAT-LR-Fusion
5	positive	ENSG00000225746:ENSG00000258867	intra_chromosome	10GB	90%	CTAT-LR-Fusion
5	positive	ENSG00000165383:ENSG00000247572	truncated_tri_fusion	10GB	90%	CTAT-LR-Fusion
5	positive	ENSG00000081985:ENSG00000184619	truncated_tri_fusion	10GB	90%	CTAT-LR-Fusion
5	positive	ENSG00000235162:ENSG00000286520	read_through	10GB	90%	CTAT-LR-Fusion
4	positive	ENSG00000260840:ENSG00000093072	truncated_tri_fusion	10GB	90%	CTAT-LR-Fusion
4	positive	ENSG00000011295:ENSG00000137818	false_fusion	10GB	90%	CTAT-LR-Fusion
4	positive	ENSG00000011295:ENSG00000137818	false_fusion	10GB	90%	CTAT-LR-Fusion
4	positive	ENSG00000106829:ENSG00000228714	intra_chromosome	10GB	90%	CTAT-LR-Fusion
4	positive	ENSG00000095303:ENSG00000233616	read_through	10GB	90%	CTAT-LR-Fusion
4	positive	ENSG00000117523:ENSG00000227372	intra_chromosome	10GB	90%	CTAT-LR-Fusion
4	positive	ENSG00000009830:ENSG00000087258	hybrid	10GB	90%	CTAT-LR-Fusion
4	positive	ENSG00000144320:ENSG00000168280	hybrid	10GB	90%	CTAT-LR-Fusion
4	positive	ENSG00000182621:ENSG00000124155	intra_chromosome	10GB	90%	CTAT-LR-Fusion
4	positive	ENSG00000223941:ENSG00000197584	false_fusion	10GB	90%	CTAT-LR-Fusion
4	positive	ENSG00000232900:ENSG00000101384	false_fusion	10GB	90%	CTAT-LR-Fusion
4	positive	ENSG00000167588:ENSG00000110887	intra_chromosome	10GB	90%	CTAT-LR-Fusion
4	positive	ENSG00000164162:ENSG00000285783	false_fusion	10GB	90%	CTAT-LR-Fusion
4	positive	ENSG00000066427:ENSG00000272767	truncated_tri_fusion	10GB	90%	CTAT-LR-Fusion
4	positive	ENSG00000130396:ENSG00000096070	truncated_tri_fusion	10GB	90%	CTAT-LR-Fusion
4	positive	ENSG00000261692:ENSG00000278847	hybrid	10GB	90%	CTAT-LR-Fusion
4	positive	ENSG00000236044:ENSG00000181927	hybrid	10GB	90%	CTAT-LR-Fusion
4	positive	ENSG00000171766:ENSG00000166145	intra_chromosome	10GB	90%	CTAT-LR-Fusion
3	positive	ENSG00000167257:ENSG00000081692	hybrid	10GB	90%	CTAT-LR-Fusion
3	positive	ENSG00000255502:ENSG00000118960	truncated_tri_fusion	10GB	90%	CTAT-LR-Fusion
3	positive	ENSG00000149657:ENSG00000101182	read_through	10GB	90%	CTAT-LR-Fusion
3	positive	ENSG00000159256:ENSG00000224924	intra_chromosome	10GB	90%	CTAT-LR-Fusion
3	positive	ENSG00000148362:ENSG00000169583	read_through	10GB	90%	CTAT-LR-Fusion
3	positive	ENSG00000223631:ENSG00000284659	read_through	10GB	90%	CTAT-LR-Fusion
3	positive	ENSG00000166851:ENSG00000206560	truncated_tri_fusion	10GB	90%	CTAT-LR-Fusion
3	positive	ENSG00000166851:ENSG00000206560	truncated_tri_fusion	10GB	90%	CTAT-LR-Fusion
3	positive	ENSG00000135241:ENSG00000225612	intra_chromosome	10GB	90%	CTAT-LR-Fusion
3	positive	ENSG00000147573:ENSG00000049759	truncated_tri_fusion	10GB	90%	CTAT-LR-Fusion
3	positive	ENSG00000223782:ENSG00000154040	truncated_tri_fusion	10GB	90%	CTAT-LR-Fusion
3	positive	ENSG00000124523:ENSG00000124486	truncated_tri_fusion	10GB	90%	CTAT-LR-Fusion
3	positive	ENSG00000164756:ENSG00000081985	truncated_tri_fusion	10GB	90%	CTAT-LR-Fusion
3	positive	ENSG00000139287:ENSG00000072657	false_fusion	10GB	90%	CTAT-LR-Fusion
3	positive	ENSG00000011295:ENSG00000137818	false_fusion	10GB	90%	CTAT-LR-Fusion
3	positive	ENSG00000108312:ENSG00000260793	read_through	10GB	90%	CTAT-LR-Fusion
3	positive	ENSG00000232354:ENSG00000114812	read_through	10GB	90%	CTAT-LR-Fusion
3	positive	ENSG00000104957:ENSG00000104518	hybrid	10GB	90%	CTAT-LR-Fusion
3	positive	ENSG00000188186:ENSG00000125821	false_fusion	10GB	90%	CTAT-LR-Fusion
3	positive	ENSG00000168675:ENSG00000102898	truncated_tri_fusion	10GB	90%	CTAT-LR-Fusion
3	positive	ENSG00000148655:ENSG00000165629	intra_chromosome	10GB	90%	CTAT-LR-Fusion
3	positive	ENSG00000243789:ENSG00000125462	truncated_tri_fusion	10GB	90%	CTAT-LR-Fusion
3	positive	ENSG00000258177:ENSG00000124523	truncated_tri_fusion	10GB	90%	CTAT-LR-Fusion
3	positive	ENSG00000102977:ENSG00000233445	truncated_tri_fusion	10GB	90%	CTAT-LR-Fusion
3	positive	ENSG00000106819:ENSG00000124787	truncated_tri_fusion	10GB	90%	CTAT-LR-Fusion
3	positive	ENSG00000096070:ENSG00000104218	truncated_tri_fusion	10GB	90%	CTAT-LR-Fusion
3	positive	ENSG00000204659:ENSG00000228274	truncated_tri_fusion	10GB	90%	CTAT-LR-Fusion
3	positive	ENSG00000134058:ENSG00000176970	truncated_tri_fusion	10GB	90%	CTAT-LR-Fusion
3	positive	ENSG00000013297:ENSG00000285051	false_fusion	10GB	90%	CTAT-LR-Fusion
3	positive	ENSG00000228373:ENSG00000164733	hybrid	10GB	90%	CTAT-LR-Fusion
3	positive	ENSG00000256339:ENSG00000149564	hybrid	10GB	90%	CTAT-LR-Fusion
3	positive	ENSG00000134326:ENSG00000062485	truncated_tri_fusion	10GB	90%	CTAT-LR-Fusion
3	positive	ENSG00000260995:ENSG00000165806	truncated_tri_fusion	10GB	90%	CTAT-LR-Fusion
3	positive	ENSG00000138759:ENSG00000104490	truncated_tri_fusion	10GB	90%	CTAT-LR-Fusion
3	positive	ENSG00000234129:ENSG00000101966	intra_chromosome	10GB	90%	CTAT-LR-Fusion
3	positive	ENSG00000263508:ENSG00000141577	intra_chromosome	10GB	90%	CTAT-LR-Fusion
3	positive	ENSG00000186088:ENSG00000077380	truncated_tri_fusion	10GB	90%	CTAT-LR-Fusion
3	positive	ENSG00000103415:ENSG00000103160	intra_chromosome	10GB	90%	CTAT-LR-Fusion
3	positive	ENSG00000106692:ENSG00000082898	hybrid	10GB	90%	CTAT-LR-Fusion
3	positive	ENSG00000145216:ENSG00000134853	false_fusion	10GB	90%	CTAT-LR-Fusion
3	positive	ENSG00000281920:ENSG00000198363	truncated_tri_fusion	10GB	90%	CTAT-LR-Fusion
2	positive	ENSG00000149273:ENSG00000262898	hybrid	10GB	90%	CTAT-LR-Fusion
2	positive	ENSG00000106628:ENSG00000136297	intra_chromosome	10GB	90%	CTAT-LR-Fusion
2	positive	ENSG00000148604:ENSG00000100811	hybrid	10GB	90%	CTAT-LR-Fusion
2	positive	ENSG00000148604:ENSG00000100811	hybrid	10GB	90%	CTAT-LR-Fusion
2	positive	ENSG00000146282:ENSG00000153291	intra_chromosome	10GB	90%	CTAT-LR-Fusion
2	positive	ENSG00000138698:ENSG00000198246	truncated_tri_fusion	10GB	90%	CTAT-LR-Fusion
2	positive	ENSG00000130962:ENSG00000156298	false_fusion	10GB	90%	CTAT-LR-Fusion
2	positive	ENSG00000102312:ENSG00000221910	truncated_tri_fusion	10GB	90%	CTAT-LR-Fusion
2	positive	ENSG00000149273:ENSG00000262898	hybrid	10GB	90%	CTAT-LR-Fusion
2	positive	ENSG00000231898:ENSG00000106819	truncated_tri_fusion	10GB	90%	CTAT-LR-Fusion
2	positive	ENSG00000105819:ENSG00000214097	truncated_tri_fusion	10GB	90%	CTAT-LR-Fusion
2	positive	ENSG00000134020:ENSG00000248538	intra_chromosome	10GB	90%	CTAT-LR-Fusion
2	positive	ENSG00000134020:ENSG00000248538	intra_chromosome	10GB	90%	CTAT-LR-Fusion
2	positive	ENSG00000225510:ENSG00000102471	intra_chromosome	10GB	90%	CTAT-LR-Fusion
2	positive	ENSG00000281880:ENSG00000049449	false_fusion	10GB	90%	CTAT-LR-Fusion
2	positive	ENSG00000188199:ENSG00000167258	false_fusion	10GB	90%	CTAT-LR-Fusion
2	positive	ENSG00000151322:ENSG00000249858	truncated_tri_fusion	10GB	90%	CTAT-LR-Fusion
2	positive	ENSG00000151967:ENSG00000255248	hybrid	10GB	90%	CTAT-LR-Fusion
2	positive	ENSG00000247627:ENSG00000189167	hybrid	10GB	90%	CTAT-LR-Fusion
2	positive	ENSG00000278249:ENSG00000011009	false_fusion	10GB	90%	CTAT-LR-Fusion
2	positive	ENSG00000011295:ENSG00000137818	false_fusion	10GB	90%	CTAT-LR-Fusion
2	positive	ENSG00000198677:ENSG00000140853	truncated_tri_fusion	10GB	90%	CTAT-LR-Fusion
2	positive	ENSG00000132122:ENSG00000179082	hybrid	10GB	90%	CTAT-LR-Fusion
2	positive	ENSG00000143198:ENSG00000167881	truncated_tri_fusion	10GB	90%	CTAT-LR-Fusion
2	positive	ENSG00000140987:ENSG00000160752	truncated_tri_fusion	10GB	90%	CTAT-LR-Fusion
2	positive	ENSG00000196381:ENSG00000013375	hybrid	10GB	90%	CTAT-LR-Fusion
2	positive	ENSG00000290988:ENSG00000013375	hybrid	10GB	90%	CTAT-LR-Fusion
2	positive	ENSG00000188321:ENSG00000276043	intra_chromosome	10GB	90%	CTAT-LR-Fusion
2	positive	ENSG00000170954:ENSG00000183137	hybrid	10GB	90%	CTAT-LR-Fusion
2	positive	ENSG00000174306:ENSG00000155307	truncated_tri_fusion	10GB	90%	CTAT-LR-Fusion
2	positive	ENSG00000069329:ENSG00000034053	truncated_tri_fusion	10GB	90%	CTAT-LR-Fusion
2	positive	ENSG00000115652:ENSG00000228363	intra_chromosome	10GB	90%	CTAT-LR-Fusion
2	positive	ENSG00000036672:ENSG00000261821	truncated_tri_fusion	10GB	90%	CTAT-LR-Fusion
2	positive	ENSG00000114638:ENSG00000121578	read_through	10GB	90%	CTAT-LR-Fusion
2	positive	ENSG00000011295:ENSG00000137818	false_fusion	10GB	90%	CTAT-LR-Fusion
2	positive	ENSG00000229586:ENSG00000225626	truncated_tri_fusion	10GB	90%	CTAT-LR-Fusion
2	positive	ENSG00000182796:ENSG00000231851	truncated_tri_fusion	10GB	90%	CTAT-LR-Fusion
2	positive	ENSG00000136869:ENSG00000284977	false_fusion	10GB	90%	CTAT-LR-Fusion
2	positive	ENSG00000284770:ENSG00000198551	truncated_tri_fusion	10GB	90%	CTAT-LR-Fusion
2	positive	ENSG00000167291:ENSG00000275516	read_through	10GB	90%	CTAT-LR-Fusion
2	positive	ENSG00000117758:ENSG00000159176	intra_chromosome	10GB	90%	CTAT-LR-Fusion
2	positive	ENSG00000196549:ENSG00000162302	truncated_tri_fusion	10GB	90%	CTAT-LR-Fusion
2	positive	ENSG00000204256:ENSG00000184634	hybrid	10GB	90%	CTAT-LR-Fusion
2	positive	ENSG00000105613:ENSG00000164011	hybrid	10GB	90%	CTAT-LR-Fusion
2	positive	ENSG00000284686:ENSG00000260971	false_fusion	10GB	90%	CTAT-LR-Fusion
2	positive	ENSG00000283294:ENSG00000224367	intra_chromosome	10GB	90%	CTAT-LR-Fusion
2	positive	ENSG00000281920:ENSG00000198363	truncated_tri_fusion	10GB	90%	CTAT-LR-Fusion
2	positive	ENSG00000268416:ENSG00000242197	truncated_tri_fusion	10GB	90%	CTAT-LR-Fusion
2	positive	ENSG00000254485:ENSG00000196220	false_fusion	10GB	90%	CTAT-LR-Fusion
2	positive	ENSG00000234255:ENSG00000251011	hybrid	10GB	90%	CTAT-LR-Fusion
2	positive	ENSG00000226750:ENSG00000099251	false_fusion	10GB	90%	CTAT-LR-Fusion
2	positive	ENSG00000226750:ENSG00000290439	false_fusion	10GB	90%	CTAT-LR-Fusion
2	positive	ENSG00000226138:ENSG00000167110	hybrid	10GB	90%	CTAT-LR-Fusion
2	positive	ENSG00000108094:ENSG00000085788	hybrid	10GB	90%	CTAT-LR-Fusion
2	positive	ENSG00000214078:ENSG00000283103	truncated_tri_fusion	10GB	90%	CTAT-LR-Fusion
2	positive	ENSG00000128510:ENSG00000163930	truncated_tri_fusion	10GB	90%	CTAT-LR-Fusion
2	positive	ENSG00000048740:ENSG00000225830	intra_chromosome	10GB	90%	CTAT-LR-Fusion
2	positive	ENSG00000237558:ENSG00000215580	intra_chromosome	10GB	90%	CTAT-LR-Fusion
2	positive	ENSG00000237558:ENSG00000291031	intra_chromosome	10GB	90%	CTAT-LR-Fusion
2	positive	ENSG00000060339:ENSG00000228451	hybrid	10GB	90%	CTAT-LR-Fusion
2	positive	ENSG00000259285:ENSG00000204661	hybrid	10GB	90%	CTAT-LR-Fusion
2	positive	ENSG00000102977:ENSG00000233445	truncated_tri_fusion	10GB	90%	CTAT-LR-Fusion
2	positive	ENSG00000102977:ENSG00000233445	truncated_tri_fusion	10GB	90%	CTAT-LR-Fusion
2	positive	ENSG00000248487:ENSG00000260995	false_fusion	10GB	90%	CTAT-LR-Fusion
2	positive	ENSG00000284686:ENSG00000260971	false_fusion	10GB	90%	CTAT-LR-Fusion
2	positive	ENSG00000288769:ENSG00000111907	hybrid	10GB	90%	CTAT-LR-Fusion
2	positive	ENSG00000234456:ENSG00000139350	truncated_tri_fusion	10GB	90%	CTAT-LR-Fusion
2	positive	ENSG00000289039:ENSG00000095794	intra_chromosome	10GB	90%	CTAT-LR-Fusion
2	positive	ENSG00000167419:ENSG00000005381	read_through	10GB	90%	CTAT-LR-Fusion
2	positive	ENSG00000167419:ENSG00000005381	read_through	10GB	90%	CTAT-LR-Fusion
2	positive	ENSG00000246430:ENSG00000253139	read_through	10GB	90%	CTAT-LR-Fusion
2	positive	ENSG00000230417:ENSG00000282863	false_fusion	10GB	90%	CTAT-LR-Fusion
2	positive	ENSG00000272274:ENSG00000236581	intra_chromosome	10GB	90%	CTAT-LR-Fusion
2	positive	ENSG00000235221:ENSG00000236581	intra_chromosome	10GB	90%	CTAT-LR-Fusion
2	positive	ENSG00000095981:ENSG00000164627	read_through	10GB	90%	CTAT-LR-Fusion
2	positive	ENSG00000047932:ENSG00000047936	false_fusion	10GB	90%	CTAT-LR-Fusion
2	positive	ENSG00000101003:ENSG00000088035	truncated_tri_fusion	10GB	90%	CTAT-LR-Fusion
2	positive	ENSG00000143891:ENSG00000132300	intra_chromosome	10GB	90%	CTAT-LR-Fusion
2	positive	ENSG00000138759:ENSG00000104490	truncated_tri_fusion	10GB	90%	CTAT-LR-Fusion
2	positive	ENSG00000131781:ENSG00000250166	hybrid	10GB	90%	CTAT-LR-Fusion
2	positive	ENSG00000177731:ENSG00000256422	truncated_tri_fusion	10GB	90%	CTAT-LR-Fusion
2	positive	ENSG00000107872:ENSG00000107874	read_through	10GB	90%	CTAT-LR-Fusion
2	positive	ENSG00000251669:ENSG00000205444	false_fusion	10GB	90%	CTAT-LR-Fusion
2	positive	ENSG00000290374:ENSG00000205444	truncated_tri_fusion	10GB	90%	CTAT-LR-Fusion
2	positive	ENSG00000125898:ENSG00000234948	intra_chromosome	10GB	90%	CTAT-LR-Fusion
2	positive	ENSG00000236044:ENSG00000181927	hybrid	10GB	90%	CTAT-LR-Fusion
2	positive	ENSG00000132003:ENSG00000078699	truncated_tri_fusion	10GB	90%	CTAT-LR-Fusion
9	positive	ENSG00000139151:ENSG00000255648	read_through	10GB	95%	CTAT-LR-Fusion
9	positive	ENSG00000106829:ENSG00000228714	intra_chromosome	10GB	95%	CTAT-LR-Fusion
8	positive	ENSG00000140025:ENSG00000053254	false_fusion	10GB	95%	CTAT-LR-Fusion
8	positive	ENSG00000235059:ENSG00000124333	chromosomal_misalignment: intra_chromosome	10GB	95%	CTAT-LR-Fusion
8	positive	ENSG00000114638:ENSG00000121578	read_through	10GB	95%	CTAT-LR-Fusion
7	positive	ENSG00000290733:ENSG00000186088	truncated_tri_fusion	10GB	95%	CTAT-LR-Fusion
7	positive	ENSG00000186088:ENSG00000077380	truncated_tri_fusion	10GB	95%	CTAT-LR-Fusion
7	positive	ENSG00000168675:ENSG00000102898	truncated_tri_fusion	10GB	95%	CTAT-LR-Fusion
7	positive	ENSG00000224597:ENSG00000096746	intra_chromosome	10GB	95%	CTAT-LR-Fusion
7	positive	ENSG00000291093:ENSG00000096746	intra_chromosome	10GB	95%	CTAT-LR-Fusion
6	positive	ENSG00000203727:ENSG00000227681	false_fusion	10GB	95%	CTAT-LR-Fusion
6	positive	ENSG00000139287:ENSG00000072657	false_fusion	10GB	95%	CTAT-LR-Fusion
6	positive	ENSG00000177058:ENSG00000118412	truncated_tri_fusion	10GB	95%	CTAT-LR-Fusion
6	positive	ENSG00000148655:ENSG00000165629	intra_chromosome	10GB	95%	CTAT-LR-Fusion
6	positive	ENSG00000144320:ENSG00000168280	hybrid	10GB	95%	CTAT-LR-Fusion
6	positive	ENSG00000263080:ENSG00000175643	read_through	10GB	95%	CTAT-LR-Fusion
6	positive	ENSG00000258177:ENSG00000124523	truncated_tri_fusion	10GB	95%	CTAT-LR-Fusion
6	positive	ENSG00000206560:ENSG00000091651	truncated_tri_fusion	10GB	95%	CTAT-LR-Fusion
5	positive	ENSG00000188199:ENSG00000167258	false_fusion	10GB	95%	CTAT-LR-Fusion
5	positive	ENSG00000182796:ENSG00000231851	truncated_tri_fusion	10GB	95%	CTAT-LR-Fusion
5	positive	ENSG00000182568:ENSG00000131374	false_fusion	10GB	95%	CTAT-LR-Fusion
5	positive	ENSG00000149273:ENSG00000262898	hybrid	10GB	95%	CTAT-LR-Fusion
5	positive	ENSG00000167257:ENSG00000081692	hybrid	10GB	95%	CTAT-LR-Fusion
5	positive	ENSG00000157916:ENSG00000205835	hybrid	10GB	95%	CTAT-LR-Fusion
5	positive	ENSG00000226961:ENSG00000176124	truncated_tri_fusion	10GB	95%	CTAT-LR-Fusion
5	positive	ENSG00000102312:ENSG00000221910	truncated_tri_fusion	10GB	95%	CTAT-LR-Fusion
5	positive	ENSG00000144815:ENSG00000171735	truncated_tri_fusion	10GB	95%	CTAT-LR-Fusion
5	positive	ENSG00000196549:ENSG00000162302	truncated_tri_fusion	10GB	95%	CTAT-LR-Fusion
5	positive	ENSG00000164162:ENSG00000285783	false_fusion	10GB	95%	CTAT-LR-Fusion
5	positive	ENSG00000233593:ENSG00000285532	read_through	10GB	95%	CTAT-LR-Fusion
5	positive	ENSG00000283294:ENSG00000224367	intra_chromosome	10GB	95%	CTAT-LR-Fusion
5	positive	ENSG00000227083:ENSG00000235262	intra_chromosome	10GB	95%	CTAT-LR-Fusion
5	positive	ENSG00000197462:ENSG00000141576	truncated_tri_fusion	10GB	95%	CTAT-LR-Fusion
5	positive	ENSG00000048740:ENSG00000225830	intra_chromosome	10GB	95%	CTAT-LR-Fusion
5	positive	ENSG00000060339:ENSG00000228451	hybrid	10GB	95%	CTAT-LR-Fusion
5	positive	ENSG00000241837:ENSG00000159147	false_fusion	10GB	95%	CTAT-LR-Fusion
5	positive	ENSG00000102977:ENSG00000233445	truncated_tri_fusion	10GB	95%	CTAT-LR-Fusion
4	positive	ENSG00000166851:ENSG00000206560	truncated_tri_fusion	10GB	95%	CTAT-LR-Fusion
4	positive	ENSG00000182621:ENSG00000124155	intra_chromosome	10GB	95%	CTAT-LR-Fusion
4	positive	ENSG00000148362:ENSG00000169583	read_through	10GB	95%	CTAT-LR-Fusion
4	positive	ENSG00000143198:ENSG00000167881	truncated_tri_fusion	10GB	95%	CTAT-LR-Fusion
4	positive	ENSG00000226055:ENSG00000168591	truncated_tri_fusion	10GB	95%	CTAT-LR-Fusion
4	positive	ENSG00000247627:ENSG00000189167	hybrid	10GB	95%	CTAT-LR-Fusion
4	positive	ENSG00000135241:ENSG00000225612	intra_chromosome	10GB	95%	CTAT-LR-Fusion
4	positive	ENSG00000278416:ENSG00000157954	false_fusion	10GB	95%	CTAT-LR-Fusion
4	positive	ENSG00000284770:ENSG00000198551	truncated_tri_fusion	10GB	95%	CTAT-LR-Fusion
4	positive	ENSG00000249859:ENSG00000253503	intra_chromosome	10GB	95%	CTAT-LR-Fusion
4	positive	ENSG00000179912:ENSG00000241369	truncated_tri_fusion	10GB	95%	CTAT-LR-Fusion
4	positive	ENSG00000204387:ENSG00000141499	false_fusion	10GB	95%	CTAT-LR-Fusion
4	positive	ENSG00000132122:ENSG00000179082	hybrid	10GB	95%	CTAT-LR-Fusion
4	positive	ENSG00000036672:ENSG00000261821	truncated_tri_fusion	10GB	95%	CTAT-LR-Fusion
4	positive	ENSG00000069329:ENSG00000034053	truncated_tri_fusion	10GB	95%	CTAT-LR-Fusion
4	positive	ENSG00000099810:ENSG00000240498	false_fusion	10GB	95%	CTAT-LR-Fusion
4	positive	ENSG00000286799:ENSG00000257497	truncated_tri_fusion	10GB	95%	CTAT-LR-Fusion
4	positive	ENSG00000229606:ENSG00000289577	read_through	10GB	95%	CTAT-LR-Fusion
4	positive	ENSG00000256339:ENSG00000149564	hybrid	10GB	95%	CTAT-LR-Fusion
4	positive	ENSG00000154040:ENSG00000262686	truncated_tri_fusion	10GB	95%	CTAT-LR-Fusion
4	positive	ENSG00000235221:ENSG00000236581	intra_chromosome	10GB	95%	CTAT-LR-Fusion
4	positive	ENSG00000204659:ENSG00000228274	truncated_tri_fusion	10GB	95%	CTAT-LR-Fusion
4	positive	ENSG00000013297:ENSG00000285051	false_fusion	10GB	95%	CTAT-LR-Fusion
4	positive	ENSG00000215796:ENSG00000138759	truncated_tri_fusion	10GB	95%	CTAT-LR-Fusion
4	positive	ENSG00000226750:ENSG00000099251	false_fusion	10GB	95%	CTAT-LR-Fusion
4	positive	ENSG00000226750:ENSG00000290439	false_fusion	10GB	95%	CTAT-LR-Fusion
4	positive	ENSG00000172404:ENSG00000226024	intra_chromosome	10GB	95%	CTAT-LR-Fusion
4	positive	ENSG00000257894:ENSG00000255652	intra_chromosome	10GB	95%	CTAT-LR-Fusion
4	positive	ENSG00000145216:ENSG00000172922	truncated_tri_fusion	10GB	95%	CTAT-LR-Fusion
4	positive	ENSG00000143891:ENSG00000132300	intra_chromosome	10GB	95%	CTAT-LR-Fusion
4	positive	ENSG00000167588:ENSG00000110887	intra_chromosome	10GB	95%	CTAT-LR-Fusion
4	positive	ENSG00000103415:ENSG00000103160	intra_chromosome	10GB	95%	CTAT-LR-Fusion
4	positive	ENSG00000136504:ENSG00000277586	truncated_tri_fusion	10GB	95%	CTAT-LR-Fusion
3	positive	ENSG00000143669:ENSG00000206803	read_through	10GB	95%	CTAT-LR-Fusion
3	positive	ENSG00000138698:ENSG00000198246	truncated_tri_fusion	10GB	95%	CTAT-LR-Fusion
3	positive	ENSG00000225746:ENSG00000258867	intra_chromosome	10GB	95%	CTAT-LR-Fusion
3	positive	ENSG00000244754:ENSG00000233124	intra_chromosome	10GB	95%	CTAT-LR-Fusion
3	positive	ENSG00000281880:ENSG00000049449	false_fusion	10GB	95%	CTAT-LR-Fusion
3	positive	ENSG00000134020:ENSG00000248538	intra_chromosome	10GB	95%	CTAT-LR-Fusion
3	positive	ENSG00000117523:ENSG00000227372	intra_chromosome	10GB	95%	CTAT-LR-Fusion
3	positive	ENSG00000095261:ENSG00000281649	intra_chromosome	10GB	95%	CTAT-LR-Fusion
3	positive	ENSG00000090565:ENSG00000167207	intra_chromosome	10GB	95%	CTAT-LR-Fusion
3	positive	ENSG00000136014:ENSG00000135517	truncated_tri_fusion	10GB	95%	CTAT-LR-Fusion
3	positive	ENSG00000223782:ENSG00000154040	truncated_tri_fusion	10GB	95%	CTAT-LR-Fusion
3	positive	ENSG00000181523:ENSG00000140853	truncated_tri_fusion	10GB	95%	CTAT-LR-Fusion
3	positive	ENSG00000198677:ENSG00000140853	truncated_tri_fusion	10GB	95%	CTAT-LR-Fusion
3	positive	ENSG00000168591:ENSG00000114923	truncated_tri_fusion	10GB	95%	CTAT-LR-Fusion
3	positive	ENSG00000242736:ENSG00000157426	truncated_tri_fusion	10GB	95%	CTAT-LR-Fusion
3	positive	ENSG00000147573:ENSG00000049759	truncated_tri_fusion	10GB	95%	CTAT-LR-Fusion
3	positive	ENSG00000115652:ENSG00000228363	intra_chromosome	10GB	95%	CTAT-LR-Fusion
3	positive	ENSG00000188321:ENSG00000276043	intra_chromosome	10GB	95%	CTAT-LR-Fusion
3	positive	ENSG00000260737:ENSG00000197302	intra_chromosome	10GB	95%	CTAT-LR-Fusion
3	positive	ENSG00000149657:ENSG00000101182	read_through	10GB	95%	CTAT-LR-Fusion
3	positive	ENSG00000238194:ENSG00000167554	truncated_tri_fusion	10GB	95%	CTAT-LR-Fusion
3	positive	ENSG00000223941:ENSG00000197584	false_fusion	10GB	95%	CTAT-LR-Fusion
3	positive	ENSG00000284867:ENSG00000230284	false_fusion	10GB	95%	CTAT-LR-Fusion
3	positive	ENSG00000068796:ENSG00000086200	false_fusion	10GB	95%	CTAT-LR-Fusion
3	positive	ENSG00000213983:ENSG00000126777	intra_chromosome	10GB	95%	CTAT-LR-Fusion
3	positive	ENSG00000146809:ENSG00000072571	truncated_tri_fusion	10GB	95%	CTAT-LR-Fusion
3	positive	ENSG00000105011:ENSG00000125755	intra_chromosome	10GB	95%	CTAT-LR-Fusion
3	positive	ENSG00000292336:ENSG00000086758	false_fusion	10GB	95%	CTAT-LR-Fusion
3	positive	ENSG00000142156:ENSG00000237945	intra_chromosome	10GB	95%	CTAT-LR-Fusion
3	positive	ENSG00000179523:ENSG00000235519	truncated_tri_fusion	10GB	95%	CTAT-LR-Fusion
3	positive	ENSG00000254485:ENSG00000196220	false_fusion	10GB	95%	CTAT-LR-Fusion
3	positive	ENSG00000260995:ENSG00000165806	truncated_tri_fusion	10GB	95%	CTAT-LR-Fusion
3	positive	ENSG00000125257:ENSG00000289887	read_through	10GB	95%	CTAT-LR-Fusion
3	positive	ENSG00000289039:ENSG00000095794	intra_chromosome	10GB	95%	CTAT-LR-Fusion
3	positive	ENSG00000106692:ENSG00000082898	hybrid	10GB	95%	CTAT-LR-Fusion
3	positive	ENSG00000082805:ENSG00000166747	truncated_tri_fusion	10GB	95%	CTAT-LR-Fusion
3	positive	ENSG00000168556:ENSG00000063978	intra_chromosome	10GB	95%	CTAT-LR-Fusion
3	positive	ENSG00000145907:ENSG00000082805	truncated_tri_fusion	10GB	95%	CTAT-LR-Fusion
3	positive	ENSG00000243789:ENSG00000125462	truncated_tri_fusion	10GB	95%	CTAT-LR-Fusion
3	positive	ENSG00000145216:ENSG00000134853	false_fusion	10GB	95%	CTAT-LR-Fusion
3	positive	ENSG00000161513:ENSG00000172782	read_through	10GB	95%	CTAT-LR-Fusion
3	positive	ENSG00000251669:ENSG00000205444	false_fusion	10GB	95%	CTAT-LR-Fusion
3	positive	ENSG00000290374:ENSG00000205444	truncated_tri_fusion	10GB	95%	CTAT-LR-Fusion
2	positive	ENSG00000185664:ENSG00000251584	hybrid	10GB	95%	CTAT-LR-Fusion
2	positive	ENSG00000159256:ENSG00000224924	intra_chromosome	10GB	95%	CTAT-LR-Fusion
2	positive	ENSG00000102898:ENSG00000163209	truncated_tri_fusion	10GB	95%	CTAT-LR-Fusion
2	positive	ENSG00000113569:ENSG00000145675	intra_chromosome	10GB	95%	CTAT-LR-Fusion
2	positive	ENSG00000151322:ENSG00000249858	truncated_tri_fusion	10GB	95%	CTAT-LR-Fusion
2	positive	ENSG00000151322:ENSG00000249858	truncated_tri_fusion	10GB	95%	CTAT-LR-Fusion
2	positive	ENSG00000101158:ENSG00000101266	intra_chromosome	10GB	95%	CTAT-LR-Fusion
2	positive	ENSG00000196586:ENSG00000143228	truncated_tri_fusion	10GB	95%	CTAT-LR-Fusion
2	positive	ENSG00000281880:ENSG00000049449	false_fusion	10GB	95%	CTAT-LR-Fusion
2	positive	ENSG00000234456:ENSG00000139350	truncated_tri_fusion	10GB	95%	CTAT-LR-Fusion
2	positive	ENSG00000105613:ENSG00000164011	hybrid	10GB	95%	CTAT-LR-Fusion
2	positive	ENSG00000050748:ENSG00000253908	read_through	10GB	95%	CTAT-LR-Fusion
2	positive	ENSG00000165383:ENSG00000247572	truncated_tri_fusion	10GB	95%	CTAT-LR-Fusion
2	positive	ENSG00000230768:ENSG00000290655	truncated_tri_fusion	10GB	95%	CTAT-LR-Fusion
2	positive	ENSG00000260737:ENSG00000197302	intra_chromosome	10GB	95%	CTAT-LR-Fusion
2	positive	ENSG00000230417:ENSG00000282863	false_fusion	10GB	95%	CTAT-LR-Fusion
2	positive	ENSG00000272274:ENSG00000236581	intra_chromosome	10GB	95%	CTAT-LR-Fusion
2	positive	ENSG00000095303:ENSG00000233616	read_through	10GB	95%	CTAT-LR-Fusion
2	positive	ENSG00000009830:ENSG00000087258	hybrid	10GB	95%	CTAT-LR-Fusion
2	positive	ENSG00000108604:ENSG00000240280	read_through	10GB	95%	CTAT-LR-Fusion
2	positive	ENSG00000173166:ENSG00000137807	hybrid	10GB	95%	CTAT-LR-Fusion
2	positive	ENSG00000167291:ENSG00000275516	read_through	10GB	95%	CTAT-LR-Fusion
2	positive	ENSG00000020256:ENSG00000136444	hybrid	10GB	95%	CTAT-LR-Fusion
2	positive	ENSG00000164924:ENSG00000242315	read_through	10GB	95%	CTAT-LR-Fusion
2	positive	ENSG00000221947:ENSG00000120896	intra_chromosome	10GB	95%	CTAT-LR-Fusion
2	positive	ENSG00000069329:ENSG00000253327	hybrid	10GB	95%	CTAT-LR-Fusion
2	positive	ENSG00000166348:ENSG00000165868	intra_chromosome	10GB	95%	CTAT-LR-Fusion
2	positive	ENSG00000108312:ENSG00000260793	read_through	10GB	95%	CTAT-LR-Fusion
2	positive	ENSG00000104907:ENSG00000278916	truncated_tri_fusion	10GB	95%	CTAT-LR-Fusion
2	positive	ENSG00000229586:ENSG00000225626	truncated_tri_fusion	10GB	95%	CTAT-LR-Fusion
2	positive	ENSG00000117758:ENSG00000159176	intra_chromosome	10GB	95%	CTAT-LR-Fusion
2	positive	ENSG00000148604:ENSG00000100811	hybrid	10GB	95%	CTAT-LR-Fusion
2	positive	ENSG00000188186:ENSG00000125821	false_fusion	10GB	95%	CTAT-LR-Fusion
2	positive	ENSG00000124523:ENSG00000124486	truncated_tri_fusion	10GB	95%	CTAT-LR-Fusion
2	positive	ENSG00000151967:ENSG00000255248	hybrid	10GB	95%	CTAT-LR-Fusion
2	positive	ENSG00000278249:ENSG00000011009	false_fusion	10GB	95%	CTAT-LR-Fusion
2	positive	ENSG00000198838:ENSG00000276702	read_through	10GB	95%	CTAT-LR-Fusion
2	positive	ENSG00000198838:ENSG00000276702	read_through	10GB	95%	CTAT-LR-Fusion
2	positive	ENSG00000244485:ENSG00000173113	truncated_tri_fusion	10GB	95%	CTAT-LR-Fusion
2	positive	ENSG00000233445:ENSG00000251249	truncated_tri_fusion	10GB	95%	CTAT-LR-Fusion
2	positive	ENSG00000165046:ENSG00000272159	read_through	10GB	95%	CTAT-LR-Fusion
2	positive	ENSG00000138759:ENSG00000104490	truncated_tri_fusion	10GB	95%	CTAT-LR-Fusion
2	positive	ENSG00000168676:ENSG00000198677	truncated_tri_fusion	10GB	95%	CTAT-LR-Fusion
2	positive	ENSG00000223634:ENSG00000235497	read_through	10GB	95%	CTAT-LR-Fusion
2	positive	ENSG00000114867:ENSG00000275389	truncated_tri_fusion	10GB	95%	CTAT-LR-Fusion
2	positive	ENSG00000264569:ENSG00000169733	read_through	10GB	95%	CTAT-LR-Fusion
2	positive	ENSG00000197872:ENSG00000150722	intra_chromosome	10GB	95%	CTAT-LR-Fusion
2	positive	ENSG00000134326:ENSG00000062485	truncated_tri_fusion	10GB	95%	CTAT-LR-Fusion
2	positive	ENSG00000134326:ENSG00000062485	truncated_tri_fusion	10GB	95%	CTAT-LR-Fusion
2	positive	ENSG00000147434:ENSG00000164953	intra_chromosome	10GB	95%	CTAT-LR-Fusion
2	positive	ENSG00000134058:ENSG00000176970	truncated_tri_fusion	10GB	95%	CTAT-LR-Fusion
2	positive	ENSG00000244607:ENSG00000138347	hybrid	10GB	95%	CTAT-LR-Fusion
2	positive	ENSG00000235162:ENSG00000286520	read_through	10GB	95%	CTAT-LR-Fusion
2	positive	ENSG00000145734:ENSG00000183476	truncated_tri_fusion	10GB	95%	CTAT-LR-Fusion
2	positive	ENSG00000066427:ENSG00000272767	truncated_tri_fusion	10GB	95%	CTAT-LR-Fusion
2	positive	ENSG00000106819:ENSG00000124787	truncated_tri_fusion	10GB	95%	CTAT-LR-Fusion
2	positive	ENSG00000137074:ENSG00000130714	intra_chromosome	10GB	95%	CTAT-LR-Fusion
2	positive	ENSG00000215124:ENSG00000225102	read_through	10GB	95%	CTAT-LR-Fusion
2	positive	ENSG00000003393:ENSG00000145916	truncated_tri_fusion	10GB	95%	CTAT-LR-Fusion
2	positive	ENSG00000259285:ENSG00000204661	hybrid	10GB	95%	CTAT-LR-Fusion
2	positive	ENSG00000130396:ENSG00000096070	truncated_tri_fusion	10GB	95%	CTAT-LR-Fusion
2	positive	ENSG00000066322:ENSG00000189326	truncated_tri_fusion	10GB	95%	CTAT-LR-Fusion
2	positive	ENSG00000223634:ENSG00000235497	read_through	10GB	95%	CTAT-LR-Fusion
2	positive	ENSG00000243789:ENSG00000125462	truncated_tri_fusion	10GB	95%	CTAT-LR-Fusion
2	positive	ENSG00000228373:ENSG00000164733	hybrid	10GB	95%	CTAT-LR-Fusion
2	positive	ENSG00000077684:ENSG00000223768	hybrid	10GB	95%	CTAT-LR-Fusion
2	positive	ENSG00000253329:ENSG00000127481	truncated_tri_fusion	10GB	95%	CTAT-LR-Fusion
2	positive	ENSG00000253329:ENSG00000127481	truncated_tri_fusion	10GB	95%	CTAT-LR-Fusion
2	positive	ENSG00000094631:ENSG00000186409	truncated_tri_fusion	10GB	95%	CTAT-LR-Fusion
2	positive	ENSG00000148308:ENSG00000260840	truncated_tri_fusion	10GB	95%	CTAT-LR-Fusion
2	positive	ENSG00000047932:ENSG00000047936	false_fusion	10GB	95%	CTAT-LR-Fusion
2	positive	ENSG00000257497:ENSG00000130414	truncated_tri_fusion	10GB	95%	CTAT-LR-Fusion
2	positive	ENSG00000161513:ENSG00000172782	read_through	10GB	95%	CTAT-LR-Fusion
2	positive	ENSG00000236044:ENSG00000181927	hybrid	10GB	95%	CTAT-LR-Fusion
2	positive	ENSG00000131037:ENSG00000125503	read_through	10GB	95%	CTAT-LR-Fusion
2	positive	ENSG00000152223:ENSG00000152229	read_through	10GB	95%	CTAT-LR-Fusion
2	positive	ENSG00000290419:ENSG00000166548	false_fusion	10GB	95%	CTAT-LR-Fusion
2	positive	ENSG00000284686:ENSG00000260971	false_fusion	10GB	95%	CTAT-LR-Fusion
2	positive	ENSG00000281920:ENSG00000198363	truncated_tri_fusion	10GB	95%	CTAT-LR-Fusion
2	positive	ENSG00000261692:ENSG00000278847	hybrid	10GB	95%	CTAT-LR-Fusion
2	positive	ENSG00000254701:ENSG00000100744	false_fusion	10GB	95%	CTAT-LR-Fusion
2	positive	ENSG00000234255:ENSG00000251011	hybrid	10GB	95%	CTAT-LR-Fusion
2	positive	ENSG00000196381:ENSG00000013375	hybrid	10GB	95%	CTAT-LR-Fusion
2	positive	ENSG00000290988:ENSG00000013375	hybrid	10GB	95%	CTAT-LR-Fusion
5	positive	ENSG00000011295:ENSG00000137818	false_fusion	1GB	85%	CTAT-LR-Fusion
2	positive	ENSG00000168676:ENSG00000198677	truncated_tri_fusion	1GB	85%	CTAT-LR-Fusion
2	positive	ENSG00000140987:ENSG00000160752	truncated_tri_fusion	1GB	90%	CTAT-LR-Fusion
3	positive	ENSG00000260737:ENSG00000197302	intra_chromosome	1GB	95%	CTAT-LR-Fusion
3	positive	ENSG00000139151:ENSG00000255648	read_through	1GB	95%	CTAT-LR-Fusion
2	positive	ENSG00000204659:ENSG00000228274	truncated_tri_fusion	1GB	95%	CTAT-LR-Fusion
2	positive	ENSG00000197462:ENSG00000141576	truncated_tri_fusion	1GB	95%	CTAT-LR-Fusion
2	positive	ENSG00000177058:ENSG00000118412	truncated_tri_fusion	1GB	95%	CTAT-LR-Fusion
