fusion.gene.id	Sequence_Identity	depth	control	Algorithm	fusionType	Total_Read_Supp	overlap	recall_category
ENSG00000003393:ENSG00000145916	85%	100GB	positive	FusionSeeker	truncated_tri_fusion	38	1	Partial_Recall
ENSG00000003393:ENSG00000145916	90%	100GB	positive	FusionSeeker	truncated_tri_fusion	71	3	Partial_Recall
ENSG00000003393:ENSG00000145916	90%	100GB	positive	Genion	truncated_tri_fusion	25	3	Partial_Recall
ENSG00000003393:ENSG00000145916	90%	100GB	positive	JAFFAL	truncated_tri_fusion	2	3	Partial_Recall
ENSG00000003393:ENSG00000145916	90%	10GB	positive	FusionSeeker	truncated_tri_fusion	8	1	Partial_Recall
ENSG00000003393:ENSG00000145916	95%	100GB	positive	FusionSeeker	truncated_tri_fusion	142	3	Partial_Recall
ENSG00000003393:ENSG00000145916	95%	100GB	positive	Genion	truncated_tri_fusion	41	3	Partial_Recall
ENSG00000003393:ENSG00000145916	95%	100GB	positive	JAFFAL	truncated_tri_fusion	30	3	Partial_Recall
ENSG00000003393:ENSG00000145916	95%	10GB	positive	CTAT-LR-Fusion	truncated_tri_fusion	2	3	Partial_Recall
ENSG00000003393:ENSG00000145916	95%	10GB	positive	FusionSeeker	truncated_tri_fusion	28	3	Partial_Recall
ENSG00000003393:ENSG00000145916	95%	10GB	positive	JAFFAL	truncated_tri_fusion	7	3	Partial_Recall
ENSG00000003393:ENSG00000170448	85%	100GB	positive	FusionSeeker	reverse_order:truncated_tri_fusion	34	1	Partial_Recall
ENSG00000003393:ENSG00000170448	85%	10GB	positive	GFSeeker	reverse_order:truncated_tri_fusion	3	1	Partial_Recall
ENSG00000003393:ENSG00000170448	90%	100GB	positive	FusionSeeker	reverse_order:truncated_tri_fusion	97	1	Partial_Recall
ENSG00000003393:ENSG00000170448	90%	10GB	positive	FusionSeeker	reverse_order:truncated_tri_fusion	6	1	Partial_Recall
ENSG00000003393:ENSG00000170448	95%	100GB	positive	FusionSeeker	reverse_order:truncated_tri_fusion	105	1	Partial_Recall
ENSG00000003393:ENSG00000170448	95%	10GB	positive	FusionSeeker	reverse_order:truncated_tri_fusion	4	2	Partial_Recall
ENSG00000003393:ENSG00000170448	95%	10GB	positive	GFSeeker	reverse_order:truncated_tri_fusion	4	2	Partial_Recall
ENSG00000003393:ENSG00000187720	85%	10GB	positive	GFSeeker	reverse_order:truncated_tri_fusion	2	1	Partial_Recall
ENSG00000003393:ENSG00000187720	90%	10GB	positive	GFSeeker	reverse_order:truncated_tri_fusion	6	1	Partial_Recall
ENSG00000003393:ENSG00000282917	85%	100GB	positive	FusionSeeker	false_fusion	33	1	False_Call
ENSG00000003393:ENSG00000282917	90%	100GB	positive	FusionSeeker	false_fusion	111	1	False_Call
ENSG00000003393:ENSG00000282917	90%	10GB	positive	FusionSeeker	false_fusion	9	1	False_Call
ENSG00000003393:ENSG00000282917	95%	100GB	positive	FusionSeeker	false_fusion	116	1	False_Call
ENSG00000003393:ENSG00000282917	95%	10GB	positive	FusionSeeker	false_fusion	2	1	False_Call
ENSG00000005007:ENSG00000250025	85%	100GB	positive	FusionSeeker	false_fusion	27	1	False_Call
ENSG00000005007:ENSG00000250025	90%	100GB	positive	FusionSeeker	false_fusion	26	1	False_Call
ENSG00000005007:ENSG00000250025	95%	100GB	positive	FusionSeeker	false_fusion	23	1	False_Call
ENSG00000005007:ENSG00000271724	85%	100GB	positive	Genion	reverse_order: hybrid	26	1	Partial_Recall
ENSG00000005007:ENSG00000271724	90%	100GB	positive	Genion	reverse_order: hybrid	24	1	Partial_Recall
ENSG00000005007:ENSG00000271724	95%	100GB	positive	Genion	reverse_order: hybrid	23	1	Partial_Recall
ENSG00000005381:ENSG00000167419	85%	100GB	positive	Genion	reverse_order: read_through	14	1	Partial_Recall
ENSG00000005381:ENSG00000167419	90%	100GB	positive	Genion	reverse_order: read_through	20	1	Partial_Recall
ENSG00000005381:ENSG00000167419	90%	10GB	positive	GFSeeker	reverse_order: read_through	7	1	Partial_Recall
ENSG00000005381:ENSG00000167419	95%	100GB	positive	Genion	reverse_order: read_through	9	1	Partial_Recall
ENSG00000006016:ENSG00000034510	90%	100GB	negative	JAFFAL	false_fusion	2	2	False_Call
ENSG00000006016:ENSG00000034510	90%	100GB	negative	LongGF	false_fusion	2	2	False_Call
ENSG00000006016:ENSG00000186854	90%	100GB	negative	FusionSeeker	false_fusion	2	1	False_Call
ENSG00000006530:ENSG00000228819	85%	100GB	positive	FusionSeeker	false_fusion	3	1	False_Call
ENSG00000007372:ENSG00000170919	85%	100GB	negative	FusionSeeker	false_fusion	5	1	False_Call
ENSG00000007372:ENSG00000170919	85%	100GB	positive	FusionSeeker	false_fusion	6	1	False_Call
ENSG00000007372:ENSG00000170919	90%	100GB	positive	FusionSeeker	false_fusion	2	1	False_Call
ENSG00000007372:ENSG00000170919	95%	100GB	positive	FusionSeeker	false_fusion	2	1	False_Call
ENSG00000007372:ENSG00000285283	85%	100GB	negative	FusionSeeker	false_fusion:Sense-Antisense	23	1	False_Call
ENSG00000007372:ENSG00000285283	85%	100GB	positive	FusionSeeker	false_fusion:Sense-Antisense	22	1	False_Call
ENSG00000007372:ENSG00000285283	85%	10GB	positive	FusionSeeker	false_fusion:Sense-Antisense	2	1	False_Call
ENSG00000007372:ENSG00000285283	90%	100GB	negative	FusionSeeker	false_fusion:Sense-Antisense	40	1	False_Call
ENSG00000007372:ENSG00000285283	90%	100GB	positive	FusionSeeker	false_fusion:Sense-Antisense	40	1	False_Call
ENSG00000007372:ENSG00000285283	90%	10GB	negative	FusionSeeker	false_fusion:Sense-Antisense	3	1	False_Call
ENSG00000007372:ENSG00000285283	90%	10GB	positive	FusionSeeker	false_fusion:Sense-Antisense	2	1	False_Call
ENSG00000007372:ENSG00000285283	95%	100GB	negative	FusionSeeker	false_fusion:Sense-Antisense	70	1	False_Call
ENSG00000007372:ENSG00000285283	95%	100GB	positive	FusionSeeker	false_fusion:Sense-Antisense	60	1	False_Call
ENSG00000007372:ENSG00000285283	95%	10GB	negative	FusionSeeker	false_fusion:Sense-Antisense	3	1	False_Call
ENSG00000007372:ENSG00000285283	95%	10GB	positive	FusionSeeker	false_fusion:Sense-Antisense	5	1	False_Call
ENSG00000008018:ENSG00000131469	90%	100GB	negative	LongGF	false_fusion	2	1	False_Call
ENSG00000008988:ENSG00000210082	95%	100GB	positive	FusionSeeker	false_fusion:mitochondrial_genomic	2	1	False_Call
ENSG00000009830:ENSG00000087258	85%	100GB	positive	CTAT-LR-Fusion	hybrid	35	5	True_Recall
ENSG00000009830:ENSG00000087258	85%	100GB	positive	FusionSeeker	hybrid	36	5	True_Recall
ENSG00000009830:ENSG00000087258	85%	100GB	positive	Genion	hybrid	37	5	True_Recall
ENSG00000009830:ENSG00000087258	85%	100GB	positive	JAFFAL	hybrid	27	5	True_Recall
ENSG00000009830:ENSG00000087258	85%	100GB	positive	LongGF	hybrid	29	5	True_Recall
ENSG00000009830:ENSG00000087258	85%	10GB	positive	CTAT-LR-Fusion	hybrid	3	3	True_Recall
ENSG00000009830:ENSG00000087258	85%	10GB	positive	FusionSeeker	hybrid	3	3	True_Recall
ENSG00000009830:ENSG00000087258	85%	10GB	positive	LongGF	hybrid	2	3	True_Recall
ENSG00000009830:ENSG00000087258	90%	100GB	positive	CTAT-LR-Fusion	hybrid	37	5	True_Recall
ENSG00000009830:ENSG00000087258	90%	100GB	positive	FusionSeeker	hybrid	36	5	True_Recall
ENSG00000009830:ENSG00000087258	90%	100GB	positive	Genion	hybrid	37	5	True_Recall
ENSG00000009830:ENSG00000087258	90%	100GB	positive	JAFFAL	hybrid	34	5	True_Recall
ENSG00000009830:ENSG00000087258	90%	100GB	positive	LongGF	hybrid	32	5	True_Recall
ENSG00000009830:ENSG00000087258	90%	10GB	positive	CTAT-LR-Fusion	hybrid	4	5	True_Recall
ENSG00000009830:ENSG00000087258	90%	10GB	positive	FusionSeeker	hybrid	3	5	True_Recall
ENSG00000009830:ENSG00000087258	90%	10GB	positive	GFSeeker	hybrid	5	5	True_Recall
ENSG00000009830:ENSG00000087258	90%	10GB	positive	JAFFAL	hybrid	3	5	True_Recall
ENSG00000009830:ENSG00000087258	90%	10GB	positive	LongGF	hybrid	3	5	True_Recall
ENSG00000009830:ENSG00000087258	95%	100GB	positive	CTAT-LR-Fusion	hybrid	29	5	True_Recall
ENSG00000009830:ENSG00000087258	95%	100GB	positive	FusionSeeker	hybrid	29	5	True_Recall
ENSG00000009830:ENSG00000087258	95%	100GB	positive	Genion	hybrid	30	5	True_Recall
ENSG00000009830:ENSG00000087258	95%	100GB	positive	JAFFAL	hybrid	30	5	True_Recall
ENSG00000009830:ENSG00000087258	95%	100GB	positive	LongGF	hybrid	26	5	True_Recall
ENSG00000009830:ENSG00000087258	95%	10GB	positive	CTAT-LR-Fusion	hybrid	2	5	True_Recall
ENSG00000009830:ENSG00000087258	95%	10GB	positive	FusionSeeker	hybrid	2	5	True_Recall
ENSG00000009830:ENSG00000087258	95%	10GB	positive	GFSeeker	hybrid	3	5	True_Recall
ENSG00000009830:ENSG00000087258	95%	10GB	positive	JAFFAL	hybrid	2	5	True_Recall
ENSG00000009830:ENSG00000087258	95%	10GB	positive	LongGF	hybrid	2	5	True_Recall
ENSG00000010318:ENSG00000163930	95%	10GB	positive	GFSeeker	reverse_order: read_through	3	1	Partial_Recall
ENSG00000010671:ENSG00000153684	85%	100GB	positive	JAFFAL	false_fusion	3	1	False_Call
ENSG00000010671:ENSG00000153684	90%	100GB	positive	JAFFAL	false_fusion	3	1	False_Call
ENSG00000010671:ENSG00000153684	95%	100GB	positive	Genion	false_fusion	11	2	False_Call
ENSG00000010671:ENSG00000153684	95%	100GB	positive	JAFFAL	false_fusion	8	2	False_Call
ENSG00000010671:ENSG00000183629	90%	100GB	positive	Genion	truncated_tri_fusion	14	2	Partial_Recall
ENSG00000010671:ENSG00000183629	90%	100GB	positive	JAFFAL	truncated_tri_fusion	6	2	Partial_Recall
ENSG00000010671:ENSG00000183629	95%	100GB	positive	Genion	truncated_tri_fusion	15	2	Partial_Recall
ENSG00000010671:ENSG00000183629	95%	100GB	positive	JAFFAL	truncated_tri_fusion	14	2	Partial_Recall
ENSG00000010671:ENSG00000183629	95%	10GB	positive	JAFFAL	truncated_tri_fusion	2	1	Partial_Recall
ENSG00000010671:ENSG00000183629	95%	1GB	positive	JAFFAL	truncated_tri_fusion	2	1	Partial_Recall
ENSG00000011009:ENSG00000278249	85%	100GB	positive	FusionSeeker	false_fusion	12	2	False_Call
ENSG00000011009:ENSG00000278249	85%	100GB	positive	Genion	false_fusion	14	2	False_Call
ENSG00000011009:ENSG00000278249	90%	100GB	positive	FusionSeeker	false_fusion	30	2	False_Call
ENSG00000011009:ENSG00000278249	90%	100GB	positive	Genion	false_fusion	33	2	False_Call
ENSG00000011009:ENSG00000278249	90%	10GB	positive	FusionSeeker	false_fusion	5	2	False_Call
ENSG00000011009:ENSG00000278249	90%	10GB	positive	Genion	false_fusion	6	2	False_Call
ENSG00000011009:ENSG00000278249	90%	1GB	positive	FusionSeeker	false_fusion	2	1	False_Call
ENSG00000011009:ENSG00000278249	95%	100GB	positive	FusionSeeker	false_fusion	22	2	False_Call
ENSG00000011009:ENSG00000278249	95%	100GB	positive	Genion	false_fusion	27	2	False_Call
ENSG00000011009:ENSG00000278249	95%	10GB	positive	FusionSeeker	false_fusion	4	1	False_Call
ENSG00000011052:ENSG00000204628	90%	100GB	positive	FusionSeeker	false_fusion	2	1	False_Call
ENSG00000011275:ENSG00000165383	85%	100GB	positive	JAFFAL	truncated_tri_fusion	16	1	Partial_Recall
ENSG00000011275:ENSG00000165383	85%	10GB	positive	GFSeeker	truncated_tri_fusion	3	2	Partial_Recall
ENSG00000011275:ENSG00000165383	85%	10GB	positive	JAFFAL	truncated_tri_fusion	4	2	Partial_Recall
ENSG00000011275:ENSG00000165383	90%	100GB	positive	Genion	truncated_tri_fusion	20	2	Partial_Recall
ENSG00000011275:ENSG00000165383	90%	100GB	positive	JAFFAL	truncated_tri_fusion	24	2	Partial_Recall
ENSG00000011275:ENSG00000165383	90%	10GB	positive	JAFFAL	truncated_tri_fusion	3	1	Partial_Recall
ENSG00000011275:ENSG00000165383	90%	1GB	positive	GFSeeker	truncated_tri_fusion	2	1	Partial_Recall
ENSG00000011275:ENSG00000165383	95%	100GB	positive	Genion	truncated_tri_fusion	20	2	Partial_Recall
ENSG00000011275:ENSG00000165383	95%	100GB	positive	JAFFAL	truncated_tri_fusion	32	2	Partial_Recall
ENSG00000011275:ENSG00000165383	95%	10GB	positive	JAFFAL	truncated_tri_fusion	3	1	Partial_Recall
ENSG00000011295:ENSG00000137818	85%	100GB	negative	CTAT-LR-Fusion	false_fusion	761	1	False_Call
ENSG00000011295:ENSG00000137818	85%	100GB	positive	CTAT-LR-Fusion	false_fusion	704	1	False_Call
ENSG00000011295:ENSG00000137818	85%	10GB	negative	CTAT-LR-Fusion	false_fusion	79	1	False_Call
ENSG00000011295:ENSG00000137818	85%	10GB	positive	CTAT-LR-Fusion	false_fusion	50	1	False_Call
ENSG00000011295:ENSG00000137818	85%	1GB	positive	CTAT-LR-Fusion	false_fusion	5	1	False_Call
ENSG00000011295:ENSG00000137818	90%	100GB	negative	CTAT-LR-Fusion	false_fusion	172	1	False_Call
ENSG00000011295:ENSG00000137818	90%	100GB	positive	CTAT-LR-Fusion	false_fusion	180	1	False_Call
ENSG00000011295:ENSG00000137818	90%	10GB	positive	CTAT-LR-Fusion	false_fusion	16	1	False_Call
ENSG00000013297:ENSG00000285051	85%	100GB	negative	CTAT-LR-Fusion	false_fusion	33	1	False_Call
ENSG00000013297:ENSG00000285051	85%	100GB	positive	CTAT-LR-Fusion	false_fusion	19	1	False_Call
ENSG00000013297:ENSG00000285051	85%	10GB	negative	CTAT-LR-Fusion	false_fusion	4	1	False_Call
ENSG00000013297:ENSG00000285051	90%	100GB	negative	CTAT-LR-Fusion	false_fusion	33	1	False_Call
ENSG00000013297:ENSG00000285051	90%	100GB	positive	CTAT-LR-Fusion	false_fusion	43	1	False_Call
ENSG00000013297:ENSG00000285051	90%	10GB	negative	CTAT-LR-Fusion	false_fusion	4	1	False_Call
ENSG00000013297:ENSG00000285051	90%	10GB	positive	CTAT-LR-Fusion	false_fusion	3	1	False_Call
ENSG00000013297:ENSG00000285051	95%	100GB	negative	CTAT-LR-Fusion	false_fusion	45	1	False_Call
ENSG00000013297:ENSG00000285051	95%	100GB	positive	CTAT-LR-Fusion	false_fusion	42	1	False_Call
ENSG00000013297:ENSG00000285051	95%	10GB	negative	CTAT-LR-Fusion	false_fusion	4	1	False_Call
ENSG00000013297:ENSG00000285051	95%	10GB	positive	CTAT-LR-Fusion	false_fusion	4	1	False_Call
ENSG00000013297:ENSG00000285218	85%	100GB	negative	FusionSeeker	false_fusion	35	1	False_Call
ENSG00000013297:ENSG00000285218	85%	100GB	positive	FusionSeeker	false_fusion	20	1	False_Call
ENSG00000013297:ENSG00000285218	85%	10GB	negative	FusionSeeker	false_fusion	4	1	False_Call
ENSG00000013297:ENSG00000285218	90%	100GB	negative	FusionSeeker	false_fusion	34	1	False_Call
ENSG00000013297:ENSG00000285218	90%	100GB	positive	FusionSeeker	false_fusion	43	1	False_Call
ENSG00000013297:ENSG00000285218	90%	10GB	negative	FusionSeeker	false_fusion	4	1	False_Call
ENSG00000013297:ENSG00000285218	90%	10GB	positive	FusionSeeker	false_fusion	2	1	False_Call
ENSG00000013297:ENSG00000285218	95%	100GB	negative	FusionSeeker	false_fusion	45	1	False_Call
ENSG00000013297:ENSG00000285218	95%	100GB	positive	FusionSeeker	false_fusion	41	1	False_Call
ENSG00000013297:ENSG00000285218	95%	10GB	negative	FusionSeeker	false_fusion	4	1	False_Call
ENSG00000013297:ENSG00000285218	95%	10GB	positive	FusionSeeker	false_fusion	4	1	False_Call
ENSG00000013503:ENSG00000111785	85%	100GB	negative	LongGF	false_fusion	8	1	False_Call
ENSG00000013503:ENSG00000111785	85%	100GB	positive	LongGF	false_fusion	6	1	False_Call
ENSG00000013503:ENSG00000111785	85%	10GB	positive	CTAT-LR-Fusion	false_fusion	2	1	False_Call
ENSG00000013503:ENSG00000111785	90%	100GB	negative	CTAT-LR-Fusion	false_fusion	21	2	False_Call
ENSG00000013503:ENSG00000111785	90%	100GB	negative	LongGF	false_fusion	22	2	False_Call
ENSG00000013503:ENSG00000111785	90%	100GB	positive	CTAT-LR-Fusion	false_fusion	23	2	False_Call
ENSG00000013503:ENSG00000111785	90%	100GB	positive	LongGF	false_fusion	17	2	False_Call
ENSG00000013503:ENSG00000111785	90%	10GB	negative	LongGF	false_fusion	3	1	False_Call
ENSG00000013503:ENSG00000111785	95%	100GB	negative	LongGF	false_fusion	34	1	False_Call
ENSG00000013503:ENSG00000111785	95%	100GB	positive	LongGF	false_fusion	32	1	False_Call
ENSG00000013503:ENSG00000111785	95%	10GB	negative	LongGF	false_fusion	3	1	False_Call
ENSG00000013503:ENSG00000111785	95%	10GB	positive	LongGF	false_fusion	2	1	False_Call
ENSG00000013503:ENSG00000257545	85%	100GB	negative	FusionSeeker	false_fusion:Sense-Antisense	29	1	False_Call
ENSG00000013503:ENSG00000257545	85%	100GB	positive	FusionSeeker	false_fusion:Sense-Antisense	38	1	False_Call
ENSG00000013503:ENSG00000257545	85%	10GB	negative	FusionSeeker	false_fusion:Sense-Antisense	2	1	False_Call
ENSG00000013503:ENSG00000257545	85%	10GB	positive	FusionSeeker	false_fusion:Sense-Antisense	3	1	False_Call
ENSG00000013503:ENSG00000257545	90%	100GB	negative	FusionSeeker	false_fusion:Sense-Antisense	64	1	False_Call
ENSG00000013503:ENSG00000257545	90%	100GB	positive	FusionSeeker	false_fusion:Sense-Antisense	72	1	False_Call
ENSG00000013503:ENSG00000257545	90%	10GB	negative	FusionSeeker	false_fusion:Sense-Antisense	9	1	False_Call
ENSG00000013503:ENSG00000257545	90%	10GB	positive	FusionSeeker	false_fusion:Sense-Antisense	5	1	False_Call
ENSG00000013503:ENSG00000257545	90%	1GB	negative	FusionSeeker	false_fusion:Sense-Antisense	3	1	False_Call
ENSG00000013503:ENSG00000257545	95%	100GB	negative	FusionSeeker	false_fusion:Sense-Antisense	82	1	False_Call
ENSG00000013503:ENSG00000257545	95%	100GB	positive	FusionSeeker	false_fusion:Sense-Antisense	77	1	False_Call
ENSG00000013503:ENSG00000257545	95%	10GB	negative	FusionSeeker	false_fusion:Sense-Antisense	9	1	False_Call
ENSG00000013503:ENSG00000257545	95%	10GB	positive	FusionSeeker	false_fusion:Sense-Antisense	9	1	False_Call
ENSG00000013503:ENSG00000257545	95%	1GB	negative	FusionSeeker	false_fusion:Sense-Antisense	3	1	False_Call
ENSG00000020256:ENSG00000136444	85%	100GB	positive	Genion	hybrid	45	1	True_Recall
ENSG00000020256:ENSG00000136444	85%	10GB	positive	CTAT-LR-Fusion	hybrid	2	1	True_Recall
ENSG00000020256:ENSG00000136444	90%	100GB	positive	Genion	hybrid	42	1	True_Recall
ENSG00000020256:ENSG00000136444	95%	100GB	positive	Genion	hybrid	41	1	True_Recall
ENSG00000020256:ENSG00000136444	95%	10GB	positive	CTAT-LR-Fusion	hybrid	2	1	True_Recall
ENSG00000021461:ENSG00000261511	85%	100GB	positive	Genion	false_fusion	2	1	False_Call
ENSG00000021461:ENSG00000261511	90%	100GB	negative	Genion	false_fusion	2	1	False_Call
ENSG00000021645:ENSG00000258637	85%	100GB	negative	FusionSeeker	false_fusion:Sense-Antisense	26	1	False_Call
ENSG00000021645:ENSG00000258637	85%	100GB	positive	FusionSeeker	false_fusion:Sense-Antisense	17	1	False_Call
ENSG00000021645:ENSG00000258637	85%	10GB	negative	FusionSeeker	false_fusion:Sense-Antisense	2	1	False_Call
ENSG00000021645:ENSG00000258637	85%	10GB	positive	FusionSeeker	false_fusion:Sense-Antisense	2	1	False_Call
ENSG00000021645:ENSG00000258637	90%	100GB	negative	FusionSeeker	false_fusion:Sense-Antisense	3	1	False_Call
ENSG00000021645:ENSG00000258637	90%	100GB	positive	FusionSeeker	false_fusion:Sense-Antisense	2	1	False_Call
ENSG00000021776:ENSG00000091513	90%	100GB	positive	FusionSeeker	false_fusion	2	1	False_Call
ENSG00000022567:ENSG00000105339	85%	100GB	positive	LongGF	reverse_order: read_through	14	1	Partial_Recall
ENSG00000022567:ENSG00000105339	90%	100GB	positive	Genion	reverse_order: read_through	17	2	Partial_Recall
ENSG00000022567:ENSG00000105339	90%	100GB	positive	LongGF	reverse_order: read_through	23	2	Partial_Recall
ENSG00000022567:ENSG00000105339	90%	10GB	positive	LongGF	reverse_order: read_through	5	1	Partial_Recall
ENSG00000022567:ENSG00000105339	95%	100GB	positive	Genion	reverse_order: read_through	14	2	Partial_Recall
ENSG00000022567:ENSG00000105339	95%	100GB	positive	LongGF	reverse_order: read_through	29	2	Partial_Recall
ENSG00000025708:ENSG00000227188	95%	100GB	positive	JAFFAL	intra_chromosome	2	1	True_Recall
ENSG00000033122:ENSG00000066557	85%	100GB	positive	FusionSeeker	false_fusion	23	1	False_Call
ENSG00000033122:ENSG00000066557	85%	10GB	positive	FusionSeeker	false_fusion	10	1	False_Call
ENSG00000033122:ENSG00000066557	90%	100GB	positive	FusionSeeker	false_fusion	43	1	False_Call
ENSG00000033122:ENSG00000066557	90%	10GB	positive	FusionSeeker	false_fusion	6	1	False_Call
ENSG00000033122:ENSG00000066557	95%	100GB	positive	FusionSeeker	false_fusion	65	1	False_Call
ENSG00000033122:ENSG00000066557	95%	10GB	positive	FusionSeeker	false_fusion	4	1	False_Call
ENSG00000033122:ENSG00000164924	85%	100GB	positive	FusionSeeker	false_fusion	57	1	False_Call
ENSG00000033122:ENSG00000164924	85%	10GB	positive	FusionSeeker	false_fusion	2	1	False_Call
ENSG00000033122:ENSG00000164924	90%	100GB	positive	FusionSeeker	false_fusion	102	1	False_Call
ENSG00000033122:ENSG00000164924	90%	10GB	positive	FusionSeeker	false_fusion	18	1	False_Call
ENSG00000033122:ENSG00000164924	95%	100GB	positive	FusionSeeker	false_fusion	108	1	False_Call
ENSG00000033122:ENSG00000228784	85%	100GB	positive	FusionSeeker	false_fusion	44	1	False_Call
ENSG00000033122:ENSG00000228784	85%	10GB	positive	FusionSeeker	false_fusion	8	1	False_Call
ENSG00000033122:ENSG00000228784	90%	100GB	positive	FusionSeeker	false_fusion	48	1	False_Call
ENSG00000033122:ENSG00000228784	90%	10GB	positive	FusionSeeker	false_fusion	2	1	False_Call
ENSG00000033122:ENSG00000228784	95%	100GB	positive	FusionSeeker	false_fusion	53	1	False_Call
ENSG00000033122:ENSG00000228784	95%	10GB	positive	FusionSeeker	false_fusion	4	1	False_Call
ENSG00000034053:ENSG00000069329	85%	100GB	positive	FusionSeeker	reverse_order:truncated_tri_fusion	5	1	Partial_Recall
ENSG00000034053:ENSG00000069329	90%	100GB	positive	FusionSeeker	reverse_order:truncated_tri_fusion	26	1	Partial_Recall
ENSG00000034053:ENSG00000069329	90%	10GB	positive	FusionSeeker	reverse_order:truncated_tri_fusion	4	1	Partial_Recall
ENSG00000034053:ENSG00000069329	95%	100GB	positive	FusionSeeker	reverse_order:truncated_tri_fusion	41	1	Partial_Recall
ENSG00000034053:ENSG00000069329	95%	10GB	positive	FusionSeeker	reverse_order:truncated_tri_fusion	6	1	Partial_Recall
ENSG00000034053:ENSG00000077782	85%	100GB	positive	FusionSeeker	truncated_tri_fusion	10	2	Partial_Recall
ENSG00000034053:ENSG00000077782	85%	100GB	positive	JAFFAL	truncated_tri_fusion	4	2	Partial_Recall
ENSG00000034053:ENSG00000077782	90%	100GB	positive	FusionSeeker	truncated_tri_fusion	35	2	Partial_Recall
ENSG00000034053:ENSG00000077782	90%	100GB	positive	JAFFAL	truncated_tri_fusion	14	2	Partial_Recall
ENSG00000034053:ENSG00000077782	90%	10GB	positive	FusionSeeker	truncated_tri_fusion	6	2	Partial_Recall
ENSG00000034053:ENSG00000077782	90%	10GB	positive	JAFFAL	truncated_tri_fusion	2	2	Partial_Recall
ENSG00000034053:ENSG00000077782	95%	100GB	positive	FusionSeeker	truncated_tri_fusion	41	2	Partial_Recall
ENSG00000034053:ENSG00000077782	95%	100GB	positive	JAFFAL	truncated_tri_fusion	27	2	Partial_Recall
ENSG00000034053:ENSG00000077782	95%	10GB	positive	FusionSeeker	truncated_tri_fusion	3	2	Partial_Recall
ENSG00000034053:ENSG00000077782	95%	10GB	positive	JAFFAL	truncated_tri_fusion	3	2	Partial_Recall
ENSG00000036672:ENSG00000137860	90%	10GB	positive	GFSeeker	reverse_order:truncated_tri_fusion	2	1	Partial_Recall
ENSG00000036672:ENSG00000137860	95%	10GB	positive	GFSeeker	reverse_order:truncated_tri_fusion	4	1	Partial_Recall
ENSG00000036672:ENSG00000140459	85%	100GB	positive	FusionSeeker	false_fusion	32	2	False_Call
ENSG00000036672:ENSG00000140459	85%	100GB	positive	LongGF	false_fusion	30	2	False_Call
ENSG00000036672:ENSG00000140459	90%	100GB	positive	FusionSeeker	false_fusion	32	2	False_Call
ENSG00000036672:ENSG00000140459	90%	100GB	positive	LongGF	false_fusion	27	2	False_Call
ENSG00000036672:ENSG00000140459	90%	10GB	positive	FusionSeeker	false_fusion	3	2	False_Call
ENSG00000036672:ENSG00000140459	90%	10GB	positive	LongGF	false_fusion	2	2	False_Call
ENSG00000036672:ENSG00000140459	95%	100GB	positive	FusionSeeker	false_fusion	29	2	False_Call
ENSG00000036672:ENSG00000140459	95%	100GB	positive	LongGF	false_fusion	27	2	False_Call
ENSG00000036672:ENSG00000140459	95%	10GB	positive	FusionSeeker	false_fusion	5	2	False_Call
ENSG00000036672:ENSG00000140459	95%	10GB	positive	LongGF	false_fusion	5	2	False_Call
ENSG00000036672:ENSG00000259520	85%	100GB	positive	FusionSeeker	false_fusion	16	1	False_Call
ENSG00000036672:ENSG00000259520	90%	100GB	positive	FusionSeeker	false_fusion	24	1	False_Call
ENSG00000036672:ENSG00000259520	90%	10GB	positive	FusionSeeker	false_fusion	2	1	False_Call
ENSG00000036672:ENSG00000259520	95%	100GB	positive	FusionSeeker	false_fusion	22	1	False_Call
ENSG00000036672:ENSG00000259520	95%	10GB	positive	FusionSeeker	false_fusion	4	1	False_Call
ENSG00000036672:ENSG00000261821	85%	100GB	positive	CTAT-LR-Fusion	truncated_tri_fusion	23	2	Partial_Recall
ENSG00000036672:ENSG00000261821	85%	100GB	positive	JAFFAL	truncated_tri_fusion	30	2	Partial_Recall
ENSG00000036672:ENSG00000261821	90%	100GB	positive	CTAT-LR-Fusion	truncated_tri_fusion	26	2	Partial_Recall
ENSG00000036672:ENSG00000261821	90%	100GB	positive	JAFFAL	truncated_tri_fusion	33	2	Partial_Recall
ENSG00000036672:ENSG00000261821	90%	10GB	positive	CTAT-LR-Fusion	truncated_tri_fusion	2	2	Partial_Recall
ENSG00000036672:ENSG00000261821	90%	10GB	positive	JAFFAL	truncated_tri_fusion	3	2	Partial_Recall
ENSG00000036672:ENSG00000261821	95%	100GB	positive	CTAT-LR-Fusion	truncated_tri_fusion	26	2	Partial_Recall
ENSG00000036672:ENSG00000261821	95%	100GB	positive	JAFFAL	truncated_tri_fusion	30	2	Partial_Recall
ENSG00000036672:ENSG00000261821	95%	10GB	positive	CTAT-LR-Fusion	truncated_tri_fusion	4	2	Partial_Recall
ENSG00000036672:ENSG00000261821	95%	10GB	positive	JAFFAL	truncated_tri_fusion	5	2	Partial_Recall
ENSG00000038219:ENSG00000168214	95%	10GB	positive	GFSeeker	reverse_order: intra_chromosome	4	1	Partial_Recall
ENSG00000042429:ENSG00000182919	85%	100GB	negative	Genion	false_fusion	2	1	False_Call
ENSG00000044574:ENSG00000142541	95%	100GB	negative	LongGF	false_fusion	2	1	False_Call
ENSG00000047932:ENSG00000047936	85%	100GB	negative	CTAT-LR-Fusion	false_fusion	17	1	False_Call
ENSG00000047932:ENSG00000047936	85%	100GB	positive	CTAT-LR-Fusion	false_fusion	19	1	False_Call
ENSG00000047932:ENSG00000047936	85%	10GB	positive	CTAT-LR-Fusion	false_fusion	5	1	False_Call
ENSG00000047932:ENSG00000047936	90%	100GB	negative	CTAT-LR-Fusion	false_fusion	43	1	False_Call
ENSG00000047932:ENSG00000047936	90%	100GB	positive	CTAT-LR-Fusion	false_fusion	39	1	False_Call
ENSG00000047932:ENSG00000047936	90%	10GB	negative	CTAT-LR-Fusion	false_fusion	3	1	False_Call
ENSG00000047932:ENSG00000047936	90%	10GB	positive	CTAT-LR-Fusion	false_fusion	2	1	False_Call
ENSG00000047932:ENSG00000047936	95%	100GB	negative	CTAT-LR-Fusion	false_fusion	32	1	False_Call
ENSG00000047932:ENSG00000047936	95%	100GB	positive	CTAT-LR-Fusion	false_fusion	33	1	False_Call
ENSG00000047932:ENSG00000047936	95%	10GB	negative	CTAT-LR-Fusion	false_fusion	3	1	False_Call
ENSG00000047932:ENSG00000047936	95%	10GB	positive	CTAT-LR-Fusion	false_fusion	2	1	False_Call
ENSG00000047936:ENSG00000282218	85%	100GB	negative	FusionSeeker	false_fusion	22	1	False_Call
ENSG00000047936:ENSG00000282218	85%	100GB	positive	FusionSeeker	false_fusion	24	1	False_Call
ENSG00000047936:ENSG00000282218	85%	10GB	negative	FusionSeeker	false_fusion	2	1	False_Call
ENSG00000047936:ENSG00000282218	85%	10GB	positive	FusionSeeker	false_fusion	6	1	False_Call
ENSG00000047936:ENSG00000282218	85%	1GB	positive	FusionSeeker	false_fusion	2	1	False_Call
ENSG00000047936:ENSG00000282218	90%	100GB	negative	FusionSeeker	false_fusion	45	1	False_Call
ENSG00000047936:ENSG00000282218	90%	100GB	positive	FusionSeeker	false_fusion	38	1	False_Call
ENSG00000047936:ENSG00000282218	90%	10GB	negative	FusionSeeker	false_fusion	3	1	False_Call
ENSG00000047936:ENSG00000282218	90%	10GB	positive	FusionSeeker	false_fusion	2	1	False_Call
ENSG00000047936:ENSG00000282218	95%	100GB	negative	FusionSeeker	false_fusion	31	1	False_Call
ENSG00000047936:ENSG00000282218	95%	100GB	positive	FusionSeeker	false_fusion	32	1	False_Call
ENSG00000047936:ENSG00000282218	95%	10GB	negative	FusionSeeker	false_fusion	3	1	False_Call
ENSG00000047936:ENSG00000282218	95%	10GB	positive	FusionSeeker	false_fusion	2	1	False_Call
ENSG00000048544:ENSG00000255872	85%	100GB	positive	FusionSeeker	false_fusion	4	1	False_Call
ENSG00000048740:ENSG00000225830	85%	100GB	positive	CTAT-LR-Fusion	intra_chromosome	17	3	True_Recall
ENSG00000048740:ENSG00000225830	85%	100GB	positive	JAFFAL	intra_chromosome	14	3	True_Recall
ENSG00000048740:ENSG00000225830	85%	100GB	positive	LongGF	intra_chromosome	15	3	True_Recall
ENSG00000048740:ENSG00000225830	90%	100GB	positive	CTAT-LR-Fusion	intra_chromosome	29	4	True_Recall
ENSG00000048740:ENSG00000225830	90%	100GB	positive	Genion	intra_chromosome	20	4	True_Recall
ENSG00000048740:ENSG00000225830	90%	100GB	positive	JAFFAL	intra_chromosome	28	4	True_Recall
ENSG00000048740:ENSG00000225830	90%	100GB	positive	LongGF	intra_chromosome	25	4	True_Recall
ENSG00000048740:ENSG00000225830	90%	10GB	positive	CTAT-LR-Fusion	intra_chromosome	2	3	True_Recall
ENSG00000048740:ENSG00000225830	90%	10GB	positive	JAFFAL	intra_chromosome	2	3	True_Recall
ENSG00000048740:ENSG00000225830	90%	10GB	positive	LongGF	intra_chromosome	2	3	True_Recall
ENSG00000048740:ENSG00000225830	95%	100GB	positive	CTAT-LR-Fusion	intra_chromosome	31	4	True_Recall
ENSG00000048740:ENSG00000225830	95%	100GB	positive	Genion	intra_chromosome	16	4	True_Recall
ENSG00000048740:ENSG00000225830	95%	100GB	positive	JAFFAL	intra_chromosome	33	4	True_Recall
ENSG00000048740:ENSG00000225830	95%	100GB	positive	LongGF	intra_chromosome	28	4	True_Recall
ENSG00000048740:ENSG00000225830	95%	10GB	positive	CTAT-LR-Fusion	intra_chromosome	5	3	True_Recall
ENSG00000048740:ENSG00000225830	95%	10GB	positive	JAFFAL	intra_chromosome	5	3	True_Recall
ENSG00000048740:ENSG00000225830	95%	10GB	positive	LongGF	intra_chromosome	4	3	True_Recall
ENSG00000048740:ENSG00000235939	85%	100GB	positive	FusionSeeker	false_fusion	21	1	False_Call
ENSG00000048740:ENSG00000235939	90%	100GB	positive	FusionSeeker	false_fusion	31	1	False_Call
ENSG00000048740:ENSG00000235939	90%	10GB	positive	FusionSeeker	false_fusion	2	1	False_Call
ENSG00000048740:ENSG00000235939	95%	100GB	positive	FusionSeeker	false_fusion	33	1	False_Call
ENSG00000048740:ENSG00000235939	95%	10GB	positive	FusionSeeker	false_fusion	5	1	False_Call
ENSG00000049130:ENSG00000131051	90%	100GB	positive	FusionSeeker	reverse_order:truncated_tri_fusion	10	1	Partial_Recall
ENSG00000049130:ENSG00000131051	95%	100GB	positive	FusionSeeker	reverse_order:truncated_tri_fusion	43	1	Partial_Recall
ENSG00000049449:ENSG00000281880	85%	100GB	positive	Genion	false_fusion	2	1	False_Call
ENSG00000049449:ENSG00000281880	90%	100GB	negative	Genion	false_fusion	6	1	False_Call
ENSG00000049449:ENSG00000281880	95%	100GB	positive	Genion	false_fusion	9	1	False_Call
ENSG00000049759:ENSG00000147573	85%	100GB	positive	FusionSeeker	reverse_order:truncated_tri_fusion	17	2	Partial_Recall
ENSG00000049759:ENSG00000147573	85%	100GB	positive	LongGF	reverse_order:truncated_tri_fusion	8	2	Partial_Recall
ENSG00000049759:ENSG00000147573	90%	100GB	positive	FusionSeeker	reverse_order:truncated_tri_fusion	24	2	Partial_Recall
ENSG00000049759:ENSG00000147573	90%	100GB	positive	LongGF	reverse_order:truncated_tri_fusion	16	2	Partial_Recall
ENSG00000049759:ENSG00000147573	90%	10GB	positive	FusionSeeker	reverse_order:truncated_tri_fusion	2	1	Partial_Recall
ENSG00000049759:ENSG00000147573	95%	100GB	positive	FusionSeeker	reverse_order:truncated_tri_fusion	25	3	Partial_Recall
ENSG00000049759:ENSG00000147573	95%	100GB	positive	Genion	reverse_order:truncated_tri_fusion	17	3	Partial_Recall
ENSG00000049759:ENSG00000147573	95%	100GB	positive	LongGF	reverse_order:truncated_tri_fusion	23	3	Partial_Recall
ENSG00000049759:ENSG00000147573	95%	10GB	positive	FusionSeeker	reverse_order:truncated_tri_fusion	3	2	Partial_Recall
ENSG00000049759:ENSG00000147573	95%	10GB	positive	GFSeeker	reverse_order:truncated_tri_fusion	2	2	Partial_Recall
ENSG00000049759:ENSG00000203734	85%	100GB	positive	FusionSeeker	truncated_tri_fusion	8	1	Partial_Recall
ENSG00000049759:ENSG00000203734	90%	100GB	positive	FusionSeeker	truncated_tri_fusion	16	2	Partial_Recall
ENSG00000049759:ENSG00000203734	90%	100GB	positive	JAFFAL	truncated_tri_fusion	12	2	Partial_Recall
ENSG00000049759:ENSG00000203734	95%	100GB	positive	CTAT-LR-Fusion	truncated_tri_fusion	14	4	Partial_Recall
ENSG00000049759:ENSG00000203734	95%	100GB	positive	FusionSeeker	truncated_tri_fusion	28	4	Partial_Recall
ENSG00000049759:ENSG00000203734	95%	100GB	positive	Genion	truncated_tri_fusion	19	4	Partial_Recall
ENSG00000049759:ENSG00000203734	95%	100GB	positive	JAFFAL	truncated_tri_fusion	25	4	Partial_Recall
ENSG00000049759:ENSG00000203734	95%	10GB	positive	FusionSeeker	truncated_tri_fusion	2	2	Partial_Recall
ENSG00000049759:ENSG00000203734	95%	10GB	positive	JAFFAL	truncated_tri_fusion	2	2	Partial_Recall
ENSG00000050426:ENSG00000185432	90%	100GB	negative	Genion	false_fusion	3	1	False_Call
ENSG00000050748:ENSG00000253908	90%	100GB	positive	CTAT-LR-Fusion	read_through	13	1	True_Recall
ENSG00000050748:ENSG00000253908	95%	100GB	positive	CTAT-LR-Fusion	read_through	39	1	True_Recall
ENSG00000050748:ENSG00000253908	95%	10GB	positive	CTAT-LR-Fusion	read_through	2	1	True_Recall
ENSG00000053254:ENSG00000176318	85%	100GB	negative	FusionSeeker	false_fusion	3	1	False_Call
ENSG00000053254:ENSG00000259053	85%	100GB	negative	FusionSeeker	false_fusion	7	1	False_Call
ENSG00000053254:ENSG00000259053	85%	100GB	positive	FusionSeeker	false_fusion	5	1	False_Call
ENSG00000053254:ENSG00000259053	90%	100GB	negative	FusionSeeker	false_fusion	36	1	False_Call
ENSG00000053254:ENSG00000259053	90%	100GB	positive	FusionSeeker	false_fusion	27	1	False_Call
ENSG00000053254:ENSG00000259053	90%	10GB	negative	FusionSeeker	false_fusion	5	1	False_Call
ENSG00000053254:ENSG00000259053	95%	100GB	negative	FusionSeeker	false_fusion	41	1	False_Call
ENSG00000053254:ENSG00000259053	95%	100GB	positive	FusionSeeker	false_fusion	44	1	False_Call
ENSG00000053254:ENSG00000259053	95%	10GB	negative	FusionSeeker	false_fusion	5	1	False_Call
ENSG00000053254:ENSG00000259053	95%	10GB	positive	FusionSeeker	false_fusion	8	1	False_Call
ENSG00000057657:ENSG00000057663	85%	100GB	negative	FusionSeeker	false_fusion	2	1	False_Call
ENSG00000057657:ENSG00000057663	85%	100GB	positive	FusionSeeker	false_fusion	2	1	False_Call
ENSG00000059915:ENSG00000107874	85%	100GB	positive	FusionSeeker	false_fusion	55	1	False_Call
ENSG00000059915:ENSG00000107874	85%	10GB	positive	FusionSeeker	false_fusion	6	1	False_Call
ENSG00000059915:ENSG00000107874	90%	100GB	positive	FusionSeeker	false_fusion	77	1	False_Call
ENSG00000059915:ENSG00000107874	90%	10GB	positive	FusionSeeker	false_fusion	10	1	False_Call
ENSG00000059915:ENSG00000107874	95%	100GB	positive	FusionSeeker	false_fusion	57	1	False_Call
ENSG00000059915:ENSG00000107874	95%	10GB	positive	FusionSeeker	false_fusion	2	1	False_Call
ENSG00000060339:ENSG00000228451	85%	100GB	positive	CTAT-LR-Fusion	hybrid	13	3	True_Recall
ENSG00000060339:ENSG00000228451	85%	100GB	positive	FusionSeeker	hybrid	31	3	True_Recall
ENSG00000060339:ENSG00000228451	85%	100GB	positive	Genion	hybrid	36	3	True_Recall
ENSG00000060339:ENSG00000228451	90%	100GB	positive	CTAT-LR-Fusion	hybrid	25	3	True_Recall
ENSG00000060339:ENSG00000228451	90%	100GB	positive	FusionSeeker	hybrid	36	3	True_Recall
ENSG00000060339:ENSG00000228451	90%	100GB	positive	Genion	hybrid	39	3	True_Recall
ENSG00000060339:ENSG00000228451	90%	10GB	positive	CTAT-LR-Fusion	hybrid	2	2	True_Recall
ENSG00000060339:ENSG00000228451	90%	10GB	positive	FusionSeeker	hybrid	3	2	True_Recall
ENSG00000060339:ENSG00000228451	95%	100GB	positive	CTAT-LR-Fusion	hybrid	20	3	True_Recall
ENSG00000060339:ENSG00000228451	95%	100GB	positive	FusionSeeker	hybrid	12	3	True_Recall
ENSG00000060339:ENSG00000228451	95%	100GB	positive	Genion	hybrid	35	3	True_Recall
ENSG00000060339:ENSG00000228451	95%	10GB	positive	CTAT-LR-Fusion	hybrid	5	1	True_Recall
ENSG00000062485:ENSG00000134326	85%	100GB	positive	FusionSeeker	reverse_order:truncated_tri_fusion	72	1	Partial_Recall
ENSG00000062485:ENSG00000134326	85%	10GB	positive	FusionSeeker	reverse_order:truncated_tri_fusion	8	1	Partial_Recall
ENSG00000062485:ENSG00000134326	90%	100GB	positive	FusionSeeker	reverse_order:truncated_tri_fusion	96	1	Partial_Recall
ENSG00000062485:ENSG00000134326	90%	10GB	positive	FusionSeeker	reverse_order:truncated_tri_fusion	11	1	Partial_Recall
ENSG00000062485:ENSG00000134326	95%	100GB	positive	FusionSeeker	reverse_order:truncated_tri_fusion	96	1	Partial_Recall
ENSG00000062485:ENSG00000134326	95%	10GB	positive	FusionSeeker	reverse_order:truncated_tri_fusion	8	2	Partial_Recall
ENSG00000062485:ENSG00000134326	95%	10GB	positive	GFSeeker	reverse_order:truncated_tri_fusion	2	2	Partial_Recall
ENSG00000063177:ENSG00000163631	90%	100GB	positive	FusionSeeker	false_fusion	2	1	False_Call
ENSG00000063177:ENSG00000198886	90%	100GB	positive	FusionSeeker	false_fusion:mitochondrial_genomic	2	1	False_Call
ENSG00000063177:ENSG00000198886	90%	100GB	positive	LongGF	false_fusion	2	1	False_Call
ENSG00000063177:ENSG00000210082	85%	100GB	positive	FusionSeeker	false_fusion:mitochondrial_genomic	2	1	False_Call
ENSG00000063177:ENSG00000268093	95%	100GB	positive	Genion	false_fusion	2	1	False_Call
ENSG00000063978:ENSG00000168556	85%	100GB	positive	FusionSeeker	reverse_order: intra_chromosome	37	3	Partial_Recall
ENSG00000063978:ENSG00000168556	85%	100GB	positive	Genion	reverse_order: intra_chromosome	32	3	Partial_Recall
ENSG00000063978:ENSG00000168556	85%	100GB	positive	LongGF	reverse_order: intra_chromosome	33	3	Partial_Recall
ENSG00000063978:ENSG00000168556	85%	10GB	positive	FusionSeeker	reverse_order: intra_chromosome	7	3	Partial_Recall
ENSG00000063978:ENSG00000168556	85%	10GB	positive	GFSeeker	reverse_order: intra_chromosome	7	3	Partial_Recall
ENSG00000063978:ENSG00000168556	85%	10GB	positive	LongGF	reverse_order: intra_chromosome	5	3	Partial_Recall
ENSG00000063978:ENSG00000168556	90%	100GB	positive	FusionSeeker	reverse_order: intra_chromosome	37	3	Partial_Recall
ENSG00000063978:ENSG00000168556	90%	100GB	positive	Genion	reverse_order: intra_chromosome	34	3	Partial_Recall
ENSG00000063978:ENSG00000168556	90%	100GB	positive	LongGF	reverse_order: intra_chromosome	37	3	Partial_Recall
ENSG00000063978:ENSG00000168556	95%	100GB	positive	FusionSeeker	reverse_order: intra_chromosome	27	3	Partial_Recall
ENSG00000063978:ENSG00000168556	95%	100GB	positive	Genion	reverse_order: intra_chromosome	22	3	Partial_Recall
ENSG00000063978:ENSG00000168556	95%	100GB	positive	LongGF	reverse_order: intra_chromosome	27	3	Partial_Recall
ENSG00000063978:ENSG00000168556	95%	10GB	positive	FusionSeeker	reverse_order: intra_chromosome	3	3	Partial_Recall
ENSG00000063978:ENSG00000168556	95%	10GB	positive	GFSeeker	reverse_order: intra_chromosome	3	3	Partial_Recall
ENSG00000063978:ENSG00000168556	95%	10GB	positive	LongGF	reverse_order: intra_chromosome	3	3	Partial_Recall
ENSG00000065518:ENSG00000286891	85%	100GB	positive	FusionSeeker	false_fusion	3	1	False_Call
ENSG00000065621:ENSG00000148834	85%	100GB	negative	Genion	false_fusion	4	1	False_Call
ENSG00000065621:ENSG00000148834	85%	100GB	positive	Genion	false_fusion	7	1	False_Call
ENSG00000065911:ENSG00000181260	85%	100GB	negative	FusionSeeker	false_fusion	3	1	False_Call
ENSG00000065911:ENSG00000181260	85%	100GB	positive	FusionSeeker	false_fusion	2	1	False_Call
ENSG00000066322:ENSG00000175334	85%	100GB	positive	FusionSeeker	reverse_order:truncated_tri_fusion	55	2	Partial_Recall
ENSG00000066322:ENSG00000175334	85%	100GB	positive	LongGF	reverse_order:truncated_tri_fusion	17	2	Partial_Recall
ENSG00000066322:ENSG00000175334	90%	100GB	positive	FusionSeeker	reverse_order:truncated_tri_fusion	73	2	Partial_Recall
ENSG00000066322:ENSG00000175334	90%	100GB	positive	LongGF	reverse_order:truncated_tri_fusion	34	2	Partial_Recall
ENSG00000066322:ENSG00000175334	90%	10GB	positive	FusionSeeker	reverse_order:truncated_tri_fusion	12	2	Partial_Recall
ENSG00000066322:ENSG00000175334	90%	10GB	positive	LongGF	reverse_order:truncated_tri_fusion	6	2	Partial_Recall
ENSG00000066322:ENSG00000175334	90%	1GB	positive	FusionSeeker	reverse_order:truncated_tri_fusion	4	2	Partial_Recall
ENSG00000066322:ENSG00000175334	90%	1GB	positive	LongGF	reverse_order:truncated_tri_fusion	2	2	Partial_Recall
ENSG00000066322:ENSG00000175334	95%	100GB	positive	FusionSeeker	reverse_order:truncated_tri_fusion	53	2	Partial_Recall
ENSG00000066322:ENSG00000175334	95%	100GB	positive	LongGF	reverse_order:truncated_tri_fusion	24	2	Partial_Recall
ENSG00000066322:ENSG00000175334	95%	10GB	positive	FusionSeeker	reverse_order:truncated_tri_fusion	4	2	Partial_Recall
ENSG00000066322:ENSG00000175334	95%	10GB	positive	LongGF	reverse_order:truncated_tri_fusion	2	2	Partial_Recall
ENSG00000066322:ENSG00000189326	85%	100GB	positive	FusionSeeker	truncated_tri_fusion	2	1	Partial_Recall
ENSG00000066322:ENSG00000189326	90%	100GB	positive	FusionSeeker	truncated_tri_fusion	29	1	Partial_Recall
ENSG00000066322:ENSG00000189326	95%	100GB	positive	FusionSeeker	truncated_tri_fusion	41	1	Partial_Recall
ENSG00000066322:ENSG00000189326	95%	10GB	positive	CTAT-LR-Fusion	truncated_tri_fusion	2	2	Partial_Recall
ENSG00000066322:ENSG00000189326	95%	10GB	positive	FusionSeeker	truncated_tri_fusion	6	2	Partial_Recall
ENSG00000066427:ENSG00000162944	95%	100GB	positive	FusionSeeker	false_fusion	8	1	False_Call
ENSG00000066427:ENSG00000267586	95%	100GB	positive	FusionSeeker	false_fusion	4	1	False_Call
ENSG00000066427:ENSG00000272767	85%	100GB	positive	CTAT-LR-Fusion	truncated_tri_fusion	41	1	Partial_Recall
ENSG00000066427:ENSG00000272767	85%	10GB	positive	CTAT-LR-Fusion	truncated_tri_fusion	6	1	Partial_Recall
ENSG00000066427:ENSG00000272767	90%	100GB	positive	CTAT-LR-Fusion	truncated_tri_fusion	30	2	Partial_Recall
ENSG00000066427:ENSG00000272767	90%	100GB	positive	Genion	truncated_tri_fusion	11	2	Partial_Recall
ENSG00000066427:ENSG00000272767	90%	10GB	positive	CTAT-LR-Fusion	truncated_tri_fusion	4	1	Partial_Recall
ENSG00000066427:ENSG00000272767	95%	100GB	positive	Genion	truncated_tri_fusion	20	1	Partial_Recall
ENSG00000066427:ENSG00000272767	95%	10GB	positive	CTAT-LR-Fusion	truncated_tri_fusion	2	1	Partial_Recall
ENSG00000066557:ENSG00000164924	85%	100GB	positive	FusionSeeker	reverse_order:truncated_tri_fusion	4	1	Partial_Recall
ENSG00000066557:ENSG00000164924	85%	10GB	positive	GFSeeker	reverse_order:truncated_tri_fusion	4	1	Partial_Recall
ENSG00000066557:ENSG00000164924	90%	100GB	positive	FusionSeeker	reverse_order:truncated_tri_fusion	20	2	Partial_Recall
ENSG00000066557:ENSG00000164924	90%	100GB	positive	Genion	reverse_order:truncated_tri_fusion	18	2	Partial_Recall
ENSG00000066557:ENSG00000164924	90%	10GB	positive	GFSeeker	reverse_order:truncated_tri_fusion	5	1	Partial_Recall
ENSG00000066557:ENSG00000164924	95%	100GB	positive	FusionSeeker	reverse_order:truncated_tri_fusion	34	2	Partial_Recall
ENSG00000066557:ENSG00000164924	95%	100GB	positive	Genion	reverse_order:truncated_tri_fusion	16	2	Partial_Recall
ENSG00000066557:ENSG00000164924:ENSG00000228784	95%	100GB	positive	Genion	wrong_order:tri_fusion	9	1	Partial_Recall
ENSG00000066557:ENSG00000228784	85%	100GB	positive	FusionSeeker	truncated_tri_fusion	11	2	Partial_Recall
ENSG00000066557:ENSG00000228784	85%	100GB	positive	Genion	truncated_tri_fusion	17	2	Partial_Recall
ENSG00000066557:ENSG00000228784	85%	10GB	positive	FusionSeeker	truncated_tri_fusion	4	1	Partial_Recall
ENSG00000066557:ENSG00000228784	90%	100GB	positive	FusionSeeker	truncated_tri_fusion	26	2	Partial_Recall
ENSG00000066557:ENSG00000228784	90%	100GB	positive	Genion	truncated_tri_fusion	21	2	Partial_Recall
ENSG00000066557:ENSG00000228784	95%	100GB	positive	FusionSeeker	truncated_tri_fusion	35	2	Partial_Recall
ENSG00000066557:ENSG00000228784	95%	100GB	positive	Genion	truncated_tri_fusion	23	2	Partial_Recall
ENSG00000066557:ENSG00000228784	95%	10GB	positive	FusionSeeker	truncated_tri_fusion	3	1	Partial_Recall
ENSG00000067842:ENSG00000265142	85%	100GB	positive	Genion	reverse_order:truncated_tri_fusion	23	1	Partial_Recall
ENSG00000068097:ENSG00000143228:ENSG00000196586	90%	100GB	positive	Genion	wrong_order:tri_fusion	23	1	Partial_Recall
ENSG00000068097:ENSG00000143228:ENSG00000196586	95%	100GB	positive	Genion	wrong_order:tri_fusion	26	1	Partial_Recall
ENSG00000068097:ENSG00000196586	85%	100GB	positive	FusionSeeker	truncated_tri_fusion	2	1	Partial_Recall
ENSG00000068097:ENSG00000196586	90%	100GB	positive	FusionSeeker	truncated_tri_fusion	18	2	Partial_Recall
ENSG00000068097:ENSG00000196586	90%	100GB	positive	JAFFAL	truncated_tri_fusion	7	2	Partial_Recall
ENSG00000068097:ENSG00000196586	90%	10GB	positive	GFSeeker	truncated_tri_fusion	2	1	Partial_Recall
ENSG00000068097:ENSG00000196586	95%	100GB	positive	FusionSeeker	truncated_tri_fusion	22	2	Partial_Recall
ENSG00000068097:ENSG00000196586	95%	100GB	positive	JAFFAL	truncated_tri_fusion	26	2	Partial_Recall
ENSG00000068097:ENSG00000196586	95%	10GB	positive	FusionSeeker	truncated_tri_fusion	3	2	Partial_Recall
ENSG00000068097:ENSG00000196586	95%	10GB	positive	JAFFAL	truncated_tri_fusion	3	2	Partial_Recall
ENSG00000068796:ENSG00000086200	85%	100GB	negative	CTAT-LR-Fusion	false_fusion	17	2	False_Call
ENSG00000068796:ENSG00000086200	85%	100GB	negative	LongGF	false_fusion	25	2	False_Call
ENSG00000068796:ENSG00000086200	85%	100GB	positive	LongGF	false_fusion	12	1	False_Call
ENSG00000068796:ENSG00000086200	85%	10GB	negative	CTAT-LR-Fusion	false_fusion	2	2	False_Call
ENSG00000068796:ENSG00000086200	85%	10GB	negative	LongGF	false_fusion	3	2	False_Call
ENSG00000068796:ENSG00000086200	90%	100GB	negative	CTAT-LR-Fusion	false_fusion	29	2	False_Call
ENSG00000068796:ENSG00000086200	90%	100GB	negative	LongGF	false_fusion	28	2	False_Call
ENSG00000068796:ENSG00000086200	90%	100GB	positive	CTAT-LR-Fusion	false_fusion	40	2	False_Call
ENSG00000068796:ENSG00000086200	90%	100GB	positive	LongGF	false_fusion	40	2	False_Call
ENSG00000068796:ENSG00000086200	90%	10GB	negative	CTAT-LR-Fusion	false_fusion	4	2	False_Call
ENSG00000068796:ENSG00000086200	90%	10GB	negative	LongGF	false_fusion	4	2	False_Call
ENSG00000068796:ENSG00000086200	95%	100GB	negative	CTAT-LR-Fusion	false_fusion	42	2	False_Call
ENSG00000068796:ENSG00000086200	95%	100GB	negative	LongGF	false_fusion	39	2	False_Call
ENSG00000068796:ENSG00000086200	95%	100GB	positive	CTAT-LR-Fusion	false_fusion	41	2	False_Call
ENSG00000068796:ENSG00000086200	95%	100GB	positive	LongGF	false_fusion	40	2	False_Call
ENSG00000068796:ENSG00000086200	95%	10GB	negative	CTAT-LR-Fusion	false_fusion	4	2	False_Call
ENSG00000068796:ENSG00000086200	95%	10GB	negative	LongGF	false_fusion	4	2	False_Call
ENSG00000068796:ENSG00000086200	95%	10GB	positive	CTAT-LR-Fusion	false_fusion	3	2	False_Call
ENSG00000068796:ENSG00000086200	95%	10GB	positive	LongGF	false_fusion	3	2	False_Call
ENSG00000068796:ENSG00000288643	85%	100GB	negative	FusionSeeker	false_fusion	30	1	False_Call
ENSG00000068796:ENSG00000288643	85%	100GB	positive	FusionSeeker	false_fusion	20	1	False_Call
ENSG00000068796:ENSG00000288643	85%	10GB	negative	FusionSeeker	false_fusion	4	1	False_Call
ENSG00000068796:ENSG00000288643	90%	100GB	negative	FusionSeeker	false_fusion	30	1	False_Call
ENSG00000068796:ENSG00000288643	90%	100GB	positive	FusionSeeker	false_fusion	41	1	False_Call
ENSG00000068796:ENSG00000288643	90%	10GB	negative	FusionSeeker	false_fusion	4	1	False_Call
ENSG00000068796:ENSG00000288643	95%	100GB	negative	FusionSeeker	false_fusion	41	1	False_Call
ENSG00000068796:ENSG00000288643	95%	100GB	positive	FusionSeeker	false_fusion	41	1	False_Call
ENSG00000068796:ENSG00000288643	95%	10GB	negative	FusionSeeker	false_fusion	4	1	False_Call
ENSG00000068796:ENSG00000288643	95%	10GB	positive	FusionSeeker	false_fusion	3	1	False_Call
ENSG00000069329:ENSG00000034053	90%	10GB	positive	CTAT-LR-Fusion	truncated_tri_fusion	2	1	Partial_Recall
ENSG00000069329:ENSG00000034053	95%	100GB	positive	CTAT-LR-Fusion	truncated_tri_fusion	16	1	Partial_Recall
ENSG00000069329:ENSG00000034053	95%	10GB	positive	CTAT-LR-Fusion	truncated_tri_fusion	4	1	Partial_Recall
ENSG00000069329:ENSG00000077782	85%	100GB	positive	FusionSeeker	truncated_tri_fusion	43	1	Partial_Recall
ENSG00000069329:ENSG00000077782	90%	100GB	positive	FusionSeeker	truncated_tri_fusion	77	1	Partial_Recall
ENSG00000069329:ENSG00000077782	90%	10GB	positive	FusionSeeker	truncated_tri_fusion	14	1	Partial_Recall
ENSG00000069329:ENSG00000077782	95%	100GB	positive	FusionSeeker	truncated_tri_fusion	68	1	Partial_Recall
ENSG00000069329:ENSG00000077782	95%	10GB	positive	FusionSeeker	truncated_tri_fusion	12	1	Partial_Recall
ENSG00000069329:ENSG00000164754	85%	100GB	positive	FusionSeeker	false_fusion	17	1	False_Call
ENSG00000069329:ENSG00000164754	85%	10GB	positive	FusionSeeker	false_fusion	2	1	False_Call
ENSG00000069329:ENSG00000164754	90%	100GB	positive	FusionSeeker	false_fusion	10	1	False_Call
ENSG00000069329:ENSG00000164754	95%	100GB	positive	FusionSeeker	false_fusion	8	1	False_Call
ENSG00000069329:ENSG00000253327	85%	100GB	positive	CTAT-LR-Fusion	hybrid	27	2	True_Recall
ENSG00000069329:ENSG00000253327	85%	100GB	positive	FusionSeeker	hybrid	17	2	True_Recall
ENSG00000069329:ENSG00000253327	85%	10GB	positive	FusionSeeker	hybrid	2	1	True_Recall
ENSG00000069329:ENSG00000253327	90%	100GB	positive	CTAT-LR-Fusion	hybrid	27	2	True_Recall
ENSG00000069329:ENSG00000253327	90%	100GB	positive	FusionSeeker	hybrid	29	2	True_Recall
ENSG00000069329:ENSG00000253327	90%	10GB	positive	FusionSeeker	hybrid	2	1	True_Recall
ENSG00000069329:ENSG00000253327	95%	100GB	positive	CTAT-LR-Fusion	hybrid	17	2	True_Recall
ENSG00000069329:ENSG00000253327	95%	100GB	positive	FusionSeeker	hybrid	19	2	True_Recall
ENSG00000069329:ENSG00000253327	95%	10GB	positive	CTAT-LR-Fusion	hybrid	2	2	True_Recall
ENSG00000069329:ENSG00000253327	95%	10GB	positive	FusionSeeker	hybrid	3	2	True_Recall
ENSG00000070366:ENSG00000050393	85%	100GB	negative	FusionSeeker	false_fusion	2	1	False_Call
ENSG00000070366:ENSG00000050393	85%	100GB	positive	FusionSeeker	false_fusion	2	1	False_Call
ENSG00000070831:ENSG00000218510	85%	100GB	positive	Genion	false_fusion	4	1	False_Call
ENSG00000070831:ENSG00000218510	90%	100GB	positive	Genion	false_fusion	4	1	False_Call
ENSG00000070831:ENSG00000218510	95%	100GB	negative	Genion	false_fusion	2	1	False_Call
ENSG00000070831:ENSG00000218510	95%	100GB	positive	Genion	false_fusion	3	1	False_Call
ENSG00000071082:ENSG00000081051	90%	100GB	positive	FusionSeeker	false_fusion	2	1	False_Call
ENSG00000071082:ENSG00000090097	85%	100GB	negative	FusionSeeker	false_fusion	2	1	False_Call
ENSG00000071082:ENSG00000131061	85%	100GB	negative	FusionSeeker	false_fusion	6	1	False_Call
ENSG00000071082:ENSG00000131061	85%	100GB	positive	FusionSeeker	false_fusion	6	1	False_Call
ENSG00000071082:ENSG00000131143	90%	100GB	negative	LongGF	false_fusion	2	1	False_Call
ENSG00000071082:ENSG00000131374	85%	100GB	negative	FusionSeeker	false_fusion	2	1	False_Call
ENSG00000071082:ENSG00000131374	85%	100GB	positive	FusionSeeker	false_fusion	6	1	False_Call
ENSG00000071082:ENSG00000131374	85%	10GB	positive	FusionSeeker	false_fusion	2	1	False_Call
ENSG00000071082:ENSG00000131469	85%	100GB	negative	LongGF	false_fusion	2	1	False_Call
ENSG00000071082:ENSG00000137818	90%	100GB	positive	LongGF	false_fusion	2	1	False_Call
ENSG00000071082:ENSG00000146416	85%	100GB	positive	FusionSeeker	false_fusion	3	1	False_Call
ENSG00000071082:ENSG00000147403	90%	100GB	negative	FusionSeeker	false_fusion	2	1	False_Call
ENSG00000071082:ENSG00000163631	90%	100GB	positive	FusionSeeker	false_fusion	2	1	False_Call
ENSG00000071082:ENSG00000176153	90%	100GB	negative	LongGF	false_fusion	2	1	False_Call
ENSG00000071082:ENSG00000179131	85%	100GB	negative	FusionSeeker	false_fusion	9	1	False_Call
ENSG00000071082:ENSG00000179131	85%	100GB	positive	FusionSeeker	false_fusion	8	1	False_Call
ENSG00000071082:ENSG00000197099	95%	100GB	negative	FusionSeeker	false_fusion	2	1	False_Call
ENSG00000071082:ENSG00000198755	90%	100GB	positive	FusionSeeker	false_fusion	2	2	False_Call
ENSG00000071082:ENSG00000198755	90%	100GB	positive	LongGF	false_fusion	2	2	False_Call
ENSG00000071082:ENSG00000198804	85%	100GB	negative	FusionSeeker	false_fusion:mitochondrial_genomic	2	1	False_Call
ENSG00000071082:ENSG00000198804	85%	100GB	negative	LongGF	false_fusion	2	1	False_Call
ENSG00000071082:ENSG00000210082	85%	100GB	positive	FusionSeeker	false_fusion:mitochondrial_genomic	4	1	False_Call
ENSG00000071082:ENSG00000211459	90%	100GB	negative	FusionSeeker	false_fusion:mitochondrial_genomic	2	1	False_Call
ENSG00000071082:ENSG00000213849	85%	100GB	negative	FusionSeeker	false_fusion	10	1	False_Call
ENSG00000071082:ENSG00000213849	85%	100GB	positive	FusionSeeker	false_fusion	22	1	False_Call
ENSG00000071082:ENSG00000213849	85%	10GB	positive	FusionSeeker	false_fusion	2	1	False_Call
ENSG00000071082:ENSG00000213849	90%	100GB	negative	FusionSeeker	false_fusion	4	1	False_Call
ENSG00000071082:ENSG00000216902	85%	100GB	positive	FusionSeeker	false_fusion	2	1	False_Call
ENSG00000071082:ENSG00000219863	85%	100GB	negative	FusionSeeker	false_fusion	5	1	False_Call
ENSG00000071082:ENSG00000219863	85%	100GB	positive	FusionSeeker	false_fusion	10	1	False_Call
ENSG00000071082:ENSG00000219863	90%	100GB	positive	FusionSeeker	false_fusion	2	1	False_Call
ENSG00000071082:ENSG00000224897	85%	100GB	negative	FusionSeeker	false_fusion	2	1	False_Call
ENSG00000071082:ENSG00000229949	85%	100GB	negative	FusionSeeker	false_fusion	2	1	False_Call
ENSG00000071082:ENSG00000232612	85%	100GB	negative	FusionSeeker	false_fusion	5	1	False_Call
ENSG00000071082:ENSG00000232612	85%	100GB	positive	FusionSeeker	false_fusion	6	1	False_Call
ENSG00000071082:ENSG00000232612	90%	100GB	negative	FusionSeeker	false_fusion	2	1	False_Call
ENSG00000071082:ENSG00000235225	85%	100GB	negative	FusionSeeker	false_fusion	10	1	False_Call
ENSG00000071082:ENSG00000235225	85%	100GB	positive	FusionSeeker	false_fusion	16	1	False_Call
ENSG00000071082:ENSG00000236735	85%	100GB	negative	FusionSeeker	false_fusion	26	1	False_Call
ENSG00000071082:ENSG00000236735	85%	100GB	positive	FusionSeeker	false_fusion	15	1	False_Call
ENSG00000071082:ENSG00000236735	90%	100GB	positive	FusionSeeker	false_fusion	2	1	False_Call
ENSG00000071082:ENSG00000241281	85%	100GB	negative	FusionSeeker	false_fusion	8	1	False_Call
ENSG00000071082:ENSG00000241281	85%	100GB	positive	FusionSeeker	false_fusion	7	1	False_Call
ENSG00000071082:ENSG00000244740	85%	100GB	negative	FusionSeeker	false_fusion	3	1	False_Call
ENSG00000071082:ENSG00000250954	85%	100GB	negative	FusionSeeker	false_fusion	23	1	False_Call
ENSG00000071082:ENSG00000250954	85%	100GB	positive	FusionSeeker	false_fusion	26	1	False_Call
ENSG00000071082:ENSG00000250954	85%	10GB	positive	FusionSeeker	false_fusion	4	1	False_Call
ENSG00000071082:ENSG00000250954	90%	100GB	negative	FusionSeeker	false_fusion	4	1	False_Call
ENSG00000071082:ENSG00000250954	90%	100GB	positive	FusionSeeker	false_fusion	7	1	False_Call
ENSG00000071082:ENSG00000253704	85%	100GB	positive	FusionSeeker	false_fusion	5	1	False_Call
ENSG00000071242:ENSG00000136231	85%	100GB	positive	FusionSeeker	false_fusion	2	1	False_Call
ENSG00000071909:ENSG00000124787	85%	100GB	positive	FusionSeeker	false_fusion	12	1	False_Call
ENSG00000071909:ENSG00000124787	90%	100GB	positive	FusionSeeker	false_fusion	67	1	False_Call
ENSG00000071909:ENSG00000124787	90%	10GB	positive	FusionSeeker	false_fusion	3	1	False_Call
ENSG00000071909:ENSG00000124787	95%	100GB	positive	FusionSeeker	false_fusion	69	1	False_Call
ENSG00000071909:ENSG00000124787	95%	10GB	positive	FusionSeeker	false_fusion	10	1	False_Call
ENSG00000071909:ENSG00000188312	85%	100GB	positive	FusionSeeker	false_fusion	9	1	False_Call
ENSG00000071909:ENSG00000188312	85%	10GB	positive	FusionSeeker	false_fusion	2	1	False_Call
ENSG00000071909:ENSG00000188312	90%	100GB	positive	FusionSeeker	false_fusion	35	1	False_Call
ENSG00000071909:ENSG00000188312	90%	10GB	positive	FusionSeeker	false_fusion	5	1	False_Call
ENSG00000071909:ENSG00000188312	95%	100GB	positive	FusionSeeker	false_fusion	30	1	False_Call
ENSG00000071909:ENSG00000188312	95%	10GB	positive	FusionSeeker	false_fusion	2	1	False_Call
ENSG00000072201:ENSG00000172922	85%	100GB	positive	JAFFAL	false_fusion	20	1	False_Call
ENSG00000072201:ENSG00000172922	90%	100GB	positive	JAFFAL	false_fusion	21	1	False_Call
ENSG00000072201:ENSG00000172922	95%	100GB	positive	JAFFAL	false_fusion	19	1	False_Call
ENSG00000072571:ENSG00000130714	85%	100GB	positive	CTAT-LR-Fusion	truncated_tri_fusion	20	5	Partial_Recall
ENSG00000072571:ENSG00000130714	85%	100GB	positive	FusionSeeker	truncated_tri_fusion	34	5	Partial_Recall
ENSG00000072571:ENSG00000130714	85%	100GB	positive	Genion	truncated_tri_fusion	27	5	Partial_Recall
ENSG00000072571:ENSG00000130714	85%	100GB	positive	JAFFAL	truncated_tri_fusion	21	5	Partial_Recall
ENSG00000072571:ENSG00000130714	85%	100GB	positive	LongGF	truncated_tri_fusion	20	5	Partial_Recall
ENSG00000072571:ENSG00000130714	85%	10GB	positive	FusionSeeker	truncated_tri_fusion	5	3	Partial_Recall
ENSG00000072571:ENSG00000130714	85%	10GB	positive	JAFFAL	truncated_tri_fusion	2	3	Partial_Recall
ENSG00000072571:ENSG00000130714	85%	10GB	positive	LongGF	truncated_tri_fusion	2	3	Partial_Recall
ENSG00000072571:ENSG00000130714	90%	100GB	positive	CTAT-LR-Fusion	truncated_tri_fusion	27	5	Partial_Recall
ENSG00000072571:ENSG00000130714	90%	100GB	positive	FusionSeeker	truncated_tri_fusion	36	5	Partial_Recall
ENSG00000072571:ENSG00000130714	90%	100GB	positive	Genion	truncated_tri_fusion	16	5	Partial_Recall
ENSG00000072571:ENSG00000130714	90%	100GB	positive	JAFFAL	truncated_tri_fusion	27	5	Partial_Recall
ENSG00000072571:ENSG00000130714	90%	100GB	positive	LongGF	truncated_tri_fusion	28	5	Partial_Recall
ENSG00000072571:ENSG00000130714	90%	10GB	positive	GFSeeker	truncated_tri_fusion	2	1	Partial_Recall
ENSG00000072571:ENSG00000130714	95%	100GB	positive	CTAT-LR-Fusion	truncated_tri_fusion	41	4	Partial_Recall
ENSG00000072571:ENSG00000130714	95%	100GB	positive	FusionSeeker	truncated_tri_fusion	44	4	Partial_Recall
ENSG00000072571:ENSG00000130714	95%	100GB	positive	JAFFAL	truncated_tri_fusion	38	4	Partial_Recall
ENSG00000072571:ENSG00000130714	95%	100GB	positive	LongGF	truncated_tri_fusion	34	4	Partial_Recall
ENSG00000072571:ENSG00000130714	95%	10GB	positive	FusionSeeker	truncated_tri_fusion	4	4	Partial_Recall
ENSG00000072571:ENSG00000130714	95%	10GB	positive	GFSeeker	truncated_tri_fusion	3	4	Partial_Recall
ENSG00000072571:ENSG00000130714	95%	10GB	positive	JAFFAL	truncated_tri_fusion	3	4	Partial_Recall
ENSG00000072571:ENSG00000130714	95%	10GB	positive	LongGF	truncated_tri_fusion	4	4	Partial_Recall
ENSG00000072571:ENSG00000130714:ENSG00000146809	90%	100GB	positive	Genion	wrong_order:tri_fusion	18	1	Partial_Recall
ENSG00000072571:ENSG00000130714:ENSG00000146809	95%	100GB	positive	Genion	wrong_order:tri_fusion	34	1	Partial_Recall
ENSG00000072571:ENSG00000146809	85%	100GB	positive	FusionSeeker	reverse_order:truncated_tri_fusion	15	2	Partial_Recall
ENSG00000072571:ENSG00000146809	85%	100GB	positive	LongGF	reverse_order:truncated_tri_fusion	8	2	Partial_Recall
ENSG00000072571:ENSG00000146809	85%	10GB	positive	FusionSeeker	reverse_order:truncated_tri_fusion	2	2	Partial_Recall
ENSG00000072571:ENSG00000146809	85%	10GB	positive	GFSeeker	reverse_order:truncated_tri_fusion	3	2	Partial_Recall
ENSG00000072571:ENSG00000146809	90%	100GB	positive	FusionSeeker	reverse_order:truncated_tri_fusion	26	2	Partial_Recall
ENSG00000072571:ENSG00000146809	90%	100GB	positive	LongGF	reverse_order:truncated_tri_fusion	5	2	Partial_Recall
ENSG00000072571:ENSG00000146809	95%	100GB	positive	FusionSeeker	reverse_order:truncated_tri_fusion	38	2	Partial_Recall
ENSG00000072571:ENSG00000146809	95%	100GB	positive	LongGF	reverse_order:truncated_tri_fusion	8	2	Partial_Recall
ENSG00000072571:ENSG00000146809	95%	10GB	positive	FusionSeeker	reverse_order:truncated_tri_fusion	3	1	Partial_Recall
ENSG00000073598:ENSG00000073536	85%	100GB	positive	FusionSeeker	false_fusion	16	1	False_Call
ENSG00000073598:ENSG00000073536	90%	100GB	positive	FusionSeeker	false_fusion	30	1	False_Call
ENSG00000073598:ENSG00000073536	95%	100GB	positive	FusionSeeker	false_fusion	20	1	False_Call
ENSG00000073598:ENSG00000073536	95%	10GB	positive	FusionSeeker	false_fusion	5	1	False_Call
ENSG00000074219:ENSG00000236172	85%	100GB	positive	CTAT-LR-Fusion	hybrid	11	3	True_Recall
ENSG00000074219:ENSG00000236172	85%	100GB	positive	FusionSeeker	hybrid	67	3	True_Recall
ENSG00000074219:ENSG00000236172	85%	100GB	positive	Genion	hybrid	39	3	True_Recall
ENSG00000074219:ENSG00000236172	85%	10GB	positive	FusionSeeker	hybrid	4	1	True_Recall
ENSG00000074219:ENSG00000236172	90%	100GB	positive	CTAT-LR-Fusion	hybrid	13	3	True_Recall
ENSG00000074219:ENSG00000236172	90%	100GB	positive	FusionSeeker	hybrid	77	3	True_Recall
ENSG00000074219:ENSG00000236172	90%	100GB	positive	Genion	hybrid	40	3	True_Recall
ENSG00000074219:ENSG00000236172	90%	10GB	positive	FusionSeeker	hybrid	5	1	True_Recall
ENSG00000074219:ENSG00000236172	95%	100GB	positive	FusionSeeker	hybrid	134	2	True_Recall
ENSG00000074219:ENSG00000236172	95%	100GB	positive	Genion	hybrid	53	2	True_Recall
ENSG00000074219:ENSG00000236172	95%	10GB	positive	FusionSeeker	hybrid	7	1	True_Recall
ENSG00000074800:ENSG00000081051	90%	100GB	positive	FusionSeeker	false_fusion	2	2	False_Call
ENSG00000074800:ENSG00000081051	90%	100GB	positive	LongGF	false_fusion	2	2	False_Call
ENSG00000074800:ENSG00000087086	95%	100GB	positive	FusionSeeker	false_fusion	2	1	False_Call
ENSG00000074800:ENSG00000161016	90%	100GB	positive	FusionSeeker	false_fusion	2	1	False_Call
ENSG00000074800:ENSG00000186197	85%	100GB	negative	FusionSeeker	false_fusion	2	1	False_Call
ENSG00000074800:ENSG00000186197	85%	100GB	positive	FusionSeeker	false_fusion	2	1	False_Call
ENSG00000074800:ENSG00000197099	90%	100GB	negative	FusionSeeker	false_fusion	2	1	False_Call
ENSG00000074800:ENSG00000198899	95%	100GB	negative	FusionSeeker	false_fusion:mitochondrial_genomic	2	1	False_Call
ENSG00000074800:ENSG00000210082	90%	100GB	positive	FusionSeeker	false_fusion:mitochondrial_genomic	2	1	False_Call
ENSG00000074800:ENSG00000213741	95%	100GB	positive	FusionSeeker	false_fusion	2	2	False_Call
ENSG00000074800:ENSG00000213741	95%	100GB	positive	LongGF	false_fusion	2	2	False_Call
ENSG00000074800:ENSG00000215472	90%	100GB	positive	FusionSeeker	false_fusion	2	1	False_Call
ENSG00000074800:ENSG00000215472	90%	10GB	positive	FusionSeeker	false_fusion	2	1	False_Call
ENSG00000075391:ENSG00000164587	85%	100GB	positive	FusionSeeker	false_fusion	2	1	False_Call
ENSG00000075624:ENSG00000107077	85%	100GB	negative	FusionSeeker	false_fusion	2	1	False_Call
ENSG00000075624:ENSG00000112306	95%	100GB	positive	LongGF	false_fusion	3	1	False_Call
ENSG00000075624:ENSG00000210082	95%	100GB	positive	FusionSeeker	false_fusion:mitochondrial_genomic	2	1	False_Call
ENSG00000075624:ENSG00000231500	85%	100GB	positive	LongGF	false_fusion	2	1	False_Call
ENSG00000075884:ENSG00000228655	85%	100GB	negative	FusionSeeker	false_fusion:Sense-Antisense	3	1	False_Call
ENSG00000075884:ENSG00000228655	85%	100GB	positive	FusionSeeker	false_fusion:Sense-Antisense	11	1	False_Call
ENSG00000075884:ENSG00000228655	90%	100GB	positive	FusionSeeker	false_fusion:Sense-Antisense	2	1	False_Call
ENSG00000075975:ENSG00000132155	85%	100GB	positive	FusionSeeker	false_fusion	139	1	False_Call
ENSG00000075975:ENSG00000132155	85%	10GB	positive	FusionSeeker	false_fusion	7	1	False_Call
ENSG00000075975:ENSG00000132155	90%	100GB	positive	FusionSeeker	false_fusion	228	1	False_Call
ENSG00000075975:ENSG00000132155	90%	10GB	positive	FusionSeeker	false_fusion	7	1	False_Call
ENSG00000075975:ENSG00000132155	95%	100GB	positive	FusionSeeker	false_fusion	256	1	False_Call
ENSG00000075975:ENSG00000132155	95%	10GB	positive	FusionSeeker	false_fusion	24	1	False_Call
ENSG00000076513:ENSG00000280426	85%	100GB	positive	Genion	reverse_order: read_through	26	1	Partial_Recall
ENSG00000076513:ENSG00000280426	90%	100GB	positive	Genion	reverse_order: read_through	13	1	Partial_Recall
ENSG00000076513:ENSG00000280426	95%	100GB	positive	Genion	reverse_order: read_through	14	1	Partial_Recall
ENSG00000076554:ENSG00000197462	95%	100GB	positive	CTAT-LR-Fusion	truncated_tri_fusion	11	1	Partial_Recall
ENSG00000077380:ENSG00000135205	85%	100GB	positive	FusionSeeker	false_fusion	42	1	False_Call
ENSG00000077380:ENSG00000135205	85%	10GB	positive	FusionSeeker	false_fusion	6	1	False_Call
ENSG00000077380:ENSG00000135205	90%	100GB	positive	FusionSeeker	false_fusion	39	1	False_Call
ENSG00000077380:ENSG00000135205	90%	10GB	positive	FusionSeeker	false_fusion	3	1	False_Call
ENSG00000077380:ENSG00000135205	95%	100GB	positive	FusionSeeker	false_fusion	41	1	False_Call
ENSG00000077380:ENSG00000135205	95%	10GB	positive	FusionSeeker	false_fusion	7	1	False_Call
ENSG00000077380:ENSG00000186088	85%	10GB	positive	GFSeeker	reverse_order:truncated_tri_fusion	5	1	Partial_Recall
ENSG00000077380:ENSG00000186088	90%	10GB	positive	GFSeeker	reverse_order:truncated_tri_fusion	2	1	Partial_Recall
ENSG00000077380:ENSG00000186088	95%	10GB	positive	GFSeeker	reverse_order:truncated_tri_fusion	5	1	Partial_Recall
ENSG00000077380:ENSG00000186088:ENSG00000273471	95%	100GB	positive	Genion	false_fusion	23	1	False_Call
ENSG00000077684:ENSG00000223768	85%	100GB	positive	CTAT-LR-Fusion	hybrid	33	3	True_Recall
ENSG00000077684:ENSG00000223768	85%	100GB	positive	Genion	hybrid	38	3	True_Recall
ENSG00000077684:ENSG00000223768	85%	100GB	positive	JAFFAL	hybrid	36	3	True_Recall
ENSG00000077684:ENSG00000223768	85%	10GB	positive	CTAT-LR-Fusion	hybrid	2	2	True_Recall
ENSG00000077684:ENSG00000223768	85%	10GB	positive	JAFFAL	hybrid	2	2	True_Recall
ENSG00000077684:ENSG00000223768	90%	100GB	positive	CTAT-LR-Fusion	hybrid	44	3	True_Recall
ENSG00000077684:ENSG00000223768	90%	100GB	positive	Genion	hybrid	47	3	True_Recall
ENSG00000077684:ENSG00000223768	90%	100GB	positive	JAFFAL	hybrid	46	3	True_Recall
ENSG00000077684:ENSG00000223768	90%	10GB	positive	CTAT-LR-Fusion	hybrid	6	2	True_Recall
ENSG00000077684:ENSG00000223768	90%	10GB	positive	JAFFAL	hybrid	7	2	True_Recall
ENSG00000077684:ENSG00000223768	95%	100GB	positive	CTAT-LR-Fusion	hybrid	36	3	True_Recall
ENSG00000077684:ENSG00000223768	95%	100GB	positive	Genion	hybrid	38	3	True_Recall
ENSG00000077684:ENSG00000223768	95%	100GB	positive	JAFFAL	hybrid	36	3	True_Recall
ENSG00000077684:ENSG00000223768	95%	10GB	positive	CTAT-LR-Fusion	hybrid	2	2	True_Recall
ENSG00000077684:ENSG00000223768	95%	10GB	positive	JAFFAL	hybrid	2	2	True_Recall
ENSG00000078328:ENSG00000284731	90%	100GB	negative	FusionSeeker	false_fusion	2	1	False_Call
ENSG00000078328:ENSG00000284731	95%	100GB	positive	FusionSeeker	false_fusion	2	1	False_Call
ENSG00000078699:ENSG00000132003	85%	100GB	positive	LongGF	reverse_order:truncated_tri_fusion	5	1	Partial_Recall
ENSG00000078699:ENSG00000132003	90%	100GB	positive	Genion	reverse_order:truncated_tri_fusion	15	2	Partial_Recall
ENSG00000078699:ENSG00000132003	90%	100GB	positive	LongGF	reverse_order:truncated_tri_fusion	10	2	Partial_Recall
ENSG00000078699:ENSG00000132003	90%	10GB	positive	GFSeeker	reverse_order:truncated_tri_fusion	3	2	Partial_Recall
ENSG00000078699:ENSG00000132003	90%	10GB	positive	LongGF	reverse_order:truncated_tri_fusion	2	2	Partial_Recall
ENSG00000078699:ENSG00000132003	95%	100GB	positive	Genion	reverse_order:truncated_tri_fusion	26	2	Partial_Recall
ENSG00000078699:ENSG00000132003	95%	100GB	positive	LongGF	reverse_order:truncated_tri_fusion	19	2	Partial_Recall
ENSG00000078699:ENSG00000132003	95%	10GB	positive	GFSeeker	reverse_order:truncated_tri_fusion	2	1	Partial_Recall
ENSG00000079215:ENSG00000113648	90%	10GB	positive	GFSeeker	reverse_order: hybrid	2	1	Partial_Recall
ENSG00000079332:ENSG00000233662	95%	100GB	positive	FusionSeeker	false_fusion	2	1	False_Call
ENSG00000079332:ENSG00000273269	90%	100GB	positive	FusionSeeker	false_fusion	2	1	False_Call
ENSG00000079332:ENSG00000273269	95%	100GB	positive	FusionSeeker	false_fusion	6	1	False_Call
ENSG00000079387:ENSG00000167110	85%	100GB	positive	FusionSeeker	false_fusion	3	1	False_Call
ENSG00000079387:ENSG00000167110	85%	10GB	positive	FusionSeeker	false_fusion	2	1	False_Call
ENSG00000079387:ENSG00000167110	90%	100GB	positive	FusionSeeker	false_fusion	25	1	False_Call
ENSG00000079387:ENSG00000167110	90%	10GB	positive	FusionSeeker	false_fusion	5	1	False_Call
ENSG00000079387:ENSG00000167110	95%	100GB	positive	FusionSeeker	false_fusion	40	2	False_Call
ENSG00000079387:ENSG00000167110	95%	100GB	positive	JAFFAL	false_fusion	3	2	False_Call
ENSG00000079387:ENSG00000167110	95%	10GB	positive	FusionSeeker	false_fusion	2	1	False_Call
ENSG00000080822:ENSG00000103043:ENSG00000277893	90%	100GB	positive	Genion	reverse_order:tri_fusion	12	1	Partial_Recall
ENSG00000080822:ENSG00000250562	90%	100GB	positive	Genion	false_fusion	5	1	False_Call
ENSG00000081051:ENSG00000087086	90%	10GB	positive	GFSeeker	false_fusion	2	1	False_Call
ENSG00000081051:ENSG00000137154	90%	100GB	negative	FusionSeeker	false_fusion	2	1	False_Call
ENSG00000081051:ENSG00000142541	95%	100GB	positive	LongGF	false_fusion	2	1	False_Call
ENSG00000081051:ENSG00000150991	90%	100GB	positive	LongGF	false_fusion	2	1	False_Call
ENSG00000081051:ENSG00000156508	85%	100GB	positive	FusionSeeker	false_fusion	2	2	False_Call
ENSG00000081051:ENSG00000156508	85%	100GB	positive	LongGF	false_fusion	2	2	False_Call
ENSG00000081051:ENSG00000156508	90%	100GB	positive	FusionSeeker	false_fusion	2	1	False_Call
ENSG00000081051:ENSG00000156508	90%	10GB	positive	GFSeeker	false_fusion	3	1	False_Call
ENSG00000081051:ENSG00000163631	85%	100GB	positive	JAFFAL	false_fusion	2	1	False_Call
ENSG00000081051:ENSG00000163631	95%	10GB	positive	GFSeeker	false_fusion	2	1	False_Call
ENSG00000081051:ENSG00000167526	90%	100GB	positive	JAFFAL	false_fusion	2	1	False_Call
ENSG00000081051:ENSG00000167526	95%	100GB	positive	LongGF	false_fusion	2	1	False_Call
ENSG00000081051:ENSG00000196136	95%	100GB	negative	JAFFAL	false_fusion	2	2	False_Call
ENSG00000081051:ENSG00000196136	95%	100GB	negative	LongGF	false_fusion	2	2	False_Call
ENSG00000081051:ENSG00000198755	90%	100GB	negative	FusionSeeker	false_fusion	2	2	False_Call
ENSG00000081051:ENSG00000198755	90%	100GB	negative	LongGF	false_fusion	2	2	False_Call
ENSG00000081051:ENSG00000198804	85%	100GB	negative	FusionSeeker	false_fusion:mitochondrial_genomic	2	1	False_Call
ENSG00000081051:ENSG00000198804	85%	100GB	negative	LongGF	false_fusion	2	1	False_Call
ENSG00000081051:ENSG00000198840	95%	100GB	positive	FusionSeeker	false_fusion:mitochondrial_genomic	2	1	False_Call
ENSG00000081051:ENSG00000198938	90%	100GB	positive	FusionSeeker	false_fusion:mitochondrial_genomic	2	1	False_Call
ENSG00000081051:ENSG00000210082	85%	100GB	positive	FusionSeeker	false_fusion:mitochondrial_genomic	4	1	False_Call
ENSG00000081051:ENSG00000210082	90%	100GB	positive	FusionSeeker	false_fusion:mitochondrial_genomic	3	1	False_Call
ENSG00000081051:ENSG00000270800	95%	100GB	positive	FusionSeeker	false_fusion	2	1	False_Call
ENSG00000081154:ENSG00000231500	85%	100GB	negative	FusionSeeker	false_fusion	28	1	False_Call
ENSG00000081154:ENSG00000231500	85%	100GB	positive	FusionSeeker	false_fusion	24	1	False_Call
ENSG00000081154:ENSG00000231500	85%	10GB	positive	FusionSeeker	false_fusion	4	1	False_Call
ENSG00000081154:ENSG00000231500	90%	100GB	negative	FusionSeeker	false_fusion	2	1	False_Call
ENSG00000081154:ENSG00000231500	90%	100GB	positive	FusionSeeker	false_fusion	2	1	False_Call
ENSG00000081692:ENSG00000167257	85%	100GB	positive	Genion	reverse_order: hybrid	16	2	Partial_Recall
ENSG00000081692:ENSG00000167257	85%	100GB	positive	LongGF	reverse_order: hybrid	12	2	Partial_Recall
ENSG00000081692:ENSG00000167257	85%	10GB	positive	GFSeeker	reverse_order: hybrid	3	1	Partial_Recall
ENSG00000081692:ENSG00000167257	90%	100GB	positive	Genion	reverse_order: hybrid	30	2	Partial_Recall
ENSG00000081692:ENSG00000167257	90%	100GB	positive	LongGF	reverse_order: hybrid	24	2	Partial_Recall
ENSG00000081692:ENSG00000167257	90%	10GB	positive	LongGF	reverse_order: hybrid	3	1	Partial_Recall
ENSG00000081692:ENSG00000167257	95%	100GB	positive	Genion	reverse_order: hybrid	25	2	Partial_Recall
ENSG00000081692:ENSG00000167257	95%	100GB	positive	LongGF	reverse_order: hybrid	22	2	Partial_Recall
ENSG00000081692:ENSG00000167257	95%	10GB	positive	GFSeeker	reverse_order: hybrid	7	2	Partial_Recall
ENSG00000081692:ENSG00000167257	95%	10GB	positive	LongGF	reverse_order: hybrid	5	2	Partial_Recall
ENSG00000081985:ENSG00000164756	85%	100GB	positive	FusionSeeker	reverse_order:truncated_tri_fusion	17	3	Partial_Recall
ENSG00000081985:ENSG00000164756	85%	100GB	positive	Genion	reverse_order:truncated_tri_fusion	13	3	Partial_Recall
ENSG00000081985:ENSG00000164756	85%	100GB	positive	LongGF	reverse_order:truncated_tri_fusion	13	3	Partial_Recall
ENSG00000081985:ENSG00000164756	85%	10GB	positive	FusionSeeker	reverse_order:truncated_tri_fusion	2	2	Partial_Recall
ENSG00000081985:ENSG00000164756	85%	10GB	positive	LongGF	reverse_order:truncated_tri_fusion	2	2	Partial_Recall
ENSG00000081985:ENSG00000164756	90%	100GB	positive	FusionSeeker	reverse_order:truncated_tri_fusion	28	3	Partial_Recall
ENSG00000081985:ENSG00000164756	90%	100GB	positive	Genion	reverse_order:truncated_tri_fusion	15	3	Partial_Recall
ENSG00000081985:ENSG00000164756	90%	100GB	positive	LongGF	reverse_order:truncated_tri_fusion	22	3	Partial_Recall
ENSG00000081985:ENSG00000164756	90%	10GB	positive	FusionSeeker	reverse_order:truncated_tri_fusion	4	3	Partial_Recall
ENSG00000081985:ENSG00000164756	90%	10GB	positive	GFSeeker	reverse_order:truncated_tri_fusion	2	3	Partial_Recall
ENSG00000081985:ENSG00000164756	90%	10GB	positive	LongGF	reverse_order:truncated_tri_fusion	3	3	Partial_Recall
ENSG00000081985:ENSG00000164756	95%	100GB	positive	FusionSeeker	reverse_order:truncated_tri_fusion	27	3	Partial_Recall
ENSG00000081985:ENSG00000164756	95%	100GB	positive	Genion	reverse_order:truncated_tri_fusion	21	3	Partial_Recall
ENSG00000081985:ENSG00000164756	95%	100GB	positive	LongGF	reverse_order:truncated_tri_fusion	23	3	Partial_Recall
ENSG00000081985:ENSG00000164756:ENSG00000184619	90%	100GB	positive	Genion	wrong_order:tri_fusion	11	1	Partial_Recall
ENSG00000081985:ENSG00000164756:ENSG00000184619	95%	100GB	positive	Genion	wrong_order:tri_fusion	8	1	Partial_Recall
ENSG00000081985:ENSG00000184619	85%	100GB	positive	CTAT-LR-Fusion	truncated_tri_fusion	14	5	Partial_Recall
ENSG00000081985:ENSG00000184619	85%	100GB	positive	FusionSeeker	truncated_tri_fusion	29	5	Partial_Recall
ENSG00000081985:ENSG00000184619	85%	100GB	positive	Genion	truncated_tri_fusion	21	5	Partial_Recall
ENSG00000081985:ENSG00000184619	85%	100GB	positive	JAFFAL	truncated_tri_fusion	22	5	Partial_Recall
ENSG00000081985:ENSG00000184619	85%	100GB	positive	LongGF	truncated_tri_fusion	19	5	Partial_Recall
ENSG00000081985:ENSG00000184619	85%	10GB	positive	CTAT-LR-Fusion	truncated_tri_fusion	2	4	Partial_Recall
ENSG00000081985:ENSG00000184619	85%	10GB	positive	FusionSeeker	truncated_tri_fusion	4	4	Partial_Recall
ENSG00000081985:ENSG00000184619	85%	10GB	positive	JAFFAL	truncated_tri_fusion	4	4	Partial_Recall
ENSG00000081985:ENSG00000184619	85%	10GB	positive	LongGF	truncated_tri_fusion	4	4	Partial_Recall
ENSG00000081985:ENSG00000184619	90%	100GB	positive	CTAT-LR-Fusion	truncated_tri_fusion	29	5	Partial_Recall
ENSG00000081985:ENSG00000184619	90%	100GB	positive	FusionSeeker	truncated_tri_fusion	36	5	Partial_Recall
ENSG00000081985:ENSG00000184619	90%	100GB	positive	Genion	truncated_tri_fusion	20	5	Partial_Recall
ENSG00000081985:ENSG00000184619	90%	100GB	positive	JAFFAL	truncated_tri_fusion	35	5	Partial_Recall
ENSG00000081985:ENSG00000184619	90%	100GB	positive	LongGF	truncated_tri_fusion	22	5	Partial_Recall
ENSG00000081985:ENSG00000184619	90%	10GB	positive	CTAT-LR-Fusion	truncated_tri_fusion	5	4	Partial_Recall
ENSG00000081985:ENSG00000184619	90%	10GB	positive	FusionSeeker	truncated_tri_fusion	6	4	Partial_Recall
ENSG00000081985:ENSG00000184619	90%	10GB	positive	JAFFAL	truncated_tri_fusion	6	4	Partial_Recall
ENSG00000081985:ENSG00000184619	90%	10GB	positive	LongGF	truncated_tri_fusion	4	4	Partial_Recall
ENSG00000081985:ENSG00000184619	95%	100GB	positive	CTAT-LR-Fusion	truncated_tri_fusion	27	5	Partial_Recall
ENSG00000081985:ENSG00000184619	95%	100GB	positive	FusionSeeker	truncated_tri_fusion	29	5	Partial_Recall
ENSG00000081985:ENSG00000184619	95%	100GB	positive	Genion	truncated_tri_fusion	21	5	Partial_Recall
ENSG00000081985:ENSG00000184619	95%	100GB	positive	JAFFAL	truncated_tri_fusion	30	5	Partial_Recall
ENSG00000081985:ENSG00000184619	95%	100GB	positive	LongGF	truncated_tri_fusion	20	5	Partial_Recall
ENSG00000082153:ENSG00000185565	85%	100GB	positive	FusionSeeker	false_fusion	3	1	False_Call
ENSG00000082641:ENSG00000144668	85%	100GB	positive	FusionSeeker	false_fusion	16	1	False_Call
ENSG00000082641:ENSG00000144668	90%	100GB	positive	FusionSeeker	false_fusion	25	1	False_Call
ENSG00000082641:ENSG00000144668	90%	10GB	positive	FusionSeeker	false_fusion	3	1	False_Call
ENSG00000082641:ENSG00000144668	95%	100GB	positive	FusionSeeker	false_fusion	17	1	False_Call
ENSG00000082641:ENSG00000235257	85%	100GB	positive	FusionSeeker	truncated_tri_fusion	2	1	Partial_Recall
ENSG00000082641:ENSG00000235257	90%	100GB	positive	FusionSeeker	truncated_tri_fusion	4	1	Partial_Recall
ENSG00000082641:ENSG00000235257	95%	100GB	positive	FusionSeeker	truncated_tri_fusion	10	1	Partial_Recall
ENSG00000082805:ENSG00000145907	85%	100GB	positive	FusionSeeker	reverse_order:truncated_tri_fusion	28	2	Partial_Recall
ENSG00000082805:ENSG00000145907	85%	100GB	positive	LongGF	reverse_order:truncated_tri_fusion	19	2	Partial_Recall
ENSG00000082805:ENSG00000145907	85%	10GB	positive	FusionSeeker	reverse_order:truncated_tri_fusion	3	2	Partial_Recall
ENSG00000082805:ENSG00000145907	85%	10GB	positive	LongGF	reverse_order:truncated_tri_fusion	3	2	Partial_Recall
ENSG00000082805:ENSG00000145907	90%	100GB	positive	FusionSeeker	reverse_order:truncated_tri_fusion	35	3	Partial_Recall
ENSG00000082805:ENSG00000145907	90%	100GB	positive	Genion	reverse_order:truncated_tri_fusion	34	3	Partial_Recall
ENSG00000082805:ENSG00000145907	90%	100GB	positive	LongGF	reverse_order:truncated_tri_fusion	26	3	Partial_Recall
ENSG00000082805:ENSG00000145907	90%	10GB	positive	FusionSeeker	reverse_order:truncated_tri_fusion	8	4	Partial_Recall
ENSG00000082805:ENSG00000145907	90%	10GB	positive	GFSeeker	reverse_order:truncated_tri_fusion	2	4	Partial_Recall
ENSG00000082805:ENSG00000145907	90%	10GB	positive	Genion	reverse_order:truncated_tri_fusion	8	4	Partial_Recall
ENSG00000082805:ENSG00000145907	90%	10GB	positive	LongGF	reverse_order:truncated_tri_fusion	6	4	Partial_Recall
ENSG00000082805:ENSG00000145907	95%	100GB	positive	FusionSeeker	reverse_order:truncated_tri_fusion	44	3	Partial_Recall
ENSG00000082805:ENSG00000145907	95%	100GB	positive	Genion	reverse_order:truncated_tri_fusion	42	3	Partial_Recall
ENSG00000082805:ENSG00000145907	95%	100GB	positive	LongGF	reverse_order:truncated_tri_fusion	38	3	Partial_Recall
ENSG00000082805:ENSG00000145907	95%	10GB	positive	FusionSeeker	reverse_order:truncated_tri_fusion	3	3	Partial_Recall
ENSG00000082805:ENSG00000145907	95%	10GB	positive	GFSeeker	reverse_order:truncated_tri_fusion	2	3	Partial_Recall
ENSG00000082805:ENSG00000145907	95%	10GB	positive	LongGF	reverse_order:truncated_tri_fusion	2	3	Partial_Recall
ENSG00000082805:ENSG00000166747	90%	100GB	positive	FusionSeeker	truncated_tri_fusion	4	2	Partial_Recall
ENSG00000082805:ENSG00000166747	90%	100GB	positive	JAFFAL	truncated_tri_fusion	7	2	Partial_Recall
ENSG00000082805:ENSG00000166747	95%	100GB	positive	FusionSeeker	truncated_tri_fusion	17	2	Partial_Recall
ENSG00000082805:ENSG00000166747	95%	100GB	positive	JAFFAL	truncated_tri_fusion	14	2	Partial_Recall
ENSG00000082805:ENSG00000166747	95%	10GB	positive	CTAT-LR-Fusion	truncated_tri_fusion	3	3	Partial_Recall
ENSG00000082805:ENSG00000166747	95%	10GB	positive	FusionSeeker	truncated_tri_fusion	4	3	Partial_Recall
ENSG00000082805:ENSG00000166747	95%	10GB	positive	JAFFAL	truncated_tri_fusion	4	3	Partial_Recall
ENSG00000082898:ENSG00000106692	85%	100GB	positive	LongGF	reverse_order: hybrid	15	1	Partial_Recall
ENSG00000082898:ENSG00000106692	90%	100GB	positive	Genion	reverse_order: hybrid	29	2	Partial_Recall
ENSG00000082898:ENSG00000106692	90%	100GB	positive	LongGF	reverse_order: hybrid	34	2	Partial_Recall
ENSG00000082898:ENSG00000106692	90%	10GB	positive	LongGF	reverse_order: hybrid	4	1	Partial_Recall
ENSG00000082898:ENSG00000106692	95%	100GB	positive	Genion	reverse_order: hybrid	21	2	Partial_Recall
ENSG00000082898:ENSG00000106692	95%	100GB	positive	LongGF	reverse_order: hybrid	26	2	Partial_Recall
ENSG00000082898:ENSG00000106692	95%	10GB	positive	GFSeeker	reverse_order: hybrid	3	2	Partial_Recall
ENSG00000082898:ENSG00000106692	95%	10GB	positive	LongGF	reverse_order: hybrid	2	2	Partial_Recall
ENSG00000083845:ENSG00000156508	85%	100GB	negative	FusionSeeker	false_fusion	2	1	False_Call
ENSG00000083845:ENSG00000156508	95%	100GB	positive	FusionSeeker	false_fusion	2	1	False_Call
ENSG00000083845:ENSG00000163631	85%	100GB	positive	FusionSeeker	false_fusion	2	1	False_Call
ENSG00000083845:ENSG00000211459	90%	100GB	positive	FusionSeeker	false_fusion:mitochondrial_genomic	2	1	False_Call
ENSG00000084623:ENSG00000177731	85%	100GB	positive	FusionSeeker	reverse_order:truncated_tri_fusion	26	1	Partial_Recall
ENSG00000084623:ENSG00000177731	85%	10GB	positive	FusionSeeker	reverse_order:truncated_tri_fusion	4	1	Partial_Recall
ENSG00000084623:ENSG00000177731	90%	100GB	positive	FusionSeeker	reverse_order:truncated_tri_fusion	24	1	Partial_Recall
ENSG00000084623:ENSG00000177731	95%	100GB	positive	FusionSeeker	reverse_order:truncated_tri_fusion	19	1	Partial_Recall
ENSG00000084623:ENSG00000256422	85%	100GB	positive	FusionSeeker	reverse_order:truncated_tri_fusion	27	1	Partial_Recall
ENSG00000084623:ENSG00000256422	85%	10GB	positive	FusionSeeker	reverse_order:truncated_tri_fusion	3	1	Partial_Recall
ENSG00000084623:ENSG00000256422	90%	100GB	positive	FusionSeeker	reverse_order:truncated_tri_fusion	33	1	Partial_Recall
ENSG00000084623:ENSG00000256422	90%	10GB	positive	FusionSeeker	reverse_order:truncated_tri_fusion	3	1	Partial_Recall
ENSG00000084623:ENSG00000256422	95%	100GB	positive	FusionSeeker	reverse_order:truncated_tri_fusion	30	1	Partial_Recall
ENSG00000084623:ENSG00000256422	95%	10GB	positive	FusionSeeker	reverse_order:truncated_tri_fusion	2	1	Partial_Recall
ENSG00000085433:ENSG00000215472	85%	100GB	negative	FusionSeeker	false_fusion	14	1	False_Call
ENSG00000085433:ENSG00000215472	85%	100GB	positive	FusionSeeker	false_fusion	8	1	False_Call
ENSG00000085433:ENSG00000215472	85%	10GB	negative	FusionSeeker	false_fusion	5	1	False_Call
ENSG00000085433:ENSG00000215472	90%	100GB	positive	FusionSeeker	false_fusion	2	1	False_Call
ENSG00000085433:ENSG00000215472	95%	100GB	negative	FusionSeeker	false_fusion	2	1	False_Call
ENSG00000085788:ENSG00000108094	85%	100GB	positive	Genion	reverse_order: hybrid	39	2	Partial_Recall
ENSG00000085788:ENSG00000108094	85%	100GB	positive	LongGF	reverse_order: hybrid	28	2	Partial_Recall
ENSG00000085788:ENSG00000108094	85%	10GB	positive	LongGF	reverse_order: hybrid	2	1	Partial_Recall
ENSG00000085788:ENSG00000108094	90%	100GB	positive	Genion	reverse_order: hybrid	29	2	Partial_Recall
ENSG00000085788:ENSG00000108094	90%	100GB	positive	LongGF	reverse_order: hybrid	20	2	Partial_Recall
ENSG00000085788:ENSG00000108094	90%	10GB	positive	LongGF	reverse_order: hybrid	4	1	Partial_Recall
ENSG00000085788:ENSG00000108094	95%	100GB	positive	LongGF	reverse_order: hybrid	30	1	Partial_Recall
ENSG00000085788:ENSG00000108094	95%	10GB	positive	LongGF	reverse_order: hybrid	2	1	Partial_Recall
ENSG00000085871:ENSG00000196782	85%	100GB	negative	FusionSeeker	false_fusion	2	1	False_Call
ENSG00000085871:ENSG00000196782	85%	100GB	positive	FusionSeeker	false_fusion	3	1	False_Call
ENSG00000085871:ENSG00000196782	90%	100GB	negative	FusionSeeker	false_fusion	20	1	False_Call
ENSG00000085871:ENSG00000196782	90%	100GB	positive	FusionSeeker	false_fusion	17	1	False_Call
ENSG00000085871:ENSG00000196782	90%	10GB	negative	FusionSeeker	false_fusion	4	1	False_Call
ENSG00000085871:ENSG00000196782	90%	10GB	positive	FusionSeeker	false_fusion	2	1	False_Call
ENSG00000085871:ENSG00000196782	95%	100GB	negative	FusionSeeker	false_fusion	33	1	False_Call
ENSG00000085871:ENSG00000196782	95%	100GB	positive	FusionSeeker	false_fusion	34	1	False_Call
ENSG00000085871:ENSG00000196782	95%	10GB	negative	FusionSeeker	false_fusion	4	1	False_Call
ENSG00000085871:ENSG00000196782	95%	10GB	positive	FusionSeeker	false_fusion	2	1	False_Call
ENSG00000086758:ENSG00000196433	90%	100GB	positive	Genion	reverse_order: intra_chromosome	13	1	Partial_Recall
ENSG00000086758:ENSG00000196433	95%	100GB	positive	Genion	reverse_order: intra_chromosome	21	1	Partial_Recall
ENSG00000086758:ENSG00000292336	85%	100GB	positive	FusionSeeker	false_fusion	5	1	False_Call
ENSG00000086758:ENSG00000292336	90%	100GB	positive	FusionSeeker	false_fusion	17	2	False_Call
ENSG00000086758:ENSG00000292336	90%	100GB	positive	Genion	false_fusion	18	2	False_Call
ENSG00000086758:ENSG00000292336	95%	100GB	positive	FusionSeeker	false_fusion	22	2	False_Call
ENSG00000086758:ENSG00000292336	95%	100GB	positive	Genion	false_fusion	22	2	False_Call
ENSG00000086758:ENSG00000292336	95%	10GB	positive	FusionSeeker	false_fusion	2	1	False_Call
ENSG00000087086:ENSG00000044574	90%	100GB	positive	FusionSeeker	false_fusion	2	1	False_Call
ENSG00000087086:ENSG00000071082	85%	100GB	positive	FusionSeeker	false_fusion	2	1	False_Call
ENSG00000087086:ENSG00000081051	85%	100GB	negative	FusionSeeker	false_fusion	2	1	False_Call
ENSG00000087086:ENSG00000081051	85%	100GB	positive	FusionSeeker	false_fusion	6	1	False_Call
ENSG00000087086:ENSG00000081051	90%	100GB	positive	FusionSeeker	false_fusion	2	1	False_Call
ENSG00000087086:ENSG00000089157	85%	100GB	positive	LongGF	false_fusion	4	1	False_Call
ENSG00000087086:ENSG00000091513	85%	100GB	positive	FusionSeeker	false_fusion	2	1	False_Call
ENSG00000087086:ENSG00000091513	90%	100GB	positive	FusionSeeker	false_fusion	2	1	False_Call
ENSG00000087086:ENSG00000091513	95%	100GB	positive	FusionSeeker	false_fusion	2	1	False_Call
ENSG00000087086:ENSG00000100219	85%	100GB	positive	FusionSeeker	false_fusion	2	1	False_Call
ENSG00000087086:ENSG00000100316	85%	100GB	negative	FusionSeeker	false_fusion	2	1	False_Call
ENSG00000087086:ENSG00000101439	85%	100GB	positive	FusionSeeker	false_fusion	2	1	False_Call
ENSG00000087086:ENSG00000101439	90%	100GB	positive	FusionSeeker	false_fusion	2	1	False_Call
ENSG00000087086:ENSG00000102317	95%	100GB	positive	FusionSeeker	false_fusion	2	1	False_Call
ENSG00000087086:ENSG00000105193	90%	100GB	negative	JAFFAL	false_fusion	2	1	False_Call
ENSG00000087086:ENSG00000106927	85%	100GB	negative	FusionSeeker	false_fusion	2	1	False_Call
ENSG00000087086:ENSG00000106927	85%	100GB	positive	FusionSeeker	false_fusion	2	1	False_Call
ENSG00000087086:ENSG00000106927	90%	100GB	positive	FusionSeeker	false_fusion	2	1	False_Call
ENSG00000087086:ENSG00000108518	90%	100GB	negative	JAFFAL	false_fusion	2	1	False_Call
ENSG00000087086:ENSG00000114942	90%	100GB	positive	FusionSeeker	false_fusion	2	1	False_Call
ENSG00000087086:ENSG00000114942	95%	100GB	negative	JAFFAL	false_fusion	2	1	False_Call
ENSG00000087086:ENSG00000130513	95%	100GB	positive	JAFFAL	false_fusion	2	1	False_Call
ENSG00000087086:ENSG00000137818	95%	100GB	positive	JAFFAL	false_fusion	3	2	False_Call
ENSG00000087086:ENSG00000137818	95%	100GB	positive	LongGF	false_fusion	3	2	False_Call
ENSG00000087086:ENSG00000142534	85%	100GB	negative	FusionSeeker	false_fusion	2	1	False_Call
ENSG00000087086:ENSG00000142541	90%	100GB	positive	FusionSeeker	false_fusion	2	1	False_Call
ENSG00000087086:ENSG00000143878	85%	100GB	negative	FusionSeeker	false_fusion	2	2	False_Call
ENSG00000087086:ENSG00000143878	85%	100GB	negative	JAFFAL	false_fusion	2	2	False_Call
ENSG00000087086:ENSG00000144426	85%	100GB	negative	FusionSeeker	false_fusion	2	1	False_Call
ENSG00000087086:ENSG00000145192	95%	100GB	positive	LongGF	false_fusion	3	1	False_Call
ENSG00000087086:ENSG00000145192	95%	10GB	positive	LongGF	false_fusion	2	1	False_Call
ENSG00000087086:ENSG00000145425	90%	100GB	positive	FusionSeeker	false_fusion	2	1	False_Call
ENSG00000087086:ENSG00000147257	85%	100GB	negative	FusionSeeker	false_fusion	2	1	False_Call
ENSG00000087086:ENSG00000147257	90%	100GB	positive	FusionSeeker	false_fusion	2	1	False_Call
ENSG00000087086:ENSG00000147257	95%	100GB	positive	FusionSeeker	false_fusion	2	1	False_Call
ENSG00000087086:ENSG00000147403	85%	100GB	positive	FusionSeeker	false_fusion	2	1	False_Call
ENSG00000087086:ENSG00000156508	85%	100GB	negative	FusionSeeker	false_fusion	5	1	False_Call
ENSG00000087086:ENSG00000156508	85%	100GB	positive	FusionSeeker	false_fusion	2	1	False_Call
ENSG00000087086:ENSG00000156508	90%	100GB	positive	FusionSeeker	false_fusion	2	2	False_Call
ENSG00000087086:ENSG00000156508	90%	100GB	positive	JAFFAL	false_fusion	2	2	False_Call
ENSG00000087086:ENSG00000156508	95%	100GB	positive	FusionSeeker	false_fusion	8	1	False_Call
ENSG00000087086:ENSG00000161016	85%	100GB	positive	FusionSeeker	false_fusion	2	1	False_Call
ENSG00000087086:ENSG00000163631	85%	100GB	negative	FusionSeeker	false_fusion	7	1	False_Call
ENSG00000087086:ENSG00000163631	85%	100GB	positive	FusionSeeker	false_fusion	6	1	False_Call
ENSG00000087086:ENSG00000163631	90%	100GB	negative	LongGF	false_fusion	3	1	False_Call
ENSG00000087086:ENSG00000163631	90%	100GB	positive	FusionSeeker	false_fusion	6	3	False_Call
ENSG00000087086:ENSG00000163631	90%	100GB	positive	JAFFAL	false_fusion	5	3	False_Call
ENSG00000087086:ENSG00000163631	90%	100GB	positive	LongGF	false_fusion	4	3	False_Call
ENSG00000087086:ENSG00000163631	90%	10GB	negative	GFSeeker	false_fusion	3	1	False_Call
ENSG00000087086:ENSG00000163631	95%	100GB	negative	JAFFAL	false_fusion	2	1	False_Call
ENSG00000087086:ENSG00000163631	95%	100GB	positive	FusionSeeker	false_fusion	2	1	False_Call
ENSG00000087086:ENSG00000163631	95%	10GB	negative	GFSeeker	false_fusion	3	1	False_Call
ENSG00000087086:ENSG00000163631	95%	10GB	positive	GFSeeker	false_fusion	2	1	False_Call
ENSG00000087086:ENSG00000163931	85%	100GB	negative	FusionSeeker	false_fusion	2	1	False_Call
ENSG00000087086:ENSG00000167526	90%	100GB	negative	LongGF	false_fusion	3	1	False_Call
ENSG00000087086:ENSG00000168028	90%	100GB	positive	FusionSeeker	false_fusion	3	1	False_Call
ENSG00000087086:ENSG00000169908	85%	100GB	positive	FusionSeeker	false_fusion	2	1	False_Call
ENSG00000087086:ENSG00000171863	85%	100GB	positive	FusionSeeker	false_fusion	2	1	False_Call
ENSG00000087086:ENSG00000177600	90%	100GB	positive	JAFFAL	false_fusion	2	1	False_Call
ENSG00000087086:ENSG00000177733	95%	100GB	positive	FusionSeeker	false_fusion	2	1	False_Call
ENSG00000087086:ENSG00000197099	85%	100GB	negative	FusionSeeker	false_fusion	2	1	False_Call
ENSG00000087086:ENSG00000197099	85%	100GB	positive	FusionSeeker	false_fusion	3	1	False_Call
ENSG00000087086:ENSG00000197099	95%	100GB	positive	FusionSeeker	false_fusion	5	1	False_Call
ENSG00000087086:ENSG00000197099	95%	10GB	positive	FusionSeeker	false_fusion	2	1	False_Call
ENSG00000087086:ENSG00000197249	85%	100GB	negative	LongGF	false_fusion	3	1	False_Call
ENSG00000087086:ENSG00000197249	85%	100GB	positive	LongGF	false_fusion	4	1	False_Call
ENSG00000087086:ENSG00000197249	90%	100GB	negative	JAFFAL	false_fusion	3	1	False_Call
ENSG00000087086:ENSG00000197249	90%	10GB	negative	GFSeeker	false_fusion	2	1	False_Call
ENSG00000087086:ENSG00000197249	95%	100GB	negative	JAFFAL	false_fusion	2	1	False_Call
ENSG00000087086:ENSG00000197249	95%	10GB	negative	GFSeeker	false_fusion	2	1	False_Call
ENSG00000087086:ENSG00000197756	90%	100GB	positive	FusionSeeker	false_fusion	2	1	False_Call
ENSG00000087086:ENSG00000197885	90%	100GB	positive	FusionSeeker	false_fusion	2	1	False_Call
ENSG00000087086:ENSG00000198712	85%	100GB	positive	FusionSeeker	false_fusion:mitochondrial_genomic	5	1	False_Call
ENSG00000087086:ENSG00000198763	85%	100GB	negative	FusionSeeker	false_fusion:mitochondrial_genomic	2	1	False_Call
ENSG00000087086:ENSG00000198763	90%	100GB	positive	FusionSeeker	false_fusion:mitochondrial_genomic	2	1	False_Call
ENSG00000087086:ENSG00000198804	95%	100GB	negative	LongGF	false_fusion	3	1	False_Call
ENSG00000087086:ENSG00000198886	85%	100GB	negative	FusionSeeker	false_fusion:mitochondrial_genomic	3	1	False_Call
ENSG00000087086:ENSG00000198886	85%	100GB	negative	LongGF	false_fusion	3	1	False_Call
ENSG00000087086:ENSG00000198886	85%	100GB	positive	FusionSeeker	false_fusion:mitochondrial_genomic	2	1	False_Call
ENSG00000087086:ENSG00000198886	90%	100GB	positive	FusionSeeker	false_fusion:mitochondrial_genomic	2	1	False_Call
ENSG00000087086:ENSG00000198888	85%	100GB	positive	FusionSeeker	false_fusion:mitochondrial_genomic	2	1	False_Call
ENSG00000087086:ENSG00000198938	85%	100GB	negative	FusionSeeker	false_fusion:mitochondrial_genomic	4	1	False_Call
ENSG00000087086:ENSG00000198938	90%	100GB	positive	FusionSeeker	false_fusion:mitochondrial_genomic	4	1	False_Call
ENSG00000087086:ENSG00000198938	90%	100GB	positive	LongGF	false_fusion	3	1	False_Call
ENSG00000087086:ENSG00000198938	95%	100GB	negative	LongGF	false_fusion	3	1	False_Call
ENSG00000087086:ENSG00000204628	85%	100GB	positive	FusionSeeker	false_fusion	2	1	False_Call
ENSG00000087086:ENSG00000204628	95%	100GB	positive	FusionSeeker	false_fusion	2	1	False_Call
ENSG00000087086:ENSG00000210082	85%	100GB	positive	FusionSeeker	false_fusion:mitochondrial_genomic	13	1	False_Call
ENSG00000087086:ENSG00000210082	90%	100GB	positive	FusionSeeker	false_fusion:mitochondrial_genomic	11	1	False_Call
ENSG00000087086:ENSG00000210082	90%	10GB	positive	FusionSeeker	false_fusion:mitochondrial_genomic	2	1	False_Call
ENSG00000087086:ENSG00000210082	95%	100GB	positive	FusionSeeker	false_fusion:mitochondrial_genomic	2	1	False_Call
ENSG00000087086:ENSG00000211459	85%	100GB	negative	FusionSeeker	false_fusion:mitochondrial_genomic	3	1	False_Call
ENSG00000087086:ENSG00000211459	85%	100GB	positive	FusionSeeker	false_fusion:mitochondrial_genomic	6	1	False_Call
ENSG00000087086:ENSG00000211459	90%	100GB	positive	FusionSeeker	false_fusion:mitochondrial_genomic	3	1	False_Call
ENSG00000087086:ENSG00000211459	90%	10GB	positive	FusionSeeker	false_fusion:mitochondrial_genomic	2	1	False_Call
ENSG00000087086:ENSG00000211459	95%	100GB	positive	FusionSeeker	false_fusion:mitochondrial_genomic	3	1	False_Call
ENSG00000087086:ENSG00000213741	95%	100GB	negative	JAFFAL	false_fusion	2	1	False_Call
ENSG00000087086:ENSG00000221983	90%	10GB	negative	GFSeeker	false_fusion	2	1	False_Call
ENSG00000087086:ENSG00000221983	95%	10GB	negative	GFSeeker	false_fusion	2	1	False_Call
ENSG00000087086:ENSG00000231500	90%	100GB	negative	JAFFAL	false_fusion	2	1	False_Call
ENSG00000087086:ENSG00000231500	90%	100GB	positive	FusionSeeker	false_fusion	2	1	False_Call
ENSG00000087086:ENSG00000231500	95%	100GB	negative	JAFFAL	false_fusion	2	1	False_Call
ENSG00000087086:ENSG00000239672	95%	100GB	positive	JAFFAL	false_fusion	2	1	False_Call
ENSG00000087086:ENSG00000273259	85%	10GB	positive	GFSeeker	false_fusion	2	1	False_Call
ENSG00000087250:ENSG00000125148	85%	100GB	negative	Genion	false_fusion	25	1	False_Call
ENSG00000087250:ENSG00000125148	85%	100GB	positive	Genion	false_fusion	22	1	False_Call
ENSG00000087250:ENSG00000125148	85%	10GB	negative	Genion	false_fusion	2	1	False_Call
ENSG00000087250:ENSG00000125148	85%	10GB	positive	Genion	false_fusion	3	1	False_Call
ENSG00000087250:ENSG00000125148	90%	100GB	negative	Genion	false_fusion	7	1	False_Call
ENSG00000087250:ENSG00000125148	90%	100GB	positive	Genion	false_fusion	7	1	False_Call
ENSG00000087258:ENSG00000009830	85%	10GB	positive	GFSeeker	reverse_order: hybrid	6	1	Partial_Recall
ENSG00000087258:ENSG00000009830	85%	1GB	positive	GFSeeker	reverse_order: hybrid	2	1	Partial_Recall
ENSG00000087266:ENSG00000147854	95%	10GB	positive	GFSeeker	hybrid	3	1	True_Recall
ENSG00000087460:ENSG00000118137	90%	100GB	positive	JAFFAL	false_fusion	2	2	False_Call
ENSG00000087460:ENSG00000118137	90%	100GB	positive	LongGF	false_fusion	2	2	False_Call
ENSG00000088035:ENSG00000101003	85%	100GB	positive	FusionSeeker	reverse_order:truncated_tri_fusion	29	3	Partial_Recall
ENSG00000088035:ENSG00000101003	85%	100GB	positive	Genion	reverse_order:truncated_tri_fusion	29	3	Partial_Recall
ENSG00000088035:ENSG00000101003	85%	100GB	positive	LongGF	reverse_order:truncated_tri_fusion	8	3	Partial_Recall
ENSG00000088035:ENSG00000101003	85%	10GB	positive	FusionSeeker	reverse_order:truncated_tri_fusion	4	2	Partial_Recall
ENSG00000088035:ENSG00000101003	85%	10GB	positive	LongGF	reverse_order:truncated_tri_fusion	2	2	Partial_Recall
ENSG00000088035:ENSG00000101003	90%	100GB	positive	FusionSeeker	reverse_order:truncated_tri_fusion	31	3	Partial_Recall
ENSG00000088035:ENSG00000101003	90%	100GB	positive	Genion	reverse_order:truncated_tri_fusion	31	3	Partial_Recall
ENSG00000088035:ENSG00000101003	90%	100GB	positive	LongGF	reverse_order:truncated_tri_fusion	13	3	Partial_Recall
ENSG00000088035:ENSG00000101003	90%	10GB	positive	FusionSeeker	reverse_order:truncated_tri_fusion	2	1	Partial_Recall
ENSG00000088035:ENSG00000101003	95%	100GB	positive	FusionSeeker	reverse_order:truncated_tri_fusion	29	3	Partial_Recall
ENSG00000088035:ENSG00000101003	95%	100GB	positive	Genion	reverse_order:truncated_tri_fusion	28	3	Partial_Recall
ENSG00000088035:ENSG00000101003	95%	100GB	positive	LongGF	reverse_order:truncated_tri_fusion	24	3	Partial_Recall
ENSG00000088035:ENSG00000101003	95%	10GB	positive	FusionSeeker	reverse_order:truncated_tri_fusion	3	3	Partial_Recall
ENSG00000088035:ENSG00000101003	95%	10GB	positive	GFSeeker	reverse_order:truncated_tri_fusion	2	3	Partial_Recall
ENSG00000088035:ENSG00000101003	95%	10GB	positive	LongGF	reverse_order:truncated_tri_fusion	3	3	Partial_Recall
ENSG00000088298:ENSG00000170231	85%	100GB	positive	FusionSeeker	reverse_order:truncated_tri_fusion	48	1	Partial_Recall
ENSG00000088298:ENSG00000170231	90%	100GB	positive	FusionSeeker	reverse_order:truncated_tri_fusion	43	1	Partial_Recall
ENSG00000088298:ENSG00000170231	90%	10GB	positive	FusionSeeker	reverse_order:truncated_tri_fusion	2	1	Partial_Recall
ENSG00000088298:ENSG00000170231	95%	100GB	positive	FusionSeeker	reverse_order:truncated_tri_fusion	144	1	Partial_Recall
ENSG00000088298:ENSG00000170231:ENSG00000231530	95%	100GB	positive	Genion	wrong_order:tri_fusion	14	1	Partial_Recall
ENSG00000088340:ENSG00000145592	85%	100GB	negative	FusionSeeker	false_fusion	9	1	False_Call
ENSG00000088340:ENSG00000145592	85%	100GB	positive	FusionSeeker	false_fusion	3	1	False_Call
ENSG00000088340:ENSG00000145592	90%	100GB	positive	FusionSeeker	false_fusion	2	1	False_Call
ENSG00000088926:ENSG00000251165	85%	100GB	negative	FusionSeeker	false_fusion	2	1	False_Call
ENSG00000089006:ENSG00000163749	85%	100GB	negative	FusionSeeker	false_fusion	6	1	False_Call
ENSG00000089006:ENSG00000163749	85%	100GB	positive	FusionSeeker	false_fusion	3	1	False_Call
ENSG00000089006:ENSG00000163749	85%	10GB	positive	FusionSeeker	false_fusion	2	1	False_Call
ENSG00000089009:ENSG00000187472	85%	100GB	negative	FusionSeeker	false_fusion	2	1	False_Call
ENSG00000089094:ENSG00000094631	85%	100GB	positive	FusionSeeker	truncated_tri_fusion	5	1	Partial_Recall
ENSG00000089094:ENSG00000094631	85%	10GB	positive	GFSeeker	truncated_tri_fusion	2	1	Partial_Recall
ENSG00000089094:ENSG00000094631	90%	100GB	positive	CTAT-LR-Fusion	truncated_tri_fusion	17	3	Partial_Recall
ENSG00000089094:ENSG00000094631	90%	100GB	positive	FusionSeeker	truncated_tri_fusion	23	3	Partial_Recall
ENSG00000089094:ENSG00000094631	90%	100GB	positive	JAFFAL	truncated_tri_fusion	2	3	Partial_Recall
ENSG00000089094:ENSG00000094631	95%	100GB	positive	CTAT-LR-Fusion	truncated_tri_fusion	29	2	Partial_Recall
ENSG00000089094:ENSG00000094631	95%	100GB	positive	FusionSeeker	truncated_tri_fusion	33	2	Partial_Recall
ENSG00000089157:ENSG00000087086	85%	100GB	positive	FusionSeeker	false_fusion	5	2	False_Call
ENSG00000089157:ENSG00000087086	85%	100GB	positive	JAFFAL	false_fusion	2	2	False_Call
ENSG00000089157:ENSG00000137818	85%	100GB	positive	FusionSeeker	false_fusion	2	1	False_Call
ENSG00000089157:ENSG00000149273	95%	100GB	negative	LongGF	false_fusion	2	1	False_Call
ENSG00000089157:ENSG00000162244	90%	100GB	positive	FusionSeeker	false_fusion	2	2	False_Call
ENSG00000089157:ENSG00000162244	90%	100GB	positive	LongGF	false_fusion	2	2	False_Call
ENSG00000089157:ENSG00000163631	90%	100GB	negative	LongGF	false_fusion	2	1	False_Call
ENSG00000089157:ENSG00000163631	90%	100GB	positive	JAFFAL	false_fusion	2	1	False_Call
ENSG00000089157:ENSG00000163631	95%	100GB	negative	LongGF	false_fusion	2	1	False_Call
ENSG00000089157:ENSG00000163631	95%	100GB	positive	FusionSeeker	false_fusion	2	2	False_Call
ENSG00000089157:ENSG00000163631	95%	100GB	positive	LongGF	false_fusion	2	2	False_Call
ENSG00000089157:ENSG00000163993	90%	100GB	negative	FusionSeeker	false_fusion	2	1	False_Call
ENSG00000089157:ENSG00000168028	90%	100GB	positive	FusionSeeker	false_fusion	2	1	False_Call
ENSG00000089157:ENSG00000181163	90%	100GB	negative	FusionSeeker	false_fusion	2	3	False_Call
ENSG00000089157:ENSG00000181163	90%	100GB	negative	JAFFAL	false_fusion	2	3	False_Call
ENSG00000089157:ENSG00000181163	90%	100GB	negative	LongGF	false_fusion	2	3	False_Call
ENSG00000089157:ENSG00000197249	90%	100GB	positive	FusionSeeker	false_fusion	2	2	False_Call
ENSG00000089157:ENSG00000197249	90%	100GB	positive	JAFFAL	false_fusion	2	2	False_Call
ENSG00000089157:ENSG00000204628	95%	100GB	positive	FusionSeeker	false_fusion	2	3	False_Call
ENSG00000089157:ENSG00000204628	95%	100GB	positive	JAFFAL	false_fusion	2	3	False_Call
ENSG00000089157:ENSG00000204628	95%	100GB	positive	LongGF	false_fusion	2	3	False_Call
ENSG00000089157:ENSG00000210082	90%	100GB	positive	FusionSeeker	false_fusion:mitochondrial_genomic	5	1	False_Call
ENSG00000089157:ENSG00000231367	85%	100GB	negative	FusionSeeker	false_fusion	47	1	False_Call
ENSG00000089157:ENSG00000231367	85%	100GB	positive	FusionSeeker	false_fusion	41	1	False_Call
ENSG00000089157:ENSG00000231367	85%	10GB	negative	FusionSeeker	false_fusion	3	1	False_Call
ENSG00000089157:ENSG00000231367	85%	10GB	positive	FusionSeeker	false_fusion	4	1	False_Call
ENSG00000089157:ENSG00000231367	90%	100GB	negative	FusionSeeker	false_fusion	8	1	False_Call
ENSG00000089157:ENSG00000231367	90%	100GB	positive	FusionSeeker	false_fusion	10	1	False_Call
ENSG00000089157:ENSG00000231367	90%	10GB	positive	FusionSeeker	false_fusion	2	1	False_Call
ENSG00000089157:ENSG00000231500	85%	100GB	negative	FusionSeeker	false_fusion	2	1	False_Call
ENSG00000089157:ENSG00000244705	85%	100GB	negative	FusionSeeker	false_fusion	11	1	False_Call
ENSG00000089157:ENSG00000244705	85%	100GB	positive	FusionSeeker	false_fusion	5	1	False_Call
ENSG00000089157:ENSG00000244705	85%	10GB	negative	FusionSeeker	false_fusion	4	1	False_Call
ENSG00000089157:ENSG00000267669	85%	100GB	negative	FusionSeeker	false_fusion	3	1	False_Call
ENSG00000089157:ENSG00000267669	85%	100GB	positive	FusionSeeker	false_fusion	2	1	False_Call
ENSG00000089157:ENSG00000267669	90%	100GB	positive	FusionSeeker	false_fusion	2	1	False_Call
ENSG00000089248:ENSG00000137818	95%	100GB	positive	FusionSeeker	false_fusion	2	1	False_Call
ENSG00000089505:ENSG00000217555	85%	100GB	negative	Genion	false_fusion	2	1	False_Call
ENSG00000089505:ENSG00000217555	85%	100GB	positive	Genion	false_fusion	2	1	False_Call
ENSG00000090061:ENSG00000205476	85%	100GB	positive	JAFFAL	read_through	8	1	True_Recall
ENSG00000090061:ENSG00000205476	90%	100GB	positive	CTAT-LR-Fusion	read_through	27	2	True_Recall
ENSG00000090061:ENSG00000205476	90%	100GB	positive	JAFFAL	read_through	9	2	True_Recall
ENSG00000090061:ENSG00000205476	90%	10GB	positive	CTAT-LR-Fusion	read_through	6	1	True_Recall
ENSG00000090061:ENSG00000205476	95%	100GB	positive	CTAT-LR-Fusion	read_through	21	2	True_Recall
ENSG00000090061:ENSG00000205476	95%	100GB	positive	JAFFAL	read_through	2	2	True_Recall
ENSG00000090273:ENSG00000198804	90%	100GB	negative	FusionSeeker	false_fusion:mitochondrial_genomic	2	1	False_Call
ENSG00000090273:ENSG00000204311	85%	100GB	negative	FusionSeeker	false_fusion	2	1	False_Call
ENSG00000090273:ENSG00000204311	85%	10GB	negative	FusionSeeker	false_fusion	2	1	False_Call
ENSG00000090382:ENSG00000210082	85%	100GB	positive	FusionSeeker	false_fusion:mitochondrial_genomic	2	1	False_Call
ENSG00000090565:ENSG00000167207	85%	100GB	positive	FusionSeeker	intra_chromosome	19	2	True_Recall
ENSG00000090565:ENSG00000167207	85%	100GB	positive	Genion	intra_chromosome	15	2	True_Recall
ENSG00000090565:ENSG00000167207	90%	100GB	positive	CTAT-LR-Fusion	intra_chromosome	15	3	True_Recall
ENSG00000090565:ENSG00000167207	90%	100GB	positive	FusionSeeker	intra_chromosome	46	3	True_Recall
ENSG00000090565:ENSG00000167207	90%	100GB	positive	Genion	intra_chromosome	38	3	True_Recall
ENSG00000090565:ENSG00000167207	90%	10GB	positive	FusionSeeker	intra_chromosome	4	2	True_Recall
ENSG00000090565:ENSG00000167207	90%	10GB	positive	GFSeeker	intra_chromosome	4	2	True_Recall
ENSG00000090565:ENSG00000167207	95%	100GB	positive	CTAT-LR-Fusion	intra_chromosome	18	3	True_Recall
ENSG00000090565:ENSG00000167207	95%	100GB	positive	FusionSeeker	intra_chromosome	25	3	True_Recall
ENSG00000090565:ENSG00000167207	95%	100GB	positive	Genion	intra_chromosome	17	3	True_Recall
ENSG00000090565:ENSG00000167207	95%	10GB	positive	CTAT-LR-Fusion	intra_chromosome	3	2	True_Recall
ENSG00000090565:ENSG00000167207	95%	10GB	positive	FusionSeeker	intra_chromosome	3	2	True_Recall
ENSG00000090612:ENSG00000256223	90%	100GB	positive	Genion	false_fusion	2	1	False_Call
ENSG00000090861:ENSG00000223496	85%	100GB	positive	Genion	false_fusion	2	1	False_Call
ENSG00000091164:ENSG00000091157	85%	100GB	negative	FusionSeeker	false_fusion	23	1	False_Call
ENSG00000091164:ENSG00000091157	85%	100GB	positive	FusionSeeker	false_fusion	23	1	False_Call
ENSG00000091164:ENSG00000091157	85%	10GB	negative	FusionSeeker	false_fusion	2	1	False_Call
ENSG00000091164:ENSG00000091157	90%	100GB	negative	FusionSeeker	false_fusion	35	1	False_Call
ENSG00000091164:ENSG00000091157	90%	100GB	positive	FusionSeeker	false_fusion	38	1	False_Call
ENSG00000091164:ENSG00000091157	90%	10GB	negative	FusionSeeker	false_fusion	4	1	False_Call
ENSG00000091164:ENSG00000091157	90%	10GB	positive	FusionSeeker	false_fusion	3	1	False_Call
ENSG00000091164:ENSG00000091157	95%	100GB	negative	FusionSeeker	false_fusion	47	1	False_Call
ENSG00000091164:ENSG00000091157	95%	100GB	positive	FusionSeeker	false_fusion	48	1	False_Call
ENSG00000091164:ENSG00000091157	95%	10GB	negative	FusionSeeker	false_fusion	4	1	False_Call
ENSG00000091164:ENSG00000091157	95%	10GB	positive	FusionSeeker	false_fusion	4	1	False_Call
ENSG00000091513:ENSG00000008083	85%	100GB	negative	FusionSeeker	false_fusion	2	1	False_Call
ENSG00000091513:ENSG00000081051	90%	100GB	positive	FusionSeeker	false_fusion	2	1	False_Call
ENSG00000091513:ENSG00000081051	95%	100GB	negative	FusionSeeker	false_fusion	2	1	False_Call
ENSG00000091513:ENSG00000082068	90%	100GB	positive	FusionSeeker	false_fusion	2	1	False_Call
ENSG00000091513:ENSG00000087086	95%	100GB	positive	JAFFAL	false_fusion	2	1	False_Call
ENSG00000091513:ENSG00000087086	95%	10GB	positive	GFSeeker	false_fusion	2	1	False_Call
ENSG00000091513:ENSG00000089157	85%	10GB	negative	GFSeeker	false_fusion	2	1	False_Call
ENSG00000091513:ENSG00000128272	90%	100GB	positive	LongGF	false_fusion	2	1	False_Call
ENSG00000091513:ENSG00000156482	85%	100GB	positive	FusionSeeker	false_fusion	2	2	False_Call
ENSG00000091513:ENSG00000156482	85%	100GB	positive	LongGF	false_fusion	2	2	False_Call
ENSG00000091513:ENSG00000156508	85%	100GB	negative	FusionSeeker	false_fusion	2	2	False_Call
ENSG00000091513:ENSG00000156508	85%	100GB	negative	LongGF	false_fusion	2	2	False_Call
ENSG00000091513:ENSG00000156508	85%	100GB	positive	FusionSeeker	false_fusion	2	1	False_Call
ENSG00000091513:ENSG00000158623	85%	100GB	negative	FusionSeeker	false_fusion	3	1	False_Call
ENSG00000091513:ENSG00000158623	85%	100GB	positive	FusionSeeker	false_fusion	2	1	False_Call
ENSG00000091513:ENSG00000163631	85%	100GB	negative	FusionSeeker	false_fusion	2	2	False_Call
ENSG00000091513:ENSG00000163631	85%	100GB	negative	LongGF	false_fusion	2	2	False_Call
ENSG00000091513:ENSG00000163631	85%	100GB	positive	FusionSeeker	false_fusion	2	1	False_Call
ENSG00000091513:ENSG00000163631	95%	100GB	positive	FusionSeeker	false_fusion	2	1	False_Call
ENSG00000091513:ENSG00000167996	95%	100GB	negative	LongGF	false_fusion	2	1	False_Call
ENSG00000091513:ENSG00000170889	95%	100GB	negative	LongGF	false_fusion	2	1	False_Call
ENSG00000091513:ENSG00000177058	95%	100GB	negative	FusionSeeker	false_fusion	2	1	False_Call
ENSG00000091513:ENSG00000177600	90%	100GB	positive	JAFFAL	false_fusion	2	1	False_Call
ENSG00000091513:ENSG00000197099	90%	100GB	negative	FusionSeeker	false_fusion	2	1	False_Call
ENSG00000091513:ENSG00000197249	90%	10GB	positive	GFSeeker	false_fusion	3	1	False_Call
ENSG00000091513:ENSG00000197249	95%	10GB	positive	GFSeeker	false_fusion	4	1	False_Call
ENSG00000091513:ENSG00000204435	95%	100GB	positive	FusionSeeker	false_fusion	2	2	False_Call
ENSG00000091513:ENSG00000204435	95%	100GB	positive	LongGF	false_fusion	2	2	False_Call
ENSG00000091513:ENSG00000204628	90%	100GB	negative	LongGF	false_fusion	2	1	False_Call
ENSG00000091513:ENSG00000210082	85%	100GB	positive	FusionSeeker	false_fusion:mitochondrial_genomic	2	1	False_Call
ENSG00000091513:ENSG00000210082	90%	100GB	positive	FusionSeeker	false_fusion:mitochondrial_genomic	2	1	False_Call
ENSG00000091513:ENSG00000211459	85%	100GB	negative	FusionSeeker	false_fusion:mitochondrial_genomic	2	1	False_Call
ENSG00000091513:ENSG00000211459	90%	100GB	negative	FusionSeeker	false_fusion:mitochondrial_genomic	2	1	False_Call
ENSG00000091513:ENSG00000229140	85%	100GB	positive	FusionSeeker	false_fusion	2	1	False_Call
ENSG00000091513:ENSG00000229140	90%	100GB	negative	FusionSeeker	false_fusion	2	1	False_Call
ENSG00000091513:ENSG00000231500	95%	100GB	negative	FusionSeeker	false_fusion	2	1	False_Call
ENSG00000091513:ENSG00000254772	90%	100GB	negative	LongGF	false_fusion	2	1	False_Call
ENSG00000091513:ENSG00000288271	85%	100GB	negative	FusionSeeker	false_fusion	2	1	False_Call
ENSG00000091513:ENSG00000291118	85%	100GB	negative	FusionSeeker	false_fusion	3	1	False_Call
ENSG00000091583:ENSG00000163631	85%	100GB	negative	FusionSeeker	false_fusion	2	1	False_Call
ENSG00000091583:ENSG00000167526	90%	10GB	negative	GFSeeker	false_fusion	2	1	False_Call
ENSG00000091583:ENSG00000167526	95%	10GB	negative	GFSeeker	false_fusion	2	1	False_Call
ENSG00000091583:ENSG00000197756	95%	100GB	positive	FusionSeeker	false_fusion	2	2	False_Call
ENSG00000091583:ENSG00000197756	95%	100GB	positive	LongGF	false_fusion	2	2	False_Call
ENSG00000091583:ENSG00000198840	85%	100GB	positive	FusionSeeker	false_fusion:mitochondrial_genomic	2	1	False_Call
ENSG00000091651:ENSG00000166851:ENSG00000206560	90%	100GB	positive	Genion	wrong_order:tri_fusion	23	1	Partial_Recall
ENSG00000091651:ENSG00000166851:ENSG00000206560	95%	100GB	positive	Genion	wrong_order:tri_fusion	23	1	Partial_Recall
ENSG00000091651:ENSG00000169814	85%	100GB	positive	FusionSeeker	false_fusion	27	1	False_Call
ENSG00000091651:ENSG00000169814	90%	100GB	positive	FusionSeeker	false_fusion	28	1	False_Call
ENSG00000091651:ENSG00000169814	90%	10GB	positive	FusionSeeker	false_fusion	3	1	False_Call
ENSG00000091651:ENSG00000169814	95%	100GB	positive	FusionSeeker	false_fusion	29	1	False_Call
ENSG00000091651:ENSG00000169814	95%	10GB	positive	FusionSeeker	false_fusion	6	1	False_Call
ENSG00000092199:ENSG00000187699	85%	100GB	negative	FusionSeeker	false_fusion	2	1	False_Call
ENSG00000092421:ENSG00000164587	85%	100GB	positive	FusionSeeker	false_fusion	2	1	False_Call
ENSG00000092931:ENSG00000181038	85%	100GB	positive	Genion	false_fusion	2	1	False_Call
ENSG00000092931:ENSG00000181038	90%	100GB	positive	Genion	false_fusion	2	1	False_Call
ENSG00000093072:ENSG00000148308	85%	100GB	positive	FusionSeeker	reverse_order:truncated_tri_fusion	4	1	Partial_Recall
ENSG00000093072:ENSG00000148308	90%	100GB	positive	FusionSeeker	reverse_order:truncated_tri_fusion	3	1	Partial_Recall
ENSG00000093072:ENSG00000148308	95%	100GB	positive	FusionSeeker	reverse_order:truncated_tri_fusion	5	1	Partial_Recall
ENSG00000093072:ENSG00000148308	95%	10GB	positive	FusionSeeker	reverse_order:truncated_tri_fusion	2	1	Partial_Recall
ENSG00000093072:ENSG00000260840	85%	100GB	positive	Genion	reverse_order:truncated_tri_fusion	20	1	Partial_Recall
ENSG00000093072:ENSG00000260840	90%	100GB	positive	Genion	reverse_order:truncated_tri_fusion	30	1	Partial_Recall
ENSG00000093072:ENSG00000260840	95%	100GB	positive	Genion	reverse_order:truncated_tri_fusion	19	1	Partial_Recall
ENSG00000094631:ENSG00000186409	85%	100GB	positive	JAFFAL	truncated_tri_fusion	2	1	Partial_Recall
ENSG00000094631:ENSG00000186409	90%	100GB	positive	CTAT-LR-Fusion	truncated_tri_fusion	25	2	Partial_Recall
ENSG00000094631:ENSG00000186409	90%	100GB	positive	JAFFAL	truncated_tri_fusion	25	2	Partial_Recall
ENSG00000094631:ENSG00000186409	95%	100GB	positive	CTAT-LR-Fusion	truncated_tri_fusion	30	2	Partial_Recall
ENSG00000094631:ENSG00000186409	95%	100GB	positive	JAFFAL	truncated_tri_fusion	33	2	Partial_Recall
ENSG00000094631:ENSG00000186409	95%	10GB	positive	CTAT-LR-Fusion	truncated_tri_fusion	2	3	Partial_Recall
ENSG00000094631:ENSG00000186409	95%	10GB	positive	GFSeeker	truncated_tri_fusion	3	3	Partial_Recall
ENSG00000094631:ENSG00000186409	95%	10GB	positive	JAFFAL	truncated_tri_fusion	3	3	Partial_Recall
ENSG00000095066:ENSG00000172270	90%	10GB	positive	GFSeeker	intra_chromosome	2	1	True_Recall
ENSG00000095066:ENSG00000172270	95%	100GB	positive	Genion	intra_chromosome	48	1	True_Recall
ENSG00000095209:ENSG00000109971	90%	10GB	positive	GFSeeker	reverse_order: hybrid	3	1	Partial_Recall
ENSG00000095261:ENSG00000281649	85%	100GB	positive	Genion	intra_chromosome	26	2	True_Recall
ENSG00000095261:ENSG00000281649	85%	100GB	positive	JAFFAL	intra_chromosome	8	2	True_Recall
ENSG00000095261:ENSG00000281649	90%	100GB	positive	Genion	intra_chromosome	35	2	True_Recall
ENSG00000095261:ENSG00000281649	90%	100GB	positive	JAFFAL	intra_chromosome	23	2	True_Recall
ENSG00000095261:ENSG00000281649	90%	10GB	positive	JAFFAL	intra_chromosome	2	1	True_Recall
ENSG00000095261:ENSG00000281649	95%	100GB	positive	CTAT-LR-Fusion	intra_chromosome	18	3	True_Recall
ENSG00000095261:ENSG00000281649	95%	100GB	positive	Genion	intra_chromosome	38	3	True_Recall
ENSG00000095261:ENSG00000281649	95%	100GB	positive	JAFFAL	intra_chromosome	36	3	True_Recall
ENSG00000095261:ENSG00000281649	95%	10GB	positive	CTAT-LR-Fusion	intra_chromosome	3	2	True_Recall
ENSG00000095261:ENSG00000281649	95%	10GB	positive	JAFFAL	intra_chromosome	3	2	True_Recall
ENSG00000095303:ENSG00000233616	85%	100GB	positive	CTAT-LR-Fusion	read_through	11	4	True_Recall
ENSG00000095303:ENSG00000233616	85%	100GB	positive	FusionSeeker	read_through	21	4	True_Recall
ENSG00000095303:ENSG00000233616	85%	100GB	positive	Genion	read_through	21	4	True_Recall
ENSG00000095303:ENSG00000233616	85%	100GB	positive	JAFFAL	read_through	10	4	True_Recall
ENSG00000095303:ENSG00000233616	90%	100GB	positive	CTAT-LR-Fusion	read_through	13	4	True_Recall
ENSG00000095303:ENSG00000233616	90%	100GB	positive	FusionSeeker	read_through	35	4	True_Recall
ENSG00000095303:ENSG00000233616	90%	100GB	positive	Genion	read_through	35	4	True_Recall
ENSG00000095303:ENSG00000233616	90%	100GB	positive	JAFFAL	read_through	27	4	True_Recall
ENSG00000095303:ENSG00000233616	90%	10GB	positive	CTAT-LR-Fusion	read_through	4	3	True_Recall
ENSG00000095303:ENSG00000233616	90%	10GB	positive	FusionSeeker	read_through	4	3	True_Recall
ENSG00000095303:ENSG00000233616	90%	10GB	positive	JAFFAL	read_through	3	3	True_Recall
ENSG00000095303:ENSG00000233616	95%	100GB	positive	CTAT-LR-Fusion	read_through	29	4	True_Recall
ENSG00000095303:ENSG00000233616	95%	100GB	positive	FusionSeeker	read_through	55	4	True_Recall
ENSG00000095303:ENSG00000233616	95%	100GB	positive	Genion	read_through	55	4	True_Recall
ENSG00000095303:ENSG00000233616	95%	100GB	positive	JAFFAL	read_through	51	4	True_Recall
ENSG00000095303:ENSG00000233616	95%	10GB	positive	CTAT-LR-Fusion	read_through	2	3	True_Recall
ENSG00000095303:ENSG00000233616	95%	10GB	positive	FusionSeeker	read_through	4	3	True_Recall
ENSG00000095303:ENSG00000233616	95%	10GB	positive	JAFFAL	read_through	4	3	True_Recall
ENSG00000095794:ENSG00000289039	85%	100GB	positive	FusionSeeker	reverse_order: intra_chromosome	22	2	Partial_Recall
ENSG00000095794:ENSG00000289039	85%	100GB	positive	Genion	reverse_order: intra_chromosome	24	2	Partial_Recall
ENSG00000095794:ENSG00000289039	85%	10GB	positive	FusionSeeker	reverse_order: intra_chromosome	3	1	Partial_Recall
ENSG00000095794:ENSG00000289039	90%	100GB	positive	FusionSeeker	reverse_order: intra_chromosome	38	2	Partial_Recall
ENSG00000095794:ENSG00000289039	90%	100GB	positive	Genion	reverse_order: intra_chromosome	38	2	Partial_Recall
ENSG00000095794:ENSG00000289039	90%	10GB	positive	FusionSeeker	reverse_order: intra_chromosome	2	1	Partial_Recall
ENSG00000095794:ENSG00000289039	95%	100GB	positive	FusionSeeker	reverse_order: intra_chromosome	39	2	Partial_Recall
ENSG00000095794:ENSG00000289039	95%	100GB	positive	Genion	reverse_order: intra_chromosome	39	2	Partial_Recall
ENSG00000095794:ENSG00000289039	95%	10GB	positive	FusionSeeker	reverse_order: intra_chromosome	6	1	Partial_Recall
ENSG00000095906:ENSG00000180185	85%	100GB	positive	Genion	false_fusion	2	1	False_Call
ENSG00000095981:ENSG00000164627	85%	100GB	positive	FusionSeeker	read_through	18	1	True_Recall
ENSG00000095981:ENSG00000164627	85%	10GB	positive	FusionSeeker	read_through	4	1	True_Recall
ENSG00000095981:ENSG00000164627	90%	100GB	positive	FusionSeeker	read_through	48	1	True_Recall
ENSG00000095981:ENSG00000164627	90%	10GB	positive	CTAT-LR-Fusion	read_through	2	2	True_Recall
ENSG00000095981:ENSG00000164627	90%	10GB	positive	FusionSeeker	read_through	10	2	True_Recall
ENSG00000095981:ENSG00000164627	95%	100GB	positive	FusionSeeker	read_through	58	1	True_Recall
ENSG00000095981:ENSG00000164627	95%	10GB	positive	FusionSeeker	read_through	4	1	True_Recall
ENSG00000096070:ENSG00000104218	85%	100GB	positive	CTAT-LR-Fusion	truncated_tri_fusion	17	4	Partial_Recall
ENSG00000096070:ENSG00000104218	85%	100GB	positive	FusionSeeker	truncated_tri_fusion	18	4	Partial_Recall
ENSG00000096070:ENSG00000104218	85%	100GB	positive	JAFFAL	truncated_tri_fusion	17	4	Partial_Recall
ENSG00000096070:ENSG00000104218	85%	100GB	positive	LongGF	truncated_tri_fusion	16	4	Partial_Recall
ENSG00000096070:ENSG00000104218	90%	100GB	positive	CTAT-LR-Fusion	truncated_tri_fusion	38	5	Partial_Recall
ENSG00000096070:ENSG00000104218	90%	100GB	positive	FusionSeeker	truncated_tri_fusion	39	5	Partial_Recall
ENSG00000096070:ENSG00000104218	90%	100GB	positive	Genion	truncated_tri_fusion	24	5	Partial_Recall
ENSG00000096070:ENSG00000104218	90%	100GB	positive	JAFFAL	truncated_tri_fusion	41	5	Partial_Recall
ENSG00000096070:ENSG00000104218	90%	100GB	positive	LongGF	truncated_tri_fusion	34	5	Partial_Recall
ENSG00000096070:ENSG00000104218	90%	10GB	positive	CTAT-LR-Fusion	truncated_tri_fusion	3	4	Partial_Recall
ENSG00000096070:ENSG00000104218	90%	10GB	positive	FusionSeeker	truncated_tri_fusion	3	4	Partial_Recall
ENSG00000096070:ENSG00000104218	90%	10GB	positive	JAFFAL	truncated_tri_fusion	3	4	Partial_Recall
ENSG00000096070:ENSG00000104218	90%	10GB	positive	LongGF	truncated_tri_fusion	3	4	Partial_Recall
ENSG00000096070:ENSG00000104218	95%	100GB	positive	CTAT-LR-Fusion	truncated_tri_fusion	39	5	Partial_Recall
ENSG00000096070:ENSG00000104218	95%	100GB	positive	FusionSeeker	truncated_tri_fusion	39	5	Partial_Recall
ENSG00000096070:ENSG00000104218	95%	100GB	positive	Genion	truncated_tri_fusion	18	5	Partial_Recall
ENSG00000096070:ENSG00000104218	95%	100GB	positive	JAFFAL	truncated_tri_fusion	40	5	Partial_Recall
ENSG00000096070:ENSG00000104218	95%	100GB	positive	LongGF	truncated_tri_fusion	36	5	Partial_Recall
ENSG00000096070:ENSG00000104218	95%	10GB	positive	FusionSeeker	truncated_tri_fusion	2	3	Partial_Recall
ENSG00000096070:ENSG00000104218	95%	10GB	positive	JAFFAL	truncated_tri_fusion	2	3	Partial_Recall
ENSG00000096070:ENSG00000104218	95%	10GB	positive	LongGF	truncated_tri_fusion	2	3	Partial_Recall
ENSG00000096070:ENSG00000104218:ENSG00000130396	95%	100GB	positive	Genion	wrong_order:tri_fusion	22	1	Partial_Recall
ENSG00000096070:ENSG00000130396	85%	100GB	positive	FusionSeeker	reverse_order:truncated_tri_fusion	21	2	Partial_Recall
ENSG00000096070:ENSG00000130396	85%	100GB	positive	LongGF	reverse_order:truncated_tri_fusion	9	2	Partial_Recall
ENSG00000096070:ENSG00000130396	90%	100GB	positive	FusionSeeker	reverse_order:truncated_tri_fusion	28	2	Partial_Recall
ENSG00000096070:ENSG00000130396	90%	100GB	positive	LongGF	reverse_order:truncated_tri_fusion	5	2	Partial_Recall
ENSG00000096070:ENSG00000130396	90%	10GB	positive	FusionSeeker	reverse_order:truncated_tri_fusion	6	3	Partial_Recall
ENSG00000096070:ENSG00000130396	90%	10GB	positive	GFSeeker	reverse_order:truncated_tri_fusion	5	3	Partial_Recall
ENSG00000096070:ENSG00000130396	90%	10GB	positive	LongGF	reverse_order:truncated_tri_fusion	3	3	Partial_Recall
ENSG00000096070:ENSG00000130396	95%	100GB	positive	FusionSeeker	reverse_order:truncated_tri_fusion	23	2	Partial_Recall
ENSG00000096070:ENSG00000130396	95%	100GB	positive	LongGF	reverse_order:truncated_tri_fusion	2	2	Partial_Recall
ENSG00000096070:ENSG00000130396	95%	10GB	positive	FusionSeeker	reverse_order:truncated_tri_fusion	2	1	Partial_Recall
ENSG00000096746:ENSG00000197321	85%	100GB	positive	LongGF	false_fusion	21	1	False_Call
ENSG00000096746:ENSG00000197321	85%	10GB	positive	LongGF	false_fusion	2	1	False_Call
ENSG00000096746:ENSG00000197321	90%	100GB	positive	LongGF	false_fusion	27	1	False_Call
ENSG00000096746:ENSG00000197321	90%	10GB	positive	LongGF	false_fusion	4	1	False_Call
ENSG00000096746:ENSG00000197321	95%	100GB	positive	LongGF	false_fusion	29	1	False_Call
ENSG00000096746:ENSG00000197321	95%	10GB	positive	LongGF	false_fusion	6	1	False_Call
ENSG00000096746:ENSG00000291093	85%	100GB	positive	Genion	reverse_order: intra_chromosome	32	1	Partial_Recall
ENSG00000096746:ENSG00000291093	90%	100GB	positive	Genion	reverse_order: intra_chromosome	33	1	Partial_Recall
ENSG00000096746:ENSG00000291093	95%	100GB	positive	Genion	reverse_order: intra_chromosome	37	1	Partial_Recall
ENSG00000099246:ENSG00000291093	85%	100GB	negative	FusionSeeker	false_fusion	2	1	False_Call
ENSG00000099251:ENSG00000226750	95%	100GB	positive	Genion	false_fusion	5	1	False_Call
ENSG00000099251:ENSG00000234941	95%	100GB	positive	Genion	reverse_order: read_through	5	1	Partial_Recall
ENSG00000099715:ENSG00000102290	90%	100GB	negative	LongGF	false_fusion	2	1	False_Call
ENSG00000099715:ENSG00000102290	90%	100GB	positive	LongGF	false_fusion	6	1	False_Call
ENSG00000099715:ENSG00000102290	95%	100GB	negative	LongGF	false_fusion	2	1	False_Call
ENSG00000099715:ENSG00000102290	95%	100GB	positive	LongGF	false_fusion	2	1	False_Call
ENSG00000099797:ENSG00000172493	85%	100GB	negative	FusionSeeker	false_fusion	13	1	False_Call
ENSG00000099797:ENSG00000172493	85%	100GB	positive	FusionSeeker	false_fusion	7	1	False_Call
ENSG00000099797:ENSG00000172493	85%	10GB	negative	FusionSeeker	false_fusion	3	1	False_Call
ENSG00000099797:ENSG00000172493	90%	100GB	negative	FusionSeeker	false_fusion	5	1	False_Call
ENSG00000099797:ENSG00000172493	90%	100GB	positive	FusionSeeker	false_fusion	5	1	False_Call
ENSG00000099797:ENSG00000172493	95%	100GB	negative	FusionSeeker	false_fusion	3	1	False_Call
ENSG00000099810:ENSG00000240498	90%	100GB	negative	CTAT-LR-Fusion	false_fusion	19	1	False_Call
ENSG00000099810:ENSG00000240498	90%	100GB	positive	CTAT-LR-Fusion	false_fusion	22	1	False_Call
ENSG00000099810:ENSG00000240498	90%	10GB	negative	CTAT-LR-Fusion	false_fusion	2	1	False_Call
ENSG00000099810:ENSG00000240498	95%	100GB	negative	CTAT-LR-Fusion	false_fusion	39	1	False_Call
ENSG00000099810:ENSG00000240498	95%	100GB	positive	CTAT-LR-Fusion	false_fusion	35	1	False_Call
ENSG00000099810:ENSG00000240498	95%	10GB	negative	CTAT-LR-Fusion	false_fusion	2	1	False_Call
ENSG00000099810:ENSG00000240498	95%	10GB	positive	CTAT-LR-Fusion	false_fusion	4	1	False_Call
ENSG00000099810:ENSG00000264545	85%	100GB	negative	FusionSeeker	false_fusion	5	1	False_Call
ENSG00000099810:ENSG00000264545	85%	100GB	positive	FusionSeeker	false_fusion	7	1	False_Call
ENSG00000099810:ENSG00000264545	90%	100GB	negative	FusionSeeker	false_fusion	24	1	False_Call
ENSG00000099810:ENSG00000264545	90%	100GB	positive	FusionSeeker	false_fusion	27	1	False_Call
ENSG00000099810:ENSG00000264545	90%	10GB	negative	FusionSeeker	false_fusion	2	1	False_Call
ENSG00000099810:ENSG00000264545	90%	10GB	positive	FusionSeeker	false_fusion	2	1	False_Call
ENSG00000099810:ENSG00000264545	95%	100GB	negative	FusionSeeker	false_fusion	39	1	False_Call
ENSG00000099810:ENSG00000264545	95%	100GB	positive	FusionSeeker	false_fusion	37	1	False_Call
ENSG00000099810:ENSG00000264545	95%	10GB	negative	FusionSeeker	false_fusion	2	1	False_Call
ENSG00000099810:ENSG00000264545	95%	10GB	positive	FusionSeeker	false_fusion	4	1	False_Call
ENSG00000099974:ENSG00000228039	90%	100GB	positive	Genion	false_fusion	2	1	False_Call
ENSG00000100075:ENSG00000100034	85%	100GB	positive	FusionSeeker	intra_chromosome	11	1	True_Recall
ENSG00000100075:ENSG00000100034	85%	10GB	positive	GFSeeker	intra_chromosome	2	1	True_Recall
ENSG00000100075:ENSG00000100034	85%	1GB	positive	GFSeeker	intra_chromosome	2	1	True_Recall
ENSG00000100075:ENSG00000100034	90%	100GB	positive	FusionSeeker	intra_chromosome	33	1	True_Recall
ENSG00000100075:ENSG00000100034	95%	100GB	positive	FusionSeeker	intra_chromosome	54	2	True_Recall
ENSG00000100075:ENSG00000100034	95%	100GB	positive	JAFFAL	intra_chromosome	11	2	True_Recall
ENSG00000100075:ENSG00000156508	90%	100GB	negative	FusionSeeker	false_fusion	2	1	False_Call
ENSG00000100129:ENSG00000211459	85%	100GB	negative	FusionSeeker	false_fusion:mitochondrial_genomic	2	1	False_Call
ENSG00000100211:ENSG00000204659	85%	100GB	positive	FusionSeeker	false_fusion	27	1	False_Call
ENSG00000100211:ENSG00000204659	85%	10GB	positive	FusionSeeker	false_fusion	3	1	False_Call
ENSG00000100211:ENSG00000204659	90%	100GB	positive	FusionSeeker	false_fusion	41	1	False_Call
ENSG00000100211:ENSG00000204659	90%	10GB	positive	FusionSeeker	false_fusion	3	1	False_Call
ENSG00000100211:ENSG00000204659	95%	100GB	positive	FusionSeeker	false_fusion	44	1	False_Call
ENSG00000100211:ENSG00000204659	95%	10GB	positive	FusionSeeker	false_fusion	4	1	False_Call
ENSG00000100211:ENSG00000204659	95%	1GB	positive	FusionSeeker	false_fusion	2	1	False_Call
ENSG00000100307:ENSG00000172404	85%	100GB	positive	Genion	false_fusion	14	1	False_Call
ENSG00000100307:ENSG00000172404	90%	100GB	positive	Genion	false_fusion	15	1	False_Call
ENSG00000100307:ENSG00000172404	95%	100GB	positive	Genion	false_fusion	11	1	False_Call
ENSG00000100307:ENSG00000172404	95%	10GB	positive	GFSeeker	false_fusion	2	1	False_Call
ENSG00000100307:ENSG00000196236	85%	100GB	positive	FusionSeeker	false_fusion	29	1	False_Call
ENSG00000100307:ENSG00000196236	90%	100GB	positive	FusionSeeker	false_fusion	31	1	False_Call
ENSG00000100307:ENSG00000196236	95%	100GB	positive	FusionSeeker	false_fusion	23	1	False_Call
ENSG00000100307:ENSG00000196236	95%	10GB	positive	FusionSeeker	false_fusion	5	1	False_Call
ENSG00000100316:ENSG00000081051	85%	100GB	negative	FusionSeeker	false_fusion	2	1	False_Call
ENSG00000100316:ENSG00000081051	90%	100GB	positive	FusionSeeker	false_fusion	2	1	False_Call
ENSG00000100316:ENSG00000101439	90%	100GB	negative	JAFFAL	false_fusion	2	2	False_Call
ENSG00000100316:ENSG00000101439	90%	100GB	negative	LongGF	false_fusion	2	2	False_Call
ENSG00000100316:ENSG00000112306	95%	100GB	positive	FusionSeeker	false_fusion	2	2	False_Call
ENSG00000100316:ENSG00000112306	95%	100GB	positive	LongGF	false_fusion	2	2	False_Call
ENSG00000100316:ENSG00000163631	95%	100GB	negative	JAFFAL	false_fusion	2	2	False_Call
ENSG00000100316:ENSG00000163631	95%	100GB	negative	LongGF	false_fusion	2	2	False_Call
ENSG00000100316:ENSG00000181019	95%	100GB	negative	JAFFAL	false_fusion	2	2	False_Call
ENSG00000100316:ENSG00000181019	95%	100GB	negative	LongGF	false_fusion	2	2	False_Call
ENSG00000100316:ENSG00000196136	95%	100GB	negative	JAFFAL	false_fusion	2	1	False_Call
ENSG00000100316:ENSG00000211459	85%	100GB	negative	FusionSeeker	false_fusion:mitochondrial_genomic	2	1	False_Call
ENSG00000100316:ENSG00000240972	85%	100GB	positive	LongGF	false_fusion	2	1	False_Call
ENSG00000100316:ENSG00000258013	85%	100GB	negative	CTAT-LR-Fusion	false_fusion	39	1	False_Call
ENSG00000100380:ENSG00000217769	85%	100GB	positive	FusionSeeker	false_fusion	2	1	False_Call
ENSG00000100412:ENSG00000125691	85%	10GB	negative	GFSeeker	false_fusion	2	1	False_Call
ENSG00000100461:ENSG00000260830	85%	100GB	positive	Genion	reverse_order: intra_chromosome	10	1	Partial_Recall
ENSG00000100461:ENSG00000260830	90%	100GB	positive	Genion	reverse_order: intra_chromosome	15	1	Partial_Recall
ENSG00000100461:ENSG00000260830	95%	100GB	positive	Genion	reverse_order: intra_chromosome	16	1	Partial_Recall
ENSG00000100478:ENSG00000220960	90%	100GB	positive	FusionSeeker	false_fusion	2	1	False_Call
ENSG00000100632:ENSG00000106927	95%	100GB	negative	FusionSeeker	false_fusion	2	3	False_Call
ENSG00000100632:ENSG00000106927	95%	100GB	negative	JAFFAL	false_fusion	2	3	False_Call
ENSG00000100632:ENSG00000106927	95%	100GB	negative	LongGF	false_fusion	2	3	False_Call
ENSG00000100714:ENSG00000165591	90%	100GB	negative	FusionSeeker	false_fusion	2	1	False_Call
ENSG00000100744:ENSG00000239650	85%	100GB	positive	FusionSeeker	reverse_order:truncated_tri_fusion	14	1	Partial_Recall
ENSG00000100744:ENSG00000239650	90%	100GB	positive	FusionSeeker	reverse_order:truncated_tri_fusion	30	1	Partial_Recall
ENSG00000100744:ENSG00000239650	95%	100GB	positive	FusionSeeker	reverse_order:truncated_tri_fusion	33	1	Partial_Recall
ENSG00000100744:ENSG00000239650	95%	10GB	positive	FusionSeeker	reverse_order:truncated_tri_fusion	2	1	Partial_Recall
ENSG00000100744:ENSG00000290548	85%	100GB	positive	FusionSeeker	false_fusion	2	1	False_Call
ENSG00000100744:ENSG00000290548	95%	100GB	positive	FusionSeeker	false_fusion	2	1	False_Call
ENSG00000100767:ENSG00000285219	85%	100GB	positive	FusionSeeker	false_fusion	21	2	False_Call
ENSG00000100767:ENSG00000285219	85%	100GB	positive	JAFFAL	false_fusion	14	2	False_Call
ENSG00000100767:ENSG00000285219	85%	10GB	positive	FusionSeeker	false_fusion	5	2	False_Call
ENSG00000100767:ENSG00000285219	85%	10GB	positive	JAFFAL	false_fusion	4	2	False_Call
ENSG00000100767:ENSG00000285219	85%	1GB	positive	FusionSeeker	false_fusion	2	1	False_Call
ENSG00000100767:ENSG00000285219	90%	100GB	positive	FusionSeeker	false_fusion	26	2	False_Call
ENSG00000100767:ENSG00000285219	90%	100GB	positive	JAFFAL	false_fusion	16	2	False_Call
ENSG00000100767:ENSG00000285219	95%	100GB	positive	FusionSeeker	false_fusion	48	2	False_Call
ENSG00000100767:ENSG00000285219	95%	100GB	positive	JAFFAL	false_fusion	38	2	False_Call
ENSG00000100767:ENSG00000285219	95%	10GB	positive	FusionSeeker	false_fusion	7	2	False_Call
ENSG00000100767:ENSG00000285219	95%	10GB	positive	JAFFAL	false_fusion	7	2	False_Call
ENSG00000100804:ENSG00000156508	85%	100GB	positive	FusionSeeker	false_fusion	2	1	False_Call
ENSG00000100804:ENSG00000171490	85%	100GB	positive	FusionSeeker	false_fusion	2	1	False_Call
ENSG00000100811:ENSG00000148604	85%	100GB	positive	Genion	reverse_order: hybrid	31	1	Partial_Recall
ENSG00000100811:ENSG00000148604	90%	100GB	positive	Genion	reverse_order: hybrid	33	2	Partial_Recall
ENSG00000100811:ENSG00000148604	90%	100GB	positive	LongGF	reverse_order: hybrid	11	2	Partial_Recall
ENSG00000100811:ENSG00000148604	90%	10GB	positive	LongGF	reverse_order: hybrid	3	1	Partial_Recall
ENSG00000100811:ENSG00000148604	95%	100GB	positive	Genion	reverse_order: hybrid	25	2	Partial_Recall
ENSG00000100811:ENSG00000148604	95%	100GB	positive	LongGF	reverse_order: hybrid	17	2	Partial_Recall
ENSG00000100811:ENSG00000148604	95%	10GB	positive	GFSeeker	reverse_order: hybrid	2	2	Partial_Recall
ENSG00000100811:ENSG00000148604	95%	10GB	positive	LongGF	reverse_order: hybrid	2	2	Partial_Recall
ENSG00000100823:ENSG00000091513	90%	100GB	negative	FusionSeeker	false_fusion	2	1	False_Call
ENSG00000100836:ENSG00000129473	85%	100GB	positive	Genion	false_fusion	2	1	False_Call
ENSG00000100836:ENSG00000129473	90%	100GB	negative	Genion	false_fusion	4	1	False_Call
ENSG00000100888:ENSG00000221983	85%	100GB	positive	FusionSeeker	false_fusion	2	1	False_Call
ENSG00000101003:ENSG00000088035	85%	100GB	positive	CTAT-LR-Fusion	truncated_tri_fusion	11	1	Partial_Recall
ENSG00000101003:ENSG00000088035	85%	10GB	positive	CTAT-LR-Fusion	truncated_tri_fusion	3	2	Partial_Recall
ENSG00000101003:ENSG00000088035	85%	10GB	positive	GFSeeker	truncated_tri_fusion	3	2	Partial_Recall
ENSG00000101003:ENSG00000088035	90%	10GB	positive	CTAT-LR-Fusion	truncated_tri_fusion	2	1	Partial_Recall
ENSG00000101003:ENSG00000088035	95%	100GB	positive	CTAT-LR-Fusion	truncated_tri_fusion	14	1	Partial_Recall
ENSG00000101158:ENSG00000101266	85%	100GB	positive	CTAT-LR-Fusion	intra_chromosome	37	2	True_Recall
ENSG00000101158:ENSG00000101266	85%	100GB	positive	JAFFAL	intra_chromosome	30	2	True_Recall
ENSG00000101158:ENSG00000101266	85%	10GB	positive	CTAT-LR-Fusion	intra_chromosome	3	2	True_Recall
ENSG00000101158:ENSG00000101266	85%	10GB	positive	JAFFAL	intra_chromosome	2	2	True_Recall
ENSG00000101158:ENSG00000101266	90%	100GB	positive	CTAT-LR-Fusion	intra_chromosome	22	2	True_Recall
ENSG00000101158:ENSG00000101266	90%	100GB	positive	JAFFAL	intra_chromosome	17	2	True_Recall
ENSG00000101158:ENSG00000101266	95%	100GB	positive	CTAT-LR-Fusion	intra_chromosome	30	2	True_Recall
ENSG00000101158:ENSG00000101266	95%	100GB	positive	JAFFAL	intra_chromosome	27	2	True_Recall
ENSG00000101158:ENSG00000101266	95%	10GB	positive	CTAT-LR-Fusion	intra_chromosome	2	2	True_Recall
ENSG00000101158:ENSG00000101266	95%	10GB	positive	JAFFAL	intra_chromosome	2	2	True_Recall
ENSG00000101182:ENSG00000149657	85%	100GB	positive	LongGF	reverse_order: read_through	2	1	Partial_Recall
ENSG00000101182:ENSG00000149657	90%	100GB	positive	LongGF	reverse_order: read_through	14	1	Partial_Recall
ENSG00000101182:ENSG00000149657	90%	10GB	positive	LongGF	reverse_order: read_through	2	1	Partial_Recall
ENSG00000101182:ENSG00000149657	95%	100GB	positive	LongGF	reverse_order: read_through	27	1	Partial_Recall
ENSG00000101182:ENSG00000149657	95%	10GB	positive	LongGF	reverse_order: read_through	3	1	Partial_Recall
ENSG00000101251:ENSG00000172264	85%	100GB	negative	FusionSeeker	false_fusion	2	1	False_Call
ENSG00000101251:ENSG00000172264	85%	100GB	positive	FusionSeeker	false_fusion	2	1	False_Call
ENSG00000101255:ENSG00000145192	90%	100GB	positive	JAFFAL	false_fusion	2	2	False_Call
ENSG00000101255:ENSG00000145192	90%	100GB	positive	LongGF	false_fusion	2	2	False_Call
ENSG00000101255:ENSG00000197099	90%	100GB	positive	FusionSeeker	false_fusion	2	1	False_Call
ENSG00000101266:ENSG00000101158	85%	100GB	positive	FusionSeeker	reverse_order: intra_chromosome	38	1	Partial_Recall
ENSG00000101266:ENSG00000101158	85%	10GB	positive	FusionSeeker	reverse_order: intra_chromosome	2	2	Partial_Recall
ENSG00000101266:ENSG00000101158	85%	10GB	positive	GFSeeker	reverse_order: intra_chromosome	3	2	Partial_Recall
ENSG00000101266:ENSG00000101158	90%	100GB	positive	FusionSeeker	reverse_order: intra_chromosome	22	1	Partial_Recall
ENSG00000101266:ENSG00000101158	95%	100GB	positive	FusionSeeker	reverse_order: intra_chromosome	30	1	Partial_Recall
ENSG00000101266:ENSG00000101158	95%	10GB	positive	FusionSeeker	reverse_order: intra_chromosome	2	2	Partial_Recall
ENSG00000101266:ENSG00000101158	95%	10GB	positive	GFSeeker	reverse_order: intra_chromosome	2	2	Partial_Recall
ENSG00000101310:ENSG00000214612	90%	100GB	positive	Genion	false_fusion	2	1	False_Call
ENSG00000101384:ENSG00000270792	85%	100GB	negative	FusionSeeker	false_fusion:Sense-Antisense	21	1	False_Call
ENSG00000101384:ENSG00000270792	85%	100GB	positive	FusionSeeker	false_fusion:Sense-Antisense	32	1	False_Call
ENSG00000101384:ENSG00000270792	85%	10GB	negative	FusionSeeker	false_fusion:Sense-Antisense	4	1	False_Call
ENSG00000101384:ENSG00000270792	85%	10GB	positive	FusionSeeker	false_fusion:Sense-Antisense	3	1	False_Call
ENSG00000101384:ENSG00000270792	90%	100GB	negative	FusionSeeker	false_fusion:Sense-Antisense	25	1	False_Call
ENSG00000101384:ENSG00000270792	90%	100GB	positive	FusionSeeker	false_fusion:Sense-Antisense	31	1	False_Call
ENSG00000101384:ENSG00000270792	90%	10GB	negative	FusionSeeker	false_fusion:Sense-Antisense	2	1	False_Call
ENSG00000101384:ENSG00000270792	90%	10GB	positive	FusionSeeker	false_fusion:Sense-Antisense	4	1	False_Call
ENSG00000101384:ENSG00000270792	95%	100GB	negative	FusionSeeker	false_fusion:Sense-Antisense	42	1	False_Call
ENSG00000101384:ENSG00000270792	95%	100GB	positive	FusionSeeker	false_fusion:Sense-Antisense	38	1	False_Call
ENSG00000101384:ENSG00000270792	95%	10GB	negative	FusionSeeker	false_fusion:Sense-Antisense	2	1	False_Call
ENSG00000101384:ENSG00000270792	95%	10GB	positive	FusionSeeker	false_fusion:Sense-Antisense	3	1	False_Call
ENSG00000101439:ENSG00000091513	90%	10GB	positive	GFSeeker	false_fusion	2	1	False_Call
ENSG00000101439:ENSG00000100316	90%	100GB	negative	FusionSeeker	false_fusion	2	1	False_Call
ENSG00000101439:ENSG00000118137	85%	100GB	negative	LongGF	false_fusion	2	1	False_Call
ENSG00000101439:ENSG00000163631	85%	100GB	negative	FusionSeeker	false_fusion	2	1	False_Call
ENSG00000101439:ENSG00000204628	95%	100GB	negative	FusionSeeker	false_fusion	2	3	False_Call
ENSG00000101439:ENSG00000204628	95%	100GB	negative	JAFFAL	false_fusion	2	3	False_Call
ENSG00000101439:ENSG00000204628	95%	100GB	negative	LongGF	false_fusion	2	3	False_Call
ENSG00000101439:ENSG00000277975	85%	100GB	negative	Genion	false_fusion	3	1	False_Call
ENSG00000101440:ENSG00000260192	95%	100GB	negative	FusionSeeker	false_fusion	4	1	False_Call
ENSG00000101440:ENSG00000260192	95%	100GB	positive	FusionSeeker	false_fusion	3	1	False_Call
ENSG00000101464:ENSG00000083067	85%	100GB	negative	FusionSeeker	false_fusion	3	1	False_Call
ENSG00000101542:ENSG00000156482	85%	100GB	positive	FusionSeeker	false_fusion	7	1	False_Call
ENSG00000101752:ENSG00000067842	85%	100GB	positive	FusionSeeker	false_fusion	38	1	False_Call
ENSG00000101752:ENSG00000067842	85%	10GB	positive	FusionSeeker	false_fusion	6	1	False_Call
ENSG00000101752:ENSG00000067842	90%	100GB	positive	FusionSeeker	false_fusion	43	1	False_Call
ENSG00000101752:ENSG00000067842	95%	100GB	positive	FusionSeeker	false_fusion	30	1	False_Call
ENSG00000101966:ENSG00000234129	90%	100GB	positive	Genion	reverse_order: intra_chromosome	18	1	Partial_Recall
ENSG00000101966:ENSG00000234129	95%	100GB	positive	Genion	reverse_order: intra_chromosome	22	1	Partial_Recall
ENSG00000102144:ENSG00000177600	90%	100GB	negative	LongGF	false_fusion	2	1	False_Call
ENSG00000102174:ENSG00000289084	85%	100GB	negative	FusionSeeker	false_fusion:Sense-Antisense	17	1	False_Call
ENSG00000102174:ENSG00000289084	85%	100GB	positive	FusionSeeker	false_fusion:Sense-Antisense	12	1	False_Call
ENSG00000102174:ENSG00000289084	90%	100GB	negative	FusionSeeker	false_fusion:Sense-Antisense	71	1	False_Call
ENSG00000102174:ENSG00000289084	90%	100GB	positive	FusionSeeker	false_fusion:Sense-Antisense	51	1	False_Call
ENSG00000102174:ENSG00000289084	90%	10GB	negative	FusionSeeker	false_fusion:Sense-Antisense	9	1	False_Call
ENSG00000102174:ENSG00000289084	90%	10GB	positive	FusionSeeker	false_fusion:Sense-Antisense	7	1	False_Call
ENSG00000102174:ENSG00000289084	95%	100GB	negative	FusionSeeker	false_fusion:Sense-Antisense	111	1	False_Call
ENSG00000102174:ENSG00000289084	95%	100GB	positive	FusionSeeker	false_fusion:Sense-Antisense	124	1	False_Call
ENSG00000102174:ENSG00000289084	95%	10GB	negative	FusionSeeker	false_fusion:Sense-Antisense	9	1	False_Call
ENSG00000102174:ENSG00000289084	95%	10GB	positive	FusionSeeker	false_fusion:Sense-Antisense	14	1	False_Call
ENSG00000102290:ENSG00000099715	85%	100GB	negative	FusionSeeker	false_fusion	34	1	False_Call
ENSG00000102290:ENSG00000099715	85%	100GB	positive	FusionSeeker	false_fusion	31	1	False_Call
ENSG00000102290:ENSG00000099715	85%	10GB	negative	FusionSeeker	false_fusion	2	1	False_Call
ENSG00000102290:ENSG00000099715	85%	10GB	positive	FusionSeeker	false_fusion	2	1	False_Call
ENSG00000102290:ENSG00000099715	90%	100GB	negative	FusionSeeker	false_fusion	29	1	False_Call
ENSG00000102290:ENSG00000099715	90%	100GB	positive	FusionSeeker	false_fusion	32	1	False_Call
ENSG00000102290:ENSG00000099715	90%	10GB	negative	FusionSeeker	false_fusion	4	1	False_Call
ENSG00000102290:ENSG00000099715	90%	10GB	positive	FusionSeeker	false_fusion	2	1	False_Call
ENSG00000102290:ENSG00000099715	95%	100GB	negative	FusionSeeker	false_fusion	29	1	False_Call
ENSG00000102290:ENSG00000099715	95%	100GB	positive	FusionSeeker	false_fusion	30	1	False_Call
ENSG00000102290:ENSG00000099715	95%	10GB	negative	FusionSeeker	false_fusion	4	1	False_Call
ENSG00000102312:ENSG00000221910	85%	100GB	positive	CTAT-LR-Fusion	truncated_tri_fusion	22	4	Partial_Recall
ENSG00000102312:ENSG00000221910	85%	100GB	positive	Genion	truncated_tri_fusion	29	4	Partial_Recall
ENSG00000102312:ENSG00000221910	85%	100GB	positive	JAFFAL	truncated_tri_fusion	21	4	Partial_Recall
ENSG00000102312:ENSG00000221910	85%	100GB	positive	LongGF	truncated_tri_fusion	27	4	Partial_Recall
ENSG00000102312:ENSG00000221910	85%	10GB	positive	CTAT-LR-Fusion	truncated_tri_fusion	2	3	Partial_Recall
ENSG00000102312:ENSG00000221910	85%	10GB	positive	JAFFAL	truncated_tri_fusion	3	3	Partial_Recall
ENSG00000102312:ENSG00000221910	85%	10GB	positive	LongGF	truncated_tri_fusion	3	3	Partial_Recall
ENSG00000102312:ENSG00000221910	90%	100GB	positive	CTAT-LR-Fusion	truncated_tri_fusion	25	4	Partial_Recall
ENSG00000102312:ENSG00000221910	90%	100GB	positive	Genion	truncated_tri_fusion	26	4	Partial_Recall
ENSG00000102312:ENSG00000221910	90%	100GB	positive	JAFFAL	truncated_tri_fusion	28	4	Partial_Recall
ENSG00000102312:ENSG00000221910	90%	100GB	positive	LongGF	truncated_tri_fusion	26	4	Partial_Recall
ENSG00000102312:ENSG00000221910	90%	10GB	positive	CTAT-LR-Fusion	truncated_tri_fusion	2	3	Partial_Recall
ENSG00000102312:ENSG00000221910	90%	10GB	positive	JAFFAL	truncated_tri_fusion	2	3	Partial_Recall
ENSG00000102312:ENSG00000221910	90%	10GB	positive	LongGF	truncated_tri_fusion	2	3	Partial_Recall
ENSG00000102312:ENSG00000221910	95%	100GB	positive	CTAT-LR-Fusion	truncated_tri_fusion	27	4	Partial_Recall
ENSG00000102312:ENSG00000221910	95%	100GB	positive	Genion	truncated_tri_fusion	36	4	Partial_Recall
ENSG00000102312:ENSG00000221910	95%	100GB	positive	JAFFAL	truncated_tri_fusion	36	4	Partial_Recall
ENSG00000102312:ENSG00000221910	95%	100GB	positive	LongGF	truncated_tri_fusion	34	4	Partial_Recall
ENSG00000102312:ENSG00000221910	95%	10GB	positive	CTAT-LR-Fusion	truncated_tri_fusion	5	5	Partial_Recall
ENSG00000102312:ENSG00000221910	95%	10GB	positive	GFSeeker	truncated_tri_fusion	6	5	Partial_Recall
ENSG00000102312:ENSG00000221910	95%	10GB	positive	Genion	truncated_tri_fusion	7	5	Partial_Recall
ENSG00000102312:ENSG00000221910	95%	10GB	positive	JAFFAL	truncated_tri_fusion	7	5	Partial_Recall
ENSG00000102312:ENSG00000221910	95%	10GB	positive	LongGF	truncated_tri_fusion	7	5	Partial_Recall
ENSG00000102471:ENSG00000225510	85%	100GB	positive	Genion	reverse_order: intra_chromosome	18	1	Partial_Recall
ENSG00000102471:ENSG00000225510	90%	100GB	positive	Genion	reverse_order: intra_chromosome	31	1	Partial_Recall
ENSG00000102471:ENSG00000225510	95%	100GB	positive	Genion	reverse_order: intra_chromosome	25	1	Partial_Recall
ENSG00000102780:ENSG00000088298	85%	100GB	positive	FusionSeeker	false_fusion	42	1	False_Call
ENSG00000102780:ENSG00000088298	90%	100GB	positive	FusionSeeker	false_fusion	64	1	False_Call
ENSG00000102780:ENSG00000088298	90%	10GB	positive	FusionSeeker	false_fusion	2	1	False_Call
ENSG00000102780:ENSG00000088298	95%	100GB	positive	FusionSeeker	false_fusion	166	1	False_Call
ENSG00000102780:ENSG00000170231	85%	100GB	positive	FusionSeeker	false_fusion	9	1	False_Call
ENSG00000102780:ENSG00000170231	90%	100GB	positive	FusionSeeker	false_fusion	11	1	False_Call
ENSG00000102780:ENSG00000170231	95%	100GB	positive	FusionSeeker	false_fusion	28	1	False_Call
ENSG00000102805:ENSG00000236051	85%	100GB	negative	Genion	false_fusion	6	1	False_Call
ENSG00000102805:ENSG00000236051	85%	100GB	positive	Genion	false_fusion	6	1	False_Call
ENSG00000102805:ENSG00000236051	90%	100GB	negative	Genion	false_fusion	9	1	False_Call
ENSG00000102805:ENSG00000236051	90%	100GB	positive	Genion	false_fusion	6	1	False_Call
ENSG00000102805:ENSG00000236051	95%	100GB	negative	Genion	false_fusion	5	1	False_Call
ENSG00000102805:ENSG00000236051	95%	100GB	positive	Genion	false_fusion	6	1	False_Call
ENSG00000102805:ENSG00000236051	95%	10GB	positive	Genion	false_fusion	2	1	False_Call
ENSG00000102898:ENSG00000163209	95%	10GB	positive	CTAT-LR-Fusion	truncated_tri_fusion	2	1	Partial_Recall
ENSG00000102898:ENSG00000163209:ENSG00000168675	95%	100GB	positive	Genion	wrong_order:tri_fusion	23	1	Partial_Recall
ENSG00000102898:ENSG00000168675	85%	100GB	positive	LongGF	reverse_order:truncated_tri_fusion	27	1	Partial_Recall
ENSG00000102898:ENSG00000168675	90%	100GB	positive	LongGF	reverse_order:truncated_tri_fusion	31	1	Partial_Recall
ENSG00000102898:ENSG00000168675	90%	10GB	positive	LongGF	reverse_order:truncated_tri_fusion	4	1	Partial_Recall
ENSG00000102898:ENSG00000168675	95%	100GB	positive	LongGF	reverse_order:truncated_tri_fusion	42	1	Partial_Recall
ENSG00000102898:ENSG00000168675	95%	10GB	positive	GFSeeker	reverse_order:truncated_tri_fusion	6	2	Partial_Recall
ENSG00000102898:ENSG00000168675	95%	10GB	positive	LongGF	reverse_order:truncated_tri_fusion	5	2	Partial_Recall
ENSG00000102898:ENSG00000266954	85%	100GB	positive	FusionSeeker	false_fusion	29	1	False_Call
ENSG00000102898:ENSG00000266954	90%	100GB	positive	FusionSeeker	false_fusion	32	1	False_Call
ENSG00000102898:ENSG00000266954	90%	10GB	positive	FusionSeeker	false_fusion	4	1	False_Call
ENSG00000102898:ENSG00000266954	95%	100GB	positive	FusionSeeker	false_fusion	47	1	False_Call
ENSG00000102898:ENSG00000266954	95%	10GB	positive	FusionSeeker	false_fusion	7	1	False_Call
ENSG00000102900:ENSG00000091513	85%	100GB	positive	FusionSeeker	false_fusion	2	1	False_Call
ENSG00000102977:ENSG00000233445	85%	100GB	positive	Genion	truncated_tri_fusion	16	1	Partial_Recall
ENSG00000102977:ENSG00000233445	90%	100GB	positive	CTAT-LR-Fusion	truncated_tri_fusion	12	1	Partial_Recall
ENSG00000102977:ENSG00000233445	90%	10GB	positive	CTAT-LR-Fusion	truncated_tri_fusion	5	1	Partial_Recall
ENSG00000102977:ENSG00000233445	95%	100GB	positive	CTAT-LR-Fusion	truncated_tri_fusion	28	1	Partial_Recall
ENSG00000102977:ENSG00000233445	95%	10GB	positive	CTAT-LR-Fusion	truncated_tri_fusion	5	1	Partial_Recall
ENSG00000102977:ENSG00000242366	85%	100GB	positive	FusionSeeker	false_fusion	39	1	False_Call
ENSG00000102977:ENSG00000242366	85%	10GB	positive	FusionSeeker	false_fusion	2	1	False_Call
ENSG00000102977:ENSG00000242366	90%	100GB	positive	FusionSeeker	false_fusion	32	1	False_Call
ENSG00000102977:ENSG00000242366	90%	10GB	positive	FusionSeeker	false_fusion	7	1	False_Call
ENSG00000102977:ENSG00000242366	95%	100GB	positive	FusionSeeker	false_fusion	38	1	False_Call
ENSG00000102977:ENSG00000242366	95%	10GB	positive	FusionSeeker	false_fusion	6	1	False_Call
ENSG00000102977:ENSG00000244474	90%	100GB	positive	JAFFAL	false_fusion	2	1	False_Call
ENSG00000102977:ENSG00000244474	95%	100GB	positive	JAFFAL	false_fusion	9	1	False_Call
ENSG00000102977:ENSG00000244474	95%	10GB	positive	JAFFAL	false_fusion	3	1	False_Call
ENSG00000102977:ENSG00000286066	95%	100GB	positive	FusionSeeker	false_fusion	10	1	False_Call
ENSG00000102977:ENSG00000286066	95%	10GB	positive	FusionSeeker	false_fusion	2	1	False_Call
ENSG00000103043:ENSG00000080822	85%	100GB	positive	FusionSeeker	truncated_tri_fusion	42	1	Partial_Recall
ENSG00000103043:ENSG00000080822	85%	10GB	positive	FusionSeeker	truncated_tri_fusion	4	1	Partial_Recall
ENSG00000103043:ENSG00000080822	90%	100GB	positive	FusionSeeker	truncated_tri_fusion	102	1	Partial_Recall
ENSG00000103043:ENSG00000080822	90%	10GB	positive	FusionSeeker	truncated_tri_fusion	2	1	Partial_Recall
ENSG00000103043:ENSG00000080822	95%	100GB	positive	FusionSeeker	truncated_tri_fusion	144	1	Partial_Recall
ENSG00000103043:ENSG00000080822	95%	10GB	positive	FusionSeeker	truncated_tri_fusion	13	1	Partial_Recall
ENSG00000103043:ENSG00000277893	85%	100GB	positive	FusionSeeker	reverse_order:truncated_tri_fusion	27	1	Partial_Recall
ENSG00000103043:ENSG00000277893	90%	100GB	positive	FusionSeeker	reverse_order:truncated_tri_fusion	116	2	Partial_Recall
ENSG00000103043:ENSG00000277893	90%	100GB	positive	Genion	reverse_order:truncated_tri_fusion	8	2	Partial_Recall
ENSG00000103043:ENSG00000277893	95%	100GB	positive	FusionSeeker	reverse_order:truncated_tri_fusion	143	1	Partial_Recall
ENSG00000103043:ENSG00000277893	95%	10GB	positive	FusionSeeker	reverse_order:truncated_tri_fusion	7	2	Partial_Recall
ENSG00000103043:ENSG00000277893	95%	10GB	positive	GFSeeker	reverse_order:truncated_tri_fusion	4	2	Partial_Recall
ENSG00000103121:ENSG00000260896	90%	100GB	negative	Genion	false_fusion	6	1	False_Call
ENSG00000103121:ENSG00000260896	95%	100GB	negative	Genion	false_fusion	2	1	False_Call
ENSG00000103160:ENSG00000103415	85%	100GB	positive	Genion	reverse_order: intra_chromosome	34	2	Partial_Recall
ENSG00000103160:ENSG00000103415	85%	100GB	positive	LongGF	reverse_order: intra_chromosome	19	2	Partial_Recall
ENSG00000103160:ENSG00000103415	85%	10GB	positive	GFSeeker	reverse_order: intra_chromosome	7	3	Partial_Recall
ENSG00000103160:ENSG00000103415	85%	10GB	positive	Genion	reverse_order: intra_chromosome	8	3	Partial_Recall
ENSG00000103160:ENSG00000103415	85%	10GB	positive	LongGF	reverse_order: intra_chromosome	6	3	Partial_Recall
ENSG00000103160:ENSG00000103415	90%	100GB	positive	Genion	reverse_order: intra_chromosome	26	2	Partial_Recall
ENSG00000103160:ENSG00000103415	90%	100GB	positive	LongGF	reverse_order: intra_chromosome	14	2	Partial_Recall
ENSG00000103160:ENSG00000103415	95%	100GB	positive	Genion	reverse_order: intra_chromosome	23	2	Partial_Recall
ENSG00000103160:ENSG00000103415	95%	100GB	positive	LongGF	reverse_order: intra_chromosome	26	2	Partial_Recall
ENSG00000103160:ENSG00000103415	95%	10GB	positive	GFSeeker	reverse_order: intra_chromosome	5	2	Partial_Recall
ENSG00000103160:ENSG00000103415	95%	10GB	positive	LongGF	reverse_order: intra_chromosome	3	2	Partial_Recall
ENSG00000103415:ENSG00000103160	85%	100GB	positive	CTAT-LR-Fusion	intra_chromosome	28	3	True_Recall
ENSG00000103415:ENSG00000103160	85%	100GB	positive	FusionSeeker	intra_chromosome	42	3	True_Recall
ENSG00000103415:ENSG00000103160	85%	100GB	positive	JAFFAL	intra_chromosome	12	3	True_Recall
ENSG00000103415:ENSG00000103160	85%	10GB	positive	CTAT-LR-Fusion	intra_chromosome	5	2	True_Recall
ENSG00000103415:ENSG00000103160	85%	10GB	positive	FusionSeeker	intra_chromosome	8	2	True_Recall
ENSG00000103415:ENSG00000103160	90%	100GB	positive	CTAT-LR-Fusion	intra_chromosome	26	3	True_Recall
ENSG00000103415:ENSG00000103160	90%	100GB	positive	FusionSeeker	intra_chromosome	30	3	True_Recall
ENSG00000103415:ENSG00000103160	90%	100GB	positive	JAFFAL	intra_chromosome	9	3	True_Recall
ENSG00000103415:ENSG00000103160	90%	10GB	positive	CTAT-LR-Fusion	intra_chromosome	3	2	True_Recall
ENSG00000103415:ENSG00000103160	90%	10GB	positive	FusionSeeker	intra_chromosome	2	2	True_Recall
ENSG00000103415:ENSG00000103160	95%	100GB	positive	CTAT-LR-Fusion	intra_chromosome	35	3	True_Recall
ENSG00000103415:ENSG00000103160	95%	100GB	positive	FusionSeeker	intra_chromosome	37	3	True_Recall
ENSG00000103415:ENSG00000103160	95%	100GB	positive	JAFFAL	intra_chromosome	32	3	True_Recall
ENSG00000103415:ENSG00000103160	95%	10GB	positive	CTAT-LR-Fusion	intra_chromosome	4	3	True_Recall
ENSG00000103415:ENSG00000103160	95%	10GB	positive	FusionSeeker	intra_chromosome	5	3	True_Recall
ENSG00000103415:ENSG00000103160	95%	10GB	positive	JAFFAL	intra_chromosome	5	3	True_Recall
ENSG00000103528:ENSG00000110881	95%	10GB	positive	GFSeeker	false_fusion	6	1	False_Call
ENSG00000104154:ENSG00000275709	85%	100GB	positive	Genion	false_fusion	2	1	False_Call
ENSG00000104154:ENSG00000275709	90%	100GB	negative	Genion	false_fusion	2	1	False_Call
ENSG00000104154:ENSG00000275709	90%	100GB	positive	Genion	false_fusion	3	1	False_Call
ENSG00000104154:ENSG00000275709	95%	100GB	negative	Genion	false_fusion	2	1	False_Call
ENSG00000104218:ENSG00000096070	90%	10GB	positive	GFSeeker	reverse_order:truncated_tri_fusion	2	1	Partial_Recall
ENSG00000104490:ENSG00000138759	85%	100GB	positive	LongGF	reverse_order:truncated_tri_fusion	27	1	Partial_Recall
ENSG00000104490:ENSG00000138759	85%	10GB	positive	GFSeeker	reverse_order:truncated_tri_fusion	3	2	Partial_Recall
ENSG00000104490:ENSG00000138759	85%	10GB	positive	LongGF	reverse_order:truncated_tri_fusion	4	2	Partial_Recall
ENSG00000104490:ENSG00000138759	90%	100GB	positive	LongGF	reverse_order:truncated_tri_fusion	33	1	Partial_Recall
ENSG00000104490:ENSG00000138759	90%	10GB	positive	LongGF	reverse_order:truncated_tri_fusion	4	1	Partial_Recall
ENSG00000104490:ENSG00000138759	95%	100GB	positive	LongGF	reverse_order:truncated_tri_fusion	31	1	Partial_Recall
ENSG00000104490:ENSG00000138759	95%	10GB	positive	GFSeeker	reverse_order:truncated_tri_fusion	3	2	Partial_Recall
ENSG00000104490:ENSG00000138759	95%	10GB	positive	LongGF	reverse_order:truncated_tri_fusion	2	2	Partial_Recall
ENSG00000104518:ENSG00000104957	85%	100GB	positive	Genion	reverse_order: hybrid	32	2	Partial_Recall
ENSG00000104518:ENSG00000104957	85%	100GB	positive	LongGF	reverse_order: hybrid	19	2	Partial_Recall
ENSG00000104518:ENSG00000104957	85%	10GB	positive	LongGF	reverse_order: hybrid	2	1	Partial_Recall
ENSG00000104518:ENSG00000104957	90%	100GB	positive	Genion	reverse_order: hybrid	46	2	Partial_Recall
ENSG00000104518:ENSG00000104957	90%	100GB	positive	LongGF	reverse_order: hybrid	33	2	Partial_Recall
ENSG00000104518:ENSG00000104957	90%	10GB	positive	LongGF	reverse_order: hybrid	3	1	Partial_Recall
ENSG00000104518:ENSG00000104957	95%	100GB	positive	Genion	reverse_order: hybrid	32	2	Partial_Recall
ENSG00000104518:ENSG00000104957	95%	100GB	positive	LongGF	reverse_order: hybrid	29	2	Partial_Recall
ENSG00000104529:ENSG00000196205	90%	100GB	negative	FusionSeeker	false_fusion	2	1	False_Call
ENSG00000104714:ENSG00000198010	85%	100GB	negative	FusionSeeker	false_fusion	2	1	False_Call
ENSG00000104714:ENSG00000198010	85%	100GB	positive	FusionSeeker	false_fusion	3	1	False_Call
ENSG00000104714:ENSG00000198010	90%	100GB	negative	FusionSeeker	false_fusion	5	1	False_Call
ENSG00000104714:ENSG00000198010	90%	100GB	positive	FusionSeeker	false_fusion	8	1	False_Call
ENSG00000104714:ENSG00000198010	90%	10GB	positive	FusionSeeker	false_fusion	2	1	False_Call
ENSG00000104714:ENSG00000198010	95%	100GB	negative	FusionSeeker	false_fusion	3	1	False_Call
ENSG00000104714:ENSG00000198010	95%	100GB	positive	FusionSeeker	false_fusion	2	1	False_Call
ENSG00000104907:ENSG00000231093	95%	100GB	positive	FusionSeeker	false_fusion	4	1	False_Call
ENSG00000104907:ENSG00000267448:ENSG00000278916	85%	100GB	positive	Genion	wrong_order:tri_fusion	9	1	Partial_Recall
ENSG00000104907:ENSG00000267448:ENSG00000278916	90%	100GB	positive	Genion	wrong_order:tri_fusion	13	1	Partial_Recall
ENSG00000104907:ENSG00000267448:ENSG00000278916	95%	100GB	positive	Genion	wrong_order:tri_fusion	9	1	Partial_Recall
ENSG00000104907:ENSG00000278916	85%	10GB	positive	CTAT-LR-Fusion	truncated_tri_fusion	4	1	Partial_Recall
ENSG00000104907:ENSG00000278916	90%	100GB	positive	CTAT-LR-Fusion	truncated_tri_fusion	12	2	Partial_Recall
ENSG00000104907:ENSG00000278916	90%	100GB	positive	Genion	truncated_tri_fusion	7	2	Partial_Recall
ENSG00000104907:ENSG00000278916	95%	100GB	positive	CTAT-LR-Fusion	truncated_tri_fusion	22	2	Partial_Recall
ENSG00000104907:ENSG00000278916	95%	100GB	positive	Genion	truncated_tri_fusion	5	2	Partial_Recall
ENSG00000104907:ENSG00000278916	95%	10GB	positive	CTAT-LR-Fusion	truncated_tri_fusion	2	1	Partial_Recall
ENSG00000104951:ENSG00000109736	85%	100GB	positive	FusionSeeker	false_fusion	2	1	False_Call
ENSG00000104951:ENSG00000109736	90%	100GB	positive	FusionSeeker	false_fusion	20	1	False_Call
ENSG00000104951:ENSG00000109736	95%	100GB	positive	FusionSeeker	false_fusion	29	1	False_Call
ENSG00000104957:ENSG00000104518	85%	100GB	positive	CTAT-LR-Fusion	hybrid	16	2	True_Recall
ENSG00000104957:ENSG00000104518	85%	100GB	positive	FusionSeeker	hybrid	32	2	True_Recall
ENSG00000104957:ENSG00000104518	85%	10GB	positive	CTAT-LR-Fusion	hybrid	2	3	True_Recall
ENSG00000104957:ENSG00000104518	85%	10GB	positive	FusionSeeker	hybrid	5	3	True_Recall
ENSG00000104957:ENSG00000104518	85%	10GB	positive	GFSeeker	hybrid	2	3	True_Recall
ENSG00000104957:ENSG00000104518	90%	100GB	positive	CTAT-LR-Fusion	hybrid	34	2	True_Recall
ENSG00000104957:ENSG00000104518	90%	100GB	positive	FusionSeeker	hybrid	44	2	True_Recall
ENSG00000104957:ENSG00000104518	90%	10GB	positive	CTAT-LR-Fusion	hybrid	3	3	True_Recall
ENSG00000104957:ENSG00000104518	90%	10GB	positive	FusionSeeker	hybrid	3	3	True_Recall
ENSG00000104957:ENSG00000104518	90%	10GB	positive	GFSeeker	hybrid	4	3	True_Recall
ENSG00000104957:ENSG00000104518	95%	100GB	positive	CTAT-LR-Fusion	hybrid	29	2	True_Recall
ENSG00000104957:ENSG00000104518	95%	100GB	positive	FusionSeeker	hybrid	32	2	True_Recall
ENSG00000105011:ENSG00000125755	90%	100GB	positive	FusionSeeker	intra_chromosome	22	1	True_Recall
ENSG00000105011:ENSG00000125755	95%	100GB	positive	CTAT-LR-Fusion	intra_chromosome	28	2	True_Recall
ENSG00000105011:ENSG00000125755	95%	100GB	positive	FusionSeeker	intra_chromosome	78	2	True_Recall
ENSG00000105011:ENSG00000125755	95%	10GB	positive	CTAT-LR-Fusion	intra_chromosome	3	3	True_Recall
ENSG00000105011:ENSG00000125755	95%	10GB	positive	FusionSeeker	intra_chromosome	6	3	True_Recall
ENSG00000105011:ENSG00000125755	95%	10GB	positive	GFSeeker	intra_chromosome	4	3	True_Recall
ENSG00000105063:ENSG00000105711	95%	10GB	positive	GFSeeker	reverse_order: intra_chromosome	5	1	Partial_Recall
ENSG00000105176:ENSG00000163682	85%	100GB	negative	FusionSeeker	false_fusion	2	1	False_Call
ENSG00000105193:ENSG00000087086	85%	100GB	negative	FusionSeeker	false_fusion	2	1	False_Call
ENSG00000105193:ENSG00000087086	85%	100GB	positive	FusionSeeker	false_fusion	2	1	False_Call
ENSG00000105193:ENSG00000163631	85%	100GB	negative	FusionSeeker	false_fusion	2	1	False_Call
ENSG00000105193:ENSG00000163631	90%	100GB	positive	FusionSeeker	false_fusion	2	1	False_Call
ENSG00000105193:ENSG00000196136	90%	100GB	negative	LongGF	false_fusion	2	1	False_Call
ENSG00000105193:ENSG00000210082	85%	100GB	positive	FusionSeeker	false_fusion:mitochondrial_genomic	3	1	False_Call
ENSG00000105193:ENSG00000211459	90%	100GB	positive	FusionSeeker	false_fusion:mitochondrial_genomic	2	1	False_Call
ENSG00000105193:ENSG00000233927	90%	100GB	negative	LongGF	false_fusion	2	1	False_Call
ENSG00000105339:ENSG00000022567	85%	100GB	positive	CTAT-LR-Fusion	read_through	17	3	True_Recall
ENSG00000105339:ENSG00000022567	85%	100GB	positive	FusionSeeker	read_through	22	3	True_Recall
ENSG00000105339:ENSG00000022567	85%	100GB	positive	JAFFAL	read_through	16	3	True_Recall
ENSG00000105339:ENSG00000022567	90%	100GB	positive	CTAT-LR-Fusion	read_through	29	3	True_Recall
ENSG00000105339:ENSG00000022567	90%	100GB	positive	FusionSeeker	read_through	29	3	True_Recall
ENSG00000105339:ENSG00000022567	90%	100GB	positive	JAFFAL	read_through	31	3	True_Recall
ENSG00000105339:ENSG00000022567	90%	10GB	positive	CTAT-LR-Fusion	read_through	6	4	True_Recall
ENSG00000105339:ENSG00000022567	90%	10GB	positive	FusionSeeker	read_through	5	4	True_Recall
ENSG00000105339:ENSG00000022567	90%	10GB	positive	GFSeeker	read_through	6	4	True_Recall
ENSG00000105339:ENSG00000022567	90%	10GB	positive	JAFFAL	read_through	5	4	True_Recall
ENSG00000105339:ENSG00000022567	95%	100GB	positive	CTAT-LR-Fusion	read_through	30	3	True_Recall
ENSG00000105339:ENSG00000022567	95%	100GB	positive	FusionSeeker	read_through	30	3	True_Recall
ENSG00000105339:ENSG00000022567	95%	100GB	positive	JAFFAL	read_through	30	3	True_Recall
ENSG00000105372:ENSG00000081051	85%	100GB	negative	FusionSeeker	false_fusion	2	1	False_Call
ENSG00000105372:ENSG00000081051	95%	100GB	positive	FusionSeeker	false_fusion	2	2	False_Call
ENSG00000105372:ENSG00000081051	95%	100GB	positive	JAFFAL	false_fusion	2	2	False_Call
ENSG00000105372:ENSG00000087086	90%	100GB	positive	FusionSeeker	false_fusion	2	1	False_Call
ENSG00000105372:ENSG00000111640	95%	100GB	positive	LongGF	false_fusion	2	1	False_Call
ENSG00000105372:ENSG00000163631	85%	100GB	positive	FusionSeeker	false_fusion	2	1	False_Call
ENSG00000105372:ENSG00000186468	90%	100GB	positive	FusionSeeker	false_fusion	2	1	False_Call
ENSG00000105372:ENSG00000197249	90%	10GB	positive	GFSeeker	false_fusion	2	1	False_Call
ENSG00000105372:ENSG00000214078	85%	100GB	positive	FusionSeeker	truncated_tri_fusion	32	2	Partial_Recall
ENSG00000105372:ENSG00000214078	85%	100GB	positive	JAFFAL	truncated_tri_fusion	7	2	Partial_Recall
ENSG00000105372:ENSG00000214078	90%	100GB	positive	FusionSeeker	truncated_tri_fusion	39	2	Partial_Recall
ENSG00000105372:ENSG00000214078	90%	100GB	positive	JAFFAL	truncated_tri_fusion	3	2	Partial_Recall
ENSG00000105372:ENSG00000214078	90%	10GB	positive	FusionSeeker	truncated_tri_fusion	4	1	Partial_Recall
ENSG00000105372:ENSG00000214078	95%	100GB	positive	FusionSeeker	truncated_tri_fusion	35	1	Partial_Recall
ENSG00000105372:ENSG00000214078:ENSG00000283103	85%	100GB	positive	JAFFAL	tri_fusion	10	1	True_Recall
ENSG00000105372:ENSG00000214078:ENSG00000283103	90%	100GB	positive	JAFFAL	tri_fusion	14	1	True_Recall
ENSG00000105372:ENSG00000214612	85%	100GB	negative	FusionSeeker	false_fusion	25	1	False_Call
ENSG00000105372:ENSG00000214612	85%	100GB	positive	FusionSeeker	false_fusion	31	1	False_Call
ENSG00000105372:ENSG00000214612	85%	10GB	negative	FusionSeeker	false_fusion	2	1	False_Call
ENSG00000105372:ENSG00000214612	85%	10GB	positive	FusionSeeker	false_fusion	3	1	False_Call
ENSG00000105372:ENSG00000214612	90%	100GB	negative	FusionSeeker	false_fusion	4	1	False_Call
ENSG00000105372:ENSG00000214612	90%	100GB	positive	FusionSeeker	false_fusion	4	1	False_Call
ENSG00000105372:ENSG00000240052	85%	100GB	negative	FusionSeeker	false_fusion	5	1	False_Call
ENSG00000105372:ENSG00000240052	85%	100GB	positive	FusionSeeker	false_fusion	7	1	False_Call
ENSG00000105372:ENSG00000240052	90%	100GB	negative	FusionSeeker	false_fusion	2	1	False_Call
ENSG00000105372:ENSG00000283515	85%	100GB	positive	FusionSeeker	false_fusion	13	1	False_Call
ENSG00000105372:ENSG00000283515	90%	100GB	positive	FusionSeeker	false_fusion	14	1	False_Call
ENSG00000105372:ENSG00000283515	90%	10GB	positive	FusionSeeker	false_fusion	2	1	False_Call
ENSG00000105372:ENSG00000283515	95%	100GB	positive	FusionSeeker	false_fusion	14	1	False_Call
ENSG00000105613:ENSG00000164011	85%	100GB	positive	Genion	hybrid	37	3	True_Recall
ENSG00000105613:ENSG00000164011	85%	100GB	positive	JAFFAL	hybrid	8	3	True_Recall
ENSG00000105613:ENSG00000164011	85%	100GB	positive	LongGF	hybrid	18	3	True_Recall
ENSG00000105613:ENSG00000164011	85%	10GB	positive	GFSeeker	hybrid	3	2	True_Recall
ENSG00000105613:ENSG00000164011	85%	10GB	positive	LongGF	hybrid	2	2	True_Recall
ENSG00000105613:ENSG00000164011	90%	100GB	positive	CTAT-LR-Fusion	hybrid	27	4	True_Recall
ENSG00000105613:ENSG00000164011	90%	100GB	positive	Genion	hybrid	40	4	True_Recall
ENSG00000105613:ENSG00000164011	90%	100GB	positive	JAFFAL	hybrid	17	4	True_Recall
ENSG00000105613:ENSG00000164011	90%	100GB	positive	LongGF	hybrid	21	4	True_Recall
ENSG00000105613:ENSG00000164011	90%	10GB	positive	CTAT-LR-Fusion	hybrid	2	3	True_Recall
ENSG00000105613:ENSG00000164011	90%	10GB	positive	GFSeeker	hybrid	3	3	True_Recall
ENSG00000105613:ENSG00000164011	90%	10GB	positive	LongGF	hybrid	2	3	True_Recall
ENSG00000105613:ENSG00000164011	95%	100GB	positive	CTAT-LR-Fusion	hybrid	19	4	True_Recall
ENSG00000105613:ENSG00000164011	95%	100GB	positive	Genion	hybrid	33	4	True_Recall
ENSG00000105613:ENSG00000164011	95%	100GB	positive	JAFFAL	hybrid	23	4	True_Recall
ENSG00000105613:ENSG00000164011	95%	100GB	positive	LongGF	hybrid	19	4	True_Recall
ENSG00000105613:ENSG00000164011	95%	10GB	positive	CTAT-LR-Fusion	hybrid	2	4	True_Recall
ENSG00000105613:ENSG00000164011	95%	10GB	positive	GFSeeker	hybrid	4	4	True_Recall
ENSG00000105613:ENSG00000164011	95%	10GB	positive	JAFFAL	hybrid	2	4	True_Recall
ENSG00000105613:ENSG00000164011	95%	10GB	positive	LongGF	hybrid	2	4	True_Recall
ENSG00000105640:ENSG00000087086	85%	100GB	negative	FusionSeeker	false_fusion	3	2	False_Call
ENSG00000105640:ENSG00000087086	85%	100GB	negative	JAFFAL	false_fusion	2	2	False_Call
ENSG00000105640:ENSG00000198888	95%	100GB	positive	FusionSeeker	false_fusion:mitochondrial_genomic	2	1	False_Call
ENSG00000105640:ENSG00000210082	90%	100GB	positive	FusionSeeker	false_fusion:mitochondrial_genomic	2	1	False_Call
ENSG00000105640:ENSG00000211459	95%	100GB	positive	FusionSeeker	false_fusion:mitochondrial_genomic	2	1	False_Call
ENSG00000105711:ENSG00000105063	95%	100GB	positive	FusionSeeker	intra_chromosome	2	2	True_Recall
ENSG00000105711:ENSG00000105063	95%	100GB	positive	JAFFAL	intra_chromosome	4	2	True_Recall
ENSG00000105711:ENSG00000276570	95%	100GB	positive	FusionSeeker	false_fusion	3	1	False_Call
ENSG00000105819:ENSG00000143633	85%	100GB	positive	LongGF	truncated_tri_fusion	4	1	Partial_Recall
ENSG00000105819:ENSG00000143633	90%	100GB	positive	LongGF	truncated_tri_fusion	3	1	Partial_Recall
ENSG00000105819:ENSG00000214097	85%	100GB	positive	JAFFAL	truncated_tri_fusion	19	2	Partial_Recall
ENSG00000105819:ENSG00000214097	85%	100GB	positive	LongGF	truncated_tri_fusion	10	2	Partial_Recall
ENSG00000105819:ENSG00000214097	85%	10GB	positive	JAFFAL	truncated_tri_fusion	2	1	Partial_Recall
ENSG00000105819:ENSG00000214097	90%	100GB	positive	JAFFAL	truncated_tri_fusion	21	2	Partial_Recall
ENSG00000105819:ENSG00000214097	90%	100GB	positive	LongGF	truncated_tri_fusion	8	2	Partial_Recall
ENSG00000105819:ENSG00000214097	90%	10GB	positive	CTAT-LR-Fusion	truncated_tri_fusion	2	3	Partial_Recall
ENSG00000105819:ENSG00000214097	90%	10GB	positive	JAFFAL	truncated_tri_fusion	4	3	Partial_Recall
ENSG00000105819:ENSG00000214097	90%	10GB	positive	LongGF	truncated_tri_fusion	2	3	Partial_Recall
ENSG00000105819:ENSG00000214097	95%	100GB	positive	CTAT-LR-Fusion	truncated_tri_fusion	11	3	Partial_Recall
ENSG00000105819:ENSG00000214097	95%	100GB	positive	JAFFAL	truncated_tri_fusion	18	3	Partial_Recall
ENSG00000105819:ENSG00000214097	95%	100GB	positive	LongGF	truncated_tri_fusion	11	3	Partial_Recall
ENSG00000105856:ENSG00000180304	85%	100GB	positive	Genion	reverse_order: hybrid	18	1	Partial_Recall
ENSG00000105856:ENSG00000180304	90%	100GB	positive	Genion	reverse_order: hybrid	19	1	Partial_Recall
ENSG00000105856:ENSG00000180304	95%	100GB	positive	Genion	reverse_order: hybrid	29	1	Partial_Recall
ENSG00000105856:ENSG00000180304	95%	10GB	positive	GFSeeker	reverse_order: hybrid	3	1	Partial_Recall
ENSG00000105889:ENSG00000075303	85%	100GB	positive	FusionSeeker	intra_chromosome	37	1	True_Recall
ENSG00000105889:ENSG00000075303	85%	10GB	positive	FusionSeeker	intra_chromosome	4	1	True_Recall
ENSG00000105889:ENSG00000075303	90%	100GB	positive	FusionSeeker	intra_chromosome	44	1	True_Recall
ENSG00000105889:ENSG00000075303	90%	10GB	positive	GFSeeker	intra_chromosome	3	1	True_Recall
ENSG00000105889:ENSG00000075303	95%	100GB	positive	FusionSeeker	intra_chromosome	66	1	True_Recall
ENSG00000105889:ENSG00000075303	95%	10GB	positive	GFSeeker	intra_chromosome	2	1	True_Recall
ENSG00000105968:ENSG00000146676	85%	100GB	negative	Genion	false_fusion	2	1	False_Call
ENSG00000105989:ENSG00000001626	85%	100GB	negative	FusionSeeker	false_fusion	4	1	False_Call
ENSG00000105989:ENSG00000001626	85%	100GB	positive	FusionSeeker	false_fusion	4	1	False_Call
ENSG00000105989:ENSG00000001626	85%	10GB	negative	FusionSeeker	false_fusion	2	1	False_Call
ENSG00000105989:ENSG00000001626	85%	10GB	positive	FusionSeeker	false_fusion	2	1	False_Call
ENSG00000105989:ENSG00000001626	90%	100GB	negative	FusionSeeker	false_fusion	2	1	False_Call
ENSG00000105989:ENSG00000001626	90%	100GB	positive	FusionSeeker	false_fusion	2	1	False_Call
ENSG00000106066:ENSG00000106069	85%	100GB	negative	FusionSeeker	false_fusion	84	1	False_Call
ENSG00000106066:ENSG00000106069	85%	100GB	positive	FusionSeeker	false_fusion	92	1	False_Call
ENSG00000106066:ENSG00000106069	85%	10GB	negative	FusionSeeker	false_fusion	2	1	False_Call
ENSG00000106066:ENSG00000106069	85%	10GB	positive	FusionSeeker	false_fusion	2	1	False_Call
ENSG00000106066:ENSG00000106069	90%	100GB	negative	FusionSeeker	false_fusion	116	1	False_Call
ENSG00000106066:ENSG00000106069	90%	100GB	positive	FusionSeeker	false_fusion	112	1	False_Call
ENSG00000106066:ENSG00000106069	90%	10GB	negative	FusionSeeker	false_fusion	18	1	False_Call
ENSG00000106066:ENSG00000106069	90%	10GB	positive	FusionSeeker	false_fusion	7	1	False_Call
ENSG00000106066:ENSG00000106069	95%	100GB	negative	FusionSeeker	false_fusion	125	1	False_Call
ENSG00000106066:ENSG00000106069	95%	100GB	positive	FusionSeeker	false_fusion	141	1	False_Call
ENSG00000106066:ENSG00000106069	95%	10GB	negative	FusionSeeker	false_fusion	18	1	False_Call
ENSG00000106066:ENSG00000106069	95%	10GB	positive	FusionSeeker	false_fusion	15	1	False_Call
ENSG00000106069:ENSG00000285412	85%	100GB	negative	Genion	false_fusion	18	1	False_Call
ENSG00000106069:ENSG00000285412	85%	100GB	positive	Genion	false_fusion	13	1	False_Call
ENSG00000106069:ENSG00000285412	90%	100GB	negative	Genion	false_fusion	18	1	False_Call
ENSG00000106069:ENSG00000285412	90%	100GB	positive	Genion	false_fusion	18	1	False_Call
ENSG00000106069:ENSG00000285412	95%	100GB	negative	Genion	false_fusion	12	1	False_Call
ENSG00000106069:ENSG00000285412	95%	100GB	positive	Genion	false_fusion	18	1	False_Call
ENSG00000106399:ENSG00000219545	85%	100GB	negative	FusionSeeker	false_fusion	13	1	False_Call
ENSG00000106399:ENSG00000219545	85%	100GB	positive	FusionSeeker	false_fusion	10	1	False_Call
ENSG00000106399:ENSG00000219545	85%	10GB	negative	FusionSeeker	false_fusion	2	1	False_Call
ENSG00000106399:ENSG00000219545	90%	100GB	negative	FusionSeeker	false_fusion	13	1	False_Call
ENSG00000106399:ENSG00000219545	90%	100GB	positive	FusionSeeker	false_fusion	4	1	False_Call
ENSG00000106399:ENSG00000283549	85%	100GB	negative	FusionSeeker	false_fusion:Sense-Antisense	3	1	False_Call
ENSG00000106399:ENSG00000283549	85%	100GB	positive	FusionSeeker	false_fusion:Sense-Antisense	3	1	False_Call
ENSG00000106399:ENSG00000283549	90%	100GB	negative	FusionSeeker	false_fusion:Sense-Antisense	2	1	False_Call
ENSG00000106399:ENSG00000283549	90%	100GB	positive	FusionSeeker	false_fusion:Sense-Antisense	2	1	False_Call
ENSG00000106399:ENSG00000283549	95%	100GB	negative	FusionSeeker	false_fusion:Sense-Antisense	3	1	False_Call
ENSG00000106617:ENSG00000155511	90%	10GB	positive	GFSeeker	hybrid	3	1	True_Recall
ENSG00000106628:ENSG00000136297	85%	100GB	positive	Genion	intra_chromosome	29	1	True_Recall
ENSG00000106628:ENSG00000136297	90%	100GB	positive	CTAT-LR-Fusion	intra_chromosome	14	2	True_Recall
ENSG00000106628:ENSG00000136297	90%	100GB	positive	Genion	intra_chromosome	27	2	True_Recall
ENSG00000106628:ENSG00000136297	90%	10GB	positive	CTAT-LR-Fusion	intra_chromosome	2	1	True_Recall
ENSG00000106628:ENSG00000136297	95%	100GB	positive	Genion	intra_chromosome	16	1	True_Recall
ENSG00000106692:ENSG00000082898	85%	100GB	positive	JAFFAL	hybrid	15	1	True_Recall
ENSG00000106692:ENSG00000082898	90%	100GB	positive	CTAT-LR-Fusion	hybrid	16	2	True_Recall
ENSG00000106692:ENSG00000082898	90%	100GB	positive	JAFFAL	hybrid	37	2	True_Recall
ENSG00000106692:ENSG00000082898	90%	10GB	positive	CTAT-LR-Fusion	hybrid	3	3	True_Recall
ENSG00000106692:ENSG00000082898	90%	10GB	positive	GFSeeker	hybrid	5	3	True_Recall
ENSG00000106692:ENSG00000082898	90%	10GB	positive	JAFFAL	hybrid	5	3	True_Recall
ENSG00000106692:ENSG00000082898	95%	100GB	positive	CTAT-LR-Fusion	hybrid	24	2	True_Recall
ENSG00000106692:ENSG00000082898	95%	100GB	positive	JAFFAL	hybrid	29	2	True_Recall
ENSG00000106692:ENSG00000082898	95%	10GB	positive	CTAT-LR-Fusion	hybrid	3	2	True_Recall
ENSG00000106692:ENSG00000082898	95%	10GB	positive	JAFFAL	hybrid	3	2	True_Recall
ENSG00000106819:ENSG00000124787	85%	100GB	positive	CTAT-LR-Fusion	truncated_tri_fusion	11	3	Partial_Recall
ENSG00000106819:ENSG00000124787	85%	100GB	positive	JAFFAL	truncated_tri_fusion	22	3	Partial_Recall
ENSG00000106819:ENSG00000124787	85%	100GB	positive	LongGF	truncated_tri_fusion	23	3	Partial_Recall
ENSG00000106819:ENSG00000124787	85%	10GB	positive	CTAT-LR-Fusion	truncated_tri_fusion	2	3	Partial_Recall
ENSG00000106819:ENSG00000124787	85%	10GB	positive	JAFFAL	truncated_tri_fusion	3	3	Partial_Recall
ENSG00000106819:ENSG00000124787	85%	10GB	positive	LongGF	truncated_tri_fusion	3	3	Partial_Recall
ENSG00000106819:ENSG00000124787	90%	100GB	positive	CTAT-LR-Fusion	truncated_tri_fusion	18	3	Partial_Recall
ENSG00000106819:ENSG00000124787	90%	100GB	positive	JAFFAL	truncated_tri_fusion	41	3	Partial_Recall
ENSG00000106819:ENSG00000124787	90%	100GB	positive	LongGF	truncated_tri_fusion	39	3	Partial_Recall
ENSG00000106819:ENSG00000124787	90%	10GB	positive	CTAT-LR-Fusion	truncated_tri_fusion	3	3	Partial_Recall
ENSG00000106819:ENSG00000124787	90%	10GB	positive	JAFFAL	truncated_tri_fusion	4	3	Partial_Recall
ENSG00000106819:ENSG00000124787	90%	10GB	positive	LongGF	truncated_tri_fusion	4	3	Partial_Recall
ENSG00000106819:ENSG00000124787	95%	100GB	positive	CTAT-LR-Fusion	truncated_tri_fusion	23	3	Partial_Recall
ENSG00000106819:ENSG00000124787	95%	100GB	positive	JAFFAL	truncated_tri_fusion	31	3	Partial_Recall
ENSG00000106819:ENSG00000124787	95%	100GB	positive	LongGF	truncated_tri_fusion	29	3	Partial_Recall
ENSG00000106819:ENSG00000124787	95%	10GB	positive	CTAT-LR-Fusion	truncated_tri_fusion	2	4	Partial_Recall
ENSG00000106819:ENSG00000124787	95%	10GB	positive	GFSeeker	truncated_tri_fusion	4	4	Partial_Recall
ENSG00000106819:ENSG00000124787	95%	10GB	positive	JAFFAL	truncated_tri_fusion	5	4	Partial_Recall
ENSG00000106819:ENSG00000124787	95%	10GB	positive	LongGF	truncated_tri_fusion	5	4	Partial_Recall
ENSG00000106819:ENSG00000124787:ENSG00000231898	90%	100GB	positive	Genion	wrong_order:tri_fusion	21	1	Partial_Recall
ENSG00000106819:ENSG00000124787:ENSG00000231898	95%	100GB	positive	Genion	wrong_order:tri_fusion	18	1	Partial_Recall
ENSG00000106819:ENSG00000231898	90%	100GB	positive	Genion	reverse_order:truncated_tri_fusion	14	1	Partial_Recall
ENSG00000106819:ENSG00000231898	95%	100GB	positive	Genion	reverse_order:truncated_tri_fusion	12	1	Partial_Recall
ENSG00000106829:ENSG00000173077	85%	100GB	positive	FusionSeeker	false_fusion	35	1	False_Call
ENSG00000106829:ENSG00000173077	85%	10GB	positive	FusionSeeker	false_fusion	5	1	False_Call
ENSG00000106829:ENSG00000173077	90%	100GB	positive	FusionSeeker	false_fusion	41	1	False_Call
ENSG00000106829:ENSG00000173077	90%	10GB	positive	FusionSeeker	false_fusion	4	1	False_Call
ENSG00000106829:ENSG00000173077	95%	100GB	positive	FusionSeeker	false_fusion	47	1	False_Call
ENSG00000106829:ENSG00000173077	95%	10GB	positive	FusionSeeker	false_fusion	10	1	False_Call
ENSG00000106829:ENSG00000228714	85%	100GB	positive	CTAT-LR-Fusion	intra_chromosome	28	3	True_Recall
ENSG00000106829:ENSG00000228714	85%	100GB	positive	Genion	intra_chromosome	22	3	True_Recall
ENSG00000106829:ENSG00000228714	85%	100GB	positive	JAFFAL	intra_chromosome	21	3	True_Recall
ENSG00000106829:ENSG00000228714	85%	10GB	positive	CTAT-LR-Fusion	intra_chromosome	4	2	True_Recall
ENSG00000106829:ENSG00000228714	85%	10GB	positive	JAFFAL	intra_chromosome	4	2	True_Recall
ENSG00000106829:ENSG00000228714	90%	100GB	positive	CTAT-LR-Fusion	intra_chromosome	40	3	True_Recall
ENSG00000106829:ENSG00000228714	90%	100GB	positive	Genion	intra_chromosome	23	3	True_Recall
ENSG00000106829:ENSG00000228714	90%	100GB	positive	JAFFAL	intra_chromosome	34	3	True_Recall
ENSG00000106829:ENSG00000228714	90%	10GB	positive	CTAT-LR-Fusion	intra_chromosome	4	2	True_Recall
ENSG00000106829:ENSG00000228714	90%	10GB	positive	JAFFAL	intra_chromosome	2	2	True_Recall
ENSG00000106829:ENSG00000228714	95%	100GB	positive	CTAT-LR-Fusion	intra_chromosome	44	3	True_Recall
ENSG00000106829:ENSG00000228714	95%	100GB	positive	Genion	intra_chromosome	21	3	True_Recall
ENSG00000106829:ENSG00000228714	95%	100GB	positive	JAFFAL	intra_chromosome	46	3	True_Recall
ENSG00000106829:ENSG00000228714	95%	10GB	positive	CTAT-LR-Fusion	intra_chromosome	9	2	True_Recall
ENSG00000106829:ENSG00000228714	95%	10GB	positive	JAFFAL	intra_chromosome	10	2	True_Recall
ENSG00000106927:ENSG00000087086	90%	100GB	positive	JAFFAL	false_fusion	2	1	False_Call
ENSG00000106927:ENSG00000142534	90%	100GB	negative	LongGF	false_fusion	2	1	False_Call
ENSG00000106927:ENSG00000210082	85%	100GB	positive	FusionSeeker	false_fusion:mitochondrial_genomic	6	1	False_Call
ENSG00000107438:ENSG00000198712	85%	100GB	negative	FusionSeeker	false_fusion:mitochondrial_genomic	2	1	False_Call
ENSG00000107872:ENSG00000107874	85%	100GB	positive	CTAT-LR-Fusion	read_through	16	3	True_Recall
ENSG00000107872:ENSG00000107874	85%	100GB	positive	Genion	read_through	29	3	True_Recall
ENSG00000107872:ENSG00000107874	85%	100GB	positive	LongGF	read_through	23	3	True_Recall
ENSG00000107872:ENSG00000107874	85%	10GB	positive	CTAT-LR-Fusion	read_through	2	4	True_Recall
ENSG00000107872:ENSG00000107874	85%	10GB	positive	GFSeeker	read_through	3	4	True_Recall
ENSG00000107872:ENSG00000107874	85%	10GB	positive	Genion	read_through	3	4	True_Recall
ENSG00000107872:ENSG00000107874	85%	10GB	positive	LongGF	read_through	3	4	True_Recall
ENSG00000107872:ENSG00000107874	90%	100GB	positive	CTAT-LR-Fusion	read_through	29	3	True_Recall
ENSG00000107872:ENSG00000107874	90%	100GB	positive	Genion	read_through	41	3	True_Recall
ENSG00000107872:ENSG00000107874	90%	100GB	positive	LongGF	read_through	35	3	True_Recall
ENSG00000107872:ENSG00000107874	90%	10GB	positive	CTAT-LR-Fusion	read_through	2	4	True_Recall
ENSG00000107872:ENSG00000107874	90%	10GB	positive	GFSeeker	read_through	5	4	True_Recall
ENSG00000107872:ENSG00000107874	90%	10GB	positive	Genion	read_through	5	4	True_Recall
ENSG00000107872:ENSG00000107874	90%	10GB	positive	LongGF	read_through	5	4	True_Recall
ENSG00000107872:ENSG00000107874	95%	100GB	positive	CTAT-LR-Fusion	read_through	26	3	True_Recall
ENSG00000107872:ENSG00000107874	95%	100GB	positive	Genion	read_through	28	3	True_Recall
ENSG00000107872:ENSG00000107874	95%	100GB	positive	LongGF	read_through	25	3	True_Recall
ENSG00000107872:ENSG00000107874	95%	10GB	positive	GFSeeker	read_through	2	2	True_Recall
ENSG00000107872:ENSG00000107874	95%	10GB	positive	LongGF	read_through	2	2	True_Recall
ENSG00000108010:ENSG00000216657	85%	100GB	negative	FusionSeeker	false_fusion	2	1	False_Call
ENSG00000108061:ENSG00000142541	85%	100GB	positive	FusionSeeker	false_fusion	2	1	False_Call
ENSG00000108094:ENSG00000085788	85%	100GB	positive	CTAT-LR-Fusion	hybrid	12	3	True_Recall
ENSG00000108094:ENSG00000085788	85%	100GB	positive	FusionSeeker	hybrid	102	3	True_Recall
ENSG00000108094:ENSG00000085788	85%	100GB	positive	JAFFAL	hybrid	25	3	True_Recall
ENSG00000108094:ENSG00000085788	85%	10GB	positive	CTAT-LR-Fusion	hybrid	3	4	True_Recall
ENSG00000108094:ENSG00000085788	85%	10GB	positive	FusionSeeker	hybrid	9	4	True_Recall
ENSG00000108094:ENSG00000085788	85%	10GB	positive	GFSeeker	hybrid	5	4	True_Recall
ENSG00000108094:ENSG00000085788	85%	10GB	positive	JAFFAL	hybrid	2	4	True_Recall
ENSG00000108094:ENSG00000085788	90%	100GB	positive	FusionSeeker	hybrid	69	2	True_Recall
ENSG00000108094:ENSG00000085788	90%	100GB	positive	JAFFAL	hybrid	22	2	True_Recall
ENSG00000108094:ENSG00000085788	90%	10GB	positive	CTAT-LR-Fusion	hybrid	2	4	True_Recall
ENSG00000108094:ENSG00000085788	90%	10GB	positive	FusionSeeker	hybrid	13	4	True_Recall
ENSG00000108094:ENSG00000085788	90%	10GB	positive	GFSeeker	hybrid	6	4	True_Recall
ENSG00000108094:ENSG00000085788	90%	10GB	positive	JAFFAL	hybrid	5	4	True_Recall
ENSG00000108094:ENSG00000085788	95%	100GB	positive	CTAT-LR-Fusion	hybrid	19	3	True_Recall
ENSG00000108094:ENSG00000085788	95%	100GB	positive	FusionSeeker	hybrid	92	3	True_Recall
ENSG00000108094:ENSG00000085788	95%	100GB	positive	JAFFAL	hybrid	33	3	True_Recall
ENSG00000108094:ENSG00000085788	95%	10GB	positive	FusionSeeker	hybrid	2	2	True_Recall
ENSG00000108094:ENSG00000085788	95%	10GB	positive	JAFFAL	hybrid	2	2	True_Recall
ENSG00000108298:ENSG00000087086	90%	100GB	positive	FusionSeeker	false_fusion	2	1	False_Call
ENSG00000108298:ENSG00000111057	85%	100GB	positive	LongGF	false_fusion	2	1	False_Call
ENSG00000108298:ENSG00000196205	85%	100GB	positive	FusionSeeker	false_fusion	2	1	False_Call
ENSG00000108298:ENSG00000211459	90%	100GB	negative	FusionSeeker	false_fusion:mitochondrial_genomic	2	1	False_Call
ENSG00000108298:ENSG00000211459	90%	100GB	positive	FusionSeeker	false_fusion:mitochondrial_genomic	2	1	False_Call
ENSG00000108312:ENSG00000260793	85%	100GB	positive	CTAT-LR-Fusion	read_through	11	2	True_Recall
ENSG00000108312:ENSG00000260793	85%	100GB	positive	FusionSeeker	read_through	55	2	True_Recall
ENSG00000108312:ENSG00000260793	90%	100GB	positive	CTAT-LR-Fusion	read_through	15	2	True_Recall
ENSG00000108312:ENSG00000260793	90%	100GB	positive	FusionSeeker	read_through	64	2	True_Recall
ENSG00000108312:ENSG00000260793	90%	10GB	positive	CTAT-LR-Fusion	read_through	3	2	True_Recall
ENSG00000108312:ENSG00000260793	90%	10GB	positive	FusionSeeker	read_through	7	2	True_Recall
ENSG00000108312:ENSG00000260793	95%	100GB	positive	CTAT-LR-Fusion	read_through	20	2	True_Recall
ENSG00000108312:ENSG00000260793	95%	100GB	positive	FusionSeeker	read_through	59	2	True_Recall
ENSG00000108312:ENSG00000260793	95%	10GB	positive	CTAT-LR-Fusion	read_through	2	2	True_Recall
ENSG00000108312:ENSG00000260793	95%	10GB	positive	FusionSeeker	read_through	4	2	True_Recall
ENSG00000108518:ENSG00000210082	90%	100GB	positive	FusionSeeker	false_fusion:mitochondrial_genomic	2	1	False_Call
ENSG00000108576:ENSG00000132002	95%	10GB	positive	GFSeeker	hybrid	3	1	True_Recall
ENSG00000108590:ENSG00000261996	85%	100GB	positive	Genion	false_fusion	4	1	False_Call
ENSG00000108604:ENSG00000240280	85%	100GB	positive	FusionSeeker	read_through	11	1	True_Recall
ENSG00000108604:ENSG00000240280	90%	100GB	positive	CTAT-LR-Fusion	read_through	11	3	True_Recall
ENSG00000108604:ENSG00000240280	90%	100GB	positive	FusionSeeker	read_through	64	3	True_Recall
ENSG00000108604:ENSG00000240280	90%	100GB	positive	Genion	read_through	35	3	True_Recall
ENSG00000108604:ENSG00000240280	90%	10GB	positive	FusionSeeker	read_through	6	1	True_Recall
ENSG00000108604:ENSG00000240280	95%	100GB	positive	CTAT-LR-Fusion	read_through	32	3	True_Recall
ENSG00000108604:ENSG00000240280	95%	100GB	positive	FusionSeeker	read_through	83	3	True_Recall
ENSG00000108604:ENSG00000240280	95%	100GB	positive	Genion	read_through	44	3	True_Recall
ENSG00000108604:ENSG00000240280	95%	10GB	positive	CTAT-LR-Fusion	read_through	2	2	True_Recall
ENSG00000108604:ENSG00000240280	95%	10GB	positive	FusionSeeker	read_through	9	2	True_Recall
ENSG00000108641:ENSG00000130414	85%	100GB	positive	FusionSeeker	false_fusion	34	1	False_Call
ENSG00000108641:ENSG00000130414	90%	100GB	positive	FusionSeeker	false_fusion	40	1	False_Call
ENSG00000108641:ENSG00000130414	95%	100GB	positive	FusionSeeker	false_fusion	27	1	False_Call
ENSG00000108684:ENSG00000263571	85%	100GB	negative	FusionSeeker	false_fusion:Sense-Antisense	24	1	False_Call
ENSG00000108684:ENSG00000263571	85%	100GB	positive	FusionSeeker	false_fusion:Sense-Antisense	32	1	False_Call
ENSG00000108684:ENSG00000263571	85%	10GB	positive	FusionSeeker	false_fusion:Sense-Antisense	3	1	False_Call
ENSG00000108684:ENSG00000263571	90%	100GB	negative	FusionSeeker	false_fusion:Sense-Antisense	42	1	False_Call
ENSG00000108684:ENSG00000263571	90%	100GB	positive	FusionSeeker	false_fusion:Sense-Antisense	36	1	False_Call
ENSG00000108684:ENSG00000263571	90%	10GB	negative	FusionSeeker	false_fusion:Sense-Antisense	4	1	False_Call
ENSG00000108684:ENSG00000263571	90%	10GB	positive	FusionSeeker	false_fusion:Sense-Antisense	2	1	False_Call
ENSG00000108684:ENSG00000263571	95%	100GB	negative	FusionSeeker	false_fusion:Sense-Antisense	36	1	False_Call
ENSG00000108684:ENSG00000263571	95%	100GB	positive	FusionSeeker	false_fusion:Sense-Antisense	36	1	False_Call
ENSG00000108684:ENSG00000263571	95%	10GB	negative	FusionSeeker	false_fusion:Sense-Antisense	4	1	False_Call
ENSG00000108684:ENSG00000263571	95%	10GB	positive	FusionSeeker	false_fusion:Sense-Antisense	5	1	False_Call
ENSG00000109113:ENSG00000104951	85%	100GB	positive	FusionSeeker	false_fusion	7	1	False_Call
ENSG00000109113:ENSG00000104951	90%	100GB	positive	FusionSeeker	false_fusion	32	1	False_Call
ENSG00000109113:ENSG00000104951	95%	100GB	positive	FusionSeeker	false_fusion	42	1	False_Call
ENSG00000109113:ENSG00000104951	95%	10GB	positive	FusionSeeker	false_fusion	4	1	False_Call
ENSG00000109113:ENSG00000109736	85%	100GB	positive	FusionSeeker	reverse_order:truncated_tri_fusion	12	1	Partial_Recall
ENSG00000109113:ENSG00000109736	90%	100GB	positive	FusionSeeker	reverse_order:truncated_tri_fusion	85	1	Partial_Recall
ENSG00000109113:ENSG00000109736	95%	100GB	positive	FusionSeeker	reverse_order:truncated_tri_fusion	182	1	Partial_Recall
ENSG00000109113:ENSG00000109736	95%	10GB	positive	FusionSeeker	reverse_order:truncated_tri_fusion	15	2	Partial_Recall
ENSG00000109113:ENSG00000109736	95%	10GB	positive	GFSeeker	reverse_order:truncated_tri_fusion	4	2	Partial_Recall
ENSG00000109339:ENSG00000147684	85%	100GB	positive	FusionSeeker	false_fusion	2	1	False_Call
ENSG00000109339:ENSG00000147684	90%	100GB	positive	FusionSeeker	false_fusion	27	1	False_Call
ENSG00000109339:ENSG00000147684	95%	100GB	positive	FusionSeeker	false_fusion	43	1	False_Call
ENSG00000109736:ENSG00000109113	85%	100GB	positive	JAFFAL	truncated_tri_fusion	6	1	Partial_Recall
ENSG00000109736:ENSG00000109113	90%	100GB	positive	JAFFAL	truncated_tri_fusion	15	1	Partial_Recall
ENSG00000109736:ENSG00000109113	90%	10GB	positive	GFSeeker	truncated_tri_fusion	2	1	Partial_Recall
ENSG00000109736:ENSG00000109113	95%	100GB	positive	CTAT-LR-Fusion	truncated_tri_fusion	13	2	Partial_Recall
ENSG00000109736:ENSG00000109113	95%	100GB	positive	JAFFAL	truncated_tri_fusion	34	2	Partial_Recall
ENSG00000109736:ENSG00000109113	95%	10GB	positive	JAFFAL	truncated_tri_fusion	4	1	Partial_Recall
ENSG00000109861:ENSG00000213619	85%	100GB	positive	JAFFAL	hybrid	2	1	True_Recall
ENSG00000109861:ENSG00000213619	90%	100GB	positive	CTAT-LR-Fusion	hybrid	15	2	True_Recall
ENSG00000109861:ENSG00000213619	90%	100GB	positive	JAFFAL	hybrid	18	2	True_Recall
ENSG00000109861:ENSG00000213619	90%	10GB	positive	GFSeeker	hybrid	3	1	True_Recall
ENSG00000109861:ENSG00000213619	95%	100GB	positive	CTAT-LR-Fusion	hybrid	35	2	True_Recall
ENSG00000109861:ENSG00000213619	95%	100GB	positive	JAFFAL	hybrid	37	2	True_Recall
ENSG00000109971:ENSG00000095209	85%	100GB	positive	FusionSeeker	hybrid	56	1	True_Recall
ENSG00000109971:ENSG00000095209	85%	10GB	positive	FusionSeeker	hybrid	4	2	True_Recall
ENSG00000109971:ENSG00000095209	85%	10GB	positive	GFSeeker	hybrid	2	2	True_Recall
ENSG00000109971:ENSG00000095209	90%	100GB	positive	FusionSeeker	hybrid	55	1	True_Recall
ENSG00000109971:ENSG00000095209	90%	10GB	positive	FusionSeeker	hybrid	2	1	True_Recall
ENSG00000109971:ENSG00000095209	95%	100GB	positive	CTAT-LR-Fusion	hybrid	11	2	True_Recall
ENSG00000109971:ENSG00000095209	95%	100GB	positive	FusionSeeker	hybrid	89	2	True_Recall
ENSG00000109971:ENSG00000095209	95%	10GB	positive	GFSeeker	hybrid	3	1	True_Recall
ENSG00000109971:ENSG00000273997	85%	100GB	negative	FusionSeeker	false_fusion	8	1	False_Call
ENSG00000109971:ENSG00000273997	85%	100GB	positive	FusionSeeker	false_fusion	2	1	False_Call
ENSG00000109971:ENSG00000273997	90%	100GB	positive	FusionSeeker	false_fusion	2	1	False_Call
ENSG00000110002:ENSG00000237250	85%	100GB	positive	CTAT-LR-Fusion	hybrid	30	3	True_Recall
ENSG00000110002:ENSG00000237250	85%	100GB	positive	Genion	hybrid	34	3	True_Recall
ENSG00000110002:ENSG00000237250	85%	100GB	positive	JAFFAL	hybrid	2	3	True_Recall
ENSG00000110002:ENSG00000237250	90%	100GB	positive	CTAT-LR-Fusion	hybrid	24	3	True_Recall
ENSG00000110002:ENSG00000237250	90%	100GB	positive	Genion	hybrid	35	3	True_Recall
ENSG00000110002:ENSG00000237250	90%	100GB	positive	JAFFAL	hybrid	5	3	True_Recall
ENSG00000110002:ENSG00000237250	95%	100GB	positive	Genion	hybrid	17	2	True_Recall
ENSG00000110002:ENSG00000237250	95%	100GB	positive	JAFFAL	hybrid	8	2	True_Recall
ENSG00000110076:ENSG00000091513	90%	100GB	negative	FusionSeeker	false_fusion	2	1	False_Call
ENSG00000110245:ENSG00000087086	95%	100GB	positive	FusionSeeker	false_fusion	2	1	False_Call
ENSG00000110328:ENSG00000101266	85%	100GB	negative	FusionSeeker	false_fusion	4	1	False_Call
ENSG00000110328:ENSG00000101266	85%	100GB	positive	FusionSeeker	false_fusion	2	1	False_Call
ENSG00000110497:ENSG00000091513	90%	100GB	negative	FusionSeeker	false_fusion	2	1	False_Call
ENSG00000110497:ENSG00000105193	85%	100GB	negative	FusionSeeker	false_fusion	2	1	False_Call
ENSG00000110497:ENSG00000156508	90%	100GB	positive	FusionSeeker	false_fusion	2	1	False_Call
ENSG00000110497:ENSG00000163631	85%	100GB	positive	FusionSeeker	false_fusion	2	1	False_Call
ENSG00000110497:ENSG00000224631	85%	100GB	positive	FusionSeeker	false_fusion	2	1	False_Call
ENSG00000110514:ENSG00000256746	90%	100GB	positive	CTAT-LR-Fusion	read_through	22	1	True_Recall
ENSG00000110700:ENSG00000136942	95%	100GB	negative	FusionSeeker	false_fusion	2	1	False_Call
ENSG00000110700:ENSG00000167526	95%	100GB	positive	FusionSeeker	false_fusion	2	1	False_Call
ENSG00000110700:ENSG00000211459	85%	100GB	negative	FusionSeeker	false_fusion:mitochondrial_genomic	4	1	False_Call
ENSG00000110700:ENSG00000211459	85%	10GB	negative	FusionSeeker	false_fusion:mitochondrial_genomic	2	1	False_Call
ENSG00000110881:ENSG00000103528	95%	100GB	positive	JAFFAL	false_fusion	19	1	False_Call
ENSG00000110881:ENSG00000103528	95%	10GB	positive	JAFFAL	false_fusion	3	1	False_Call
ENSG00000110881:ENSG00000261427	90%	100GB	positive	FusionSeeker	hybrid	6	1	True_Recall
ENSG00000110881:ENSG00000261427	95%	100GB	positive	FusionSeeker	hybrid	25	2	True_Recall
ENSG00000110881:ENSG00000261427	95%	100GB	positive	Genion	hybrid	30	2	True_Recall
ENSG00000110881:ENSG00000261427	95%	10GB	positive	FusionSeeker	hybrid	5	1	True_Recall
ENSG00000110887:ENSG00000167588	85%	100GB	positive	Genion	reverse_order: intra_chromosome	29	2	Partial_Recall
ENSG00000110887:ENSG00000167588	85%	100GB	positive	LongGF	reverse_order: intra_chromosome	17	2	Partial_Recall
ENSG00000110887:ENSG00000167588	85%	10GB	positive	LongGF	reverse_order: intra_chromosome	2	1	Partial_Recall
ENSG00000110887:ENSG00000167588	90%	100GB	positive	Genion	reverse_order: intra_chromosome	30	2	Partial_Recall
ENSG00000110887:ENSG00000167588	90%	100GB	positive	LongGF	reverse_order: intra_chromosome	21	2	Partial_Recall
ENSG00000110887:ENSG00000167588	90%	10GB	positive	GFSeeker	reverse_order: intra_chromosome	5	2	Partial_Recall
ENSG00000110887:ENSG00000167588	90%	10GB	positive	LongGF	reverse_order: intra_chromosome	2	2	Partial_Recall
ENSG00000110887:ENSG00000167588	95%	100GB	positive	Genion	reverse_order: intra_chromosome	44	2	Partial_Recall
ENSG00000110887:ENSG00000167588	95%	100GB	positive	LongGF	reverse_order: intra_chromosome	46	2	Partial_Recall
ENSG00000110887:ENSG00000167588	95%	10GB	positive	GFSeeker	reverse_order: intra_chromosome	4	2	Partial_Recall
ENSG00000110887:ENSG00000167588	95%	10GB	positive	LongGF	reverse_order: intra_chromosome	4	2	Partial_Recall
ENSG00000110955:ENSG00000197249	90%	100GB	negative	FusionSeeker	false_fusion	2	2	False_Call
ENSG00000110955:ENSG00000197249	90%	100GB	negative	LongGF	false_fusion	2	2	False_Call
ENSG00000111057:ENSG00000108298	85%	100GB	positive	FusionSeeker	false_fusion	2	1	False_Call
ENSG00000111057:ENSG00000163631	95%	100GB	positive	FusionSeeker	false_fusion	2	1	False_Call
ENSG00000111057:ENSG00000213100	85%	100GB	positive	FusionSeeker	false_fusion	2	1	False_Call
ENSG00000111057:ENSG00000213100	90%	100GB	negative	FusionSeeker	false_fusion	3	1	False_Call
ENSG00000111057:ENSG00000213100	95%	100GB	negative	FusionSeeker	false_fusion	2	1	False_Call
ENSG00000111057:ENSG00000249668	85%	100GB	negative	FusionSeeker	false_fusion	4	1	False_Call
ENSG00000111057:ENSG00000249668	90%	100GB	negative	FusionSeeker	false_fusion	2	1	False_Call
ENSG00000111057:ENSG00000285783	85%	100GB	positive	FusionSeeker	false_fusion	2	1	False_Call
ENSG00000111145:ENSG00000124486	95%	100GB	positive	FusionSeeker	false_fusion	2	1	False_Call
ENSG00000111145:ENSG00000124523	85%	100GB	positive	FusionSeeker	false_fusion	11	2	False_Call
ENSG00000111145:ENSG00000124523	85%	100GB	positive	LongGF	false_fusion	10	2	False_Call
ENSG00000111145:ENSG00000124523	90%	100GB	positive	FusionSeeker	false_fusion	15	2	False_Call
ENSG00000111145:ENSG00000124523	90%	100GB	positive	LongGF	false_fusion	14	2	False_Call
ENSG00000111145:ENSG00000124523	90%	10GB	positive	FusionSeeker	false_fusion	3	2	False_Call
ENSG00000111145:ENSG00000124523	90%	10GB	positive	LongGF	false_fusion	3	2	False_Call
ENSG00000111145:ENSG00000124523	95%	100GB	positive	FusionSeeker	false_fusion	29	2	False_Call
ENSG00000111145:ENSG00000124523	95%	100GB	positive	LongGF	false_fusion	21	2	False_Call
ENSG00000111145:ENSG00000124523	95%	10GB	positive	FusionSeeker	false_fusion	6	2	False_Call
ENSG00000111145:ENSG00000124523	95%	10GB	positive	LongGF	false_fusion	5	2	False_Call
ENSG00000111231:ENSG00000071082	85%	100GB	negative	FusionSeeker	false_fusion	93	1	False_Call
ENSG00000111231:ENSG00000071082	85%	100GB	positive	FusionSeeker	false_fusion	90	1	False_Call
ENSG00000111231:ENSG00000071082	85%	10GB	positive	FusionSeeker	false_fusion	13	1	False_Call
ENSG00000111231:ENSG00000071082	90%	100GB	negative	FusionSeeker	false_fusion	6	1	False_Call
ENSG00000111231:ENSG00000071082	90%	100GB	positive	FusionSeeker	false_fusion	10	1	False_Call
ENSG00000111231:ENSG00000071082	90%	10GB	positive	FusionSeeker	false_fusion	2	1	False_Call
ENSG00000111300:ENSG00000139197	95%	100GB	positive	JAFFAL	intra_chromosome	6	1	True_Recall
ENSG00000111328:ENSG00000213774	85%	100GB	negative	FusionSeeker	false_fusion	2	1	False_Call
ENSG00000111596:ENSG00000111727	85%	100GB	positive	FusionSeeker	reverse_order: intra_chromosome	22	3	Partial_Recall
ENSG00000111596:ENSG00000111727	85%	100GB	positive	Genion	reverse_order: intra_chromosome	24	3	Partial_Recall
ENSG00000111596:ENSG00000111727	85%	100GB	positive	LongGF	reverse_order: intra_chromosome	10	3	Partial_Recall
ENSG00000111596:ENSG00000111727	85%	10GB	positive	FusionSeeker	reverse_order: intra_chromosome	2	2	Partial_Recall
ENSG00000111596:ENSG00000111727	85%	10GB	positive	LongGF	reverse_order: intra_chromosome	2	2	Partial_Recall
ENSG00000111596:ENSG00000111727	90%	100GB	positive	FusionSeeker	reverse_order: intra_chromosome	34	3	Partial_Recall
ENSG00000111596:ENSG00000111727	90%	100GB	positive	Genion	reverse_order: intra_chromosome	34	3	Partial_Recall
ENSG00000111596:ENSG00000111727	90%	100GB	positive	LongGF	reverse_order: intra_chromosome	20	3	Partial_Recall
ENSG00000111596:ENSG00000111727	95%	100GB	positive	FusionSeeker	reverse_order: intra_chromosome	39	3	Partial_Recall
ENSG00000111596:ENSG00000111727	95%	100GB	positive	Genion	reverse_order: intra_chromosome	37	3	Partial_Recall
ENSG00000111596:ENSG00000111727	95%	100GB	positive	LongGF	reverse_order: intra_chromosome	33	3	Partial_Recall
ENSG00000111640:ENSG00000008988	90%	100GB	positive	FusionSeeker	false_fusion	2	1	False_Call
ENSG00000111640:ENSG00000091513	90%	100GB	negative	FusionSeeker	false_fusion	2	1	False_Call
ENSG00000111640:ENSG00000091513	90%	100GB	positive	FusionSeeker	false_fusion	2	1	False_Call
ENSG00000111640:ENSG00000101439	85%	100GB	negative	FusionSeeker	false_fusion	2	1	False_Call
ENSG00000111640:ENSG00000105372	95%	100GB	positive	FusionSeeker	false_fusion	2	1	False_Call
ENSG00000111640:ENSG00000131469	90%	100GB	positive	FusionSeeker	false_fusion	2	2	False_Call
ENSG00000111640:ENSG00000131469	90%	100GB	positive	LongGF	false_fusion	2	2	False_Call
ENSG00000111640:ENSG00000142937	95%	100GB	negative	LongGF	false_fusion	2	1	False_Call
ENSG00000111640:ENSG00000152348	95%	100GB	positive	FusionSeeker	false_fusion	2	1	False_Call
ENSG00000111640:ENSG00000156508	90%	100GB	negative	FusionSeeker	false_fusion	2	1	False_Call
ENSG00000111640:ENSG00000163631	85%	100GB	negative	FusionSeeker	false_fusion	2	1	False_Call
ENSG00000111640:ENSG00000170889	85%	100GB	negative	FusionSeeker	false_fusion	2	1	False_Call
ENSG00000111640:ENSG00000197099	85%	100GB	negative	FusionSeeker	false_fusion	2	1	False_Call
ENSG00000111640:ENSG00000197249	90%	100GB	negative	FusionSeeker	false_fusion	2	2	False_Call
ENSG00000111640:ENSG00000197249	90%	100GB	negative	LongGF	false_fusion	2	2	False_Call
ENSG00000111640:ENSG00000198899	85%	100GB	positive	FusionSeeker	false_fusion:mitochondrial_genomic	2	1	False_Call
ENSG00000111640:ENSG00000198938	95%	100GB	positive	FusionSeeker	false_fusion:mitochondrial_genomic	2	1	False_Call
ENSG00000111640:ENSG00000210082	90%	100GB	positive	FusionSeeker	false_fusion:mitochondrial_genomic	2	1	False_Call
ENSG00000111640:ENSG00000210082	95%	100GB	positive	FusionSeeker	false_fusion:mitochondrial_genomic	2	1	False_Call
ENSG00000111640:ENSG00000211459	85%	100GB	negative	FusionSeeker	false_fusion:mitochondrial_genomic	2	1	False_Call
ENSG00000111640:ENSG00000231500	95%	100GB	negative	FusionSeeker	false_fusion	2	2	False_Call
ENSG00000111640:ENSG00000231500	95%	100GB	negative	LongGF	false_fusion	2	2	False_Call
ENSG00000111674:ENSG00000290712	85%	100GB	negative	Genion	false_fusion	2	1	False_Call
ENSG00000111674:ENSG00000290712	85%	100GB	positive	Genion	false_fusion	2	1	False_Call
ENSG00000111674:ENSG00000290712	95%	100GB	positive	Genion	false_fusion	2	1	False_Call
ENSG00000111727:ENSG00000111596	85%	10GB	positive	GFSeeker	intra_chromosome	2	1	True_Recall
ENSG00000111727:ENSG00000111596	90%	100GB	positive	CTAT-LR-Fusion	intra_chromosome	22	1	True_Recall
ENSG00000111727:ENSG00000111596	95%	100GB	positive	CTAT-LR-Fusion	intra_chromosome	35	1	True_Recall
ENSG00000111728:ENSG00000250166	85%	100GB	positive	FusionSeeker	false_fusion	2	1	False_Call
ENSG00000111775:ENSG00000087086	85%	100GB	positive	FusionSeeker	false_fusion	2	1	False_Call
ENSG00000111877:ENSG00000253194	85%	100GB	negative	FusionSeeker	false_fusion:Sense-Antisense	2	1	False_Call
ENSG00000111907:ENSG00000288769	85%	100GB	positive	Genion	reverse_order: hybrid	43	1	Partial_Recall
ENSG00000111907:ENSG00000288769	90%	100GB	positive	Genion	reverse_order: hybrid	40	1	Partial_Recall
ENSG00000111907:ENSG00000288769	95%	100GB	positive	Genion	reverse_order: hybrid	33	1	Partial_Recall
ENSG00000112306:ENSG00000075624	95%	100GB	positive	FusionSeeker	false_fusion	3	1	False_Call
ENSG00000112306:ENSG00000142541	85%	100GB	positive	LongGF	false_fusion	2	1	False_Call
ENSG00000112306:ENSG00000144713	95%	100GB	negative	LongGF	false_fusion	2	1	False_Call
ENSG00000112306:ENSG00000156508	95%	100GB	negative	LongGF	false_fusion	2	1	False_Call
ENSG00000112306:ENSG00000177600	95%	100GB	positive	JAFFAL	false_fusion	2	1	False_Call
ENSG00000112306:ENSG00000196205	95%	100GB	negative	FusionSeeker	false_fusion	2	1	False_Call
ENSG00000112306:ENSG00000198888	90%	100GB	positive	FusionSeeker	false_fusion:mitochondrial_genomic	2	1	False_Call
ENSG00000112306:ENSG00000198888	90%	100GB	positive	LongGF	false_fusion	2	1	False_Call
ENSG00000112306:ENSG00000198938	90%	100GB	negative	FusionSeeker	false_fusion:mitochondrial_genomic	2	1	False_Call
ENSG00000112306:ENSG00000232965	85%	100GB	positive	CTAT-LR-Fusion	false_fusion	22	1	False_Call
ENSG00000112306:ENSG00000232965	85%	10GB	positive	CTAT-LR-Fusion	false_fusion	4	1	False_Call
ENSG00000112486:ENSG00000213066	90%	100GB	positive	Genion	false_fusion	18	1	False_Call
ENSG00000112695:ENSG00000142676	95%	100GB	negative	LongGF	false_fusion	2	1	False_Call
ENSG00000113369:ENSG00000281357	85%	100GB	negative	FusionSeeker	false_fusion	2	1	False_Call
ENSG00000113369:ENSG00000281357	85%	100GB	positive	FusionSeeker	false_fusion	3	1	False_Call
ENSG00000113391:ENSG00000181163	85%	100GB	negative	FusionSeeker	false_fusion	2	1	False_Call
ENSG00000113391:ENSG00000181163	85%	100GB	positive	FusionSeeker	false_fusion	6	1	False_Call
ENSG00000113494:ENSG00000198917	85%	100GB	positive	FusionSeeker	hybrid	6	1	True_Recall
ENSG00000113494:ENSG00000198917	90%	100GB	positive	CTAT-LR-Fusion	hybrid	12	2	True_Recall
ENSG00000113494:ENSG00000198917	90%	100GB	positive	FusionSeeker	hybrid	23	2	True_Recall
ENSG00000113494:ENSG00000198917	90%	10GB	positive	FusionSeeker	hybrid	2	1	True_Recall
ENSG00000113494:ENSG00000198917	95%	100GB	positive	CTAT-LR-Fusion	hybrid	35	3	True_Recall
ENSG00000113494:ENSG00000198917	95%	100GB	positive	FusionSeeker	hybrid	41	3	True_Recall
ENSG00000113494:ENSG00000198917	95%	100GB	positive	Genion	hybrid	22	3	True_Recall
ENSG00000113494:ENSG00000286112	90%	100GB	positive	Genion	false_fusion	11	1	False_Call
ENSG00000113494:ENSG00000286112	95%	100GB	positive	Genion	false_fusion	19	1	False_Call
ENSG00000113569:ENSG00000145675	85%	100GB	positive	FusionSeeker	intra_chromosome	28	1	True_Recall
ENSG00000113569:ENSG00000145675	85%	10GB	positive	FusionSeeker	intra_chromosome	2	1	True_Recall
ENSG00000113569:ENSG00000145675	90%	100GB	positive	CTAT-LR-Fusion	intra_chromosome	15	3	True_Recall
ENSG00000113569:ENSG00000145675	90%	100GB	positive	FusionSeeker	intra_chromosome	102	3	True_Recall
ENSG00000113569:ENSG00000145675	90%	100GB	positive	JAFFAL	intra_chromosome	22	3	True_Recall
ENSG00000113569:ENSG00000145675	95%	100GB	positive	CTAT-LR-Fusion	intra_chromosome	16	3	True_Recall
ENSG00000113569:ENSG00000145675	95%	100GB	positive	FusionSeeker	intra_chromosome	121	3	True_Recall
ENSG00000113569:ENSG00000145675	95%	100GB	positive	JAFFAL	intra_chromosome	34	3	True_Recall
ENSG00000113569:ENSG00000145675	95%	10GB	positive	CTAT-LR-Fusion	intra_chromosome	2	3	True_Recall
ENSG00000113569:ENSG00000145675	95%	10GB	positive	FusionSeeker	intra_chromosome	14	3	True_Recall
ENSG00000113569:ENSG00000145675	95%	10GB	positive	JAFFAL	intra_chromosome	4	3	True_Recall
ENSG00000113648:ENSG00000079215	95%	100GB	positive	JAFFAL	hybrid	17	1	True_Recall
ENSG00000113648:ENSG00000079215	95%	10GB	positive	GFSeeker	hybrid	4	2	True_Recall
ENSG00000113648:ENSG00000079215	95%	10GB	positive	JAFFAL	hybrid	3	2	True_Recall
ENSG00000113758:ENSG00000147041	90%	100GB	positive	FusionSeeker	truncated_tri_fusion	16	1	Partial_Recall
ENSG00000113758:ENSG00000147041	95%	100GB	positive	FusionSeeker	truncated_tri_fusion	12	1	Partial_Recall
ENSG00000113758:ENSG00000285077	90%	100GB	positive	CTAT-LR-Fusion	false_fusion	11	1	False_Call
ENSG00000114302:ENSG00000114374	85%	100GB	positive	FusionSeeker	hybrid	7	2	True_Recall
ENSG00000114302:ENSG00000114374	85%	100GB	positive	JAFFAL	hybrid	2	2	True_Recall
ENSG00000114302:ENSG00000114374	90%	100GB	positive	FusionSeeker	hybrid	9	2	True_Recall
ENSG00000114302:ENSG00000114374	90%	100GB	positive	JAFFAL	hybrid	6	2	True_Recall
ENSG00000114302:ENSG00000114374	95%	100GB	positive	CTAT-LR-Fusion	hybrid	14	4	True_Recall
ENSG00000114302:ENSG00000114374	95%	100GB	positive	FusionSeeker	hybrid	15	4	True_Recall
ENSG00000114302:ENSG00000114374	95%	100GB	positive	Genion	hybrid	15	4	True_Recall
ENSG00000114302:ENSG00000114374	95%	100GB	positive	JAFFAL	hybrid	14	4	True_Recall
ENSG00000114391:ENSG00000181524	85%	100GB	negative	FusionSeeker	false_fusion	10	1	False_Call
ENSG00000114391:ENSG00000181524	85%	100GB	positive	FusionSeeker	false_fusion	8	1	False_Call
ENSG00000114391:ENSG00000181524	85%	10GB	positive	FusionSeeker	false_fusion	2	1	False_Call
ENSG00000114391:ENSG00000181524	90%	100GB	negative	FusionSeeker	false_fusion	3	1	False_Call
ENSG00000114391:ENSG00000181524	90%	100GB	positive	FusionSeeker	false_fusion	3	1	False_Call
ENSG00000114547:ENSG00000241439	85%	100GB	positive	Genion	reverse_order: read_through	33	1	Partial_Recall
ENSG00000114547:ENSG00000241439	90%	100GB	positive	Genion	reverse_order: read_through	36	1	Partial_Recall
ENSG00000114547:ENSG00000241439	95%	100GB	positive	Genion	reverse_order: read_through	45	1	Partial_Recall
ENSG00000114638:ENSG00000121578	85%	100GB	positive	CTAT-LR-Fusion	read_through	21	5	True_Recall
ENSG00000114638:ENSG00000121578	85%	100GB	positive	FusionSeeker	read_through	26	5	True_Recall
ENSG00000114638:ENSG00000121578	85%	100GB	positive	Genion	read_through	15	5	True_Recall
ENSG00000114638:ENSG00000121578	85%	100GB	positive	JAFFAL	read_through	17	5	True_Recall
ENSG00000114638:ENSG00000121578	85%	100GB	positive	LongGF	read_through	20	5	True_Recall
ENSG00000114638:ENSG00000121578	85%	10GB	positive	CTAT-LR-Fusion	read_through	2	1	True_Recall
ENSG00000114638:ENSG00000121578	90%	100GB	positive	CTAT-LR-Fusion	read_through	33	5	True_Recall
ENSG00000114638:ENSG00000121578	90%	100GB	positive	FusionSeeker	read_through	38	5	True_Recall
ENSG00000114638:ENSG00000121578	90%	100GB	positive	Genion	read_through	27	5	True_Recall
ENSG00000114638:ENSG00000121578	90%	100GB	positive	JAFFAL	read_through	30	5	True_Recall
ENSG00000114638:ENSG00000121578	90%	100GB	positive	LongGF	read_through	29	5	True_Recall
ENSG00000114638:ENSG00000121578	90%	10GB	positive	CTAT-LR-Fusion	read_through	2	4	True_Recall
ENSG00000114638:ENSG00000121578	90%	10GB	positive	FusionSeeker	read_through	3	4	True_Recall
ENSG00000114638:ENSG00000121578	90%	10GB	positive	JAFFAL	read_through	3	4	True_Recall
ENSG00000114638:ENSG00000121578	90%	10GB	positive	LongGF	read_through	3	4	True_Recall
ENSG00000114638:ENSG00000121578	95%	100GB	positive	CTAT-LR-Fusion	read_through	48	5	True_Recall
ENSG00000114638:ENSG00000121578	95%	100GB	positive	FusionSeeker	read_through	48	5	True_Recall
ENSG00000114638:ENSG00000121578	95%	100GB	positive	Genion	read_through	24	5	True_Recall
ENSG00000114638:ENSG00000121578	95%	100GB	positive	JAFFAL	read_through	48	5	True_Recall
ENSG00000114638:ENSG00000121578	95%	100GB	positive	LongGF	read_through	48	5	True_Recall
ENSG00000114638:ENSG00000121578	95%	10GB	positive	CTAT-LR-Fusion	read_through	8	5	True_Recall
ENSG00000114638:ENSG00000121578	95%	10GB	positive	FusionSeeker	read_through	8	5	True_Recall
ENSG00000114638:ENSG00000121578	95%	10GB	positive	GFSeeker	read_through	7	5	True_Recall
ENSG00000114638:ENSG00000121578	95%	10GB	positive	JAFFAL	read_through	8	5	True_Recall
ENSG00000114638:ENSG00000121578	95%	10GB	positive	LongGF	read_through	8	5	True_Recall
ENSG00000114779:ENSG00000260995	85%	100GB	positive	FusionSeeker	false_fusion	19	1	False_Call
ENSG00000114779:ENSG00000260995	90%	100GB	positive	FusionSeeker	false_fusion	34	1	False_Call
ENSG00000114779:ENSG00000260995	90%	10GB	positive	FusionSeeker	false_fusion	3	1	False_Call
ENSG00000114779:ENSG00000260995	95%	100GB	positive	FusionSeeker	false_fusion	31	1	False_Call
ENSG00000114779:ENSG00000260995	95%	10GB	positive	FusionSeeker	false_fusion	4	1	False_Call
ENSG00000114786:ENSG00000165806:ENSG00000260995	85%	100GB	positive	Genion	wrong_order:tri_fusion	17	1	Partial_Recall
ENSG00000114786:ENSG00000165806:ENSG00000260995	90%	100GB	positive	Genion	wrong_order:tri_fusion	27	1	Partial_Recall
ENSG00000114786:ENSG00000165806:ENSG00000260995	95%	100GB	positive	Genion	wrong_order:tri_fusion	27	1	Partial_Recall
ENSG00000114786:ENSG00000260995	85%	100GB	positive	JAFFAL	truncated_tri_fusion	9	1	Partial_Recall
ENSG00000114786:ENSG00000260995	90%	100GB	positive	JAFFAL	truncated_tri_fusion	30	1	Partial_Recall
ENSG00000114786:ENSG00000260995	90%	10GB	positive	JAFFAL	truncated_tri_fusion	3	1	Partial_Recall
ENSG00000114786:ENSG00000260995	95%	100GB	positive	JAFFAL	truncated_tri_fusion	31	1	Partial_Recall
ENSG00000114786:ENSG00000260995	95%	10GB	positive	JAFFAL	truncated_tri_fusion	4	1	Partial_Recall
ENSG00000114786:ENSG00000260995:ENSG00000165806	85%	100GB	positive	JAFFAL	tri_fusion	5	1	True_Recall
ENSG00000114786:ENSG00000260995:ENSG00000165806	90%	100GB	positive	JAFFAL	tri_fusion	7	1	True_Recall
ENSG00000114786:ENSG00000260995:ENSG00000165806	95%	100GB	positive	JAFFAL	tri_fusion	14	1	True_Recall
ENSG00000114786:ENSG00000260995:ENSG00000165806	95%	10GB	positive	JAFFAL	tri_fusion	2	1	True_Recall
ENSG00000114861:ENSG00000285708	85%	100GB	negative	FusionSeeker	false_fusion	5	1	False_Call
ENSG00000114861:ENSG00000285708	85%	100GB	positive	FusionSeeker	false_fusion	3	1	False_Call
ENSG00000114861:ENSG00000285708	90%	100GB	negative	FusionSeeker	false_fusion	2	1	False_Call
ENSG00000114867:ENSG00000275389	85%	100GB	positive	CTAT-LR-Fusion	truncated_tri_fusion	20	3	Partial_Recall
ENSG00000114867:ENSG00000275389	85%	100GB	positive	Genion	truncated_tri_fusion	30	3	Partial_Recall
ENSG00000114867:ENSG00000275389	85%	100GB	positive	JAFFAL	truncated_tri_fusion	26	3	Partial_Recall
ENSG00000114867:ENSG00000275389	90%	100GB	positive	CTAT-LR-Fusion	truncated_tri_fusion	17	3	Partial_Recall
ENSG00000114867:ENSG00000275389	90%	100GB	positive	Genion	truncated_tri_fusion	22	3	Partial_Recall
ENSG00000114867:ENSG00000275389	90%	100GB	positive	JAFFAL	truncated_tri_fusion	21	3	Partial_Recall
ENSG00000114867:ENSG00000275389	95%	100GB	positive	CTAT-LR-Fusion	truncated_tri_fusion	19	3	Partial_Recall
ENSG00000114867:ENSG00000275389	95%	100GB	positive	Genion	truncated_tri_fusion	25	3	Partial_Recall
ENSG00000114867:ENSG00000275389	95%	100GB	positive	JAFFAL	truncated_tri_fusion	22	3	Partial_Recall
ENSG00000114867:ENSG00000275389	95%	10GB	positive	CTAT-LR-Fusion	truncated_tri_fusion	2	2	Partial_Recall
ENSG00000114867:ENSG00000275389	95%	10GB	positive	JAFFAL	truncated_tri_fusion	2	2	Partial_Recall
ENSG00000114923:ENSG00000168591	85%	100GB	positive	LongGF	reverse_order:truncated_tri_fusion	21	1	Partial_Recall
ENSG00000114923:ENSG00000168591	90%	100GB	positive	Genion	reverse_order:truncated_tri_fusion	14	2	Partial_Recall
ENSG00000114923:ENSG00000168591	90%	100GB	positive	LongGF	reverse_order:truncated_tri_fusion	22	2	Partial_Recall
ENSG00000114923:ENSG00000168591	90%	10GB	positive	LongGF	reverse_order:truncated_tri_fusion	2	1	Partial_Recall
ENSG00000114923:ENSG00000168591	95%	100GB	positive	Genion	reverse_order:truncated_tri_fusion	16	2	Partial_Recall
ENSG00000114923:ENSG00000168591	95%	100GB	positive	LongGF	reverse_order:truncated_tri_fusion	23	2	Partial_Recall
ENSG00000114923:ENSG00000168591	95%	10GB	positive	LongGF	reverse_order:truncated_tri_fusion	3	1	Partial_Recall
ENSG00000114923:ENSG00000255872	85%	100GB	positive	FusionSeeker	false_fusion	8	1	False_Call
ENSG00000114923:ENSG00000255872	90%	100GB	positive	FusionSeeker	false_fusion	10	1	False_Call
ENSG00000114923:ENSG00000255872	95%	100GB	positive	FusionSeeker	false_fusion	9	1	False_Call
ENSG00000114942:ENSG00000087086	90%	100GB	positive	JAFFAL	false_fusion	2	1	False_Call
ENSG00000114942:ENSG00000156508	85%	100GB	positive	FusionSeeker	false_fusion	2	1	False_Call
ENSG00000114942:ENSG00000163631	95%	100GB	positive	FusionSeeker	false_fusion	2	2	False_Call
ENSG00000114942:ENSG00000163631	95%	100GB	positive	JAFFAL	false_fusion	2	2	False_Call
ENSG00000114942:ENSG00000198938	90%	100GB	positive	FusionSeeker	false_fusion:mitochondrial_genomic	3	1	False_Call
ENSG00000114942:ENSG00000198938	90%	100GB	positive	LongGF	false_fusion	2	1	False_Call
ENSG00000115053:ENSG00000283491	85%	100GB	negative	Genion	false_fusion	13	1	False_Call
ENSG00000115268:ENSG00000156508	85%	100GB	positive	FusionSeeker	false_fusion	2	1	False_Call
ENSG00000115268:ENSG00000157445	85%	100GB	positive	FusionSeeker	false_fusion	2	1	False_Call
ENSG00000115268:ENSG00000163631	85%	100GB	positive	FusionSeeker	false_fusion	2	1	False_Call
ENSG00000115268:ENSG00000166441	90%	100GB	positive	LongGF	false_fusion	2	1	False_Call
ENSG00000115268:ENSG00000204628	90%	100GB	negative	FusionSeeker	false_fusion	2	3	False_Call
ENSG00000115268:ENSG00000204628	90%	100GB	negative	JAFFAL	false_fusion	2	3	False_Call
ENSG00000115268:ENSG00000204628	90%	100GB	negative	LongGF	false_fusion	2	3	False_Call
ENSG00000115268:ENSG00000210082	85%	100GB	positive	FusionSeeker	false_fusion:mitochondrial_genomic	2	1	False_Call
ENSG00000115268:ENSG00000211459	90%	100GB	negative	FusionSeeker	false_fusion:mitochondrial_genomic	2	1	False_Call
ENSG00000115268:ENSG00000233762	85%	100GB	negative	FusionSeeker	false_fusion	18	1	False_Call
ENSG00000115268:ENSG00000233762	85%	100GB	positive	FusionSeeker	false_fusion	17	1	False_Call
ENSG00000115268:ENSG00000233762	85%	10GB	positive	FusionSeeker	false_fusion	2	1	False_Call
ENSG00000115268:ENSG00000233762	90%	100GB	negative	FusionSeeker	false_fusion	3	1	False_Call
ENSG00000115268:ENSG00000233762	90%	100GB	positive	FusionSeeker	false_fusion	2	1	False_Call
ENSG00000115268:ENSG00000241956	85%	100GB	negative	FusionSeeker	false_fusion	2	1	False_Call
ENSG00000115274:ENSG00000239779	85%	100GB	negative	Genion	false_fusion	7	1	False_Call
ENSG00000115275:ENSG00000204822	85%	100GB	positive	Genion	false_fusion	4	1	False_Call
ENSG00000115275:ENSG00000204822	90%	100GB	positive	Genion	false_fusion	2	1	False_Call
ENSG00000115290:ENSG00000104408	85%	100GB	negative	FusionSeeker	false_fusion	5	1	False_Call
ENSG00000115290:ENSG00000104408	85%	100GB	positive	FusionSeeker	false_fusion	12	1	False_Call
ENSG00000115290:ENSG00000104408	90%	100GB	negative	FusionSeeker	false_fusion	3	1	False_Call
ENSG00000115290:ENSG00000104408	90%	100GB	positive	FusionSeeker	false_fusion	2	1	False_Call
ENSG00000115457:ENSG00000197756	85%	100GB	positive	Genion	false_fusion	4	1	False_Call
ENSG00000115457:ENSG00000197756	90%	100GB	positive	Genion	false_fusion	3	1	False_Call
ENSG00000115461:ENSG00000233143	85%	100GB	negative	FusionSeeker	false_fusion	2	1	False_Call
ENSG00000115461:ENSG00000233143	85%	100GB	positive	FusionSeeker	false_fusion	6	1	False_Call
ENSG00000115461:ENSG00000233143	90%	100GB	negative	FusionSeeker	false_fusion	2	1	False_Call
ENSG00000115652:ENSG00000228363	85%	100GB	positive	CTAT-LR-Fusion	intra_chromosome	24	1	True_Recall
ENSG00000115652:ENSG00000228363	90%	100GB	positive	CTAT-LR-Fusion	intra_chromosome	41	1	True_Recall
ENSG00000115652:ENSG00000228363	90%	10GB	positive	CTAT-LR-Fusion	intra_chromosome	2	1	True_Recall
ENSG00000115652:ENSG00000228363	95%	100GB	positive	CTAT-LR-Fusion	intra_chromosome	25	1	True_Recall
ENSG00000115652:ENSG00000228363	95%	10GB	positive	CTAT-LR-Fusion	intra_chromosome	3	1	True_Recall
ENSG00000115762:ENSG00000284604	85%	100GB	negative	FusionSeeker	false_fusion	17	1	False_Call
ENSG00000115762:ENSG00000284604	85%	100GB	positive	FusionSeeker	false_fusion	18	1	False_Call
ENSG00000115762:ENSG00000284604	85%	10GB	negative	FusionSeeker	false_fusion	2	1	False_Call
ENSG00000115762:ENSG00000284604	85%	10GB	positive	FusionSeeker	false_fusion	2	1	False_Call
ENSG00000115762:ENSG00000284604	90%	100GB	negative	FusionSeeker	false_fusion	26	1	False_Call
ENSG00000115762:ENSG00000284604	90%	100GB	positive	FusionSeeker	false_fusion	38	1	False_Call
ENSG00000115762:ENSG00000284604	90%	10GB	positive	FusionSeeker	false_fusion	2	1	False_Call
ENSG00000115762:ENSG00000284604	95%	100GB	negative	FusionSeeker	false_fusion	41	1	False_Call
ENSG00000115762:ENSG00000284604	95%	100GB	positive	FusionSeeker	false_fusion	45	1	False_Call
ENSG00000115762:ENSG00000284604	95%	10GB	positive	FusionSeeker	false_fusion	5	1	False_Call
ENSG00000115947:ENSG00000204406	85%	100GB	negative	FusionSeeker	false_fusion	10	1	False_Call
ENSG00000115947:ENSG00000204406	85%	100GB	positive	FusionSeeker	false_fusion	12	1	False_Call
ENSG00000115947:ENSG00000204406	85%	10GB	positive	FusionSeeker	false_fusion	2	1	False_Call
ENSG00000115947:ENSG00000204406	90%	100GB	negative	FusionSeeker	false_fusion	5	1	False_Call
ENSG00000115947:ENSG00000204406	90%	100GB	positive	FusionSeeker	false_fusion	4	1	False_Call
ENSG00000115947:ENSG00000204406	90%	10GB	positive	FusionSeeker	false_fusion	2	1	False_Call
ENSG00000115947:ENSG00000204406	95%	100GB	negative	FusionSeeker	false_fusion	2	1	False_Call
ENSG00000116205:ENSG00000290106	85%	100GB	positive	Genion	reverse_order: hybrid	10	1	Partial_Recall
ENSG00000116205:ENSG00000290106	90%	100GB	positive	Genion	reverse_order: hybrid	8	1	Partial_Recall
ENSG00000116205:ENSG00000290106	95%	100GB	positive	Genion	reverse_order: hybrid	11	1	Partial_Recall
ENSG00000116473:ENSG00000091513	85%	100GB	negative	FusionSeeker	false_fusion	2	1	False_Call
ENSG00000116649:ENSG00000135744	85%	100GB	negative	FusionSeeker	false_fusion	2	1	False_Call
ENSG00000116668:ENSG00000226383	85%	100GB	negative	FusionSeeker	false_fusion	2	1	False_Call
ENSG00000116668:ENSG00000226383	90%	100GB	negative	FusionSeeker	false_fusion	7	1	False_Call
ENSG00000116668:ENSG00000226383	90%	100GB	positive	FusionSeeker	false_fusion	2	1	False_Call
ENSG00000116668:ENSG00000226383	95%	100GB	negative	FusionSeeker	false_fusion	4	1	False_Call
ENSG00000116668:ENSG00000226383	95%	100GB	positive	FusionSeeker	false_fusion	4	1	False_Call
ENSG00000117118:ENSG00000242222	85%	100GB	positive	FusionSeeker	false_fusion	2	1	False_Call
ENSG00000117139:ENSG00000127184	85%	100GB	negative	FusionSeeker	false_fusion	2	1	False_Call
ENSG00000117139:ENSG00000127184	85%	100GB	positive	FusionSeeker	false_fusion	4	1	False_Call
ENSG00000117151:ENSG00000169231	85%	100GB	positive	JAFFAL	false_fusion	16	2	False_Call
ENSG00000117151:ENSG00000169231	85%	100GB	positive	LongGF	false_fusion	37	2	False_Call
ENSG00000117151:ENSG00000169231	85%	10GB	positive	LongGF	false_fusion	2	1	False_Call
ENSG00000117151:ENSG00000169231	90%	100GB	positive	JAFFAL	false_fusion	15	2	False_Call
ENSG00000117151:ENSG00000169231	90%	100GB	positive	LongGF	false_fusion	26	2	False_Call
ENSG00000117151:ENSG00000169231	90%	10GB	positive	JAFFAL	false_fusion	2	2	False_Call
ENSG00000117151:ENSG00000169231	90%	10GB	positive	LongGF	false_fusion	2	2	False_Call
ENSG00000117151:ENSG00000169231	95%	100GB	positive	JAFFAL	false_fusion	20	2	False_Call
ENSG00000117151:ENSG00000169231	95%	100GB	positive	LongGF	false_fusion	37	2	False_Call
ENSG00000117151:ENSG00000169231	95%	10GB	positive	JAFFAL	false_fusion	2	2	False_Call
ENSG00000117151:ENSG00000169231	95%	10GB	positive	LongGF	false_fusion	3	2	False_Call
ENSG00000117151:ENSG00000231064	85%	100GB	positive	Genion	reverse_order: intra_chromosome	24	1	Partial_Recall
ENSG00000117151:ENSG00000231064	90%	100GB	positive	Genion	reverse_order: intra_chromosome	17	1	Partial_Recall
ENSG00000117151:ENSG00000231064	95%	100GB	positive	Genion	reverse_order: intra_chromosome	21	1	Partial_Recall
ENSG00000117153:ENSG00000258344	85%	100GB	negative	FusionSeeker	false_fusion	3	1	False_Call
ENSG00000117153:ENSG00000258344	90%	100GB	positive	FusionSeeker	false_fusion	2	1	False_Call
ENSG00000117394:ENSG00000167658	85%	100GB	negative	FusionSeeker	false_fusion	2	1	False_Call
ENSG00000117394:ENSG00000210082	85%	100GB	positive	FusionSeeker	false_fusion:mitochondrial_genomic	2	1	False_Call
ENSG00000117450:ENSG00000197099	85%	100GB	positive	FusionSeeker	false_fusion	2	1	False_Call
ENSG00000117523:ENSG00000227372	85%	100GB	positive	Genion	intra_chromosome	19	1	True_Recall
ENSG00000117523:ENSG00000227372	90%	100GB	positive	CTAT-LR-Fusion	intra_chromosome	19	2	True_Recall
ENSG00000117523:ENSG00000227372	90%	100GB	positive	Genion	intra_chromosome	17	2	True_Recall
ENSG00000117523:ENSG00000227372	90%	10GB	positive	CTAT-LR-Fusion	intra_chromosome	4	1	True_Recall
ENSG00000117523:ENSG00000227372	95%	100GB	positive	CTAT-LR-Fusion	intra_chromosome	16	2	True_Recall
ENSG00000117523:ENSG00000227372	95%	100GB	positive	Genion	intra_chromosome	19	2	True_Recall
ENSG00000117523:ENSG00000227372	95%	10GB	positive	CTAT-LR-Fusion	intra_chromosome	3	1	True_Recall
ENSG00000117598:ENSG00000232825	85%	100GB	negative	FusionSeeker	false_fusion	3	1	False_Call
ENSG00000117598:ENSG00000232825	85%	100GB	positive	FusionSeeker	false_fusion	3	1	False_Call
ENSG00000117598:ENSG00000234009	85%	100GB	positive	FusionSeeker	false_fusion	2	1	False_Call
ENSG00000117598:ENSG00000235264	85%	100GB	negative	FusionSeeker	false_fusion	2	1	False_Call
ENSG00000117758:ENSG00000159176	85%	100GB	positive	FusionSeeker	intra_chromosome	42	4	True_Recall
ENSG00000117758:ENSG00000159176	85%	100GB	positive	Genion	intra_chromosome	17	4	True_Recall
ENSG00000117758:ENSG00000159176	85%	100GB	positive	JAFFAL	intra_chromosome	10	4	True_Recall
ENSG00000117758:ENSG00000159176	85%	100GB	positive	LongGF	intra_chromosome	10	4	True_Recall
ENSG00000117758:ENSG00000159176	90%	100GB	positive	CTAT-LR-Fusion	intra_chromosome	11	5	True_Recall
ENSG00000117758:ENSG00000159176	90%	100GB	positive	FusionSeeker	intra_chromosome	35	5	True_Recall
ENSG00000117758:ENSG00000159176	90%	100GB	positive	Genion	intra_chromosome	20	5	True_Recall
ENSG00000117758:ENSG00000159176	90%	100GB	positive	JAFFAL	intra_chromosome	13	5	True_Recall
ENSG00000117758:ENSG00000159176	90%	100GB	positive	LongGF	intra_chromosome	14	5	True_Recall
ENSG00000117758:ENSG00000159176	90%	10GB	positive	CTAT-LR-Fusion	intra_chromosome	2	3	True_Recall
ENSG00000117758:ENSG00000159176	90%	10GB	positive	FusionSeeker	intra_chromosome	2	3	True_Recall
ENSG00000117758:ENSG00000159176	90%	10GB	positive	LongGF	intra_chromosome	2	3	True_Recall
ENSG00000117758:ENSG00000159176	95%	100GB	positive	CTAT-LR-Fusion	intra_chromosome	16	5	True_Recall
ENSG00000117758:ENSG00000159176	95%	100GB	positive	FusionSeeker	intra_chromosome	47	5	True_Recall
ENSG00000117758:ENSG00000159176	95%	100GB	positive	Genion	intra_chromosome	28	5	True_Recall
ENSG00000117758:ENSG00000159176	95%	100GB	positive	JAFFAL	intra_chromosome	26	5	True_Recall
ENSG00000117758:ENSG00000159176	95%	100GB	positive	LongGF	intra_chromosome	24	5	True_Recall
ENSG00000117758:ENSG00000159176	95%	10GB	positive	CTAT-LR-Fusion	intra_chromosome	2	5	True_Recall
ENSG00000117758:ENSG00000159176	95%	10GB	positive	FusionSeeker	intra_chromosome	2	5	True_Recall
ENSG00000117758:ENSG00000159176	95%	10GB	positive	GFSeeker	intra_chromosome	2	5	True_Recall
ENSG00000117758:ENSG00000159176	95%	10GB	positive	JAFFAL	intra_chromosome	2	5	True_Recall
ENSG00000117758:ENSG00000159176	95%	10GB	positive	LongGF	intra_chromosome	2	5	True_Recall
ENSG00000117984:ENSG00000244242	85%	100GB	negative	Genion	false_fusion	6	1	False_Call
ENSG00000117984:ENSG00000244242	85%	100GB	positive	Genion	false_fusion	3	1	False_Call
ENSG00000118058:ENSG00000167283	90%	100GB	positive	Genion	false_fusion	2	1	False_Call
ENSG00000118137:ENSG00000087086	85%	100GB	positive	FusionSeeker	false_fusion	2	1	False_Call
ENSG00000118137:ENSG00000087460	90%	100GB	positive	FusionSeeker	false_fusion	2	1	False_Call
ENSG00000118137:ENSG00000091513	95%	100GB	negative	FusionSeeker	false_fusion	2	1	False_Call
ENSG00000118137:ENSG00000101439	85%	100GB	negative	FusionSeeker	false_fusion	2	1	False_Call
ENSG00000118137:ENSG00000131143	90%	100GB	positive	FusionSeeker	false_fusion	2	2	False_Call
ENSG00000118137:ENSG00000131143	90%	100GB	positive	LongGF	false_fusion	2	2	False_Call
ENSG00000118137:ENSG00000145425	95%	100GB	positive	FusionSeeker	false_fusion	2	1	False_Call
ENSG00000118137:ENSG00000156508	95%	100GB	negative	LongGF	false_fusion	2	1	False_Call
ENSG00000118137:ENSG00000163631	85%	100GB	positive	FusionSeeker	false_fusion	2	1	False_Call
ENSG00000118137:ENSG00000168028	90%	100GB	negative	FusionSeeker	false_fusion	2	2	False_Call
ENSG00000118137:ENSG00000168028	90%	100GB	negative	LongGF	false_fusion	2	2	False_Call
ENSG00000118137:ENSG00000171560	95%	100GB	positive	FusionSeeker	false_fusion	2	1	False_Call
ENSG00000118137:ENSG00000185825	90%	100GB	positive	FusionSeeker	false_fusion	2	1	False_Call
ENSG00000118137:ENSG00000196262	85%	100GB	positive	FusionSeeker	false_fusion	2	2	False_Call
ENSG00000118137:ENSG00000196262	85%	100GB	positive	LongGF	false_fusion	2	2	False_Call
ENSG00000118137:ENSG00000197249	90%	100GB	negative	FusionSeeker	false_fusion	3	1	False_Call
ENSG00000118137:ENSG00000197249	95%	10GB	positive	GFSeeker	false_fusion	2	1	False_Call
ENSG00000118137:ENSG00000198712	90%	100GB	positive	FusionSeeker	false_fusion:mitochondrial_genomic	2	1	False_Call
ENSG00000118137:ENSG00000198712	95%	100GB	negative	FusionSeeker	false_fusion:mitochondrial_genomic	2	1	False_Call
ENSG00000118137:ENSG00000198727	90%	100GB	negative	FusionSeeker	false_fusion:mitochondrial_genomic	2	1	False_Call
ENSG00000118137:ENSG00000198763	85%	100GB	positive	FusionSeeker	false_fusion:mitochondrial_genomic	2	1	False_Call
ENSG00000118137:ENSG00000204628	90%	100GB	negative	FusionSeeker	false_fusion	2	1	False_Call
ENSG00000118137:ENSG00000210082	85%	100GB	positive	FusionSeeker	false_fusion:mitochondrial_genomic	4	1	False_Call
ENSG00000118137:ENSG00000210082	90%	100GB	positive	FusionSeeker	false_fusion:mitochondrial_genomic	4	1	False_Call
ENSG00000118137:ENSG00000210082	95%	100GB	positive	FusionSeeker	false_fusion:mitochondrial_genomic	2	1	False_Call
ENSG00000118137:ENSG00000231500	90%	100GB	negative	FusionSeeker	false_fusion	2	1	False_Call
ENSG00000118137:ENSG00000231500	90%	10GB	negative	GFSeeker	false_fusion	2	1	False_Call
ENSG00000118137:ENSG00000231500	95%	100GB	negative	FusionSeeker	false_fusion	2	1	False_Call
ENSG00000118137:ENSG00000231500	95%	10GB	negative	GFSeeker	false_fusion	2	1	False_Call
ENSG00000118137:ENSG00000233276	95%	100GB	negative	FusionSeeker	false_fusion	2	1	False_Call
ENSG00000118137:ENSG00000273259	95%	100GB	positive	FusionSeeker	false_fusion	2	2	False_Call
ENSG00000118137:ENSG00000273259	95%	100GB	positive	LongGF	false_fusion	2	2	False_Call
ENSG00000118181:ENSG00000087086	90%	100GB	positive	FusionSeeker	false_fusion	2	1	False_Call
ENSG00000118181:ENSG00000197249	90%	100GB	negative	FusionSeeker	false_fusion	2	1	False_Call
ENSG00000118412:ENSG00000177058	85%	10GB	positive	GFSeeker	reverse_order:truncated_tri_fusion	2	1	Partial_Recall
ENSG00000118412:ENSG00000177058	95%	10GB	positive	GFSeeker	reverse_order:truncated_tri_fusion	5	1	Partial_Recall
ENSG00000118412:ENSG00000177058	95%	1GB	positive	GFSeeker	reverse_order:truncated_tri_fusion	2	1	Partial_Recall
ENSG00000118507:ENSG00000290067	85%	100GB	negative	FusionSeeker	false_fusion:Sense-Antisense	7	1	False_Call
ENSG00000118507:ENSG00000290067	85%	100GB	positive	FusionSeeker	false_fusion:Sense-Antisense	8	1	False_Call
ENSG00000118507:ENSG00000290067	85%	10GB	positive	FusionSeeker	false_fusion:Sense-Antisense	2	1	False_Call
ENSG00000118507:ENSG00000290067	90%	100GB	negative	FusionSeeker	false_fusion:Sense-Antisense	12	1	False_Call
ENSG00000118507:ENSG00000290067	90%	100GB	positive	FusionSeeker	false_fusion:Sense-Antisense	10	1	False_Call
ENSG00000118507:ENSG00000290067	95%	100GB	negative	FusionSeeker	false_fusion:Sense-Antisense	4	1	False_Call
ENSG00000118507:ENSG00000290067	95%	100GB	positive	FusionSeeker	false_fusion:Sense-Antisense	3	1	False_Call
ENSG00000118690:ENSG00000106246	85%	100GB	positive	FusionSeeker	false_fusion	2	1	False_Call
ENSG00000118960:ENSG00000240484	85%	100GB	positive	Genion	truncated_tri_fusion	7	1	Partial_Recall
ENSG00000118960:ENSG00000240484	90%	100GB	positive	Genion	truncated_tri_fusion	8	1	Partial_Recall
ENSG00000118960:ENSG00000240484	95%	100GB	positive	Genion	truncated_tri_fusion	6	1	Partial_Recall
ENSG00000119314:ENSG00000215374	95%	100GB	positive	JAFFAL	false_fusion	4	1	False_Call
ENSG00000119314:ENSG00000226711	90%	100GB	positive	Genion	hybrid	34	2	True_Recall
ENSG00000119314:ENSG00000226711	90%	100GB	positive	JAFFAL	hybrid	3	2	True_Recall
ENSG00000119314:ENSG00000226711	95%	100GB	positive	Genion	hybrid	32	2	True_Recall
ENSG00000119314:ENSG00000226711	95%	100GB	positive	JAFFAL	hybrid	17	2	True_Recall
ENSG00000119314:ENSG00000288075	95%	100GB	positive	JAFFAL	false_fusion	2	1	False_Call
ENSG00000119535:ENSG00000145901	85%	100GB	positive	FusionSeeker	reverse_order: hybrid	79	1	Partial_Recall
ENSG00000119535:ENSG00000145901	85%	10GB	positive	FusionSeeker	reverse_order: hybrid	3	1	Partial_Recall
ENSG00000119535:ENSG00000145901	90%	100GB	positive	FusionSeeker	reverse_order: hybrid	99	1	Partial_Recall
ENSG00000119535:ENSG00000145901	90%	10GB	positive	FusionSeeker	reverse_order: hybrid	4	1	Partial_Recall
ENSG00000119535:ENSG00000145901	95%	100GB	positive	FusionSeeker	reverse_order: hybrid	53	1	Partial_Recall
ENSG00000119535:ENSG00000145901	95%	10GB	positive	FusionSeeker	reverse_order: hybrid	6	1	Partial_Recall
ENSG00000119599:ENSG00000130255	85%	100GB	negative	FusionSeeker	false_fusion	62	1	False_Call
ENSG00000119599:ENSG00000130255	85%	100GB	positive	FusionSeeker	false_fusion	45	1	False_Call
ENSG00000119599:ENSG00000130255	85%	10GB	negative	FusionSeeker	false_fusion	7	1	False_Call
ENSG00000119599:ENSG00000130255	85%	10GB	positive	FusionSeeker	false_fusion	5	1	False_Call
ENSG00000119599:ENSG00000130255	90%	100GB	negative	FusionSeeker	false_fusion	12	1	False_Call
ENSG00000119599:ENSG00000130255	90%	100GB	positive	FusionSeeker	false_fusion	8	1	False_Call
ENSG00000119599:ENSG00000130255	95%	100GB	negative	FusionSeeker	false_fusion	2	1	False_Call
ENSG00000119685:ENSG00000167395	85%	100GB	positive	JAFFAL	false_fusion	7	1	False_Call
ENSG00000119685:ENSG00000167395	90%	100GB	positive	JAFFAL	false_fusion	21	1	False_Call
ENSG00000119685:ENSG00000167395	95%	100GB	positive	JAFFAL	false_fusion	34	1	False_Call
ENSG00000119685:ENSG00000167395	95%	10GB	positive	JAFFAL	false_fusion	2	1	False_Call
ENSG00000119686:ENSG00000121653:ENSG00000167395	90%	100GB	positive	Genion	wrong_order:tri_fusion	12	1	Partial_Recall
ENSG00000119686:ENSG00000121653:ENSG00000167395	95%	100GB	positive	Genion	wrong_order:tri_fusion	26	1	Partial_Recall
ENSG00000119686:ENSG00000167395	85%	100GB	positive	FusionSeeker	truncated_tri_fusion	16	2	Partial_Recall
ENSG00000119686:ENSG00000167395	85%	100GB	positive	Genion	truncated_tri_fusion	13	2	Partial_Recall
ENSG00000119686:ENSG00000167395	90%	100GB	positive	CTAT-LR-Fusion	truncated_tri_fusion	11	4	Partial_Recall
ENSG00000119686:ENSG00000167395	90%	100GB	positive	FusionSeeker	truncated_tri_fusion	28	4	Partial_Recall
ENSG00000119686:ENSG00000167395	90%	100GB	positive	Genion	truncated_tri_fusion	15	4	Partial_Recall
ENSG00000119686:ENSG00000167395	90%	100GB	positive	LongGF	truncated_tri_fusion	3	4	Partial_Recall
ENSG00000119686:ENSG00000167395	95%	100GB	positive	CTAT-LR-Fusion	truncated_tri_fusion	24	4	Partial_Recall
ENSG00000119686:ENSG00000167395	95%	100GB	positive	FusionSeeker	truncated_tri_fusion	38	4	Partial_Recall
ENSG00000119686:ENSG00000167395	95%	100GB	positive	Genion	truncated_tri_fusion	11	4	Partial_Recall
ENSG00000119686:ENSG00000167395	95%	100GB	positive	LongGF	truncated_tri_fusion	5	4	Partial_Recall
ENSG00000119686:ENSG00000167395	95%	10GB	positive	FusionSeeker	truncated_tri_fusion	2	1	Partial_Recall
ENSG00000119720:ENSG00000178460	85%	100GB	positive	FusionSeeker	false_fusion	69	1	False_Call
ENSG00000119720:ENSG00000178460	85%	10GB	positive	FusionSeeker	false_fusion	7	1	False_Call
ENSG00000119720:ENSG00000178460	90%	100GB	positive	FusionSeeker	false_fusion	128	1	False_Call
ENSG00000119720:ENSG00000178460	95%	100GB	positive	FusionSeeker	false_fusion	156	1	False_Call
ENSG00000119720:ENSG00000245910	85%	100GB	positive	JAFFAL	truncated_tri_fusion	13	1	Partial_Recall
ENSG00000119720:ENSG00000245910	85%	10GB	positive	JAFFAL	truncated_tri_fusion	2	1	Partial_Recall
ENSG00000119720:ENSG00000245910	90%	100GB	positive	JAFFAL	truncated_tri_fusion	24	1	Partial_Recall
ENSG00000119720:ENSG00000245910	95%	100GB	positive	JAFFAL	truncated_tri_fusion	29	1	Partial_Recall
ENSG00000119720:ENSG00000245910:ENSG00000108465	85%	100GB	positive	JAFFAL	tri_fusion	2	1	True_Recall
ENSG00000119720:ENSG00000245910:ENSG00000108465	90%	100GB	positive	JAFFAL	tri_fusion	7	1	True_Recall
ENSG00000119720:ENSG00000245910:ENSG00000108465	95%	100GB	positive	JAFFAL	tri_fusion	6	1	True_Recall
ENSG00000119720:ENSG00000263798	85%	100GB	positive	FusionSeeker	false_fusion	5	1	False_Call
ENSG00000119720:ENSG00000263798	90%	100GB	positive	FusionSeeker	false_fusion	33	1	False_Call
ENSG00000119720:ENSG00000263798	95%	100GB	positive	FusionSeeker	false_fusion	22	1	False_Call
ENSG00000119820:ENSG00000272754	85%	100GB	positive	Genion	false_fusion	8	1	False_Call
ENSG00000119820:ENSG00000272754	95%	100GB	negative	Genion	false_fusion	2	1	False_Call
ENSG00000119888:ENSG00000225356	90%	100GB	negative	FusionSeeker	false_fusion	2	1	False_Call
ENSG00000119888:ENSG00000225356	90%	100GB	positive	FusionSeeker	false_fusion	2	1	False_Call
ENSG00000119899:ENSG00000146223	85%	100GB	positive	Genion	intra_chromosome	35	2	True_Recall
ENSG00000119899:ENSG00000146223	85%	100GB	positive	JAFFAL	intra_chromosome	15	2	True_Recall
ENSG00000119899:ENSG00000146223	85%	10GB	positive	Genion	intra_chromosome	10	2	True_Recall
ENSG00000119899:ENSG00000146223	85%	10GB	positive	JAFFAL	intra_chromosome	6	2	True_Recall
ENSG00000119899:ENSG00000146223	90%	100GB	positive	Genion	intra_chromosome	52	2	True_Recall
ENSG00000119899:ENSG00000146223	90%	100GB	positive	JAFFAL	intra_chromosome	45	2	True_Recall
ENSG00000119899:ENSG00000146223	90%	10GB	positive	GFSeeker	intra_chromosome	3	2	True_Recall
ENSG00000119899:ENSG00000146223	90%	10GB	positive	JAFFAL	intra_chromosome	2	2	True_Recall
ENSG00000119899:ENSG00000146223	95%	100GB	positive	CTAT-LR-Fusion	intra_chromosome	14	3	True_Recall
ENSG00000119899:ENSG00000146223	95%	100GB	positive	Genion	intra_chromosome	38	3	True_Recall
ENSG00000119899:ENSG00000146223	95%	100GB	positive	JAFFAL	intra_chromosome	38	3	True_Recall
ENSG00000119899:ENSG00000146223	95%	10GB	positive	GFSeeker	intra_chromosome	2	2	True_Recall
ENSG00000119899:ENSG00000146223	95%	10GB	positive	JAFFAL	intra_chromosome	2	2	True_Recall
ENSG00000120324:ENSG00000279068	85%	100GB	positive	Genion	false_fusion	2	1	False_Call
ENSG00000120437:ENSG00000120438	85%	100GB	positive	FusionSeeker	false_fusion	22	1	False_Call
ENSG00000120437:ENSG00000120438	85%	10GB	positive	FusionSeeker	false_fusion	2	1	False_Call
ENSG00000120437:ENSG00000120438	90%	100GB	positive	FusionSeeker	false_fusion	36	1	False_Call
ENSG00000120437:ENSG00000120438	90%	10GB	positive	FusionSeeker	false_fusion	3	1	False_Call
ENSG00000120437:ENSG00000120438	95%	100GB	positive	FusionSeeker	false_fusion	61	1	False_Call
ENSG00000120437:ENSG00000120438	95%	10GB	positive	FusionSeeker	false_fusion	7	1	False_Call
ENSG00000120784:ENSG00000083097	85%	100GB	positive	FusionSeeker	false_fusion	27	1	False_Call
ENSG00000120784:ENSG00000083097	90%	100GB	positive	FusionSeeker	false_fusion	29	1	False_Call
ENSG00000120784:ENSG00000083097	90%	10GB	positive	FusionSeeker	false_fusion	3	1	False_Call
ENSG00000120784:ENSG00000083097	95%	100GB	positive	FusionSeeker	false_fusion	44	1	False_Call
ENSG00000120784:ENSG00000083097	95%	10GB	positive	FusionSeeker	false_fusion	8	1	False_Call
ENSG00000120896:ENSG00000221947	85%	100GB	positive	FusionSeeker	reverse_order: intra_chromosome	14	2	Partial_Recall
ENSG00000120896:ENSG00000221947	85%	100GB	positive	Genion	reverse_order: intra_chromosome	15	2	Partial_Recall
ENSG00000120896:ENSG00000221947	90%	100GB	positive	FusionSeeker	reverse_order: intra_chromosome	26	3	Partial_Recall
ENSG00000120896:ENSG00000221947	90%	100GB	positive	Genion	reverse_order: intra_chromosome	26	3	Partial_Recall
ENSG00000120896:ENSG00000221947	90%	100GB	positive	LongGF	reverse_order: intra_chromosome	9	3	Partial_Recall
ENSG00000120896:ENSG00000221947	90%	10GB	positive	FusionSeeker	reverse_order: intra_chromosome	3	2	Partial_Recall
ENSG00000120896:ENSG00000221947	90%	10GB	positive	GFSeeker	reverse_order: intra_chromosome	3	2	Partial_Recall
ENSG00000120896:ENSG00000221947	95%	100GB	positive	FusionSeeker	reverse_order: intra_chromosome	33	3	Partial_Recall
ENSG00000120896:ENSG00000221947	95%	100GB	positive	Genion	reverse_order: intra_chromosome	33	3	Partial_Recall
ENSG00000120896:ENSG00000221947	95%	100GB	positive	LongGF	reverse_order: intra_chromosome	21	3	Partial_Recall
ENSG00000120896:ENSG00000221947	95%	10GB	positive	FusionSeeker	reverse_order: intra_chromosome	2	2	Partial_Recall
ENSG00000120896:ENSG00000221947	95%	10GB	positive	GFSeeker	reverse_order: intra_chromosome	2	2	Partial_Recall
ENSG00000121281:ENSG00000159712	85%	100GB	positive	FusionSeeker	false_fusion	36	1	False_Call
ENSG00000121281:ENSG00000159712	90%	100GB	positive	FusionSeeker	false_fusion	32	1	False_Call
ENSG00000121281:ENSG00000159712	95%	100GB	positive	FusionSeeker	false_fusion	30	1	False_Call
ENSG00000121281:ENSG00000159712	95%	10GB	positive	FusionSeeker	false_fusion	8	1	False_Call
ENSG00000121281:ENSG00000188801	85%	100GB	positive	Genion	hybrid	35	1	True_Recall
ENSG00000121281:ENSG00000188801	90%	100GB	positive	Genion	hybrid	31	1	True_Recall
ENSG00000121281:ENSG00000188801	95%	100GB	positive	Genion	hybrid	30	1	True_Recall
ENSG00000121281:ENSG00000188801	95%	10GB	positive	Genion	hybrid	8	1	True_Recall
ENSG00000121410:ENSG00000174586	85%	100GB	positive	Genion	false_fusion	2	1	False_Call
ENSG00000121578:ENSG00000114638	90%	10GB	positive	GFSeeker	reverse_order: read_through	3	1	Partial_Recall
ENSG00000121653:ENSG00000119686	85%	100GB	positive	FusionSeeker	truncated_tri_fusion	2	1	Partial_Recall
ENSG00000121653:ENSG00000119686	90%	100GB	positive	FusionSeeker	truncated_tri_fusion	11	1	Partial_Recall
ENSG00000121653:ENSG00000119686	95%	100GB	positive	FusionSeeker	truncated_tri_fusion	31	2	Partial_Recall
ENSG00000121653:ENSG00000119686	95%	100GB	positive	JAFFAL	truncated_tri_fusion	5	2	Partial_Recall
ENSG00000121653:ENSG00000167395	85%	100GB	positive	FusionSeeker	truncated_tri_fusion	6	1	Partial_Recall
ENSG00000121653:ENSG00000167395	90%	100GB	positive	FusionSeeker	truncated_tri_fusion	12	1	Partial_Recall
ENSG00000121653:ENSG00000167395	95%	100GB	positive	FusionSeeker	truncated_tri_fusion	28	1	Partial_Recall
ENSG00000121988:ENSG00000082805	85%	100GB	positive	JAFFAL	false_fusion	5	1	False_Call
ENSG00000121988:ENSG00000082805	90%	100GB	positive	JAFFAL	false_fusion	3	1	False_Call
ENSG00000121988:ENSG00000082805	95%	100GB	positive	JAFFAL	false_fusion	2	1	False_Call
ENSG00000122218:ENSG00000120437	85%	100GB	positive	FusionSeeker	false_fusion	8	1	False_Call
ENSG00000122218:ENSG00000120437	90%	100GB	positive	FusionSeeker	false_fusion	65	1	False_Call
ENSG00000122218:ENSG00000120437	95%	100GB	positive	FusionSeeker	false_fusion	166	1	False_Call
ENSG00000122218:ENSG00000120438	85%	100GB	positive	FusionSeeker	hybrid	16	1	True_Recall
ENSG00000122218:ENSG00000120438	90%	100GB	positive	FusionSeeker	hybrid	92	1	True_Recall
ENSG00000122218:ENSG00000120438	95%	100GB	positive	FusionSeeker	hybrid	287	1	True_Recall
ENSG00000122406:ENSG00000071082	95%	100GB	negative	FusionSeeker	false_fusion	2	1	False_Call
ENSG00000122406:ENSG00000087086	85%	100GB	negative	FusionSeeker	false_fusion	2	1	False_Call
ENSG00000122406:ENSG00000087086	90%	100GB	positive	FusionSeeker	false_fusion	2	1	False_Call
ENSG00000122406:ENSG00000117598	85%	100GB	negative	FusionSeeker	false_fusion	261	1	False_Call
ENSG00000122406:ENSG00000117598	85%	100GB	positive	FusionSeeker	false_fusion	243	1	False_Call
ENSG00000122406:ENSG00000117598	85%	10GB	negative	FusionSeeker	false_fusion	26	1	False_Call
ENSG00000122406:ENSG00000117598	85%	10GB	positive	FusionSeeker	false_fusion	28	1	False_Call
ENSG00000122406:ENSG00000117598	85%	1GB	negative	FusionSeeker	false_fusion	2	1	False_Call
ENSG00000122406:ENSG00000117598	85%	1GB	positive	FusionSeeker	false_fusion	2	1	False_Call
ENSG00000122406:ENSG00000117598	90%	100GB	negative	FusionSeeker	false_fusion	123	1	False_Call
ENSG00000122406:ENSG00000117598	90%	100GB	positive	FusionSeeker	false_fusion	119	1	False_Call
ENSG00000122406:ENSG00000117598	90%	10GB	positive	FusionSeeker	false_fusion	10	1	False_Call
ENSG00000122406:ENSG00000117598	95%	100GB	negative	FusionSeeker	false_fusion	15	1	False_Call
ENSG00000122406:ENSG00000117598	95%	100GB	positive	FusionSeeker	false_fusion	15	1	False_Call
ENSG00000122406:ENSG00000117598	95%	10GB	positive	FusionSeeker	false_fusion	2	1	False_Call
ENSG00000122406:ENSG00000142534	85%	100GB	positive	FusionSeeker	false_fusion	2	1	False_Call
ENSG00000122406:ENSG00000151468	85%	100GB	negative	FusionSeeker	false_fusion	2	1	False_Call
ENSG00000122406:ENSG00000151468	85%	100GB	positive	FusionSeeker	false_fusion	2	1	False_Call
ENSG00000122406:ENSG00000158874	90%	100GB	negative	FusionSeeker	false_fusion	2	1	False_Call
ENSG00000122406:ENSG00000163631	95%	100GB	positive	FusionSeeker	false_fusion	2	1	False_Call
ENSG00000122406:ENSG00000170315	90%	100GB	positive	FusionSeeker	false_fusion	2	1	False_Call
ENSG00000122406:ENSG00000197249	95%	100GB	positive	FusionSeeker	false_fusion	2	1	False_Call
ENSG00000122406:ENSG00000286110	85%	100GB	negative	FusionSeeker	false_fusion	2	1	False_Call
ENSG00000122512:ENSG00000228546	90%	100GB	positive	FusionSeeker	false_fusion	2	1	False_Call
ENSG00000122512:ENSG00000291092	95%	100GB	positive	FusionSeeker	false_fusion	2	1	False_Call
ENSG00000122512:ENSG00000291178	95%	100GB	positive	FusionSeeker	false_fusion	2	1	False_Call
ENSG00000122545:ENSG00000136928	85%	100GB	positive	FusionSeeker	false_fusion	2	1	False_Call
ENSG00000123009:ENSG00000011052	85%	100GB	positive	FusionSeeker	false_fusion	3	1	False_Call
ENSG00000123124:ENSG00000176623	90%	100GB	positive	FusionSeeker	false_fusion	17	1	False_Call
ENSG00000123124:ENSG00000176623	95%	100GB	positive	FusionSeeker	false_fusion	17	1	False_Call
ENSG00000123191:ENSG00000181927	85%	100GB	positive	JAFFAL	false_fusion	5	1	False_Call
ENSG00000123191:ENSG00000181927	90%	100GB	positive	JAFFAL	false_fusion	10	1	False_Call
ENSG00000123191:ENSG00000181927	90%	10GB	positive	JAFFAL	false_fusion	3	1	False_Call
ENSG00000123191:ENSG00000181927	95%	100GB	positive	JAFFAL	false_fusion	22	1	False_Call
ENSG00000123416:ENSG00000198840	85%	100GB	positive	FusionSeeker	false_fusion:mitochondrial_genomic	2	1	False_Call
ENSG00000123416:ENSG00000198840	85%	100GB	positive	LongGF	false_fusion	2	1	False_Call
ENSG00000123728:ENSG00000232160	85%	100GB	negative	FusionSeeker	false_fusion	4	1	False_Call
ENSG00000123728:ENSG00000232160	85%	100GB	positive	FusionSeeker	false_fusion	2	1	False_Call
ENSG00000124155:ENSG00000182621	85%	100GB	positive	Genion	reverse_order: intra_chromosome	45	1	Partial_Recall
ENSG00000124155:ENSG00000182621	90%	100GB	positive	Genion	reverse_order: intra_chromosome	42	1	Partial_Recall
ENSG00000124155:ENSG00000182621	95%	100GB	positive	Genion	reverse_order: intra_chromosome	42	2	Partial_Recall
ENSG00000124155:ENSG00000182621	95%	100GB	positive	LongGF	reverse_order: intra_chromosome	4	2	Partial_Recall
ENSG00000124155:ENSG00000182621	95%	10GB	positive	GFSeeker	reverse_order: intra_chromosome	4	1	Partial_Recall
ENSG00000124333:ENSG00000235059	85%	100GB	positive	FusionSeeker	false_fusion	8	2	False_Call
ENSG00000124333:ENSG00000235059	85%	100GB	positive	Genion	false_fusion	8	2	False_Call
ENSG00000124333:ENSG00000235059	85%	10GB	positive	FusionSeeker	false_fusion	2	1	False_Call
ENSG00000124333:ENSG00000235059	90%	100GB	positive	FusionSeeker	false_fusion	12	2	False_Call
ENSG00000124333:ENSG00000235059	90%	100GB	positive	Genion	false_fusion	11	2	False_Call
ENSG00000124333:ENSG00000235059	95%	100GB	positive	FusionSeeker	false_fusion	19	2	False_Call
ENSG00000124333:ENSG00000235059	95%	100GB	positive	Genion	false_fusion	16	2	False_Call
ENSG00000124333:ENSG00000235059	95%	10GB	positive	FusionSeeker	false_fusion	2	1	False_Call
ENSG00000124333:ENSG00000236951	85%	100GB	positive	FusionSeeker	false_fusion	4	1	False_Call
ENSG00000124333:ENSG00000236951	90%	100GB	positive	FusionSeeker	false_fusion	4	1	False_Call
ENSG00000124333:ENSG00000236951	95%	100GB	positive	FusionSeeker	false_fusion	14	2	False_Call
ENSG00000124333:ENSG00000236951	95%	100GB	positive	Genion	false_fusion	15	2	False_Call
ENSG00000124333:ENSG00000236951	95%	10GB	positive	FusionSeeker	false_fusion	2	1	False_Call
ENSG00000124486:ENSG00000124523	85%	100GB	positive	LongGF	reverse_order:truncated_tri_fusion	24	1	Partial_Recall
ENSG00000124486:ENSG00000124523	85%	10GB	positive	LongGF	reverse_order:truncated_tri_fusion	2	1	Partial_Recall
ENSG00000124486:ENSG00000124523	90%	100GB	positive	LongGF	reverse_order:truncated_tri_fusion	32	1	Partial_Recall
ENSG00000124486:ENSG00000124523	90%	10GB	positive	GFSeeker	reverse_order:truncated_tri_fusion	3	2	Partial_Recall
ENSG00000124486:ENSG00000124523	90%	10GB	positive	LongGF	reverse_order:truncated_tri_fusion	3	2	Partial_Recall
ENSG00000124486:ENSG00000124523	95%	100GB	positive	LongGF	reverse_order:truncated_tri_fusion	35	1	Partial_Recall
ENSG00000124486:ENSG00000124523	95%	10GB	positive	GFSeeker	reverse_order:truncated_tri_fusion	2	1	Partial_Recall
ENSG00000124523:ENSG00000124486	85%	100GB	positive	CTAT-LR-Fusion	truncated_tri_fusion	29	3	Partial_Recall
ENSG00000124523:ENSG00000124486	85%	100GB	positive	FusionSeeker	truncated_tri_fusion	36	3	Partial_Recall
ENSG00000124523:ENSG00000124486	85%	100GB	positive	JAFFAL	truncated_tri_fusion	35	3	Partial_Recall
ENSG00000124523:ENSG00000124486	85%	10GB	positive	CTAT-LR-Fusion	truncated_tri_fusion	2	3	Partial_Recall
ENSG00000124523:ENSG00000124486	85%	10GB	positive	FusionSeeker	truncated_tri_fusion	2	3	Partial_Recall
ENSG00000124523:ENSG00000124486	85%	10GB	positive	JAFFAL	truncated_tri_fusion	2	3	Partial_Recall
ENSG00000124523:ENSG00000124486	90%	100GB	positive	CTAT-LR-Fusion	truncated_tri_fusion	38	3	Partial_Recall
ENSG00000124523:ENSG00000124486	90%	100GB	positive	FusionSeeker	truncated_tri_fusion	37	3	Partial_Recall
ENSG00000124523:ENSG00000124486	90%	100GB	positive	JAFFAL	truncated_tri_fusion	34	3	Partial_Recall
ENSG00000124523:ENSG00000124486	90%	10GB	positive	CTAT-LR-Fusion	truncated_tri_fusion	3	3	Partial_Recall
ENSG00000124523:ENSG00000124486	90%	10GB	positive	FusionSeeker	truncated_tri_fusion	3	3	Partial_Recall
ENSG00000124523:ENSG00000124486	90%	10GB	positive	JAFFAL	truncated_tri_fusion	3	3	Partial_Recall
ENSG00000124523:ENSG00000124486	95%	100GB	positive	CTAT-LR-Fusion	truncated_tri_fusion	39	3	Partial_Recall
ENSG00000124523:ENSG00000124486	95%	100GB	positive	FusionSeeker	truncated_tri_fusion	40	3	Partial_Recall
ENSG00000124523:ENSG00000124486	95%	100GB	positive	JAFFAL	truncated_tri_fusion	40	3	Partial_Recall
ENSG00000124523:ENSG00000124486	95%	10GB	positive	CTAT-LR-Fusion	truncated_tri_fusion	2	3	Partial_Recall
ENSG00000124523:ENSG00000124486	95%	10GB	positive	FusionSeeker	truncated_tri_fusion	2	3	Partial_Recall
ENSG00000124523:ENSG00000124486	95%	10GB	positive	JAFFAL	truncated_tri_fusion	2	3	Partial_Recall
ENSG00000124562:ENSG00000211459	85%	100GB	positive	FusionSeeker	false_fusion:mitochondrial_genomic	2	1	False_Call
ENSG00000124588:ENSG00000274855	85%	100GB	negative	Genion	false_fusion	2	1	False_Call
ENSG00000124614:ENSG00000197249	95%	100GB	negative	JAFFAL	false_fusion	2	1	False_Call
ENSG00000124787:ENSG00000106819	85%	10GB	positive	GFSeeker	reverse_order:truncated_tri_fusion	2	1	Partial_Recall
ENSG00000124787:ENSG00000106819	90%	10GB	positive	GFSeeker	reverse_order:truncated_tri_fusion	3	1	Partial_Recall
ENSG00000124787:ENSG00000188312	85%	100GB	positive	FusionSeeker	false_fusion	43	1	False_Call
ENSG00000124787:ENSG00000188312	85%	10GB	positive	FusionSeeker	false_fusion	3	1	False_Call
ENSG00000124787:ENSG00000188312	90%	100GB	positive	FusionSeeker	false_fusion	117	1	False_Call
ENSG00000124787:ENSG00000188312	90%	10GB	positive	FusionSeeker	false_fusion	6	1	False_Call
ENSG00000124787:ENSG00000188312	95%	100GB	positive	FusionSeeker	false_fusion	93	1	False_Call
ENSG00000124787:ENSG00000188312	95%	10GB	positive	FusionSeeker	false_fusion	15	1	False_Call
ENSG00000125037:ENSG00000291078	85%	10GB	positive	Genion	false_fusion	4	1	False_Call
ENSG00000125124:ENSG00000288725	85%	100GB	positive	FusionSeeker	false_fusion	31	1	False_Call
ENSG00000125124:ENSG00000288725	90%	100GB	positive	FusionSeeker	false_fusion	21	1	False_Call
ENSG00000125124:ENSG00000288725	95%	100GB	positive	FusionSeeker	false_fusion	14	1	False_Call
ENSG00000125148:ENSG00000205360	85%	100GB	negative	Genion	false_fusion	8	1	False_Call
ENSG00000125148:ENSG00000205360	85%	100GB	positive	Genion	false_fusion	8	1	False_Call
ENSG00000125148:ENSG00000205360	90%	100GB	positive	Genion	false_fusion	2	1	False_Call
ENSG00000125148:ENSG00000210082	85%	100GB	positive	FusionSeeker	false_fusion:mitochondrial_genomic	2	1	False_Call
ENSG00000125148:ENSG00000290662	85%	100GB	negative	Genion	false_fusion	4	1	False_Call
ENSG00000125148:ENSG00000290662	85%	100GB	positive	Genion	false_fusion	3	1	False_Call
ENSG00000125148:ENSG00000291105	85%	100GB	negative	Genion	false_fusion	52	1	False_Call
ENSG00000125148:ENSG00000291105	85%	100GB	positive	Genion	false_fusion	53	1	False_Call
ENSG00000125148:ENSG00000291105	85%	10GB	negative	Genion	false_fusion	4	1	False_Call
ENSG00000125148:ENSG00000291105	85%	10GB	positive	Genion	false_fusion	7	1	False_Call
ENSG00000125148:ENSG00000291105	85%	1GB	negative	Genion	false_fusion	2	1	False_Call
ENSG00000125148:ENSG00000291105	90%	100GB	negative	Genion	false_fusion	15	1	False_Call
ENSG00000125148:ENSG00000291105	90%	100GB	positive	Genion	false_fusion	27	1	False_Call
ENSG00000125148:ENSG00000291105	90%	10GB	positive	Genion	false_fusion	4	1	False_Call
ENSG00000125148:ENSG00000291105	95%	100GB	negative	Genion	false_fusion	5	1	False_Call
ENSG00000125148:ENSG00000291105	95%	100GB	positive	Genion	false_fusion	5	1	False_Call
ENSG00000125257:ENSG00000289887	95%	100GB	positive	CTAT-LR-Fusion	read_through	23	1	True_Recall
ENSG00000125257:ENSG00000289887	95%	10GB	positive	CTAT-LR-Fusion	read_through	3	1	True_Recall
ENSG00000125462:ENSG00000243789	85%	100GB	positive	FusionSeeker	reverse_order:truncated_tri_fusion	40	2	Partial_Recall
ENSG00000125462:ENSG00000243789	85%	100GB	positive	Genion	reverse_order:truncated_tri_fusion	32	2	Partial_Recall
ENSG00000125462:ENSG00000243789	85%	10GB	positive	FusionSeeker	reverse_order:truncated_tri_fusion	3	1	Partial_Recall
ENSG00000125462:ENSG00000243789	90%	100GB	positive	FusionSeeker	reverse_order:truncated_tri_fusion	35	2	Partial_Recall
ENSG00000125462:ENSG00000243789	90%	100GB	positive	Genion	reverse_order:truncated_tri_fusion	20	2	Partial_Recall
ENSG00000125462:ENSG00000243789	90%	10GB	positive	FusionSeeker	reverse_order:truncated_tri_fusion	3	1	Partial_Recall
ENSG00000125462:ENSG00000243789	95%	100GB	positive	FusionSeeker	reverse_order:truncated_tri_fusion	85	2	Partial_Recall
ENSG00000125462:ENSG00000243789	95%	100GB	positive	Genion	reverse_order:truncated_tri_fusion	42	2	Partial_Recall
ENSG00000125462:ENSG00000243789	95%	10GB	positive	FusionSeeker	reverse_order:truncated_tri_fusion	8	1	Partial_Recall
ENSG00000125503:ENSG00000131037	85%	100GB	positive	Genion	reverse_order: read_through	24	2	Partial_Recall
ENSG00000125503:ENSG00000131037	85%	100GB	positive	LongGF	reverse_order: read_through	27	2	Partial_Recall
ENSG00000125503:ENSG00000131037	85%	10GB	positive	GFSeeker	reverse_order: read_through	2	1	Partial_Recall
ENSG00000125503:ENSG00000131037	90%	100GB	positive	Genion	reverse_order: read_through	30	2	Partial_Recall
ENSG00000125503:ENSG00000131037	90%	100GB	positive	LongGF	reverse_order: read_through	35	2	Partial_Recall
ENSG00000125503:ENSG00000131037	90%	10GB	positive	LongGF	reverse_order: read_through	2	1	Partial_Recall
ENSG00000125503:ENSG00000131037	95%	100GB	positive	Genion	reverse_order: read_through	25	2	Partial_Recall
ENSG00000125503:ENSG00000131037	95%	100GB	positive	LongGF	reverse_order: read_through	27	2	Partial_Recall
ENSG00000125503:ENSG00000131037	95%	10GB	positive	GFSeeker	reverse_order: read_through	2	2	Partial_Recall
ENSG00000125503:ENSG00000131037	95%	10GB	positive	LongGF	reverse_order: read_through	2	2	Partial_Recall
ENSG00000125691:ENSG00000087086	85%	100GB	negative	FusionSeeker	false_fusion	2	1	False_Call
ENSG00000125691:ENSG00000163631	85%	100GB	positive	FusionSeeker	false_fusion	2	1	False_Call
ENSG00000125691:ENSG00000198712	85%	100GB	positive	FusionSeeker	false_fusion:mitochondrial_genomic	2	1	False_Call
ENSG00000125691:ENSG00000220586	85%	100GB	negative	FusionSeeker	false_fusion	4	1	False_Call
ENSG00000125730:ENSG00000159917	95%	10GB	positive	GFSeeker	reverse_order: intra_chromosome	4	1	Partial_Recall
ENSG00000125821:ENSG00000188186	95%	100GB	positive	Genion	false_fusion	30	1	False_Call
ENSG00000125835:ENSG00000163631	85%	100GB	negative	FusionSeeker	false_fusion	2	2	False_Call
ENSG00000125835:ENSG00000163631	85%	100GB	negative	JAFFAL	false_fusion	2	2	False_Call
ENSG00000125898:ENSG00000234948	85%	100GB	positive	FusionSeeker	intra_chromosome	36	3	True_Recall
ENSG00000125898:ENSG00000234948	85%	100GB	positive	Genion	intra_chromosome	36	3	True_Recall
ENSG00000125898:ENSG00000234948	85%	100GB	positive	JAFFAL	intra_chromosome	12	3	True_Recall
ENSG00000125898:ENSG00000234948	85%	10GB	positive	FusionSeeker	intra_chromosome	2	1	True_Recall
ENSG00000125898:ENSG00000234948	85%	1GB	positive	FusionSeeker	intra_chromosome	2	1	True_Recall
ENSG00000125898:ENSG00000234948	90%	100GB	positive	FusionSeeker	intra_chromosome	39	3	True_Recall
ENSG00000125898:ENSG00000234948	90%	100GB	positive	Genion	intra_chromosome	39	3	True_Recall
ENSG00000125898:ENSG00000234948	90%	100GB	positive	JAFFAL	intra_chromosome	27	3	True_Recall
ENSG00000125898:ENSG00000234948	90%	10GB	positive	CTAT-LR-Fusion	intra_chromosome	2	3	True_Recall
ENSG00000125898:ENSG00000234948	90%	10GB	positive	FusionSeeker	intra_chromosome	6	3	True_Recall
ENSG00000125898:ENSG00000234948	90%	10GB	positive	JAFFAL	intra_chromosome	6	3	True_Recall
ENSG00000125898:ENSG00000234948	95%	100GB	positive	CTAT-LR-Fusion	intra_chromosome	25	4	True_Recall
ENSG00000125898:ENSG00000234948	95%	100GB	positive	FusionSeeker	intra_chromosome	41	4	True_Recall
ENSG00000125898:ENSG00000234948	95%	100GB	positive	Genion	intra_chromosome	41	4	True_Recall
ENSG00000125898:ENSG00000234948	95%	100GB	positive	JAFFAL	intra_chromosome	38	4	True_Recall
ENSG00000125995:ENSG00000163631	90%	100GB	positive	FusionSeeker	false_fusion	2	1	False_Call
ENSG00000126012:ENSG00000227083	85%	100GB	positive	FusionSeeker	false_fusion	28	1	False_Call
ENSG00000126012:ENSG00000227083	85%	10GB	positive	FusionSeeker	false_fusion	3	1	False_Call
ENSG00000126012:ENSG00000227083	90%	100GB	positive	FusionSeeker	false_fusion	27	1	False_Call
ENSG00000126012:ENSG00000227083	95%	100GB	positive	FusionSeeker	false_fusion	42	1	False_Call
ENSG00000126012:ENSG00000227083	95%	10GB	positive	FusionSeeker	false_fusion	5	1	False_Call
ENSG00000126457:ENSG00000211459	95%	100GB	positive	FusionSeeker	false_fusion:mitochondrial_genomic	2	1	False_Call
ENSG00000126603:ENSG00000154040	95%	100GB	positive	FusionSeeker	false_fusion	9	1	False_Call
ENSG00000126603:ENSG00000154040	95%	10GB	positive	FusionSeeker	false_fusion	3	1	False_Call
ENSG00000126698:ENSG00000204138	90%	100GB	negative	FusionSeeker	false_fusion	2	1	False_Call
ENSG00000126777:ENSG00000213983	85%	100GB	positive	LongGF	reverse_order: intra_chromosome	35	1	Partial_Recall
ENSG00000126777:ENSG00000213983	85%	10GB	positive	LongGF	reverse_order: intra_chromosome	4	1	Partial_Recall
ENSG00000126777:ENSG00000213983	90%	100GB	positive	LongGF	reverse_order: intra_chromosome	30	1	Partial_Recall
ENSG00000126777:ENSG00000213983	90%	10GB	positive	LongGF	reverse_order: intra_chromosome	2	1	Partial_Recall
ENSG00000126777:ENSG00000213983	95%	100GB	positive	LongGF	reverse_order: intra_chromosome	30	1	Partial_Recall
ENSG00000126777:ENSG00000213983	95%	10GB	positive	LongGF	reverse_order: intra_chromosome	3	1	Partial_Recall
ENSG00000127184:ENSG00000196136	85%	100GB	positive	LongGF	false_fusion	2	1	False_Call
ENSG00000127184:ENSG00000210082	90%	100GB	positive	FusionSeeker	false_fusion:mitochondrial_genomic	2	1	False_Call
ENSG00000127220:ENSG00000160113	90%	100GB	positive	Genion	false_fusion	2	1	False_Call
ENSG00000127481:ENSG00000253329	85%	100GB	positive	FusionSeeker	reverse_order:truncated_tri_fusion	2	1	Partial_Recall
ENSG00000127481:ENSG00000253329	90%	100GB	positive	FusionSeeker	reverse_order:truncated_tri_fusion	25	1	Partial_Recall
ENSG00000127481:ENSG00000253329	90%	10GB	positive	FusionSeeker	reverse_order:truncated_tri_fusion	2	1	Partial_Recall
ENSG00000127481:ENSG00000253329	95%	100GB	positive	FusionSeeker	reverse_order:truncated_tri_fusion	35	1	Partial_Recall
ENSG00000127481:ENSG00000253329	95%	10GB	positive	FusionSeeker	reverse_order:truncated_tri_fusion	5	1	Partial_Recall
ENSG00000128039:ENSG00000273257	95%	100GB	positive	Genion	false_fusion	3	1	False_Call
ENSG00000128268:ENSG00000025708	95%	100GB	positive	FusionSeeker	false_fusion	8	1	False_Call
ENSG00000128272:ENSG00000091513	90%	100GB	positive	FusionSeeker	false_fusion	2	1	False_Call
ENSG00000128272:ENSG00000163631	90%	100GB	positive	FusionSeeker	false_fusion	2	1	False_Call
ENSG00000128510:ENSG00000163930	85%	100GB	positive	JAFFAL	truncated_tri_fusion	3	1	Partial_Recall
ENSG00000128510:ENSG00000163930	90%	100GB	positive	JAFFAL	truncated_tri_fusion	8	1	Partial_Recall
ENSG00000128510:ENSG00000163930	90%	10GB	positive	CTAT-LR-Fusion	truncated_tri_fusion	2	2	Partial_Recall
ENSG00000128510:ENSG00000163930	90%	10GB	positive	GFSeeker	truncated_tri_fusion	2	2	Partial_Recall
ENSG00000128510:ENSG00000163930	95%	100GB	positive	CTAT-LR-Fusion	truncated_tri_fusion	12	2	Partial_Recall
ENSG00000128510:ENSG00000163930	95%	100GB	positive	JAFFAL	truncated_tri_fusion	29	2	Partial_Recall
ENSG00000128510:ENSG00000163930:ENSG00000185442	85%	100GB	positive	Genion	wrong_order:tri_fusion	16	1	Partial_Recall
ENSG00000128510:ENSG00000163930:ENSG00000185442	90%	100GB	positive	Genion	wrong_order:tri_fusion	17	1	Partial_Recall
ENSG00000128510:ENSG00000163930:ENSG00000185442	95%	100GB	positive	Genion	wrong_order:tri_fusion	33	1	Partial_Recall
ENSG00000128510:ENSG00000185442	85%	100GB	positive	LongGF	reverse_order:truncated_tri_fusion	4	1	Partial_Recall
ENSG00000128510:ENSG00000185442	90%	100GB	positive	LongGF	reverse_order:truncated_tri_fusion	6	1	Partial_Recall
ENSG00000128510:ENSG00000185442	90%	10GB	positive	LongGF	reverse_order:truncated_tri_fusion	2	1	Partial_Recall
ENSG00000128510:ENSG00000185442	95%	100GB	positive	LongGF	reverse_order:truncated_tri_fusion	6	1	Partial_Recall
ENSG00000128513:ENSG00000224897	85%	100GB	positive	FusionSeeker	false_fusion	2	1	False_Call
ENSG00000128815:ENSG00000011275	85%	100GB	positive	FusionSeeker	false_fusion	46	1	False_Call
ENSG00000128815:ENSG00000011275	85%	10GB	positive	FusionSeeker	false_fusion	12	1	False_Call
ENSG00000128815:ENSG00000011275	90%	100GB	positive	FusionSeeker	false_fusion	60	1	False_Call
ENSG00000128815:ENSG00000011275	90%	10GB	positive	FusionSeeker	false_fusion	6	1	False_Call
ENSG00000128815:ENSG00000011275	95%	100GB	positive	FusionSeeker	false_fusion	83	1	False_Call
ENSG00000128815:ENSG00000011275	95%	10GB	positive	FusionSeeker	false_fusion	10	1	False_Call
ENSG00000128815:ENSG00000247572	85%	100GB	positive	FusionSeeker	false_fusion	33	1	False_Call
ENSG00000128815:ENSG00000247572	85%	10GB	positive	FusionSeeker	false_fusion	5	1	False_Call
ENSG00000128815:ENSG00000247572	90%	100GB	positive	FusionSeeker	false_fusion	36	1	False_Call
ENSG00000128815:ENSG00000247572	90%	10GB	positive	FusionSeeker	false_fusion	6	1	False_Call
ENSG00000128815:ENSG00000247572	95%	100GB	positive	FusionSeeker	false_fusion	47	1	False_Call
ENSG00000128815:ENSG00000247572	95%	10GB	positive	FusionSeeker	false_fusion	3	1	False_Call
ENSG00000128918:ENSG00000166035	85%	100GB	negative	FusionSeeker	false_fusion	33	1	False_Call
ENSG00000128918:ENSG00000166035	85%	100GB	positive	FusionSeeker	false_fusion	30	1	False_Call
ENSG00000128918:ENSG00000166035	85%	10GB	positive	FusionSeeker	false_fusion	2	1	False_Call
ENSG00000128918:ENSG00000166035	90%	100GB	negative	FusionSeeker	false_fusion	67	1	False_Call
ENSG00000128918:ENSG00000166035	90%	100GB	positive	FusionSeeker	false_fusion	78	1	False_Call
ENSG00000128918:ENSG00000166035	90%	10GB	negative	FusionSeeker	false_fusion	9	1	False_Call
ENSG00000128918:ENSG00000166035	90%	10GB	positive	FusionSeeker	false_fusion	7	1	False_Call
ENSG00000128918:ENSG00000166035	90%	1GB	negative	FusionSeeker	false_fusion	2	1	False_Call
ENSG00000128918:ENSG00000166035	95%	100GB	negative	FusionSeeker	false_fusion	84	1	False_Call
ENSG00000128918:ENSG00000166035	95%	100GB	positive	FusionSeeker	false_fusion	68	1	False_Call
ENSG00000128918:ENSG00000166035	95%	10GB	negative	FusionSeeker	false_fusion	9	1	False_Call
ENSG00000128918:ENSG00000166035	95%	10GB	positive	FusionSeeker	false_fusion	3	1	False_Call
ENSG00000128918:ENSG00000166035	95%	1GB	negative	FusionSeeker	false_fusion	2	1	False_Call
ENSG00000128918:ENSG00000204661	85%	100GB	positive	FusionSeeker	false_fusion	46	1	False_Call
ENSG00000128918:ENSG00000204661	85%	10GB	positive	FusionSeeker	false_fusion	6	1	False_Call
ENSG00000128918:ENSG00000204661	90%	100GB	positive	FusionSeeker	false_fusion	55	1	False_Call
ENSG00000128918:ENSG00000204661	90%	10GB	positive	FusionSeeker	false_fusion	6	1	False_Call
ENSG00000128918:ENSG00000204661	95%	100GB	positive	FusionSeeker	false_fusion	47	1	False_Call
ENSG00000128918:ENSG00000204661	95%	10GB	positive	FusionSeeker	false_fusion	5	1	False_Call
ENSG00000129159:ENSG00000129158	85%	100GB	negative	FusionSeeker	false_fusion	83	1	False_Call
ENSG00000129159:ENSG00000129158	85%	100GB	positive	FusionSeeker	false_fusion	83	1	False_Call
ENSG00000129159:ENSG00000129158	85%	10GB	negative	FusionSeeker	false_fusion	5	1	False_Call
ENSG00000129159:ENSG00000129158	85%	10GB	positive	FusionSeeker	false_fusion	9	1	False_Call
ENSG00000129159:ENSG00000129158	90%	100GB	negative	FusionSeeker	false_fusion	62	1	False_Call
ENSG00000129159:ENSG00000129158	90%	100GB	positive	FusionSeeker	false_fusion	69	1	False_Call
ENSG00000129159:ENSG00000129158	90%	10GB	negative	FusionSeeker	false_fusion	2	1	False_Call
ENSG00000129159:ENSG00000129158	90%	10GB	positive	FusionSeeker	false_fusion	3	1	False_Call
ENSG00000129159:ENSG00000129158	95%	100GB	negative	FusionSeeker	false_fusion	17	1	False_Call
ENSG00000129159:ENSG00000129158	95%	100GB	positive	FusionSeeker	false_fusion	14	1	False_Call
ENSG00000129159:ENSG00000129158	95%	10GB	negative	FusionSeeker	false_fusion	2	1	False_Call
ENSG00000129515:ENSG00000105372	85%	100GB	negative	FusionSeeker	false_fusion	54	1	False_Call
ENSG00000129515:ENSG00000105372	85%	100GB	positive	FusionSeeker	false_fusion	57	1	False_Call
ENSG00000129515:ENSG00000105372	85%	10GB	negative	FusionSeeker	false_fusion	6	1	False_Call
ENSG00000129515:ENSG00000105372	85%	10GB	positive	FusionSeeker	false_fusion	6	1	False_Call
ENSG00000129515:ENSG00000105372	90%	100GB	negative	FusionSeeker	false_fusion	9	1	False_Call
ENSG00000129515:ENSG00000105372	90%	100GB	positive	FusionSeeker	false_fusion	14	1	False_Call
ENSG00000129515:ENSG00000105372	90%	10GB	positive	FusionSeeker	false_fusion	2	1	False_Call
ENSG00000129515:ENSG00000105372	95%	100GB	negative	FusionSeeker	false_fusion	4	1	False_Call
ENSG00000129515:ENSG00000105372	95%	100GB	positive	FusionSeeker	false_fusion	2	1	False_Call
ENSG00000129515:ENSG00000214078	85%	100GB	positive	JAFFAL	false_fusion	7	1	False_Call
ENSG00000129515:ENSG00000214078	90%	100GB	positive	JAFFAL	false_fusion	12	1	False_Call
ENSG00000129515:ENSG00000214078	90%	10GB	positive	JAFFAL	false_fusion	2	1	False_Call
ENSG00000129515:ENSG00000214078	95%	100GB	positive	JAFFAL	false_fusion	17	1	False_Call
ENSG00000129562:ENSG00000163631	95%	100GB	positive	FusionSeeker	false_fusion	2	2	False_Call
ENSG00000129562:ENSG00000163631	95%	100GB	positive	JAFFAL	false_fusion	2	2	False_Call
ENSG00000130203:ENSG00000081051	85%	100GB	negative	FusionSeeker	false_fusion	2	1	False_Call
ENSG00000130203:ENSG00000087086	85%	100GB	negative	FusionSeeker	false_fusion	2	1	False_Call
ENSG00000130203:ENSG00000087086	95%	100GB	positive	FusionSeeker	false_fusion	2	1	False_Call
ENSG00000130203:ENSG00000163631	95%	100GB	positive	FusionSeeker	false_fusion	2	1	False_Call
ENSG00000130203:ENSG00000197958	90%	100GB	negative	FusionSeeker	false_fusion	2	2	False_Call
ENSG00000130203:ENSG00000197958	90%	100GB	negative	LongGF	false_fusion	2	2	False_Call
ENSG00000130203:ENSG00000198712	85%	100GB	negative	FusionSeeker	false_fusion:mitochondrial_genomic	2	1	False_Call
ENSG00000130204:ENSG00000287151	85%	100GB	negative	FusionSeeker	false_fusion	2	1	False_Call
ENSG00000130208:ENSG00000291128	85%	100GB	negative	Genion	false_fusion	228	1	False_Call
ENSG00000130208:ENSG00000291128	85%	100GB	positive	Genion	false_fusion	242	1	False_Call
ENSG00000130208:ENSG00000291128	85%	10GB	negative	Genion	false_fusion	31	1	False_Call
ENSG00000130208:ENSG00000291128	85%	10GB	positive	Genion	false_fusion	26	1	False_Call
ENSG00000130208:ENSG00000291128	85%	1GB	negative	Genion	false_fusion	5	1	False_Call
ENSG00000130208:ENSG00000291128	85%	1GB	positive	Genion	false_fusion	3	1	False_Call
ENSG00000130208:ENSG00000291128	90%	100GB	negative	Genion	false_fusion	113	1	False_Call
ENSG00000130208:ENSG00000291128	90%	100GB	positive	Genion	false_fusion	122	1	False_Call
ENSG00000130208:ENSG00000291128	90%	10GB	positive	Genion	false_fusion	11	1	False_Call
ENSG00000130208:ENSG00000291128	95%	100GB	negative	Genion	false_fusion	13	1	False_Call
ENSG00000130208:ENSG00000291128	95%	100GB	positive	Genion	false_fusion	20	1	False_Call
ENSG00000130255:ENSG00000042062	85%	100GB	negative	FusionSeeker	false_fusion	9	1	False_Call
ENSG00000130255:ENSG00000042062	85%	100GB	positive	FusionSeeker	false_fusion	12	1	False_Call
ENSG00000130255:ENSG00000042062	85%	10GB	negative	FusionSeeker	false_fusion	2	1	False_Call
ENSG00000130255:ENSG00000042062	85%	10GB	positive	FusionSeeker	false_fusion	2	1	False_Call
ENSG00000130255:ENSG00000042062	90%	100GB	negative	FusionSeeker	false_fusion	2	1	False_Call
ENSG00000130255:ENSG00000128573	85%	100GB	negative	FusionSeeker	false_fusion	2	1	False_Call
ENSG00000130255:ENSG00000128573	85%	100GB	positive	FusionSeeker	false_fusion	5	1	False_Call
ENSG00000130255:ENSG00000128573	90%	100GB	negative	FusionSeeker	false_fusion	2	1	False_Call
ENSG00000130255:ENSG00000135250	85%	100GB	negative	FusionSeeker	false_fusion	21	1	False_Call
ENSG00000130255:ENSG00000135250	85%	100GB	positive	FusionSeeker	false_fusion	19	1	False_Call
ENSG00000130255:ENSG00000135250	85%	10GB	negative	FusionSeeker	false_fusion	2	1	False_Call
ENSG00000130255:ENSG00000135250	90%	100GB	negative	FusionSeeker	false_fusion	7	1	False_Call
ENSG00000130255:ENSG00000135250	90%	100GB	positive	FusionSeeker	false_fusion	4	1	False_Call
ENSG00000130255:ENSG00000169253	85%	100GB	negative	FusionSeeker	false_fusion	6	1	False_Call
ENSG00000130255:ENSG00000224476	85%	100GB	positive	FusionSeeker	false_fusion	2	1	False_Call
ENSG00000130303:ENSG00000210082	85%	100GB	positive	FusionSeeker	false_fusion:mitochondrial_genomic	2	1	False_Call
ENSG00000130383:ENSG00000174886	90%	100GB	positive	Genion	false_fusion	3	1	False_Call
ENSG00000130396:ENSG00000096070	85%	100GB	positive	JAFFAL	truncated_tri_fusion	15	1	Partial_Recall
ENSG00000130396:ENSG00000096070	90%	100GB	positive	CTAT-LR-Fusion	truncated_tri_fusion	11	2	Partial_Recall
ENSG00000130396:ENSG00000096070	90%	100GB	positive	JAFFAL	truncated_tri_fusion	29	2	Partial_Recall
ENSG00000130396:ENSG00000096070	90%	10GB	positive	CTAT-LR-Fusion	truncated_tri_fusion	4	2	Partial_Recall
ENSG00000130396:ENSG00000096070	90%	10GB	positive	JAFFAL	truncated_tri_fusion	6	2	Partial_Recall
ENSG00000130396:ENSG00000096070	95%	100GB	positive	JAFFAL	truncated_tri_fusion	25	1	Partial_Recall
ENSG00000130396:ENSG00000096070	95%	10GB	positive	CTAT-LR-Fusion	truncated_tri_fusion	2	2	Partial_Recall
ENSG00000130396:ENSG00000096070	95%	10GB	positive	JAFFAL	truncated_tri_fusion	2	2	Partial_Recall
ENSG00000130396:ENSG00000096070:ENSG00000104218	85%	100GB	positive	JAFFAL	tri_fusion	8	1	True_Recall
ENSG00000130396:ENSG00000096070:ENSG00000104218	90%	100GB	positive	JAFFAL	tri_fusion	20	1	True_Recall
ENSG00000130396:ENSG00000096070:ENSG00000104218	95%	100GB	positive	JAFFAL	tri_fusion	22	1	True_Recall
ENSG00000130396:ENSG00000096070:ENSG00000104218	95%	10GB	positive	JAFFAL	tri_fusion	2	1	True_Recall
ENSG00000130396:ENSG00000104218	85%	100GB	positive	FusionSeeker	truncated_tri_fusion	10	1	Partial_Recall
ENSG00000130396:ENSG00000104218	90%	100GB	positive	FusionSeeker	truncated_tri_fusion	18	1	Partial_Recall
ENSG00000130396:ENSG00000104218	95%	100GB	positive	FusionSeeker	truncated_tri_fusion	21	1	Partial_Recall
ENSG00000130396:ENSG00000104218	95%	10GB	positive	FusionSeeker	truncated_tri_fusion	2	1	Partial_Recall
ENSG00000130414:ENSG00000257497:ENSG00000286799	85%	100GB	positive	Genion	reverse_order:tri_fusion	18	1	Partial_Recall
ENSG00000130414:ENSG00000257497:ENSG00000286799	90%	100GB	positive	Genion	reverse_order:tri_fusion	19	1	Partial_Recall
ENSG00000130414:ENSG00000257497:ENSG00000286799	95%	100GB	positive	Genion	reverse_order:tri_fusion	16	1	Partial_Recall
ENSG00000130511:ENSG00000268746	95%	100GB	positive	FusionSeeker	false_fusion	9	1	False_Call
ENSG00000130513:ENSG00000087086	95%	100GB	positive	FusionSeeker	false_fusion	2	1	False_Call
ENSG00000130513:ENSG00000198938	85%	100GB	positive	FusionSeeker	false_fusion:mitochondrial_genomic	2	1	False_Call
ENSG00000130522:ENSG00000211459	85%	100GB	positive	FusionSeeker	false_fusion:mitochondrial_genomic	2	1	False_Call
ENSG00000130714:ENSG00000137074	90%	10GB	positive	GFSeeker	reverse_order: intra_chromosome	2	1	Partial_Recall
ENSG00000130714:ENSG00000137074	95%	10GB	positive	GFSeeker	reverse_order: intra_chromosome	2	1	Partial_Recall
ENSG00000130714:ENSG00000151694	85%	100GB	positive	CTAT-LR-Fusion	truncated_tri_fusion	15	3	Partial_Recall
ENSG00000130714:ENSG00000151694	85%	100GB	positive	JAFFAL	truncated_tri_fusion	15	3	Partial_Recall
ENSG00000130714:ENSG00000151694	85%	100GB	positive	LongGF	truncated_tri_fusion	14	3	Partial_Recall
ENSG00000130714:ENSG00000151694	85%	10GB	positive	GFSeeker	truncated_tri_fusion	2	3	Partial_Recall
ENSG00000130714:ENSG00000151694	85%	10GB	positive	JAFFAL	truncated_tri_fusion	2	3	Partial_Recall
ENSG00000130714:ENSG00000151694	85%	10GB	positive	LongGF	truncated_tri_fusion	2	3	Partial_Recall
ENSG00000130714:ENSG00000151694	90%	100GB	positive	CTAT-LR-Fusion	truncated_tri_fusion	21	4	Partial_Recall
ENSG00000130714:ENSG00000151694	90%	100GB	positive	Genion	truncated_tri_fusion	25	4	Partial_Recall
ENSG00000130714:ENSG00000151694	90%	100GB	positive	JAFFAL	truncated_tri_fusion	22	4	Partial_Recall
ENSG00000130714:ENSG00000151694	90%	100GB	positive	LongGF	truncated_tri_fusion	19	4	Partial_Recall
ENSG00000130714:ENSG00000151694	95%	100GB	positive	CTAT-LR-Fusion	truncated_tri_fusion	22	4	Partial_Recall
ENSG00000130714:ENSG00000151694	95%	100GB	positive	Genion	truncated_tri_fusion	24	4	Partial_Recall
ENSG00000130714:ENSG00000151694	95%	100GB	positive	JAFFAL	truncated_tri_fusion	25	4	Partial_Recall
ENSG00000130714:ENSG00000151694	95%	100GB	positive	LongGF	truncated_tri_fusion	21	4	Partial_Recall
ENSG00000130714:ENSG00000151694	95%	10GB	positive	JAFFAL	truncated_tri_fusion	3	2	Partial_Recall
ENSG00000130714:ENSG00000151694	95%	10GB	positive	LongGF	truncated_tri_fusion	2	2	Partial_Recall
ENSG00000130813:ENSG00000244165	95%	100GB	negative	Genion	false_fusion	2	1	False_Call
ENSG00000130829:ENSG00000087086	95%	100GB	negative	JAFFAL	false_fusion	2	1	False_Call
ENSG00000130962:ENSG00000156298	85%	100GB	negative	FusionSeeker	false_fusion	14	2	False_Call
ENSG00000130962:ENSG00000156298	85%	100GB	negative	LongGF	false_fusion	6	2	False_Call
ENSG00000130962:ENSG00000156298	85%	100GB	positive	FusionSeeker	false_fusion	17	2	False_Call
ENSG00000130962:ENSG00000156298	85%	100GB	positive	LongGF	false_fusion	9	2	False_Call
ENSG00000130962:ENSG00000156298	90%	100GB	negative	CTAT-LR-Fusion	false_fusion	25	3	False_Call
ENSG00000130962:ENSG00000156298	90%	100GB	negative	FusionSeeker	false_fusion	30	3	False_Call
ENSG00000130962:ENSG00000156298	90%	100GB	negative	LongGF	false_fusion	27	3	False_Call
ENSG00000130962:ENSG00000156298	90%	100GB	positive	CTAT-LR-Fusion	false_fusion	21	3	False_Call
ENSG00000130962:ENSG00000156298	90%	100GB	positive	FusionSeeker	false_fusion	24	3	False_Call
ENSG00000130962:ENSG00000156298	90%	100GB	positive	LongGF	false_fusion	20	3	False_Call
ENSG00000130962:ENSG00000156298	90%	10GB	negative	CTAT-LR-Fusion	false_fusion	4	3	False_Call
ENSG00000130962:ENSG00000156298	90%	10GB	negative	FusionSeeker	false_fusion	4	3	False_Call
ENSG00000130962:ENSG00000156298	90%	10GB	negative	LongGF	false_fusion	4	3	False_Call
ENSG00000130962:ENSG00000156298	90%	10GB	positive	CTAT-LR-Fusion	false_fusion	2	3	False_Call
ENSG00000130962:ENSG00000156298	90%	10GB	positive	FusionSeeker	false_fusion	3	3	False_Call
ENSG00000130962:ENSG00000156298	90%	10GB	positive	LongGF	false_fusion	3	3	False_Call
ENSG00000130962:ENSG00000156298	95%	100GB	negative	CTAT-LR-Fusion	false_fusion	46	3	False_Call
ENSG00000130962:ENSG00000156298	95%	100GB	negative	FusionSeeker	false_fusion	46	3	False_Call
ENSG00000130962:ENSG00000156298	95%	100GB	negative	LongGF	false_fusion	44	3	False_Call
ENSG00000130962:ENSG00000156298	95%	100GB	positive	CTAT-LR-Fusion	false_fusion	37	3	False_Call
ENSG00000130962:ENSG00000156298	95%	100GB	positive	FusionSeeker	false_fusion	36	3	False_Call
ENSG00000130962:ENSG00000156298	95%	100GB	positive	LongGF	false_fusion	35	3	False_Call
ENSG00000130962:ENSG00000156298	95%	10GB	negative	CTAT-LR-Fusion	false_fusion	4	3	False_Call
ENSG00000130962:ENSG00000156298	95%	10GB	negative	FusionSeeker	false_fusion	4	3	False_Call
ENSG00000130962:ENSG00000156298	95%	10GB	negative	LongGF	false_fusion	4	3	False_Call
ENSG00000131037:ENSG00000125503	85%	100GB	positive	CTAT-LR-Fusion	read_through	11	2	True_Recall
ENSG00000131037:ENSG00000125503	85%	100GB	positive	FusionSeeker	read_through	29	2	True_Recall
ENSG00000131037:ENSG00000125503	90%	100GB	positive	CTAT-LR-Fusion	read_through	29	2	True_Recall
ENSG00000131037:ENSG00000125503	90%	100GB	positive	FusionSeeker	read_through	38	2	True_Recall
ENSG00000131037:ENSG00000125503	90%	10GB	positive	FusionSeeker	read_through	2	2	True_Recall
ENSG00000131037:ENSG00000125503	90%	10GB	positive	GFSeeker	read_through	3	2	True_Recall
ENSG00000131037:ENSG00000125503	95%	100GB	positive	CTAT-LR-Fusion	read_through	27	2	True_Recall
ENSG00000131037:ENSG00000125503	95%	100GB	positive	FusionSeeker	read_through	30	2	True_Recall
ENSG00000131037:ENSG00000125503	95%	10GB	positive	CTAT-LR-Fusion	read_through	2	2	True_Recall
ENSG00000131037:ENSG00000125503	95%	10GB	positive	FusionSeeker	read_through	2	2	True_Recall
ENSG00000131051:ENSG00000049130	95%	100GB	positive	CTAT-LR-Fusion	truncated_tri_fusion	11	1	Partial_Recall
ENSG00000131127:ENSG00000290382	85%	100GB	negative	Genion	false_fusion	2	1	False_Call
ENSG00000131143:ENSG00000071082	90%	100GB	negative	FusionSeeker	false_fusion	2	1	False_Call
ENSG00000131374:ENSG00000164715	85%	100GB	negative	FusionSeeker	false_fusion	5	1	False_Call
ENSG00000131374:ENSG00000164715	85%	100GB	positive	FusionSeeker	false_fusion	3	1	False_Call
ENSG00000131374:ENSG00000164715	90%	100GB	negative	FusionSeeker	false_fusion	10	1	False_Call
ENSG00000131374:ENSG00000164715	90%	100GB	positive	FusionSeeker	false_fusion	8	1	False_Call
ENSG00000131374:ENSG00000164715	95%	100GB	negative	FusionSeeker	false_fusion	2	1	False_Call
ENSG00000131374:ENSG00000164715	95%	100GB	positive	FusionSeeker	false_fusion	2	1	False_Call
ENSG00000131374:ENSG00000182568	85%	100GB	negative	FusionSeeker	false_fusion	9	1	False_Call
ENSG00000131374:ENSG00000182568	85%	100GB	positive	FusionSeeker	false_fusion	13	1	False_Call
ENSG00000131374:ENSG00000182568	90%	100GB	negative	FusionSeeker	false_fusion	23	1	False_Call
ENSG00000131374:ENSG00000182568	90%	100GB	positive	FusionSeeker	false_fusion	17	1	False_Call
ENSG00000131374:ENSG00000182568	90%	10GB	negative	FusionSeeker	false_fusion	2	1	False_Call
ENSG00000131374:ENSG00000182568	95%	100GB	negative	FusionSeeker	false_fusion	19	1	False_Call
ENSG00000131374:ENSG00000182568	95%	100GB	positive	FusionSeeker	false_fusion	15	1	False_Call
ENSG00000131374:ENSG00000182568	95%	10GB	negative	FusionSeeker	false_fusion	2	1	False_Call
ENSG00000131374:ENSG00000182568	95%	10GB	positive	FusionSeeker	false_fusion	2	1	False_Call
ENSG00000131400:ENSG00000291230	85%	100GB	positive	Genion	false_fusion	8	1	False_Call
ENSG00000131469:ENSG00000008018	90%	100GB	negative	FusionSeeker	false_fusion	2	1	False_Call
ENSG00000131469:ENSG00000071082	85%	100GB	negative	FusionSeeker	false_fusion	2	1	False_Call
ENSG00000131469:ENSG00000081051	95%	100GB	negative	FusionSeeker	false_fusion	2	1	False_Call
ENSG00000131469:ENSG00000128585	85%	100GB	negative	FusionSeeker	false_fusion	4	1	False_Call
ENSG00000131469:ENSG00000128585	85%	100GB	positive	FusionSeeker	false_fusion	3	1	False_Call
ENSG00000131469:ENSG00000128585	90%	100GB	negative	FusionSeeker	false_fusion	2	1	False_Call
ENSG00000131469:ENSG00000133112	85%	10GB	positive	GFSeeker	false_fusion	2	1	False_Call
ENSG00000131469:ENSG00000143951	85%	100GB	negative	FusionSeeker	false_fusion	5	1	False_Call
ENSG00000131469:ENSG00000143951	85%	100GB	positive	FusionSeeker	false_fusion	8	1	False_Call
ENSG00000131469:ENSG00000143951	90%	100GB	negative	FusionSeeker	false_fusion	2	1	False_Call
ENSG00000131469:ENSG00000145192	90%	100GB	negative	LongGF	false_fusion	2	1	False_Call
ENSG00000131469:ENSG00000156508	85%	100GB	negative	FusionSeeker	false_fusion	2	1	False_Call
ENSG00000131469:ENSG00000156508	90%	100GB	negative	FusionSeeker	false_fusion	2	2	False_Call
ENSG00000131469:ENSG00000156508	90%	100GB	negative	JAFFAL	false_fusion	2	2	False_Call
ENSG00000131469:ENSG00000196205	85%	100GB	positive	FusionSeeker	false_fusion	2	1	False_Call
ENSG00000131469:ENSG00000197099	90%	100GB	negative	FusionSeeker	false_fusion	2	1	False_Call
ENSG00000131469:ENSG00000197249	95%	100GB	positive	JAFFAL	false_fusion	2	1	False_Call
ENSG00000131469:ENSG00000198899	95%	100GB	negative	FusionSeeker	false_fusion:mitochondrial_genomic	2	1	False_Call
ENSG00000131469:ENSG00000230829	85%	100GB	negative	FusionSeeker	false_fusion	7	1	False_Call
ENSG00000131469:ENSG00000230829	85%	100GB	positive	FusionSeeker	false_fusion	4	1	False_Call
ENSG00000131781:ENSG00000250166	90%	10GB	positive	CTAT-LR-Fusion	hybrid	2	1	True_Recall
ENSG00000131781:ENSG00000250166	95%	100GB	positive	Genion	hybrid	29	1	True_Recall
ENSG00000132003:ENSG00000078699	85%	100GB	positive	FusionSeeker	truncated_tri_fusion	8	2	Partial_Recall
ENSG00000132003:ENSG00000078699	85%	100GB	positive	JAFFAL	truncated_tri_fusion	3	2	Partial_Recall
ENSG00000132003:ENSG00000078699	90%	100GB	positive	FusionSeeker	truncated_tri_fusion	15	2	Partial_Recall
ENSG00000132003:ENSG00000078699	90%	100GB	positive	JAFFAL	truncated_tri_fusion	7	2	Partial_Recall
ENSG00000132003:ENSG00000078699	90%	10GB	positive	CTAT-LR-Fusion	truncated_tri_fusion	2	2	Partial_Recall
ENSG00000132003:ENSG00000078699	90%	10GB	positive	FusionSeeker	truncated_tri_fusion	3	2	Partial_Recall
ENSG00000132003:ENSG00000078699	95%	100GB	positive	CTAT-LR-Fusion	truncated_tri_fusion	14	3	Partial_Recall
ENSG00000132003:ENSG00000078699	95%	100GB	positive	FusionSeeker	truncated_tri_fusion	25	3	Partial_Recall
ENSG00000132003:ENSG00000078699	95%	100GB	positive	JAFFAL	truncated_tri_fusion	23	3	Partial_Recall
ENSG00000132122:ENSG00000179082	85%	100GB	positive	FusionSeeker	hybrid	29	2	True_Recall
ENSG00000132122:ENSG00000179082	85%	100GB	positive	Genion	hybrid	29	2	True_Recall
ENSG00000132122:ENSG00000179082	85%	10GB	positive	FusionSeeker	hybrid	2	1	True_Recall
ENSG00000132122:ENSG00000179082	90%	100GB	positive	CTAT-LR-Fusion	hybrid	19	3	True_Recall
ENSG00000132122:ENSG00000179082	90%	100GB	positive	FusionSeeker	hybrid	47	3	True_Recall
ENSG00000132122:ENSG00000179082	90%	100GB	positive	Genion	hybrid	47	3	True_Recall
ENSG00000132122:ENSG00000179082	90%	10GB	positive	CTAT-LR-Fusion	hybrid	2	2	True_Recall
ENSG00000132122:ENSG00000179082	90%	10GB	positive	FusionSeeker	hybrid	5	2	True_Recall
ENSG00000132122:ENSG00000179082	95%	100GB	positive	CTAT-LR-Fusion	hybrid	23	3	True_Recall
ENSG00000132122:ENSG00000179082	95%	100GB	positive	FusionSeeker	hybrid	40	3	True_Recall
ENSG00000132122:ENSG00000179082	95%	100GB	positive	Genion	hybrid	39	3	True_Recall
ENSG00000132122:ENSG00000179082	95%	10GB	positive	CTAT-LR-Fusion	hybrid	4	2	True_Recall
ENSG00000132122:ENSG00000179082	95%	10GB	positive	FusionSeeker	hybrid	4	2	True_Recall
ENSG00000132155:ENSG00000274514	90%	100GB	positive	Genion	false_fusion	2	1	False_Call
ENSG00000132170:ENSG00000181786	85%	100GB	positive	CTAT-LR-Fusion	truncated_tri_fusion	11	4	Partial_Recall
ENSG00000132170:ENSG00000181786	85%	100GB	positive	Genion	truncated_tri_fusion	26	4	Partial_Recall
ENSG00000132170:ENSG00000181786	85%	100GB	positive	JAFFAL	truncated_tri_fusion	24	4	Partial_Recall
ENSG00000132170:ENSG00000181786	85%	100GB	positive	LongGF	truncated_tri_fusion	26	4	Partial_Recall
ENSG00000132170:ENSG00000181786	90%	100GB	positive	CTAT-LR-Fusion	truncated_tri_fusion	36	4	Partial_Recall
ENSG00000132170:ENSG00000181786	90%	100GB	positive	Genion	truncated_tri_fusion	12	4	Partial_Recall
ENSG00000132170:ENSG00000181786	90%	100GB	positive	JAFFAL	truncated_tri_fusion	40	4	Partial_Recall
ENSG00000132170:ENSG00000181786	90%	100GB	positive	LongGF	truncated_tri_fusion	40	4	Partial_Recall
ENSG00000132170:ENSG00000181786	90%	10GB	positive	JAFFAL	truncated_tri_fusion	4	2	Partial_Recall
ENSG00000132170:ENSG00000181786	90%	10GB	positive	LongGF	truncated_tri_fusion	4	2	Partial_Recall
ENSG00000132170:ENSG00000181786	95%	100GB	positive	Genion	truncated_tri_fusion	13	3	Partial_Recall
ENSG00000132170:ENSG00000181786	95%	100GB	positive	JAFFAL	truncated_tri_fusion	38	3	Partial_Recall
ENSG00000132170:ENSG00000181786	95%	100GB	positive	LongGF	truncated_tri_fusion	34	3	Partial_Recall
ENSG00000132170:ENSG00000181786	95%	10GB	positive	GFSeeker	truncated_tri_fusion	3	2	Partial_Recall
ENSG00000132170:ENSG00000181786	95%	10GB	positive	JAFFAL	truncated_tri_fusion	3	2	Partial_Recall
ENSG00000132170:ENSG00000181786:ENSG00000291100	90%	100GB	positive	Genion	wrong_order:tri_fusion	23	1	Partial_Recall
ENSG00000132170:ENSG00000181786:ENSG00000291100	95%	100GB	positive	Genion	wrong_order:tri_fusion	21	1	Partial_Recall
ENSG00000132207:ENSG00000261052	85%	100GB	negative	Genion	false_fusion	3	1	False_Call
ENSG00000132207:ENSG00000261052	85%	100GB	positive	Genion	false_fusion	2	1	False_Call
ENSG00000132300:ENSG00000143891	85%	100GB	positive	Genion	reverse_order: intra_chromosome	23	2	Partial_Recall
ENSG00000132300:ENSG00000143891	85%	100GB	positive	LongGF	reverse_order: intra_chromosome	11	2	Partial_Recall
ENSG00000132300:ENSG00000143891	85%	10GB	positive	GFSeeker	reverse_order: intra_chromosome	2	2	Partial_Recall
ENSG00000132300:ENSG00000143891	85%	10GB	positive	LongGF	reverse_order: intra_chromosome	2	2	Partial_Recall
ENSG00000132300:ENSG00000143891	90%	100GB	positive	Genion	reverse_order: intra_chromosome	28	2	Partial_Recall
ENSG00000132300:ENSG00000143891	90%	100GB	positive	LongGF	reverse_order: intra_chromosome	19	2	Partial_Recall
ENSG00000132300:ENSG00000143891	90%	10GB	positive	GFSeeker	reverse_order: intra_chromosome	2	2	Partial_Recall
ENSG00000132300:ENSG00000143891	90%	10GB	positive	LongGF	reverse_order: intra_chromosome	2	2	Partial_Recall
ENSG00000132300:ENSG00000143891	95%	100GB	positive	Genion	reverse_order: intra_chromosome	40	2	Partial_Recall
ENSG00000132300:ENSG00000143891	95%	100GB	positive	LongGF	reverse_order: intra_chromosome	37	2	Partial_Recall
ENSG00000132300:ENSG00000143891	95%	10GB	positive	GFSeeker	reverse_order: intra_chromosome	6	2	Partial_Recall
ENSG00000132300:ENSG00000143891	95%	10GB	positive	LongGF	reverse_order: intra_chromosome	5	2	Partial_Recall
ENSG00000132341:ENSG00000236603	90%	100GB	positive	FusionSeeker	false_fusion	2	1	False_Call
ENSG00000132386:ENSG00000087086	90%	100GB	positive	FusionSeeker	false_fusion	2	1	False_Call
ENSG00000132386:ENSG00000100316	90%	100GB	negative	FusionSeeker	false_fusion	2	1	False_Call
ENSG00000132507:ENSG00000172809	90%	100GB	negative	FusionSeeker	false_fusion	2	2	False_Call
ENSG00000132507:ENSG00000172809	90%	100GB	negative	LongGF	false_fusion	2	2	False_Call
ENSG00000132570:ENSG00000189167	85%	100GB	positive	JAFFAL	false_fusion	12	1	False_Call
ENSG00000132570:ENSG00000189167	90%	100GB	positive	JAFFAL	false_fusion	17	1	False_Call
ENSG00000132570:ENSG00000189167	95%	100GB	positive	JAFFAL	false_fusion	16	1	False_Call
ENSG00000132570:ENSG00000189167	95%	10GB	positive	JAFFAL	false_fusion	2	1	False_Call
ENSG00000132780:ENSG00000254777	85%	100GB	negative	FusionSeeker	false_fusion	2	1	False_Call
ENSG00000132915:ENSG00000168621	85%	100GB	positive	JAFFAL	false_fusion	2	1	False_Call
ENSG00000132915:ENSG00000168621	90%	100GB	positive	JAFFAL	false_fusion	3	1	False_Call
ENSG00000133063:ENSG00000181163	85%	100GB	positive	FusionSeeker	false_fusion	2	1	False_Call
ENSG00000133112:ENSG00000108679	90%	100GB	negative	FusionSeeker	false_fusion	2	1	False_Call
ENSG00000133112:ENSG00000132388	95%	100GB	positive	FusionSeeker	false_fusion	2	1	False_Call
ENSG00000133112:ENSG00000145192	95%	100GB	positive	LongGF	false_fusion	2	1	False_Call
ENSG00000133112:ENSG00000156508	90%	100GB	negative	FusionSeeker	false_fusion	2	1	False_Call
ENSG00000133112:ENSG00000156508	90%	100GB	positive	FusionSeeker	false_fusion	3	2	False_Call
ENSG00000133112:ENSG00000156508	90%	100GB	positive	LongGF	false_fusion	3	2	False_Call
ENSG00000133112:ENSG00000184009	95%	100GB	positive	FusionSeeker	false_fusion	2	2	False_Call
ENSG00000133112:ENSG00000184009	95%	100GB	positive	LongGF	false_fusion	2	2	False_Call
ENSG00000133112:ENSG00000187134	85%	10GB	negative	GFSeeker	false_fusion	2	1	False_Call
ENSG00000133112:ENSG00000197099	90%	100GB	negative	FusionSeeker	false_fusion	2	1	False_Call
ENSG00000133112:ENSG00000197099	95%	100GB	positive	FusionSeeker	false_fusion	2	1	False_Call
ENSG00000133112:ENSG00000198242	85%	100GB	negative	FusionSeeker	false_fusion	2	1	False_Call
ENSG00000133112:ENSG00000210082	85%	100GB	positive	FusionSeeker	false_fusion:mitochondrial_genomic	6	1	False_Call
ENSG00000133112:ENSG00000210082	90%	100GB	positive	FusionSeeker	false_fusion:mitochondrial_genomic	2	1	False_Call
ENSG00000133112:ENSG00000211459	85%	100GB	negative	FusionSeeker	false_fusion:mitochondrial_genomic	2	1	False_Call
ENSG00000133112:ENSG00000211459	90%	100GB	positive	FusionSeeker	false_fusion:mitochondrial_genomic	4	1	False_Call
ENSG00000133112:ENSG00000211459	95%	100GB	positive	FusionSeeker	false_fusion:mitochondrial_genomic	2	1	False_Call
ENSG00000133112:ENSG00000231328	85%	10GB	positive	CTAT-LR-Fusion	false_fusion	2	1	False_Call
ENSG00000133121:ENSG00000235221	85%	100GB	positive	FusionSeeker	false_fusion	24	1	False_Call
ENSG00000133121:ENSG00000235221	85%	10GB	positive	FusionSeeker	false_fusion	3	1	False_Call
ENSG00000133121:ENSG00000235221	90%	100GB	positive	FusionSeeker	false_fusion	24	1	False_Call
ENSG00000133121:ENSG00000235221	90%	10GB	positive	FusionSeeker	false_fusion	2	1	False_Call
ENSG00000133121:ENSG00000235221	95%	100GB	positive	FusionSeeker	false_fusion	41	1	False_Call
ENSG00000133121:ENSG00000235221	95%	10GB	positive	FusionSeeker	false_fusion	4	1	False_Call
ENSG00000133121:ENSG00000272274	85%	100GB	positive	FusionSeeker	false_fusion	28	1	False_Call
ENSG00000133121:ENSG00000272274	85%	10GB	positive	FusionSeeker	false_fusion	3	1	False_Call
ENSG00000133121:ENSG00000272274	90%	100GB	positive	FusionSeeker	false_fusion	46	1	False_Call
ENSG00000133121:ENSG00000272274	90%	10GB	positive	FusionSeeker	false_fusion	2	1	False_Call
ENSG00000133121:ENSG00000272274	95%	100GB	positive	FusionSeeker	false_fusion	41	1	False_Call
ENSG00000133121:ENSG00000272274	95%	10GB	positive	FusionSeeker	false_fusion	3	1	False_Call
ENSG00000134020:ENSG00000248538	85%	100GB	positive	CTAT-LR-Fusion	intra_chromosome	22	1	True_Recall
ENSG00000134020:ENSG00000248538	90%	100GB	positive	CTAT-LR-Fusion	intra_chromosome	31	2	True_Recall
ENSG00000134020:ENSG00000248538	90%	100GB	positive	Genion	intra_chromosome	43	2	True_Recall
ENSG00000134020:ENSG00000248538	90%	10GB	positive	CTAT-LR-Fusion	intra_chromosome	2	1	True_Recall
ENSG00000134020:ENSG00000248538	95%	100GB	positive	CTAT-LR-Fusion	intra_chromosome	32	1	True_Recall
ENSG00000134020:ENSG00000248538	95%	10GB	positive	CTAT-LR-Fusion	intra_chromosome	3	1	True_Recall
ENSG00000134058:ENSG00000176970	85%	100GB	positive	CTAT-LR-Fusion	truncated_tri_fusion	23	3	Partial_Recall
ENSG00000134058:ENSG00000176970	85%	100GB	positive	FusionSeeker	truncated_tri_fusion	43	3	Partial_Recall
ENSG00000134058:ENSG00000176970	85%	100GB	positive	Genion	truncated_tri_fusion	26	3	Partial_Recall
ENSG00000134058:ENSG00000176970	85%	10GB	positive	FusionSeeker	truncated_tri_fusion	2	1	Partial_Recall
ENSG00000134058:ENSG00000176970	90%	100GB	positive	CTAT-LR-Fusion	truncated_tri_fusion	29	3	Partial_Recall
ENSG00000134058:ENSG00000176970	90%	100GB	positive	FusionSeeker	truncated_tri_fusion	37	3	Partial_Recall
ENSG00000134058:ENSG00000176970	90%	100GB	positive	Genion	truncated_tri_fusion	25	3	Partial_Recall
ENSG00000134058:ENSG00000176970	90%	10GB	positive	CTAT-LR-Fusion	truncated_tri_fusion	3	2	Partial_Recall
ENSG00000134058:ENSG00000176970	90%	10GB	positive	FusionSeeker	truncated_tri_fusion	4	2	Partial_Recall
ENSG00000134058:ENSG00000176970	95%	100GB	positive	CTAT-LR-Fusion	truncated_tri_fusion	27	3	Partial_Recall
ENSG00000134058:ENSG00000176970	95%	100GB	positive	FusionSeeker	truncated_tri_fusion	38	3	Partial_Recall
ENSG00000134058:ENSG00000176970	95%	100GB	positive	Genion	truncated_tri_fusion	11	3	Partial_Recall
ENSG00000134058:ENSG00000176970	95%	10GB	positive	CTAT-LR-Fusion	truncated_tri_fusion	2	2	Partial_Recall
ENSG00000134058:ENSG00000176970	95%	10GB	positive	FusionSeeker	truncated_tri_fusion	3	2	Partial_Recall
ENSG00000134058:ENSG00000176970:ENSG00000234736	95%	100GB	positive	Genion	wrong_order:tri_fusion	11	1	Partial_Recall
ENSG00000134058:ENSG00000234736	95%	100GB	positive	Genion	reverse_order:truncated_tri_fusion	12	1	Partial_Recall
ENSG00000134216:ENSG00000232240	90%	100GB	positive	Genion	false_fusion	5	1	False_Call
ENSG00000134283:ENSG00000073792	85%	100GB	positive	FusionSeeker	false_fusion	2	1	False_Call
ENSG00000134287:ENSG00000239617	90%	100GB	negative	Genion	false_fusion	2	1	False_Call
ENSG00000134287:ENSG00000239617	95%	100GB	negative	Genion	false_fusion	2	1	False_Call
ENSG00000134326:ENSG00000062485	85%	100GB	positive	CTAT-LR-Fusion	truncated_tri_fusion	24	1	Partial_Recall
ENSG00000134326:ENSG00000062485	85%	10GB	positive	CTAT-LR-Fusion	truncated_tri_fusion	3	2	Partial_Recall
ENSG00000134326:ENSG00000062485	85%	10GB	positive	GFSeeker	truncated_tri_fusion	3	2	Partial_Recall
ENSG00000134326:ENSG00000062485	90%	100GB	positive	CTAT-LR-Fusion	truncated_tri_fusion	26	1	Partial_Recall
ENSG00000134326:ENSG00000062485	90%	10GB	positive	CTAT-LR-Fusion	truncated_tri_fusion	3	2	Partial_Recall
ENSG00000134326:ENSG00000062485	90%	10GB	positive	GFSeeker	truncated_tri_fusion	4	2	Partial_Recall
ENSG00000134326:ENSG00000062485	95%	100GB	positive	CTAT-LR-Fusion	truncated_tri_fusion	26	1	Partial_Recall
ENSG00000134326:ENSG00000062485	95%	10GB	positive	CTAT-LR-Fusion	truncated_tri_fusion	2	1	Partial_Recall
ENSG00000134802:ENSG00000140987	95%	100GB	positive	CTAT-LR-Fusion	false_fusion	11	1	False_Call
ENSG00000134802:ENSG00000246273	85%	100GB	positive	JAFFAL	intra_chromosome	9	1	True_Recall
ENSG00000134802:ENSG00000246273	90%	100GB	positive	JAFFAL	intra_chromosome	28	1	True_Recall
ENSG00000134802:ENSG00000246273	90%	10GB	positive	JAFFAL	intra_chromosome	3	1	True_Recall
ENSG00000134802:ENSG00000246273	90%	1GB	positive	JAFFAL	intra_chromosome	2	1	True_Recall
ENSG00000134802:ENSG00000246273	95%	100GB	positive	JAFFAL	intra_chromosome	27	1	True_Recall
ENSG00000134802:ENSG00000246273	95%	10GB	positive	JAFFAL	intra_chromosome	3	1	True_Recall
ENSG00000134853:ENSG00000145216	85%	100GB	negative	LongGF	false_fusion	7	1	False_Call
ENSG00000134853:ENSG00000145216	85%	100GB	positive	LongGF	false_fusion	14	1	False_Call
ENSG00000134853:ENSG00000145216	90%	100GB	negative	LongGF	false_fusion	23	1	False_Call
ENSG00000134853:ENSG00000145216	90%	10GB	negative	LongGF	false_fusion	2	1	False_Call
ENSG00000134853:ENSG00000145216	90%	10GB	positive	LongGF	false_fusion	2	1	False_Call
ENSG00000134853:ENSG00000145216	95%	100GB	negative	LongGF	false_fusion	21	1	False_Call
ENSG00000134853:ENSG00000145216	95%	100GB	positive	LongGF	false_fusion	27	1	False_Call
ENSG00000134853:ENSG00000145216	95%	10GB	negative	LongGF	false_fusion	2	1	False_Call
ENSG00000134853:ENSG00000145216	95%	10GB	positive	LongGF	false_fusion	3	1	False_Call
ENSG00000134986:ENSG00000236654	85%	100GB	positive	FusionSeeker	false_fusion	3	1	False_Call
ENSG00000134986:ENSG00000236654	90%	100GB	negative	FusionSeeker	false_fusion	2	1	False_Call
ENSG00000134986:ENSG00000236654	90%	100GB	positive	FusionSeeker	false_fusion	2	1	False_Call
ENSG00000134986:ENSG00000236654	95%	100GB	negative	FusionSeeker	false_fusion	3	1	False_Call
ENSG00000135047:ENSG00000290883	85%	100GB	positive	Genion	false_fusion	6	1	False_Call
ENSG00000135047:ENSG00000290883	90%	100GB	negative	Genion	false_fusion	2	1	False_Call
ENSG00000135083:ENSG00000156467	85%	100GB	negative	FusionSeeker	false_fusion	3	1	False_Call
ENSG00000135083:ENSG00000156467	85%	100GB	positive	FusionSeeker	false_fusion	2	1	False_Call
ENSG00000135241:ENSG00000225612	85%	100GB	positive	CTAT-LR-Fusion	intra_chromosome	14	4	True_Recall
ENSG00000135241:ENSG00000225612	85%	100GB	positive	FusionSeeker	intra_chromosome	80	4	True_Recall
ENSG00000135241:ENSG00000225612	85%	100GB	positive	Genion	intra_chromosome	43	4	True_Recall
ENSG00000135241:ENSG00000225612	85%	100GB	positive	JAFFAL	intra_chromosome	4	4	True_Recall
ENSG00000135241:ENSG00000225612	85%	10GB	positive	CTAT-LR-Fusion	intra_chromosome	4	2	True_Recall
ENSG00000135241:ENSG00000225612	85%	10GB	positive	FusionSeeker	intra_chromosome	9	2	True_Recall
ENSG00000135241:ENSG00000225612	90%	100GB	positive	CTAT-LR-Fusion	intra_chromosome	17	4	True_Recall
ENSG00000135241:ENSG00000225612	90%	100GB	positive	FusionSeeker	intra_chromosome	62	4	True_Recall
ENSG00000135241:ENSG00000225612	90%	100GB	positive	Genion	intra_chromosome	31	4	True_Recall
ENSG00000135241:ENSG00000225612	90%	100GB	positive	JAFFAL	intra_chromosome	19	4	True_Recall
ENSG00000135241:ENSG00000225612	90%	10GB	positive	CTAT-LR-Fusion	intra_chromosome	3	3	True_Recall
ENSG00000135241:ENSG00000225612	90%	10GB	positive	FusionSeeker	intra_chromosome	8	3	True_Recall
ENSG00000135241:ENSG00000225612	90%	10GB	positive	JAFFAL	intra_chromosome	3	3	True_Recall
ENSG00000135241:ENSG00000225612	95%	100GB	positive	CTAT-LR-Fusion	intra_chromosome	33	4	True_Recall
ENSG00000135241:ENSG00000225612	95%	100GB	positive	FusionSeeker	intra_chromosome	82	4	True_Recall
ENSG00000135241:ENSG00000225612	95%	100GB	positive	Genion	intra_chromosome	42	4	True_Recall
ENSG00000135241:ENSG00000225612	95%	100GB	positive	JAFFAL	intra_chromosome	39	4	True_Recall
ENSG00000135241:ENSG00000225612	95%	10GB	positive	CTAT-LR-Fusion	intra_chromosome	4	3	True_Recall
ENSG00000135241:ENSG00000225612	95%	10GB	positive	FusionSeeker	intra_chromosome	10	3	True_Recall
ENSG00000135241:ENSG00000225612	95%	10GB	positive	JAFFAL	intra_chromosome	4	3	True_Recall
ENSG00000135269:ENSG00000237813	85%	100GB	negative	FusionSeeker	false_fusion:Sense-Antisense	12	1	False_Call
ENSG00000135269:ENSG00000237813	85%	100GB	positive	FusionSeeker	false_fusion:Sense-Antisense	9	1	False_Call
ENSG00000135269:ENSG00000237813	90%	100GB	negative	FusionSeeker	false_fusion:Sense-Antisense	30	1	False_Call
ENSG00000135269:ENSG00000237813	90%	100GB	positive	FusionSeeker	false_fusion:Sense-Antisense	27	1	False_Call
ENSG00000135269:ENSG00000237813	90%	10GB	negative	FusionSeeker	false_fusion:Sense-Antisense	3	1	False_Call
ENSG00000135269:ENSG00000237813	90%	10GB	positive	FusionSeeker	false_fusion:Sense-Antisense	3	1	False_Call
ENSG00000135269:ENSG00000237813	95%	100GB	negative	FusionSeeker	false_fusion:Sense-Antisense	33	1	False_Call
ENSG00000135269:ENSG00000237813	95%	100GB	positive	FusionSeeker	false_fusion:Sense-Antisense	41	1	False_Call
ENSG00000135269:ENSG00000237813	95%	10GB	negative	FusionSeeker	false_fusion:Sense-Antisense	3	1	False_Call
ENSG00000135269:ENSG00000237813	95%	10GB	positive	FusionSeeker	false_fusion:Sense-Antisense	7	1	False_Call
ENSG00000135314:ENSG00000104408	85%	100GB	negative	FusionSeeker	false_fusion	2	1	False_Call
ENSG00000135333:ENSG00000287683	85%	100GB	negative	FusionSeeker	false_fusion:Sense-Antisense	2	1	False_Call
ENSG00000135333:ENSG00000287683	85%	100GB	positive	FusionSeeker	false_fusion:Sense-Antisense	4	1	False_Call
ENSG00000135333:ENSG00000287683	90%	100GB	negative	FusionSeeker	false_fusion:Sense-Antisense	2	1	False_Call
ENSG00000135517:ENSG00000136014	85%	100GB	positive	FusionSeeker	reverse_order:truncated_tri_fusion	59	2	Partial_Recall
ENSG00000135517:ENSG00000136014	85%	100GB	positive	Genion	reverse_order:truncated_tri_fusion	14	2	Partial_Recall
ENSG00000135517:ENSG00000136014	90%	100GB	positive	FusionSeeker	reverse_order:truncated_tri_fusion	128	2	Partial_Recall
ENSG00000135517:ENSG00000136014	90%	100GB	positive	Genion	reverse_order:truncated_tri_fusion	24	2	Partial_Recall
ENSG00000135517:ENSG00000136014	90%	10GB	positive	FusionSeeker	reverse_order:truncated_tri_fusion	5	1	Partial_Recall
ENSG00000135517:ENSG00000136014	95%	100GB	positive	FusionSeeker	reverse_order:truncated_tri_fusion	80	2	Partial_Recall
ENSG00000135517:ENSG00000136014	95%	100GB	positive	Genion	reverse_order:truncated_tri_fusion	25	2	Partial_Recall
ENSG00000135517:ENSG00000136014	95%	10GB	positive	FusionSeeker	reverse_order:truncated_tri_fusion	6	2	Partial_Recall
ENSG00000135517:ENSG00000136014	95%	10GB	positive	GFSeeker	reverse_order:truncated_tri_fusion	2	2	Partial_Recall
ENSG00000135744:ENSG00000089157	85%	100GB	positive	FusionSeeker	false_fusion	2	1	False_Call
ENSG00000135744:ENSG00000231500	95%	100GB	negative	FusionSeeker	false_fusion	2	1	False_Call
ENSG00000135747:ENSG00000104490	95%	100GB	positive	FusionSeeker	false_fusion	2	1	False_Call
ENSG00000135747:ENSG00000138759	85%	100GB	positive	FusionSeeker	false_fusion	16	1	False_Call
ENSG00000135747:ENSG00000138759	90%	100GB	positive	FusionSeeker	false_fusion	18	1	False_Call
ENSG00000135747:ENSG00000138759	95%	100GB	positive	FusionSeeker	false_fusion	21	1	False_Call
ENSG00000135747:ENSG00000138759	95%	10GB	positive	FusionSeeker	false_fusion	4	1	False_Call
ENSG00000136014:ENSG00000135517	85%	100GB	positive	JAFFAL	truncated_tri_fusion	10	1	Partial_Recall
ENSG00000136014:ENSG00000135517	90%	100GB	positive	JAFFAL	truncated_tri_fusion	28	1	Partial_Recall
ENSG00000136014:ENSG00000135517	95%	100GB	positive	CTAT-LR-Fusion	truncated_tri_fusion	15	2	Partial_Recall
ENSG00000136014:ENSG00000135517	95%	100GB	positive	JAFFAL	truncated_tri_fusion	31	2	Partial_Recall
ENSG00000136014:ENSG00000135517	95%	10GB	positive	CTAT-LR-Fusion	truncated_tri_fusion	3	2	Partial_Recall
ENSG00000136014:ENSG00000135517	95%	10GB	positive	JAFFAL	truncated_tri_fusion	3	2	Partial_Recall
ENSG00000136014:ENSG00000236963	90%	100GB	positive	Genion	reverse_order:truncated_tri_fusion	20	1	Partial_Recall
ENSG00000136014:ENSG00000236963	95%	100GB	positive	Genion	reverse_order:truncated_tri_fusion	33	1	Partial_Recall
ENSG00000136014:ENSG00000285528	85%	100GB	positive	Genion	false_fusion	11	1	False_Call
ENSG00000136014:ENSG00000285528	90%	100GB	positive	Genion	false_fusion	12	1	False_Call
ENSG00000136160:ENSG00000234377	85%	100GB	negative	FusionSeeker	false_fusion	14	1	False_Call
ENSG00000136160:ENSG00000234377	85%	100GB	positive	FusionSeeker	false_fusion	19	1	False_Call
ENSG00000136160:ENSG00000234377	85%	10GB	positive	FusionSeeker	false_fusion	2	1	False_Call
ENSG00000136160:ENSG00000234377	90%	100GB	negative	FusionSeeker	false_fusion	15	1	False_Call
ENSG00000136160:ENSG00000234377	90%	100GB	positive	FusionSeeker	false_fusion	15	1	False_Call
ENSG00000136160:ENSG00000234377	90%	10GB	negative	FusionSeeker	false_fusion	2	1	False_Call
ENSG00000136160:ENSG00000234377	90%	10GB	positive	FusionSeeker	false_fusion	3	1	False_Call
ENSG00000136160:ENSG00000234377	95%	100GB	negative	FusionSeeker	false_fusion	17	1	False_Call
ENSG00000136160:ENSG00000234377	95%	100GB	positive	FusionSeeker	false_fusion	22	1	False_Call
ENSG00000136160:ENSG00000234377	95%	10GB	negative	FusionSeeker	false_fusion	2	1	False_Call
ENSG00000136160:ENSG00000234377	95%	10GB	positive	FusionSeeker	false_fusion	3	1	False_Call
ENSG00000136235:ENSG00000174384	90%	100GB	positive	FusionSeeker	false_fusion	2	1	False_Call
ENSG00000136235:ENSG00000174384	95%	100GB	positive	FusionSeeker	false_fusion	5	1	False_Call
ENSG00000136235:ENSG00000265479	85%	100GB	positive	FusionSeeker	false_fusion	2	1	False_Call
ENSG00000136235:ENSG00000273598	85%	100GB	positive	FusionSeeker	false_fusion	2	1	False_Call
ENSG00000136235:ENSG00000273897	90%	100GB	positive	FusionSeeker	false_fusion	2	1	False_Call
ENSG00000136235:ENSG00000276840	85%	100GB	positive	FusionSeeker	false_fusion	8	1	False_Call
ENSG00000136235:ENSG00000276840	90%	100GB	positive	FusionSeeker	false_fusion	14	1	False_Call
ENSG00000136235:ENSG00000276840	95%	100GB	positive	FusionSeeker	false_fusion	13	1	False_Call
ENSG00000136235:ENSG00000285702	85%	100GB	positive	FusionSeeker	false_fusion	3	1	False_Call
ENSG00000136235:ENSG00000285702	90%	100GB	positive	FusionSeeker	false_fusion	10	1	False_Call
ENSG00000136235:ENSG00000285702	95%	100GB	positive	FusionSeeker	false_fusion	13	1	False_Call
ENSG00000136235:ENSG00000285702	95%	10GB	positive	FusionSeeker	false_fusion	2	1	False_Call
ENSG00000136235:ENSG00000291178	85%	100GB	positive	FusionSeeker	reverse_order: intra_chromosome	4	1	Partial_Recall
ENSG00000136235:ENSG00000291178	95%	100GB	positive	FusionSeeker	reverse_order: intra_chromosome	3	1	Partial_Recall
ENSG00000136297:ENSG00000106628	85%	100GB	positive	FusionSeeker	reverse_order: intra_chromosome	78	1	Partial_Recall
ENSG00000136297:ENSG00000106628	85%	10GB	positive	FusionSeeker	reverse_order: intra_chromosome	8	1	Partial_Recall
ENSG00000136297:ENSG00000106628	90%	100GB	positive	FusionSeeker	reverse_order: intra_chromosome	65	1	Partial_Recall
ENSG00000136297:ENSG00000106628	90%	10GB	positive	FusionSeeker	reverse_order: intra_chromosome	9	1	Partial_Recall
ENSG00000136297:ENSG00000106628	95%	100GB	positive	FusionSeeker	reverse_order: intra_chromosome	33	1	Partial_Recall
ENSG00000136297:ENSG00000106628	95%	10GB	positive	FusionSeeker	reverse_order: intra_chromosome	4	1	Partial_Recall
ENSG00000136444:ENSG00000020256	85%	100GB	positive	FusionSeeker	reverse_order: hybrid	76	1	Partial_Recall
ENSG00000136444:ENSG00000020256	85%	10GB	positive	FusionSeeker	reverse_order: hybrid	9	1	Partial_Recall
ENSG00000136444:ENSG00000020256	90%	100GB	positive	FusionSeeker	reverse_order: hybrid	76	1	Partial_Recall
ENSG00000136444:ENSG00000020256	90%	10GB	positive	FusionSeeker	reverse_order: hybrid	8	1	Partial_Recall
ENSG00000136444:ENSG00000020256	95%	100GB	positive	FusionSeeker	reverse_order: hybrid	78	1	Partial_Recall
ENSG00000136444:ENSG00000020256	95%	10GB	positive	FusionSeeker	reverse_order: hybrid	12	2	Partial_Recall
ENSG00000136444:ENSG00000020256	95%	10GB	positive	GFSeeker	reverse_order: hybrid	5	2	Partial_Recall
ENSG00000136444:ENSG00000020256	95%	1GB	positive	FusionSeeker	reverse_order: hybrid	4	2	Partial_Recall
ENSG00000136444:ENSG00000020256	95%	1GB	positive	GFSeeker	reverse_order: hybrid	2	2	Partial_Recall
ENSG00000136504:ENSG00000277586	85%	100GB	positive	FusionSeeker	truncated_tri_fusion	40	2	Partial_Recall
ENSG00000136504:ENSG00000277586	85%	100GB	positive	Genion	truncated_tri_fusion	35	2	Partial_Recall
ENSG00000136504:ENSG00000277586	85%	10GB	positive	FusionSeeker	truncated_tri_fusion	5	1	Partial_Recall
ENSG00000136504:ENSG00000277586	90%	100GB	positive	CTAT-LR-Fusion	truncated_tri_fusion	25	5	Partial_Recall
ENSG00000136504:ENSG00000277586	90%	100GB	positive	FusionSeeker	truncated_tri_fusion	37	5	Partial_Recall
ENSG00000136504:ENSG00000277586	90%	100GB	positive	Genion	truncated_tri_fusion	31	5	Partial_Recall
ENSG00000136504:ENSG00000277586	90%	100GB	positive	JAFFAL	truncated_tri_fusion	5	5	Partial_Recall
ENSG00000136504:ENSG00000277586	90%	100GB	positive	LongGF	truncated_tri_fusion	8	5	Partial_Recall
ENSG00000136504:ENSG00000277586	90%	10GB	positive	FusionSeeker	truncated_tri_fusion	2	1	Partial_Recall
ENSG00000136504:ENSG00000277586	90%	1GB	positive	FusionSeeker	truncated_tri_fusion	2	1	Partial_Recall
ENSG00000136504:ENSG00000277586	95%	100GB	positive	CTAT-LR-Fusion	truncated_tri_fusion	34	5	Partial_Recall
ENSG00000136504:ENSG00000277586	95%	100GB	positive	FusionSeeker	truncated_tri_fusion	36	5	Partial_Recall
ENSG00000136504:ENSG00000277586	95%	100GB	positive	Genion	truncated_tri_fusion	37	5	Partial_Recall
ENSG00000136504:ENSG00000277586	95%	100GB	positive	JAFFAL	truncated_tri_fusion	20	5	Partial_Recall
ENSG00000136504:ENSG00000277586	95%	100GB	positive	LongGF	truncated_tri_fusion	28	5	Partial_Recall
ENSG00000136504:ENSG00000277586	95%	10GB	positive	CTAT-LR-Fusion	truncated_tri_fusion	4	4	Partial_Recall
ENSG00000136504:ENSG00000277586	95%	10GB	positive	FusionSeeker	truncated_tri_fusion	5	4	Partial_Recall
ENSG00000136504:ENSG00000277586	95%	10GB	positive	JAFFAL	truncated_tri_fusion	3	4	Partial_Recall
ENSG00000136504:ENSG00000277586	95%	10GB	positive	LongGF	truncated_tri_fusion	4	4	Partial_Recall
ENSG00000136504:ENSG00000277586	95%	1GB	positive	FusionSeeker	truncated_tri_fusion	2	1	Partial_Recall
ENSG00000136521:ENSG00000058056	90%	100GB	negative	JAFFAL	false_fusion	2	1	False_Call
ENSG00000136861:ENSG00000225676	85%	100GB	positive	Genion	reverse_order: hybrid	36	1	Partial_Recall
ENSG00000136861:ENSG00000225676	90%	100GB	positive	Genion	reverse_order: hybrid	40	1	Partial_Recall
ENSG00000136861:ENSG00000225676	95%	100GB	positive	Genion	reverse_order: hybrid	34	1	Partial_Recall
ENSG00000136869:ENSG00000284977	85%	100GB	negative	CTAT-LR-Fusion	false_fusion	13	1	False_Call
ENSG00000136869:ENSG00000284977	85%	100GB	positive	CTAT-LR-Fusion	false_fusion	14	1	False_Call
ENSG00000136869:ENSG00000284977	90%	100GB	negative	CTAT-LR-Fusion	false_fusion	20	1	False_Call
ENSG00000136869:ENSG00000284977	90%	100GB	positive	CTAT-LR-Fusion	false_fusion	18	1	False_Call
ENSG00000136869:ENSG00000284977	90%	10GB	positive	CTAT-LR-Fusion	false_fusion	2	1	False_Call
ENSG00000136942:ENSG00000210082	90%	100GB	positive	FusionSeeker	false_fusion:mitochondrial_genomic	2	1	False_Call
ENSG00000136942:ENSG00000211459	85%	100GB	negative	FusionSeeker	false_fusion:mitochondrial_genomic	2	1	False_Call
ENSG00000137074:ENSG00000130714	90%	100GB	positive	FusionSeeker	intra_chromosome	17	1	True_Recall
ENSG00000137074:ENSG00000130714	95%	100GB	positive	FusionSeeker	intra_chromosome	40	1	True_Recall
ENSG00000137074:ENSG00000130714	95%	10GB	positive	CTAT-LR-Fusion	intra_chromosome	2	2	True_Recall
ENSG00000137074:ENSG00000130714	95%	10GB	positive	FusionSeeker	intra_chromosome	4	2	True_Recall
ENSG00000137154:ENSG00000204628	90%	100GB	positive	JAFFAL	false_fusion	2	1	False_Call
ENSG00000137154:ENSG00000210082	90%	100GB	positive	FusionSeeker	false_fusion:mitochondrial_genomic	2	1	False_Call
ENSG00000137251:ENSG00000242197:ENSG00000268416	85%	100GB	positive	Genion	wrong_order:tri_fusion	10	1	Partial_Recall
ENSG00000137251:ENSG00000242197:ENSG00000268416	90%	100GB	positive	Genion	wrong_order:tri_fusion	6	1	Partial_Recall
ENSG00000137251:ENSG00000242197:ENSG00000268416	95%	100GB	positive	Genion	wrong_order:tri_fusion	10	1	Partial_Recall
ENSG00000137251:ENSG00000268416	85%	100GB	positive	Genion	truncated_tri_fusion	6	2	Partial_Recall
ENSG00000137251:ENSG00000268416	85%	100GB	positive	JAFFAL	truncated_tri_fusion	13	2	Partial_Recall
ENSG00000137251:ENSG00000268416	85%	10GB	positive	JAFFAL	truncated_tri_fusion	2	1	Partial_Recall
ENSG00000137251:ENSG00000268416	90%	100GB	positive	Genion	truncated_tri_fusion	18	2	Partial_Recall
ENSG00000137251:ENSG00000268416	90%	100GB	positive	JAFFAL	truncated_tri_fusion	23	2	Partial_Recall
ENSG00000137251:ENSG00000268416	90%	10GB	positive	JAFFAL	truncated_tri_fusion	4	1	Partial_Recall
ENSG00000137251:ENSG00000268416	95%	100GB	positive	Genion	truncated_tri_fusion	19	2	Partial_Recall
ENSG00000137251:ENSG00000268416	95%	100GB	positive	JAFFAL	truncated_tri_fusion	26	2	Partial_Recall
ENSG00000137251:ENSG00000268416	95%	10GB	positive	JAFFAL	truncated_tri_fusion	3	1	Partial_Recall
ENSG00000137267:ENSG00000137285:ENSG00000204054	95%	100GB	positive	Genion	false_fusion	18	1	False_Call
ENSG00000137285:ENSG00000204054	85%	100GB	positive	FusionSeeker	truncated_tri_fusion	13	1	Partial_Recall
ENSG00000137285:ENSG00000204054	90%	100GB	positive	FusionSeeker	truncated_tri_fusion	3	1	Partial_Recall
ENSG00000137285:ENSG00000204054	95%	100GB	positive	CTAT-LR-Fusion	truncated_tri_fusion	12	2	Partial_Recall
ENSG00000137285:ENSG00000204054	95%	100GB	positive	FusionSeeker	truncated_tri_fusion	4	2	Partial_Recall
ENSG00000137449:ENSG00000249252	85%	100GB	negative	FusionSeeker	false_fusion	2	1	False_Call
ENSG00000137449:ENSG00000249252	85%	100GB	positive	FusionSeeker	false_fusion	3	1	False_Call
ENSG00000137449:ENSG00000249252	90%	100GB	negative	FusionSeeker	false_fusion	19	1	False_Call
ENSG00000137449:ENSG00000249252	90%	100GB	positive	FusionSeeker	false_fusion	21	1	False_Call
ENSG00000137449:ENSG00000249252	90%	10GB	negative	FusionSeeker	false_fusion	4	1	False_Call
ENSG00000137449:ENSG00000249252	90%	10GB	positive	FusionSeeker	false_fusion	4	1	False_Call
ENSG00000137449:ENSG00000249252	95%	100GB	negative	FusionSeeker	false_fusion	37	1	False_Call
ENSG00000137449:ENSG00000249252	95%	100GB	positive	FusionSeeker	false_fusion	31	1	False_Call
ENSG00000137449:ENSG00000249252	95%	10GB	negative	FusionSeeker	false_fusion	4	1	False_Call
ENSG00000137449:ENSG00000249252	95%	10GB	positive	FusionSeeker	false_fusion	3	1	False_Call
ENSG00000137707:ENSG00000162302	85%	100GB	positive	LongGF	reverse_order:truncated_tri_fusion	22	1	Partial_Recall
ENSG00000137707:ENSG00000162302	85%	10GB	positive	LongGF	reverse_order:truncated_tri_fusion	4	1	Partial_Recall
ENSG00000137707:ENSG00000162302	90%	100GB	positive	LongGF	reverse_order:truncated_tri_fusion	22	1	Partial_Recall
ENSG00000137707:ENSG00000162302	90%	10GB	positive	LongGF	reverse_order:truncated_tri_fusion	2	1	Partial_Recall
ENSG00000137707:ENSG00000162302	95%	100GB	positive	LongGF	reverse_order:truncated_tri_fusion	26	1	Partial_Recall
ENSG00000137707:ENSG00000162302	95%	10GB	positive	LongGF	reverse_order:truncated_tri_fusion	3	1	Partial_Recall
ENSG00000137707:ENSG00000162302:ENSG00000196549	95%	100GB	positive	Genion	reverse_order:tri_fusion	19	1	Partial_Recall
ENSG00000137707:ENSG00000196549	85%	100GB	positive	FusionSeeker	reverse_order:truncated_tri_fusion	10	1	Partial_Recall
ENSG00000137707:ENSG00000196549	90%	100GB	positive	FusionSeeker	reverse_order:truncated_tri_fusion	18	1	Partial_Recall
ENSG00000137707:ENSG00000196549	95%	100GB	positive	FusionSeeker	reverse_order:truncated_tri_fusion	61	1	Partial_Recall
ENSG00000137707:ENSG00000196549	95%	10GB	positive	FusionSeeker	reverse_order:truncated_tri_fusion	10	1	Partial_Recall
ENSG00000137726:ENSG00000137731	95%	100GB	negative	Genion	false_fusion	2	1	False_Call
ENSG00000137807:ENSG00000173166	85%	100GB	positive	FusionSeeker	reverse_order: hybrid	34	1	Partial_Recall
ENSG00000137807:ENSG00000173166	85%	10GB	positive	FusionSeeker	reverse_order: hybrid	6	1	Partial_Recall
ENSG00000137807:ENSG00000173166	90%	100GB	positive	FusionSeeker	reverse_order: hybrid	70	1	Partial_Recall
ENSG00000137807:ENSG00000173166	90%	10GB	positive	FusionSeeker	reverse_order: hybrid	2	1	Partial_Recall
ENSG00000137807:ENSG00000173166	95%	100GB	positive	FusionSeeker	reverse_order: hybrid	145	1	Partial_Recall
ENSG00000137807:ENSG00000173166	95%	10GB	positive	FusionSeeker	reverse_order: hybrid	17	1	Partial_Recall
ENSG00000137818:ENSG00000012048	85%	100GB	negative	FusionSeeker	false_fusion	14	1	False_Call
ENSG00000137818:ENSG00000012048	85%	100GB	positive	FusionSeeker	false_fusion	10	1	False_Call
ENSG00000137818:ENSG00000071082	85%	100GB	negative	FusionSeeker	false_fusion	2	1	False_Call
ENSG00000137818:ENSG00000071082	90%	100GB	positive	FusionSeeker	false_fusion	2	1	False_Call
ENSG00000137818:ENSG00000087086	85%	100GB	negative	FusionSeeker	false_fusion	2	1	False_Call
ENSG00000137818:ENSG00000087086	95%	100GB	positive	FusionSeeker	false_fusion	3	1	False_Call
ENSG00000137818:ENSG00000144426	85%	100GB	positive	FusionSeeker	false_fusion	2	1	False_Call
ENSG00000137818:ENSG00000156508	85%	100GB	negative	FusionSeeker	false_fusion	2	1	False_Call
ENSG00000137818:ENSG00000196205	95%	100GB	positive	FusionSeeker	false_fusion	2	1	False_Call
ENSG00000137818:ENSG00000198888	95%	100GB	positive	FusionSeeker	false_fusion:mitochondrial_genomic	2	1	False_Call
ENSG00000137818:ENSG00000204628	95%	100GB	negative	FusionSeeker	false_fusion	2	1	False_Call
ENSG00000137818:ENSG00000211459	85%	100GB	positive	FusionSeeker	false_fusion:mitochondrial_genomic	3	1	False_Call
ENSG00000137818:ENSG00000211459	90%	100GB	negative	FusionSeeker	false_fusion:mitochondrial_genomic	2	1	False_Call
ENSG00000137818:ENSG00000211459	95%	100GB	positive	FusionSeeker	false_fusion:mitochondrial_genomic	2	1	False_Call
ENSG00000137818:ENSG00000214657	85%	100GB	positive	FusionSeeker	false_fusion	2	1	False_Call
ENSG00000137818:ENSG00000218175	85%	100GB	negative	FusionSeeker	false_fusion	2	1	False_Call
ENSG00000137818:ENSG00000218175	90%	100GB	positive	FusionSeeker	false_fusion	2	1	False_Call
ENSG00000137818:ENSG00000224631	95%	100GB	positive	FusionSeeker	false_fusion	2	1	False_Call
ENSG00000137818:ENSG00000231500	90%	100GB	negative	FusionSeeker	false_fusion	2	1	False_Call
ENSG00000137818:ENSG00000238150	85%	100GB	negative	FusionSeeker	false_fusion	4	1	False_Call
ENSG00000137818:ENSG00000238150	85%	100GB	positive	FusionSeeker	false_fusion	2	1	False_Call
ENSG00000137860:ENSG00000036672	85%	100GB	positive	JAFFAL	truncated_tri_fusion	7	1	Partial_Recall
ENSG00000137860:ENSG00000036672	90%	100GB	positive	JAFFAL	truncated_tri_fusion	21	1	Partial_Recall
ENSG00000137860:ENSG00000036672	90%	10GB	positive	JAFFAL	truncated_tri_fusion	2	1	Partial_Recall
ENSG00000137860:ENSG00000036672	95%	100GB	positive	JAFFAL	truncated_tri_fusion	18	1	Partial_Recall
ENSG00000137860:ENSG00000036672	95%	10GB	positive	JAFFAL	truncated_tri_fusion	4	1	Partial_Recall
ENSG00000137860:ENSG00000036672:ENSG00000261821	85%	100GB	positive	JAFFAL	tri_fusion	8	1	True_Recall
ENSG00000137860:ENSG00000036672:ENSG00000261821	90%	100GB	positive	JAFFAL	tri_fusion	20	1	True_Recall
ENSG00000137860:ENSG00000036672:ENSG00000261821	95%	100GB	positive	JAFFAL	tri_fusion	20	1	True_Recall
ENSG00000137860:ENSG00000036672:ENSG00000261821	95%	10GB	positive	JAFFAL	tri_fusion	4	1	True_Recall
ENSG00000137876:ENSG00000270647	85%	100GB	positive	FusionSeeker	false_fusion	3	1	False_Call
ENSG00000137970:ENSG00000111640	95%	100GB	positive	FusionSeeker	false_fusion	2	1	False_Call
ENSG00000137970:ENSG00000135744	95%	100GB	negative	FusionSeeker	false_fusion	2	1	False_Call
ENSG00000137970:ENSG00000147604	85%	100GB	negative	FusionSeeker	false_fusion	3	1	False_Call
ENSG00000137970:ENSG00000147604	90%	100GB	positive	FusionSeeker	false_fusion	4	1	False_Call
ENSG00000137970:ENSG00000156508	90%	100GB	positive	FusionSeeker	false_fusion	2	1	False_Call
ENSG00000137970:ENSG00000187134	85%	100GB	positive	FusionSeeker	false_fusion	2	1	False_Call
ENSG00000137970:ENSG00000196205	85%	100GB	positive	FusionSeeker	false_fusion	2	1	False_Call
ENSG00000137970:ENSG00000197099	85%	100GB	negative	FusionSeeker	false_fusion	2	1	False_Call
ENSG00000137970:ENSG00000210082	90%	100GB	positive	FusionSeeker	false_fusion:mitochondrial_genomic	2	1	False_Call
ENSG00000137970:ENSG00000210082	95%	100GB	positive	FusionSeeker	false_fusion:mitochondrial_genomic	2	1	False_Call
ENSG00000137970:ENSG00000211459	85%	100GB	negative	FusionSeeker	false_fusion:mitochondrial_genomic	4	1	False_Call
ENSG00000137970:ENSG00000220842	90%	100GB	positive	FusionSeeker	false_fusion	2	1	False_Call
ENSG00000137970:ENSG00000273259	90%	100GB	positive	FusionSeeker	false_fusion	2	1	False_Call
ENSG00000138068:ENSG00000071082	85%	100GB	positive	FusionSeeker	false_fusion	2	1	False_Call
ENSG00000138101:ENSG00000144589	90%	100GB	positive	FusionSeeker	intra_chromosome	19	1	True_Recall
ENSG00000138101:ENSG00000144589	95%	100GB	positive	CTAT-LR-Fusion	intra_chromosome	13	2	True_Recall
ENSG00000138101:ENSG00000144589	95%	100GB	positive	FusionSeeker	intra_chromosome	35	2	True_Recall
ENSG00000138101:ENSG00000144589	95%	10GB	positive	FusionSeeker	intra_chromosome	3	2	True_Recall
ENSG00000138101:ENSG00000144589	95%	10GB	positive	GFSeeker	intra_chromosome	3	2	True_Recall
ENSG00000138109:ENSG00000145216	95%	100GB	positive	FusionSeeker	false_fusion	3	1	False_Call
ENSG00000138115:ENSG00000145216	85%	100GB	positive	FusionSeeker	truncated_tri_fusion	25	1	Partial_Recall
ENSG00000138115:ENSG00000145216	90%	100GB	positive	CTAT-LR-Fusion	truncated_tri_fusion	12	4	Partial_Recall
ENSG00000138115:ENSG00000145216	90%	100GB	positive	FusionSeeker	truncated_tri_fusion	37	4	Partial_Recall
ENSG00000138115:ENSG00000145216	90%	100GB	positive	Genion	truncated_tri_fusion	21	4	Partial_Recall
ENSG00000138115:ENSG00000145216	90%	100GB	positive	LongGF	truncated_tri_fusion	21	4	Partial_Recall
ENSG00000138115:ENSG00000145216	95%	100GB	positive	CTAT-LR-Fusion	truncated_tri_fusion	25	3	Partial_Recall
ENSG00000138115:ENSG00000145216	95%	100GB	positive	FusionSeeker	truncated_tri_fusion	35	3	Partial_Recall
ENSG00000138115:ENSG00000145216	95%	100GB	positive	Genion	truncated_tri_fusion	21	3	Partial_Recall
ENSG00000138115:ENSG00000282278	85%	100GB	positive	JAFFAL	false_fusion	11	1	False_Call
ENSG00000138115:ENSG00000282278	90%	100GB	positive	JAFFAL	false_fusion	19	1	False_Call
ENSG00000138115:ENSG00000282278	95%	100GB	positive	JAFFAL	false_fusion	24	1	False_Call
ENSG00000138185:ENSG00000226688	85%	100GB	negative	FusionSeeker	false_fusion	62	1	False_Call
ENSG00000138185:ENSG00000226688	85%	100GB	positive	FusionSeeker	false_fusion	63	1	False_Call
ENSG00000138185:ENSG00000226688	85%	10GB	negative	FusionSeeker	false_fusion	4	1	False_Call
ENSG00000138185:ENSG00000226688	85%	10GB	positive	FusionSeeker	false_fusion	5	1	False_Call
ENSG00000138185:ENSG00000226688	90%	100GB	negative	FusionSeeker	false_fusion	102	1	False_Call
ENSG00000138185:ENSG00000226688	90%	100GB	positive	FusionSeeker	false_fusion	100	1	False_Call
ENSG00000138185:ENSG00000226688	90%	10GB	negative	FusionSeeker	false_fusion	7	1	False_Call
ENSG00000138185:ENSG00000226688	90%	10GB	positive	FusionSeeker	false_fusion	8	1	False_Call
ENSG00000138185:ENSG00000226688	95%	100GB	negative	FusionSeeker	false_fusion	112	1	False_Call
ENSG00000138185:ENSG00000226688	95%	100GB	positive	FusionSeeker	false_fusion	116	1	False_Call
ENSG00000138185:ENSG00000226688	95%	10GB	negative	FusionSeeker	false_fusion	7	1	False_Call
ENSG00000138185:ENSG00000226688	95%	10GB	positive	FusionSeeker	false_fusion	12	1	False_Call
ENSG00000138311:ENSG00000285837	85%	100GB	negative	FusionSeeker	false_fusion	3	1	False_Call
ENSG00000138311:ENSG00000285837	85%	100GB	positive	FusionSeeker	false_fusion	8	1	False_Call
ENSG00000138311:ENSG00000285837	90%	100GB	negative	FusionSeeker	false_fusion	5	1	False_Call
ENSG00000138311:ENSG00000285837	90%	100GB	positive	FusionSeeker	false_fusion	4	1	False_Call
ENSG00000138315:ENSG00000181163	85%	100GB	positive	FusionSeeker	false_fusion	2	1	False_Call
ENSG00000138315:ENSG00000181163	90%	100GB	positive	FusionSeeker	false_fusion	3	1	False_Call
ENSG00000138326:ENSG00000087086	90%	100GB	positive	FusionSeeker	false_fusion	2	1	False_Call
ENSG00000138326:ENSG00000211459	85%	100GB	positive	FusionSeeker	false_fusion:mitochondrial_genomic	2	1	False_Call
ENSG00000138347:ENSG00000244607	85%	100GB	positive	FusionSeeker	reverse_order: hybrid	113	1	Partial_Recall
ENSG00000138347:ENSG00000244607	90%	100GB	positive	FusionSeeker	reverse_order: hybrid	131	1	Partial_Recall
ENSG00000138347:ENSG00000244607	95%	100GB	positive	FusionSeeker	reverse_order: hybrid	132	1	Partial_Recall
ENSG00000138347:ENSG00000244607	95%	10GB	positive	FusionSeeker	reverse_order: hybrid	8	1	Partial_Recall
ENSG00000138380:ENSG00000186487	85%	100GB	positive	LongGF	reverse_order: intra_chromosome	18	1	Partial_Recall
ENSG00000138380:ENSG00000186487	90%	100GB	positive	Genion	reverse_order: intra_chromosome	22	2	Partial_Recall
ENSG00000138380:ENSG00000186487	90%	100GB	positive	LongGF	reverse_order: intra_chromosome	22	2	Partial_Recall
ENSG00000138380:ENSG00000186487	90%	10GB	positive	LongGF	reverse_order: intra_chromosome	4	1	Partial_Recall
ENSG00000138380:ENSG00000186487	95%	100GB	positive	Genion	reverse_order: intra_chromosome	25	2	Partial_Recall
ENSG00000138380:ENSG00000186487	95%	100GB	positive	LongGF	reverse_order: intra_chromosome	23	2	Partial_Recall
ENSG00000138675:ENSG00000197826	85%	100GB	negative	FusionSeeker	false_fusion	2	1	False_Call
ENSG00000138698:ENSG00000166855	95%	10GB	positive	GFSeeker	reverse_order:truncated_tri_fusion	2	1	Partial_Recall
ENSG00000138698:ENSG00000198246	85%	100GB	positive	JAFFAL	truncated_tri_fusion	3	1	Partial_Recall
ENSG00000138698:ENSG00000198246	90%	100GB	positive	CTAT-LR-Fusion	truncated_tri_fusion	11	2	Partial_Recall
ENSG00000138698:ENSG00000198246	90%	100GB	positive	JAFFAL	truncated_tri_fusion	9	2	Partial_Recall
ENSG00000138698:ENSG00000198246	90%	10GB	positive	CTAT-LR-Fusion	truncated_tri_fusion	2	3	Partial_Recall
ENSG00000138698:ENSG00000198246	90%	10GB	positive	GFSeeker	truncated_tri_fusion	2	3	Partial_Recall
ENSG00000138698:ENSG00000198246	90%	10GB	positive	JAFFAL	truncated_tri_fusion	2	3	Partial_Recall
ENSG00000138698:ENSG00000198246	95%	100GB	positive	CTAT-LR-Fusion	truncated_tri_fusion	27	2	Partial_Recall
ENSG00000138698:ENSG00000198246	95%	100GB	positive	JAFFAL	truncated_tri_fusion	28	2	Partial_Recall
ENSG00000138698:ENSG00000198246	95%	10GB	positive	CTAT-LR-Fusion	truncated_tri_fusion	3	2	Partial_Recall
ENSG00000138698:ENSG00000198246	95%	10GB	positive	JAFFAL	truncated_tri_fusion	3	2	Partial_Recall
ENSG00000138759:ENSG00000104490	85%	100GB	positive	CTAT-LR-Fusion	truncated_tri_fusion	29	3	Partial_Recall
ENSG00000138759:ENSG00000104490	85%	100GB	positive	FusionSeeker	truncated_tri_fusion	29	3	Partial_Recall
ENSG00000138759:ENSG00000104490	85%	100GB	positive	JAFFAL	truncated_tri_fusion	24	3	Partial_Recall
ENSG00000138759:ENSG00000104490	85%	10GB	positive	CTAT-LR-Fusion	truncated_tri_fusion	4	3	Partial_Recall
ENSG00000138759:ENSG00000104490	85%	10GB	positive	FusionSeeker	truncated_tri_fusion	5	3	Partial_Recall
ENSG00000138759:ENSG00000104490	85%	10GB	positive	JAFFAL	truncated_tri_fusion	3	3	Partial_Recall
ENSG00000138759:ENSG00000104490	90%	100GB	positive	CTAT-LR-Fusion	truncated_tri_fusion	33	3	Partial_Recall
ENSG00000138759:ENSG00000104490	90%	100GB	positive	FusionSeeker	truncated_tri_fusion	45	3	Partial_Recall
ENSG00000138759:ENSG00000104490	90%	100GB	positive	JAFFAL	truncated_tri_fusion	37	3	Partial_Recall
ENSG00000138759:ENSG00000104490	90%	10GB	positive	CTAT-LR-Fusion	truncated_tri_fusion	5	4	Partial_Recall
ENSG00000138759:ENSG00000104490	90%	10GB	positive	FusionSeeker	truncated_tri_fusion	5	4	Partial_Recall
ENSG00000138759:ENSG00000104490	90%	10GB	positive	GFSeeker	truncated_tri_fusion	4	4	Partial_Recall
ENSG00000138759:ENSG00000104490	90%	10GB	positive	JAFFAL	truncated_tri_fusion	5	4	Partial_Recall
ENSG00000138759:ENSG00000104490	95%	100GB	positive	CTAT-LR-Fusion	truncated_tri_fusion	30	3	Partial_Recall
ENSG00000138759:ENSG00000104490	95%	100GB	positive	FusionSeeker	truncated_tri_fusion	38	3	Partial_Recall
ENSG00000138759:ENSG00000104490	95%	100GB	positive	JAFFAL	truncated_tri_fusion	39	3	Partial_Recall
ENSG00000138759:ENSG00000104490	95%	10GB	positive	CTAT-LR-Fusion	truncated_tri_fusion	2	3	Partial_Recall
ENSG00000138759:ENSG00000104490	95%	10GB	positive	FusionSeeker	truncated_tri_fusion	3	3	Partial_Recall
ENSG00000138759:ENSG00000104490	95%	10GB	positive	JAFFAL	truncated_tri_fusion	3	3	Partial_Recall
ENSG00000138759:ENSG00000215796	85%	100GB	positive	Genion	reverse_order:truncated_tri_fusion	16	1	Partial_Recall
ENSG00000138759:ENSG00000215796	90%	100GB	positive	Genion	reverse_order:truncated_tri_fusion	12	1	Partial_Recall
ENSG00000138759:ENSG00000215796	95%	100GB	positive	Genion	reverse_order:truncated_tri_fusion	13	1	Partial_Recall
ENSG00000138759:ENSG00000277462	85%	100GB	positive	JAFFAL	false_fusion	2	1	False_Call
ENSG00000138759:ENSG00000277462	90%	100GB	positive	JAFFAL	false_fusion	8	1	False_Call
ENSG00000138759:ENSG00000277462	95%	100GB	positive	JAFFAL	false_fusion	14	1	False_Call
ENSG00000138759:ENSG00000277462	95%	10GB	positive	JAFFAL	false_fusion	2	1	False_Call
ENSG00000138771:ENSG00000235597:ENSG00000250263	85%	100GB	positive	Genion	wrong_order:tri_fusion	35	1	Partial_Recall
ENSG00000138771:ENSG00000235597:ENSG00000250263	90%	100GB	positive	Genion	wrong_order:tri_fusion	30	1	Partial_Recall
ENSG00000138771:ENSG00000235597:ENSG00000250263	95%	100GB	positive	Genion	wrong_order:tri_fusion	31	1	Partial_Recall
ENSG00000138771:ENSG00000250263	95%	100GB	positive	CTAT-LR-Fusion	truncated_tri_fusion	18	1	Partial_Recall
ENSG00000138771:ENSG00000287544	85%	100GB	positive	FusionSeeker	false_fusion	41	1	False_Call
ENSG00000138771:ENSG00000287544	90%	100GB	positive	FusionSeeker	false_fusion	31	1	False_Call
ENSG00000138771:ENSG00000287544	95%	100GB	positive	FusionSeeker	false_fusion	36	1	False_Call
ENSG00000138771:ENSG00000287544	95%	10GB	positive	FusionSeeker	false_fusion	4	1	False_Call
ENSG00000139151:ENSG00000255648	90%	100GB	positive	JAFFAL	read_through	3	1	True_Recall
ENSG00000139151:ENSG00000255648	95%	100GB	positive	CTAT-LR-Fusion	read_through	22	2	True_Recall
ENSG00000139151:ENSG00000255648	95%	100GB	positive	JAFFAL	read_through	11	2	True_Recall
ENSG00000139151:ENSG00000255648	95%	10GB	positive	CTAT-LR-Fusion	read_through	9	2	True_Recall
ENSG00000139151:ENSG00000255648	95%	10GB	positive	JAFFAL	read_through	4	2	True_Recall
ENSG00000139151:ENSG00000255648	95%	1GB	positive	CTAT-LR-Fusion	read_through	3	2	True_Recall
ENSG00000139151:ENSG00000255648	95%	1GB	positive	JAFFAL	read_through	2	2	True_Recall
ENSG00000139197:ENSG00000111300	85%	100GB	positive	FusionSeeker	reverse_order: intra_chromosome	46	1	Partial_Recall
ENSG00000139197:ENSG00000111300	90%	100GB	positive	FusionSeeker	reverse_order: intra_chromosome	91	1	Partial_Recall
ENSG00000139197:ENSG00000111300	95%	100GB	positive	FusionSeeker	reverse_order: intra_chromosome	120	1	Partial_Recall
ENSG00000139197:ENSG00000111300	95%	10GB	positive	FusionSeeker	reverse_order: intra_chromosome	2	2	Partial_Recall
ENSG00000139197:ENSG00000111300	95%	10GB	positive	GFSeeker	reverse_order: intra_chromosome	2	2	Partial_Recall
ENSG00000139278:ENSG00000108641	85%	100GB	positive	FusionSeeker	false_fusion	27	1	False_Call
ENSG00000139278:ENSG00000108641	90%	100GB	positive	FusionSeeker	false_fusion	31	1	False_Call
ENSG00000139278:ENSG00000108641	90%	10GB	positive	FusionSeeker	false_fusion	2	1	False_Call
ENSG00000139278:ENSG00000108641	95%	100GB	positive	FusionSeeker	false_fusion	32	1	False_Call
ENSG00000139278:ENSG00000108641	95%	10GB	positive	FusionSeeker	false_fusion	5	1	False_Call
ENSG00000139278:ENSG00000130414	85%	100GB	positive	FusionSeeker	false_fusion	47	1	False_Call
ENSG00000139278:ENSG00000130414	85%	10GB	positive	FusionSeeker	false_fusion	2	1	False_Call
ENSG00000139278:ENSG00000130414	90%	100GB	positive	FusionSeeker	false_fusion	56	1	False_Call
ENSG00000139278:ENSG00000130414	95%	100GB	positive	FusionSeeker	false_fusion	52	1	False_Call
ENSG00000139278:ENSG00000130414	95%	10GB	positive	FusionSeeker	false_fusion	5	1	False_Call
ENSG00000139287:ENSG00000072657	85%	100GB	negative	FusionSeeker	false_fusion	21	1	False_Call
ENSG00000139287:ENSG00000072657	85%	100GB	positive	FusionSeeker	false_fusion	16	1	False_Call
ENSG00000139287:ENSG00000072657	90%	100GB	negative	CTAT-LR-Fusion	false_fusion	32	2	False_Call
ENSG00000139287:ENSG00000072657	90%	100GB	negative	FusionSeeker	false_fusion	41	2	False_Call
ENSG00000139287:ENSG00000072657	90%	100GB	positive	CTAT-LR-Fusion	false_fusion	36	2	False_Call
ENSG00000139287:ENSG00000072657	90%	100GB	positive	FusionSeeker	false_fusion	41	2	False_Call
ENSG00000139287:ENSG00000072657	90%	10GB	negative	CTAT-LR-Fusion	false_fusion	6	2	False_Call
ENSG00000139287:ENSG00000072657	90%	10GB	negative	FusionSeeker	false_fusion	6	2	False_Call
ENSG00000139287:ENSG00000072657	90%	10GB	positive	CTAT-LR-Fusion	false_fusion	3	2	False_Call
ENSG00000139287:ENSG00000072657	90%	10GB	positive	FusionSeeker	false_fusion	3	2	False_Call
ENSG00000139287:ENSG00000072657	95%	100GB	negative	CTAT-LR-Fusion	false_fusion	48	2	False_Call
ENSG00000139287:ENSG00000072657	95%	100GB	negative	FusionSeeker	false_fusion	48	2	False_Call
ENSG00000139287:ENSG00000072657	95%	100GB	positive	CTAT-LR-Fusion	false_fusion	39	2	False_Call
ENSG00000139287:ENSG00000072657	95%	100GB	positive	FusionSeeker	false_fusion	39	2	False_Call
ENSG00000139287:ENSG00000072657	95%	10GB	negative	CTAT-LR-Fusion	false_fusion	6	2	False_Call
ENSG00000139287:ENSG00000072657	95%	10GB	negative	FusionSeeker	false_fusion	6	2	False_Call
ENSG00000139287:ENSG00000072657	95%	10GB	positive	CTAT-LR-Fusion	false_fusion	6	2	False_Call
ENSG00000139287:ENSG00000072657	95%	10GB	positive	FusionSeeker	false_fusion	6	2	False_Call
ENSG00000139343:ENSG00000231878	85%	100GB	negative	FusionSeeker	false_fusion	2	1	False_Call
ENSG00000139350:ENSG00000136888	90%	10GB	positive	GFSeeker	truncated_tri_fusion	3	1	Partial_Recall
ENSG00000139350:ENSG00000136888	95%	10GB	positive	GFSeeker	truncated_tri_fusion	3	1	Partial_Recall
ENSG00000139350:ENSG00000234456	85%	100GB	positive	FusionSeeker	reverse_order:truncated_tri_fusion	24	2	Partial_Recall
ENSG00000139350:ENSG00000234456	85%	100GB	positive	Genion	reverse_order:truncated_tri_fusion	25	2	Partial_Recall
ENSG00000139350:ENSG00000234456	90%	100GB	positive	FusionSeeker	reverse_order:truncated_tri_fusion	24	2	Partial_Recall
ENSG00000139350:ENSG00000234456	90%	100GB	positive	Genion	reverse_order:truncated_tri_fusion	24	2	Partial_Recall
ENSG00000139350:ENSG00000234456	90%	10GB	positive	FusionSeeker	reverse_order:truncated_tri_fusion	2	1	Partial_Recall
ENSG00000139350:ENSG00000234456	95%	100GB	positive	FusionSeeker	reverse_order:truncated_tri_fusion	17	2	Partial_Recall
ENSG00000139350:ENSG00000234456	95%	100GB	positive	Genion	reverse_order:truncated_tri_fusion	16	2	Partial_Recall
ENSG00000139350:ENSG00000234456	95%	10GB	positive	FusionSeeker	reverse_order:truncated_tri_fusion	2	1	Partial_Recall
ENSG00000139874:ENSG00000258649	90%	100GB	positive	Genion	reverse_order: read_through	12	1	Partial_Recall
ENSG00000139874:ENSG00000258649	95%	100GB	positive	Genion	reverse_order: read_through	35	1	Partial_Recall
ENSG00000139874:ENSG00000258649	95%	10GB	positive	Genion	reverse_order: read_through	5	1	Partial_Recall
ENSG00000139915:ENSG00000136842	95%	100GB	positive	FusionSeeker	false_fusion	2	1	False_Call
ENSG00000139915:ENSG00000142541	85%	100GB	negative	FusionSeeker	false_fusion	2	1	False_Call
ENSG00000139915:ENSG00000142541	85%	10GB	negative	FusionSeeker	false_fusion	2	1	False_Call
ENSG00000140025:ENSG00000053254	90%	100GB	negative	CTAT-LR-Fusion	false_fusion	29	1	False_Call
ENSG00000140025:ENSG00000053254	90%	100GB	positive	CTAT-LR-Fusion	false_fusion	22	1	False_Call
ENSG00000140025:ENSG00000053254	90%	10GB	negative	CTAT-LR-Fusion	false_fusion	5	1	False_Call
ENSG00000140025:ENSG00000053254	95%	100GB	negative	CTAT-LR-Fusion	false_fusion	40	1	False_Call
ENSG00000140025:ENSG00000053254	95%	100GB	positive	CTAT-LR-Fusion	false_fusion	43	1	False_Call
ENSG00000140025:ENSG00000053254	95%	10GB	negative	CTAT-LR-Fusion	false_fusion	5	1	False_Call
ENSG00000140025:ENSG00000053254	95%	10GB	positive	CTAT-LR-Fusion	false_fusion	8	1	False_Call
ENSG00000140264:ENSG00000242028	95%	100GB	positive	CTAT-LR-Fusion	false_fusion	24	1	False_Call
ENSG00000140379:ENSG00000180953	85%	100GB	positive	Genion	false_fusion	2	1	False_Call
ENSG00000140740:ENSG00000197249	85%	10GB	positive	GFSeeker	false_fusion	2	1	False_Call
ENSG00000140853:ENSG00000141527	85%	100GB	positive	FusionSeeker	false_fusion	22	1	False_Call
ENSG00000140853:ENSG00000141527	90%	100GB	positive	FusionSeeker	false_fusion	30	1	False_Call
ENSG00000140853:ENSG00000141527	90%	10GB	positive	FusionSeeker	false_fusion	2	1	False_Call
ENSG00000140853:ENSG00000141527	95%	100GB	positive	FusionSeeker	false_fusion	30	1	False_Call
ENSG00000140853:ENSG00000141527	95%	10GB	positive	FusionSeeker	false_fusion	4	1	False_Call
ENSG00000140853:ENSG00000146143	85%	100GB	positive	FusionSeeker	reverse_order:truncated_tri_fusion	17	1	Partial_Recall
ENSG00000140853:ENSG00000146143	90%	100GB	positive	FusionSeeker	reverse_order:truncated_tri_fusion	23	1	Partial_Recall
ENSG00000140853:ENSG00000146143	95%	100GB	positive	FusionSeeker	reverse_order:truncated_tri_fusion	18	1	Partial_Recall
ENSG00000140853:ENSG00000146143:ENSG00000181523	90%	100GB	positive	Genion	wrong_order:tri_fusion	23	1	Partial_Recall
ENSG00000140853:ENSG00000146143:ENSG00000181523	95%	100GB	positive	Genion	wrong_order:tri_fusion	18	1	Partial_Recall
ENSG00000140853:ENSG00000181523	95%	10GB	positive	GFSeeker	reverse_order:truncated_tri_fusion	3	1	Partial_Recall
ENSG00000140853:ENSG00000198677	85%	100GB	positive	FusionSeeker	reverse_order:truncated_tri_fusion	35	1	Partial_Recall
ENSG00000140853:ENSG00000198677	85%	10GB	positive	FusionSeeker	reverse_order:truncated_tri_fusion	2	1	Partial_Recall
ENSG00000140853:ENSG00000198677	90%	100GB	positive	FusionSeeker	reverse_order:truncated_tri_fusion	55	1	Partial_Recall
ENSG00000140853:ENSG00000198677	90%	10GB	positive	FusionSeeker	reverse_order:truncated_tri_fusion	4	1	Partial_Recall
ENSG00000140853:ENSG00000198677	95%	100GB	positive	FusionSeeker	reverse_order:truncated_tri_fusion	40	1	Partial_Recall
ENSG00000140853:ENSG00000198677	95%	10GB	positive	FusionSeeker	reverse_order:truncated_tri_fusion	5	1	Partial_Recall
ENSG00000140905:ENSG00000166455	85%	100GB	negative	Genion	false_fusion	6	1	False_Call
ENSG00000140905:ENSG00000260213	85%	100GB	positive	Genion	false_fusion	3	1	False_Call
ENSG00000140905:ENSG00000260213	90%	100GB	negative	Genion	false_fusion	4	1	False_Call
ENSG00000140987:ENSG00000134802	95%	10GB	positive	GFSeeker	false_fusion	5	1	False_Call
ENSG00000140987:ENSG00000134802	95%	1GB	positive	GFSeeker	false_fusion	2	1	False_Call
ENSG00000140987:ENSG00000160752	85%	100GB	positive	JAFFAL	truncated_tri_fusion	2	1	Partial_Recall
ENSG00000140987:ENSG00000160752	90%	100GB	positive	JAFFAL	truncated_tri_fusion	12	1	Partial_Recall
ENSG00000140987:ENSG00000160752	90%	10GB	positive	CTAT-LR-Fusion	truncated_tri_fusion	2	2	Partial_Recall
ENSG00000140987:ENSG00000160752	90%	10GB	positive	JAFFAL	truncated_tri_fusion	2	2	Partial_Recall
ENSG00000140987:ENSG00000160752	90%	1GB	positive	CTAT-LR-Fusion	truncated_tri_fusion	2	2	Partial_Recall
ENSG00000140987:ENSG00000160752	90%	1GB	positive	JAFFAL	truncated_tri_fusion	2	2	Partial_Recall
ENSG00000140987:ENSG00000160752	95%	100GB	positive	CTAT-LR-Fusion	truncated_tri_fusion	11	2	Partial_Recall
ENSG00000140987:ENSG00000160752	95%	100GB	positive	JAFFAL	truncated_tri_fusion	28	2	Partial_Recall
ENSG00000140987:ENSG00000160752	95%	10GB	positive	GFSeeker	truncated_tri_fusion	2	2	Partial_Recall
ENSG00000140987:ENSG00000160752	95%	10GB	positive	JAFFAL	truncated_tri_fusion	2	2	Partial_Recall
ENSG00000140987:ENSG00000254979	90%	10GB	positive	GFSeeker	reverse_order:truncated_tri_fusion	2	1	Partial_Recall
ENSG00000141376:ENSG00000267131	85%	100GB	negative	FusionSeeker	false_fusion:Sense-Antisense	158	1	False_Call
ENSG00000141376:ENSG00000267131	85%	100GB	positive	FusionSeeker	false_fusion:Sense-Antisense	179	1	False_Call
ENSG00000141376:ENSG00000267131	85%	10GB	negative	FusionSeeker	false_fusion:Sense-Antisense	20	1	False_Call
ENSG00000141376:ENSG00000267131	85%	10GB	positive	FusionSeeker	false_fusion:Sense-Antisense	20	1	False_Call
ENSG00000141376:ENSG00000267131	90%	100GB	negative	FusionSeeker	false_fusion:Sense-Antisense	200	1	False_Call
ENSG00000141376:ENSG00000267131	90%	100GB	positive	FusionSeeker	false_fusion:Sense-Antisense	218	1	False_Call
ENSG00000141376:ENSG00000267131	90%	10GB	negative	FusionSeeker	false_fusion:Sense-Antisense	22	1	False_Call
ENSG00000141376:ENSG00000267131	90%	10GB	positive	FusionSeeker	false_fusion:Sense-Antisense	22	1	False_Call
ENSG00000141376:ENSG00000267131	90%	1GB	negative	FusionSeeker	false_fusion:Sense-Antisense	4	1	False_Call
ENSG00000141376:ENSG00000267131	95%	100GB	negative	FusionSeeker	false_fusion:Sense-Antisense	229	1	False_Call
ENSG00000141376:ENSG00000267131	95%	100GB	positive	FusionSeeker	false_fusion:Sense-Antisense	222	1	False_Call
ENSG00000141376:ENSG00000267131	95%	10GB	negative	FusionSeeker	false_fusion:Sense-Antisense	22	1	False_Call
ENSG00000141376:ENSG00000267131	95%	10GB	positive	FusionSeeker	false_fusion:Sense-Antisense	24	1	False_Call
ENSG00000141376:ENSG00000267131	95%	1GB	negative	FusionSeeker	false_fusion:Sense-Antisense	4	1	False_Call
ENSG00000141376:ENSG00000267131	95%	1GB	positive	FusionSeeker	false_fusion:Sense-Antisense	4	1	False_Call
ENSG00000141449:ENSG00000166401	85%	100GB	positive	FusionSeeker	intra_chromosome	15	2	True_Recall
ENSG00000141449:ENSG00000166401	85%	100GB	positive	Genion	intra_chromosome	17	2	True_Recall
ENSG00000141449:ENSG00000166401	90%	100GB	positive	FusionSeeker	intra_chromosome	15	2	True_Recall
ENSG00000141449:ENSG00000166401	90%	100GB	positive	Genion	intra_chromosome	16	2	True_Recall
ENSG00000141449:ENSG00000166401	95%	100GB	positive	FusionSeeker	intra_chromosome	20	3	True_Recall
ENSG00000141449:ENSG00000166401	95%	100GB	positive	Genion	intra_chromosome	20	3	True_Recall
ENSG00000141449:ENSG00000166401	95%	100GB	positive	JAFFAL	intra_chromosome	2	3	True_Recall
ENSG00000141449:ENSG00000221887	85%	100GB	positive	FusionSeeker	false_fusion	7	1	False_Call
ENSG00000141449:ENSG00000221887	90%	100GB	positive	FusionSeeker	false_fusion	11	1	False_Call
ENSG00000141449:ENSG00000221887	90%	10GB	positive	FusionSeeker	false_fusion	2	1	False_Call
ENSG00000141449:ENSG00000221887	95%	100GB	positive	FusionSeeker	false_fusion	8	1	False_Call
ENSG00000141449:ENSG00000221887	95%	10GB	positive	FusionSeeker	false_fusion	2	1	False_Call
ENSG00000141456:ENSG00000228486	85%	10GB	positive	GFSeeker	reverse_order:truncated_tri_fusion	2	1	Partial_Recall
ENSG00000141456:ENSG00000228486	95%	10GB	positive	GFSeeker	reverse_order:truncated_tri_fusion	4	1	Partial_Recall
ENSG00000141499:ENSG00000204387:ENSG00000204388	85%	100GB	positive	Genion	false_fusion	9	1	False_Call
ENSG00000141499:ENSG00000204387:ENSG00000204388	90%	100GB	positive	Genion	false_fusion	13	1	False_Call
ENSG00000141499:ENSG00000204387:ENSG00000204388	95%	100GB	positive	Genion	false_fusion	25	1	False_Call
ENSG00000141499:ENSG00000285565	85%	100GB	positive	FusionSeeker	reverse_order: hybrid	30	2	Partial_Recall
ENSG00000141499:ENSG00000285565	85%	100GB	positive	Genion	reverse_order: hybrid	15	2	Partial_Recall
ENSG00000141499:ENSG00000285565	85%	10GB	positive	FusionSeeker	reverse_order: hybrid	3	1	Partial_Recall
ENSG00000141499:ENSG00000285565	90%	100GB	positive	FusionSeeker	reverse_order: hybrid	33	2	Partial_Recall
ENSG00000141499:ENSG00000285565	90%	100GB	positive	Genion	reverse_order: hybrid	12	2	Partial_Recall
ENSG00000141499:ENSG00000285565	95%	100GB	positive	FusionSeeker	reverse_order: hybrid	51	2	Partial_Recall
ENSG00000141499:ENSG00000285565	95%	100GB	positive	Genion	reverse_order: hybrid	10	2	Partial_Recall
ENSG00000141499:ENSG00000285565	95%	10GB	positive	FusionSeeker	reverse_order: hybrid	4	1	Partial_Recall
ENSG00000141499:ENSG00000291134	85%	100GB	positive	FusionSeeker	reverse_order: hybrid	43	2	Partial_Recall
ENSG00000141499:ENSG00000291134	85%	100GB	positive	Genion	reverse_order: hybrid	37	2	Partial_Recall
ENSG00000141499:ENSG00000291134	85%	10GB	positive	FusionSeeker	reverse_order: hybrid	6	1	Partial_Recall
ENSG00000141499:ENSG00000291134	90%	100GB	positive	FusionSeeker	reverse_order: hybrid	37	2	Partial_Recall
ENSG00000141499:ENSG00000291134	90%	100GB	positive	Genion	reverse_order: hybrid	34	2	Partial_Recall
ENSG00000141499:ENSG00000291134	90%	10GB	positive	FusionSeeker	reverse_order: hybrid	6	1	Partial_Recall
ENSG00000141499:ENSG00000291134	95%	100GB	positive	FusionSeeker	reverse_order: hybrid	34	2	Partial_Recall
ENSG00000141499:ENSG00000291134	95%	100GB	positive	Genion	reverse_order: hybrid	29	2	Partial_Recall
ENSG00000141499:ENSG00000291134	95%	10GB	positive	FusionSeeker	reverse_order: hybrid	2	1	Partial_Recall
ENSG00000141527:ENSG00000146143	85%	100GB	positive	FusionSeeker	false_fusion	26	1	False_Call
ENSG00000141527:ENSG00000146143	90%	100GB	positive	FusionSeeker	false_fusion	30	1	False_Call
ENSG00000141527:ENSG00000146143	95%	100GB	positive	FusionSeeker	false_fusion	29	1	False_Call
ENSG00000141527:ENSG00000181523	85%	100GB	positive	FusionSeeker	false_fusion	3	1	False_Call
ENSG00000141527:ENSG00000181523	90%	100GB	positive	FusionSeeker	false_fusion	6	1	False_Call
ENSG00000141527:ENSG00000181523	95%	100GB	positive	FusionSeeker	false_fusion	20	1	False_Call
ENSG00000141556:ENSG00000188227	85%	100GB	positive	FusionSeeker	truncated_tri_fusion	16	1	Partial_Recall
ENSG00000141556:ENSG00000188227	90%	100GB	positive	FusionSeeker	truncated_tri_fusion	18	1	Partial_Recall
ENSG00000141556:ENSG00000188227	95%	100GB	positive	FusionSeeker	truncated_tri_fusion	20	1	Partial_Recall
ENSG00000141556:ENSG00000188227:ENSG00000197265	90%	100GB	positive	Genion	wrong_order:tri_fusion	18	1	Partial_Recall
ENSG00000141556:ENSG00000188227:ENSG00000197265	95%	100GB	positive	Genion	wrong_order:tri_fusion	20	1	Partial_Recall
ENSG00000141556:ENSG00000197265	85%	100GB	positive	CTAT-LR-Fusion	truncated_tri_fusion	15	2	Partial_Recall
ENSG00000141556:ENSG00000197265	85%	100GB	positive	FusionSeeker	truncated_tri_fusion	21	2	Partial_Recall
ENSG00000141556:ENSG00000197265	90%	100GB	positive	FusionSeeker	truncated_tri_fusion	21	2	Partial_Recall
ENSG00000141556:ENSG00000197265	90%	100GB	positive	LongGF	truncated_tri_fusion	3	2	Partial_Recall
ENSG00000141556:ENSG00000197265	95%	100GB	positive	CTAT-LR-Fusion	truncated_tri_fusion	23	3	Partial_Recall
ENSG00000141556:ENSG00000197265	95%	100GB	positive	FusionSeeker	truncated_tri_fusion	28	3	Partial_Recall
ENSG00000141556:ENSG00000197265	95%	100GB	positive	LongGF	truncated_tri_fusion	5	3	Partial_Recall
ENSG00000141560:ENSG00000167363	85%	100GB	positive	Genion	false_fusion	3	1	False_Call
ENSG00000141564:ENSG00000071082	85%	100GB	negative	FusionSeeker	false_fusion	2	1	False_Call
ENSG00000141576:ENSG00000197462	85%	100GB	positive	Genion	reverse_order:truncated_tri_fusion	18	1	Partial_Recall
ENSG00000141576:ENSG00000197462	90%	100GB	positive	Genion	reverse_order:truncated_tri_fusion	20	1	Partial_Recall
ENSG00000141577:ENSG00000263508	85%	100GB	positive	Genion	reverse_order: intra_chromosome	11	1	Partial_Recall
ENSG00000141577:ENSG00000263508	90%	100GB	positive	Genion	reverse_order: intra_chromosome	9	1	Partial_Recall
ENSG00000141580:ENSG00000197958	95%	100GB	negative	FusionSeeker	false_fusion	2	1	False_Call
ENSG00000141873:ENSG00000176490	85%	100GB	negative	Genion	false_fusion	2	1	False_Call
ENSG00000141873:ENSG00000176490	95%	100GB	negative	Genion	false_fusion	3	1	False_Call
ENSG00000141965:ENSG00000185361	85%	100GB	positive	Genion	false_fusion	4	1	False_Call
ENSG00000141965:ENSG00000185361	90%	100GB	negative	Genion	false_fusion	4	1	False_Call
ENSG00000141965:ENSG00000185361	95%	100GB	negative	Genion	false_fusion	3	1	False_Call
ENSG00000141965:ENSG00000185361	95%	100GB	positive	Genion	false_fusion	3	1	False_Call
ENSG00000141994:ENSG00000212123	85%	100GB	negative	Genion	false_fusion	2	1	False_Call
ENSG00000141994:ENSG00000212123	85%	100GB	positive	Genion	false_fusion	4	1	False_Call
ENSG00000141994:ENSG00000212123	95%	100GB	negative	Genion	false_fusion	4	1	False_Call
ENSG00000141994:ENSG00000212123	95%	100GB	positive	Genion	false_fusion	3	1	False_Call
ENSG00000142156:ENSG00000237945	85%	100GB	positive	CTAT-LR-Fusion	intra_chromosome	32	2	True_Recall
ENSG00000142156:ENSG00000237945	85%	100GB	positive	Genion	intra_chromosome	37	2	True_Recall
ENSG00000142156:ENSG00000237945	90%	100GB	positive	CTAT-LR-Fusion	intra_chromosome	37	2	True_Recall
ENSG00000142156:ENSG00000237945	90%	100GB	positive	Genion	intra_chromosome	41	2	True_Recall
ENSG00000142156:ENSG00000237945	90%	10GB	positive	CTAT-LR-Fusion	intra_chromosome	6	1	True_Recall
ENSG00000142156:ENSG00000237945	95%	100GB	positive	CTAT-LR-Fusion	intra_chromosome	32	2	True_Recall
ENSG00000142156:ENSG00000237945	95%	100GB	positive	Genion	intra_chromosome	33	2	True_Recall
ENSG00000142156:ENSG00000237945	95%	10GB	positive	CTAT-LR-Fusion	intra_chromosome	3	1	True_Recall
ENSG00000142156:ENSG00000249209	85%	100GB	positive	LongGF	false_fusion	18	1	False_Call
ENSG00000142156:ENSG00000249209	90%	100GB	positive	LongGF	false_fusion	30	1	False_Call
ENSG00000142156:ENSG00000249209	90%	10GB	positive	LongGF	false_fusion	4	1	False_Call
ENSG00000142156:ENSG00000249209	95%	100GB	positive	LongGF	false_fusion	28	1	False_Call
ENSG00000142156:ENSG00000249209	95%	10GB	positive	LongGF	false_fusion	3	1	False_Call
ENSG00000142507:ENSG00000081051	95%	100GB	negative	FusionSeeker	false_fusion	2	1	False_Call
ENSG00000142534:ENSG00000106927	90%	100GB	negative	FusionSeeker	false_fusion	2	1	False_Call
ENSG00000142534:ENSG00000161016	95%	100GB	positive	FusionSeeker	false_fusion	2	3	False_Call
ENSG00000142534:ENSG00000161016	95%	100GB	positive	JAFFAL	false_fusion	2	3	False_Call
ENSG00000142534:ENSG00000161016	95%	100GB	positive	LongGF	false_fusion	2	3	False_Call
ENSG00000142534:ENSG00000163631	90%	100GB	positive	FusionSeeker	false_fusion	2	1	False_Call
ENSG00000142534:ENSG00000168028	90%	100GB	positive	FusionSeeker	false_fusion	2	1	False_Call
ENSG00000142534:ENSG00000197099	90%	100GB	positive	FusionSeeker	false_fusion	2	1	False_Call
ENSG00000142534:ENSG00000198840	90%	100GB	negative	FusionSeeker	false_fusion:mitochondrial_genomic	2	1	False_Call
ENSG00000142534:ENSG00000211459	85%	100GB	positive	FusionSeeker	false_fusion:mitochondrial_genomic	2	1	False_Call
ENSG00000142541:ENSG00000044574	95%	100GB	negative	FusionSeeker	false_fusion	2	2	False_Call
ENSG00000142541:ENSG00000044574	95%	100GB	negative	JAFFAL	false_fusion	2	2	False_Call
ENSG00000142541:ENSG00000081051	95%	100GB	positive	FusionSeeker	false_fusion	2	1	False_Call
ENSG00000142541:ENSG00000112306	85%	100GB	positive	FusionSeeker	false_fusion	2	1	False_Call
ENSG00000142541:ENSG00000156508	90%	100GB	negative	FusionSeeker	false_fusion	2	1	False_Call
ENSG00000142541:ENSG00000197099	95%	100GB	negative	FusionSeeker	false_fusion	2	1	False_Call
ENSG00000142541:ENSG00000198938	90%	100GB	negative	FusionSeeker	false_fusion:mitochondrial_genomic	3	1	False_Call
ENSG00000142541:ENSG00000198938	90%	100GB	negative	LongGF	false_fusion	3	1	False_Call
ENSG00000142541:ENSG00000211459	85%	100GB	negative	FusionSeeker	false_fusion:mitochondrial_genomic	2	1	False_Call
ENSG00000142541:ENSG00000231500	95%	100GB	positive	FusionSeeker	false_fusion	2	2	False_Call
ENSG00000142541:ENSG00000231500	95%	100GB	positive	LongGF	false_fusion	2	2	False_Call
ENSG00000142627:ENSG00000176746	85%	100GB	positive	FusionSeeker	truncated_tri_fusion	26	4	Partial_Recall
ENSG00000142627:ENSG00000176746	85%	100GB	positive	Genion	truncated_tri_fusion	24	4	Partial_Recall
ENSG00000142627:ENSG00000176746	85%	100GB	positive	JAFFAL	truncated_tri_fusion	19	4	Partial_Recall
ENSG00000142627:ENSG00000176746	85%	100GB	positive	LongGF	truncated_tri_fusion	21	4	Partial_Recall
ENSG00000142627:ENSG00000176746	85%	10GB	positive	FusionSeeker	truncated_tri_fusion	4	3	Partial_Recall
ENSG00000142627:ENSG00000176746	85%	10GB	positive	JAFFAL	truncated_tri_fusion	4	3	Partial_Recall
ENSG00000142627:ENSG00000176746	85%	10GB	positive	LongGF	truncated_tri_fusion	3	3	Partial_Recall
ENSG00000142627:ENSG00000176746	90%	100GB	positive	CTAT-LR-Fusion	truncated_tri_fusion	19	5	Partial_Recall
ENSG00000142627:ENSG00000176746	90%	100GB	positive	FusionSeeker	truncated_tri_fusion	34	5	Partial_Recall
ENSG00000142627:ENSG00000176746	90%	100GB	positive	Genion	truncated_tri_fusion	19	5	Partial_Recall
ENSG00000142627:ENSG00000176746	90%	100GB	positive	JAFFAL	truncated_tri_fusion	30	5	Partial_Recall
ENSG00000142627:ENSG00000176746	90%	100GB	positive	LongGF	truncated_tri_fusion	27	5	Partial_Recall
ENSG00000142627:ENSG00000176746	90%	10GB	positive	FusionSeeker	truncated_tri_fusion	3	4	Partial_Recall
ENSG00000142627:ENSG00000176746	90%	10GB	positive	GFSeeker	truncated_tri_fusion	2	4	Partial_Recall
ENSG00000142627:ENSG00000176746	90%	10GB	positive	JAFFAL	truncated_tri_fusion	3	4	Partial_Recall
ENSG00000142627:ENSG00000176746	90%	10GB	positive	LongGF	truncated_tri_fusion	3	4	Partial_Recall
ENSG00000142627:ENSG00000176746	95%	100GB	positive	CTAT-LR-Fusion	truncated_tri_fusion	25	5	Partial_Recall
ENSG00000142627:ENSG00000176746	95%	100GB	positive	FusionSeeker	truncated_tri_fusion	37	5	Partial_Recall
ENSG00000142627:ENSG00000176746	95%	100GB	positive	Genion	truncated_tri_fusion	11	5	Partial_Recall
ENSG00000142627:ENSG00000176746	95%	100GB	positive	JAFFAL	truncated_tri_fusion	37	5	Partial_Recall
ENSG00000142627:ENSG00000176746	95%	100GB	positive	LongGF	truncated_tri_fusion	34	5	Partial_Recall
ENSG00000142627:ENSG00000176746:ENSG00000268066	95%	100GB	positive	Genion	wrong_order:tri_fusion	15	1	Partial_Recall
ENSG00000142627:ENSG00000268066	90%	100GB	positive	FusionSeeker	reverse_order:truncated_tri_fusion	4	1	Partial_Recall
ENSG00000142627:ENSG00000268066	95%	100GB	positive	FusionSeeker	reverse_order:truncated_tri_fusion	14	1	Partial_Recall
ENSG00000142675:ENSG00000169213	95%	100GB	positive	FusionSeeker	false_fusion	7	2	False_Call
ENSG00000142675:ENSG00000169213	95%	100GB	positive	JAFFAL	false_fusion	2	2	False_Call
ENSG00000142675:ENSG00000169213	95%	10GB	positive	FusionSeeker	false_fusion	2	2	False_Call
ENSG00000142675:ENSG00000169213	95%	10GB	positive	JAFFAL	false_fusion	2	2	False_Call
ENSG00000142675:ENSG00000200839	95%	100GB	positive	Genion	intra_chromosome	7	1	True_Recall
ENSG00000142676:ENSG00000112695	95%	100GB	negative	FusionSeeker	false_fusion	2	2	False_Call
ENSG00000142676:ENSG00000112695	95%	100GB	negative	JAFFAL	false_fusion	2	2	False_Call
ENSG00000142676:ENSG00000138160	85%	100GB	negative	FusionSeeker	false_fusion	2	1	False_Call
ENSG00000142676:ENSG00000138160	85%	100GB	positive	FusionSeeker	false_fusion	2	1	False_Call
ENSG00000142676:ENSG00000156508	85%	100GB	negative	FusionSeeker	false_fusion	2	1	False_Call
ENSG00000142676:ENSG00000163631	90%	100GB	positive	FusionSeeker	false_fusion	2	1	False_Call
ENSG00000142676:ENSG00000271002	85%	100GB	negative	FusionSeeker	false_fusion	2	1	False_Call
ENSG00000142864:ENSG00000112964	85%	100GB	negative	FusionSeeker	false_fusion	3	1	False_Call
ENSG00000142892:ENSG00000215472	85%	100GB	negative	FusionSeeker	false_fusion	2	1	False_Call
ENSG00000142892:ENSG00000215472	90%	100GB	positive	FusionSeeker	false_fusion	2	1	False_Call
ENSG00000142937:ENSG00000087086	90%	100GB	positive	FusionSeeker	false_fusion	2	1	False_Call
ENSG00000142937:ENSG00000087086	95%	100GB	positive	FusionSeeker	false_fusion	2	1	False_Call
ENSG00000142937:ENSG00000111640	95%	100GB	negative	FusionSeeker	false_fusion	2	1	False_Call
ENSG00000142937:ENSG00000142534	85%	100GB	negative	FusionSeeker	false_fusion	2	1	False_Call
ENSG00000142937:ENSG00000147403	85%	100GB	positive	FusionSeeker	false_fusion	2	2	False_Call
ENSG00000142937:ENSG00000147403	85%	100GB	positive	LongGF	false_fusion	2	2	False_Call
ENSG00000142937:ENSG00000156508	95%	100GB	positive	FusionSeeker	false_fusion	2	1	False_Call
ENSG00000142937:ENSG00000161016	90%	100GB	positive	FusionSeeker	false_fusion	2	1	False_Call
ENSG00000142937:ENSG00000163631	85%	100GB	negative	FusionSeeker	false_fusion	2	1	False_Call
ENSG00000142937:ENSG00000170889	85%	100GB	positive	FusionSeeker	false_fusion	2	1	False_Call
ENSG00000142937:ENSG00000197756	85%	100GB	negative	FusionSeeker	false_fusion	2	2	False_Call
ENSG00000142937:ENSG00000197756	85%	100GB	negative	LongGF	false_fusion	2	2	False_Call
ENSG00000142937:ENSG00000198899	95%	100GB	negative	FusionSeeker	false_fusion:mitochondrial_genomic	2	1	False_Call
ENSG00000142937:ENSG00000198899	95%	100GB	negative	LongGF	false_fusion	2	1	False_Call
ENSG00000142937:ENSG00000211459	90%	100GB	negative	FusionSeeker	false_fusion:mitochondrial_genomic	2	1	False_Call
ENSG00000142937:ENSG00000211459	90%	100GB	positive	FusionSeeker	false_fusion:mitochondrial_genomic	2	1	False_Call
ENSG00000142937:ENSG00000227437	85%	100GB	positive	FusionSeeker	false_fusion	2	1	False_Call
ENSG00000142937:ENSG00000250697	85%	100GB	negative	FusionSeeker	false_fusion	5	1	False_Call
ENSG00000142937:ENSG00000250697	85%	100GB	positive	FusionSeeker	false_fusion	4	1	False_Call
ENSG00000142937:ENSG00000281087	85%	100GB	negative	FusionSeeker	false_fusion	2	1	False_Call
ENSG00000143196:ENSG00000285622	85%	100GB	negative	FusionSeeker	false_fusion	2	1	False_Call
ENSG00000143198:ENSG00000167881	85%	100GB	positive	FusionSeeker	truncated_tri_fusion	36	3	Partial_Recall
ENSG00000143198:ENSG00000167881	85%	100GB	positive	JAFFAL	truncated_tri_fusion	23	3	Partial_Recall
ENSG00000143198:ENSG00000167881	85%	100GB	positive	LongGF	truncated_tri_fusion	33	3	Partial_Recall
ENSG00000143198:ENSG00000167881	85%	10GB	positive	CTAT-LR-Fusion	truncated_tri_fusion	2	5	Partial_Recall
ENSG00000143198:ENSG00000167881	85%	10GB	positive	FusionSeeker	truncated_tri_fusion	4	5	Partial_Recall
ENSG00000143198:ENSG00000167881	85%	10GB	positive	GFSeeker	truncated_tri_fusion	2	5	Partial_Recall
ENSG00000143198:ENSG00000167881	85%	10GB	positive	JAFFAL	truncated_tri_fusion	2	5	Partial_Recall
ENSG00000143198:ENSG00000167881	85%	10GB	positive	LongGF	truncated_tri_fusion	3	5	Partial_Recall
ENSG00000143198:ENSG00000167881	90%	100GB	positive	CTAT-LR-Fusion	truncated_tri_fusion	16	4	Partial_Recall
ENSG00000143198:ENSG00000167881	90%	100GB	positive	FusionSeeker	truncated_tri_fusion	33	4	Partial_Recall
ENSG00000143198:ENSG00000167881	90%	100GB	positive	JAFFAL	truncated_tri_fusion	31	4	Partial_Recall
ENSG00000143198:ENSG00000167881	90%	100GB	positive	LongGF	truncated_tri_fusion	31	4	Partial_Recall
ENSG00000143198:ENSG00000167881	90%	10GB	positive	CTAT-LR-Fusion	truncated_tri_fusion	2	4	Partial_Recall
ENSG00000143198:ENSG00000167881	90%	10GB	positive	FusionSeeker	truncated_tri_fusion	4	4	Partial_Recall
ENSG00000143198:ENSG00000167881	90%	10GB	positive	JAFFAL	truncated_tri_fusion	3	4	Partial_Recall
ENSG00000143198:ENSG00000167881	90%	10GB	positive	LongGF	truncated_tri_fusion	4	4	Partial_Recall
ENSG00000143198:ENSG00000167881	95%	100GB	positive	CTAT-LR-Fusion	truncated_tri_fusion	25	4	Partial_Recall
ENSG00000143198:ENSG00000167881	95%	100GB	positive	FusionSeeker	truncated_tri_fusion	34	4	Partial_Recall
ENSG00000143198:ENSG00000167881	95%	100GB	positive	JAFFAL	truncated_tri_fusion	35	4	Partial_Recall
ENSG00000143198:ENSG00000167881	95%	100GB	positive	LongGF	truncated_tri_fusion	27	4	Partial_Recall
ENSG00000143198:ENSG00000167881	95%	10GB	positive	CTAT-LR-Fusion	truncated_tri_fusion	4	4	Partial_Recall
ENSG00000143198:ENSG00000167881	95%	10GB	positive	FusionSeeker	truncated_tri_fusion	5	4	Partial_Recall
ENSG00000143198:ENSG00000167881	95%	10GB	positive	JAFFAL	truncated_tri_fusion	5	4	Partial_Recall
ENSG00000143198:ENSG00000167881	95%	10GB	positive	LongGF	truncated_tri_fusion	4	4	Partial_Recall
ENSG00000143198:ENSG00000196839	85%	100GB	positive	FusionSeeker	reverse_order:truncated_tri_fusion	7	1	Partial_Recall
ENSG00000143198:ENSG00000196839	90%	100GB	positive	FusionSeeker	reverse_order:truncated_tri_fusion	21	1	Partial_Recall
ENSG00000143198:ENSG00000196839	90%	10GB	positive	FusionSeeker	reverse_order:truncated_tri_fusion	2	1	Partial_Recall
ENSG00000143198:ENSG00000196839	95%	100GB	positive	FusionSeeker	reverse_order:truncated_tri_fusion	22	1	Partial_Recall
ENSG00000143198:ENSG00000196839	95%	10GB	positive	FusionSeeker	reverse_order:truncated_tri_fusion	4	2	Partial_Recall
ENSG00000143198:ENSG00000196839	95%	10GB	positive	GFSeeker	reverse_order:truncated_tri_fusion	2	2	Partial_Recall
ENSG00000143228:ENSG00000068097	90%	100GB	positive	FusionSeeker	reverse_order:truncated_tri_fusion	15	1	Partial_Recall
ENSG00000143228:ENSG00000068097	95%	100GB	positive	FusionSeeker	reverse_order:truncated_tri_fusion	15	1	Partial_Recall
ENSG00000143228:ENSG00000068097	95%	10GB	positive	FusionSeeker	reverse_order:truncated_tri_fusion	3	1	Partial_Recall
ENSG00000143228:ENSG00000196586	85%	100GB	positive	FusionSeeker	reverse_order:truncated_tri_fusion	29	2	Partial_Recall
ENSG00000143228:ENSG00000196586	85%	100GB	positive	Genion	reverse_order:truncated_tri_fusion	26	2	Partial_Recall
ENSG00000143228:ENSG00000196586	85%	10GB	positive	FusionSeeker	reverse_order:truncated_tri_fusion	5	1	Partial_Recall
ENSG00000143228:ENSG00000196586	90%	100GB	positive	FusionSeeker	reverse_order:truncated_tri_fusion	32	2	Partial_Recall
ENSG00000143228:ENSG00000196586	90%	100GB	positive	LongGF	reverse_order:truncated_tri_fusion	8	2	Partial_Recall
ENSG00000143228:ENSG00000196586	90%	10GB	positive	FusionSeeker	reverse_order:truncated_tri_fusion	2	1	Partial_Recall
ENSG00000143228:ENSG00000196586	95%	100GB	positive	FusionSeeker	reverse_order:truncated_tri_fusion	37	3	Partial_Recall
ENSG00000143228:ENSG00000196586	95%	100GB	positive	Genion	reverse_order:truncated_tri_fusion	11	3	Partial_Recall
ENSG00000143228:ENSG00000196586	95%	100GB	positive	LongGF	reverse_order:truncated_tri_fusion	28	3	Partial_Recall
ENSG00000143228:ENSG00000196586	95%	10GB	positive	FusionSeeker	reverse_order:truncated_tri_fusion	6	3	Partial_Recall
ENSG00000143228:ENSG00000196586	95%	10GB	positive	GFSeeker	reverse_order:truncated_tri_fusion	3	3	Partial_Recall
ENSG00000143228:ENSG00000196586	95%	10GB	positive	LongGF	reverse_order:truncated_tri_fusion	4	3	Partial_Recall
ENSG00000143633:ENSG00000105819	85%	100GB	positive	FusionSeeker	reverse_order:truncated_tri_fusion	14	1	Partial_Recall
ENSG00000143633:ENSG00000105819	90%	100GB	positive	FusionSeeker	reverse_order:truncated_tri_fusion	20	1	Partial_Recall
ENSG00000143633:ENSG00000105819	90%	10GB	positive	FusionSeeker	reverse_order:truncated_tri_fusion	5	1	Partial_Recall
ENSG00000143633:ENSG00000105819	95%	100GB	positive	FusionSeeker	reverse_order:truncated_tri_fusion	16	1	Partial_Recall
ENSG00000143633:ENSG00000214097	85%	100GB	positive	FusionSeeker	reverse_order:truncated_tri_fusion	14	1	Partial_Recall
ENSG00000143633:ENSG00000214097	85%	10GB	positive	FusionSeeker	reverse_order:truncated_tri_fusion	2	2	Partial_Recall
ENSG00000143633:ENSG00000214097	85%	10GB	positive	GFSeeker	reverse_order:truncated_tri_fusion	3	2	Partial_Recall
ENSG00000143633:ENSG00000214097	90%	100GB	positive	FusionSeeker	reverse_order:truncated_tri_fusion	31	1	Partial_Recall
ENSG00000143633:ENSG00000214097	90%	10GB	positive	FusionSeeker	reverse_order:truncated_tri_fusion	2	2	Partial_Recall
ENSG00000143633:ENSG00000214097	90%	10GB	positive	GFSeeker	reverse_order:truncated_tri_fusion	6	2	Partial_Recall
ENSG00000143633:ENSG00000214097	95%	100GB	positive	FusionSeeker	reverse_order:truncated_tri_fusion	39	1	Partial_Recall
ENSG00000143669:ENSG00000206803	95%	100GB	positive	FusionSeeker	read_through	9	3	True_Recall
ENSG00000143669:ENSG00000206803	95%	100GB	positive	Genion	read_through	2	3	True_Recall
ENSG00000143669:ENSG00000206803	95%	100GB	positive	JAFFAL	read_through	6	3	True_Recall
ENSG00000143669:ENSG00000206803	95%	10GB	positive	CTAT-LR-Fusion	read_through	3	3	True_Recall
ENSG00000143669:ENSG00000206803	95%	10GB	positive	FusionSeeker	read_through	3	3	True_Recall
ENSG00000143669:ENSG00000206803	95%	10GB	positive	JAFFAL	read_through	2	3	True_Recall
ENSG00000143740:ENSG00000167257	85%	100GB	positive	FusionSeeker	false_fusion	14	1	False_Call
ENSG00000143740:ENSG00000167257	90%	100GB	positive	FusionSeeker	false_fusion	29	1	False_Call
ENSG00000143740:ENSG00000167257	90%	10GB	positive	FusionSeeker	false_fusion	3	1	False_Call
ENSG00000143740:ENSG00000167257	95%	100GB	positive	FusionSeeker	false_fusion	26	1	False_Call
ENSG00000143740:ENSG00000167257	95%	10GB	positive	FusionSeeker	false_fusion	6	1	False_Call
ENSG00000143891:ENSG00000132300	85%	100GB	positive	FusionSeeker	intra_chromosome	24	1	True_Recall
ENSG00000143891:ENSG00000132300	85%	10GB	positive	CTAT-LR-Fusion	intra_chromosome	2	2	True_Recall
ENSG00000143891:ENSG00000132300	85%	10GB	positive	FusionSeeker	intra_chromosome	2	2	True_Recall
ENSG00000143891:ENSG00000132300	90%	100GB	positive	CTAT-LR-Fusion	intra_chromosome	19	2	True_Recall
ENSG00000143891:ENSG00000132300	90%	100GB	positive	FusionSeeker	intra_chromosome	28	2	True_Recall
ENSG00000143891:ENSG00000132300	90%	10GB	positive	CTAT-LR-Fusion	intra_chromosome	2	2	True_Recall
ENSG00000143891:ENSG00000132300	90%	10GB	positive	FusionSeeker	intra_chromosome	2	2	True_Recall
ENSG00000143891:ENSG00000132300	95%	100GB	positive	CTAT-LR-Fusion	intra_chromosome	36	2	True_Recall
ENSG00000143891:ENSG00000132300	95%	100GB	positive	FusionSeeker	intra_chromosome	43	2	True_Recall
ENSG00000143891:ENSG00000132300	95%	10GB	positive	CTAT-LR-Fusion	intra_chromosome	4	2	True_Recall
ENSG00000143891:ENSG00000132300	95%	10GB	positive	FusionSeeker	intra_chromosome	5	2	True_Recall
ENSG00000143933:ENSG00000273269	85%	100GB	positive	FusionSeeker	false_fusion	3	1	False_Call
ENSG00000143933:ENSG00000273269	90%	100GB	positive	FusionSeeker	false_fusion	4	1	False_Call
ENSG00000143933:ENSG00000273269	95%	100GB	positive	FusionSeeker	false_fusion	3	1	False_Call
ENSG00000144043:ENSG00000239322	85%	100GB	negative	Genion	false_fusion	7	1	False_Call
ENSG00000144043:ENSG00000239322	85%	100GB	positive	Genion	false_fusion	12	1	False_Call
ENSG00000144043:ENSG00000239322	90%	100GB	negative	Genion	false_fusion	7	1	False_Call
ENSG00000144043:ENSG00000239322	90%	100GB	positive	Genion	false_fusion	6	1	False_Call
ENSG00000144043:ENSG00000239322	95%	100GB	negative	Genion	false_fusion	7	1	False_Call
ENSG00000144043:ENSG00000239322	95%	100GB	positive	Genion	false_fusion	12	1	False_Call
ENSG00000144043:ENSG00000239322	95%	10GB	positive	Genion	false_fusion	3	1	False_Call
ENSG00000144320:ENSG00000168280	85%	100GB	positive	CTAT-LR-Fusion	hybrid	16	2	True_Recall
ENSG00000144320:ENSG00000168280	85%	100GB	positive	Genion	hybrid	21	2	True_Recall
ENSG00000144320:ENSG00000168280	90%	100GB	positive	CTAT-LR-Fusion	hybrid	50	3	True_Recall
ENSG00000144320:ENSG00000168280	90%	100GB	positive	Genion	hybrid	50	3	True_Recall
ENSG00000144320:ENSG00000168280	90%	100GB	positive	JAFFAL	hybrid	13	3	True_Recall
ENSG00000144320:ENSG00000168280	90%	10GB	positive	CTAT-LR-Fusion	hybrid	4	2	True_Recall
ENSG00000144320:ENSG00000168280	90%	10GB	positive	GFSeeker	hybrid	6	2	True_Recall
ENSG00000144320:ENSG00000168280	95%	100GB	positive	CTAT-LR-Fusion	hybrid	43	3	True_Recall
ENSG00000144320:ENSG00000168280	95%	100GB	positive	Genion	hybrid	43	3	True_Recall
ENSG00000144320:ENSG00000168280	95%	100GB	positive	JAFFAL	hybrid	34	3	True_Recall
ENSG00000144320:ENSG00000168280	95%	10GB	positive	CTAT-LR-Fusion	hybrid	6	2	True_Recall
ENSG00000144320:ENSG00000168280	95%	10GB	positive	JAFFAL	hybrid	5	2	True_Recall
ENSG00000144426:ENSG00000156508	85%	100GB	negative	FusionSeeker	false_fusion	2	1	False_Call
ENSG00000144451:ENSG00000197585	85%	100GB	positive	FusionSeeker	false_fusion:Sense-Antisense	2	1	False_Call
ENSG00000144451:ENSG00000197585	90%	100GB	negative	FusionSeeker	false_fusion:Sense-Antisense	6	1	False_Call
ENSG00000144642:ENSG00000187398	85%	100GB	negative	LongGF	false_fusion	25	1	False_Call
ENSG00000144642:ENSG00000187398	85%	100GB	positive	LongGF	false_fusion	26	1	False_Call
ENSG00000144642:ENSG00000187398	85%	10GB	negative	LongGF	false_fusion	4	1	False_Call
ENSG00000144642:ENSG00000187398	85%	10GB	positive	LongGF	false_fusion	5	1	False_Call
ENSG00000144642:ENSG00000187398	90%	100GB	negative	LongGF	false_fusion	60	1	False_Call
ENSG00000144642:ENSG00000187398	90%	100GB	positive	LongGF	false_fusion	40	1	False_Call
ENSG00000144642:ENSG00000187398	90%	10GB	negative	LongGF	false_fusion	4	1	False_Call
ENSG00000144642:ENSG00000187398	90%	10GB	positive	LongGF	false_fusion	4	1	False_Call
ENSG00000144642:ENSG00000187398	95%	100GB	negative	LongGF	false_fusion	58	1	False_Call
ENSG00000144642:ENSG00000187398	95%	100GB	positive	LongGF	false_fusion	70	1	False_Call
ENSG00000144642:ENSG00000187398	95%	10GB	negative	LongGF	false_fusion	4	1	False_Call
ENSG00000144642:ENSG00000187398	95%	10GB	positive	LongGF	false_fusion	4	1	False_Call
ENSG00000144668:ENSG00000235257	85%	100GB	positive	FusionSeeker	false_fusion	5	1	False_Call
ENSG00000144668:ENSG00000235257	90%	100GB	positive	FusionSeeker	false_fusion	11	1	False_Call
ENSG00000144668:ENSG00000235257	90%	10GB	positive	FusionSeeker	false_fusion	2	1	False_Call
ENSG00000144668:ENSG00000235257	95%	100GB	positive	FusionSeeker	false_fusion	13	1	False_Call
ENSG00000144674:ENSG00000187735	85%	100GB	negative	FusionSeeker	false_fusion	2	1	False_Call
ENSG00000144713:ENSG00000087086	90%	100GB	positive	JAFFAL	false_fusion	2	1	False_Call
ENSG00000144713:ENSG00000171314	90%	10GB	positive	GFSeeker	false_fusion	2	1	False_Call
ENSG00000144713:ENSG00000213943	90%	100GB	negative	Genion	false_fusion	2	1	False_Call
ENSG00000144724:ENSG00000109182	85%	100GB	positive	FusionSeeker	false_fusion	23	1	False_Call
ENSG00000144724:ENSG00000109182	85%	10GB	positive	FusionSeeker	false_fusion	4	1	False_Call
ENSG00000144724:ENSG00000109182	85%	1GB	positive	FusionSeeker	false_fusion	2	1	False_Call
ENSG00000144724:ENSG00000109182	90%	100GB	positive	FusionSeeker	false_fusion	17	1	False_Call
ENSG00000144724:ENSG00000109182	95%	100GB	positive	FusionSeeker	false_fusion	22	1	False_Call
ENSG00000144724:ENSG00000198755	85%	100GB	positive	FusionSeeker	false_fusion	2	1	False_Call
ENSG00000144815:ENSG00000171735	85%	100GB	positive	CTAT-LR-Fusion	truncated_tri_fusion	26	3	Partial_Recall
ENSG00000144815:ENSG00000171735	85%	100GB	positive	JAFFAL	truncated_tri_fusion	23	3	Partial_Recall
ENSG00000144815:ENSG00000171735	85%	100GB	positive	LongGF	truncated_tri_fusion	26	3	Partial_Recall
ENSG00000144815:ENSG00000171735	85%	10GB	positive	LongGF	truncated_tri_fusion	2	1	Partial_Recall
ENSG00000144815:ENSG00000171735	90%	100GB	positive	CTAT-LR-Fusion	truncated_tri_fusion	31	3	Partial_Recall
ENSG00000144815:ENSG00000171735	90%	100GB	positive	JAFFAL	truncated_tri_fusion	31	3	Partial_Recall
ENSG00000144815:ENSG00000171735	90%	100GB	positive	LongGF	truncated_tri_fusion	28	3	Partial_Recall
ENSG00000144815:ENSG00000171735	95%	100GB	positive	CTAT-LR-Fusion	truncated_tri_fusion	34	4	Partial_Recall
ENSG00000144815:ENSG00000171735	95%	100GB	positive	Genion	truncated_tri_fusion	34	4	Partial_Recall
ENSG00000144815:ENSG00000171735	95%	100GB	positive	JAFFAL	truncated_tri_fusion	33	4	Partial_Recall
ENSG00000144815:ENSG00000171735	95%	100GB	positive	LongGF	truncated_tri_fusion	27	4	Partial_Recall
ENSG00000144815:ENSG00000171735	95%	10GB	positive	CTAT-LR-Fusion	truncated_tri_fusion	5	3	Partial_Recall
ENSG00000144815:ENSG00000171735	95%	10GB	positive	JAFFAL	truncated_tri_fusion	4	3	Partial_Recall
ENSG00000144815:ENSG00000171735	95%	10GB	positive	LongGF	truncated_tri_fusion	4	3	Partial_Recall
ENSG00000144815:ENSG00000273373	85%	100GB	positive	Genion	reverse_order:truncated_tri_fusion	18	1	Partial_Recall
ENSG00000144815:ENSG00000273373	90%	100GB	positive	Genion	reverse_order:truncated_tri_fusion	29	1	Partial_Recall
ENSG00000144815:ENSG00000273373	90%	10GB	positive	Genion	reverse_order:truncated_tri_fusion	5	1	Partial_Recall
ENSG00000144815:ENSG00000273373	95%	100GB	positive	Genion	reverse_order:truncated_tri_fusion	26	1	Partial_Recall
ENSG00000144867:ENSG00000174444	95%	100GB	negative	JAFFAL	false_fusion	2	1	False_Call
ENSG00000144867:ENSG00000254772	90%	100GB	negative	JAFFAL	false_fusion	2	1	False_Call
ENSG00000145192:ENSG00000087086	85%	100GB	negative	JAFFAL	false_fusion	2	1	False_Call
ENSG00000145192:ENSG00000133112	95%	100GB	positive	JAFFAL	false_fusion	2	1	False_Call
ENSG00000145192:ENSG00000137154	95%	100GB	positive	JAFFAL	false_fusion	2	1	False_Call
ENSG00000145192:ENSG00000142541	95%	10GB	positive	GFSeeker	false_fusion	2	1	False_Call
ENSG00000145192:ENSG00000145425	95%	100GB	negative	LongGF	false_fusion	2	1	False_Call
ENSG00000145192:ENSG00000156508	85%	100GB	positive	JAFFAL	false_fusion	2	2	False_Call
ENSG00000145192:ENSG00000156508	85%	100GB	positive	LongGF	false_fusion	2	2	False_Call
ENSG00000145192:ENSG00000156508	85%	10GB	positive	GFSeeker	false_fusion	2	1	False_Call
ENSG00000145192:ENSG00000163631	85%	10GB	negative	GFSeeker	false_fusion	3	1	False_Call
ENSG00000145192:ENSG00000236552	90%	100GB	negative	Genion	false_fusion	5	1	False_Call
ENSG00000145216:ENSG00000134853	85%	100GB	negative	CTAT-LR-Fusion	false_fusion	15	2	False_Call
ENSG00000145216:ENSG00000134853	85%	100GB	negative	FusionSeeker	false_fusion	17	2	False_Call
ENSG00000145216:ENSG00000134853	85%	100GB	positive	CTAT-LR-Fusion	false_fusion	24	2	False_Call
ENSG00000145216:ENSG00000134853	85%	100GB	positive	FusionSeeker	false_fusion	29	2	False_Call
ENSG00000145216:ENSG00000134853	85%	10GB	positive	CTAT-LR-Fusion	false_fusion	2	2	False_Call
ENSG00000145216:ENSG00000134853	85%	10GB	positive	FusionSeeker	false_fusion	2	2	False_Call
ENSG00000145216:ENSG00000134853	90%	100GB	negative	CTAT-LR-Fusion	false_fusion	30	2	False_Call
ENSG00000145216:ENSG00000134853	90%	100GB	negative	FusionSeeker	false_fusion	33	2	False_Call
ENSG00000145216:ENSG00000134853	90%	100GB	positive	CTAT-LR-Fusion	false_fusion	18	2	False_Call
ENSG00000145216:ENSG00000134853	90%	100GB	positive	FusionSeeker	false_fusion	18	2	False_Call
ENSG00000145216:ENSG00000134853	90%	10GB	negative	CTAT-LR-Fusion	false_fusion	2	2	False_Call
ENSG00000145216:ENSG00000134853	90%	10GB	negative	FusionSeeker	false_fusion	2	2	False_Call
ENSG00000145216:ENSG00000134853	90%	10GB	positive	CTAT-LR-Fusion	false_fusion	3	2	False_Call
ENSG00000145216:ENSG00000134853	90%	10GB	positive	FusionSeeker	false_fusion	3	2	False_Call
ENSG00000145216:ENSG00000134853	95%	100GB	negative	CTAT-LR-Fusion	false_fusion	28	2	False_Call
ENSG00000145216:ENSG00000134853	95%	100GB	negative	FusionSeeker	false_fusion	28	2	False_Call
ENSG00000145216:ENSG00000134853	95%	100GB	positive	CTAT-LR-Fusion	false_fusion	30	2	False_Call
ENSG00000145216:ENSG00000134853	95%	100GB	positive	FusionSeeker	false_fusion	30	2	False_Call
ENSG00000145216:ENSG00000134853	95%	10GB	negative	CTAT-LR-Fusion	false_fusion	2	2	False_Call
ENSG00000145216:ENSG00000134853	95%	10GB	negative	FusionSeeker	false_fusion	2	2	False_Call
ENSG00000145216:ENSG00000134853	95%	10GB	positive	CTAT-LR-Fusion	false_fusion	3	2	False_Call
ENSG00000145216:ENSG00000134853	95%	10GB	positive	FusionSeeker	false_fusion	3	2	False_Call
ENSG00000145216:ENSG00000172922	85%	100GB	positive	CTAT-LR-Fusion	truncated_tri_fusion	15	2	Partial_Recall
ENSG00000145216:ENSG00000172922	85%	100GB	positive	LongGF	truncated_tri_fusion	31	2	Partial_Recall
ENSG00000145216:ENSG00000172922	90%	100GB	positive	CTAT-LR-Fusion	truncated_tri_fusion	20	2	Partial_Recall
ENSG00000145216:ENSG00000172922	90%	100GB	positive	LongGF	truncated_tri_fusion	29	2	Partial_Recall
ENSG00000145216:ENSG00000172922	90%	10GB	positive	LongGF	truncated_tri_fusion	3	1	Partial_Recall
ENSG00000145216:ENSG00000172922	95%	100GB	positive	CTAT-LR-Fusion	truncated_tri_fusion	29	2	Partial_Recall
ENSG00000145216:ENSG00000172922	95%	100GB	positive	LongGF	truncated_tri_fusion	26	2	Partial_Recall
ENSG00000145216:ENSG00000172922	95%	10GB	positive	CTAT-LR-Fusion	truncated_tri_fusion	4	2	Partial_Recall
ENSG00000145216:ENSG00000172922	95%	10GB	positive	LongGF	truncated_tri_fusion	2	2	Partial_Recall
ENSG00000145425:ENSG00000145192	95%	100GB	negative	JAFFAL	false_fusion	2	1	False_Call
ENSG00000145425:ENSG00000156508	85%	100GB	positive	FusionSeeker	false_fusion	2	1	False_Call
ENSG00000145425:ENSG00000158874	85%	100GB	negative	LongGF	false_fusion	2	1	False_Call
ENSG00000145425:ENSG00000166123	95%	100GB	negative	LongGF	false_fusion	2	1	False_Call
ENSG00000145425:ENSG00000196205	90%	100GB	negative	FusionSeeker	false_fusion	2	1	False_Call
ENSG00000145425:ENSG00000198899	90%	100GB	positive	FusionSeeker	false_fusion:mitochondrial_genomic	2	1	False_Call
ENSG00000145425:ENSG00000210082	95%	100GB	positive	FusionSeeker	false_fusion:mitochondrial_genomic	4	1	False_Call
ENSG00000145592:ENSG00000198755	90%	100GB	negative	FusionSeeker	false_fusion	2	1	False_Call
ENSG00000145592:ENSG00000198804	95%	100GB	negative	FusionSeeker	false_fusion:mitochondrial_genomic	2	1	False_Call
ENSG00000145592:ENSG00000210082	90%	100GB	positive	FusionSeeker	false_fusion:mitochondrial_genomic	2	1	False_Call
ENSG00000145592:ENSG00000241431	85%	100GB	positive	FusionSeeker	false_fusion	3	1	False_Call
ENSG00000145675:ENSG00000113569	85%	10GB	positive	GFSeeker	reverse_order: intra_chromosome	6	1	Partial_Recall
ENSG00000145675:ENSG00000113569	95%	10GB	positive	GFSeeker	reverse_order: intra_chromosome	4	1	Partial_Recall
ENSG00000145734:ENSG00000124782	85%	100GB	positive	FusionSeeker	false_fusion	19	1	False_Call
ENSG00000145734:ENSG00000124782	85%	10GB	positive	FusionSeeker	false_fusion	2	1	False_Call
ENSG00000145734:ENSG00000124782	90%	100GB	positive	FusionSeeker	false_fusion	15	1	False_Call
ENSG00000145734:ENSG00000124782	95%	100GB	positive	FusionSeeker	false_fusion	15	1	False_Call
ENSG00000145734:ENSG00000183476	85%	100GB	positive	CTAT-LR-Fusion	truncated_tri_fusion	17	3	Partial_Recall
ENSG00000145734:ENSG00000183476	85%	100GB	positive	JAFFAL	truncated_tri_fusion	21	3	Partial_Recall
ENSG00000145734:ENSG00000183476	85%	100GB	positive	LongGF	truncated_tri_fusion	26	3	Partial_Recall
ENSG00000145734:ENSG00000183476	85%	10GB	positive	CTAT-LR-Fusion	truncated_tri_fusion	2	3	Partial_Recall
ENSG00000145734:ENSG00000183476	85%	10GB	positive	JAFFAL	truncated_tri_fusion	3	3	Partial_Recall
ENSG00000145734:ENSG00000183476	85%	10GB	positive	LongGF	truncated_tri_fusion	4	3	Partial_Recall
ENSG00000145734:ENSG00000183476	90%	100GB	positive	CTAT-LR-Fusion	truncated_tri_fusion	21	3	Partial_Recall
ENSG00000145734:ENSG00000183476	90%	100GB	positive	JAFFAL	truncated_tri_fusion	24	3	Partial_Recall
ENSG00000145734:ENSG00000183476	90%	100GB	positive	LongGF	truncated_tri_fusion	24	3	Partial_Recall
ENSG00000145734:ENSG00000183476	90%	10GB	positive	LongGF	truncated_tri_fusion	2	1	Partial_Recall
ENSG00000145734:ENSG00000183476	95%	100GB	positive	CTAT-LR-Fusion	truncated_tri_fusion	24	4	Partial_Recall
ENSG00000145734:ENSG00000183476	95%	100GB	positive	Genion	truncated_tri_fusion	10	4	Partial_Recall
ENSG00000145734:ENSG00000183476	95%	100GB	positive	JAFFAL	truncated_tri_fusion	31	4	Partial_Recall
ENSG00000145734:ENSG00000183476	95%	100GB	positive	LongGF	truncated_tri_fusion	29	4	Partial_Recall
ENSG00000145734:ENSG00000183476	95%	10GB	positive	CTAT-LR-Fusion	truncated_tri_fusion	2	3	Partial_Recall
ENSG00000145734:ENSG00000183476	95%	10GB	positive	JAFFAL	truncated_tri_fusion	2	3	Partial_Recall
ENSG00000145734:ENSG00000183476	95%	10GB	positive	LongGF	truncated_tri_fusion	2	3	Partial_Recall
ENSG00000145734:ENSG00000183476:ENSG00000225092	85%	100GB	positive	Genion	tri_fusion	11	1	True_Recall
ENSG00000145734:ENSG00000183476:ENSG00000225092	90%	100GB	positive	JAFFAL	tri_fusion	3	1	True_Recall
ENSG00000145734:ENSG00000183476:ENSG00000225092	95%	100GB	positive	JAFFAL	tri_fusion	9	1	True_Recall
ENSG00000145808:ENSG00000251680	85%	100GB	negative	FusionSeeker	false_fusion:Sense-Antisense	13	1	False_Call
ENSG00000145808:ENSG00000251680	85%	100GB	positive	FusionSeeker	false_fusion:Sense-Antisense	26	1	False_Call
ENSG00000145808:ENSG00000251680	85%	10GB	negative	FusionSeeker	false_fusion:Sense-Antisense	2	1	False_Call
ENSG00000145808:ENSG00000251680	85%	10GB	positive	FusionSeeker	false_fusion:Sense-Antisense	3	1	False_Call
ENSG00000145808:ENSG00000251680	90%	100GB	negative	FusionSeeker	false_fusion:Sense-Antisense	31	1	False_Call
ENSG00000145808:ENSG00000251680	90%	100GB	positive	FusionSeeker	false_fusion:Sense-Antisense	37	1	False_Call
ENSG00000145808:ENSG00000251680	90%	10GB	negative	FusionSeeker	false_fusion:Sense-Antisense	5	1	False_Call
ENSG00000145808:ENSG00000251680	90%	10GB	positive	FusionSeeker	false_fusion:Sense-Antisense	3	1	False_Call
ENSG00000145808:ENSG00000251680	95%	100GB	negative	FusionSeeker	false_fusion:Sense-Antisense	57	1	False_Call
ENSG00000145808:ENSG00000251680	95%	100GB	positive	FusionSeeker	false_fusion:Sense-Antisense	27	1	False_Call
ENSG00000145808:ENSG00000251680	95%	10GB	negative	FusionSeeker	false_fusion:Sense-Antisense	5	1	False_Call
ENSG00000145808:ENSG00000251680	95%	10GB	positive	FusionSeeker	false_fusion:Sense-Antisense	3	1	False_Call
ENSG00000145901:ENSG00000119535	90%	10GB	positive	GFSeeker	hybrid	2	1	True_Recall
ENSG00000145901:ENSG00000119535	95%	10GB	positive	GFSeeker	hybrid	2	1	True_Recall
ENSG00000145907:ENSG00000082805	85%	100GB	positive	CTAT-LR-Fusion	truncated_tri_fusion	18	2	Partial_Recall
ENSG00000145907:ENSG00000082805	85%	100GB	positive	JAFFAL	truncated_tri_fusion	14	2	Partial_Recall
ENSG00000145907:ENSG00000082805	85%	10GB	positive	CTAT-LR-Fusion	truncated_tri_fusion	3	3	Partial_Recall
ENSG00000145907:ENSG00000082805	85%	10GB	positive	GFSeeker	truncated_tri_fusion	2	3	Partial_Recall
ENSG00000145907:ENSG00000082805	85%	10GB	positive	JAFFAL	truncated_tri_fusion	3	3	Partial_Recall
ENSG00000145907:ENSG00000082805	90%	100GB	positive	CTAT-LR-Fusion	truncated_tri_fusion	32	2	Partial_Recall
ENSG00000145907:ENSG00000082805	90%	100GB	positive	JAFFAL	truncated_tri_fusion	25	2	Partial_Recall
ENSG00000145907:ENSG00000082805	90%	10GB	positive	CTAT-LR-Fusion	truncated_tri_fusion	8	2	Partial_Recall
ENSG00000145907:ENSG00000082805	90%	10GB	positive	JAFFAL	truncated_tri_fusion	6	2	Partial_Recall
ENSG00000145907:ENSG00000082805	95%	100GB	positive	CTAT-LR-Fusion	truncated_tri_fusion	38	2	Partial_Recall
ENSG00000145907:ENSG00000082805	95%	100GB	positive	JAFFAL	truncated_tri_fusion	40	2	Partial_Recall
ENSG00000145907:ENSG00000082805	95%	10GB	positive	CTAT-LR-Fusion	truncated_tri_fusion	3	2	Partial_Recall
ENSG00000145907:ENSG00000082805	95%	10GB	positive	JAFFAL	truncated_tri_fusion	3	2	Partial_Recall
ENSG00000145907:ENSG00000082805:ENSG00000166747	95%	100GB	positive	JAFFAL	tri_fusion	2	1	True_Recall
ENSG00000145916:ENSG00000003393	85%	10GB	positive	GFSeeker	reverse_order:truncated_tri_fusion	2	1	Partial_Recall
ENSG00000145916:ENSG00000003393	90%	10GB	positive	GFSeeker	reverse_order:truncated_tri_fusion	5	1	Partial_Recall
ENSG00000145916:ENSG00000003393	95%	10GB	positive	GFSeeker	reverse_order:truncated_tri_fusion	7	1	Partial_Recall
ENSG00000146143:ENSG00000181523	85%	100GB	positive	CTAT-LR-Fusion	truncated_tri_fusion	21	2	Partial_Recall
ENSG00000146143:ENSG00000181523	85%	100GB	positive	LongGF	truncated_tri_fusion	21	2	Partial_Recall
ENSG00000146143:ENSG00000181523	90%	100GB	positive	CTAT-LR-Fusion	truncated_tri_fusion	31	2	Partial_Recall
ENSG00000146143:ENSG00000181523	90%	100GB	positive	LongGF	truncated_tri_fusion	29	2	Partial_Recall
ENSG00000146143:ENSG00000181523	95%	100GB	positive	CTAT-LR-Fusion	truncated_tri_fusion	28	2	Partial_Recall
ENSG00000146143:ENSG00000181523	95%	100GB	positive	LongGF	truncated_tri_fusion	24	2	Partial_Recall
ENSG00000146223:ENSG00000119899	85%	100GB	positive	FusionSeeker	reverse_order: intra_chromosome	101	1	Partial_Recall
ENSG00000146223:ENSG00000119899	85%	10GB	positive	FusionSeeker	reverse_order: intra_chromosome	29	2	Partial_Recall
ENSG00000146223:ENSG00000119899	85%	10GB	positive	GFSeeker	reverse_order: intra_chromosome	8	2	Partial_Recall
ENSG00000146223:ENSG00000119899	90%	100GB	positive	FusionSeeker	reverse_order: intra_chromosome	150	1	Partial_Recall
ENSG00000146223:ENSG00000119899	90%	10GB	positive	FusionSeeker	reverse_order: intra_chromosome	2	1	Partial_Recall
ENSG00000146223:ENSG00000119899	95%	100GB	positive	FusionSeeker	reverse_order: intra_chromosome	110	1	Partial_Recall
ENSG00000146223:ENSG00000119899	95%	10GB	positive	FusionSeeker	reverse_order: intra_chromosome	6	1	Partial_Recall
ENSG00000146282:ENSG00000153291	85%	100GB	positive	CTAT-LR-Fusion	intra_chromosome	16	4	True_Recall
ENSG00000146282:ENSG00000153291	85%	100GB	positive	Genion	intra_chromosome	29	4	True_Recall
ENSG00000146282:ENSG00000153291	85%	100GB	positive	JAFFAL	intra_chromosome	3	4	True_Recall
ENSG00000146282:ENSG00000153291	85%	100GB	positive	LongGF	intra_chromosome	24	4	True_Recall
ENSG00000146282:ENSG00000153291	90%	100GB	positive	Genion	intra_chromosome	32	3	True_Recall
ENSG00000146282:ENSG00000153291	90%	100GB	positive	JAFFAL	intra_chromosome	12	3	True_Recall
ENSG00000146282:ENSG00000153291	90%	100GB	positive	LongGF	intra_chromosome	30	3	True_Recall
ENSG00000146282:ENSG00000153291	90%	10GB	positive	CTAT-LR-Fusion	intra_chromosome	2	2	True_Recall
ENSG00000146282:ENSG00000153291	90%	10GB	positive	LongGF	intra_chromosome	2	2	True_Recall
ENSG00000146282:ENSG00000153291	95%	100GB	positive	Genion	intra_chromosome	29	3	True_Recall
ENSG00000146282:ENSG00000153291	95%	100GB	positive	JAFFAL	intra_chromosome	24	3	True_Recall
ENSG00000146282:ENSG00000153291	95%	100GB	positive	LongGF	intra_chromosome	26	3	True_Recall
ENSG00000146282:ENSG00000153291	95%	10GB	positive	JAFFAL	intra_chromosome	3	2	True_Recall
ENSG00000146282:ENSG00000153291	95%	10GB	positive	LongGF	intra_chromosome	3	2	True_Recall
ENSG00000146556:ENSG00000141499	85%	100GB	positive	CTAT-LR-Fusion	hybrid	18	2	True_Recall
ENSG00000146556:ENSG00000141499	85%	100GB	positive	JAFFAL	hybrid	4	2	True_Recall
ENSG00000146556:ENSG00000141499	85%	10GB	positive	CTAT-LR-Fusion	hybrid	3	1	True_Recall
ENSG00000146556:ENSG00000141499	90%	100GB	positive	CTAT-LR-Fusion	hybrid	24	2	True_Recall
ENSG00000146556:ENSG00000141499	90%	100GB	positive	JAFFAL	hybrid	3	2	True_Recall
ENSG00000146556:ENSG00000141499	90%	10GB	positive	CTAT-LR-Fusion	hybrid	5	1	True_Recall
ENSG00000146556:ENSG00000141499	95%	100GB	positive	CTAT-LR-Fusion	hybrid	28	2	True_Recall
ENSG00000146556:ENSG00000141499	95%	100GB	positive	JAFFAL	hybrid	18	2	True_Recall
ENSG00000146809:ENSG00000072571	85%	100GB	positive	CTAT-LR-Fusion	truncated_tri_fusion	17	1	Partial_Recall
ENSG00000146809:ENSG00000072571	85%	10GB	positive	CTAT-LR-Fusion	truncated_tri_fusion	2	1	Partial_Recall
ENSG00000146809:ENSG00000072571	90%	100GB	positive	CTAT-LR-Fusion	truncated_tri_fusion	25	1	Partial_Recall
ENSG00000146809:ENSG00000072571	95%	100GB	positive	CTAT-LR-Fusion	truncated_tri_fusion	39	1	Partial_Recall
ENSG00000146809:ENSG00000072571	95%	10GB	positive	CTAT-LR-Fusion	truncated_tri_fusion	3	1	Partial_Recall
ENSG00000146809:ENSG00000130714	85%	100GB	positive	FusionSeeker	truncated_tri_fusion	6	1	Partial_Recall
ENSG00000146809:ENSG00000130714	90%	100GB	positive	FusionSeeker	truncated_tri_fusion	18	1	Partial_Recall
ENSG00000146809:ENSG00000130714	95%	100GB	positive	FusionSeeker	truncated_tri_fusion	33	1	Partial_Recall
ENSG00000146809:ENSG00000130714	95%	10GB	positive	FusionSeeker	truncated_tri_fusion	3	1	Partial_Recall
ENSG00000147041:ENSG00000187951	85%	100GB	positive	Genion	false_fusion	15	1	False_Call
ENSG00000147041:ENSG00000284906	85%	100GB	positive	LongGF	reverse_order:truncated_tri_fusion	22	1	Partial_Recall
ENSG00000147041:ENSG00000284906	90%	100GB	positive	LongGF	reverse_order:truncated_tri_fusion	23	1	Partial_Recall
ENSG00000147041:ENSG00000284906	90%	10GB	positive	LongGF	reverse_order:truncated_tri_fusion	2	1	Partial_Recall
ENSG00000147041:ENSG00000284906	95%	100GB	positive	LongGF	reverse_order:truncated_tri_fusion	24	1	Partial_Recall
ENSG00000147041:ENSG00000284906	95%	10GB	positive	LongGF	reverse_order:truncated_tri_fusion	4	1	Partial_Recall
ENSG00000147257:ENSG00000087086	90%	100GB	positive	JAFFAL	false_fusion	2	1	False_Call
ENSG00000147257:ENSG00000105281	85%	10GB	positive	GFSeeker	false_fusion	2	1	False_Call
ENSG00000147257:ENSG00000163631	95%	10GB	positive	GFSeeker	false_fusion	2	1	False_Call
ENSG00000147364:ENSG00000158874	90%	100GB	negative	LongGF	false_fusion	2	1	False_Call
ENSG00000147403:ENSG00000198804	95%	100GB	positive	LongGF	false_fusion	2	1	False_Call
ENSG00000147403:ENSG00000269242	85%	10GB	positive	GFSeeker	false_fusion	23	1	False_Call
ENSG00000147403:ENSG00000269242	85%	1GB	positive	GFSeeker	false_fusion	2	1	False_Call
ENSG00000147403:ENSG00000269242	90%	10GB	positive	GFSeeker	false_fusion	18	1	False_Call
ENSG00000147403:ENSG00000269242	95%	10GB	positive	GFSeeker	false_fusion	5	1	False_Call
ENSG00000147403:ENSG00000285018	85%	100GB	positive	Genion	false_fusion	2	1	False_Call
ENSG00000147434:ENSG00000164953	85%	100GB	positive	FusionSeeker	intra_chromosome	19	2	True_Recall
ENSG00000147434:ENSG00000164953	85%	100GB	positive	JAFFAL	intra_chromosome	5	2	True_Recall
ENSG00000147434:ENSG00000164953	90%	100GB	positive	FusionSeeker	intra_chromosome	80	3	True_Recall
ENSG00000147434:ENSG00000164953	90%	100GB	positive	Genion	intra_chromosome	29	3	True_Recall
ENSG00000147434:ENSG00000164953	90%	100GB	positive	JAFFAL	intra_chromosome	25	3	True_Recall
ENSG00000147434:ENSG00000164953	90%	10GB	positive	FusionSeeker	intra_chromosome	11	3	True_Recall
ENSG00000147434:ENSG00000164953	90%	10GB	positive	GFSeeker	intra_chromosome	5	3	True_Recall
ENSG00000147434:ENSG00000164953	90%	10GB	positive	JAFFAL	intra_chromosome	4	3	True_Recall
ENSG00000147434:ENSG00000164953	95%	100GB	positive	FusionSeeker	intra_chromosome	100	3	True_Recall
ENSG00000147434:ENSG00000164953	95%	100GB	positive	Genion	intra_chromosome	32	3	True_Recall
ENSG00000147434:ENSG00000164953	95%	100GB	positive	JAFFAL	intra_chromosome	31	3	True_Recall
ENSG00000147434:ENSG00000164953	95%	10GB	positive	CTAT-LR-Fusion	intra_chromosome	2	4	True_Recall
ENSG00000147434:ENSG00000164953	95%	10GB	positive	FusionSeeker	intra_chromosome	3	4	True_Recall
ENSG00000147434:ENSG00000164953	95%	10GB	positive	GFSeeker	intra_chromosome	2	4	True_Recall
ENSG00000147434:ENSG00000164953	95%	10GB	positive	JAFFAL	intra_chromosome	3	4	True_Recall
ENSG00000147573:ENSG00000049759	85%	100GB	positive	CTAT-LR-Fusion	truncated_tri_fusion	18	2	Partial_Recall
ENSG00000147573:ENSG00000049759	85%	100GB	positive	JAFFAL	truncated_tri_fusion	3	2	Partial_Recall
ENSG00000147573:ENSG00000049759	90%	100GB	positive	CTAT-LR-Fusion	truncated_tri_fusion	25	2	Partial_Recall
ENSG00000147573:ENSG00000049759	90%	100GB	positive	JAFFAL	truncated_tri_fusion	5	2	Partial_Recall
ENSG00000147573:ENSG00000049759	90%	10GB	positive	CTAT-LR-Fusion	truncated_tri_fusion	3	1	Partial_Recall
ENSG00000147573:ENSG00000049759	95%	100GB	positive	CTAT-LR-Fusion	truncated_tri_fusion	27	1	Partial_Recall
ENSG00000147573:ENSG00000049759	95%	10GB	positive	CTAT-LR-Fusion	truncated_tri_fusion	3	1	Partial_Recall
ENSG00000147573:ENSG00000049759:ENSG00000203734	90%	100GB	positive	JAFFAL	tri_fusion	7	1	True_Recall
ENSG00000147576:ENSG00000179041	90%	100GB	negative	Genion	false_fusion	3	1	False_Call
ENSG00000147576:ENSG00000179041	90%	100GB	positive	Genion	false_fusion	3	1	False_Call
ENSG00000147604:ENSG00000130224	85%	100GB	negative	FusionSeeker	false_fusion	4	1	False_Call
ENSG00000147604:ENSG00000210082	85%	100GB	positive	FusionSeeker	false_fusion:mitochondrial_genomic	2	1	False_Call
ENSG00000147761:ENSG00000228890	85%	100GB	negative	Genion	false_fusion	23	1	False_Call
ENSG00000147761:ENSG00000228890	85%	100GB	positive	Genion	false_fusion	22	1	False_Call
ENSG00000147761:ENSG00000228890	90%	100GB	negative	Genion	false_fusion	19	1	False_Call
ENSG00000147761:ENSG00000228890	90%	100GB	positive	Genion	false_fusion	24	1	False_Call
ENSG00000147761:ENSG00000228890	95%	100GB	negative	Genion	false_fusion	28	1	False_Call
ENSG00000147761:ENSG00000228890	95%	100GB	positive	Genion	false_fusion	23	1	False_Call
ENSG00000148308:ENSG00000260840	85%	100GB	positive	Genion	truncated_tri_fusion	11	2	Partial_Recall
ENSG00000148308:ENSG00000260840	85%	100GB	positive	JAFFAL	truncated_tri_fusion	15	2	Partial_Recall
ENSG00000148308:ENSG00000260840	90%	100GB	positive	JAFFAL	truncated_tri_fusion	16	1	Partial_Recall
ENSG00000148308:ENSG00000260840	90%	10GB	positive	JAFFAL	truncated_tri_fusion	2	1	Partial_Recall
ENSG00000148308:ENSG00000260840	95%	100GB	positive	JAFFAL	truncated_tri_fusion	26	1	Partial_Recall
ENSG00000148308:ENSG00000260840	95%	10GB	positive	CTAT-LR-Fusion	truncated_tri_fusion	2	2	Partial_Recall
ENSG00000148308:ENSG00000260840	95%	10GB	positive	JAFFAL	truncated_tri_fusion	4	2	Partial_Recall
ENSG00000148308:ENSG00000260840:ENSG00000093072	85%	100GB	positive	JAFFAL	tri_fusion	2	1	True_Recall
ENSG00000148308:ENSG00000260840:ENSG00000093072	90%	100GB	positive	JAFFAL	tri_fusion	3	1	True_Recall
ENSG00000148308:ENSG00000260840:ENSG00000093072	95%	100GB	positive	JAFFAL	tri_fusion	6	1	True_Recall
ENSG00000148308:ENSG00000260840:ENSG00000093072	95%	10GB	positive	JAFFAL	tri_fusion	3	1	True_Recall
ENSG00000148362:ENSG00000169583	85%	100GB	positive	FusionSeeker	read_through	56	3	True_Recall
ENSG00000148362:ENSG00000169583	85%	100GB	positive	Genion	read_through	18	3	True_Recall
ENSG00000148362:ENSG00000169583	85%	100GB	positive	LongGF	read_through	21	3	True_Recall
ENSG00000148362:ENSG00000169583	85%	10GB	positive	FusionSeeker	read_through	2	2	True_Recall
ENSG00000148362:ENSG00000169583	85%	10GB	positive	GFSeeker	read_through	2	2	True_Recall
ENSG00000148362:ENSG00000169583	90%	100GB	positive	CTAT-LR-Fusion	read_through	18	4	True_Recall
ENSG00000148362:ENSG00000169583	90%	100GB	positive	FusionSeeker	read_through	76	4	True_Recall
ENSG00000148362:ENSG00000169583	90%	100GB	positive	Genion	read_through	24	4	True_Recall
ENSG00000148362:ENSG00000169583	90%	100GB	positive	LongGF	read_through	32	4	True_Recall
ENSG00000148362:ENSG00000169583	90%	10GB	positive	CTAT-LR-Fusion	read_through	3	3	True_Recall
ENSG00000148362:ENSG00000169583	90%	10GB	positive	FusionSeeker	read_through	7	3	True_Recall
ENSG00000148362:ENSG00000169583	90%	10GB	positive	LongGF	read_through	3	3	True_Recall
ENSG00000148362:ENSG00000169583	95%	100GB	positive	CTAT-LR-Fusion	read_through	32	4	True_Recall
ENSG00000148362:ENSG00000169583	95%	100GB	positive	FusionSeeker	read_through	74	4	True_Recall
ENSG00000148362:ENSG00000169583	95%	100GB	positive	Genion	read_through	19	4	True_Recall
ENSG00000148362:ENSG00000169583	95%	100GB	positive	LongGF	read_through	34	4	True_Recall
ENSG00000148362:ENSG00000169583	95%	10GB	positive	CTAT-LR-Fusion	read_through	4	4	True_Recall
ENSG00000148362:ENSG00000169583	95%	10GB	positive	FusionSeeker	read_through	11	4	True_Recall
ENSG00000148362:ENSG00000169583	95%	10GB	positive	GFSeeker	read_through	3	4	True_Recall
ENSG00000148362:ENSG00000169583	95%	10GB	positive	LongGF	read_through	5	4	True_Recall
ENSG00000148516:ENSG00000090054	85%	100GB	positive	FusionSeeker	false_fusion	3	1	False_Call
ENSG00000148604:ENSG00000100811	85%	100GB	positive	CTAT-LR-Fusion	hybrid	18	3	True_Recall
ENSG00000148604:ENSG00000100811	85%	100GB	positive	FusionSeeker	hybrid	30	3	True_Recall
ENSG00000148604:ENSG00000100811	85%	100GB	positive	JAFFAL	hybrid	2	3	True_Recall
ENSG00000148604:ENSG00000100811	85%	10GB	positive	CTAT-LR-Fusion	hybrid	2	2	True_Recall
ENSG00000148604:ENSG00000100811	85%	10GB	positive	FusionSeeker	hybrid	2	2	True_Recall
ENSG00000148604:ENSG00000100811	90%	100GB	positive	CTAT-LR-Fusion	hybrid	26	3	True_Recall
ENSG00000148604:ENSG00000100811	90%	100GB	positive	FusionSeeker	hybrid	31	3	True_Recall
ENSG00000148604:ENSG00000100811	90%	100GB	positive	JAFFAL	hybrid	15	3	True_Recall
ENSG00000148604:ENSG00000100811	90%	10GB	positive	CTAT-LR-Fusion	hybrid	2	4	True_Recall
ENSG00000148604:ENSG00000100811	90%	10GB	positive	FusionSeeker	hybrid	3	4	True_Recall
ENSG00000148604:ENSG00000100811	90%	10GB	positive	GFSeeker	hybrid	2	4	True_Recall
ENSG00000148604:ENSG00000100811	90%	10GB	positive	JAFFAL	hybrid	3	4	True_Recall
ENSG00000148604:ENSG00000100811	95%	100GB	positive	CTAT-LR-Fusion	hybrid	16	3	True_Recall
ENSG00000148604:ENSG00000100811	95%	100GB	positive	FusionSeeker	hybrid	27	3	True_Recall
ENSG00000148604:ENSG00000100811	95%	100GB	positive	JAFFAL	hybrid	22	3	True_Recall
ENSG00000148604:ENSG00000100811	95%	10GB	positive	CTAT-LR-Fusion	hybrid	2	3	True_Recall
ENSG00000148604:ENSG00000100811	95%	10GB	positive	FusionSeeker	hybrid	4	3	True_Recall
ENSG00000148604:ENSG00000100811	95%	10GB	positive	JAFFAL	hybrid	2	3	True_Recall
ENSG00000148655:ENSG00000165629	85%	100GB	positive	CTAT-LR-Fusion	intra_chromosome	19	1	True_Recall
ENSG00000148655:ENSG00000165629	85%	10GB	positive	CTAT-LR-Fusion	intra_chromosome	6	1	True_Recall
ENSG00000148655:ENSG00000165629	90%	100GB	positive	CTAT-LR-Fusion	intra_chromosome	31	1	True_Recall
ENSG00000148655:ENSG00000165629	90%	10GB	positive	CTAT-LR-Fusion	intra_chromosome	3	2	True_Recall
ENSG00000148655:ENSG00000165629	90%	10GB	positive	GFSeeker	intra_chromosome	4	2	True_Recall
ENSG00000148655:ENSG00000165629	95%	100GB	positive	CTAT-LR-Fusion	intra_chromosome	36	1	True_Recall
ENSG00000148655:ENSG00000165629	95%	10GB	positive	CTAT-LR-Fusion	intra_chromosome	6	2	True_Recall
ENSG00000148655:ENSG00000165629	95%	10GB	positive	GFSeeker	intra_chromosome	6	2	True_Recall
ENSG00000148834:ENSG00000167526	90%	10GB	positive	GFSeeker	false_fusion	2	1	False_Call
ENSG00000148948:ENSG00000091513	85%	100GB	negative	FusionSeeker	false_fusion	2	1	False_Call
ENSG00000149273:ENSG00000083845	95%	100GB	negative	FusionSeeker	false_fusion	2	1	False_Call
ENSG00000149273:ENSG00000089157	95%	100GB	negative	FusionSeeker	false_fusion	2	1	False_Call
ENSG00000149273:ENSG00000100316	85%	100GB	negative	FusionSeeker	false_fusion	2	1	False_Call
ENSG00000149273:ENSG00000124783	85%	100GB	negative	FusionSeeker	false_fusion	9	1	False_Call
ENSG00000149273:ENSG00000124783	85%	100GB	positive	FusionSeeker	false_fusion	4	1	False_Call
ENSG00000149273:ENSG00000124783	90%	100GB	negative	FusionSeeker	false_fusion	2	1	False_Call
ENSG00000149273:ENSG00000124783	90%	100GB	positive	FusionSeeker	false_fusion	2	1	False_Call
ENSG00000149273:ENSG00000156508	85%	100GB	negative	FusionSeeker	false_fusion	2	1	False_Call
ENSG00000149273:ENSG00000156508	85%	100GB	positive	FusionSeeker	false_fusion	2	1	False_Call
ENSG00000149273:ENSG00000156508	90%	100GB	negative	FusionSeeker	false_fusion	2	1	False_Call
ENSG00000149273:ENSG00000163631	90%	100GB	positive	FusionSeeker	false_fusion	2	2	False_Call
ENSG00000149273:ENSG00000163631	90%	100GB	positive	JAFFAL	false_fusion	2	2	False_Call
ENSG00000149273:ENSG00000172264	85%	100GB	negative	FusionSeeker	false_fusion	5	1	False_Call
ENSG00000149273:ENSG00000172264	90%	100GB	negative	FusionSeeker	false_fusion	4	1	False_Call
ENSG00000149273:ENSG00000198673	85%	100GB	negative	FusionSeeker	false_fusion	9	1	False_Call
ENSG00000149273:ENSG00000198673	85%	100GB	positive	FusionSeeker	false_fusion	11	1	False_Call
ENSG00000149273:ENSG00000198673	85%	10GB	positive	FusionSeeker	false_fusion	2	1	False_Call
ENSG00000149273:ENSG00000198673	90%	100GB	negative	FusionSeeker	false_fusion	8	1	False_Call
ENSG00000149273:ENSG00000198673	90%	100GB	positive	FusionSeeker	false_fusion	3	1	False_Call
ENSG00000149273:ENSG00000210082	85%	100GB	positive	FusionSeeker	false_fusion:mitochondrial_genomic	5	1	False_Call
ENSG00000149273:ENSG00000228205	85%	100GB	negative	FusionSeeker	false_fusion	15	1	False_Call
ENSG00000149273:ENSG00000228205	85%	100GB	positive	FusionSeeker	false_fusion	8	1	False_Call
ENSG00000149273:ENSG00000228205	85%	10GB	negative	FusionSeeker	false_fusion	4	1	False_Call
ENSG00000149273:ENSG00000228205	90%	100GB	negative	FusionSeeker	false_fusion	5	1	False_Call
ENSG00000149273:ENSG00000228205	90%	100GB	positive	FusionSeeker	false_fusion	4	1	False_Call
ENSG00000149273:ENSG00000262898	85%	100GB	positive	FusionSeeker	hybrid	21	1	True_Recall
ENSG00000149273:ENSG00000262898	85%	10GB	positive	CTAT-LR-Fusion	hybrid	2	2	True_Recall
ENSG00000149273:ENSG00000262898	85%	10GB	positive	FusionSeeker	hybrid	3	2	True_Recall
ENSG00000149273:ENSG00000262898	90%	100GB	positive	CTAT-LR-Fusion	hybrid	30	3	True_Recall
ENSG00000149273:ENSG00000262898	90%	100GB	positive	FusionSeeker	hybrid	40	3	True_Recall
ENSG00000149273:ENSG00000262898	90%	100GB	positive	Genion	hybrid	40	3	True_Recall
ENSG00000149273:ENSG00000262898	90%	10GB	positive	CTAT-LR-Fusion	hybrid	2	2	True_Recall
ENSG00000149273:ENSG00000262898	90%	10GB	positive	FusionSeeker	hybrid	5	2	True_Recall
ENSG00000149273:ENSG00000262898	95%	100GB	positive	CTAT-LR-Fusion	hybrid	33	3	True_Recall
ENSG00000149273:ENSG00000262898	95%	100GB	positive	FusionSeeker	hybrid	38	3	True_Recall
ENSG00000149273:ENSG00000262898	95%	100GB	positive	Genion	hybrid	38	3	True_Recall
ENSG00000149273:ENSG00000262898	95%	10GB	positive	CTAT-LR-Fusion	hybrid	5	2	True_Recall
ENSG00000149273:ENSG00000262898	95%	10GB	positive	FusionSeeker	hybrid	5	2	True_Recall
ENSG00000149483:ENSG00000256591	85%	100GB	negative	Genion	false_fusion	2	1	False_Call
ENSG00000149541:ENSG00000198712	90%	100GB	positive	FusionSeeker	false_fusion:mitochondrial_genomic	2	1	False_Call
ENSG00000149564:ENSG00000182993	85%	100GB	positive	FusionSeeker	false_fusion	20	1	False_Call
ENSG00000149564:ENSG00000182993	90%	100GB	positive	FusionSeeker	false_fusion	26	1	False_Call
ENSG00000149564:ENSG00000182993	90%	10GB	positive	FusionSeeker	false_fusion	5	1	False_Call
ENSG00000149564:ENSG00000182993	95%	100GB	positive	FusionSeeker	false_fusion	43	1	False_Call
ENSG00000149564:ENSG00000182993	95%	10GB	positive	FusionSeeker	false_fusion	4	1	False_Call
ENSG00000149564:ENSG00000256339	85%	100GB	positive	Genion	reverse_order: hybrid	11	1	Partial_Recall
ENSG00000149564:ENSG00000256339	90%	100GB	positive	Genion	reverse_order: hybrid	15	1	Partial_Recall
ENSG00000149564:ENSG00000256339	95%	100GB	positive	Genion	reverse_order: hybrid	20	1	Partial_Recall
ENSG00000149657:ENSG00000101182	85%	100GB	positive	FusionSeeker	read_through	11	1	True_Recall
ENSG00000149657:ENSG00000101182	90%	100GB	positive	CTAT-LR-Fusion	read_through	15	2	True_Recall
ENSG00000149657:ENSG00000101182	90%	100GB	positive	FusionSeeker	read_through	26	2	True_Recall
ENSG00000149657:ENSG00000101182	90%	10GB	positive	CTAT-LR-Fusion	read_through	3	3	True_Recall
ENSG00000149657:ENSG00000101182	90%	10GB	positive	FusionSeeker	read_through	2	3	True_Recall
ENSG00000149657:ENSG00000101182	90%	10GB	positive	GFSeeker	read_through	2	3	True_Recall
ENSG00000149657:ENSG00000101182	95%	100GB	positive	CTAT-LR-Fusion	read_through	31	2	True_Recall
ENSG00000149657:ENSG00000101182	95%	100GB	positive	FusionSeeker	read_through	33	2	True_Recall
ENSG00000149657:ENSG00000101182	95%	10GB	positive	CTAT-LR-Fusion	read_through	3	3	True_Recall
ENSG00000149657:ENSG00000101182	95%	10GB	positive	FusionSeeker	read_through	3	3	True_Recall
ENSG00000149657:ENSG00000101182	95%	10GB	positive	GFSeeker	read_through	3	3	True_Recall
ENSG00000149806:ENSG00000163631	85%	100GB	negative	FusionSeeker	false_fusion	2	1	False_Call
ENSG00000150269:ENSG00000174937	90%	100GB	positive	Genion	false_fusion	5	1	False_Call
ENSG00000150471:ENSG00000112306	85%	100GB	negative	FusionSeeker	false_fusion	2	1	False_Call
ENSG00000150471:ENSG00000112306	85%	100GB	positive	FusionSeeker	false_fusion	2	1	False_Call
ENSG00000150471:ENSG00000112306	90%	100GB	positive	FusionSeeker	false_fusion	2	1	False_Call
ENSG00000150477:ENSG00000241671	85%	100GB	negative	FusionSeeker	false_fusion	2	1	False_Call
ENSG00000150753:ENSG00000264860	85%	100GB	positive	JAFFAL	hybrid	11	1	True_Recall
ENSG00000150753:ENSG00000264860	90%	100GB	positive	JAFFAL	hybrid	24	1	True_Recall
ENSG00000150753:ENSG00000264860	90%	10GB	positive	JAFFAL	hybrid	2	1	True_Recall
ENSG00000150753:ENSG00000264860	95%	100GB	positive	JAFFAL	hybrid	24	1	True_Recall
ENSG00000151322:ENSG00000163749	85%	100GB	positive	FusionSeeker	false_fusion	39	1	False_Call
ENSG00000151322:ENSG00000163749	90%	100GB	positive	FusionSeeker	false_fusion	57	2	False_Call
ENSG00000151322:ENSG00000163749	90%	100GB	positive	JAFFAL	false_fusion	8	2	False_Call
ENSG00000151322:ENSG00000163749	90%	10GB	positive	FusionSeeker	false_fusion	10	1	False_Call
ENSG00000151322:ENSG00000163749	95%	100GB	positive	FusionSeeker	false_fusion	40	2	False_Call
ENSG00000151322:ENSG00000163749	95%	100GB	positive	JAFFAL	false_fusion	15	2	False_Call
ENSG00000151322:ENSG00000163749	95%	10GB	positive	FusionSeeker	false_fusion	7	1	False_Call
ENSG00000151322:ENSG00000249858	85%	100GB	positive	Genion	truncated_tri_fusion	19	1	Partial_Recall
ENSG00000151322:ENSG00000249858	90%	100GB	positive	CTAT-LR-Fusion	truncated_tri_fusion	11	2	Partial_Recall
ENSG00000151322:ENSG00000249858	90%	100GB	positive	Genion	truncated_tri_fusion	28	2	Partial_Recall
ENSG00000151322:ENSG00000249858	90%	10GB	positive	CTAT-LR-Fusion	truncated_tri_fusion	2	2	Partial_Recall
ENSG00000151322:ENSG00000249858	90%	10GB	positive	Genion	truncated_tri_fusion	5	2	Partial_Recall
ENSG00000151322:ENSG00000249858	95%	100GB	positive	Genion	truncated_tri_fusion	26	1	Partial_Recall
ENSG00000151322:ENSG00000249858	95%	10GB	positive	CTAT-LR-Fusion	truncated_tri_fusion	2	1	Partial_Recall
ENSG00000151572:ENSG00000089006	85%	100GB	positive	FusionSeeker	false_fusion	2	1	False_Call
ENSG00000151572:ENSG00000089006	90%	100GB	positive	FusionSeeker	false_fusion	2	1	False_Call
ENSG00000151694:ENSG00000130714	85%	100GB	positive	FusionSeeker	reverse_order:truncated_tri_fusion	19	1	Partial_Recall
ENSG00000151694:ENSG00000130714	85%	10GB	positive	FusionSeeker	reverse_order:truncated_tri_fusion	2	1	Partial_Recall
ENSG00000151694:ENSG00000130714	90%	100GB	positive	FusionSeeker	reverse_order:truncated_tri_fusion	22	1	Partial_Recall
ENSG00000151694:ENSG00000130714	95%	100GB	positive	FusionSeeker	reverse_order:truncated_tri_fusion	23	1	Partial_Recall
ENSG00000151694:ENSG00000130714	95%	10GB	positive	FusionSeeker	reverse_order:truncated_tri_fusion	3	2	Partial_Recall
ENSG00000151694:ENSG00000130714	95%	10GB	positive	GFSeeker	reverse_order:truncated_tri_fusion	3	2	Partial_Recall
ENSG00000151694:ENSG00000185798	85%	100GB	positive	FusionSeeker	truncated_tri_fusion	34	2	Partial_Recall
ENSG00000151694:ENSG00000185798	85%	100GB	positive	JAFFAL	truncated_tri_fusion	2	2	Partial_Recall
ENSG00000151694:ENSG00000185798	85%	10GB	positive	FusionSeeker	truncated_tri_fusion	6	2	Partial_Recall
ENSG00000151694:ENSG00000185798	85%	10GB	positive	GFSeeker	truncated_tri_fusion	4	2	Partial_Recall
ENSG00000151694:ENSG00000185798	90%	100GB	positive	FusionSeeker	truncated_tri_fusion	20	2	Partial_Recall
ENSG00000151694:ENSG00000185798	90%	100GB	positive	JAFFAL	truncated_tri_fusion	2	2	Partial_Recall
ENSG00000151694:ENSG00000185798	90%	10GB	positive	FusionSeeker	truncated_tri_fusion	3	2	Partial_Recall
ENSG00000151694:ENSG00000185798	90%	10GB	positive	GFSeeker	truncated_tri_fusion	2	2	Partial_Recall
ENSG00000151694:ENSG00000185798	95%	100GB	positive	FusionSeeker	truncated_tri_fusion	33	2	Partial_Recall
ENSG00000151694:ENSG00000185798	95%	100GB	positive	JAFFAL	truncated_tri_fusion	8	2	Partial_Recall
ENSG00000151694:ENSG00000185798	95%	10GB	positive	FusionSeeker	truncated_tri_fusion	3	2	Partial_Recall
ENSG00000151694:ENSG00000185798	95%	10GB	positive	GFSeeker	truncated_tri_fusion	3	2	Partial_Recall
ENSG00000151812:ENSG00000100744	85%	100GB	positive	FusionSeeker	truncated_tri_fusion	92	1	Partial_Recall
ENSG00000151812:ENSG00000100744	90%	100GB	positive	FusionSeeker	truncated_tri_fusion	103	1	Partial_Recall
ENSG00000151812:ENSG00000100744	90%	10GB	positive	FusionSeeker	truncated_tri_fusion	2	1	Partial_Recall
ENSG00000151812:ENSG00000100744	90%	1GB	positive	FusionSeeker	truncated_tri_fusion	2	1	Partial_Recall
ENSG00000151812:ENSG00000100744	95%	100GB	positive	FusionSeeker	truncated_tri_fusion	113	1	Partial_Recall
ENSG00000151812:ENSG00000100744	95%	10GB	positive	FusionSeeker	truncated_tri_fusion	2	1	Partial_Recall
ENSG00000151812:ENSG00000239650	85%	100GB	positive	FusionSeeker	truncated_tri_fusion	44	1	Partial_Recall
ENSG00000151812:ENSG00000239650	90%	100GB	positive	FusionSeeker	truncated_tri_fusion	116	1	Partial_Recall
ENSG00000151812:ENSG00000239650	95%	100GB	positive	FusionSeeker	truncated_tri_fusion	124	1	Partial_Recall
ENSG00000151812:ENSG00000239650	95%	10GB	positive	FusionSeeker	truncated_tri_fusion	5	1	Partial_Recall
ENSG00000151812:ENSG00000241549	90%	100GB	positive	JAFFAL	false_fusion	4	1	False_Call
ENSG00000151812:ENSG00000253816	85%	100GB	positive	FusionSeeker	false_fusion	81	1	False_Call
ENSG00000151812:ENSG00000253816	90%	100GB	positive	FusionSeeker	false_fusion	103	1	False_Call
ENSG00000151812:ENSG00000253816	90%	10GB	positive	FusionSeeker	false_fusion	3	1	False_Call
ENSG00000151812:ENSG00000253816	90%	1GB	positive	FusionSeeker	false_fusion	2	1	False_Call
ENSG00000151812:ENSG00000253816	95%	100GB	positive	FusionSeeker	false_fusion	117	1	False_Call
ENSG00000151812:ENSG00000253816	95%	10GB	positive	FusionSeeker	false_fusion	2	1	False_Call
ENSG00000151812:ENSG00000283352	85%	100GB	positive	JAFFAL	false_fusion	3	1	False_Call
ENSG00000151812:ENSG00000283352	90%	100GB	positive	JAFFAL	false_fusion	23	1	False_Call
ENSG00000151812:ENSG00000283352	90%	10GB	positive	JAFFAL	false_fusion	2	1	False_Call
ENSG00000151812:ENSG00000283352	95%	100GB	positive	JAFFAL	false_fusion	33	1	False_Call
ENSG00000151812:ENSG00000283352	95%	10GB	positive	JAFFAL	false_fusion	3	1	False_Call
ENSG00000151812:ENSG00000290474	90%	100GB	positive	FusionSeeker	false_fusion	2	2	False_Call
ENSG00000151812:ENSG00000290474	90%	100GB	positive	JAFFAL	false_fusion	4	2	False_Call
ENSG00000151812:ENSG00000290474	90%	10GB	positive	FusionSeeker	false_fusion	2	1	False_Call
ENSG00000151812:ENSG00000290548	85%	100GB	positive	FusionSeeker	false_fusion	2	1	False_Call
ENSG00000151812:ENSG00000290548	95%	100GB	positive	FusionSeeker	false_fusion	6	1	False_Call
ENSG00000151967:ENSG00000255248	85%	100GB	positive	CTAT-LR-Fusion	hybrid	14	2	True_Recall
ENSG00000151967:ENSG00000255248	85%	100GB	positive	Genion	hybrid	29	2	True_Recall
ENSG00000151967:ENSG00000255248	90%	100GB	positive	CTAT-LR-Fusion	hybrid	25	2	True_Recall
ENSG00000151967:ENSG00000255248	90%	100GB	positive	Genion	hybrid	36	2	True_Recall
ENSG00000151967:ENSG00000255248	90%	10GB	positive	CTAT-LR-Fusion	hybrid	2	1	True_Recall
ENSG00000151967:ENSG00000255248	95%	100GB	positive	CTAT-LR-Fusion	hybrid	30	2	True_Recall
ENSG00000151967:ENSG00000255248	95%	100GB	positive	Genion	hybrid	38	2	True_Recall
ENSG00000151967:ENSG00000255248	95%	10GB	positive	CTAT-LR-Fusion	hybrid	2	1	True_Recall
ENSG00000152104:ENSG00000177879	85%	100GB	negative	FusionSeeker	false_fusion	2	1	False_Call
ENSG00000152104:ENSG00000177879	85%	100GB	positive	FusionSeeker	false_fusion	2	1	False_Call
ENSG00000152223:ENSG00000152229	85%	100GB	positive	FusionSeeker	read_through	28	1	True_Recall
ENSG00000152223:ENSG00000152229	90%	100GB	positive	FusionSeeker	read_through	44	1	True_Recall
ENSG00000152223:ENSG00000152229	90%	10GB	positive	FusionSeeker	read_through	8	1	True_Recall
ENSG00000152223:ENSG00000152229	95%	100GB	positive	FusionSeeker	read_through	47	1	True_Recall
ENSG00000152223:ENSG00000152229	95%	10GB	positive	CTAT-LR-Fusion	read_through	2	2	True_Recall
ENSG00000152223:ENSG00000152229	95%	10GB	positive	FusionSeeker	read_through	7	2	True_Recall
ENSG00000152234:ENSG00000227682	85%	100GB	negative	FusionSeeker	false_fusion	3	1	False_Call
ENSG00000152234:ENSG00000227682	85%	100GB	positive	FusionSeeker	false_fusion	8	1	False_Call
ENSG00000152234:ENSG00000227682	85%	10GB	positive	FusionSeeker	false_fusion	2	1	False_Call
ENSG00000152234:ENSG00000227682	90%	100GB	negative	FusionSeeker	false_fusion	3	1	False_Call
ENSG00000152767:ENSG00000087086	85%	100GB	negative	FusionSeeker	false_fusion	2	1	False_Call
ENSG00000153093:ENSG00000172965	85%	100GB	negative	FusionSeeker	false_fusion	17	1	False_Call
ENSG00000153093:ENSG00000172965	85%	100GB	positive	FusionSeeker	false_fusion	24	1	False_Call
ENSG00000153093:ENSG00000172965	85%	10GB	negative	FusionSeeker	false_fusion	3	1	False_Call
ENSG00000153093:ENSG00000172965	85%	10GB	positive	FusionSeeker	false_fusion	5	1	False_Call
ENSG00000153093:ENSG00000172965	90%	100GB	negative	FusionSeeker	false_fusion	32	1	False_Call
ENSG00000153093:ENSG00000172965	90%	100GB	positive	FusionSeeker	false_fusion	22	1	False_Call
ENSG00000153093:ENSG00000172965	90%	10GB	negative	FusionSeeker	false_fusion	5	1	False_Call
ENSG00000153093:ENSG00000172965	90%	10GB	positive	FusionSeeker	false_fusion	3	1	False_Call
ENSG00000153093:ENSG00000172965	95%	100GB	negative	FusionSeeker	false_fusion	41	1	False_Call
ENSG00000153093:ENSG00000172965	95%	100GB	positive	FusionSeeker	false_fusion	36	1	False_Call
ENSG00000153093:ENSG00000172965	95%	10GB	negative	FusionSeeker	false_fusion	5	1	False_Call
ENSG00000153093:ENSG00000172965	95%	10GB	positive	FusionSeeker	false_fusion	2	1	False_Call
ENSG00000153291:ENSG00000146282	85%	100GB	positive	FusionSeeker	reverse_order: intra_chromosome	32	1	Partial_Recall
ENSG00000153291:ENSG00000146282	90%	100GB	positive	FusionSeeker	reverse_order: intra_chromosome	60	1	Partial_Recall
ENSG00000153291:ENSG00000146282	90%	10GB	positive	FusionSeeker	reverse_order: intra_chromosome	2	2	Partial_Recall
ENSG00000153291:ENSG00000146282	90%	10GB	positive	GFSeeker	reverse_order: intra_chromosome	2	2	Partial_Recall
ENSG00000153291:ENSG00000146282	95%	100GB	positive	FusionSeeker	reverse_order: intra_chromosome	64	1	Partial_Recall
ENSG00000153291:ENSG00000146282	95%	10GB	positive	FusionSeeker	reverse_order: intra_chromosome	8	2	Partial_Recall
ENSG00000153291:ENSG00000146282	95%	10GB	positive	GFSeeker	reverse_order: intra_chromosome	4	2	Partial_Recall
ENSG00000153684:ENSG00000010671	85%	100GB	positive	FusionSeeker	false_fusion	2	1	False_Call
ENSG00000153684:ENSG00000010671	90%	100GB	positive	FusionSeeker	false_fusion	11	1	False_Call
ENSG00000153684:ENSG00000010671	95%	100GB	positive	FusionSeeker	false_fusion	30	1	False_Call
ENSG00000153684:ENSG00000010671	95%	10GB	positive	FusionSeeker	false_fusion	2	1	False_Call
ENSG00000153684:ENSG00000183629	85%	100GB	positive	FusionSeeker	false_fusion	3	1	False_Call
ENSG00000153936:ENSG00000126261	85%	100GB	negative	FusionSeeker	false_fusion	3	1	False_Call
ENSG00000153936:ENSG00000126261	85%	100GB	positive	FusionSeeker	false_fusion	3	1	False_Call
ENSG00000154040:ENSG00000101638	95%	100GB	positive	FusionSeeker	false_fusion	2	1	False_Call
ENSG00000154040:ENSG00000223782	85%	100GB	positive	Genion	reverse_order:truncated_tri_fusion	26	1	Partial_Recall
ENSG00000154040:ENSG00000223782	90%	100GB	positive	Genion	reverse_order:truncated_tri_fusion	30	1	Partial_Recall
ENSG00000154040:ENSG00000223782	95%	100GB	positive	Genion	reverse_order:truncated_tri_fusion	26	1	Partial_Recall
ENSG00000154040:ENSG00000262686	95%	100GB	positive	CTAT-LR-Fusion	truncated_tri_fusion	14	2	Partial_Recall
ENSG00000154040:ENSG00000262686	95%	100GB	positive	JAFFAL	truncated_tri_fusion	5	2	Partial_Recall
ENSG00000154040:ENSG00000262686	95%	10GB	positive	CTAT-LR-Fusion	truncated_tri_fusion	4	1	Partial_Recall
ENSG00000154240:ENSG00000039560	95%	10GB	positive	GFSeeker	truncated_tri_fusion	2	1	Partial_Recall
ENSG00000154240:ENSG00000187498	85%	10GB	positive	GFSeeker	reverse_order:truncated_tri_fusion	2	1	Partial_Recall
ENSG00000154240:ENSG00000187498	95%	100GB	positive	Genion	reverse_order:truncated_tri_fusion	30	1	Partial_Recall
ENSG00000155307:ENSG00000171109	85%	100GB	positive	FusionSeeker	reverse_order:truncated_tri_fusion	14	1	Partial_Recall
ENSG00000155307:ENSG00000171109	90%	100GB	positive	FusionSeeker	reverse_order:truncated_tri_fusion	66	1	Partial_Recall
ENSG00000155307:ENSG00000171109	90%	10GB	positive	FusionSeeker	reverse_order:truncated_tri_fusion	2	1	Partial_Recall
ENSG00000155307:ENSG00000171109	95%	100GB	positive	FusionSeeker	reverse_order:truncated_tri_fusion	25	1	Partial_Recall
ENSG00000155307:ENSG00000171109	95%	10GB	positive	FusionSeeker	reverse_order:truncated_tri_fusion	6	1	Partial_Recall
ENSG00000155307:ENSG00000233874	85%	100GB	positive	FusionSeeker	false_fusion	2	1	False_Call
ENSG00000155511:ENSG00000106617	85%	10GB	positive	GFSeeker	reverse_order: hybrid	2	1	Partial_Recall
ENSG00000155511:ENSG00000106617	85%	1GB	positive	GFSeeker	reverse_order: hybrid	2	1	Partial_Recall
ENSG00000156076:ENSG00000180879	90%	100GB	positive	JAFFAL	hybrid	7	1	True_Recall
ENSG00000156076:ENSG00000180879	90%	10GB	positive	GFSeeker	hybrid	2	2	True_Recall
ENSG00000156076:ENSG00000180879	90%	10GB	positive	JAFFAL	hybrid	2	2	True_Recall
ENSG00000156076:ENSG00000180879	95%	100GB	positive	JAFFAL	hybrid	18	1	True_Recall
ENSG00000156076:ENSG00000180879	95%	10GB	positive	JAFFAL	hybrid	3	1	True_Recall
ENSG00000156103:ENSG00000253553	85%	100GB	negative	FusionSeeker	false_fusion:Sense-Antisense	3	1	False_Call
ENSG00000156103:ENSG00000253553	85%	100GB	positive	FusionSeeker	false_fusion:Sense-Antisense	2	1	False_Call
ENSG00000156103:ENSG00000253553	90%	100GB	negative	FusionSeeker	false_fusion:Sense-Antisense	2	1	False_Call
ENSG00000156103:ENSG00000253553	90%	100GB	positive	FusionSeeker	false_fusion:Sense-Antisense	4	1	False_Call
ENSG00000156467:ENSG00000204272	85%	100GB	negative	FusionSeeker	false_fusion	2	1	False_Call
ENSG00000156467:ENSG00000204272	85%	100GB	positive	FusionSeeker	false_fusion	4	1	False_Call
ENSG00000156467:ENSG00000204272	90%	100GB	positive	FusionSeeker	false_fusion	2	1	False_Call
ENSG00000156482:ENSG00000163631	95%	100GB	positive	JAFFAL	false_fusion	2	1	False_Call
ENSG00000156508:ENSG00000005007	95%	10GB	positive	GFSeeker	false_fusion	2	1	False_Call
ENSG00000156508:ENSG00000087086	90%	100GB	negative	JAFFAL	false_fusion	2	1	False_Call
ENSG00000156508:ENSG00000087086	90%	10GB	positive	GFSeeker	false_fusion	2	1	False_Call
ENSG00000156508:ENSG00000087086	95%	100GB	positive	JAFFAL	false_fusion	2	1	False_Call
ENSG00000156508:ENSG00000087086	95%	10GB	positive	GFSeeker	false_fusion	2	1	False_Call
ENSG00000156508:ENSG00000106927	85%	100GB	negative	FusionSeeker	false_fusion	2	2	False_Call
ENSG00000156508:ENSG00000106927	85%	100GB	negative	JAFFAL	false_fusion	2	2	False_Call
ENSG00000156508:ENSG00000108679	95%	10GB	positive	GFSeeker	false_fusion	2	1	False_Call
ENSG00000156508:ENSG00000112306	85%	100GB	negative	FusionSeeker	false_fusion	2	1	False_Call
ENSG00000156508:ENSG00000115414	95%	10GB	positive	GFSeeker	false_fusion	2	1	False_Call
ENSG00000156508:ENSG00000118137	95%	100GB	negative	JAFFAL	false_fusion	2	1	False_Call
ENSG00000156508:ENSG00000131469	90%	10GB	negative	GFSeeker	false_fusion	2	1	False_Call
ENSG00000156508:ENSG00000131469	95%	10GB	negative	GFSeeker	false_fusion	2	1	False_Call
ENSG00000156508:ENSG00000133112	90%	100GB	positive	JAFFAL	false_fusion	2	1	False_Call
ENSG00000156508:ENSG00000133112	90%	10GB	negative	GFSeeker	false_fusion	2	1	False_Call
ENSG00000156508:ENSG00000133112	95%	10GB	negative	GFSeeker	false_fusion	2	1	False_Call
ENSG00000156508:ENSG00000135486	90%	10GB	positive	GFSeeker	false_fusion	2	1	False_Call
ENSG00000156508:ENSG00000145192	95%	100GB	positive	JAFFAL	false_fusion	2	1	False_Call
ENSG00000156508:ENSG00000147403	85%	10GB	positive	GFSeeker	false_fusion	2	1	False_Call
ENSG00000156508:ENSG00000156482	90%	100GB	negative	FusionSeeker	false_fusion	2	1	False_Call
ENSG00000156508:ENSG00000158874	90%	100GB	positive	JAFFAL	false_fusion	2	1	False_Call
ENSG00000156508:ENSG00000163631	85%	100GB	negative	JAFFAL	false_fusion	3	1	False_Call
ENSG00000156508:ENSG00000163631	85%	100GB	positive	JAFFAL	false_fusion	2	1	False_Call
ENSG00000156508:ENSG00000163631	90%	100GB	positive	JAFFAL	false_fusion	2	1	False_Call
ENSG00000156508:ENSG00000163631	95%	10GB	positive	GFSeeker	false_fusion	4	1	False_Call
ENSG00000156508:ENSG00000167526	85%	10GB	negative	GFSeeker	false_fusion	2	1	False_Call
ENSG00000156508:ENSG00000167770	90%	10GB	negative	GFSeeker	false_fusion	2	1	False_Call
ENSG00000156508:ENSG00000167770	95%	10GB	negative	GFSeeker	false_fusion	2	1	False_Call
ENSG00000156508:ENSG00000167996	90%	100GB	positive	JAFFAL	false_fusion	2	1	False_Call
ENSG00000156508:ENSG00000181019	85%	100GB	negative	JAFFAL	false_fusion	2	1	False_Call
ENSG00000156508:ENSG00000184009	90%	10GB	positive	GFSeeker	false_fusion	2	1	False_Call
ENSG00000156508:ENSG00000196205	85%	100GB	positive	FusionSeeker	false_fusion	2	1	False_Call
ENSG00000156508:ENSG00000197249	90%	10GB	negative	GFSeeker	false_fusion	2	1	False_Call
ENSG00000156508:ENSG00000197249	95%	100GB	negative	JAFFAL	false_fusion	2	1	False_Call
ENSG00000156508:ENSG00000197249	95%	10GB	negative	GFSeeker	false_fusion	2	1	False_Call
ENSG00000156508:ENSG00000198763	85%	100GB	negative	FusionSeeker	false_fusion:mitochondrial_genomic	2	1	False_Call
ENSG00000156508:ENSG00000198804	95%	100GB	positive	FusionSeeker	false_fusion:mitochondrial_genomic	2	1	False_Call
ENSG00000156508:ENSG00000198840	90%	100GB	negative	FusionSeeker	false_fusion:mitochondrial_genomic	2	1	False_Call
ENSG00000156508:ENSG00000198840	95%	100GB	positive	FusionSeeker	false_fusion:mitochondrial_genomic	2	1	False_Call
ENSG00000156508:ENSG00000198938	90%	100GB	negative	FusionSeeker	false_fusion:mitochondrial_genomic	4	1	False_Call
ENSG00000156508:ENSG00000198938	90%	100GB	negative	LongGF	false_fusion	3	1	False_Call
ENSG00000156508:ENSG00000198938	90%	100GB	positive	FusionSeeker	false_fusion:mitochondrial_genomic	6	1	False_Call
ENSG00000156508:ENSG00000204628	85%	10GB	positive	GFSeeker	false_fusion	2	1	False_Call
ENSG00000156508:ENSG00000210082	85%	100GB	positive	FusionSeeker	false_fusion:mitochondrial_genomic	10	1	False_Call
ENSG00000156508:ENSG00000210082	90%	100GB	positive	FusionSeeker	false_fusion:mitochondrial_genomic	2	1	False_Call
ENSG00000156508:ENSG00000210082	95%	100GB	positive	FusionSeeker	false_fusion:mitochondrial_genomic	5	1	False_Call
ENSG00000156508:ENSG00000211459	85%	100GB	negative	FusionSeeker	false_fusion:mitochondrial_genomic	14	1	False_Call
ENSG00000156508:ENSG00000211459	85%	100GB	positive	FusionSeeker	false_fusion:mitochondrial_genomic	6	1	False_Call
ENSG00000156508:ENSG00000211459	90%	100GB	negative	FusionSeeker	false_fusion:mitochondrial_genomic	4	1	False_Call
ENSG00000156508:ENSG00000211459	90%	100GB	positive	FusionSeeker	false_fusion:mitochondrial_genomic	6	1	False_Call
ENSG00000156508:ENSG00000211459	95%	100GB	positive	FusionSeeker	false_fusion:mitochondrial_genomic	6	1	False_Call
ENSG00000156508:ENSG00000219200	95%	100GB	positive	LongGF	false_fusion	2	1	False_Call
ENSG00000156508:ENSG00000236552	85%	100GB	positive	Genion	false_fusion	8	1	False_Call
ENSG00000156508:ENSG00000289286	85%	100GB	positive	Genion	false_fusion	27	1	False_Call
ENSG00000156508:ENSG00000289286	90%	100GB	negative	Genion	false_fusion	21	1	False_Call
ENSG00000156508:ENSG00000289286	90%	100GB	positive	Genion	false_fusion	19	1	False_Call
ENSG00000156508:ENSG00000289286	95%	100GB	positive	Genion	false_fusion	17	1	False_Call
ENSG00000156508:ENSG00000289286	95%	10GB	positive	Genion	false_fusion	5	1	False_Call
ENSG00000156853:ENSG00000197162	85%	100GB	negative	Genion	false_fusion	2	1	False_Call
ENSG00000156925:ENSG00000283692	85%	100GB	negative	FusionSeeker	false_fusion	12	1	False_Call
ENSG00000156925:ENSG00000283692	85%	100GB	positive	FusionSeeker	false_fusion	11	1	False_Call
ENSG00000156925:ENSG00000283692	85%	10GB	negative	FusionSeeker	false_fusion	2	1	False_Call
ENSG00000156925:ENSG00000283692	90%	100GB	negative	FusionSeeker	false_fusion	3	1	False_Call
ENSG00000156925:ENSG00000283692	90%	100GB	positive	FusionSeeker	false_fusion	4	1	False_Call
ENSG00000157216:ENSG00000237251	85%	100GB	negative	FusionSeeker	false_fusion	2	1	False_Call
ENSG00000157216:ENSG00000237251	85%	100GB	positive	FusionSeeker	false_fusion	3	1	False_Call
ENSG00000157326:ENSG00000285467	85%	100GB	positive	Genion	false_fusion	12	1	False_Call
ENSG00000157326:ENSG00000291039	85%	100GB	negative	Genion	false_fusion	22	1	False_Call
ENSG00000157326:ENSG00000291039	85%	100GB	positive	Genion	false_fusion	16	1	False_Call
ENSG00000157326:ENSG00000291039	90%	100GB	positive	Genion	false_fusion	12	1	False_Call
ENSG00000157426:ENSG00000242736	85%	100GB	positive	FusionSeeker	reverse_order:truncated_tri_fusion	5	2	Partial_Recall
ENSG00000157426:ENSG00000242736	85%	100GB	positive	Genion	reverse_order:truncated_tri_fusion	5	2	Partial_Recall
ENSG00000157426:ENSG00000242736	90%	100GB	positive	FusionSeeker	reverse_order:truncated_tri_fusion	57	2	Partial_Recall
ENSG00000157426:ENSG00000242736	90%	100GB	positive	Genion	reverse_order:truncated_tri_fusion	21	2	Partial_Recall
ENSG00000157426:ENSG00000242736	95%	100GB	positive	FusionSeeker	reverse_order:truncated_tri_fusion	78	2	Partial_Recall
ENSG00000157426:ENSG00000242736	95%	100GB	positive	Genion	reverse_order:truncated_tri_fusion	28	2	Partial_Recall
ENSG00000157426:ENSG00000242736	95%	10GB	positive	FusionSeeker	reverse_order:truncated_tri_fusion	11	2	Partial_Recall
ENSG00000157426:ENSG00000242736	95%	10GB	positive	Genion	reverse_order:truncated_tri_fusion	6	2	Partial_Recall
ENSG00000157916:ENSG00000205835	85%	100GB	positive	CTAT-LR-Fusion	hybrid	14	5	True_Recall
ENSG00000157916:ENSG00000205835	85%	100GB	positive	FusionSeeker	hybrid	26	5	True_Recall
ENSG00000157916:ENSG00000205835	85%	100GB	positive	Genion	hybrid	28	5	True_Recall
ENSG00000157916:ENSG00000205835	85%	100GB	positive	JAFFAL	hybrid	22	5	True_Recall
ENSG00000157916:ENSG00000205835	85%	100GB	positive	LongGF	hybrid	23	5	True_Recall
ENSG00000157916:ENSG00000205835	85%	10GB	positive	CTAT-LR-Fusion	hybrid	3	5	True_Recall
ENSG00000157916:ENSG00000205835	85%	10GB	positive	FusionSeeker	hybrid	4	5	True_Recall
ENSG00000157916:ENSG00000205835	85%	10GB	positive	GFSeeker	hybrid	4	5	True_Recall
ENSG00000157916:ENSG00000205835	85%	10GB	positive	JAFFAL	hybrid	4	5	True_Recall
ENSG00000157916:ENSG00000205835	85%	10GB	positive	LongGF	hybrid	4	5	True_Recall
ENSG00000157916:ENSG00000205835	90%	100GB	positive	CTAT-LR-Fusion	hybrid	24	5	True_Recall
ENSG00000157916:ENSG00000205835	90%	100GB	positive	FusionSeeker	hybrid	37	5	True_Recall
ENSG00000157916:ENSG00000205835	90%	100GB	positive	Genion	hybrid	35	5	True_Recall
ENSG00000157916:ENSG00000205835	90%	100GB	positive	JAFFAL	hybrid	31	5	True_Recall
ENSG00000157916:ENSG00000205835	90%	100GB	positive	LongGF	hybrid	27	5	True_Recall
ENSG00000157916:ENSG00000205835	95%	100GB	positive	CTAT-LR-Fusion	hybrid	38	5	True_Recall
ENSG00000157916:ENSG00000205835	95%	100GB	positive	FusionSeeker	hybrid	47	5	True_Recall
ENSG00000157916:ENSG00000205835	95%	100GB	positive	Genion	hybrid	47	5	True_Recall
ENSG00000157916:ENSG00000205835	95%	100GB	positive	JAFFAL	hybrid	45	5	True_Recall
ENSG00000157916:ENSG00000205835	95%	100GB	positive	LongGF	hybrid	36	5	True_Recall
ENSG00000157916:ENSG00000205835	95%	10GB	positive	CTAT-LR-Fusion	hybrid	5	5	True_Recall
ENSG00000157916:ENSG00000205835	95%	10GB	positive	FusionSeeker	hybrid	5	5	True_Recall
ENSG00000157916:ENSG00000205835	95%	10GB	positive	GFSeeker	hybrid	5	5	True_Recall
ENSG00000157916:ENSG00000205835	95%	10GB	positive	JAFFAL	hybrid	5	5	True_Recall
ENSG00000157916:ENSG00000205835	95%	10GB	positive	LongGF	hybrid	4	5	True_Recall
ENSG00000157954:ENSG00000278416:ENSG00000291092	90%	100GB	positive	Genion	false_fusion	9	1	False_Call
ENSG00000157954:ENSG00000278416:ENSG00000291092	95%	100GB	positive	Genion	false_fusion	41	1	False_Call
ENSG00000157954:ENSG00000291178	90%	100GB	positive	FusionSeeker	reverse_order: intra_chromosome	13	1	Partial_Recall
ENSG00000157954:ENSG00000291178	90%	10GB	positive	FusionSeeker	reverse_order: intra_chromosome	2	1	Partial_Recall
ENSG00000157954:ENSG00000291178	95%	100GB	positive	FusionSeeker	reverse_order: intra_chromosome	7	1	Partial_Recall
ENSG00000158874:ENSG00000087086	85%	100GB	positive	FusionSeeker	false_fusion	2	1	False_Call
ENSG00000158874:ENSG00000087086	90%	100GB	positive	FusionSeeker	false_fusion	2	1	False_Call
ENSG00000158874:ENSG00000111640	85%	100GB	negative	FusionSeeker	false_fusion	2	1	False_Call
ENSG00000158874:ENSG00000145425	85%	100GB	negative	FusionSeeker	false_fusion	2	1	False_Call
ENSG00000158874:ENSG00000147364	90%	100GB	negative	FusionSeeker	false_fusion	2	1	False_Call
ENSG00000158874:ENSG00000156508	90%	100GB	positive	FusionSeeker	false_fusion	2	1	False_Call
ENSG00000158874:ENSG00000163631	85%	100GB	positive	FusionSeeker	false_fusion	2	1	False_Call
ENSG00000158874:ENSG00000171858	95%	100GB	negative	FusionSeeker	false_fusion	2	2	False_Call
ENSG00000158874:ENSG00000171858	95%	100GB	negative	LongGF	false_fusion	2	2	False_Call
ENSG00000158874:ENSG00000197249	85%	100GB	negative	FusionSeeker	false_fusion	2	1	False_Call
ENSG00000158874:ENSG00000198888	90%	100GB	negative	FusionSeeker	false_fusion:mitochondrial_genomic	2	1	False_Call
ENSG00000158874:ENSG00000198888	95%	100GB	positive	FusionSeeker	false_fusion:mitochondrial_genomic	2	1	False_Call
ENSG00000158874:ENSG00000198888	95%	100GB	positive	LongGF	false_fusion	2	1	False_Call
ENSG00000158874:ENSG00000211459	90%	100GB	negative	FusionSeeker	false_fusion:mitochondrial_genomic	4	1	False_Call
ENSG00000158874:ENSG00000211459	95%	100GB	positive	FusionSeeker	false_fusion:mitochondrial_genomic	3	1	False_Call
ENSG00000158987:ENSG00000145901	85%	100GB	positive	FusionSeeker	reverse_order: intra_chromosome	175	1	Partial_Recall
ENSG00000158987:ENSG00000145901	85%	10GB	positive	FusionSeeker	reverse_order: intra_chromosome	2	1	Partial_Recall
ENSG00000158987:ENSG00000145901	90%	100GB	positive	FusionSeeker	reverse_order: intra_chromosome	150	1	Partial_Recall
ENSG00000158987:ENSG00000145901	90%	10GB	positive	FusionSeeker	reverse_order: intra_chromosome	21	1	Partial_Recall
ENSG00000158987:ENSG00000145901	95%	100GB	positive	FusionSeeker	reverse_order: intra_chromosome	171	1	Partial_Recall
ENSG00000158987:ENSG00000145901	95%	10GB	positive	FusionSeeker	reverse_order: intra_chromosome	15	2	Partial_Recall
ENSG00000158987:ENSG00000145901	95%	10GB	positive	GFSeeker	reverse_order: intra_chromosome	3	2	Partial_Recall
ENSG00000159023:ENSG00000131469	85%	100GB	negative	FusionSeeker	false_fusion	36	1	False_Call
ENSG00000159023:ENSG00000131469	85%	100GB	positive	FusionSeeker	false_fusion	32	1	False_Call
ENSG00000159023:ENSG00000131469	85%	10GB	negative	FusionSeeker	false_fusion	3	1	False_Call
ENSG00000159023:ENSG00000131469	90%	100GB	negative	FusionSeeker	false_fusion	4	1	False_Call
ENSG00000159023:ENSG00000131469	90%	100GB	positive	FusionSeeker	false_fusion	10	1	False_Call
ENSG00000159111:ENSG00000173812	90%	100GB	positive	LongGF	false_fusion	2	1	False_Call
ENSG00000159147:ENSG00000241837	85%	100GB	positive	LongGF	false_fusion	2	1	False_Call
ENSG00000159147:ENSG00000241837	90%	100GB	negative	LongGF	false_fusion	3	1	False_Call
ENSG00000159147:ENSG00000241837	95%	100GB	positive	LongGF	false_fusion	2	1	False_Call
ENSG00000159147:ENSG00000249209	85%	100GB	negative	FusionSeeker	false_fusion	26	1	False_Call
ENSG00000159147:ENSG00000249209	85%	100GB	positive	FusionSeeker	false_fusion	20	1	False_Call
ENSG00000159147:ENSG00000249209	85%	10GB	negative	FusionSeeker	false_fusion	5	1	False_Call
ENSG00000159147:ENSG00000249209	85%	10GB	positive	FusionSeeker	false_fusion	2	1	False_Call
ENSG00000159147:ENSG00000249209	90%	100GB	negative	FusionSeeker	false_fusion	34	1	False_Call
ENSG00000159147:ENSG00000249209	90%	100GB	positive	FusionSeeker	false_fusion	27	1	False_Call
ENSG00000159147:ENSG00000249209	90%	10GB	negative	FusionSeeker	false_fusion	4	1	False_Call
ENSG00000159147:ENSG00000249209	95%	100GB	negative	FusionSeeker	false_fusion	46	1	False_Call
ENSG00000159147:ENSG00000249209	95%	100GB	positive	FusionSeeker	false_fusion	41	1	False_Call
ENSG00000159147:ENSG00000249209	95%	10GB	negative	FusionSeeker	false_fusion	4	1	False_Call
ENSG00000159147:ENSG00000249209	95%	10GB	positive	FusionSeeker	false_fusion	5	1	False_Call
ENSG00000159176:ENSG00000117758	85%	10GB	positive	GFSeeker	reverse_order: intra_chromosome	2	1	Partial_Recall
ENSG00000159176:ENSG00000117758	90%	10GB	positive	GFSeeker	reverse_order: intra_chromosome	2	1	Partial_Recall
ENSG00000159256:ENSG00000224924	85%	100GB	positive	JAFFAL	intra_chromosome	13	1	True_Recall
ENSG00000159256:ENSG00000224924	90%	100GB	positive	CTAT-LR-Fusion	intra_chromosome	16	2	True_Recall
ENSG00000159256:ENSG00000224924	90%	100GB	positive	JAFFAL	intra_chromosome	23	2	True_Recall
ENSG00000159256:ENSG00000224924	90%	10GB	positive	CTAT-LR-Fusion	intra_chromosome	3	2	True_Recall
ENSG00000159256:ENSG00000224924	90%	10GB	positive	JAFFAL	intra_chromosome	3	2	True_Recall
ENSG00000159256:ENSG00000224924	95%	100GB	positive	CTAT-LR-Fusion	intra_chromosome	17	2	True_Recall
ENSG00000159256:ENSG00000224924	95%	100GB	positive	JAFFAL	intra_chromosome	30	2	True_Recall
ENSG00000159256:ENSG00000224924	95%	10GB	positive	CTAT-LR-Fusion	intra_chromosome	2	2	True_Recall
ENSG00000159256:ENSG00000224924	95%	10GB	positive	JAFFAL	intra_chromosome	3	2	True_Recall
ENSG00000159377:ENSG00000101255	95%	10GB	positive	GFSeeker	false_fusion	2	1	False_Call
ENSG00000159753:ENSG00000102977	85%	100GB	positive	FusionSeeker	false_fusion	18	1	False_Call
ENSG00000159753:ENSG00000102977	90%	100GB	positive	FusionSeeker	false_fusion	29	1	False_Call
ENSG00000159753:ENSG00000102977	90%	10GB	positive	FusionSeeker	false_fusion	6	1	False_Call
ENSG00000159753:ENSG00000102977	95%	100GB	positive	FusionSeeker	false_fusion	37	1	False_Call
ENSG00000159753:ENSG00000102977	95%	10GB	positive	FusionSeeker	false_fusion	5	1	False_Call
ENSG00000159753:ENSG00000242366	85%	100GB	positive	FusionSeeker	false_fusion	17	1	False_Call
ENSG00000159753:ENSG00000242366	90%	100GB	positive	FusionSeeker	false_fusion	28	1	False_Call
ENSG00000159753:ENSG00000242366	90%	10GB	positive	FusionSeeker	false_fusion	6	1	False_Call
ENSG00000159753:ENSG00000242366	95%	100GB	positive	FusionSeeker	false_fusion	34	1	False_Call
ENSG00000159753:ENSG00000242366	95%	10GB	positive	FusionSeeker	false_fusion	5	1	False_Call
ENSG00000159753:ENSG00000286066	95%	100GB	positive	FusionSeeker	false_fusion	10	1	False_Call
ENSG00000159753:ENSG00000286066	95%	10GB	positive	FusionSeeker	false_fusion	2	1	False_Call
ENSG00000160712:ENSG00000099341	85%	100GB	negative	FusionSeeker	false_fusion	2	1	False_Call
ENSG00000160752:ENSG00000254979	90%	100GB	positive	FusionSeeker	reverse_order:truncated_tri_fusion	2	1	Partial_Recall
ENSG00000160752:ENSG00000254979	95%	100GB	positive	FusionSeeker	reverse_order:truncated_tri_fusion	16	1	Partial_Recall
ENSG00000160752:ENSG00000285329	90%	100GB	positive	FusionSeeker	false_fusion	5	1	False_Call
ENSG00000160752:ENSG00000285329	95%	100GB	positive	FusionSeeker	false_fusion	11	1	False_Call
ENSG00000160766:ENSG00000177628	85%	100GB	positive	JAFFAL	false_fusion	3	1	False_Call
ENSG00000160766:ENSG00000177628	95%	100GB	positive	JAFFAL	false_fusion	2	1	False_Call
ENSG00000160783:ENSG00000242252	85%	100GB	positive	Genion	false_fusion	2	1	False_Call
ENSG00000161016:ENSG00000084070	85%	10GB	positive	GFSeeker	false_fusion	2	1	False_Call
ENSG00000161016:ENSG00000102309	90%	100GB	positive	FusionSeeker	false_fusion	2	1	False_Call
ENSG00000161016:ENSG00000175899	95%	100GB	negative	LongGF	false_fusion	2	1	False_Call
ENSG00000161016:ENSG00000197249	95%	100GB	negative	JAFFAL	false_fusion	2	1	False_Call
ENSG00000161016:ENSG00000198804	95%	100GB	positive	FusionSeeker	false_fusion:mitochondrial_genomic	2	1	False_Call
ENSG00000161016:ENSG00000198804	95%	100GB	positive	LongGF	false_fusion	2	1	False_Call
ENSG00000161016:ENSG00000210082	95%	100GB	positive	FusionSeeker	false_fusion:mitochondrial_genomic	2	1	False_Call
ENSG00000161016:ENSG00000211459	95%	100GB	positive	FusionSeeker	false_fusion:mitochondrial_genomic	2	1	False_Call
ENSG00000161082:ENSG00000104907	85%	100GB	positive	FusionSeeker	false_fusion	72	1	False_Call
ENSG00000161082:ENSG00000104907	85%	10GB	positive	FusionSeeker	false_fusion	16	1	False_Call
ENSG00000161082:ENSG00000104907	90%	100GB	positive	FusionSeeker	false_fusion	76	1	False_Call
ENSG00000161082:ENSG00000104907	90%	10GB	positive	FusionSeeker	false_fusion	5	1	False_Call
ENSG00000161082:ENSG00000104907	95%	100GB	positive	FusionSeeker	false_fusion	100	1	False_Call
ENSG00000161082:ENSG00000104907	95%	10GB	positive	FusionSeeker	false_fusion	9	1	False_Call
ENSG00000161082:ENSG00000231093	95%	100GB	positive	FusionSeeker	false_fusion	2	1	False_Call
ENSG00000161082:ENSG00000267448	90%	100GB	positive	FusionSeeker	false_fusion:Sense-Antisense	2	1	False_Call
ENSG00000161082:ENSG00000267448	95%	100GB	positive	FusionSeeker	false_fusion:Sense-Antisense	12	1	False_Call
ENSG00000161091:ENSG00000171863	85%	100GB	negative	FusionSeeker	false_fusion	49	1	False_Call
ENSG00000161091:ENSG00000171863	85%	100GB	positive	FusionSeeker	false_fusion	39	1	False_Call
ENSG00000161091:ENSG00000171863	85%	10GB	negative	FusionSeeker	false_fusion	5	1	False_Call
ENSG00000161091:ENSG00000171863	85%	10GB	positive	FusionSeeker	false_fusion	5	1	False_Call
ENSG00000161091:ENSG00000171863	90%	100GB	negative	FusionSeeker	false_fusion	49	1	False_Call
ENSG00000161091:ENSG00000171863	90%	100GB	positive	FusionSeeker	false_fusion	50	1	False_Call
ENSG00000161091:ENSG00000171863	90%	10GB	positive	FusionSeeker	false_fusion	4	1	False_Call
ENSG00000161091:ENSG00000171863	95%	100GB	negative	FusionSeeker	false_fusion	6	1	False_Call
ENSG00000161091:ENSG00000171863	95%	100GB	positive	FusionSeeker	false_fusion	4	1	False_Call
ENSG00000161513:ENSG00000172782	85%	100GB	positive	FusionSeeker	read_through	101	2	True_Recall
ENSG00000161513:ENSG00000172782	85%	100GB	positive	Genion	read_through	21	2	True_Recall
ENSG00000161513:ENSG00000172782	90%	100GB	positive	FusionSeeker	read_through	128	2	True_Recall
ENSG00000161513:ENSG00000172782	90%	100GB	positive	Genion	read_through	27	2	True_Recall
ENSG00000161513:ENSG00000172782	95%	100GB	positive	FusionSeeker	read_through	132	2	True_Recall
ENSG00000161513:ENSG00000172782	95%	100GB	positive	Genion	read_through	37	2	True_Recall
ENSG00000161513:ENSG00000172782	95%	10GB	positive	CTAT-LR-Fusion	read_through	5	3	True_Recall
ENSG00000161513:ENSG00000172782	95%	10GB	positive	FusionSeeker	read_through	19	3	True_Recall
ENSG00000161513:ENSG00000172782	95%	10GB	positive	GFSeeker	read_through	7	3	True_Recall
ENSG00000161640:ENSG00000213024	85%	100GB	positive	Genion	false_fusion	2	1	False_Call
ENSG00000161640:ENSG00000213024	90%	100GB	positive	Genion	false_fusion	3	1	False_Call
ENSG00000161920:ENSG00000186566	95%	10GB	positive	GFSeeker	reverse_order: intra_chromosome	5	1	Partial_Recall
ENSG00000161970:ENSG00000184619	85%	100GB	positive	Genion	false_fusion	6	1	False_Call
ENSG00000161970:ENSG00000184619	90%	100GB	negative	Genion	false_fusion	4	1	False_Call
ENSG00000162066:ENSG00000185883	85%	100GB	negative	Genion	false_fusion	6	1	False_Call
ENSG00000162066:ENSG00000185883	85%	100GB	positive	Genion	false_fusion	2	1	False_Call
ENSG00000162066:ENSG00000185883	90%	100GB	negative	Genion	false_fusion	5	1	False_Call
ENSG00000162066:ENSG00000185883	90%	100GB	positive	Genion	false_fusion	2	1	False_Call
ENSG00000162244:ENSG00000066923	85%	100GB	negative	FusionSeeker	false_fusion	4	1	False_Call
ENSG00000162244:ENSG00000066923	85%	100GB	positive	FusionSeeker	false_fusion	3	1	False_Call
ENSG00000162244:ENSG00000196376	85%	100GB	negative	FusionSeeker	false_fusion	3	1	False_Call
ENSG00000162244:ENSG00000196376	90%	100GB	negative	FusionSeeker	false_fusion	3	1	False_Call
ENSG00000162244:ENSG00000196376	95%	100GB	negative	FusionSeeker	false_fusion	2	1	False_Call
ENSG00000162244:ENSG00000197099	95%	100GB	positive	FusionSeeker	false_fusion	2	1	False_Call
ENSG00000162244:ENSG00000210082	90%	100GB	positive	FusionSeeker	false_fusion:mitochondrial_genomic	3	1	False_Call
ENSG00000162302:ENSG00000137707	85%	100GB	positive	CTAT-LR-Fusion	truncated_tri_fusion	11	3	Partial_Recall
ENSG00000162302:ENSG00000137707	85%	100GB	positive	FusionSeeker	truncated_tri_fusion	50	3	Partial_Recall
ENSG00000162302:ENSG00000137707	85%	100GB	positive	JAFFAL	truncated_tri_fusion	22	3	Partial_Recall
ENSG00000162302:ENSG00000137707	85%	10GB	positive	CTAT-LR-Fusion	truncated_tri_fusion	3	4	Partial_Recall
ENSG00000162302:ENSG00000137707	85%	10GB	positive	FusionSeeker	truncated_tri_fusion	7	4	Partial_Recall
ENSG00000162302:ENSG00000137707	85%	10GB	positive	GFSeeker	truncated_tri_fusion	4	4	Partial_Recall
ENSG00000162302:ENSG00000137707	85%	10GB	positive	JAFFAL	truncated_tri_fusion	4	4	Partial_Recall
ENSG00000162302:ENSG00000137707	90%	100GB	positive	FusionSeeker	truncated_tri_fusion	55	2	Partial_Recall
ENSG00000162302:ENSG00000137707	90%	100GB	positive	JAFFAL	truncated_tri_fusion	23	2	Partial_Recall
ENSG00000162302:ENSG00000137707	90%	10GB	positive	FusionSeeker	truncated_tri_fusion	6	2	Partial_Recall
ENSG00000162302:ENSG00000137707	90%	10GB	positive	JAFFAL	truncated_tri_fusion	2	2	Partial_Recall
ENSG00000162302:ENSG00000137707	95%	100GB	positive	FusionSeeker	truncated_tri_fusion	99	2	Partial_Recall
ENSG00000162302:ENSG00000137707	95%	100GB	positive	JAFFAL	truncated_tri_fusion	36	2	Partial_Recall
ENSG00000162302:ENSG00000137707	95%	10GB	positive	FusionSeeker	truncated_tri_fusion	12	2	Partial_Recall
ENSG00000162302:ENSG00000137707	95%	10GB	positive	JAFFAL	truncated_tri_fusion	3	2	Partial_Recall
ENSG00000162302:ENSG00000196549	85%	100GB	positive	FusionSeeker	reverse_order:truncated_tri_fusion	17	2	Partial_Recall
ENSG00000162302:ENSG00000196549	85%	100GB	positive	LongGF	reverse_order:truncated_tri_fusion	12	2	Partial_Recall
ENSG00000162302:ENSG00000196549	90%	100GB	positive	FusionSeeker	reverse_order:truncated_tri_fusion	25	3	Partial_Recall
ENSG00000162302:ENSG00000196549	90%	100GB	positive	Genion	reverse_order:truncated_tri_fusion	15	3	Partial_Recall
ENSG00000162302:ENSG00000196549	90%	100GB	positive	LongGF	reverse_order:truncated_tri_fusion	20	3	Partial_Recall
ENSG00000162302:ENSG00000196549	90%	10GB	positive	FusionSeeker	reverse_order:truncated_tri_fusion	2	2	Partial_Recall
ENSG00000162302:ENSG00000196549	90%	10GB	positive	LongGF	reverse_order:truncated_tri_fusion	2	2	Partial_Recall
ENSG00000162302:ENSG00000196549	95%	100GB	positive	FusionSeeker	reverse_order:truncated_tri_fusion	41	3	Partial_Recall
ENSG00000162302:ENSG00000196549	95%	100GB	positive	Genion	reverse_order:truncated_tri_fusion	23	3	Partial_Recall
ENSG00000162302:ENSG00000196549	95%	100GB	positive	LongGF	reverse_order:truncated_tri_fusion	35	3	Partial_Recall
ENSG00000162302:ENSG00000196549	95%	10GB	positive	FusionSeeker	reverse_order:truncated_tri_fusion	5	2	Partial_Recall
ENSG00000162302:ENSG00000196549	95%	10GB	positive	LongGF	reverse_order:truncated_tri_fusion	4	2	Partial_Recall
ENSG00000162378:ENSG00000110700	85%	100GB	positive	FusionSeeker	false_fusion	4	1	False_Call
ENSG00000162378:ENSG00000210082	90%	100GB	positive	FusionSeeker	false_fusion:mitochondrial_genomic	2	1	False_Call
ENSG00000162706:ENSG00000213088	85%	100GB	negative	Genion	false_fusion	9	1	False_Call
ENSG00000162706:ENSG00000213088	90%	100GB	negative	Genion	false_fusion	9	1	False_Call
ENSG00000162706:ENSG00000213088	90%	100GB	positive	Genion	false_fusion	11	1	False_Call
ENSG00000162706:ENSG00000213088	95%	100GB	negative	Genion	false_fusion	11	1	False_Call
ENSG00000162706:ENSG00000213088	95%	100GB	positive	Genion	false_fusion	8	1	False_Call
ENSG00000162882:ENSG00000288886	85%	100GB	positive	FusionSeeker	read_through	15	1	True_Recall
ENSG00000162882:ENSG00000288886	90%	100GB	positive	FusionSeeker	read_through	46	1	True_Recall
ENSG00000162882:ENSG00000288886	90%	10GB	positive	FusionSeeker	read_through	6	1	True_Recall
ENSG00000162882:ENSG00000288886	95%	100GB	positive	FusionSeeker	read_through	68	1	True_Recall
ENSG00000162882:ENSG00000288886	95%	10GB	positive	FusionSeeker	read_through	8	1	True_Recall
ENSG00000163138:ENSG00000185774	85%	100GB	negative	FusionSeeker	false_fusion	6	1	False_Call
ENSG00000163138:ENSG00000185774	85%	100GB	positive	FusionSeeker	false_fusion	8	1	False_Call
ENSG00000163138:ENSG00000185774	90%	100GB	positive	FusionSeeker	false_fusion	2	1	False_Call
ENSG00000163209:ENSG00000102898	90%	100GB	positive	FusionSeeker	reverse_order:truncated_tri_fusion	5	1	Partial_Recall
ENSG00000163209:ENSG00000102898	95%	100GB	positive	FusionSeeker	reverse_order:truncated_tri_fusion	29	1	Partial_Recall
ENSG00000163209:ENSG00000102898	95%	10GB	positive	FusionSeeker	reverse_order:truncated_tri_fusion	5	1	Partial_Recall
ENSG00000163209:ENSG00000266954	90%	100GB	positive	FusionSeeker	false_fusion	4	1	False_Call
ENSG00000163209:ENSG00000266954	95%	100GB	positive	FusionSeeker	false_fusion	27	1	False_Call
ENSG00000163209:ENSG00000266954	95%	10GB	positive	FusionSeeker	false_fusion	4	1	False_Call
ENSG00000163399:ENSG00000156508	95%	100GB	positive	FusionSeeker	false_fusion	2	1	False_Call
ENSG00000163468:ENSG00000170412	90%	100GB	positive	FusionSeeker	false_fusion	2	2	False_Call
ENSG00000163468:ENSG00000170412	90%	100GB	positive	LongGF	false_fusion	2	2	False_Call
ENSG00000163586:ENSG00000198886	85%	100GB	positive	LongGF	false_fusion	2	1	False_Call
ENSG00000163586:ENSG00000198886	90%	100GB	positive	FusionSeeker	false_fusion:mitochondrial_genomic	2	1	False_Call
ENSG00000163586:ENSG00000204628	95%	100GB	negative	FusionSeeker	false_fusion	2	1	False_Call
ENSG00000163631:ENSG00000008988	95%	100GB	positive	FusionSeeker	false_fusion	2	2	False_Call
ENSG00000163631:ENSG00000008988	95%	100GB	positive	JAFFAL	false_fusion	2	2	False_Call
ENSG00000163631:ENSG00000075624	85%	100GB	positive	FusionSeeker	false_fusion	2	1	False_Call
ENSG00000163631:ENSG00000081051	85%	100GB	positive	FusionSeeker	false_fusion	2	1	False_Call
ENSG00000163631:ENSG00000087086	90%	100GB	negative	JAFFAL	false_fusion	3	1	False_Call
ENSG00000163631:ENSG00000087086	90%	10GB	positive	GFSeeker	false_fusion	2	1	False_Call
ENSG00000163631:ENSG00000087086	95%	100GB	negative	JAFFAL	false_fusion	2	1	False_Call
ENSG00000163631:ENSG00000089157	90%	100GB	negative	JAFFAL	false_fusion	2	1	False_Call
ENSG00000163631:ENSG00000091513	85%	100GB	negative	JAFFAL	false_fusion	2	1	False_Call
ENSG00000163631:ENSG00000091513	95%	10GB	positive	GFSeeker	false_fusion	2	1	False_Call
ENSG00000163631:ENSG00000105193	85%	100GB	negative	JAFFAL	false_fusion	2	1	False_Call
ENSG00000163631:ENSG00000105372	85%	100GB	positive	JAFFAL	false_fusion	2	1	False_Call
ENSG00000163631:ENSG00000106927	95%	100GB	positive	FusionSeeker	false_fusion	2	1	False_Call
ENSG00000163631:ENSG00000122406	95%	100GB	positive	JAFFAL	false_fusion	2	1	False_Call
ENSG00000163631:ENSG00000128272	90%	100GB	positive	JAFFAL	false_fusion	2	1	False_Call
ENSG00000163631:ENSG00000145192	85%	100GB	negative	JAFFAL	false_fusion	2	1	False_Call
ENSG00000163631:ENSG00000145425	90%	100GB	positive	FusionSeeker	false_fusion	2	1	False_Call
ENSG00000163631:ENSG00000149806	85%	100GB	negative	JAFFAL	false_fusion	2	1	False_Call
ENSG00000163631:ENSG00000156482	90%	10GB	positive	GFSeeker	false_fusion	2	1	False_Call
ENSG00000163631:ENSG00000156482	95%	100GB	positive	FusionSeeker	false_fusion	2	1	False_Call
ENSG00000163631:ENSG00000156508	85%	100GB	negative	FusionSeeker	false_fusion	10	1	False_Call
ENSG00000163631:ENSG00000156508	85%	100GB	positive	FusionSeeker	false_fusion	5	1	False_Call
ENSG00000163631:ENSG00000156508	85%	10GB	positive	GFSeeker	false_fusion	3	1	False_Call
ENSG00000163631:ENSG00000156508	90%	100GB	positive	FusionSeeker	false_fusion	6	1	False_Call
ENSG00000163631:ENSG00000156508	90%	10GB	positive	GFSeeker	false_fusion	4	1	False_Call
ENSG00000163631:ENSG00000156508	95%	100GB	positive	FusionSeeker	false_fusion	6	1	False_Call
ENSG00000163631:ENSG00000169567	85%	100GB	negative	FusionSeeker	false_fusion	2	1	False_Call
ENSG00000163631:ENSG00000170889	85%	10GB	positive	GFSeeker	false_fusion	2	1	False_Call
ENSG00000163631:ENSG00000171557	95%	100GB	negative	JAFFAL	false_fusion	2	1	False_Call
ENSG00000163631:ENSG00000175899	95%	10GB	positive	GFSeeker	false_fusion	2	1	False_Call
ENSG00000163631:ENSG00000186468	90%	100GB	positive	FusionSeeker	false_fusion	2	1	False_Call
ENSG00000163631:ENSG00000188846	95%	100GB	negative	JAFFAL	false_fusion	2	1	False_Call
ENSG00000163631:ENSG00000196136	90%	100GB	negative	JAFFAL	false_fusion	2	1	False_Call
ENSG00000163631:ENSG00000196205	85%	100GB	negative	FusionSeeker	false_fusion	2	1	False_Call
ENSG00000163631:ENSG00000196205	90%	100GB	positive	FusionSeeker	false_fusion	2	1	False_Call
ENSG00000163631:ENSG00000197249	85%	10GB	positive	GFSeeker	false_fusion	2	1	False_Call
ENSG00000163631:ENSG00000197249	90%	100GB	positive	LongGF	false_fusion	5	1	False_Call
ENSG00000163631:ENSG00000197249	90%	10GB	positive	GFSeeker	false_fusion	2	1	False_Call
ENSG00000163631:ENSG00000197756	95%	100GB	positive	JAFFAL	false_fusion	2	1	False_Call
ENSG00000163631:ENSG00000198242	95%	100GB	negative	JAFFAL	false_fusion	2	1	False_Call
ENSG00000163631:ENSG00000198712	95%	100GB	positive	FusionSeeker	false_fusion:mitochondrial_genomic	4	1	False_Call
ENSG00000163631:ENSG00000198712	95%	100GB	positive	LongGF	false_fusion	3	1	False_Call
ENSG00000163631:ENSG00000198763	90%	100GB	positive	FusionSeeker	false_fusion:mitochondrial_genomic	2	1	False_Call
ENSG00000163631:ENSG00000198840	85%	100GB	negative	FusionSeeker	false_fusion:mitochondrial_genomic	2	1	False_Call
ENSG00000163631:ENSG00000198840	90%	100GB	positive	FusionSeeker	false_fusion:mitochondrial_genomic	2	1	False_Call
ENSG00000163631:ENSG00000198886	85%	100GB	negative	FusionSeeker	false_fusion:mitochondrial_genomic	3	1	False_Call
ENSG00000163631:ENSG00000198888	95%	100GB	positive	FusionSeeker	false_fusion:mitochondrial_genomic	2	1	False_Call
ENSG00000163631:ENSG00000198899	85%	100GB	positive	FusionSeeker	false_fusion:mitochondrial_genomic	4	1	False_Call
ENSG00000163631:ENSG00000198899	85%	100GB	positive	LongGF	false_fusion	3	1	False_Call
ENSG00000163631:ENSG00000198899	90%	100GB	positive	FusionSeeker	false_fusion:mitochondrial_genomic	5	1	False_Call
ENSG00000163631:ENSG00000198938	85%	100GB	positive	FusionSeeker	false_fusion:mitochondrial_genomic	3	1	False_Call
ENSG00000163631:ENSG00000198938	85%	100GB	positive	LongGF	false_fusion	3	1	False_Call
ENSG00000163631:ENSG00000204628	85%	100GB	negative	FusionSeeker	false_fusion	3	1	False_Call
ENSG00000163631:ENSG00000204628	90%	100GB	positive	FusionSeeker	false_fusion	2	1	False_Call
ENSG00000163631:ENSG00000210082	85%	100GB	positive	FusionSeeker	false_fusion:mitochondrial_genomic	3	1	False_Call
ENSG00000163631:ENSG00000210082	90%	100GB	positive	FusionSeeker	false_fusion:mitochondrial_genomic	15	1	False_Call
ENSG00000163631:ENSG00000210082	95%	100GB	positive	FusionSeeker	false_fusion:mitochondrial_genomic	17	1	False_Call
ENSG00000163631:ENSG00000211459	85%	100GB	negative	FusionSeeker	false_fusion:mitochondrial_genomic	6	1	False_Call
ENSG00000163631:ENSG00000211459	85%	100GB	positive	FusionSeeker	false_fusion:mitochondrial_genomic	2	1	False_Call
ENSG00000163631:ENSG00000211459	90%	100GB	positive	FusionSeeker	false_fusion:mitochondrial_genomic	16	1	False_Call
ENSG00000163631:ENSG00000211459	95%	100GB	positive	FusionSeeker	false_fusion:mitochondrial_genomic	2	1	False_Call
ENSG00000163631:ENSG00000213719	85%	100GB	positive	FusionSeeker	false_fusion	2	1	False_Call
ENSG00000163631:ENSG00000243678	95%	100GB	negative	JAFFAL	false_fusion	2	1	False_Call
ENSG00000163682:ENSG00000184831	85%	100GB	positive	FusionSeeker	false_fusion	4	1	False_Call
ENSG00000163694:ENSG00000137251	85%	100GB	positive	FusionSeeker	false_fusion	12	1	False_Call
ENSG00000163694:ENSG00000137251	90%	100GB	positive	FusionSeeker	false_fusion	11	1	False_Call
ENSG00000163694:ENSG00000137251	90%	10GB	positive	FusionSeeker	false_fusion	3	1	False_Call
ENSG00000163694:ENSG00000137251	95%	100GB	positive	FusionSeeker	false_fusion	13	1	False_Call
ENSG00000163694:ENSG00000137251	95%	10GB	positive	FusionSeeker	false_fusion	2	1	False_Call
ENSG00000163710:ENSG00000161016	85%	100GB	negative	FusionSeeker	false_fusion	2	1	False_Call
ENSG00000163749:ENSG00000151322	90%	100GB	positive	JAFFAL	false_fusion	8	1	False_Call
ENSG00000163749:ENSG00000151322	90%	10GB	positive	JAFFAL	false_fusion	2	1	False_Call
ENSG00000163749:ENSG00000151322	95%	100GB	positive	JAFFAL	false_fusion	6	1	False_Call
ENSG00000163749:ENSG00000151322	95%	10GB	positive	JAFFAL	false_fusion	2	1	False_Call
ENSG00000163913:ENSG00000274532	90%	100GB	positive	Genion	false_fusion	7	1	False_Call
ENSG00000163913:ENSG00000274532	95%	100GB	positive	Genion	false_fusion	10	1	False_Call
ENSG00000163913:ENSG00000274814	90%	100GB	positive	Genion	hybrid	6	1	True_Recall
ENSG00000163913:ENSG00000274814	95%	100GB	positive	CTAT-LR-Fusion	hybrid	11	2	True_Recall
ENSG00000163913:ENSG00000274814	95%	100GB	positive	Genion	hybrid	9	2	True_Recall
ENSG00000163930:ENSG00000010318	90%	10GB	positive	GFSeeker	read_through	3	1	True_Recall
ENSG00000163930:ENSG00000128510	85%	100GB	positive	FusionSeeker	reverse_order:truncated_tri_fusion	34	1	Partial_Recall
ENSG00000163930:ENSG00000128510	85%	10GB	positive	FusionSeeker	reverse_order:truncated_tri_fusion	2	1	Partial_Recall
ENSG00000163930:ENSG00000128510	90%	100GB	positive	FusionSeeker	reverse_order:truncated_tri_fusion	35	1	Partial_Recall
ENSG00000163930:ENSG00000128510	90%	10GB	positive	FusionSeeker	reverse_order:truncated_tri_fusion	8	1	Partial_Recall
ENSG00000163930:ENSG00000128510	95%	100GB	positive	FusionSeeker	reverse_order:truncated_tri_fusion	88	1	Partial_Recall
ENSG00000163930:ENSG00000128510	95%	10GB	positive	FusionSeeker	reverse_order:truncated_tri_fusion	3	1	Partial_Recall
ENSG00000163931:ENSG00000231500	95%	100GB	negative	FusionSeeker	false_fusion	2	1	False_Call
ENSG00000163993:ENSG00000163631	90%	100GB	positive	FusionSeeker	false_fusion	2	1	False_Call
ENSG00000163993:ENSG00000211459	85%	100GB	negative	FusionSeeker	false_fusion:mitochondrial_genomic	2	1	False_Call
ENSG00000164010:ENSG00000274386	85%	100GB	negative	Genion	false_fusion	10	1	False_Call
ENSG00000164010:ENSG00000274386	90%	100GB	negative	Genion	false_fusion	8	1	False_Call
ENSG00000164010:ENSG00000274386	90%	100GB	positive	Genion	false_fusion	14	1	False_Call
ENSG00000164011:ENSG00000095066	85%	100GB	positive	FusionSeeker	false_fusion	27	1	False_Call
ENSG00000164011:ENSG00000095066	85%	10GB	positive	FusionSeeker	false_fusion	2	1	False_Call
ENSG00000164011:ENSG00000095066	90%	100GB	positive	FusionSeeker	false_fusion	24	1	False_Call
ENSG00000164011:ENSG00000095066	90%	10GB	positive	FusionSeeker	false_fusion	2	1	False_Call
ENSG00000164011:ENSG00000095066	95%	100GB	positive	FusionSeeker	false_fusion	12	1	False_Call
ENSG00000164011:ENSG00000095066	95%	10GB	positive	FusionSeeker	false_fusion	2	1	False_Call
ENSG00000164011:ENSG00000105613	85%	100GB	positive	FusionSeeker	reverse_order: hybrid	9	1	Partial_Recall
ENSG00000164011:ENSG00000105613	90%	100GB	positive	FusionSeeker	reverse_order: hybrid	17	1	Partial_Recall
ENSG00000164011:ENSG00000105613	95%	100GB	positive	FusionSeeker	reverse_order: hybrid	22	1	Partial_Recall
ENSG00000164011:ENSG00000105613	95%	10GB	positive	FusionSeeker	reverse_order: hybrid	2	1	Partial_Recall
ENSG00000164118:ENSG00000164117	90%	10GB	positive	GFSeeker	reverse_order: read_through	2	1	Partial_Recall
ENSG00000164118:ENSG00000164117	95%	10GB	positive	GFSeeker	reverse_order: read_through	3	1	Partial_Recall
ENSG00000164162:ENSG00000285783	85%	100GB	negative	CTAT-LR-Fusion	false_fusion	17	1	False_Call
ENSG00000164162:ENSG00000285783	85%	100GB	positive	CTAT-LR-Fusion	false_fusion	20	1	False_Call
ENSG00000164162:ENSG00000285783	85%	10GB	positive	CTAT-LR-Fusion	false_fusion	3	1	False_Call
ENSG00000164162:ENSG00000285783	90%	100GB	negative	CTAT-LR-Fusion	false_fusion	23	1	False_Call
ENSG00000164162:ENSG00000285783	90%	100GB	positive	CTAT-LR-Fusion	false_fusion	32	1	False_Call
ENSG00000164162:ENSG00000285783	90%	10GB	positive	CTAT-LR-Fusion	false_fusion	4	1	False_Call
ENSG00000164162:ENSG00000285783	95%	100GB	negative	CTAT-LR-Fusion	false_fusion	32	1	False_Call
ENSG00000164162:ENSG00000285783	95%	100GB	positive	CTAT-LR-Fusion	false_fusion	38	1	False_Call
ENSG00000164162:ENSG00000285783	95%	10GB	positive	CTAT-LR-Fusion	false_fusion	5	1	False_Call
ENSG00000164211:ENSG00000246859	85%	100GB	positive	FusionSeeker	false_fusion	2	1	False_Call
ENSG00000164211:ENSG00000246859	90%	100GB	negative	FusionSeeker	false_fusion	2	1	False_Call
ENSG00000164211:ENSG00000246859	90%	100GB	positive	FusionSeeker	false_fusion	2	1	False_Call
ENSG00000164253:ENSG00000147604	85%	100GB	negative	FusionSeeker	false_fusion	3	1	False_Call
ENSG00000164253:ENSG00000147604	90%	100GB	positive	FusionSeeker	false_fusion	5	1	False_Call
ENSG00000164379:ENSG00000210082	90%	100GB	positive	FusionSeeker	false_fusion:mitochondrial_genomic	2	1	False_Call
ENSG00000164627:ENSG00000095981	85%	10GB	positive	GFSeeker	reverse_order: read_through	4	1	Partial_Recall
ENSG00000164627:ENSG00000095981	90%	10GB	positive	GFSeeker	reverse_order: read_through	3	1	Partial_Recall
ENSG00000164627:ENSG00000095981	95%	10GB	positive	GFSeeker	reverse_order: read_through	3	1	Partial_Recall
ENSG00000164733:ENSG00000228373	85%	100GB	positive	FusionSeeker	reverse_order: hybrid	39	2	Partial_Recall
ENSG00000164733:ENSG00000228373	85%	100GB	positive	Genion	reverse_order: hybrid	11	2	Partial_Recall
ENSG00000164733:ENSG00000228373	85%	10GB	positive	FusionSeeker	reverse_order: hybrid	2	1	Partial_Recall
ENSG00000164733:ENSG00000228373	90%	100GB	positive	FusionSeeker	reverse_order: hybrid	38	2	Partial_Recall
ENSG00000164733:ENSG00000228373	90%	100GB	positive	Genion	reverse_order: hybrid	15	2	Partial_Recall
ENSG00000164733:ENSG00000228373	90%	10GB	positive	FusionSeeker	reverse_order: hybrid	3	1	Partial_Recall
ENSG00000164733:ENSG00000228373	95%	100GB	positive	FusionSeeker	reverse_order: hybrid	22	2	Partial_Recall
ENSG00000164733:ENSG00000228373	95%	100GB	positive	Genion	reverse_order: hybrid	10	2	Partial_Recall
ENSG00000164733:ENSG00000228373	95%	10GB	positive	FusionSeeker	reverse_order: hybrid	3	1	Partial_Recall
ENSG00000164756:ENSG00000081985	85%	100GB	positive	CTAT-LR-Fusion	truncated_tri_fusion	16	2	Partial_Recall
ENSG00000164756:ENSG00000081985	85%	100GB	positive	JAFFAL	truncated_tri_fusion	2	2	Partial_Recall
ENSG00000164756:ENSG00000081985	85%	10GB	positive	CTAT-LR-Fusion	truncated_tri_fusion	2	2	Partial_Recall
ENSG00000164756:ENSG00000081985	85%	10GB	positive	GFSeeker	truncated_tri_fusion	2	2	Partial_Recall
ENSG00000164756:ENSG00000081985	90%	100GB	positive	CTAT-LR-Fusion	truncated_tri_fusion	20	1	Partial_Recall
ENSG00000164756:ENSG00000081985	90%	10GB	positive	CTAT-LR-Fusion	truncated_tri_fusion	3	1	Partial_Recall
ENSG00000164756:ENSG00000081985	95%	100GB	positive	CTAT-LR-Fusion	truncated_tri_fusion	25	1	Partial_Recall
ENSG00000164756:ENSG00000081985:ENSG00000184619	85%	100GB	positive	JAFFAL	tri_fusion	4	1	True_Recall
ENSG00000164924:ENSG00000066557	95%	10GB	positive	GFSeeker	truncated_tri_fusion	2	1	Partial_Recall
ENSG00000164924:ENSG00000147044	85%	100GB	positive	FusionSeeker	false_fusion	2	1	False_Call
ENSG00000164924:ENSG00000242315	90%	100GB	positive	FusionSeeker	read_through	4	1	True_Recall
ENSG00000164924:ENSG00000242315	95%	100GB	positive	CTAT-LR-Fusion	read_through	26	3	True_Recall
ENSG00000164924:ENSG00000242315	95%	100GB	positive	FusionSeeker	read_through	158	3	True_Recall
ENSG00000164924:ENSG00000242315	95%	100GB	positive	Genion	read_through	40	3	True_Recall
ENSG00000164924:ENSG00000242315	95%	10GB	positive	CTAT-LR-Fusion	read_through	2	3	True_Recall
ENSG00000164924:ENSG00000242315	95%	10GB	positive	FusionSeeker	read_through	17	3	True_Recall
ENSG00000164924:ENSG00000242315	95%	10GB	positive	Genion	read_through	5	3	True_Recall
ENSG00000165046:ENSG00000272159	90%	100GB	positive	CTAT-LR-Fusion	read_through	14	1	True_Recall
ENSG00000165046:ENSG00000272159	95%	100GB	positive	CTAT-LR-Fusion	read_through	21	1	True_Recall
ENSG00000165046:ENSG00000272159	95%	10GB	positive	CTAT-LR-Fusion	read_through	2	1	True_Recall
ENSG00000165060:ENSG00000270236	90%	100GB	positive	Genion	read_through	6	1	True_Recall
ENSG00000165060:ENSG00000270236	95%	100GB	positive	Genion	read_through	16	1	True_Recall
ENSG00000165060:ENSG00000270236	95%	10GB	positive	Genion	read_through	5	1	True_Recall
ENSG00000165060:ENSG00000285130	90%	100GB	positive	JAFFAL	false_fusion	3	1	False_Call
ENSG00000165060:ENSG00000285130	95%	100GB	positive	JAFFAL	false_fusion	19	1	False_Call
ENSG00000165060:ENSG00000285130	95%	10GB	positive	JAFFAL	false_fusion	5	1	False_Call
ENSG00000165383:ENSG00000011275	90%	10GB	positive	GFSeeker	reverse_order:truncated_tri_fusion	5	1	Partial_Recall
ENSG00000165383:ENSG00000247572	85%	100GB	positive	CTAT-LR-Fusion	truncated_tri_fusion	19	1	Partial_Recall
ENSG00000165383:ENSG00000247572	85%	10GB	positive	CTAT-LR-Fusion	truncated_tri_fusion	3	1	Partial_Recall
ENSG00000165383:ENSG00000247572	90%	100GB	positive	CTAT-LR-Fusion	truncated_tri_fusion	18	1	Partial_Recall
ENSG00000165383:ENSG00000247572	90%	10GB	positive	CTAT-LR-Fusion	truncated_tri_fusion	5	1	Partial_Recall
ENSG00000165383:ENSG00000247572	95%	100GB	positive	CTAT-LR-Fusion	truncated_tri_fusion	18	1	Partial_Recall
ENSG00000165383:ENSG00000247572	95%	10GB	positive	CTAT-LR-Fusion	truncated_tri_fusion	2	1	Partial_Recall
ENSG00000165434:ENSG00000258344	85%	100GB	negative	FusionSeeker	false_fusion	2	1	False_Call
ENSG00000165434:ENSG00000258344	85%	100GB	positive	FusionSeeker	false_fusion	4	1	False_Call
ENSG00000165629:ENSG00000148655	85%	100GB	positive	FusionSeeker	reverse_order: intra_chromosome	22	1	Partial_Recall
ENSG00000165629:ENSG00000148655	85%	10GB	positive	FusionSeeker	reverse_order: intra_chromosome	4	2	Partial_Recall
ENSG00000165629:ENSG00000148655	85%	10GB	positive	GFSeeker	reverse_order: intra_chromosome	3	2	Partial_Recall
ENSG00000165629:ENSG00000148655	90%	100GB	positive	FusionSeeker	reverse_order: intra_chromosome	31	1	Partial_Recall
ENSG00000165629:ENSG00000148655	90%	10GB	positive	FusionSeeker	reverse_order: intra_chromosome	4	1	Partial_Recall
ENSG00000165629:ENSG00000148655	95%	100GB	positive	FusionSeeker	reverse_order: intra_chromosome	39	1	Partial_Recall
ENSG00000165629:ENSG00000148655	95%	10GB	positive	FusionSeeker	reverse_order: intra_chromosome	6	1	Partial_Recall
ENSG00000165632:ENSG00000167526	85%	100GB	negative	FusionSeeker	false_fusion	7	1	False_Call
ENSG00000165632:ENSG00000167526	85%	100GB	positive	FusionSeeker	false_fusion	7	1	False_Call
ENSG00000165632:ENSG00000167526	85%	10GB	positive	FusionSeeker	false_fusion	2	1	False_Call
ENSG00000165632:ENSG00000167526	90%	100GB	negative	FusionSeeker	false_fusion	9	1	False_Call
ENSG00000165632:ENSG00000167526	90%	100GB	positive	FusionSeeker	false_fusion	5	1	False_Call
ENSG00000165632:ENSG00000167526	90%	10GB	positive	FusionSeeker	false_fusion	2	1	False_Call
ENSG00000165637:ENSG00000111640	95%	100GB	positive	FusionSeeker	false_fusion	2	2	False_Call
ENSG00000165637:ENSG00000111640	95%	100GB	positive	JAFFAL	false_fusion	2	2	False_Call
ENSG00000165644:ENSG00000167900	95%	100GB	positive	FusionSeeker	reverse_order:truncated_tri_fusion	20	1	Partial_Recall
ENSG00000165644:ENSG00000229195	95%	100GB	positive	FusionSeeker	false_fusion	9	1	False_Call
ENSG00000165672:ENSG00000135250	90%	100GB	positive	FusionSeeker	false_fusion	2	1	False_Call
ENSG00000165724:ENSG00000210082	90%	100GB	positive	FusionSeeker	false_fusion:mitochondrial_genomic	2	1	False_Call
ENSG00000165806:ENSG00000114779	85%	100GB	positive	FusionSeeker	false_fusion	18	1	False_Call
ENSG00000165806:ENSG00000114779	90%	100GB	positive	FusionSeeker	false_fusion	26	1	False_Call
ENSG00000165806:ENSG00000114779	95%	100GB	positive	FusionSeeker	false_fusion	25	1	False_Call
ENSG00000165806:ENSG00000114779	95%	10GB	positive	FusionSeeker	false_fusion	3	1	False_Call
ENSG00000165806:ENSG00000260995	85%	100GB	positive	FusionSeeker	reverse_order:truncated_tri_fusion	25	1	Partial_Recall
ENSG00000165806:ENSG00000260995	85%	10GB	positive	FusionSeeker	reverse_order:truncated_tri_fusion	2	1	Partial_Recall
ENSG00000165806:ENSG00000260995	90%	100GB	positive	FusionSeeker	reverse_order:truncated_tri_fusion	36	1	Partial_Recall
ENSG00000165806:ENSG00000260995	90%	10GB	positive	FusionSeeker	reverse_order:truncated_tri_fusion	3	1	Partial_Recall
ENSG00000165806:ENSG00000260995	95%	100GB	positive	FusionSeeker	reverse_order:truncated_tri_fusion	31	1	Partial_Recall
ENSG00000165806:ENSG00000260995	95%	10GB	positive	FusionSeeker	reverse_order:truncated_tri_fusion	3	1	Partial_Recall
ENSG00000165914:ENSG00000231500	85%	100GB	negative	FusionSeeker	false_fusion	2	1	False_Call
ENSG00000166123:ENSG00000145425	95%	100GB	negative	FusionSeeker	false_fusion	2	1	False_Call
ENSG00000166145:ENSG00000171766	85%	100GB	positive	FusionSeeker	reverse_order: intra_chromosome	26	2	Partial_Recall
ENSG00000166145:ENSG00000171766	85%	100GB	positive	Genion	reverse_order: intra_chromosome	26	2	Partial_Recall
ENSG00000166145:ENSG00000171766	85%	10GB	positive	FusionSeeker	reverse_order: intra_chromosome	3	1	Partial_Recall
ENSG00000166145:ENSG00000171766	90%	100GB	positive	FusionSeeker	reverse_order: intra_chromosome	46	2	Partial_Recall
ENSG00000166145:ENSG00000171766	90%	100GB	positive	Genion	reverse_order: intra_chromosome	46	2	Partial_Recall
ENSG00000166145:ENSG00000171766	90%	10GB	positive	FusionSeeker	reverse_order: intra_chromosome	6	2	Partial_Recall
ENSG00000166145:ENSG00000171766	90%	10GB	positive	GFSeeker	reverse_order: intra_chromosome	4	2	Partial_Recall
ENSG00000166145:ENSG00000171766	95%	100GB	positive	FusionSeeker	reverse_order: intra_chromosome	37	2	Partial_Recall
ENSG00000166145:ENSG00000171766	95%	100GB	positive	Genion	reverse_order: intra_chromosome	37	2	Partial_Recall
ENSG00000166145:ENSG00000171766	95%	10GB	positive	FusionSeeker	reverse_order: intra_chromosome	2	2	Partial_Recall
ENSG00000166145:ENSG00000171766	95%	10GB	positive	GFSeeker	reverse_order: intra_chromosome	2	2	Partial_Recall
ENSG00000166224:ENSG00000259267	90%	100GB	negative	Genion	false_fusion	8	1	False_Call
ENSG00000166262:ENSG00000091513	85%	100GB	negative	FusionSeeker	false_fusion	2	1	False_Call
ENSG00000166268:ENSG00000257815	85%	100GB	negative	FusionSeeker	false_fusion	30	1	False_Call
ENSG00000166268:ENSG00000257815	85%	100GB	positive	FusionSeeker	false_fusion	15	1	False_Call
ENSG00000166268:ENSG00000257815	85%	10GB	negative	FusionSeeker	false_fusion	6	1	False_Call
ENSG00000166268:ENSG00000257815	85%	10GB	positive	FusionSeeker	false_fusion	3	1	False_Call
ENSG00000166268:ENSG00000257815	90%	100GB	negative	FusionSeeker	false_fusion	44	1	False_Call
ENSG00000166268:ENSG00000257815	90%	100GB	positive	FusionSeeker	false_fusion	45	1	False_Call
ENSG00000166268:ENSG00000257815	90%	10GB	negative	FusionSeeker	false_fusion	7	1	False_Call
ENSG00000166268:ENSG00000257815	90%	10GB	positive	FusionSeeker	false_fusion	6	1	False_Call
ENSG00000166268:ENSG00000257815	95%	100GB	negative	FusionSeeker	false_fusion	66	1	False_Call
ENSG00000166268:ENSG00000257815	95%	100GB	positive	FusionSeeker	false_fusion	54	1	False_Call
ENSG00000166268:ENSG00000257815	95%	10GB	negative	FusionSeeker	false_fusion	7	1	False_Call
ENSG00000166268:ENSG00000257815	95%	10GB	positive	FusionSeeker	false_fusion	8	1	False_Call
ENSG00000166348:ENSG00000165868	85%	100GB	positive	FusionSeeker	intra_chromosome	3	1	True_Recall
ENSG00000166348:ENSG00000165868	90%	100GB	positive	FusionSeeker	intra_chromosome	24	1	True_Recall
ENSG00000166348:ENSG00000165868	90%	10GB	positive	FusionSeeker	intra_chromosome	5	2	True_Recall
ENSG00000166348:ENSG00000165868	90%	10GB	positive	GFSeeker	intra_chromosome	2	2	True_Recall
ENSG00000166348:ENSG00000165868	95%	100GB	positive	FusionSeeker	intra_chromosome	38	1	True_Recall
ENSG00000166348:ENSG00000165868	95%	10GB	positive	CTAT-LR-Fusion	intra_chromosome	2	3	True_Recall
ENSG00000166348:ENSG00000165868	95%	10GB	positive	FusionSeeker	intra_chromosome	6	3	True_Recall
ENSG00000166348:ENSG00000165868	95%	10GB	positive	GFSeeker	intra_chromosome	4	3	True_Recall
ENSG00000166435:ENSG00000071082	85%	100GB	negative	FusionSeeker	false_fusion	13	1	False_Call
ENSG00000166435:ENSG00000071082	85%	100GB	positive	FusionSeeker	false_fusion	9	1	False_Call
ENSG00000166441:ENSG00000083845	85%	100GB	negative	FusionSeeker	false_fusion	2	1	False_Call
ENSG00000166441:ENSG00000115268	90%	100GB	positive	FusionSeeker	false_fusion	2	1	False_Call
ENSG00000166441:ENSG00000198712	90%	100GB	positive	FusionSeeker	false_fusion:mitochondrial_genomic	2	1	False_Call
ENSG00000166441:ENSG00000210082	90%	100GB	positive	FusionSeeker	false_fusion:mitochondrial_genomic	2	1	False_Call
ENSG00000166441:ENSG00000213121	85%	100GB	negative	FusionSeeker	false_fusion	35	1	False_Call
ENSG00000166441:ENSG00000213121	85%	100GB	positive	FusionSeeker	false_fusion	30	1	False_Call
ENSG00000166441:ENSG00000213121	85%	10GB	positive	FusionSeeker	false_fusion	4	1	False_Call
ENSG00000166441:ENSG00000213121	90%	100GB	negative	FusionSeeker	false_fusion	24	1	False_Call
ENSG00000166441:ENSG00000213121	90%	100GB	positive	FusionSeeker	false_fusion	19	1	False_Call
ENSG00000166441:ENSG00000213121	90%	10GB	positive	FusionSeeker	false_fusion	2	1	False_Call
ENSG00000166441:ENSG00000213121	95%	100GB	negative	FusionSeeker	false_fusion	4	1	False_Call
ENSG00000166441:ENSG00000213121	95%	100GB	positive	FusionSeeker	false_fusion	3	1	False_Call
ENSG00000166441:ENSG00000215467	85%	100GB	positive	FusionSeeker	false_fusion	4	1	False_Call
ENSG00000166441:ENSG00000233927	95%	100GB	negative	FusionSeeker	false_fusion	2	2	False_Call
ENSG00000166441:ENSG00000233927	95%	100GB	negative	LongGF	false_fusion	2	2	False_Call
ENSG00000166452:ENSG00000254860	85%	100GB	negative	Genion	false_fusion	2	1	False_Call
ENSG00000166546:ENSG00000250407	95%	100GB	positive	FusionSeeker	false_fusion	12	1	False_Call
ENSG00000166546:ENSG00000250407	95%	10GB	positive	FusionSeeker	false_fusion	2	1	False_Call
ENSG00000166747:ENSG00000145907	95%	100GB	positive	FusionSeeker	reverse_order:truncated_tri_fusion	2	1	Partial_Recall
ENSG00000166794:ENSG00000167526	90%	100GB	negative	FusionSeeker	false_fusion	2	3	False_Call
ENSG00000166794:ENSG00000167526	90%	100GB	negative	JAFFAL	false_fusion	2	3	False_Call
ENSG00000166794:ENSG00000167526	90%	100GB	negative	LongGF	false_fusion	2	3	False_Call
ENSG00000166794:ENSG00000211459	90%	100GB	negative	FusionSeeker	false_fusion:mitochondrial_genomic	2	1	False_Call
ENSG00000166851:ENSG00000091651	85%	100GB	positive	FusionSeeker	truncated_tri_fusion	17	1	Partial_Recall
ENSG00000166851:ENSG00000091651	90%	100GB	positive	FusionSeeker	truncated_tri_fusion	23	1	Partial_Recall
ENSG00000166851:ENSG00000091651	90%	10GB	positive	FusionSeeker	truncated_tri_fusion	3	1	Partial_Recall
ENSG00000166851:ENSG00000091651	95%	100GB	positive	FusionSeeker	truncated_tri_fusion	23	1	Partial_Recall
ENSG00000166851:ENSG00000091651	95%	10GB	positive	FusionSeeker	truncated_tri_fusion	4	1	Partial_Recall
ENSG00000166851:ENSG00000169814	85%	100GB	positive	FusionSeeker	false_fusion	24	1	False_Call
ENSG00000166851:ENSG00000169814	90%	100GB	positive	FusionSeeker	false_fusion	34	1	False_Call
ENSG00000166851:ENSG00000169814	90%	10GB	positive	FusionSeeker	false_fusion	5	1	False_Call
ENSG00000166851:ENSG00000169814	95%	100GB	positive	FusionSeeker	false_fusion	30	1	False_Call
ENSG00000166851:ENSG00000169814	95%	10GB	positive	FusionSeeker	false_fusion	4	1	False_Call
ENSG00000166851:ENSG00000206560	85%	100GB	positive	CTAT-LR-Fusion	truncated_tri_fusion	17	2	Partial_Recall
ENSG00000166851:ENSG00000206560	85%	100GB	positive	LongGF	truncated_tri_fusion	20	2	Partial_Recall
ENSG00000166851:ENSG00000206560	90%	100GB	positive	CTAT-LR-Fusion	truncated_tri_fusion	24	2	Partial_Recall
ENSG00000166851:ENSG00000206560	90%	100GB	positive	LongGF	truncated_tri_fusion	30	2	Partial_Recall
ENSG00000166851:ENSG00000206560	90%	10GB	positive	CTAT-LR-Fusion	truncated_tri_fusion	3	2	Partial_Recall
ENSG00000166851:ENSG00000206560	90%	10GB	positive	LongGF	truncated_tri_fusion	5	2	Partial_Recall
ENSG00000166851:ENSG00000206560	95%	100GB	positive	CTAT-LR-Fusion	truncated_tri_fusion	22	2	Partial_Recall
ENSG00000166851:ENSG00000206560	95%	100GB	positive	LongGF	truncated_tri_fusion	30	2	Partial_Recall
ENSG00000166851:ENSG00000206560	95%	10GB	positive	CTAT-LR-Fusion	truncated_tri_fusion	4	2	Partial_Recall
ENSG00000166851:ENSG00000206560	95%	10GB	positive	LongGF	truncated_tri_fusion	4	2	Partial_Recall
ENSG00000166897:ENSG00000237862	90%	100GB	positive	Genion	false_fusion	2	1	False_Call
ENSG00000166997:ENSG00000188186	90%	100GB	positive	Genion	false_fusion	2	1	False_Call
ENSG00000167110:ENSG00000226138	90%	100GB	positive	Genion	reverse_order: hybrid	24	1	Partial_Recall
ENSG00000167110:ENSG00000226138	95%	100GB	positive	Genion	reverse_order: hybrid	38	1	Partial_Recall
ENSG00000167207:ENSG00000090565	85%	10GB	positive	GFSeeker	reverse_order: intra_chromosome	2	1	Partial_Recall
ENSG00000167207:ENSG00000090565	95%	10GB	positive	GFSeeker	reverse_order: intra_chromosome	3	1	Partial_Recall
ENSG00000167244:ENSG00000254647	85%	100GB	positive	Genion	false_fusion	2	1	False_Call
ENSG00000167257:ENSG00000081692	85%	100GB	positive	JAFFAL	hybrid	10	1	True_Recall
ENSG00000167257:ENSG00000081692	90%	100GB	positive	CTAT-LR-Fusion	hybrid	25	2	True_Recall
ENSG00000167257:ENSG00000081692	90%	100GB	positive	JAFFAL	hybrid	25	2	True_Recall
ENSG00000167257:ENSG00000081692	90%	10GB	positive	CTAT-LR-Fusion	hybrid	3	2	True_Recall
ENSG00000167257:ENSG00000081692	90%	10GB	positive	JAFFAL	hybrid	3	2	True_Recall
ENSG00000167257:ENSG00000081692	95%	100GB	positive	CTAT-LR-Fusion	hybrid	25	2	True_Recall
ENSG00000167257:ENSG00000081692	95%	100GB	positive	JAFFAL	hybrid	26	2	True_Recall
ENSG00000167257:ENSG00000081692	95%	10GB	positive	CTAT-LR-Fusion	hybrid	5	2	True_Recall
ENSG00000167257:ENSG00000081692	95%	10GB	positive	JAFFAL	hybrid	6	2	True_Recall
ENSG00000167258:ENSG00000188199	85%	100GB	positive	LongGF	false_fusion	3	1	False_Call
ENSG00000167258:ENSG00000188199	90%	100GB	positive	LongGF	false_fusion	18	1	False_Call
ENSG00000167258:ENSG00000188199	90%	10GB	positive	LongGF	false_fusion	2	1	False_Call
ENSG00000167258:ENSG00000188199	95%	100GB	positive	LongGF	false_fusion	20	1	False_Call
ENSG00000167258:ENSG00000228570	85%	100GB	positive	LongGF	reverse_order: hybrid	2	1	Partial_Recall
ENSG00000167258:ENSG00000228570	90%	100GB	positive	LongGF	reverse_order: hybrid	17	1	Partial_Recall
ENSG00000167258:ENSG00000228570	95%	100GB	positive	LongGF	reverse_order: hybrid	14	1	Partial_Recall
ENSG00000167258:ENSG00000228570	95%	10GB	positive	LongGF	reverse_order: hybrid	4	1	Partial_Recall
ENSG00000167283:ENSG00000249256	85%	100GB	positive	FusionSeeker	false_fusion	2	1	False_Call
ENSG00000167291:ENSG00000275516	90%	10GB	positive	CTAT-LR-Fusion	read_through	2	1	True_Recall
ENSG00000167291:ENSG00000275516	95%	10GB	positive	CTAT-LR-Fusion	read_through	2	1	True_Recall
ENSG00000167315:ENSG00000233585	85%	100GB	positive	FusionSeeker	false_fusion	2	1	False_Call
ENSG00000167371:ENSG00000280789	85%	100GB	positive	Genion	false_fusion	4	1	False_Call
ENSG00000167393:ENSG00000237040	85%	100GB	positive	FusionSeeker	chromosomal_misalignment:intra_chromosome	5	1	Partial_Recall
ENSG00000167393:ENSG00000237040	85%	100GB	positive	Genion	false_fusion	5	1	False_Call
ENSG00000167393:ENSG00000237040	90%	100GB	positive	FusionSeeker	chromosomal_misalignment:intra_chromosome	11	1	Partial_Recall
ENSG00000167393:ENSG00000237040	90%	100GB	positive	Genion	false_fusion	12	1	False_Call
ENSG00000167393:ENSG00000237040	90%	10GB	positive	FusionSeeker	chromosomal_misalignment:intra_chromosome	2	1	Partial_Recall
ENSG00000167393:ENSG00000237040	95%	100GB	positive	FusionSeeker	chromosomal_misalignment:intra_chromosome	6	1	Partial_Recall
ENSG00000167393:ENSG00000237040	95%	100GB	positive	Genion	false_fusion	5	1	False_Call
ENSG00000167393:ENSG00000292365	85%	100GB	positive	FusionSeeker	false_fusion	5	1	False_Call
ENSG00000167393:ENSG00000292365	90%	100GB	positive	FusionSeeker	false_fusion	5	2	False_Call
ENSG00000167393:ENSG00000292365	90%	100GB	positive	Genion	false_fusion	5	2	False_Call
ENSG00000167393:ENSG00000292365	95%	100GB	positive	FusionSeeker	false_fusion	19	2	False_Call
ENSG00000167393:ENSG00000292365	95%	100GB	positive	Genion	false_fusion	10	2	False_Call
ENSG00000167419:ENSG00000005381	85%	100GB	positive	FusionSeeker	read_through	30	2	True_Recall
ENSG00000167419:ENSG00000005381	85%	100GB	positive	JAFFAL	read_through	11	2	True_Recall
ENSG00000167419:ENSG00000005381	90%	100GB	positive	CTAT-LR-Fusion	read_through	11	3	True_Recall
ENSG00000167419:ENSG00000005381	90%	100GB	positive	FusionSeeker	read_through	22	3	True_Recall
ENSG00000167419:ENSG00000005381	90%	100GB	positive	JAFFAL	read_through	18	3	True_Recall
ENSG00000167419:ENSG00000005381	90%	10GB	positive	CTAT-LR-Fusion	read_through	2	3	True_Recall
ENSG00000167419:ENSG00000005381	90%	10GB	positive	FusionSeeker	read_through	7	3	True_Recall
ENSG00000167419:ENSG00000005381	90%	10GB	positive	JAFFAL	read_through	6	3	True_Recall
ENSG00000167419:ENSG00000005381	95%	100GB	positive	FusionSeeker	read_through	9	2	True_Recall
ENSG00000167419:ENSG00000005381	95%	100GB	positive	JAFFAL	read_through	9	2	True_Recall
ENSG00000167460:ENSG00000271943	90%	100GB	positive	FusionSeeker	false_fusion	4	1	False_Call
ENSG00000167522:ENSG00000278847	85%	100GB	positive	FusionSeeker	false_fusion	18	1	False_Call
ENSG00000167522:ENSG00000278847	90%	100GB	positive	FusionSeeker	false_fusion	37	1	False_Call
ENSG00000167522:ENSG00000278847	90%	10GB	positive	FusionSeeker	false_fusion	6	1	False_Call
ENSG00000167522:ENSG00000278847	95%	100GB	positive	FusionSeeker	false_fusion	47	1	False_Call
ENSG00000167522:ENSG00000278847	95%	10GB	positive	FusionSeeker	false_fusion	2	1	False_Call
ENSG00000167523:ENSG00000167526	85%	100GB	negative	Genion	false_fusion	7	1	False_Call
ENSG00000167523:ENSG00000167526	85%	100GB	positive	Genion	false_fusion	4	1	False_Call
ENSG00000167524:ENSG00000071082	85%	100GB	negative	FusionSeeker	false_fusion	2	1	False_Call
ENSG00000167524:ENSG00000087086	85%	100GB	positive	FusionSeeker	false_fusion	2	1	False_Call
ENSG00000167524:ENSG00000091583	90%	100GB	negative	FusionSeeker	false_fusion	2	1	False_Call
ENSG00000167524:ENSG00000101439	90%	100GB	negative	FusionSeeker	false_fusion	2	1	False_Call
ENSG00000167524:ENSG00000115268	90%	100GB	negative	FusionSeeker	false_fusion	2	1	False_Call
ENSG00000167524:ENSG00000156508	90%	100GB	positive	FusionSeeker	false_fusion	2	1	False_Call
ENSG00000167524:ENSG00000171863	85%	100GB	negative	FusionSeeker	false_fusion	2	1	False_Call
ENSG00000167524:ENSG00000171863	85%	100GB	positive	FusionSeeker	false_fusion	2	1	False_Call
ENSG00000167524:ENSG00000186468	95%	100GB	negative	FusionSeeker	false_fusion	2	1	False_Call
ENSG00000167524:ENSG00000211459	85%	100GB	negative	FusionSeeker	false_fusion:mitochondrial_genomic	2	1	False_Call
ENSG00000167524:ENSG00000211459	95%	100GB	positive	FusionSeeker	false_fusion:mitochondrial_genomic	2	1	False_Call
ENSG00000167524:ENSG00000285171	85%	100GB	positive	FusionSeeker	false_fusion	48	1	False_Call
ENSG00000167524:ENSG00000285171	85%	10GB	positive	FusionSeeker	false_fusion	4	1	False_Call
ENSG00000167524:ENSG00000285171	90%	100GB	positive	FusionSeeker	false_fusion	128	1	False_Call
ENSG00000167524:ENSG00000285171	90%	10GB	positive	FusionSeeker	false_fusion	6	1	False_Call
ENSG00000167524:ENSG00000285171	95%	100GB	positive	FusionSeeker	false_fusion	109	1	False_Call
ENSG00000167524:ENSG00000285171	95%	10GB	positive	FusionSeeker	false_fusion	11	1	False_Call
ENSG00000167524:ENSG00000285171	95%	1GB	positive	FusionSeeker	false_fusion	6	1	False_Call
ENSG00000167526:ENSG00000081051	90%	100GB	positive	FusionSeeker	false_fusion	2	1	False_Call
ENSG00000167526:ENSG00000081051	90%	10GB	positive	GFSeeker	false_fusion	3	1	False_Call
ENSG00000167526:ENSG00000081051	95%	100GB	positive	FusionSeeker	false_fusion	2	2	False_Call
ENSG00000167526:ENSG00000081051	95%	100GB	positive	JAFFAL	false_fusion	2	2	False_Call
ENSG00000167526:ENSG00000087086	85%	100GB	positive	FusionSeeker	false_fusion	2	1	False_Call
ENSG00000167526:ENSG00000087086	90%	100GB	negative	JAFFAL	false_fusion	3	1	False_Call
ENSG00000167526:ENSG00000091513	95%	100GB	negative	FusionSeeker	false_fusion	2	1	False_Call
ENSG00000167526:ENSG00000112306	95%	100GB	negative	FusionSeeker	false_fusion	2	1	False_Call
ENSG00000167526:ENSG00000156508	90%	100GB	positive	FusionSeeker	false_fusion	5	1	False_Call
ENSG00000167526:ENSG00000156508	95%	100GB	positive	FusionSeeker	false_fusion	2	1	False_Call
ENSG00000167526:ENSG00000163631	85%	100GB	negative	FusionSeeker	false_fusion	2	1	False_Call
ENSG00000167526:ENSG00000163631	85%	100GB	positive	FusionSeeker	false_fusion	2	1	False_Call
ENSG00000167526:ENSG00000163631	85%	10GB	negative	GFSeeker	false_fusion	3	1	False_Call
ENSG00000167526:ENSG00000163631	90%	100GB	positive	FusionSeeker	false_fusion	2	1	False_Call
ENSG00000167526:ENSG00000163631	95%	10GB	positive	GFSeeker	false_fusion	3	1	False_Call
ENSG00000167526:ENSG00000167996	95%	100GB	positive	JAFFAL	false_fusion	2	1	False_Call
ENSG00000167526:ENSG00000170315	85%	100GB	negative	FusionSeeker	false_fusion	2	1	False_Call
ENSG00000167526:ENSG00000171560	95%	100GB	positive	FusionSeeker	false_fusion	2	1	False_Call
ENSG00000167526:ENSG00000171863	85%	100GB	positive	FusionSeeker	false_fusion	2	1	False_Call
ENSG00000167526:ENSG00000197099	90%	100GB	positive	FusionSeeker	false_fusion	2	1	False_Call
ENSG00000167526:ENSG00000197756	90%	100GB	positive	FusionSeeker	false_fusion	2	2	False_Call
ENSG00000167526:ENSG00000197756	90%	100GB	positive	LongGF	false_fusion	2	2	False_Call
ENSG00000167526:ENSG00000198712	95%	100GB	positive	FusionSeeker	false_fusion:mitochondrial_genomic	2	1	False_Call
ENSG00000167526:ENSG00000198712	95%	100GB	positive	LongGF	false_fusion	2	1	False_Call
ENSG00000167526:ENSG00000198938	90%	100GB	negative	FusionSeeker	false_fusion:mitochondrial_genomic	2	1	False_Call
ENSG00000167526:ENSG00000210082	85%	100GB	positive	FusionSeeker	false_fusion:mitochondrial_genomic	6	1	False_Call
ENSG00000167526:ENSG00000210082	90%	100GB	positive	FusionSeeker	false_fusion:mitochondrial_genomic	3	1	False_Call
ENSG00000167526:ENSG00000210082	95%	100GB	positive	FusionSeeker	false_fusion:mitochondrial_genomic	2	1	False_Call
ENSG00000167526:ENSG00000211459	85%	100GB	negative	FusionSeeker	false_fusion:mitochondrial_genomic	8	1	False_Call
ENSG00000167526:ENSG00000211459	90%	100GB	negative	FusionSeeker	false_fusion:mitochondrial_genomic	2	1	False_Call
ENSG00000167526:ENSG00000211459	90%	100GB	positive	FusionSeeker	false_fusion:mitochondrial_genomic	2	1	False_Call
ENSG00000167526:ENSG00000211459	95%	100GB	positive	FusionSeeker	false_fusion:mitochondrial_genomic	3	1	False_Call
ENSG00000167526:ENSG00000211459	95%	10GB	positive	FusionSeeker	false_fusion:mitochondrial_genomic	2	1	False_Call
ENSG00000167526:ENSG00000215030	85%	100GB	negative	FusionSeeker	false_fusion	2	1	False_Call
ENSG00000167526:ENSG00000231500	95%	100GB	negative	FusionSeeker	false_fusion	2	1	False_Call
ENSG00000167554:ENSG00000087495	85%	100GB	positive	FusionSeeker	false_fusion	22	1	False_Call
ENSG00000167554:ENSG00000087495	90%	100GB	positive	FusionSeeker	false_fusion	21	1	False_Call
ENSG00000167554:ENSG00000087495	95%	100GB	positive	FusionSeeker	false_fusion	35	1	False_Call
ENSG00000167554:ENSG00000087495	95%	10GB	positive	FusionSeeker	false_fusion	3	1	False_Call
ENSG00000167554:ENSG00000238194	85%	100GB	positive	Genion	reverse_order:truncated_tri_fusion	16	1	Partial_Recall
ENSG00000167554:ENSG00000238194	90%	100GB	positive	Genion	reverse_order:truncated_tri_fusion	19	1	Partial_Recall
ENSG00000167554:ENSG00000238194	95%	100GB	positive	Genion	reverse_order:truncated_tri_fusion	28	1	Partial_Recall
ENSG00000167578:ENSG00000261857	85%	100GB	negative	Genion	false_fusion	2	1	False_Call
ENSG00000167578:ENSG00000261857	90%	100GB	positive	Genion	false_fusion	2	1	False_Call
ENSG00000167588:ENSG00000110887	85%	100GB	positive	CTAT-LR-Fusion	intra_chromosome	18	3	True_Recall
ENSG00000167588:ENSG00000110887	85%	100GB	positive	FusionSeeker	intra_chromosome	29	3	True_Recall
ENSG00000167588:ENSG00000110887	85%	100GB	positive	JAFFAL	intra_chromosome	6	3	True_Recall
ENSG00000167588:ENSG00000110887	85%	10GB	positive	CTAT-LR-Fusion	intra_chromosome	2	3	True_Recall
ENSG00000167588:ENSG00000110887	85%	10GB	positive	FusionSeeker	intra_chromosome	2	3	True_Recall
ENSG00000167588:ENSG00000110887	85%	10GB	positive	GFSeeker	intra_chromosome	2	3	True_Recall
ENSG00000167588:ENSG00000110887	90%	100GB	positive	CTAT-LR-Fusion	intra_chromosome	25	3	True_Recall
ENSG00000167588:ENSG00000110887	90%	100GB	positive	FusionSeeker	intra_chromosome	30	3	True_Recall
ENSG00000167588:ENSG00000110887	90%	100GB	positive	JAFFAL	intra_chromosome	2	3	True_Recall
ENSG00000167588:ENSG00000110887	90%	10GB	positive	CTAT-LR-Fusion	intra_chromosome	4	2	True_Recall
ENSG00000167588:ENSG00000110887	90%	10GB	positive	FusionSeeker	intra_chromosome	4	2	True_Recall
ENSG00000167588:ENSG00000110887	95%	100GB	positive	CTAT-LR-Fusion	intra_chromosome	48	3	True_Recall
ENSG00000167588:ENSG00000110887	95%	100GB	positive	FusionSeeker	intra_chromosome	48	3	True_Recall
ENSG00000167588:ENSG00000110887	95%	100GB	positive	JAFFAL	intra_chromosome	4	3	True_Recall
ENSG00000167588:ENSG00000110887	95%	10GB	positive	CTAT-LR-Fusion	intra_chromosome	4	2	True_Recall
ENSG00000167588:ENSG00000110887	95%	10GB	positive	FusionSeeker	intra_chromosome	4	2	True_Recall
ENSG00000167642:ENSG00000167644	90%	100GB	negative	Genion	false_fusion	7	1	False_Call
ENSG00000167642:ENSG00000167644	90%	100GB	positive	Genion	false_fusion	3	1	False_Call
ENSG00000167642:ENSG00000167644	95%	100GB	positive	Genion	false_fusion	3	1	False_Call
ENSG00000167658:ENSG00000096088	85%	100GB	positive	FusionSeeker	false_fusion	2	1	False_Call
ENSG00000167658:ENSG00000156508	95%	100GB	positive	FusionSeeker	false_fusion	2	1	False_Call
ENSG00000167658:ENSG00000163631	85%	100GB	positive	FusionSeeker	false_fusion	2	1	False_Call
ENSG00000167658:ENSG00000163631	95%	10GB	positive	GFSeeker	false_fusion	2	1	False_Call
ENSG00000167658:ENSG00000169714	95%	100GB	positive	FusionSeeker	false_fusion	2	2	False_Call
ENSG00000167658:ENSG00000169714	95%	100GB	positive	LongGF	false_fusion	2	2	False_Call
ENSG00000167658:ENSG00000198712	85%	100GB	negative	FusionSeeker	false_fusion:mitochondrial_genomic	2	1	False_Call
ENSG00000167658:ENSG00000198712	85%	100GB	negative	LongGF	false_fusion	2	1	False_Call
ENSG00000167658:ENSG00000210082	90%	100GB	positive	FusionSeeker	false_fusion:mitochondrial_genomic	3	1	False_Call
ENSG00000167658:ENSG00000210082	95%	100GB	positive	FusionSeeker	false_fusion:mitochondrial_genomic	2	1	False_Call
ENSG00000167658:ENSG00000211459	90%	100GB	positive	FusionSeeker	false_fusion:mitochondrial_genomic	2	1	False_Call
ENSG00000167775:ENSG00000251357	85%	100GB	positive	FusionSeeker	false_fusion	2	1	False_Call
ENSG00000167775:ENSG00000267855	90%	100GB	positive	Genion	false_fusion	2	1	False_Call
ENSG00000167863:ENSG00000188612	85%	100GB	negative	Genion	false_fusion	10	1	False_Call
ENSG00000167863:ENSG00000188612	85%	10GB	positive	Genion	false_fusion	2	1	False_Call
ENSG00000167863:ENSG00000188612	90%	100GB	positive	Genion	false_fusion	2	1	False_Call
ENSG00000167863:ENSG00000188612	95%	100GB	negative	Genion	false_fusion	4	1	False_Call
ENSG00000167881:ENSG00000196839	85%	100GB	positive	FusionSeeker	reverse_order:truncated_tri_fusion	7	1	Partial_Recall
ENSG00000167881:ENSG00000196839	90%	100GB	positive	FusionSeeker	reverse_order:truncated_tri_fusion	16	1	Partial_Recall
ENSG00000167881:ENSG00000196839	95%	100GB	positive	FusionSeeker	reverse_order:truncated_tri_fusion	21	1	Partial_Recall
ENSG00000167881:ENSG00000196839	95%	10GB	positive	FusionSeeker	reverse_order:truncated_tri_fusion	3	1	Partial_Recall
ENSG00000167900:ENSG00000229195	85%	100GB	positive	FusionSeeker	false_fusion	8	1	False_Call
ENSG00000167900:ENSG00000229195	85%	10GB	positive	FusionSeeker	false_fusion	2	1	False_Call
ENSG00000167900:ENSG00000229195	90%	100GB	positive	FusionSeeker	false_fusion	57	1	False_Call
ENSG00000167900:ENSG00000229195	90%	10GB	positive	FusionSeeker	false_fusion	9	1	False_Call
ENSG00000167900:ENSG00000229195	95%	100GB	positive	FusionSeeker	false_fusion	53	1	False_Call
ENSG00000167995:ENSG00000087086	85%	100GB	negative	FusionSeeker	false_fusion	2	1	False_Call
ENSG00000167996:ENSG00000087086	85%	100GB	positive	FusionSeeker	false_fusion	6	2	False_Call
ENSG00000167996:ENSG00000087086	85%	100GB	positive	JAFFAL	false_fusion	3	2	False_Call
ENSG00000167996:ENSG00000087086	95%	100GB	positive	FusionSeeker	false_fusion	2	2	False_Call
ENSG00000167996:ENSG00000087086	95%	100GB	positive	JAFFAL	false_fusion	3	2	False_Call
ENSG00000167996:ENSG00000089157	90%	100GB	negative	FusionSeeker	false_fusion	2	1	False_Call
ENSG00000167996:ENSG00000089220	85%	100GB	positive	FusionSeeker	false_fusion	2	1	False_Call
ENSG00000167996:ENSG00000091513	90%	100GB	negative	FusionSeeker	false_fusion	2	2	False_Call
ENSG00000167996:ENSG00000091513	90%	100GB	negative	JAFFAL	false_fusion	2	2	False_Call
ENSG00000167996:ENSG00000091513	90%	100GB	positive	FusionSeeker	false_fusion	2	1	False_Call
ENSG00000167996:ENSG00000091513	95%	100GB	negative	FusionSeeker	false_fusion	2	2	False_Call
ENSG00000167996:ENSG00000091513	95%	100GB	negative	JAFFAL	false_fusion	2	2	False_Call
ENSG00000167996:ENSG00000103363	85%	100GB	negative	FusionSeeker	false_fusion	2	1	False_Call
ENSG00000167996:ENSG00000133112	85%	100GB	negative	FusionSeeker	false_fusion	2	1	False_Call
ENSG00000167996:ENSG00000142534	90%	100GB	positive	FusionSeeker	false_fusion	2	1	False_Call
ENSG00000167996:ENSG00000145192	95%	100GB	positive	JAFFAL	false_fusion	2	1	False_Call
ENSG00000167996:ENSG00000147257	90%	100GB	negative	FusionSeeker	false_fusion	2	2	False_Call
ENSG00000167996:ENSG00000147257	90%	100GB	negative	JAFFAL	false_fusion	2	2	False_Call
ENSG00000167996:ENSG00000148248	90%	10GB	positive	GFSeeker	false_fusion	2	1	False_Call
ENSG00000167996:ENSG00000156508	85%	100GB	positive	FusionSeeker	false_fusion	2	1	False_Call
ENSG00000167996:ENSG00000156508	90%	100GB	positive	FusionSeeker	false_fusion	2	1	False_Call
ENSG00000167996:ENSG00000156508	95%	100GB	negative	JAFFAL	false_fusion	2	1	False_Call
ENSG00000167996:ENSG00000167526	95%	100GB	positive	FusionSeeker	false_fusion	2	1	False_Call
ENSG00000167996:ENSG00000171863	95%	100GB	negative	FusionSeeker	false_fusion	2	1	False_Call
ENSG00000167996:ENSG00000172757	90%	100GB	negative	FusionSeeker	false_fusion	2	1	False_Call
ENSG00000167996:ENSG00000197099	95%	100GB	positive	FusionSeeker	false_fusion	2	1	False_Call
ENSG00000167996:ENSG00000197249	85%	100GB	negative	FusionSeeker	false_fusion	2	1	False_Call
ENSG00000167996:ENSG00000197249	90%	10GB	positive	GFSeeker	false_fusion	2	1	False_Call
ENSG00000167996:ENSG00000198712	90%	100GB	negative	FusionSeeker	false_fusion:mitochondrial_genomic	2	1	False_Call
ENSG00000167996:ENSG00000198840	85%	100GB	negative	FusionSeeker	false_fusion:mitochondrial_genomic	2	1	False_Call
ENSG00000167996:ENSG00000198886	95%	100GB	negative	FusionSeeker	false_fusion:mitochondrial_genomic	2	1	False_Call
ENSG00000167996:ENSG00000198899	90%	100GB	negative	FusionSeeker	false_fusion:mitochondrial_genomic	2	1	False_Call
ENSG00000167996:ENSG00000198899	95%	100GB	negative	FusionSeeker	false_fusion:mitochondrial_genomic	2	1	False_Call
ENSG00000167996:ENSG00000198938	90%	100GB	negative	FusionSeeker	false_fusion:mitochondrial_genomic	2	1	False_Call
ENSG00000167996:ENSG00000210082	95%	100GB	positive	FusionSeeker	false_fusion:mitochondrial_genomic	2	1	False_Call
ENSG00000167996:ENSG00000211459	85%	100GB	negative	FusionSeeker	false_fusion:mitochondrial_genomic	2	1	False_Call
ENSG00000167996:ENSG00000211459	85%	100GB	positive	FusionSeeker	false_fusion:mitochondrial_genomic	2	1	False_Call
ENSG00000167996:ENSG00000211459	90%	100GB	negative	FusionSeeker	false_fusion:mitochondrial_genomic	2	1	False_Call
ENSG00000167996:ENSG00000211459	90%	100GB	positive	FusionSeeker	false_fusion:mitochondrial_genomic	3	1	False_Call
ENSG00000167996:ENSG00000254772	85%	100GB	negative	FusionSeeker	false_fusion	2	1	False_Call
ENSG00000168028:ENSG00000223668	90%	100GB	negative	Genion	false_fusion	3	1	False_Call
ENSG00000168028:ENSG00000223668	95%	100GB	positive	Genion	false_fusion	2	1	False_Call
ENSG00000168036:ENSG00000168038	85%	100GB	negative	FusionSeeker	false_fusion	2	1	False_Call
ENSG00000168280:ENSG00000144320	85%	100GB	positive	FusionSeeker	reverse_order: hybrid	21	1	Partial_Recall
ENSG00000168280:ENSG00000144320	85%	10GB	positive	GFSeeker	reverse_order: hybrid	2	1	Partial_Recall
ENSG00000168280:ENSG00000144320	90%	100GB	positive	FusionSeeker	reverse_order: hybrid	48	1	Partial_Recall
ENSG00000168280:ENSG00000144320	90%	10GB	positive	FusionSeeker	reverse_order: hybrid	4	1	Partial_Recall
ENSG00000168280:ENSG00000144320	95%	100GB	positive	FusionSeeker	reverse_order: hybrid	42	1	Partial_Recall
ENSG00000168280:ENSG00000144320	95%	10GB	positive	FusionSeeker	reverse_order: hybrid	6	2	Partial_Recall
ENSG00000168280:ENSG00000144320	95%	10GB	positive	GFSeeker	reverse_order: hybrid	4	2	Partial_Recall
ENSG00000168288:ENSG00000231969	85%	100GB	negative	FusionSeeker	false_fusion	65	1	False_Call
ENSG00000168288:ENSG00000231969	85%	100GB	positive	FusionSeeker	false_fusion	79	1	False_Call
ENSG00000168288:ENSG00000231969	85%	10GB	negative	FusionSeeker	false_fusion	4	1	False_Call
ENSG00000168288:ENSG00000231969	85%	10GB	positive	FusionSeeker	false_fusion	11	1	False_Call
ENSG00000168288:ENSG00000231969	85%	1GB	positive	FusionSeeker	false_fusion	2	1	False_Call
ENSG00000168288:ENSG00000231969	90%	100GB	negative	FusionSeeker	false_fusion	37	1	False_Call
ENSG00000168288:ENSG00000231969	90%	100GB	positive	FusionSeeker	false_fusion	57	1	False_Call
ENSG00000168288:ENSG00000231969	90%	10GB	positive	FusionSeeker	false_fusion	4	1	False_Call
ENSG00000168288:ENSG00000231969	95%	100GB	negative	FusionSeeker	false_fusion	19	1	False_Call
ENSG00000168288:ENSG00000231969	95%	100GB	positive	FusionSeeker	false_fusion	12	1	False_Call
ENSG00000168556:ENSG00000063978	85%	100GB	positive	CTAT-LR-Fusion	intra_chromosome	32	2	True_Recall
ENSG00000168556:ENSG00000063978	85%	100GB	positive	JAFFAL	intra_chromosome	25	2	True_Recall
ENSG00000168556:ENSG00000063978	85%	10GB	positive	CTAT-LR-Fusion	intra_chromosome	5	2	True_Recall
ENSG00000168556:ENSG00000063978	85%	10GB	positive	JAFFAL	intra_chromosome	3	2	True_Recall
ENSG00000168556:ENSG00000063978	90%	100GB	positive	CTAT-LR-Fusion	intra_chromosome	37	2	True_Recall
ENSG00000168556:ENSG00000063978	90%	100GB	positive	JAFFAL	intra_chromosome	33	2	True_Recall
ENSG00000168556:ENSG00000063978	95%	100GB	positive	CTAT-LR-Fusion	intra_chromosome	27	2	True_Recall
ENSG00000168556:ENSG00000063978	95%	100GB	positive	JAFFAL	intra_chromosome	26	2	True_Recall
ENSG00000168556:ENSG00000063978	95%	10GB	positive	CTAT-LR-Fusion	intra_chromosome	3	2	True_Recall
ENSG00000168556:ENSG00000063978	95%	10GB	positive	JAFFAL	intra_chromosome	3	2	True_Recall
ENSG00000168591:ENSG00000114923	85%	100GB	positive	FusionSeeker	truncated_tri_fusion	24	2	Partial_Recall
ENSG00000168591:ENSG00000114923	85%	100GB	positive	JAFFAL	truncated_tri_fusion	16	2	Partial_Recall
ENSG00000168591:ENSG00000114923	90%	100GB	positive	FusionSeeker	truncated_tri_fusion	27	2	Partial_Recall
ENSG00000168591:ENSG00000114923	90%	100GB	positive	JAFFAL	truncated_tri_fusion	25	2	Partial_Recall
ENSG00000168591:ENSG00000114923	90%	10GB	positive	FusionSeeker	truncated_tri_fusion	3	3	Partial_Recall
ENSG00000168591:ENSG00000114923	90%	10GB	positive	GFSeeker	truncated_tri_fusion	3	3	Partial_Recall
ENSG00000168591:ENSG00000114923	90%	10GB	positive	JAFFAL	truncated_tri_fusion	2	3	Partial_Recall
ENSG00000168591:ENSG00000114923	95%	100GB	positive	CTAT-LR-Fusion	truncated_tri_fusion	13	3	Partial_Recall
ENSG00000168591:ENSG00000114923	95%	100GB	positive	FusionSeeker	truncated_tri_fusion	28	3	Partial_Recall
ENSG00000168591:ENSG00000114923	95%	100GB	positive	JAFFAL	truncated_tri_fusion	30	3	Partial_Recall
ENSG00000168591:ENSG00000114923	95%	10GB	positive	CTAT-LR-Fusion	truncated_tri_fusion	3	4	Partial_Recall
ENSG00000168591:ENSG00000114923	95%	10GB	positive	FusionSeeker	truncated_tri_fusion	5	4	Partial_Recall
ENSG00000168591:ENSG00000114923	95%	10GB	positive	GFSeeker	truncated_tri_fusion	4	4	Partial_Recall
ENSG00000168591:ENSG00000114923	95%	10GB	positive	JAFFAL	truncated_tri_fusion	5	4	Partial_Recall
ENSG00000168591:ENSG00000226055	85%	100GB	positive	Genion	reverse_order:truncated_tri_fusion	12	1	Partial_Recall
ENSG00000168591:ENSG00000226055	90%	100GB	positive	Genion	reverse_order:truncated_tri_fusion	19	1	Partial_Recall
ENSG00000168591:ENSG00000226055	95%	100GB	positive	Genion	reverse_order:truncated_tri_fusion	15	1	Partial_Recall
ENSG00000168591:ENSG00000255872	85%	100GB	positive	FusionSeeker	false_fusion	23	2	False_Call
ENSG00000168591:ENSG00000255872	85%	100GB	positive	JAFFAL	false_fusion	7	2	False_Call
ENSG00000168591:ENSG00000255872	90%	100GB	positive	FusionSeeker	false_fusion	34	2	False_Call
ENSG00000168591:ENSG00000255872	90%	100GB	positive	JAFFAL	false_fusion	15	2	False_Call
ENSG00000168591:ENSG00000255872	90%	10GB	positive	FusionSeeker	false_fusion	2	1	False_Call
ENSG00000168591:ENSG00000255872	95%	100GB	positive	FusionSeeker	false_fusion	30	2	False_Call
ENSG00000168591:ENSG00000255872	95%	100GB	positive	JAFFAL	false_fusion	14	2	False_Call
ENSG00000168591:ENSG00000255872	95%	10GB	positive	FusionSeeker	false_fusion	4	2	False_Call
ENSG00000168591:ENSG00000255872	95%	10GB	positive	JAFFAL	false_fusion	3	2	False_Call
ENSG00000168621:ENSG00000168958	85%	100GB	positive	LongGF	reverse_order:truncated_tri_fusion	19	1	Partial_Recall
ENSG00000168621:ENSG00000168958	85%	10GB	positive	GFSeeker	reverse_order:truncated_tri_fusion	2	2	Partial_Recall
ENSG00000168621:ENSG00000168958	85%	10GB	positive	LongGF	reverse_order:truncated_tri_fusion	3	2	Partial_Recall
ENSG00000168621:ENSG00000168958	90%	100GB	positive	LongGF	reverse_order:truncated_tri_fusion	19	1	Partial_Recall
ENSG00000168621:ENSG00000168958	90%	10GB	positive	GFSeeker	reverse_order:truncated_tri_fusion	2	1	Partial_Recall
ENSG00000168621:ENSG00000168958	95%	100GB	positive	Genion	reverse_order:truncated_tri_fusion	26	2	Partial_Recall
ENSG00000168621:ENSG00000168958	95%	100GB	positive	LongGF	reverse_order:truncated_tri_fusion	28	2	Partial_Recall
ENSG00000168675:ENSG00000102898	85%	100GB	positive	CTAT-LR-Fusion	truncated_tri_fusion	28	2	Partial_Recall
ENSG00000168675:ENSG00000102898	85%	100GB	positive	JAFFAL	truncated_tri_fusion	17	2	Partial_Recall
ENSG00000168675:ENSG00000102898	90%	100GB	positive	CTAT-LR-Fusion	truncated_tri_fusion	27	2	Partial_Recall
ENSG00000168675:ENSG00000102898	90%	100GB	positive	JAFFAL	truncated_tri_fusion	25	2	Partial_Recall
ENSG00000168675:ENSG00000102898	90%	10GB	positive	CTAT-LR-Fusion	truncated_tri_fusion	3	3	Partial_Recall
ENSG00000168675:ENSG00000102898	90%	10GB	positive	GFSeeker	truncated_tri_fusion	4	3	Partial_Recall
ENSG00000168675:ENSG00000102898	90%	10GB	positive	JAFFAL	truncated_tri_fusion	4	3	Partial_Recall
ENSG00000168675:ENSG00000102898	95%	100GB	positive	CTAT-LR-Fusion	truncated_tri_fusion	48	2	Partial_Recall
ENSG00000168675:ENSG00000102898	95%	100GB	positive	JAFFAL	truncated_tri_fusion	44	2	Partial_Recall
ENSG00000168675:ENSG00000102898	95%	10GB	positive	CTAT-LR-Fusion	truncated_tri_fusion	7	2	Partial_Recall
ENSG00000168675:ENSG00000102898	95%	10GB	positive	JAFFAL	truncated_tri_fusion	7	2	Partial_Recall
ENSG00000168675:ENSG00000154240	85%	100GB	positive	JAFFAL	false_fusion	2	1	False_Call
ENSG00000168675:ENSG00000154240	90%	100GB	positive	JAFFAL	false_fusion	2	1	False_Call
ENSG00000168675:ENSG00000258938	85%	100GB	positive	JAFFAL	false_fusion	4	1	False_Call
ENSG00000168675:ENSG00000258938	90%	100GB	positive	JAFFAL	false_fusion	2	1	False_Call
ENSG00000168675:ENSG00000258938	95%	100GB	positive	JAFFAL	false_fusion	3	1	False_Call
ENSG00000168675:ENSG00000266954	85%	100GB	negative	FusionSeeker	false_fusion:Sense-Antisense	3	1	False_Call
ENSG00000168676:ENSG00000198677	85%	100GB	positive	CTAT-LR-Fusion	truncated_tri_fusion	11	5	Partial_Recall
ENSG00000168676:ENSG00000198677	85%	100GB	positive	FusionSeeker	truncated_tri_fusion	108	5	Partial_Recall
ENSG00000168676:ENSG00000198677	85%	100GB	positive	Genion	truncated_tri_fusion	41	5	Partial_Recall
ENSG00000168676:ENSG00000198677	85%	100GB	positive	JAFFAL	truncated_tri_fusion	5	5	Partial_Recall
ENSG00000168676:ENSG00000198677	85%	100GB	positive	LongGF	truncated_tri_fusion	24	5	Partial_Recall
ENSG00000168676:ENSG00000198677	85%	10GB	positive	CTAT-LR-Fusion	truncated_tri_fusion	3	4	Partial_Recall
ENSG00000168676:ENSG00000198677	85%	10GB	positive	FusionSeeker	truncated_tri_fusion	8	4	Partial_Recall
ENSG00000168676:ENSG00000198677	85%	10GB	positive	JAFFAL	truncated_tri_fusion	2	4	Partial_Recall
ENSG00000168676:ENSG00000198677	85%	10GB	positive	LongGF	truncated_tri_fusion	3	4	Partial_Recall
ENSG00000168676:ENSG00000198677	85%	1GB	positive	CTAT-LR-Fusion	truncated_tri_fusion	2	2	Partial_Recall
ENSG00000168676:ENSG00000198677	85%	1GB	positive	FusionSeeker	truncated_tri_fusion	2	2	Partial_Recall
ENSG00000168676:ENSG00000198677	90%	100GB	positive	FusionSeeker	truncated_tri_fusion	72	4	Partial_Recall
ENSG00000168676:ENSG00000198677	90%	100GB	positive	Genion	truncated_tri_fusion	22	4	Partial_Recall
ENSG00000168676:ENSG00000198677	90%	100GB	positive	JAFFAL	truncated_tri_fusion	4	4	Partial_Recall
ENSG00000168676:ENSG00000198677	90%	100GB	positive	LongGF	truncated_tri_fusion	18	4	Partial_Recall
ENSG00000168676:ENSG00000198677	90%	10GB	positive	FusionSeeker	truncated_tri_fusion	11	3	Partial_Recall
ENSG00000168676:ENSG00000198677	90%	10GB	positive	JAFFAL	truncated_tri_fusion	2	3	Partial_Recall
ENSG00000168676:ENSG00000198677	90%	10GB	positive	LongGF	truncated_tri_fusion	5	3	Partial_Recall
ENSG00000168676:ENSG00000198677	95%	100GB	positive	FusionSeeker	truncated_tri_fusion	95	4	Partial_Recall
ENSG00000168676:ENSG00000198677	95%	100GB	positive	Genion	truncated_tri_fusion	34	4	Partial_Recall
ENSG00000168676:ENSG00000198677	95%	100GB	positive	JAFFAL	truncated_tri_fusion	3	4	Partial_Recall
ENSG00000168676:ENSG00000198677	95%	100GB	positive	LongGF	truncated_tri_fusion	27	4	Partial_Recall
ENSG00000168676:ENSG00000198677	95%	10GB	positive	CTAT-LR-Fusion	truncated_tri_fusion	2	4	Partial_Recall
ENSG00000168676:ENSG00000198677	95%	10GB	positive	FusionSeeker	truncated_tri_fusion	10	4	Partial_Recall
ENSG00000168676:ENSG00000198677	95%	10GB	positive	GFSeeker	truncated_tri_fusion	5	4	Partial_Recall
ENSG00000168676:ENSG00000198677	95%	10GB	positive	LongGF	truncated_tri_fusion	3	4	Partial_Recall
ENSG00000168792:ENSG00000290082	90%	100GB	negative	Genion	false_fusion	2	1	False_Call
ENSG00000168894:ENSG00000156508	85%	100GB	negative	FusionSeeker	false_fusion	2	1	False_Call
ENSG00000168958:ENSG00000168621	85%	100GB	positive	CTAT-LR-Fusion	truncated_tri_fusion	16	2	Partial_Recall
ENSG00000168958:ENSG00000168621	85%	100GB	positive	JAFFAL	truncated_tri_fusion	16	2	Partial_Recall
ENSG00000168958:ENSG00000168621	85%	10GB	positive	CTAT-LR-Fusion	truncated_tri_fusion	2	2	Partial_Recall
ENSG00000168958:ENSG00000168621	85%	10GB	positive	JAFFAL	truncated_tri_fusion	2	2	Partial_Recall
ENSG00000168958:ENSG00000168621	90%	100GB	positive	CTAT-LR-Fusion	truncated_tri_fusion	20	2	Partial_Recall
ENSG00000168958:ENSG00000168621	90%	100GB	positive	JAFFAL	truncated_tri_fusion	18	2	Partial_Recall
ENSG00000168958:ENSG00000168621	95%	100GB	positive	CTAT-LR-Fusion	truncated_tri_fusion	33	2	Partial_Recall
ENSG00000168958:ENSG00000168621	95%	100GB	positive	JAFFAL	truncated_tri_fusion	33	2	Partial_Recall
ENSG00000168958:ENSG00000239586	85%	100GB	positive	FusionSeeker	reverse_order:truncated_tri_fusion	3	1	Partial_Recall
ENSG00000168958:ENSG00000239586	90%	100GB	positive	FusionSeeker	reverse_order:truncated_tri_fusion	4	1	Partial_Recall
ENSG00000168958:ENSG00000239586	95%	100GB	positive	FusionSeeker	reverse_order:truncated_tri_fusion	10	1	Partial_Recall
ENSG00000168958:ENSG00000248587	85%	100GB	positive	FusionSeeker	false_fusion	21	1	False_Call
ENSG00000168958:ENSG00000248587	85%	10GB	positive	FusionSeeker	false_fusion	3	1	False_Call
ENSG00000168958:ENSG00000248587	90%	100GB	positive	FusionSeeker	false_fusion	20	1	False_Call
ENSG00000168958:ENSG00000248587	95%	100GB	positive	FusionSeeker	false_fusion	32	1	False_Call
ENSG00000168959:ENSG00000290401	95%	100GB	negative	Genion	false_fusion	29	1	False_Call
ENSG00000169084:ENSG00000292338	85%	100GB	negative	FusionSeeker	false_fusion	2	1	False_Call
ENSG00000169084:ENSG00000292338	85%	100GB	positive	FusionSeeker	false_fusion	6	1	False_Call
ENSG00000169084:ENSG00000292338	90%	100GB	positive	FusionSeeker	false_fusion	2	1	False_Call
ENSG00000169084:ENSG00000292343	85%	100GB	positive	FusionSeeker	false_fusion	3	1	False_Call
ENSG00000169084:ENSG00000292343	90%	100GB	positive	FusionSeeker	false_fusion	8	1	False_Call
ENSG00000169084:ENSG00000292343	95%	100GB	positive	FusionSeeker	false_fusion	8	1	False_Call
ENSG00000169154:ENSG00000188778	85%	100GB	negative	Genion	false_fusion	2	1	False_Call
ENSG00000169154:ENSG00000188778	90%	100GB	positive	Genion	false_fusion	2	1	False_Call
ENSG00000169231:ENSG00000117151	85%	100GB	positive	JAFFAL	false_fusion	9	1	False_Call
ENSG00000169231:ENSG00000117151	90%	100GB	positive	JAFFAL	false_fusion	11	1	False_Call
ENSG00000169231:ENSG00000117151	95%	100GB	positive	JAFFAL	false_fusion	19	1	False_Call
ENSG00000169231:ENSG00000117151	95%	10GB	positive	JAFFAL	false_fusion	2	1	False_Call
ENSG00000169410:ENSG00000091513	85%	100GB	negative	FusionSeeker	false_fusion	2	1	False_Call
ENSG00000169410:ENSG00000091513	90%	100GB	positive	FusionSeeker	false_fusion	2	1	False_Call
ENSG00000169410:ENSG00000091513	95%	100GB	positive	FusionSeeker	false_fusion	2	1	False_Call
ENSG00000169583:ENSG00000148362	90%	10GB	positive	GFSeeker	reverse_order: read_through	3	1	Partial_Recall
ENSG00000169621:ENSG00000090054	85%	100GB	negative	FusionSeeker	false_fusion	2	1	False_Call
ENSG00000169621:ENSG00000090054	85%	100GB	positive	FusionSeeker	false_fusion	2	1	False_Call
ENSG00000169715:ENSG00000205361:ENSG00000255986	85%	100GB	positive	Genion	false_fusion	2	1	False_Call
ENSG00000169715:ENSG00000259923	85%	100GB	negative	Genion	false_fusion	2	1	False_Call
ENSG00000169715:ENSG00000259923	85%	100GB	positive	Genion	false_fusion	2	1	False_Call
ENSG00000169715:ENSG00000290662	85%	100GB	negative	Genion	false_fusion	9	1	False_Call
ENSG00000169715:ENSG00000290662	85%	100GB	positive	Genion	false_fusion	11	1	False_Call
ENSG00000169715:ENSG00000290662	90%	100GB	negative	Genion	false_fusion	2	1	False_Call
ENSG00000169715:ENSG00000290662	90%	100GB	positive	Genion	false_fusion	6	1	False_Call
ENSG00000169715:ENSG00000291095	85%	100GB	negative	Genion	false_fusion	3	1	False_Call
ENSG00000169715:ENSG00000291095	85%	100GB	positive	Genion	false_fusion	4	1	False_Call
ENSG00000169715:ENSG00000291095	85%	10GB	positive	Genion	false_fusion	2	1	False_Call
ENSG00000169715:ENSG00000291105	95%	100GB	negative	Genion	false_fusion	2	1	False_Call
ENSG00000169733:ENSG00000264569	90%	100GB	positive	Genion	reverse_order: read_through	13	1	Partial_Recall
ENSG00000169733:ENSG00000264569	95%	100GB	positive	Genion	reverse_order: read_through	23	1	Partial_Recall
ENSG00000169902:ENSG00000179406	95%	100GB	negative	JAFFAL	false_fusion:Sense-Antisense	3	1	False_Call
ENSG00000169902:ENSG00000179406	95%	100GB	positive	JAFFAL	false_fusion:Sense-Antisense	5	1	False_Call
ENSG00000169946:ENSG00000251003	85%	100GB	negative	FusionSeeker	false_fusion	9	1	False_Call
ENSG00000169946:ENSG00000251003	85%	100GB	positive	FusionSeeker	false_fusion	7	1	False_Call
ENSG00000169946:ENSG00000251003	90%	100GB	negative	FusionSeeker	false_fusion	13	1	False_Call
ENSG00000169946:ENSG00000251003	90%	100GB	positive	FusionSeeker	false_fusion	24	1	False_Call
ENSG00000169946:ENSG00000251003	90%	10GB	negative	FusionSeeker	false_fusion	3	1	False_Call
ENSG00000169946:ENSG00000251003	90%	10GB	positive	FusionSeeker	false_fusion	2	1	False_Call
ENSG00000169946:ENSG00000251003	95%	100GB	negative	FusionSeeker	false_fusion	16	1	False_Call
ENSG00000169946:ENSG00000251003	95%	100GB	positive	FusionSeeker	false_fusion	15	1	False_Call
ENSG00000169946:ENSG00000251003	95%	10GB	negative	FusionSeeker	false_fusion	3	1	False_Call
ENSG00000169946:ENSG00000251003	95%	10GB	positive	FusionSeeker	false_fusion	4	1	False_Call
ENSG00000170144:ENSG00000198551	85%	100GB	positive	LongGF	reverse_order:truncated_tri_fusion	17	1	Partial_Recall
ENSG00000170144:ENSG00000198551	90%	100GB	positive	LongGF	reverse_order:truncated_tri_fusion	32	1	Partial_Recall
ENSG00000170144:ENSG00000198551	90%	10GB	positive	LongGF	reverse_order:truncated_tri_fusion	2	1	Partial_Recall
ENSG00000170144:ENSG00000198551	95%	100GB	positive	Genion	reverse_order:truncated_tri_fusion	23	2	Partial_Recall
ENSG00000170144:ENSG00000198551	95%	100GB	positive	LongGF	reverse_order:truncated_tri_fusion	38	2	Partial_Recall
ENSG00000170144:ENSG00000198551	95%	10GB	positive	GFSeeker	reverse_order:truncated_tri_fusion	4	2	Partial_Recall
ENSG00000170144:ENSG00000198551	95%	10GB	positive	LongGF	reverse_order:truncated_tri_fusion	4	2	Partial_Recall
ENSG00000170231:ENSG00000231530	90%	100GB	positive	JAFFAL	truncated_tri_fusion	3	1	Partial_Recall
ENSG00000170231:ENSG00000231530	95%	100GB	positive	Genion	truncated_tri_fusion	10	2	Partial_Recall
ENSG00000170231:ENSG00000231530	95%	100GB	positive	JAFFAL	truncated_tri_fusion	21	2	Partial_Recall
ENSG00000170448:ENSG00000003393	90%	10GB	positive	GFSeeker	truncated_tri_fusion	3	1	Partial_Recall
ENSG00000170448:ENSG00000145916	90%	100GB	positive	FusionSeeker	truncated_tri_fusion	6	1	Partial_Recall
ENSG00000170448:ENSG00000145916	95%	100GB	positive	FusionSeeker	truncated_tri_fusion	9	1	Partial_Recall
ENSG00000170634:ENSG00000143630	85%	10GB	positive	GFSeeker	reverse_order: hybrid	2	1	Partial_Recall
ENSG00000170634:ENSG00000143630	90%	10GB	positive	GFSeeker	reverse_order: hybrid	7	1	Partial_Recall
ENSG00000170634:ENSG00000143630	90%	1GB	positive	GFSeeker	reverse_order: hybrid	2	1	Partial_Recall
ENSG00000170634:ENSG00000143630	95%	10GB	positive	GFSeeker	reverse_order: hybrid	4	1	Partial_Recall
ENSG00000170873:ENSG00000109339	95%	100GB	positive	JAFFAL	hybrid	9	1	True_Recall
ENSG00000170873:ENSG00000109339	95%	10GB	positive	GFSeeker	hybrid	2	1	True_Recall
ENSG00000170889:ENSG00000008988	85%	100GB	negative	FusionSeeker	false_fusion	2	1	False_Call
ENSG00000170889:ENSG00000091513	95%	100GB	negative	FusionSeeker	false_fusion	2	1	False_Call
ENSG00000170889:ENSG00000156508	85%	100GB	negative	FusionSeeker	false_fusion	2	1	False_Call
ENSG00000170889:ENSG00000156508	95%	10GB	positive	GFSeeker	false_fusion	2	1	False_Call
ENSG00000170889:ENSG00000211459	90%	100GB	positive	FusionSeeker	false_fusion:mitochondrial_genomic	2	1	False_Call
ENSG00000170954:ENSG00000183137	85%	100GB	positive	FusionSeeker	hybrid	8	1	True_Recall
ENSG00000170954:ENSG00000183137	85%	10GB	positive	GFSeeker	hybrid	3	1	True_Recall
ENSG00000170954:ENSG00000183137	90%	100GB	positive	FusionSeeker	hybrid	10	1	True_Recall
ENSG00000170954:ENSG00000183137	90%	10GB	positive	CTAT-LR-Fusion	hybrid	2	2	True_Recall
ENSG00000170954:ENSG00000183137	90%	10GB	positive	GFSeeker	hybrid	7	2	True_Recall
ENSG00000170954:ENSG00000183137	90%	1GB	positive	GFSeeker	hybrid	2	1	True_Recall
ENSG00000170954:ENSG00000183137	95%	100GB	positive	CTAT-LR-Fusion	hybrid	15	2	True_Recall
ENSG00000170954:ENSG00000183137	95%	100GB	positive	FusionSeeker	hybrid	4	2	True_Recall
ENSG00000171109:ENSG00000174306	85%	100GB	positive	JAFFAL	truncated_tri_fusion	12	2	Partial_Recall
ENSG00000171109:ENSG00000174306	85%	100GB	positive	LongGF	truncated_tri_fusion	16	2	Partial_Recall
ENSG00000171109:ENSG00000174306	90%	100GB	positive	CTAT-LR-Fusion	truncated_tri_fusion	12	3	Partial_Recall
ENSG00000171109:ENSG00000174306	90%	100GB	positive	JAFFAL	truncated_tri_fusion	24	3	Partial_Recall
ENSG00000171109:ENSG00000174306	90%	100GB	positive	LongGF	truncated_tri_fusion	23	3	Partial_Recall
ENSG00000171109:ENSG00000174306	95%	100GB	positive	CTAT-LR-Fusion	truncated_tri_fusion	13	3	Partial_Recall
ENSG00000171109:ENSG00000174306	95%	100GB	positive	JAFFAL	truncated_tri_fusion	19	3	Partial_Recall
ENSG00000171109:ENSG00000174306	95%	100GB	positive	LongGF	truncated_tri_fusion	15	3	Partial_Recall
ENSG00000171109:ENSG00000174306	95%	10GB	positive	JAFFAL	truncated_tri_fusion	3	2	Partial_Recall
ENSG00000171109:ENSG00000174306	95%	10GB	positive	LongGF	truncated_tri_fusion	2	2	Partial_Recall
ENSG00000171236:ENSG00000214456	85%	100GB	negative	Genion	false_fusion	3	1	False_Call
ENSG00000171451:ENSG00000265533	85%	100GB	negative	FusionSeeker	false_fusion	9	1	False_Call
ENSG00000171451:ENSG00000265533	85%	100GB	positive	FusionSeeker	false_fusion	10	1	False_Call
ENSG00000171451:ENSG00000265533	85%	10GB	negative	FusionSeeker	false_fusion	2	1	False_Call
ENSG00000171451:ENSG00000265533	85%	10GB	positive	FusionSeeker	false_fusion	2	1	False_Call
ENSG00000171451:ENSG00000265533	90%	100GB	negative	FusionSeeker	false_fusion	17	1	False_Call
ENSG00000171451:ENSG00000265533	90%	100GB	positive	FusionSeeker	false_fusion	13	1	False_Call
ENSG00000171451:ENSG00000265533	95%	100GB	negative	FusionSeeker	false_fusion	19	1	False_Call
ENSG00000171451:ENSG00000265533	95%	100GB	positive	FusionSeeker	false_fusion	20	1	False_Call
ENSG00000171530:ENSG00000075624	85%	100GB	negative	FusionSeeker	false_fusion	16	1	False_Call
ENSG00000171530:ENSG00000075624	85%	100GB	positive	FusionSeeker	false_fusion	10	1	False_Call
ENSG00000171530:ENSG00000075624	85%	10GB	negative	FusionSeeker	false_fusion	2	1	False_Call
ENSG00000171552:ENSG00000163631	95%	100GB	positive	FusionSeeker	false_fusion	2	1	False_Call
ENSG00000171560:ENSG00000210082	85%	100GB	positive	FusionSeeker	false_fusion:mitochondrial_genomic	2	1	False_Call
ENSG00000171735:ENSG00000144815	85%	100GB	positive	FusionSeeker	reverse_order:truncated_tri_fusion	29	1	Partial_Recall
ENSG00000171735:ENSG00000144815	85%	10GB	positive	FusionSeeker	reverse_order:truncated_tri_fusion	2	1	Partial_Recall
ENSG00000171735:ENSG00000144815	90%	100GB	positive	FusionSeeker	reverse_order:truncated_tri_fusion	32	1	Partial_Recall
ENSG00000171735:ENSG00000144815	95%	100GB	positive	FusionSeeker	reverse_order:truncated_tri_fusion	33	1	Partial_Recall
ENSG00000171735:ENSG00000144815	95%	10GB	positive	FusionSeeker	reverse_order:truncated_tri_fusion	4	2	Partial_Recall
ENSG00000171735:ENSG00000144815	95%	10GB	positive	GFSeeker	reverse_order:truncated_tri_fusion	2	2	Partial_Recall
ENSG00000171735:ENSG00000224699	85%	100GB	positive	FusionSeeker	false_fusion	3	1	False_Call
ENSG00000171766:ENSG00000166145	85%	10GB	positive	CTAT-LR-Fusion	intra_chromosome	2	1	True_Recall
ENSG00000171766:ENSG00000166145	90%	100GB	positive	CTAT-LR-Fusion	intra_chromosome	29	1	True_Recall
ENSG00000171766:ENSG00000166145	90%	10GB	positive	CTAT-LR-Fusion	intra_chromosome	4	1	True_Recall
ENSG00000171766:ENSG00000166145	95%	100GB	positive	CTAT-LR-Fusion	intra_chromosome	22	1	True_Recall
ENSG00000171858:ENSG00000158874	95%	100GB	negative	JAFFAL	false_fusion	2	1	False_Call
ENSG00000171858:ENSG00000210082	85%	100GB	positive	FusionSeeker	false_fusion:mitochondrial_genomic	2	1	False_Call
ENSG00000171858:ENSG00000240972	90%	100GB	negative	LongGF	false_fusion	2	1	False_Call
ENSG00000171858:ENSG00000251357	90%	100GB	negative	FusionSeeker	false_fusion	2	1	False_Call
ENSG00000171858:ENSG00000263327	85%	100GB	negative	FusionSeeker	false_fusion	2	1	False_Call
ENSG00000171862:ENSG00000237984	85%	100GB	negative	FusionSeeker	false_fusion	2	1	False_Call
ENSG00000171863:ENSG00000156508	85%	100GB	negative	FusionSeeker	false_fusion	2	1	False_Call
ENSG00000171863:ENSG00000163631	85%	100GB	positive	FusionSeeker	false_fusion	2	1	False_Call
ENSG00000171863:ENSG00000163631	85%	10GB	positive	GFSeeker	false_fusion	2	1	False_Call
ENSG00000171863:ENSG00000163631	90%	100GB	positive	FusionSeeker	false_fusion	4	1	False_Call
ENSG00000171863:ENSG00000197249	85%	100GB	negative	LongGF	false_fusion	4	1	False_Call
ENSG00000171863:ENSG00000211459	85%	100GB	negative	FusionSeeker	false_fusion:mitochondrial_genomic	5	1	False_Call
ENSG00000171863:ENSG00000262651	85%	100GB	negative	FusionSeeker	false_fusion	2	1	False_Call
ENSG00000171863:ENSG00000262651	90%	100GB	negative	FusionSeeker	false_fusion	3	1	False_Call
ENSG00000171988:ENSG00000066427	85%	100GB	positive	FusionSeeker	false_fusion	45	1	False_Call
ENSG00000171988:ENSG00000066427	85%	10GB	positive	FusionSeeker	false_fusion	6	1	False_Call
ENSG00000171988:ENSG00000066427	90%	100GB	positive	FusionSeeker	false_fusion	49	1	False_Call
ENSG00000171988:ENSG00000066427	90%	10GB	positive	FusionSeeker	false_fusion	4	1	False_Call
ENSG00000171988:ENSG00000066427	95%	100GB	positive	FusionSeeker	false_fusion	83	1	False_Call
ENSG00000171988:ENSG00000066427	95%	10GB	positive	FusionSeeker	false_fusion	5	1	False_Call
ENSG00000171988:ENSG00000162944	95%	100GB	positive	FusionSeeker	false_fusion	4	1	False_Call
ENSG00000171988:ENSG00000267586	95%	100GB	positive	FusionSeeker	false_fusion	2	1	False_Call
ENSG00000172023:ENSG00000290771	85%	100GB	negative	Genion	false_fusion	4	1	False_Call
ENSG00000172167:ENSG00000172164	85%	100GB	positive	FusionSeeker	false_fusion	2	1	False_Call
ENSG00000172260:ENSG00000057608	85%	100GB	negative	FusionSeeker	false_fusion	2	1	False_Call
ENSG00000172260:ENSG00000057608	85%	100GB	positive	FusionSeeker	false_fusion	2	1	False_Call
ENSG00000172264:ENSG00000235914	85%	100GB	positive	FusionSeeker	false_fusion	8	1	False_Call
ENSG00000172264:ENSG00000235914	90%	100GB	negative	FusionSeeker	false_fusion	21	1	False_Call
ENSG00000172264:ENSG00000235914	90%	100GB	positive	FusionSeeker	false_fusion	11	1	False_Call
ENSG00000172264:ENSG00000235914	95%	100GB	negative	FusionSeeker	false_fusion	24	1	False_Call
ENSG00000172264:ENSG00000235914	95%	100GB	positive	FusionSeeker	false_fusion	14	1	False_Call
ENSG00000172264:ENSG00000286546	85%	100GB	negative	FusionSeeker	false_fusion:Sense-Antisense	8	1	False_Call
ENSG00000172264:ENSG00000286546	85%	100GB	positive	FusionSeeker	false_fusion:Sense-Antisense	7	1	False_Call
ENSG00000172264:ENSG00000286546	85%	10GB	positive	FusionSeeker	false_fusion:Sense-Antisense	2	1	False_Call
ENSG00000172264:ENSG00000286546	90%	100GB	negative	FusionSeeker	false_fusion:Sense-Antisense	2	1	False_Call
ENSG00000172264:ENSG00000286546	90%	100GB	positive	FusionSeeker	false_fusion:Sense-Antisense	4	1	False_Call
ENSG00000172270:ENSG00000095066	85%	100GB	positive	FusionSeeker	reverse_order: intra_chromosome	4	1	Partial_Recall
ENSG00000172270:ENSG00000095066	90%	100GB	positive	FusionSeeker	reverse_order: intra_chromosome	25	1	Partial_Recall
ENSG00000172270:ENSG00000095066	90%	10GB	positive	FusionSeeker	reverse_order: intra_chromosome	3	1	Partial_Recall
ENSG00000172270:ENSG00000095066	95%	100GB	positive	FusionSeeker	reverse_order: intra_chromosome	46	1	Partial_Recall
ENSG00000172270:ENSG00000095066	95%	10GB	positive	FusionSeeker	reverse_order: intra_chromosome	2	1	Partial_Recall
ENSG00000172339:ENSG00000071894	85%	100GB	positive	FusionSeeker	truncated_tri_fusion	19	1	Partial_Recall
ENSG00000172339:ENSG00000071894	90%	100GB	positive	FusionSeeker	truncated_tri_fusion	96	1	Partial_Recall
ENSG00000172339:ENSG00000071894	90%	10GB	positive	FusionSeeker	truncated_tri_fusion	8	1	Partial_Recall
ENSG00000172339:ENSG00000071894	95%	100GB	positive	FusionSeeker	truncated_tri_fusion	156	1	Partial_Recall
ENSG00000172339:ENSG00000071894	95%	10GB	positive	FusionSeeker	truncated_tri_fusion	16	1	Partial_Recall
ENSG00000172342:ENSG00000242854	95%	100GB	positive	Genion	false_fusion	2	1	False_Call
ENSG00000172380:ENSG00000232284	85%	100GB	negative	FusionSeeker	false_fusion	6	1	False_Call
ENSG00000172380:ENSG00000232284	85%	100GB	positive	FusionSeeker	false_fusion	11	1	False_Call
ENSG00000172380:ENSG00000232284	90%	100GB	negative	FusionSeeker	false_fusion	19	1	False_Call
ENSG00000172380:ENSG00000232284	90%	100GB	positive	FusionSeeker	false_fusion	23	1	False_Call
ENSG00000172380:ENSG00000232284	95%	100GB	negative	FusionSeeker	false_fusion	24	1	False_Call
ENSG00000172380:ENSG00000232284	95%	100GB	positive	FusionSeeker	false_fusion	23	1	False_Call
ENSG00000172380:ENSG00000232284	95%	10GB	positive	FusionSeeker	false_fusion	2	1	False_Call
ENSG00000172404:ENSG00000226024	85%	100GB	positive	CTAT-LR-Fusion	intra_chromosome	24	2	True_Recall
ENSG00000172404:ENSG00000226024	85%	100GB	positive	Genion	intra_chromosome	6	2	True_Recall
ENSG00000172404:ENSG00000226024	90%	100GB	positive	CTAT-LR-Fusion	intra_chromosome	24	2	True_Recall
ENSG00000172404:ENSG00000226024	90%	100GB	positive	Genion	intra_chromosome	7	2	True_Recall
ENSG00000172404:ENSG00000226024	95%	100GB	positive	CTAT-LR-Fusion	intra_chromosome	21	2	True_Recall
ENSG00000172404:ENSG00000226024	95%	100GB	positive	Genion	intra_chromosome	5	2	True_Recall
ENSG00000172404:ENSG00000226024	95%	10GB	positive	CTAT-LR-Fusion	intra_chromosome	4	1	True_Recall
ENSG00000172575:ENSG00000228141	85%	100GB	positive	FusionSeeker	reverse_order: intra_chromosome	55	2	Partial_Recall
ENSG00000172575:ENSG00000228141	85%	100GB	positive	Genion	reverse_order: intra_chromosome	21	2	Partial_Recall
ENSG00000172575:ENSG00000228141	90%	100GB	positive	FusionSeeker	reverse_order: intra_chromosome	162	2	Partial_Recall
ENSG00000172575:ENSG00000228141	90%	100GB	positive	Genion	reverse_order: intra_chromosome	31	2	Partial_Recall
ENSG00000172575:ENSG00000228141	90%	10GB	positive	FusionSeeker	reverse_order: intra_chromosome	5	1	Partial_Recall
ENSG00000172575:ENSG00000228141	95%	100GB	positive	FusionSeeker	reverse_order: intra_chromosome	370	2	Partial_Recall
ENSG00000172575:ENSG00000228141	95%	100GB	positive	Genion	reverse_order: intra_chromosome	42	2	Partial_Recall
ENSG00000172575:ENSG00000228141	95%	10GB	positive	FusionSeeker	reverse_order: intra_chromosome	26	1	Partial_Recall
ENSG00000172757:ENSG00000167996	90%	100GB	negative	JAFFAL	false_fusion	2	1	False_Call
ENSG00000172757:ENSG00000204628	85%	100GB	negative	FusionSeeker	false_fusion	2	3	False_Call
ENSG00000172757:ENSG00000204628	85%	100GB	negative	JAFFAL	false_fusion	2	3	False_Call
ENSG00000172757:ENSG00000204628	85%	100GB	negative	LongGF	false_fusion	2	3	False_Call
ENSG00000172780:ENSG00000240682	95%	100GB	negative	Genion	false_fusion	2	1	False_Call
ENSG00000172780:ENSG00000240682	95%	100GB	positive	Genion	false_fusion	2	1	False_Call
ENSG00000172782:ENSG00000161513	85%	10GB	positive	GFSeeker	reverse_order: read_through	2	1	Partial_Recall
ENSG00000172809:ENSG00000198712	95%	100GB	negative	FusionSeeker	false_fusion:mitochondrial_genomic	2	1	False_Call
ENSG00000172809:ENSG00000198712	95%	100GB	negative	LongGF	false_fusion	2	1	False_Call
ENSG00000172809:ENSG00000227088	85%	100GB	negative	FusionSeeker	false_fusion	27	1	False_Call
ENSG00000172809:ENSG00000227088	85%	100GB	positive	FusionSeeker	false_fusion	26	1	False_Call
ENSG00000172809:ENSG00000227088	85%	10GB	negative	FusionSeeker	false_fusion	2	1	False_Call
ENSG00000172809:ENSG00000227088	85%	10GB	positive	FusionSeeker	false_fusion	4	1	False_Call
ENSG00000172809:ENSG00000227088	90%	100GB	negative	FusionSeeker	false_fusion	5	1	False_Call
ENSG00000172809:ENSG00000227088	90%	100GB	positive	FusionSeeker	false_fusion	4	1	False_Call
ENSG00000172809:ENSG00000244422	85%	100GB	negative	FusionSeeker	false_fusion	6	1	False_Call
ENSG00000172809:ENSG00000244422	85%	100GB	positive	FusionSeeker	false_fusion	5	1	False_Call
ENSG00000172922:ENSG00000072201	85%	100GB	positive	JAFFAL	false_fusion	8	1	False_Call
ENSG00000172922:ENSG00000072201	90%	100GB	positive	JAFFAL	false_fusion	12	1	False_Call
ENSG00000172922:ENSG00000072201	90%	10GB	positive	JAFFAL	false_fusion	2	1	False_Call
ENSG00000172922:ENSG00000072201	95%	100GB	positive	JAFFAL	false_fusion	9	1	False_Call
ENSG00000172922:ENSG00000145216	85%	100GB	positive	FusionSeeker	reverse_order:truncated_tri_fusion	2	1	Partial_Recall
ENSG00000172922:ENSG00000145216	90%	100GB	positive	FusionSeeker	reverse_order:truncated_tri_fusion	5	1	Partial_Recall
ENSG00000172922:ENSG00000145216	95%	100GB	positive	FusionSeeker	reverse_order:truncated_tri_fusion	3	1	Partial_Recall
ENSG00000172965:ENSG00000285016	85%	100GB	negative	FusionSeeker	false_fusion	10	1	False_Call
ENSG00000172965:ENSG00000285016	85%	100GB	positive	FusionSeeker	false_fusion	5	1	False_Call
ENSG00000172965:ENSG00000285016	90%	100GB	negative	FusionSeeker	false_fusion	2	1	False_Call
ENSG00000172977:ENSG00000145216	85%	100GB	positive	FusionSeeker	false_fusion	31	1	False_Call
ENSG00000172977:ENSG00000145216	90%	100GB	positive	FusionSeeker	false_fusion	31	1	False_Call
ENSG00000172977:ENSG00000145216	90%	10GB	positive	FusionSeeker	false_fusion	3	1	False_Call
ENSG00000172977:ENSG00000145216	95%	100GB	positive	FusionSeeker	false_fusion	27	1	False_Call
ENSG00000172977:ENSG00000145216	95%	10GB	positive	FusionSeeker	false_fusion	2	1	False_Call
ENSG00000172977:ENSG00000172922	85%	100GB	positive	FusionSeeker	false_fusion	13	1	False_Call
ENSG00000172977:ENSG00000172922	90%	100GB	positive	FusionSeeker	false_fusion	20	1	False_Call
ENSG00000172977:ENSG00000172922	90%	10GB	positive	FusionSeeker	false_fusion	2	1	False_Call
ENSG00000172977:ENSG00000172922	95%	100GB	positive	FusionSeeker	false_fusion	22	1	False_Call
ENSG00000172977:ENSG00000172922	95%	10GB	positive	FusionSeeker	false_fusion	5	1	False_Call
ENSG00000173077:ENSG00000228714	85%	100GB	negative	FusionSeeker	false_fusion:Sense-Antisense	20	1	False_Call
ENSG00000173077:ENSG00000228714	85%	100GB	positive	FusionSeeker	false_fusion:Sense-Antisense	28	1	False_Call
ENSG00000173077:ENSG00000228714	85%	10GB	negative	FusionSeeker	false_fusion:Sense-Antisense	2	1	False_Call
ENSG00000173077:ENSG00000228714	85%	10GB	positive	FusionSeeker	false_fusion:Sense-Antisense	3	1	False_Call
ENSG00000173077:ENSG00000228714	90%	100GB	negative	FusionSeeker	false_fusion:Sense-Antisense	39	1	False_Call
ENSG00000173077:ENSG00000228714	90%	100GB	positive	FusionSeeker	false_fusion:Sense-Antisense	32	1	False_Call
ENSG00000173077:ENSG00000228714	90%	10GB	negative	FusionSeeker	false_fusion:Sense-Antisense	2	1	False_Call
ENSG00000173077:ENSG00000228714	90%	10GB	positive	FusionSeeker	false_fusion:Sense-Antisense	5	1	False_Call
ENSG00000173077:ENSG00000228714	95%	100GB	negative	FusionSeeker	false_fusion:Sense-Antisense	34	1	False_Call
ENSG00000173077:ENSG00000228714	95%	100GB	positive	FusionSeeker	false_fusion:Sense-Antisense	49	1	False_Call
ENSG00000173077:ENSG00000228714	95%	10GB	negative	FusionSeeker	false_fusion:Sense-Antisense	2	1	False_Call
ENSG00000173077:ENSG00000228714	95%	10GB	positive	FusionSeeker	false_fusion:Sense-Antisense	6	1	False_Call
ENSG00000173113:ENSG00000183696	85%	100GB	positive	FusionSeeker	reverse_order:truncated_tri_fusion	15	1	Partial_Recall
ENSG00000173113:ENSG00000183696	90%	100GB	positive	FusionSeeker	reverse_order:truncated_tri_fusion	45	1	Partial_Recall
ENSG00000173113:ENSG00000183696	95%	100GB	positive	FusionSeeker	reverse_order:truncated_tri_fusion	61	1	Partial_Recall
ENSG00000173113:ENSG00000183696	95%	10GB	positive	FusionSeeker	reverse_order:truncated_tri_fusion	4	1	Partial_Recall
ENSG00000173113:ENSG00000183696:ENSG00000244485	90%	100GB	positive	Genion	wrong_order:tri_fusion	9	1	Partial_Recall
ENSG00000173113:ENSG00000183696:ENSG00000244485	95%	100GB	positive	Genion	wrong_order:tri_fusion	15	1	Partial_Recall
ENSG00000173113:ENSG00000244485	90%	100GB	positive	Genion	reverse_order:truncated_tri_fusion	5	1	Partial_Recall
ENSG00000173113:ENSG00000260983	85%	100GB	positive	FusionSeeker	false_fusion	17	1	False_Call
ENSG00000173113:ENSG00000260983	90%	100GB	positive	FusionSeeker	false_fusion	46	1	False_Call
ENSG00000173113:ENSG00000260983	90%	10GB	positive	FusionSeeker	false_fusion	4	1	False_Call
ENSG00000173113:ENSG00000260983	95%	100GB	positive	FusionSeeker	false_fusion	62	1	False_Call
ENSG00000173113:ENSG00000260983	95%	10GB	positive	FusionSeeker	false_fusion	4	1	False_Call
ENSG00000173166:ENSG00000137807	95%	10GB	positive	CTAT-LR-Fusion	hybrid	2	2	True_Recall
ENSG00000173166:ENSG00000137807	95%	10GB	positive	GFSeeker	hybrid	3	2	True_Recall
ENSG00000173285:ENSG00000198965	85%	100GB	positive	Genion	read_through	25	1	True_Recall
ENSG00000173285:ENSG00000198965	90%	100GB	positive	Genion	read_through	27	1	True_Recall
ENSG00000173285:ENSG00000198965	95%	100GB	positive	Genion	read_through	17	1	True_Recall
ENSG00000173406:ENSG00000258344	85%	100GB	negative	FusionSeeker	false_fusion	5	1	False_Call
ENSG00000173406:ENSG00000258344	85%	100GB	positive	FusionSeeker	false_fusion	3	1	False_Call
ENSG00000173406:ENSG00000258344	85%	10GB	negative	FusionSeeker	false_fusion	2	1	False_Call
ENSG00000173406:ENSG00000258344	90%	100GB	negative	FusionSeeker	false_fusion	3	1	False_Call
ENSG00000173436:ENSG00000164587	85%	100GB	negative	FusionSeeker	false_fusion	9	1	False_Call
ENSG00000173436:ENSG00000164587	85%	100GB	positive	FusionSeeker	false_fusion	13	1	False_Call
ENSG00000173436:ENSG00000164587	85%	10GB	positive	FusionSeeker	false_fusion	2	1	False_Call
ENSG00000173436:ENSG00000164587	90%	100GB	negative	FusionSeeker	false_fusion	2	1	False_Call
ENSG00000173436:ENSG00000164587	90%	100GB	positive	FusionSeeker	false_fusion	2	1	False_Call
ENSG00000173638:ENSG00000109339	85%	100GB	positive	FusionSeeker	truncated_tri_fusion	17	2	Partial_Recall
ENSG00000173638:ENSG00000109339	85%	100GB	positive	JAFFAL	truncated_tri_fusion	7	2	Partial_Recall
ENSG00000173638:ENSG00000109339	90%	100GB	positive	FusionSeeker	truncated_tri_fusion	36	2	Partial_Recall
ENSG00000173638:ENSG00000109339	90%	100GB	positive	JAFFAL	truncated_tri_fusion	22	2	Partial_Recall
ENSG00000173638:ENSG00000109339	90%	10GB	positive	FusionSeeker	truncated_tri_fusion	2	1	Partial_Recall
ENSG00000173638:ENSG00000109339	95%	100GB	positive	CTAT-LR-Fusion	truncated_tri_fusion	14	3	Partial_Recall
ENSG00000173638:ENSG00000109339	95%	100GB	positive	FusionSeeker	truncated_tri_fusion	34	3	Partial_Recall
ENSG00000173638:ENSG00000109339	95%	100GB	positive	JAFFAL	truncated_tri_fusion	22	3	Partial_Recall
ENSG00000173638:ENSG00000109339	95%	10GB	positive	FusionSeeker	truncated_tri_fusion	2	1	Partial_Recall
ENSG00000173726:ENSG00000291136	85%	100GB	positive	FusionSeeker	false_fusion	2	1	False_Call
ENSG00000173812:ENSG00000087086	90%	100GB	positive	FusionSeeker	false_fusion	2	1	False_Call
ENSG00000173812:ENSG00000159111	90%	100GB	positive	FusionSeeker	false_fusion	2	1	False_Call
ENSG00000173812:ENSG00000163631	85%	10GB	positive	GFSeeker	false_fusion	2	1	False_Call
ENSG00000174021:ENSG00000100219	85%	10GB	positive	GFSeeker	false_fusion	2	1	False_Call
ENSG00000174021:ENSG00000197099	90%	100GB	negative	FusionSeeker	false_fusion	2	1	False_Call
ENSG00000174306:ENSG00000155307	85%	100GB	positive	FusionSeeker	truncated_tri_fusion	41	1	Partial_Recall
ENSG00000174306:ENSG00000155307	85%	10GB	positive	FusionSeeker	truncated_tri_fusion	2	1	Partial_Recall
ENSG00000174306:ENSG00000155307	90%	100GB	positive	FusionSeeker	truncated_tri_fusion	78	1	Partial_Recall
ENSG00000174306:ENSG00000155307	90%	10GB	positive	CTAT-LR-Fusion	truncated_tri_fusion	2	2	Partial_Recall
ENSG00000174306:ENSG00000155307	90%	10GB	positive	FusionSeeker	truncated_tri_fusion	3	2	Partial_Recall
ENSG00000174306:ENSG00000155307	95%	100GB	positive	FusionSeeker	truncated_tri_fusion	46	1	Partial_Recall
ENSG00000174306:ENSG00000155307	95%	10GB	positive	FusionSeeker	truncated_tri_fusion	6	1	Partial_Recall
ENSG00000174306:ENSG00000171109	85%	100GB	positive	FusionSeeker	reverse_order:truncated_tri_fusion	19	1	Partial_Recall
ENSG00000174306:ENSG00000171109	90%	100GB	positive	FusionSeeker	reverse_order:truncated_tri_fusion	27	1	Partial_Recall
ENSG00000174306:ENSG00000171109	90%	10GB	positive	FusionSeeker	reverse_order:truncated_tri_fusion	2	1	Partial_Recall
ENSG00000174306:ENSG00000171109	95%	100GB	positive	FusionSeeker	reverse_order:truncated_tri_fusion	21	1	Partial_Recall
ENSG00000174306:ENSG00000171109	95%	10GB	positive	FusionSeeker	reverse_order:truncated_tri_fusion	3	1	Partial_Recall
ENSG00000174306:ENSG00000233874	85%	100GB	positive	FusionSeeker	false_fusion	2	1	False_Call
ENSG00000174384:ENSG00000291092	95%	100GB	positive	FusionSeeker	false_fusion	5	1	False_Call
ENSG00000174418:ENSG00000136942	85%	100GB	negative	FusionSeeker	false_fusion	2	1	False_Call
ENSG00000174444:ENSG00000091513	95%	100GB	negative	FusionSeeker	false_fusion	2	1	False_Call
ENSG00000174444:ENSG00000210082	90%	100GB	positive	FusionSeeker	false_fusion:mitochondrial_genomic	2	1	False_Call
ENSG00000174695:ENSG00000221886	85%	100GB	positive	FusionSeeker	reverse_order: intra_chromosome	86	2	Partial_Recall
ENSG00000174695:ENSG00000221886	85%	100GB	positive	Genion	reverse_order: intra_chromosome	29	2	Partial_Recall
ENSG00000174695:ENSG00000221886	85%	10GB	positive	FusionSeeker	reverse_order: intra_chromosome	14	1	Partial_Recall
ENSG00000174695:ENSG00000221886	90%	100GB	positive	FusionSeeker	reverse_order: intra_chromosome	66	2	Partial_Recall
ENSG00000174695:ENSG00000221886	90%	100GB	positive	Genion	reverse_order: intra_chromosome	30	2	Partial_Recall
ENSG00000174695:ENSG00000221886	90%	10GB	positive	FusionSeeker	reverse_order: intra_chromosome	9	1	Partial_Recall
ENSG00000174695:ENSG00000221886	95%	100GB	positive	FusionSeeker	reverse_order: intra_chromosome	99	3	Partial_Recall
ENSG00000174695:ENSG00000221886	95%	100GB	positive	Genion	reverse_order: intra_chromosome	38	3	Partial_Recall
ENSG00000174695:ENSG00000221886	95%	100GB	positive	LongGF	reverse_order: intra_chromosome	2	3	Partial_Recall
ENSG00000174695:ENSG00000221886	95%	10GB	positive	FusionSeeker	reverse_order: intra_chromosome	7	1	Partial_Recall
ENSG00000174891:ENSG00000276535	85%	100GB	positive	FusionSeeker	false_fusion	6	1	False_Call
ENSG00000174891:ENSG00000276535	90%	100GB	positive	FusionSeeker	false_fusion	2	1	False_Call
ENSG00000175279:ENSG00000241563	90%	100GB	negative	Genion	false_fusion	2	1	False_Call
ENSG00000175334:ENSG00000066322	85%	100GB	positive	JAFFAL	truncated_tri_fusion	2	1	Partial_Recall
ENSG00000175334:ENSG00000066322	90%	100GB	positive	JAFFAL	truncated_tri_fusion	15	1	Partial_Recall
ENSG00000175334:ENSG00000066322	90%	10GB	positive	JAFFAL	truncated_tri_fusion	3	1	Partial_Recall
ENSG00000175334:ENSG00000066322	95%	100GB	positive	JAFFAL	truncated_tri_fusion	11	1	Partial_Recall
ENSG00000175334:ENSG00000189326	85%	100GB	positive	FusionSeeker	truncated_tri_fusion	2	1	Partial_Recall
ENSG00000175334:ENSG00000189326	90%	100GB	positive	FusionSeeker	truncated_tri_fusion	13	1	Partial_Recall
ENSG00000175334:ENSG00000189326	95%	100GB	positive	FusionSeeker	truncated_tri_fusion	18	1	Partial_Recall
ENSG00000175334:ENSG00000189326	95%	10GB	positive	FusionSeeker	truncated_tri_fusion	2	1	Partial_Recall
ENSG00000175390:ENSG00000071082	90%	100GB	positive	FusionSeeker	false_fusion	2	1	False_Call
ENSG00000175390:ENSG00000233426	85%	100GB	positive	FusionSeeker	false_fusion	4	1	False_Call
ENSG00000175414:ENSG00000210082	90%	100GB	positive	FusionSeeker	false_fusion:mitochondrial_genomic	2	1	False_Call
ENSG00000175701:ENSG00000077380	90%	100GB	positive	FusionSeeker	false_fusion	2	1	False_Call
ENSG00000175701:ENSG00000135205	90%	100GB	positive	FusionSeeker	false_fusion	2	1	False_Call
ENSG00000175779:ENSG00000259423	90%	100GB	positive	CTAT-LR-Fusion	false_fusion	13	1	False_Call
ENSG00000175779:ENSG00000259423	95%	100GB	negative	CTAT-LR-Fusion	false_fusion	25	1	False_Call
ENSG00000175779:ENSG00000259423	95%	100GB	positive	CTAT-LR-Fusion	false_fusion	26	1	False_Call
ENSG00000175899:ENSG00000126838	85%	100GB	positive	FusionSeeker	false_fusion	2	1	False_Call
ENSG00000175899:ENSG00000161016	95%	100GB	negative	FusionSeeker	false_fusion	2	2	False_Call
ENSG00000175899:ENSG00000161016	95%	100GB	negative	JAFFAL	false_fusion	2	2	False_Call
ENSG00000176124:ENSG00000226961	85%	100GB	positive	FusionSeeker	reverse_order:truncated_tri_fusion	4	1	Partial_Recall
ENSG00000176124:ENSG00000226961	90%	100GB	positive	FusionSeeker	reverse_order:truncated_tri_fusion	12	1	Partial_Recall
ENSG00000176124:ENSG00000226961	90%	10GB	positive	FusionSeeker	reverse_order:truncated_tri_fusion	2	1	Partial_Recall
ENSG00000176124:ENSG00000226961	95%	100GB	positive	FusionSeeker	reverse_order:truncated_tri_fusion	28	2	Partial_Recall
ENSG00000176124:ENSG00000226961	95%	100GB	positive	Genion	reverse_order:truncated_tri_fusion	9	2	Partial_Recall
ENSG00000176124:ENSG00000226961	95%	10GB	positive	FusionSeeker	reverse_order:truncated_tri_fusion	5	1	Partial_Recall
ENSG00000176124:ENSG00000236204	90%	100GB	negative	FusionSeeker	false_fusion	2	1	False_Call
ENSG00000176153:ENSG00000071082	90%	100GB	negative	JAFFAL	false_fusion	2	1	False_Call
ENSG00000176153:ENSG00000177600	85%	100GB	positive	LongGF	false_fusion	2	1	False_Call
ENSG00000176153:ENSG00000198938	85%	100GB	positive	LongGF	false_fusion	2	1	False_Call
ENSG00000176343:ENSG00000197756	85%	100GB	negative	FusionSeeker	false_fusion	16	1	False_Call
ENSG00000176343:ENSG00000197756	85%	100GB	positive	FusionSeeker	false_fusion	19	1	False_Call
ENSG00000176343:ENSG00000197756	85%	10GB	positive	FusionSeeker	false_fusion	4	1	False_Call
ENSG00000176343:ENSG00000197756	90%	100GB	negative	FusionSeeker	false_fusion	5	1	False_Call
ENSG00000176343:ENSG00000197756	90%	100GB	positive	FusionSeeker	false_fusion	3	1	False_Call
ENSG00000176623:ENSG00000123124	85%	100GB	positive	FusionSeeker	false_fusion	10	1	False_Call
ENSG00000176681:ENSG00000223745	85%	100GB	positive	Genion	false_fusion	13	1	False_Call
ENSG00000176681:ENSG00000223745	90%	100GB	positive	Genion	false_fusion	22	1	False_Call
ENSG00000176681:ENSG00000223745	95%	100GB	positive	Genion	false_fusion	20	1	False_Call
ENSG00000176746:ENSG00000142627	85%	10GB	positive	GFSeeker	reverse_order:truncated_tri_fusion	3	1	Partial_Recall
ENSG00000176746:ENSG00000268066	90%	100GB	positive	FusionSeeker	reverse_order:truncated_tri_fusion	2	1	Partial_Recall
ENSG00000176746:ENSG00000268066	95%	100GB	positive	FusionSeeker	reverse_order:truncated_tri_fusion	11	1	Partial_Recall
ENSG00000177058:ENSG00000118412	85%	100GB	positive	CTAT-LR-Fusion	truncated_tri_fusion	14	2	Partial_Recall
ENSG00000177058:ENSG00000118412	85%	100GB	positive	FusionSeeker	truncated_tri_fusion	30	2	Partial_Recall
ENSG00000177058:ENSG00000118412	85%	10GB	positive	CTAT-LR-Fusion	truncated_tri_fusion	2	2	Partial_Recall
ENSG00000177058:ENSG00000118412	85%	10GB	positive	FusionSeeker	truncated_tri_fusion	3	2	Partial_Recall
ENSG00000177058:ENSG00000118412	90%	100GB	positive	CTAT-LR-Fusion	truncated_tri_fusion	29	2	Partial_Recall
ENSG00000177058:ENSG00000118412	90%	100GB	positive	FusionSeeker	truncated_tri_fusion	38	2	Partial_Recall
ENSG00000177058:ENSG00000118412	90%	10GB	positive	FusionSeeker	truncated_tri_fusion	2	1	Partial_Recall
ENSG00000177058:ENSG00000118412	95%	100GB	positive	CTAT-LR-Fusion	truncated_tri_fusion	36	2	Partial_Recall
ENSG00000177058:ENSG00000118412	95%	100GB	positive	FusionSeeker	truncated_tri_fusion	41	2	Partial_Recall
ENSG00000177058:ENSG00000118412	95%	10GB	positive	CTAT-LR-Fusion	truncated_tri_fusion	6	2	Partial_Recall
ENSG00000177058:ENSG00000118412	95%	10GB	positive	FusionSeeker	truncated_tri_fusion	6	2	Partial_Recall
ENSG00000177058:ENSG00000118412	95%	1GB	positive	CTAT-LR-Fusion	truncated_tri_fusion	2	2	Partial_Recall
ENSG00000177058:ENSG00000118412	95%	1GB	positive	FusionSeeker	truncated_tri_fusion	2	2	Partial_Recall
ENSG00000177410:ENSG00000163631	90%	100GB	positive	FusionSeeker	false_fusion	2	2	False_Call
ENSG00000177410:ENSG00000163631	90%	100GB	positive	JAFFAL	false_fusion	2	2	False_Call
ENSG00000177600:ENSG00000087086	90%	100GB	positive	FusionSeeker	false_fusion	2	1	False_Call
ENSG00000177600:ENSG00000089157	90%	100GB	negative	FusionSeeker	false_fusion	3	1	False_Call
ENSG00000177600:ENSG00000091513	90%	100GB	positive	FusionSeeker	false_fusion	2	1	False_Call
ENSG00000177600:ENSG00000102144	90%	100GB	negative	FusionSeeker	false_fusion	2	1	False_Call
ENSG00000177600:ENSG00000105640	95%	100GB	negative	FusionSeeker	false_fusion	2	1	False_Call
ENSG00000177600:ENSG00000111640	95%	100GB	positive	FusionSeeker	false_fusion	2	1	False_Call
ENSG00000177600:ENSG00000112306	95%	100GB	positive	FusionSeeker	false_fusion	2	1	False_Call
ENSG00000177600:ENSG00000131469	95%	100GB	positive	FusionSeeker	false_fusion	2	2	False_Call
ENSG00000177600:ENSG00000131469	95%	100GB	positive	JAFFAL	false_fusion	2	2	False_Call
ENSG00000177600:ENSG00000156508	90%	100GB	negative	FusionSeeker	false_fusion	2	1	False_Call
ENSG00000177600:ENSG00000163631	90%	100GB	positive	FusionSeeker	false_fusion	2	1	False_Call
ENSG00000177600:ENSG00000172421	85%	100GB	negative	FusionSeeker	false_fusion	13	1	False_Call
ENSG00000177600:ENSG00000172421	85%	100GB	positive	FusionSeeker	false_fusion	5	1	False_Call
ENSG00000177600:ENSG00000197249	85%	100GB	positive	FusionSeeker	false_fusion	2	1	False_Call
ENSG00000177600:ENSG00000210082	90%	100GB	positive	FusionSeeker	false_fusion:mitochondrial_genomic	3	1	False_Call
ENSG00000177600:ENSG00000239809	85%	100GB	negative	CTAT-LR-Fusion	false_fusion	44	1	False_Call
ENSG00000177600:ENSG00000239809	85%	100GB	positive	CTAT-LR-Fusion	false_fusion	60	1	False_Call
ENSG00000177600:ENSG00000239809	85%	10GB	positive	CTAT-LR-Fusion	false_fusion	6	1	False_Call
ENSG00000177600:ENSG00000239809	90%	100GB	negative	CTAT-LR-Fusion	false_fusion	15	1	False_Call
ENSG00000177600:ENSG00000239809	90%	100GB	positive	CTAT-LR-Fusion	false_fusion	19	1	False_Call
ENSG00000177600:ENSG00000244331	85%	100GB	negative	FusionSeeker	false_fusion	3	1	False_Call
ENSG00000177600:ENSG00000244331	85%	100GB	positive	FusionSeeker	false_fusion	2	1	False_Call
ENSG00000177600:ENSG00000258289	85%	100GB	positive	FusionSeeker	false_fusion	2	1	False_Call
ENSG00000177697:ENSG00000196205	90%	100GB	positive	FusionSeeker	false_fusion	2	1	False_Call
ENSG00000177731:ENSG00000256422	85%	100GB	positive	CTAT-LR-Fusion	truncated_tri_fusion	20	1	Partial_Recall
ENSG00000177731:ENSG00000256422	85%	10GB	positive	CTAT-LR-Fusion	truncated_tri_fusion	2	1	Partial_Recall
ENSG00000177731:ENSG00000256422	90%	100GB	positive	CTAT-LR-Fusion	truncated_tri_fusion	17	1	Partial_Recall
ENSG00000177731:ENSG00000256422	90%	10GB	positive	CTAT-LR-Fusion	truncated_tri_fusion	2	1	Partial_Recall
ENSG00000177731:ENSG00000256422	95%	100GB	positive	CTAT-LR-Fusion	truncated_tri_fusion	28	1	Partial_Recall
ENSG00000177733:ENSG00000112306	85%	100GB	positive	FusionSeeker	false_fusion	2	1	False_Call
ENSG00000177954:ENSG00000011105	85%	100GB	positive	FusionSeeker	false_fusion	5	1	False_Call
ENSG00000177954:ENSG00000077157	85%	100GB	negative	FusionSeeker	false_fusion	2	1	False_Call
ENSG00000177954:ENSG00000077157	85%	100GB	positive	FusionSeeker	false_fusion	2	1	False_Call
ENSG00000177954:ENSG00000160584	85%	100GB	positive	FusionSeeker	false_fusion	2	1	False_Call
ENSG00000177954:ENSG00000177410	85%	100GB	positive	FusionSeeker	false_fusion	2	1	False_Call
ENSG00000177954:ENSG00000196136	95%	100GB	positive	LongGF	false_fusion	2	1	False_Call
ENSG00000177954:ENSG00000210082	85%	100GB	positive	FusionSeeker	false_fusion:mitochondrial_genomic	2	1	False_Call
ENSG00000177954:ENSG00000273259	95%	100GB	positive	FusionSeeker	false_fusion	2	1	False_Call
ENSG00000178464:ENSG00000147403	85%	100GB	negative	FusionSeeker	false_fusion	71	1	False_Call
ENSG00000178464:ENSG00000147403	85%	100GB	positive	FusionSeeker	false_fusion	56	1	False_Call
ENSG00000178464:ENSG00000147403	85%	10GB	negative	FusionSeeker	false_fusion	4	1	False_Call
ENSG00000178464:ENSG00000147403	85%	10GB	positive	FusionSeeker	false_fusion	5	1	False_Call
ENSG00000178464:ENSG00000147403	90%	100GB	negative	FusionSeeker	false_fusion	59	1	False_Call
ENSG00000178464:ENSG00000147403	90%	100GB	positive	FusionSeeker	false_fusion	67	1	False_Call
ENSG00000178464:ENSG00000147403	90%	10GB	positive	FusionSeeker	false_fusion	4	1	False_Call
ENSG00000178464:ENSG00000147403	95%	100GB	negative	FusionSeeker	false_fusion	13	1	False_Call
ENSG00000178464:ENSG00000147403	95%	100GB	positive	FusionSeeker	false_fusion	16	1	False_Call
ENSG00000178464:ENSG00000147403	95%	10GB	positive	FusionSeeker	false_fusion	2	1	False_Call
ENSG00000178997:ENSG00000261064	85%	100GB	positive	JAFFAL	intra_chromosome	7	1	True_Recall
ENSG00000178997:ENSG00000261064	85%	10GB	positive	JAFFAL	intra_chromosome	3	1	True_Recall
ENSG00000178997:ENSG00000261064	90%	100GB	positive	CTAT-LR-Fusion	intra_chromosome	23	2	True_Recall
ENSG00000178997:ENSG00000261064	90%	100GB	positive	JAFFAL	intra_chromosome	19	2	True_Recall
ENSG00000178997:ENSG00000261064	95%	100GB	positive	JAFFAL	intra_chromosome	12	1	True_Recall
ENSG00000178997:ENSG00000289083	85%	100GB	positive	Genion	intra_chromosome	16	2	True_Recall
ENSG00000178997:ENSG00000289083	85%	100GB	positive	JAFFAL	intra_chromosome	7	2	True_Recall
ENSG00000178997:ENSG00000289083	85%	10GB	positive	JAFFAL	intra_chromosome	3	1	True_Recall
ENSG00000178997:ENSG00000289083	90%	100GB	positive	CTAT-LR-Fusion	intra_chromosome	23	3	True_Recall
ENSG00000178997:ENSG00000289083	90%	100GB	positive	Genion	intra_chromosome	34	3	True_Recall
ENSG00000178997:ENSG00000289083	90%	100GB	positive	JAFFAL	intra_chromosome	19	3	True_Recall
ENSG00000178997:ENSG00000289083	95%	100GB	positive	Genion	intra_chromosome	25	2	True_Recall
ENSG00000178997:ENSG00000289083	95%	100GB	positive	JAFFAL	intra_chromosome	12	2	True_Recall
ENSG00000179241:ENSG00000091513	85%	100GB	negative	FusionSeeker	false_fusion	2	1	False_Call
ENSG00000179241:ENSG00000091513	85%	100GB	positive	FusionSeeker	false_fusion	2	1	False_Call
ENSG00000179523:ENSG00000235519	85%	100GB	positive	FusionSeeker	truncated_tri_fusion	68	2	Partial_Recall
ENSG00000179523:ENSG00000235519	85%	100GB	positive	Genion	truncated_tri_fusion	26	2	Partial_Recall
ENSG00000179523:ENSG00000235519	85%	10GB	positive	CTAT-LR-Fusion	truncated_tri_fusion	2	2	Partial_Recall
ENSG00000179523:ENSG00000235519	85%	10GB	positive	FusionSeeker	truncated_tri_fusion	10	2	Partial_Recall
ENSG00000179523:ENSG00000235519	90%	100GB	positive	FusionSeeker	truncated_tri_fusion	42	2	Partial_Recall
ENSG00000179523:ENSG00000235519	90%	100GB	positive	Genion	truncated_tri_fusion	19	2	Partial_Recall
ENSG00000179523:ENSG00000235519	90%	10GB	positive	FusionSeeker	truncated_tri_fusion	10	1	Partial_Recall
ENSG00000179523:ENSG00000235519	95%	100GB	positive	CTAT-LR-Fusion	truncated_tri_fusion	12	2	Partial_Recall
ENSG00000179523:ENSG00000235519	95%	100GB	positive	FusionSeeker	truncated_tri_fusion	61	2	Partial_Recall
ENSG00000179523:ENSG00000235519	95%	10GB	positive	CTAT-LR-Fusion	truncated_tri_fusion	3	2	Partial_Recall
ENSG00000179523:ENSG00000235519	95%	10GB	positive	FusionSeeker	truncated_tri_fusion	8	2	Partial_Recall
ENSG00000179818:ENSG00000198938	85%	100GB	positive	FusionSeeker	false_fusion:mitochondrial_genomic	2	1	False_Call
ENSG00000179912:ENSG00000241369	90%	100GB	positive	CTAT-LR-Fusion	truncated_tri_fusion	13	1	Partial_Recall
ENSG00000179912:ENSG00000241369	95%	100GB	positive	CTAT-LR-Fusion	truncated_tri_fusion	25	1	Partial_Recall
ENSG00000179912:ENSG00000241369	95%	10GB	positive	CTAT-LR-Fusion	truncated_tri_fusion	4	1	Partial_Recall
ENSG00000179915:ENSG00000231918	85%	100GB	negative	FusionSeeker	false_fusion:Sense-Antisense	14	1	False_Call
ENSG00000179915:ENSG00000231918	85%	100GB	positive	FusionSeeker	false_fusion:Sense-Antisense	25	1	False_Call
ENSG00000179915:ENSG00000231918	85%	10GB	negative	FusionSeeker	false_fusion:Sense-Antisense	2	1	False_Call
ENSG00000179915:ENSG00000231918	85%	10GB	positive	FusionSeeker	false_fusion:Sense-Antisense	2	1	False_Call
ENSG00000179915:ENSG00000231918	90%	100GB	negative	FusionSeeker	false_fusion:Sense-Antisense	30	1	False_Call
ENSG00000179915:ENSG00000231918	90%	100GB	positive	FusionSeeker	false_fusion:Sense-Antisense	47	1	False_Call
ENSG00000179915:ENSG00000231918	90%	10GB	positive	FusionSeeker	false_fusion:Sense-Antisense	2	1	False_Call
ENSG00000179915:ENSG00000231918	95%	100GB	negative	FusionSeeker	false_fusion:Sense-Antisense	36	1	False_Call
ENSG00000179915:ENSG00000231918	95%	100GB	positive	FusionSeeker	false_fusion:Sense-Antisense	51	1	False_Call
ENSG00000179915:ENSG00000231918	95%	10GB	positive	FusionSeeker	false_fusion:Sense-Antisense	2	1	False_Call
ENSG00000180155:ENSG00000283992	90%	100GB	positive	Genion	false_fusion	4	1	False_Call
ENSG00000180230:ENSG00000196531	85%	100GB	negative	FusionSeeker	false_fusion	2	1	False_Call
ENSG00000180230:ENSG00000196531	85%	100GB	positive	FusionSeeker	false_fusion	4	1	False_Call
ENSG00000180230:ENSG00000196531	85%	10GB	positive	FusionSeeker	false_fusion	2	1	False_Call
ENSG00000180230:ENSG00000196531	90%	100GB	negative	FusionSeeker	false_fusion	2	1	False_Call
ENSG00000180287:ENSG00000283930	90%	100GB	positive	JAFFAL	false_fusion	2	1	False_Call
ENSG00000180287:ENSG00000290439	90%	100GB	positive	FusionSeeker	false_fusion	3	1	False_Call
ENSG00000180287:ENSG00000290439	90%	10GB	positive	FusionSeeker	false_fusion	2	1	False_Call
ENSG00000180287:ENSG00000290439	95%	100GB	positive	FusionSeeker	false_fusion	8	1	False_Call
ENSG00000180304:ENSG00000105856	85%	100GB	positive	FusionSeeker	hybrid	17	1	True_Recall
ENSG00000180304:ENSG00000105856	85%	10GB	positive	FusionSeeker	hybrid	2	1	True_Recall
ENSG00000180304:ENSG00000105856	90%	100GB	positive	FusionSeeker	hybrid	19	1	True_Recall
ENSG00000180304:ENSG00000105856	95%	100GB	positive	CTAT-LR-Fusion	hybrid	11	2	True_Recall
ENSG00000180304:ENSG00000105856	95%	100GB	positive	FusionSeeker	hybrid	29	2	True_Recall
ENSG00000180304:ENSG00000105856	95%	10GB	positive	FusionSeeker	hybrid	3	1	True_Recall
ENSG00000180879:ENSG00000156076	95%	10GB	positive	GFSeeker	reverse_order: hybrid	4	1	Partial_Recall
ENSG00000180879:ENSG00000198840	95%	100GB	positive	LongGF	false_fusion	2	1	False_Call
ENSG00000180901:ENSG00000157954	85%	100GB	positive	FusionSeeker	false_fusion	2	1	False_Call
ENSG00000181019:ENSG00000100316	95%	100GB	negative	FusionSeeker	false_fusion	2	1	False_Call
ENSG00000181019:ENSG00000156508	85%	100GB	negative	FusionSeeker	false_fusion	2	1	False_Call
ENSG00000181019:ENSG00000163631	90%	10GB	positive	GFSeeker	false_fusion	2	1	False_Call
ENSG00000181163:ENSG00000156508	90%	100GB	positive	FusionSeeker	false_fusion	2	1	False_Call
ENSG00000181163:ENSG00000198947	85%	100GB	negative	FusionSeeker	false_fusion	2	1	False_Call
ENSG00000181163:ENSG00000204628	90%	100GB	negative	FusionSeeker	false_fusion	2	1	False_Call
ENSG00000181163:ENSG00000211459	90%	100GB	negative	FusionSeeker	false_fusion:mitochondrial_genomic	2	1	False_Call
ENSG00000181163:ENSG00000211459	90%	100GB	positive	FusionSeeker	false_fusion:mitochondrial_genomic	2	1	False_Call
ENSG00000181163:ENSG00000254772	90%	100GB	positive	LongGF	false_fusion	2	1	False_Call
ENSG00000181192:ENSG00000187720	95%	100GB	positive	JAFFAL	truncated_tri_fusion	2	1	Partial_Recall
ENSG00000181192:ENSG00000187720:ENSG00000003393	95%	100GB	positive	JAFFAL	tri_fusion	11	1	True_Recall
ENSG00000181214:ENSG00000255298	85%	100GB	positive	Genion	false_fusion	2	1	False_Call
ENSG00000181523:ENSG00000140853	85%	100GB	positive	CTAT-LR-Fusion	truncated_tri_fusion	13	1	Partial_Recall
ENSG00000181523:ENSG00000140853	90%	100GB	positive	CTAT-LR-Fusion	truncated_tri_fusion	20	1	Partial_Recall
ENSG00000181523:ENSG00000140853	95%	100GB	positive	CTAT-LR-Fusion	truncated_tri_fusion	24	2	Partial_Recall
ENSG00000181523:ENSG00000140853	95%	100GB	positive	JAFFAL	truncated_tri_fusion	9	2	Partial_Recall
ENSG00000181523:ENSG00000140853	95%	10GB	positive	CTAT-LR-Fusion	truncated_tri_fusion	3	2	Partial_Recall
ENSG00000181523:ENSG00000140853	95%	10GB	positive	JAFFAL	truncated_tri_fusion	2	2	Partial_Recall
ENSG00000181523:ENSG00000197566	95%	100GB	positive	CTAT-LR-Fusion	intra_chromosome	17	1	True_Recall
ENSG00000181638:ENSG00000250571	90%	100GB	positive	Genion	false_fusion	6	1	False_Call
ENSG00000181786:ENSG00000132170	85%	100GB	positive	FusionSeeker	reverse_order:truncated_tri_fusion	32	1	Partial_Recall
ENSG00000181786:ENSG00000132170	90%	100GB	positive	FusionSeeker	reverse_order:truncated_tri_fusion	41	1	Partial_Recall
ENSG00000181786:ENSG00000132170	90%	10GB	positive	FusionSeeker	reverse_order:truncated_tri_fusion	4	2	Partial_Recall
ENSG00000181786:ENSG00000132170	90%	10GB	positive	GFSeeker	reverse_order:truncated_tri_fusion	4	2	Partial_Recall
ENSG00000181786:ENSG00000132170	95%	100GB	positive	FusionSeeker	reverse_order:truncated_tri_fusion	39	1	Partial_Recall
ENSG00000181786:ENSG00000132170	95%	10GB	positive	FusionSeeker	reverse_order:truncated_tri_fusion	3	1	Partial_Recall
ENSG00000181786:ENSG00000291100	85%	100GB	positive	FusionSeeker	reverse_order:truncated_tri_fusion	4	1	Partial_Recall
ENSG00000181786:ENSG00000291100	90%	100GB	positive	FusionSeeker	reverse_order:truncated_tri_fusion	24	1	Partial_Recall
ENSG00000181786:ENSG00000291100	95%	100GB	positive	FusionSeeker	reverse_order:truncated_tri_fusion	26	1	Partial_Recall
ENSG00000181927:ENSG00000123191	85%	100GB	positive	FusionSeeker	false_fusion	44	2	False_Call
ENSG00000181927:ENSG00000123191	85%	100GB	positive	JAFFAL	false_fusion	2	2	False_Call
ENSG00000181927:ENSG00000123191	85%	10GB	positive	FusionSeeker	false_fusion	2	1	False_Call
ENSG00000181927:ENSG00000123191	90%	100GB	positive	FusionSeeker	false_fusion	36	2	False_Call
ENSG00000181927:ENSG00000123191	90%	100GB	positive	JAFFAL	false_fusion	8	2	False_Call
ENSG00000181927:ENSG00000123191	90%	10GB	positive	FusionSeeker	false_fusion	8	2	False_Call
ENSG00000181927:ENSG00000123191	90%	10GB	positive	JAFFAL	false_fusion	2	2	False_Call
ENSG00000181927:ENSG00000123191	95%	100GB	positive	FusionSeeker	false_fusion	39	2	False_Call
ENSG00000181927:ENSG00000123191	95%	100GB	positive	JAFFAL	false_fusion	9	2	False_Call
ENSG00000181927:ENSG00000123191	95%	10GB	positive	FusionSeeker	false_fusion	2	1	False_Call
ENSG00000181927:ENSG00000166900	85%	100GB	positive	JAFFAL	false_fusion	5	1	False_Call
ENSG00000181927:ENSG00000166900	90%	100GB	positive	JAFFAL	false_fusion	2	1	False_Call
ENSG00000181927:ENSG00000166900	95%	100GB	positive	JAFFAL	false_fusion	6	1	False_Call
ENSG00000181927:ENSG00000236044	85%	100GB	positive	Genion	reverse_order: hybrid	26	1	Partial_Recall
ENSG00000181927:ENSG00000236044	90%	100GB	positive	Genion	reverse_order: hybrid	25	1	Partial_Recall
ENSG00000181927:ENSG00000236044	90%	10GB	positive	Genion	reverse_order: hybrid	7	1	Partial_Recall
ENSG00000181927:ENSG00000236044	95%	100GB	positive	Genion	reverse_order: hybrid	22	1	Partial_Recall
ENSG00000181927:ENSG00000287285	90%	100GB	positive	JAFFAL	false_fusion	2	1	False_Call
ENSG00000181938:ENSG00000091513	85%	100GB	negative	FusionSeeker	false_fusion	2	1	False_Call
ENSG00000181938:ENSG00000091513	85%	100GB	positive	FusionSeeker	false_fusion	2	1	False_Call
ENSG00000181984:ENSG00000183629	90%	100GB	positive	FusionSeeker	false_fusion	2	1	False_Call
ENSG00000182004:ENSG00000223573	85%	100GB	positive	FusionSeeker	false_fusion	3	1	False_Call
ENSG00000182149:ENSG00000277481	90%	100GB	positive	FusionSeeker	false_fusion	22	1	False_Call
ENSG00000182149:ENSG00000277481	95%	100GB	positive	FusionSeeker	false_fusion	49	1	False_Call
ENSG00000182568:ENSG00000131374	85%	100GB	negative	CTAT-LR-Fusion	false_fusion	13	2	False_Call
ENSG00000182568:ENSG00000131374	85%	100GB	negative	JAFFAL	false_fusion	6	2	False_Call
ENSG00000182568:ENSG00000131374	85%	100GB	positive	JAFFAL	false_fusion	4	1	False_Call
ENSG00000182568:ENSG00000131374	90%	100GB	negative	CTAT-LR-Fusion	false_fusion	30	2	False_Call
ENSG00000182568:ENSG00000131374	90%	100GB	negative	JAFFAL	false_fusion	19	2	False_Call
ENSG00000182568:ENSG00000131374	90%	100GB	positive	CTAT-LR-Fusion	false_fusion	22	2	False_Call
ENSG00000182568:ENSG00000131374	90%	100GB	positive	JAFFAL	false_fusion	13	2	False_Call
ENSG00000182568:ENSG00000131374	90%	10GB	negative	CTAT-LR-Fusion	false_fusion	4	2	False_Call
ENSG00000182568:ENSG00000131374	90%	10GB	negative	JAFFAL	false_fusion	2	2	False_Call
ENSG00000182568:ENSG00000131374	95%	100GB	negative	CTAT-LR-Fusion	false_fusion	36	2	False_Call
ENSG00000182568:ENSG00000131374	95%	100GB	negative	JAFFAL	false_fusion	18	2	False_Call
ENSG00000182568:ENSG00000131374	95%	100GB	positive	CTAT-LR-Fusion	false_fusion	30	2	False_Call
ENSG00000182568:ENSG00000131374	95%	100GB	positive	JAFFAL	false_fusion	13	2	False_Call
ENSG00000182568:ENSG00000131374	95%	10GB	negative	CTAT-LR-Fusion	false_fusion	4	2	False_Call
ENSG00000182568:ENSG00000131374	95%	10GB	negative	JAFFAL	false_fusion	2	2	False_Call
ENSG00000182568:ENSG00000131374	95%	10GB	positive	CTAT-LR-Fusion	false_fusion	5	2	False_Call
ENSG00000182568:ENSG00000131374	95%	10GB	positive	JAFFAL	false_fusion	2	2	False_Call
ENSG00000182621:ENSG00000124155	85%	100GB	positive	CTAT-LR-Fusion	intra_chromosome	26	3	True_Recall
ENSG00000182621:ENSG00000124155	85%	100GB	positive	FusionSeeker	intra_chromosome	45	3	True_Recall
ENSG00000182621:ENSG00000124155	85%	100GB	positive	JAFFAL	intra_chromosome	39	3	True_Recall
ENSG00000182621:ENSG00000124155	85%	10GB	positive	CTAT-LR-Fusion	intra_chromosome	3	4	True_Recall
ENSG00000182621:ENSG00000124155	85%	10GB	positive	FusionSeeker	intra_chromosome	4	4	True_Recall
ENSG00000182621:ENSG00000124155	85%	10GB	positive	GFSeeker	intra_chromosome	3	4	True_Recall
ENSG00000182621:ENSG00000124155	85%	10GB	positive	JAFFAL	intra_chromosome	4	4	True_Recall
ENSG00000182621:ENSG00000124155	90%	100GB	positive	CTAT-LR-Fusion	intra_chromosome	26	3	True_Recall
ENSG00000182621:ENSG00000124155	90%	100GB	positive	FusionSeeker	intra_chromosome	42	3	True_Recall
ENSG00000182621:ENSG00000124155	90%	100GB	positive	JAFFAL	intra_chromosome	42	3	True_Recall
ENSG00000182621:ENSG00000124155	90%	10GB	positive	CTAT-LR-Fusion	intra_chromosome	4	4	True_Recall
ENSG00000182621:ENSG00000124155	90%	10GB	positive	FusionSeeker	intra_chromosome	5	4	True_Recall
ENSG00000182621:ENSG00000124155	90%	10GB	positive	GFSeeker	intra_chromosome	4	4	True_Recall
ENSG00000182621:ENSG00000124155	90%	10GB	positive	JAFFAL	intra_chromosome	5	4	True_Recall
ENSG00000182621:ENSG00000124155	95%	100GB	positive	CTAT-LR-Fusion	intra_chromosome	33	3	True_Recall
ENSG00000182621:ENSG00000124155	95%	100GB	positive	FusionSeeker	intra_chromosome	42	3	True_Recall
ENSG00000182621:ENSG00000124155	95%	100GB	positive	JAFFAL	intra_chromosome	42	3	True_Recall
ENSG00000182621:ENSG00000124155	95%	10GB	positive	CTAT-LR-Fusion	intra_chromosome	4	3	True_Recall
ENSG00000182621:ENSG00000124155	95%	10GB	positive	FusionSeeker	intra_chromosome	4	3	True_Recall
ENSG00000182621:ENSG00000124155	95%	10GB	positive	JAFFAL	intra_chromosome	4	3	True_Recall
ENSG00000182667:ENSG00000183715	85%	100GB	negative	FusionSeeker	false_fusion	25	1	False_Call
ENSG00000182667:ENSG00000183715	85%	100GB	positive	FusionSeeker	false_fusion	28	1	False_Call
ENSG00000182667:ENSG00000183715	85%	10GB	negative	FusionSeeker	false_fusion	2	1	False_Call
ENSG00000182667:ENSG00000183715	85%	10GB	positive	FusionSeeker	false_fusion	2	1	False_Call
ENSG00000182667:ENSG00000183715	90%	100GB	negative	FusionSeeker	false_fusion	52	2	False_Call
ENSG00000182667:ENSG00000183715	90%	100GB	negative	LongGF	false_fusion	2	2	False_Call
ENSG00000182667:ENSG00000183715	90%	100GB	positive	FusionSeeker	false_fusion	53	1	False_Call
ENSG00000182667:ENSG00000183715	90%	10GB	negative	FusionSeeker	false_fusion	2	1	False_Call
ENSG00000182667:ENSG00000183715	90%	10GB	positive	FusionSeeker	false_fusion	7	1	False_Call
ENSG00000182667:ENSG00000183715	90%	1GB	negative	FusionSeeker	false_fusion	2	1	False_Call
ENSG00000182667:ENSG00000183715	95%	100GB	negative	FusionSeeker	false_fusion	57	1	False_Call
ENSG00000182667:ENSG00000183715	95%	100GB	positive	FusionSeeker	false_fusion	59	1	False_Call
ENSG00000182667:ENSG00000183715	95%	10GB	negative	FusionSeeker	false_fusion	2	1	False_Call
ENSG00000182667:ENSG00000183715	95%	10GB	positive	FusionSeeker	false_fusion	6	1	False_Call
ENSG00000182667:ENSG00000183715	95%	1GB	negative	FusionSeeker	false_fusion	2	1	False_Call
ENSG00000182774:ENSG00000214575	85%	100GB	positive	Genion	false_fusion	3	1	False_Call
ENSG00000182796:ENSG00000135972	85%	100GB	positive	FusionSeeker	false_fusion	33	1	False_Call
ENSG00000182796:ENSG00000135972	90%	100GB	positive	FusionSeeker	false_fusion	49	1	False_Call
ENSG00000182796:ENSG00000135972	90%	10GB	positive	FusionSeeker	false_fusion	3	1	False_Call
ENSG00000182796:ENSG00000135972	95%	100GB	positive	FusionSeeker	false_fusion	45	1	False_Call
ENSG00000182796:ENSG00000135972	95%	10GB	positive	FusionSeeker	false_fusion	6	1	False_Call
ENSG00000182796:ENSG00000231851	85%	100GB	positive	CTAT-LR-Fusion	truncated_tri_fusion	13	2	Partial_Recall
ENSG00000182796:ENSG00000231851	85%	100GB	positive	Genion	truncated_tri_fusion	34	2	Partial_Recall
ENSG00000182796:ENSG00000231851	90%	100GB	positive	CTAT-LR-Fusion	truncated_tri_fusion	49	2	Partial_Recall
ENSG00000182796:ENSG00000231851	90%	100GB	positive	Genion	truncated_tri_fusion	50	2	Partial_Recall
ENSG00000182796:ENSG00000231851	90%	10GB	positive	CTAT-LR-Fusion	truncated_tri_fusion	2	1	Partial_Recall
ENSG00000182796:ENSG00000231851	95%	100GB	positive	CTAT-LR-Fusion	truncated_tri_fusion	34	2	Partial_Recall
ENSG00000182796:ENSG00000231851	95%	100GB	positive	Genion	truncated_tri_fusion	43	2	Partial_Recall
ENSG00000182796:ENSG00000231851	95%	10GB	positive	CTAT-LR-Fusion	truncated_tri_fusion	5	1	Partial_Recall
ENSG00000182871:ENSG00000109339	85%	100GB	positive	FusionSeeker	false_fusion	24	1	False_Call
ENSG00000182871:ENSG00000109339	85%	10GB	positive	FusionSeeker	false_fusion	2	1	False_Call
ENSG00000182871:ENSG00000109339	90%	100GB	positive	FusionSeeker	false_fusion	35	1	False_Call
ENSG00000182871:ENSG00000109339	95%	100GB	positive	FusionSeeker	false_fusion	32	1	False_Call
ENSG00000182871:ENSG00000109339	95%	10GB	positive	FusionSeeker	false_fusion	2	1	False_Call
ENSG00000182871:ENSG00000173638	85%	100GB	positive	FusionSeeker	false_fusion	20	1	False_Call
ENSG00000182871:ENSG00000173638	90%	100GB	positive	FusionSeeker	false_fusion	38	1	False_Call
ENSG00000182871:ENSG00000173638	90%	10GB	positive	FusionSeeker	false_fusion	2	1	False_Call
ENSG00000182871:ENSG00000173638	95%	100GB	positive	FusionSeeker	false_fusion	36	1	False_Call
ENSG00000182871:ENSG00000173638	95%	10GB	positive	FusionSeeker	false_fusion	2	1	False_Call
ENSG00000183137:ENSG00000170954	95%	10GB	positive	GFSeeker	reverse_order: hybrid	3	1	Partial_Recall
ENSG00000183273:ENSG00000248636	85%	100GB	positive	FusionSeeker	false_fusion:Sense-Antisense	9	1	False_Call
ENSG00000183273:ENSG00000248636	90%	100GB	negative	FusionSeeker	false_fusion:Sense-Antisense	2	1	False_Call
ENSG00000183273:ENSG00000248636	90%	100GB	positive	FusionSeeker	false_fusion:Sense-Antisense	2	1	False_Call
ENSG00000183476:ENSG00000124782	85%	100GB	positive	FusionSeeker	false_fusion	32	1	False_Call
ENSG00000183476:ENSG00000124782	85%	10GB	positive	FusionSeeker	false_fusion	2	1	False_Call
ENSG00000183476:ENSG00000124782	90%	100GB	positive	FusionSeeker	false_fusion	31	1	False_Call
ENSG00000183476:ENSG00000124782	90%	10GB	positive	FusionSeeker	false_fusion	2	1	False_Call
ENSG00000183476:ENSG00000124782	95%	100GB	positive	FusionSeeker	false_fusion	31	1	False_Call
ENSG00000183476:ENSG00000145734	85%	100GB	positive	FusionSeeker	reverse_order:truncated_tri_fusion	28	1	Partial_Recall
ENSG00000183476:ENSG00000145734	85%	10GB	positive	FusionSeeker	reverse_order:truncated_tri_fusion	4	2	Partial_Recall
ENSG00000183476:ENSG00000145734	85%	10GB	positive	GFSeeker	reverse_order:truncated_tri_fusion	2	2	Partial_Recall
ENSG00000183476:ENSG00000145734	90%	100GB	positive	FusionSeeker	reverse_order:truncated_tri_fusion	26	1	Partial_Recall
ENSG00000183476:ENSG00000145734	90%	10GB	positive	FusionSeeker	reverse_order:truncated_tri_fusion	2	1	Partial_Recall
ENSG00000183476:ENSG00000145734	95%	100GB	positive	FusionSeeker	reverse_order:truncated_tri_fusion	30	1	Partial_Recall
ENSG00000183476:ENSG00000145734	95%	10GB	positive	FusionSeeker	reverse_order:truncated_tri_fusion	2	2	Partial_Recall
ENSG00000183476:ENSG00000145734	95%	10GB	positive	GFSeeker	reverse_order:truncated_tri_fusion	2	2	Partial_Recall
ENSG00000183476:ENSG00000225092	90%	100GB	positive	JAFFAL	truncated_tri_fusion	10	1	Partial_Recall
ENSG00000183476:ENSG00000225092	95%	100GB	positive	CTAT-LR-Fusion	truncated_tri_fusion	17	2	Partial_Recall
ENSG00000183476:ENSG00000225092	95%	100GB	positive	JAFFAL	truncated_tri_fusion	20	2	Partial_Recall
ENSG00000183629:ENSG00000010671	85%	100GB	positive	FusionSeeker	reverse_order:truncated_tri_fusion	23	1	Partial_Recall
ENSG00000183629:ENSG00000010671	90%	100GB	positive	FusionSeeker	reverse_order:truncated_tri_fusion	30	1	Partial_Recall
ENSG00000183629:ENSG00000010671	95%	100GB	positive	FusionSeeker	reverse_order:truncated_tri_fusion	38	1	Partial_Recall
ENSG00000183629:ENSG00000010671	95%	10GB	positive	GFSeeker	reverse_order:truncated_tri_fusion	2	1	Partial_Recall
ENSG00000183629:ENSG00000186115	90%	100GB	positive	FusionSeeker	truncated_tri_fusion	6	1	Partial_Recall
ENSG00000183629:ENSG00000291261	85%	100GB	positive	JAFFAL	false_fusion	2	1	False_Call
ENSG00000183696:ENSG00000260983	95%	100GB	positive	JAFFAL	false_fusion	4	1	False_Call
ENSG00000183718:ENSG00000204628	90%	100GB	positive	Genion	false_fusion	2	1	False_Call
ENSG00000183960:ENSG00000287069	85%	100GB	negative	FusionSeeker	false_fusion:Sense-Antisense	5	1	False_Call
ENSG00000183960:ENSG00000287069	85%	100GB	positive	FusionSeeker	false_fusion:Sense-Antisense	19	1	False_Call
ENSG00000183960:ENSG00000287069	90%	100GB	negative	FusionSeeker	false_fusion:Sense-Antisense	4	1	False_Call
ENSG00000183960:ENSG00000287069	90%	100GB	positive	FusionSeeker	false_fusion:Sense-Antisense	5	1	False_Call
ENSG00000184009:ENSG00000133112	95%	100GB	positive	JAFFAL	false_fusion	2	1	False_Call
ENSG00000184009:ENSG00000198938	85%	100GB	negative	FusionSeeker	false_fusion:mitochondrial_genomic	2	1	False_Call
ENSG00000184154:ENSG00000284844	85%	100GB	negative	Genion	false_fusion	3	1	False_Call
ENSG00000184363:ENSG00000185187	95%	100GB	positive	Genion	read_through	17	2	True_Recall
ENSG00000184363:ENSG00000185187	95%	100GB	positive	JAFFAL	read_through	4	2	True_Recall
ENSG00000184619:ENSG00000081985	85%	10GB	positive	GFSeeker	reverse_order:truncated_tri_fusion	3	1	Partial_Recall
ENSG00000184619:ENSG00000081985	90%	10GB	positive	GFSeeker	reverse_order:truncated_tri_fusion	4	1	Partial_Recall
ENSG00000184619:ENSG00000164756	85%	100GB	positive	FusionSeeker	reverse_order:truncated_tri_fusion	6	1	Partial_Recall
ENSG00000184619:ENSG00000164756	90%	100GB	positive	FusionSeeker	reverse_order:truncated_tri_fusion	12	1	Partial_Recall
ENSG00000184619:ENSG00000164756	90%	10GB	positive	FusionSeeker	reverse_order:truncated_tri_fusion	3	1	Partial_Recall
ENSG00000184619:ENSG00000164756	95%	100GB	positive	FusionSeeker	reverse_order:truncated_tri_fusion	8	1	Partial_Recall
ENSG00000184634:ENSG00000204256	85%	100GB	positive	LongGF	reverse_order: hybrid	7	1	Partial_Recall
ENSG00000184634:ENSG00000204256	85%	10GB	positive	GFSeeker	reverse_order: hybrid	2	2	Partial_Recall
ENSG00000184634:ENSG00000204256	85%	10GB	positive	LongGF	reverse_order: hybrid	2	2	Partial_Recall
ENSG00000184634:ENSG00000204256	90%	100GB	positive	LongGF	reverse_order: hybrid	16	1	Partial_Recall
ENSG00000184634:ENSG00000204256	90%	10GB	positive	LongGF	reverse_order: hybrid	4	1	Partial_Recall
ENSG00000184634:ENSG00000204256	95%	100GB	positive	Genion	reverse_order: hybrid	26	2	Partial_Recall
ENSG00000184634:ENSG00000204256	95%	100GB	positive	LongGF	reverse_order: hybrid	25	2	Partial_Recall
ENSG00000184979:ENSG00000288811	85%	100GB	negative	Genion	false_fusion	13	1	False_Call
ENSG00000184979:ENSG00000288811	85%	100GB	positive	Genion	false_fusion	14	1	False_Call
ENSG00000184979:ENSG00000288811	95%	100GB	negative	Genion	false_fusion	6	1	False_Call
ENSG00000185008:ENSG00000285741	85%	100GB	negative	FusionSeeker	false_fusion	3	1	False_Call
ENSG00000185008:ENSG00000285741	85%	100GB	positive	FusionSeeker	false_fusion	9	1	False_Call
ENSG00000185008:ENSG00000285741	90%	100GB	positive	FusionSeeker	false_fusion	4	1	False_Call
ENSG00000185008:ENSG00000285741	90%	10GB	positive	FusionSeeker	false_fusion	3	1	False_Call
ENSG00000185164:ENSG00000257527	90%	100GB	positive	Genion	false_fusion	6	1	False_Call
ENSG00000185164:ENSG00000257527	95%	100GB	positive	Genion	false_fusion	6	1	False_Call
ENSG00000185186:ENSG00000198431	95%	100GB	positive	Genion	reverse_order:truncated_tri_fusion	19	1	Partial_Recall
ENSG00000185187:ENSG00000184363	90%	10GB	positive	GFSeeker	reverse_order: read_through	3	1	Partial_Recall
ENSG00000185187:ENSG00000184363	95%	10GB	positive	GFSeeker	reverse_order: read_through	3	1	Partial_Recall
ENSG00000185442:ENSG00000118960	85%	100GB	positive	FusionSeeker	false_fusion	45	1	False_Call
ENSG00000185442:ENSG00000118960	90%	100GB	positive	FusionSeeker	false_fusion	141	1	False_Call
ENSG00000185442:ENSG00000118960	90%	10GB	positive	FusionSeeker	false_fusion	14	1	False_Call
ENSG00000185442:ENSG00000118960	95%	100GB	positive	FusionSeeker	false_fusion	79	1	False_Call
ENSG00000185442:ENSG00000118960	95%	10GB	positive	FusionSeeker	false_fusion	6	1	False_Call
ENSG00000185442:ENSG00000128510	85%	100GB	positive	FusionSeeker	truncated_tri_fusion	34	2	Partial_Recall
ENSG00000185442:ENSG00000128510	85%	100GB	positive	JAFFAL	truncated_tri_fusion	19	2	Partial_Recall
ENSG00000185442:ENSG00000128510	85%	10GB	positive	FusionSeeker	truncated_tri_fusion	2	2	Partial_Recall
ENSG00000185442:ENSG00000128510	85%	10GB	positive	JAFFAL	truncated_tri_fusion	2	2	Partial_Recall
ENSG00000185442:ENSG00000128510	90%	100GB	positive	FusionSeeker	truncated_tri_fusion	39	2	Partial_Recall
ENSG00000185442:ENSG00000128510	90%	100GB	positive	JAFFAL	truncated_tri_fusion	23	2	Partial_Recall
ENSG00000185442:ENSG00000128510	90%	10GB	positive	FusionSeeker	truncated_tri_fusion	8	2	Partial_Recall
ENSG00000185442:ENSG00000128510	90%	10GB	positive	JAFFAL	truncated_tri_fusion	6	2	Partial_Recall
ENSG00000185442:ENSG00000128510	95%	100GB	positive	FusionSeeker	truncated_tri_fusion	66	2	Partial_Recall
ENSG00000185442:ENSG00000128510	95%	100GB	positive	JAFFAL	truncated_tri_fusion	41	2	Partial_Recall
ENSG00000185442:ENSG00000128510	95%	10GB	positive	FusionSeeker	truncated_tri_fusion	7	2	Partial_Recall
ENSG00000185442:ENSG00000128510	95%	10GB	positive	JAFFAL	truncated_tri_fusion	4	2	Partial_Recall
ENSG00000185442:ENSG00000128510:ENSG00000163930	85%	100GB	positive	JAFFAL	tri_fusion	4	1	True_Recall
ENSG00000185442:ENSG00000128510:ENSG00000163930	90%	100GB	positive	JAFFAL	tri_fusion	14	1	True_Recall
ENSG00000185442:ENSG00000128510:ENSG00000163930	95%	100GB	positive	JAFFAL	tri_fusion	32	1	True_Recall
ENSG00000185442:ENSG00000163930	85%	100GB	positive	FusionSeeker	truncated_tri_fusion	46	1	Partial_Recall
ENSG00000185442:ENSG00000163930	85%	10GB	positive	FusionSeeker	truncated_tri_fusion	2	1	Partial_Recall
ENSG00000185442:ENSG00000163930	90%	100GB	positive	FusionSeeker	truncated_tri_fusion	49	1	Partial_Recall
ENSG00000185442:ENSG00000163930	90%	10GB	positive	FusionSeeker	truncated_tri_fusion	9	1	Partial_Recall
ENSG00000185442:ENSG00000163930	95%	100GB	positive	FusionSeeker	truncated_tri_fusion	137	1	Partial_Recall
ENSG00000185442:ENSG00000163930	95%	10GB	positive	FusionSeeker	truncated_tri_fusion	5	1	Partial_Recall
ENSG00000185442:ENSG00000205581	85%	100GB	negative	FusionSeeker	false_fusion	2	1	False_Call
ENSG00000185559:ENSG00000211459	90%	100GB	positive	FusionSeeker	false_fusion:mitochondrial_genomic	2	1	False_Call
ENSG00000185664:ENSG00000164120	90%	100GB	positive	FusionSeeker	false_fusion	2	1	False_Call
ENSG00000185664:ENSG00000251584	85%	100GB	positive	FusionSeeker	hybrid	28	1	True_Recall
ENSG00000185664:ENSG00000251584	85%	10GB	positive	FusionSeeker	hybrid	2	1	True_Recall
ENSG00000185664:ENSG00000251584	90%	100GB	positive	CTAT-LR-Fusion	hybrid	18	2	True_Recall
ENSG00000185664:ENSG00000251584	90%	100GB	positive	FusionSeeker	hybrid	27	2	True_Recall
ENSG00000185664:ENSG00000251584	95%	100GB	positive	CTAT-LR-Fusion	hybrid	26	2	True_Recall
ENSG00000185664:ENSG00000251584	95%	100GB	positive	FusionSeeker	hybrid	30	2	True_Recall
ENSG00000185664:ENSG00000251584	95%	10GB	positive	CTAT-LR-Fusion	hybrid	2	2	True_Recall
ENSG00000185664:ENSG00000251584	95%	10GB	positive	FusionSeeker	hybrid	3	2	True_Recall
ENSG00000185721:ENSG00000221963	85%	100GB	positive	FusionSeeker	false_fusion	31	1	False_Call
ENSG00000185721:ENSG00000221963	90%	100GB	positive	FusionSeeker	false_fusion	36	1	False_Call
ENSG00000185721:ENSG00000221963	95%	100GB	positive	FusionSeeker	false_fusion	52	1	False_Call
ENSG00000185721:ENSG00000221963	95%	10GB	positive	FusionSeeker	false_fusion	7	1	False_Call
ENSG00000186088:ENSG00000077380	85%	100GB	positive	CTAT-LR-Fusion	truncated_tri_fusion	30	2	Partial_Recall
ENSG00000186088:ENSG00000077380	85%	100GB	positive	JAFFAL	truncated_tri_fusion	31	2	Partial_Recall
ENSG00000186088:ENSG00000077380	85%	10GB	positive	CTAT-LR-Fusion	truncated_tri_fusion	5	2	Partial_Recall
ENSG00000186088:ENSG00000077380	85%	10GB	positive	JAFFAL	truncated_tri_fusion	6	2	Partial_Recall
ENSG00000186088:ENSG00000077380	90%	100GB	positive	CTAT-LR-Fusion	truncated_tri_fusion	31	2	Partial_Recall
ENSG00000186088:ENSG00000077380	90%	100GB	positive	JAFFAL	truncated_tri_fusion	35	2	Partial_Recall
ENSG00000186088:ENSG00000077380	90%	10GB	positive	CTAT-LR-Fusion	truncated_tri_fusion	3	2	Partial_Recall
ENSG00000186088:ENSG00000077380	90%	10GB	positive	JAFFAL	truncated_tri_fusion	3	2	Partial_Recall
ENSG00000186088:ENSG00000077380	95%	100GB	positive	CTAT-LR-Fusion	truncated_tri_fusion	37	2	Partial_Recall
ENSG00000186088:ENSG00000077380	95%	100GB	positive	JAFFAL	truncated_tri_fusion	37	2	Partial_Recall
ENSG00000186088:ENSG00000077380	95%	10GB	positive	CTAT-LR-Fusion	truncated_tri_fusion	7	2	Partial_Recall
ENSG00000186088:ENSG00000077380	95%	10GB	positive	JAFFAL	truncated_tri_fusion	6	2	Partial_Recall
ENSG00000186115:ENSG00000261739	95%	100GB	positive	LongGF	false_fusion	5	1	False_Call
ENSG00000186115:ENSG00000267392	85%	100GB	positive	FusionSeeker	false_fusion	3	1	False_Call
ENSG00000186188:ENSG00000211459	95%	100GB	positive	FusionSeeker	false_fusion:mitochondrial_genomic	2	1	False_Call
ENSG00000186409:ENSG00000089094	90%	100GB	positive	FusionSeeker	reverse_order:truncated_tri_fusion	17	1	Partial_Recall
ENSG00000186409:ENSG00000089094	95%	100GB	positive	FusionSeeker	reverse_order:truncated_tri_fusion	21	1	Partial_Recall
ENSG00000186409:ENSG00000094631	85%	100GB	positive	FusionSeeker	reverse_order:truncated_tri_fusion	4	1	Partial_Recall
ENSG00000186409:ENSG00000094631	90%	100GB	positive	FusionSeeker	reverse_order:truncated_tri_fusion	28	1	Partial_Recall
ENSG00000186409:ENSG00000094631	95%	100GB	positive	FusionSeeker	reverse_order:truncated_tri_fusion	32	1	Partial_Recall
ENSG00000186409:ENSG00000094631	95%	10GB	positive	FusionSeeker	reverse_order:truncated_tri_fusion	2	1	Partial_Recall
ENSG00000186468:ENSG00000156508	90%	100GB	positive	FusionSeeker	false_fusion	2	2	False_Call
ENSG00000186468:ENSG00000156508	90%	100GB	positive	JAFFAL	false_fusion	2	2	False_Call
ENSG00000186468:ENSG00000210082	90%	100GB	positive	FusionSeeker	false_fusion:mitochondrial_genomic	2	1	False_Call
ENSG00000186468:ENSG00000230629	85%	100GB	negative	FusionSeeker	false_fusion	31	1	False_Call
ENSG00000186468:ENSG00000230629	85%	100GB	positive	FusionSeeker	false_fusion	33	1	False_Call
ENSG00000186468:ENSG00000230629	85%	10GB	negative	FusionSeeker	false_fusion	3	1	False_Call
ENSG00000186468:ENSG00000230629	85%	10GB	positive	FusionSeeker	false_fusion	3	1	False_Call
ENSG00000186468:ENSG00000230629	90%	100GB	negative	FusionSeeker	false_fusion	10	1	False_Call
ENSG00000186468:ENSG00000230629	90%	100GB	positive	FusionSeeker	false_fusion	10	1	False_Call
ENSG00000186468:ENSG00000230629	90%	10GB	positive	FusionSeeker	false_fusion	2	1	False_Call
ENSG00000186468:ENSG00000251374	85%	100GB	positive	Genion	false_fusion	5	1	False_Call
ENSG00000186468:ENSG00000251374	90%	100GB	positive	Genion	false_fusion	3	1	False_Call
ENSG00000186481:ENSG00000224367	85%	100GB	positive	FusionSeeker	false_fusion	12	1	False_Call
ENSG00000186481:ENSG00000224367	85%	10GB	positive	FusionSeeker	false_fusion	2	1	False_Call
ENSG00000186481:ENSG00000224367	90%	100GB	positive	FusionSeeker	false_fusion	15	1	False_Call
ENSG00000186481:ENSG00000224367	95%	100GB	positive	FusionSeeker	false_fusion	9	1	False_Call
ENSG00000186487:ENSG00000138380	85%	100GB	positive	JAFFAL	intra_chromosome	16	1	True_Recall
ENSG00000186487:ENSG00000138380	90%	100GB	positive	JAFFAL	intra_chromosome	23	1	True_Recall
ENSG00000186487:ENSG00000138380	90%	10GB	positive	GFSeeker	intra_chromosome	4	2	True_Recall
ENSG00000186487:ENSG00000138380	90%	10GB	positive	JAFFAL	intra_chromosome	4	2	True_Recall
ENSG00000186487:ENSG00000138380	95%	100GB	positive	JAFFAL	intra_chromosome	27	1	True_Recall
ENSG00000186487:ENSG00000138442	85%	100GB	positive	FusionSeeker	false_fusion	68	1	False_Call
ENSG00000186487:ENSG00000138442	90%	100GB	positive	FusionSeeker	false_fusion	84	1	False_Call
ENSG00000186487:ENSG00000138442	90%	10GB	positive	FusionSeeker	false_fusion	6	1	False_Call
ENSG00000186487:ENSG00000138442	95%	100GB	positive	FusionSeeker	false_fusion	132	1	False_Call
ENSG00000186523:ENSG00000205444	95%	100GB	positive	JAFFAL	false_fusion	2	1	False_Call
ENSG00000186704:ENSG00000241350	85%	100GB	positive	Genion	false_fusion	8	1	False_Call
ENSG00000186834:ENSG00000197249	90%	10GB	positive	GFSeeker	false_fusion	2	1	False_Call
ENSG00000186854:ENSG00000091513	90%	100GB	negative	FusionSeeker	false_fusion	2	1	False_Call
ENSG00000186854:ENSG00000210082	85%	100GB	positive	FusionSeeker	false_fusion:mitochondrial_genomic	2	1	False_Call
ENSG00000187109:ENSG00000136143	90%	100GB	positive	FusionSeeker	false_fusion	3	1	False_Call
ENSG00000187109:ENSG00000136143	95%	100GB	negative	FusionSeeker	false_fusion	2	1	False_Call
ENSG00000187134:ENSG00000071082	85%	100GB	positive	FusionSeeker	false_fusion	2	1	False_Call
ENSG00000187134:ENSG00000087086	85%	100GB	positive	FusionSeeker	false_fusion	3	1	False_Call
ENSG00000187134:ENSG00000163631	85%	100GB	negative	FusionSeeker	false_fusion	2	1	False_Call
ENSG00000187134:ENSG00000197756	90%	10GB	positive	GFSeeker	false_fusion	2	1	False_Call
ENSG00000187193:ENSG00000290663	85%	100GB	negative	Genion	false_fusion	2	1	False_Call
ENSG00000187244:ENSG00000163631	95%	100GB	negative	JAFFAL	false_fusion	2	1	False_Call
ENSG00000187391:ENSG00000234456	85%	100GB	negative	FusionSeeker	false_fusion	77	1	False_Call
ENSG00000187391:ENSG00000234456	85%	100GB	positive	FusionSeeker	false_fusion	81	1	False_Call
ENSG00000187391:ENSG00000234456	85%	10GB	negative	FusionSeeker	false_fusion	5	1	False_Call
ENSG00000187391:ENSG00000234456	85%	10GB	positive	FusionSeeker	false_fusion	5	1	False_Call
ENSG00000187391:ENSG00000234456	90%	100GB	negative	FusionSeeker	false_fusion	143	1	False_Call
ENSG00000187391:ENSG00000234456	90%	100GB	positive	FusionSeeker	false_fusion	156	1	False_Call
ENSG00000187391:ENSG00000234456	90%	10GB	negative	FusionSeeker	false_fusion	16	1	False_Call
ENSG00000187391:ENSG00000234456	90%	10GB	positive	FusionSeeker	false_fusion	13	1	False_Call
ENSG00000187391:ENSG00000234456	90%	1GB	negative	FusionSeeker	false_fusion	2	1	False_Call
ENSG00000187391:ENSG00000234456	95%	100GB	negative	FusionSeeker	false_fusion	164	1	False_Call
ENSG00000187391:ENSG00000234456	95%	100GB	positive	FusionSeeker	false_fusion	200	1	False_Call
ENSG00000187391:ENSG00000234456	95%	10GB	negative	FusionSeeker	false_fusion	16	1	False_Call
ENSG00000187391:ENSG00000234456	95%	10GB	positive	FusionSeeker	false_fusion	20	1	False_Call
ENSG00000187391:ENSG00000234456	95%	1GB	negative	FusionSeeker	false_fusion	2	1	False_Call
ENSG00000187398:ENSG00000144642	85%	100GB	negative	FusionSeeker	false_fusion	22	1	False_Call
ENSG00000187398:ENSG00000144642	85%	100GB	positive	FusionSeeker	false_fusion	24	1	False_Call
ENSG00000187398:ENSG00000144642	85%	10GB	negative	FusionSeeker	false_fusion	2	1	False_Call
ENSG00000187398:ENSG00000144642	85%	10GB	positive	FusionSeeker	false_fusion	2	1	False_Call
ENSG00000187398:ENSG00000144642	90%	100GB	negative	FusionSeeker	false_fusion	52	1	False_Call
ENSG00000187398:ENSG00000144642	90%	100GB	positive	FusionSeeker	false_fusion	30	1	False_Call
ENSG00000187398:ENSG00000144642	90%	10GB	negative	FusionSeeker	false_fusion	5	1	False_Call
ENSG00000187398:ENSG00000144642	90%	10GB	positive	FusionSeeker	false_fusion	3	1	False_Call
ENSG00000187398:ENSG00000144642	95%	100GB	negative	FusionSeeker	false_fusion	45	1	False_Call
ENSG00000187398:ENSG00000144642	95%	100GB	positive	FusionSeeker	false_fusion	57	1	False_Call
ENSG00000187398:ENSG00000144642	95%	10GB	negative	FusionSeeker	false_fusion	5	1	False_Call
ENSG00000187398:ENSG00000144642	95%	10GB	positive	FusionSeeker	false_fusion	3	1	False_Call
ENSG00000187398:ENSG00000283563	85%	100GB	negative	FusionSeeker	false_fusion	47	2	False_Call
ENSG00000187398:ENSG00000283563	85%	100GB	negative	LongGF	false_fusion	9	2	False_Call
ENSG00000187398:ENSG00000283563	85%	100GB	positive	FusionSeeker	false_fusion	67	2	False_Call
ENSG00000187398:ENSG00000283563	85%	100GB	positive	LongGF	false_fusion	15	2	False_Call
ENSG00000187398:ENSG00000283563	85%	10GB	negative	FusionSeeker	false_fusion	8	1	False_Call
ENSG00000187398:ENSG00000283563	85%	10GB	positive	FusionSeeker	false_fusion	16	2	False_Call
ENSG00000187398:ENSG00000283563	85%	10GB	positive	LongGF	false_fusion	3	2	False_Call
ENSG00000187398:ENSG00000283563	90%	100GB	negative	FusionSeeker	false_fusion	91	2	False_Call
ENSG00000187398:ENSG00000283563	90%	100GB	negative	LongGF	false_fusion	19	2	False_Call
ENSG00000187398:ENSG00000283563	90%	100GB	positive	FusionSeeker	false_fusion	87	2	False_Call
ENSG00000187398:ENSG00000283563	90%	100GB	positive	LongGF	false_fusion	15	2	False_Call
ENSG00000187398:ENSG00000283563	90%	10GB	negative	FusionSeeker	false_fusion	6	1	False_Call
ENSG00000187398:ENSG00000283563	90%	10GB	positive	FusionSeeker	false_fusion	13	2	False_Call
ENSG00000187398:ENSG00000283563	90%	10GB	positive	LongGF	false_fusion	3	2	False_Call
ENSG00000187398:ENSG00000283563	95%	100GB	negative	FusionSeeker	false_fusion	117	2	False_Call
ENSG00000187398:ENSG00000283563	95%	100GB	negative	LongGF	false_fusion	31	2	False_Call
ENSG00000187398:ENSG00000283563	95%	100GB	positive	FusionSeeker	false_fusion	83	2	False_Call
ENSG00000187398:ENSG00000283563	95%	100GB	positive	LongGF	false_fusion	20	2	False_Call
ENSG00000187398:ENSG00000283563	95%	10GB	negative	FusionSeeker	false_fusion	6	1	False_Call
ENSG00000187398:ENSG00000283563	95%	10GB	positive	FusionSeeker	false_fusion	9	2	False_Call
ENSG00000187398:ENSG00000283563	95%	10GB	positive	LongGF	false_fusion	3	2	False_Call
ENSG00000187398:ENSG00000283563	95%	1GB	positive	FusionSeeker	false_fusion	5	2	False_Call
ENSG00000187398:ENSG00000283563	95%	1GB	positive	LongGF	false_fusion	2	2	False_Call
ENSG00000187498:ENSG00000154240	85%	100GB	positive	FusionSeeker	truncated_tri_fusion	28	1	Partial_Recall
ENSG00000187498:ENSG00000154240	90%	100GB	positive	FusionSeeker	truncated_tri_fusion	33	1	Partial_Recall
ENSG00000187498:ENSG00000154240	95%	100GB	positive	FusionSeeker	truncated_tri_fusion	104	1	Partial_Recall
ENSG00000187498:ENSG00000154240	95%	10GB	positive	FusionSeeker	truncated_tri_fusion	4	2	Partial_Recall
ENSG00000187498:ENSG00000154240	95%	10GB	positive	GFSeeker	truncated_tri_fusion	3	2	Partial_Recall
ENSG00000187720:ENSG00000003393	85%	100GB	positive	FusionSeeker	truncated_tri_fusion	15	2	Partial_Recall
ENSG00000187720:ENSG00000003393	85%	100GB	positive	JAFFAL	truncated_tri_fusion	11	2	Partial_Recall
ENSG00000187720:ENSG00000003393	85%	10GB	positive	FusionSeeker	truncated_tri_fusion	4	2	Partial_Recall
ENSG00000187720:ENSG00000003393	85%	10GB	positive	JAFFAL	truncated_tri_fusion	2	2	Partial_Recall
ENSG00000187720:ENSG00000003393	90%	100GB	positive	CTAT-LR-Fusion	truncated_tri_fusion	14	3	Partial_Recall
ENSG00000187720:ENSG00000003393	90%	100GB	positive	FusionSeeker	truncated_tri_fusion	25	3	Partial_Recall
ENSG00000187720:ENSG00000003393	90%	100GB	positive	JAFFAL	truncated_tri_fusion	19	3	Partial_Recall
ENSG00000187720:ENSG00000003393	90%	10GB	positive	CTAT-LR-Fusion	truncated_tri_fusion	5	3	Partial_Recall
ENSG00000187720:ENSG00000003393	90%	10GB	positive	FusionSeeker	truncated_tri_fusion	6	3	Partial_Recall
ENSG00000187720:ENSG00000003393	90%	10GB	positive	JAFFAL	truncated_tri_fusion	6	3	Partial_Recall
ENSG00000187720:ENSG00000003393	95%	100GB	positive	CTAT-LR-Fusion	truncated_tri_fusion	14	3	Partial_Recall
ENSG00000187720:ENSG00000003393	95%	100GB	positive	FusionSeeker	truncated_tri_fusion	67	3	Partial_Recall
ENSG00000187720:ENSG00000003393	95%	100GB	positive	JAFFAL	truncated_tri_fusion	23	3	Partial_Recall
ENSG00000187720:ENSG00000003393	95%	10GB	positive	FusionSeeker	truncated_tri_fusion	5	3	Partial_Recall
ENSG00000187720:ENSG00000003393	95%	10GB	positive	GFSeeker	truncated_tri_fusion	2	3	Partial_Recall
ENSG00000187720:ENSG00000003393	95%	10GB	positive	JAFFAL	truncated_tri_fusion	2	3	Partial_Recall
ENSG00000187720:ENSG00000215472	85%	100GB	negative	FusionSeeker	false_fusion	4	1	False_Call
ENSG00000187720:ENSG00000215472	85%	100GB	positive	FusionSeeker	false_fusion	2	1	False_Call
ENSG00000187720:ENSG00000215472	90%	100GB	negative	FusionSeeker	false_fusion	2	1	False_Call
ENSG00000187720:ENSG00000215472	90%	100GB	positive	FusionSeeker	false_fusion	3	1	False_Call
ENSG00000187951:ENSG00000147041	85%	100GB	positive	JAFFAL	false_fusion	19	1	False_Call
ENSG00000187951:ENSG00000147041	90%	100GB	positive	JAFFAL	false_fusion	26	1	False_Call
ENSG00000187951:ENSG00000147041	90%	10GB	positive	JAFFAL	false_fusion	3	1	False_Call
ENSG00000187951:ENSG00000147041	95%	100GB	positive	JAFFAL	false_fusion	23	1	False_Call
ENSG00000187951:ENSG00000147041	95%	10GB	positive	JAFFAL	false_fusion	4	1	False_Call
ENSG00000187952:ENSG00000171004	95%	100GB	positive	FusionSeeker	false_fusion	2	1	False_Call
ENSG00000188000:ENSG00000267775	85%	100GB	negative	Genion	false_fusion	3	1	False_Call
ENSG00000188186:ENSG00000125821	90%	100GB	positive	CTAT-LR-Fusion	false_fusion	11	1	False_Call
ENSG00000188186:ENSG00000125821	90%	10GB	positive	CTAT-LR-Fusion	false_fusion	3	2	False_Call
ENSG00000188186:ENSG00000125821	90%	10GB	positive	GFSeeker	false_fusion	2	2	False_Call
ENSG00000188186:ENSG00000125821	95%	100GB	positive	CTAT-LR-Fusion	false_fusion	27	1	False_Call
ENSG00000188186:ENSG00000125821	95%	10GB	positive	CTAT-LR-Fusion	false_fusion	2	2	False_Call
ENSG00000188186:ENSG00000125821	95%	10GB	positive	GFSeeker	false_fusion	2	2	False_Call
ENSG00000188186:ENSG00000284776	90%	100GB	positive	JAFFAL	hybrid	16	1	True_Recall
ENSG00000188186:ENSG00000284776	90%	10GB	positive	JAFFAL	hybrid	3	1	True_Recall
ENSG00000188186:ENSG00000284776	95%	100GB	positive	JAFFAL	hybrid	30	1	True_Recall
ENSG00000188186:ENSG00000284776	95%	10GB	positive	JAFFAL	hybrid	2	1	True_Recall
ENSG00000188199:ENSG00000167258	85%	100GB	positive	JAFFAL	false_fusion	3	1	False_Call
ENSG00000188199:ENSG00000167258	90%	100GB	positive	CTAT-LR-Fusion	false_fusion	34	2	False_Call
ENSG00000188199:ENSG00000167258	90%	100GB	positive	JAFFAL	false_fusion	13	2	False_Call
ENSG00000188199:ENSG00000167258	90%	10GB	positive	CTAT-LR-Fusion	false_fusion	2	1	False_Call
ENSG00000188199:ENSG00000167258	95%	100GB	positive	CTAT-LR-Fusion	false_fusion	36	2	False_Call
ENSG00000188199:ENSG00000167258	95%	100GB	positive	JAFFAL	false_fusion	15	2	False_Call
ENSG00000188199:ENSG00000167258	95%	10GB	positive	CTAT-LR-Fusion	false_fusion	5	1	False_Call
ENSG00000188227:ENSG00000197265	85%	100GB	positive	FusionSeeker	reverse_order:truncated_tri_fusion	25	1	Partial_Recall
ENSG00000188227:ENSG00000197265	90%	100GB	positive	FusionSeeker	reverse_order:truncated_tri_fusion	23	1	Partial_Recall
ENSG00000188227:ENSG00000197265	90%	10GB	positive	FusionSeeker	reverse_order:truncated_tri_fusion	2	1	Partial_Recall
ENSG00000188227:ENSG00000197265	95%	100GB	positive	FusionSeeker	reverse_order:truncated_tri_fusion	28	1	Partial_Recall
ENSG00000188227:ENSG00000197265	95%	10GB	positive	FusionSeeker	reverse_order:truncated_tri_fusion	2	2	Partial_Recall
ENSG00000188227:ENSG00000197265	95%	10GB	positive	GFSeeker	reverse_order:truncated_tri_fusion	2	2	Partial_Recall
ENSG00000188321:ENSG00000276043	85%	100GB	positive	CTAT-LR-Fusion	intra_chromosome	15	2	True_Recall
ENSG00000188321:ENSG00000276043	85%	100GB	positive	Genion	intra_chromosome	26	2	True_Recall
ENSG00000188321:ENSG00000276043	90%	100GB	positive	CTAT-LR-Fusion	intra_chromosome	18	4	True_Recall
ENSG00000188321:ENSG00000276043	90%	100GB	positive	Genion	intra_chromosome	29	4	True_Recall
ENSG00000188321:ENSG00000276043	90%	100GB	positive	JAFFAL	intra_chromosome	7	4	True_Recall
ENSG00000188321:ENSG00000276043	90%	100GB	positive	LongGF	intra_chromosome	6	4	True_Recall
ENSG00000188321:ENSG00000276043	90%	10GB	positive	CTAT-LR-Fusion	intra_chromosome	2	1	True_Recall
ENSG00000188321:ENSG00000276043	95%	100GB	positive	CTAT-LR-Fusion	intra_chromosome	17	4	True_Recall
ENSG00000188321:ENSG00000276043	95%	100GB	positive	Genion	intra_chromosome	26	4	True_Recall
ENSG00000188321:ENSG00000276043	95%	100GB	positive	JAFFAL	intra_chromosome	18	4	True_Recall
ENSG00000188321:ENSG00000276043	95%	100GB	positive	LongGF	intra_chromosome	18	4	True_Recall
ENSG00000188321:ENSG00000276043	95%	10GB	positive	CTAT-LR-Fusion	intra_chromosome	3	4	True_Recall
ENSG00000188321:ENSG00000276043	95%	10GB	positive	GFSeeker	intra_chromosome	4	4	True_Recall
ENSG00000188321:ENSG00000276043	95%	10GB	positive	JAFFAL	intra_chromosome	3	4	True_Recall
ENSG00000188321:ENSG00000276043	95%	10GB	positive	LongGF	intra_chromosome	3	4	True_Recall
ENSG00000188460:ENSG00000075624	85%	100GB	negative	FusionSeeker	false_fusion	4	1	False_Call
ENSG00000188460:ENSG00000075624	85%	100GB	positive	FusionSeeker	false_fusion	4	1	False_Call
ENSG00000188580:ENSG00000236548	85%	100GB	negative	FusionSeeker	false_fusion	47	1	False_Call
ENSG00000188580:ENSG00000236548	85%	100GB	positive	FusionSeeker	false_fusion	53	1	False_Call
ENSG00000188580:ENSG00000236548	85%	10GB	negative	FusionSeeker	false_fusion	2	1	False_Call
ENSG00000188580:ENSG00000236548	85%	10GB	positive	FusionSeeker	false_fusion	2	1	False_Call
ENSG00000188580:ENSG00000236548	90%	100GB	negative	FusionSeeker	false_fusion	9	1	False_Call
ENSG00000188580:ENSG00000236548	90%	100GB	positive	FusionSeeker	false_fusion	25	1	False_Call
ENSG00000188580:ENSG00000236548	90%	10GB	positive	FusionSeeker	false_fusion	2	1	False_Call
ENSG00000188580:ENSG00000236548	95%	100GB	negative	FusionSeeker	false_fusion	2	1	False_Call
ENSG00000188580:ENSG00000236548	95%	100GB	positive	FusionSeeker	false_fusion	4	1	False_Call
ENSG00000188846:ENSG00000198727	90%	100GB	negative	FusionSeeker	false_fusion:mitochondrial_genomic	2	1	False_Call
ENSG00000188846:ENSG00000198727	90%	100GB	negative	LongGF	false_fusion	2	1	False_Call
ENSG00000188846:ENSG00000204628	95%	100GB	negative	FusionSeeker	false_fusion	2	2	False_Call
ENSG00000188846:ENSG00000204628	95%	100GB	negative	LongGF	false_fusion	2	2	False_Call
ENSG00000189167:ENSG00000132570	85%	100GB	positive	FusionSeeker	false_fusion	31	2	False_Call
ENSG00000189167:ENSG00000132570	85%	100GB	positive	JAFFAL	false_fusion	9	2	False_Call
ENSG00000189167:ENSG00000132570	90%	100GB	positive	FusionSeeker	false_fusion	34	2	False_Call
ENSG00000189167:ENSG00000132570	90%	100GB	positive	JAFFAL	false_fusion	13	2	False_Call
ENSG00000189167:ENSG00000132570	90%	10GB	positive	FusionSeeker	false_fusion	2	2	False_Call
ENSG00000189167:ENSG00000132570	90%	10GB	positive	JAFFAL	false_fusion	2	2	False_Call
ENSG00000189167:ENSG00000132570	95%	100GB	positive	FusionSeeker	false_fusion	31	2	False_Call
ENSG00000189167:ENSG00000132570	95%	100GB	positive	JAFFAL	false_fusion	15	2	False_Call
ENSG00000189167:ENSG00000132570	95%	10GB	positive	FusionSeeker	false_fusion	4	2	False_Call
ENSG00000189167:ENSG00000132570	95%	10GB	positive	JAFFAL	false_fusion	2	2	False_Call
ENSG00000189167:ENSG00000247627	85%	100GB	positive	Genion	reverse_order: hybrid	23	1	Partial_Recall
ENSG00000189167:ENSG00000247627	90%	100GB	positive	Genion	reverse_order: hybrid	24	1	Partial_Recall
ENSG00000189167:ENSG00000247627	95%	100GB	positive	Genion	reverse_order: hybrid	18	1	Partial_Recall
ENSG00000189229:ENSG00000226258	90%	100GB	positive	JAFFAL	false_fusion:Sense-Antisense	2	1	False_Call
ENSG00000189229:ENSG00000226258	95%	100GB	positive	JAFFAL	false_fusion:Sense-Antisense	5	1	False_Call
ENSG00000189326:ENSG00000066322	95%	10GB	positive	GFSeeker	reverse_order:truncated_tri_fusion	3	1	Partial_Recall
ENSG00000196136:ENSG00000081051	90%	100GB	positive	JAFFAL	false_fusion	3	1	False_Call
ENSG00000196136:ENSG00000118137	95%	100GB	positive	JAFFAL	false_fusion	2	1	False_Call
ENSG00000196136:ENSG00000156508	95%	10GB	positive	GFSeeker	false_fusion	2	1	False_Call
ENSG00000196136:ENSG00000163631	90%	100GB	negative	JAFFAL	false_fusion	2	1	False_Call
ENSG00000196136:ENSG00000163631	95%	100GB	negative	JAFFAL	false_fusion	2	1	False_Call
ENSG00000196136:ENSG00000175899	95%	10GB	positive	GFSeeker	false_fusion	2	1	False_Call
ENSG00000196136:ENSG00000197249	95%	100GB	positive	JAFFAL	false_fusion	2	1	False_Call
ENSG00000196136:ENSG00000198938	95%	100GB	positive	LongGF	false_fusion	2	1	False_Call
ENSG00000196205:ENSG00000147257	85%	100GB	negative	FusionSeeker	false_fusion	2	1	False_Call
ENSG00000196205:ENSG00000198712	95%	100GB	negative	FusionSeeker	false_fusion:mitochondrial_genomic	2	1	False_Call
ENSG00000196205:ENSG00000198886	90%	100GB	positive	FusionSeeker	false_fusion:mitochondrial_genomic	2	1	False_Call
ENSG00000196205:ENSG00000210082	85%	100GB	positive	FusionSeeker	false_fusion:mitochondrial_genomic	4	1	False_Call
ENSG00000196205:ENSG00000210082	90%	100GB	positive	FusionSeeker	false_fusion:mitochondrial_genomic	2	1	False_Call
ENSG00000196262:ENSG00000210082	85%	100GB	positive	FusionSeeker	false_fusion:mitochondrial_genomic	2	1	False_Call
ENSG00000196262:ENSG00000211459	85%	100GB	negative	FusionSeeker	false_fusion:mitochondrial_genomic	2	1	False_Call
ENSG00000196313:ENSG00000291151	85%	100GB	positive	FusionSeeker	false_fusion	2	1	False_Call
ENSG00000196313:ENSG00000291151	95%	100GB	positive	FusionSeeker	false_fusion	3	1	False_Call
ENSG00000196381:ENSG00000013375	90%	10GB	positive	CTAT-LR-Fusion	hybrid	2	1	True_Recall
ENSG00000196381:ENSG00000013375	95%	100GB	positive	CTAT-LR-Fusion	hybrid	15	1	True_Recall
ENSG00000196381:ENSG00000013375	95%	10GB	positive	CTAT-LR-Fusion	hybrid	2	1	True_Recall
ENSG00000196433:ENSG00000086758	85%	100GB	positive	FusionSeeker	intra_chromosome	3	2	True_Recall
ENSG00000196433:ENSG00000086758	85%	100GB	positive	JAFFAL	intra_chromosome	4	2	True_Recall
ENSG00000196433:ENSG00000086758	90%	100GB	positive	FusionSeeker	intra_chromosome	13	2	True_Recall
ENSG00000196433:ENSG00000086758	90%	100GB	positive	JAFFAL	intra_chromosome	11	2	True_Recall
ENSG00000196433:ENSG00000086758	95%	100GB	positive	CTAT-LR-Fusion	intra_chromosome	28	3	True_Recall
ENSG00000196433:ENSG00000086758	95%	100GB	positive	FusionSeeker	intra_chromosome	21	3	True_Recall
ENSG00000196433:ENSG00000086758	95%	100GB	positive	JAFFAL	intra_chromosome	8	3	True_Recall
ENSG00000196433:ENSG00000086758	95%	10GB	positive	FusionSeeker	intra_chromosome	3	1	True_Recall
ENSG00000196455:ENSG00000206384	85%	100GB	positive	Genion	reverse_order: read_through	19	2	Partial_Recall
ENSG00000196455:ENSG00000206384	85%	100GB	positive	LongGF	reverse_order: read_through	14	2	Partial_Recall
ENSG00000196455:ENSG00000206384	90%	100GB	positive	Genion	reverse_order: read_through	21	2	Partial_Recall
ENSG00000196455:ENSG00000206384	90%	100GB	positive	LongGF	reverse_order: read_through	21	2	Partial_Recall
ENSG00000196455:ENSG00000206384	95%	100GB	positive	Genion	reverse_order: read_through	15	2	Partial_Recall
ENSG00000196455:ENSG00000206384	95%	100GB	positive	LongGF	reverse_order: read_through	19	2	Partial_Recall
ENSG00000196455:ENSG00000206384	95%	10GB	positive	GFSeeker	reverse_order: read_through	2	1	Partial_Recall
ENSG00000196531:ENSG00000121089	85%	100GB	negative	FusionSeeker	false_fusion	4	1	False_Call
ENSG00000196531:ENSG00000121089	85%	100GB	positive	FusionSeeker	false_fusion	3	1	False_Call
ENSG00000196531:ENSG00000228224	85%	100GB	positive	FusionSeeker	false_fusion	3	1	False_Call
ENSG00000196531:ENSG00000228224	90%	100GB	positive	FusionSeeker	false_fusion	4	1	False_Call
ENSG00000196531:ENSG00000253506	85%	100GB	negative	FusionSeeker	false_fusion	2	1	False_Call
ENSG00000196531:ENSG00000253506	90%	100GB	negative	FusionSeeker	false_fusion	3	1	False_Call
ENSG00000196531:ENSG00000253506	90%	100GB	positive	FusionSeeker	false_fusion	2	1	False_Call
ENSG00000196531:ENSG00000253506	95%	100GB	positive	FusionSeeker	false_fusion	2	1	False_Call
ENSG00000196531:ENSG00000257322	85%	100GB	negative	FusionSeeker	false_fusion	3	1	False_Call
ENSG00000196531:ENSG00000257322	85%	100GB	positive	FusionSeeker	false_fusion	3	1	False_Call
ENSG00000196549:ENSG00000162302	85%	100GB	positive	CTAT-LR-Fusion	truncated_tri_fusion	14	2	Partial_Recall
ENSG00000196549:ENSG00000162302	85%	100GB	positive	JAFFAL	truncated_tri_fusion	2	2	Partial_Recall
ENSG00000196549:ENSG00000162302	85%	10GB	positive	CTAT-LR-Fusion	truncated_tri_fusion	2	1	Partial_Recall
ENSG00000196549:ENSG00000162302	90%	100GB	positive	CTAT-LR-Fusion	truncated_tri_fusion	20	1	Partial_Recall
ENSG00000196549:ENSG00000162302	90%	10GB	positive	CTAT-LR-Fusion	truncated_tri_fusion	2	2	Partial_Recall
ENSG00000196549:ENSG00000162302	90%	10GB	positive	GFSeeker	truncated_tri_fusion	3	2	Partial_Recall
ENSG00000196549:ENSG00000162302	95%	100GB	positive	CTAT-LR-Fusion	truncated_tri_fusion	36	1	Partial_Recall
ENSG00000196549:ENSG00000162302	95%	10GB	positive	CTAT-LR-Fusion	truncated_tri_fusion	5	2	Partial_Recall
ENSG00000196549:ENSG00000162302	95%	10GB	positive	GFSeeker	truncated_tri_fusion	5	2	Partial_Recall
ENSG00000196549:ENSG00000162302:ENSG00000137707	85%	100GB	positive	JAFFAL	tri_fusion	3	1	True_Recall
ENSG00000196586:ENSG00000068097	85%	10GB	positive	GFSeeker	reverse_order:truncated_tri_fusion	2	1	Partial_Recall
ENSG00000196586:ENSG00000068097	95%	10GB	positive	GFSeeker	reverse_order:truncated_tri_fusion	4	1	Partial_Recall
ENSG00000196586:ENSG00000143228	85%	10GB	positive	CTAT-LR-Fusion	truncated_tri_fusion	2	1	Partial_Recall
ENSG00000196586:ENSG00000143228	90%	100GB	positive	CTAT-LR-Fusion	truncated_tri_fusion	11	1	Partial_Recall
ENSG00000196586:ENSG00000143228	95%	100GB	positive	CTAT-LR-Fusion	truncated_tri_fusion	16	1	Partial_Recall
ENSG00000196586:ENSG00000143228	95%	10GB	positive	CTAT-LR-Fusion	truncated_tri_fusion	2	1	Partial_Recall
ENSG00000196935:ENSG00000283625	85%	100GB	positive	FusionSeeker	hybrid	25	2	True_Recall
ENSG00000196935:ENSG00000283625	85%	100GB	positive	Genion	hybrid	25	2	True_Recall
ENSG00000196935:ENSG00000283625	85%	10GB	positive	FusionSeeker	hybrid	2	1	True_Recall
ENSG00000196935:ENSG00000283625	90%	100GB	positive	FusionSeeker	hybrid	35	2	True_Recall
ENSG00000196935:ENSG00000283625	90%	100GB	positive	Genion	hybrid	33	2	True_Recall
ENSG00000196935:ENSG00000283625	90%	10GB	positive	FusionSeeker	hybrid	2	1	True_Recall
ENSG00000196935:ENSG00000283625	95%	100GB	positive	FusionSeeker	hybrid	28	2	True_Recall
ENSG00000196935:ENSG00000283625	95%	100GB	positive	Genion	hybrid	24	2	True_Recall
ENSG00000196935:ENSG00000283625	95%	10GB	positive	FusionSeeker	hybrid	4	1	True_Recall
ENSG00000196935:ENSG00000283625	95%	1GB	positive	FusionSeeker	hybrid	2	1	True_Recall
ENSG00000196946:ENSG00000119314	95%	100GB	positive	FusionSeeker	false_fusion	6	1	False_Call
ENSG00000196954:ENSG00000291173	85%	100GB	positive	Genion	false_fusion	18	1	False_Call
ENSG00000197099:ENSG00000137154	95%	100GB	positive	FusionSeeker	false_fusion	2	1	False_Call
ENSG00000197099:ENSG00000145425	95%	100GB	negative	FusionSeeker	false_fusion	2	1	False_Call
ENSG00000197099:ENSG00000156508	85%	100GB	negative	FusionSeeker	false_fusion	2	1	False_Call
ENSG00000197099:ENSG00000156508	85%	100GB	positive	FusionSeeker	false_fusion	2	1	False_Call
ENSG00000197099:ENSG00000156508	90%	100GB	negative	FusionSeeker	false_fusion	2	1	False_Call
ENSG00000197099:ENSG00000156508	95%	100GB	positive	FusionSeeker	false_fusion	2	1	False_Call
ENSG00000197099:ENSG00000161016	85%	100GB	positive	FusionSeeker	false_fusion	2	1	False_Call
ENSG00000197099:ENSG00000163631	85%	100GB	negative	FusionSeeker	false_fusion	3	1	False_Call
ENSG00000197099:ENSG00000163631	95%	100GB	positive	FusionSeeker	false_fusion	2	1	False_Call
ENSG00000197099:ENSG00000171560	95%	100GB	positive	FusionSeeker	false_fusion	2	1	False_Call
ENSG00000197099:ENSG00000196205	85%	100GB	positive	FusionSeeker	false_fusion	2	1	False_Call
ENSG00000197099:ENSG00000196205	90%	100GB	positive	FusionSeeker	false_fusion	2	1	False_Call
ENSG00000197099:ENSG00000210082	85%	100GB	positive	FusionSeeker	false_fusion:mitochondrial_genomic	2	1	False_Call
ENSG00000197099:ENSG00000210082	95%	100GB	positive	FusionSeeker	false_fusion:mitochondrial_genomic	2	1	False_Call
ENSG00000197099:ENSG00000211459	85%	100GB	positive	FusionSeeker	false_fusion:mitochondrial_genomic	2	1	False_Call
ENSG00000197099:ENSG00000211459	90%	100GB	negative	FusionSeeker	false_fusion:mitochondrial_genomic	2	1	False_Call
ENSG00000197099:ENSG00000211459	90%	100GB	positive	FusionSeeker	false_fusion:mitochondrial_genomic	2	1	False_Call
ENSG00000197249:ENSG00000083845	85%	100GB	positive	FusionSeeker	false_fusion	2	1	False_Call
ENSG00000197249:ENSG00000087086	85%	100GB	negative	FusionSeeker	false_fusion	5	1	False_Call
ENSG00000197249:ENSG00000087086	85%	100GB	positive	FusionSeeker	false_fusion	9	1	False_Call
ENSG00000197249:ENSG00000087086	90%	100GB	positive	FusionSeeker	false_fusion	2	1	False_Call
ENSG00000197249:ENSG00000087086	95%	100GB	negative	JAFFAL	false_fusion	2	1	False_Call
ENSG00000197249:ENSG00000087086	95%	100GB	positive	FusionSeeker	false_fusion	6	2	False_Call
ENSG00000197249:ENSG00000087086	95%	100GB	positive	JAFFAL	false_fusion	2	2	False_Call
ENSG00000197249:ENSG00000091513	85%	100GB	negative	FusionSeeker	false_fusion	2	1	False_Call
ENSG00000197249:ENSG00000091513	90%	100GB	negative	FusionSeeker	false_fusion	2	1	False_Call
ENSG00000197249:ENSG00000110955	90%	100GB	negative	JAFFAL	false_fusion	2	1	False_Call
ENSG00000197249:ENSG00000118271	90%	100GB	positive	FusionSeeker	false_fusion	2	1	False_Call
ENSG00000197249:ENSG00000128272	90%	100GB	positive	FusionSeeker	false_fusion	2	1	False_Call
ENSG00000197249:ENSG00000131469	85%	100GB	negative	FusionSeeker	false_fusion	2	1	False_Call
ENSG00000197249:ENSG00000131469	90%	100GB	positive	FusionSeeker	false_fusion	2	1	False_Call
ENSG00000197249:ENSG00000131469	95%	100GB	positive	FusionSeeker	false_fusion	2	1	False_Call
ENSG00000197249:ENSG00000132507	85%	100GB	positive	FusionSeeker	false_fusion	2	1	False_Call
ENSG00000197249:ENSG00000137818	95%	100GB	positive	FusionSeeker	false_fusion	2	1	False_Call
ENSG00000197249:ENSG00000142541	85%	10GB	negative	GFSeeker	false_fusion	2	1	False_Call
ENSG00000197249:ENSG00000145592	85%	100GB	negative	FusionSeeker	false_fusion	2	1	False_Call
ENSG00000197249:ENSG00000145592	95%	100GB	negative	JAFFAL	false_fusion	2	1	False_Call
ENSG00000197249:ENSG00000147403	85%	10GB	negative	GFSeeker	false_fusion	2	1	False_Call
ENSG00000197249:ENSG00000156508	85%	100GB	positive	FusionSeeker	false_fusion	2	1	False_Call
ENSG00000197249:ENSG00000156508	85%	10GB	negative	GFSeeker	false_fusion	3	1	False_Call
ENSG00000197249:ENSG00000156508	90%	100GB	negative	FusionSeeker	false_fusion	2	1	False_Call
ENSG00000197249:ENSG00000156508	90%	100GB	positive	FusionSeeker	false_fusion	2	1	False_Call
ENSG00000197249:ENSG00000156508	95%	100GB	positive	FusionSeeker	false_fusion	2	1	False_Call
ENSG00000197249:ENSG00000163631	85%	100GB	negative	FusionSeeker	false_fusion	2	1	False_Call
ENSG00000197249:ENSG00000163631	85%	100GB	positive	FusionSeeker	false_fusion	2	1	False_Call
ENSG00000197249:ENSG00000163631	85%	10GB	negative	GFSeeker	false_fusion	2	1	False_Call
ENSG00000197249:ENSG00000163631	90%	100GB	positive	FusionSeeker	false_fusion	9	1	False_Call
ENSG00000197249:ENSG00000163631	95%	100GB	negative	JAFFAL	false_fusion	2	1	False_Call
ENSG00000197249:ENSG00000163631	95%	100GB	positive	FusionSeeker	false_fusion	2	1	False_Call
ENSG00000197249:ENSG00000167526	85%	100GB	positive	FusionSeeker	false_fusion	2	1	False_Call
ENSG00000197249:ENSG00000167526	90%	100GB	negative	FusionSeeker	false_fusion	2	1	False_Call
ENSG00000197249:ENSG00000167526	90%	100GB	positive	FusionSeeker	false_fusion	2	1	False_Call
ENSG00000197249:ENSG00000169100	85%	100GB	positive	FusionSeeker	false_fusion	2	1	False_Call
ENSG00000197249:ENSG00000170889	90%	100GB	negative	FusionSeeker	false_fusion	2	1	False_Call
ENSG00000197249:ENSG00000171858	95%	100GB	negative	JAFFAL	false_fusion	2	1	False_Call
ENSG00000197249:ENSG00000171863	85%	100GB	negative	FusionSeeker	false_fusion	4	1	False_Call
ENSG00000197249:ENSG00000171863	90%	100GB	positive	FusionSeeker	false_fusion	2	1	False_Call
ENSG00000197249:ENSG00000185624	95%	10GB	positive	GFSeeker	false_fusion	2	1	False_Call
ENSG00000197249:ENSG00000196205	85%	100GB	positive	FusionSeeker	false_fusion	2	1	False_Call
ENSG00000197249:ENSG00000197099	90%	100GB	negative	FusionSeeker	false_fusion	2	1	False_Call
ENSG00000197249:ENSG00000197756	90%	100GB	negative	FusionSeeker	false_fusion	2	1	False_Call
ENSG00000197249:ENSG00000198618	90%	100GB	negative	FusionSeeker	false_fusion	2	1	False_Call
ENSG00000197249:ENSG00000198712	85%	100GB	positive	FusionSeeker	false_fusion:mitochondrial_genomic	2	1	False_Call
ENSG00000197249:ENSG00000198804	85%	100GB	positive	FusionSeeker	false_fusion:mitochondrial_genomic	2	1	False_Call
ENSG00000197249:ENSG00000198888	90%	100GB	negative	FusionSeeker	false_fusion:mitochondrial_genomic	2	1	False_Call
ENSG00000197249:ENSG00000198899	85%	100GB	positive	FusionSeeker	false_fusion:mitochondrial_genomic	4	1	False_Call
ENSG00000197249:ENSG00000198918	90%	100GB	negative	FusionSeeker	false_fusion	2	1	False_Call
ENSG00000197249:ENSG00000198938	85%	100GB	negative	FusionSeeker	false_fusion:mitochondrial_genomic	3	1	False_Call
ENSG00000197249:ENSG00000198938	85%	100GB	positive	FusionSeeker	false_fusion:mitochondrial_genomic	2	1	False_Call
ENSG00000197249:ENSG00000198938	90%	100GB	positive	FusionSeeker	false_fusion:mitochondrial_genomic	2	1	False_Call
ENSG00000197249:ENSG00000198938	95%	100GB	positive	FusionSeeker	false_fusion:mitochondrial_genomic	2	1	False_Call
ENSG00000197249:ENSG00000204628	85%	100GB	negative	FusionSeeker	false_fusion	2	2	False_Call
ENSG00000197249:ENSG00000204628	85%	100GB	negative	JAFFAL	false_fusion	2	2	False_Call
ENSG00000197249:ENSG00000210082	85%	100GB	positive	FusionSeeker	false_fusion:mitochondrial_genomic	9	1	False_Call
ENSG00000197249:ENSG00000210082	90%	100GB	positive	FusionSeeker	false_fusion:mitochondrial_genomic	2	1	False_Call
ENSG00000197249:ENSG00000210082	95%	100GB	positive	FusionSeeker	false_fusion:mitochondrial_genomic	11	1	False_Call
ENSG00000197249:ENSG00000211459	85%	100GB	negative	FusionSeeker	false_fusion:mitochondrial_genomic	2	1	False_Call
ENSG00000197249:ENSG00000211459	85%	100GB	positive	FusionSeeker	false_fusion:mitochondrial_genomic	7	1	False_Call
ENSG00000197249:ENSG00000211459	90%	100GB	negative	FusionSeeker	false_fusion:mitochondrial_genomic	2	1	False_Call
ENSG00000197249:ENSG00000211459	90%	100GB	positive	FusionSeeker	false_fusion:mitochondrial_genomic	2	1	False_Call
ENSG00000197249:ENSG00000211459	95%	100GB	positive	FusionSeeker	false_fusion:mitochondrial_genomic	5	1	False_Call
ENSG00000197249:ENSG00000231500	85%	100GB	negative	FusionSeeker	false_fusion	2	1	False_Call
ENSG00000197249:ENSG00000259399	95%	100GB	positive	FusionSeeker	false_fusion	2	1	False_Call
ENSG00000197249:ENSG00000273259	85%	100GB	negative	FusionSeeker	false_fusion	2	1	False_Call
ENSG00000197249:ENSG00000273259	90%	100GB	positive	FusionSeeker	false_fusion	2	1	False_Call
ENSG00000197302:ENSG00000260737	85%	100GB	positive	FusionSeeker	reverse_order: intra_chromosome	27	2	Partial_Recall
ENSG00000197302:ENSG00000260737	85%	100GB	positive	Genion	reverse_order: intra_chromosome	27	2	Partial_Recall
ENSG00000197302:ENSG00000260737	85%	10GB	positive	FusionSeeker	reverse_order: intra_chromosome	2	1	Partial_Recall
ENSG00000197302:ENSG00000260737	90%	100GB	positive	FusionSeeker	reverse_order: intra_chromosome	35	2	Partial_Recall
ENSG00000197302:ENSG00000260737	90%	100GB	positive	Genion	reverse_order: intra_chromosome	30	2	Partial_Recall
ENSG00000197302:ENSG00000260737	90%	10GB	positive	FusionSeeker	reverse_order: intra_chromosome	3	1	Partial_Recall
ENSG00000197302:ENSG00000260737	95%	100GB	positive	FusionSeeker	reverse_order: intra_chromosome	74	2	Partial_Recall
ENSG00000197302:ENSG00000260737	95%	100GB	positive	Genion	reverse_order: intra_chromosome	43	2	Partial_Recall
ENSG00000197302:ENSG00000260737	95%	10GB	positive	FusionSeeker	reverse_order: intra_chromosome	12	2	Partial_Recall
ENSG00000197302:ENSG00000260737	95%	10GB	positive	Genion	reverse_order: intra_chromosome	8	2	Partial_Recall
ENSG00000197302:ENSG00000260737	95%	1GB	positive	FusionSeeker	reverse_order: intra_chromosome	3	1	Partial_Recall
ENSG00000197462:ENSG00000141576	90%	100GB	positive	CTAT-LR-Fusion	truncated_tri_fusion	18	2	Partial_Recall
ENSG00000197462:ENSG00000141576	90%	100GB	positive	JAFFAL	truncated_tri_fusion	3	2	Partial_Recall
ENSG00000197462:ENSG00000141576	95%	100GB	positive	CTAT-LR-Fusion	truncated_tri_fusion	33	2	Partial_Recall
ENSG00000197462:ENSG00000141576	95%	100GB	positive	JAFFAL	truncated_tri_fusion	25	2	Partial_Recall
ENSG00000197462:ENSG00000141576	95%	10GB	positive	CTAT-LR-Fusion	truncated_tri_fusion	5	2	Partial_Recall
ENSG00000197462:ENSG00000141576	95%	10GB	positive	JAFFAL	truncated_tri_fusion	3	2	Partial_Recall
ENSG00000197462:ENSG00000141576	95%	1GB	positive	CTAT-LR-Fusion	truncated_tri_fusion	2	2	Partial_Recall
ENSG00000197462:ENSG00000141576	95%	1GB	positive	JAFFAL	truncated_tri_fusion	2	2	Partial_Recall
ENSG00000197462:ENSG00000276418	85%	100GB	positive	FusionSeeker	false_fusion	51	1	False_Call
ENSG00000197462:ENSG00000276418	90%	100GB	positive	FusionSeeker	false_fusion	64	1	False_Call
ENSG00000197462:ENSG00000276418	90%	10GB	positive	FusionSeeker	false_fusion	6	1	False_Call
ENSG00000197462:ENSG00000276418	95%	100GB	positive	FusionSeeker	false_fusion	90	1	False_Call
ENSG00000197462:ENSG00000276418	95%	10GB	positive	FusionSeeker	false_fusion	4	1	False_Call
ENSG00000197566:ENSG00000141527	85%	100GB	positive	FusionSeeker	false_fusion	7	1	False_Call
ENSG00000197566:ENSG00000141527	90%	100GB	positive	FusionSeeker	false_fusion	5	1	False_Call
ENSG00000197566:ENSG00000141527	95%	100GB	positive	FusionSeeker	false_fusion	21	1	False_Call
ENSG00000197566:ENSG00000181523	85%	100GB	positive	FusionSeeker	reverse_order: intra_chromosome	27	1	Partial_Recall
ENSG00000197566:ENSG00000181523	85%	10GB	positive	FusionSeeker	reverse_order: intra_chromosome	4	2	Partial_Recall
ENSG00000197566:ENSG00000181523	85%	10GB	positive	GFSeeker	reverse_order: intra_chromosome	2	2	Partial_Recall
ENSG00000197566:ENSG00000181523	90%	100GB	positive	FusionSeeker	reverse_order: intra_chromosome	20	1	Partial_Recall
ENSG00000197566:ENSG00000181523	95%	100GB	positive	FusionSeeker	reverse_order: intra_chromosome	28	1	Partial_Recall
ENSG00000197584:ENSG00000237978	85%	100GB	negative	FusionSeeker	false_fusion	19	1	False_Call
ENSG00000197584:ENSG00000237978	85%	100GB	positive	FusionSeeker	false_fusion	18	1	False_Call
ENSG00000197584:ENSG00000237978	85%	10GB	negative	FusionSeeker	false_fusion	2	1	False_Call
ENSG00000197584:ENSG00000237978	85%	10GB	positive	FusionSeeker	false_fusion	3	1	False_Call
ENSG00000197584:ENSG00000237978	90%	100GB	negative	FusionSeeker	false_fusion	33	1	False_Call
ENSG00000197584:ENSG00000237978	90%	100GB	positive	FusionSeeker	false_fusion	27	1	False_Call
ENSG00000197584:ENSG00000237978	90%	10GB	negative	FusionSeeker	false_fusion	3	1	False_Call
ENSG00000197584:ENSG00000237978	95%	100GB	negative	FusionSeeker	false_fusion	26	1	False_Call
ENSG00000197584:ENSG00000237978	95%	100GB	positive	FusionSeeker	false_fusion	41	1	False_Call
ENSG00000197584:ENSG00000237978	95%	10GB	negative	FusionSeeker	false_fusion	3	1	False_Call
ENSG00000197584:ENSG00000237978	95%	10GB	positive	FusionSeeker	false_fusion	5	1	False_Call
ENSG00000197746:ENSG00000210082	85%	100GB	positive	FusionSeeker	false_fusion:mitochondrial_genomic	2	1	False_Call
ENSG00000197756:ENSG00000091513	85%	100GB	positive	FusionSeeker	false_fusion	2	1	False_Call
ENSG00000197756:ENSG00000091583	95%	100GB	positive	JAFFAL	false_fusion	2	1	False_Call
ENSG00000197756:ENSG00000112306	95%	100GB	negative	FusionSeeker	false_fusion	2	1	False_Call
ENSG00000197756:ENSG00000145425	90%	100GB	negative	FusionSeeker	false_fusion	2	1	False_Call
ENSG00000197756:ENSG00000156482	95%	100GB	positive	FusionSeeker	false_fusion	2	2	False_Call
ENSG00000197756:ENSG00000156482	95%	100GB	positive	JAFFAL	false_fusion	2	2	False_Call
ENSG00000197756:ENSG00000156508	95%	100GB	positive	FusionSeeker	false_fusion	3	1	False_Call
ENSG00000197756:ENSG00000163631	85%	100GB	negative	FusionSeeker	false_fusion	2	1	False_Call
ENSG00000197756:ENSG00000163631	95%	100GB	positive	FusionSeeker	false_fusion	2	1	False_Call
ENSG00000197756:ENSG00000178952	95%	10GB	positive	GFSeeker	false_fusion	2	1	False_Call
ENSG00000197756:ENSG00000197099	85%	100GB	negative	FusionSeeker	false_fusion	2	1	False_Call
ENSG00000197756:ENSG00000198899	85%	100GB	negative	FusionSeeker	false_fusion:mitochondrial_genomic	2	1	False_Call
ENSG00000197756:ENSG00000198899	85%	100GB	negative	LongGF	false_fusion	2	1	False_Call
ENSG00000197756:ENSG00000198938	85%	100GB	positive	FusionSeeker	false_fusion:mitochondrial_genomic	2	1	False_Call
ENSG00000197756:ENSG00000211459	85%	100GB	positive	FusionSeeker	false_fusion:mitochondrial_genomic	2	1	False_Call
ENSG00000197756:ENSG00000226243	85%	100GB	negative	FusionSeeker	false_fusion	28	1	False_Call
ENSG00000197756:ENSG00000226243	85%	100GB	positive	FusionSeeker	false_fusion	29	1	False_Call
ENSG00000197756:ENSG00000226243	85%	10GB	negative	FusionSeeker	false_fusion	2	1	False_Call
ENSG00000197756:ENSG00000226243	85%	10GB	positive	FusionSeeker	false_fusion	2	1	False_Call
ENSG00000197756:ENSG00000226243	90%	100GB	positive	FusionSeeker	false_fusion	5	1	False_Call
ENSG00000197756:ENSG00000228360	85%	100GB	negative	FusionSeeker	false_fusion	18	1	False_Call
ENSG00000197756:ENSG00000228360	85%	100GB	positive	FusionSeeker	false_fusion	15	1	False_Call
ENSG00000197756:ENSG00000228360	85%	10GB	positive	FusionSeeker	false_fusion	2	1	False_Call
ENSG00000197872:ENSG00000150722	85%	100GB	positive	FusionSeeker	intra_chromosome	67	1	True_Recall
ENSG00000197872:ENSG00000150722	85%	10GB	positive	FusionSeeker	intra_chromosome	4	1	True_Recall
ENSG00000197872:ENSG00000150722	90%	100GB	positive	FusionSeeker	intra_chromosome	75	1	True_Recall
ENSG00000197872:ENSG00000150722	90%	10GB	positive	FusionSeeker	intra_chromosome	4	1	True_Recall
ENSG00000197872:ENSG00000150722	95%	100GB	positive	CTAT-LR-Fusion	intra_chromosome	11	2	True_Recall
ENSG00000197872:ENSG00000150722	95%	100GB	positive	FusionSeeker	intra_chromosome	77	2	True_Recall
ENSG00000197872:ENSG00000150722	95%	10GB	positive	CTAT-LR-Fusion	intra_chromosome	2	2	True_Recall
ENSG00000197872:ENSG00000150722	95%	10GB	positive	FusionSeeker	intra_chromosome	12	2	True_Recall
ENSG00000197885:ENSG00000210082	95%	100GB	positive	FusionSeeker	false_fusion:mitochondrial_genomic	2	1	False_Call
ENSG00000197958:ENSG00000211459	90%	100GB	negative	FusionSeeker	false_fusion:mitochondrial_genomic	2	1	False_Call
ENSG00000197959:ENSG00000137818	85%	100GB	negative	FusionSeeker	false_fusion	2	1	False_Call
ENSG00000197976:ENSG00000169084	90%	100GB	positive	FusionSeeker	false_fusion	12	1	False_Call
ENSG00000197976:ENSG00000169084	90%	10GB	positive	FusionSeeker	false_fusion	3	1	False_Call
ENSG00000197976:ENSG00000169084	95%	100GB	positive	FusionSeeker	false_fusion	8	1	False_Call
ENSG00000197976:ENSG00000214717	90%	100GB	positive	Genion	false_fusion	12	1	False_Call
ENSG00000197976:ENSG00000214717	90%	100GB	positive	LongGF	chromosomal_misalignment:intra_chromosome	11	1	Partial_Recall
ENSG00000197976:ENSG00000214717	90%	10GB	positive	LongGF	chromosomal_misalignment:intra_chromosome	3	1	Partial_Recall
ENSG00000197976:ENSG00000214717	95%	100GB	positive	Genion	false_fusion	8	1	False_Call
ENSG00000197976:ENSG00000214717	95%	100GB	positive	LongGF	chromosomal_misalignment:intra_chromosome	8	1	Partial_Recall
ENSG00000197976:ENSG00000292338	85%	100GB	positive	FusionSeeker	false_fusion	6	1	False_Call
ENSG00000197976:ENSG00000292338	90%	100GB	positive	FusionSeeker	false_fusion	6	1	False_Call
ENSG00000197976:ENSG00000292338	95%	100GB	positive	FusionSeeker	false_fusion	10	1	False_Call
ENSG00000197976:ENSG00000292345	85%	100GB	positive	LongGF	chromosomal_misalignment:intra_chromosome	6	1	Partial_Recall
ENSG00000197976:ENSG00000292345	90%	100GB	positive	LongGF	chromosomal_misalignment:intra_chromosome	5	1	Partial_Recall
ENSG00000197976:ENSG00000292345	95%	100GB	positive	CTAT-LR-Fusion	false_fusion	40	2	False_Call
ENSG00000197976:ENSG00000292345	95%	100GB	positive	Genion	false_fusion	10	2	False_Call
ENSG00000197976:ENSG00000292345	95%	100GB	positive	LongGF	chromosomal_misalignment:intra_chromosome	6	1	Partial_Recall
ENSG00000198087:ENSG00000112306	85%	100GB	negative	FusionSeeker	false_fusion	2	1	False_Call
ENSG00000198087:ENSG00000112306	90%	100GB	negative	FusionSeeker	false_fusion	3	1	False_Call
ENSG00000198105:ENSG00000146872	85%	100GB	positive	FusionSeeker	false_fusion	2	1	False_Call
ENSG00000198242:ENSG00000053747	85%	100GB	positive	FusionSeeker	false_fusion	2	1	False_Call
ENSG00000198242:ENSG00000087086	85%	100GB	positive	FusionSeeker	false_fusion	2	1	False_Call
ENSG00000198242:ENSG00000091513	85%	100GB	positive	FusionSeeker	false_fusion	2	1	False_Call
ENSG00000198242:ENSG00000106443	85%	100GB	positive	FusionSeeker	false_fusion	2	1	False_Call
ENSG00000198242:ENSG00000106443	90%	100GB	negative	FusionSeeker	false_fusion	2	1	False_Call
ENSG00000198242:ENSG00000106443	95%	100GB	positive	FusionSeeker	false_fusion	2	1	False_Call
ENSG00000198242:ENSG00000141376	85%	100GB	negative	FusionSeeker	false_fusion	3	1	False_Call
ENSG00000198242:ENSG00000141376	85%	100GB	positive	FusionSeeker	false_fusion	2	1	False_Call
ENSG00000198242:ENSG00000163631	95%	100GB	positive	FusionSeeker	false_fusion	2	1	False_Call
ENSG00000198242:ENSG00000178445	85%	100GB	positive	FusionSeeker	false_fusion	3	1	False_Call
ENSG00000198242:ENSG00000198804	85%	100GB	positive	FusionSeeker	false_fusion:mitochondrial_genomic	2	1	False_Call
ENSG00000198242:ENSG00000214914	85%	100GB	positive	FusionSeeker	false_fusion	2	1	False_Call
ENSG00000198242:ENSG00000228861	90%	100GB	negative	FusionSeeker	false_fusion	2	1	False_Call
ENSG00000198242:ENSG00000236148	90%	100GB	negative	FusionSeeker	false_fusion	2	1	False_Call
ENSG00000198242:ENSG00000236148	90%	100GB	positive	FusionSeeker	false_fusion	2	1	False_Call
ENSG00000198242:ENSG00000240567	85%	100GB	negative	FusionSeeker	false_fusion	8	1	False_Call
ENSG00000198242:ENSG00000240567	85%	100GB	positive	FusionSeeker	false_fusion	7	1	False_Call
ENSG00000198242:ENSG00000240567	90%	100GB	negative	FusionSeeker	false_fusion	3	1	False_Call
ENSG00000198242:ENSG00000240567	90%	100GB	positive	FusionSeeker	false_fusion	12	1	False_Call
ENSG00000198242:ENSG00000240567	90%	10GB	positive	FusionSeeker	false_fusion	2	1	False_Call
ENSG00000198242:ENSG00000240567	95%	100GB	negative	FusionSeeker	false_fusion	5	1	False_Call
ENSG00000198246:ENSG00000138698	85%	100GB	positive	FusionSeeker	reverse_order:truncated_tri_fusion	3	1	Partial_Recall
ENSG00000198246:ENSG00000138698	90%	100GB	positive	FusionSeeker	reverse_order:truncated_tri_fusion	12	1	Partial_Recall
ENSG00000198246:ENSG00000138698	90%	10GB	positive	FusionSeeker	reverse_order:truncated_tri_fusion	2	1	Partial_Recall
ENSG00000198246:ENSG00000138698	95%	100GB	positive	FusionSeeker	reverse_order:truncated_tri_fusion	27	1	Partial_Recall
ENSG00000198246:ENSG00000138698	95%	10GB	positive	FusionSeeker	reverse_order:truncated_tri_fusion	3	2	Partial_Recall
ENSG00000198246:ENSG00000138698	95%	10GB	positive	GFSeeker	reverse_order:truncated_tri_fusion	2	2	Partial_Recall
ENSG00000198346:ENSG00000213777	85%	100GB	negative	Genion	false_fusion	4	1	False_Call
ENSG00000198346:ENSG00000213777	90%	100GB	negative	Genion	false_fusion	2	1	False_Call
ENSG00000198346:ENSG00000213777	90%	100GB	positive	Genion	false_fusion	4	1	False_Call
ENSG00000198346:ENSG00000213777	95%	100GB	positive	Genion	false_fusion	2	1	False_Call
ENSG00000198431:ENSG00000087086	90%	100GB	positive	FusionSeeker	false_fusion	2	1	False_Call
ENSG00000198431:ENSG00000170315	90%	100GB	positive	FusionSeeker	false_fusion	2	1	False_Call
ENSG00000198431:ENSG00000185186	95%	100GB	positive	FusionSeeker	truncated_tri_fusion	4	1	Partial_Recall
ENSG00000198431:ENSG00000197249	90%	100GB	positive	FusionSeeker	false_fusion	2	1	False_Call
ENSG00000198431:ENSG00000204628	85%	100GB	positive	FusionSeeker	false_fusion	2	1	False_Call
ENSG00000198431:ENSG00000210082	85%	100GB	positive	FusionSeeker	false_fusion:mitochondrial_genomic	2	1	False_Call
ENSG00000198431:ENSG00000280191	95%	100GB	positive	FusionSeeker	false_fusion	4	1	False_Call
ENSG00000198551:ENSG00000170144	85%	100GB	positive	FusionSeeker	truncated_tri_fusion	21	2	Partial_Recall
ENSG00000198551:ENSG00000170144	85%	100GB	positive	JAFFAL	truncated_tri_fusion	15	2	Partial_Recall
ENSG00000198551:ENSG00000170144	90%	100GB	positive	FusionSeeker	truncated_tri_fusion	36	2	Partial_Recall
ENSG00000198551:ENSG00000170144	90%	100GB	positive	JAFFAL	truncated_tri_fusion	30	2	Partial_Recall
ENSG00000198551:ENSG00000170144	90%	10GB	positive	FusionSeeker	truncated_tri_fusion	2	2	Partial_Recall
ENSG00000198551:ENSG00000170144	90%	10GB	positive	JAFFAL	truncated_tri_fusion	2	2	Partial_Recall
ENSG00000198551:ENSG00000170144	95%	100GB	positive	FusionSeeker	truncated_tri_fusion	45	2	Partial_Recall
ENSG00000198551:ENSG00000170144	95%	100GB	positive	JAFFAL	truncated_tri_fusion	39	2	Partial_Recall
ENSG00000198551:ENSG00000170144	95%	10GB	positive	FusionSeeker	truncated_tri_fusion	4	2	Partial_Recall
ENSG00000198551:ENSG00000170144	95%	10GB	positive	JAFFAL	truncated_tri_fusion	4	2	Partial_Recall
ENSG00000198551:ENSG00000284770	85%	100GB	positive	LongGF	reverse_order:truncated_tri_fusion	12	1	Partial_Recall
ENSG00000198551:ENSG00000284770	90%	100GB	positive	LongGF	reverse_order:truncated_tri_fusion	19	1	Partial_Recall
ENSG00000198551:ENSG00000284770	90%	10GB	positive	GFSeeker	reverse_order:truncated_tri_fusion	2	2	Partial_Recall
ENSG00000198551:ENSG00000284770	90%	10GB	positive	LongGF	reverse_order:truncated_tri_fusion	3	2	Partial_Recall
ENSG00000198551:ENSG00000284770	95%	100GB	positive	LongGF	reverse_order:truncated_tri_fusion	21	1	Partial_Recall
ENSG00000198551:ENSG00000284770	95%	10GB	positive	GFSeeker	reverse_order:truncated_tri_fusion	3	2	Partial_Recall
ENSG00000198551:ENSG00000284770	95%	10GB	positive	LongGF	reverse_order:truncated_tri_fusion	4	2	Partial_Recall
ENSG00000198551:ENSG00000285053	90%	100GB	positive	Genion	reverse_order:truncated_tri_fusion	14	1	Partial_Recall
ENSG00000198551:ENSG00000285053	95%	100GB	positive	Genion	reverse_order:truncated_tri_fusion	11	1	Partial_Recall
ENSG00000198551:ENSG00000287398	90%	100GB	positive	FusionSeeker	false_fusion	2	1	False_Call
ENSG00000198551:ENSG00000287398	95%	100GB	positive	JAFFAL	false_fusion	2	1	False_Call
ENSG00000198677:ENSG00000140853	85%	100GB	positive	CTAT-LR-Fusion	truncated_tri_fusion	13	1	Partial_Recall
ENSG00000198677:ENSG00000140853	85%	10GB	positive	CTAT-LR-Fusion	truncated_tri_fusion	2	2	Partial_Recall
ENSG00000198677:ENSG00000140853	85%	10GB	positive	GFSeeker	truncated_tri_fusion	2	2	Partial_Recall
ENSG00000198677:ENSG00000140853	90%	100GB	positive	CTAT-LR-Fusion	truncated_tri_fusion	17	1	Partial_Recall
ENSG00000198677:ENSG00000140853	90%	10GB	positive	CTAT-LR-Fusion	truncated_tri_fusion	2	2	Partial_Recall
ENSG00000198677:ENSG00000140853	90%	10GB	positive	GFSeeker	truncated_tri_fusion	2	2	Partial_Recall
ENSG00000198677:ENSG00000140853	95%	100GB	positive	CTAT-LR-Fusion	truncated_tri_fusion	26	1	Partial_Recall
ENSG00000198677:ENSG00000140853	95%	10GB	positive	CTAT-LR-Fusion	truncated_tri_fusion	3	1	Partial_Recall
ENSG00000198677:ENSG00000168676	85%	10GB	positive	GFSeeker	reverse_order:truncated_tri_fusion	6	1	Partial_Recall
ENSG00000198677:ENSG00000168676	85%	1GB	positive	GFSeeker	reverse_order:truncated_tri_fusion	2	1	Partial_Recall
ENSG00000198677:ENSG00000168676	90%	10GB	positive	GFSeeker	reverse_order:truncated_tri_fusion	5	1	Partial_Recall
ENSG00000198712:ENSG00000198888	90%	100GB	negative	LongGF	false_fusion	2	1	False_Call
ENSG00000198740:ENSG00000271793	90%	100GB	positive	FusionSeeker	false_fusion	2	1	False_Call
ENSG00000198755:ENSG00000071082	90%	100GB	positive	JAFFAL	false_fusion	2	1	False_Call
ENSG00000198755:ENSG00000163631	90%	100GB	negative	JAFFAL	false_fusion	2	1	False_Call
ENSG00000198755:ENSG00000210082	90%	100GB	positive	FusionSeeker	false_fusion:mitochondrial_genomic	2	1	False_Call
ENSG00000198755:ENSG00000254772	90%	100GB	positive	LongGF	false_fusion	2	1	False_Call
ENSG00000198763:ENSG00000147403	90%	100GB	positive	FusionSeeker	false_fusion:mitochondrial_genomic	2	1	False_Call
ENSG00000198804:ENSG00000147403	95%	100GB	negative	FusionSeeker	false_fusion:mitochondrial_genomic	2	1	False_Call
ENSG00000198804:ENSG00000147403	95%	100GB	positive	FusionSeeker	false_fusion:mitochondrial_genomic	2	1	False_Call
ENSG00000198804:ENSG00000198712	95%	100GB	positive	FusionSeeker	false_fusion:mitochondrial	2	1	False_Call
ENSG00000198804:ENSG00000198938	95%	100GB	negative	FusionSeeker	false_fusion:mitochondrial	2	1	False_Call
ENSG00000198814:ENSG00000178146	85%	100GB	negative	FusionSeeker	false_fusion	2	1	False_Call
ENSG00000198814:ENSG00000178146	85%	100GB	positive	FusionSeeker	false_fusion	3	1	False_Call
ENSG00000198838:ENSG00000276702	85%	100GB	positive	CTAT-LR-Fusion	read_through	14	2	True_Recall
ENSG00000198838:ENSG00000276702	85%	100GB	positive	JAFFAL	read_through	13	2	True_Recall
ENSG00000198838:ENSG00000276702	90%	100GB	positive	JAFFAL	read_through	10	1	True_Recall
ENSG00000198838:ENSG00000276702	95%	100GB	positive	JAFFAL	read_through	10	1	True_Recall
ENSG00000198838:ENSG00000276702	95%	10GB	positive	CTAT-LR-Fusion	read_through	2	1	True_Recall
ENSG00000198840:ENSG00000180879	95%	100GB	positive	FusionSeeker	false_fusion:mitochondrial_genomic	2	1	False_Call
ENSG00000198886:ENSG00000147257	85%	100GB	negative	FusionSeeker	false_fusion:mitochondrial_genomic	2	1	False_Call
ENSG00000198886:ENSG00000213741	85%	100GB	positive	LongGF	false_fusion	2	1	False_Call
ENSG00000198888:ENSG00000198712	90%	100GB	negative	FusionSeeker	false_fusion:mitochondrial	2	1	False_Call
ENSG00000198888:ENSG00000198938	90%	100GB	negative	FusionSeeker	false_fusion:mitochondrial	2	1	False_Call
ENSG00000198938:ENSG00000101868	85%	100GB	negative	FusionSeeker	false_fusion:mitochondrial_genomic	2	1	False_Call
ENSG00000203335:ENSG00000270114	85%	100GB	negative	Genion	false_fusion:self_misalignment	8	1	False_Call
ENSG00000203335:ENSG00000270114	85%	100GB	positive	Genion	false_fusion:self_misalignment	7	1	False_Call
ENSG00000203335:ENSG00000270114	90%	100GB	negative	Genion	false_fusion:self_misalignment	2	1	False_Call
ENSG00000203335:ENSG00000270114	95%	100GB	positive	Genion	false_fusion:self_misalignment	2	1	False_Call
ENSG00000203663:ENSG00000290612	90%	100GB	positive	Genion	false_fusion	2	1	False_Call
ENSG00000203727:ENSG00000227681	85%	100GB	negative	FusionSeeker	false_fusion	3	2	False_Call
ENSG00000203727:ENSG00000227681	85%	100GB	negative	JAFFAL	false_fusion	3	2	False_Call
ENSG00000203727:ENSG00000227681	85%	100GB	positive	FusionSeeker	false_fusion	2	2	False_Call
ENSG00000203727:ENSG00000227681	85%	100GB	positive	JAFFAL	false_fusion	3	2	False_Call
ENSG00000203727:ENSG00000227681	85%	10GB	positive	CTAT-LR-Fusion	false_fusion	2	2	False_Call
ENSG00000203727:ENSG00000227681	85%	10GB	positive	JAFFAL	false_fusion	2	2	False_Call
ENSG00000203727:ENSG00000227681	90%	100GB	negative	CTAT-LR-Fusion	false_fusion	35	3	False_Call
ENSG00000203727:ENSG00000227681	90%	100GB	negative	FusionSeeker	false_fusion	21	3	False_Call
ENSG00000203727:ENSG00000227681	90%	100GB	negative	JAFFAL	false_fusion	36	3	False_Call
ENSG00000203727:ENSG00000227681	90%	100GB	positive	CTAT-LR-Fusion	false_fusion	26	3	False_Call
ENSG00000203727:ENSG00000227681	90%	100GB	positive	FusionSeeker	false_fusion	13	3	False_Call
ENSG00000203727:ENSG00000227681	90%	100GB	positive	JAFFAL	false_fusion	26	3	False_Call
ENSG00000203727:ENSG00000227681	90%	10GB	negative	CTAT-LR-Fusion	false_fusion	2	3	False_Call
ENSG00000203727:ENSG00000227681	90%	10GB	negative	FusionSeeker	false_fusion	3	3	False_Call
ENSG00000203727:ENSG00000227681	90%	10GB	negative	JAFFAL	false_fusion	2	3	False_Call
ENSG00000203727:ENSG00000227681	95%	100GB	negative	CTAT-LR-Fusion	false_fusion	40	3	False_Call
ENSG00000203727:ENSG00000227681	95%	100GB	negative	FusionSeeker	false_fusion	35	3	False_Call
ENSG00000203727:ENSG00000227681	95%	100GB	negative	JAFFAL	false_fusion	39	3	False_Call
ENSG00000203727:ENSG00000227681	95%	100GB	positive	CTAT-LR-Fusion	false_fusion	43	3	False_Call
ENSG00000203727:ENSG00000227681	95%	100GB	positive	FusionSeeker	false_fusion	43	3	False_Call
ENSG00000203727:ENSG00000227681	95%	100GB	positive	JAFFAL	false_fusion	42	3	False_Call
ENSG00000203727:ENSG00000227681	95%	10GB	negative	CTAT-LR-Fusion	false_fusion	2	3	False_Call
ENSG00000203727:ENSG00000227681	95%	10GB	negative	FusionSeeker	false_fusion	3	3	False_Call
ENSG00000203727:ENSG00000227681	95%	10GB	negative	JAFFAL	false_fusion	2	3	False_Call
ENSG00000203727:ENSG00000227681	95%	10GB	positive	CTAT-LR-Fusion	false_fusion	6	3	False_Call
ENSG00000203727:ENSG00000227681	95%	10GB	positive	FusionSeeker	false_fusion	8	3	False_Call
ENSG00000203727:ENSG00000227681	95%	10GB	positive	JAFFAL	false_fusion	6	3	False_Call
ENSG00000203727:ENSG00000227681	95%	1GB	positive	FusionSeeker	false_fusion	2	1	False_Call
ENSG00000203734:ENSG00000049759	95%	10GB	positive	GFSeeker	reverse_order:truncated_tri_fusion	2	1	Partial_Recall
ENSG00000203734:ENSG00000147573	85%	100GB	positive	FusionSeeker	reverse_order:truncated_tri_fusion	2	1	Partial_Recall
ENSG00000203734:ENSG00000147573	90%	100GB	positive	FusionSeeker	reverse_order:truncated_tri_fusion	10	1	Partial_Recall
ENSG00000203734:ENSG00000147573	95%	100GB	positive	FusionSeeker	reverse_order:truncated_tri_fusion	9	1	Partial_Recall
ENSG00000204070:ENSG00000244274	90%	100GB	positive	JAFFAL	false_fusion	2	1	False_Call
ENSG00000204070:ENSG00000244274	95%	100GB	negative	JAFFAL	false_fusion	2	1	False_Call
ENSG00000204131:ENSG00000133112	85%	10GB	negative	GFSeeker	false_fusion	2	1	False_Call
ENSG00000204131:ENSG00000133112	85%	10GB	positive	GFSeeker	false_fusion	2	1	False_Call
ENSG00000204256:ENSG00000184634	85%	100GB	positive	FusionSeeker	hybrid	17	1	True_Recall
ENSG00000204256:ENSG00000184634	85%	10GB	positive	FusionSeeker	hybrid	2	1	True_Recall
ENSG00000204256:ENSG00000184634	90%	100GB	positive	FusionSeeker	hybrid	20	1	True_Recall
ENSG00000204256:ENSG00000184634	90%	10GB	positive	CTAT-LR-Fusion	hybrid	2	3	True_Recall
ENSG00000204256:ENSG00000184634	90%	10GB	positive	FusionSeeker	hybrid	4	3	True_Recall
ENSG00000204256:ENSG00000184634	90%	10GB	positive	GFSeeker	hybrid	2	3	True_Recall
ENSG00000204256:ENSG00000184634	95%	100GB	positive	CTAT-LR-Fusion	hybrid	18	2	True_Recall
ENSG00000204256:ENSG00000184634	95%	100GB	positive	FusionSeeker	hybrid	27	2	True_Recall
ENSG00000204386:ENSG00000204428	85%	100GB	positive	Genion	false_fusion	2	1	False_Call
ENSG00000204386:ENSG00000204428	95%	100GB	negative	Genion	false_fusion	4	1	False_Call
ENSG00000204387:ENSG00000141499	85%	100GB	positive	CTAT-LR-Fusion	false_fusion	12	1	False_Call
ENSG00000204387:ENSG00000141499	90%	100GB	positive	CTAT-LR-Fusion	false_fusion	19	1	False_Call
ENSG00000204387:ENSG00000141499	95%	100GB	positive	CTAT-LR-Fusion	false_fusion	46	1	False_Call
ENSG00000204387:ENSG00000141499	95%	10GB	positive	CTAT-LR-Fusion	false_fusion	4	1	False_Call
ENSG00000204387:ENSG00000204388	85%	100GB	negative	Genion	false_fusion	6	1	False_Call
ENSG00000204387:ENSG00000204388	90%	100GB	positive	Genion	false_fusion	6	1	False_Call
ENSG00000204387:ENSG00000204388	95%	100GB	positive	Genion	false_fusion	2	1	False_Call
ENSG00000204628:ENSG00000087086	90%	100GB	negative	JAFFAL	false_fusion	2	1	False_Call
ENSG00000204628:ENSG00000137154	90%	100GB	positive	FusionSeeker	false_fusion	2	1	False_Call
ENSG00000204628:ENSG00000137818	95%	100GB	negative	JAFFAL	false_fusion	2	1	False_Call
ENSG00000204628:ENSG00000156508	90%	100GB	negative	FusionSeeker	false_fusion	2	1	False_Call
ENSG00000204628:ENSG00000156508	90%	100GB	positive	FusionSeeker	false_fusion	2	2	False_Call
ENSG00000204628:ENSG00000156508	90%	100GB	positive	JAFFAL	false_fusion	2	2	False_Call
ENSG00000204628:ENSG00000163586	95%	100GB	negative	JAFFAL	false_fusion	2	1	False_Call
ENSG00000204628:ENSG00000163631	90%	100GB	positive	JAFFAL	false_fusion	2	1	False_Call
ENSG00000204628:ENSG00000198938	90%	100GB	negative	FusionSeeker	false_fusion:mitochondrial_genomic	2	1	False_Call
ENSG00000204628:ENSG00000210082	85%	100GB	positive	FusionSeeker	false_fusion:mitochondrial_genomic	2	1	False_Call
ENSG00000204628:ENSG00000210082	95%	100GB	positive	FusionSeeker	false_fusion:mitochondrial_genomic	2	1	False_Call
ENSG00000204628:ENSG00000211459	85%	100GB	negative	FusionSeeker	false_fusion:mitochondrial_genomic	2	1	False_Call
ENSG00000204628:ENSG00000211459	90%	100GB	negative	FusionSeeker	false_fusion:mitochondrial_genomic	2	1	False_Call
ENSG00000204628:ENSG00000211459	95%	100GB	positive	FusionSeeker	false_fusion:mitochondrial_genomic	2	1	False_Call
ENSG00000204628:ENSG00000231500	90%	100GB	positive	FusionSeeker	false_fusion	2	2	False_Call
ENSG00000204628:ENSG00000231500	90%	100GB	positive	LongGF	false_fusion	2	2	False_Call
ENSG00000204632:ENSG00000206503	85%	100GB	negative	Genion	false_fusion	136	1	False_Call
ENSG00000204632:ENSG00000206503	85%	100GB	positive	Genion	false_fusion	119	1	False_Call
ENSG00000204632:ENSG00000206503	85%	10GB	negative	Genion	false_fusion	13	1	False_Call
ENSG00000204632:ENSG00000206503	90%	100GB	negative	Genion	false_fusion	87	1	False_Call
ENSG00000204632:ENSG00000206503	90%	100GB	positive	Genion	false_fusion	81	1	False_Call
ENSG00000204632:ENSG00000206503	95%	100GB	negative	Genion	false_fusion	42	1	False_Call
ENSG00000204632:ENSG00000206503	95%	100GB	positive	Genion	false_fusion	47	1	False_Call
ENSG00000204659:ENSG00000228274	85%	100GB	positive	CTAT-LR-Fusion	truncated_tri_fusion	19	2	Partial_Recall
ENSG00000204659:ENSG00000228274	85%	100GB	positive	JAFFAL	truncated_tri_fusion	24	2	Partial_Recall
ENSG00000204659:ENSG00000228274	85%	10GB	positive	CTAT-LR-Fusion	truncated_tri_fusion	2	2	Partial_Recall
ENSG00000204659:ENSG00000228274	85%	10GB	positive	JAFFAL	truncated_tri_fusion	2	2	Partial_Recall
ENSG00000204659:ENSG00000228274	90%	100GB	positive	CTAT-LR-Fusion	truncated_tri_fusion	39	2	Partial_Recall
ENSG00000204659:ENSG00000228274	90%	100GB	positive	JAFFAL	truncated_tri_fusion	40	2	Partial_Recall
ENSG00000204659:ENSG00000228274	90%	10GB	positive	CTAT-LR-Fusion	truncated_tri_fusion	3	2	Partial_Recall
ENSG00000204659:ENSG00000228274	90%	10GB	positive	JAFFAL	truncated_tri_fusion	3	2	Partial_Recall
ENSG00000204659:ENSG00000228274	95%	100GB	positive	CTAT-LR-Fusion	truncated_tri_fusion	40	2	Partial_Recall
ENSG00000204659:ENSG00000228274	95%	100GB	positive	JAFFAL	truncated_tri_fusion	43	2	Partial_Recall
ENSG00000204659:ENSG00000228274	95%	10GB	positive	CTAT-LR-Fusion	truncated_tri_fusion	4	2	Partial_Recall
ENSG00000204659:ENSG00000228274	95%	10GB	positive	JAFFAL	truncated_tri_fusion	4	2	Partial_Recall
ENSG00000204659:ENSG00000228274	95%	1GB	positive	CTAT-LR-Fusion	truncated_tri_fusion	2	2	Partial_Recall
ENSG00000204659:ENSG00000228274	95%	1GB	positive	JAFFAL	truncated_tri_fusion	2	2	Partial_Recall
ENSG00000204661:ENSG00000259285	85%	100GB	positive	Genion	reverse_order: hybrid	29	1	Partial_Recall
ENSG00000204661:ENSG00000259285	90%	100GB	positive	Genion	reverse_order: hybrid	17	1	Partial_Recall
ENSG00000204661:ENSG00000259285	95%	100GB	positive	Genion	reverse_order: hybrid	23	1	Partial_Recall
ENSG00000204929:ENSG00000091513	85%	100GB	negative	FusionSeeker	false_fusion	4	1	False_Call
ENSG00000204929:ENSG00000144868	90%	100GB	positive	FusionSeeker	false_fusion	16	1	False_Call
ENSG00000204929:ENSG00000144868	90%	10GB	positive	FusionSeeker	false_fusion	4	1	False_Call
ENSG00000204929:ENSG00000144868	95%	100GB	positive	FusionSeeker	false_fusion	50	1	False_Call
ENSG00000204929:ENSG00000144868	95%	10GB	positive	FusionSeeker	false_fusion	5	1	False_Call
ENSG00000204929:ENSG00000198363	85%	100GB	positive	FusionSeeker	false_fusion	42	1	False_Call
ENSG00000204929:ENSG00000198363	90%	100GB	positive	FusionSeeker	false_fusion	32	1	False_Call
ENSG00000204929:ENSG00000198363	90%	10GB	positive	FusionSeeker	false_fusion	5	1	False_Call
ENSG00000204929:ENSG00000198363	95%	100GB	positive	FusionSeeker	false_fusion	50	1	False_Call
ENSG00000204929:ENSG00000198363	95%	10GB	positive	FusionSeeker	false_fusion	2	1	False_Call
ENSG00000204977:ENSG00000198553	90%	100GB	negative	JAFFAL	false_fusion	4	1	False_Call
ENSG00000204977:ENSG00000198553	90%	100GB	positive	JAFFAL	false_fusion	4	1	False_Call
ENSG00000204977:ENSG00000198553	95%	100GB	negative	JAFFAL	false_fusion	2	1	False_Call
ENSG00000204977:ENSG00000198553	95%	100GB	positive	JAFFAL	false_fusion	5	1	False_Call
ENSG00000205084:ENSG00000291051	85%	100GB	positive	Genion	false_fusion	13	1	False_Call
ENSG00000205084:ENSG00000291051	90%	100GB	positive	Genion	false_fusion	20	1	False_Call
ENSG00000205274:ENSG00000226562	85%	100GB	negative	Genion	false_fusion	15	1	False_Call
ENSG00000205274:ENSG00000226562	85%	100GB	positive	Genion	false_fusion	12	1	False_Call
ENSG00000205274:ENSG00000226562	90%	100GB	negative	Genion	false_fusion	15	1	False_Call
ENSG00000205274:ENSG00000226562	90%	100GB	positive	Genion	false_fusion	18	1	False_Call
ENSG00000205274:ENSG00000226562	95%	100GB	negative	Genion	false_fusion	16	1	False_Call
ENSG00000205274:ENSG00000226562	95%	100GB	positive	Genion	false_fusion	22	1	False_Call
ENSG00000205274:ENSG00000230453	85%	100GB	negative	Genion	false_fusion	16	1	False_Call
ENSG00000205274:ENSG00000230453	85%	100GB	positive	Genion	false_fusion	19	1	False_Call
ENSG00000205274:ENSG00000230453	90%	100GB	negative	Genion	false_fusion	18	1	False_Call
ENSG00000205274:ENSG00000230453	90%	100GB	positive	Genion	false_fusion	10	1	False_Call
ENSG00000205274:ENSG00000230453	95%	100GB	negative	Genion	false_fusion	19	1	False_Call
ENSG00000205274:ENSG00000230453	95%	100GB	positive	Genion	false_fusion	17	1	False_Call
ENSG00000205358:ENSG00000259923	90%	100GB	negative	Genion	false_fusion	2	1	False_Call
ENSG00000205358:ENSG00000259923	90%	100GB	positive	Genion	false_fusion	2	1	False_Call
ENSG00000205362:ENSG00000290662	90%	100GB	negative	Genion	false_fusion	2	1	False_Call
ENSG00000205444:ENSG00000251669	85%	100GB	positive	Genion	false_fusion	19	1	False_Call
ENSG00000205444:ENSG00000251669	90%	100GB	positive	Genion	false_fusion	28	1	False_Call
ENSG00000205444:ENSG00000251669	95%	100GB	positive	Genion	false_fusion	19	1	False_Call
ENSG00000205444:ENSG00000290374	90%	100GB	positive	Genion	reverse_order:truncated_tri_fusion	9	1	Partial_Recall
ENSG00000205444:ENSG00000290374	95%	100GB	positive	Genion	reverse_order:truncated_tri_fusion	14	1	Partial_Recall
ENSG00000205609:ENSG00000112306	95%	100GB	negative	FusionSeeker	false_fusion	2	1	False_Call
ENSG00000205629:ENSG00000291179	85%	100GB	negative	Genion	false_fusion	3	1	False_Call
ENSG00000206129:ENSG00000115355	85%	100GB	positive	FusionSeeker	false_fusion	64	1	False_Call
ENSG00000206129:ENSG00000115355	85%	10GB	positive	FusionSeeker	false_fusion	12	1	False_Call
ENSG00000206129:ENSG00000115355	90%	100GB	positive	FusionSeeker	false_fusion	90	1	False_Call
ENSG00000206129:ENSG00000115355	90%	10GB	positive	FusionSeeker	false_fusion	11	1	False_Call
ENSG00000206129:ENSG00000115355	95%	100GB	positive	FusionSeeker	false_fusion	71	1	False_Call
ENSG00000206260:ENSG00000175110	85%	100GB	negative	FusionSeeker	false_fusion	16	1	False_Call
ENSG00000206260:ENSG00000175110	85%	100GB	positive	FusionSeeker	false_fusion	11	1	False_Call
ENSG00000206260:ENSG00000175110	85%	10GB	negative	FusionSeeker	false_fusion	3	1	False_Call
ENSG00000206260:ENSG00000175110	90%	100GB	negative	FusionSeeker	false_fusion	6	1	False_Call
ENSG00000206260:ENSG00000175110	90%	100GB	positive	FusionSeeker	false_fusion	7	1	False_Call
ENSG00000206260:ENSG00000175110	95%	100GB	positive	FusionSeeker	false_fusion	4	1	False_Call
ENSG00000206384:ENSG00000196455	85%	100GB	positive	FusionSeeker	read_through	48	2	True_Recall
ENSG00000206384:ENSG00000196455	85%	100GB	positive	JAFFAL	read_through	13	2	True_Recall
ENSG00000206384:ENSG00000196455	85%	10GB	positive	CTAT-LR-Fusion	read_through	3	3	True_Recall
ENSG00000206384:ENSG00000196455	85%	10GB	positive	FusionSeeker	read_through	2	3	True_Recall
ENSG00000206384:ENSG00000196455	85%	10GB	positive	GFSeeker	read_through	3	3	True_Recall
ENSG00000206384:ENSG00000196455	90%	100GB	positive	FusionSeeker	read_through	105	2	True_Recall
ENSG00000206384:ENSG00000196455	90%	100GB	positive	JAFFAL	read_through	21	2	True_Recall
ENSG00000206384:ENSG00000196455	95%	100GB	positive	FusionSeeker	read_through	111	2	True_Recall
ENSG00000206384:ENSG00000196455	95%	100GB	positive	JAFFAL	read_through	22	2	True_Recall
ENSG00000206384:ENSG00000196455	95%	10GB	positive	FusionSeeker	read_through	2	1	True_Recall
ENSG00000206503:ENSG00000230795	85%	100GB	negative	Genion	false_fusion	474	1	False_Call
ENSG00000206503:ENSG00000230795	85%	100GB	positive	Genion	false_fusion	479	1	False_Call
ENSG00000206503:ENSG00000230795	85%	10GB	negative	Genion	false_fusion	52	1	False_Call
ENSG00000206503:ENSG00000230795	85%	10GB	positive	Genion	false_fusion	58	1	False_Call
ENSG00000206503:ENSG00000230795	85%	1GB	negative	Genion	false_fusion	9	1	False_Call
ENSG00000206503:ENSG00000230795	90%	100GB	negative	Genion	false_fusion	285	1	False_Call
ENSG00000206503:ENSG00000230795	90%	100GB	positive	Genion	false_fusion	306	1	False_Call
ENSG00000206503:ENSG00000230795	90%	10GB	negative	Genion	false_fusion	10	1	False_Call
ENSG00000206503:ENSG00000230795	90%	10GB	positive	Genion	false_fusion	29	1	False_Call
ENSG00000206503:ENSG00000230795	95%	100GB	negative	Genion	false_fusion	93	1	False_Call
ENSG00000206503:ENSG00000230795	95%	100GB	positive	Genion	false_fusion	89	1	False_Call
ENSG00000206503:ENSG00000230795	95%	10GB	negative	Genion	false_fusion	10	1	False_Call
ENSG00000206503:ENSG00000235290	85%	100GB	negative	Genion	false_fusion	39	1	False_Call
ENSG00000206503:ENSG00000235290	85%	100GB	positive	Genion	false_fusion	37	1	False_Call
ENSG00000206503:ENSG00000235290	90%	100GB	negative	Genion	false_fusion	15	1	False_Call
ENSG00000206503:ENSG00000290574	85%	100GB	negative	Genion	false_fusion	191	1	False_Call
ENSG00000206503:ENSG00000290574	85%	100GB	positive	Genion	false_fusion	192	1	False_Call
ENSG00000206503:ENSG00000290574	85%	10GB	negative	Genion	false_fusion	26	1	False_Call
ENSG00000206503:ENSG00000290574	85%	10GB	positive	Genion	false_fusion	28	1	False_Call
ENSG00000206503:ENSG00000290574	90%	100GB	negative	Genion	false_fusion	70	1	False_Call
ENSG00000206503:ENSG00000290574	90%	100GB	positive	Genion	false_fusion	105	1	False_Call
ENSG00000206503:ENSG00000290574	95%	100GB	positive	Genion	false_fusion	24	1	False_Call
ENSG00000206560:ENSG00000091651	85%	100GB	positive	CTAT-LR-Fusion	truncated_tri_fusion	13	2	Partial_Recall
ENSG00000206560:ENSG00000091651	85%	100GB	positive	JAFFAL	truncated_tri_fusion	5	2	Partial_Recall
ENSG00000206560:ENSG00000091651	90%	100GB	positive	CTAT-LR-Fusion	truncated_tri_fusion	14	2	Partial_Recall
ENSG00000206560:ENSG00000091651	90%	100GB	positive	JAFFAL	truncated_tri_fusion	13	2	Partial_Recall
ENSG00000206560:ENSG00000091651	95%	100GB	positive	CTAT-LR-Fusion	truncated_tri_fusion	19	2	Partial_Recall
ENSG00000206560:ENSG00000091651	95%	100GB	positive	JAFFAL	truncated_tri_fusion	21	2	Partial_Recall
ENSG00000206560:ENSG00000091651	95%	10GB	positive	CTAT-LR-Fusion	truncated_tri_fusion	6	2	Partial_Recall
ENSG00000206560:ENSG00000091651	95%	10GB	positive	JAFFAL	truncated_tri_fusion	6	2	Partial_Recall
ENSG00000206560:ENSG00000166851	90%	10GB	positive	GFSeeker	reverse_order:truncated_tri_fusion	4	1	Partial_Recall
ENSG00000207716:ENSG00000250896	85%	100GB	positive	Genion	false_fusion	7	1	False_Call
ENSG00000210082:ENSG00000102309	95%	100GB	positive	FusionSeeker	false_fusion:mitochondrial_genomic	2	1	False_Call
ENSG00000210082:ENSG00000198712	90%	100GB	positive	FusionSeeker	false_fusion:mitochondrial	2	1	False_Call
ENSG00000210082:ENSG00000198712	95%	100GB	positive	FusionSeeker	false_fusion:mitochondrial	2	1	False_Call
ENSG00000210082:ENSG00000198804	95%	100GB	positive	FusionSeeker	false_fusion:mitochondrial	2	1	False_Call
ENSG00000211459:ENSG00000198712	85%	100GB	positive	FusionSeeker	false_fusion:mitochondrial	2	1	False_Call
ENSG00000211459:ENSG00000198712	95%	100GB	positive	FusionSeeker	false_fusion:mitochondrial	3	1	False_Call
ENSG00000211459:ENSG00000198804	90%	100GB	negative	FusionSeeker	false_fusion:mitochondrial	2	1	False_Call
ENSG00000211459:ENSG00000198886	85%	100GB	positive	FusionSeeker	false_fusion:mitochondrial	2	1	False_Call
ENSG00000211459:ENSG00000198938	85%	100GB	positive	FusionSeeker	false_fusion:mitochondrial	2	1	False_Call
ENSG00000211459:ENSG00000198938	90%	100GB	positive	FusionSeeker	false_fusion:mitochondrial	2	1	False_Call
ENSG00000211459:ENSG00000210082	85%	100GB	positive	FusionSeeker	false_fusion:mitochondrial	10	1	False_Call
ENSG00000211459:ENSG00000210082	90%	100GB	positive	FusionSeeker	false_fusion:mitochondrial	7	1	False_Call
ENSG00000211459:ENSG00000210082	95%	100GB	positive	FusionSeeker	false_fusion:mitochondrial	4	1	False_Call
ENSG00000211633:ENSG00000253365	85%	100GB	positive	Genion	false_fusion	2	1	False_Call
ENSG00000211968:ENSG00000253274	85%	100GB	positive	Genion	false_fusion	2	1	False_Call
ENSG00000213075:ENSG00000071082	85%	100GB	negative	FusionSeeker	false_fusion	32	1	False_Call
ENSG00000213075:ENSG00000071082	85%	100GB	positive	FusionSeeker	false_fusion	27	1	False_Call
ENSG00000213075:ENSG00000071082	85%	10GB	positive	FusionSeeker	false_fusion	2	1	False_Call
ENSG00000213075:ENSG00000071082	90%	100GB	negative	FusionSeeker	false_fusion	4	1	False_Call
ENSG00000213075:ENSG00000071082	90%	100GB	positive	FusionSeeker	false_fusion	5	1	False_Call
ENSG00000213236:ENSG00000164924	95%	100GB	positive	FusionSeeker	false_fusion	4	1	False_Call
ENSG00000213260:ENSG00000164924	90%	100GB	positive	FusionSeeker	false_fusion	2	1	False_Call
ENSG00000213300:ENSG00000266780	90%	100GB	positive	Genion	false_fusion	7	1	False_Call
ENSG00000213300:ENSG00000266780	95%	100GB	negative	Genion	false_fusion	6	1	False_Call
ENSG00000213498:ENSG00000133112	85%	100GB	negative	CTAT-LR-Fusion	false_fusion	172	1	False_Call
ENSG00000213498:ENSG00000133112	85%	100GB	positive	CTAT-LR-Fusion	false_fusion	146	1	False_Call
ENSG00000213498:ENSG00000133112	85%	10GB	positive	CTAT-LR-Fusion	false_fusion	9	1	False_Call
ENSG00000213619:ENSG00000109861	85%	100GB	positive	FusionSeeker	reverse_order: hybrid	4	1	Partial_Recall
ENSG00000213619:ENSG00000109861	90%	100GB	positive	FusionSeeker	reverse_order: hybrid	26	1	Partial_Recall
ENSG00000213619:ENSG00000109861	90%	10GB	positive	FusionSeeker	reverse_order: hybrid	2	1	Partial_Recall
ENSG00000213619:ENSG00000109861	95%	100GB	positive	FusionSeeker	reverse_order: hybrid	41	1	Partial_Recall
ENSG00000213619:ENSG00000109861	95%	10GB	positive	FusionSeeker	reverse_order: hybrid	3	2	Partial_Recall
ENSG00000213619:ENSG00000109861	95%	10GB	positive	GFSeeker	reverse_order: hybrid	4	2	Partial_Recall
ENSG00000213619:ENSG00000109861	95%	1GB	positive	FusionSeeker	reverse_order: hybrid	2	2	Partial_Recall
ENSG00000213619:ENSG00000109861	95%	1GB	positive	GFSeeker	reverse_order: hybrid	2	2	Partial_Recall
ENSG00000213657:ENSG00000071082	85%	100GB	negative	FusionSeeker	false_fusion	3	1	False_Call
ENSG00000213657:ENSG00000071082	85%	100GB	positive	FusionSeeker	false_fusion	8	1	False_Call
ENSG00000213657:ENSG00000071082	90%	100GB	negative	FusionSeeker	false_fusion	2	1	False_Call
ENSG00000213671:ENSG00000138430	85%	100GB	negative	FusionSeeker	false_fusion	2	1	False_Call
ENSG00000213671:ENSG00000138430	85%	100GB	positive	FusionSeeker	false_fusion	2	1	False_Call
ENSG00000213741:ENSG00000081051	90%	100GB	negative	FusionSeeker	false_fusion	2	1	False_Call
ENSG00000213741:ENSG00000163631	95%	100GB	positive	FusionSeeker	false_fusion	2	1	False_Call
ENSG00000213741:ENSG00000196205	85%	100GB	negative	FusionSeeker	false_fusion	2	1	False_Call
ENSG00000213741:ENSG00000196730	85%	100GB	negative	FusionSeeker	false_fusion	2	1	False_Call
ENSG00000213741:ENSG00000196730	85%	100GB	positive	FusionSeeker	false_fusion	2	1	False_Call
ENSG00000213741:ENSG00000197099	95%	100GB	negative	FusionSeeker	false_fusion	2	1	False_Call
ENSG00000213741:ENSG00000197249	90%	100GB	positive	FusionSeeker	false_fusion	2	2	False_Call
ENSG00000213741:ENSG00000197249	90%	100GB	positive	JAFFAL	false_fusion	2	2	False_Call
ENSG00000213741:ENSG00000198886	85%	100GB	positive	FusionSeeker	false_fusion:mitochondrial_genomic	2	1	False_Call
ENSG00000213741:ENSG00000211459	85%	100GB	negative	FusionSeeker	false_fusion:mitochondrial_genomic	2	1	False_Call
ENSG00000213741:ENSG00000273259	90%	100GB	negative	FusionSeeker	false_fusion	2	1	False_Call
ENSG00000213783:ENSG00000136942	85%	100GB	positive	FusionSeeker	false_fusion	2	1	False_Call
ENSG00000213942:ENSG00000071082	85%	100GB	negative	FusionSeeker	false_fusion	114	1	False_Call
ENSG00000213942:ENSG00000071082	85%	100GB	positive	FusionSeeker	false_fusion	103	1	False_Call
ENSG00000213942:ENSG00000071082	85%	10GB	positive	FusionSeeker	false_fusion	14	1	False_Call
ENSG00000213942:ENSG00000071082	85%	1GB	positive	FusionSeeker	false_fusion	2	1	False_Call
ENSG00000213942:ENSG00000071082	90%	100GB	negative	FusionSeeker	false_fusion	6	1	False_Call
ENSG00000213942:ENSG00000071082	90%	100GB	positive	FusionSeeker	false_fusion	15	1	False_Call
ENSG00000213942:ENSG00000071082	90%	10GB	positive	FusionSeeker	false_fusion	2	1	False_Call
ENSG00000213983:ENSG00000126777	85%	100GB	positive	CTAT-LR-Fusion	intra_chromosome	26	3	True_Recall
ENSG00000213983:ENSG00000126777	85%	100GB	positive	FusionSeeker	intra_chromosome	48	3	True_Recall
ENSG00000213983:ENSG00000126777	85%	100GB	positive	JAFFAL	intra_chromosome	29	3	True_Recall
ENSG00000213983:ENSG00000126777	85%	10GB	positive	CTAT-LR-Fusion	intra_chromosome	4	4	True_Recall
ENSG00000213983:ENSG00000126777	85%	10GB	positive	FusionSeeker	intra_chromosome	6	4	True_Recall
ENSG00000213983:ENSG00000126777	85%	10GB	positive	GFSeeker	intra_chromosome	4	4	True_Recall
ENSG00000213983:ENSG00000126777	85%	10GB	positive	JAFFAL	intra_chromosome	3	4	True_Recall
ENSG00000213983:ENSG00000126777	90%	100GB	positive	CTAT-LR-Fusion	intra_chromosome	30	3	True_Recall
ENSG00000213983:ENSG00000126777	90%	100GB	positive	FusionSeeker	intra_chromosome	50	3	True_Recall
ENSG00000213983:ENSG00000126777	90%	100GB	positive	JAFFAL	intra_chromosome	30	3	True_Recall
ENSG00000213983:ENSG00000126777	90%	10GB	positive	FusionSeeker	intra_chromosome	5	3	True_Recall
ENSG00000213983:ENSG00000126777	90%	10GB	positive	GFSeeker	intra_chromosome	2	3	True_Recall
ENSG00000213983:ENSG00000126777	90%	10GB	positive	JAFFAL	intra_chromosome	3	3	True_Recall
ENSG00000213983:ENSG00000126777	95%	100GB	positive	CTAT-LR-Fusion	intra_chromosome	23	3	True_Recall
ENSG00000213983:ENSG00000126777	95%	100GB	positive	FusionSeeker	intra_chromosome	55	3	True_Recall
ENSG00000213983:ENSG00000126777	95%	100GB	positive	JAFFAL	intra_chromosome	28	3	True_Recall
ENSG00000213983:ENSG00000126777	95%	10GB	positive	CTAT-LR-Fusion	intra_chromosome	3	4	True_Recall
ENSG00000213983:ENSG00000126777	95%	10GB	positive	FusionSeeker	intra_chromosome	4	4	True_Recall
ENSG00000213983:ENSG00000126777	95%	10GB	positive	GFSeeker	intra_chromosome	4	4	True_Recall
ENSG00000213983:ENSG00000126777	95%	10GB	positive	JAFFAL	intra_chromosome	4	4	True_Recall
ENSG00000213988:ENSG00000105193	90%	10GB	positive	GFSeeker	false_fusion	2	1	False_Call
ENSG00000214078:ENSG00000283103	85%	100GB	positive	CTAT-LR-Fusion	truncated_tri_fusion	11	2	Partial_Recall
ENSG00000214078:ENSG00000283103	85%	100GB	positive	JAFFAL	truncated_tri_fusion	6	2	Partial_Recall
ENSG00000214078:ENSG00000283103	90%	100GB	positive	JAFFAL	truncated_tri_fusion	6	1	Partial_Recall
ENSG00000214078:ENSG00000283103	90%	10GB	positive	CTAT-LR-Fusion	truncated_tri_fusion	2	1	Partial_Recall
ENSG00000214078:ENSG00000283103	95%	100GB	positive	JAFFAL	truncated_tri_fusion	10	1	Partial_Recall
ENSG00000214078:ENSG00000283103	95%	10GB	positive	JAFFAL	truncated_tri_fusion	2	1	Partial_Recall
ENSG00000214097:ENSG00000105819	85%	100GB	positive	FusionSeeker	reverse_order:truncated_tri_fusion	17	1	Partial_Recall
ENSG00000214097:ENSG00000105819	85%	10GB	positive	FusionSeeker	reverse_order:truncated_tri_fusion	2	2	Partial_Recall
ENSG00000214097:ENSG00000105819	85%	10GB	positive	GFSeeker	reverse_order:truncated_tri_fusion	2	2	Partial_Recall
ENSG00000214097:ENSG00000105819	90%	100GB	positive	FusionSeeker	reverse_order:truncated_tri_fusion	21	1	Partial_Recall
ENSG00000214097:ENSG00000105819	90%	10GB	positive	FusionSeeker	reverse_order:truncated_tri_fusion	4	2	Partial_Recall
ENSG00000214097:ENSG00000105819	90%	10GB	positive	GFSeeker	reverse_order:truncated_tri_fusion	4	2	Partial_Recall
ENSG00000214097:ENSG00000105819	95%	100GB	positive	FusionSeeker	reverse_order:truncated_tri_fusion	19	1	Partial_Recall
ENSG00000214097:ENSG00000143633	95%	10GB	positive	GFSeeker	truncated_tri_fusion	4	1	Partial_Recall
ENSG00000214338:ENSG00000184530	90%	100GB	positive	CTAT-LR-Fusion	read_through	13	1	True_Recall
ENSG00000214338:ENSG00000184530	90%	10GB	positive	GFSeeker	read_through	2	1	True_Recall
ENSG00000214338:ENSG00000184530	95%	100GB	positive	CTAT-LR-Fusion	read_through	28	1	True_Recall
ENSG00000214541:ENSG00000102309	85%	100GB	positive	FusionSeeker	false_fusion	3	1	False_Call
ENSG00000214717:ENSG00000292343	85%	100GB	positive	LongGF	false_fusion	3	1	False_Call
ENSG00000214717:ENSG00000292343	90%	100GB	positive	Genion	false_fusion	8	2	False_Call
ENSG00000214717:ENSG00000292343	90%	100GB	positive	LongGF	false_fusion	8	2	False_Call
ENSG00000214717:ENSG00000292343	95%	100GB	positive	Genion	false_fusion	8	2	False_Call
ENSG00000214717:ENSG00000292343	95%	100GB	positive	LongGF	false_fusion	6	2	False_Call
ENSG00000214857:ENSG00000127922	85%	100GB	negative	FusionSeeker	false_fusion	3	1	False_Call
ENSG00000214881:ENSG00000137210	85%	100GB	negative	FusionSeeker	false_fusion	5	1	False_Call
ENSG00000214881:ENSG00000137210	90%	100GB	negative	FusionSeeker	false_fusion	2	1	False_Call
ENSG00000214967:ENSG00000227827	85%	100GB	negative	Genion	false_fusion	24	1	False_Call
ENSG00000214967:ENSG00000227827	85%	100GB	positive	Genion	false_fusion	30	1	False_Call
ENSG00000214967:ENSG00000227827	90%	100GB	negative	Genion	false_fusion	28	1	False_Call
ENSG00000214967:ENSG00000227827	90%	100GB	positive	Genion	false_fusion	25	1	False_Call
ENSG00000214967:ENSG00000227827	95%	100GB	negative	Genion	false_fusion	28	1	False_Call
ENSG00000214967:ENSG00000227827	95%	100GB	positive	Genion	false_fusion	31	1	False_Call
ENSG00000215124:ENSG00000225102	85%	100GB	positive	FusionSeeker	read_through	60	2	True_Recall
ENSG00000215124:ENSG00000225102	85%	100GB	positive	Genion	read_through	9	2	True_Recall
ENSG00000215124:ENSG00000225102	90%	100GB	positive	FusionSeeker	read_through	55	2	True_Recall
ENSG00000215124:ENSG00000225102	90%	100GB	positive	Genion	read_through	9	2	True_Recall
ENSG00000215124:ENSG00000225102	90%	10GB	positive	FusionSeeker	read_through	4	1	True_Recall
ENSG00000215124:ENSG00000225102	95%	100GB	positive	CTAT-LR-Fusion	read_through	17	3	True_Recall
ENSG00000215124:ENSG00000225102	95%	100GB	positive	FusionSeeker	read_through	55	3	True_Recall
ENSG00000215124:ENSG00000225102	95%	100GB	positive	Genion	read_through	3	3	True_Recall
ENSG00000215124:ENSG00000225102	95%	10GB	positive	CTAT-LR-Fusion	read_through	2	2	True_Recall
ENSG00000215124:ENSG00000225102	95%	10GB	positive	FusionSeeker	read_through	4	2	True_Recall
ENSG00000215268:ENSG00000224435	85%	100GB	negative	Genion	false_fusion	6	1	False_Call
ENSG00000215268:ENSG00000224435	85%	100GB	positive	Genion	false_fusion	8	1	False_Call
ENSG00000215268:ENSG00000224435	90%	100GB	positive	Genion	false_fusion	7	1	False_Call
ENSG00000215472:ENSG00000186001	85%	100GB	positive	FusionSeeker	false_fusion	4	1	False_Call
ENSG00000215472:ENSG00000186001	90%	100GB	negative	FusionSeeker	false_fusion	2	1	False_Call
ENSG00000215472:ENSG00000210082	85%	100GB	positive	FusionSeeker	false_fusion:mitochondrial_genomic	2	1	False_Call
ENSG00000215472:ENSG00000251062	85%	100GB	negative	FusionSeeker	false_fusion	8	1	False_Call
ENSG00000215472:ENSG00000251062	85%	100GB	positive	FusionSeeker	false_fusion	6	1	False_Call
ENSG00000215472:ENSG00000251062	90%	100GB	negative	FusionSeeker	false_fusion	3	1	False_Call
ENSG00000215796:ENSG00000138759	95%	100GB	positive	CTAT-LR-Fusion	truncated_tri_fusion	19	1	Partial_Recall
ENSG00000215796:ENSG00000138759	95%	10GB	positive	CTAT-LR-Fusion	truncated_tri_fusion	4	1	Partial_Recall
ENSG00000215905:ENSG00000130255	85%	100GB	negative	FusionSeeker	false_fusion	6	1	False_Call
ENSG00000215905:ENSG00000130255	85%	100GB	positive	FusionSeeker	false_fusion	5	1	False_Call
ENSG00000215915:ENSG00000290916	95%	100GB	negative	Genion	false_fusion	2	1	False_Call
ENSG00000217030:ENSG00000231500	85%	100GB	positive	FusionSeeker	false_fusion	2	1	False_Call
ENSG00000218305:ENSG00000081377	85%	100GB	negative	FusionSeeker	false_fusion	2	1	False_Call
ENSG00000219391:ENSG00000070756	85%	100GB	negative	FusionSeeker	false_fusion	2	1	False_Call
ENSG00000219545:ENSG00000106415	90%	100GB	negative	CTAT-LR-Fusion	false_fusion	18	1	False_Call
ENSG00000219545:ENSG00000106415	90%	100GB	positive	CTAT-LR-Fusion	false_fusion	21	1	False_Call
ENSG00000219545:ENSG00000106415	90%	10GB	negative	CTAT-LR-Fusion	false_fusion	5	1	False_Call
ENSG00000219545:ENSG00000106415	90%	1GB	negative	CTAT-LR-Fusion	false_fusion	2	1	False_Call
ENSG00000219545:ENSG00000106415	95%	100GB	negative	CTAT-LR-Fusion	false_fusion	40	1	False_Call
ENSG00000219545:ENSG00000106415	95%	100GB	positive	CTAT-LR-Fusion	false_fusion	37	1	False_Call
ENSG00000219545:ENSG00000106415	95%	10GB	negative	CTAT-LR-Fusion	false_fusion	5	1	False_Call
ENSG00000219545:ENSG00000106415	95%	1GB	negative	CTAT-LR-Fusion	false_fusion	2	1	False_Call
ENSG00000219545:ENSG00000283549	85%	100GB	negative	FusionSeeker	false_fusion	4	1	False_Call
ENSG00000219545:ENSG00000283549	85%	100GB	positive	FusionSeeker	false_fusion	8	1	False_Call
ENSG00000219545:ENSG00000283549	90%	100GB	negative	FusionSeeker	false_fusion	22	1	False_Call
ENSG00000219545:ENSG00000283549	90%	100GB	positive	FusionSeeker	false_fusion	30	1	False_Call
ENSG00000219545:ENSG00000283549	90%	10GB	negative	FusionSeeker	false_fusion	5	1	False_Call
ENSG00000219545:ENSG00000283549	90%	10GB	positive	FusionSeeker	false_fusion	2	1	False_Call
ENSG00000219545:ENSG00000283549	90%	1GB	negative	FusionSeeker	false_fusion	2	1	False_Call
ENSG00000219545:ENSG00000283549	95%	100GB	negative	FusionSeeker	false_fusion	41	1	False_Call
ENSG00000219545:ENSG00000283549	95%	100GB	positive	FusionSeeker	false_fusion	38	1	False_Call
ENSG00000219545:ENSG00000283549	95%	10GB	negative	FusionSeeker	false_fusion	5	1	False_Call
ENSG00000219545:ENSG00000283549	95%	1GB	negative	FusionSeeker	false_fusion	2	1	False_Call
ENSG00000219665:ENSG00000223547	90%	100GB	negative	Genion	false_fusion	4	1	False_Call
ENSG00000219665:ENSG00000223547	90%	100GB	positive	Genion	false_fusion	2	1	False_Call
ENSG00000219665:ENSG00000223547	90%	10GB	negative	Genion	false_fusion	2	1	False_Call
ENSG00000219665:ENSG00000223547	95%	100GB	negative	Genion	false_fusion	2	1	False_Call
ENSG00000219665:ENSG00000223547	95%	10GB	negative	Genion	false_fusion	2	1	False_Call
ENSG00000220842:ENSG00000087086	85%	100GB	negative	FusionSeeker	false_fusion	3	1	False_Call
ENSG00000220842:ENSG00000133112	95%	100GB	negative	FusionSeeker	false_fusion	2	1	False_Call
ENSG00000220842:ENSG00000197249	85%	100GB	positive	FusionSeeker	false_fusion	2	1	False_Call
ENSG00000220842:ENSG00000198938	85%	100GB	positive	FusionSeeker	false_fusion:mitochondrial_genomic	2	1	False_Call
ENSG00000220842:ENSG00000210082	85%	10GB	negative	FusionSeeker	false_fusion:mitochondrial_genomic	2	1	False_Call
ENSG00000220842:ENSG00000210082	90%	100GB	positive	FusionSeeker	false_fusion:mitochondrial_genomic	2	1	False_Call
ENSG00000221843:ENSG00000091513	85%	100GB	positive	FusionSeeker	false_fusion	2	1	False_Call
ENSG00000221874:ENSG00000183137	85%	100GB	positive	FusionSeeker	false_fusion	7	1	False_Call
ENSG00000221874:ENSG00000183137	90%	100GB	positive	FusionSeeker	false_fusion	8	1	False_Call
ENSG00000221874:ENSG00000183137	95%	100GB	positive	FusionSeeker	false_fusion	6	1	False_Call
ENSG00000221886:ENSG00000127530	95%	100GB	positive	JAFFAL	false_fusion	3	1	False_Call
ENSG00000221886:ENSG00000174695	85%	100GB	positive	JAFFAL	intra_chromosome	21	1	True_Recall
ENSG00000221886:ENSG00000174695	85%	10GB	positive	GFSeeker	intra_chromosome	2	2	True_Recall
ENSG00000221886:ENSG00000174695	85%	10GB	positive	JAFFAL	intra_chromosome	4	2	True_Recall
ENSG00000221886:ENSG00000174695	90%	100GB	positive	JAFFAL	intra_chromosome	25	1	True_Recall
ENSG00000221886:ENSG00000174695	90%	10GB	positive	GFSeeker	intra_chromosome	3	2	True_Recall
ENSG00000221886:ENSG00000174695	90%	10GB	positive	JAFFAL	intra_chromosome	4	2	True_Recall
ENSG00000221886:ENSG00000174695	95%	100GB	positive	JAFFAL	intra_chromosome	30	1	True_Recall
ENSG00000221886:ENSG00000174695	95%	10GB	positive	GFSeeker	intra_chromosome	4	2	True_Recall
ENSG00000221886:ENSG00000174695	95%	10GB	positive	JAFFAL	intra_chromosome	4	2	True_Recall
ENSG00000221910:ENSG00000102312	85%	100GB	positive	FusionSeeker	reverse_order:truncated_tri_fusion	30	1	Partial_Recall
ENSG00000221910:ENSG00000102312	85%	10GB	positive	FusionSeeker	reverse_order:truncated_tri_fusion	3	2	Partial_Recall
ENSG00000221910:ENSG00000102312	85%	10GB	positive	GFSeeker	reverse_order:truncated_tri_fusion	3	2	Partial_Recall
ENSG00000221910:ENSG00000102312	90%	100GB	positive	FusionSeeker	reverse_order:truncated_tri_fusion	29	1	Partial_Recall
ENSG00000221910:ENSG00000102312	90%	10GB	positive	FusionSeeker	reverse_order:truncated_tri_fusion	2	2	Partial_Recall
ENSG00000221910:ENSG00000102312	90%	10GB	positive	GFSeeker	reverse_order:truncated_tri_fusion	2	2	Partial_Recall
ENSG00000221910:ENSG00000102312	95%	100GB	positive	FusionSeeker	reverse_order:truncated_tri_fusion	37	1	Partial_Recall
ENSG00000221910:ENSG00000102312	95%	10GB	positive	FusionSeeker	reverse_order:truncated_tri_fusion	7	1	Partial_Recall
ENSG00000221947:ENSG00000120896	95%	100GB	positive	CTAT-LR-Fusion	intra_chromosome	24	1	True_Recall
ENSG00000221947:ENSG00000120896	95%	10GB	positive	CTAT-LR-Fusion	intra_chromosome	2	1	True_Recall
ENSG00000221947:ENSG00000285579	85%	100GB	negative	FusionSeeker	false_fusion	21	1	False_Call
ENSG00000221947:ENSG00000285579	85%	100GB	positive	FusionSeeker	false_fusion	20	1	False_Call
ENSG00000221947:ENSG00000285579	85%	10GB	negative	FusionSeeker	false_fusion	2	1	False_Call
ENSG00000221947:ENSG00000285579	90%	100GB	negative	FusionSeeker	false_fusion	26	1	False_Call
ENSG00000221947:ENSG00000285579	90%	100GB	positive	FusionSeeker	false_fusion	32	1	False_Call
ENSG00000221947:ENSG00000285579	90%	10GB	negative	FusionSeeker	false_fusion	2	1	False_Call
ENSG00000221947:ENSG00000285579	90%	10GB	positive	FusionSeeker	false_fusion	3	1	False_Call
ENSG00000221947:ENSG00000285579	95%	100GB	negative	FusionSeeker	false_fusion	31	1	False_Call
ENSG00000221947:ENSG00000285579	95%	100GB	positive	FusionSeeker	false_fusion	30	1	False_Call
ENSG00000221947:ENSG00000285579	95%	10GB	negative	FusionSeeker	false_fusion	2	1	False_Call
ENSG00000221947:ENSG00000285579	95%	10GB	positive	FusionSeeker	false_fusion	3	1	False_Call
ENSG00000221957:ENSG00000264257	90%	100GB	positive	Genion	false_fusion	2	1	False_Call
ENSG00000221963:ENSG00000184708	85%	10GB	positive	GFSeeker	reverse_order: intra_chromosome	2	1	Partial_Recall
ENSG00000221963:ENSG00000184708	95%	10GB	positive	GFSeeker	reverse_order: intra_chromosome	4	1	Partial_Recall
ENSG00000221983:ENSG00000163631	90%	100GB	positive	FusionSeeker	false_fusion	2	1	False_Call
ENSG00000221983:ENSG00000189376	85%	100GB	negative	FusionSeeker	false_fusion	2	1	False_Call
ENSG00000221983:ENSG00000189376	85%	100GB	positive	FusionSeeker	false_fusion	3	1	False_Call
ENSG00000221983:ENSG00000198712	85%	100GB	negative	FusionSeeker	false_fusion:mitochondrial_genomic	2	1	False_Call
ENSG00000221983:ENSG00000211459	85%	100GB	negative	FusionSeeker	false_fusion:mitochondrial_genomic	2	1	False_Call
ENSG00000222041:ENSG00000153093	85%	100GB	negative	FusionSeeker	false_fusion	4	1	False_Call
ENSG00000222041:ENSG00000153093	85%	100GB	positive	FusionSeeker	false_fusion	6	1	False_Call
ENSG00000222041:ENSG00000153093	90%	100GB	negative	FusionSeeker	false_fusion	4	1	False_Call
ENSG00000222041:ENSG00000153093	90%	100GB	positive	FusionSeeker	false_fusion	6	1	False_Call
ENSG00000222041:ENSG00000153093	95%	100GB	negative	FusionSeeker	false_fusion	2	1	False_Call
ENSG00000222041:ENSG00000153093	95%	100GB	positive	FusionSeeker	false_fusion	3	1	False_Call
ENSG00000222041:ENSG00000172965	85%	100GB	negative	FusionSeeker	false_fusion	2	1	False_Call
ENSG00000223631:ENSG00000284659	85%	100GB	positive	FusionSeeker	read_through	20	2	True_Recall
ENSG00000223631:ENSG00000284659	85%	100GB	positive	Genion	read_through	19	2	True_Recall
ENSG00000223631:ENSG00000284659	90%	100GB	positive	CTAT-LR-Fusion	read_through	31	3	True_Recall
ENSG00000223631:ENSG00000284659	90%	100GB	positive	FusionSeeker	read_through	27	3	True_Recall
ENSG00000223631:ENSG00000284659	90%	100GB	positive	Genion	read_through	34	3	True_Recall
ENSG00000223631:ENSG00000284659	90%	10GB	positive	CTAT-LR-Fusion	read_through	3	3	True_Recall
ENSG00000223631:ENSG00000284659	90%	10GB	positive	FusionSeeker	read_through	4	3	True_Recall
ENSG00000223631:ENSG00000284659	90%	10GB	positive	Genion	read_through	5	3	True_Recall
ENSG00000223631:ENSG00000284659	95%	100GB	positive	CTAT-LR-Fusion	read_through	19	3	True_Recall
ENSG00000223631:ENSG00000284659	95%	100GB	positive	FusionSeeker	read_through	22	3	True_Recall
ENSG00000223631:ENSG00000284659	95%	100GB	positive	Genion	read_through	18	3	True_Recall
ENSG00000223631:ENSG00000284659	95%	10GB	positive	FusionSeeker	read_through	2	2	True_Recall
ENSG00000223631:ENSG00000284659	95%	10GB	positive	Genion	read_through	2	2	True_Recall
ENSG00000223634:ENSG00000235497	85%	100GB	positive	FusionSeeker	read_through	2	2	True_Recall
ENSG00000223634:ENSG00000235497	85%	100GB	positive	JAFFAL	read_through	2	2	True_Recall
ENSG00000223634:ENSG00000235497	90%	100GB	positive	FusionSeeker	read_through	34	3	True_Recall
ENSG00000223634:ENSG00000235497	90%	100GB	positive	Genion	read_through	17	3	True_Recall
ENSG00000223634:ENSG00000235497	90%	100GB	positive	JAFFAL	read_through	12	3	True_Recall
ENSG00000223634:ENSG00000235497	95%	100GB	positive	CTAT-LR-Fusion	read_through	20	4	True_Recall
ENSG00000223634:ENSG00000235497	95%	100GB	positive	FusionSeeker	read_through	82	4	True_Recall
ENSG00000223634:ENSG00000235497	95%	100GB	positive	Genion	read_through	41	4	True_Recall
ENSG00000223634:ENSG00000235497	95%	100GB	positive	JAFFAL	read_through	36	4	True_Recall
ENSG00000223634:ENSG00000235497	95%	10GB	positive	CTAT-LR-Fusion	read_through	2	4	True_Recall
ENSG00000223634:ENSG00000235497	95%	10GB	positive	FusionSeeker	read_through	16	4	True_Recall
ENSG00000223634:ENSG00000235497	95%	10GB	positive	Genion	read_through	8	4	True_Recall
ENSG00000223634:ENSG00000235497	95%	10GB	positive	JAFFAL	read_through	6	4	True_Recall
ENSG00000223634:ENSG00000235497	95%	1GB	positive	FusionSeeker	read_through	4	2	True_Recall
ENSG00000223634:ENSG00000235497	95%	1GB	positive	JAFFAL	read_through	2	2	True_Recall
ENSG00000223653:ENSG00000153904	85%	100GB	negative	FusionSeeker	false_fusion	2	1	False_Call
ENSG00000223745:ENSG00000185829	85%	100GB	positive	FusionSeeker	false_fusion	14	1	False_Call
ENSG00000223745:ENSG00000185829	90%	100GB	positive	FusionSeeker	false_fusion	20	1	False_Call
ENSG00000223745:ENSG00000185829	95%	100GB	positive	FusionSeeker	false_fusion	25	1	False_Call
ENSG00000223745:ENSG00000204406	90%	100GB	positive	FusionSeeker	false_fusion	4	1	False_Call
ENSG00000223745:ENSG00000204406	95%	100GB	positive	FusionSeeker	false_fusion	9	1	False_Call
ENSG00000223745:ENSG00000228696	85%	100GB	positive	FusionSeeker	false_fusion	25	1	False_Call
ENSG00000223745:ENSG00000228696	85%	10GB	positive	FusionSeeker	false_fusion	2	1	False_Call
ENSG00000223745:ENSG00000228696	90%	100GB	positive	FusionSeeker	false_fusion	56	1	False_Call
ENSG00000223745:ENSG00000228696	90%	10GB	positive	FusionSeeker	false_fusion	10	1	False_Call
ENSG00000223745:ENSG00000228696	95%	100GB	positive	FusionSeeker	false_fusion	59	1	False_Call
ENSG00000223768:ENSG00000077684	85%	100GB	positive	FusionSeeker	reverse_order: hybrid	38	1	Partial_Recall
ENSG00000223768:ENSG00000077684	85%	10GB	positive	FusionSeeker	reverse_order: hybrid	2	1	Partial_Recall
ENSG00000223768:ENSG00000077684	90%	100GB	positive	FusionSeeker	reverse_order: hybrid	46	1	Partial_Recall
ENSG00000223768:ENSG00000077684	90%	10GB	positive	FusionSeeker	reverse_order: hybrid	7	1	Partial_Recall
ENSG00000223768:ENSG00000077684	95%	100GB	positive	FusionSeeker	reverse_order: hybrid	36	1	Partial_Recall
ENSG00000223768:ENSG00000077684	95%	10GB	positive	FusionSeeker	reverse_order: hybrid	2	1	Partial_Recall
ENSG00000223782:ENSG00000154040	85%	10GB	positive	CTAT-LR-Fusion	truncated_tri_fusion	2	1	Partial_Recall
ENSG00000223782:ENSG00000154040	90%	100GB	positive	CTAT-LR-Fusion	truncated_tri_fusion	19	1	Partial_Recall
ENSG00000223782:ENSG00000154040	90%	10GB	positive	CTAT-LR-Fusion	truncated_tri_fusion	3	1	Partial_Recall
ENSG00000223782:ENSG00000154040	95%	100GB	positive	CTAT-LR-Fusion	truncated_tri_fusion	24	1	Partial_Recall
ENSG00000223782:ENSG00000154040	95%	10GB	positive	CTAT-LR-Fusion	truncated_tri_fusion	3	1	Partial_Recall
ENSG00000223786:ENSG00000272243	85%	100GB	negative	FusionSeeker	false_fusion:Sense-Antisense	10	1	False_Call
ENSG00000223786:ENSG00000272243	85%	100GB	positive	FusionSeeker	false_fusion:Sense-Antisense	5	1	False_Call
ENSG00000223786:ENSG00000272243	90%	100GB	negative	FusionSeeker	false_fusion:Sense-Antisense	4	1	False_Call
ENSG00000223786:ENSG00000272243	90%	100GB	positive	FusionSeeker	false_fusion:Sense-Antisense	9	1	False_Call
ENSG00000223786:ENSG00000272243	90%	10GB	positive	FusionSeeker	false_fusion:Sense-Antisense	3	1	False_Call
ENSG00000223786:ENSG00000272243	95%	100GB	negative	FusionSeeker	false_fusion:Sense-Antisense	2	1	False_Call
ENSG00000223941:ENSG00000197584	85%	100GB	negative	CTAT-LR-Fusion	false_fusion	17	1	False_Call
ENSG00000223941:ENSG00000197584	85%	100GB	positive	CTAT-LR-Fusion	false_fusion	12	1	False_Call
ENSG00000223941:ENSG00000197584	85%	10GB	negative	CTAT-LR-Fusion	false_fusion	4	1	False_Call
ENSG00000223941:ENSG00000197584	90%	100GB	negative	CTAT-LR-Fusion	false_fusion	30	1	False_Call
ENSG00000223941:ENSG00000197584	90%	100GB	positive	CTAT-LR-Fusion	false_fusion	37	1	False_Call
ENSG00000223941:ENSG00000197584	90%	10GB	negative	CTAT-LR-Fusion	false_fusion	4	1	False_Call
ENSG00000223941:ENSG00000197584	90%	10GB	positive	CTAT-LR-Fusion	false_fusion	4	1	False_Call
ENSG00000223941:ENSG00000197584	95%	100GB	negative	CTAT-LR-Fusion	false_fusion	35	1	False_Call
ENSG00000223941:ENSG00000197584	95%	100GB	positive	CTAT-LR-Fusion	false_fusion	32	1	False_Call
ENSG00000223941:ENSG00000197584	95%	10GB	negative	CTAT-LR-Fusion	false_fusion	4	1	False_Call
ENSG00000223941:ENSG00000197584	95%	10GB	positive	CTAT-LR-Fusion	false_fusion	3	1	False_Call
ENSG00000224167:ENSG00000226419	85%	100GB	positive	Genion	false_fusion	2	1	False_Call
ENSG00000224367:ENSG00000283294	85%	100GB	positive	Genion	reverse_order: intra_chromosome	18	1	Partial_Recall
ENSG00000224367:ENSG00000283294	90%	100GB	positive	Genion	reverse_order: intra_chromosome	23	1	Partial_Recall
ENSG00000224367:ENSG00000283294	95%	100GB	positive	Genion	reverse_order: intra_chromosome	38	1	Partial_Recall
ENSG00000224597:ENSG00000096746	85%	100GB	positive	CTAT-LR-Fusion	intra_chromosome	27	1	True_Recall
ENSG00000224597:ENSG00000096746	95%	10GB	positive	CTAT-LR-Fusion	intra_chromosome	7	1	True_Recall
ENSG00000224622:ENSG00000253199	85%	100GB	positive	Genion	reverse_order:truncated_tri_fusion	20	1	Partial_Recall
ENSG00000224622:ENSG00000253199	90%	100GB	positive	Genion	reverse_order:truncated_tri_fusion	17	1	Partial_Recall
ENSG00000224622:ENSG00000253199	95%	100GB	positive	Genion	reverse_order:truncated_tri_fusion	8	1	Partial_Recall
ENSG00000224622:ENSG00000253199:ENSG00000253403	90%	100GB	positive	Genion	wrong_order:tri_fusion	5	1	Partial_Recall
ENSG00000224622:ENSG00000254092	85%	100GB	positive	FusionSeeker	false_fusion	24	1	False_Call
ENSG00000224622:ENSG00000254092	90%	100GB	positive	FusionSeeker	false_fusion	23	1	False_Call
ENSG00000224622:ENSG00000254092	95%	100GB	positive	FusionSeeker	false_fusion	19	1	False_Call
ENSG00000224631:ENSG00000105640	95%	100GB	negative	FusionSeeker	false_fusion	2	1	False_Call
ENSG00000224631:ENSG00000143947	85%	100GB	negative	FusionSeeker	false_fusion	6	1	False_Call
ENSG00000224631:ENSG00000143947	85%	100GB	positive	FusionSeeker	false_fusion	3	1	False_Call
ENSG00000224699:ENSG00000144815	85%	100GB	positive	FusionSeeker	false_fusion	21	1	False_Call
ENSG00000224699:ENSG00000144815	85%	10GB	positive	FusionSeeker	false_fusion	3	1	False_Call
ENSG00000224699:ENSG00000144815	90%	100GB	positive	FusionSeeker	false_fusion	30	1	False_Call
ENSG00000224699:ENSG00000144815	90%	10GB	positive	FusionSeeker	false_fusion	5	1	False_Call
ENSG00000224699:ENSG00000144815	95%	100GB	positive	FusionSeeker	false_fusion	28	1	False_Call
ENSG00000224699:ENSG00000144815	95%	10GB	positive	FusionSeeker	false_fusion	3	1	False_Call
ENSG00000224853:ENSG00000267374	90%	100GB	negative	FusionSeeker	false_fusion	2	1	False_Call
ENSG00000224853:ENSG00000267374	95%	100GB	positive	FusionSeeker	false_fusion	2	1	False_Call
ENSG00000224924:ENSG00000159256	85%	100GB	positive	FusionSeeker	reverse_order: intra_chromosome	27	1	Partial_Recall
ENSG00000224924:ENSG00000159256	85%	10GB	positive	FusionSeeker	reverse_order: intra_chromosome	3	1	Partial_Recall
ENSG00000224924:ENSG00000159256	90%	100GB	positive	FusionSeeker	reverse_order: intra_chromosome	36	1	Partial_Recall
ENSG00000224924:ENSG00000159256	90%	10GB	positive	FusionSeeker	reverse_order: intra_chromosome	3	1	Partial_Recall
ENSG00000224924:ENSG00000159256	95%	100GB	positive	FusionSeeker	reverse_order: intra_chromosome	61	1	Partial_Recall
ENSG00000224924:ENSG00000159256	95%	10GB	positive	FusionSeeker	reverse_order: intra_chromosome	3	1	Partial_Recall
ENSG00000224968:ENSG00000227579	85%	100GB	positive	FusionSeeker	false_fusion:Sense-Antisense	3	1	False_Call
ENSG00000224968:ENSG00000227579	90%	100GB	negative	FusionSeeker	false_fusion:Sense-Antisense	3	1	False_Call
ENSG00000225096:ENSG00000287598	95%	100GB	positive	FusionSeeker	false_fusion	3	1	False_Call
ENSG00000225127:ENSG00000013375	85%	100GB	positive	FusionSeeker	reverse_order: hybrid	84	1	Partial_Recall
ENSG00000225127:ENSG00000013375	85%	10GB	positive	FusionSeeker	reverse_order: hybrid	8	1	Partial_Recall
ENSG00000225127:ENSG00000013375	90%	100GB	positive	FusionSeeker	reverse_order: hybrid	92	1	Partial_Recall
ENSG00000225127:ENSG00000013375	90%	10GB	positive	FusionSeeker	reverse_order: hybrid	4	1	Partial_Recall
ENSG00000225127:ENSG00000013375	95%	100GB	positive	FusionSeeker	reverse_order: hybrid	86	1	Partial_Recall
ENSG00000225127:ENSG00000013375	95%	10GB	positive	FusionSeeker	reverse_order: hybrid	16	1	Partial_Recall
ENSG00000225206:ENSG00000188641	90%	100GB	negative	JAFFAL	false_fusion	3	1	False_Call
ENSG00000225206:ENSG00000188641	90%	100GB	positive	JAFFAL	false_fusion	2	1	False_Call
ENSG00000225206:ENSG00000188641	95%	100GB	negative	JAFFAL	false_fusion	3	1	False_Call
ENSG00000225206:ENSG00000188641	95%	100GB	positive	JAFFAL	false_fusion	6	1	False_Call
ENSG00000225339:ENSG00000136942	85%	100GB	negative	FusionSeeker	false_fusion	4	1	False_Call
ENSG00000225339:ENSG00000136942	85%	100GB	positive	FusionSeeker	false_fusion	6	1	False_Call
ENSG00000225377:ENSG00000163631	85%	100GB	negative	FusionSeeker	false_fusion	2	1	False_Call
ENSG00000225484:ENSG00000167258	85%	100GB	positive	FusionSeeker	false_fusion	4	1	False_Call
ENSG00000225484:ENSG00000167258	90%	100GB	positive	FusionSeeker	false_fusion	20	1	False_Call
ENSG00000225484:ENSG00000167258	90%	10GB	positive	FusionSeeker	false_fusion	2	1	False_Call
ENSG00000225484:ENSG00000167258	95%	100GB	positive	FusionSeeker	false_fusion	21	1	False_Call
ENSG00000225510:ENSG00000102471	85%	100GB	positive	FusionSeeker	intra_chromosome	18	1	True_Recall
ENSG00000225510:ENSG00000102471	90%	100GB	positive	CTAT-LR-Fusion	intra_chromosome	14	2	True_Recall
ENSG00000225510:ENSG00000102471	90%	100GB	positive	FusionSeeker	intra_chromosome	29	2	True_Recall
ENSG00000225510:ENSG00000102471	90%	10GB	positive	CTAT-LR-Fusion	intra_chromosome	2	2	True_Recall
ENSG00000225510:ENSG00000102471	90%	10GB	positive	FusionSeeker	intra_chromosome	4	2	True_Recall
ENSG00000225510:ENSG00000102471	95%	100GB	positive	CTAT-LR-Fusion	intra_chromosome	13	2	True_Recall
ENSG00000225510:ENSG00000102471	95%	100GB	positive	FusionSeeker	intra_chromosome	25	2	True_Recall
ENSG00000225573:ENSG00000136942	85%	100GB	positive	FusionSeeker	false_fusion	3	1	False_Call
ENSG00000225626:ENSG00000229586	85%	100GB	positive	Genion	reverse_order:truncated_tri_fusion	28	1	Partial_Recall
ENSG00000225626:ENSG00000229586	90%	100GB	positive	Genion	reverse_order:truncated_tri_fusion	25	1	Partial_Recall
ENSG00000225626:ENSG00000229586	95%	100GB	positive	Genion	reverse_order:truncated_tri_fusion	32	1	Partial_Recall
ENSG00000225676:ENSG00000136861	85%	100GB	positive	FusionSeeker	hybrid	91	2	True_Recall
ENSG00000225676:ENSG00000136861	85%	100GB	positive	JAFFAL	hybrid	33	2	True_Recall
ENSG00000225676:ENSG00000136861	90%	100GB	positive	FusionSeeker	hybrid	107	2	True_Recall
ENSG00000225676:ENSG00000136861	90%	100GB	positive	JAFFAL	hybrid	38	2	True_Recall
ENSG00000225676:ENSG00000136861	90%	10GB	positive	FusionSeeker	hybrid	10	2	True_Recall
ENSG00000225676:ENSG00000136861	90%	10GB	positive	JAFFAL	hybrid	4	2	True_Recall
ENSG00000225676:ENSG00000136861	95%	100GB	positive	FusionSeeker	hybrid	104	2	True_Recall
ENSG00000225676:ENSG00000136861	95%	100GB	positive	JAFFAL	hybrid	35	2	True_Recall
ENSG00000225676:ENSG00000136861	95%	10GB	positive	FusionSeeker	hybrid	10	2	True_Recall
ENSG00000225676:ENSG00000136861	95%	10GB	positive	JAFFAL	hybrid	3	2	True_Recall
ENSG00000225721:ENSG00000165006	85%	100GB	positive	FusionSeeker	false_fusion	2	1	False_Call
ENSG00000225721:ENSG00000250697	85%	100GB	negative	FusionSeeker	false_fusion	13	1	False_Call
ENSG00000225721:ENSG00000250697	85%	100GB	positive	FusionSeeker	false_fusion	11	1	False_Call
ENSG00000225721:ENSG00000250697	90%	100GB	positive	FusionSeeker	false_fusion	5	1	False_Call
ENSG00000225721:ENSG00000281087	85%	100GB	positive	FusionSeeker	false_fusion	4	1	False_Call
ENSG00000225746:ENSG00000258867	85%	100GB	positive	CTAT-LR-Fusion	intra_chromosome	18	2	True_Recall
ENSG00000225746:ENSG00000258867	85%	100GB	positive	Genion	intra_chromosome	38	2	True_Recall
ENSG00000225746:ENSG00000258867	85%	10GB	positive	CTAT-LR-Fusion	intra_chromosome	2	1	True_Recall
ENSG00000225746:ENSG00000258867	90%	100GB	positive	CTAT-LR-Fusion	intra_chromosome	22	2	True_Recall
ENSG00000225746:ENSG00000258867	90%	100GB	positive	Genion	intra_chromosome	35	2	True_Recall
ENSG00000225746:ENSG00000258867	90%	10GB	positive	CTAT-LR-Fusion	intra_chromosome	5	1	True_Recall
ENSG00000225746:ENSG00000258867	95%	100GB	positive	CTAT-LR-Fusion	intra_chromosome	31	2	True_Recall
ENSG00000225746:ENSG00000258867	95%	100GB	positive	Genion	intra_chromosome	38	2	True_Recall
ENSG00000225746:ENSG00000258867	95%	10GB	positive	CTAT-LR-Fusion	intra_chromosome	3	1	True_Recall
ENSG00000225990:ENSG00000182004	90%	100GB	negative	FusionSeeker	false_fusion	2	1	False_Call
ENSG00000226008:ENSG00000290937	85%	100GB	negative	Genion	false_fusion	14	1	False_Call
ENSG00000226008:ENSG00000290937	85%	100GB	positive	Genion	false_fusion	13	1	False_Call
ENSG00000226008:ENSG00000290937	90%	100GB	negative	Genion	false_fusion	6	1	False_Call
ENSG00000226008:ENSG00000290937	90%	100GB	positive	Genion	false_fusion	6	1	False_Call
ENSG00000226055:ENSG00000168591	85%	100GB	positive	CTAT-LR-Fusion	truncated_tri_fusion	15	1	Partial_Recall
ENSG00000226055:ENSG00000168591	85%	10GB	positive	CTAT-LR-Fusion	truncated_tri_fusion	2	1	Partial_Recall
ENSG00000226055:ENSG00000168591	90%	100GB	positive	CTAT-LR-Fusion	truncated_tri_fusion	30	1	Partial_Recall
ENSG00000226055:ENSG00000168591	95%	100GB	positive	CTAT-LR-Fusion	truncated_tri_fusion	27	1	Partial_Recall
ENSG00000226055:ENSG00000168591	95%	10GB	positive	CTAT-LR-Fusion	truncated_tri_fusion	4	1	Partial_Recall
ENSG00000226138:ENSG00000167110	90%	10GB	positive	CTAT-LR-Fusion	hybrid	2	1	True_Recall
ENSG00000226258:ENSG00000189229	95%	100GB	negative	JAFFAL	false_fusion:Sense-Antisense	2	1	False_Call
ENSG00000226383:ENSG00000174016	90%	100GB	negative	FusionSeeker	false_fusion	2	1	False_Call
ENSG00000226383:ENSG00000174016	95%	100GB	negative	FusionSeeker	false_fusion	2	1	False_Call
ENSG00000226383:ENSG00000189229	90%	100GB	negative	JAFFAL	false_fusion	2	1	False_Call
ENSG00000226383:ENSG00000189229	95%	100GB	negative	JAFFAL	false_fusion	2	1	False_Call
ENSG00000226383:ENSG00000287390	90%	100GB	positive	FusionSeeker	false_fusion	2	1	False_Call
ENSG00000226415:ENSG00000111669	85%	100GB	positive	FusionSeeker	false_fusion	3	1	False_Call
ENSG00000226415:ENSG00000111669	90%	100GB	negative	FusionSeeker	false_fusion	2	1	False_Call
ENSG00000226519:ENSG00000227258	95%	100GB	positive	FusionSeeker	false_fusion	3	1	False_Call
ENSG00000226553:ENSG00000224063	85%	100GB	negative	FusionSeeker	false_fusion	5	1	False_Call
ENSG00000226553:ENSG00000224063	90%	100GB	negative	FusionSeeker	false_fusion	3	1	False_Call
ENSG00000226553:ENSG00000224063	90%	100GB	positive	FusionSeeker	false_fusion	3	1	False_Call
ENSG00000226608:ENSG00000211459	85%	100GB	negative	FusionSeeker	false_fusion:mitochondrial_genomic	2	1	False_Call
ENSG00000226711:ENSG00000119314	85%	100GB	positive	FusionSeeker	reverse_order: hybrid	41	1	Partial_Recall
ENSG00000226711:ENSG00000119314	90%	100GB	positive	FusionSeeker	reverse_order: hybrid	123	1	Partial_Recall
ENSG00000226711:ENSG00000119314	90%	10GB	positive	FusionSeeker	reverse_order: hybrid	23	1	Partial_Recall
ENSG00000226711:ENSG00000119314	95%	100GB	positive	FusionSeeker	reverse_order: hybrid	142	1	Partial_Recall
ENSG00000226711:ENSG00000119314	95%	10GB	positive	FusionSeeker	reverse_order: hybrid	8	1	Partial_Recall
ENSG00000226750:ENSG00000099251	90%	10GB	positive	CTAT-LR-Fusion	false_fusion	2	1	False_Call
ENSG00000226750:ENSG00000099251	95%	100GB	positive	CTAT-LR-Fusion	false_fusion	19	1	False_Call
ENSG00000226750:ENSG00000099251	95%	10GB	positive	CTAT-LR-Fusion	false_fusion	4	1	False_Call
ENSG00000226750:ENSG00000290439	90%	10GB	positive	CTAT-LR-Fusion	false_fusion	2	1	False_Call
ENSG00000226750:ENSG00000290439	95%	100GB	positive	CTAT-LR-Fusion	false_fusion	19	1	False_Call
ENSG00000226750:ENSG00000290439	95%	10GB	positive	CTAT-LR-Fusion	false_fusion	4	1	False_Call
ENSG00000226888:ENSG00000137818	85%	100GB	positive	CTAT-LR-Fusion	false_fusion	74	1	False_Call
ENSG00000226937:ENSG00000105372	85%	100GB	negative	FusionSeeker	false_fusion	11	1	False_Call
ENSG00000226937:ENSG00000105372	85%	100GB	positive	FusionSeeker	false_fusion	12	1	False_Call
ENSG00000226937:ENSG00000105372	90%	100GB	negative	FusionSeeker	false_fusion	8	1	False_Call
ENSG00000226937:ENSG00000105372	90%	100GB	positive	FusionSeeker	false_fusion	4	1	False_Call
ENSG00000226941:ENSG00000290336	90%	100GB	positive	Genion	false_fusion	11	1	False_Call
ENSG00000226941:ENSG00000290336	95%	100GB	positive	Genion	false_fusion	10	1	False_Call
ENSG00000226961:ENSG00000176124	95%	100GB	positive	CTAT-LR-Fusion	truncated_tri_fusion	30	1	Partial_Recall
ENSG00000226961:ENSG00000176124	95%	10GB	positive	CTAT-LR-Fusion	truncated_tri_fusion	5	1	Partial_Recall
ENSG00000226994:ENSG00000278595	95%	100GB	positive	FusionSeeker	reverse_order: hybrid	12	2	Partial_Recall
ENSG00000226994:ENSG00000278595	95%	100GB	positive	Genion	reverse_order: hybrid	12	2	Partial_Recall
ENSG00000227028:ENSG00000183023	85%	100GB	negative	FusionSeeker	false_fusion	323	1	False_Call
ENSG00000227028:ENSG00000183023	85%	100GB	positive	FusionSeeker	false_fusion	332	1	False_Call
ENSG00000227028:ENSG00000183023	85%	10GB	negative	FusionSeeker	false_fusion	35	1	False_Call
ENSG00000227028:ENSG00000183023	85%	10GB	positive	FusionSeeker	false_fusion	27	1	False_Call
ENSG00000227028:ENSG00000183023	85%	1GB	negative	FusionSeeker	false_fusion	2	1	False_Call
ENSG00000227028:ENSG00000183023	85%	1GB	positive	FusionSeeker	false_fusion	4	1	False_Call
ENSG00000227028:ENSG00000183023	90%	100GB	negative	FusionSeeker	false_fusion	439	1	False_Call
ENSG00000227028:ENSG00000183023	90%	100GB	positive	FusionSeeker	false_fusion	431	1	False_Call
ENSG00000227028:ENSG00000183023	90%	10GB	negative	FusionSeeker	false_fusion	44	1	False_Call
ENSG00000227028:ENSG00000183023	90%	10GB	positive	FusionSeeker	false_fusion	33	1	False_Call
ENSG00000227028:ENSG00000183023	90%	1GB	negative	FusionSeeker	false_fusion	2	1	False_Call
ENSG00000227028:ENSG00000183023	90%	1GB	positive	FusionSeeker	false_fusion	2	1	False_Call
ENSG00000227028:ENSG00000183023	95%	100GB	negative	FusionSeeker	false_fusion	450	1	False_Call
ENSG00000227028:ENSG00000183023	95%	100GB	positive	FusionSeeker	false_fusion	411	1	False_Call
ENSG00000227028:ENSG00000183023	95%	10GB	negative	FusionSeeker	false_fusion	44	1	False_Call
ENSG00000227028:ENSG00000183023	95%	10GB	positive	FusionSeeker	false_fusion	38	1	False_Call
ENSG00000227028:ENSG00000183023	95%	1GB	negative	FusionSeeker	false_fusion	2	1	False_Call
ENSG00000227028:ENSG00000183023	95%	1GB	positive	FusionSeeker	false_fusion	3	1	False_Call
ENSG00000227083:ENSG00000235262	85%	100GB	positive	CTAT-LR-Fusion	intra_chromosome	26	3	True_Recall
ENSG00000227083:ENSG00000235262	85%	100GB	positive	Genion	intra_chromosome	10	3	True_Recall
ENSG00000227083:ENSG00000235262	85%	100GB	positive	JAFFAL	intra_chromosome	27	3	True_Recall
ENSG00000227083:ENSG00000235262	85%	10GB	positive	CTAT-LR-Fusion	intra_chromosome	3	2	True_Recall
ENSG00000227083:ENSG00000235262	85%	10GB	positive	JAFFAL	intra_chromosome	3	2	True_Recall
ENSG00000227083:ENSG00000235262	90%	100GB	positive	CTAT-LR-Fusion	intra_chromosome	26	2	True_Recall
ENSG00000227083:ENSG00000235262	90%	100GB	positive	JAFFAL	intra_chromosome	27	2	True_Recall
ENSG00000227083:ENSG00000235262	95%	100GB	positive	CTAT-LR-Fusion	intra_chromosome	42	3	True_Recall
ENSG00000227083:ENSG00000235262	95%	100GB	positive	Genion	intra_chromosome	9	3	True_Recall
ENSG00000227083:ENSG00000235262	95%	100GB	positive	JAFFAL	intra_chromosome	42	3	True_Recall
ENSG00000227083:ENSG00000235262	95%	10GB	positive	CTAT-LR-Fusion	intra_chromosome	5	2	True_Recall
ENSG00000227083:ENSG00000235262	95%	10GB	positive	JAFFAL	intra_chromosome	5	2	True_Recall
ENSG00000227141:ENSG00000157985	95%	100GB	negative	FusionSeeker	false_fusion	6	1	False_Call
ENSG00000227251:ENSG00000291031	90%	100GB	positive	Genion	false_fusion	17	1	False_Call
ENSG00000227251:ENSG00000291031	95%	100GB	positive	Genion	false_fusion	10	1	False_Call
ENSG00000227372:ENSG00000117523	85%	100GB	positive	FusionSeeker	reverse_order: intra_chromosome	30	1	Partial_Recall
ENSG00000227372:ENSG00000117523	85%	10GB	positive	FusionSeeker	reverse_order: intra_chromosome	3	1	Partial_Recall
ENSG00000227372:ENSG00000117523	90%	100GB	positive	FusionSeeker	reverse_order: intra_chromosome	33	1	Partial_Recall
ENSG00000227372:ENSG00000117523	90%	10GB	positive	FusionSeeker	reverse_order: intra_chromosome	4	1	Partial_Recall
ENSG00000227372:ENSG00000117523	95%	100GB	positive	FusionSeeker	reverse_order: intra_chromosome	34	1	Partial_Recall
ENSG00000227372:ENSG00000117523	95%	10GB	positive	FusionSeeker	reverse_order: intra_chromosome	2	1	Partial_Recall
ENSG00000227494:ENSG00000251510	85%	100GB	negative	Genion	false_fusion	27	1	False_Call
ENSG00000227494:ENSG00000251510	85%	100GB	positive	Genion	false_fusion	20	1	False_Call
ENSG00000227494:ENSG00000251510	90%	100GB	negative	Genion	false_fusion	16	1	False_Call
ENSG00000227494:ENSG00000251510	90%	100GB	positive	Genion	false_fusion	19	1	False_Call
ENSG00000227494:ENSG00000251510	95%	100GB	negative	Genion	false_fusion	26	1	False_Call
ENSG00000227494:ENSG00000251510	95%	100GB	positive	Genion	false_fusion	17	1	False_Call
ENSG00000227615:ENSG00000112306	85%	100GB	negative	FusionSeeker	false_fusion	3	1	False_Call
ENSG00000227615:ENSG00000112306	85%	100GB	positive	FusionSeeker	false_fusion	7	1	False_Call
ENSG00000227615:ENSG00000112306	90%	100GB	negative	FusionSeeker	false_fusion	2	1	False_Call
ENSG00000227615:ENSG00000211459	85%	100GB	negative	FusionSeeker	false_fusion:mitochondrial_genomic	2	1	False_Call
ENSG00000227837:ENSG00000291031	90%	100GB	positive	Genion	intra_chromosome	9	1	True_Recall
ENSG00000227837:ENSG00000291031	95%	100GB	positive	Genion	intra_chromosome	18	1	True_Recall
ENSG00000228039:ENSG00000231271	85%	100GB	negative	Genion	false_fusion:self_misalignment	2	1	False_Call
ENSG00000228039:ENSG00000231271	90%	100GB	negative	Genion	false_fusion:self_misalignment	2	1	False_Call
ENSG00000228049:ENSG00000267368	90%	100GB	positive	Genion	false_fusion	4	1	False_Call
ENSG00000228071:ENSG00000147604	90%	100GB	positive	FusionSeeker	false_fusion	3	1	False_Call
ENSG00000228358:ENSG00000236922	85%	100GB	positive	FusionSeeker	false_fusion	5	1	False_Call
ENSG00000228358:ENSG00000236922	90%	100GB	positive	FusionSeeker	false_fusion	2	1	False_Call
ENSG00000228373:ENSG00000164733	90%	100GB	positive	CTAT-LR-Fusion	hybrid	12	1	True_Recall
ENSG00000228373:ENSG00000164733	90%	10GB	positive	CTAT-LR-Fusion	hybrid	3	1	True_Recall
ENSG00000228373:ENSG00000164733	95%	100GB	positive	CTAT-LR-Fusion	hybrid	14	1	True_Recall
ENSG00000228373:ENSG00000164733	95%	10GB	positive	CTAT-LR-Fusion	hybrid	2	1	True_Recall
ENSG00000228397:ENSG00000285752	85%	100GB	positive	Genion	false_fusion	2	1	False_Call
ENSG00000228570:ENSG00000167258	85%	100GB	positive	FusionSeeker	hybrid	5	2	True_Recall
ENSG00000228570:ENSG00000167258	85%	100GB	positive	JAFFAL	hybrid	2	2	True_Recall
ENSG00000228570:ENSG00000167258	90%	100GB	positive	FusionSeeker	hybrid	19	2	True_Recall
ENSG00000228570:ENSG00000167258	90%	100GB	positive	JAFFAL	hybrid	25	2	True_Recall
ENSG00000228570:ENSG00000167258	90%	10GB	positive	JAFFAL	hybrid	2	1	True_Recall
ENSG00000228570:ENSG00000167258	95%	100GB	positive	FusionSeeker	hybrid	15	2	True_Recall
ENSG00000228570:ENSG00000167258	95%	100GB	positive	JAFFAL	hybrid	23	2	True_Recall
ENSG00000228570:ENSG00000167258	95%	10GB	positive	FusionSeeker	hybrid	4	2	True_Recall
ENSG00000228570:ENSG00000167258	95%	10GB	positive	JAFFAL	hybrid	4	2	True_Recall
ENSG00000228784:ENSG00000164924	85%	100GB	positive	FusionSeeker	reverse_order:truncated_tri_fusion	20	1	Partial_Recall
ENSG00000228784:ENSG00000164924	90%	100GB	positive	FusionSeeker	reverse_order:truncated_tri_fusion	25	1	Partial_Recall
ENSG00000228784:ENSG00000164924	95%	100GB	positive	FusionSeeker	reverse_order:truncated_tri_fusion	32	1	Partial_Recall
ENSG00000228800:ENSG00000289898	85%	100GB	negative	Genion	false_fusion:self_misalignment	2	1	False_Call
ENSG00000228800:ENSG00000289898	85%	100GB	positive	Genion	false_fusion:self_misalignment	2	1	False_Call
ENSG00000228800:ENSG00000289898	95%	100GB	negative	Genion	false_fusion:self_misalignment	3	1	False_Call
ENSG00000228887:ENSG00000104529	85%	100GB	negative	FusionSeeker	false_fusion	8	1	False_Call
ENSG00000228887:ENSG00000104529	85%	100GB	positive	FusionSeeker	false_fusion	14	1	False_Call
ENSG00000228887:ENSG00000104529	85%	10GB	negative	FusionSeeker	false_fusion	2	1	False_Call
ENSG00000228887:ENSG00000104529	90%	100GB	negative	FusionSeeker	false_fusion	5	1	False_Call
ENSG00000228887:ENSG00000104529	90%	100GB	positive	FusionSeeker	false_fusion	8	1	False_Call
ENSG00000228887:ENSG00000104529	90%	10GB	positive	FusionSeeker	false_fusion	3	1	False_Call
ENSG00000229272:ENSG00000215472	85%	100GB	negative	FusionSeeker	false_fusion	3	1	False_Call
ENSG00000229272:ENSG00000215472	85%	100GB	positive	FusionSeeker	false_fusion	3	1	False_Call
ENSG00000229272:ENSG00000215472	85%	10GB	positive	FusionSeeker	false_fusion	2	1	False_Call
ENSG00000229272:ENSG00000215472	90%	100GB	negative	FusionSeeker	false_fusion	3	1	False_Call
ENSG00000229272:ENSG00000215472	90%	100GB	positive	FusionSeeker	false_fusion	3	1	False_Call
ENSG00000229272:ENSG00000215472	95%	100GB	positive	FusionSeeker	false_fusion	2	1	False_Call
ENSG00000229586:ENSG00000225626	85%	100GB	positive	FusionSeeker	truncated_tri_fusion	26	1	Partial_Recall
ENSG00000229586:ENSG00000225626	90%	100GB	positive	FusionSeeker	truncated_tri_fusion	28	1	Partial_Recall
ENSG00000229586:ENSG00000225626	90%	10GB	positive	CTAT-LR-Fusion	truncated_tri_fusion	2	2	Partial_Recall
ENSG00000229586:ENSG00000225626	90%	10GB	positive	FusionSeeker	truncated_tri_fusion	2	2	Partial_Recall
ENSG00000229586:ENSG00000225626	95%	100GB	positive	CTAT-LR-Fusion	truncated_tri_fusion	20	2	Partial_Recall
ENSG00000229586:ENSG00000225626	95%	100GB	positive	FusionSeeker	truncated_tri_fusion	38	2	Partial_Recall
ENSG00000229586:ENSG00000225626	95%	10GB	positive	CTAT-LR-Fusion	truncated_tri_fusion	2	2	Partial_Recall
ENSG00000229586:ENSG00000225626	95%	10GB	positive	FusionSeeker	truncated_tri_fusion	2	2	Partial_Recall
ENSG00000229606:ENSG00000289577	85%	100GB	positive	FusionSeeker	read_through	34	2	True_Recall
ENSG00000229606:ENSG00000289577	85%	100GB	positive	Genion	read_through	15	2	True_Recall
ENSG00000229606:ENSG00000289577	90%	100GB	positive	FusionSeeker	read_through	63	2	True_Recall
ENSG00000229606:ENSG00000289577	90%	100GB	positive	Genion	read_through	16	2	True_Recall
ENSG00000229606:ENSG00000289577	90%	10GB	positive	FusionSeeker	read_through	6	2	True_Recall
ENSG00000229606:ENSG00000289577	90%	10GB	positive	Genion	read_through	2	2	True_Recall
ENSG00000229606:ENSG00000289577	95%	100GB	positive	CTAT-LR-Fusion	read_through	25	3	True_Recall
ENSG00000229606:ENSG00000289577	95%	100GB	positive	FusionSeeker	read_through	77	3	True_Recall
ENSG00000229606:ENSG00000289577	95%	100GB	positive	Genion	read_through	23	3	True_Recall
ENSG00000229606:ENSG00000289577	95%	10GB	positive	CTAT-LR-Fusion	read_through	4	2	True_Recall
ENSG00000229606:ENSG00000289577	95%	10GB	positive	FusionSeeker	read_through	12	2	True_Recall
ENSG00000229647:ENSG00000223725	85%	100GB	negative	FusionSeeker	false_fusion:Sense-Antisense	5	1	False_Call
ENSG00000229647:ENSG00000223725	85%	100GB	positive	FusionSeeker	false_fusion:Sense-Antisense	5	1	False_Call
ENSG00000229647:ENSG00000223725	90%	100GB	negative	FusionSeeker	false_fusion:Sense-Antisense	4	1	False_Call
ENSG00000229647:ENSG00000223725	90%	100GB	positive	FusionSeeker	false_fusion:Sense-Antisense	9	1	False_Call
ENSG00000229647:ENSG00000223725	95%	100GB	negative	FusionSeeker	false_fusion:Sense-Antisense	2	1	False_Call
ENSG00000229932:ENSG00000164924	85%	100GB	positive	FusionSeeker	false_fusion	2	1	False_Call
ENSG00000229956:ENSG00000172260	85%	100GB	negative	FusionSeeker	false_fusion	2	1	False_Call
ENSG00000229956:ENSG00000172260	85%	100GB	positive	FusionSeeker	false_fusion	3	1	False_Call
ENSG00000230284:ENSG00000284763	90%	100GB	positive	Genion	reverse_order: intra_chromosome	9	1	Partial_Recall
ENSG00000230284:ENSG00000284763	95%	100GB	positive	Genion	reverse_order: intra_chromosome	6	1	Partial_Recall
ENSG00000230284:ENSG00000284867	85%	100GB	positive	Genion	false_fusion:self_misalignment	6	1	False_Call
ENSG00000230284:ENSG00000284962	85%	100GB	positive	Genion	false_fusion:self_misalignment	5	1	False_Call
ENSG00000230284:ENSG00000284962	90%	100GB	positive	Genion	false_fusion:self_misalignment	13	1	False_Call
ENSG00000230284:ENSG00000285076	85%	100GB	positive	Genion	false_fusion:self_misalignment	5	1	False_Call
ENSG00000230284:ENSG00000285076	90%	100GB	positive	Genion	false_fusion:self_misalignment	7	1	False_Call
ENSG00000230284:ENSG00000285370	85%	100GB	positive	Genion	false_fusion:self_misalignment	5	1	False_Call
ENSG00000230386:ENSG00000179603	85%	100GB	positive	FusionSeeker	false_fusion	3	1	False_Call
ENSG00000230386:ENSG00000179603	90%	100GB	negative	FusionSeeker	false_fusion	4	1	False_Call
ENSG00000230386:ENSG00000179603	90%	100GB	positive	FusionSeeker	false_fusion	5	1	False_Call
ENSG00000230386:ENSG00000179603	95%	100GB	negative	FusionSeeker	false_fusion	7	1	False_Call
ENSG00000230386:ENSG00000179603	95%	100GB	positive	FusionSeeker	false_fusion	3	1	False_Call
ENSG00000230417:ENSG00000282863	85%	100GB	negative	CTAT-LR-Fusion	false_fusion	21	2	False_Call
ENSG00000230417:ENSG00000282863	85%	100GB	negative	JAFFAL	false_fusion	20	2	False_Call
ENSG00000230417:ENSG00000282863	85%	100GB	positive	CTAT-LR-Fusion	false_fusion	16	2	False_Call
ENSG00000230417:ENSG00000282863	85%	100GB	positive	JAFFAL	false_fusion	17	2	False_Call
ENSG00000230417:ENSG00000282863	85%	10GB	negative	JAFFAL	false_fusion	2	1	False_Call
ENSG00000230417:ENSG00000282863	85%	10GB	positive	CTAT-LR-Fusion	false_fusion	2	1	False_Call
ENSG00000230417:ENSG00000282863	90%	100GB	negative	CTAT-LR-Fusion	false_fusion	23	2	False_Call
ENSG00000230417:ENSG00000282863	90%	100GB	negative	JAFFAL	false_fusion	31	2	False_Call
ENSG00000230417:ENSG00000282863	90%	100GB	positive	CTAT-LR-Fusion	false_fusion	38	2	False_Call
ENSG00000230417:ENSG00000282863	90%	100GB	positive	JAFFAL	false_fusion	42	2	False_Call
ENSG00000230417:ENSG00000282863	90%	10GB	negative	CTAT-LR-Fusion	false_fusion	5	2	False_Call
ENSG00000230417:ENSG00000282863	90%	10GB	negative	JAFFAL	false_fusion	7	2	False_Call
ENSG00000230417:ENSG00000282863	90%	10GB	positive	CTAT-LR-Fusion	false_fusion	2	2	False_Call
ENSG00000230417:ENSG00000282863	90%	10GB	positive	JAFFAL	false_fusion	2	2	False_Call
ENSG00000230417:ENSG00000282863	95%	100GB	negative	CTAT-LR-Fusion	false_fusion	26	2	False_Call
ENSG00000230417:ENSG00000282863	95%	100GB	negative	JAFFAL	false_fusion	38	2	False_Call
ENSG00000230417:ENSG00000282863	95%	100GB	positive	CTAT-LR-Fusion	false_fusion	21	2	False_Call
ENSG00000230417:ENSG00000282863	95%	100GB	positive	JAFFAL	false_fusion	39	2	False_Call
ENSG00000230417:ENSG00000282863	95%	10GB	negative	CTAT-LR-Fusion	false_fusion	5	2	False_Call
ENSG00000230417:ENSG00000282863	95%	10GB	negative	JAFFAL	false_fusion	7	2	False_Call
ENSG00000230417:ENSG00000282863	95%	10GB	positive	CTAT-LR-Fusion	false_fusion	2	2	False_Call
ENSG00000230417:ENSG00000282863	95%	10GB	positive	JAFFAL	false_fusion	3	2	False_Call
ENSG00000230426:ENSG00000127955	85%	100GB	positive	FusionSeeker	false_fusion	2	1	False_Call
ENSG00000230590:ENSG00000273974	85%	100GB	negative	FusionSeeker	false_fusion:Sense-Antisense	77	1	False_Call
ENSG00000230590:ENSG00000273974	85%	100GB	positive	FusionSeeker	false_fusion:Sense-Antisense	66	1	False_Call
ENSG00000230590:ENSG00000273974	85%	10GB	negative	FusionSeeker	false_fusion:Sense-Antisense	10	1	False_Call
ENSG00000230590:ENSG00000273974	85%	10GB	positive	FusionSeeker	false_fusion:Sense-Antisense	6	1	False_Call
ENSG00000230590:ENSG00000273974	90%	100GB	negative	FusionSeeker	false_fusion:Sense-Antisense	89	1	False_Call
ENSG00000230590:ENSG00000273974	90%	100GB	positive	FusionSeeker	false_fusion:Sense-Antisense	81	1	False_Call
ENSG00000230590:ENSG00000273974	90%	10GB	negative	FusionSeeker	false_fusion:Sense-Antisense	11	1	False_Call
ENSG00000230590:ENSG00000273974	90%	10GB	positive	FusionSeeker	false_fusion:Sense-Antisense	6	1	False_Call
ENSG00000230590:ENSG00000273974	95%	100GB	negative	FusionSeeker	false_fusion:Sense-Antisense	128	1	False_Call
ENSG00000230590:ENSG00000273974	95%	100GB	positive	FusionSeeker	false_fusion:Sense-Antisense	147	1	False_Call
ENSG00000230590:ENSG00000273974	95%	10GB	negative	FusionSeeker	false_fusion:Sense-Antisense	11	1	False_Call
ENSG00000230590:ENSG00000273974	95%	10GB	positive	FusionSeeker	false_fusion:Sense-Antisense	10	1	False_Call
ENSG00000230590:ENSG00000275254	85%	100GB	negative	FusionSeeker	false_fusion:Sense-Antisense	17	1	False_Call
ENSG00000230590:ENSG00000275254	85%	100GB	positive	FusionSeeker	false_fusion:Sense-Antisense	11	1	False_Call
ENSG00000230590:ENSG00000275254	85%	10GB	negative	FusionSeeker	false_fusion:Sense-Antisense	2	1	False_Call
ENSG00000230596:ENSG00000290733	85%	100GB	positive	Genion	false_fusion	4	1	False_Call
ENSG00000230596:ENSG00000290733	90%	100GB	negative	Genion	false_fusion	4	1	False_Call
ENSG00000230596:ENSG00000290733	90%	100GB	positive	Genion	false_fusion	3	1	False_Call
ENSG00000230596:ENSG00000290733	95%	100GB	negative	Genion	false_fusion	2	1	False_Call
ENSG00000230596:ENSG00000290733	95%	100GB	positive	Genion	false_fusion	2	1	False_Call
ENSG00000230655:ENSG00000291222	85%	100GB	negative	Genion	false_fusion	2	1	False_Call
ENSG00000230721:ENSG00000215472	85%	100GB	negative	FusionSeeker	false_fusion	2	1	False_Call
ENSG00000230721:ENSG00000215472	90%	100GB	positive	FusionSeeker	false_fusion	2	1	False_Call
ENSG00000230735:ENSG00000271949	85%	100GB	negative	FusionSeeker	false_fusion	2	1	False_Call
ENSG00000230735:ENSG00000271949	85%	100GB	positive	FusionSeeker	false_fusion	3	1	False_Call
ENSG00000230768:ENSG00000290655	85%	100GB	positive	FusionSeeker	truncated_tri_fusion	2	1	Partial_Recall
ENSG00000230768:ENSG00000290655	90%	100GB	positive	FusionSeeker	truncated_tri_fusion	2	1	Partial_Recall
ENSG00000230768:ENSG00000290655	95%	100GB	positive	FusionSeeker	truncated_tri_fusion	16	2	Partial_Recall
ENSG00000230768:ENSG00000290655	95%	100GB	positive	Genion	truncated_tri_fusion	20	2	Partial_Recall
ENSG00000230768:ENSG00000290655	95%	10GB	positive	CTAT-LR-Fusion	truncated_tri_fusion	2	2	Partial_Recall
ENSG00000230768:ENSG00000290655	95%	10GB	positive	FusionSeeker	truncated_tri_fusion	2	2	Partial_Recall
ENSG00000230897:ENSG00000231500	85%	100GB	negative	FusionSeeker	false_fusion	16	1	False_Call
ENSG00000230897:ENSG00000231500	85%	100GB	positive	FusionSeeker	false_fusion	9	1	False_Call
ENSG00000230897:ENSG00000231500	90%	100GB	negative	FusionSeeker	false_fusion	2	1	False_Call
ENSG00000230897:ENSG00000231500	90%	100GB	positive	FusionSeeker	false_fusion	3	1	False_Call
ENSG00000231219:ENSG00000279169	90%	100GB	negative	Genion	false_fusion	2	1	False_Call
ENSG00000231252:ENSG00000162599	85%	100GB	negative	FusionSeeker	false_fusion:Sense-Antisense	14	1	False_Call
ENSG00000231252:ENSG00000162599	85%	100GB	positive	FusionSeeker	false_fusion:Sense-Antisense	16	1	False_Call
ENSG00000231252:ENSG00000162599	90%	100GB	negative	FusionSeeker	false_fusion:Sense-Antisense	28	1	False_Call
ENSG00000231252:ENSG00000162599	90%	100GB	positive	FusionSeeker	false_fusion:Sense-Antisense	41	1	False_Call
ENSG00000231252:ENSG00000162599	90%	10GB	positive	FusionSeeker	false_fusion:Sense-Antisense	6	1	False_Call
ENSG00000231252:ENSG00000162599	95%	100GB	negative	FusionSeeker	false_fusion:Sense-Antisense	32	1	False_Call
ENSG00000231252:ENSG00000162599	95%	100GB	positive	FusionSeeker	false_fusion:Sense-Antisense	27	1	False_Call
ENSG00000231304:ENSG00000282987	85%	100GB	negative	FusionSeeker	false_fusion:Sense-Antisense	12	1	False_Call
ENSG00000231304:ENSG00000282987	85%	100GB	positive	FusionSeeker	false_fusion:Sense-Antisense	22	1	False_Call
ENSG00000231304:ENSG00000282987	85%	10GB	positive	FusionSeeker	false_fusion:Sense-Antisense	4	1	False_Call
ENSG00000231304:ENSG00000282987	90%	100GB	negative	FusionSeeker	false_fusion:Sense-Antisense	14	1	False_Call
ENSG00000231304:ENSG00000282987	90%	100GB	positive	FusionSeeker	false_fusion:Sense-Antisense	25	1	False_Call
ENSG00000231304:ENSG00000282987	90%	10GB	positive	FusionSeeker	false_fusion:Sense-Antisense	2	1	False_Call
ENSG00000231304:ENSG00000282987	95%	100GB	negative	FusionSeeker	false_fusion:Sense-Antisense	7	1	False_Call
ENSG00000231304:ENSG00000282987	95%	100GB	positive	FusionSeeker	false_fusion:Sense-Antisense	7	1	False_Call
ENSG00000231304:ENSG00000282987	95%	10GB	positive	FusionSeeker	false_fusion:Sense-Antisense	2	1	False_Call
ENSG00000231500:ENSG00000075624	85%	100GB	positive	FusionSeeker	false_fusion	2	1	False_Call
ENSG00000231500:ENSG00000087086	90%	10GB	negative	GFSeeker	false_fusion	2	1	False_Call
ENSG00000231500:ENSG00000087086	95%	10GB	negative	GFSeeker	false_fusion	2	1	False_Call
ENSG00000231500:ENSG00000091513	95%	100GB	negative	JAFFAL	false_fusion	2	1	False_Call
ENSG00000231500:ENSG00000112306	95%	100GB	positive	FusionSeeker	false_fusion	2	1	False_Call
ENSG00000231500:ENSG00000118137	90%	100GB	negative	JAFFAL	false_fusion	2	1	False_Call
ENSG00000231500:ENSG00000156508	90%	100GB	positive	FusionSeeker	false_fusion	2	1	False_Call
ENSG00000231500:ENSG00000198712	85%	100GB	negative	FusionSeeker	false_fusion:mitochondrial_genomic	2	1	False_Call
ENSG00000231500:ENSG00000198727	95%	100GB	positive	FusionSeeker	false_fusion:mitochondrial_genomic	3	1	False_Call
ENSG00000231500:ENSG00000198804	95%	100GB	positive	FusionSeeker	false_fusion:mitochondrial_genomic	2	1	False_Call
ENSG00000231500:ENSG00000210082	90%	100GB	positive	FusionSeeker	false_fusion:mitochondrial_genomic	3	1	False_Call
ENSG00000231500:ENSG00000211459	85%	100GB	negative	FusionSeeker	false_fusion:mitochondrial_genomic	2	1	False_Call
ENSG00000231500:ENSG00000216548	85%	100GB	negative	FusionSeeker	false_fusion	3	1	False_Call
ENSG00000231500:ENSG00000216548	85%	100GB	positive	FusionSeeker	false_fusion	4	1	False_Call
ENSG00000231500:ENSG00000241204	85%	100GB	negative	FusionSeeker	false_fusion	2	1	False_Call
ENSG00000231500:ENSG00000241204	85%	100GB	positive	FusionSeeker	false_fusion	2	1	False_Call
ENSG00000231530:ENSG00000088298	95%	100GB	positive	CTAT-LR-Fusion	truncated_tri_fusion	13	1	Partial_Recall
ENSG00000231689:ENSG00000144366	85%	100GB	negative	FusionSeeker	false_fusion	4	1	False_Call
ENSG00000231689:ENSG00000144366	85%	100GB	positive	FusionSeeker	false_fusion	6	1	False_Call
ENSG00000231898:ENSG00000106819	90%	100GB	positive	CTAT-LR-Fusion	truncated_tri_fusion	13	1	Partial_Recall
ENSG00000231898:ENSG00000106819	90%	10GB	positive	CTAT-LR-Fusion	truncated_tri_fusion	2	1	Partial_Recall
ENSG00000231898:ENSG00000106819	95%	100GB	positive	CTAT-LR-Fusion	truncated_tri_fusion	12	2	Partial_Recall
ENSG00000231898:ENSG00000106819	95%	100GB	positive	JAFFAL	truncated_tri_fusion	2	2	Partial_Recall
ENSG00000231898:ENSG00000106819:ENSG00000124787	95%	100GB	positive	JAFFAL	tri_fusion	15	1	True_Recall
ENSG00000232234:ENSG00000285216	85%	100GB	negative	FusionSeeker	false_fusion	2	1	False_Call
ENSG00000232234:ENSG00000285216	90%	100GB	negative	FusionSeeker	false_fusion	2	1	False_Call
ENSG00000232234:ENSG00000285219	90%	100GB	negative	CTAT-LR-Fusion	false_fusion	12	1	False_Call
ENSG00000232301:ENSG00000232445	85%	100GB	negative	Genion	false_fusion	3	1	False_Call
ENSG00000232301:ENSG00000232445	85%	100GB	positive	Genion	false_fusion	2	1	False_Call
ENSG00000232301:ENSG00000232445	90%	100GB	positive	Genion	false_fusion	2	1	False_Call
ENSG00000232301:ENSG00000288749	85%	100GB	negative	Genion	false_fusion	2	1	False_Call
ENSG00000232301:ENSG00000288749	90%	100GB	negative	Genion	false_fusion	2	1	False_Call
ENSG00000232354:ENSG00000114812	85%	100GB	positive	CTAT-LR-Fusion	read_through	13	1	True_Recall
ENSG00000232354:ENSG00000114812	90%	100GB	positive	CTAT-LR-Fusion	read_through	21	1	True_Recall
ENSG00000232354:ENSG00000114812	90%	10GB	positive	CTAT-LR-Fusion	read_through	3	1	True_Recall
ENSG00000232354:ENSG00000114812	95%	100GB	positive	CTAT-LR-Fusion	read_through	15	1	True_Recall
ENSG00000232386:ENSG00000259604	90%	100GB	positive	Genion	false_fusion:self_misalignment	3	1	False_Call
ENSG00000232412:ENSG00000101972	85%	100GB	negative	FusionSeeker	false_fusion	2	1	False_Call
ENSG00000232412:ENSG00000101972	85%	100GB	positive	FusionSeeker	false_fusion	2	1	False_Call
ENSG00000232412:ENSG00000101972	90%	100GB	negative	FusionSeeker	false_fusion	3	1	False_Call
ENSG00000232463:ENSG00000167526	85%	100GB	negative	CTAT-LR-Fusion	false_fusion	38	1	False_Call
ENSG00000232463:ENSG00000167526	85%	100GB	positive	CTAT-LR-Fusion	false_fusion	36	1	False_Call
ENSG00000232463:ENSG00000167526	90%	100GB	negative	CTAT-LR-Fusion	false_fusion	18	1	False_Call
ENSG00000232573:ENSG00000100316	85%	100GB	negative	FusionSeeker	false_fusion	32	1	False_Call
ENSG00000232573:ENSG00000100316	85%	100GB	positive	FusionSeeker	false_fusion	32	1	False_Call
ENSG00000232573:ENSG00000100316	85%	10GB	negative	FusionSeeker	false_fusion	4	1	False_Call
ENSG00000232573:ENSG00000100316	85%	10GB	positive	FusionSeeker	false_fusion	3	1	False_Call
ENSG00000232573:ENSG00000100316	90%	100GB	negative	FusionSeeker	false_fusion	18	1	False_Call
ENSG00000232573:ENSG00000100316	90%	100GB	positive	FusionSeeker	false_fusion	15	1	False_Call
ENSG00000232573:ENSG00000100316	95%	100GB	negative	FusionSeeker	false_fusion	4	1	False_Call
ENSG00000232573:ENSG00000100316	95%	100GB	positive	FusionSeeker	false_fusion	3	1	False_Call
ENSG00000232678:ENSG00000090054	85%	100GB	negative	FusionSeeker	false_fusion	2	1	False_Call
ENSG00000232713:ENSG00000112306	85%	100GB	negative	FusionSeeker	false_fusion	3	1	False_Call
ENSG00000232713:ENSG00000112306	85%	100GB	positive	FusionSeeker	false_fusion	5	1	False_Call
ENSG00000232713:ENSG00000112306	85%	10GB	negative	FusionSeeker	false_fusion	2	1	False_Call
ENSG00000232900:ENSG00000101384	85%	100GB	negative	CTAT-LR-Fusion	false_fusion	19	1	False_Call
ENSG00000232900:ENSG00000101384	85%	100GB	positive	CTAT-LR-Fusion	false_fusion	26	1	False_Call
ENSG00000232900:ENSG00000101384	85%	10GB	negative	CTAT-LR-Fusion	false_fusion	3	1	False_Call
ENSG00000232900:ENSG00000101384	85%	10GB	positive	CTAT-LR-Fusion	false_fusion	2	1	False_Call
ENSG00000232900:ENSG00000101384	90%	100GB	negative	CTAT-LR-Fusion	false_fusion	22	1	False_Call
ENSG00000232900:ENSG00000101384	90%	100GB	positive	CTAT-LR-Fusion	false_fusion	29	1	False_Call
ENSG00000232900:ENSG00000101384	90%	10GB	negative	CTAT-LR-Fusion	false_fusion	2	1	False_Call
ENSG00000232900:ENSG00000101384	90%	10GB	positive	CTAT-LR-Fusion	false_fusion	4	1	False_Call
ENSG00000232900:ENSG00000101384	95%	100GB	negative	CTAT-LR-Fusion	false_fusion	34	1	False_Call
ENSG00000232900:ENSG00000101384	95%	100GB	positive	CTAT-LR-Fusion	false_fusion	32	1	False_Call
ENSG00000232900:ENSG00000101384	95%	10GB	negative	CTAT-LR-Fusion	false_fusion	2	1	False_Call
ENSG00000232920:ENSG00000233242	85%	100GB	negative	Genion	false_fusion	2	1	False_Call
ENSG00000232965:ENSG00000112306	85%	100GB	negative	FusionSeeker	false_fusion	2	1	False_Call
ENSG00000232965:ENSG00000112306	85%	100GB	positive	FusionSeeker	false_fusion	2	1	False_Call
ENSG00000232992:ENSG00000101444	85%	100GB	positive	FusionSeeker	false_fusion	2	1	False_Call
ENSG00000233005:ENSG00000228999	85%	100GB	positive	FusionSeeker	false_fusion:Sense-Antisense	2	1	False_Call
ENSG00000233005:ENSG00000228999	90%	100GB	positive	FusionSeeker	false_fusion:Sense-Antisense	3	1	False_Call
ENSG00000233098:ENSG00000091513	90%	100GB	negative	FusionSeeker	false_fusion	3	1	False_Call
ENSG00000233124:ENSG00000244754	85%	100GB	positive	Genion	reverse_order: intra_chromosome	30	1	Partial_Recall
ENSG00000233124:ENSG00000244754	90%	100GB	positive	Genion	reverse_order: intra_chromosome	36	1	Partial_Recall
ENSG00000233124:ENSG00000244754	95%	100GB	positive	Genion	reverse_order: intra_chromosome	35	1	Partial_Recall
ENSG00000233219:ENSG00000236494	85%	100GB	positive	Genion	reverse_order: read_through	33	1	Partial_Recall
ENSG00000233219:ENSG00000236494	90%	100GB	positive	Genion	reverse_order: read_through	32	1	Partial_Recall
ENSG00000233219:ENSG00000236494	95%	100GB	positive	Genion	reverse_order: read_through	34	1	Partial_Recall
ENSG00000233318:ENSG00000071082	85%	100GB	positive	FusionSeeker	false_fusion	2	1	False_Call
ENSG00000233318:ENSG00000071082	90%	100GB	negative	FusionSeeker	false_fusion	2	1	False_Call
ENSG00000233445:ENSG00000251249	95%	10GB	positive	CTAT-LR-Fusion	truncated_tri_fusion	2	1	Partial_Recall
ENSG00000233593:ENSG00000285532	85%	100GB	positive	CTAT-LR-Fusion	read_through	17	2	True_Recall
ENSG00000233593:ENSG00000285532	85%	100GB	positive	JAFFAL	read_through	3	2	True_Recall
ENSG00000233593:ENSG00000285532	85%	10GB	positive	CTAT-LR-Fusion	read_through	2	1	True_Recall
ENSG00000233593:ENSG00000285532	90%	100GB	positive	CTAT-LR-Fusion	read_through	15	1	True_Recall
ENSG00000233593:ENSG00000285532	95%	100GB	positive	CTAT-LR-Fusion	read_through	26	1	True_Recall
ENSG00000233593:ENSG00000285532	95%	10GB	positive	CTAT-LR-Fusion	read_through	5	1	True_Recall
ENSG00000233642:ENSG00000151025	85%	100GB	negative	FusionSeeker	false_fusion	3	1	False_Call
ENSG00000233642:ENSG00000151025	85%	100GB	positive	FusionSeeker	false_fusion	10	1	False_Call
ENSG00000233642:ENSG00000151025	85%	10GB	negative	FusionSeeker	false_fusion	2	1	False_Call
ENSG00000233642:ENSG00000151025	90%	100GB	negative	FusionSeeker	false_fusion	3	1	False_Call
ENSG00000233642:ENSG00000151025	90%	100GB	positive	FusionSeeker	false_fusion	2	1	False_Call
ENSG00000233642:ENSG00000151025	90%	10GB	positive	FusionSeeker	false_fusion	2	1	False_Call
ENSG00000233662:ENSG00000273269	90%	100GB	positive	FusionSeeker	false_fusion	5	1	False_Call
ENSG00000233662:ENSG00000273269	95%	100GB	positive	FusionSeeker	false_fusion	17	1	False_Call
ENSG00000233670:ENSG00000263429	90%	100GB	negative	Genion	false_fusion	5	1	False_Call
ENSG00000233670:ENSG00000263429	90%	100GB	positive	Genion	false_fusion	2	1	False_Call
ENSG00000233839:ENSG00000105372	85%	100GB	negative	FusionSeeker	false_fusion	2	1	False_Call
ENSG00000233839:ENSG00000105372	85%	100GB	positive	FusionSeeker	false_fusion	8	1	False_Call
ENSG00000233913:ENSG00000147403	85%	100GB	negative	FusionSeeker	false_fusion	6	1	False_Call
ENSG00000233913:ENSG00000147403	85%	100GB	positive	FusionSeeker	false_fusion	11	1	False_Call
ENSG00000233913:ENSG00000147403	85%	10GB	negative	FusionSeeker	false_fusion	2	1	False_Call
ENSG00000233913:ENSG00000147403	90%	100GB	negative	FusionSeeker	false_fusion	7	1	False_Call
ENSG00000233913:ENSG00000147403	90%	100GB	positive	FusionSeeker	false_fusion	5	1	False_Call
ENSG00000233913:ENSG00000147403	95%	100GB	negative	FusionSeeker	false_fusion	2	1	False_Call
ENSG00000233927:ENSG00000105193	90%	100GB	negative	FusionSeeker	false_fusion	2	1	False_Call
ENSG00000233927:ENSG00000152348	95%	100GB	negative	FusionSeeker	false_fusion	2	1	False_Call
ENSG00000233927:ENSG00000210082	85%	100GB	positive	FusionSeeker	false_fusion:mitochondrial_genomic	2	1	False_Call
ENSG00000233927:ENSG00000286739	85%	100GB	negative	FusionSeeker	false_fusion	7	1	False_Call
ENSG00000233927:ENSG00000286739	85%	100GB	positive	FusionSeeker	false_fusion	7	1	False_Call
ENSG00000233927:ENSG00000286739	90%	100GB	negative	FusionSeeker	false_fusion	2	1	False_Call
ENSG00000233927:ENSG00000286739	90%	100GB	positive	FusionSeeker	false_fusion	6	1	False_Call
ENSG00000233928:ENSG00000233571	85%	100GB	negative	FusionSeeker	false_fusion:Sense-Antisense	6	1	False_Call
ENSG00000233928:ENSG00000233571	85%	100GB	positive	FusionSeeker	false_fusion:Sense-Antisense	9	1	False_Call
ENSG00000233928:ENSG00000233571	90%	100GB	negative	FusionSeeker	false_fusion:Sense-Antisense	24	1	False_Call
ENSG00000233928:ENSG00000233571	90%	100GB	positive	FusionSeeker	false_fusion:Sense-Antisense	26	1	False_Call
ENSG00000233928:ENSG00000233571	90%	10GB	negative	FusionSeeker	false_fusion:Sense-Antisense	5	1	False_Call
ENSG00000233928:ENSG00000233571	90%	10GB	positive	FusionSeeker	false_fusion:Sense-Antisense	2	1	False_Call
ENSG00000233928:ENSG00000233571	95%	100GB	negative	FusionSeeker	false_fusion:Sense-Antisense	44	1	False_Call
ENSG00000233928:ENSG00000233571	95%	100GB	positive	FusionSeeker	false_fusion:Sense-Antisense	40	1	False_Call
ENSG00000233928:ENSG00000233571	95%	10GB	negative	FusionSeeker	false_fusion:Sense-Antisense	5	1	False_Call
ENSG00000233928:ENSG00000233571	95%	10GB	positive	FusionSeeker	false_fusion:Sense-Antisense	2	1	False_Call
ENSG00000233971:ENSG00000008988	85%	100GB	negative	FusionSeeker	false_fusion	5	1	False_Call
ENSG00000233971:ENSG00000008988	85%	100GB	positive	FusionSeeker	false_fusion	3	1	False_Call
ENSG00000234056:ENSG00000287340	85%	100GB	positive	Genion	hybrid	16	1	True_Recall
ENSG00000234056:ENSG00000287340	90%	100GB	positive	Genion	hybrid	20	1	True_Recall
ENSG00000234129:ENSG00000101966	85%	100GB	positive	FusionSeeker	intra_chromosome	15	1	True_Recall
ENSG00000234129:ENSG00000101966	90%	100GB	positive	CTAT-LR-Fusion	intra_chromosome	15	2	True_Recall
ENSG00000234129:ENSG00000101966	90%	100GB	positive	FusionSeeker	intra_chromosome	28	2	True_Recall
ENSG00000234129:ENSG00000101966	90%	10GB	positive	CTAT-LR-Fusion	intra_chromosome	3	2	True_Recall
ENSG00000234129:ENSG00000101966	90%	10GB	positive	FusionSeeker	intra_chromosome	2	2	True_Recall
ENSG00000234129:ENSG00000101966	95%	100GB	positive	CTAT-LR-Fusion	intra_chromosome	13	2	True_Recall
ENSG00000234129:ENSG00000101966	95%	100GB	positive	FusionSeeker	intra_chromosome	32	2	True_Recall
ENSG00000234224:ENSG00000242593	85%	100GB	negative	FusionSeeker	false_fusion:Sense-Antisense	30	1	False_Call
ENSG00000234224:ENSG00000242593	85%	100GB	positive	FusionSeeker	false_fusion:Sense-Antisense	22	1	False_Call
ENSG00000234224:ENSG00000242593	85%	10GB	positive	FusionSeeker	false_fusion:Sense-Antisense	2	1	False_Call
ENSG00000234224:ENSG00000242593	90%	100GB	negative	FusionSeeker	false_fusion:Sense-Antisense	58	1	False_Call
ENSG00000234224:ENSG00000242593	90%	100GB	positive	FusionSeeker	false_fusion:Sense-Antisense	66	1	False_Call
ENSG00000234224:ENSG00000242593	90%	10GB	negative	FusionSeeker	false_fusion:Sense-Antisense	4	1	False_Call
ENSG00000234224:ENSG00000242593	90%	10GB	positive	FusionSeeker	false_fusion:Sense-Antisense	5	1	False_Call
ENSG00000234224:ENSG00000242593	95%	100GB	negative	FusionSeeker	false_fusion:Sense-Antisense	79	1	False_Call
ENSG00000234224:ENSG00000242593	95%	100GB	positive	FusionSeeker	false_fusion:Sense-Antisense	72	1	False_Call
ENSG00000234224:ENSG00000242593	95%	10GB	negative	FusionSeeker	false_fusion:Sense-Antisense	4	1	False_Call
ENSG00000234224:ENSG00000242593	95%	10GB	positive	FusionSeeker	false_fusion:Sense-Antisense	9	1	False_Call
ENSG00000234255:ENSG00000251011	90%	100GB	positive	Genion	hybrid	8	2	True_Recall
ENSG00000234255:ENSG00000251011	90%	100GB	positive	JAFFAL	hybrid	4	2	True_Recall
ENSG00000234255:ENSG00000251011	90%	10GB	positive	CTAT-LR-Fusion	hybrid	2	2	True_Recall
ENSG00000234255:ENSG00000251011	90%	10GB	positive	JAFFAL	hybrid	2	2	True_Recall
ENSG00000234255:ENSG00000251011	95%	100GB	positive	CTAT-LR-Fusion	hybrid	15	3	True_Recall
ENSG00000234255:ENSG00000251011	95%	100GB	positive	Genion	hybrid	27	3	True_Recall
ENSG00000234255:ENSG00000251011	95%	100GB	positive	JAFFAL	hybrid	20	3	True_Recall
ENSG00000234255:ENSG00000251011	95%	10GB	positive	CTAT-LR-Fusion	hybrid	2	2	True_Recall
ENSG00000234255:ENSG00000251011	95%	10GB	positive	JAFFAL	hybrid	2	2	True_Recall
ENSG00000234277:ENSG00000231500	85%	100GB	positive	FusionSeeker	false_fusion	2	1	False_Call
ENSG00000234456:ENSG00000139350	85%	100GB	positive	CTAT-LR-Fusion	truncated_tri_fusion	15	2	Partial_Recall
ENSG00000234456:ENSG00000139350	85%	100GB	positive	JAFFAL	truncated_tri_fusion	16	2	Partial_Recall
ENSG00000234456:ENSG00000139350	85%	10GB	positive	CTAT-LR-Fusion	truncated_tri_fusion	2	1	Partial_Recall
ENSG00000234456:ENSG00000139350	90%	100GB	positive	CTAT-LR-Fusion	truncated_tri_fusion	19	2	Partial_Recall
ENSG00000234456:ENSG00000139350	90%	100GB	positive	JAFFAL	truncated_tri_fusion	24	2	Partial_Recall
ENSG00000234456:ENSG00000139350	90%	10GB	positive	CTAT-LR-Fusion	truncated_tri_fusion	2	2	Partial_Recall
ENSG00000234456:ENSG00000139350	90%	10GB	positive	JAFFAL	truncated_tri_fusion	2	2	Partial_Recall
ENSG00000234456:ENSG00000139350	95%	100GB	positive	CTAT-LR-Fusion	truncated_tri_fusion	25	2	Partial_Recall
ENSG00000234456:ENSG00000139350	95%	100GB	positive	JAFFAL	truncated_tri_fusion	17	2	Partial_Recall
ENSG00000234456:ENSG00000139350	95%	10GB	positive	CTAT-LR-Fusion	truncated_tri_fusion	2	2	Partial_Recall
ENSG00000234456:ENSG00000139350	95%	10GB	positive	JAFFAL	truncated_tri_fusion	2	2	Partial_Recall
ENSG00000234456:ENSG00000139350:ENSG00000136888	95%	100GB	positive	JAFFAL	tri_fusion	18	1	True_Recall
ENSG00000234736:ENSG00000134058	95%	100GB	positive	FusionSeeker	truncated_tri_fusion	24	1	Partial_Recall
ENSG00000234736:ENSG00000176970	95%	100GB	positive	FusionSeeker	truncated_tri_fusion	22	1	Partial_Recall
ENSG00000234741:ENSG00000166206	85%	100GB	negative	FusionSeeker	false_fusion	2	1	False_Call
ENSG00000234741:ENSG00000166206	85%	100GB	positive	FusionSeeker	false_fusion	4	1	False_Call
ENSG00000234830:ENSG00000290369	85%	100GB	negative	Genion	false_fusion	3	1	False_Call
ENSG00000234840:ENSG00000284418	85%	100GB	positive	FusionSeeker	false_fusion:Sense-Antisense	2	1	False_Call
ENSG00000235059:ENSG00000124333	85%	10GB	positive	CTAT-LR-Fusion	chromosomal_misalignment: intra_chromosome	2	1	Partial_Recall
ENSG00000235059:ENSG00000124333	90%	100GB	positive	JAFFAL	chromosomal_misalignment: intra_chromosome	6	1	Partial_Recall
ENSG00000235059:ENSG00000124333	95%	100GB	positive	CTAT-LR-Fusion	chromosomal_misalignment: intra_chromosome	65	2	Partial_Recall
ENSG00000235059:ENSG00000124333	95%	100GB	positive	JAFFAL	chromosomal_misalignment: intra_chromosome	12	2	Partial_Recall
ENSG00000235059:ENSG00000124333	95%	10GB	positive	CTAT-LR-Fusion	chromosomal_misalignment: intra_chromosome	8	1	Partial_Recall
ENSG00000235059:ENSG00000292366	85%	100GB	positive	FusionSeeker	intra_chromosome	3	1	True_Recall
ENSG00000235059:ENSG00000292366	90%	100GB	positive	CTAT-LR-Fusion	intra_chromosome	42	3	True_Recall
ENSG00000235059:ENSG00000292366	90%	100GB	positive	FusionSeeker	intra_chromosome	8	3	True_Recall
ENSG00000235059:ENSG00000292366	90%	100GB	positive	Genion	intra_chromosome	8	3	True_Recall
ENSG00000235059:ENSG00000292366	95%	100GB	positive	FusionSeeker	intra_chromosome	13	2	True_Recall
ENSG00000235059:ENSG00000292366	95%	100GB	positive	Genion	intra_chromosome	10	2	True_Recall
ENSG00000235162:ENSG00000286520	85%	100GB	positive	CTAT-LR-Fusion	read_through	19	4	True_Recall
ENSG00000235162:ENSG00000286520	85%	100GB	positive	FusionSeeker	read_through	42	4	True_Recall
ENSG00000235162:ENSG00000286520	85%	100GB	positive	Genion	read_through	32	4	True_Recall
ENSG00000235162:ENSG00000286520	85%	100GB	positive	JAFFAL	read_through	27	4	True_Recall
ENSG00000235162:ENSG00000286520	85%	10GB	positive	CTAT-LR-Fusion	read_through	2	2	True_Recall
ENSG00000235162:ENSG00000286520	85%	10GB	positive	FusionSeeker	read_through	2	2	True_Recall
ENSG00000235162:ENSG00000286520	90%	100GB	positive	CTAT-LR-Fusion	read_through	20	4	True_Recall
ENSG00000235162:ENSG00000286520	90%	100GB	positive	FusionSeeker	read_through	43	4	True_Recall
ENSG00000235162:ENSG00000286520	90%	100GB	positive	Genion	read_through	30	4	True_Recall
ENSG00000235162:ENSG00000286520	90%	100GB	positive	JAFFAL	read_through	28	4	True_Recall
ENSG00000235162:ENSG00000286520	90%	10GB	positive	CTAT-LR-Fusion	read_through	5	3	True_Recall
ENSG00000235162:ENSG00000286520	90%	10GB	positive	FusionSeeker	read_through	6	3	True_Recall
ENSG00000235162:ENSG00000286520	90%	10GB	positive	JAFFAL	read_through	6	3	True_Recall
ENSG00000235162:ENSG00000286520	95%	100GB	positive	CTAT-LR-Fusion	read_through	19	4	True_Recall
ENSG00000235162:ENSG00000286520	95%	100GB	positive	FusionSeeker	read_through	51	4	True_Recall
ENSG00000235162:ENSG00000286520	95%	100GB	positive	Genion	read_through	33	4	True_Recall
ENSG00000235162:ENSG00000286520	95%	100GB	positive	JAFFAL	read_through	30	4	True_Recall
ENSG00000235162:ENSG00000286520	95%	10GB	positive	CTAT-LR-Fusion	read_through	2	3	True_Recall
ENSG00000235162:ENSG00000286520	95%	10GB	positive	FusionSeeker	read_through	6	3	True_Recall
ENSG00000235162:ENSG00000286520	95%	10GB	positive	JAFFAL	read_through	4	3	True_Recall
ENSG00000235221:ENSG00000236581	85%	100GB	positive	Genion	intra_chromosome	24	2	True_Recall
ENSG00000235221:ENSG00000236581	85%	100GB	positive	JAFFAL	intra_chromosome	19	2	True_Recall
ENSG00000235221:ENSG00000236581	85%	10GB	positive	JAFFAL	intra_chromosome	2	1	True_Recall
ENSG00000235221:ENSG00000236581	90%	100GB	positive	CTAT-LR-Fusion	intra_chromosome	16	3	True_Recall
ENSG00000235221:ENSG00000236581	90%	100GB	positive	Genion	intra_chromosome	24	3	True_Recall
ENSG00000235221:ENSG00000236581	90%	100GB	positive	JAFFAL	intra_chromosome	24	3	True_Recall
ENSG00000235221:ENSG00000236581	90%	10GB	positive	CTAT-LR-Fusion	intra_chromosome	2	2	True_Recall
ENSG00000235221:ENSG00000236581	90%	10GB	positive	JAFFAL	intra_chromosome	2	2	True_Recall
ENSG00000235221:ENSG00000236581	95%	100GB	positive	CTAT-LR-Fusion	intra_chromosome	40	3	True_Recall
ENSG00000235221:ENSG00000236581	95%	100GB	positive	Genion	intra_chromosome	42	3	True_Recall
ENSG00000235221:ENSG00000236581	95%	100GB	positive	JAFFAL	intra_chromosome	41	3	True_Recall
ENSG00000235221:ENSG00000236581	95%	10GB	positive	CTAT-LR-Fusion	intra_chromosome	4	2	True_Recall
ENSG00000235221:ENSG00000236581	95%	10GB	positive	JAFFAL	intra_chromosome	4	2	True_Recall
ENSG00000235597:ENSG00000138771	85%	100GB	positive	CTAT-LR-Fusion	truncated_tri_fusion	11	2	Partial_Recall
ENSG00000235597:ENSG00000138771	85%	100GB	positive	FusionSeeker	truncated_tri_fusion	41	2	Partial_Recall
ENSG00000235597:ENSG00000138771	90%	100GB	positive	CTAT-LR-Fusion	truncated_tri_fusion	12	2	Partial_Recall
ENSG00000235597:ENSG00000138771	90%	100GB	positive	FusionSeeker	truncated_tri_fusion	33	2	Partial_Recall
ENSG00000235597:ENSG00000138771	95%	100GB	positive	CTAT-LR-Fusion	truncated_tri_fusion	17	2	Partial_Recall
ENSG00000235597:ENSG00000138771	95%	100GB	positive	FusionSeeker	truncated_tri_fusion	35	2	Partial_Recall
ENSG00000235597:ENSG00000138771	95%	10GB	positive	FusionSeeker	truncated_tri_fusion	4	1	Partial_Recall
ENSG00000235597:ENSG00000287544	85%	100GB	positive	FusionSeeker	false_fusion	36	1	False_Call
ENSG00000235597:ENSG00000287544	90%	100GB	positive	FusionSeeker	false_fusion	30	1	False_Call
ENSG00000235597:ENSG00000287544	95%	100GB	positive	FusionSeeker	false_fusion	31	1	False_Call
ENSG00000235597:ENSG00000287544	95%	10GB	positive	FusionSeeker	false_fusion	4	1	False_Call
ENSG00000235605:ENSG00000115268	85%	100GB	negative	FusionSeeker	false_fusion	14	1	False_Call
ENSG00000235605:ENSG00000115268	85%	100GB	positive	FusionSeeker	false_fusion	7	1	False_Call
ENSG00000235605:ENSG00000115268	85%	10GB	positive	FusionSeeker	false_fusion	2	1	False_Call
ENSG00000235605:ENSG00000115268	90%	100GB	negative	FusionSeeker	false_fusion	4	1	False_Call
ENSG00000235665:ENSG00000236790	85%	100GB	negative	FusionSeeker	false_fusion	46	1	False_Call
ENSG00000235665:ENSG00000236790	85%	100GB	positive	FusionSeeker	false_fusion	40	1	False_Call
ENSG00000235665:ENSG00000236790	85%	10GB	negative	FusionSeeker	false_fusion	5	1	False_Call
ENSG00000235665:ENSG00000236790	85%	10GB	positive	FusionSeeker	false_fusion	2	1	False_Call
ENSG00000235665:ENSG00000236790	90%	100GB	negative	FusionSeeker	false_fusion	70	1	False_Call
ENSG00000235665:ENSG00000236790	90%	100GB	positive	FusionSeeker	false_fusion	54	1	False_Call
ENSG00000235665:ENSG00000236790	90%	10GB	negative	FusionSeeker	false_fusion	8	1	False_Call
ENSG00000235665:ENSG00000236790	90%	10GB	positive	FusionSeeker	false_fusion	6	1	False_Call
ENSG00000235665:ENSG00000236790	95%	100GB	negative	FusionSeeker	false_fusion	64	1	False_Call
ENSG00000235665:ENSG00000236790	95%	100GB	positive	FusionSeeker	false_fusion	73	1	False_Call
ENSG00000235665:ENSG00000236790	95%	10GB	negative	FusionSeeker	false_fusion	8	1	False_Call
ENSG00000235665:ENSG00000236790	95%	10GB	positive	FusionSeeker	false_fusion	11	1	False_Call
ENSG00000235743:ENSG00000289368	85%	100GB	negative	FusionSeeker	false_fusion:Sense-Antisense	7	1	False_Call
ENSG00000235743:ENSG00000289368	85%	100GB	positive	FusionSeeker	false_fusion:Sense-Antisense	8	1	False_Call
ENSG00000235743:ENSG00000289368	90%	100GB	negative	FusionSeeker	false_fusion:Sense-Antisense	8	1	False_Call
ENSG00000235743:ENSG00000289368	90%	100GB	positive	FusionSeeker	false_fusion:Sense-Antisense	4	1	False_Call
ENSG00000236044:ENSG00000181927	85%	100GB	positive	CTAT-LR-Fusion	hybrid	15	1	True_Recall
ENSG00000236044:ENSG00000181927	90%	100GB	positive	CTAT-LR-Fusion	hybrid	19	1	True_Recall
ENSG00000236044:ENSG00000181927	90%	10GB	positive	CTAT-LR-Fusion	hybrid	6	1	True_Recall
ENSG00000236044:ENSG00000181927	95%	100GB	positive	CTAT-LR-Fusion	hybrid	30	1	True_Recall
ENSG00000236044:ENSG00000181927	95%	10GB	positive	CTAT-LR-Fusion	hybrid	2	1	True_Recall
ENSG00000236141:ENSG00000256637	85%	100GB	negative	FusionSeeker	false_fusion:Sense-Antisense	2	1	False_Call
ENSG00000236204:ENSG00000176124	95%	100GB	negative	JAFFAL	false_fusion	2	1	False_Call
ENSG00000236312:ENSG00000109475	85%	100GB	negative	FusionSeeker	false_fusion	2	1	False_Call
ENSG00000236494:ENSG00000233219	85%	100GB	positive	JAFFAL	read_through	2	1	True_Recall
ENSG00000236494:ENSG00000233219	90%	100GB	positive	JAFFAL	read_through	12	1	True_Recall
ENSG00000236494:ENSG00000233219	95%	100GB	positive	JAFFAL	read_through	27	1	True_Recall
ENSG00000236494:ENSG00000233219	95%	10GB	positive	JAFFAL	read_through	3	1	True_Recall
ENSG00000236552:ENSG00000071082	95%	100GB	positive	FusionSeeker	false_fusion	2	1	False_Call
ENSG00000236552:ENSG00000087086	85%	100GB	negative	FusionSeeker	false_fusion	5	1	False_Call
ENSG00000236552:ENSG00000087086	85%	100GB	positive	FusionSeeker	false_fusion	2	1	False_Call
ENSG00000236552:ENSG00000087086	85%	10GB	negative	FusionSeeker	false_fusion	2	1	False_Call
ENSG00000236552:ENSG00000087460	85%	100GB	positive	FusionSeeker	false_fusion	2	1	False_Call
ENSG00000236552:ENSG00000091513	90%	100GB	negative	FusionSeeker	false_fusion	2	1	False_Call
ENSG00000236552:ENSG00000142541	85%	100GB	positive	FusionSeeker	false_fusion	2	1	False_Call
ENSG00000236552:ENSG00000149273	90%	100GB	negative	FusionSeeker	false_fusion	2	1	False_Call
ENSG00000236552:ENSG00000161016	85%	100GB	positive	FusionSeeker	false_fusion	2	1	False_Call
ENSG00000236552:ENSG00000163631	95%	100GB	positive	FusionSeeker	false_fusion	2	1	False_Call
ENSG00000236552:ENSG00000175899	90%	100GB	positive	FusionSeeker	false_fusion	2	1	False_Call
ENSG00000236552:ENSG00000177600	90%	100GB	positive	FusionSeeker	false_fusion	2	1	False_Call
ENSG00000236552:ENSG00000197099	90%	100GB	negative	FusionSeeker	false_fusion	2	1	False_Call
ENSG00000236581:ENSG00000272274	85%	100GB	positive	Genion	reverse_order: intra_chromosome	27	1	Partial_Recall
ENSG00000236581:ENSG00000272274	90%	100GB	positive	Genion	reverse_order: intra_chromosome	46	1	Partial_Recall
ENSG00000236581:ENSG00000272274	95%	100GB	positive	Genion	reverse_order: intra_chromosome	40	1	Partial_Recall
ENSG00000236708:ENSG00000146555	85%	100GB	negative	FusionSeeker	false_fusion	34	1	False_Call
ENSG00000236708:ENSG00000146555	85%	100GB	positive	FusionSeeker	false_fusion	35	1	False_Call
ENSG00000236708:ENSG00000146555	85%	10GB	negative	FusionSeeker	false_fusion	3	1	False_Call
ENSG00000236708:ENSG00000146555	90%	100GB	negative	FusionSeeker	false_fusion	36	1	False_Call
ENSG00000236708:ENSG00000146555	90%	100GB	positive	FusionSeeker	false_fusion	38	1	False_Call
ENSG00000236708:ENSG00000146555	90%	10GB	negative	FusionSeeker	false_fusion	2	1	False_Call
ENSG00000236708:ENSG00000146555	90%	10GB	positive	FusionSeeker	false_fusion	3	1	False_Call
ENSG00000236708:ENSG00000146555	95%	100GB	negative	FusionSeeker	false_fusion	51	1	False_Call
ENSG00000236708:ENSG00000146555	95%	100GB	positive	FusionSeeker	false_fusion	44	1	False_Call
ENSG00000236708:ENSG00000146555	95%	10GB	negative	FusionSeeker	false_fusion	2	1	False_Call
ENSG00000236708:ENSG00000146555	95%	10GB	positive	FusionSeeker	false_fusion	7	1	False_Call
ENSG00000236737:ENSG00000275113	90%	100GB	negative	Genion	false_fusion	8	1	False_Call
ENSG00000236737:ENSG00000275113	90%	100GB	positive	Genion	false_fusion	5	1	False_Call
ENSG00000236737:ENSG00000275113	95%	100GB	negative	Genion	false_fusion	13	1	False_Call
ENSG00000236737:ENSG00000275113	95%	100GB	positive	Genion	false_fusion	14	1	False_Call
ENSG00000236764:ENSG00000112695	85%	100GB	negative	FusionSeeker	false_fusion	2	1	False_Call
ENSG00000236764:ENSG00000112695	90%	100GB	negative	FusionSeeker	false_fusion	2	1	False_Call
ENSG00000236829:ENSG00000198242	90%	100GB	negative	FusionSeeker	false_fusion	3	1	False_Call
ENSG00000236887:ENSG00000115268	85%	100GB	positive	FusionSeeker	false_fusion	2	1	False_Call
ENSG00000236951:ENSG00000124333	85%	100GB	positive	JAFFAL	false_fusion	4	1	False_Call
ENSG00000236951:ENSG00000124333	90%	100GB	positive	JAFFAL	false_fusion	8	1	False_Call
ENSG00000236951:ENSG00000124333	95%	100GB	positive	JAFFAL	false_fusion	14	1	False_Call
ENSG00000236951:ENSG00000292366	85%	100GB	positive	FusionSeeker	false_fusion	9	2	False_Call
ENSG00000236951:ENSG00000292366	85%	100GB	positive	Genion	false_fusion	8	2	False_Call
ENSG00000236951:ENSG00000292366	90%	100GB	positive	FusionSeeker	false_fusion	15	2	False_Call
ENSG00000236951:ENSG00000292366	90%	100GB	positive	Genion	false_fusion	15	2	False_Call
ENSG00000236951:ENSG00000292366	95%	100GB	positive	FusionSeeker	false_fusion	13	2	False_Call
ENSG00000236951:ENSG00000292366	95%	100GB	positive	Genion	false_fusion	13	2	False_Call
ENSG00000236963:ENSG00000136014	85%	100GB	positive	FusionSeeker	truncated_tri_fusion	23	2	Partial_Recall
ENSG00000236963:ENSG00000136014	85%	100GB	positive	JAFFAL	truncated_tri_fusion	7	2	Partial_Recall
ENSG00000236963:ENSG00000136014	90%	100GB	positive	FusionSeeker	truncated_tri_fusion	37	2	Partial_Recall
ENSG00000236963:ENSG00000136014	90%	100GB	positive	JAFFAL	truncated_tri_fusion	15	2	Partial_Recall
ENSG00000236963:ENSG00000136014	90%	10GB	positive	FusionSeeker	truncated_tri_fusion	4	2	Partial_Recall
ENSG00000236963:ENSG00000136014	90%	10GB	positive	JAFFAL	truncated_tri_fusion	2	2	Partial_Recall
ENSG00000236963:ENSG00000136014	95%	100GB	positive	FusionSeeker	truncated_tri_fusion	85	2	Partial_Recall
ENSG00000236963:ENSG00000136014	95%	100GB	positive	JAFFAL	truncated_tri_fusion	31	2	Partial_Recall
ENSG00000236963:ENSG00000136014	95%	10GB	positive	JAFFAL	truncated_tri_fusion	2	1	Partial_Recall
ENSG00000237040:ENSG00000292327	85%	100GB	positive	FusionSeeker	false_fusion	6	2	False_Call
ENSG00000237040:ENSG00000292327	85%	100GB	positive	Genion	false_fusion	6	2	False_Call
ENSG00000237040:ENSG00000292327	85%	10GB	positive	FusionSeeker	false_fusion	2	1	False_Call
ENSG00000237040:ENSG00000292327	90%	100GB	positive	FusionSeeker	false_fusion	10	2	False_Call
ENSG00000237040:ENSG00000292327	90%	100GB	positive	Genion	false_fusion	5	2	False_Call
ENSG00000237040:ENSG00000292327	95%	100GB	positive	FusionSeeker	false_fusion	11	2	False_Call
ENSG00000237040:ENSG00000292327	95%	100GB	positive	Genion	false_fusion	6	2	False_Call
ENSG00000237049:ENSG00000109475	85%	100GB	negative	FusionSeeker	false_fusion	2	1	False_Call
ENSG00000237049:ENSG00000109475	85%	100GB	positive	FusionSeeker	false_fusion	4	1	False_Call
ENSG00000237173:ENSG00000177156	85%	100GB	negative	FusionSeeker	false_fusion	2	1	False_Call
ENSG00000237173:ENSG00000177156	85%	100GB	positive	FusionSeeker	false_fusion	2	1	False_Call
ENSG00000237173:ENSG00000177156	90%	100GB	negative	FusionSeeker	false_fusion	2	1	False_Call
ENSG00000237173:ENSG00000177156	90%	100GB	positive	FusionSeeker	false_fusion	2	1	False_Call
ENSG00000237188:ENSG00000250166	85%	100GB	positive	FusionSeeker	false_fusion	209	1	False_Call
ENSG00000237188:ENSG00000250166	85%	10GB	positive	FusionSeeker	false_fusion	4	1	False_Call
ENSG00000237188:ENSG00000250166	90%	100GB	positive	FusionSeeker	false_fusion	115	1	False_Call
ENSG00000237188:ENSG00000250166	90%	10GB	positive	FusionSeeker	false_fusion	15	1	False_Call
ENSG00000237188:ENSG00000250166	95%	100GB	positive	FusionSeeker	false_fusion	124	1	False_Call
ENSG00000237188:ENSG00000250166	95%	10GB	positive	FusionSeeker	false_fusion	10	1	False_Call
ENSG00000237222:ENSG00000233987	90%	100GB	negative	JAFFAL	false_fusion	2	1	False_Call
ENSG00000237222:ENSG00000233987	90%	100GB	positive	JAFFAL	false_fusion	2	1	False_Call
ENSG00000237222:ENSG00000233987	95%	100GB	negative	JAFFAL	false_fusion	2	1	False_Call
ENSG00000237250:ENSG00000110002	85%	100GB	positive	FusionSeeker	reverse_order: hybrid	34	1	Partial_Recall
ENSG00000237250:ENSG00000110002	90%	100GB	positive	FusionSeeker	reverse_order: hybrid	34	1	Partial_Recall
ENSG00000237250:ENSG00000110002	90%	10GB	positive	FusionSeeker	reverse_order: hybrid	2	1	Partial_Recall
ENSG00000237250:ENSG00000110002	95%	100GB	positive	FusionSeeker	reverse_order: hybrid	17	1	Partial_Recall
ENSG00000237356:ENSG00000164418	95%	100GB	negative	FusionSeeker	false_fusion	2	1	False_Call
ENSG00000237356:ENSG00000259200	90%	100GB	negative	FusionSeeker	false_fusion	3	1	False_Call
ENSG00000237356:ENSG00000259200	95%	100GB	negative	FusionSeeker	false_fusion	4	1	False_Call
ENSG00000237356:ENSG00000259200	95%	100GB	positive	FusionSeeker	false_fusion	4	1	False_Call
ENSG00000237417:ENSG00000196419	85%	100GB	positive	FusionSeeker	false_fusion	2	1	False_Call
ENSG00000237461:ENSG00000255145	85%	100GB	negative	FusionSeeker	false_fusion	16	1	False_Call
ENSG00000237461:ENSG00000255145	85%	100GB	positive	FusionSeeker	false_fusion	15	1	False_Call
ENSG00000237461:ENSG00000255145	90%	100GB	negative	FusionSeeker	false_fusion	28	1	False_Call
ENSG00000237461:ENSG00000255145	90%	100GB	positive	FusionSeeker	false_fusion	25	1	False_Call
ENSG00000237461:ENSG00000255145	90%	10GB	negative	FusionSeeker	false_fusion	3	1	False_Call
ENSG00000237461:ENSG00000255145	90%	10GB	positive	FusionSeeker	false_fusion	2	1	False_Call
ENSG00000237461:ENSG00000255145	95%	100GB	negative	FusionSeeker	false_fusion	27	1	False_Call
ENSG00000237461:ENSG00000255145	95%	100GB	positive	FusionSeeker	false_fusion	18	1	False_Call
ENSG00000237461:ENSG00000255145	95%	10GB	negative	FusionSeeker	false_fusion	3	1	False_Call
ENSG00000237558:ENSG00000215580	90%	10GB	positive	CTAT-LR-Fusion	intra_chromosome	2	1	True_Recall
ENSG00000237558:ENSG00000215580	95%	100GB	positive	CTAT-LR-Fusion	intra_chromosome	11	1	True_Recall
ENSG00000237558:ENSG00000291031	85%	100GB	positive	FusionSeeker	intra_chromosome	4	1	True_Recall
ENSG00000237558:ENSG00000291031	90%	100GB	positive	FusionSeeker	intra_chromosome	34	2	True_Recall
ENSG00000237558:ENSG00000291031	90%	100GB	positive	Genion	intra_chromosome	27	2	True_Recall
ENSG00000237558:ENSG00000291031	90%	10GB	positive	CTAT-LR-Fusion	intra_chromosome	2	2	True_Recall
ENSG00000237558:ENSG00000291031	90%	10GB	positive	FusionSeeker	intra_chromosome	5	2	True_Recall
ENSG00000237558:ENSG00000291031	95%	100GB	positive	CTAT-LR-Fusion	intra_chromosome	11	3	True_Recall
ENSG00000237558:ENSG00000291031	95%	100GB	positive	FusionSeeker	intra_chromosome	41	3	True_Recall
ENSG00000237558:ENSG00000291031	95%	100GB	positive	Genion	intra_chromosome	28	3	True_Recall
ENSG00000237558:ENSG00000291031	95%	10GB	positive	FusionSeeker	intra_chromosome	3	1	True_Recall
ENSG00000237676:ENSG00000156482	85%	100GB	positive	FusionSeeker	false_fusion	2	1	False_Call
ENSG00000237714:ENSG00000072682	85%	100GB	positive	FusionSeeker	false_fusion	59	1	False_Call
ENSG00000237714:ENSG00000072682	90%	100GB	positive	FusionSeeker	false_fusion	78	1	False_Call
ENSG00000237714:ENSG00000072682	95%	100GB	positive	FusionSeeker	false_fusion	148	1	False_Call
ENSG00000237714:ENSG00000072682	95%	10GB	positive	FusionSeeker	false_fusion	14	1	False_Call
ENSG00000237850:ENSG00000188626	95%	100GB	positive	JAFFAL	false_fusion	2	1	False_Call
ENSG00000237850:ENSG00000261480	95%	100GB	positive	JAFFAL	false_fusion	2	1	False_Call
ENSG00000238035:ENSG00000250765	85%	100GB	negative	Genion	false_fusion	18	1	False_Call
ENSG00000238035:ENSG00000250765	85%	100GB	positive	Genion	false_fusion	18	1	False_Call
ENSG00000238035:ENSG00000250765	90%	100GB	negative	Genion	false_fusion	22	1	False_Call
ENSG00000238035:ENSG00000250765	90%	100GB	positive	Genion	false_fusion	23	1	False_Call
ENSG00000238035:ENSG00000250765	95%	100GB	negative	Genion	false_fusion	17	1	False_Call
ENSG00000238035:ENSG00000250765	95%	100GB	positive	Genion	false_fusion	11	1	False_Call
ENSG00000238169:ENSG00000287340	85%	100GB	positive	FusionSeeker	false_fusion	78	1	False_Call
ENSG00000238169:ENSG00000287340	85%	10GB	positive	FusionSeeker	false_fusion	8	1	False_Call
ENSG00000238169:ENSG00000287340	90%	100GB	positive	FusionSeeker	false_fusion	92	1	False_Call
ENSG00000238169:ENSG00000287340	95%	100GB	positive	FusionSeeker	false_fusion	117	1	False_Call
ENSG00000238194:ENSG00000167554	95%	100GB	positive	CTAT-LR-Fusion	truncated_tri_fusion	19	1	Partial_Recall
ENSG00000238194:ENSG00000167554	95%	10GB	positive	CTAT-LR-Fusion	truncated_tri_fusion	3	1	Partial_Recall
ENSG00000239223:ENSG00000109475	85%	100GB	negative	FusionSeeker	false_fusion	3	1	False_Call
ENSG00000239264:ENSG00000156508	90%	10GB	negative	GFSeeker	false_fusion	2	1	False_Call
ENSG00000239264:ENSG00000156508	95%	10GB	negative	GFSeeker	false_fusion	2	1	False_Call
ENSG00000239559:ENSG00000145592	85%	100GB	negative	FusionSeeker	false_fusion	11	1	False_Call
ENSG00000239559:ENSG00000145592	85%	100GB	positive	FusionSeeker	false_fusion	6	1	False_Call
ENSG00000239559:ENSG00000145592	90%	100GB	negative	FusionSeeker	false_fusion	2	1	False_Call
ENSG00000239586:ENSG00000248587	85%	100GB	positive	FusionSeeker	false_fusion	2	1	False_Call
ENSG00000239586:ENSG00000248587	90%	100GB	positive	FusionSeeker	false_fusion	3	1	False_Call
ENSG00000239586:ENSG00000248587	95%	100GB	positive	FusionSeeker	false_fusion	4	1	False_Call
ENSG00000239672:ENSG00000087086	95%	100GB	positive	FusionSeeker	false_fusion	2	1	False_Call
ENSG00000239672:ENSG00000211459	85%	100GB	positive	FusionSeeker	false_fusion:mitochondrial_genomic	2	1	False_Call
ENSG00000239672:ENSG00000240972	90%	100GB	negative	LongGF	false_fusion	2	1	False_Call
ENSG00000239672:ENSG00000243678	85%	100GB	negative	Genion	false_fusion	16	1	False_Call
ENSG00000239672:ENSG00000243678	85%	100GB	positive	Genion	false_fusion	18	1	False_Call
ENSG00000239672:ENSG00000243678	85%	10GB	negative	Genion	false_fusion	2	1	False_Call
ENSG00000239672:ENSG00000243678	90%	100GB	negative	Genion	false_fusion	7	1	False_Call
ENSG00000239672:ENSG00000243678	90%	100GB	positive	Genion	false_fusion	8	1	False_Call
ENSG00000239672:ENSG00000243678	95%	100GB	positive	Genion	false_fusion	6	1	False_Call
ENSG00000239672:ENSG00000251357	90%	100GB	negative	FusionSeeker	false_fusion	2	1	False_Call
ENSG00000240567:ENSG00000156508	85%	100GB	negative	FusionSeeker	false_fusion	2	1	False_Call
ENSG00000240567:ENSG00000156508	90%	100GB	positive	FusionSeeker	false_fusion	2	1	False_Call
ENSG00000240567:ENSG00000198888	95%	100GB	positive	FusionSeeker	false_fusion:mitochondrial_genomic	2	1	False_Call
ENSG00000240567:ENSG00000204628	85%	100GB	negative	FusionSeeker	false_fusion	2	1	False_Call
ENSG00000240567:ENSG00000210082	85%	100GB	positive	FusionSeeker	false_fusion:mitochondrial_genomic	2	1	False_Call
ENSG00000241449:ENSG00000130226	95%	100GB	positive	FusionSeeker	false_fusion	2	1	False_Call
ENSG00000241577:ENSG00000247572	85%	100GB	positive	JAFFAL	false_fusion	19	1	False_Call
ENSG00000241577:ENSG00000247572	85%	10GB	positive	JAFFAL	false_fusion	2	1	False_Call
ENSG00000241577:ENSG00000247572	90%	100GB	positive	JAFFAL	false_fusion	17	1	False_Call
ENSG00000241577:ENSG00000247572	90%	10GB	positive	JAFFAL	false_fusion	4	1	False_Call
ENSG00000241577:ENSG00000247572	95%	100GB	positive	JAFFAL	false_fusion	35	1	False_Call
ENSG00000241577:ENSG00000247572	95%	10GB	positive	JAFFAL	false_fusion	3	1	False_Call
ENSG00000241837:ENSG00000159147	85%	100GB	negative	CTAT-LR-Fusion	false_fusion	20	1	False_Call
ENSG00000241837:ENSG00000159147	85%	100GB	positive	CTAT-LR-Fusion	false_fusion	12	1	False_Call
ENSG00000241837:ENSG00000159147	85%	10GB	negative	CTAT-LR-Fusion	false_fusion	3	1	False_Call
ENSG00000241837:ENSG00000159147	85%	10GB	positive	CTAT-LR-Fusion	false_fusion	2	1	False_Call
ENSG00000241837:ENSG00000159147	90%	100GB	negative	CTAT-LR-Fusion	false_fusion	32	1	False_Call
ENSG00000241837:ENSG00000159147	90%	100GB	positive	CTAT-LR-Fusion	false_fusion	26	1	False_Call
ENSG00000241837:ENSG00000159147	90%	10GB	negative	CTAT-LR-Fusion	false_fusion	4	1	False_Call
ENSG00000241837:ENSG00000159147	95%	100GB	negative	CTAT-LR-Fusion	false_fusion	46	1	False_Call
ENSG00000241837:ENSG00000159147	95%	100GB	positive	CTAT-LR-Fusion	false_fusion	41	1	False_Call
ENSG00000241837:ENSG00000159147	95%	10GB	negative	CTAT-LR-Fusion	false_fusion	4	1	False_Call
ENSG00000241837:ENSG00000159147	95%	10GB	positive	CTAT-LR-Fusion	false_fusion	5	1	False_Call
ENSG00000241929:ENSG00000082068	85%	100GB	negative	FusionSeeker	false_fusion	2	1	False_Call
ENSG00000242295:ENSG00000071082	85%	100GB	positive	FusionSeeker	false_fusion	2	1	False_Call
ENSG00000242366:ENSG00000286066	95%	100GB	positive	FusionSeeker	false_fusion	13	1	False_Call
ENSG00000242366:ENSG00000286066	95%	10GB	positive	FusionSeeker	false_fusion	3	1	False_Call
ENSG00000242527:ENSG00000197756	85%	100GB	negative	FusionSeeker	false_fusion	52	1	False_Call
ENSG00000242527:ENSG00000197756	85%	100GB	positive	FusionSeeker	false_fusion	62	1	False_Call
ENSG00000242527:ENSG00000197756	85%	10GB	negative	FusionSeeker	false_fusion	7	1	False_Call
ENSG00000242527:ENSG00000197756	85%	10GB	positive	FusionSeeker	false_fusion	6	1	False_Call
ENSG00000242527:ENSG00000197756	85%	1GB	negative	FusionSeeker	false_fusion	2	1	False_Call
ENSG00000242527:ENSG00000197756	90%	100GB	negative	FusionSeeker	false_fusion	11	1	False_Call
ENSG00000242527:ENSG00000197756	90%	100GB	positive	FusionSeeker	false_fusion	18	1	False_Call
ENSG00000242527:ENSG00000197756	95%	100GB	positive	FusionSeeker	false_fusion	3	1	False_Call
ENSG00000242736:ENSG00000157426	95%	100GB	positive	CTAT-LR-Fusion	truncated_tri_fusion	12	1	Partial_Recall
ENSG00000242736:ENSG00000157426	95%	10GB	positive	CTAT-LR-Fusion	truncated_tri_fusion	3	1	Partial_Recall
ENSG00000242759:ENSG00000243701	85%	100GB	positive	FusionSeeker	false_fusion	3	1	False_Call
ENSG00000242880:ENSG00000242808	85%	100GB	negative	FusionSeeker	false_fusion	2	1	False_Call
ENSG00000243147:ENSG00000158019	85%	100GB	negative	FusionSeeker	false_fusion	2	1	False_Call
ENSG00000243147:ENSG00000158019	85%	100GB	positive	FusionSeeker	false_fusion	2	1	False_Call
ENSG00000243243:ENSG00000105971	85%	100GB	negative	FusionSeeker	false_fusion:Sense-Antisense	22	1	False_Call
ENSG00000243243:ENSG00000105971	85%	100GB	positive	FusionSeeker	false_fusion:Sense-Antisense	16	1	False_Call
ENSG00000243243:ENSG00000105971	85%	10GB	positive	FusionSeeker	false_fusion:Sense-Antisense	3	1	False_Call
ENSG00000243243:ENSG00000105971	90%	100GB	negative	FusionSeeker	false_fusion:Sense-Antisense	25	1	False_Call
ENSG00000243243:ENSG00000105971	90%	100GB	positive	FusionSeeker	false_fusion:Sense-Antisense	22	1	False_Call
ENSG00000243243:ENSG00000105971	90%	10GB	negative	FusionSeeker	false_fusion:Sense-Antisense	3	1	False_Call
ENSG00000243243:ENSG00000105971	90%	10GB	positive	FusionSeeker	false_fusion:Sense-Antisense	2	1	False_Call
ENSG00000243243:ENSG00000105971	95%	100GB	negative	FusionSeeker	false_fusion:Sense-Antisense	30	1	False_Call
ENSG00000243243:ENSG00000105971	95%	100GB	positive	FusionSeeker	false_fusion:Sense-Antisense	30	1	False_Call
ENSG00000243243:ENSG00000105971	95%	10GB	negative	FusionSeeker	false_fusion:Sense-Antisense	3	1	False_Call
ENSG00000243243:ENSG00000105971	95%	10GB	positive	FusionSeeker	false_fusion:Sense-Antisense	3	1	False_Call
ENSG00000243295:ENSG00000189283	85%	100GB	negative	FusionSeeker	false_fusion	9	1	False_Call
ENSG00000243295:ENSG00000189283	85%	100GB	positive	FusionSeeker	false_fusion	16	1	False_Call
ENSG00000243295:ENSG00000189283	90%	100GB	negative	FusionSeeker	false_fusion	5	1	False_Call
ENSG00000243295:ENSG00000189283	90%	100GB	positive	FusionSeeker	false_fusion	18	1	False_Call
ENSG00000243455:ENSG00000231500	85%	100GB	positive	FusionSeeker	false_fusion	3	1	False_Call
ENSG00000243742:ENSG00000089157	85%	100GB	negative	FusionSeeker	false_fusion	5	1	False_Call
ENSG00000243789:ENSG00000125462	85%	100GB	positive	CTAT-LR-Fusion	truncated_tri_fusion	22	2	Partial_Recall
ENSG00000243789:ENSG00000125462	85%	100GB	positive	JAFFAL	truncated_tri_fusion	11	2	Partial_Recall
ENSG00000243789:ENSG00000125462	85%	10GB	positive	CTAT-LR-Fusion	truncated_tri_fusion	3	1	Partial_Recall
ENSG00000243789:ENSG00000125462	90%	100GB	positive	CTAT-LR-Fusion	truncated_tri_fusion	17	2	Partial_Recall
ENSG00000243789:ENSG00000125462	90%	100GB	positive	JAFFAL	truncated_tri_fusion	14	2	Partial_Recall
ENSG00000243789:ENSG00000125462	90%	10GB	positive	CTAT-LR-Fusion	truncated_tri_fusion	3	2	Partial_Recall
ENSG00000243789:ENSG00000125462	90%	10GB	positive	JAFFAL	truncated_tri_fusion	3	2	Partial_Recall
ENSG00000243789:ENSG00000125462	95%	100GB	positive	CTAT-LR-Fusion	truncated_tri_fusion	43	2	Partial_Recall
ENSG00000243789:ENSG00000125462	95%	100GB	positive	JAFFAL	truncated_tri_fusion	41	2	Partial_Recall
ENSG00000243789:ENSG00000125462	95%	10GB	positive	CTAT-LR-Fusion	truncated_tri_fusion	5	2	Partial_Recall
ENSG00000243789:ENSG00000125462	95%	10GB	positive	JAFFAL	truncated_tri_fusion	5	2	Partial_Recall
ENSG00000243964:ENSG00000198242	85%	100GB	negative	FusionSeeker	false_fusion	2	1	False_Call
ENSG00000243964:ENSG00000198242	85%	100GB	positive	FusionSeeker	false_fusion	2	1	False_Call
ENSG00000244265:ENSG00000239265	85%	100GB	negative	FusionSeeker	false_fusion	3	1	False_Call
ENSG00000244265:ENSG00000239265	85%	100GB	positive	FusionSeeker	false_fusion	6	1	False_Call
ENSG00000244265:ENSG00000239265	90%	100GB	negative	FusionSeeker	false_fusion	16	1	False_Call
ENSG00000244265:ENSG00000239265	90%	100GB	positive	FusionSeeker	false_fusion	20	1	False_Call
ENSG00000244265:ENSG00000239265	90%	10GB	negative	FusionSeeker	false_fusion	7	1	False_Call
ENSG00000244265:ENSG00000239265	90%	10GB	positive	FusionSeeker	false_fusion	2	1	False_Call
ENSG00000244265:ENSG00000239265	90%	1GB	negative	FusionSeeker	false_fusion	2	1	False_Call
ENSG00000244265:ENSG00000239265	95%	100GB	negative	FusionSeeker	false_fusion	25	1	False_Call
ENSG00000244265:ENSG00000239265	95%	100GB	positive	FusionSeeker	false_fusion	22	1	False_Call
ENSG00000244265:ENSG00000239265	95%	10GB	negative	FusionSeeker	false_fusion	7	1	False_Call
ENSG00000244265:ENSG00000239265	95%	1GB	negative	FusionSeeker	false_fusion	2	1	False_Call
ENSG00000244461:ENSG00000173077	85%	100GB	positive	FusionSeeker	false_fusion	4	1	False_Call
ENSG00000244461:ENSG00000173077	90%	100GB	positive	FusionSeeker	false_fusion	6	1	False_Call
ENSG00000244461:ENSG00000173077	95%	100GB	positive	FusionSeeker	false_fusion	145	1	False_Call
ENSG00000244461:ENSG00000173077	95%	10GB	positive	FusionSeeker	false_fusion	3	1	False_Call
ENSG00000244474:ENSG00000102977	90%	100GB	positive	JAFFAL	false_fusion	2	1	False_Call
ENSG00000244474:ENSG00000102977	95%	100GB	positive	JAFFAL	false_fusion	6	1	False_Call
ENSG00000244485:ENSG00000173113	95%	100GB	positive	CTAT-LR-Fusion	truncated_tri_fusion	20	1	Partial_Recall
ENSG00000244485:ENSG00000173113	95%	10GB	positive	CTAT-LR-Fusion	truncated_tri_fusion	2	1	Partial_Recall
ENSG00000244607:ENSG00000138347	85%	100GB	positive	CTAT-LR-Fusion	hybrid	29	1	True_Recall
ENSG00000244607:ENSG00000138347	90%	100GB	positive	CTAT-LR-Fusion	hybrid	43	1	True_Recall
ENSG00000244607:ENSG00000138347	95%	100GB	positive	CTAT-LR-Fusion	hybrid	33	1	True_Recall
ENSG00000244607:ENSG00000138347	95%	10GB	positive	CTAT-LR-Fusion	hybrid	2	1	True_Recall
ENSG00000244754:ENSG00000233124	85%	100GB	positive	CTAT-LR-Fusion	intra_chromosome	14	2	True_Recall
ENSG00000244754:ENSG00000233124	85%	100GB	positive	FusionSeeker	intra_chromosome	36	2	True_Recall
ENSG00000244754:ENSG00000233124	85%	10GB	positive	CTAT-LR-Fusion	intra_chromosome	2	2	True_Recall
ENSG00000244754:ENSG00000233124	85%	10GB	positive	FusionSeeker	intra_chromosome	2	2	True_Recall
ENSG00000244754:ENSG00000233124	90%	100GB	positive	CTAT-LR-Fusion	intra_chromosome	16	2	True_Recall
ENSG00000244754:ENSG00000233124	90%	100GB	positive	FusionSeeker	intra_chromosome	43	2	True_Recall
ENSG00000244754:ENSG00000233124	90%	10GB	positive	CTAT-LR-Fusion	intra_chromosome	5	2	True_Recall
ENSG00000244754:ENSG00000233124	90%	10GB	positive	FusionSeeker	intra_chromosome	4	2	True_Recall
ENSG00000244754:ENSG00000233124	95%	100GB	positive	CTAT-LR-Fusion	intra_chromosome	29	2	True_Recall
ENSG00000244754:ENSG00000233124	95%	100GB	positive	FusionSeeker	intra_chromosome	40	2	True_Recall
ENSG00000244754:ENSG00000233124	95%	10GB	positive	CTAT-LR-Fusion	intra_chromosome	3	2	True_Recall
ENSG00000244754:ENSG00000233124	95%	10GB	positive	FusionSeeker	intra_chromosome	3	2	True_Recall
ENSG00000244756:ENSG00000145592	85%	100GB	negative	FusionSeeker	false_fusion	3	1	False_Call
ENSG00000244756:ENSG00000145592	85%	100GB	positive	FusionSeeker	false_fusion	3	1	False_Call
ENSG00000245384:ENSG00000248242	85%	100GB	negative	FusionSeeker	false_fusion:Sense-Antisense	7	1	False_Call
ENSG00000245384:ENSG00000248242	85%	100GB	positive	FusionSeeker	false_fusion:Sense-Antisense	5	1	False_Call
ENSG00000245384:ENSG00000248242	90%	100GB	negative	FusionSeeker	false_fusion:Sense-Antisense	10	1	False_Call
ENSG00000245384:ENSG00000248242	90%	100GB	positive	FusionSeeker	false_fusion:Sense-Antisense	6	1	False_Call
ENSG00000245384:ENSG00000248242	95%	100GB	negative	FusionSeeker	false_fusion:Sense-Antisense	4	1	False_Call
ENSG00000245384:ENSG00000248242	95%	100GB	positive	FusionSeeker	false_fusion:Sense-Antisense	3	1	False_Call
ENSG00000245910:ENSG00000108465	85%	100GB	positive	CTAT-LR-Fusion	truncated_tri_fusion	14	2	Partial_Recall
ENSG00000245910:ENSG00000108465	85%	100GB	positive	JAFFAL	truncated_tri_fusion	5	2	Partial_Recall
ENSG00000245910:ENSG00000108465	90%	100GB	positive	CTAT-LR-Fusion	truncated_tri_fusion	11	2	Partial_Recall
ENSG00000245910:ENSG00000108465	90%	100GB	positive	JAFFAL	truncated_tri_fusion	7	2	Partial_Recall
ENSG00000245910:ENSG00000108465	95%	100GB	positive	CTAT-LR-Fusion	truncated_tri_fusion	15	2	Partial_Recall
ENSG00000245910:ENSG00000108465	95%	100GB	positive	JAFFAL	truncated_tri_fusion	7	2	Partial_Recall
ENSG00000246273:ENSG00000134802	85%	100GB	positive	FusionSeeker	reverse_order: intra_chromosome	54	1	Partial_Recall
ENSG00000246273:ENSG00000134802	90%	100GB	positive	FusionSeeker	reverse_order: intra_chromosome	69	1	Partial_Recall
ENSG00000246273:ENSG00000134802	90%	10GB	positive	FusionSeeker	reverse_order: intra_chromosome	6	1	Partial_Recall
ENSG00000246273:ENSG00000134802	90%	1GB	positive	FusionSeeker	reverse_order: intra_chromosome	4	1	Partial_Recall
ENSG00000246273:ENSG00000134802	95%	100GB	positive	FusionSeeker	reverse_order: intra_chromosome	58	1	Partial_Recall
ENSG00000246273:ENSG00000134802	95%	10GB	positive	FusionSeeker	reverse_order: intra_chromosome	6	1	Partial_Recall
ENSG00000246430:ENSG00000253139	90%	10GB	positive	CTAT-LR-Fusion	read_through	2	1	True_Recall
ENSG00000246859:ENSG00000134986	85%	100GB	negative	FusionSeeker	false_fusion	17	1	False_Call
ENSG00000246859:ENSG00000134986	85%	100GB	positive	FusionSeeker	false_fusion	19	1	False_Call
ENSG00000246859:ENSG00000134986	85%	10GB	negative	FusionSeeker	false_fusion	2	1	False_Call
ENSG00000246859:ENSG00000134986	90%	100GB	negative	FusionSeeker	false_fusion	23	1	False_Call
ENSG00000246859:ENSG00000134986	90%	100GB	positive	FusionSeeker	false_fusion	32	1	False_Call
ENSG00000246859:ENSG00000134986	90%	10GB	negative	FusionSeeker	false_fusion	2	1	False_Call
ENSG00000246859:ENSG00000134986	90%	10GB	positive	FusionSeeker	false_fusion	2	1	False_Call
ENSG00000246859:ENSG00000134986	95%	100GB	negative	FusionSeeker	false_fusion	17	1	False_Call
ENSG00000246859:ENSG00000134986	95%	100GB	positive	FusionSeeker	false_fusion	21	1	False_Call
ENSG00000246859:ENSG00000134986	95%	10GB	negative	FusionSeeker	false_fusion	2	1	False_Call
ENSG00000246859:ENSG00000236654	90%	100GB	negative	FusionSeeker	false_fusion	3	1	False_Call
ENSG00000246859:ENSG00000236654	90%	100GB	positive	FusionSeeker	false_fusion	3	1	False_Call
ENSG00000247416:ENSG00000149294	85%	100GB	negative	FusionSeeker	false_fusion:Sense-Antisense	203	1	False_Call
ENSG00000247416:ENSG00000149294	85%	100GB	positive	FusionSeeker	false_fusion:Sense-Antisense	225	1	False_Call
ENSG00000247416:ENSG00000149294	85%	10GB	negative	FusionSeeker	false_fusion:Sense-Antisense	26	1	False_Call
ENSG00000247416:ENSG00000149294	85%	10GB	positive	FusionSeeker	false_fusion:Sense-Antisense	22	1	False_Call
ENSG00000247416:ENSG00000149294	85%	1GB	negative	FusionSeeker	false_fusion:Sense-Antisense	4	1	False_Call
ENSG00000247416:ENSG00000149294	90%	100GB	negative	FusionSeeker	false_fusion:Sense-Antisense	300	1	False_Call
ENSG00000247416:ENSG00000149294	90%	100GB	positive	FusionSeeker	false_fusion:Sense-Antisense	296	1	False_Call
ENSG00000247416:ENSG00000149294	90%	10GB	negative	FusionSeeker	false_fusion:Sense-Antisense	29	1	False_Call
ENSG00000247416:ENSG00000149294	90%	10GB	positive	FusionSeeker	false_fusion:Sense-Antisense	38	1	False_Call
ENSG00000247416:ENSG00000149294	90%	1GB	positive	FusionSeeker	false_fusion:Sense-Antisense	2	1	False_Call
ENSG00000247416:ENSG00000149294	95%	100GB	negative	FusionSeeker	false_fusion:Sense-Antisense	352	1	False_Call
ENSG00000247416:ENSG00000149294	95%	100GB	positive	FusionSeeker	false_fusion:Sense-Antisense	352	1	False_Call
ENSG00000247416:ENSG00000149294	95%	10GB	negative	FusionSeeker	false_fusion:Sense-Antisense	29	1	False_Call
ENSG00000247416:ENSG00000149294	95%	10GB	positive	FusionSeeker	false_fusion:Sense-Antisense	29	1	False_Call
ENSG00000247416:ENSG00000149294	95%	1GB	positive	FusionSeeker	false_fusion:Sense-Antisense	3	1	False_Call
ENSG00000247556:ENSG00000232555	85%	100GB	negative	FusionSeeker	false_fusion	3	1	False_Call
ENSG00000247572:ENSG00000011275	85%	100GB	positive	FusionSeeker	reverse_order:truncated_tri_fusion	12	1	Partial_Recall
ENSG00000247572:ENSG00000011275	85%	10GB	positive	FusionSeeker	reverse_order:truncated_tri_fusion	4	1	Partial_Recall
ENSG00000247572:ENSG00000011275	90%	100GB	positive	FusionSeeker	reverse_order:truncated_tri_fusion	6	1	Partial_Recall
ENSG00000247572:ENSG00000011275	95%	100GB	positive	FusionSeeker	reverse_order:truncated_tri_fusion	15	1	Partial_Recall
ENSG00000247572:ENSG00000112306	85%	100GB	negative	FusionSeeker	false_fusion	5	1	False_Call
ENSG00000247572:ENSG00000112306	85%	100GB	positive	FusionSeeker	false_fusion	5	1	False_Call
ENSG00000247572:ENSG00000112306	90%	100GB	negative	FusionSeeker	false_fusion	3	1	False_Call
ENSG00000247572:ENSG00000112306	90%	100GB	positive	FusionSeeker	false_fusion	2	1	False_Call
ENSG00000247627:ENSG00000189167	85%	100GB	positive	CTAT-LR-Fusion	hybrid	21	1	True_Recall
ENSG00000247627:ENSG00000189167	90%	100GB	positive	CTAT-LR-Fusion	hybrid	28	1	True_Recall
ENSG00000247627:ENSG00000189167	90%	10GB	positive	CTAT-LR-Fusion	hybrid	2	1	True_Recall
ENSG00000247627:ENSG00000189167	95%	100GB	positive	CTAT-LR-Fusion	hybrid	30	1	True_Recall
ENSG00000247627:ENSG00000189167	95%	10GB	positive	CTAT-LR-Fusion	hybrid	4	1	True_Recall
ENSG00000248049:ENSG00000198092	85%	100GB	negative	FusionSeeker	false_fusion	25	1	False_Call
ENSG00000248049:ENSG00000198092	85%	100GB	positive	FusionSeeker	false_fusion	26	1	False_Call
ENSG00000248049:ENSG00000198092	85%	10GB	negative	FusionSeeker	false_fusion	2	1	False_Call
ENSG00000248049:ENSG00000198092	85%	10GB	positive	FusionSeeker	false_fusion	2	1	False_Call
ENSG00000248049:ENSG00000198092	90%	100GB	negative	FusionSeeker	false_fusion	28	1	False_Call
ENSG00000248049:ENSG00000198092	90%	100GB	positive	FusionSeeker	false_fusion	35	1	False_Call
ENSG00000248049:ENSG00000198092	90%	10GB	negative	FusionSeeker	false_fusion	3	1	False_Call
ENSG00000248049:ENSG00000198092	90%	10GB	positive	FusionSeeker	false_fusion	3	1	False_Call
ENSG00000248049:ENSG00000198092	90%	1GB	positive	FusionSeeker	false_fusion	2	1	False_Call
ENSG00000248049:ENSG00000198092	95%	100GB	negative	FusionSeeker	false_fusion	33	1	False_Call
ENSG00000248049:ENSG00000198092	95%	100GB	positive	FusionSeeker	false_fusion	34	1	False_Call
ENSG00000248049:ENSG00000198092	95%	10GB	negative	FusionSeeker	false_fusion	3	1	False_Call
ENSG00000248049:ENSG00000198092	95%	10GB	positive	FusionSeeker	false_fusion	2	1	False_Call
ENSG00000248238:ENSG00000248515	85%	100GB	negative	FusionSeeker	false_fusion:Sense-Antisense	34	1	False_Call
ENSG00000248238:ENSG00000248515	85%	100GB	positive	FusionSeeker	false_fusion:Sense-Antisense	29	1	False_Call
ENSG00000248238:ENSG00000248515	85%	10GB	negative	FusionSeeker	false_fusion:Sense-Antisense	6	1	False_Call
ENSG00000248238:ENSG00000248515	90%	100GB	negative	FusionSeeker	false_fusion:Sense-Antisense	38	1	False_Call
ENSG00000248238:ENSG00000248515	90%	100GB	positive	FusionSeeker	false_fusion:Sense-Antisense	41	1	False_Call
ENSG00000248238:ENSG00000248515	90%	10GB	negative	FusionSeeker	false_fusion:Sense-Antisense	7	1	False_Call
ENSG00000248238:ENSG00000248515	90%	10GB	positive	FusionSeeker	false_fusion:Sense-Antisense	6	1	False_Call
ENSG00000248238:ENSG00000248515	95%	100GB	negative	FusionSeeker	false_fusion:Sense-Antisense	38	1	False_Call
ENSG00000248238:ENSG00000248515	95%	100GB	positive	FusionSeeker	false_fusion:Sense-Antisense	34	1	False_Call
ENSG00000248238:ENSG00000248515	95%	10GB	negative	FusionSeeker	false_fusion:Sense-Antisense	7	1	False_Call
ENSG00000248238:ENSG00000248515	95%	10GB	positive	FusionSeeker	false_fusion:Sense-Antisense	5	1	False_Call
ENSG00000248487:ENSG00000260995	90%	100GB	positive	CTAT-LR-Fusion	false_fusion	20	1	False_Call
ENSG00000248487:ENSG00000260995	90%	10GB	positive	CTAT-LR-Fusion	false_fusion	2	1	False_Call
ENSG00000248511:ENSG00000152208	85%	100GB	negative	FusionSeeker	false_fusion:Sense-Antisense	16	1	False_Call
ENSG00000248511:ENSG00000152208	85%	100GB	positive	FusionSeeker	false_fusion:Sense-Antisense	15	1	False_Call
ENSG00000248511:ENSG00000152208	85%	10GB	positive	FusionSeeker	false_fusion:Sense-Antisense	2	1	False_Call
ENSG00000248511:ENSG00000152208	90%	100GB	negative	FusionSeeker	false_fusion:Sense-Antisense	26	1	False_Call
ENSG00000248511:ENSG00000152208	90%	100GB	positive	FusionSeeker	false_fusion:Sense-Antisense	21	1	False_Call
ENSG00000248511:ENSG00000152208	95%	100GB	negative	FusionSeeker	false_fusion:Sense-Antisense	21	1	False_Call
ENSG00000248511:ENSG00000152208	95%	100GB	positive	FusionSeeker	false_fusion:Sense-Antisense	23	1	False_Call
ENSG00000248538:ENSG00000134020	85%	100GB	positive	FusionSeeker	reverse_order: intra_chromosome	30	1	Partial_Recall
ENSG00000248538:ENSG00000134020	90%	100GB	positive	FusionSeeker	reverse_order: intra_chromosome	43	1	Partial_Recall
ENSG00000248538:ENSG00000134020	90%	10GB	positive	FusionSeeker	reverse_order: intra_chromosome	4	1	Partial_Recall
ENSG00000248538:ENSG00000134020	95%	100GB	positive	FusionSeeker	reverse_order: intra_chromosome	37	1	Partial_Recall
ENSG00000248538:ENSG00000134020	95%	10GB	positive	FusionSeeker	reverse_order: intra_chromosome	4	1	Partial_Recall
ENSG00000249209:ENSG00000142156	85%	100GB	positive	FusionSeeker	false_fusion	35	1	False_Call
ENSG00000249209:ENSG00000142156	90%	100GB	positive	FusionSeeker	false_fusion	39	1	False_Call
ENSG00000249209:ENSG00000142156	90%	10GB	positive	FusionSeeker	false_fusion	6	1	False_Call
ENSG00000249209:ENSG00000142156	95%	100GB	positive	FusionSeeker	false_fusion	29	1	False_Call
ENSG00000249209:ENSG00000142156	95%	10GB	positive	FusionSeeker	false_fusion	3	1	False_Call
ENSG00000249490:ENSG00000251629	85%	100GB	negative	FusionSeeker	false_fusion	5	1	False_Call
ENSG00000249490:ENSG00000251629	85%	100GB	positive	FusionSeeker	false_fusion	7	1	False_Call
ENSG00000249490:ENSG00000251629	90%	100GB	positive	FusionSeeker	false_fusion	2	1	False_Call
ENSG00000249797:ENSG00000250891	85%	100GB	negative	FusionSeeker	false_fusion	89	1	False_Call
ENSG00000249797:ENSG00000250891	85%	100GB	positive	FusionSeeker	false_fusion	66	1	False_Call
ENSG00000249797:ENSG00000250891	85%	10GB	negative	FusionSeeker	false_fusion	2	1	False_Call
ENSG00000249797:ENSG00000250891	85%	10GB	positive	FusionSeeker	false_fusion	2	1	False_Call
ENSG00000249797:ENSG00000250891	90%	100GB	negative	FusionSeeker	false_fusion	153	1	False_Call
ENSG00000249797:ENSG00000250891	90%	100GB	positive	FusionSeeker	false_fusion	154	1	False_Call
ENSG00000249797:ENSG00000250891	90%	10GB	negative	FusionSeeker	false_fusion	8	1	False_Call
ENSG00000249797:ENSG00000250891	90%	10GB	positive	FusionSeeker	false_fusion	23	1	False_Call
ENSG00000249797:ENSG00000250891	90%	1GB	positive	FusionSeeker	false_fusion	4	1	False_Call
ENSG00000249797:ENSG00000250891	95%	100GB	negative	FusionSeeker	false_fusion	179	1	False_Call
ENSG00000249797:ENSG00000250891	95%	100GB	positive	FusionSeeker	false_fusion	177	1	False_Call
ENSG00000249797:ENSG00000250891	95%	10GB	negative	FusionSeeker	false_fusion	8	1	False_Call
ENSG00000249797:ENSG00000250891	95%	10GB	positive	FusionSeeker	false_fusion	11	1	False_Call
ENSG00000249859:ENSG00000253503	85%	100GB	positive	CTAT-LR-Fusion	intra_chromosome	25	3	True_Recall
ENSG00000249859:ENSG00000253503	85%	100GB	positive	Genion	intra_chromosome	34	3	True_Recall
ENSG00000249859:ENSG00000253503	85%	100GB	positive	JAFFAL	intra_chromosome	3	3	True_Recall
ENSG00000249859:ENSG00000253503	85%	10GB	positive	CTAT-LR-Fusion	intra_chromosome	2	1	True_Recall
ENSG00000249859:ENSG00000253503	90%	100GB	positive	CTAT-LR-Fusion	intra_chromosome	34	3	True_Recall
ENSG00000249859:ENSG00000253503	90%	100GB	positive	Genion	intra_chromosome	36	3	True_Recall
ENSG00000249859:ENSG00000253503	90%	100GB	positive	JAFFAL	intra_chromosome	19	3	True_Recall
ENSG00000249859:ENSG00000253503	90%	10GB	positive	CTAT-LR-Fusion	intra_chromosome	8	3	True_Recall
ENSG00000249859:ENSG00000253503	90%	10GB	positive	Genion	intra_chromosome	9	3	True_Recall
ENSG00000249859:ENSG00000253503	90%	10GB	positive	JAFFAL	intra_chromosome	4	3	True_Recall
ENSG00000249859:ENSG00000253503	95%	100GB	positive	CTAT-LR-Fusion	intra_chromosome	28	3	True_Recall
ENSG00000249859:ENSG00000253503	95%	100GB	positive	Genion	intra_chromosome	28	3	True_Recall
ENSG00000249859:ENSG00000253503	95%	100GB	positive	JAFFAL	intra_chromosome	27	3	True_Recall
ENSG00000249859:ENSG00000253503	95%	10GB	positive	CTAT-LR-Fusion	intra_chromosome	4	2	True_Recall
ENSG00000249859:ENSG00000253503	95%	10GB	positive	JAFFAL	intra_chromosome	4	2	True_Recall
ENSG00000249884:ENSG00000115652	85%	100GB	positive	FusionSeeker	false_fusion	35	1	False_Call
ENSG00000249884:ENSG00000115652	85%	10GB	positive	FusionSeeker	false_fusion	2	1	False_Call
ENSG00000249884:ENSG00000115652	90%	100GB	positive	FusionSeeker	false_fusion	44	1	False_Call
ENSG00000249884:ENSG00000115652	90%	10GB	positive	FusionSeeker	false_fusion	4	1	False_Call
ENSG00000249884:ENSG00000115652	95%	100GB	positive	FusionSeeker	false_fusion	34	1	False_Call
ENSG00000249884:ENSG00000115652	95%	10GB	positive	FusionSeeker	false_fusion	4	1	False_Call
ENSG00000250167:ENSG00000145832	85%	100GB	negative	FusionSeeker	false_fusion	30	1	False_Call
ENSG00000250167:ENSG00000145832	85%	100GB	positive	FusionSeeker	false_fusion	29	1	False_Call
ENSG00000250167:ENSG00000145832	85%	10GB	negative	FusionSeeker	false_fusion	3	1	False_Call
ENSG00000250167:ENSG00000145832	90%	100GB	negative	FusionSeeker	false_fusion	29	1	False_Call
ENSG00000250167:ENSG00000145832	90%	100GB	positive	FusionSeeker	false_fusion	33	1	False_Call
ENSG00000250167:ENSG00000145832	90%	10GB	negative	FusionSeeker	false_fusion	2	1	False_Call
ENSG00000250167:ENSG00000145832	90%	10GB	positive	FusionSeeker	false_fusion	5	1	False_Call
ENSG00000250167:ENSG00000145832	95%	100GB	negative	FusionSeeker	false_fusion	28	1	False_Call
ENSG00000250167:ENSG00000145832	95%	100GB	positive	FusionSeeker	false_fusion	37	1	False_Call
ENSG00000250167:ENSG00000145832	95%	10GB	negative	FusionSeeker	false_fusion	2	1	False_Call
ENSG00000250167:ENSG00000145832	95%	10GB	positive	FusionSeeker	false_fusion	2	1	False_Call
ENSG00000250686:ENSG00000112232	85%	100GB	negative	FusionSeeker	false_fusion	7	1	False_Call
ENSG00000250686:ENSG00000112232	85%	100GB	positive	FusionSeeker	false_fusion	2	1	False_Call
ENSG00000250855:ENSG00000249815	85%	100GB	negative	FusionSeeker	false_fusion:Sense-Antisense	14	1	False_Call
ENSG00000250855:ENSG00000249815	85%	100GB	positive	FusionSeeker	false_fusion:Sense-Antisense	9	1	False_Call
ENSG00000250855:ENSG00000249815	90%	100GB	negative	FusionSeeker	false_fusion:Sense-Antisense	29	1	False_Call
ENSG00000250855:ENSG00000249815	90%	100GB	positive	FusionSeeker	false_fusion:Sense-Antisense	31	1	False_Call
ENSG00000250855:ENSG00000249815	90%	10GB	negative	FusionSeeker	false_fusion:Sense-Antisense	7	1	False_Call
ENSG00000250855:ENSG00000249815	90%	10GB	positive	FusionSeeker	false_fusion:Sense-Antisense	2	1	False_Call
ENSG00000250855:ENSG00000249815	95%	100GB	negative	FusionSeeker	false_fusion:Sense-Antisense	32	1	False_Call
ENSG00000250855:ENSG00000249815	95%	100GB	positive	FusionSeeker	false_fusion:Sense-Antisense	39	1	False_Call
ENSG00000250855:ENSG00000249815	95%	10GB	negative	FusionSeeker	false_fusion:Sense-Antisense	7	1	False_Call
ENSG00000250855:ENSG00000249815	95%	10GB	positive	FusionSeeker	false_fusion:Sense-Antisense	4	1	False_Call
ENSG00000250892:ENSG00000251535	85%	100GB	positive	Genion	false_fusion:self_misalignment	2	1	False_Call
ENSG00000250917:ENSG00000101444	85%	100GB	positive	FusionSeeker	false_fusion	3	1	False_Call
ENSG00000250917:ENSG00000101444	90%	100GB	positive	FusionSeeker	false_fusion	12	1	False_Call
ENSG00000250917:ENSG00000101444	95%	100GB	positive	FusionSeeker	false_fusion	21	1	False_Call
ENSG00000251247:ENSG00000071082	85%	100GB	negative	FusionSeeker	false_fusion	8	1	False_Call
ENSG00000251247:ENSG00000071082	85%	100GB	positive	FusionSeeker	false_fusion	8	1	False_Call
ENSG00000251333:ENSG00000278943	85%	100GB	negative	Genion	false_fusion	9	1	False_Call
ENSG00000251333:ENSG00000278943	85%	100GB	positive	Genion	false_fusion	5	1	False_Call
ENSG00000251357:ENSG00000100316	85%	100GB	positive	FusionSeeker	false_fusion	2	1	False_Call
ENSG00000251357:ENSG00000211459	90%	100GB	positive	FusionSeeker	false_fusion:mitochondrial_genomic	2	1	False_Call
ENSG00000251357:ENSG00000239672	90%	100GB	negative	JAFFAL	false_fusion	2	1	False_Call
ENSG00000251593:ENSG00000147065	85%	100GB	positive	FusionSeeker	false_fusion	2	1	False_Call
ENSG00000251600:ENSG00000164162	85%	100GB	negative	FusionSeeker	false_fusion	11	1	False_Call
ENSG00000251600:ENSG00000164162	85%	100GB	positive	FusionSeeker	false_fusion	18	1	False_Call
ENSG00000251600:ENSG00000164162	90%	100GB	negative	FusionSeeker	false_fusion	9	1	False_Call
ENSG00000251600:ENSG00000164162	90%	100GB	positive	FusionSeeker	false_fusion	7	1	False_Call
ENSG00000251600:ENSG00000164162	95%	100GB	positive	FusionSeeker	false_fusion	4	1	False_Call
ENSG00000251600:ENSG00000285783	85%	100GB	negative	FusionSeeker	false_fusion:Sense-Antisense	9	1	False_Call
ENSG00000251600:ENSG00000285783	85%	100GB	positive	FusionSeeker	false_fusion:Sense-Antisense	5	1	False_Call
ENSG00000251600:ENSG00000285783	90%	100GB	negative	FusionSeeker	false_fusion:Sense-Antisense	3	1	False_Call
ENSG00000251600:ENSG00000285783	90%	100GB	positive	FusionSeeker	false_fusion:Sense-Antisense	10	1	False_Call
ENSG00000251669:ENSG00000205444	90%	100GB	positive	CTAT-LR-Fusion	false_fusion	20	1	False_Call
ENSG00000251669:ENSG00000205444	90%	10GB	positive	CTAT-LR-Fusion	false_fusion	2	1	False_Call
ENSG00000251669:ENSG00000205444	95%	100GB	positive	CTAT-LR-Fusion	false_fusion	25	1	False_Call
ENSG00000251669:ENSG00000205444	95%	10GB	positive	CTAT-LR-Fusion	false_fusion	3	1	False_Call
ENSG00000253329:ENSG00000127481	90%	100GB	positive	CTAT-LR-Fusion	truncated_tri_fusion	11	1	Partial_Recall
ENSG00000253329:ENSG00000127481	95%	100GB	positive	CTAT-LR-Fusion	truncated_tri_fusion	22	1	Partial_Recall
ENSG00000253329:ENSG00000127481	95%	10GB	positive	CTAT-LR-Fusion	truncated_tri_fusion	2	1	Partial_Recall
ENSG00000253816:ENSG00000239650	85%	100GB	positive	FusionSeeker	false_fusion	10	1	False_Call
ENSG00000253816:ENSG00000239650	90%	100GB	positive	FusionSeeker	false_fusion	29	1	False_Call
ENSG00000253816:ENSG00000239650	95%	100GB	positive	FusionSeeker	false_fusion	35	1	False_Call
ENSG00000253816:ENSG00000239650	95%	10GB	positive	FusionSeeker	false_fusion	2	1	False_Call
ENSG00000253816:ENSG00000290474	90%	100GB	positive	FusionSeeker	false_fusion	2	1	False_Call
ENSG00000253816:ENSG00000290474	90%	10GB	positive	FusionSeeker	false_fusion	2	1	False_Call
ENSG00000253917:ENSG00000205444	85%	100GB	positive	FusionSeeker	false_fusion	23	1	False_Call
ENSG00000253917:ENSG00000205444	85%	10GB	positive	FusionSeeker	false_fusion	2	1	False_Call
ENSG00000253917:ENSG00000205444	90%	100GB	positive	FusionSeeker	false_fusion	25	1	False_Call
ENSG00000253917:ENSG00000205444	90%	10GB	positive	FusionSeeker	false_fusion	3	1	False_Call
ENSG00000253917:ENSG00000205444	95%	100GB	positive	FusionSeeker	false_fusion	13	1	False_Call
ENSG00000253917:ENSG00000205444	95%	10GB	positive	FusionSeeker	false_fusion	3	1	False_Call
ENSG00000253993:ENSG00000023318	85%	100GB	positive	FusionSeeker	false_fusion	2	1	False_Call
ENSG00000254180:ENSG00000253394	85%	100GB	negative	FusionSeeker	false_fusion:Sense-Antisense	30	1	False_Call
ENSG00000254180:ENSG00000253394	85%	100GB	positive	FusionSeeker	false_fusion:Sense-Antisense	38	1	False_Call
ENSG00000254180:ENSG00000253394	85%	10GB	negative	FusionSeeker	false_fusion:Sense-Antisense	4	1	False_Call
ENSG00000254180:ENSG00000253394	85%	1GB	negative	FusionSeeker	false_fusion:Sense-Antisense	2	1	False_Call
ENSG00000254180:ENSG00000253394	90%	100GB	negative	FusionSeeker	false_fusion:Sense-Antisense	55	1	False_Call
ENSG00000254180:ENSG00000253394	90%	100GB	positive	FusionSeeker	false_fusion:Sense-Antisense	61	1	False_Call
ENSG00000254180:ENSG00000253394	90%	10GB	negative	FusionSeeker	false_fusion:Sense-Antisense	2	1	False_Call
ENSG00000254180:ENSG00000253394	90%	10GB	positive	FusionSeeker	false_fusion:Sense-Antisense	2	1	False_Call
ENSG00000254180:ENSG00000253394	95%	100GB	negative	FusionSeeker	false_fusion:Sense-Antisense	62	1	False_Call
ENSG00000254180:ENSG00000253394	95%	100GB	positive	FusionSeeker	false_fusion:Sense-Antisense	79	1	False_Call
ENSG00000254180:ENSG00000253394	95%	10GB	negative	FusionSeeker	false_fusion:Sense-Antisense	2	1	False_Call
ENSG00000254180:ENSG00000253394	95%	10GB	positive	FusionSeeker	false_fusion:Sense-Antisense	10	1	False_Call
ENSG00000254254:ENSG00000246430	90%	100GB	positive	FusionSeeker	false_fusion	2	1	False_Call
ENSG00000254254:ENSG00000246430	95%	100GB	positive	FusionSeeker	false_fusion	6	1	False_Call
ENSG00000254394:ENSG00000249859	85%	100GB	positive	FusionSeeker	false_fusion	34	1	False_Call
ENSG00000254394:ENSG00000249859	90%	100GB	positive	FusionSeeker	false_fusion	36	1	False_Call
ENSG00000254394:ENSG00000249859	90%	10GB	positive	FusionSeeker	false_fusion	8	1	False_Call
ENSG00000254394:ENSG00000249859	95%	100GB	positive	FusionSeeker	false_fusion	27	1	False_Call
ENSG00000254394:ENSG00000249859	95%	10GB	positive	FusionSeeker	false_fusion	4	1	False_Call
ENSG00000254485:ENSG00000196220	85%	100GB	negative	JAFFAL	false_fusion	8	1	False_Call
ENSG00000254485:ENSG00000196220	85%	100GB	positive	CTAT-LR-Fusion	false_fusion	11	2	False_Call
ENSG00000254485:ENSG00000196220	85%	100GB	positive	JAFFAL	false_fusion	7	2	False_Call
ENSG00000254485:ENSG00000196220	85%	10GB	positive	CTAT-LR-Fusion	false_fusion	2	1	False_Call
ENSG00000254485:ENSG00000196220	90%	100GB	negative	CTAT-LR-Fusion	false_fusion	37	2	False_Call
ENSG00000254485:ENSG00000196220	90%	100GB	negative	JAFFAL	false_fusion	29	2	False_Call
ENSG00000254485:ENSG00000196220	90%	100GB	positive	CTAT-LR-Fusion	false_fusion	33	2	False_Call
ENSG00000254485:ENSG00000196220	90%	100GB	positive	JAFFAL	false_fusion	31	2	False_Call
ENSG00000254485:ENSG00000196220	90%	10GB	negative	CTAT-LR-Fusion	false_fusion	4	2	False_Call
ENSG00000254485:ENSG00000196220	90%	10GB	negative	JAFFAL	false_fusion	3	2	False_Call
ENSG00000254485:ENSG00000196220	90%	10GB	positive	CTAT-LR-Fusion	false_fusion	2	2	False_Call
ENSG00000254485:ENSG00000196220	90%	10GB	positive	JAFFAL	false_fusion	2	2	False_Call
ENSG00000254485:ENSG00000196220	95%	100GB	negative	CTAT-LR-Fusion	false_fusion	42	2	False_Call
ENSG00000254485:ENSG00000196220	95%	100GB	negative	JAFFAL	false_fusion	42	2	False_Call
ENSG00000254485:ENSG00000196220	95%	100GB	positive	CTAT-LR-Fusion	false_fusion	38	2	False_Call
ENSG00000254485:ENSG00000196220	95%	100GB	positive	JAFFAL	false_fusion	37	2	False_Call
ENSG00000254485:ENSG00000196220	95%	10GB	negative	CTAT-LR-Fusion	false_fusion	4	2	False_Call
ENSG00000254485:ENSG00000196220	95%	10GB	negative	JAFFAL	false_fusion	3	2	False_Call
ENSG00000254485:ENSG00000196220	95%	10GB	positive	CTAT-LR-Fusion	false_fusion	3	2	False_Call
ENSG00000254485:ENSG00000196220	95%	10GB	positive	JAFFAL	false_fusion	3	2	False_Call
ENSG00000254612:ENSG00000105993	85%	100GB	negative	FusionSeeker	false_fusion	2	1	False_Call
ENSG00000254612:ENSG00000105993	85%	100GB	positive	FusionSeeker	false_fusion	2	1	False_Call
ENSG00000254612:ENSG00000105993	90%	100GB	positive	FusionSeeker	false_fusion	2	1	False_Call
ENSG00000254659:ENSG00000289465	85%	100GB	negative	FusionSeeker	false_fusion	2	1	False_Call
ENSG00000254701:ENSG00000100744	95%	100GB	positive	CTAT-LR-Fusion	false_fusion	21	1	False_Call
ENSG00000254701:ENSG00000100744	95%	10GB	positive	CTAT-LR-Fusion	false_fusion	2	1	False_Call
ENSG00000254772:ENSG00000087086	90%	100GB	positive	FusionSeeker	false_fusion	2	1	False_Call
ENSG00000254772:ENSG00000087086	95%	100GB	positive	FusionSeeker	false_fusion	2	2	False_Call
ENSG00000254772:ENSG00000087086	95%	100GB	positive	JAFFAL	false_fusion	2	2	False_Call
ENSG00000254772:ENSG00000091513	90%	100GB	negative	FusionSeeker	false_fusion	2	1	False_Call
ENSG00000254772:ENSG00000142541	85%	100GB	positive	FusionSeeker	false_fusion	2	1	False_Call
ENSG00000254772:ENSG00000181163	90%	100GB	positive	FusionSeeker	false_fusion	2	1	False_Call
ENSG00000254772:ENSG00000197249	85%	100GB	negative	FusionSeeker	false_fusion	2	1	False_Call
ENSG00000254772:ENSG00000197249	90%	100GB	positive	FusionSeeker	false_fusion	2	1	False_Call
ENSG00000254772:ENSG00000198755	90%	100GB	positive	FusionSeeker	false_fusion	2	1	False_Call
ENSG00000254772:ENSG00000211459	85%	100GB	negative	FusionSeeker	false_fusion:mitochondrial_genomic	4	1	False_Call
ENSG00000254951:ENSG00000176124	90%	100GB	negative	JAFFAL	false_fusion	2	1	False_Call
ENSG00000254979:ENSG00000140987	85%	100GB	positive	JAFFAL	truncated_tri_fusion	2	1	Partial_Recall
ENSG00000254979:ENSG00000140987	90%	100GB	positive	JAFFAL	truncated_tri_fusion	19	1	Partial_Recall
ENSG00000254979:ENSG00000140987	90%	10GB	positive	JAFFAL	truncated_tri_fusion	4	1	Partial_Recall
ENSG00000254979:ENSG00000140987	90%	1GB	positive	JAFFAL	truncated_tri_fusion	2	1	Partial_Recall
ENSG00000254979:ENSG00000140987	95%	100GB	positive	JAFFAL	truncated_tri_fusion	40	1	Partial_Recall
ENSG00000254979:ENSG00000140987	95%	10GB	positive	GFSeeker	truncated_tri_fusion	2	2	Partial_Recall
ENSG00000254979:ENSG00000140987	95%	10GB	positive	JAFFAL	truncated_tri_fusion	5	2	Partial_Recall
ENSG00000254979:ENSG00000285329	85%	100GB	positive	FusionSeeker	false_fusion	15	1	False_Call
ENSG00000254979:ENSG00000285329	90%	100GB	positive	FusionSeeker	false_fusion	37	1	False_Call
ENSG00000254979:ENSG00000285329	90%	10GB	positive	FusionSeeker	false_fusion	8	1	False_Call
ENSG00000254979:ENSG00000285329	90%	1GB	positive	FusionSeeker	false_fusion	4	1	False_Call
ENSG00000254979:ENSG00000285329	95%	100GB	positive	FusionSeeker	false_fusion	81	1	False_Call
ENSG00000254979:ENSG00000285329	95%	10GB	positive	FusionSeeker	false_fusion	9	1	False_Call
ENSG00000255248:ENSG00000283154	85%	100GB	positive	FusionSeeker	false_fusion	56	1	False_Call
ENSG00000255248:ENSG00000283154	90%	100GB	positive	FusionSeeker	false_fusion	67	1	False_Call
ENSG00000255248:ENSG00000283154	90%	10GB	positive	FusionSeeker	false_fusion	2	1	False_Call
ENSG00000255248:ENSG00000283154	95%	100GB	positive	FusionSeeker	false_fusion	67	1	False_Call
ENSG00000255248:ENSG00000283154	95%	10GB	positive	FusionSeeker	false_fusion	5	1	False_Call
ENSG00000255330:ENSG00000184530	85%	100GB	positive	FusionSeeker	false_fusion	70	1	False_Call
ENSG00000255330:ENSG00000184530	85%	10GB	positive	FusionSeeker	false_fusion	2	1	False_Call
ENSG00000255330:ENSG00000184530	90%	100GB	positive	FusionSeeker	false_fusion	65	1	False_Call
ENSG00000255330:ENSG00000184530	90%	10GB	positive	FusionSeeker	false_fusion	2	1	False_Call
ENSG00000255330:ENSG00000184530	95%	100GB	positive	FusionSeeker	false_fusion	58	1	False_Call
ENSG00000255360:ENSG00000278837	85%	100GB	negative	Genion	false_fusion:self_misalignment	19	1	False_Call
ENSG00000255360:ENSG00000278837	85%	100GB	positive	Genion	false_fusion:self_misalignment	19	1	False_Call
ENSG00000255360:ENSG00000278837	90%	100GB	negative	Genion	false_fusion:self_misalignment	18	1	False_Call
ENSG00000255360:ENSG00000278837	90%	100GB	positive	Genion	false_fusion:self_misalignment	20	1	False_Call
ENSG00000255360:ENSG00000278837	95%	100GB	negative	Genion	false_fusion:self_misalignment	23	1	False_Call
ENSG00000255360:ENSG00000278837	95%	100GB	positive	Genion	false_fusion:self_misalignment	26	1	False_Call
ENSG00000255502:ENSG00000118960	85%	100GB	positive	FusionSeeker	truncated_tri_fusion	5	1	Partial_Recall
ENSG00000255502:ENSG00000118960	90%	100GB	positive	FusionSeeker	truncated_tri_fusion	15	1	Partial_Recall
ENSG00000255502:ENSG00000118960	90%	10GB	positive	CTAT-LR-Fusion	truncated_tri_fusion	3	2	Partial_Recall
ENSG00000255502:ENSG00000118960	90%	10GB	positive	FusionSeeker	truncated_tri_fusion	3	2	Partial_Recall
ENSG00000255502:ENSG00000118960	95%	100GB	positive	FusionSeeker	truncated_tri_fusion	21	1	Partial_Recall
ENSG00000255502:ENSG00000118960	95%	10GB	positive	FusionSeeker	truncated_tri_fusion	8	1	Partial_Recall
ENSG00000255502:ENSG00000185442	95%	100GB	positive	FusionSeeker	false_fusion	2	1	False_Call
ENSG00000255652:ENSG00000257894	90%	100GB	positive	FusionSeeker	reverse_order: intra_chromosome	17	1	Partial_Recall
ENSG00000255652:ENSG00000257894	95%	100GB	positive	FusionSeeker	reverse_order: intra_chromosome	76	2	Partial_Recall
ENSG00000255652:ENSG00000257894	95%	100GB	positive	Genion	reverse_order: intra_chromosome	17	2	Partial_Recall
ENSG00000255652:ENSG00000257894	95%	10GB	positive	FusionSeeker	reverse_order: intra_chromosome	11	1	Partial_Recall
ENSG00000255872:ENSG00000168591	85%	100GB	positive	JAFFAL	false_fusion	4	1	False_Call
ENSG00000255872:ENSG00000168591	90%	100GB	positive	JAFFAL	false_fusion	11	1	False_Call
ENSG00000255872:ENSG00000168591	95%	100GB	positive	JAFFAL	false_fusion	12	1	False_Call
ENSG00000256339:ENSG00000149564	85%	100GB	positive	JAFFAL	hybrid	11	1	True_Recall
ENSG00000256339:ENSG00000149564	90%	100GB	positive	CTAT-LR-Fusion	hybrid	13	2	True_Recall
ENSG00000256339:ENSG00000149564	90%	100GB	positive	JAFFAL	hybrid	19	2	True_Recall
ENSG00000256339:ENSG00000149564	90%	10GB	positive	CTAT-LR-Fusion	hybrid	3	2	True_Recall
ENSG00000256339:ENSG00000149564	90%	10GB	positive	JAFFAL	hybrid	3	2	True_Recall
ENSG00000256339:ENSG00000149564	95%	100GB	positive	CTAT-LR-Fusion	hybrid	35	2	True_Recall
ENSG00000256339:ENSG00000149564	95%	100GB	positive	JAFFAL	hybrid	40	2	True_Recall
ENSG00000256339:ENSG00000149564	95%	10GB	positive	CTAT-LR-Fusion	hybrid	4	2	True_Recall
ENSG00000256339:ENSG00000149564	95%	10GB	positive	JAFFAL	hybrid	4	2	True_Recall
ENSG00000256422:ENSG00000084623	85%	100GB	positive	CTAT-LR-Fusion	truncated_tri_fusion	11	1	Partial_Recall
ENSG00000256422:ENSG00000084623	90%	100GB	positive	CTAT-LR-Fusion	truncated_tri_fusion	14	1	Partial_Recall
ENSG00000256422:ENSG00000084623	95%	100GB	positive	CTAT-LR-Fusion	truncated_tri_fusion	12	1	Partial_Recall
ENSG00000256422:ENSG00000177731	85%	100GB	positive	FusionSeeker	reverse_order:truncated_tri_fusion	49	1	Partial_Recall
ENSG00000256422:ENSG00000177731	85%	10GB	positive	FusionSeeker	reverse_order:truncated_tri_fusion	6	1	Partial_Recall
ENSG00000256422:ENSG00000177731	90%	100GB	positive	FusionSeeker	reverse_order:truncated_tri_fusion	51	1	Partial_Recall
ENSG00000256422:ENSG00000177731	90%	10GB	positive	FusionSeeker	reverse_order:truncated_tri_fusion	5	1	Partial_Recall
ENSG00000256422:ENSG00000177731	95%	100GB	positive	FusionSeeker	reverse_order:truncated_tri_fusion	44	1	Partial_Recall
ENSG00000256525:ENSG00000106246	85%	100GB	positive	FusionSeeker	false_fusion	2	1	False_Call
ENSG00000256879:ENSG00000172572	85%	100GB	negative	FusionSeeker	false_fusion	12	1	False_Call
ENSG00000256879:ENSG00000172572	85%	100GB	positive	FusionSeeker	false_fusion	13	1	False_Call
ENSG00000256879:ENSG00000172572	90%	100GB	negative	FusionSeeker	false_fusion	6	1	False_Call
ENSG00000256879:ENSG00000172572	90%	100GB	positive	FusionSeeker	false_fusion	12	1	False_Call
ENSG00000256879:ENSG00000172572	90%	10GB	positive	FusionSeeker	false_fusion	2	1	False_Call
ENSG00000256879:ENSG00000172572	95%	100GB	negative	FusionSeeker	false_fusion	3	1	False_Call
ENSG00000257175:ENSG00000277529	85%	100GB	negative	Genion	false_fusion	2	1	False_Call
ENSG00000257175:ENSG00000277529	90%	100GB	negative	Genion	false_fusion	2	1	False_Call
ENSG00000257345:ENSG00000257322	90%	100GB	negative	FusionSeeker	false_fusion:Sense-Antisense	5	1	False_Call
ENSG00000257345:ENSG00000257322	90%	10GB	negative	FusionSeeker	false_fusion:Sense-Antisense	4	1	False_Call
ENSG00000257345:ENSG00000257322	95%	100GB	negative	FusionSeeker	false_fusion:Sense-Antisense	14	1	False_Call
ENSG00000257345:ENSG00000257322	95%	100GB	positive	FusionSeeker	false_fusion:Sense-Antisense	6	1	False_Call
ENSG00000257345:ENSG00000257322	95%	10GB	negative	FusionSeeker	false_fusion:Sense-Antisense	4	1	False_Call
ENSG00000257497:ENSG00000130414	95%	100GB	positive	CTAT-LR-Fusion	truncated_tri_fusion	11	1	Partial_Recall
ENSG00000257497:ENSG00000130414	95%	10GB	positive	CTAT-LR-Fusion	truncated_tri_fusion	2	1	Partial_Recall
ENSG00000257497:ENSG00000286799	95%	100GB	positive	Genion	reverse_order:truncated_tri_fusion	8	1	Partial_Recall
ENSG00000257511:ENSG00000276148	85%	100GB	negative	Genion	false_fusion:self_misalignment	19	1	False_Call
ENSG00000257511:ENSG00000276148	85%	100GB	positive	Genion	false_fusion:self_misalignment	10	1	False_Call
ENSG00000257511:ENSG00000276148	90%	100GB	positive	Genion	false_fusion:self_misalignment	6	1	False_Call
ENSG00000257644:ENSG00000257672	85%	100GB	negative	Genion	false_fusion:self_misalignment	18	1	False_Call
ENSG00000257644:ENSG00000257672	85%	100GB	positive	Genion	false_fusion:self_misalignment	12	1	False_Call
ENSG00000257644:ENSG00000257672	90%	100GB	negative	Genion	false_fusion:self_misalignment	13	1	False_Call
ENSG00000257644:ENSG00000257672	90%	100GB	positive	Genion	false_fusion:self_misalignment	19	1	False_Call
ENSG00000257644:ENSG00000257672	95%	100GB	negative	Genion	false_fusion:self_misalignment	25	1	False_Call
ENSG00000257644:ENSG00000257672	95%	100GB	positive	Genion	false_fusion:self_misalignment	25	1	False_Call
ENSG00000257750:ENSG00000251138	85%	100GB	negative	FusionSeeker	false_fusion	5	1	False_Call
ENSG00000257750:ENSG00000251138	85%	100GB	positive	FusionSeeker	false_fusion	3	1	False_Call
ENSG00000257750:ENSG00000251138	90%	100GB	positive	FusionSeeker	false_fusion	2	1	False_Call
ENSG00000257842:ENSG00000258081	85%	100GB	negative	FusionSeeker	false_fusion	16	1	False_Call
ENSG00000257842:ENSG00000258081	85%	100GB	positive	FusionSeeker	false_fusion	21	1	False_Call
ENSG00000257842:ENSG00000258081	85%	10GB	negative	FusionSeeker	false_fusion	2	1	False_Call
ENSG00000257842:ENSG00000258081	90%	100GB	negative	FusionSeeker	false_fusion	18	1	False_Call
ENSG00000257842:ENSG00000258081	90%	100GB	positive	FusionSeeker	false_fusion	23	1	False_Call
ENSG00000257842:ENSG00000258081	90%	10GB	negative	FusionSeeker	false_fusion	2	1	False_Call
ENSG00000257842:ENSG00000258081	90%	10GB	positive	FusionSeeker	false_fusion	2	1	False_Call
ENSG00000257842:ENSG00000258081	95%	100GB	negative	FusionSeeker	false_fusion	13	1	False_Call
ENSG00000257842:ENSG00000258081	95%	100GB	positive	FusionSeeker	false_fusion	16	1	False_Call
ENSG00000257842:ENSG00000258081	95%	10GB	negative	FusionSeeker	false_fusion	2	1	False_Call
ENSG00000257894:ENSG00000255652	90%	100GB	positive	JAFFAL	intra_chromosome	6	1	True_Recall
ENSG00000257894:ENSG00000255652	95%	100GB	positive	CTAT-LR-Fusion	intra_chromosome	23	2	True_Recall
ENSG00000257894:ENSG00000255652	95%	100GB	positive	JAFFAL	intra_chromosome	30	2	True_Recall
ENSG00000257894:ENSG00000255652	95%	10GB	positive	CTAT-LR-Fusion	intra_chromosome	4	2	True_Recall
ENSG00000257894:ENSG00000255652	95%	10GB	positive	JAFFAL	intra_chromosome	4	2	True_Recall
ENSG00000258177:ENSG00000124523	85%	100GB	positive	JAFFAL	truncated_tri_fusion	9	1	Partial_Recall
ENSG00000258177:ENSG00000124523	90%	100GB	positive	CTAT-LR-Fusion	truncated_tri_fusion	13	2	Partial_Recall
ENSG00000258177:ENSG00000124523	90%	100GB	positive	JAFFAL	truncated_tri_fusion	14	2	Partial_Recall
ENSG00000258177:ENSG00000124523	90%	10GB	positive	CTAT-LR-Fusion	truncated_tri_fusion	3	2	Partial_Recall
ENSG00000258177:ENSG00000124523	90%	10GB	positive	JAFFAL	truncated_tri_fusion	3	2	Partial_Recall
ENSG00000258177:ENSG00000124523	95%	100GB	positive	CTAT-LR-Fusion	truncated_tri_fusion	28	2	Partial_Recall
ENSG00000258177:ENSG00000124523	95%	100GB	positive	JAFFAL	truncated_tri_fusion	29	2	Partial_Recall
ENSG00000258177:ENSG00000124523	95%	10GB	positive	CTAT-LR-Fusion	truncated_tri_fusion	6	2	Partial_Recall
ENSG00000258177:ENSG00000124523	95%	10GB	positive	JAFFAL	truncated_tri_fusion	6	2	Partial_Recall
ENSG00000258177:ENSG00000124523:ENSG00000124486	95%	100GB	positive	JAFFAL	tri_fusion	2	1	True_Recall
ENSG00000258197:ENSG00000289590	85%	100GB	negative	Genion	false_fusion	4	1	False_Call
ENSG00000258197:ENSG00000289590	90%	100GB	negative	Genion	false_fusion	4	1	False_Call
ENSG00000258197:ENSG00000289590	90%	100GB	positive	Genion	false_fusion	3	1	False_Call
ENSG00000258197:ENSG00000289590	95%	100GB	negative	Genion	false_fusion	2	1	False_Call
ENSG00000258197:ENSG00000289590	95%	100GB	positive	Genion	false_fusion	2	1	False_Call
ENSG00000258272:ENSG00000276476	95%	100GB	negative	FusionSeeker	false_fusion	2	1	False_Call
ENSG00000258272:ENSG00000276476	95%	100GB	positive	FusionSeeker	false_fusion	2	1	False_Call
ENSG00000258289:ENSG00000071082	90%	100GB	negative	FusionSeeker	false_fusion	2	1	False_Call
ENSG00000258289:ENSG00000163631	85%	100GB	negative	FusionSeeker	false_fusion	2	1	False_Call
ENSG00000258289:ENSG00000198840	90%	100GB	positive	FusionSeeker	false_fusion:mitochondrial_genomic	2	1	False_Call
ENSG00000258289:ENSG00000198938	85%	100GB	positive	FusionSeeker	false_fusion:mitochondrial_genomic	2	1	False_Call
ENSG00000258289:ENSG00000211459	90%	100GB	positive	FusionSeeker	false_fusion:mitochondrial_genomic	2	1	False_Call
ENSG00000258344:ENSG00000141441	85%	100GB	negative	FusionSeeker	false_fusion	23	1	False_Call
ENSG00000258344:ENSG00000141441	85%	100GB	positive	FusionSeeker	false_fusion	21	1	False_Call
ENSG00000258344:ENSG00000141441	85%	10GB	negative	FusionSeeker	false_fusion	2	1	False_Call
ENSG00000258344:ENSG00000141441	85%	10GB	positive	FusionSeeker	false_fusion	4	1	False_Call
ENSG00000258344:ENSG00000141441	90%	100GB	negative	FusionSeeker	false_fusion	4	1	False_Call
ENSG00000258344:ENSG00000141441	90%	100GB	positive	FusionSeeker	false_fusion	10	1	False_Call
ENSG00000258344:ENSG00000141441	95%	100GB	negative	FusionSeeker	false_fusion	2	1	False_Call
ENSG00000258344:ENSG00000141441	95%	100GB	positive	FusionSeeker	false_fusion	2	1	False_Call
ENSG00000258344:ENSG00000153147	85%	100GB	positive	FusionSeeker	false_fusion	2	1	False_Call
ENSG00000258344:ENSG00000155744	85%	100GB	negative	FusionSeeker	false_fusion	10	1	False_Call
ENSG00000258344:ENSG00000155744	85%	100GB	positive	FusionSeeker	false_fusion	8	1	False_Call
ENSG00000258344:ENSG00000155744	90%	100GB	negative	FusionSeeker	false_fusion	6	1	False_Call
ENSG00000258344:ENSG00000155744	90%	100GB	positive	FusionSeeker	false_fusion	4	1	False_Call
ENSG00000258344:ENSG00000163631	95%	100GB	positive	FusionSeeker	false_fusion	2	1	False_Call
ENSG00000258344:ENSG00000197332	85%	100GB	positive	FusionSeeker	false_fusion	2	1	False_Call
ENSG00000258344:ENSG00000197756	95%	100GB	negative	FusionSeeker	false_fusion	2	1	False_Call
ENSG00000258344:ENSG00000220157	85%	100GB	negative	FusionSeeker	false_fusion	4	1	False_Call
ENSG00000258344:ENSG00000220157	85%	100GB	positive	FusionSeeker	false_fusion	4	1	False_Call
ENSG00000258344:ENSG00000224578	85%	100GB	negative	FusionSeeker	false_fusion	4	1	False_Call
ENSG00000258344:ENSG00000224578	85%	100GB	positive	FusionSeeker	false_fusion	4	1	False_Call
ENSG00000258344:ENSG00000226807	85%	100GB	negative	FusionSeeker	false_fusion	4	1	False_Call
ENSG00000258344:ENSG00000229251	85%	100GB	negative	FusionSeeker	false_fusion	5	1	False_Call
ENSG00000258344:ENSG00000229251	85%	100GB	positive	FusionSeeker	false_fusion	9	1	False_Call
ENSG00000258344:ENSG00000229251	85%	10GB	negative	FusionSeeker	false_fusion	2	1	False_Call
ENSG00000258344:ENSG00000229251	90%	100GB	negative	FusionSeeker	false_fusion	5	1	False_Call
ENSG00000258344:ENSG00000229251	90%	100GB	positive	FusionSeeker	false_fusion	3	1	False_Call
ENSG00000258344:ENSG00000230170	85%	100GB	negative	FusionSeeker	false_fusion	3	1	False_Call
ENSG00000258344:ENSG00000230170	85%	100GB	positive	FusionSeeker	false_fusion	5	1	False_Call
ENSG00000258344:ENSG00000230170	90%	100GB	negative	FusionSeeker	false_fusion	3	1	False_Call
ENSG00000258344:ENSG00000230170	90%	100GB	positive	FusionSeeker	false_fusion	4	1	False_Call
ENSG00000258344:ENSG00000233680	85%	100GB	negative	FusionSeeker	false_fusion	2	1	False_Call
ENSG00000258344:ENSG00000233680	85%	100GB	positive	FusionSeeker	false_fusion	3	1	False_Call
ENSG00000258344:ENSG00000233680	90%	100GB	positive	FusionSeeker	false_fusion	3	1	False_Call
ENSG00000258344:ENSG00000253334	85%	100GB	negative	FusionSeeker	false_fusion	4	1	False_Call
ENSG00000258344:ENSG00000253334	85%	100GB	positive	FusionSeeker	false_fusion	7	1	False_Call
ENSG00000258344:ENSG00000253334	90%	100GB	negative	FusionSeeker	false_fusion	4	1	False_Call
ENSG00000258344:ENSG00000273784	85%	100GB	positive	FusionSeeker	false_fusion	3	1	False_Call
ENSG00000258376:ENSG00000285219	85%	100GB	positive	Genion	reverse_order: hybrid	19	1	Partial_Recall
ENSG00000258376:ENSG00000285219	90%	100GB	positive	Genion	reverse_order: hybrid	21	1	Partial_Recall
ENSG00000258376:ENSG00000285219	95%	100GB	positive	Genion	reverse_order: hybrid	44	1	Partial_Recall
ENSG00000258483:ENSG00000259199	85%	100GB	negative	FusionSeeker	false_fusion:Sense-Antisense	22	1	False_Call
ENSG00000258483:ENSG00000259199	85%	100GB	positive	FusionSeeker	false_fusion:Sense-Antisense	22	1	False_Call
ENSG00000258483:ENSG00000259199	90%	100GB	negative	FusionSeeker	false_fusion:Sense-Antisense	35	1	False_Call
ENSG00000258483:ENSG00000259199	90%	100GB	positive	FusionSeeker	false_fusion:Sense-Antisense	42	1	False_Call
ENSG00000258483:ENSG00000259199	90%	10GB	negative	FusionSeeker	false_fusion:Sense-Antisense	7	1	False_Call
ENSG00000258483:ENSG00000259199	90%	10GB	positive	FusionSeeker	false_fusion:Sense-Antisense	6	1	False_Call
ENSG00000258483:ENSG00000259199	95%	100GB	negative	FusionSeeker	false_fusion:Sense-Antisense	42	1	False_Call
ENSG00000258483:ENSG00000259199	95%	100GB	positive	FusionSeeker	false_fusion:Sense-Antisense	30	1	False_Call
ENSG00000258483:ENSG00000259199	95%	10GB	negative	FusionSeeker	false_fusion:Sense-Antisense	7	1	False_Call
ENSG00000258483:ENSG00000259199	95%	10GB	positive	FusionSeeker	false_fusion:Sense-Antisense	3	1	False_Call
ENSG00000258537:ENSG00000139926	85%	100GB	negative	FusionSeeker	false_fusion	3	1	False_Call
ENSG00000258537:ENSG00000139926	85%	100GB	positive	FusionSeeker	false_fusion	7	1	False_Call
ENSG00000258537:ENSG00000139926	90%	100GB	negative	FusionSeeker	false_fusion	3	1	False_Call
ENSG00000258537:ENSG00000139926	90%	100GB	positive	FusionSeeker	false_fusion	2	1	False_Call
ENSG00000258558:ENSG00000131469	85%	100GB	negative	FusionSeeker	false_fusion	3	1	False_Call
ENSG00000258558:ENSG00000131469	85%	100GB	positive	FusionSeeker	false_fusion	5	1	False_Call
ENSG00000258561:ENSG00000171723	85%	100GB	negative	FusionSeeker	false_fusion:Sense-Antisense	66	1	False_Call
ENSG00000258561:ENSG00000171723	85%	100GB	positive	FusionSeeker	false_fusion:Sense-Antisense	61	1	False_Call
ENSG00000258561:ENSG00000171723	85%	10GB	negative	FusionSeeker	false_fusion:Sense-Antisense	7	1	False_Call
ENSG00000258561:ENSG00000171723	85%	10GB	positive	FusionSeeker	false_fusion:Sense-Antisense	5	1	False_Call
ENSG00000258561:ENSG00000171723	90%	100GB	negative	FusionSeeker	false_fusion:Sense-Antisense	26	1	False_Call
ENSG00000258561:ENSG00000171723	90%	100GB	positive	FusionSeeker	false_fusion:Sense-Antisense	32	1	False_Call
ENSG00000258561:ENSG00000171723	95%	100GB	negative	FusionSeeker	false_fusion:Sense-Antisense	5	1	False_Call
ENSG00000258561:ENSG00000171723	95%	100GB	positive	FusionSeeker	false_fusion:Sense-Antisense	7	1	False_Call
ENSG00000258583:ENSG00000071082	85%	100GB	negative	FusionSeeker	false_fusion	133	1	False_Call
ENSG00000258583:ENSG00000071082	85%	100GB	positive	FusionSeeker	false_fusion	126	1	False_Call
ENSG00000258583:ENSG00000071082	85%	10GB	positive	FusionSeeker	false_fusion	15	1	False_Call
ENSG00000258583:ENSG00000071082	90%	100GB	negative	FusionSeeker	false_fusion	17	1	False_Call
ENSG00000258583:ENSG00000071082	90%	100GB	positive	FusionSeeker	false_fusion	17	1	False_Call
ENSG00000258704:ENSG00000177138	85%	100GB	positive	FusionSeeker	reverse_order:truncated_tri_fusion	21	1	Partial_Recall
ENSG00000258704:ENSG00000177138	90%	100GB	positive	FusionSeeker	reverse_order:truncated_tri_fusion	44	1	Partial_Recall
ENSG00000258704:ENSG00000177138	90%	10GB	positive	FusionSeeker	reverse_order:truncated_tri_fusion	2	1	Partial_Recall
ENSG00000258704:ENSG00000177138	95%	100GB	positive	FusionSeeker	reverse_order:truncated_tri_fusion	54	1	Partial_Recall
ENSG00000258704:ENSG00000177138	95%	10GB	positive	FusionSeeker	reverse_order:truncated_tri_fusion	8	1	Partial_Recall
ENSG00000258704:ENSG00000260850	85%	100GB	positive	FusionSeeker	reverse_order:truncated_tri_fusion	8	1	Partial_Recall
ENSG00000258704:ENSG00000260850	90%	100GB	positive	FusionSeeker	reverse_order:truncated_tri_fusion	32	1	Partial_Recall
ENSG00000258704:ENSG00000260850	95%	100GB	positive	FusionSeeker	reverse_order:truncated_tri_fusion	32	1	Partial_Recall
ENSG00000258781:ENSG00000285990	85%	100GB	positive	Genion	false_fusion	4	1	False_Call
ENSG00000258790:ENSG00000183878	85%	100GB	negative	FusionSeeker	false_fusion	2	1	False_Call
ENSG00000258830:ENSG00000241168	85%	100GB	positive	FusionSeeker	false_fusion	23	1	False_Call
ENSG00000258830:ENSG00000241168	90%	100GB	positive	FusionSeeker	false_fusion	30	1	False_Call
ENSG00000258830:ENSG00000241168	90%	10GB	positive	FusionSeeker	false_fusion	2	1	False_Call
ENSG00000258830:ENSG00000241168	95%	100GB	positive	FusionSeeker	false_fusion	33	1	False_Call
ENSG00000258830:ENSG00000241168	95%	10GB	positive	FusionSeeker	false_fusion	5	1	False_Call
ENSG00000258938:ENSG00000168675	85%	100GB	positive	JAFFAL	false_fusion	4	1	False_Call
ENSG00000258938:ENSG00000266954	85%	100GB	positive	FusionSeeker	false_fusion	4	1	False_Call
ENSG00000259116:ENSG00000063177	85%	100GB	negative	FusionSeeker	false_fusion	10	1	False_Call
ENSG00000259116:ENSG00000063177	85%	100GB	positive	FusionSeeker	false_fusion	9	1	False_Call
ENSG00000259116:ENSG00000063177	90%	100GB	negative	FusionSeeker	false_fusion	4	1	False_Call
ENSG00000259116:ENSG00000063177	90%	100GB	positive	FusionSeeker	false_fusion	5	1	False_Call
ENSG00000259146:ENSG00000197555	90%	100GB	negative	FusionSeeker	false_fusion	3	1	False_Call
ENSG00000259146:ENSG00000197555	90%	100GB	positive	FusionSeeker	false_fusion	2	1	False_Call
ENSG00000259235:ENSG00000259385	95%	100GB	positive	Genion	false_fusion	2	1	False_Call
ENSG00000259245:ENSG00000259639	85%	100GB	negative	FusionSeeker	false_fusion:Sense-Antisense	2	1	False_Call
ENSG00000259245:ENSG00000259639	85%	100GB	positive	FusionSeeker	false_fusion:Sense-Antisense	2	1	False_Call
ENSG00000259245:ENSG00000259639	90%	100GB	negative	FusionSeeker	false_fusion:Sense-Antisense	2	1	False_Call
ENSG00000259285:ENSG00000204661	85%	10GB	positive	CTAT-LR-Fusion	hybrid	2	1	True_Recall
ENSG00000259285:ENSG00000204661	90%	100GB	positive	JAFFAL	hybrid	7	1	True_Recall
ENSG00000259285:ENSG00000204661	90%	10GB	positive	CTAT-LR-Fusion	hybrid	2	1	True_Recall
ENSG00000259285:ENSG00000204661	95%	100GB	positive	CTAT-LR-Fusion	hybrid	19	2	True_Recall
ENSG00000259285:ENSG00000204661	95%	100GB	positive	JAFFAL	hybrid	8	2	True_Recall
ENSG00000259285:ENSG00000204661	95%	10GB	positive	CTAT-LR-Fusion	hybrid	2	1	True_Recall
ENSG00000259340:ENSG00000123975	85%	100GB	negative	FusionSeeker	false_fusion	2	1	False_Call
ENSG00000259520:ENSG00000140459	85%	100GB	positive	FusionSeeker	false_fusion	16	1	False_Call
ENSG00000259520:ENSG00000140459	90%	100GB	positive	FusionSeeker	false_fusion	21	1	False_Call
ENSG00000259520:ENSG00000140459	95%	100GB	positive	FusionSeeker	false_fusion	17	1	False_Call
ENSG00000259520:ENSG00000140459	95%	10GB	positive	FusionSeeker	false_fusion	4	1	False_Call
ENSG00000259572:ENSG00000259754	85%	100GB	negative	FusionSeeker	false_fusion:Sense-Antisense	4	1	False_Call
ENSG00000259572:ENSG00000259754	90%	100GB	negative	FusionSeeker	false_fusion:Sense-Antisense	3	1	False_Call
ENSG00000259905:ENSG00000128739	85%	100GB	negative	CTAT-LR-Fusion	false_fusion	15	1	False_Call
ENSG00000259905:ENSG00000128739	85%	100GB	positive	CTAT-LR-Fusion	false_fusion	15	1	False_Call
ENSG00000259905:ENSG00000128739	85%	10GB	negative	CTAT-LR-Fusion	false_fusion	3	1	False_Call
ENSG00000259905:ENSG00000128739	90%	100GB	negative	CTAT-LR-Fusion	false_fusion	34	1	False_Call
ENSG00000259905:ENSG00000128739	90%	100GB	positive	CTAT-LR-Fusion	false_fusion	36	1	False_Call
ENSG00000259905:ENSG00000286110	85%	100GB	negative	FusionSeeker	false_fusion	25	1	False_Call
ENSG00000259905:ENSG00000286110	85%	100GB	positive	FusionSeeker	false_fusion	26	1	False_Call
ENSG00000259905:ENSG00000286110	85%	10GB	negative	FusionSeeker	false_fusion	6	1	False_Call
ENSG00000259905:ENSG00000286110	85%	10GB	positive	FusionSeeker	false_fusion	2	1	False_Call
ENSG00000259905:ENSG00000286110	90%	100GB	negative	FusionSeeker	false_fusion	32	1	False_Call
ENSG00000259905:ENSG00000286110	90%	100GB	positive	FusionSeeker	false_fusion	32	1	False_Call
ENSG00000259905:ENSG00000286110	90%	10GB	negative	FusionSeeker	false_fusion	5	1	False_Call
ENSG00000259905:ENSG00000286110	90%	10GB	positive	FusionSeeker	false_fusion	4	1	False_Call
ENSG00000259905:ENSG00000286110	95%	100GB	negative	FusionSeeker	false_fusion	30	1	False_Call
ENSG00000259905:ENSG00000286110	95%	100GB	positive	FusionSeeker	false_fusion	31	1	False_Call
ENSG00000259905:ENSG00000286110	95%	10GB	negative	FusionSeeker	false_fusion	5	1	False_Call
ENSG00000260032:ENSG00000210082	90%	100GB	positive	FusionSeeker	false_fusion:mitochondrial_genomic	2	1	False_Call
ENSG00000260092:ENSG00000205084	90%	100GB	positive	FusionSeeker	false_fusion	2	1	False_Call
ENSG00000260192:ENSG00000248752	85%	100GB	negative	FusionSeeker	false_fusion:Sense-Antisense	6	1	False_Call
ENSG00000260192:ENSG00000248752	85%	100GB	positive	FusionSeeker	false_fusion:Sense-Antisense	3	1	False_Call
ENSG00000260192:ENSG00000248752	90%	100GB	negative	FusionSeeker	false_fusion:Sense-Antisense	3	1	False_Call
ENSG00000260192:ENSG00000248752	90%	100GB	positive	FusionSeeker	false_fusion:Sense-Antisense	5	1	False_Call
ENSG00000260364:ENSG00000261742	85%	100GB	negative	FusionSeeker	false_fusion:Sense-Antisense	73	1	False_Call
ENSG00000260364:ENSG00000261742	85%	100GB	positive	FusionSeeker	false_fusion:Sense-Antisense	80	1	False_Call
ENSG00000260364:ENSG00000261742	85%	10GB	negative	FusionSeeker	false_fusion:Sense-Antisense	4	1	False_Call
ENSG00000260364:ENSG00000261742	85%	10GB	positive	FusionSeeker	false_fusion:Sense-Antisense	7	1	False_Call
ENSG00000260364:ENSG00000261742	90%	100GB	negative	FusionSeeker	false_fusion:Sense-Antisense	156	1	False_Call
ENSG00000260364:ENSG00000261742	90%	100GB	positive	FusionSeeker	false_fusion:Sense-Antisense	127	1	False_Call
ENSG00000260364:ENSG00000261742	90%	10GB	negative	FusionSeeker	false_fusion:Sense-Antisense	18	1	False_Call
ENSG00000260364:ENSG00000261742	90%	10GB	positive	FusionSeeker	false_fusion:Sense-Antisense	12	1	False_Call
ENSG00000260364:ENSG00000261742	90%	1GB	negative	FusionSeeker	false_fusion:Sense-Antisense	2	1	False_Call
ENSG00000260364:ENSG00000261742	90%	1GB	positive	FusionSeeker	false_fusion:Sense-Antisense	2	1	False_Call
ENSG00000260364:ENSG00000261742	95%	100GB	negative	FusionSeeker	false_fusion:Sense-Antisense	152	1	False_Call
ENSG00000260364:ENSG00000261742	95%	100GB	positive	FusionSeeker	false_fusion:Sense-Antisense	160	1	False_Call
ENSG00000260364:ENSG00000261742	95%	10GB	negative	FusionSeeker	false_fusion:Sense-Antisense	18	1	False_Call
ENSG00000260364:ENSG00000261742	95%	10GB	positive	FusionSeeker	false_fusion:Sense-Antisense	25	1	False_Call
ENSG00000260364:ENSG00000261742	95%	1GB	negative	FusionSeeker	false_fusion:Sense-Antisense	2	1	False_Call
ENSG00000260364:ENSG00000261742	95%	1GB	positive	FusionSeeker	false_fusion:Sense-Antisense	4	1	False_Call
ENSG00000260628:ENSG00000260781	90%	100GB	positive	FusionSeeker	false_fusion	28	1	False_Call
ENSG00000260628:ENSG00000260781	95%	100GB	positive	FusionSeeker	false_fusion	45	1	False_Call
ENSG00000260628:ENSG00000260781	95%	10GB	positive	FusionSeeker	false_fusion	2	1	False_Call
ENSG00000260628:ENSG00000260851	90%	100GB	positive	FusionSeeker	false_fusion	8	1	False_Call
ENSG00000260628:ENSG00000260851	95%	100GB	positive	FusionSeeker	false_fusion	13	1	False_Call
ENSG00000260628:ENSG00000260851	95%	10GB	positive	FusionSeeker	false_fusion	2	1	False_Call
ENSG00000260628:ENSG00000275832	95%	100GB	positive	FusionSeeker	false_fusion	2	1	False_Call
ENSG00000260628:ENSG00000277304	90%	100GB	positive	FusionSeeker	false_fusion	4	1	False_Call
ENSG00000260628:ENSG00000277304	95%	100GB	positive	FusionSeeker	false_fusion	16	1	False_Call
ENSG00000260706:ENSG00000259867	85%	100GB	negative	FusionSeeker	false_fusion:Sense-Antisense	61	1	False_Call
ENSG00000260706:ENSG00000259867	85%	100GB	positive	FusionSeeker	false_fusion:Sense-Antisense	78	1	False_Call
ENSG00000260706:ENSG00000259867	85%	10GB	negative	FusionSeeker	false_fusion:Sense-Antisense	3	1	False_Call
ENSG00000260706:ENSG00000259867	85%	10GB	positive	FusionSeeker	false_fusion:Sense-Antisense	5	1	False_Call
ENSG00000260706:ENSG00000259867	90%	100GB	negative	FusionSeeker	false_fusion:Sense-Antisense	62	1	False_Call
ENSG00000260706:ENSG00000259867	90%	100GB	positive	FusionSeeker	false_fusion:Sense-Antisense	72	1	False_Call
ENSG00000260706:ENSG00000259867	90%	10GB	positive	FusionSeeker	false_fusion:Sense-Antisense	7	1	False_Call
ENSG00000260706:ENSG00000259867	95%	100GB	negative	FusionSeeker	false_fusion:Sense-Antisense	35	1	False_Call
ENSG00000260706:ENSG00000259867	95%	100GB	positive	FusionSeeker	false_fusion:Sense-Antisense	37	1	False_Call
ENSG00000260706:ENSG00000259867	95%	10GB	positive	FusionSeeker	false_fusion:Sense-Antisense	3	1	False_Call
ENSG00000260737:ENSG00000197302	85%	100GB	positive	CTAT-LR-Fusion	intra_chromosome	18	2	True_Recall
ENSG00000260737:ENSG00000197302	85%	100GB	positive	JAFFAL	intra_chromosome	23	2	True_Recall
ENSG00000260737:ENSG00000197302	85%	10GB	positive	JAFFAL	intra_chromosome	2	1	True_Recall
ENSG00000260737:ENSG00000197302	90%	100GB	positive	CTAT-LR-Fusion	intra_chromosome	23	2	True_Recall
ENSG00000260737:ENSG00000197302	90%	100GB	positive	JAFFAL	intra_chromosome	25	2	True_Recall
ENSG00000260737:ENSG00000197302	90%	10GB	positive	JAFFAL	intra_chromosome	2	1	True_Recall
ENSG00000260737:ENSG00000197302	95%	100GB	positive	CTAT-LR-Fusion	intra_chromosome	36	2	True_Recall
ENSG00000260737:ENSG00000197302	95%	100GB	positive	JAFFAL	intra_chromosome	43	2	True_Recall
ENSG00000260737:ENSG00000197302	95%	10GB	positive	CTAT-LR-Fusion	intra_chromosome	5	2	True_Recall
ENSG00000260737:ENSG00000197302	95%	10GB	positive	JAFFAL	intra_chromosome	8	2	True_Recall
ENSG00000260737:ENSG00000197302	95%	1GB	positive	CTAT-LR-Fusion	intra_chromosome	3	2	True_Recall
ENSG00000260737:ENSG00000197302	95%	1GB	positive	JAFFAL	intra_chromosome	3	2	True_Recall
ENSG00000260777:ENSG00000263788	85%	100GB	negative	Genion	false_fusion:self_misalignment	2	1	False_Call
ENSG00000260777:ENSG00000263788	85%	100GB	positive	Genion	false_fusion:self_misalignment	2	1	False_Call
ENSG00000260777:ENSG00000263788	90%	100GB	positive	Genion	false_fusion:self_misalignment	4	1	False_Call
ENSG00000260781:ENSG00000260851	85%	100GB	positive	FusionSeeker	false_fusion	41	1	False_Call
ENSG00000260781:ENSG00000260851	85%	10GB	positive	FusionSeeker	false_fusion	7	1	False_Call
ENSG00000260781:ENSG00000260851	90%	100GB	positive	FusionSeeker	false_fusion	93	1	False_Call
ENSG00000260781:ENSG00000260851	90%	10GB	positive	FusionSeeker	false_fusion	4	1	False_Call
ENSG00000260781:ENSG00000260851	95%	100GB	positive	FusionSeeker	false_fusion	98	1	False_Call
ENSG00000260781:ENSG00000260851	95%	10GB	positive	FusionSeeker	false_fusion	10	1	False_Call
ENSG00000260781:ENSG00000275832	90%	100GB	positive	FusionSeeker	false_fusion	17	1	False_Call
ENSG00000260781:ENSG00000275832	90%	10GB	positive	FusionSeeker	false_fusion	2	1	False_Call
ENSG00000260781:ENSG00000275832	95%	100GB	positive	FusionSeeker	false_fusion	9	1	False_Call
ENSG00000260830:ENSG00000100461	85%	100GB	positive	FusionSeeker	intra_chromosome	17	1	True_Recall
ENSG00000260830:ENSG00000100461	85%	10GB	positive	FusionSeeker	intra_chromosome	3	1	True_Recall
ENSG00000260830:ENSG00000100461	90%	100GB	positive	FusionSeeker	intra_chromosome	38	2	True_Recall
ENSG00000260830:ENSG00000100461	90%	100GB	positive	JAFFAL	intra_chromosome	2	2	True_Recall
ENSG00000260830:ENSG00000100461	95%	100GB	positive	CTAT-LR-Fusion	intra_chromosome	11	3	True_Recall
ENSG00000260830:ENSG00000100461	95%	100GB	positive	FusionSeeker	intra_chromosome	76	3	True_Recall
ENSG00000260830:ENSG00000100461	95%	100GB	positive	JAFFAL	intra_chromosome	14	3	True_Recall
ENSG00000260830:ENSG00000100461	95%	10GB	positive	FusionSeeker	intra_chromosome	4	2	True_Recall
ENSG00000260830:ENSG00000100461	95%	10GB	positive	JAFFAL	intra_chromosome	2	2	True_Recall
ENSG00000260830:ENSG00000100461	95%	1GB	positive	JAFFAL	intra_chromosome	2	1	True_Recall
ENSG00000260840:ENSG00000093072	85%	100GB	positive	CTAT-LR-Fusion	truncated_tri_fusion	13	3	Partial_Recall
ENSG00000260840:ENSG00000093072	85%	100GB	positive	FusionSeeker	truncated_tri_fusion	25	3	Partial_Recall
ENSG00000260840:ENSG00000093072	85%	100GB	positive	JAFFAL	truncated_tri_fusion	17	3	Partial_Recall
ENSG00000260840:ENSG00000093072	90%	100GB	positive	CTAT-LR-Fusion	truncated_tri_fusion	20	3	Partial_Recall
ENSG00000260840:ENSG00000093072	90%	100GB	positive	FusionSeeker	truncated_tri_fusion	34	3	Partial_Recall
ENSG00000260840:ENSG00000093072	90%	100GB	positive	JAFFAL	truncated_tri_fusion	22	3	Partial_Recall
ENSG00000260840:ENSG00000093072	90%	10GB	positive	CTAT-LR-Fusion	truncated_tri_fusion	4	3	Partial_Recall
ENSG00000260840:ENSG00000093072	90%	10GB	positive	FusionSeeker	truncated_tri_fusion	3	3	Partial_Recall
ENSG00000260840:ENSG00000093072	90%	10GB	positive	JAFFAL	truncated_tri_fusion	2	3	Partial_Recall
ENSG00000260840:ENSG00000093072	95%	100GB	positive	CTAT-LR-Fusion	truncated_tri_fusion	11	3	Partial_Recall
ENSG00000260840:ENSG00000093072	95%	100GB	positive	FusionSeeker	truncated_tri_fusion	24	3	Partial_Recall
ENSG00000260840:ENSG00000093072	95%	100GB	positive	JAFFAL	truncated_tri_fusion	16	3	Partial_Recall
ENSG00000260840:ENSG00000093072	95%	10GB	positive	FusionSeeker	truncated_tri_fusion	4	2	Partial_Recall
ENSG00000260840:ENSG00000093072	95%	10GB	positive	JAFFAL	truncated_tri_fusion	2	2	Partial_Recall
ENSG00000260840:ENSG00000148308	85%	100GB	positive	FusionSeeker	reverse_order:truncated_tri_fusion	51	1	Partial_Recall
ENSG00000260840:ENSG00000148308	90%	100GB	positive	FusionSeeker	reverse_order:truncated_tri_fusion	35	1	Partial_Recall
ENSG00000260840:ENSG00000148308	90%	10GB	positive	FusionSeeker	reverse_order:truncated_tri_fusion	4	1	Partial_Recall
ENSG00000260840:ENSG00000148308	95%	100GB	positive	FusionSeeker	reverse_order:truncated_tri_fusion	42	1	Partial_Recall
ENSG00000260840:ENSG00000148308	95%	10GB	positive	FusionSeeker	reverse_order:truncated_tri_fusion	7	1	Partial_Recall
ENSG00000260850:ENSG00000177138	85%	100GB	positive	FusionSeeker	truncated_tri_fusion	8	1	Partial_Recall
ENSG00000260850:ENSG00000177138	85%	10GB	positive	CTAT-LR-Fusion	truncated_tri_fusion	2	2	Partial_Recall
ENSG00000260850:ENSG00000177138	85%	10GB	positive	FusionSeeker	truncated_tri_fusion	2	2	Partial_Recall
ENSG00000260850:ENSG00000177138	90%	100GB	positive	CTAT-LR-Fusion	truncated_tri_fusion	12	2	Partial_Recall
ENSG00000260850:ENSG00000177138	90%	100GB	positive	FusionSeeker	truncated_tri_fusion	24	2	Partial_Recall
ENSG00000260850:ENSG00000177138	95%	100GB	positive	CTAT-LR-Fusion	truncated_tri_fusion	15	2	Partial_Recall
ENSG00000260850:ENSG00000177138	95%	100GB	positive	FusionSeeker	truncated_tri_fusion	31	2	Partial_Recall
ENSG00000260850:ENSG00000177138	95%	10GB	positive	FusionSeeker	truncated_tri_fusion	2	1	Partial_Recall
ENSG00000260851:ENSG00000275832	90%	100GB	positive	FusionSeeker	false_fusion	6	1	False_Call
ENSG00000260851:ENSG00000275832	95%	100GB	positive	FusionSeeker	false_fusion	3	1	False_Call
ENSG00000260971:ENSG00000284686	85%	100GB	negative	FusionSeeker	false_fusion	97	1	False_Call
ENSG00000260971:ENSG00000284686	85%	100GB	positive	FusionSeeker	false_fusion	104	1	False_Call
ENSG00000260971:ENSG00000284686	85%	10GB	negative	FusionSeeker	false_fusion	10	1	False_Call
ENSG00000260971:ENSG00000284686	85%	10GB	positive	FusionSeeker	false_fusion	10	1	False_Call
ENSG00000260971:ENSG00000284686	90%	100GB	negative	FusionSeeker	false_fusion	122	1	False_Call
ENSG00000260971:ENSG00000284686	90%	100GB	positive	FusionSeeker	false_fusion	125	1	False_Call
ENSG00000260971:ENSG00000284686	90%	10GB	negative	FusionSeeker	false_fusion	10	1	False_Call
ENSG00000260971:ENSG00000284686	90%	10GB	positive	FusionSeeker	false_fusion	15	1	False_Call
ENSG00000260971:ENSG00000284686	95%	100GB	negative	FusionSeeker	false_fusion	134	1	False_Call
ENSG00000260971:ENSG00000284686	95%	100GB	positive	FusionSeeker	false_fusion	137	1	False_Call
ENSG00000260971:ENSG00000284686	95%	10GB	negative	FusionSeeker	false_fusion	10	1	False_Call
ENSG00000260971:ENSG00000284686	95%	10GB	positive	FusionSeeker	false_fusion	10	1	False_Call
ENSG00000260983:ENSG00000173113	90%	100GB	positive	JAFFAL	false_fusion	2	1	False_Call
ENSG00000260983:ENSG00000173113	95%	100GB	positive	JAFFAL	false_fusion	6	1	False_Call
ENSG00000260983:ENSG00000183696	85%	100GB	positive	FusionSeeker	false_fusion	3	1	False_Call
ENSG00000260983:ENSG00000183696	90%	100GB	positive	FusionSeeker	false_fusion	18	1	False_Call
ENSG00000260983:ENSG00000183696	95%	100GB	positive	FusionSeeker	false_fusion	32	1	False_Call
ENSG00000260995:ENSG00000165806	85%	100GB	positive	CTAT-LR-Fusion	truncated_tri_fusion	23	2	Partial_Recall
ENSG00000260995:ENSG00000165806	85%	100GB	positive	JAFFAL	truncated_tri_fusion	25	2	Partial_Recall
ENSG00000260995:ENSG00000165806	85%	10GB	positive	CTAT-LR-Fusion	truncated_tri_fusion	2	2	Partial_Recall
ENSG00000260995:ENSG00000165806	85%	10GB	positive	JAFFAL	truncated_tri_fusion	2	2	Partial_Recall
ENSG00000260995:ENSG00000165806	90%	100GB	positive	CTAT-LR-Fusion	truncated_tri_fusion	34	2	Partial_Recall
ENSG00000260995:ENSG00000165806	90%	100GB	positive	JAFFAL	truncated_tri_fusion	35	2	Partial_Recall
ENSG00000260995:ENSG00000165806	90%	10GB	positive	CTAT-LR-Fusion	truncated_tri_fusion	3	2	Partial_Recall
ENSG00000260995:ENSG00000165806	90%	10GB	positive	JAFFAL	truncated_tri_fusion	3	2	Partial_Recall
ENSG00000260995:ENSG00000165806	95%	100GB	positive	CTAT-LR-Fusion	truncated_tri_fusion	31	2	Partial_Recall
ENSG00000260995:ENSG00000165806	95%	100GB	positive	JAFFAL	truncated_tri_fusion	33	2	Partial_Recall
ENSG00000260995:ENSG00000165806	95%	10GB	positive	CTAT-LR-Fusion	truncated_tri_fusion	3	2	Partial_Recall
ENSG00000260995:ENSG00000165806	95%	10GB	positive	JAFFAL	truncated_tri_fusion	3	2	Partial_Recall
ENSG00000261156:ENSG00000108684	90%	100GB	negative	JAFFAL	false_fusion	5	1	False_Call
ENSG00000261156:ENSG00000108684	90%	100GB	positive	JAFFAL	false_fusion	4	1	False_Call
ENSG00000261156:ENSG00000108684	95%	100GB	negative	JAFFAL	false_fusion	9	1	False_Call
ENSG00000261156:ENSG00000108684	95%	100GB	positive	JAFFAL	false_fusion	10	1	False_Call
ENSG00000261156:ENSG00000108684	95%	10GB	positive	JAFFAL	false_fusion	4	1	False_Call
ENSG00000261692:ENSG00000278847	85%	100GB	positive	Genion	hybrid	9	1	True_Recall
ENSG00000261692:ENSG00000278847	90%	100GB	positive	CTAT-LR-Fusion	hybrid	21	2	True_Recall
ENSG00000261692:ENSG00000278847	90%	100GB	positive	Genion	hybrid	17	2	True_Recall
ENSG00000261692:ENSG00000278847	90%	10GB	positive	CTAT-LR-Fusion	hybrid	4	1	True_Recall
ENSG00000261692:ENSG00000278847	95%	100GB	positive	CTAT-LR-Fusion	hybrid	41	2	True_Recall
ENSG00000261692:ENSG00000278847	95%	100GB	positive	Genion	hybrid	14	2	True_Recall
ENSG00000261692:ENSG00000278847	95%	10GB	positive	CTAT-LR-Fusion	hybrid	2	1	True_Recall
ENSG00000261739:ENSG00000171903	90%	100GB	positive	FusionSeeker	false_fusion	2	1	False_Call
ENSG00000261739:ENSG00000186115	85%	100GB	positive	FusionSeeker	false_fusion	13	1	False_Call
ENSG00000261739:ENSG00000186115	90%	100GB	positive	FusionSeeker	false_fusion	17	1	False_Call
ENSG00000261739:ENSG00000186115	95%	100GB	positive	FusionSeeker	false_fusion	26	2	False_Call
ENSG00000261739:ENSG00000186115	95%	100GB	positive	JAFFAL	false_fusion	11	2	False_Call
ENSG00000261739:ENSG00000188626	85%	100GB	positive	FusionSeeker	false_fusion	2	1	False_Call
ENSG00000261739:ENSG00000188626	90%	100GB	positive	FusionSeeker	false_fusion	2	1	False_Call
ENSG00000261739:ENSG00000188626	90%	10GB	positive	FusionSeeker	false_fusion	2	1	False_Call
ENSG00000261739:ENSG00000267392	85%	100GB	positive	FusionSeeker	false_fusion	5	1	False_Call
ENSG00000261739:ENSG00000267392	95%	100GB	positive	FusionSeeker	false_fusion	4	1	False_Call
ENSG00000262560:ENSG00000210082	95%	100GB	positive	FusionSeeker	false_fusion:mitochondrial_genomic	2	1	False_Call
ENSG00000262583:ENSG00000205084	85%	100GB	positive	FusionSeeker	false_fusion	2	1	False_Call
ENSG00000262583:ENSG00000205084	90%	100GB	positive	FusionSeeker	false_fusion	12	1	False_Call
ENSG00000262583:ENSG00000205084	95%	100GB	positive	FusionSeeker	false_fusion	8	1	False_Call
ENSG00000262583:ENSG00000260092	85%	100GB	positive	FusionSeeker	false_fusion	2	1	False_Call
ENSG00000262898:ENSG00000228205	90%	100GB	positive	FusionSeeker	false_fusion	2	1	False_Call
ENSG00000263080:ENSG00000175643	95%	100GB	positive	CTAT-LR-Fusion	read_through	31	1	True_Recall
ENSG00000263080:ENSG00000175643	95%	10GB	positive	CTAT-LR-Fusion	read_through	6	1	True_Recall
ENSG00000263343:ENSG00000136068	85%	100GB	positive	FusionSeeker	false_fusion	2	1	False_Call
ENSG00000263508:ENSG00000141577	90%	10GB	positive	CTAT-LR-Fusion	intra_chromosome	3	1	True_Recall
ENSG00000263508:ENSG00000141577	95%	100GB	positive	CTAT-LR-Fusion	intra_chromosome	13	2	True_Recall
ENSG00000263508:ENSG00000141577	95%	100GB	positive	FusionSeeker	intra_chromosome	4	2	True_Recall
ENSG00000263508:ENSG00000141577	95%	10GB	positive	FusionSeeker	intra_chromosome	4	1	True_Recall
ENSG00000263765:ENSG00000166960	85%	100GB	positive	FusionSeeker	false_fusion:Sense-Antisense	2	1	False_Call
ENSG00000263765:ENSG00000166960	90%	100GB	negative	FusionSeeker	false_fusion:Sense-Antisense	3	1	False_Call
ENSG00000263798:ENSG00000178460	85%	100GB	positive	FusionSeeker	false_fusion	18	1	False_Call
ENSG00000263798:ENSG00000178460	90%	100GB	positive	FusionSeeker	false_fusion	18	1	False_Call
ENSG00000263798:ENSG00000178460	95%	100GB	positive	FusionSeeker	false_fusion	20	1	False_Call
ENSG00000264031:ENSG00000176927	85%	100GB	negative	FusionSeeker	false_fusion	26	1	False_Call
ENSG00000264031:ENSG00000176927	85%	100GB	positive	FusionSeeker	false_fusion	23	1	False_Call
ENSG00000264031:ENSG00000176927	85%	10GB	negative	FusionSeeker	false_fusion	4	1	False_Call
ENSG00000264031:ENSG00000176927	90%	100GB	negative	FusionSeeker	false_fusion	21	1	False_Call
ENSG00000264031:ENSG00000176927	90%	100GB	positive	FusionSeeker	false_fusion	28	1	False_Call
ENSG00000264031:ENSG00000176927	90%	10GB	negative	FusionSeeker	false_fusion	2	1	False_Call
ENSG00000264031:ENSG00000176927	95%	100GB	negative	FusionSeeker	false_fusion	9	1	False_Call
ENSG00000264031:ENSG00000176927	95%	100GB	positive	FusionSeeker	false_fusion	10	1	False_Call
ENSG00000264031:ENSG00000176927	95%	10GB	negative	FusionSeeker	false_fusion	2	1	False_Call
ENSG00000264031:ENSG00000176927	95%	10GB	positive	FusionSeeker	false_fusion	6	1	False_Call
ENSG00000264031:ENSG00000176927	95%	1GB	positive	FusionSeeker	false_fusion	2	1	False_Call
ENSG00000264269:ENSG00000141627	85%	100GB	positive	FusionSeeker	false_fusion	3	1	False_Call
ENSG00000264449:ENSG00000154655	85%	100GB	negative	FusionSeeker	false_fusion:Sense-Antisense	2	1	False_Call
ENSG00000264449:ENSG00000154655	85%	100GB	positive	FusionSeeker	false_fusion:Sense-Antisense	2	1	False_Call
ENSG00000264449:ENSG00000154655	90%	100GB	negative	FusionSeeker	false_fusion:Sense-Antisense	2	1	False_Call
ENSG00000264545:ENSG00000240498	85%	100GB	positive	FusionSeeker	false_fusion	2	1	False_Call
ENSG00000264545:ENSG00000240498	90%	100GB	positive	FusionSeeker	false_fusion	2	1	False_Call
ENSG00000264545:ENSG00000240498	95%	100GB	positive	FusionSeeker	false_fusion	2	1	False_Call
ENSG00000264569:ENSG00000169733	85%	100GB	positive	FusionSeeker	read_through	16	1	True_Recall
ENSG00000264569:ENSG00000169733	90%	100GB	positive	FusionSeeker	read_through	44	2	True_Recall
ENSG00000264569:ENSG00000169733	90%	100GB	positive	JAFFAL	read_through	2	2	True_Recall
ENSG00000264569:ENSG00000169733	90%	10GB	positive	FusionSeeker	read_through	4	1	True_Recall
ENSG00000264569:ENSG00000169733	95%	100GB	positive	CTAT-LR-Fusion	read_through	18	3	True_Recall
ENSG00000264569:ENSG00000169733	95%	100GB	positive	FusionSeeker	read_through	42	3	True_Recall
ENSG00000264569:ENSG00000169733	95%	100GB	positive	JAFFAL	read_through	8	3	True_Recall
ENSG00000264569:ENSG00000169733	95%	10GB	positive	CTAT-LR-Fusion	read_through	2	2	True_Recall
ENSG00000264569:ENSG00000169733	95%	10GB	positive	FusionSeeker	read_through	3	2	True_Recall
ENSG00000264860:ENSG00000150753	85%	100GB	positive	FusionSeeker	reverse_order: hybrid	21	1	Partial_Recall
ENSG00000264860:ENSG00000150753	85%	10GB	positive	FusionSeeker	reverse_order: hybrid	2	1	Partial_Recall
ENSG00000264860:ENSG00000150753	90%	100GB	positive	FusionSeeker	reverse_order: hybrid	31	1	Partial_Recall
ENSG00000264860:ENSG00000150753	90%	10GB	positive	FusionSeeker	reverse_order: hybrid	2	1	Partial_Recall
ENSG00000264860:ENSG00000150753	95%	100GB	positive	FusionSeeker	reverse_order: hybrid	24	1	Partial_Recall
ENSG00000265218:ENSG00000272134	85%	100GB	positive	Genion	false_fusion:self_misalignment	2	1	False_Call
ENSG00000266412:ENSG00000151611	95%	100GB	positive	FusionSeeker	false_fusion	2	1	False_Call
ENSG00000266412:ENSG00000289092	95%	100GB	positive	JAFFAL	read_through	9	1	True_Recall
ENSG00000266602:ENSG00000263745	85%	100GB	negative	FusionSeeker	false_fusion:Sense-Antisense	9	1	False_Call
ENSG00000266602:ENSG00000263745	85%	100GB	positive	FusionSeeker	false_fusion:Sense-Antisense	15	1	False_Call
ENSG00000266602:ENSG00000263745	90%	100GB	negative	FusionSeeker	false_fusion:Sense-Antisense	43	1	False_Call
ENSG00000266602:ENSG00000263745	90%	100GB	positive	FusionSeeker	false_fusion:Sense-Antisense	34	1	False_Call
ENSG00000266602:ENSG00000263745	90%	10GB	negative	FusionSeeker	false_fusion:Sense-Antisense	8	1	False_Call
ENSG00000266602:ENSG00000263745	90%	10GB	positive	FusionSeeker	false_fusion:Sense-Antisense	5	1	False_Call
ENSG00000266602:ENSG00000263745	95%	100GB	negative	FusionSeeker	false_fusion:Sense-Antisense	46	1	False_Call
ENSG00000266602:ENSG00000263745	95%	100GB	positive	FusionSeeker	false_fusion:Sense-Antisense	47	1	False_Call
ENSG00000266602:ENSG00000263745	95%	10GB	negative	FusionSeeker	false_fusion:Sense-Antisense	8	1	False_Call
ENSG00000266602:ENSG00000263745	95%	10GB	positive	FusionSeeker	false_fusion:Sense-Antisense	7	1	False_Call
ENSG00000266944:ENSG00000136942	85%	100GB	negative	FusionSeeker	false_fusion	4	1	False_Call
ENSG00000266944:ENSG00000136942	85%	100GB	positive	FusionSeeker	false_fusion	4	1	False_Call
ENSG00000267047:ENSG00000156508	95%	100GB	positive	FusionSeeker	false_fusion	2	1	False_Call
ENSG00000267104:ENSG00000289809	85%	100GB	negative	FusionSeeker	false_fusion	49	1	False_Call
ENSG00000267104:ENSG00000289809	85%	100GB	positive	FusionSeeker	false_fusion	50	1	False_Call
ENSG00000267104:ENSG00000289809	85%	10GB	negative	FusionSeeker	false_fusion	3	1	False_Call
ENSG00000267104:ENSG00000289809	85%	10GB	positive	FusionSeeker	false_fusion	8	1	False_Call
ENSG00000267104:ENSG00000289809	90%	100GB	negative	FusionSeeker	false_fusion	11	1	False_Call
ENSG00000267104:ENSG00000289809	90%	100GB	positive	FusionSeeker	false_fusion	9	1	False_Call
ENSG00000267104:ENSG00000289809	90%	10GB	positive	FusionSeeker	false_fusion	2	1	False_Call
ENSG00000267104:ENSG00000289809	95%	100GB	negative	FusionSeeker	false_fusion	2	1	False_Call
ENSG00000267104:ENSG00000289809	95%	100GB	positive	FusionSeeker	false_fusion	3	1	False_Call
ENSG00000267128:ENSG00000141576	85%	100GB	positive	FusionSeeker	false_fusion	55	1	False_Call
ENSG00000267128:ENSG00000141576	90%	100GB	positive	FusionSeeker	false_fusion	151	1	False_Call
ENSG00000267128:ENSG00000141576	90%	10GB	positive	FusionSeeker	false_fusion	15	1	False_Call
ENSG00000267128:ENSG00000141576	95%	100GB	positive	FusionSeeker	false_fusion	197	1	False_Call
ENSG00000267128:ENSG00000197462	85%	100GB	positive	FusionSeeker	false_fusion	42	1	False_Call
ENSG00000267128:ENSG00000197462	85%	10GB	positive	FusionSeeker	false_fusion	3	1	False_Call
ENSG00000267128:ENSG00000197462	90%	100GB	positive	FusionSeeker	false_fusion	39	1	False_Call
ENSG00000267128:ENSG00000197462	90%	10GB	positive	FusionSeeker	false_fusion	2	1	False_Call
ENSG00000267128:ENSG00000197462	95%	100GB	positive	FusionSeeker	false_fusion	43	1	False_Call
ENSG00000267128:ENSG00000197462	95%	10GB	positive	FusionSeeker	false_fusion	5	1	False_Call
ENSG00000267128:ENSG00000197462	95%	1GB	positive	FusionSeeker	false_fusion	2	1	False_Call
ENSG00000267128:ENSG00000276418	85%	100GB	positive	FusionSeeker	false_fusion	53	1	False_Call
ENSG00000267128:ENSG00000276418	90%	100GB	positive	FusionSeeker	false_fusion	49	1	False_Call
ENSG00000267128:ENSG00000276418	95%	100GB	positive	FusionSeeker	false_fusion	52	1	False_Call
ENSG00000267223:ENSG00000198597	85%	100GB	negative	FusionSeeker	false_fusion:Sense-Antisense	9	1	False_Call
ENSG00000267223:ENSG00000198597	85%	100GB	positive	FusionSeeker	false_fusion:Sense-Antisense	2	1	False_Call
ENSG00000267223:ENSG00000198597	90%	100GB	negative	FusionSeeker	false_fusion:Sense-Antisense	2	1	False_Call
ENSG00000267223:ENSG00000198597	90%	100GB	positive	FusionSeeker	false_fusion:Sense-Antisense	8	1	False_Call
ENSG00000267374:ENSG00000250546	90%	100GB	negative	FusionSeeker	false_fusion	2	1	False_Call
ENSG00000267374:ENSG00000250546	95%	100GB	negative	FusionSeeker	false_fusion	7	1	False_Call
ENSG00000267374:ENSG00000250546	95%	100GB	positive	FusionSeeker	false_fusion	5	1	False_Call
ENSG00000267448:ENSG00000104907	90%	100GB	positive	FusionSeeker	reverse_order:truncated_tri_fusion	2	1	Partial_Recall
ENSG00000267448:ENSG00000104907	95%	100GB	positive	FusionSeeker	reverse_order:truncated_tri_fusion	35	1	Partial_Recall
ENSG00000267448:ENSG00000278916	85%	100GB	positive	Genion	reverse_order:truncated_tri_fusion	8	1	Partial_Recall
ENSG00000267448:ENSG00000278916	90%	100GB	positive	Genion	reverse_order:truncated_tri_fusion	8	1	Partial_Recall
ENSG00000267452:ENSG00000147604	85%	100GB	negative	FusionSeeker	false_fusion	2	1	False_Call
ENSG00000267580:ENSG00000267727	85%	100GB	negative	Genion	false_fusion:self_misalignment	6	1	False_Call
ENSG00000267580:ENSG00000267727	85%	100GB	positive	Genion	false_fusion:self_misalignment	2	1	False_Call
ENSG00000267586:ENSG00000273540	95%	100GB	positive	JAFFAL	false_fusion	2	1	False_Call
ENSG00000267740:ENSG00000087086	85%	100GB	positive	FusionSeeker	false_fusion	2	1	False_Call
ENSG00000267827:ENSG00000145592	85%	100GB	positive	FusionSeeker	false_fusion	5	1	False_Call
ENSG00000267827:ENSG00000145592	85%	10GB	positive	FusionSeeker	false_fusion	2	1	False_Call
ENSG00000267922:ENSG00000204866	90%	100GB	positive	JAFFAL	false_fusion	3	1	False_Call
ENSG00000267922:ENSG00000204866	95%	100GB	negative	JAFFAL	false_fusion	7	1	False_Call
ENSG00000267922:ENSG00000204866	95%	100GB	positive	JAFFAL	false_fusion	9	1	False_Call
ENSG00000268066:ENSG00000142627	90%	100GB	positive	JAFFAL	truncated_tri_fusion	3	1	Partial_Recall
ENSG00000268066:ENSG00000142627	95%	100GB	positive	JAFFAL	truncated_tri_fusion	19	1	Partial_Recall
ENSG00000268066:ENSG00000142627:ENSG00000176746	90%	100GB	positive	JAFFAL	tri_fusion	5	1	True_Recall
ENSG00000268066:ENSG00000142627:ENSG00000176746	95%	100GB	positive	JAFFAL	tri_fusion	17	1	True_Recall
ENSG00000268235:ENSG00000269405	85%	100GB	negative	Genion	false_fusion	40	1	False_Call
ENSG00000268235:ENSG00000269405	90%	100GB	positive	Genion	false_fusion	44	1	False_Call
ENSG00000268416:ENSG00000137251	85%	100GB	positive	FusionSeeker	reverse_order:truncated_tri_fusion	16	1	Partial_Recall
ENSG00000268416:ENSG00000137251	85%	10GB	positive	FusionSeeker	reverse_order:truncated_tri_fusion	2	1	Partial_Recall
ENSG00000268416:ENSG00000137251	90%	100GB	positive	FusionSeeker	reverse_order:truncated_tri_fusion	24	1	Partial_Recall
ENSG00000268416:ENSG00000137251	90%	10GB	positive	FusionSeeker	reverse_order:truncated_tri_fusion	4	1	Partial_Recall
ENSG00000268416:ENSG00000137251	95%	100GB	positive	FusionSeeker	reverse_order:truncated_tri_fusion	29	1	Partial_Recall
ENSG00000268416:ENSG00000137251	95%	10GB	positive	FusionSeeker	reverse_order:truncated_tri_fusion	3	1	Partial_Recall
ENSG00000268416:ENSG00000163694	85%	100GB	positive	FusionSeeker	false_fusion	18	1	False_Call
ENSG00000268416:ENSG00000163694	85%	10GB	positive	FusionSeeker	false_fusion	2	1	False_Call
ENSG00000268416:ENSG00000163694	90%	100GB	positive	FusionSeeker	false_fusion	18	1	False_Call
ENSG00000268416:ENSG00000163694	90%	10GB	positive	FusionSeeker	false_fusion	3	1	False_Call
ENSG00000268416:ENSG00000163694	95%	100GB	positive	FusionSeeker	false_fusion	25	1	False_Call
ENSG00000268416:ENSG00000163694	95%	10GB	positive	FusionSeeker	false_fusion	2	1	False_Call
ENSG00000268416:ENSG00000242197	90%	10GB	positive	CTAT-LR-Fusion	truncated_tri_fusion	2	1	Partial_Recall
ENSG00000268416:ENSG00000242197	95%	100GB	positive	CTAT-LR-Fusion	truncated_tri_fusion	12	1	Partial_Recall
ENSG00000268592:ENSG00000273132	85%	100GB	positive	Genion	false_fusion	2	1	False_Call
ENSG00000268592:ENSG00000273132	90%	100GB	negative	Genion	false_fusion	2	1	False_Call
ENSG00000268790:ENSG00000141979	95%	100GB	negative	JAFFAL	false_fusion	2	1	False_Call
ENSG00000268903:ENSG00000269981	90%	100GB	negative	Genion	false_fusion:self_misalignment	5	1	False_Call
ENSG00000268903:ENSG00000269981	95%	100GB	positive	Genion	false_fusion:self_misalignment	6	1	False_Call
ENSG00000268981:ENSG00000109475	85%	100GB	negative	FusionSeeker	false_fusion	2	1	False_Call
ENSG00000269188:ENSG00000290598	90%	100GB	positive	Genion	false_fusion:self_misalignment	2	1	False_Call
ENSG00000269190:ENSG00000269486	85%	100GB	negative	Genion	false_fusion	3	1	False_Call
ENSG00000269190:ENSG00000269486	85%	100GB	positive	Genion	false_fusion	7	1	False_Call
ENSG00000269242:ENSG00000147403	85%	10GB	negative	GFSeeker	false_fusion	12	1	False_Call
ENSG00000269242:ENSG00000147403	90%	10GB	negative	GFSeeker	false_fusion	17	1	False_Call
ENSG00000269242:ENSG00000147403	90%	1GB	positive	GFSeeker	false_fusion	2	1	False_Call
ENSG00000269242:ENSG00000147403	95%	10GB	negative	GFSeeker	false_fusion	17	1	False_Call
ENSG00000269692:ENSG00000234276	85%	100GB	positive	FusionSeeker	false_fusion	4	1	False_Call
ENSG00000269692:ENSG00000273994	85%	100GB	positive	FusionSeeker	read_through	28	2	True_Recall
ENSG00000269692:ENSG00000273994	85%	100GB	positive	Genion	read_through	19	2	True_Recall
ENSG00000269692:ENSG00000273994	85%	10GB	positive	FusionSeeker	read_through	3	1	True_Recall
ENSG00000269692:ENSG00000273994	90%	100GB	positive	FusionSeeker	read_through	35	2	True_Recall
ENSG00000269692:ENSG00000273994	90%	100GB	positive	Genion	read_through	15	2	True_Recall
ENSG00000269692:ENSG00000273994	90%	10GB	positive	FusionSeeker	read_through	6	1	True_Recall
ENSG00000269692:ENSG00000273994	95%	100GB	positive	FusionSeeker	read_through	35	2	True_Recall
ENSG00000269692:ENSG00000273994	95%	100GB	positive	Genion	read_through	17	2	True_Recall
ENSG00000269692:ENSG00000273994	95%	10GB	positive	FusionSeeker	read_through	5	1	True_Recall
ENSG00000269692:ENSG00000277213	85%	100GB	positive	FusionSeeker	false_fusion	4	1	False_Call
ENSG00000269692:ENSG00000277213	90%	100GB	positive	FusionSeeker	false_fusion	2	1	False_Call
ENSG00000269825:ENSG00000290721	85%	100GB	negative	Genion	false_fusion:self_misalignment	2	1	False_Call
ENSG00000269968:ENSG00000231500	95%	100GB	negative	JAFFAL	false_fusion	2	1	False_Call
ENSG00000270106:ENSG00000162946	85%	100GB	negative	FusionSeeker	false_fusion	4	1	False_Call
ENSG00000270106:ENSG00000162946	85%	100GB	positive	FusionSeeker	false_fusion	2	1	False_Call
ENSG00000270294:ENSG00000101966	85%	100GB	negative	FusionSeeker	false_fusion	2	1	False_Call
ENSG00000270764:ENSG00000137818	85%	100GB	positive	CTAT-LR-Fusion	false_fusion	93	1	False_Call
ENSG00000270764:ENSG00000137818	85%	10GB	positive	CTAT-LR-Fusion	false_fusion	8	1	False_Call
ENSG00000270800:ENSG00000210082	95%	100GB	positive	FusionSeeker	false_fusion:mitochondrial_genomic	2	1	False_Call
ENSG00000270800:ENSG00000210082	95%	10GB	positive	FusionSeeker	false_fusion:mitochondrial_genomic	2	1	False_Call
ENSG00000270820:ENSG00000106692	85%	100GB	positive	FusionSeeker	false_fusion	20	1	False_Call
ENSG00000270820:ENSG00000106692	90%	100GB	positive	FusionSeeker	false_fusion	45	1	False_Call
ENSG00000270820:ENSG00000106692	90%	10GB	positive	FusionSeeker	false_fusion	6	1	False_Call
ENSG00000270820:ENSG00000106692	95%	100GB	positive	FusionSeeker	false_fusion	31	1	False_Call
ENSG00000270820:ENSG00000106692	95%	10GB	positive	FusionSeeker	false_fusion	3	1	False_Call
ENSG00000270959:ENSG00000145012	85%	100GB	negative	FusionSeeker	false_fusion	7	1	False_Call
ENSG00000270959:ENSG00000145012	85%	100GB	positive	FusionSeeker	false_fusion	10	1	False_Call
ENSG00000270959:ENSG00000145012	90%	100GB	negative	FusionSeeker	false_fusion	39	1	False_Call
ENSG00000270959:ENSG00000145012	90%	100GB	positive	FusionSeeker	false_fusion	35	1	False_Call
ENSG00000270959:ENSG00000145012	90%	10GB	positive	FusionSeeker	false_fusion	2	1	False_Call
ENSG00000270959:ENSG00000145012	95%	100GB	negative	FusionSeeker	false_fusion	31	1	False_Call
ENSG00000270959:ENSG00000145012	95%	100GB	positive	FusionSeeker	false_fusion	34	1	False_Call
ENSG00000270959:ENSG00000145012	95%	10GB	positive	FusionSeeker	false_fusion	3	1	False_Call
ENSG00000271724:ENSG00000005007	90%	100GB	positive	CTAT-LR-Fusion	hybrid	11	1	True_Recall
ENSG00000271763:ENSG00000128510	85%	100GB	positive	FusionSeeker	false_fusion	26	1	False_Call
ENSG00000271763:ENSG00000128510	85%	10GB	positive	FusionSeeker	false_fusion	2	1	False_Call
ENSG00000271763:ENSG00000128510	90%	100GB	positive	FusionSeeker	false_fusion	16	1	False_Call
ENSG00000271763:ENSG00000128510	90%	10GB	positive	FusionSeeker	false_fusion	3	1	False_Call
ENSG00000271763:ENSG00000128510	95%	100GB	positive	FusionSeeker	false_fusion	30	1	False_Call
ENSG00000271763:ENSG00000128510	95%	10GB	positive	FusionSeeker	false_fusion	3	1	False_Call
ENSG00000271763:ENSG00000163930	85%	100GB	positive	FusionSeeker	false_fusion	35	1	False_Call
ENSG00000271763:ENSG00000163930	85%	10GB	positive	FusionSeeker	false_fusion	3	1	False_Call
ENSG00000271763:ENSG00000163930	90%	100GB	positive	FusionSeeker	false_fusion	21	1	False_Call
ENSG00000271763:ENSG00000163930	90%	10GB	positive	FusionSeeker	false_fusion	3	1	False_Call
ENSG00000271763:ENSG00000163930	95%	100GB	positive	FusionSeeker	false_fusion	66	1	False_Call
ENSG00000271763:ENSG00000163930	95%	10GB	positive	FusionSeeker	false_fusion	2	1	False_Call
ENSG00000271763:ENSG00000185442	85%	100GB	positive	FusionSeeker	false_fusion:Sense-Antisense	47	1	False_Call
ENSG00000271763:ENSG00000185442	85%	10GB	positive	FusionSeeker	false_fusion:Sense-Antisense	6	1	False_Call
ENSG00000271763:ENSG00000185442	90%	100GB	positive	FusionSeeker	false_fusion:Sense-Antisense	53	1	False_Call
ENSG00000271763:ENSG00000185442	90%	10GB	positive	FusionSeeker	false_fusion:Sense-Antisense	11	1	False_Call
ENSG00000271763:ENSG00000185442	95%	100GB	positive	FusionSeeker	false_fusion:Sense-Antisense	75	1	False_Call
ENSG00000271763:ENSG00000185442	95%	10GB	positive	FusionSeeker	false_fusion:Sense-Antisense	11	1	False_Call
ENSG00000272154:ENSG00000279047	85%	100GB	negative	Genion	false_fusion	2	1	False_Call
ENSG00000272154:ENSG00000279047	85%	100GB	positive	Genion	false_fusion	2	1	False_Call
ENSG00000272154:ENSG00000279047	90%	100GB	positive	Genion	false_fusion	2	1	False_Call
ENSG00000272180:ENSG00000271894	85%	100GB	negative	FusionSeeker	false_fusion	4	1	False_Call
ENSG00000272180:ENSG00000271894	85%	100GB	positive	FusionSeeker	false_fusion	5	1	False_Call
ENSG00000272180:ENSG00000271894	90%	100GB	negative	FusionSeeker	false_fusion	4	1	False_Call
ENSG00000272274:ENSG00000236581	85%	100GB	positive	CTAT-LR-Fusion	intra_chromosome	22	2	True_Recall
ENSG00000272274:ENSG00000236581	85%	100GB	positive	JAFFAL	intra_chromosome	28	2	True_Recall
ENSG00000272274:ENSG00000236581	85%	10GB	positive	JAFFAL	intra_chromosome	3	1	True_Recall
ENSG00000272274:ENSG00000236581	90%	100GB	positive	CTAT-LR-Fusion	intra_chromosome	44	2	True_Recall
ENSG00000272274:ENSG00000236581	90%	100GB	positive	JAFFAL	intra_chromosome	46	2	True_Recall
ENSG00000272274:ENSG00000236581	90%	10GB	positive	CTAT-LR-Fusion	intra_chromosome	2	2	True_Recall
ENSG00000272274:ENSG00000236581	90%	10GB	positive	JAFFAL	intra_chromosome	2	2	True_Recall
ENSG00000272274:ENSG00000236581	95%	100GB	positive	CTAT-LR-Fusion	intra_chromosome	39	2	True_Recall
ENSG00000272274:ENSG00000236581	95%	100GB	positive	JAFFAL	intra_chromosome	41	2	True_Recall
ENSG00000272274:ENSG00000236581	95%	10GB	positive	CTAT-LR-Fusion	intra_chromosome	2	2	True_Recall
ENSG00000272274:ENSG00000236581	95%	10GB	positive	JAFFAL	intra_chromosome	3	2	True_Recall
ENSG00000272461:ENSG00000127928	95%	100GB	positive	FusionSeeker	false_fusion	2	1	False_Call
ENSG00000272461:ENSG00000127928	95%	10GB	positive	FusionSeeker	false_fusion	2	1	False_Call
ENSG00000273226:ENSG00000211459	95%	100GB	positive	FusionSeeker	false_fusion:mitochondrial_genomic	2	1	False_Call
ENSG00000273259:ENSG00000081051	90%	100GB	positive	FusionSeeker	false_fusion	3	1	False_Call
ENSG00000273259:ENSG00000081051	95%	100GB	negative	FusionSeeker	false_fusion	2	1	False_Call
ENSG00000273259:ENSG00000087086	85%	100GB	negative	FusionSeeker	false_fusion	2	1	False_Call
ENSG00000273259:ENSG00000087086	85%	100GB	positive	FusionSeeker	false_fusion	7	1	False_Call
ENSG00000273259:ENSG00000087086	85%	10GB	positive	FusionSeeker	false_fusion	2	1	False_Call
ENSG00000273259:ENSG00000091513	90%	100GB	negative	FusionSeeker	false_fusion	2	1	False_Call
ENSG00000273259:ENSG00000100316	95%	100GB	negative	FusionSeeker	false_fusion	2	1	False_Call
ENSG00000273259:ENSG00000105193	90%	100GB	negative	FusionSeeker	false_fusion	2	1	False_Call
ENSG00000273259:ENSG00000127184	85%	100GB	positive	FusionSeeker	false_fusion	2	1	False_Call
ENSG00000273259:ENSG00000140807	85%	100GB	positive	FusionSeeker	false_fusion	2	1	False_Call
ENSG00000273259:ENSG00000156508	85%	100GB	negative	FusionSeeker	false_fusion	2	1	False_Call
ENSG00000273259:ENSG00000156508	90%	100GB	negative	FusionSeeker	false_fusion	2	1	False_Call
ENSG00000273259:ENSG00000156508	90%	10GB	positive	GFSeeker	false_fusion	2	1	False_Call
ENSG00000273259:ENSG00000163631	85%	100GB	positive	FusionSeeker	false_fusion	2	1	False_Call
ENSG00000273259:ENSG00000181163	90%	100GB	negative	FusionSeeker	false_fusion	2	1	False_Call
ENSG00000273259:ENSG00000187840	85%	100GB	positive	FusionSeeker	false_fusion	2	1	False_Call
ENSG00000273259:ENSG00000197756	95%	100GB	negative	FusionSeeker	false_fusion	2	1	False_Call
ENSG00000273259:ENSG00000198899	90%	100GB	positive	FusionSeeker	false_fusion:mitochondrial_genomic	2	1	False_Call
ENSG00000273259:ENSG00000198938	85%	100GB	positive	FusionSeeker	false_fusion:mitochondrial_genomic	2	1	False_Call
ENSG00000273259:ENSG00000198938	95%	100GB	positive	FusionSeeker	false_fusion:mitochondrial_genomic	2	1	False_Call
ENSG00000273259:ENSG00000210082	85%	100GB	positive	FusionSeeker	false_fusion:mitochondrial_genomic	3	1	False_Call
ENSG00000273259:ENSG00000210082	90%	100GB	positive	FusionSeeker	false_fusion:mitochondrial_genomic	6	1	False_Call
ENSG00000273259:ENSG00000210082	95%	100GB	positive	FusionSeeker	false_fusion:mitochondrial_genomic	2	1	False_Call
ENSG00000273259:ENSG00000211459	95%	100GB	positive	FusionSeeker	false_fusion:mitochondrial_genomic	2	1	False_Call
ENSG00000273373:ENSG00000144815	85%	100GB	positive	JAFFAL	truncated_tri_fusion	13	1	Partial_Recall
ENSG00000273373:ENSG00000144815	85%	10GB	positive	JAFFAL	truncated_tri_fusion	3	1	Partial_Recall
ENSG00000273373:ENSG00000144815	90%	100GB	positive	JAFFAL	truncated_tri_fusion	27	1	Partial_Recall
ENSG00000273373:ENSG00000144815	90%	10GB	positive	JAFFAL	truncated_tri_fusion	4	1	Partial_Recall
ENSG00000273373:ENSG00000144815	95%	100GB	positive	JAFFAL	truncated_tri_fusion	27	1	Partial_Recall
ENSG00000273373:ENSG00000144815	95%	10GB	positive	JAFFAL	truncated_tri_fusion	3	1	Partial_Recall
ENSG00000273373:ENSG00000144815:ENSG00000171735	85%	100GB	positive	JAFFAL	tri_fusion	3	1	True_Recall
ENSG00000273471:ENSG00000077380	90%	100GB	positive	FusionSeeker	false_fusion	11	1	False_Call
ENSG00000273471:ENSG00000077380	95%	100GB	positive	FusionSeeker	false_fusion	33	1	False_Call
ENSG00000273471:ENSG00000077380	95%	10GB	positive	FusionSeeker	false_fusion	6	1	False_Call
ENSG00000273471:ENSG00000135205	90%	100GB	positive	FusionSeeker	false_fusion	11	1	False_Call
ENSG00000273471:ENSG00000135205	95%	100GB	positive	FusionSeeker	false_fusion	34	1	False_Call
ENSG00000273471:ENSG00000135205	95%	10GB	positive	FusionSeeker	false_fusion	6	1	False_Call
ENSG00000273471:ENSG00000186088	90%	100GB	positive	JAFFAL	false_fusion	3	1	False_Call
ENSG00000273471:ENSG00000186088	95%	100GB	positive	JAFFAL	false_fusion	17	1	False_Call
ENSG00000273471:ENSG00000186088	95%	10GB	positive	JAFFAL	false_fusion	3	1	False_Call
ENSG00000273471:ENSG00000186088:ENSG00000077380	90%	100GB	positive	JAFFAL	false_fusion	4	1	False_Call
ENSG00000273471:ENSG00000186088:ENSG00000077380	95%	100GB	positive	JAFFAL	false_fusion	9	1	False_Call
ENSG00000273873:ENSG00000183476:ENSG00000225092	90%	100GB	positive	JAFFAL	false_fusion	3	1	False_Call
ENSG00000273873:ENSG00000183476:ENSG00000225092	95%	100GB	positive	JAFFAL	false_fusion	9	1	False_Call
ENSG00000274532:ENSG00000163913	85%	100GB	positive	FusionSeeker	false_fusion	2	1	False_Call
ENSG00000274532:ENSG00000163913	90%	100GB	positive	FusionSeeker	false_fusion	7	1	False_Call
ENSG00000274532:ENSG00000163913	95%	100GB	positive	FusionSeeker	false_fusion	8	1	False_Call
ENSG00000274532:ENSG00000163913	95%	10GB	positive	FusionSeeker	false_fusion	2	1	False_Call
ENSG00000274803:ENSG00000183476:ENSG00000225092	90%	100GB	positive	JAFFAL	false_fusion	3	1	False_Call
ENSG00000274803:ENSG00000183476:ENSG00000225092	95%	100GB	positive	JAFFAL	false_fusion	9	1	False_Call
ENSG00000274814:ENSG00000163913	85%	100GB	positive	FusionSeeker	reverse_order: hybrid	2	1	Partial_Recall
ENSG00000274814:ENSG00000163913	90%	100GB	positive	FusionSeeker	reverse_order: hybrid	6	1	Partial_Recall
ENSG00000274814:ENSG00000163913	95%	100GB	positive	FusionSeeker	reverse_order: hybrid	9	1	Partial_Recall
ENSG00000274874:ENSG00000114867	85%	100GB	positive	FusionSeeker	false_fusion	30	1	False_Call
ENSG00000274874:ENSG00000114867	90%	100GB	positive	FusionSeeker	false_fusion	22	1	False_Call
ENSG00000274874:ENSG00000114867	95%	100GB	positive	FusionSeeker	false_fusion	24	1	False_Call
ENSG00000274874:ENSG00000114867	95%	10GB	positive	FusionSeeker	false_fusion	2	1	False_Call
ENSG00000275718:ENSG00000276409	85%	100GB	negative	Genion	false_fusion	3	1	False_Call
ENSG00000275718:ENSG00000276409	85%	100GB	positive	Genion	false_fusion	2	1	False_Call
ENSG00000275718:ENSG00000276409	90%	100GB	negative	Genion	false_fusion	3	1	False_Call
ENSG00000275718:ENSG00000276409	90%	100GB	positive	Genion	false_fusion	2	1	False_Call
ENSG00000275718:ENSG00000276409	95%	100GB	positive	Genion	false_fusion	2	1	False_Call
ENSG00000276043:ENSG00000188321	85%	100GB	positive	FusionSeeker	reverse_order: intra_chromosome	25	1	Partial_Recall
ENSG00000276043:ENSG00000188321	85%	10GB	positive	FusionSeeker	reverse_order: intra_chromosome	3	1	Partial_Recall
ENSG00000276043:ENSG00000188321	90%	100GB	positive	FusionSeeker	reverse_order: intra_chromosome	28	1	Partial_Recall
ENSG00000276043:ENSG00000188321	90%	10GB	positive	FusionSeeker	reverse_order: intra_chromosome	2	1	Partial_Recall
ENSG00000276043:ENSG00000188321	95%	100GB	positive	FusionSeeker	reverse_order: intra_chromosome	28	1	Partial_Recall
ENSG00000276043:ENSG00000188321	95%	10GB	positive	FusionSeeker	reverse_order: intra_chromosome	3	1	Partial_Recall
ENSG00000276418:ENSG00000197462	85%	100GB	positive	JAFFAL	false_fusion	8	1	False_Call
ENSG00000276418:ENSG00000197462	90%	100GB	positive	JAFFAL	false_fusion	15	1	False_Call
ENSG00000276418:ENSG00000197462	90%	10GB	positive	JAFFAL	false_fusion	2	1	False_Call
ENSG00000276418:ENSG00000197462	95%	100GB	positive	JAFFAL	false_fusion	34	1	False_Call
ENSG00000276418:ENSG00000197462	95%	10GB	positive	JAFFAL	false_fusion	2	1	False_Call
ENSG00000276430:ENSG00000276850	85%	100GB	positive	Genion	false_fusion	2	1	False_Call
ENSG00000276430:ENSG00000276850	90%	100GB	positive	Genion	false_fusion	3	1	False_Call
ENSG00000276570:ENSG00000105063	85%	100GB	positive	FusionSeeker	false_fusion	43	1	False_Call
ENSG00000276570:ENSG00000105063	85%	10GB	positive	FusionSeeker	false_fusion	5	1	False_Call
ENSG00000276570:ENSG00000105063	90%	100GB	positive	FusionSeeker	false_fusion	45	1	False_Call
ENSG00000276570:ENSG00000105063	95%	100GB	positive	FusionSeeker	false_fusion	55	1	False_Call
ENSG00000276570:ENSG00000105063	95%	10GB	positive	FusionSeeker	false_fusion	10	1	False_Call
ENSG00000276570:ENSG00000105063	95%	1GB	positive	FusionSeeker	false_fusion	2	1	False_Call
ENSG00000277304:ENSG00000260781	85%	100GB	positive	FusionSeeker	false_fusion	21	1	False_Call
ENSG00000277304:ENSG00000260781	90%	100GB	positive	FusionSeeker	false_fusion	42	1	False_Call
ENSG00000277304:ENSG00000260781	90%	10GB	positive	FusionSeeker	false_fusion	4	1	False_Call
ENSG00000277304:ENSG00000260781	95%	100GB	positive	FusionSeeker	false_fusion	82	1	False_Call
ENSG00000277304:ENSG00000260851	85%	100GB	positive	FusionSeeker	false_fusion	6	1	False_Call
ENSG00000277304:ENSG00000260851	90%	100GB	positive	FusionSeeker	false_fusion	20	1	False_Call
ENSG00000277304:ENSG00000260851	90%	10GB	positive	FusionSeeker	false_fusion	2	1	False_Call
ENSG00000277304:ENSG00000260851	95%	100GB	positive	FusionSeeker	false_fusion	30	1	False_Call
ENSG00000277304:ENSG00000275832	90%	100GB	positive	FusionSeeker	false_fusion	3	1	False_Call
ENSG00000277462:ENSG00000138759	90%	100GB	positive	JAFFAL	false_fusion	4	1	False_Call
ENSG00000277462:ENSG00000138759	95%	100GB	positive	JAFFAL	false_fusion	5	1	False_Call
ENSG00000277462:ENSG00000138759	95%	10GB	positive	JAFFAL	false_fusion	2	1	False_Call
ENSG00000277561:ENSG00000261739	85%	100GB	positive	FusionSeeker	false_fusion	2	1	False_Call
ENSG00000277586:ENSG00000136504	95%	10GB	positive	GFSeeker	reverse_order:truncated_tri_fusion	4	1	Partial_Recall
ENSG00000277757:ENSG00000214078	90%	100GB	positive	JAFFAL	false_fusion	3	1	False_Call
ENSG00000277757:ENSG00000214078	95%	100GB	positive	JAFFAL	false_fusion	2	1	False_Call
ENSG00000277893:ENSG00000080822	85%	100GB	positive	FusionSeeker	truncated_tri_fusion	19	1	Partial_Recall
ENSG00000277893:ENSG00000080822	85%	10GB	positive	FusionSeeker	truncated_tri_fusion	4	1	Partial_Recall
ENSG00000277893:ENSG00000080822	90%	100GB	positive	FusionSeeker	truncated_tri_fusion	81	1	Partial_Recall
ENSG00000277893:ENSG00000080822	95%	100GB	positive	FusionSeeker	truncated_tri_fusion	126	1	Partial_Recall
ENSG00000277893:ENSG00000080822	95%	10GB	positive	FusionSeeker	truncated_tri_fusion	10	1	Partial_Recall
ENSG00000277893:ENSG00000103043	90%	100GB	positive	CTAT-LR-Fusion	truncated_tri_fusion	14	2	Partial_Recall
ENSG00000277893:ENSG00000103043	90%	100GB	positive	JAFFAL	truncated_tri_fusion	21	2	Partial_Recall
ENSG00000277893:ENSG00000103043	95%	100GB	positive	JAFFAL	truncated_tri_fusion	33	1	Partial_Recall
ENSG00000277893:ENSG00000103043	95%	10GB	positive	JAFFAL	truncated_tri_fusion	3	1	Partial_Recall
ENSG00000278177:ENSG00000183098	85%	100GB	negative	FusionSeeker	false_fusion:Sense-Antisense	41	1	False_Call
ENSG00000278177:ENSG00000183098	85%	100GB	positive	FusionSeeker	false_fusion:Sense-Antisense	33	1	False_Call
ENSG00000278177:ENSG00000183098	85%	10GB	positive	FusionSeeker	false_fusion:Sense-Antisense	8	1	False_Call
ENSG00000278177:ENSG00000183098	90%	100GB	negative	FusionSeeker	false_fusion:Sense-Antisense	54	1	False_Call
ENSG00000278177:ENSG00000183098	90%	100GB	positive	FusionSeeker	false_fusion:Sense-Antisense	47	1	False_Call
ENSG00000278177:ENSG00000183098	95%	100GB	negative	FusionSeeker	false_fusion:Sense-Antisense	52	1	False_Call
ENSG00000278177:ENSG00000183098	95%	100GB	positive	FusionSeeker	false_fusion:Sense-Antisense	52	1	False_Call
ENSG00000278177:ENSG00000183098	95%	10GB	positive	FusionSeeker	false_fusion:Sense-Antisense	11	1	False_Call
ENSG00000278249:ENSG00000011009	85%	100GB	positive	JAFFAL	false_fusion	5	1	False_Call
ENSG00000278249:ENSG00000011009	90%	100GB	positive	CTAT-LR-Fusion	false_fusion	16	2	False_Call
ENSG00000278249:ENSG00000011009	90%	100GB	positive	JAFFAL	false_fusion	20	2	False_Call
ENSG00000278249:ENSG00000011009	90%	10GB	positive	CTAT-LR-Fusion	false_fusion	2	2	False_Call
ENSG00000278249:ENSG00000011009	90%	10GB	positive	JAFFAL	false_fusion	3	2	False_Call
ENSG00000278249:ENSG00000011009	95%	100GB	positive	CTAT-LR-Fusion	false_fusion	18	2	False_Call
ENSG00000278249:ENSG00000011009	95%	100GB	positive	JAFFAL	false_fusion	22	2	False_Call
ENSG00000278249:ENSG00000011009	95%	10GB	positive	CTAT-LR-Fusion	false_fusion	2	2	False_Call
ENSG00000278249:ENSG00000011009	95%	10GB	positive	JAFFAL	false_fusion	4	2	False_Call
ENSG00000278416:ENSG00000157954	95%	100GB	positive	CTAT-LR-Fusion	false_fusion	27	1	False_Call
ENSG00000278416:ENSG00000157954	95%	10GB	positive	CTAT-LR-Fusion	false_fusion	4	1	False_Call
ENSG00000278595:ENSG00000226994	95%	100GB	positive	JAFFAL	hybrid	10	1	True_Recall
ENSG00000278602:ENSG00000215580	90%	100GB	positive	CTAT-LR-Fusion	false_fusion	29	1	False_Call
ENSG00000278602:ENSG00000215580	95%	100GB	positive	CTAT-LR-Fusion	false_fusion	42	1	False_Call
ENSG00000278602:ENSG00000291031	90%	100GB	positive	CTAT-LR-Fusion	false_fusion	29	2	False_Call
ENSG00000278602:ENSG00000291031	90%	100GB	positive	Genion	false_fusion	12	2	False_Call
ENSG00000278602:ENSG00000291031	95%	100GB	positive	CTAT-LR-Fusion	false_fusion	42	2	False_Call
ENSG00000278602:ENSG00000291031	95%	100GB	positive	Genion	false_fusion	16	2	False_Call
ENSG00000278916:ENSG00000104907	85%	100GB	positive	FusionSeeker	reverse_order:truncated_tri_fusion	73	1	Partial_Recall
ENSG00000278916:ENSG00000104907	85%	10GB	positive	FusionSeeker	reverse_order:truncated_tri_fusion	17	1	Partial_Recall
ENSG00000278916:ENSG00000104907	90%	100GB	positive	FusionSeeker	reverse_order:truncated_tri_fusion	86	1	Partial_Recall
ENSG00000278916:ENSG00000104907	90%	10GB	positive	FusionSeeker	reverse_order:truncated_tri_fusion	6	1	Partial_Recall
ENSG00000278916:ENSG00000104907	95%	100GB	positive	FusionSeeker	reverse_order:truncated_tri_fusion	115	1	Partial_Recall
ENSG00000278916:ENSG00000104907	95%	10GB	positive	FusionSeeker	reverse_order:truncated_tri_fusion	9	1	Partial_Recall
ENSG00000278916:ENSG00000161082	85%	100GB	positive	FusionSeeker	false_fusion	35	1	False_Call
ENSG00000278916:ENSG00000161082	85%	10GB	positive	FusionSeeker	false_fusion	6	1	False_Call
ENSG00000278916:ENSG00000161082	90%	100GB	positive	FusionSeeker	false_fusion	42	1	False_Call
ENSG00000278916:ENSG00000161082	90%	10GB	positive	FusionSeeker	false_fusion	4	1	False_Call
ENSG00000278916:ENSG00000161082	95%	100GB	positive	FusionSeeker	false_fusion	43	1	False_Call
ENSG00000278916:ENSG00000161082	95%	10GB	positive	FusionSeeker	false_fusion	3	1	False_Call
ENSG00000278916:ENSG00000231093	95%	100GB	positive	FusionSeeker	false_fusion	2	1	False_Call
ENSG00000278916:ENSG00000267448	90%	100GB	positive	FusionSeeker	truncated_tri_fusion	2	2	Partial_Recall
ENSG00000278916:ENSG00000267448	90%	100GB	positive	JAFFAL	truncated_tri_fusion	2	2	Partial_Recall
ENSG00000278916:ENSG00000267448	95%	100GB	positive	FusionSeeker	truncated_tri_fusion	12	2	Partial_Recall
ENSG00000278916:ENSG00000267448	95%	100GB	positive	JAFFAL	truncated_tri_fusion	3	2	Partial_Recall
ENSG00000279457:ENSG00000141499	95%	100GB	positive	FusionSeeker	false_fusion	3	1	False_Call
ENSG00000279668:ENSG00000265356	85%	100GB	positive	FusionSeeker	false_fusion	2	1	False_Call
ENSG00000280087:ENSG00000291128	85%	100GB	negative	Genion	false_fusion	5	1	False_Call
ENSG00000280087:ENSG00000291128	85%	100GB	positive	Genion	false_fusion	4	1	False_Call
ENSG00000280087:ENSG00000291128	90%	100GB	positive	Genion	false_fusion	2	1	False_Call
ENSG00000280132:ENSG00000140682	95%	100GB	positive	FusionSeeker	read_through	14	1	True_Recall
ENSG00000280426:ENSG00000076513	85%	100GB	positive	CTAT-LR-Fusion	read_through	27	2	True_Recall
ENSG00000280426:ENSG00000076513	85%	100GB	positive	FusionSeeker	read_through	30	2	True_Recall
ENSG00000280426:ENSG00000076513	90%	100GB	positive	CTAT-LR-Fusion	read_through	39	2	True_Recall
ENSG00000280426:ENSG00000076513	90%	100GB	positive	FusionSeeker	read_through	39	2	True_Recall
ENSG00000280426:ENSG00000076513	95%	100GB	positive	CTAT-LR-Fusion	read_through	32	2	True_Recall
ENSG00000280426:ENSG00000076513	95%	100GB	positive	FusionSeeker	read_through	35	2	True_Recall
ENSG00000280721:ENSG00000172965	85%	100GB	negative	FusionSeeker	false_fusion	2	1	False_Call
ENSG00000280721:ENSG00000172965	85%	100GB	positive	FusionSeeker	false_fusion	2	1	False_Call
ENSG00000281379:ENSG00000282508	85%	100GB	negative	Genion	false_fusion	6	1	False_Call
ENSG00000281379:ENSG00000282508	85%	100GB	positive	Genion	false_fusion	6	1	False_Call
ENSG00000281379:ENSG00000282508	90%	100GB	positive	Genion	false_fusion	8	1	False_Call
ENSG00000281649:ENSG00000095261	85%	100GB	positive	FusionSeeker	reverse_order: intra_chromosome	59	1	Partial_Recall
ENSG00000281649:ENSG00000095261	85%	10GB	positive	FusionSeeker	reverse_order: intra_chromosome	2	1	Partial_Recall
ENSG00000281649:ENSG00000095261	90%	100GB	positive	FusionSeeker	reverse_order: intra_chromosome	159	1	Partial_Recall
ENSG00000281649:ENSG00000095261	90%	10GB	positive	FusionSeeker	reverse_order: intra_chromosome	11	1	Partial_Recall
ENSG00000281649:ENSG00000095261	95%	100GB	positive	FusionSeeker	reverse_order: intra_chromosome	234	1	Partial_Recall
ENSG00000281649:ENSG00000095261	95%	10GB	positive	FusionSeeker	reverse_order: intra_chromosome	22	1	Partial_Recall
ENSG00000281880:ENSG00000049449	85%	100GB	negative	CTAT-LR-Fusion	false_fusion	19	1	False_Call
ENSG00000281880:ENSG00000049449	85%	100GB	positive	CTAT-LR-Fusion	false_fusion	16	1	False_Call
ENSG00000281880:ENSG00000049449	90%	100GB	negative	CTAT-LR-Fusion	false_fusion	31	1	False_Call
ENSG00000281880:ENSG00000049449	90%	100GB	positive	CTAT-LR-Fusion	false_fusion	29	1	False_Call
ENSG00000281880:ENSG00000049449	90%	10GB	negative	CTAT-LR-Fusion	false_fusion	3	1	False_Call
ENSG00000281880:ENSG00000049449	90%	10GB	positive	CTAT-LR-Fusion	false_fusion	2	1	False_Call
ENSG00000281880:ENSG00000049449	95%	100GB	negative	CTAT-LR-Fusion	false_fusion	65	1	False_Call
ENSG00000281880:ENSG00000049449	95%	100GB	positive	CTAT-LR-Fusion	false_fusion	58	1	False_Call
ENSG00000281880:ENSG00000049449	95%	10GB	negative	CTAT-LR-Fusion	false_fusion	3	1	False_Call
ENSG00000281880:ENSG00000049449	95%	10GB	positive	CTAT-LR-Fusion	false_fusion	5	1	False_Call
ENSG00000281920:ENSG00000198363	85%	100GB	positive	CTAT-LR-Fusion	truncated_tri_fusion	30	1	Partial_Recall
ENSG00000281920:ENSG00000198363	85%	10GB	positive	CTAT-LR-Fusion	truncated_tri_fusion	2	1	Partial_Recall
ENSG00000281920:ENSG00000198363	90%	100GB	positive	CTAT-LR-Fusion	truncated_tri_fusion	12	2	Partial_Recall
ENSG00000281920:ENSG00000198363	90%	100GB	positive	JAFFAL	truncated_tri_fusion	6	2	Partial_Recall
ENSG00000281920:ENSG00000198363	90%	10GB	positive	CTAT-LR-Fusion	truncated_tri_fusion	5	2	Partial_Recall
ENSG00000281920:ENSG00000198363	90%	10GB	positive	JAFFAL	truncated_tri_fusion	2	2	Partial_Recall
ENSG00000281920:ENSG00000198363	95%	100GB	positive	CTAT-LR-Fusion	truncated_tri_fusion	34	2	Partial_Recall
ENSG00000281920:ENSG00000198363	95%	100GB	positive	JAFFAL	truncated_tri_fusion	46	2	Partial_Recall
ENSG00000281920:ENSG00000198363	95%	10GB	positive	CTAT-LR-Fusion	truncated_tri_fusion	2	2	Partial_Recall
ENSG00000281920:ENSG00000198363	95%	10GB	positive	JAFFAL	truncated_tri_fusion	2	2	Partial_Recall
ENSG00000282358:ENSG00000282501	85%	100GB	negative	Genion	false_fusion:self_misalignment	5	1	False_Call
ENSG00000282757:ENSG00000283755	85%	100GB	negative	Genion	false_fusion	2	1	False_Call
ENSG00000282757:ENSG00000283755	90%	100GB	positive	Genion	false_fusion	2	1	False_Call
ENSG00000282890:ENSG00000282998	85%	100GB	negative	FusionSeeker	false_fusion:Sense-Antisense	3	1	False_Call
ENSG00000282917:ENSG00000145916	85%	100GB	positive	FusionSeeker	false_fusion	2	1	False_Call
ENSG00000282917:ENSG00000145916	90%	100GB	positive	FusionSeeker	false_fusion	2	1	False_Call
ENSG00000282917:ENSG00000145916	95%	100GB	positive	FusionSeeker	false_fusion	2	1	False_Call
ENSG00000282917:ENSG00000170448	85%	100GB	positive	FusionSeeker	false_fusion:Sense-Antisense	55	1	False_Call
ENSG00000282917:ENSG00000170448	90%	100GB	positive	FusionSeeker	false_fusion:Sense-Antisense	182	1	False_Call
ENSG00000282917:ENSG00000170448	90%	10GB	positive	FusionSeeker	false_fusion:Sense-Antisense	15	1	False_Call
ENSG00000282917:ENSG00000170448	95%	100GB	positive	FusionSeeker	false_fusion:Sense-Antisense	302	1	False_Call
ENSG00000282917:ENSG00000170448	95%	10GB	positive	FusionSeeker	false_fusion:Sense-Antisense	4	1	False_Call
ENSG00000282984:ENSG00000198551:ENSG00000170144	85%	100GB	positive	JAFFAL	false_fusion	4	1	False_Call
ENSG00000282984:ENSG00000198551:ENSG00000170144	90%	100GB	positive	JAFFAL	false_fusion	3	1	False_Call
ENSG00000282984:ENSG00000198551:ENSG00000170144	95%	100GB	positive	JAFFAL	false_fusion	11	1	False_Call
ENSG00000282984:ENSG00000198551:ENSG00000170144	95%	10GB	positive	JAFFAL	false_fusion	2	1	False_Call
ENSG00000283098:ENSG00000258661	85%	100GB	negative	FusionSeeker	false_fusion:Sense-Antisense	16	1	False_Call
ENSG00000283098:ENSG00000258661	85%	100GB	positive	FusionSeeker	false_fusion:Sense-Antisense	22	1	False_Call
ENSG00000283098:ENSG00000258661	85%	10GB	positive	FusionSeeker	false_fusion:Sense-Antisense	2	1	False_Call
ENSG00000283098:ENSG00000258661	90%	100GB	negative	FusionSeeker	false_fusion:Sense-Antisense	38	1	False_Call
ENSG00000283098:ENSG00000258661	90%	100GB	positive	FusionSeeker	false_fusion:Sense-Antisense	35	1	False_Call
ENSG00000283098:ENSG00000258661	90%	10GB	negative	FusionSeeker	false_fusion:Sense-Antisense	4	1	False_Call
ENSG00000283098:ENSG00000258661	90%	10GB	positive	FusionSeeker	false_fusion:Sense-Antisense	3	1	False_Call
ENSG00000283098:ENSG00000258661	95%	100GB	negative	FusionSeeker	false_fusion:Sense-Antisense	26	1	False_Call
ENSG00000283098:ENSG00000258661	95%	100GB	positive	FusionSeeker	false_fusion:Sense-Antisense	33	1	False_Call
ENSG00000283098:ENSG00000258661	95%	10GB	negative	FusionSeeker	false_fusion:Sense-Antisense	4	1	False_Call
ENSG00000283098:ENSG00000258661	95%	10GB	positive	FusionSeeker	false_fusion:Sense-Antisense	5	1	False_Call
ENSG00000283098:ENSG00000287474	95%	100GB	positive	FusionSeeker	false_fusion	2	1	False_Call
ENSG00000283154:ENSG00000255248	85%	100GB	positive	JAFFAL	false_fusion	6	1	False_Call
ENSG00000283154:ENSG00000255248	90%	100GB	positive	JAFFAL	false_fusion	22	1	False_Call
ENSG00000283154:ENSG00000255248	95%	100GB	positive	JAFFAL	false_fusion	33	1	False_Call
ENSG00000283154:ENSG00000255248	95%	10GB	positive	JAFFAL	false_fusion	2	1	False_Call
ENSG00000283228:ENSG00000182389	85%	100GB	negative	FusionSeeker	false_fusion	78	1	False_Call
ENSG00000283228:ENSG00000182389	85%	100GB	positive	FusionSeeker	false_fusion	92	1	False_Call
ENSG00000283228:ENSG00000182389	85%	10GB	negative	FusionSeeker	false_fusion	6	1	False_Call
ENSG00000283228:ENSG00000182389	85%	10GB	positive	FusionSeeker	false_fusion	4	1	False_Call
ENSG00000283228:ENSG00000182389	85%	1GB	positive	FusionSeeker	false_fusion	2	1	False_Call
ENSG00000283228:ENSG00000182389	90%	100GB	negative	FusionSeeker	false_fusion	231	1	False_Call
ENSG00000283228:ENSG00000182389	90%	100GB	positive	FusionSeeker	false_fusion	196	1	False_Call
ENSG00000283228:ENSG00000182389	90%	10GB	negative	FusionSeeker	false_fusion	39	1	False_Call
ENSG00000283228:ENSG00000182389	90%	10GB	positive	FusionSeeker	false_fusion	22	1	False_Call
ENSG00000283228:ENSG00000182389	90%	1GB	negative	FusionSeeker	false_fusion	5	1	False_Call
ENSG00000283228:ENSG00000182389	90%	1GB	positive	FusionSeeker	false_fusion	2	1	False_Call
ENSG00000283228:ENSG00000182389	95%	100GB	negative	FusionSeeker	false_fusion	279	1	False_Call
ENSG00000283228:ENSG00000182389	95%	100GB	positive	FusionSeeker	false_fusion	263	1	False_Call
ENSG00000283228:ENSG00000182389	95%	10GB	negative	FusionSeeker	false_fusion	39	1	False_Call
ENSG00000283228:ENSG00000182389	95%	10GB	positive	FusionSeeker	false_fusion	32	1	False_Call
ENSG00000283228:ENSG00000182389	95%	1GB	negative	FusionSeeker	false_fusion	5	1	False_Call
ENSG00000283228:ENSG00000182389	95%	1GB	positive	FusionSeeker	false_fusion	4	1	False_Call
ENSG00000283269:ENSG00000267243	85%	100GB	negative	CTAT-LR-Fusion	false_fusion	14	1	False_Call
ENSG00000283269:ENSG00000267243	85%	100GB	positive	CTAT-LR-Fusion	false_fusion	25	1	False_Call
ENSG00000283269:ENSG00000267243	85%	10GB	negative	CTAT-LR-Fusion	false_fusion	2	1	False_Call
ENSG00000283269:ENSG00000267243	85%	10GB	positive	CTAT-LR-Fusion	false_fusion	2	1	False_Call
ENSG00000283269:ENSG00000267243	90%	100GB	negative	CTAT-LR-Fusion	false_fusion	21	1	False_Call
ENSG00000283269:ENSG00000267243	90%	100GB	positive	CTAT-LR-Fusion	false_fusion	11	1	False_Call
ENSG00000283269:ENSG00000267243	95%	100GB	negative	CTAT-LR-Fusion	false_fusion	11	1	False_Call
ENSG00000283269:ENSG00000267243	95%	100GB	positive	CTAT-LR-Fusion	false_fusion	16	1	False_Call
ENSG00000283294:ENSG00000224367	85%	100GB	positive	FusionSeeker	intra_chromosome	12	1	True_Recall
ENSG00000283294:ENSG00000224367	85%	10GB	positive	CTAT-LR-Fusion	intra_chromosome	2	1	True_Recall
ENSG00000283294:ENSG00000224367	90%	100GB	positive	CTAT-LR-Fusion	intra_chromosome	14	2	True_Recall
ENSG00000283294:ENSG00000224367	90%	100GB	positive	FusionSeeker	intra_chromosome	17	2	True_Recall
ENSG00000283294:ENSG00000224367	90%	10GB	positive	CTAT-LR-Fusion	intra_chromosome	2	2	True_Recall
ENSG00000283294:ENSG00000224367	90%	10GB	positive	FusionSeeker	intra_chromosome	2	2	True_Recall
ENSG00000283294:ENSG00000224367	95%	100GB	positive	CTAT-LR-Fusion	intra_chromosome	33	2	True_Recall
ENSG00000283294:ENSG00000224367	95%	100GB	positive	FusionSeeker	intra_chromosome	33	2	True_Recall
ENSG00000283294:ENSG00000224367	95%	10GB	positive	CTAT-LR-Fusion	intra_chromosome	5	2	True_Recall
ENSG00000283294:ENSG00000224367	95%	10GB	positive	FusionSeeker	intra_chromosome	6	2	True_Recall
ENSG00000283515:ENSG00000214078	85%	100GB	positive	FusionSeeker	false_fusion	35	1	False_Call
ENSG00000283515:ENSG00000214078	90%	100GB	positive	FusionSeeker	false_fusion	42	1	False_Call
ENSG00000283515:ENSG00000214078	90%	10GB	positive	FusionSeeker	false_fusion	8	1	False_Call
ENSG00000283515:ENSG00000214078	90%	1GB	positive	FusionSeeker	false_fusion	2	1	False_Call
ENSG00000283515:ENSG00000214078	95%	100GB	positive	FusionSeeker	false_fusion	48	1	False_Call
ENSG00000283515:ENSG00000214078	95%	10GB	positive	FusionSeeker	false_fusion	2	1	False_Call
ENSG00000283563:ENSG00000144642	85%	100GB	negative	FusionSeeker	false_fusion	49	1	False_Call
ENSG00000283563:ENSG00000144642	85%	100GB	positive	FusionSeeker	false_fusion	34	1	False_Call
ENSG00000283563:ENSG00000144642	85%	10GB	negative	FusionSeeker	false_fusion	2	1	False_Call
ENSG00000283563:ENSG00000144642	85%	10GB	positive	FusionSeeker	false_fusion	3	1	False_Call
ENSG00000283563:ENSG00000144642	90%	100GB	negative	FusionSeeker	false_fusion	40	1	False_Call
ENSG00000283563:ENSG00000144642	90%	100GB	positive	FusionSeeker	false_fusion	25	1	False_Call
ENSG00000283563:ENSG00000144642	90%	10GB	negative	FusionSeeker	false_fusion	2	1	False_Call
ENSG00000283563:ENSG00000144642	95%	100GB	negative	FusionSeeker	false_fusion	26	1	False_Call
ENSG00000283563:ENSG00000144642	95%	100GB	positive	FusionSeeker	false_fusion	27	1	False_Call
ENSG00000283563:ENSG00000144642	95%	10GB	negative	FusionSeeker	false_fusion	2	1	False_Call
ENSG00000283563:ENSG00000144642	95%	10GB	positive	FusionSeeker	false_fusion	2	1	False_Call
ENSG00000283579:ENSG00000154040	85%	100GB	positive	FusionSeeker	false_fusion	26	1	False_Call
ENSG00000283579:ENSG00000154040	85%	10GB	positive	FusionSeeker	false_fusion	4	1	False_Call
ENSG00000283579:ENSG00000154040	90%	100GB	positive	FusionSeeker	false_fusion	31	1	False_Call
ENSG00000283579:ENSG00000154040	90%	10GB	positive	FusionSeeker	false_fusion	5	1	False_Call
ENSG00000283579:ENSG00000154040	90%	1GB	positive	FusionSeeker	false_fusion	2	1	False_Call
ENSG00000283579:ENSG00000154040	95%	100GB	positive	FusionSeeker	false_fusion	26	1	False_Call
ENSG00000283579:ENSG00000154040	95%	10GB	positive	FusionSeeker	false_fusion	3	1	False_Call
ENSG00000283684:ENSG00000186088	95%	100GB	positive	JAFFAL	false_fusion	11	1	False_Call
ENSG00000283684:ENSG00000186088:ENSG00000077380	95%	100GB	positive	JAFFAL	false_fusion	2	1	False_Call
ENSG00000283839:ENSG00000170396	85%	100GB	negative	FusionSeeker	false_fusion:Sense-Antisense	23	1	False_Call
ENSG00000283839:ENSG00000170396	85%	100GB	positive	FusionSeeker	false_fusion:Sense-Antisense	18	1	False_Call
ENSG00000283839:ENSG00000170396	85%	10GB	negative	FusionSeeker	false_fusion:Sense-Antisense	2	1	False_Call
ENSG00000283839:ENSG00000170396	90%	100GB	negative	FusionSeeker	false_fusion:Sense-Antisense	16	1	False_Call
ENSG00000283839:ENSG00000170396	90%	100GB	positive	FusionSeeker	false_fusion:Sense-Antisense	26	1	False_Call
ENSG00000283839:ENSG00000170396	90%	10GB	negative	FusionSeeker	false_fusion:Sense-Antisense	2	1	False_Call
ENSG00000283839:ENSG00000170396	95%	100GB	negative	FusionSeeker	false_fusion:Sense-Antisense	21	1	False_Call
ENSG00000283839:ENSG00000170396	95%	100GB	positive	FusionSeeker	false_fusion:Sense-Antisense	19	1	False_Call
ENSG00000283839:ENSG00000170396	95%	10GB	negative	FusionSeeker	false_fusion:Sense-Antisense	2	1	False_Call
ENSG00000283839:ENSG00000170396	95%	10GB	positive	FusionSeeker	false_fusion:Sense-Antisense	2	1	False_Call
ENSG00000283930:ENSG00000290439	90%	100GB	positive	FusionSeeker	false_fusion	3	1	False_Call
ENSG00000283930:ENSG00000290439	95%	100GB	positive	FusionSeeker	false_fusion	11	1	False_Call
ENSG00000283930:ENSG00000290439	95%	10GB	positive	FusionSeeker	false_fusion	2	1	False_Call
ENSG00000284686:ENSG00000260971	85%	10GB	negative	CTAT-LR-Fusion	false_fusion	3	1	False_Call
ENSG00000284686:ENSG00000260971	90%	100GB	negative	CTAT-LR-Fusion	false_fusion	30	1	False_Call
ENSG00000284686:ENSG00000260971	90%	100GB	positive	CTAT-LR-Fusion	false_fusion	26	2	False_Call
ENSG00000284686:ENSG00000260971	90%	100GB	positive	JAFFAL	false_fusion	2	2	False_Call
ENSG00000284686:ENSG00000260971	90%	10GB	negative	CTAT-LR-Fusion	false_fusion	3	1	False_Call
ENSG00000284686:ENSG00000260971	90%	10GB	positive	CTAT-LR-Fusion	false_fusion	2	1	False_Call
ENSG00000284686:ENSG00000260971	95%	100GB	negative	CTAT-LR-Fusion	false_fusion	32	1	False_Call
ENSG00000284686:ENSG00000260971	95%	100GB	positive	CTAT-LR-Fusion	false_fusion	41	1	False_Call
ENSG00000284686:ENSG00000260971	95%	10GB	negative	CTAT-LR-Fusion	false_fusion	3	1	False_Call
ENSG00000284686:ENSG00000260971	95%	10GB	positive	CTAT-LR-Fusion	false_fusion	2	1	False_Call
ENSG00000284722:ENSG00000181163	90%	100GB	negative	FusionSeeker	false_fusion	2	1	False_Call
ENSG00000284763:ENSG00000230284	85%	100GB	positive	CTAT-LR-Fusion	intra_chromosome	24	2	True_Recall
ENSG00000284763:ENSG00000230284	85%	100GB	positive	FusionSeeker	intra_chromosome	5	2	True_Recall
ENSG00000284763:ENSG00000230284	90%	100GB	positive	FusionSeeker	intra_chromosome	10	1	True_Recall
ENSG00000284763:ENSG00000230284	95%	100GB	positive	CTAT-LR-Fusion	intra_chromosome	35	2	True_Recall
ENSG00000284763:ENSG00000230284	95%	100GB	positive	FusionSeeker	intra_chromosome	12	2	True_Recall
ENSG00000284770:ENSG00000198551	85%	100GB	positive	JAFFAL	truncated_tri_fusion	8	1	Partial_Recall
ENSG00000284770:ENSG00000198551	90%	100GB	positive	JAFFAL	truncated_tri_fusion	20	1	Partial_Recall
ENSG00000284770:ENSG00000198551	90%	10GB	positive	CTAT-LR-Fusion	truncated_tri_fusion	2	2	Partial_Recall
ENSG00000284770:ENSG00000198551	90%	10GB	positive	JAFFAL	truncated_tri_fusion	3	2	Partial_Recall
ENSG00000284770:ENSG00000198551	95%	100GB	positive	CTAT-LR-Fusion	truncated_tri_fusion	14	2	Partial_Recall
ENSG00000284770:ENSG00000198551	95%	100GB	positive	JAFFAL	truncated_tri_fusion	25	2	Partial_Recall
ENSG00000284770:ENSG00000198551	95%	10GB	positive	CTAT-LR-Fusion	truncated_tri_fusion	4	2	Partial_Recall
ENSG00000284770:ENSG00000198551	95%	10GB	positive	JAFFAL	truncated_tri_fusion	5	2	Partial_Recall
ENSG00000284770:ENSG00000198551:ENSG00000170144	85%	100GB	positive	JAFFAL	tri_fusion	4	1	True_Recall
ENSG00000284770:ENSG00000198551:ENSG00000170144	90%	100GB	positive	JAFFAL	tri_fusion	3	1	True_Recall
ENSG00000284770:ENSG00000198551:ENSG00000170144	95%	100GB	positive	JAFFAL	tri_fusion	11	1	True_Recall
ENSG00000284770:ENSG00000198551:ENSG00000170144	95%	10GB	positive	JAFFAL	tri_fusion	2	1	True_Recall
ENSG00000284776:ENSG00000188186	90%	100GB	positive	FusionSeeker	reverse_order: hybrid	19	1	Partial_Recall
ENSG00000284776:ENSG00000188186	90%	10GB	positive	FusionSeeker	reverse_order: hybrid	3	1	Partial_Recall
ENSG00000284776:ENSG00000188186	95%	100GB	positive	FusionSeeker	reverse_order: hybrid	32	1	Partial_Recall
ENSG00000284776:ENSG00000188186	95%	10GB	positive	FusionSeeker	reverse_order: hybrid	3	2	Partial_Recall
ENSG00000284776:ENSG00000188186	95%	10GB	positive	GFSeeker	reverse_order: hybrid	2	2	Partial_Recall
ENSG00000284837:ENSG00000285471	85%	100GB	negative	FusionSeeker	false_fusion	5	1	False_Call
ENSG00000284837:ENSG00000285471	85%	100GB	positive	FusionSeeker	false_fusion	2	1	False_Call
ENSG00000284867:ENSG00000230284	85%	100GB	positive	FusionSeeker	false_fusion	11	1	False_Call
ENSG00000284867:ENSG00000230284	90%	100GB	positive	CTAT-LR-Fusion	false_fusion	37	2	False_Call
ENSG00000284867:ENSG00000230284	90%	100GB	positive	FusionSeeker	false_fusion	5	2	False_Call
ENSG00000284867:ENSG00000230284	95%	100GB	positive	FusionSeeker	false_fusion	7	1	False_Call
ENSG00000284867:ENSG00000230284	95%	10GB	positive	CTAT-LR-Fusion	false_fusion	3	1	False_Call
ENSG00000284906:ENSG00000113758	85%	100GB	positive	FusionSeeker	reverse_order:truncated_tri_fusion	11	1	Partial_Recall
ENSG00000284906:ENSG00000113758	90%	100GB	positive	FusionSeeker	reverse_order:truncated_tri_fusion	56	1	Partial_Recall
ENSG00000284906:ENSG00000113758	95%	100GB	positive	FusionSeeker	reverse_order:truncated_tri_fusion	31	1	Partial_Recall
ENSG00000284906:ENSG00000147041	85%	100GB	positive	FusionSeeker	truncated_tri_fusion	32	1	Partial_Recall
ENSG00000284906:ENSG00000147041	90%	100GB	positive	FusionSeeker	truncated_tri_fusion	26	1	Partial_Recall
ENSG00000284906:ENSG00000147041	90%	10GB	positive	FusionSeeker	truncated_tri_fusion	3	1	Partial_Recall
ENSG00000284906:ENSG00000147041	95%	100GB	positive	FusionSeeker	truncated_tri_fusion	24	1	Partial_Recall
ENSG00000284906:ENSG00000147041	95%	10GB	positive	FusionSeeker	truncated_tri_fusion	4	2	Partial_Recall
ENSG00000284906:ENSG00000147041	95%	10GB	positive	GFSeeker	truncated_tri_fusion	2	2	Partial_Recall
ENSG00000284962:ENSG00000230284	85%	100GB	positive	FusionSeeker	false_fusion	10	1	False_Call
ENSG00000284962:ENSG00000230284	85%	10GB	positive	FusionSeeker	false_fusion	2	1	False_Call
ENSG00000284962:ENSG00000230284	90%	100GB	positive	FusionSeeker	false_fusion	17	1	False_Call
ENSG00000284962:ENSG00000230284	90%	10GB	positive	FusionSeeker	false_fusion	3	1	False_Call
ENSG00000284962:ENSG00000230284	95%	100GB	positive	FusionSeeker	false_fusion	8	1	False_Call
ENSG00000285000:ENSG00000284762	85%	100GB	negative	FusionSeeker	false_fusion	9	1	False_Call
ENSG00000285000:ENSG00000284762	85%	100GB	positive	FusionSeeker	false_fusion	6	1	False_Call
ENSG00000285000:ENSG00000284762	90%	100GB	negative	FusionSeeker	false_fusion	3	1	False_Call
ENSG00000285000:ENSG00000284762	90%	100GB	positive	FusionSeeker	false_fusion	6	1	False_Call
ENSG00000285000:ENSG00000284762	95%	100GB	negative	FusionSeeker	false_fusion	2	1	False_Call
ENSG00000285043:ENSG00000087086	85%	100GB	positive	FusionSeeker	false_fusion	2	1	False_Call
ENSG00000285043:ENSG00000156508	90%	100GB	negative	FusionSeeker	false_fusion	2	1	False_Call
ENSG00000285053:ENSG00000170144	85%	100GB	positive	FusionSeeker	false_fusion	7	1	False_Call
ENSG00000285053:ENSG00000170144	90%	100GB	positive	FusionSeeker	false_fusion	3	1	False_Call
ENSG00000285053:ENSG00000170144	95%	100GB	positive	FusionSeeker	false_fusion	10	1	False_Call
ENSG00000285053:ENSG00000170144	95%	10GB	positive	FusionSeeker	false_fusion	2	1	False_Call
ENSG00000285053:ENSG00000198551	85%	100GB	positive	FusionSeeker	truncated_tri_fusion	15	2	Partial_Recall
ENSG00000285053:ENSG00000198551	85%	100GB	positive	JAFFAL	truncated_tri_fusion	8	2	Partial_Recall
ENSG00000285053:ENSG00000198551	90%	100GB	positive	FusionSeeker	truncated_tri_fusion	22	2	Partial_Recall
ENSG00000285053:ENSG00000198551	90%	100GB	positive	JAFFAL	truncated_tri_fusion	20	2	Partial_Recall
ENSG00000285053:ENSG00000198551	90%	10GB	positive	FusionSeeker	truncated_tri_fusion	3	2	Partial_Recall
ENSG00000285053:ENSG00000198551	90%	10GB	positive	JAFFAL	truncated_tri_fusion	3	2	Partial_Recall
ENSG00000285053:ENSG00000198551	95%	100GB	positive	FusionSeeker	truncated_tri_fusion	25	2	Partial_Recall
ENSG00000285053:ENSG00000198551	95%	100GB	positive	JAFFAL	truncated_tri_fusion	25	2	Partial_Recall
ENSG00000285053:ENSG00000198551	95%	10GB	positive	FusionSeeker	truncated_tri_fusion	5	2	Partial_Recall
ENSG00000285053:ENSG00000198551	95%	10GB	positive	JAFFAL	truncated_tri_fusion	5	2	Partial_Recall
ENSG00000285053:ENSG00000198551:ENSG00000170144	85%	100GB	positive	JAFFAL	tri_fusion	4	1	True_Recall
ENSG00000285053:ENSG00000198551:ENSG00000170144	90%	100GB	positive	JAFFAL	tri_fusion	3	1	True_Recall
ENSG00000285053:ENSG00000198551:ENSG00000170144	95%	100GB	positive	JAFFAL	tri_fusion	11	1	True_Recall
ENSG00000285053:ENSG00000198551:ENSG00000170144	95%	10GB	positive	JAFFAL	tri_fusion	2	1	True_Recall
ENSG00000285076:ENSG00000230284	85%	100GB	positive	FusionSeeker	false_fusion	7	1	False_Call
ENSG00000285076:ENSG00000230284	90%	100GB	positive	FusionSeeker	false_fusion	11	1	False_Call
ENSG00000285076:ENSG00000230284	90%	10GB	positive	FusionSeeker	false_fusion	2	1	False_Call
ENSG00000285076:ENSG00000230284	95%	100GB	positive	FusionSeeker	false_fusion	10	1	False_Call
ENSG00000285076:ENSG00000230284	95%	10GB	positive	FusionSeeker	false_fusion	2	1	False_Call
ENSG00000285077:ENSG00000113758	85%	100GB	positive	FusionSeeker	false_fusion	8	1	False_Call
ENSG00000285077:ENSG00000113758	90%	100GB	positive	FusionSeeker	false_fusion	36	1	False_Call
ENSG00000285077:ENSG00000113758	95%	100GB	positive	FusionSeeker	false_fusion	50	1	False_Call
ENSG00000285082:ENSG00000284977	85%	100GB	negative	FusionSeeker	false_fusion	49	1	False_Call
ENSG00000285082:ENSG00000284977	85%	100GB	positive	FusionSeeker	false_fusion	49	1	False_Call
ENSG00000285082:ENSG00000284977	85%	10GB	negative	FusionSeeker	false_fusion	7	1	False_Call
ENSG00000285082:ENSG00000284977	85%	10GB	positive	FusionSeeker	false_fusion	3	1	False_Call
ENSG00000285082:ENSG00000284977	90%	100GB	negative	FusionSeeker	false_fusion	72	1	False_Call
ENSG00000285082:ENSG00000284977	90%	100GB	positive	FusionSeeker	false_fusion	63	1	False_Call
ENSG00000285082:ENSG00000284977	90%	10GB	negative	FusionSeeker	false_fusion	4	1	False_Call
ENSG00000285082:ENSG00000284977	90%	10GB	positive	FusionSeeker	false_fusion	3	1	False_Call
ENSG00000285082:ENSG00000284977	95%	100GB	negative	FusionSeeker	false_fusion	82	1	False_Call
ENSG00000285082:ENSG00000284977	95%	100GB	positive	FusionSeeker	false_fusion	79	1	False_Call
ENSG00000285082:ENSG00000284977	95%	10GB	negative	FusionSeeker	false_fusion	4	1	False_Call
ENSG00000285082:ENSG00000284977	95%	10GB	positive	FusionSeeker	false_fusion	8	1	False_Call
ENSG00000285115:ENSG00000230284	85%	100GB	positive	FusionSeeker	false_fusion	2	1	False_Call
ENSG00000285130:ENSG00000165060	90%	100GB	positive	JAFFAL	false_fusion	4	1	False_Call
ENSG00000285130:ENSG00000165060	95%	100GB	positive	JAFFAL	false_fusion	10	1	False_Call
ENSG00000285130:ENSG00000165060	95%	10GB	positive	JAFFAL	false_fusion	2	1	False_Call
ENSG00000285171:ENSG00000087111	95%	100GB	positive	JAFFAL	hybrid	12	1	True_Recall
ENSG00000285212:ENSG00000198221	85%	100GB	positive	FusionSeeker	false_fusion:Sense-Antisense	31	1	False_Call
ENSG00000285212:ENSG00000198221	85%	10GB	positive	FusionSeeker	false_fusion:Sense-Antisense	2	1	False_Call
ENSG00000285212:ENSG00000198221	90%	100GB	positive	FusionSeeker	false_fusion:Sense-Antisense	28	1	False_Call
ENSG00000285212:ENSG00000198221	90%	10GB	positive	FusionSeeker	false_fusion:Sense-Antisense	5	1	False_Call
ENSG00000285212:ENSG00000198221	95%	100GB	positive	FusionSeeker	false_fusion:Sense-Antisense	38	1	False_Call
ENSG00000285212:ENSG00000198221	95%	10GB	positive	FusionSeeker	false_fusion:Sense-Antisense	3	1	False_Call
ENSG00000285216:ENSG00000285219	85%	100GB	negative	FusionSeeker	false_fusion	1648	1	False_Call
ENSG00000285216:ENSG00000285219	85%	100GB	positive	FusionSeeker	false_fusion	1619	1	False_Call
ENSG00000285216:ENSG00000285219	85%	10GB	negative	FusionSeeker	false_fusion	134	1	False_Call
ENSG00000285216:ENSG00000285219	85%	10GB	positive	FusionSeeker	false_fusion	138	1	False_Call
ENSG00000285216:ENSG00000285219	85%	1GB	negative	FusionSeeker	false_fusion	12	1	False_Call
ENSG00000285216:ENSG00000285219	85%	1GB	positive	FusionSeeker	false_fusion	9	1	False_Call
ENSG00000285216:ENSG00000285219	90%	100GB	negative	FusionSeeker	false_fusion	2012	1	False_Call
ENSG00000285216:ENSG00000285219	90%	100GB	positive	FusionSeeker	false_fusion	2018	1	False_Call
ENSG00000285216:ENSG00000285219	90%	10GB	negative	FusionSeeker	false_fusion	202	1	False_Call
ENSG00000285216:ENSG00000285219	90%	10GB	positive	FusionSeeker	false_fusion	168	1	False_Call
ENSG00000285216:ENSG00000285219	90%	1GB	negative	FusionSeeker	false_fusion	9	1	False_Call
ENSG00000285216:ENSG00000285219	90%	1GB	positive	FusionSeeker	false_fusion	20	1	False_Call
ENSG00000285216:ENSG00000285219	95%	100GB	negative	FusionSeeker	false_fusion	2059	1	False_Call
ENSG00000285216:ENSG00000285219	95%	100GB	positive	FusionSeeker	false_fusion	2177	1	False_Call
ENSG00000285216:ENSG00000285219	95%	10GB	negative	FusionSeeker	false_fusion	202	1	False_Call
ENSG00000285216:ENSG00000285219	95%	10GB	positive	FusionSeeker	false_fusion	202	1	False_Call
ENSG00000285216:ENSG00000285219	95%	1GB	negative	FusionSeeker	false_fusion	9	1	False_Call
ENSG00000285216:ENSG00000285219	95%	1GB	positive	FusionSeeker	false_fusion	15	1	False_Call
ENSG00000285219:ENSG00000100767	85%	100GB	positive	JAFFAL	false_fusion	6	1	False_Call
ENSG00000285219:ENSG00000100767	90%	100GB	positive	JAFFAL	false_fusion	12	1	False_Call
ENSG00000285219:ENSG00000100767	95%	100GB	positive	JAFFAL	false_fusion	12	1	False_Call
ENSG00000285220:ENSG00000141577	85%	100GB	positive	FusionSeeker	false_fusion	63	1	False_Call
ENSG00000285220:ENSG00000141577	85%	10GB	positive	FusionSeeker	false_fusion	3	1	False_Call
ENSG00000285220:ENSG00000141577	90%	100GB	positive	FusionSeeker	false_fusion	124	1	False_Call
ENSG00000285220:ENSG00000141577	90%	10GB	positive	FusionSeeker	false_fusion	12	1	False_Call
ENSG00000285220:ENSG00000141577	95%	100GB	positive	FusionSeeker	false_fusion	121	1	False_Call
ENSG00000285220:ENSG00000141577	95%	10GB	positive	FusionSeeker	false_fusion	14	1	False_Call
ENSG00000285370:ENSG00000230284	85%	100GB	positive	FusionSeeker	false_fusion	8	1	False_Call
ENSG00000285370:ENSG00000230284	90%	100GB	positive	FusionSeeker	false_fusion	9	1	False_Call
ENSG00000285370:ENSG00000230284	95%	100GB	positive	FusionSeeker	false_fusion	9	1	False_Call
ENSG00000285407:ENSG00000189283	90%	100GB	negative	FusionSeeker	false_fusion	7	1	False_Call
ENSG00000285407:ENSG00000189283	90%	100GB	positive	FusionSeeker	false_fusion	6	1	False_Call
ENSG00000285407:ENSG00000189283	95%	100GB	negative	FusionSeeker	false_fusion	2	1	False_Call
ENSG00000285407:ENSG00000189283	95%	100GB	positive	FusionSeeker	false_fusion	6	1	False_Call
ENSG00000285412:ENSG00000106069	95%	100GB	positive	CTAT-LR-Fusion	false_fusion	11	1	False_Call
ENSG00000285541:ENSG00000188803	85%	100GB	negative	FusionSeeker	false_fusion:Sense-Antisense	4	1	False_Call
ENSG00000285541:ENSG00000188803	85%	100GB	positive	FusionSeeker	false_fusion:Sense-Antisense	3	1	False_Call
ENSG00000285550:ENSG00000267337	85%	100GB	negative	FusionSeeker	false_fusion:Sense-Antisense	172	1	False_Call
ENSG00000285550:ENSG00000267337	85%	100GB	positive	FusionSeeker	false_fusion:Sense-Antisense	158	1	False_Call
ENSG00000285550:ENSG00000267337	85%	10GB	negative	FusionSeeker	false_fusion:Sense-Antisense	12	1	False_Call
ENSG00000285550:ENSG00000267337	85%	10GB	positive	FusionSeeker	false_fusion:Sense-Antisense	16	1	False_Call
ENSG00000285550:ENSG00000267337	85%	1GB	negative	FusionSeeker	false_fusion:Sense-Antisense	2	1	False_Call
ENSG00000285550:ENSG00000267337	90%	100GB	negative	FusionSeeker	false_fusion:Sense-Antisense	185	1	False_Call
ENSG00000285550:ENSG00000267337	90%	100GB	positive	FusionSeeker	false_fusion:Sense-Antisense	179	1	False_Call
ENSG00000285550:ENSG00000267337	90%	10GB	negative	FusionSeeker	false_fusion:Sense-Antisense	12	1	False_Call
ENSG00000285550:ENSG00000267337	90%	10GB	positive	FusionSeeker	false_fusion:Sense-Antisense	19	1	False_Call
ENSG00000285550:ENSG00000267337	90%	1GB	negative	FusionSeeker	false_fusion:Sense-Antisense	2	1	False_Call
ENSG00000285550:ENSG00000267337	95%	100GB	negative	FusionSeeker	false_fusion:Sense-Antisense	138	1	False_Call
ENSG00000285550:ENSG00000267337	95%	100GB	positive	FusionSeeker	false_fusion:Sense-Antisense	147	1	False_Call
ENSG00000285550:ENSG00000267337	95%	10GB	negative	FusionSeeker	false_fusion:Sense-Antisense	12	1	False_Call
ENSG00000285550:ENSG00000267337	95%	10GB	positive	FusionSeeker	false_fusion:Sense-Antisense	10	1	False_Call
ENSG00000285550:ENSG00000267337	95%	1GB	negative	FusionSeeker	false_fusion:Sense-Antisense	2	1	False_Call
ENSG00000285565:ENSG00000141499	85%	100GB	positive	JAFFAL	hybrid	22	1	True_Recall
ENSG00000285565:ENSG00000141499	90%	100GB	positive	JAFFAL	hybrid	31	1	True_Recall
ENSG00000285565:ENSG00000141499	95%	100GB	positive	JAFFAL	hybrid	49	1	True_Recall
ENSG00000285565:ENSG00000141499	95%	10GB	positive	JAFFAL	hybrid	3	1	True_Recall
ENSG00000285629:ENSG00000055070	85%	100GB	positive	FusionSeeker	false_fusion	5	1	False_Call
ENSG00000285629:ENSG00000085276	85%	100GB	negative	FusionSeeker	false_fusion	8	1	False_Call
ENSG00000285629:ENSG00000085276	85%	100GB	positive	FusionSeeker	false_fusion	6	1	False_Call
ENSG00000285629:ENSG00000085276	90%	100GB	positive	FusionSeeker	false_fusion	3	1	False_Call
ENSG00000285629:ENSG00000213653	85%	100GB	positive	FusionSeeker	false_fusion	3	1	False_Call
ENSG00000285629:ENSG00000230171	85%	100GB	positive	FusionSeeker	false_fusion	2	1	False_Call
ENSG00000285629:ENSG00000233707	85%	100GB	negative	FusionSeeker	false_fusion	2	1	False_Call
ENSG00000285629:ENSG00000241081	85%	100GB	negative	FusionSeeker	false_fusion	2	1	False_Call
ENSG00000285629:ENSG00000241081	85%	100GB	positive	FusionSeeker	false_fusion	3	1	False_Call
ENSG00000285629:ENSG00000241081	85%	10GB	positive	FusionSeeker	false_fusion	2	1	False_Call
ENSG00000285673:ENSG00000271955	85%	100GB	negative	FusionSeeker	false_fusion:Sense-Antisense	15	1	False_Call
ENSG00000285673:ENSG00000271955	85%	100GB	positive	FusionSeeker	false_fusion:Sense-Antisense	11	1	False_Call
ENSG00000285673:ENSG00000271955	85%	10GB	positive	FusionSeeker	false_fusion:Sense-Antisense	3	1	False_Call
ENSG00000285673:ENSG00000271955	90%	100GB	negative	FusionSeeker	false_fusion:Sense-Antisense	31	1	False_Call
ENSG00000285673:ENSG00000271955	90%	100GB	positive	FusionSeeker	false_fusion:Sense-Antisense	40	1	False_Call
ENSG00000285673:ENSG00000271955	90%	10GB	negative	FusionSeeker	false_fusion:Sense-Antisense	4	1	False_Call
ENSG00000285673:ENSG00000271955	90%	10GB	positive	FusionSeeker	false_fusion:Sense-Antisense	2	1	False_Call
ENSG00000285673:ENSG00000271955	95%	100GB	negative	FusionSeeker	false_fusion:Sense-Antisense	31	1	False_Call
ENSG00000285673:ENSG00000271955	95%	100GB	positive	FusionSeeker	false_fusion:Sense-Antisense	34	1	False_Call
ENSG00000285673:ENSG00000271955	95%	10GB	negative	FusionSeeker	false_fusion:Sense-Antisense	4	1	False_Call
ENSG00000285783:ENSG00000164162	85%	100GB	negative	FusionSeeker	false_fusion	14	1	False_Call
ENSG00000285783:ENSG00000164162	85%	100GB	positive	FusionSeeker	false_fusion	15	1	False_Call
ENSG00000285783:ENSG00000164162	90%	100GB	negative	FusionSeeker	false_fusion	16	1	False_Call
ENSG00000285783:ENSG00000164162	90%	100GB	positive	FusionSeeker	false_fusion	31	1	False_Call
ENSG00000285783:ENSG00000164162	90%	10GB	positive	FusionSeeker	false_fusion	3	1	False_Call
ENSG00000285783:ENSG00000164162	95%	100GB	negative	FusionSeeker	false_fusion	33	1	False_Call
ENSG00000285783:ENSG00000164162	95%	100GB	positive	FusionSeeker	false_fusion	36	1	False_Call
ENSG00000285783:ENSG00000164162	95%	10GB	positive	FusionSeeker	false_fusion	5	1	False_Call
ENSG00000285844:ENSG00000185760	85%	100GB	negative	FusionSeeker	false_fusion	30	1	False_Call
ENSG00000285844:ENSG00000185760	85%	100GB	positive	FusionSeeker	false_fusion	36	1	False_Call
ENSG00000285844:ENSG00000185760	85%	10GB	positive	FusionSeeker	false_fusion	2	1	False_Call
ENSG00000285844:ENSG00000185760	90%	100GB	negative	FusionSeeker	false_fusion	33	1	False_Call
ENSG00000285844:ENSG00000185760	90%	100GB	positive	FusionSeeker	false_fusion	31	1	False_Call
ENSG00000285844:ENSG00000185760	90%	10GB	negative	FusionSeeker	false_fusion	3	1	False_Call
ENSG00000285844:ENSG00000185760	90%	10GB	positive	FusionSeeker	false_fusion	5	1	False_Call
ENSG00000285844:ENSG00000185760	95%	100GB	negative	FusionSeeker	false_fusion	29	1	False_Call
ENSG00000285844:ENSG00000185760	95%	100GB	positive	FusionSeeker	false_fusion	39	1	False_Call
ENSG00000285844:ENSG00000185760	95%	10GB	negative	FusionSeeker	false_fusion	3	1	False_Call
ENSG00000285844:ENSG00000185760	95%	10GB	positive	FusionSeeker	false_fusion	5	1	False_Call
ENSG00000285851:ENSG00000231064	85%	100GB	positive	FusionSeeker	false_fusion	39	1	False_Call
ENSG00000285851:ENSG00000231064	85%	10GB	positive	FusionSeeker	false_fusion	2	1	False_Call
ENSG00000285851:ENSG00000231064	90%	100GB	positive	FusionSeeker	false_fusion	27	1	False_Call
ENSG00000285851:ENSG00000231064	90%	10GB	positive	FusionSeeker	false_fusion	2	1	False_Call
ENSG00000285851:ENSG00000231064	95%	100GB	positive	FusionSeeker	false_fusion	39	1	False_Call
ENSG00000285851:ENSG00000231064	95%	10GB	positive	FusionSeeker	false_fusion	4	1	False_Call
ENSG00000285966:ENSG00000137818	85%	100GB	negative	FusionSeeker	false_fusion	31	1	False_Call
ENSG00000285966:ENSG00000137818	85%	100GB	positive	FusionSeeker	false_fusion	28	1	False_Call
ENSG00000285966:ENSG00000137818	85%	10GB	negative	FusionSeeker	false_fusion	2	1	False_Call
ENSG00000285966:ENSG00000137818	85%	10GB	positive	FusionSeeker	false_fusion	5	1	False_Call
ENSG00000285971:ENSG00000185942	85%	100GB	negative	FusionSeeker	false_fusion:Sense-Antisense	203	1	False_Call
ENSG00000285971:ENSG00000185942	85%	100GB	positive	FusionSeeker	false_fusion:Sense-Antisense	226	1	False_Call
ENSG00000285971:ENSG00000185942	85%	10GB	negative	FusionSeeker	false_fusion:Sense-Antisense	19	1	False_Call
ENSG00000285971:ENSG00000185942	85%	10GB	positive	FusionSeeker	false_fusion:Sense-Antisense	22	1	False_Call
ENSG00000285971:ENSG00000185942	90%	100GB	negative	FusionSeeker	false_fusion:Sense-Antisense	284	1	False_Call
ENSG00000285971:ENSG00000185942	90%	100GB	positive	FusionSeeker	false_fusion:Sense-Antisense	283	1	False_Call
ENSG00000285971:ENSG00000185942	90%	10GB	negative	FusionSeeker	false_fusion:Sense-Antisense	30	1	False_Call
ENSG00000285971:ENSG00000185942	90%	10GB	positive	FusionSeeker	false_fusion:Sense-Antisense	21	1	False_Call
ENSG00000285971:ENSG00000185942	90%	1GB	negative	FusionSeeker	false_fusion:Sense-Antisense	2	1	False_Call
ENSG00000285971:ENSG00000185942	95%	100GB	negative	FusionSeeker	false_fusion:Sense-Antisense	281	1	False_Call
ENSG00000285971:ENSG00000185942	95%	100GB	positive	FusionSeeker	false_fusion:Sense-Antisense	315	1	False_Call
ENSG00000285971:ENSG00000185942	95%	10GB	negative	FusionSeeker	false_fusion:Sense-Antisense	30	1	False_Call
ENSG00000285971:ENSG00000185942	95%	10GB	positive	FusionSeeker	false_fusion:Sense-Antisense	39	1	False_Call
ENSG00000285971:ENSG00000185942	95%	1GB	negative	FusionSeeker	false_fusion:Sense-Antisense	2	1	False_Call
ENSG00000285971:ENSG00000185942	95%	1GB	positive	FusionSeeker	false_fusion:Sense-Antisense	3	1	False_Call
ENSG00000285982:ENSG00000176406	85%	100GB	negative	FusionSeeker	false_fusion:Sense-Antisense	3	1	False_Call
ENSG00000285982:ENSG00000176406	85%	100GB	positive	FusionSeeker	false_fusion:Sense-Antisense	6	1	False_Call
ENSG00000285982:ENSG00000176406	85%	10GB	positive	FusionSeeker	false_fusion:Sense-Antisense	2	1	False_Call
ENSG00000286001:ENSG00000188002	90%	100GB	positive	FusionSeeker	false_fusion	2	1	False_Call
ENSG00000286147:ENSG00000155011	85%	100GB	negative	FusionSeeker	false_fusion:Sense-Antisense	31	1	False_Call
ENSG00000286147:ENSG00000155011	85%	100GB	positive	FusionSeeker	false_fusion:Sense-Antisense	21	1	False_Call
ENSG00000286147:ENSG00000155011	85%	10GB	negative	FusionSeeker	false_fusion:Sense-Antisense	2	1	False_Call
ENSG00000286147:ENSG00000155011	90%	100GB	negative	FusionSeeker	false_fusion:Sense-Antisense	45	1	False_Call
ENSG00000286147:ENSG00000155011	90%	100GB	positive	FusionSeeker	false_fusion:Sense-Antisense	55	1	False_Call
ENSG00000286147:ENSG00000155011	90%	10GB	negative	FusionSeeker	false_fusion:Sense-Antisense	6	1	False_Call
ENSG00000286147:ENSG00000155011	90%	10GB	positive	FusionSeeker	false_fusion:Sense-Antisense	2	1	False_Call
ENSG00000286147:ENSG00000155011	95%	100GB	negative	FusionSeeker	false_fusion:Sense-Antisense	66	1	False_Call
ENSG00000286147:ENSG00000155011	95%	100GB	positive	FusionSeeker	false_fusion:Sense-Antisense	72	1	False_Call
ENSG00000286147:ENSG00000155011	95%	10GB	negative	FusionSeeker	false_fusion:Sense-Antisense	6	1	False_Call
ENSG00000286147:ENSG00000155011	95%	10GB	positive	FusionSeeker	false_fusion:Sense-Antisense	5	1	False_Call
ENSG00000286221:ENSG00000260896	95%	100GB	positive	JAFFAL	false_fusion	2	1	False_Call
ENSG00000286279:ENSG00000243701	90%	100GB	negative	FusionSeeker	false_fusion	2	1	False_Call
ENSG00000286279:ENSG00000243701	90%	100GB	positive	FusionSeeker	false_fusion	2	1	False_Call
ENSG00000286353:ENSG00000157445	85%	100GB	negative	FusionSeeker	false_fusion:Sense-Antisense	3	1	False_Call
ENSG00000286353:ENSG00000157445	85%	100GB	positive	FusionSeeker	false_fusion:Sense-Antisense	15	1	False_Call
ENSG00000286353:ENSG00000157445	90%	100GB	negative	FusionSeeker	false_fusion:Sense-Antisense	2	1	False_Call
ENSG00000286353:ENSG00000157445	90%	100GB	positive	FusionSeeker	false_fusion:Sense-Antisense	3	1	False_Call
ENSG00000286353:ENSG00000157445	95%	100GB	positive	FusionSeeker	false_fusion:Sense-Antisense	2	1	False_Call
ENSG00000286480:ENSG00000143951	85%	100GB	negative	FusionSeeker	false_fusion:Sense-Antisense	14	1	False_Call
ENSG00000286480:ENSG00000143951	85%	100GB	positive	FusionSeeker	false_fusion:Sense-Antisense	7	1	False_Call
ENSG00000286480:ENSG00000143951	85%	10GB	negative	FusionSeeker	false_fusion:Sense-Antisense	3	1	False_Call
ENSG00000286480:ENSG00000143951	90%	100GB	negative	FusionSeeker	false_fusion:Sense-Antisense	3	1	False_Call
ENSG00000286480:ENSG00000143951	90%	100GB	positive	FusionSeeker	false_fusion:Sense-Antisense	5	1	False_Call
ENSG00000286480:ENSG00000143951	95%	100GB	negative	FusionSeeker	false_fusion:Sense-Antisense	2	1	False_Call
ENSG00000286577:ENSG00000185261	85%	100GB	negative	FusionSeeker	false_fusion:Sense-Antisense	78	1	False_Call
ENSG00000286577:ENSG00000185261	85%	100GB	positive	FusionSeeker	false_fusion:Sense-Antisense	77	1	False_Call
ENSG00000286577:ENSG00000185261	85%	10GB	negative	FusionSeeker	false_fusion:Sense-Antisense	8	1	False_Call
ENSG00000286577:ENSG00000185261	85%	10GB	positive	FusionSeeker	false_fusion:Sense-Antisense	6	1	False_Call
ENSG00000286577:ENSG00000185261	90%	100GB	negative	FusionSeeker	false_fusion:Sense-Antisense	101	1	False_Call
ENSG00000286577:ENSG00000185261	90%	100GB	positive	FusionSeeker	false_fusion:Sense-Antisense	70	1	False_Call
ENSG00000286577:ENSG00000185261	90%	10GB	negative	FusionSeeker	false_fusion:Sense-Antisense	14	1	False_Call
ENSG00000286577:ENSG00000185261	90%	10GB	positive	FusionSeeker	false_fusion:Sense-Antisense	6	1	False_Call
ENSG00000286577:ENSG00000185261	95%	100GB	negative	FusionSeeker	false_fusion:Sense-Antisense	99	1	False_Call
ENSG00000286577:ENSG00000185261	95%	100GB	positive	FusionSeeker	false_fusion:Sense-Antisense	90	1	False_Call
ENSG00000286577:ENSG00000185261	95%	10GB	negative	FusionSeeker	false_fusion:Sense-Antisense	14	1	False_Call
ENSG00000286577:ENSG00000185261	95%	10GB	positive	FusionSeeker	false_fusion:Sense-Antisense	8	1	False_Call
ENSG00000286596:ENSG00000169851	85%	100GB	negative	FusionSeeker	false_fusion:Sense-Antisense	3	1	False_Call
ENSG00000286596:ENSG00000169851	85%	100GB	positive	FusionSeeker	false_fusion:Sense-Antisense	4	1	False_Call
ENSG00000286596:ENSG00000169851	85%	10GB	positive	FusionSeeker	false_fusion:Sense-Antisense	2	1	False_Call
ENSG00000286596:ENSG00000169851	95%	100GB	negative	FusionSeeker	false_fusion:Sense-Antisense	6	1	False_Call
ENSG00000286622:ENSG00000175806	85%	100GB	negative	FusionSeeker	false_fusion:Sense-Antisense	31	1	False_Call
ENSG00000286622:ENSG00000175806	85%	100GB	positive	FusionSeeker	false_fusion:Sense-Antisense	38	1	False_Call
ENSG00000286622:ENSG00000175806	85%	10GB	negative	FusionSeeker	false_fusion:Sense-Antisense	2	1	False_Call
ENSG00000286622:ENSG00000175806	85%	10GB	positive	FusionSeeker	false_fusion:Sense-Antisense	2	1	False_Call
ENSG00000286622:ENSG00000175806	90%	100GB	negative	FusionSeeker	false_fusion:Sense-Antisense	7	1	False_Call
ENSG00000286622:ENSG00000175806	90%	100GB	positive	FusionSeeker	false_fusion:Sense-Antisense	4	1	False_Call
ENSG00000286738:ENSG00000249395	85%	100GB	positive	FusionSeeker	false_fusion	2	1	False_Call
ENSG00000286749:ENSG00000249484	85%	100GB	negative	FusionSeeker	false_fusion:Sense-Antisense	4	1	False_Call
ENSG00000286749:ENSG00000249484	85%	100GB	positive	FusionSeeker	false_fusion:Sense-Antisense	16	1	False_Call
ENSG00000286749:ENSG00000249484	90%	100GB	negative	FusionSeeker	false_fusion:Sense-Antisense	35	1	False_Call
ENSG00000286749:ENSG00000249484	90%	100GB	positive	FusionSeeker	false_fusion:Sense-Antisense	30	1	False_Call
ENSG00000286749:ENSG00000249484	90%	10GB	negative	FusionSeeker	false_fusion:Sense-Antisense	7	1	False_Call
ENSG00000286749:ENSG00000249484	90%	10GB	positive	FusionSeeker	false_fusion:Sense-Antisense	4	1	False_Call
ENSG00000286749:ENSG00000249484	95%	100GB	negative	FusionSeeker	false_fusion:Sense-Antisense	37	1	False_Call
ENSG00000286749:ENSG00000249484	95%	100GB	positive	FusionSeeker	false_fusion:Sense-Antisense	42	1	False_Call
ENSG00000286749:ENSG00000249484	95%	10GB	negative	FusionSeeker	false_fusion:Sense-Antisense	7	1	False_Call
ENSG00000286749:ENSG00000249484	95%	10GB	positive	FusionSeeker	false_fusion:Sense-Antisense	5	1	False_Call
ENSG00000286799:ENSG00000257497	85%	100GB	positive	CTAT-LR-Fusion	truncated_tri_fusion	13	2	Partial_Recall
ENSG00000286799:ENSG00000257497	85%	100GB	positive	JAFFAL	truncated_tri_fusion	26	2	Partial_Recall
ENSG00000286799:ENSG00000257497	90%	100GB	positive	CTAT-LR-Fusion	truncated_tri_fusion	29	2	Partial_Recall
ENSG00000286799:ENSG00000257497	90%	100GB	positive	JAFFAL	truncated_tri_fusion	31	2	Partial_Recall
ENSG00000286799:ENSG00000257497	95%	100GB	positive	CTAT-LR-Fusion	truncated_tri_fusion	24	2	Partial_Recall
ENSG00000286799:ENSG00000257497	95%	100GB	positive	JAFFAL	truncated_tri_fusion	33	2	Partial_Recall
ENSG00000286799:ENSG00000257497	95%	10GB	positive	CTAT-LR-Fusion	truncated_tri_fusion	4	2	Partial_Recall
ENSG00000286799:ENSG00000257497	95%	10GB	positive	JAFFAL	truncated_tri_fusion	5	2	Partial_Recall
ENSG00000286863:ENSG00000225087	85%	100GB	negative	FusionSeeker	false_fusion:Sense-Antisense	3	1	False_Call
ENSG00000286863:ENSG00000225087	85%	100GB	positive	FusionSeeker	false_fusion:Sense-Antisense	3	1	False_Call
ENSG00000286895:ENSG00000124562	85%	100GB	negative	FusionSeeker	false_fusion	2	1	False_Call
ENSG00000287474:ENSG00000128573	90%	100GB	negative	FusionSeeker	false_fusion	2	1	False_Call
ENSG00000287474:ENSG00000128573	95%	100GB	negative	FusionSeeker	false_fusion	3	1	False_Call
ENSG00000287474:ENSG00000128573	95%	100GB	positive	FusionSeeker	false_fusion	4	1	False_Call
ENSG00000287505:ENSG00000224957	85%	100GB	negative	FusionSeeker	false_fusion:Sense-Antisense	11	1	False_Call
ENSG00000287505:ENSG00000224957	85%	100GB	positive	FusionSeeker	false_fusion:Sense-Antisense	2	1	False_Call
ENSG00000287505:ENSG00000224957	90%	100GB	negative	FusionSeeker	false_fusion:Sense-Antisense	2	1	False_Call
ENSG00000287505:ENSG00000224957	90%	100GB	positive	FusionSeeker	false_fusion:Sense-Antisense	2	1	False_Call
ENSG00000287505:ENSG00000224957	95%	100GB	negative	FusionSeeker	false_fusion:Sense-Antisense	2	1	False_Call
ENSG00000287526:ENSG00000102309	85%	100GB	negative	FusionSeeker	false_fusion	2	1	False_Call
ENSG00000287700:ENSG00000233928	85%	100GB	negative	FusionSeeker	false_fusion:Sense-Antisense	60	1	False_Call
ENSG00000287700:ENSG00000233928	85%	100GB	positive	FusionSeeker	false_fusion:Sense-Antisense	49	1	False_Call
ENSG00000287700:ENSG00000233928	85%	10GB	negative	FusionSeeker	false_fusion:Sense-Antisense	2	1	False_Call
ENSG00000287700:ENSG00000233928	90%	100GB	negative	FusionSeeker	false_fusion:Sense-Antisense	56	1	False_Call
ENSG00000287700:ENSG00000233928	90%	100GB	positive	FusionSeeker	false_fusion:Sense-Antisense	50	1	False_Call
ENSG00000287700:ENSG00000233928	90%	10GB	negative	FusionSeeker	false_fusion:Sense-Antisense	8	1	False_Call
ENSG00000287700:ENSG00000233928	90%	1GB	negative	FusionSeeker	false_fusion:Sense-Antisense	2	1	False_Call
ENSG00000287700:ENSG00000233928	95%	100GB	negative	FusionSeeker	false_fusion:Sense-Antisense	42	1	False_Call
ENSG00000287700:ENSG00000233928	95%	100GB	positive	FusionSeeker	false_fusion:Sense-Antisense	45	1	False_Call
ENSG00000287700:ENSG00000233928	95%	10GB	negative	FusionSeeker	false_fusion:Sense-Antisense	8	1	False_Call
ENSG00000287700:ENSG00000233928	95%	10GB	positive	FusionSeeker	false_fusion:Sense-Antisense	6	1	False_Call
ENSG00000287700:ENSG00000233928	95%	1GB	negative	FusionSeeker	false_fusion:Sense-Antisense	2	1	False_Call
ENSG00000287744:ENSG00000130226	85%	100GB	negative	FusionSeeker	false_fusion:Sense-Antisense	16	1	False_Call
ENSG00000287744:ENSG00000130226	85%	100GB	positive	FusionSeeker	false_fusion:Sense-Antisense	13	1	False_Call
ENSG00000287744:ENSG00000130226	90%	100GB	negative	FusionSeeker	false_fusion:Sense-Antisense	18	1	False_Call
ENSG00000287744:ENSG00000130226	90%	100GB	positive	FusionSeeker	false_fusion:Sense-Antisense	28	1	False_Call
ENSG00000287744:ENSG00000130226	95%	100GB	negative	FusionSeeker	false_fusion:Sense-Antisense	31	1	False_Call
ENSG00000287744:ENSG00000130226	95%	100GB	positive	FusionSeeker	false_fusion:Sense-Antisense	30	1	False_Call
ENSG00000287744:ENSG00000130226	95%	10GB	positive	FusionSeeker	false_fusion:Sense-Antisense	5	1	False_Call
ENSG00000287921:ENSG00000183780	85%	100GB	negative	FusionSeeker	false_fusion:Sense-Antisense	26	1	False_Call
ENSG00000287921:ENSG00000183780	85%	100GB	positive	FusionSeeker	false_fusion:Sense-Antisense	17	1	False_Call
ENSG00000287921:ENSG00000183780	85%	10GB	negative	FusionSeeker	false_fusion:Sense-Antisense	2	1	False_Call
ENSG00000287921:ENSG00000183780	85%	10GB	positive	FusionSeeker	false_fusion:Sense-Antisense	3	1	False_Call
ENSG00000287921:ENSG00000183780	90%	100GB	negative	FusionSeeker	false_fusion:Sense-Antisense	24	1	False_Call
ENSG00000287921:ENSG00000183780	90%	100GB	positive	FusionSeeker	false_fusion:Sense-Antisense	25	1	False_Call
ENSG00000287921:ENSG00000183780	90%	10GB	negative	FusionSeeker	false_fusion:Sense-Antisense	2	1	False_Call
ENSG00000287921:ENSG00000183780	90%	10GB	positive	FusionSeeker	false_fusion:Sense-Antisense	4	1	False_Call
ENSG00000287921:ENSG00000183780	90%	1GB	positive	FusionSeeker	false_fusion:Sense-Antisense	2	1	False_Call
ENSG00000287921:ENSG00000183780	95%	100GB	negative	FusionSeeker	false_fusion:Sense-Antisense	32	1	False_Call
ENSG00000287921:ENSG00000183780	95%	100GB	positive	FusionSeeker	false_fusion:Sense-Antisense	28	1	False_Call
ENSG00000287921:ENSG00000183780	95%	10GB	negative	FusionSeeker	false_fusion:Sense-Antisense	2	1	False_Call
ENSG00000287921:ENSG00000183780	95%	10GB	positive	FusionSeeker	false_fusion:Sense-Antisense	6	1	False_Call
ENSG00000288534:ENSG00000255872	85%	100GB	negative	FusionSeeker	false_fusion	3	1	False_Call
ENSG00000288534:ENSG00000255872	85%	100GB	positive	FusionSeeker	false_fusion	2	1	False_Call
ENSG00000288637:ENSG00000109654	85%	100GB	positive	FusionSeeker	reverse_order: read_through	3	1	Partial_Recall
ENSG00000288637:ENSG00000109654	90%	100GB	positive	FusionSeeker	reverse_order: read_through	2	1	Partial_Recall
ENSG00000288714:ENSG00000234147	85%	100GB	negative	FusionSeeker	false_fusion:Sense-Antisense	3	1	False_Call
ENSG00000288714:ENSG00000234147	85%	100GB	positive	FusionSeeker	false_fusion:Sense-Antisense	2	1	False_Call
ENSG00000288714:ENSG00000234147	90%	100GB	positive	FusionSeeker	false_fusion:Sense-Antisense	2	1	False_Call
ENSG00000288769:ENSG00000111907	85%	100GB	positive	CTAT-LR-Fusion	hybrid	20	2	True_Recall
ENSG00000288769:ENSG00000111907	85%	100GB	positive	FusionSeeker	hybrid	43	2	True_Recall
ENSG00000288769:ENSG00000111907	85%	10GB	positive	CTAT-LR-Fusion	hybrid	2	2	True_Recall
ENSG00000288769:ENSG00000111907	85%	10GB	positive	FusionSeeker	hybrid	6	2	True_Recall
ENSG00000288769:ENSG00000111907	90%	100GB	positive	CTAT-LR-Fusion	hybrid	12	3	True_Recall
ENSG00000288769:ENSG00000111907	90%	100GB	positive	FusionSeeker	hybrid	36	3	True_Recall
ENSG00000288769:ENSG00000111907	90%	100GB	positive	JAFFAL	hybrid	8	3	True_Recall
ENSG00000288769:ENSG00000111907	90%	10GB	positive	CTAT-LR-Fusion	hybrid	2	2	True_Recall
ENSG00000288769:ENSG00000111907	90%	10GB	positive	FusionSeeker	hybrid	3	2	True_Recall
ENSG00000288769:ENSG00000111907	95%	100GB	positive	CTAT-LR-Fusion	hybrid	29	3	True_Recall
ENSG00000288769:ENSG00000111907	95%	100GB	positive	FusionSeeker	hybrid	34	3	True_Recall
ENSG00000288769:ENSG00000111907	95%	100GB	positive	JAFFAL	hybrid	25	3	True_Recall
ENSG00000288769:ENSG00000111907	95%	10GB	positive	FusionSeeker	hybrid	2	2	True_Recall
ENSG00000288769:ENSG00000111907	95%	10GB	positive	JAFFAL	hybrid	2	2	True_Recall
ENSG00000289039:ENSG00000095794	85%	100GB	positive	JAFFAL	intra_chromosome	8	1	True_Recall
ENSG00000289039:ENSG00000095794	85%	10GB	positive	CTAT-LR-Fusion	intra_chromosome	2	2	True_Recall
ENSG00000289039:ENSG00000095794	85%	10GB	positive	JAFFAL	intra_chromosome	2	2	True_Recall
ENSG00000289039:ENSG00000095794	90%	100GB	positive	CTAT-LR-Fusion	intra_chromosome	18	2	True_Recall
ENSG00000289039:ENSG00000095794	90%	100GB	positive	JAFFAL	intra_chromosome	28	2	True_Recall
ENSG00000289039:ENSG00000095794	90%	10GB	positive	CTAT-LR-Fusion	intra_chromosome	2	2	True_Recall
ENSG00000289039:ENSG00000095794	90%	10GB	positive	JAFFAL	intra_chromosome	2	2	True_Recall
ENSG00000289039:ENSG00000095794	95%	100GB	positive	CTAT-LR-Fusion	intra_chromosome	24	2	True_Recall
ENSG00000289039:ENSG00000095794	95%	100GB	positive	JAFFAL	intra_chromosome	39	2	True_Recall
ENSG00000289039:ENSG00000095794	95%	10GB	positive	CTAT-LR-Fusion	intra_chromosome	3	2	True_Recall
ENSG00000289039:ENSG00000095794	95%	10GB	positive	JAFFAL	intra_chromosome	6	2	True_Recall
ENSG00000289228:ENSG00000091513	85%	100GB	negative	FusionSeeker	false_fusion	2	1	False_Call
ENSG00000289397:ENSG00000178997	85%	100GB	positive	FusionSeeker	false_fusion	32	1	False_Call
ENSG00000289397:ENSG00000178997	85%	10GB	positive	FusionSeeker	false_fusion	10	1	False_Call
ENSG00000289397:ENSG00000178997	90%	100GB	positive	FusionSeeker	false_fusion	80	1	False_Call
ENSG00000289397:ENSG00000178997	95%	100GB	positive	FusionSeeker	false_fusion	49	1	False_Call
ENSG00000289397:ENSG00000178997	95%	10GB	positive	FusionSeeker	false_fusion	11	1	False_Call
ENSG00000289465:ENSG00000137710	85%	100GB	negative	FusionSeeker	false_fusion	9	1	False_Call
ENSG00000289465:ENSG00000137710	85%	100GB	positive	FusionSeeker	false_fusion	22	1	False_Call
ENSG00000289465:ENSG00000137710	90%	100GB	negative	FusionSeeker	false_fusion	8	1	False_Call
ENSG00000289465:ENSG00000137710	90%	100GB	positive	FusionSeeker	false_fusion	11	1	False_Call
ENSG00000289465:ENSG00000137710	95%	100GB	negative	FusionSeeker	false_fusion	2	1	False_Call
ENSG00000289465:ENSG00000137710	95%	100GB	positive	FusionSeeker	false_fusion	4	1	False_Call
ENSG00000289497:ENSG00000044115	85%	100GB	negative	FusionSeeker	false_fusion	2	1	False_Call
ENSG00000289809:ENSG00000015676	85%	100GB	positive	FusionSeeker	false_fusion	4	1	False_Call
ENSG00000289809:ENSG00000015676	85%	10GB	positive	FusionSeeker	false_fusion	3	1	False_Call
ENSG00000289809:ENSG00000015676	90%	100GB	positive	FusionSeeker	false_fusion	3	1	False_Call
ENSG00000289809:ENSG00000120254	85%	100GB	positive	FusionSeeker	false_fusion	3	1	False_Call
ENSG00000289809:ENSG00000120254	90%	100GB	negative	FusionSeeker	false_fusion	2	1	False_Call
ENSG00000289809:ENSG00000211459	90%	100GB	positive	FusionSeeker	false_fusion:mitochondrial_genomic	2	1	False_Call
ENSG00000290106:ENSG00000116205	85%	100GB	positive	JAFFAL	hybrid	21	1	True_Recall
ENSG00000290106:ENSG00000116205	90%	100GB	positive	JAFFAL	hybrid	17	1	True_Recall
ENSG00000290106:ENSG00000116205	90%	10GB	positive	JAFFAL	hybrid	2	1	True_Recall
ENSG00000290106:ENSG00000116205	95%	100GB	positive	JAFFAL	hybrid	28	1	True_Recall
ENSG00000290359:ENSG00000010671	90%	100GB	positive	FusionSeeker	false_fusion	2	1	False_Call
ENSG00000290359:ENSG00000261739	95%	100GB	positive	FusionSeeker	false_fusion	2	1	False_Call
ENSG00000290374:ENSG00000205444	90%	100GB	positive	CTAT-LR-Fusion	truncated_tri_fusion	20	1	Partial_Recall
ENSG00000290374:ENSG00000205444	90%	10GB	positive	CTAT-LR-Fusion	truncated_tri_fusion	2	1	Partial_Recall
ENSG00000290374:ENSG00000205444	95%	100GB	positive	CTAT-LR-Fusion	truncated_tri_fusion	25	1	Partial_Recall
ENSG00000290374:ENSG00000205444	95%	10GB	positive	CTAT-LR-Fusion	truncated_tri_fusion	3	1	Partial_Recall
ENSG00000290419:ENSG00000166548	85%	100GB	positive	JAFFAL	false_fusion	4	1	False_Call
ENSG00000290419:ENSG00000166548	90%	100GB	positive	CTAT-LR-Fusion	false_fusion	14	2	False_Call
ENSG00000290419:ENSG00000166548	90%	100GB	positive	JAFFAL	false_fusion	13	2	False_Call
ENSG00000290419:ENSG00000166548	95%	100GB	positive	CTAT-LR-Fusion	false_fusion	19	2	False_Call
ENSG00000290419:ENSG00000166548	95%	100GB	positive	JAFFAL	false_fusion	15	2	False_Call
ENSG00000290419:ENSG00000166548	95%	10GB	positive	CTAT-LR-Fusion	false_fusion	2	2	False_Call
ENSG00000290419:ENSG00000166548	95%	10GB	positive	JAFFAL	false_fusion	2	2	False_Call
ENSG00000290548:ENSG00000253816	95%	100GB	positive	FusionSeeker	false_fusion	2	1	False_Call
ENSG00000290606:ENSG00000267243	85%	100GB	negative	CTAT-LR-Fusion	false_fusion	15	1	False_Call
ENSG00000290606:ENSG00000267243	85%	100GB	positive	CTAT-LR-Fusion	false_fusion	26	1	False_Call
ENSG00000290606:ENSG00000267243	85%	10GB	negative	CTAT-LR-Fusion	false_fusion	2	1	False_Call
ENSG00000290606:ENSG00000267243	85%	10GB	positive	CTAT-LR-Fusion	false_fusion	2	1	False_Call
ENSG00000290606:ENSG00000267243	90%	100GB	negative	CTAT-LR-Fusion	false_fusion	21	1	False_Call
ENSG00000290606:ENSG00000267243	90%	100GB	positive	CTAT-LR-Fusion	false_fusion	11	1	False_Call
ENSG00000290606:ENSG00000267243	95%	100GB	negative	CTAT-LR-Fusion	false_fusion	11	1	False_Call
ENSG00000290606:ENSG00000267243	95%	100GB	positive	CTAT-LR-Fusion	false_fusion	16	1	False_Call
ENSG00000290689:ENSG00000160957	85%	100GB	positive	FusionSeeker	false_fusion	2	2	False_Call
ENSG00000290689:ENSG00000160957	85%	100GB	positive	JAFFAL	false_fusion	3	2	False_Call
ENSG00000290689:ENSG00000160957	90%	100GB	positive	FusionSeeker	false_fusion	5	2	False_Call
ENSG00000290689:ENSG00000160957	90%	100GB	positive	JAFFAL	false_fusion	2	2	False_Call
ENSG00000290689:ENSG00000160957	95%	100GB	positive	FusionSeeker	false_fusion	2	2	False_Call
ENSG00000290689:ENSG00000160957	95%	100GB	positive	JAFFAL	false_fusion	3	2	False_Call
ENSG00000290732:ENSG00000186088	90%	100GB	positive	JAFFAL	false_fusion	2	1	False_Call
ENSG00000290732:ENSG00000186088	95%	100GB	positive	JAFFAL	false_fusion	4	1	False_Call
ENSG00000290733:ENSG00000186088	95%	100GB	positive	CTAT-LR-Fusion	truncated_tri_fusion	38	1	Partial_Recall
ENSG00000290733:ENSG00000186088	95%	10GB	positive	CTAT-LR-Fusion	truncated_tri_fusion	7	1	Partial_Recall
ENSG00000290945:ENSG00000163682	85%	100GB	negative	FusionSeeker	false_fusion	4	1	False_Call
ENSG00000290945:ENSG00000163682	85%	100GB	positive	FusionSeeker	false_fusion	4	1	False_Call
ENSG00000290945:ENSG00000163682	90%	100GB	negative	FusionSeeker	false_fusion	3	1	False_Call
ENSG00000290945:ENSG00000163682	90%	100GB	positive	FusionSeeker	false_fusion	2	1	False_Call
ENSG00000290988:ENSG00000013375	90%	10GB	positive	CTAT-LR-Fusion	hybrid	2	1	True_Recall
ENSG00000290988:ENSG00000013375	95%	100GB	positive	CTAT-LR-Fusion	hybrid	15	1	True_Recall
ENSG00000290988:ENSG00000013375	95%	10GB	positive	CTAT-LR-Fusion	hybrid	2	1	True_Recall
ENSG00000291002:ENSG00000010671	95%	100GB	positive	FusionSeeker	false_fusion	4	1	False_Call
ENSG00000291002:ENSG00000186115	90%	100GB	positive	FusionSeeker	false_fusion	3	1	False_Call
ENSG00000291002:ENSG00000186115	95%	100GB	positive	FusionSeeker	false_fusion	4	1	False_Call
ENSG00000291031:ENSG00000227251	85%	100GB	positive	FusionSeeker	false_fusion	4	1	False_Call
ENSG00000291031:ENSG00000227251	90%	100GB	positive	FusionSeeker	false_fusion	16	1	False_Call
ENSG00000291031:ENSG00000227251	95%	100GB	positive	FusionSeeker	false_fusion	9	1	False_Call
ENSG00000291031:ENSG00000227837	85%	100GB	positive	FusionSeeker	reverse_order: intra_chromosome	6	1	Partial_Recall
ENSG00000291031:ENSG00000227837	90%	100GB	positive	FusionSeeker	reverse_order: intra_chromosome	10	1	Partial_Recall
ENSG00000291031:ENSG00000227837	95%	100GB	positive	FusionSeeker	reverse_order: intra_chromosome	22	1	Partial_Recall
ENSG00000291031:ENSG00000227837	95%	10GB	positive	FusionSeeker	reverse_order: intra_chromosome	3	1	Partial_Recall
ENSG00000291031:ENSG00000278602	85%	100GB	positive	FusionSeeker	false_fusion	4	1	False_Call
ENSG00000291031:ENSG00000278602	90%	100GB	positive	FusionSeeker	false_fusion	9	1	False_Call
ENSG00000291031:ENSG00000278602	95%	100GB	positive	FusionSeeker	false_fusion	15	1	False_Call
ENSG00000291031:ENSG00000278602	95%	10GB	positive	FusionSeeker	false_fusion	3	1	False_Call
ENSG00000291046:ENSG00000198055	85%	100GB	positive	FusionSeeker	false_fusion	2	1	False_Call
ENSG00000291092:ENSG00000291178	95%	100GB	positive	FusionSeeker	false_fusion	4	1	False_Call
ENSG00000291092:ENSG00000291178	95%	10GB	positive	FusionSeeker	false_fusion	2	1	False_Call
ENSG00000291093:ENSG00000096746	85%	100GB	positive	CTAT-LR-Fusion	intra_chromosome	27	2	True_Recall
ENSG00000291093:ENSG00000096746	85%	100GB	positive	FusionSeeker	intra_chromosome	31	2	True_Recall
ENSG00000291093:ENSG00000096746	85%	10GB	positive	FusionSeeker	intra_chromosome	2	1	True_Recall
ENSG00000291093:ENSG00000096746	90%	100GB	positive	FusionSeeker	intra_chromosome	33	1	True_Recall
ENSG00000291093:ENSG00000096746	90%	10GB	positive	FusionSeeker	intra_chromosome	4	1	True_Recall
ENSG00000291093:ENSG00000096746	95%	100GB	positive	FusionSeeker	intra_chromosome	35	1	True_Recall
ENSG00000291093:ENSG00000096746	95%	10GB	positive	CTAT-LR-Fusion	intra_chromosome	7	2	True_Recall
ENSG00000291093:ENSG00000096746	95%	10GB	positive	FusionSeeker	intra_chromosome	7	2	True_Recall
ENSG00000291100:ENSG00000132170	85%	100GB	positive	FusionSeeker	truncated_tri_fusion	4	1	Partial_Recall
ENSG00000291100:ENSG00000132170	90%	100GB	positive	FusionSeeker	truncated_tri_fusion	26	1	Partial_Recall
ENSG00000291100:ENSG00000132170	90%	10GB	positive	FusionSeeker	truncated_tri_fusion	2	1	Partial_Recall
ENSG00000291100:ENSG00000132170	95%	100GB	positive	CTAT-LR-Fusion	truncated_tri_fusion	21	2	Partial_Recall
ENSG00000291100:ENSG00000132170	95%	100GB	positive	FusionSeeker	truncated_tri_fusion	28	2	Partial_Recall
ENSG00000291134:ENSG00000141499	85%	100GB	positive	CTAT-LR-Fusion	hybrid	18	2	True_Recall
ENSG00000291134:ENSG00000141499	85%	100GB	positive	JAFFAL	hybrid	4	2	True_Recall
ENSG00000291134:ENSG00000141499	85%	10GB	positive	CTAT-LR-Fusion	hybrid	3	1	True_Recall
ENSG00000291134:ENSG00000141499	90%	100GB	positive	CTAT-LR-Fusion	hybrid	24	2	True_Recall
ENSG00000291134:ENSG00000141499	90%	100GB	positive	JAFFAL	hybrid	3	2	True_Recall
ENSG00000291134:ENSG00000141499	90%	10GB	positive	CTAT-LR-Fusion	hybrid	5	1	True_Recall
ENSG00000291134:ENSG00000141499	95%	100GB	positive	CTAT-LR-Fusion	hybrid	28	2	True_Recall
ENSG00000291134:ENSG00000141499	95%	100GB	positive	JAFFAL	hybrid	18	2	True_Recall
ENSG00000291137:ENSG00000087495	85%	100GB	positive	FusionSeeker	false_fusion	32	1	False_Call
ENSG00000291137:ENSG00000087495	85%	10GB	positive	FusionSeeker	false_fusion	6	1	False_Call
ENSG00000291137:ENSG00000087495	90%	100GB	positive	FusionSeeker	false_fusion	31	1	False_Call
ENSG00000291137:ENSG00000087495	95%	100GB	positive	FusionSeeker	false_fusion	41	1	False_Call
ENSG00000291137:ENSG00000087495	95%	10GB	positive	FusionSeeker	false_fusion	2	1	False_Call
ENSG00000291137:ENSG00000167554	85%	100GB	positive	FusionSeeker	truncated_tri_fusion	10	1	Partial_Recall
ENSG00000291137:ENSG00000167554	85%	10GB	positive	FusionSeeker	truncated_tri_fusion	4	1	Partial_Recall
ENSG00000291137:ENSG00000167554	90%	100GB	positive	FusionSeeker	truncated_tri_fusion	4	1	Partial_Recall
ENSG00000291137:ENSG00000167554	95%	100GB	positive	FusionSeeker	truncated_tri_fusion	10	1	Partial_Recall
ENSG00000291137:ENSG00000177628	85%	100GB	positive	FusionSeeker	false_fusion	11	2	False_Call
ENSG00000291137:ENSG00000177628	85%	100GB	positive	JAFFAL	false_fusion	3	2	False_Call
ENSG00000291137:ENSG00000177628	85%	10GB	positive	FusionSeeker	false_fusion	3	1	False_Call
ENSG00000291137:ENSG00000177628	90%	100GB	positive	FusionSeeker	false_fusion	9	1	False_Call
ENSG00000291137:ENSG00000177628	95%	100GB	positive	FusionSeeker	false_fusion	18	2	False_Call
ENSG00000291137:ENSG00000177628	95%	100GB	positive	JAFFAL	false_fusion	2	2	False_Call
ENSG00000291178:ENSG00000136235	95%	100GB	positive	JAFFAL	intra_chromosome	3	1	True_Recall
ENSG00000291178:ENSG00000157954	95%	100GB	positive	JAFFAL	intra_chromosome	2	1	True_Recall
ENSG00000291181:ENSG00000234042	85%	100GB	negative	FusionSeeker	false_fusion	2	1	False_Call
ENSG00000291181:ENSG00000288891	85%	100GB	negative	FusionSeeker	false_fusion	2	1	False_Call
ENSG00000291203:ENSG00000136928	90%	100GB	positive	FusionSeeker	false_fusion	2	1	False_Call
ENSG00000291210:ENSG00000160957	85%	100GB	positive	FusionSeeker	false_fusion	7	2	False_Call
ENSG00000291210:ENSG00000160957	85%	100GB	positive	JAFFAL	false_fusion	8	2	False_Call
ENSG00000291210:ENSG00000160957	90%	100GB	positive	FusionSeeker	false_fusion	15	2	False_Call
ENSG00000291210:ENSG00000160957	90%	100GB	positive	JAFFAL	false_fusion	14	2	False_Call
ENSG00000291210:ENSG00000160957	90%	10GB	positive	FusionSeeker	false_fusion	3	2	False_Call
ENSG00000291210:ENSG00000160957	90%	10GB	positive	JAFFAL	false_fusion	2	2	False_Call
ENSG00000291210:ENSG00000160957	95%	100GB	positive	FusionSeeker	false_fusion	18	2	False_Call
ENSG00000291210:ENSG00000160957	95%	100GB	positive	JAFFAL	false_fusion	16	2	False_Call
ENSG00000291210:ENSG00000160957	95%	10GB	positive	FusionSeeker	false_fusion	2	2	False_Call
ENSG00000291210:ENSG00000160957	95%	10GB	positive	JAFFAL	false_fusion	2	2	False_Call
ENSG00000292327:ENSG00000292365	85%	100GB	positive	FusionSeeker	intra_chromosome	2	1	True_Recall
ENSG00000292327:ENSG00000292365	90%	100GB	positive	FusionSeeker	intra_chromosome	8	2	True_Recall
ENSG00000292327:ENSG00000292365	90%	100GB	positive	Genion	intra_chromosome	8	2	True_Recall
ENSG00000292327:ENSG00000292365	95%	100GB	positive	CTAT-LR-Fusion	intra_chromosome	27	3	True_Recall
ENSG00000292327:ENSG00000292365	95%	100GB	positive	FusionSeeker	intra_chromosome	10	3	True_Recall
ENSG00000292327:ENSG00000292365	95%	100GB	positive	Genion	intra_chromosome	9	3	True_Recall
ENSG00000292336:ENSG00000086758	90%	100GB	positive	CTAT-LR-Fusion	false_fusion	13	1	False_Call
ENSG00000292336:ENSG00000086758	95%	10GB	positive	CTAT-LR-Fusion	false_fusion	3	1	False_Call
ENSG00000292343:ENSG00000214717	90%	100GB	positive	CTAT-LR-Fusion	false_fusion	30	1	False_Call
ENSG00000292343:ENSG00000292338	85%	100GB	positive	FusionSeeker	false_fusion	3	1	False_Call
ENSG00000292343:ENSG00000292338	90%	100GB	positive	FusionSeeker	false_fusion	6	1	False_Call
ENSG00000292343:ENSG00000292338	90%	10GB	positive	FusionSeeker	false_fusion	2	1	False_Call
ENSG00000292343:ENSG00000292338	95%	100GB	positive	FusionSeeker	false_fusion	14	1	False_Call
ENSG00000292343:ENSG00000292345	85%	100GB	positive	LongGF	intra_chromosome	3	1	True_Recall
ENSG00000292343:ENSG00000292345	90%	100GB	positive	LongGF	intra_chromosome	6	1	True_Recall
ENSG00000292343:ENSG00000292345	90%	10GB	positive	CTAT-LR-Fusion	intra_chromosome	6	2	True_Recall
ENSG00000292343:ENSG00000292345	90%	10GB	positive	LongGF	intra_chromosome	2	2	True_Recall
ENSG00000292343:ENSG00000292345	95%	100GB	positive	Genion	intra_chromosome	15	2	True_Recall
ENSG00000292343:ENSG00000292345	95%	100GB	positive	LongGF	intra_chromosome	14	2	True_Recall
