control	depth	Sequence_Identity	Algorithm	fusionType	fusion_type_count	recall_category
negative	100GB	85%	CTAT-LR-Fusion	chromosomal_misalignment:intra_chromosome	0	Partial_Recall
negative	100GB	85%	CTAT-LR-Fusion	false_fusion	20	False_Call
negative	100GB	85%	CTAT-LR-Fusion	false_fusion:mitochondrial	0	False_Call
negative	100GB	85%	CTAT-LR-Fusion	false_fusion:mitochondrial_genomic	0	False_Call
negative	100GB	85%	CTAT-LR-Fusion	false_fusion:self_misalignment	0	False_Call
negative	100GB	85%	CTAT-LR-Fusion	false_fusion:Sense-Antisense	0	False_Call
negative	100GB	85%	CTAT-LR-Fusion	hybrid	0	True_Recall
negative	100GB	85%	CTAT-LR-Fusion	intra_chromosome	0	True_Recall
negative	100GB	85%	CTAT-LR-Fusion	read_through	0	True_Recall
negative	100GB	85%	CTAT-LR-Fusion	reverse_order:hybrid	0	Partial_Recall
negative	100GB	85%	CTAT-LR-Fusion	reverse_order:intra_chromosome	0	Partial_Recall
negative	100GB	85%	CTAT-LR-Fusion	reverse_order:read_through	0	Partial_Recall
negative	100GB	85%	CTAT-LR-Fusion	reverse_order:tri_fusion	0	Partial_Recall
negative	100GB	85%	CTAT-LR-Fusion	reverse_order:truncated_tri_fusion	0	Partial_Recall
negative	100GB	85%	CTAT-LR-Fusion	tri_fusion	0	True_Recall
negative	100GB	85%	CTAT-LR-Fusion	truncated_tri_fusion	0	Partial_Recall
negative	100GB	85%	CTAT-LR-Fusion	wrong_order:tri_fusion	0	Partial_Recall
negative	100GB	85%	FusionSeeker	chromosomal_misalignment:intra_chromosome	0	Partial_Recall
negative	100GB	85%	FusionSeeker	false_fusion	484	False_Call
negative	100GB	85%	FusionSeeker	false_fusion:mitochondrial	0	False_Call
negative	100GB	85%	FusionSeeker	false_fusion:mitochondrial_genomic	45	False_Call
negative	100GB	85%	FusionSeeker	false_fusion:self_misalignment	0	False_Call
negative	100GB	85%	FusionSeeker	false_fusion:Sense-Antisense	20	False_Call
negative	100GB	85%	FusionSeeker	hybrid	0	True_Recall
negative	100GB	85%	FusionSeeker	intra_chromosome	0	True_Recall
negative	100GB	85%	FusionSeeker	read_through	0	True_Recall
negative	100GB	85%	FusionSeeker	reverse_order:hybrid	0	Partial_Recall
negative	100GB	85%	FusionSeeker	reverse_order:intra_chromosome	0	Partial_Recall
negative	100GB	85%	FusionSeeker	reverse_order:read_through	0	Partial_Recall
negative	100GB	85%	FusionSeeker	reverse_order:tri_fusion	0	Partial_Recall
negative	100GB	85%	FusionSeeker	reverse_order:truncated_tri_fusion	0	Partial_Recall
negative	100GB	85%	FusionSeeker	tri_fusion	0	True_Recall
negative	100GB	85%	FusionSeeker	truncated_tri_fusion	0	Partial_Recall
negative	100GB	85%	FusionSeeker	wrong_order:tri_fusion	0	Partial_Recall
negative	100GB	85%	Genion	chromosomal_misalignment:intra_chromosome	0	Partial_Recall
negative	100GB	85%	Genion	false_fusion	74	False_Call
negative	100GB	85%	Genion	false_fusion:mitochondrial	0	False_Call
negative	100GB	85%	Genion	false_fusion:mitochondrial_genomic	0	False_Call
negative	100GB	85%	Genion	false_fusion:self_misalignment	10	False_Call
negative	100GB	85%	Genion	false_fusion:Sense-Antisense	0	False_Call
negative	100GB	85%	Genion	hybrid	0	True_Recall
negative	100GB	85%	Genion	intra_chromosome	0	True_Recall
negative	100GB	85%	Genion	read_through	0	True_Recall
negative	100GB	85%	Genion	reverse_order:hybrid	0	Partial_Recall
negative	100GB	85%	Genion	reverse_order:intra_chromosome	0	Partial_Recall
negative	100GB	85%	Genion	reverse_order:read_through	0	Partial_Recall
negative	100GB	85%	Genion	reverse_order:tri_fusion	0	Partial_Recall
negative	100GB	85%	Genion	reverse_order:truncated_tri_fusion	0	Partial_Recall
negative	100GB	85%	Genion	tri_fusion	0	True_Recall
negative	100GB	85%	Genion	truncated_tri_fusion	0	Partial_Recall
negative	100GB	85%	Genion	wrong_order:tri_fusion	0	Partial_Recall
negative	100GB	85%	GFSeeker	chromosomal_misalignment:intra_chromosome	0	Partial_Recall
negative	100GB	85%	GFSeeker	false_fusion	357	False_Call
negative	100GB	85%	GFSeeker	false_fusion:mitochondrial	0	False_Call
negative	100GB	85%	GFSeeker	false_fusion:mitochondrial_genomic	0	False_Call
negative	100GB	85%	GFSeeker	false_fusion:self_misalignment	0	False_Call
negative	100GB	85%	GFSeeker	false_fusion:Sense-Antisense	0	False_Call
negative	100GB	85%	GFSeeker	hybrid	0	True_Recall
negative	100GB	85%	GFSeeker	intra_chromosome	0	True_Recall
negative	100GB	85%	GFSeeker	read_through	0	True_Recall
negative	100GB	85%	GFSeeker	reverse_order:hybrid	0	Partial_Recall
negative	100GB	85%	GFSeeker	reverse_order:intra_chromosome	0	Partial_Recall
negative	100GB	85%	GFSeeker	reverse_order:read_through	0	Partial_Recall
negative	100GB	85%	GFSeeker	reverse_order:tri_fusion	0	Partial_Recall
negative	100GB	85%	GFSeeker	reverse_order:truncated_tri_fusion	0	Partial_Recall
negative	100GB	85%	GFSeeker	tri_fusion	0	True_Recall
negative	100GB	85%	GFSeeker	truncated_tri_fusion	0	Partial_Recall
negative	100GB	85%	GFSeeker	wrong_order:tri_fusion	0	Partial_Recall
negative	100GB	85%	JAFFAL	chromosomal_misalignment:intra_chromosome	0	Partial_Recall
negative	100GB	85%	JAFFAL	false_fusion	17	False_Call
negative	100GB	85%	JAFFAL	false_fusion:mitochondrial	0	False_Call
negative	100GB	85%	JAFFAL	false_fusion:mitochondrial_genomic	0	False_Call
negative	100GB	85%	JAFFAL	false_fusion:self_misalignment	0	False_Call
negative	100GB	85%	JAFFAL	false_fusion:Sense-Antisense	0	False_Call
negative	100GB	85%	JAFFAL	hybrid	0	True_Recall
negative	100GB	85%	JAFFAL	intra_chromosome	0	True_Recall
negative	100GB	85%	JAFFAL	read_through	0	True_Recall
negative	100GB	85%	JAFFAL	reverse_order:hybrid	0	Partial_Recall
negative	100GB	85%	JAFFAL	reverse_order:intra_chromosome	0	Partial_Recall
negative	100GB	85%	JAFFAL	reverse_order:read_through	0	Partial_Recall
negative	100GB	85%	JAFFAL	reverse_order:tri_fusion	0	Partial_Recall
negative	100GB	85%	JAFFAL	reverse_order:truncated_tri_fusion	0	Partial_Recall
negative	100GB	85%	JAFFAL	tri_fusion	0	True_Recall
negative	100GB	85%	JAFFAL	truncated_tri_fusion	0	Partial_Recall
negative	100GB	85%	JAFFAL	wrong_order:tri_fusion	0	Partial_Recall
negative	100GB	85%	LongGF	chromosomal_misalignment:intra_chromosome	0	Partial_Recall
negative	100GB	85%	LongGF	false_fusion	20	False_Call
negative	100GB	85%	LongGF	false_fusion:mitochondrial	0	False_Call
negative	100GB	85%	LongGF	false_fusion:mitochondrial_genomic	0	False_Call
negative	100GB	85%	LongGF	false_fusion:self_misalignment	0	False_Call
negative	100GB	85%	LongGF	false_fusion:Sense-Antisense	0	False_Call
negative	100GB	85%	LongGF	hybrid	0	True_Recall
negative	100GB	85%	LongGF	intra_chromosome	0	True_Recall
negative	100GB	85%	LongGF	read_through	0	True_Recall
negative	100GB	85%	LongGF	reverse_order:hybrid	0	Partial_Recall
negative	100GB	85%	LongGF	reverse_order:intra_chromosome	0	Partial_Recall
negative	100GB	85%	LongGF	reverse_order:read_through	0	Partial_Recall
negative	100GB	85%	LongGF	reverse_order:tri_fusion	0	Partial_Recall
negative	100GB	85%	LongGF	reverse_order:truncated_tri_fusion	0	Partial_Recall
negative	100GB	85%	LongGF	tri_fusion	0	True_Recall
negative	100GB	85%	LongGF	truncated_tri_fusion	0	Partial_Recall
negative	100GB	85%	LongGF	wrong_order:tri_fusion	0	Partial_Recall
negative	100GB	90%	CTAT-LR-Fusion	chromosomal_misalignment:intra_chromosome	0	Partial_Recall
negative	100GB	90%	CTAT-LR-Fusion	false_fusion	28	False_Call
negative	100GB	90%	CTAT-LR-Fusion	false_fusion:mitochondrial	0	False_Call
negative	100GB	90%	CTAT-LR-Fusion	false_fusion:mitochondrial_genomic	0	False_Call
negative	100GB	90%	CTAT-LR-Fusion	false_fusion:self_misalignment	0	False_Call
negative	100GB	90%	CTAT-LR-Fusion	false_fusion:Sense-Antisense	0	False_Call
negative	100GB	90%	CTAT-LR-Fusion	hybrid	0	True_Recall
negative	100GB	90%	CTAT-LR-Fusion	intra_chromosome	0	True_Recall
negative	100GB	90%	CTAT-LR-Fusion	read_through	0	True_Recall
negative	100GB	90%	CTAT-LR-Fusion	reverse_order:hybrid	0	Partial_Recall
negative	100GB	90%	CTAT-LR-Fusion	reverse_order:intra_chromosome	0	Partial_Recall
negative	100GB	90%	CTAT-LR-Fusion	reverse_order:read_through	0	Partial_Recall
negative	100GB	90%	CTAT-LR-Fusion	reverse_order:tri_fusion	0	Partial_Recall
negative	100GB	90%	CTAT-LR-Fusion	reverse_order:truncated_tri_fusion	0	Partial_Recall
negative	100GB	90%	CTAT-LR-Fusion	tri_fusion	0	True_Recall
negative	100GB	90%	CTAT-LR-Fusion	truncated_tri_fusion	0	Partial_Recall
negative	100GB	90%	CTAT-LR-Fusion	wrong_order:tri_fusion	0	Partial_Recall
negative	100GB	90%	FusionSeeker	chromosomal_misalignment:intra_chromosome	0	Partial_Recall
negative	100GB	90%	FusionSeeker	false_fusion	310	False_Call
negative	100GB	90%	FusionSeeker	false_fusion:mitochondrial	3	False_Call
negative	100GB	90%	FusionSeeker	false_fusion:mitochondrial_genomic	31	False_Call
negative	100GB	90%	FusionSeeker	false_fusion:self_misalignment	0	False_Call
negative	100GB	90%	FusionSeeker	false_fusion:Sense-Antisense	18	False_Call
negative	100GB	90%	FusionSeeker	hybrid	0	True_Recall
negative	100GB	90%	FusionSeeker	intra_chromosome	0	True_Recall
negative	100GB	90%	FusionSeeker	read_through	0	True_Recall
negative	100GB	90%	FusionSeeker	reverse_order:hybrid	0	Partial_Recall
negative	100GB	90%	FusionSeeker	reverse_order:intra_chromosome	0	Partial_Recall
negative	100GB	90%	FusionSeeker	reverse_order:read_through	0	Partial_Recall
negative	100GB	90%	FusionSeeker	reverse_order:tri_fusion	0	Partial_Recall
negative	100GB	90%	FusionSeeker	reverse_order:truncated_tri_fusion	0	Partial_Recall
negative	100GB	90%	FusionSeeker	tri_fusion	0	True_Recall
negative	100GB	90%	FusionSeeker	truncated_tri_fusion	0	Partial_Recall
negative	100GB	90%	FusionSeeker	wrong_order:tri_fusion	0	Partial_Recall
negative	100GB	90%	Genion	chromosomal_misalignment:intra_chromosome	0	Partial_Recall
negative	100GB	90%	Genion	false_fusion	55	False_Call
negative	100GB	90%	Genion	false_fusion:mitochondrial	0	False_Call
negative	100GB	90%	Genion	false_fusion:mitochondrial_genomic	0	False_Call
negative	100GB	90%	Genion	false_fusion:self_misalignment	5	False_Call
negative	100GB	90%	Genion	false_fusion:Sense-Antisense	0	False_Call
negative	100GB	90%	Genion	hybrid	0	True_Recall
negative	100GB	90%	Genion	intra_chromosome	0	True_Recall
negative	100GB	90%	Genion	read_through	0	True_Recall
negative	100GB	90%	Genion	reverse_order:hybrid	0	Partial_Recall
negative	100GB	90%	Genion	reverse_order:intra_chromosome	0	Partial_Recall
negative	100GB	90%	Genion	reverse_order:read_through	0	Partial_Recall
negative	100GB	90%	Genion	reverse_order:tri_fusion	0	Partial_Recall
negative	100GB	90%	Genion	reverse_order:truncated_tri_fusion	0	Partial_Recall
negative	100GB	90%	Genion	tri_fusion	0	True_Recall
negative	100GB	90%	Genion	truncated_tri_fusion	0	Partial_Recall
negative	100GB	90%	Genion	wrong_order:tri_fusion	0	Partial_Recall
negative	100GB	90%	GFSeeker	chromosomal_misalignment:intra_chromosome	0	Partial_Recall
negative	100GB	90%	GFSeeker	false_fusion	598	False_Call
negative	100GB	90%	GFSeeker	false_fusion:mitochondrial	0	False_Call
negative	100GB	90%	GFSeeker	false_fusion:mitochondrial_genomic	0	False_Call
negative	100GB	90%	GFSeeker	false_fusion:self_misalignment	0	False_Call
negative	100GB	90%	GFSeeker	false_fusion:Sense-Antisense	0	False_Call
negative	100GB	90%	GFSeeker	hybrid	0	True_Recall
negative	100GB	90%	GFSeeker	intra_chromosome	0	True_Recall
negative	100GB	90%	GFSeeker	read_through	0	True_Recall
negative	100GB	90%	GFSeeker	reverse_order:hybrid	0	Partial_Recall
negative	100GB	90%	GFSeeker	reverse_order:intra_chromosome	0	Partial_Recall
negative	100GB	90%	GFSeeker	reverse_order:read_through	0	Partial_Recall
negative	100GB	90%	GFSeeker	reverse_order:tri_fusion	0	Partial_Recall
negative	100GB	90%	GFSeeker	reverse_order:truncated_tri_fusion	0	Partial_Recall
negative	100GB	90%	GFSeeker	tri_fusion	0	True_Recall
negative	100GB	90%	GFSeeker	truncated_tri_fusion	0	Partial_Recall
negative	100GB	90%	GFSeeker	wrong_order:tri_fusion	0	Partial_Recall
negative	100GB	90%	JAFFAL	chromosomal_misalignment:intra_chromosome	0	Partial_Recall
negative	100GB	90%	JAFFAL	false_fusion	37	False_Call
negative	100GB	90%	JAFFAL	false_fusion:mitochondrial	0	False_Call
negative	100GB	90%	JAFFAL	false_fusion:mitochondrial_genomic	0	False_Call
negative	100GB	90%	JAFFAL	false_fusion:self_misalignment	0	False_Call
negative	100GB	90%	JAFFAL	false_fusion:Sense-Antisense	0	False_Call
negative	100GB	90%	JAFFAL	hybrid	0	True_Recall
negative	100GB	90%	JAFFAL	intra_chromosome	0	True_Recall
negative	100GB	90%	JAFFAL	read_through	0	True_Recall
negative	100GB	90%	JAFFAL	reverse_order:hybrid	0	Partial_Recall
negative	100GB	90%	JAFFAL	reverse_order:intra_chromosome	0	Partial_Recall
negative	100GB	90%	JAFFAL	reverse_order:read_through	0	Partial_Recall
negative	100GB	90%	JAFFAL	reverse_order:tri_fusion	0	Partial_Recall
negative	100GB	90%	JAFFAL	reverse_order:truncated_tri_fusion	0	Partial_Recall
negative	100GB	90%	JAFFAL	tri_fusion	0	True_Recall
negative	100GB	90%	JAFFAL	truncated_tri_fusion	0	Partial_Recall
negative	100GB	90%	JAFFAL	wrong_order:tri_fusion	0	Partial_Recall
negative	100GB	90%	LongGF	chromosomal_misalignment:intra_chromosome	0	Partial_Recall
negative	100GB	90%	LongGF	false_fusion	40	False_Call
negative	100GB	90%	LongGF	false_fusion:mitochondrial	0	False_Call
negative	100GB	90%	LongGF	false_fusion:mitochondrial_genomic	0	False_Call
negative	100GB	90%	LongGF	false_fusion:self_misalignment	0	False_Call
negative	100GB	90%	LongGF	false_fusion:Sense-Antisense	0	False_Call
negative	100GB	90%	LongGF	hybrid	0	True_Recall
negative	100GB	90%	LongGF	intra_chromosome	0	True_Recall
negative	100GB	90%	LongGF	read_through	0	True_Recall
negative	100GB	90%	LongGF	reverse_order:hybrid	0	Partial_Recall
negative	100GB	90%	LongGF	reverse_order:intra_chromosome	0	Partial_Recall
negative	100GB	90%	LongGF	reverse_order:read_through	0	Partial_Recall
negative	100GB	90%	LongGF	reverse_order:tri_fusion	0	Partial_Recall
negative	100GB	90%	LongGF	reverse_order:truncated_tri_fusion	0	Partial_Recall
negative	100GB	90%	LongGF	tri_fusion	0	True_Recall
negative	100GB	90%	LongGF	truncated_tri_fusion	0	Partial_Recall
negative	100GB	90%	LongGF	wrong_order:tri_fusion	0	Partial_Recall
negative	100GB	95%	CTAT-LR-Fusion	chromosomal_misalignment:intra_chromosome	0	Partial_Recall
negative	100GB	95%	CTAT-LR-Fusion	false_fusion	22	False_Call
negative	100GB	95%	CTAT-LR-Fusion	false_fusion:mitochondrial	0	False_Call
negative	100GB	95%	CTAT-LR-Fusion	false_fusion:mitochondrial_genomic	0	False_Call
negative	100GB	95%	CTAT-LR-Fusion	false_fusion:self_misalignment	0	False_Call
negative	100GB	95%	CTAT-LR-Fusion	false_fusion:Sense-Antisense	0	False_Call
negative	100GB	95%	CTAT-LR-Fusion	hybrid	0	True_Recall
negative	100GB	95%	CTAT-LR-Fusion	intra_chromosome	0	True_Recall
negative	100GB	95%	CTAT-LR-Fusion	read_through	0	True_Recall
negative	100GB	95%	CTAT-LR-Fusion	reverse_order:hybrid	0	Partial_Recall
negative	100GB	95%	CTAT-LR-Fusion	reverse_order:intra_chromosome	0	Partial_Recall
negative	100GB	95%	CTAT-LR-Fusion	reverse_order:read_through	0	Partial_Recall
negative	100GB	95%	CTAT-LR-Fusion	reverse_order:tri_fusion	0	Partial_Recall
negative	100GB	95%	CTAT-LR-Fusion	reverse_order:truncated_tri_fusion	0	Partial_Recall
negative	100GB	95%	CTAT-LR-Fusion	tri_fusion	0	True_Recall
negative	100GB	95%	CTAT-LR-Fusion	truncated_tri_fusion	0	Partial_Recall
negative	100GB	95%	CTAT-LR-Fusion	wrong_order:tri_fusion	0	Partial_Recall
negative	100GB	95%	FusionSeeker	chromosomal_misalignment:intra_chromosome	0	Partial_Recall
negative	100GB	95%	FusionSeeker	false_fusion	179	False_Call
negative	100GB	95%	FusionSeeker	false_fusion:mitochondrial	1	False_Call
negative	100GB	95%	FusionSeeker	false_fusion:mitochondrial_genomic	10	False_Call
negative	100GB	95%	FusionSeeker	false_fusion:self_misalignment	0	False_Call
negative	100GB	95%	FusionSeeker	false_fusion:Sense-Antisense	12	False_Call
negative	100GB	95%	FusionSeeker	hybrid	0	True_Recall
negative	100GB	95%	FusionSeeker	intra_chromosome	0	True_Recall
negative	100GB	95%	FusionSeeker	read_through	0	True_Recall
negative	100GB	95%	FusionSeeker	reverse_order:hybrid	0	Partial_Recall
negative	100GB	95%	FusionSeeker	reverse_order:intra_chromosome	0	Partial_Recall
negative	100GB	95%	FusionSeeker	reverse_order:read_through	0	Partial_Recall
negative	100GB	95%	FusionSeeker	reverse_order:tri_fusion	0	Partial_Recall
negative	100GB	95%	FusionSeeker	reverse_order:truncated_tri_fusion	0	Partial_Recall
negative	100GB	95%	FusionSeeker	tri_fusion	0	True_Recall
negative	100GB	95%	FusionSeeker	truncated_tri_fusion	0	Partial_Recall
negative	100GB	95%	FusionSeeker	wrong_order:tri_fusion	0	Partial_Recall
negative	100GB	95%	Genion	chromosomal_misalignment:intra_chromosome	0	Partial_Recall
negative	100GB	95%	Genion	false_fusion	36	False_Call
negative	100GB	95%	Genion	false_fusion:mitochondrial	0	False_Call
negative	100GB	95%	Genion	false_fusion:mitochondrial_genomic	0	False_Call
negative	100GB	95%	Genion	false_fusion:self_misalignment	3	False_Call
negative	100GB	95%	Genion	false_fusion:Sense-Antisense	0	False_Call
negative	100GB	95%	Genion	hybrid	0	True_Recall
negative	100GB	95%	Genion	intra_chromosome	0	True_Recall
negative	100GB	95%	Genion	read_through	0	True_Recall
negative	100GB	95%	Genion	reverse_order:hybrid	0	Partial_Recall
negative	100GB	95%	Genion	reverse_order:intra_chromosome	0	Partial_Recall
negative	100GB	95%	Genion	reverse_order:read_through	0	Partial_Recall
negative	100GB	95%	Genion	reverse_order:tri_fusion	0	Partial_Recall
negative	100GB	95%	Genion	reverse_order:truncated_tri_fusion	0	Partial_Recall
negative	100GB	95%	Genion	tri_fusion	0	True_Recall
negative	100GB	95%	Genion	truncated_tri_fusion	0	Partial_Recall
negative	100GB	95%	Genion	wrong_order:tri_fusion	0	Partial_Recall
negative	100GB	95%	GFSeeker	chromosomal_misalignment:intra_chromosome	0	Partial_Recall
negative	100GB	95%	GFSeeker	false_fusion	630	False_Call
negative	100GB	95%	GFSeeker	false_fusion:mitochondrial	0	False_Call
negative	100GB	95%	GFSeeker	false_fusion:mitochondrial_genomic	0	False_Call
negative	100GB	95%	GFSeeker	false_fusion:self_misalignment	0	False_Call
negative	100GB	95%	GFSeeker	false_fusion:Sense-Antisense	0	False_Call
negative	100GB	95%	GFSeeker	hybrid	0	True_Recall
negative	100GB	95%	GFSeeker	intra_chromosome	0	True_Recall
negative	100GB	95%	GFSeeker	read_through	0	True_Recall
negative	100GB	95%	GFSeeker	reverse_order:hybrid	0	Partial_Recall
negative	100GB	95%	GFSeeker	reverse_order:intra_chromosome	0	Partial_Recall
negative	100GB	95%	GFSeeker	reverse_order:read_through	0	Partial_Recall
negative	100GB	95%	GFSeeker	reverse_order:tri_fusion	0	Partial_Recall
negative	100GB	95%	GFSeeker	reverse_order:truncated_tri_fusion	0	Partial_Recall
negative	100GB	95%	GFSeeker	tri_fusion	0	True_Recall
negative	100GB	95%	GFSeeker	truncated_tri_fusion	0	Partial_Recall
negative	100GB	95%	GFSeeker	wrong_order:tri_fusion	0	Partial_Recall
negative	100GB	95%	JAFFAL	chromosomal_misalignment:intra_chromosome	0	Partial_Recall
negative	100GB	95%	JAFFAL	false_fusion	54	False_Call
negative	100GB	95%	JAFFAL	false_fusion:mitochondrial	0	False_Call
negative	100GB	95%	JAFFAL	false_fusion:mitochondrial_genomic	0	False_Call
negative	100GB	95%	JAFFAL	false_fusion:self_misalignment	0	False_Call
negative	100GB	95%	JAFFAL	false_fusion:Sense-Antisense	0	False_Call
negative	100GB	95%	JAFFAL	hybrid	0	True_Recall
negative	100GB	95%	JAFFAL	intra_chromosome	0	True_Recall
negative	100GB	95%	JAFFAL	read_through	0	True_Recall
negative	100GB	95%	JAFFAL	reverse_order:hybrid	0	Partial_Recall
negative	100GB	95%	JAFFAL	reverse_order:intra_chromosome	0	Partial_Recall
negative	100GB	95%	JAFFAL	reverse_order:read_through	0	Partial_Recall
negative	100GB	95%	JAFFAL	reverse_order:tri_fusion	0	Partial_Recall
negative	100GB	95%	JAFFAL	reverse_order:truncated_tri_fusion	0	Partial_Recall
negative	100GB	95%	JAFFAL	tri_fusion	0	True_Recall
negative	100GB	95%	JAFFAL	truncated_tri_fusion	0	Partial_Recall
negative	100GB	95%	JAFFAL	wrong_order:tri_fusion	0	Partial_Recall
negative	100GB	95%	LongGF	chromosomal_misalignment:intra_chromosome	0	Partial_Recall
negative	100GB	95%	LongGF	false_fusion	33	False_Call
negative	100GB	95%	LongGF	false_fusion:mitochondrial	0	False_Call
negative	100GB	95%	LongGF	false_fusion:mitochondrial_genomic	0	False_Call
negative	100GB	95%	LongGF	false_fusion:self_misalignment	0	False_Call
negative	100GB	95%	LongGF	false_fusion:Sense-Antisense	0	False_Call
negative	100GB	95%	LongGF	hybrid	0	True_Recall
negative	100GB	95%	LongGF	intra_chromosome	0	True_Recall
negative	100GB	95%	LongGF	read_through	0	True_Recall
negative	100GB	95%	LongGF	reverse_order:hybrid	0	Partial_Recall
negative	100GB	95%	LongGF	reverse_order:intra_chromosome	0	Partial_Recall
negative	100GB	95%	LongGF	reverse_order:read_through	0	Partial_Recall
negative	100GB	95%	LongGF	reverse_order:tri_fusion	0	Partial_Recall
negative	100GB	95%	LongGF	reverse_order:truncated_tri_fusion	0	Partial_Recall
negative	100GB	95%	LongGF	tri_fusion	0	True_Recall
negative	100GB	95%	LongGF	truncated_tri_fusion	0	Partial_Recall
negative	100GB	95%	LongGF	wrong_order:tri_fusion	0	Partial_Recall
negative	10GB	85%	CTAT-LR-Fusion	chromosomal_misalignment:intra_chromosome	0	Partial_Recall
negative	10GB	85%	CTAT-LR-Fusion	false_fusion	10	False_Call
negative	10GB	85%	CTAT-LR-Fusion	false_fusion:mitochondrial	0	False_Call
negative	10GB	85%	CTAT-LR-Fusion	false_fusion:mitochondrial_genomic	0	False_Call
negative	10GB	85%	CTAT-LR-Fusion	false_fusion:self_misalignment	0	False_Call
negative	10GB	85%	CTAT-LR-Fusion	false_fusion:Sense-Antisense	0	False_Call
negative	10GB	85%	CTAT-LR-Fusion	hybrid	0	True_Recall
negative	10GB	85%	CTAT-LR-Fusion	intra_chromosome	0	True_Recall
negative	10GB	85%	CTAT-LR-Fusion	read_through	0	True_Recall
negative	10GB	85%	CTAT-LR-Fusion	reverse_order:hybrid	0	Partial_Recall
negative	10GB	85%	CTAT-LR-Fusion	reverse_order:intra_chromosome	0	Partial_Recall
negative	10GB	85%	CTAT-LR-Fusion	reverse_order:read_through	0	Partial_Recall
negative	10GB	85%	CTAT-LR-Fusion	reverse_order:tri_fusion	0	Partial_Recall
negative	10GB	85%	CTAT-LR-Fusion	reverse_order:truncated_tri_fusion	0	Partial_Recall
negative	10GB	85%	CTAT-LR-Fusion	tri_fusion	0	True_Recall
negative	10GB	85%	CTAT-LR-Fusion	truncated_tri_fusion	0	Partial_Recall
negative	10GB	85%	CTAT-LR-Fusion	wrong_order:tri_fusion	0	Partial_Recall
negative	10GB	85%	FusionSeeker	chromosomal_misalignment:intra_chromosome	0	Partial_Recall
negative	10GB	85%	FusionSeeker	false_fusion	89	False_Call
negative	10GB	85%	FusionSeeker	false_fusion:mitochondrial	0	False_Call
negative	10GB	85%	FusionSeeker	false_fusion:mitochondrial_genomic	2	False_Call
negative	10GB	85%	FusionSeeker	false_fusion:self_misalignment	0	False_Call
negative	10GB	85%	FusionSeeker	false_fusion:Sense-Antisense	7	False_Call
negative	10GB	85%	FusionSeeker	hybrid	0	True_Recall
negative	10GB	85%	FusionSeeker	intra_chromosome	0	True_Recall
negative	10GB	85%	FusionSeeker	read_through	0	True_Recall
negative	10GB	85%	FusionSeeker	reverse_order:hybrid	0	Partial_Recall
negative	10GB	85%	FusionSeeker	reverse_order:intra_chromosome	0	Partial_Recall
negative	10GB	85%	FusionSeeker	reverse_order:read_through	0	Partial_Recall
negative	10GB	85%	FusionSeeker	reverse_order:tri_fusion	0	Partial_Recall
negative	10GB	85%	FusionSeeker	reverse_order:truncated_tri_fusion	0	Partial_Recall
negative	10GB	85%	FusionSeeker	tri_fusion	0	True_Recall
negative	10GB	85%	FusionSeeker	truncated_tri_fusion	0	Partial_Recall
negative	10GB	85%	FusionSeeker	wrong_order:tri_fusion	0	Partial_Recall
negative	10GB	85%	Genion	chromosomal_misalignment:intra_chromosome	0	Partial_Recall
negative	10GB	85%	Genion	false_fusion	7	False_Call
negative	10GB	85%	Genion	false_fusion:mitochondrial	0	False_Call
negative	10GB	85%	Genion	false_fusion:mitochondrial_genomic	0	False_Call
negative	10GB	85%	Genion	false_fusion:self_misalignment	0	False_Call
negative	10GB	85%	Genion	false_fusion:Sense-Antisense	0	False_Call
negative	10GB	85%	Genion	hybrid	0	True_Recall
negative	10GB	85%	Genion	intra_chromosome	0	True_Recall
negative	10GB	85%	Genion	read_through	0	True_Recall
negative	10GB	85%	Genion	reverse_order:hybrid	0	Partial_Recall
negative	10GB	85%	Genion	reverse_order:intra_chromosome	0	Partial_Recall
negative	10GB	85%	Genion	reverse_order:read_through	0	Partial_Recall
negative	10GB	85%	Genion	reverse_order:tri_fusion	0	Partial_Recall
negative	10GB	85%	Genion	reverse_order:truncated_tri_fusion	0	Partial_Recall
negative	10GB	85%	Genion	tri_fusion	0	True_Recall
negative	10GB	85%	Genion	truncated_tri_fusion	0	Partial_Recall
negative	10GB	85%	Genion	wrong_order:tri_fusion	0	Partial_Recall
negative	10GB	85%	GFSeeker	chromosomal_misalignment:intra_chromosome	0	Partial_Recall
negative	10GB	85%	GFSeeker	false_fusion	12	False_Call
negative	10GB	85%	GFSeeker	false_fusion:mitochondrial	0	False_Call
negative	10GB	85%	GFSeeker	false_fusion:mitochondrial_genomic	0	False_Call
negative	10GB	85%	GFSeeker	false_fusion:self_misalignment	0	False_Call
negative	10GB	85%	GFSeeker	false_fusion:Sense-Antisense	0	False_Call
negative	10GB	85%	GFSeeker	hybrid	0	True_Recall
negative	10GB	85%	GFSeeker	intra_chromosome	0	True_Recall
negative	10GB	85%	GFSeeker	read_through	0	True_Recall
negative	10GB	85%	GFSeeker	reverse_order:hybrid	0	Partial_Recall
negative	10GB	85%	GFSeeker	reverse_order:intra_chromosome	0	Partial_Recall
negative	10GB	85%	GFSeeker	reverse_order:read_through	0	Partial_Recall
negative	10GB	85%	GFSeeker	reverse_order:tri_fusion	0	Partial_Recall
negative	10GB	85%	GFSeeker	reverse_order:truncated_tri_fusion	0	Partial_Recall
negative	10GB	85%	GFSeeker	tri_fusion	0	True_Recall
negative	10GB	85%	GFSeeker	truncated_tri_fusion	0	Partial_Recall
negative	10GB	85%	GFSeeker	wrong_order:tri_fusion	0	Partial_Recall
negative	10GB	85%	JAFFAL	chromosomal_misalignment:intra_chromosome	0	Partial_Recall
negative	10GB	85%	JAFFAL	false_fusion	1	False_Call
negative	10GB	85%	JAFFAL	false_fusion:mitochondrial	0	False_Call
negative	10GB	85%	JAFFAL	false_fusion:mitochondrial_genomic	0	False_Call
negative	10GB	85%	JAFFAL	false_fusion:self_misalignment	0	False_Call
negative	10GB	85%	JAFFAL	false_fusion:Sense-Antisense	0	False_Call
negative	10GB	85%	JAFFAL	hybrid	0	True_Recall
negative	10GB	85%	JAFFAL	intra_chromosome	0	True_Recall
negative	10GB	85%	JAFFAL	read_through	0	True_Recall
negative	10GB	85%	JAFFAL	reverse_order:hybrid	0	Partial_Recall
negative	10GB	85%	JAFFAL	reverse_order:intra_chromosome	0	Partial_Recall
negative	10GB	85%	JAFFAL	reverse_order:read_through	0	Partial_Recall
negative	10GB	85%	JAFFAL	reverse_order:tri_fusion	0	Partial_Recall
negative	10GB	85%	JAFFAL	reverse_order:truncated_tri_fusion	0	Partial_Recall
negative	10GB	85%	JAFFAL	tri_fusion	0	True_Recall
negative	10GB	85%	JAFFAL	truncated_tri_fusion	0	Partial_Recall
negative	10GB	85%	JAFFAL	wrong_order:tri_fusion	0	Partial_Recall
negative	10GB	85%	LongGF	chromosomal_misalignment:intra_chromosome	0	Partial_Recall
negative	10GB	85%	LongGF	false_fusion	2	False_Call
negative	10GB	85%	LongGF	false_fusion:mitochondrial	0	False_Call
negative	10GB	85%	LongGF	false_fusion:mitochondrial_genomic	0	False_Call
negative	10GB	85%	LongGF	false_fusion:self_misalignment	0	False_Call
negative	10GB	85%	LongGF	false_fusion:Sense-Antisense	0	False_Call
negative	10GB	85%	LongGF	hybrid	0	True_Recall
negative	10GB	85%	LongGF	intra_chromosome	0	True_Recall
negative	10GB	85%	LongGF	read_through	0	True_Recall
negative	10GB	85%	LongGF	reverse_order:hybrid	0	Partial_Recall
negative	10GB	85%	LongGF	reverse_order:intra_chromosome	0	Partial_Recall
negative	10GB	85%	LongGF	reverse_order:read_through	0	Partial_Recall
negative	10GB	85%	LongGF	reverse_order:tri_fusion	0	Partial_Recall
negative	10GB	85%	LongGF	reverse_order:truncated_tri_fusion	0	Partial_Recall
negative	10GB	85%	LongGF	tri_fusion	0	True_Recall
negative	10GB	85%	LongGF	truncated_tri_fusion	0	Partial_Recall
negative	10GB	85%	LongGF	wrong_order:tri_fusion	0	Partial_Recall
negative	10GB	90%	CTAT-LR-Fusion	chromosomal_misalignment:intra_chromosome	0	Partial_Recall
negative	10GB	90%	CTAT-LR-Fusion	false_fusion	18	False_Call
negative	10GB	90%	CTAT-LR-Fusion	false_fusion:mitochondrial	0	False_Call
negative	10GB	90%	CTAT-LR-Fusion	false_fusion:mitochondrial_genomic	0	False_Call
negative	10GB	90%	CTAT-LR-Fusion	false_fusion:self_misalignment	0	False_Call
negative	10GB	90%	CTAT-LR-Fusion	false_fusion:Sense-Antisense	0	False_Call
negative	10GB	90%	CTAT-LR-Fusion	hybrid	0	True_Recall
negative	10GB	90%	CTAT-LR-Fusion	intra_chromosome	0	True_Recall
negative	10GB	90%	CTAT-LR-Fusion	read_through	0	True_Recall
negative	10GB	90%	CTAT-LR-Fusion	reverse_order:hybrid	0	Partial_Recall
negative	10GB	90%	CTAT-LR-Fusion	reverse_order:intra_chromosome	0	Partial_Recall
negative	10GB	90%	CTAT-LR-Fusion	reverse_order:read_through	0	Partial_Recall
negative	10GB	90%	CTAT-LR-Fusion	reverse_order:tri_fusion	0	Partial_Recall
negative	10GB	90%	CTAT-LR-Fusion	reverse_order:truncated_tri_fusion	0	Partial_Recall
negative	10GB	90%	CTAT-LR-Fusion	tri_fusion	0	True_Recall
negative	10GB	90%	CTAT-LR-Fusion	truncated_tri_fusion	0	Partial_Recall
negative	10GB	90%	CTAT-LR-Fusion	wrong_order:tri_fusion	0	Partial_Recall
negative	10GB	90%	FusionSeeker	chromosomal_misalignment:intra_chromosome	0	Partial_Recall
negative	10GB	90%	FusionSeeker	false_fusion	71	False_Call
negative	10GB	90%	FusionSeeker	false_fusion:mitochondrial	0	False_Call
negative	10GB	90%	FusionSeeker	false_fusion:mitochondrial_genomic	0	False_Call
negative	10GB	90%	FusionSeeker	false_fusion:self_misalignment	0	False_Call
negative	10GB	90%	FusionSeeker	false_fusion:Sense-Antisense	8	False_Call
negative	10GB	90%	FusionSeeker	hybrid	0	True_Recall
negative	10GB	90%	FusionSeeker	intra_chromosome	0	True_Recall
negative	10GB	90%	FusionSeeker	read_through	0	True_Recall
negative	10GB	90%	FusionSeeker	reverse_order:hybrid	0	Partial_Recall
negative	10GB	90%	FusionSeeker	reverse_order:intra_chromosome	0	Partial_Recall
negative	10GB	90%	FusionSeeker	reverse_order:read_through	0	Partial_Recall
negative	10GB	90%	FusionSeeker	reverse_order:tri_fusion	0	Partial_Recall
negative	10GB	90%	FusionSeeker	reverse_order:truncated_tri_fusion	0	Partial_Recall
negative	10GB	90%	FusionSeeker	tri_fusion	0	True_Recall
negative	10GB	90%	FusionSeeker	truncated_tri_fusion	0	Partial_Recall
negative	10GB	90%	FusionSeeker	wrong_order:tri_fusion	0	Partial_Recall
negative	10GB	90%	Genion	chromosomal_misalignment:intra_chromosome	0	Partial_Recall
negative	10GB	90%	Genion	false_fusion	2	False_Call
negative	10GB	90%	Genion	false_fusion:mitochondrial	0	False_Call
negative	10GB	90%	Genion	false_fusion:mitochondrial_genomic	0	False_Call
negative	10GB	90%	Genion	false_fusion:self_misalignment	0	False_Call
negative	10GB	90%	Genion	false_fusion:Sense-Antisense	0	False_Call
negative	10GB	90%	Genion	hybrid	0	True_Recall
negative	10GB	90%	Genion	intra_chromosome	0	True_Recall
negative	10GB	90%	Genion	read_through	0	True_Recall
negative	10GB	90%	Genion	reverse_order:hybrid	0	Partial_Recall
negative	10GB	90%	Genion	reverse_order:intra_chromosome	0	Partial_Recall
negative	10GB	90%	Genion	reverse_order:read_through	0	Partial_Recall
negative	10GB	90%	Genion	reverse_order:tri_fusion	0	Partial_Recall
negative	10GB	90%	Genion	reverse_order:truncated_tri_fusion	0	Partial_Recall
negative	10GB	90%	Genion	tri_fusion	0	True_Recall
negative	10GB	90%	Genion	truncated_tri_fusion	0	Partial_Recall
negative	10GB	90%	Genion	wrong_order:tri_fusion	0	Partial_Recall
negative	10GB	90%	GFSeeker	chromosomal_misalignment:intra_chromosome	0	Partial_Recall
negative	10GB	90%	GFSeeker	false_fusion	12	False_Call
negative	10GB	90%	GFSeeker	false_fusion:mitochondrial	0	False_Call
negative	10GB	90%	GFSeeker	false_fusion:mitochondrial_genomic	0	False_Call
negative	10GB	90%	GFSeeker	false_fusion:self_misalignment	0	False_Call
negative	10GB	90%	GFSeeker	false_fusion:Sense-Antisense	0	False_Call
negative	10GB	90%	GFSeeker	hybrid	0	True_Recall
negative	10GB	90%	GFSeeker	intra_chromosome	0	True_Recall
negative	10GB	90%	GFSeeker	read_through	0	True_Recall
negative	10GB	90%	GFSeeker	reverse_order:hybrid	0	Partial_Recall
negative	10GB	90%	GFSeeker	reverse_order:intra_chromosome	0	Partial_Recall
negative	10GB	90%	GFSeeker	reverse_order:read_through	0	Partial_Recall
negative	10GB	90%	GFSeeker	reverse_order:tri_fusion	0	Partial_Recall
negative	10GB	90%	GFSeeker	reverse_order:truncated_tri_fusion	0	Partial_Recall
negative	10GB	90%	GFSeeker	tri_fusion	0	True_Recall
negative	10GB	90%	GFSeeker	truncated_tri_fusion	0	Partial_Recall
negative	10GB	90%	GFSeeker	wrong_order:tri_fusion	0	Partial_Recall
negative	10GB	90%	JAFFAL	chromosomal_misalignment:intra_chromosome	0	Partial_Recall
negative	10GB	90%	JAFFAL	false_fusion	4	False_Call
negative	10GB	90%	JAFFAL	false_fusion:mitochondrial	0	False_Call
negative	10GB	90%	JAFFAL	false_fusion:mitochondrial_genomic	0	False_Call
negative	10GB	90%	JAFFAL	false_fusion:self_misalignment	0	False_Call
negative	10GB	90%	JAFFAL	false_fusion:Sense-Antisense	0	False_Call
negative	10GB	90%	JAFFAL	hybrid	0	True_Recall
negative	10GB	90%	JAFFAL	intra_chromosome	0	True_Recall
negative	10GB	90%	JAFFAL	read_through	0	True_Recall
negative	10GB	90%	JAFFAL	reverse_order:hybrid	0	Partial_Recall
negative	10GB	90%	JAFFAL	reverse_order:intra_chromosome	0	Partial_Recall
negative	10GB	90%	JAFFAL	reverse_order:read_through	0	Partial_Recall
negative	10GB	90%	JAFFAL	reverse_order:tri_fusion	0	Partial_Recall
negative	10GB	90%	JAFFAL	reverse_order:truncated_tri_fusion	0	Partial_Recall
negative	10GB	90%	JAFFAL	tri_fusion	0	True_Recall
negative	10GB	90%	JAFFAL	truncated_tri_fusion	0	Partial_Recall
negative	10GB	90%	JAFFAL	wrong_order:tri_fusion	0	Partial_Recall
negative	10GB	90%	LongGF	chromosomal_misalignment:intra_chromosome	0	Partial_Recall
negative	10GB	90%	LongGF	false_fusion	5	False_Call
negative	10GB	90%	LongGF	false_fusion:mitochondrial	0	False_Call
negative	10GB	90%	LongGF	false_fusion:mitochondrial_genomic	0	False_Call
negative	10GB	90%	LongGF	false_fusion:self_misalignment	0	False_Call
negative	10GB	90%	LongGF	false_fusion:Sense-Antisense	0	False_Call
negative	10GB	90%	LongGF	hybrid	0	True_Recall
negative	10GB	90%	LongGF	intra_chromosome	0	True_Recall
negative	10GB	90%	LongGF	read_through	0	True_Recall
negative	10GB	90%	LongGF	reverse_order:hybrid	0	Partial_Recall
negative	10GB	90%	LongGF	reverse_order:intra_chromosome	0	Partial_Recall
negative	10GB	90%	LongGF	reverse_order:read_through	0	Partial_Recall
negative	10GB	90%	LongGF	reverse_order:tri_fusion	0	Partial_Recall
negative	10GB	90%	LongGF	reverse_order:truncated_tri_fusion	0	Partial_Recall
negative	10GB	90%	LongGF	tri_fusion	0	True_Recall
negative	10GB	90%	LongGF	truncated_tri_fusion	0	Partial_Recall
negative	10GB	90%	LongGF	wrong_order:tri_fusion	0	Partial_Recall
negative	10GB	95%	CTAT-LR-Fusion	chromosomal_misalignment:intra_chromosome	0	Partial_Recall
negative	10GB	95%	CTAT-LR-Fusion	false_fusion	18	False_Call
negative	10GB	95%	CTAT-LR-Fusion	false_fusion:mitochondrial	0	False_Call
negative	10GB	95%	CTAT-LR-Fusion	false_fusion:mitochondrial_genomic	0	False_Call
negative	10GB	95%	CTAT-LR-Fusion	false_fusion:self_misalignment	0	False_Call
negative	10GB	95%	CTAT-LR-Fusion	false_fusion:Sense-Antisense	0	False_Call
negative	10GB	95%	CTAT-LR-Fusion	hybrid	0	True_Recall
negative	10GB	95%	CTAT-LR-Fusion	intra_chromosome	0	True_Recall
negative	10GB	95%	CTAT-LR-Fusion	read_through	0	True_Recall
negative	10GB	95%	CTAT-LR-Fusion	reverse_order:hybrid	0	Partial_Recall
negative	10GB	95%	CTAT-LR-Fusion	reverse_order:intra_chromosome	0	Partial_Recall
negative	10GB	95%	CTAT-LR-Fusion	reverse_order:read_through	0	Partial_Recall
negative	10GB	95%	CTAT-LR-Fusion	reverse_order:tri_fusion	0	Partial_Recall
negative	10GB	95%	CTAT-LR-Fusion	reverse_order:truncated_tri_fusion	0	Partial_Recall
negative	10GB	95%	CTAT-LR-Fusion	tri_fusion	0	True_Recall
negative	10GB	95%	CTAT-LR-Fusion	truncated_tri_fusion	0	Partial_Recall
negative	10GB	95%	CTAT-LR-Fusion	wrong_order:tri_fusion	0	Partial_Recall
negative	10GB	95%	FusionSeeker	chromosomal_misalignment:intra_chromosome	0	Partial_Recall
negative	10GB	95%	FusionSeeker	false_fusion	71	False_Call
negative	10GB	95%	FusionSeeker	false_fusion:mitochondrial	0	False_Call
negative	10GB	95%	FusionSeeker	false_fusion:mitochondrial_genomic	0	False_Call
negative	10GB	95%	FusionSeeker	false_fusion:self_misalignment	0	False_Call
negative	10GB	95%	FusionSeeker	false_fusion:Sense-Antisense	8	False_Call
negative	10GB	95%	FusionSeeker	hybrid	0	True_Recall
negative	10GB	95%	FusionSeeker	intra_chromosome	0	True_Recall
negative	10GB	95%	FusionSeeker	read_through	0	True_Recall
negative	10GB	95%	FusionSeeker	reverse_order:hybrid	0	Partial_Recall
negative	10GB	95%	FusionSeeker	reverse_order:intra_chromosome	0	Partial_Recall
negative	10GB	95%	FusionSeeker	reverse_order:read_through	0	Partial_Recall
negative	10GB	95%	FusionSeeker	reverse_order:tri_fusion	0	Partial_Recall
negative	10GB	95%	FusionSeeker	reverse_order:truncated_tri_fusion	0	Partial_Recall
negative	10GB	95%	FusionSeeker	tri_fusion	0	True_Recall
negative	10GB	95%	FusionSeeker	truncated_tri_fusion	0	Partial_Recall
negative	10GB	95%	FusionSeeker	wrong_order:tri_fusion	0	Partial_Recall
negative	10GB	95%	Genion	chromosomal_misalignment:intra_chromosome	0	Partial_Recall
negative	10GB	95%	Genion	false_fusion	2	False_Call
negative	10GB	95%	Genion	false_fusion:mitochondrial	0	False_Call
negative	10GB	95%	Genion	false_fusion:mitochondrial_genomic	0	False_Call
negative	10GB	95%	Genion	false_fusion:self_misalignment	0	False_Call
negative	10GB	95%	Genion	false_fusion:Sense-Antisense	0	False_Call
negative	10GB	95%	Genion	hybrid	0	True_Recall
negative	10GB	95%	Genion	intra_chromosome	0	True_Recall
negative	10GB	95%	Genion	read_through	0	True_Recall
negative	10GB	95%	Genion	reverse_order:hybrid	0	Partial_Recall
negative	10GB	95%	Genion	reverse_order:intra_chromosome	0	Partial_Recall
negative	10GB	95%	Genion	reverse_order:read_through	0	Partial_Recall
negative	10GB	95%	Genion	reverse_order:tri_fusion	0	Partial_Recall
negative	10GB	95%	Genion	reverse_order:truncated_tri_fusion	0	Partial_Recall
negative	10GB	95%	Genion	tri_fusion	0	True_Recall
negative	10GB	95%	Genion	truncated_tri_fusion	0	Partial_Recall
negative	10GB	95%	Genion	wrong_order:tri_fusion	0	Partial_Recall
negative	10GB	95%	GFSeeker	chromosomal_misalignment:intra_chromosome	0	Partial_Recall
negative	10GB	95%	GFSeeker	false_fusion	12	False_Call
negative	10GB	95%	GFSeeker	false_fusion:mitochondrial	0	False_Call
negative	10GB	95%	GFSeeker	false_fusion:mitochondrial_genomic	0	False_Call
negative	10GB	95%	GFSeeker	false_fusion:self_misalignment	0	False_Call
negative	10GB	95%	GFSeeker	false_fusion:Sense-Antisense	0	False_Call
negative	10GB	95%	GFSeeker	hybrid	0	True_Recall
negative	10GB	95%	GFSeeker	intra_chromosome	0	True_Recall
negative	10GB	95%	GFSeeker	read_through	0	True_Recall
negative	10GB	95%	GFSeeker	reverse_order:hybrid	0	Partial_Recall
negative	10GB	95%	GFSeeker	reverse_order:intra_chromosome	0	Partial_Recall
negative	10GB	95%	GFSeeker	reverse_order:read_through	0	Partial_Recall
negative	10GB	95%	GFSeeker	reverse_order:tri_fusion	0	Partial_Recall
negative	10GB	95%	GFSeeker	reverse_order:truncated_tri_fusion	0	Partial_Recall
negative	10GB	95%	GFSeeker	tri_fusion	0	True_Recall
negative	10GB	95%	GFSeeker	truncated_tri_fusion	0	Partial_Recall
negative	10GB	95%	GFSeeker	wrong_order:tri_fusion	0	Partial_Recall
negative	10GB	95%	JAFFAL	chromosomal_misalignment:intra_chromosome	0	Partial_Recall
negative	10GB	95%	JAFFAL	false_fusion	4	False_Call
negative	10GB	95%	JAFFAL	false_fusion:mitochondrial	0	False_Call
negative	10GB	95%	JAFFAL	false_fusion:mitochondrial_genomic	0	False_Call
negative	10GB	95%	JAFFAL	false_fusion:self_misalignment	0	False_Call
negative	10GB	95%	JAFFAL	false_fusion:Sense-Antisense	0	False_Call
negative	10GB	95%	JAFFAL	hybrid	0	True_Recall
negative	10GB	95%	JAFFAL	intra_chromosome	0	True_Recall
negative	10GB	95%	JAFFAL	read_through	0	True_Recall
negative	10GB	95%	JAFFAL	reverse_order:hybrid	0	Partial_Recall
negative	10GB	95%	JAFFAL	reverse_order:intra_chromosome	0	Partial_Recall
negative	10GB	95%	JAFFAL	reverse_order:read_through	0	Partial_Recall
negative	10GB	95%	JAFFAL	reverse_order:tri_fusion	0	Partial_Recall
negative	10GB	95%	JAFFAL	reverse_order:truncated_tri_fusion	0	Partial_Recall
negative	10GB	95%	JAFFAL	tri_fusion	0	True_Recall
negative	10GB	95%	JAFFAL	truncated_tri_fusion	0	Partial_Recall
negative	10GB	95%	JAFFAL	wrong_order:tri_fusion	0	Partial_Recall
negative	10GB	95%	LongGF	chromosomal_misalignment:intra_chromosome	0	Partial_Recall
negative	10GB	95%	LongGF	false_fusion	5	False_Call
negative	10GB	95%	LongGF	false_fusion:mitochondrial	0	False_Call
negative	10GB	95%	LongGF	false_fusion:mitochondrial_genomic	0	False_Call
negative	10GB	95%	LongGF	false_fusion:self_misalignment	0	False_Call
negative	10GB	95%	LongGF	false_fusion:Sense-Antisense	0	False_Call
negative	10GB	95%	LongGF	hybrid	0	True_Recall
negative	10GB	95%	LongGF	intra_chromosome	0	True_Recall
negative	10GB	95%	LongGF	read_through	0	True_Recall
negative	10GB	95%	LongGF	reverse_order:hybrid	0	Partial_Recall
negative	10GB	95%	LongGF	reverse_order:intra_chromosome	0	Partial_Recall
negative	10GB	95%	LongGF	reverse_order:read_through	0	Partial_Recall
negative	10GB	95%	LongGF	reverse_order:tri_fusion	0	Partial_Recall
negative	10GB	95%	LongGF	reverse_order:truncated_tri_fusion	0	Partial_Recall
negative	10GB	95%	LongGF	tri_fusion	0	True_Recall
negative	10GB	95%	LongGF	truncated_tri_fusion	0	Partial_Recall
negative	10GB	95%	LongGF	wrong_order:tri_fusion	0	Partial_Recall
negative	1GB	85%	CTAT-LR-Fusion	chromosomal_misalignment:intra_chromosome	0	Partial_Recall
negative	1GB	85%	CTAT-LR-Fusion	false_fusion	0	False_Call
negative	1GB	85%	CTAT-LR-Fusion	false_fusion:mitochondrial	0	False_Call
negative	1GB	85%	CTAT-LR-Fusion	false_fusion:mitochondrial_genomic	0	False_Call
negative	1GB	85%	CTAT-LR-Fusion	false_fusion:self_misalignment	0	False_Call
negative	1GB	85%	CTAT-LR-Fusion	false_fusion:Sense-Antisense	0	False_Call
negative	1GB	85%	CTAT-LR-Fusion	hybrid	0	True_Recall
negative	1GB	85%	CTAT-LR-Fusion	intra_chromosome	0	True_Recall
negative	1GB	85%	CTAT-LR-Fusion	read_through	0	True_Recall
negative	1GB	85%	CTAT-LR-Fusion	reverse_order:hybrid	0	Partial_Recall
negative	1GB	85%	CTAT-LR-Fusion	reverse_order:intra_chromosome	0	Partial_Recall
negative	1GB	85%	CTAT-LR-Fusion	reverse_order:read_through	0	Partial_Recall
negative	1GB	85%	CTAT-LR-Fusion	reverse_order:tri_fusion	0	Partial_Recall
negative	1GB	85%	CTAT-LR-Fusion	reverse_order:truncated_tri_fusion	0	Partial_Recall
negative	1GB	85%	CTAT-LR-Fusion	tri_fusion	0	True_Recall
negative	1GB	85%	CTAT-LR-Fusion	truncated_tri_fusion	0	Partial_Recall
negative	1GB	85%	CTAT-LR-Fusion	wrong_order:tri_fusion	0	Partial_Recall
negative	1GB	85%	FusionSeeker	chromosomal_misalignment:intra_chromosome	0	Partial_Recall
negative	1GB	85%	FusionSeeker	false_fusion	6	False_Call
negative	1GB	85%	FusionSeeker	false_fusion:mitochondrial	0	False_Call
negative	1GB	85%	FusionSeeker	false_fusion:mitochondrial_genomic	0	False_Call
negative	1GB	85%	FusionSeeker	false_fusion:self_misalignment	0	False_Call
negative	1GB	85%	FusionSeeker	false_fusion:Sense-Antisense	1	False_Call
negative	1GB	85%	FusionSeeker	hybrid	0	True_Recall
negative	1GB	85%	FusionSeeker	intra_chromosome	0	True_Recall
negative	1GB	85%	FusionSeeker	read_through	0	True_Recall
negative	1GB	85%	FusionSeeker	reverse_order:hybrid	0	Partial_Recall
negative	1GB	85%	FusionSeeker	reverse_order:intra_chromosome	0	Partial_Recall
negative	1GB	85%	FusionSeeker	reverse_order:read_through	0	Partial_Recall
negative	1GB	85%	FusionSeeker	reverse_order:tri_fusion	0	Partial_Recall
negative	1GB	85%	FusionSeeker	reverse_order:truncated_tri_fusion	0	Partial_Recall
negative	1GB	85%	FusionSeeker	tri_fusion	0	True_Recall
negative	1GB	85%	FusionSeeker	truncated_tri_fusion	0	Partial_Recall
negative	1GB	85%	FusionSeeker	wrong_order:tri_fusion	0	Partial_Recall
negative	1GB	85%	Genion	chromosomal_misalignment:intra_chromosome	0	Partial_Recall
negative	1GB	85%	Genion	false_fusion	3	False_Call
negative	1GB	85%	Genion	false_fusion:mitochondrial	0	False_Call
negative	1GB	85%	Genion	false_fusion:mitochondrial_genomic	0	False_Call
negative	1GB	85%	Genion	false_fusion:self_misalignment	0	False_Call
negative	1GB	85%	Genion	false_fusion:Sense-Antisense	0	False_Call
negative	1GB	85%	Genion	hybrid	0	True_Recall
negative	1GB	85%	Genion	intra_chromosome	0	True_Recall
negative	1GB	85%	Genion	read_through	0	True_Recall
negative	1GB	85%	Genion	reverse_order:hybrid	0	Partial_Recall
negative	1GB	85%	Genion	reverse_order:intra_chromosome	0	Partial_Recall
negative	1GB	85%	Genion	reverse_order:read_through	0	Partial_Recall
negative	1GB	85%	Genion	reverse_order:tri_fusion	0	Partial_Recall
negative	1GB	85%	Genion	reverse_order:truncated_tri_fusion	0	Partial_Recall
negative	1GB	85%	Genion	tri_fusion	0	True_Recall
negative	1GB	85%	Genion	truncated_tri_fusion	0	Partial_Recall
negative	1GB	85%	Genion	wrong_order:tri_fusion	0	Partial_Recall
negative	1GB	85%	GFSeeker	chromosomal_misalignment:intra_chromosome	0	Partial_Recall
negative	1GB	85%	GFSeeker	false_fusion	0	False_Call
negative	1GB	85%	GFSeeker	false_fusion:mitochondrial	0	False_Call
negative	1GB	85%	GFSeeker	false_fusion:mitochondrial_genomic	0	False_Call
negative	1GB	85%	GFSeeker	false_fusion:self_misalignment	0	False_Call
negative	1GB	85%	GFSeeker	false_fusion:Sense-Antisense	0	False_Call
negative	1GB	85%	GFSeeker	hybrid	0	True_Recall
negative	1GB	85%	GFSeeker	intra_chromosome	0	True_Recall
negative	1GB	85%	GFSeeker	read_through	0	True_Recall
negative	1GB	85%	GFSeeker	reverse_order:hybrid	0	Partial_Recall
negative	1GB	85%	GFSeeker	reverse_order:intra_chromosome	0	Partial_Recall
negative	1GB	85%	GFSeeker	reverse_order:read_through	0	Partial_Recall
negative	1GB	85%	GFSeeker	reverse_order:tri_fusion	0	Partial_Recall
negative	1GB	85%	GFSeeker	reverse_order:truncated_tri_fusion	0	Partial_Recall
negative	1GB	85%	GFSeeker	tri_fusion	0	True_Recall
negative	1GB	85%	GFSeeker	truncated_tri_fusion	0	Partial_Recall
negative	1GB	85%	GFSeeker	wrong_order:tri_fusion	0	Partial_Recall
negative	1GB	85%	JAFFAL	chromosomal_misalignment:intra_chromosome	0	Partial_Recall
negative	1GB	85%	JAFFAL	false_fusion	0	False_Call
negative	1GB	85%	JAFFAL	false_fusion:mitochondrial	0	False_Call
negative	1GB	85%	JAFFAL	false_fusion:mitochondrial_genomic	0	False_Call
negative	1GB	85%	JAFFAL	false_fusion:self_misalignment	0	False_Call
negative	1GB	85%	JAFFAL	false_fusion:Sense-Antisense	0	False_Call
negative	1GB	85%	JAFFAL	hybrid	0	True_Recall
negative	1GB	85%	JAFFAL	intra_chromosome	0	True_Recall
negative	1GB	85%	JAFFAL	read_through	0	True_Recall
negative	1GB	85%	JAFFAL	reverse_order:hybrid	0	Partial_Recall
negative	1GB	85%	JAFFAL	reverse_order:intra_chromosome	0	Partial_Recall
negative	1GB	85%	JAFFAL	reverse_order:read_through	0	Partial_Recall
negative	1GB	85%	JAFFAL	reverse_order:tri_fusion	0	Partial_Recall
negative	1GB	85%	JAFFAL	reverse_order:truncated_tri_fusion	0	Partial_Recall
negative	1GB	85%	JAFFAL	tri_fusion	0	True_Recall
negative	1GB	85%	JAFFAL	truncated_tri_fusion	0	Partial_Recall
negative	1GB	85%	JAFFAL	wrong_order:tri_fusion	0	Partial_Recall
negative	1GB	85%	LongGF	chromosomal_misalignment:intra_chromosome	0	Partial_Recall
negative	1GB	85%	LongGF	false_fusion	0	False_Call
negative	1GB	85%	LongGF	false_fusion:mitochondrial	0	False_Call
negative	1GB	85%	LongGF	false_fusion:mitochondrial_genomic	0	False_Call
negative	1GB	85%	LongGF	false_fusion:self_misalignment	0	False_Call
negative	1GB	85%	LongGF	false_fusion:Sense-Antisense	0	False_Call
negative	1GB	85%	LongGF	hybrid	0	True_Recall
negative	1GB	85%	LongGF	intra_chromosome	0	True_Recall
negative	1GB	85%	LongGF	read_through	0	True_Recall
negative	1GB	85%	LongGF	reverse_order:hybrid	0	Partial_Recall
negative	1GB	85%	LongGF	reverse_order:intra_chromosome	0	Partial_Recall
negative	1GB	85%	LongGF	reverse_order:read_through	0	Partial_Recall
negative	1GB	85%	LongGF	reverse_order:tri_fusion	0	Partial_Recall
negative	1GB	85%	LongGF	reverse_order:truncated_tri_fusion	0	Partial_Recall
negative	1GB	85%	LongGF	tri_fusion	0	True_Recall
negative	1GB	85%	LongGF	truncated_tri_fusion	0	Partial_Recall
negative	1GB	85%	LongGF	wrong_order:tri_fusion	0	Partial_Recall
negative	1GB	90%	CTAT-LR-Fusion	chromosomal_misalignment:intra_chromosome	0	Partial_Recall
negative	1GB	90%	CTAT-LR-Fusion	false_fusion	1	False_Call
negative	1GB	90%	CTAT-LR-Fusion	false_fusion:mitochondrial	0	False_Call
negative	1GB	90%	CTAT-LR-Fusion	false_fusion:mitochondrial_genomic	0	False_Call
negative	1GB	90%	CTAT-LR-Fusion	false_fusion:self_misalignment	0	False_Call
negative	1GB	90%	CTAT-LR-Fusion	false_fusion:Sense-Antisense	0	False_Call
negative	1GB	90%	CTAT-LR-Fusion	hybrid	0	True_Recall
negative	1GB	90%	CTAT-LR-Fusion	intra_chromosome	0	True_Recall
negative	1GB	90%	CTAT-LR-Fusion	read_through	0	True_Recall
negative	1GB	90%	CTAT-LR-Fusion	reverse_order:hybrid	0	Partial_Recall
negative	1GB	90%	CTAT-LR-Fusion	reverse_order:intra_chromosome	0	Partial_Recall
negative	1GB	90%	CTAT-LR-Fusion	reverse_order:read_through	0	Partial_Recall
negative	1GB	90%	CTAT-LR-Fusion	reverse_order:tri_fusion	0	Partial_Recall
negative	1GB	90%	CTAT-LR-Fusion	reverse_order:truncated_tri_fusion	0	Partial_Recall
negative	1GB	90%	CTAT-LR-Fusion	tri_fusion	0	True_Recall
negative	1GB	90%	CTAT-LR-Fusion	truncated_tri_fusion	0	Partial_Recall
negative	1GB	90%	CTAT-LR-Fusion	wrong_order:tri_fusion	0	Partial_Recall
negative	1GB	90%	FusionSeeker	chromosomal_misalignment:intra_chromosome	0	Partial_Recall
negative	1GB	90%	FusionSeeker	false_fusion	10	False_Call
negative	1GB	90%	FusionSeeker	false_fusion:mitochondrial	0	False_Call
negative	1GB	90%	FusionSeeker	false_fusion:mitochondrial_genomic	0	False_Call
negative	1GB	90%	FusionSeeker	false_fusion:self_misalignment	0	False_Call
negative	1GB	90%	FusionSeeker	false_fusion:Sense-Antisense	4	False_Call
negative	1GB	90%	FusionSeeker	hybrid	0	True_Recall
negative	1GB	90%	FusionSeeker	intra_chromosome	0	True_Recall
negative	1GB	90%	FusionSeeker	read_through	0	True_Recall
negative	1GB	90%	FusionSeeker	reverse_order:hybrid	0	Partial_Recall
negative	1GB	90%	FusionSeeker	reverse_order:intra_chromosome	0	Partial_Recall
negative	1GB	90%	FusionSeeker	reverse_order:read_through	0	Partial_Recall
negative	1GB	90%	FusionSeeker	reverse_order:tri_fusion	0	Partial_Recall
negative	1GB	90%	FusionSeeker	reverse_order:truncated_tri_fusion	0	Partial_Recall
negative	1GB	90%	FusionSeeker	tri_fusion	0	True_Recall
negative	1GB	90%	FusionSeeker	truncated_tri_fusion	0	Partial_Recall
negative	1GB	90%	FusionSeeker	wrong_order:tri_fusion	0	Partial_Recall
negative	1GB	90%	Genion	chromosomal_misalignment:intra_chromosome	0	Partial_Recall
negative	1GB	90%	Genion	false_fusion	0	False_Call
negative	1GB	90%	Genion	false_fusion:mitochondrial	0	False_Call
negative	1GB	90%	Genion	false_fusion:mitochondrial_genomic	0	False_Call
negative	1GB	90%	Genion	false_fusion:self_misalignment	0	False_Call
negative	1GB	90%	Genion	false_fusion:Sense-Antisense	0	False_Call
negative	1GB	90%	Genion	hybrid	0	True_Recall
negative	1GB	90%	Genion	intra_chromosome	0	True_Recall
negative	1GB	90%	Genion	read_through	0	True_Recall
negative	1GB	90%	Genion	reverse_order:hybrid	0	Partial_Recall
negative	1GB	90%	Genion	reverse_order:intra_chromosome	0	Partial_Recall
negative	1GB	90%	Genion	reverse_order:read_through	0	Partial_Recall
negative	1GB	90%	Genion	reverse_order:tri_fusion	0	Partial_Recall
negative	1GB	90%	Genion	reverse_order:truncated_tri_fusion	0	Partial_Recall
negative	1GB	90%	Genion	tri_fusion	0	True_Recall
negative	1GB	90%	Genion	truncated_tri_fusion	0	Partial_Recall
negative	1GB	90%	Genion	wrong_order:tri_fusion	0	Partial_Recall
negative	1GB	90%	GFSeeker	chromosomal_misalignment:intra_chromosome	0	Partial_Recall
negative	1GB	90%	GFSeeker	false_fusion	0	False_Call
negative	1GB	90%	GFSeeker	false_fusion:mitochondrial	0	False_Call
negative	1GB	90%	GFSeeker	false_fusion:mitochondrial_genomic	0	False_Call
negative	1GB	90%	GFSeeker	false_fusion:self_misalignment	0	False_Call
negative	1GB	90%	GFSeeker	false_fusion:Sense-Antisense	0	False_Call
negative	1GB	90%	GFSeeker	hybrid	0	True_Recall
negative	1GB	90%	GFSeeker	intra_chromosome	0	True_Recall
negative	1GB	90%	GFSeeker	read_through	0	True_Recall
negative	1GB	90%	GFSeeker	reverse_order:hybrid	0	Partial_Recall
negative	1GB	90%	GFSeeker	reverse_order:intra_chromosome	0	Partial_Recall
negative	1GB	90%	GFSeeker	reverse_order:read_through	0	Partial_Recall
negative	1GB	90%	GFSeeker	reverse_order:tri_fusion	0	Partial_Recall
negative	1GB	90%	GFSeeker	reverse_order:truncated_tri_fusion	0	Partial_Recall
negative	1GB	90%	GFSeeker	tri_fusion	0	True_Recall
negative	1GB	90%	GFSeeker	truncated_tri_fusion	0	Partial_Recall
negative	1GB	90%	GFSeeker	wrong_order:tri_fusion	0	Partial_Recall
negative	1GB	90%	JAFFAL	chromosomal_misalignment:intra_chromosome	0	Partial_Recall
negative	1GB	90%	JAFFAL	false_fusion	0	False_Call
negative	1GB	90%	JAFFAL	false_fusion:mitochondrial	0	False_Call
negative	1GB	90%	JAFFAL	false_fusion:mitochondrial_genomic	0	False_Call
negative	1GB	90%	JAFFAL	false_fusion:self_misalignment	0	False_Call
negative	1GB	90%	JAFFAL	false_fusion:Sense-Antisense	0	False_Call
negative	1GB	90%	JAFFAL	hybrid	0	True_Recall
negative	1GB	90%	JAFFAL	intra_chromosome	0	True_Recall
negative	1GB	90%	JAFFAL	read_through	0	True_Recall
negative	1GB	90%	JAFFAL	reverse_order:hybrid	0	Partial_Recall
negative	1GB	90%	JAFFAL	reverse_order:intra_chromosome	0	Partial_Recall
negative	1GB	90%	JAFFAL	reverse_order:read_through	0	Partial_Recall
negative	1GB	90%	JAFFAL	reverse_order:tri_fusion	0	Partial_Recall
negative	1GB	90%	JAFFAL	reverse_order:truncated_tri_fusion	0	Partial_Recall
negative	1GB	90%	JAFFAL	tri_fusion	0	True_Recall
negative	1GB	90%	JAFFAL	truncated_tri_fusion	0	Partial_Recall
negative	1GB	90%	JAFFAL	wrong_order:tri_fusion	0	Partial_Recall
negative	1GB	90%	LongGF	chromosomal_misalignment:intra_chromosome	0	Partial_Recall
negative	1GB	90%	LongGF	false_fusion	0	False_Call
negative	1GB	90%	LongGF	false_fusion:mitochondrial	0	False_Call
negative	1GB	90%	LongGF	false_fusion:mitochondrial_genomic	0	False_Call
negative	1GB	90%	LongGF	false_fusion:self_misalignment	0	False_Call
negative	1GB	90%	LongGF	false_fusion:Sense-Antisense	0	False_Call
negative	1GB	90%	LongGF	hybrid	0	True_Recall
negative	1GB	90%	LongGF	intra_chromosome	0	True_Recall
negative	1GB	90%	LongGF	read_through	0	True_Recall
negative	1GB	90%	LongGF	reverse_order:hybrid	0	Partial_Recall
negative	1GB	90%	LongGF	reverse_order:intra_chromosome	0	Partial_Recall
negative	1GB	90%	LongGF	reverse_order:read_through	0	Partial_Recall
negative	1GB	90%	LongGF	reverse_order:tri_fusion	0	Partial_Recall
negative	1GB	90%	LongGF	reverse_order:truncated_tri_fusion	0	Partial_Recall
negative	1GB	90%	LongGF	tri_fusion	0	True_Recall
negative	1GB	90%	LongGF	truncated_tri_fusion	0	Partial_Recall
negative	1GB	90%	LongGF	wrong_order:tri_fusion	0	Partial_Recall
negative	1GB	95%	CTAT-LR-Fusion	chromosomal_misalignment:intra_chromosome	0	Partial_Recall
negative	1GB	95%	CTAT-LR-Fusion	false_fusion	1	False_Call
negative	1GB	95%	CTAT-LR-Fusion	false_fusion:mitochondrial	0	False_Call
negative	1GB	95%	CTAT-LR-Fusion	false_fusion:mitochondrial_genomic	0	False_Call
negative	1GB	95%	CTAT-LR-Fusion	false_fusion:self_misalignment	0	False_Call
negative	1GB	95%	CTAT-LR-Fusion	false_fusion:Sense-Antisense	0	False_Call
negative	1GB	95%	CTAT-LR-Fusion	hybrid	0	True_Recall
negative	1GB	95%	CTAT-LR-Fusion	intra_chromosome	0	True_Recall
negative	1GB	95%	CTAT-LR-Fusion	read_through	0	True_Recall
negative	1GB	95%	CTAT-LR-Fusion	reverse_order:hybrid	0	Partial_Recall
negative	1GB	95%	CTAT-LR-Fusion	reverse_order:intra_chromosome	0	Partial_Recall
negative	1GB	95%	CTAT-LR-Fusion	reverse_order:read_through	0	Partial_Recall
negative	1GB	95%	CTAT-LR-Fusion	reverse_order:tri_fusion	0	Partial_Recall
negative	1GB	95%	CTAT-LR-Fusion	reverse_order:truncated_tri_fusion	0	Partial_Recall
negative	1GB	95%	CTAT-LR-Fusion	tri_fusion	0	True_Recall
negative	1GB	95%	CTAT-LR-Fusion	truncated_tri_fusion	0	Partial_Recall
negative	1GB	95%	CTAT-LR-Fusion	wrong_order:tri_fusion	0	Partial_Recall
negative	1GB	95%	FusionSeeker	chromosomal_misalignment:intra_chromosome	0	Partial_Recall
negative	1GB	95%	FusionSeeker	false_fusion	10	False_Call
negative	1GB	95%	FusionSeeker	false_fusion:mitochondrial	0	False_Call
negative	1GB	95%	FusionSeeker	false_fusion:mitochondrial_genomic	0	False_Call
negative	1GB	95%	FusionSeeker	false_fusion:self_misalignment	0	False_Call
negative	1GB	95%	FusionSeeker	false_fusion:Sense-Antisense	4	False_Call
negative	1GB	95%	FusionSeeker	hybrid	0	True_Recall
negative	1GB	95%	FusionSeeker	intra_chromosome	0	True_Recall
negative	1GB	95%	FusionSeeker	read_through	0	True_Recall
negative	1GB	95%	FusionSeeker	reverse_order:hybrid	0	Partial_Recall
negative	1GB	95%	FusionSeeker	reverse_order:intra_chromosome	0	Partial_Recall
negative	1GB	95%	FusionSeeker	reverse_order:read_through	0	Partial_Recall
negative	1GB	95%	FusionSeeker	reverse_order:tri_fusion	0	Partial_Recall
negative	1GB	95%	FusionSeeker	reverse_order:truncated_tri_fusion	0	Partial_Recall
negative	1GB	95%	FusionSeeker	tri_fusion	0	True_Recall
negative	1GB	95%	FusionSeeker	truncated_tri_fusion	0	Partial_Recall
negative	1GB	95%	FusionSeeker	wrong_order:tri_fusion	0	Partial_Recall
negative	1GB	95%	Genion	chromosomal_misalignment:intra_chromosome	0	Partial_Recall
negative	1GB	95%	Genion	false_fusion	0	False_Call
negative	1GB	95%	Genion	false_fusion:mitochondrial	0	False_Call
negative	1GB	95%	Genion	false_fusion:mitochondrial_genomic	0	False_Call
negative	1GB	95%	Genion	false_fusion:self_misalignment	0	False_Call
negative	1GB	95%	Genion	false_fusion:Sense-Antisense	0	False_Call
negative	1GB	95%	Genion	hybrid	0	True_Recall
negative	1GB	95%	Genion	intra_chromosome	0	True_Recall
negative	1GB	95%	Genion	read_through	0	True_Recall
negative	1GB	95%	Genion	reverse_order:hybrid	0	Partial_Recall
negative	1GB	95%	Genion	reverse_order:intra_chromosome	0	Partial_Recall
negative	1GB	95%	Genion	reverse_order:read_through	0	Partial_Recall
negative	1GB	95%	Genion	reverse_order:tri_fusion	0	Partial_Recall
negative	1GB	95%	Genion	reverse_order:truncated_tri_fusion	0	Partial_Recall
negative	1GB	95%	Genion	tri_fusion	0	True_Recall
negative	1GB	95%	Genion	truncated_tri_fusion	0	Partial_Recall
negative	1GB	95%	Genion	wrong_order:tri_fusion	0	Partial_Recall
negative	1GB	95%	GFSeeker	chromosomal_misalignment:intra_chromosome	0	Partial_Recall
negative	1GB	95%	GFSeeker	false_fusion	0	False_Call
negative	1GB	95%	GFSeeker	false_fusion:mitochondrial	0	False_Call
negative	1GB	95%	GFSeeker	false_fusion:mitochondrial_genomic	0	False_Call
negative	1GB	95%	GFSeeker	false_fusion:self_misalignment	0	False_Call
negative	1GB	95%	GFSeeker	false_fusion:Sense-Antisense	0	False_Call
negative	1GB	95%	GFSeeker	hybrid	0	True_Recall
negative	1GB	95%	GFSeeker	intra_chromosome	0	True_Recall
negative	1GB	95%	GFSeeker	read_through	0	True_Recall
negative	1GB	95%	GFSeeker	reverse_order:hybrid	0	Partial_Recall
negative	1GB	95%	GFSeeker	reverse_order:intra_chromosome	0	Partial_Recall
negative	1GB	95%	GFSeeker	reverse_order:read_through	0	Partial_Recall
negative	1GB	95%	GFSeeker	reverse_order:tri_fusion	0	Partial_Recall
negative	1GB	95%	GFSeeker	reverse_order:truncated_tri_fusion	0	Partial_Recall
negative	1GB	95%	GFSeeker	tri_fusion	0	True_Recall
negative	1GB	95%	GFSeeker	truncated_tri_fusion	0	Partial_Recall
negative	1GB	95%	GFSeeker	wrong_order:tri_fusion	0	Partial_Recall
negative	1GB	95%	JAFFAL	chromosomal_misalignment:intra_chromosome	0	Partial_Recall
negative	1GB	95%	JAFFAL	false_fusion	0	False_Call
negative	1GB	95%	JAFFAL	false_fusion:mitochondrial	0	False_Call
negative	1GB	95%	JAFFAL	false_fusion:mitochondrial_genomic	0	False_Call
negative	1GB	95%	JAFFAL	false_fusion:self_misalignment	0	False_Call
negative	1GB	95%	JAFFAL	false_fusion:Sense-Antisense	0	False_Call
negative	1GB	95%	JAFFAL	hybrid	0	True_Recall
negative	1GB	95%	JAFFAL	intra_chromosome	0	True_Recall
negative	1GB	95%	JAFFAL	read_through	0	True_Recall
negative	1GB	95%	JAFFAL	reverse_order:hybrid	0	Partial_Recall
negative	1GB	95%	JAFFAL	reverse_order:intra_chromosome	0	Partial_Recall
negative	1GB	95%	JAFFAL	reverse_order:read_through	0	Partial_Recall
negative	1GB	95%	JAFFAL	reverse_order:tri_fusion	0	Partial_Recall
negative	1GB	95%	JAFFAL	reverse_order:truncated_tri_fusion	0	Partial_Recall
negative	1GB	95%	JAFFAL	tri_fusion	0	True_Recall
negative	1GB	95%	JAFFAL	truncated_tri_fusion	0	Partial_Recall
negative	1GB	95%	JAFFAL	wrong_order:tri_fusion	0	Partial_Recall
negative	1GB	95%	LongGF	chromosomal_misalignment:intra_chromosome	0	Partial_Recall
negative	1GB	95%	LongGF	false_fusion	0	False_Call
negative	1GB	95%	LongGF	false_fusion:mitochondrial	0	False_Call
negative	1GB	95%	LongGF	false_fusion:mitochondrial_genomic	0	False_Call
negative	1GB	95%	LongGF	false_fusion:self_misalignment	0	False_Call
negative	1GB	95%	LongGF	false_fusion:Sense-Antisense	0	False_Call
negative	1GB	95%	LongGF	hybrid	0	True_Recall
negative	1GB	95%	LongGF	intra_chromosome	0	True_Recall
negative	1GB	95%	LongGF	read_through	0	True_Recall
negative	1GB	95%	LongGF	reverse_order:hybrid	0	Partial_Recall
negative	1GB	95%	LongGF	reverse_order:intra_chromosome	0	Partial_Recall
negative	1GB	95%	LongGF	reverse_order:read_through	0	Partial_Recall
negative	1GB	95%	LongGF	reverse_order:tri_fusion	0	Partial_Recall
negative	1GB	95%	LongGF	reverse_order:truncated_tri_fusion	0	Partial_Recall
negative	1GB	95%	LongGF	tri_fusion	0	True_Recall
negative	1GB	95%	LongGF	truncated_tri_fusion	0	Partial_Recall
negative	1GB	95%	LongGF	wrong_order:tri_fusion	0	Partial_Recall
positive	100GB	85%	CTAT-LR-Fusion	chromosomal_misalignment:intra_chromosome	0	Partial_Recall
positive	100GB	85%	CTAT-LR-Fusion	false_fusion	22	False_Call
positive	100GB	85%	CTAT-LR-Fusion	false_fusion:mitochondrial	0	False_Call
positive	100GB	85%	CTAT-LR-Fusion	false_fusion:mitochondrial_genomic	0	False_Call
positive	100GB	85%	CTAT-LR-Fusion	false_fusion:self_misalignment	0	False_Call
positive	100GB	85%	CTAT-LR-Fusion	false_fusion:Sense-Antisense	0	False_Call
positive	100GB	85%	CTAT-LR-Fusion	hybrid	18	True_Recall
positive	100GB	85%	CTAT-LR-Fusion	intra_chromosome	25	True_Recall
positive	100GB	85%	CTAT-LR-Fusion	read_through	11	True_Recall
positive	100GB	85%	CTAT-LR-Fusion	reverse_order:hybrid	0	Partial_Recall
positive	100GB	85%	CTAT-LR-Fusion	reverse_order:intra_chromosome	0	Partial_Recall
positive	100GB	85%	CTAT-LR-Fusion	reverse_order:read_through	0	Partial_Recall
positive	100GB	85%	CTAT-LR-Fusion	reverse_order:tri_fusion	0	Partial_Recall
positive	100GB	85%	CTAT-LR-Fusion	reverse_order:truncated_tri_fusion	0	Partial_Recall
positive	100GB	85%	CTAT-LR-Fusion	tri_fusion	0	True_Recall
positive	100GB	85%	CTAT-LR-Fusion	truncated_tri_fusion	50	Partial_Recall
positive	100GB	85%	CTAT-LR-Fusion	wrong_order:tri_fusion	0	Partial_Recall
positive	100GB	85%	FusionSeeker	chromosomal_misalignment:intra_chromosome	1	Partial_Recall
positive	100GB	85%	FusionSeeker	false_fusion	682	False_Call
positive	100GB	85%	FusionSeeker	false_fusion:mitochondrial	4	False_Call
positive	100GB	85%	FusionSeeker	false_fusion:mitochondrial_genomic	69	False_Call
positive	100GB	85%	FusionSeeker	false_fusion:self_misalignment	0	False_Call
positive	100GB	85%	FusionSeeker	false_fusion:Sense-Antisense	22	False_Call
positive	100GB	85%	FusionSeeker	hybrid	22	True_Recall
positive	100GB	85%	FusionSeeker	intra_chromosome	27	True_Recall
positive	100GB	85%	FusionSeeker	read_through	22	True_Recall
positive	100GB	85%	FusionSeeker	reverse_order:hybrid	16	Partial_Recall
positive	100GB	85%	FusionSeeker	reverse_order:intra_chromosome	25	Partial_Recall
positive	100GB	85%	FusionSeeker	reverse_order:read_through	1	Partial_Recall
positive	100GB	85%	FusionSeeker	reverse_order:tri_fusion	0	Partial_Recall
positive	100GB	85%	FusionSeeker	reverse_order:truncated_tri_fusion	62	Partial_Recall
positive	100GB	85%	FusionSeeker	tri_fusion	0	True_Recall
positive	100GB	85%	FusionSeeker	truncated_tri_fusion	60	Partial_Recall
positive	100GB	85%	FusionSeeker	wrong_order:tri_fusion	0	Partial_Recall
positive	100GB	85%	Genion	chromosomal_misalignment:intra_chromosome	0	Partial_Recall
positive	100GB	85%	Genion	false_fusion	98	False_Call
positive	100GB	85%	Genion	false_fusion:mitochondrial	0	False_Call
positive	100GB	85%	Genion	false_fusion:mitochondrial_genomic	0	False_Call
positive	100GB	85%	Genion	false_fusion:self_misalignment	13	False_Call
positive	100GB	85%	Genion	false_fusion:Sense-Antisense	0	False_Call
positive	100GB	85%	Genion	hybrid	15	True_Recall
positive	100GB	85%	Genion	intra_chromosome	19	True_Recall
positive	100GB	85%	Genion	read_through	11	True_Recall
positive	100GB	85%	Genion	reverse_order:hybrid	17	Partial_Recall
positive	100GB	85%	Genion	reverse_order:intra_chromosome	20	Partial_Recall
positive	100GB	85%	Genion	reverse_order:read_through	6	Partial_Recall
positive	100GB	85%	Genion	reverse_order:tri_fusion	1	Partial_Recall
positive	100GB	85%	Genion	reverse_order:truncated_tri_fusion	18	Partial_Recall
positive	100GB	85%	Genion	tri_fusion	1	True_Recall
positive	100GB	85%	Genion	truncated_tri_fusion	18	Partial_Recall
positive	100GB	85%	Genion	wrong_order:tri_fusion	5	Partial_Recall
positive	100GB	85%	GFSeeker	chromosomal_misalignment:intra_chromosome	0	Partial_Recall
positive	100GB	85%	GFSeeker	false_fusion	389	False_Call
positive	100GB	85%	GFSeeker	false_fusion:mitochondrial	0	False_Call
positive	100GB	85%	GFSeeker	false_fusion:mitochondrial_genomic	0	False_Call
positive	100GB	85%	GFSeeker	false_fusion:self_misalignment	0	False_Call
positive	100GB	85%	GFSeeker	false_fusion:Sense-Antisense	0	False_Call
positive	100GB	85%	GFSeeker	hybrid	11	True_Recall
positive	100GB	85%	GFSeeker	intra_chromosome	12	True_Recall
positive	100GB	85%	GFSeeker	read_through	4	True_Recall
positive	100GB	85%	GFSeeker	reverse_order:hybrid	17	Partial_Recall
positive	100GB	85%	GFSeeker	reverse_order:intra_chromosome	23	Partial_Recall
positive	100GB	85%	GFSeeker	reverse_order:read_through	10	Partial_Recall
positive	100GB	85%	GFSeeker	reverse_order:tri_fusion	0	Partial_Recall
positive	100GB	85%	GFSeeker	reverse_order:truncated_tri_fusion	46	Partial_Recall
positive	100GB	85%	GFSeeker	tri_fusion	0	True_Recall
positive	100GB	85%	GFSeeker	truncated_tri_fusion	29	Partial_Recall
positive	100GB	85%	GFSeeker	wrong_order:tri_fusion	0	Partial_Recall
positive	100GB	85%	JAFFAL	chromosomal_misalignment:intra_chromosome	0	Partial_Recall
positive	100GB	85%	JAFFAL	false_fusion	48	False_Call
positive	100GB	85%	JAFFAL	false_fusion:mitochondrial	0	False_Call
positive	100GB	85%	JAFFAL	false_fusion:mitochondrial_genomic	0	False_Call
positive	100GB	85%	JAFFAL	false_fusion:self_misalignment	0	False_Call
positive	100GB	85%	JAFFAL	false_fusion:Sense-Antisense	0	False_Call
positive	100GB	85%	JAFFAL	hybrid	19	True_Recall
positive	100GB	85%	JAFFAL	intra_chromosome	28	True_Recall
positive	100GB	85%	JAFFAL	read_through	11	True_Recall
positive	100GB	85%	JAFFAL	reverse_order:hybrid	0	Partial_Recall
positive	100GB	85%	JAFFAL	reverse_order:intra_chromosome	0	Partial_Recall
positive	100GB	85%	JAFFAL	reverse_order:read_through	0	Partial_Recall
positive	100GB	85%	JAFFAL	reverse_order:tri_fusion	0	Partial_Recall
positive	100GB	85%	JAFFAL	reverse_order:truncated_tri_fusion	0	Partial_Recall
positive	100GB	85%	JAFFAL	tri_fusion	12	True_Recall
positive	100GB	85%	JAFFAL	truncated_tri_fusion	64	Partial_Recall
positive	100GB	85%	JAFFAL	wrong_order:tri_fusion	0	Partial_Recall
positive	100GB	85%	LongGF	chromosomal_misalignment:intra_chromosome	1	Partial_Recall
positive	100GB	85%	LongGF	false_fusion	33	False_Call
positive	100GB	85%	LongGF	false_fusion:mitochondrial	0	False_Call
positive	100GB	85%	LongGF	false_fusion:mitochondrial_genomic	0	False_Call
positive	100GB	85%	LongGF	false_fusion:self_misalignment	0	False_Call
positive	100GB	85%	LongGF	false_fusion:Sense-Antisense	0	False_Call
positive	100GB	85%	LongGF	hybrid	3	True_Recall
positive	100GB	85%	LongGF	intra_chromosome	4	True_Recall
positive	100GB	85%	LongGF	read_through	3	True_Recall
positive	100GB	85%	LongGF	reverse_order:hybrid	6	Partial_Recall
positive	100GB	85%	LongGF	reverse_order:intra_chromosome	7	Partial_Recall
positive	100GB	85%	LongGF	reverse_order:read_through	4	Partial_Recall
positive	100GB	85%	LongGF	reverse_order:tri_fusion	0	Partial_Recall
positive	100GB	85%	LongGF	reverse_order:truncated_tri_fusion	19	Partial_Recall
positive	100GB	85%	LongGF	tri_fusion	0	True_Recall
positive	100GB	85%	LongGF	truncated_tri_fusion	18	Partial_Recall
positive	100GB	85%	LongGF	wrong_order:tri_fusion	0	Partial_Recall
positive	100GB	90%	CTAT-LR-Fusion	chromosomal_misalignment:intra_chromosome	0	Partial_Recall
positive	100GB	90%	CTAT-LR-Fusion	false_fusion	40	False_Call
positive	100GB	90%	CTAT-LR-Fusion	false_fusion:mitochondrial	0	False_Call
positive	100GB	90%	CTAT-LR-Fusion	false_fusion:mitochondrial_genomic	0	False_Call
positive	100GB	90%	CTAT-LR-Fusion	false_fusion:self_misalignment	0	False_Call
positive	100GB	90%	CTAT-LR-Fusion	false_fusion:Sense-Antisense	0	False_Call
positive	100GB	90%	CTAT-LR-Fusion	hybrid	29	True_Recall
positive	100GB	90%	CTAT-LR-Fusion	intra_chromosome	38	True_Recall
positive	100GB	90%	CTAT-LR-Fusion	read_through	20	True_Recall
positive	100GB	90%	CTAT-LR-Fusion	reverse_order:hybrid	0	Partial_Recall
positive	100GB	90%	CTAT-LR-Fusion	reverse_order:intra_chromosome	0	Partial_Recall
positive	100GB	90%	CTAT-LR-Fusion	reverse_order:read_through	0	Partial_Recall
positive	100GB	90%	CTAT-LR-Fusion	reverse_order:tri_fusion	0	Partial_Recall
positive	100GB	90%	CTAT-LR-Fusion	reverse_order:truncated_tri_fusion	0	Partial_Recall
positive	100GB	90%	CTAT-LR-Fusion	tri_fusion	0	True_Recall
positive	100GB	90%	CTAT-LR-Fusion	truncated_tri_fusion	69	Partial_Recall
positive	100GB	90%	CTAT-LR-Fusion	wrong_order:tri_fusion	0	Partial_Recall
positive	100GB	90%	FusionSeeker	chromosomal_misalignment:intra_chromosome	1	Partial_Recall
positive	100GB	90%	FusionSeeker	false_fusion	545	False_Call
positive	100GB	90%	FusionSeeker	false_fusion:mitochondrial	3	False_Call
positive	100GB	90%	FusionSeeker	false_fusion:mitochondrial_genomic	75	False_Call
positive	100GB	90%	FusionSeeker	false_fusion:self_misalignment	0	False_Call
positive	100GB	90%	FusionSeeker	false_fusion:Sense-Antisense	19	False_Call
positive	100GB	90%	FusionSeeker	hybrid	23	True_Recall
positive	100GB	90%	FusionSeeker	intra_chromosome	30	True_Recall
positive	100GB	90%	FusionSeeker	read_through	23	True_Recall
positive	100GB	90%	FusionSeeker	reverse_order:hybrid	17	Partial_Recall
positive	100GB	90%	FusionSeeker	reverse_order:intra_chromosome	26	Partial_Recall
positive	100GB	90%	FusionSeeker	reverse_order:read_through	1	Partial_Recall
positive	100GB	90%	FusionSeeker	reverse_order:tri_fusion	0	Partial_Recall
positive	100GB	90%	FusionSeeker	reverse_order:truncated_tri_fusion	70	Partial_Recall
positive	100GB	90%	FusionSeeker	tri_fusion	0	True_Recall
positive	100GB	90%	FusionSeeker	truncated_tri_fusion	65	Partial_Recall
positive	100GB	90%	FusionSeeker	wrong_order:tri_fusion	0	Partial_Recall
positive	100GB	90%	Genion	chromosomal_misalignment:intra_chromosome	0	Partial_Recall
positive	100GB	90%	Genion	false_fusion	96	False_Call
positive	100GB	90%	Genion	false_fusion:mitochondrial	0	False_Call
positive	100GB	90%	Genion	false_fusion:mitochondrial_genomic	0	False_Call
positive	100GB	90%	Genion	false_fusion:self_misalignment	8	False_Call
positive	100GB	90%	Genion	false_fusion:Sense-Antisense	0	False_Call
positive	100GB	90%	Genion	hybrid	19	True_Recall
positive	100GB	90%	Genion	intra_chromosome	25	True_Recall
positive	100GB	90%	Genion	read_through	14	True_Recall
positive	100GB	90%	Genion	reverse_order:hybrid	19	Partial_Recall
positive	100GB	90%	Genion	reverse_order:intra_chromosome	24	Partial_Recall
positive	100GB	90%	Genion	reverse_order:read_through	9	Partial_Recall
positive	100GB	90%	Genion	reverse_order:tri_fusion	2	Partial_Recall
positive	100GB	90%	Genion	reverse_order:truncated_tri_fusion	27	Partial_Recall
positive	100GB	90%	Genion	tri_fusion	0	True_Recall
positive	100GB	90%	Genion	truncated_tri_fusion	24	Partial_Recall
positive	100GB	90%	Genion	wrong_order:tri_fusion	16	Partial_Recall
positive	100GB	90%	GFSeeker	chromosomal_misalignment:intra_chromosome	0	Partial_Recall
positive	100GB	90%	GFSeeker	false_fusion	617	False_Call
positive	100GB	90%	GFSeeker	false_fusion:mitochondrial	0	False_Call
positive	100GB	90%	GFSeeker	false_fusion:mitochondrial_genomic	0	False_Call
positive	100GB	90%	GFSeeker	false_fusion:self_misalignment	0	False_Call
positive	100GB	90%	GFSeeker	false_fusion:Sense-Antisense	0	False_Call
positive	100GB	90%	GFSeeker	hybrid	14	True_Recall
positive	100GB	90%	GFSeeker	intra_chromosome	18	True_Recall
positive	100GB	90%	GFSeeker	read_through	6	True_Recall
positive	100GB	90%	GFSeeker	reverse_order:hybrid	16	Partial_Recall
positive	100GB	90%	GFSeeker	reverse_order:intra_chromosome	22	Partial_Recall
positive	100GB	90%	GFSeeker	reverse_order:read_through	9	Partial_Recall
positive	100GB	90%	GFSeeker	reverse_order:tri_fusion	0	Partial_Recall
positive	100GB	90%	GFSeeker	reverse_order:truncated_tri_fusion	47	Partial_Recall
positive	100GB	90%	GFSeeker	tri_fusion	0	True_Recall
positive	100GB	90%	GFSeeker	truncated_tri_fusion	38	Partial_Recall
positive	100GB	90%	GFSeeker	wrong_order:tri_fusion	0	Partial_Recall
positive	100GB	90%	JAFFAL	chromosomal_misalignment:intra_chromosome	1	Partial_Recall
positive	100GB	90%	JAFFAL	false_fusion	91	False_Call
positive	100GB	90%	JAFFAL	false_fusion:mitochondrial	0	False_Call
positive	100GB	90%	JAFFAL	false_fusion:mitochondrial_genomic	0	False_Call
positive	100GB	90%	JAFFAL	false_fusion:self_misalignment	0	False_Call
positive	100GB	90%	JAFFAL	false_fusion:Sense-Antisense	0	False_Call
positive	100GB	90%	JAFFAL	hybrid	26	True_Recall
positive	100GB	90%	JAFFAL	intra_chromosome	32	True_Recall
positive	100GB	90%	JAFFAL	read_through	12	True_Recall
positive	100GB	90%	JAFFAL	reverse_order:hybrid	0	Partial_Recall
positive	100GB	90%	JAFFAL	reverse_order:intra_chromosome	0	Partial_Recall
positive	100GB	90%	JAFFAL	reverse_order:read_through	0	Partial_Recall
positive	100GB	90%	JAFFAL	reverse_order:tri_fusion	0	Partial_Recall
positive	100GB	90%	JAFFAL	reverse_order:truncated_tri_fusion	0	Partial_Recall
positive	100GB	90%	JAFFAL	tri_fusion	12	True_Recall
positive	100GB	90%	JAFFAL	truncated_tri_fusion	76	Partial_Recall
positive	100GB	90%	JAFFAL	wrong_order:tri_fusion	0	Partial_Recall
positive	100GB	90%	LongGF	chromosomal_misalignment:intra_chromosome	2	Partial_Recall
positive	100GB	90%	LongGF	false_fusion	37	False_Call
positive	100GB	90%	LongGF	false_fusion:mitochondrial	0	False_Call
positive	100GB	90%	LongGF	false_fusion:mitochondrial_genomic	0	False_Call
positive	100GB	90%	LongGF	false_fusion:self_misalignment	0	False_Call
positive	100GB	90%	LongGF	false_fusion:Sense-Antisense	0	False_Call
positive	100GB	90%	LongGF	hybrid	3	True_Recall
positive	100GB	90%	LongGF	intra_chromosome	5	True_Recall
positive	100GB	90%	LongGF	read_through	3	True_Recall
positive	100GB	90%	LongGF	reverse_order:hybrid	7	Partial_Recall
positive	100GB	90%	LongGF	reverse_order:intra_chromosome	8	Partial_Recall
positive	100GB	90%	LongGF	reverse_order:read_through	4	Partial_Recall
positive	100GB	90%	LongGF	reverse_order:tri_fusion	0	Partial_Recall
positive	100GB	90%	LongGF	reverse_order:truncated_tri_fusion	20	Partial_Recall
positive	100GB	90%	LongGF	tri_fusion	0	True_Recall
positive	100GB	90%	LongGF	truncated_tri_fusion	22	Partial_Recall
positive	100GB	90%	LongGF	wrong_order:tri_fusion	0	Partial_Recall
positive	100GB	95%	CTAT-LR-Fusion	chromosomal_misalignment:intra_chromosome	1	Partial_Recall
positive	100GB	95%	CTAT-LR-Fusion	false_fusion	38	False_Call
positive	100GB	95%	CTAT-LR-Fusion	false_fusion:mitochondrial	0	False_Call
positive	100GB	95%	CTAT-LR-Fusion	false_fusion:mitochondrial_genomic	0	False_Call
positive	100GB	95%	CTAT-LR-Fusion	false_fusion:self_misalignment	0	False_Call
positive	100GB	95%	CTAT-LR-Fusion	false_fusion:Sense-Antisense	0	False_Call
positive	100GB	95%	CTAT-LR-Fusion	hybrid	37	True_Recall
positive	100GB	95%	CTAT-LR-Fusion	intra_chromosome	50	True_Recall
positive	100GB	95%	CTAT-LR-Fusion	read_through	26	True_Recall
positive	100GB	95%	CTAT-LR-Fusion	reverse_order:hybrid	0	Partial_Recall
positive	100GB	95%	CTAT-LR-Fusion	reverse_order:intra_chromosome	0	Partial_Recall
positive	100GB	95%	CTAT-LR-Fusion	reverse_order:read_through	0	Partial_Recall
positive	100GB	95%	CTAT-LR-Fusion	reverse_order:tri_fusion	0	Partial_Recall
positive	100GB	95%	CTAT-LR-Fusion	reverse_order:truncated_tri_fusion	0	Partial_Recall
positive	100GB	95%	CTAT-LR-Fusion	tri_fusion	0	True_Recall
positive	100GB	95%	CTAT-LR-Fusion	truncated_tri_fusion	95	Partial_Recall
positive	100GB	95%	CTAT-LR-Fusion	wrong_order:tri_fusion	0	Partial_Recall
positive	100GB	95%	FusionSeeker	chromosomal_misalignment:intra_chromosome	1	Partial_Recall
positive	100GB	95%	FusionSeeker	false_fusion	447	False_Call
positive	100GB	95%	FusionSeeker	false_fusion:mitochondrial	5	False_Call
positive	100GB	95%	FusionSeeker	false_fusion:mitochondrial_genomic	55	False_Call
positive	100GB	95%	FusionSeeker	false_fusion:self_misalignment	0	False_Call
positive	100GB	95%	FusionSeeker	false_fusion:Sense-Antisense	12	False_Call
positive	100GB	95%	FusionSeeker	hybrid	23	True_Recall
positive	100GB	95%	FusionSeeker	intra_chromosome	32	True_Recall
positive	100GB	95%	FusionSeeker	read_through	25	True_Recall
positive	100GB	95%	FusionSeeker	reverse_order:hybrid	18	Partial_Recall
positive	100GB	95%	FusionSeeker	reverse_order:intra_chromosome	27	Partial_Recall
positive	100GB	95%	FusionSeeker	reverse_order:read_through	0	Partial_Recall
positive	100GB	95%	FusionSeeker	reverse_order:tri_fusion	0	Partial_Recall
positive	100GB	95%	FusionSeeker	reverse_order:truncated_tri_fusion	72	Partial_Recall
positive	100GB	95%	FusionSeeker	tri_fusion	0	True_Recall
positive	100GB	95%	FusionSeeker	truncated_tri_fusion	67	Partial_Recall
positive	100GB	95%	FusionSeeker	wrong_order:tri_fusion	0	Partial_Recall
positive	100GB	95%	Genion	chromosomal_misalignment:intra_chromosome	0	Partial_Recall
positive	100GB	95%	Genion	false_fusion	62	False_Call
positive	100GB	95%	Genion	false_fusion:mitochondrial	0	False_Call
positive	100GB	95%	Genion	false_fusion:mitochondrial_genomic	0	False_Call
positive	100GB	95%	Genion	false_fusion:self_misalignment	4	False_Call
positive	100GB	95%	Genion	false_fusion:Sense-Antisense	0	False_Call
positive	100GB	95%	Genion	hybrid	22	True_Recall
positive	100GB	95%	Genion	intra_chromosome	28	True_Recall
positive	100GB	95%	Genion	read_through	17	True_Recall
positive	100GB	95%	Genion	reverse_order:hybrid	20	Partial_Recall
positive	100GB	95%	Genion	reverse_order:intra_chromosome	24	Partial_Recall
positive	100GB	95%	Genion	reverse_order:read_through	10	Partial_Recall
positive	100GB	95%	Genion	reverse_order:tri_fusion	2	Partial_Recall
positive	100GB	95%	Genion	reverse_order:truncated_tri_fusion	32	Partial_Recall
positive	100GB	95%	Genion	tri_fusion	0	True_Recall
positive	100GB	95%	Genion	truncated_tri_fusion	27	Partial_Recall
positive	100GB	95%	Genion	wrong_order:tri_fusion	21	Partial_Recall
positive	100GB	95%	GFSeeker	chromosomal_misalignment:intra_chromosome	0	Partial_Recall
positive	100GB	95%	GFSeeker	false_fusion	632	False_Call
positive	100GB	95%	GFSeeker	false_fusion:mitochondrial	0	False_Call
positive	100GB	95%	GFSeeker	false_fusion:mitochondrial_genomic	0	False_Call
positive	100GB	95%	GFSeeker	false_fusion:self_misalignment	0	False_Call
positive	100GB	95%	GFSeeker	false_fusion:Sense-Antisense	0	False_Call
positive	100GB	95%	GFSeeker	hybrid	19	True_Recall
positive	100GB	95%	GFSeeker	intra_chromosome	15	True_Recall
positive	100GB	95%	GFSeeker	read_through	8	True_Recall
positive	100GB	95%	GFSeeker	reverse_order:hybrid	14	Partial_Recall
positive	100GB	95%	GFSeeker	reverse_order:intra_chromosome	26	Partial_Recall
positive	100GB	95%	GFSeeker	reverse_order:read_through	8	Partial_Recall
positive	100GB	95%	GFSeeker	reverse_order:tri_fusion	0	Partial_Recall
positive	100GB	95%	GFSeeker	reverse_order:truncated_tri_fusion	53	Partial_Recall
positive	100GB	95%	GFSeeker	tri_fusion	0	True_Recall
positive	100GB	95%	GFSeeker	truncated_tri_fusion	34	Partial_Recall
positive	100GB	95%	GFSeeker	wrong_order:tri_fusion	0	Partial_Recall
positive	100GB	95%	JAFFAL	chromosomal_misalignment:intra_chromosome	1	Partial_Recall
positive	100GB	95%	JAFFAL	false_fusion	106	False_Call
positive	100GB	95%	JAFFAL	false_fusion:mitochondrial	0	False_Call
positive	100GB	95%	JAFFAL	false_fusion:mitochondrial_genomic	0	False_Call
positive	100GB	95%	JAFFAL	false_fusion:self_misalignment	0	False_Call
positive	100GB	95%	JAFFAL	false_fusion:Sense-Antisense	0	False_Call
positive	100GB	95%	JAFFAL	hybrid	30	True_Recall
positive	100GB	95%	JAFFAL	intra_chromosome	39	True_Recall
positive	100GB	95%	JAFFAL	read_through	15	True_Recall
positive	100GB	95%	JAFFAL	reverse_order:hybrid	0	Partial_Recall
positive	100GB	95%	JAFFAL	reverse_order:intra_chromosome	0	Partial_Recall
positive	100GB	95%	JAFFAL	reverse_order:read_through	0	Partial_Recall
positive	100GB	95%	JAFFAL	reverse_order:tri_fusion	0	Partial_Recall
positive	100GB	95%	JAFFAL	reverse_order:truncated_tri_fusion	0	Partial_Recall
positive	100GB	95%	JAFFAL	tri_fusion	15	True_Recall
positive	100GB	95%	JAFFAL	truncated_tri_fusion	78	Partial_Recall
positive	100GB	95%	JAFFAL	wrong_order:tri_fusion	0	Partial_Recall
positive	100GB	95%	LongGF	chromosomal_misalignment:intra_chromosome	2	Partial_Recall
positive	100GB	95%	LongGF	false_fusion	43	False_Call
positive	100GB	95%	LongGF	false_fusion:mitochondrial	0	False_Call
positive	100GB	95%	LongGF	false_fusion:mitochondrial_genomic	0	False_Call
positive	100GB	95%	LongGF	false_fusion:self_misalignment	0	False_Call
positive	100GB	95%	LongGF	false_fusion:Sense-Antisense	0	False_Call
positive	100GB	95%	LongGF	hybrid	3	True_Recall
positive	100GB	95%	LongGF	intra_chromosome	5	True_Recall
positive	100GB	95%	LongGF	read_through	3	True_Recall
positive	100GB	95%	LongGF	reverse_order:hybrid	7	Partial_Recall
positive	100GB	95%	LongGF	reverse_order:intra_chromosome	10	Partial_Recall
positive	100GB	95%	LongGF	reverse_order:read_through	4	Partial_Recall
positive	100GB	95%	LongGF	reverse_order:tri_fusion	0	Partial_Recall
positive	100GB	95%	LongGF	reverse_order:truncated_tri_fusion	20	Partial_Recall
positive	100GB	95%	LongGF	tri_fusion	0	True_Recall
positive	100GB	95%	LongGF	truncated_tri_fusion	20	Partial_Recall
positive	100GB	95%	LongGF	wrong_order:tri_fusion	0	Partial_Recall
positive	10GB	85%	CTAT-LR-Fusion	chromosomal_misalignment:intra_chromosome	1	Partial_Recall
positive	10GB	85%	CTAT-LR-Fusion	false_fusion	17	False_Call
positive	10GB	85%	CTAT-LR-Fusion	false_fusion:mitochondrial	0	False_Call
positive	10GB	85%	CTAT-LR-Fusion	false_fusion:mitochondrial_genomic	0	False_Call
positive	10GB	85%	CTAT-LR-Fusion	false_fusion:self_misalignment	0	False_Call
positive	10GB	85%	CTAT-LR-Fusion	false_fusion:Sense-Antisense	0	False_Call
positive	10GB	85%	CTAT-LR-Fusion	hybrid	12	True_Recall
positive	10GB	85%	CTAT-LR-Fusion	intra_chromosome	17	True_Recall
positive	10GB	85%	CTAT-LR-Fusion	read_through	5	True_Recall
positive	10GB	85%	CTAT-LR-Fusion	reverse_order:hybrid	0	Partial_Recall
positive	10GB	85%	CTAT-LR-Fusion	reverse_order:intra_chromosome	0	Partial_Recall
positive	10GB	85%	CTAT-LR-Fusion	reverse_order:read_through	0	Partial_Recall
positive	10GB	85%	CTAT-LR-Fusion	reverse_order:tri_fusion	0	Partial_Recall
positive	10GB	85%	CTAT-LR-Fusion	reverse_order:truncated_tri_fusion	0	Partial_Recall
positive	10GB	85%	CTAT-LR-Fusion	tri_fusion	0	True_Recall
positive	10GB	85%	CTAT-LR-Fusion	truncated_tri_fusion	33	Partial_Recall
positive	10GB	85%	CTAT-LR-Fusion	wrong_order:tri_fusion	0	Partial_Recall
positive	10GB	85%	FusionSeeker	chromosomal_misalignment:intra_chromosome	0	Partial_Recall
positive	10GB	85%	FusionSeeker	false_fusion	156	False_Call
positive	10GB	85%	FusionSeeker	false_fusion:mitochondrial	0	False_Call
positive	10GB	85%	FusionSeeker	false_fusion:mitochondrial_genomic	0	False_Call
positive	10GB	85%	FusionSeeker	false_fusion:self_misalignment	0	False_Call
positive	10GB	85%	FusionSeeker	false_fusion:Sense-Antisense	10	False_Call
positive	10GB	85%	FusionSeeker	hybrid	15	True_Recall
positive	10GB	85%	FusionSeeker	intra_chromosome	13	True_Recall
positive	10GB	85%	FusionSeeker	read_through	5	True_Recall
positive	10GB	85%	FusionSeeker	reverse_order:hybrid	9	Partial_Recall
positive	10GB	85%	FusionSeeker	reverse_order:intra_chromosome	16	Partial_Recall
positive	10GB	85%	FusionSeeker	reverse_order:read_through	0	Partial_Recall
positive	10GB	85%	FusionSeeker	reverse_order:tri_fusion	0	Partial_Recall
positive	10GB	85%	FusionSeeker	reverse_order:truncated_tri_fusion	22	Partial_Recall
positive	10GB	85%	FusionSeeker	tri_fusion	0	True_Recall
positive	10GB	85%	FusionSeeker	truncated_tri_fusion	22	Partial_Recall
positive	10GB	85%	FusionSeeker	wrong_order:tri_fusion	0	Partial_Recall
positive	10GB	85%	Genion	chromosomal_misalignment:intra_chromosome	0	Partial_Recall
positive	10GB	85%	Genion	false_fusion	8	False_Call
positive	10GB	85%	Genion	false_fusion:mitochondrial	0	False_Call
positive	10GB	85%	Genion	false_fusion:mitochondrial_genomic	0	False_Call
positive	10GB	85%	Genion	false_fusion:self_misalignment	0	False_Call
positive	10GB	85%	Genion	false_fusion:Sense-Antisense	0	False_Call
positive	10GB	85%	Genion	hybrid	0	True_Recall
positive	10GB	85%	Genion	intra_chromosome	1	True_Recall
positive	10GB	85%	Genion	read_through	1	True_Recall
positive	10GB	85%	Genion	reverse_order:hybrid	0	Partial_Recall
positive	10GB	85%	Genion	reverse_order:intra_chromosome	1	Partial_Recall
positive	10GB	85%	Genion	reverse_order:read_through	0	Partial_Recall
positive	10GB	85%	Genion	reverse_order:tri_fusion	0	Partial_Recall
positive	10GB	85%	Genion	reverse_order:truncated_tri_fusion	0	Partial_Recall
positive	10GB	85%	Genion	tri_fusion	0	True_Recall
positive	10GB	85%	Genion	truncated_tri_fusion	0	Partial_Recall
positive	10GB	85%	Genion	wrong_order:tri_fusion	0	Partial_Recall
positive	10GB	85%	GFSeeker	chromosomal_misalignment:intra_chromosome	0	Partial_Recall
positive	10GB	85%	GFSeeker	false_fusion	16	False_Call
positive	10GB	85%	GFSeeker	false_fusion:mitochondrial	0	False_Call
positive	10GB	85%	GFSeeker	false_fusion:mitochondrial_genomic	0	False_Call
positive	10GB	85%	GFSeeker	false_fusion:self_misalignment	0	False_Call
positive	10GB	85%	GFSeeker	false_fusion:Sense-Antisense	0	False_Call
positive	10GB	85%	GFSeeker	hybrid	6	True_Recall
positive	10GB	85%	GFSeeker	intra_chromosome	6	True_Recall
positive	10GB	85%	GFSeeker	read_through	3	True_Recall
positive	10GB	85%	GFSeeker	reverse_order:hybrid	6	Partial_Recall
positive	10GB	85%	GFSeeker	reverse_order:intra_chromosome	11	Partial_Recall
positive	10GB	85%	GFSeeker	reverse_order:read_through	3	Partial_Recall
positive	10GB	85%	GFSeeker	reverse_order:tri_fusion	0	Partial_Recall
positive	10GB	85%	GFSeeker	reverse_order:truncated_tri_fusion	20	Partial_Recall
positive	10GB	85%	GFSeeker	tri_fusion	0	True_Recall
positive	10GB	85%	GFSeeker	truncated_tri_fusion	11	Partial_Recall
positive	10GB	85%	GFSeeker	wrong_order:tri_fusion	0	Partial_Recall
positive	10GB	85%	JAFFAL	chromosomal_misalignment:intra_chromosome	0	Partial_Recall
positive	10GB	85%	JAFFAL	false_fusion	3	False_Call
positive	10GB	85%	JAFFAL	false_fusion:mitochondrial	0	False_Call
positive	10GB	85%	JAFFAL	false_fusion:mitochondrial_genomic	0	False_Call
positive	10GB	85%	JAFFAL	false_fusion:self_misalignment	0	False_Call
positive	10GB	85%	JAFFAL	false_fusion:Sense-Antisense	0	False_Call
positive	10GB	85%	JAFFAL	hybrid	3	True_Recall
positive	10GB	85%	JAFFAL	intra_chromosome	14	True_Recall
positive	10GB	85%	JAFFAL	read_through	0	True_Recall
positive	10GB	85%	JAFFAL	reverse_order:hybrid	0	Partial_Recall
positive	10GB	85%	JAFFAL	reverse_order:intra_chromosome	0	Partial_Recall
positive	10GB	85%	JAFFAL	reverse_order:read_through	0	Partial_Recall
positive	10GB	85%	JAFFAL	reverse_order:tri_fusion	0	Partial_Recall
positive	10GB	85%	JAFFAL	reverse_order:truncated_tri_fusion	0	Partial_Recall
positive	10GB	85%	JAFFAL	tri_fusion	0	True_Recall
positive	10GB	85%	JAFFAL	truncated_tri_fusion	24	Partial_Recall
positive	10GB	85%	JAFFAL	wrong_order:tri_fusion	0	Partial_Recall
positive	10GB	85%	LongGF	chromosomal_misalignment:intra_chromosome	0	Partial_Recall
positive	10GB	85%	LongGF	false_fusion	4	False_Call
positive	10GB	85%	LongGF	false_fusion:mitochondrial	0	False_Call
positive	10GB	85%	LongGF	false_fusion:mitochondrial_genomic	0	False_Call
positive	10GB	85%	LongGF	false_fusion:self_misalignment	0	False_Call
positive	10GB	85%	LongGF	false_fusion:Sense-Antisense	0	False_Call
positive	10GB	85%	LongGF	hybrid	3	True_Recall
positive	10GB	85%	LongGF	intra_chromosome	0	True_Recall
positive	10GB	85%	LongGF	read_through	1	True_Recall
positive	10GB	85%	LongGF	reverse_order:hybrid	3	Partial_Recall
positive	10GB	85%	LongGF	reverse_order:intra_chromosome	6	Partial_Recall
positive	10GB	85%	LongGF	reverse_order:read_through	0	Partial_Recall
positive	10GB	85%	LongGF	reverse_order:tri_fusion	0	Partial_Recall
positive	10GB	85%	LongGF	reverse_order:truncated_tri_fusion	7	Partial_Recall
positive	10GB	85%	LongGF	tri_fusion	0	True_Recall
positive	10GB	85%	LongGF	truncated_tri_fusion	10	Partial_Recall
positive	10GB	85%	LongGF	wrong_order:tri_fusion	0	Partial_Recall
positive	10GB	90%	CTAT-LR-Fusion	chromosomal_misalignment:intra_chromosome	0	Partial_Recall
positive	10GB	90%	CTAT-LR-Fusion	false_fusion	21	False_Call
positive	10GB	90%	CTAT-LR-Fusion	false_fusion:mitochondrial	0	False_Call
positive	10GB	90%	CTAT-LR-Fusion	false_fusion:mitochondrial_genomic	0	False_Call
positive	10GB	90%	CTAT-LR-Fusion	false_fusion:self_misalignment	0	False_Call
positive	10GB	90%	CTAT-LR-Fusion	false_fusion:Sense-Antisense	0	False_Call
positive	10GB	90%	CTAT-LR-Fusion	hybrid	29	True_Recall
positive	10GB	90%	CTAT-LR-Fusion	intra_chromosome	32	True_Recall
positive	10GB	90%	CTAT-LR-Fusion	read_through	15	True_Recall
positive	10GB	90%	CTAT-LR-Fusion	reverse_order:hybrid	0	Partial_Recall
positive	10GB	90%	CTAT-LR-Fusion	reverse_order:intra_chromosome	0	Partial_Recall
positive	10GB	90%	CTAT-LR-Fusion	reverse_order:read_through	0	Partial_Recall
positive	10GB	90%	CTAT-LR-Fusion	reverse_order:tri_fusion	0	Partial_Recall
positive	10GB	90%	CTAT-LR-Fusion	reverse_order:truncated_tri_fusion	0	Partial_Recall
positive	10GB	90%	CTAT-LR-Fusion	tri_fusion	0	True_Recall
positive	10GB	90%	CTAT-LR-Fusion	truncated_tri_fusion	49	Partial_Recall
positive	10GB	90%	CTAT-LR-Fusion	wrong_order:tri_fusion	0	Partial_Recall
positive	10GB	90%	FusionSeeker	chromosomal_misalignment:intra_chromosome	1	Partial_Recall
positive	10GB	90%	FusionSeeker	false_fusion	192	False_Call
positive	10GB	90%	FusionSeeker	false_fusion:mitochondrial	0	False_Call
positive	10GB	90%	FusionSeeker	false_fusion:mitochondrial_genomic	2	False_Call
positive	10GB	90%	FusionSeeker	false_fusion:self_misalignment	0	False_Call
positive	10GB	90%	FusionSeeker	false_fusion:Sense-Antisense	9	False_Call
positive	10GB	90%	FusionSeeker	hybrid	15	True_Recall
positive	10GB	90%	FusionSeeker	intra_chromosome	18	True_Recall
positive	10GB	90%	FusionSeeker	read_through	18	True_Recall
positive	10GB	90%	FusionSeeker	reverse_order:hybrid	13	Partial_Recall
positive	10GB	90%	FusionSeeker	reverse_order:intra_chromosome	19	Partial_Recall
positive	10GB	90%	FusionSeeker	reverse_order:read_through	0	Partial_Recall
positive	10GB	90%	FusionSeeker	reverse_order:tri_fusion	0	Partial_Recall
positive	10GB	90%	FusionSeeker	reverse_order:truncated_tri_fusion	38	Partial_Recall
positive	10GB	90%	FusionSeeker	tri_fusion	0	True_Recall
positive	10GB	90%	FusionSeeker	truncated_tri_fusion	36	Partial_Recall
positive	10GB	90%	FusionSeeker	wrong_order:tri_fusion	0	Partial_Recall
positive	10GB	90%	Genion	chromosomal_misalignment:intra_chromosome	0	Partial_Recall
positive	10GB	90%	Genion	false_fusion	4	False_Call
positive	10GB	90%	Genion	false_fusion:mitochondrial	0	False_Call
positive	10GB	90%	Genion	false_fusion:mitochondrial_genomic	0	False_Call
positive	10GB	90%	Genion	false_fusion:self_misalignment	0	False_Call
positive	10GB	90%	Genion	false_fusion:Sense-Antisense	0	False_Call
positive	10GB	90%	Genion	hybrid	0	True_Recall
positive	10GB	90%	Genion	intra_chromosome	1	True_Recall
positive	10GB	90%	Genion	read_through	3	True_Recall
positive	10GB	90%	Genion	reverse_order:hybrid	1	Partial_Recall
positive	10GB	90%	Genion	reverse_order:intra_chromosome	0	Partial_Recall
positive	10GB	90%	Genion	reverse_order:read_through	0	Partial_Recall
positive	10GB	90%	Genion	reverse_order:tri_fusion	0	Partial_Recall
positive	10GB	90%	Genion	reverse_order:truncated_tri_fusion	2	Partial_Recall
positive	10GB	90%	Genion	tri_fusion	0	True_Recall
positive	10GB	90%	Genion	truncated_tri_fusion	1	Partial_Recall
positive	10GB	90%	Genion	wrong_order:tri_fusion	0	Partial_Recall
positive	10GB	90%	GFSeeker	chromosomal_misalignment:intra_chromosome	0	Partial_Recall
positive	10GB	90%	GFSeeker	false_fusion	24	False_Call
positive	10GB	90%	GFSeeker	false_fusion:mitochondrial	0	False_Call
positive	10GB	90%	GFSeeker	false_fusion:mitochondrial_genomic	0	False_Call
positive	10GB	90%	GFSeeker	false_fusion:self_misalignment	0	False_Call
positive	10GB	90%	GFSeeker	false_fusion:Sense-Antisense	0	False_Call
positive	10GB	90%	GFSeeker	hybrid	13	True_Recall
positive	10GB	90%	GFSeeker	intra_chromosome	11	True_Recall
positive	10GB	90%	GFSeeker	read_through	6	True_Recall
positive	10GB	90%	GFSeeker	reverse_order:hybrid	3	Partial_Recall
positive	10GB	90%	GFSeeker	reverse_order:intra_chromosome	7	Partial_Recall
positive	10GB	90%	GFSeeker	reverse_order:read_through	6	Partial_Recall
positive	10GB	90%	GFSeeker	reverse_order:tri_fusion	0	Partial_Recall
positive	10GB	90%	GFSeeker	reverse_order:truncated_tri_fusion	23	Partial_Recall
positive	10GB	90%	GFSeeker	tri_fusion	0	True_Recall
positive	10GB	90%	GFSeeker	truncated_tri_fusion	15	Partial_Recall
positive	10GB	90%	GFSeeker	wrong_order:tri_fusion	0	Partial_Recall
positive	10GB	90%	JAFFAL	chromosomal_misalignment:intra_chromosome	0	Partial_Recall
positive	10GB	90%	JAFFAL	false_fusion	15	False_Call
positive	10GB	90%	JAFFAL	false_fusion:mitochondrial	0	False_Call
positive	10GB	90%	JAFFAL	false_fusion:mitochondrial_genomic	0	False_Call
positive	10GB	90%	JAFFAL	false_fusion:self_misalignment	0	False_Call
positive	10GB	90%	JAFFAL	false_fusion:Sense-Antisense	0	False_Call
positive	10GB	90%	JAFFAL	hybrid	14	True_Recall
positive	10GB	90%	JAFFAL	intra_chromosome	18	True_Recall
positive	10GB	90%	JAFFAL	read_through	5	True_Recall
positive	10GB	90%	JAFFAL	reverse_order:hybrid	0	Partial_Recall
positive	10GB	90%	JAFFAL	reverse_order:intra_chromosome	0	Partial_Recall
positive	10GB	90%	JAFFAL	reverse_order:read_through	0	Partial_Recall
positive	10GB	90%	JAFFAL	reverse_order:tri_fusion	0	Partial_Recall
positive	10GB	90%	JAFFAL	reverse_order:truncated_tri_fusion	0	Partial_Recall
positive	10GB	90%	JAFFAL	tri_fusion	0	True_Recall
positive	10GB	90%	JAFFAL	truncated_tri_fusion	42	Partial_Recall
positive	10GB	90%	JAFFAL	wrong_order:tri_fusion	0	Partial_Recall
positive	10GB	90%	LongGF	chromosomal_misalignment:intra_chromosome	1	Partial_Recall
positive	10GB	90%	LongGF	false_fusion	10	False_Call
positive	10GB	90%	LongGF	false_fusion:mitochondrial	0	False_Call
positive	10GB	90%	LongGF	false_fusion:mitochondrial_genomic	0	False_Call
positive	10GB	90%	LongGF	false_fusion:self_misalignment	0	False_Call
positive	10GB	90%	LongGF	false_fusion:Sense-Antisense	0	False_Call
positive	10GB	90%	LongGF	hybrid	2	True_Recall
positive	10GB	90%	LongGF	intra_chromosome	4	True_Recall
positive	10GB	90%	LongGF	read_through	3	True_Recall
positive	10GB	90%	LongGF	reverse_order:hybrid	6	Partial_Recall
positive	10GB	90%	LongGF	reverse_order:intra_chromosome	4	Partial_Recall
positive	10GB	90%	LongGF	reverse_order:read_through	3	Partial_Recall
positive	10GB	90%	LongGF	reverse_order:tri_fusion	0	Partial_Recall
positive	10GB	90%	LongGF	reverse_order:truncated_tri_fusion	15	Partial_Recall
positive	10GB	90%	LongGF	tri_fusion	0	True_Recall
positive	10GB	90%	LongGF	truncated_tri_fusion	12	Partial_Recall
positive	10GB	90%	LongGF	wrong_order:tri_fusion	0	Partial_Recall
positive	10GB	95%	CTAT-LR-Fusion	chromosomal_misalignment:intra_chromosome	1	Partial_Recall
positive	10GB	95%	CTAT-LR-Fusion	false_fusion	28	False_Call
positive	10GB	95%	CTAT-LR-Fusion	false_fusion:mitochondrial	0	False_Call
positive	10GB	95%	CTAT-LR-Fusion	false_fusion:mitochondrial_genomic	0	False_Call
positive	10GB	95%	CTAT-LR-Fusion	false_fusion:self_misalignment	0	False_Call
positive	10GB	95%	CTAT-LR-Fusion	false_fusion:Sense-Antisense	0	False_Call
positive	10GB	95%	CTAT-LR-Fusion	hybrid	26	True_Recall
positive	10GB	95%	CTAT-LR-Fusion	intra_chromosome	40	True_Recall
positive	10GB	95%	CTAT-LR-Fusion	read_through	24	True_Recall
positive	10GB	95%	CTAT-LR-Fusion	reverse_order:hybrid	0	Partial_Recall
positive	10GB	95%	CTAT-LR-Fusion	reverse_order:intra_chromosome	0	Partial_Recall
positive	10GB	95%	CTAT-LR-Fusion	reverse_order:read_through	0	Partial_Recall
positive	10GB	95%	CTAT-LR-Fusion	reverse_order:tri_fusion	0	Partial_Recall
positive	10GB	95%	CTAT-LR-Fusion	reverse_order:truncated_tri_fusion	0	Partial_Recall
positive	10GB	95%	CTAT-LR-Fusion	tri_fusion	0	True_Recall
positive	10GB	95%	CTAT-LR-Fusion	truncated_tri_fusion	69	Partial_Recall
positive	10GB	95%	CTAT-LR-Fusion	wrong_order:tri_fusion	0	Partial_Recall
positive	10GB	95%	FusionSeeker	chromosomal_misalignment:intra_chromosome	0	Partial_Recall
positive	10GB	95%	FusionSeeker	false_fusion	194	False_Call
positive	10GB	95%	FusionSeeker	false_fusion:mitochondrial	0	False_Call
positive	10GB	95%	FusionSeeker	false_fusion:mitochondrial_genomic	2	False_Call
positive	10GB	95%	FusionSeeker	false_fusion:self_misalignment	0	False_Call
positive	10GB	95%	FusionSeeker	false_fusion:Sense-Antisense	11	False_Call
positive	10GB	95%	FusionSeeker	hybrid	15	True_Recall
positive	10GB	95%	FusionSeeker	intra_chromosome	22	True_Recall
positive	10GB	95%	FusionSeeker	read_through	21	True_Recall
positive	10GB	95%	FusionSeeker	reverse_order:hybrid	14	Partial_Recall
positive	10GB	95%	FusionSeeker	reverse_order:intra_chromosome	23	Partial_Recall
positive	10GB	95%	FusionSeeker	reverse_order:read_through	0	Partial_Recall
positive	10GB	95%	FusionSeeker	reverse_order:tri_fusion	0	Partial_Recall
positive	10GB	95%	FusionSeeker	reverse_order:truncated_tri_fusion	45	Partial_Recall
positive	10GB	95%	FusionSeeker	tri_fusion	0	True_Recall
positive	10GB	95%	FusionSeeker	truncated_tri_fusion	46	Partial_Recall
positive	10GB	95%	FusionSeeker	wrong_order:tri_fusion	0	Partial_Recall
positive	10GB	95%	Genion	chromosomal_misalignment:intra_chromosome	0	Partial_Recall
positive	10GB	95%	Genion	false_fusion	3	False_Call
positive	10GB	95%	Genion	false_fusion:mitochondrial	0	False_Call
positive	10GB	95%	Genion	false_fusion:mitochondrial_genomic	0	False_Call
positive	10GB	95%	Genion	false_fusion:self_misalignment	0	False_Call
positive	10GB	95%	Genion	false_fusion:Sense-Antisense	0	False_Call
positive	10GB	95%	Genion	hybrid	1	True_Recall
positive	10GB	95%	Genion	intra_chromosome	0	True_Recall
positive	10GB	95%	Genion	read_through	4	True_Recall
positive	10GB	95%	Genion	reverse_order:hybrid	0	Partial_Recall
positive	10GB	95%	Genion	reverse_order:intra_chromosome	1	Partial_Recall
positive	10GB	95%	Genion	reverse_order:read_through	1	Partial_Recall
positive	10GB	95%	Genion	reverse_order:tri_fusion	0	Partial_Recall
positive	10GB	95%	Genion	reverse_order:truncated_tri_fusion	1	Partial_Recall
positive	10GB	95%	Genion	tri_fusion	0	True_Recall
positive	10GB	95%	Genion	truncated_tri_fusion	1	Partial_Recall
positive	10GB	95%	Genion	wrong_order:tri_fusion	0	Partial_Recall
positive	10GB	95%	GFSeeker	chromosomal_misalignment:intra_chromosome	0	Partial_Recall
positive	10GB	95%	GFSeeker	false_fusion	27	False_Call
positive	10GB	95%	GFSeeker	false_fusion:mitochondrial	0	False_Call
positive	10GB	95%	GFSeeker	false_fusion:mitochondrial_genomic	0	False_Call
positive	10GB	95%	GFSeeker	false_fusion:self_misalignment	0	False_Call
positive	10GB	95%	GFSeeker	false_fusion:Sense-Antisense	0	False_Call
positive	10GB	95%	GFSeeker	hybrid	10	True_Recall
positive	10GB	95%	GFSeeker	intra_chromosome	11	True_Recall
positive	10GB	95%	GFSeeker	read_through	5	True_Recall
positive	10GB	95%	GFSeeker	reverse_order:hybrid	11	Partial_Recall
positive	10GB	95%	GFSeeker	reverse_order:intra_chromosome	19	Partial_Recall
positive	10GB	95%	GFSeeker	reverse_order:read_through	6	Partial_Recall
positive	10GB	95%	GFSeeker	reverse_order:tri_fusion	0	Partial_Recall
positive	10GB	95%	GFSeeker	reverse_order:truncated_tri_fusion	33	Partial_Recall
positive	10GB	95%	GFSeeker	tri_fusion	0	True_Recall
positive	10GB	95%	GFSeeker	truncated_tri_fusion	18	Partial_Recall
positive	10GB	95%	GFSeeker	wrong_order:tri_fusion	0	Partial_Recall
positive	10GB	95%	JAFFAL	chromosomal_misalignment:intra_chromosome	0	Partial_Recall
positive	10GB	95%	JAFFAL	false_fusion	30	False_Call
positive	10GB	95%	JAFFAL	false_fusion:mitochondrial	0	False_Call
positive	10GB	95%	JAFFAL	false_fusion:mitochondrial_genomic	0	False_Call
positive	10GB	95%	JAFFAL	false_fusion:self_misalignment	0	False_Call
positive	10GB	95%	JAFFAL	false_fusion:Sense-Antisense	0	False_Call
positive	10GB	95%	JAFFAL	hybrid	18	True_Recall
positive	10GB	95%	JAFFAL	intra_chromosome	26	True_Recall
positive	10GB	95%	JAFFAL	read_through	7	True_Recall
positive	10GB	95%	JAFFAL	reverse_order:hybrid	0	Partial_Recall
positive	10GB	95%	JAFFAL	reverse_order:intra_chromosome	0	Partial_Recall
positive	10GB	95%	JAFFAL	reverse_order:read_through	0	Partial_Recall
positive	10GB	95%	JAFFAL	reverse_order:tri_fusion	0	Partial_Recall
positive	10GB	95%	JAFFAL	reverse_order:truncated_tri_fusion	0	Partial_Recall
positive	10GB	95%	JAFFAL	tri_fusion	6	True_Recall
positive	10GB	95%	JAFFAL	truncated_tri_fusion	58	Partial_Recall
positive	10GB	95%	JAFFAL	wrong_order:tri_fusion	0	Partial_Recall
positive	10GB	95%	LongGF	chromosomal_misalignment:intra_chromosome	0	Partial_Recall
positive	10GB	95%	LongGF	false_fusion	11	False_Call
positive	10GB	95%	LongGF	false_fusion:mitochondrial	0	False_Call
positive	10GB	95%	LongGF	false_fusion:mitochondrial_genomic	0	False_Call
positive	10GB	95%	LongGF	false_fusion:self_misalignment	0	False_Call
positive	10GB	95%	LongGF	false_fusion:Sense-Antisense	0	False_Call
positive	10GB	95%	LongGF	hybrid	3	True_Recall
positive	10GB	95%	LongGF	intra_chromosome	4	True_Recall
positive	10GB	95%	LongGF	read_through	3	True_Recall
positive	10GB	95%	LongGF	reverse_order:hybrid	5	Partial_Recall
positive	10GB	95%	LongGF	reverse_order:intra_chromosome	5	Partial_Recall
positive	10GB	95%	LongGF	reverse_order:read_through	2	Partial_Recall
positive	10GB	95%	LongGF	reverse_order:tri_fusion	0	Partial_Recall
positive	10GB	95%	LongGF	reverse_order:truncated_tri_fusion	12	Partial_Recall
positive	10GB	95%	LongGF	tri_fusion	0	True_Recall
positive	10GB	95%	LongGF	truncated_tri_fusion	13	Partial_Recall
positive	10GB	95%	LongGF	wrong_order:tri_fusion	0	Partial_Recall
positive	1GB	85%	CTAT-LR-Fusion	chromosomal_misalignment:intra_chromosome	0	Partial_Recall
positive	1GB	85%	CTAT-LR-Fusion	false_fusion	1	False_Call
positive	1GB	85%	CTAT-LR-Fusion	false_fusion:mitochondrial	0	False_Call
positive	1GB	85%	CTAT-LR-Fusion	false_fusion:mitochondrial_genomic	0	False_Call
positive	1GB	85%	CTAT-LR-Fusion	false_fusion:self_misalignment	0	False_Call
positive	1GB	85%	CTAT-LR-Fusion	false_fusion:Sense-Antisense	0	False_Call
positive	1GB	85%	CTAT-LR-Fusion	hybrid	0	True_Recall
positive	1GB	85%	CTAT-LR-Fusion	intra_chromosome	0	True_Recall
positive	1GB	85%	CTAT-LR-Fusion	read_through	0	True_Recall
positive	1GB	85%	CTAT-LR-Fusion	reverse_order:hybrid	0	Partial_Recall
positive	1GB	85%	CTAT-LR-Fusion	reverse_order:intra_chromosome	0	Partial_Recall
positive	1GB	85%	CTAT-LR-Fusion	reverse_order:read_through	0	Partial_Recall
positive	1GB	85%	CTAT-LR-Fusion	reverse_order:tri_fusion	0	Partial_Recall
positive	1GB	85%	CTAT-LR-Fusion	reverse_order:truncated_tri_fusion	0	Partial_Recall
positive	1GB	85%	CTAT-LR-Fusion	tri_fusion	0	True_Recall
positive	1GB	85%	CTAT-LR-Fusion	truncated_tri_fusion	1	Partial_Recall
positive	1GB	85%	CTAT-LR-Fusion	wrong_order:tri_fusion	0	Partial_Recall
positive	1GB	85%	FusionSeeker	chromosomal_misalignment:intra_chromosome	0	Partial_Recall
positive	1GB	85%	FusionSeeker	false_fusion	9	False_Call
positive	1GB	85%	FusionSeeker	false_fusion:mitochondrial	0	False_Call
positive	1GB	85%	FusionSeeker	false_fusion:mitochondrial_genomic	0	False_Call
positive	1GB	85%	FusionSeeker	false_fusion:self_misalignment	0	False_Call
positive	1GB	85%	FusionSeeker	false_fusion:Sense-Antisense	0	False_Call
positive	1GB	85%	FusionSeeker	hybrid	0	True_Recall
positive	1GB	85%	FusionSeeker	intra_chromosome	1	True_Recall
positive	1GB	85%	FusionSeeker	read_through	0	True_Recall
positive	1GB	85%	FusionSeeker	reverse_order:hybrid	0	Partial_Recall
positive	1GB	85%	FusionSeeker	reverse_order:intra_chromosome	0	Partial_Recall
positive	1GB	85%	FusionSeeker	reverse_order:read_through	0	Partial_Recall
positive	1GB	85%	FusionSeeker	reverse_order:tri_fusion	0	Partial_Recall
positive	1GB	85%	FusionSeeker	reverse_order:truncated_tri_fusion	0	Partial_Recall
positive	1GB	85%	FusionSeeker	tri_fusion	0	True_Recall
positive	1GB	85%	FusionSeeker	truncated_tri_fusion	1	Partial_Recall
positive	1GB	85%	FusionSeeker	wrong_order:tri_fusion	0	Partial_Recall
positive	1GB	85%	Genion	chromosomal_misalignment:intra_chromosome	0	Partial_Recall
positive	1GB	85%	Genion	false_fusion	1	False_Call
positive	1GB	85%	Genion	false_fusion:mitochondrial	0	False_Call
positive	1GB	85%	Genion	false_fusion:mitochondrial_genomic	0	False_Call
positive	1GB	85%	Genion	false_fusion:self_misalignment	0	False_Call
positive	1GB	85%	Genion	false_fusion:Sense-Antisense	0	False_Call
positive	1GB	85%	Genion	hybrid	0	True_Recall
positive	1GB	85%	Genion	intra_chromosome	0	True_Recall
positive	1GB	85%	Genion	read_through	0	True_Recall
positive	1GB	85%	Genion	reverse_order:hybrid	0	Partial_Recall
positive	1GB	85%	Genion	reverse_order:intra_chromosome	0	Partial_Recall
positive	1GB	85%	Genion	reverse_order:read_through	0	Partial_Recall
positive	1GB	85%	Genion	reverse_order:tri_fusion	0	Partial_Recall
positive	1GB	85%	Genion	reverse_order:truncated_tri_fusion	0	Partial_Recall
positive	1GB	85%	Genion	tri_fusion	0	True_Recall
positive	1GB	85%	Genion	truncated_tri_fusion	0	Partial_Recall
positive	1GB	85%	Genion	wrong_order:tri_fusion	0	Partial_Recall
positive	1GB	85%	GFSeeker	chromosomal_misalignment:intra_chromosome	0	Partial_Recall
positive	1GB	85%	GFSeeker	false_fusion	1	False_Call
positive	1GB	85%	GFSeeker	false_fusion:mitochondrial	0	False_Call
positive	1GB	85%	GFSeeker	false_fusion:mitochondrial_genomic	0	False_Call
positive	1GB	85%	GFSeeker	false_fusion:self_misalignment	0	False_Call
positive	1GB	85%	GFSeeker	false_fusion:Sense-Antisense	0	False_Call
positive	1GB	85%	GFSeeker	hybrid	0	True_Recall
positive	1GB	85%	GFSeeker	intra_chromosome	1	True_Recall
positive	1GB	85%	GFSeeker	read_through	0	True_Recall
positive	1GB	85%	GFSeeker	reverse_order:hybrid	2	Partial_Recall
positive	1GB	85%	GFSeeker	reverse_order:intra_chromosome	0	Partial_Recall
positive	1GB	85%	GFSeeker	reverse_order:read_through	0	Partial_Recall
positive	1GB	85%	GFSeeker	reverse_order:tri_fusion	0	Partial_Recall
positive	1GB	85%	GFSeeker	reverse_order:truncated_tri_fusion	1	Partial_Recall
positive	1GB	85%	GFSeeker	tri_fusion	0	True_Recall
positive	1GB	85%	GFSeeker	truncated_tri_fusion	0	Partial_Recall
positive	1GB	85%	GFSeeker	wrong_order:tri_fusion	0	Partial_Recall
positive	1GB	85%	JAFFAL	chromosomal_misalignment:intra_chromosome	0	Partial_Recall
positive	1GB	85%	JAFFAL	false_fusion	0	False_Call
positive	1GB	85%	JAFFAL	false_fusion:mitochondrial	0	False_Call
positive	1GB	85%	JAFFAL	false_fusion:mitochondrial_genomic	0	False_Call
positive	1GB	85%	JAFFAL	false_fusion:self_misalignment	0	False_Call
positive	1GB	85%	JAFFAL	false_fusion:Sense-Antisense	0	False_Call
positive	1GB	85%	JAFFAL	hybrid	0	True_Recall
positive	1GB	85%	JAFFAL	intra_chromosome	0	True_Recall
positive	1GB	85%	JAFFAL	read_through	0	True_Recall
positive	1GB	85%	JAFFAL	reverse_order:hybrid	0	Partial_Recall
positive	1GB	85%	JAFFAL	reverse_order:intra_chromosome	0	Partial_Recall
positive	1GB	85%	JAFFAL	reverse_order:read_through	0	Partial_Recall
positive	1GB	85%	JAFFAL	reverse_order:tri_fusion	0	Partial_Recall
positive	1GB	85%	JAFFAL	reverse_order:truncated_tri_fusion	0	Partial_Recall
positive	1GB	85%	JAFFAL	tri_fusion	0	True_Recall
positive	1GB	85%	JAFFAL	truncated_tri_fusion	0	Partial_Recall
positive	1GB	85%	JAFFAL	wrong_order:tri_fusion	0	Partial_Recall
positive	1GB	85%	LongGF	chromosomal_misalignment:intra_chromosome	0	Partial_Recall
positive	1GB	85%	LongGF	false_fusion	0	False_Call
positive	1GB	85%	LongGF	false_fusion:mitochondrial	0	False_Call
positive	1GB	85%	LongGF	false_fusion:mitochondrial_genomic	0	False_Call
positive	1GB	85%	LongGF	false_fusion:self_misalignment	0	False_Call
positive	1GB	85%	LongGF	false_fusion:Sense-Antisense	0	False_Call
positive	1GB	85%	LongGF	hybrid	0	True_Recall
positive	1GB	85%	LongGF	intra_chromosome	0	True_Recall
positive	1GB	85%	LongGF	read_through	0	True_Recall
positive	1GB	85%	LongGF	reverse_order:hybrid	0	Partial_Recall
positive	1GB	85%	LongGF	reverse_order:intra_chromosome	0	Partial_Recall
positive	1GB	85%	LongGF	reverse_order:read_through	0	Partial_Recall
positive	1GB	85%	LongGF	reverse_order:tri_fusion	0	Partial_Recall
positive	1GB	85%	LongGF	reverse_order:truncated_tri_fusion	0	Partial_Recall
positive	1GB	85%	LongGF	tri_fusion	0	True_Recall
positive	1GB	85%	LongGF	truncated_tri_fusion	0	Partial_Recall
positive	1GB	85%	LongGF	wrong_order:tri_fusion	0	Partial_Recall
positive	1GB	90%	CTAT-LR-Fusion	chromosomal_misalignment:intra_chromosome	0	Partial_Recall
positive	1GB	90%	CTAT-LR-Fusion	false_fusion	0	False_Call
positive	1GB	90%	CTAT-LR-Fusion	false_fusion:mitochondrial	0	False_Call
positive	1GB	90%	CTAT-LR-Fusion	false_fusion:mitochondrial_genomic	0	False_Call
positive	1GB	90%	CTAT-LR-Fusion	false_fusion:self_misalignment	0	False_Call
positive	1GB	90%	CTAT-LR-Fusion	false_fusion:Sense-Antisense	0	False_Call
positive	1GB	90%	CTAT-LR-Fusion	hybrid	0	True_Recall
positive	1GB	90%	CTAT-LR-Fusion	intra_chromosome	0	True_Recall
positive	1GB	90%	CTAT-LR-Fusion	read_through	0	True_Recall
positive	1GB	90%	CTAT-LR-Fusion	reverse_order:hybrid	0	Partial_Recall
positive	1GB	90%	CTAT-LR-Fusion	reverse_order:intra_chromosome	0	Partial_Recall
positive	1GB	90%	CTAT-LR-Fusion	reverse_order:read_through	0	Partial_Recall
positive	1GB	90%	CTAT-LR-Fusion	reverse_order:tri_fusion	0	Partial_Recall
positive	1GB	90%	CTAT-LR-Fusion	reverse_order:truncated_tri_fusion	0	Partial_Recall
positive	1GB	90%	CTAT-LR-Fusion	tri_fusion	0	True_Recall
positive	1GB	90%	CTAT-LR-Fusion	truncated_tri_fusion	1	Partial_Recall
positive	1GB	90%	CTAT-LR-Fusion	wrong_order:tri_fusion	0	Partial_Recall
positive	1GB	90%	FusionSeeker	chromosomal_misalignment:intra_chromosome	0	Partial_Recall
positive	1GB	90%	FusionSeeker	false_fusion	12	False_Call
positive	1GB	90%	FusionSeeker	false_fusion:mitochondrial	0	False_Call
positive	1GB	90%	FusionSeeker	false_fusion:mitochondrial_genomic	0	False_Call
positive	1GB	90%	FusionSeeker	false_fusion:self_misalignment	0	False_Call
positive	1GB	90%	FusionSeeker	false_fusion:Sense-Antisense	1	False_Call
positive	1GB	90%	FusionSeeker	hybrid	0	True_Recall
positive	1GB	90%	FusionSeeker	intra_chromosome	0	True_Recall
positive	1GB	90%	FusionSeeker	read_through	0	True_Recall
positive	1GB	90%	FusionSeeker	reverse_order:hybrid	0	Partial_Recall
positive	1GB	90%	FusionSeeker	reverse_order:intra_chromosome	1	Partial_Recall
positive	1GB	90%	FusionSeeker	reverse_order:read_through	0	Partial_Recall
positive	1GB	90%	FusionSeeker	reverse_order:tri_fusion	0	Partial_Recall
positive	1GB	90%	FusionSeeker	reverse_order:truncated_tri_fusion	1	Partial_Recall
positive	1GB	90%	FusionSeeker	tri_fusion	0	True_Recall
positive	1GB	90%	FusionSeeker	truncated_tri_fusion	2	Partial_Recall
positive	1GB	90%	FusionSeeker	wrong_order:tri_fusion	0	Partial_Recall
positive	1GB	90%	Genion	chromosomal_misalignment:intra_chromosome	0	Partial_Recall
positive	1GB	90%	Genion	false_fusion	0	False_Call
positive	1GB	90%	Genion	false_fusion:mitochondrial	0	False_Call
positive	1GB	90%	Genion	false_fusion:mitochondrial_genomic	0	False_Call
positive	1GB	90%	Genion	false_fusion:self_misalignment	0	False_Call
positive	1GB	90%	Genion	false_fusion:Sense-Antisense	0	False_Call
positive	1GB	90%	Genion	hybrid	0	True_Recall
positive	1GB	90%	Genion	intra_chromosome	0	True_Recall
positive	1GB	90%	Genion	read_through	0	True_Recall
positive	1GB	90%	Genion	reverse_order:hybrid	0	Partial_Recall
positive	1GB	90%	Genion	reverse_order:intra_chromosome	0	Partial_Recall
positive	1GB	90%	Genion	reverse_order:read_through	0	Partial_Recall
positive	1GB	90%	Genion	reverse_order:tri_fusion	0	Partial_Recall
positive	1GB	90%	Genion	reverse_order:truncated_tri_fusion	0	Partial_Recall
positive	1GB	90%	Genion	tri_fusion	0	True_Recall
positive	1GB	90%	Genion	truncated_tri_fusion	0	Partial_Recall
positive	1GB	90%	Genion	wrong_order:tri_fusion	0	Partial_Recall
positive	1GB	90%	GFSeeker	chromosomal_misalignment:intra_chromosome	0	Partial_Recall
positive	1GB	90%	GFSeeker	false_fusion	1	False_Call
positive	1GB	90%	GFSeeker	false_fusion:mitochondrial	0	False_Call
positive	1GB	90%	GFSeeker	false_fusion:mitochondrial_genomic	0	False_Call
positive	1GB	90%	GFSeeker	false_fusion:self_misalignment	0	False_Call
positive	1GB	90%	GFSeeker	false_fusion:Sense-Antisense	0	False_Call
positive	1GB	90%	GFSeeker	hybrid	1	True_Recall
positive	1GB	90%	GFSeeker	intra_chromosome	0	True_Recall
positive	1GB	90%	GFSeeker	read_through	0	True_Recall
positive	1GB	90%	GFSeeker	reverse_order:hybrid	1	Partial_Recall
positive	1GB	90%	GFSeeker	reverse_order:intra_chromosome	0	Partial_Recall
positive	1GB	90%	GFSeeker	reverse_order:read_through	0	Partial_Recall
positive	1GB	90%	GFSeeker	reverse_order:tri_fusion	0	Partial_Recall
positive	1GB	90%	GFSeeker	reverse_order:truncated_tri_fusion	0	Partial_Recall
positive	1GB	90%	GFSeeker	tri_fusion	0	True_Recall
positive	1GB	90%	GFSeeker	truncated_tri_fusion	1	Partial_Recall
positive	1GB	90%	GFSeeker	wrong_order:tri_fusion	0	Partial_Recall
positive	1GB	90%	JAFFAL	chromosomal_misalignment:intra_chromosome	0	Partial_Recall
positive	1GB	90%	JAFFAL	false_fusion	0	False_Call
positive	1GB	90%	JAFFAL	false_fusion:mitochondrial	0	False_Call
positive	1GB	90%	JAFFAL	false_fusion:mitochondrial_genomic	0	False_Call
positive	1GB	90%	JAFFAL	false_fusion:self_misalignment	0	False_Call
positive	1GB	90%	JAFFAL	false_fusion:Sense-Antisense	0	False_Call
positive	1GB	90%	JAFFAL	hybrid	0	True_Recall
positive	1GB	90%	JAFFAL	intra_chromosome	1	True_Recall
positive	1GB	90%	JAFFAL	read_through	0	True_Recall
positive	1GB	90%	JAFFAL	reverse_order:hybrid	0	Partial_Recall
positive	1GB	90%	JAFFAL	reverse_order:intra_chromosome	0	Partial_Recall
positive	1GB	90%	JAFFAL	reverse_order:read_through	0	Partial_Recall
positive	1GB	90%	JAFFAL	reverse_order:tri_fusion	0	Partial_Recall
positive	1GB	90%	JAFFAL	reverse_order:truncated_tri_fusion	0	Partial_Recall
positive	1GB	90%	JAFFAL	tri_fusion	0	True_Recall
positive	1GB	90%	JAFFAL	truncated_tri_fusion	2	Partial_Recall
positive	1GB	90%	JAFFAL	wrong_order:tri_fusion	0	Partial_Recall
positive	1GB	90%	LongGF	chromosomal_misalignment:intra_chromosome	0	Partial_Recall
positive	1GB	90%	LongGF	false_fusion	0	False_Call
positive	1GB	90%	LongGF	false_fusion:mitochondrial	0	False_Call
positive	1GB	90%	LongGF	false_fusion:mitochondrial_genomic	0	False_Call
positive	1GB	90%	LongGF	false_fusion:self_misalignment	0	False_Call
positive	1GB	90%	LongGF	false_fusion:Sense-Antisense	0	False_Call
positive	1GB	90%	LongGF	hybrid	0	True_Recall
positive	1GB	90%	LongGF	intra_chromosome	0	True_Recall
positive	1GB	90%	LongGF	read_through	0	True_Recall
positive	1GB	90%	LongGF	reverse_order:hybrid	0	Partial_Recall
positive	1GB	90%	LongGF	reverse_order:intra_chromosome	0	Partial_Recall
positive	1GB	90%	LongGF	reverse_order:read_through	0	Partial_Recall
positive	1GB	90%	LongGF	reverse_order:tri_fusion	0	Partial_Recall
positive	1GB	90%	LongGF	reverse_order:truncated_tri_fusion	1	Partial_Recall
positive	1GB	90%	LongGF	tri_fusion	0	True_Recall
positive	1GB	90%	LongGF	truncated_tri_fusion	0	Partial_Recall
positive	1GB	90%	LongGF	wrong_order:tri_fusion	0	Partial_Recall
positive	1GB	95%	CTAT-LR-Fusion	chromosomal_misalignment:intra_chromosome	0	Partial_Recall
positive	1GB	95%	CTAT-LR-Fusion	false_fusion	0	False_Call
positive	1GB	95%	CTAT-LR-Fusion	false_fusion:mitochondrial	0	False_Call
positive	1GB	95%	CTAT-LR-Fusion	false_fusion:mitochondrial_genomic	0	False_Call
positive	1GB	95%	CTAT-LR-Fusion	false_fusion:self_misalignment	0	False_Call
positive	1GB	95%	CTAT-LR-Fusion	false_fusion:Sense-Antisense	0	False_Call
positive	1GB	95%	CTAT-LR-Fusion	hybrid	0	True_Recall
positive	1GB	95%	CTAT-LR-Fusion	intra_chromosome	1	True_Recall
positive	1GB	95%	CTAT-LR-Fusion	read_through	1	True_Recall
positive	1GB	95%	CTAT-LR-Fusion	reverse_order:hybrid	0	Partial_Recall
positive	1GB	95%	CTAT-LR-Fusion	reverse_order:intra_chromosome	0	Partial_Recall
positive	1GB	95%	CTAT-LR-Fusion	reverse_order:read_through	0	Partial_Recall
positive	1GB	95%	CTAT-LR-Fusion	reverse_order:tri_fusion	0	Partial_Recall
positive	1GB	95%	CTAT-LR-Fusion	reverse_order:truncated_tri_fusion	0	Partial_Recall
positive	1GB	95%	CTAT-LR-Fusion	tri_fusion	0	True_Recall
positive	1GB	95%	CTAT-LR-Fusion	truncated_tri_fusion	3	Partial_Recall
positive	1GB	95%	CTAT-LR-Fusion	wrong_order:tri_fusion	0	Partial_Recall
positive	1GB	95%	FusionSeeker	chromosomal_misalignment:intra_chromosome	0	Partial_Recall
positive	1GB	95%	FusionSeeker	false_fusion	11	False_Call
positive	1GB	95%	FusionSeeker	false_fusion:mitochondrial	0	False_Call
positive	1GB	95%	FusionSeeker	false_fusion:mitochondrial_genomic	0	False_Call
positive	1GB	95%	FusionSeeker	false_fusion:self_misalignment	0	False_Call
positive	1GB	95%	FusionSeeker	false_fusion:Sense-Antisense	3	False_Call
positive	1GB	95%	FusionSeeker	hybrid	1	True_Recall
positive	1GB	95%	FusionSeeker	intra_chromosome	0	True_Recall
positive	1GB	95%	FusionSeeker	read_through	1	True_Recall
positive	1GB	95%	FusionSeeker	reverse_order:hybrid	2	Partial_Recall
positive	1GB	95%	FusionSeeker	reverse_order:intra_chromosome	1	Partial_Recall
positive	1GB	95%	FusionSeeker	reverse_order:read_through	0	Partial_Recall
positive	1GB	95%	FusionSeeker	reverse_order:tri_fusion	0	Partial_Recall
positive	1GB	95%	FusionSeeker	reverse_order:truncated_tri_fusion	0	Partial_Recall
positive	1GB	95%	FusionSeeker	tri_fusion	0	True_Recall
positive	1GB	95%	FusionSeeker	truncated_tri_fusion	2	Partial_Recall
positive	1GB	95%	FusionSeeker	wrong_order:tri_fusion	0	Partial_Recall
positive	1GB	95%	Genion	chromosomal_misalignment:intra_chromosome	0	Partial_Recall
positive	1GB	95%	Genion	false_fusion	0	False_Call
positive	1GB	95%	Genion	false_fusion:mitochondrial	0	False_Call
positive	1GB	95%	Genion	false_fusion:mitochondrial_genomic	0	False_Call
positive	1GB	95%	Genion	false_fusion:self_misalignment	0	False_Call
positive	1GB	95%	Genion	false_fusion:Sense-Antisense	0	False_Call
positive	1GB	95%	Genion	hybrid	0	True_Recall
positive	1GB	95%	Genion	intra_chromosome	0	True_Recall
positive	1GB	95%	Genion	read_through	0	True_Recall
positive	1GB	95%	Genion	reverse_order:hybrid	0	Partial_Recall
positive	1GB	95%	Genion	reverse_order:intra_chromosome	0	Partial_Recall
positive	1GB	95%	Genion	reverse_order:read_through	0	Partial_Recall
positive	1GB	95%	Genion	reverse_order:tri_fusion	0	Partial_Recall
positive	1GB	95%	Genion	reverse_order:truncated_tri_fusion	0	Partial_Recall
positive	1GB	95%	Genion	tri_fusion	0	True_Recall
positive	1GB	95%	Genion	truncated_tri_fusion	0	Partial_Recall
positive	1GB	95%	Genion	wrong_order:tri_fusion	0	Partial_Recall
positive	1GB	95%	GFSeeker	chromosomal_misalignment:intra_chromosome	0	Partial_Recall
positive	1GB	95%	GFSeeker	false_fusion	1	False_Call
positive	1GB	95%	GFSeeker	false_fusion:mitochondrial	0	False_Call
positive	1GB	95%	GFSeeker	false_fusion:mitochondrial_genomic	0	False_Call
positive	1GB	95%	GFSeeker	false_fusion:self_misalignment	0	False_Call
positive	1GB	95%	GFSeeker	false_fusion:Sense-Antisense	0	False_Call
positive	1GB	95%	GFSeeker	hybrid	0	True_Recall
positive	1GB	95%	GFSeeker	intra_chromosome	0	True_Recall
positive	1GB	95%	GFSeeker	read_through	0	True_Recall
positive	1GB	95%	GFSeeker	reverse_order:hybrid	2	Partial_Recall
positive	1GB	95%	GFSeeker	reverse_order:intra_chromosome	0	Partial_Recall
positive	1GB	95%	GFSeeker	reverse_order:read_through	0	Partial_Recall
positive	1GB	95%	GFSeeker	reverse_order:tri_fusion	0	Partial_Recall
positive	1GB	95%	GFSeeker	reverse_order:truncated_tri_fusion	1	Partial_Recall
positive	1GB	95%	GFSeeker	tri_fusion	0	True_Recall
positive	1GB	95%	GFSeeker	truncated_tri_fusion	0	Partial_Recall
positive	1GB	95%	GFSeeker	wrong_order:tri_fusion	0	Partial_Recall
positive	1GB	95%	JAFFAL	chromosomal_misalignment:intra_chromosome	0	Partial_Recall
positive	1GB	95%	JAFFAL	false_fusion	0	False_Call
positive	1GB	95%	JAFFAL	false_fusion:mitochondrial	0	False_Call
positive	1GB	95%	JAFFAL	false_fusion:mitochondrial_genomic	0	False_Call
positive	1GB	95%	JAFFAL	false_fusion:self_misalignment	0	False_Call
positive	1GB	95%	JAFFAL	false_fusion:Sense-Antisense	0	False_Call
positive	1GB	95%	JAFFAL	hybrid	0	True_Recall
positive	1GB	95%	JAFFAL	intra_chromosome	2	True_Recall
positive	1GB	95%	JAFFAL	read_through	2	True_Recall
positive	1GB	95%	JAFFAL	reverse_order:hybrid	0	Partial_Recall
positive	1GB	95%	JAFFAL	reverse_order:intra_chromosome	0	Partial_Recall
positive	1GB	95%	JAFFAL	reverse_order:read_through	0	Partial_Recall
positive	1GB	95%	JAFFAL	reverse_order:tri_fusion	0	Partial_Recall
positive	1GB	95%	JAFFAL	reverse_order:truncated_tri_fusion	0	Partial_Recall
positive	1GB	95%	JAFFAL	tri_fusion	0	True_Recall
positive	1GB	95%	JAFFAL	truncated_tri_fusion	3	Partial_Recall
positive	1GB	95%	JAFFAL	wrong_order:tri_fusion	0	Partial_Recall
positive	1GB	95%	LongGF	chromosomal_misalignment:intra_chromosome	0	Partial_Recall
positive	1GB	95%	LongGF	false_fusion	1	False_Call
positive	1GB	95%	LongGF	false_fusion:mitochondrial	0	False_Call
positive	1GB	95%	LongGF	false_fusion:mitochondrial_genomic	0	False_Call
positive	1GB	95%	LongGF	false_fusion:self_misalignment	0	False_Call
positive	1GB	95%	LongGF	false_fusion:Sense-Antisense	0	False_Call
positive	1GB	95%	LongGF	hybrid	0	True_Recall
positive	1GB	95%	LongGF	intra_chromosome	0	True_Recall
positive	1GB	95%	LongGF	read_through	0	True_Recall
positive	1GB	95%	LongGF	reverse_order:hybrid	0	Partial_Recall
positive	1GB	95%	LongGF	reverse_order:intra_chromosome	0	Partial_Recall
positive	1GB	95%	LongGF	reverse_order:read_through	0	Partial_Recall
positive	1GB	95%	LongGF	reverse_order:tri_fusion	0	Partial_Recall
positive	1GB	95%	LongGF	reverse_order:truncated_tri_fusion	0	Partial_Recall
positive	1GB	95%	LongGF	tri_fusion	0	True_Recall
positive	1GB	95%	LongGF	truncated_tri_fusion	0	Partial_Recall
positive	1GB	95%	LongGF	wrong_order:tri_fusion	0	Partial_Recall
