Source	V4	V3.x	recall_category	control	depth	Sequence_Identity	fusionType	V7
porechoptrimmed_Adapter_Simulated_100GB_nanopore2023_Q85_genion	0.00103869	9.48133	False_Call	negative	100GB	85%	false_fusion	PASS:RT
porechoptrimmed_Adapter_Simulated_100GB_nanopore2023_Q85_genion	5.83005e-4	17.2681	False_Call	negative	100GB	85%	false_fusion	PASS:RT
porechoptrimmed_Adapter_Simulated_100GB_nanopore2023_Q85_genion	0.00536423	180.031	False_Call	negative	100GB	85%	false_fusion	PASS:RT
porechoptrimmed_Adapter_Simulated_100GB_nanopore2023_Q85_genion	0.00125826	18.7519	False_Call	negative	100GB	85%	false_fusion	PASS:RT
porechoptrimmed_Adapter_Simulated_100GB_nanopore2023_Q85_genion	4.19135e-5	12.8736	False_Call	negative	100GB	85%	false_fusion	PASS:RT
porechoptrimmed_Adapter_Simulated_100GB_nanopore2023_Q85_genion	0.0125392	31.8599	False_Call	negative	100GB	85%	false_fusion	PASS:RT
porechoptrimmed_Adapter_Simulated_100GB_nanopore2023_Q85_genion	0.012987	15.9794	False_Call	negative	100GB	85%	false_fusion	PASS:RT
porechoptrimmed_Adapter_Simulated_100GB_nanopore2023_Q85_genion	0.0185663	121.888	False_Call	negative	100GB	85%	false_fusion	PASS:GF
porechoptrimmed_Adapter_Simulated_100GB_nanopore2023_Q85_genion	0.00191388	18.5613	False_Call	negative	100GB	85%	false_fusion	PASS:RT
porechoptrimmed_Adapter_Simulated_100GB_nanopore2023_Q85_genion	0.00294018	37.5039	False_Call	negative	100GB	85%	false_fusion	PASS:GF
porechoptrimmed_Adapter_Simulated_100GB_nanopore2023_Q85_genion	0.00449438	20.1382	False_Call	negative	100GB	85%	false_fusion	PASS:RT
porechoptrimmed_Adapter_Simulated_100GB_nanopore2023_Q85_genion	3.56782e-4	22.6063	False_Call	negative	100GB	85%	false_fusion	PASS:RT
porechoptrimmed_Adapter_Simulated_100GB_nanopore2023_Q85_genion	0.00267201	0	False_Call	negative	100GB	85%	false_fusion	PASS:RT
porechoptrimmed_Adapter_Simulated_100GB_nanopore2023_Q85_genion	0.00175285	56.121	False_Call	negative	100GB	85%	false_fusion	PASS:RT
porechoptrimmed_Adapter_Simulated_100GB_nanopore2023_Q85_genion	8.70701e-4	27.5977	False_Call	negative	100GB	85%	false_fusion	PASS:RT
porechoptrimmed_Adapter_Simulated_100GB_nanopore2023_Q85_genion	0.0112958	336.324	False_Call	negative	100GB	85%	false_fusion	PASS:RT
porechoptrimmed_Adapter_Simulated_100GB_nanopore2023_Q85_genion	0.0265905	773.648	False_Call	negative	100GB	85%	false_fusion	PASS:RT
porechoptrimmed_Adapter_Simulated_100GB_nanopore2023_Q85_genion	0.0178571	19.4653	False_Call	negative	100GB	85%	false_fusion	PASS:RT
porechoptrimmed_Adapter_Simulated_100GB_nanopore2023_Q85_genion	9.03751e-4	0	False_Call	negative	100GB	85%	false_fusion	PASS:RT
porechoptrimmed_Adapter_Simulated_100GB_nanopore2023_Q85_genion	0.00313643	18.2272	False_Call	negative	100GB	85%	false_fusion	PASS:RT
porechoptrimmed_Adapter_Simulated_100GB_nanopore2023_Q85_genion	8.63931e-4	18.7519	False_Call	negative	100GB	85%	false_fusion	PASS:RT
porechoptrimmed_Adapter_Simulated_100GB_nanopore2023_Q85_genion	0.00597015	20.5845	False_Call	negative	100GB	85%	false_fusion	PASS:RT
porechoptrimmed_Adapter_Simulated_100GB_nanopore2023_Q85_genion	0.00284784	49.6642	False_Call	negative	100GB	85%	false_fusion	PASS:RT
porechoptrimmed_Adapter_Simulated_100GB_nanopore2023_Q85_genion	0.252747	243.339	False_Call	negative	100GB	85%	false_fusion	PASS:GF
porechoptrimmed_Adapter_Simulated_100GB_nanopore2023_Q85_genion	0.00188413	0	False_Call	negative	100GB	85%	false_fusion	PASS:RT
porechoptrimmed_Adapter_Simulated_100GB_nanopore2023_Q85_genion	0.00279916	18.7519	False_Call	negative	100GB	85%	false_fusion	PASS:RT
porechoptrimmed_Adapter_Simulated_100GB_nanopore2023_Q85_genion	0.0103262	137.126	False_Call	negative	100GB	85%	false_fusion	PASS:GF
porechoptrimmed_Adapter_Simulated_100GB_nanopore2023_Q85_genion	4.90376e-4	48.5702	False_Call	negative	100GB	85%	false_fusion	PASS:RT
porechoptrimmed_Adapter_Simulated_100GB_nanopore2023_Q85_genion	0.0837209	84.3838	False_Call	negative	100GB	85%	false_fusion	PASS:GF
porechoptrimmed_Adapter_Simulated_100GB_nanopore2023_Q85_genion	0.0358423	90.395	False_Call	negative	100GB	85%	false_fusion	PASS:GF
porechoptrimmed_Adapter_Simulated_100GB_nanopore2023_Q85_genion	0.00345423	0	False_Call	negative	100GB	85%	false_fusion	PASS:RT
porechoptrimmed_Adapter_Simulated_100GB_nanopore2023_Q85_genion	3.63449e-5	27.8968	False_Call	negative	100GB	85%	false_fusion	PASS:RT
porechoptrimmed_Adapter_Simulated_100GB_nanopore2023_Q85_genion	0.00533333	9.48133	False_Call	negative	100GB	85%	false_fusion	PASS:RT
porechoptrimmed_Adapter_Simulated_100GB_nanopore2023_Q85_genion	0.00111483	46.5827	False_Call	negative	100GB	85%	false_fusion	PASS:RT
porechoptrimmed_Adapter_Simulated_100GB_nanopore2023_Q85_genion	0.0268456	21.1599	False_Call	negative	100GB	85%	false_fusion	PASS:RT
porechoptrimmed_Adapter_Simulated_100GB_nanopore2023_Q85_genion	0.00138648	17.175	False_Call	negative	100GB	85%	false_fusion	PASS:RT
porechoptrimmed_Adapter_Simulated_100GB_nanopore2023_Q85_genion	0.00613497	80.1537	False_Call	negative	100GB	85%	false_fusion	PASS:RT
porechoptrimmed_Adapter_Simulated_100GB_nanopore2023_Q85_genion	0.00202703	25.9021	False_Call	negative	100GB	85%	false_fusion	PASS:RT
porechoptrimmed_Adapter_Simulated_100GB_nanopore2023_Q85_genion	0.0061792	9.48133	False_Call	negative	100GB	85%	false_fusion	PASS:RT
porechoptrimmed_Adapter_Simulated_100GB_nanopore2023_Q85_genion	0.0199501	19.1982	False_Call	negative	100GB	85%	false_fusion	PASS:RT
porechoptrimmed_Adapter_Simulated_100GB_nanopore2023_Q85_genion	0.0070922	10.5799	False_Call	negative	100GB	85%	false_fusion	PASS:RT
porechoptrimmed_Adapter_Simulated_100GB_nanopore2023_Q85_genion	0.0293785	85.332	False_Call	negative	100GB	85%	false_fusion	PASS:RT
porechoptrimmed_Adapter_Simulated_100GB_nanopore2023_Q85_genion	0.00414079	18.7519	False_Call	negative	100GB	85%	false_fusion	PASS:RT
porechoptrimmed_Adapter_Simulated_100GB_nanopore2023_Q85_genion	0.117647	10.9854	False_Call	negative	100GB	85%	false_fusion	PASS:RT
porechoptrimmed_Adapter_Simulated_100GB_nanopore2023_Q85_genion	0.0473373	41.1691	False_Call	negative	100GB	85%	false_fusion	PASS:RT
porechoptrimmed_Adapter_Simulated_100GB_nanopore2023_Q85_genion	0.0288809	41.1691	False_Call	negative	100GB	85%	false_fusion:self_misalignment	PASS:RT
porechoptrimmed_Adapter_Simulated_100GB_nanopore2023_Q85_genion	0.0275229	26.0465	False_Call	negative	100GB	85%	false_fusion	PASS:RT
porechoptrimmed_Adapter_Simulated_100GB_nanopore2023_Q85_genion	0.00617214	284.884	False_Call	negative	100GB	85%	false_fusion	PASS:GF
porechoptrimmed_Adapter_Simulated_100GB_nanopore2023_Q85_genion	0.0621118	125.195	False_Call	negative	100GB	85%	false_fusion	PASS:GF
porechoptrimmed_Adapter_Simulated_100GB_nanopore2023_Q85_genion	0.06639	135.355	False_Call	negative	100GB	85%	false_fusion	PASS:GF
porechoptrimmed_Adapter_Simulated_100GB_nanopore2023_Q85_genion	0.00918836	20.5845	False_Call	negative	100GB	85%	false_fusion	PASS:RT
porechoptrimmed_Adapter_Simulated_100GB_nanopore2023_Q85_genion	0.0216359	1535.63	False_Call	negative	100GB	85%	false_fusion	PASS:GF
porechoptrimmed_Adapter_Simulated_100GB_nanopore2023_Q85_genion	0.00178123	51.9057	False_Call	negative	100GB	85%	false_fusion	PASS:GF
porechoptrimmed_Adapter_Simulated_100GB_nanopore2023_Q85_genion	0.00870338	163.363	False_Call	negative	100GB	85%	false_fusion	PASS:GF
porechoptrimmed_Adapter_Simulated_100GB_nanopore2023_Q85_genion	0.150943	153.796	False_Call	negative	100GB	85%	false_fusion	PASS:GF
porechoptrimmed_Adapter_Simulated_100GB_nanopore2023_Q85_genion	0.184615	65.9125	False_Call	negative	100GB	85%	false_fusion	PASS:GF
porechoptrimmed_Adapter_Simulated_100GB_nanopore2023_Q85_genion	0.111111	119.007	False_Call	negative	100GB	85%	false_fusion	PASS:GF
porechoptrimmed_Adapter_Simulated_100GB_nanopore2023_Q85_genion	0.4	167.981	False_Call	negative	100GB	85%	false_fusion	PASS:GF
porechoptrimmed_Adapter_Simulated_100GB_nanopore2023_Q85_genion	0.133333	10.5799	False_Call	negative	100GB	85%	false_fusion:self_misalignment	PASS:RT
porechoptrimmed_Adapter_Simulated_100GB_nanopore2023_Q85_genion	0.0784314	20.5845	False_Call	negative	100GB	85%	false_fusion:self_misalignment	PASS:RT
porechoptrimmed_Adapter_Simulated_100GB_nanopore2023_Q85_genion	0.05	20.5845	False_Call	negative	100GB	85%	false_fusion	PASS:RT
porechoptrimmed_Adapter_Simulated_100GB_nanopore2023_Q85_genion	0.0483871	14.6182	False_Call	negative	100GB	85%	false_fusion	PASS:RT
porechoptrimmed_Adapter_Simulated_100GB_nanopore2023_Q85_genion	0.0412371	19.4653	False_Call	negative	100GB	85%	false_fusion	PASS:RT
porechoptrimmed_Adapter_Simulated_100GB_nanopore2023_Q85_genion	0.0277778	21.9708	False_Call	negative	100GB	85%	false_fusion	PASS:RT
porechoptrimmed_Adapter_Simulated_100GB_nanopore2023_Q85_genion	0.111111	25.9021	False_Call	negative	100GB	85%	false_fusion	PASS:RT
porechoptrimmed_Adapter_Simulated_100GB_nanopore2023_Q85_genion	0.159292	170.664	False_Call	negative	100GB	85%	false_fusion	PASS:GF
porechoptrimmed_Adapter_Simulated_100GB_nanopore2023_Q85_genion	4.59249e-4	49.4441	False_Call	negative	100GB	85%	false_fusion	PASS:RT
porechoptrimmed_Adapter_Simulated_100GB_nanopore2023_Q85_genion	18	0	False_Call	negative	100GB	85%	false_fusion	PASS:GF
porechoptrimmed_Adapter_Simulated_100GB_nanopore2023_Q85_genion	3.16667	153.796	False_Call	negative	100GB	85%	false_fusion:self_misalignment	PASS:GF
porechoptrimmed_Adapter_Simulated_100GB_nanopore2023_Q85_genion	0.1	18.3873	False_Call	negative	100GB	85%	false_fusion	PASS:RT
porechoptrimmed_Adapter_Simulated_100GB_nanopore2023_Q85_genion	19	0	False_Call	negative	100GB	85%	false_fusion:self_misalignment	PASS:GF
porechoptrimmed_Adapter_Simulated_100GB_nanopore2023_Q85_genion	1.5	0	False_Call	negative	100GB	85%	false_fusion:self_misalignment	PASS:GF
porechoptrimmed_Adapter_Simulated_100GB_nanopore2023_Q85_genion	0.195122	40.2765	False_Call	negative	100GB	85%	false_fusion	PASS:RT
porechoptrimmed_Adapter_Simulated_100GB_nanopore2023_Q85_genion	0.0242424	0	False_Call	negative	100GB	85%	false_fusion:self_misalignment	PASS:RT
porechoptrimmed_Adapter_Simulated_100GB_nanopore2023_Q85_genion	0.173913	0	False_Call	negative	100GB	85%	false_fusion:self_misalignment	PASS:RT
porechoptrimmed_Adapter_Simulated_100GB_nanopore2023_Q85_genion	0.172043	20.5845	False_Call	negative	100GB	85%	false_fusion	PASS:GF
porechoptrimmed_Adapter_Simulated_100GB_nanopore2023_Q85_genion	0.00350058	18.9627	False_Call	negative	100GB	85%	false_fusion	PASS:RT
porechoptrimmed_Adapter_Simulated_100GB_nanopore2023_Q85_genion	0.0816327	21.1599	False_Call	negative	100GB	85%	false_fusion:self_misalignment	PASS:RT
porechoptrimmed_Adapter_Simulated_100GB_nanopore2023_Q85_genion	0.0125786	14.8038	False_Call	negative	100GB	85%	false_fusion	PASS:RT
porechoptrimmed_Adapter_Simulated_100GB_nanopore2023_Q85_genion	0.0105079	0	False_Call	negative	100GB	85%	false_fusion	PASS:RT
porechoptrimmed_Adapter_Simulated_100GB_nanopore2023_Q85_genion	0.0184502	28.8388	False_Call	negative	100GB	85%	false_fusion	PASS:RT
porechoptrimmed_Adapter_Simulated_100GB_nanopore2023_Q85_genion	0.0132597	27.1185	False_Call	negative	100GB	85%	false_fusion	PASS:RT
porechoptrimmed_Adapter_Simulated_100GB_nanopore2023_Q85_genion	2.5	0	False_Call	negative	100GB	85%	false_fusion:self_misalignment	PASS:GF
porechoptrimmed_Adapter_Simulated_100GB_nanopore2023_Q85_genion	0.0519481	21.9708	False_Call	negative	100GB	85%	false_fusion	PASS:RT
porechoptrimmed_Adapter_Simulated_100GB_nanopore2023_Q90_genion	0.00451467	21.0694	False_Call	negative	100GB	90%	false_fusion	PASS:RT
porechoptrimmed_Adapter_Simulated_100GB_nanopore2023_Q90_genion	0.00152478	33.9913	False_Call	negative	100GB	90%	false_fusion	PASS:RT
porechoptrimmed_Adapter_Simulated_100GB_nanopore2023_Q90_genion	0.00139308	28.3083	False_Call	negative	100GB	90%	false_fusion	PASS:RT
porechoptrimmed_Adapter_Simulated_100GB_nanopore2023_Q90_genion	0.00111359	55.7883	False_Call	negative	100GB	90%	false_fusion	PASS:RT
porechoptrimmed_Adapter_Simulated_100GB_nanopore2023_Q90_genion	7.47245e-4	26.5822	False_Call	negative	100GB	90%	false_fusion	PASS:RT
porechoptrimmed_Adapter_Simulated_100GB_nanopore2023_Q90_genion	0.0155575	32.6703	False_Call	negative	100GB	90%	false_fusion	PASS:RT
porechoptrimmed_Adapter_Simulated_100GB_nanopore2023_Q90_genion	0.0024321	32.7973	False_Call	negative	100GB	90%	false_fusion	PASS:RT
porechoptrimmed_Adapter_Simulated_100GB_nanopore2023_Q90_genion	0.04	0	False_Call	negative	100GB	90%	false_fusion	PASS:RT
porechoptrimmed_Adapter_Simulated_100GB_nanopore2023_Q90_genion	0.0172579	103.797	False_Call	negative	100GB	90%	false_fusion	PASS:GF
porechoptrimmed_Adapter_Simulated_100GB_nanopore2023_Q90_genion	0.0024077	114.791	False_Call	negative	100GB	90%	false_fusion	PASS:RT
porechoptrimmed_Adapter_Simulated_100GB_nanopore2023_Q90_genion	0.0113842	375.679	False_Call	negative	100GB	90%	false_fusion	PASS:RT
porechoptrimmed_Adapter_Simulated_100GB_nanopore2023_Q90_genion	0.00104112	0	False_Call	negative	100GB	90%	false_fusion	PASS:RT
porechoptrimmed_Adapter_Simulated_100GB_nanopore2023_Q90_genion	9.30665e-4	19.1078	False_Call	negative	100GB	90%	false_fusion	PASS:RT
porechoptrimmed_Adapter_Simulated_100GB_nanopore2023_Q90_genion	0.00181077	17.6002	False_Call	negative	100GB	90%	false_fusion	PASS:RT
porechoptrimmed_Adapter_Simulated_100GB_nanopore2023_Q90_genion	0.0365297	25.1639	False_Call	negative	100GB	90%	false_fusion	PASS:RT
porechoptrimmed_Adapter_Simulated_100GB_nanopore2023_Q90_genion	0.00280393	33.3499	False_Call	negative	100GB	90%	false_fusion	PASS:RT
porechoptrimmed_Adapter_Simulated_100GB_nanopore2023_Q90_genion	3.21311e-5	12.4976	False_Call	negative	100GB	90%	false_fusion	PASS:RT
porechoptrimmed_Adapter_Simulated_100GB_nanopore2023_Q90_genion	2.04129e-5	9.54531	False_Call	negative	100GB	90%	false_fusion	PASS:GF
porechoptrimmed_Adapter_Simulated_100GB_nanopore2023_Q90_genion	0.00723764	25.9128	False_Call	negative	100GB	90%	false_fusion	PASS:RT
porechoptrimmed_Adapter_Simulated_100GB_nanopore2023_Q90_genion	0.218391	190.454	False_Call	negative	100GB	90%	false_fusion	PASS:GF
porechoptrimmed_Adapter_Simulated_100GB_nanopore2023_Q90_genion	3.40668e-5	79.8357	False_Call	negative	100GB	90%	false_fusion	PASS:GF
porechoptrimmed_Adapter_Simulated_100GB_nanopore2023_Q90_genion	0.00209369	28.3083	False_Call	negative	100GB	90%	false_fusion	PASS:RT
porechoptrimmed_Adapter_Simulated_100GB_nanopore2023_Q90_genion	3.99329e-4	40.9967	False_Call	negative	100GB	90%	false_fusion	PASS:RT
porechoptrimmed_Adapter_Simulated_100GB_nanopore2023_Q90_genion	0.0684411	80.3274	False_Call	negative	100GB	90%	false_fusion	PASS:GF
porechoptrimmed_Adapter_Simulated_100GB_nanopore2023_Q90_genion	0.0280702	67.9826	False_Call	negative	100GB	90%	false_fusion	PASS:GF
porechoptrimmed_Adapter_Simulated_100GB_nanopore2023_Q90_genion	0.0111343	17.9885	False_Call	negative	100GB	90%	false_fusion	PASS:GF
porechoptrimmed_Adapter_Simulated_100GB_nanopore2023_Q90_genion	0.0183246	60.1433	False_Call	negative	100GB	90%	false_fusion	PASS:RT
porechoptrimmed_Adapter_Simulated_100GB_nanopore2023_Q90_genion	6.1339e-5	6.76578	False_Call	negative	100GB	90%	false_fusion	PASS:RT
porechoptrimmed_Adapter_Simulated_100GB_nanopore2023_Q90_genion	0.00738007	0	False_Call	negative	100GB	90%	false_fusion	PASS:RT
porechoptrimmed_Adapter_Simulated_100GB_nanopore2023_Q90_genion	0.00125353	17.6002	False_Call	negative	100GB	90%	false_fusion	PASS:RT
porechoptrimmed_Adapter_Simulated_100GB_nanopore2023_Q90_genion	0.01	21.8803	False_Call	negative	100GB	90%	false_fusion	PASS:RT
porechoptrimmed_Adapter_Simulated_100GB_nanopore2023_Q90_genion	0.0170213	21.8803	False_Call	negative	100GB	90%	false_fusion	PASS:RT
porechoptrimmed_Adapter_Simulated_100GB_nanopore2023_Q90_genion	0.00711744	10.9402	False_Call	negative	100GB	90%	false_fusion:self_misalignment	PASS:RT
porechoptrimmed_Adapter_Simulated_100GB_nanopore2023_Q90_genion	0.00364482	295.712	False_Call	negative	100GB	90%	false_fusion	PASS:GF
porechoptrimmed_Adapter_Simulated_100GB_nanopore2023_Q90_genion	0.0674157	122.514	False_Call	negative	100GB	90%	false_fusion	PASS:GF
porechoptrimmed_Adapter_Simulated_100GB_nanopore2023_Q90_genion	0.0655738	148.788	False_Call	negative	100GB	90%	false_fusion	PASS:GF
porechoptrimmed_Adapter_Simulated_100GB_nanopore2023_Q90_genion	0.0272109	21.0694	False_Call	negative	100GB	90%	false_fusion	PASS:RT
porechoptrimmed_Adapter_Simulated_100GB_nanopore2023_Q90_genion	0.0350877	19.1078	False_Call	negative	100GB	90%	false_fusion	PASS:RT
porechoptrimmed_Adapter_Simulated_100GB_nanopore2023_Q90_genion	0.0120149	1148.22	False_Call	negative	100GB	90%	false_fusion	PASS:GF
porechoptrimmed_Adapter_Simulated_100GB_nanopore2023_Q90_genion	6.32671e-4	19.1201	False_Call	negative	100GB	90%	false_fusion	PASS:GF
porechoptrimmed_Adapter_Simulated_100GB_nanopore2023_Q90_genion	0.00294613	91.6823	False_Call	negative	100GB	90%	false_fusion	PASS:GF
porechoptrimmed_Adapter_Simulated_100GB_nanopore2023_Q90_genion	0.155989	185.983	False_Call	negative	100GB	90%	false_fusion	PASS:GF
porechoptrimmed_Adapter_Simulated_100GB_nanopore2023_Q90_genion	0.0173913	39.3662	False_Call	negative	100GB	90%	false_fusion	PASS:RT
porechoptrimmed_Adapter_Simulated_100GB_nanopore2023_Q90_genion	0.0434783	50.2513	False_Call	negative	100GB	90%	false_fusion	PASS:GF
porechoptrimmed_Adapter_Simulated_100GB_nanopore2023_Q90_genion	0.207792	77.6212	False_Call	negative	100GB	90%	false_fusion	PASS:GF
porechoptrimmed_Adapter_Simulated_100GB_nanopore2023_Q90_genion	0.0547945	10.5347	False_Call	negative	100GB	90%	false_fusion:self_misalignment	PASS:RT
porechoptrimmed_Adapter_Simulated_100GB_nanopore2023_Q90_genion	0.0286738	0	False_Call	negative	100GB	90%	false_fusion	PASS:RT
porechoptrimmed_Adapter_Simulated_100GB_nanopore2023_Q90_genion	0.0357143	21.8803	False_Call	negative	100GB	90%	false_fusion	PASS:RT
porechoptrimmed_Adapter_Simulated_100GB_nanopore2023_Q90_genion	0.0327869	21.8803	False_Call	negative	100GB	90%	false_fusion	PASS:RT
porechoptrimmed_Adapter_Simulated_100GB_nanopore2023_Q90_genion	0.12987	0	False_Call	negative	100GB	90%	false_fusion	PASS:RT
porechoptrimmed_Adapter_Simulated_100GB_nanopore2023_Q90_genion	0.888889	0	False_Call	negative	100GB	90%	false_fusion	PASS:GF
porechoptrimmed_Adapter_Simulated_100GB_nanopore2023_Q90_genion	0.180328	190.027	False_Call	negative	100GB	90%	false_fusion	PASS:GF
porechoptrimmed_Adapter_Simulated_100GB_nanopore2023_Q90_genion	1.758e-4	13.8657	False_Call	negative	100GB	90%	false_fusion	PASS:RT
porechoptrimmed_Adapter_Simulated_100GB_nanopore2023_Q90_genion	2	87.5214	False_Call	negative	100GB	90%	false_fusion:self_misalignment	PASS:GF
porechoptrimmed_Adapter_Simulated_100GB_nanopore2023_Q90_genion	0.102564	19.3748	False_Call	negative	100GB	90%	false_fusion	PASS:RT
porechoptrimmed_Adapter_Simulated_100GB_nanopore2023_Q90_genion	1	9.68741	False_Call	negative	100GB	90%	false_fusion:self_misalignment	PASS:GF
porechoptrimmed_Adapter_Simulated_100GB_nanopore2023_Q90_genion	0.2	39.3662	False_Call	negative	100GB	90%	false_fusion	PASS:RT
porechoptrimmed_Adapter_Simulated_100GB_nanopore2023_Q90_genion	0.0526316	19.6831	False_Call	negative	100GB	90%	false_fusion	PASS:RT
porechoptrimmed_Adapter_Simulated_100GB_nanopore2023_Q90_genion	10	0	False_Call	negative	100GB	90%	false_fusion:self_misalignment	PASS:GF
porechoptrimmed_Adapter_Simulated_100GB_nanopore2023_Q90_genion	0.00933126	0	False_Call	negative	100GB	90%	false_fusion	PASS:RT
porechoptrimmed_Adapter_Simulated_100GB_nanopore2023_Q95_genion	0.00190114	16.8195	False_Call	negative	100GB	95%	false_fusion	PASS:RT
porechoptrimmed_Adapter_Simulated_100GB_nanopore2023_Q95_genion	0.0084246	24.728	False_Call	negative	100GB	95%	false_fusion	PASS:RT
porechoptrimmed_Adapter_Simulated_100GB_nanopore2023_Q95_genion	7.93651e-4	0	False_Call	negative	100GB	95%	false_fusion	PASS:RT
porechoptrimmed_Adapter_Simulated_100GB_nanopore2023_Q95_genion	0.0373832	0	False_Call	negative	100GB	95%	false_fusion	PASS:RT
porechoptrimmed_Adapter_Simulated_100GB_nanopore2023_Q95_genion	0.0113583	40.4579	False_Call	negative	100GB	95%	false_fusion	PASS:GF
porechoptrimmed_Adapter_Simulated_100GB_nanopore2023_Q95_genion	0.00182149	8.50504	False_Call	negative	100GB	95%	false_fusion	PASS:RT
porechoptrimmed_Adapter_Simulated_100GB_nanopore2023_Q95_genion	7.98594e-4	33.4611	False_Call	negative	100GB	95%	false_fusion	PASS:RT
porechoptrimmed_Adapter_Simulated_100GB_nanopore2023_Q95_genion	0.00127239	24.6148	False_Call	negative	100GB	95%	false_fusion	PASS:RT
porechoptrimmed_Adapter_Simulated_100GB_nanopore2023_Q95_genion	0.00743494	0	False_Call	negative	100GB	95%	false_fusion	PASS:RT
porechoptrimmed_Adapter_Simulated_100GB_nanopore2023_Q95_genion	0.00104959	0	False_Call	negative	100GB	95%	false_fusion	PASS:RT
porechoptrimmed_Adapter_Simulated_100GB_nanopore2023_Q95_genion	0.00119332	18.0317	False_Call	negative	100GB	95%	false_fusion	PASS:RT
porechoptrimmed_Adapter_Simulated_100GB_nanopore2023_Q95_genion	0.00115229	27.0476	False_Call	negative	100GB	95%	false_fusion	PASS:RT
porechoptrimmed_Adapter_Simulated_100GB_nanopore2023_Q95_genion	0.0245902	22.321	False_Call	negative	100GB	95%	false_fusion	PASS:RT
porechoptrimmed_Adapter_Simulated_100GB_nanopore2023_Q95_genion	0.0106101	40.4579	False_Call	negative	100GB	95%	false_fusion	PASS:RT
porechoptrimmed_Adapter_Simulated_100GB_nanopore2023_Q95_genion	0.00275645	61.0973	False_Call	negative	100GB	95%	false_fusion	PASS:RT
porechoptrimmed_Adapter_Simulated_100GB_nanopore2023_Q95_genion	0.329412	291.26	False_Call	negative	100GB	95%	false_fusion	PASS:GF
porechoptrimmed_Adapter_Simulated_100GB_nanopore2023_Q95_genion	0.0869565	97.4789	False_Call	negative	100GB	95%	false_fusion	PASS:GF
porechoptrimmed_Adapter_Simulated_100GB_nanopore2023_Q95_genion	3.73134e-4	22.1209	False_Call	negative	100GB	95%	false_fusion	PASS:RT
porechoptrimmed_Adapter_Simulated_100GB_nanopore2023_Q95_genion	0.121339	151.717	False_Call	negative	100GB	95%	false_fusion	PASS:GF
porechoptrimmed_Adapter_Simulated_100GB_nanopore2023_Q95_genion	0.00120012	17.8716	False_Call	negative	100GB	95%	false_fusion	PASS:RT
porechoptrimmed_Adapter_Simulated_100GB_nanopore2023_Q95_genion	0.00130124	19.7827	False_Call	negative	100GB	95%	false_fusion	PASS:RT
porechoptrimmed_Adapter_Simulated_100GB_nanopore2023_Q95_genion	0.0117994	39.5653	False_Call	negative	100GB	95%	false_fusion	PASS:RT
porechoptrimmed_Adapter_Simulated_100GB_nanopore2023_Q95_genion	3.63174e-4	29.9017	False_Call	negative	100GB	95%	false_fusion	PASS:RT
porechoptrimmed_Adapter_Simulated_100GB_nanopore2023_Q95_genion	0.0017205	199.242	False_Call	negative	100GB	95%	false_fusion	PASS:GF
porechoptrimmed_Adapter_Simulated_100GB_nanopore2023_Q95_genion	0.069869	126.676	False_Call	negative	100GB	95%	false_fusion	PASS:GF
porechoptrimmed_Adapter_Simulated_100GB_nanopore2023_Q95_genion	0.07393	151.514	False_Call	negative	100GB	95%	false_fusion	PASS:GF
porechoptrimmed_Adapter_Simulated_100GB_nanopore2023_Q95_genion	0.00383458	444.203	False_Call	negative	100GB	95%	false_fusion	PASS:GF
porechoptrimmed_Adapter_Simulated_100GB_nanopore2023_Q95_genion	6	0	False_Call	negative	100GB	95%	false_fusion	PASS:GF
porechoptrimmed_Adapter_Simulated_100GB_nanopore2023_Q95_genion	0.150538	226.96	False_Call	negative	100GB	95%	false_fusion	PASS:GF
porechoptrimmed_Adapter_Simulated_100GB_nanopore2023_Q95_genion	0.00798403	19.7827	False_Call	negative	100GB	95%	false_fusion	PASS:RT
porechoptrimmed_Adapter_Simulated_100GB_nanopore2023_Q95_genion	0.00849257	18.8427	False_Call	negative	100GB	95%	false_fusion	PASS:RT
porechoptrimmed_Adapter_Simulated_100GB_nanopore2023_Q95_genion	0.468468	151.379	False_Call	negative	100GB	95%	false_fusion	PASS:GF
porechoptrimmed_Adapter_Simulated_100GB_nanopore2023_Q95_genion	0.162162	32.4229	False_Call	negative	100GB	95%	false_fusion:self_misalignment	PASS:RT
porechoptrimmed_Adapter_Simulated_100GB_nanopore2023_Q95_genion	0.0160643	0	False_Call	negative	100GB	95%	false_fusion	PASS:RT
porechoptrimmed_Adapter_Simulated_100GB_nanopore2023_Q95_genion	1.2381	10.1145	False_Call	negative	100GB	95%	false_fusion	PASS:GF
porechoptrimmed_Adapter_Simulated_100GB_nanopore2023_Q95_genion	0.119298	145.458	False_Call	negative	100GB	95%	false_fusion	PASS:GF
porechoptrimmed_Adapter_Simulated_100GB_nanopore2023_Q95_genion	1.7037	140.499	False_Call	negative	100GB	95%	false_fusion:self_misalignment	PASS:GF
porechoptrimmed_Adapter_Simulated_100GB_nanopore2023_Q95_genion	1.92308	0	False_Call	negative	100GB	95%	false_fusion:self_misalignment	PASS:GF
porechoptrimmed_Adapter_Simulated_100GB_nanopore2023_Q95_genion	0.125	19.7827	False_Call	negative	100GB	95%	false_fusion	PASS:RT
porechoptrimmed_Adapter_Simulated_10GB_nanopore2023_Q85_genion	0.00449438	14.4626	False_Call	negative	10GB	85%	false_fusion	PASS:RT
porechoptrimmed_Adapter_Simulated_10GB_nanopore2023_Q85_genion	0.00903955	22.2408	False_Call	negative	10GB	85%	false_fusion	PASS:RT
porechoptrimmed_Adapter_Simulated_10GB_nanopore2023_Q85_genion	0.0367734	122.188	False_Call	negative	10GB	85%	false_fusion	PASS:RT
porechoptrimmed_Adapter_Simulated_10GB_nanopore2023_Q85_genion	0.00587571	36.9795	False_Call	negative	10GB	85%	false_fusion	PASS:GF
porechoptrimmed_Adapter_Simulated_10GB_nanopore2023_Q85_genion	0.0236364	174.83	False_Call	negative	10GB	85%	false_fusion	PASS:GF
porechoptrimmed_Adapter_Simulated_10GB_nanopore2023_Q85_genion	0.0118021	14.0573	False_Call	negative	10GB	85%	false_fusion	PASS:GF
porechoptrimmed_Adapter_Simulated_10GB_nanopore2023_Q85_genion	5.62588e-4	7.15124	False_Call	negative	10GB	85%	false_fusion	PASS:RT
porechoptrimmed_Adapter_Simulated_10GB_nanopore2023_Q90_genion	0.00409668	46.786	False_Call	negative	10GB	90%	false_fusion	PASS:GF
porechoptrimmed_Adapter_Simulated_10GB_nanopore2023_Q90_genion	0.0833333	17.4209	False_Call	negative	10GB	90%	false_fusion	PASS:RT
porechoptrimmed_Adapter_Simulated_10GB_nanopore2023_Q95_genion	0.00409668	46.786	False_Call	negative	10GB	95%	false_fusion	PASS:GF
porechoptrimmed_Adapter_Simulated_10GB_nanopore2023_Q95_genion	0.0833333	17.4209	False_Call	negative	10GB	95%	false_fusion	PASS:RT
porechoptrimmed_Adapter_Simulated_1GB_nanopore2023_Q85_genion	0.043956	13.9842	False_Call	negative	1GB	85%	false_fusion	PASS:RT
porechoptrimmed_Adapter_Simulated_1GB_nanopore2023_Q85_genion	0.0561798	20.9763	False_Call	negative	1GB	85%	false_fusion	PASS:RT
porechoptrimmed_Adapter_Simulated_1GB_nanopore2023_Q85_genion	0.0434783	32.296	False_Call	negative	1GB	85%	false_fusion	PASS:GF
porechoptrimmed_Adapter_Spiked_Simulated_100GB_nanopore2023_Q85_genion	0.0098803	55.2545	Partial_Recall	positive	100GB	85%	reverse_order: hybrid	PASS:GF
porechoptrimmed_Adapter_Spiked_Simulated_100GB_nanopore2023_Q85_genion	0.030837	37.1844	Partial_Recall	positive	100GB	85%	reverse_order: read_through	PASS:GF
porechoptrimmed_Adapter_Spiked_Simulated_100GB_nanopore2023_Q85_genion	0.0189792	113.077	True_Recall	positive	100GB	85%	hybrid	PASS:GF
porechoptrimmed_Adapter_Spiked_Simulated_100GB_nanopore2023_Q85_genion	0.0100792	96.1455	False_Call	positive	100GB	85%	false_fusion	PASS:GF
porechoptrimmed_Adapter_Spiked_Simulated_100GB_nanopore2023_Q85_genion	0.0272893	227.923	True_Recall	positive	100GB	85%	hybrid	PASS:GF
porechoptrimmed_Adapter_Spiked_Simulated_100GB_nanopore2023_Q85_genion	0.00521512	21.1908	False_Call	positive	100GB	85%	false_fusion	PASS:RT
porechoptrimmed_Adapter_Spiked_Simulated_100GB_nanopore2023_Q85_genion	5.76535e-4	15.8656	False_Call	positive	100GB	85%	false_fusion	PASS:RT
porechoptrimmed_Adapter_Spiked_Simulated_100GB_nanopore2023_Q85_genion	0.0521361	306.969	True_Recall	positive	100GB	85%	hybrid	PASS:GF
porechoptrimmed_Adapter_Spiked_Simulated_100GB_nanopore2023_Q85_genion	0.056239	307.266	Partial_Recall	positive	100GB	85%	reverse_order: intra_chromosome	PASS:GF
porechoptrimmed_Adapter_Spiked_Simulated_100GB_nanopore2023_Q85_genion	0.00101398	27.1648	False_Call	positive	100GB	85%	false_fusion	PASS:RT
porechoptrimmed_Adapter_Spiked_Simulated_100GB_nanopore2023_Q85_genion	0.0615942	139.88	Partial_Recall	positive	100GB	85%	truncated_tri_fusion	PASS:GF
porechoptrimmed_Adapter_Spiked_Simulated_100GB_nanopore2023_Q85_genion	0.0325779	19.8045	Partial_Recall	positive	100GB	85%	reverse_order:truncated_tri_fusion	PASS:GF
porechoptrimmed_Adapter_Spiked_Simulated_100GB_nanopore2023_Q85_genion	0.00479329	26.7334	False_Call	positive	100GB	85%	false_fusion	PASS:RT
porechoptrimmed_Adapter_Spiked_Simulated_100GB_nanopore2023_Q85_genion	0.0116858	122.137	Partial_Recall	positive	100GB	85%	truncated_tri_fusion	PASS:GF
porechoptrimmed_Adapter_Spiked_Simulated_100GB_nanopore2023_Q85_genion	0.0186514	297.475	True_Recall	positive	100GB	85%	hybrid	PASS:GF
porechoptrimmed_Adapter_Spiked_Simulated_100GB_nanopore2023_Q85_genion	0.0806202	275.48	Partial_Recall	positive	100GB	85%	reverse_order: read_through	PASS:GF
porechoptrimmed_Adapter_Spiked_Simulated_100GB_nanopore2023_Q85_genion	0.0748768	30.2537	True_Recall	positive	100GB	85%	hybrid	PASS:GF
porechoptrimmed_Adapter_Spiked_Simulated_100GB_nanopore2023_Q85_genion	0.0114943	38.4582	Partial_Recall	positive	100GB	85%	reverse_order: hybrid	PASS:GF
porechoptrimmed_Adapter_Spiked_Simulated_100GB_nanopore2023_Q85_genion	0.0160593	72.5077	Partial_Recall	positive	100GB	85%	reverse_order:truncated_tri_fusion	PASS:GF
porechoptrimmed_Adapter_Spiked_Simulated_100GB_nanopore2023_Q85_genion	0.0297872	67.9578	Partial_Recall	positive	100GB	85%	truncated_tri_fusion	PASS:GF
porechoptrimmed_Adapter_Spiked_Simulated_100GB_nanopore2023_Q85_genion	0.0152851	17.7216	Partial_Recall	positive	100GB	85%	reverse_order: hybrid	PASS:GF
porechoptrimmed_Adapter_Spiked_Simulated_100GB_nanopore2023_Q85_genion	0.00477742	158.029	False_Call	positive	100GB	85%	false_fusion	PASS:RT
porechoptrimmed_Adapter_Spiked_Simulated_100GB_nanopore2023_Q85_genion	0.032493	180.439	Partial_Recall	positive	100GB	85%	reverse_order:truncated_tri_fusion	PASS:GF
porechoptrimmed_Adapter_Spiked_Simulated_100GB_nanopore2023_Q85_genion	0.00128576	18.5922	False_Call	positive	100GB	85%	false_fusion	PASS:RT
porechoptrimmed_Adapter_Spiked_Simulated_100GB_nanopore2023_Q85_genion	0.0212917	146.221	True_Recall	positive	100GB	85%	intra_chromosome	PASS:GF
porechoptrimmed_Adapter_Spiked_Simulated_100GB_nanopore2023_Q85_genion	0.00118238	16.4565	False_Call	positive	100GB	85%	false_fusion	PASS:RT
porechoptrimmed_Adapter_Spiked_Simulated_100GB_nanopore2023_Q85_genion	0.00148588	0	False_Call	positive	100GB	85%	false_fusion	PASS:RT
porechoptrimmed_Adapter_Spiked_Simulated_100GB_nanopore2023_Q85_genion	0.0241692	168.718	Partial_Recall	positive	100GB	85%	reverse_order:truncated_tri_fusion	PASS:GF
porechoptrimmed_Adapter_Spiked_Simulated_100GB_nanopore2023_Q85_genion	0.0449438	193.391	True_Recall	positive	100GB	85%	intra_chromosome	PASS:GF
porechoptrimmed_Adapter_Spiked_Simulated_100GB_nanopore2023_Q85_genion	0.0738137	154.012	True_Recall	positive	100GB	85%	read_through	PASS:GF
porechoptrimmed_Adapter_Spiked_Simulated_100GB_nanopore2023_Q85_genion	0.021515	41.2308	Partial_Recall	positive	100GB	85%	reverse_order: intra_chromosome	PASS:GF
porechoptrimmed_Adapter_Spiked_Simulated_100GB_nanopore2023_Q85_genion	7.8125e-4	0	False_Call	positive	100GB	85%	false_fusion	PASS:RT
porechoptrimmed_Adapter_Spiked_Simulated_100GB_nanopore2023_Q85_genion	0.0193062	183.741	Partial_Recall	positive	100GB	85%	reverse_order: intra_chromosome	PASS:GF
porechoptrimmed_Adapter_Spiked_Simulated_100GB_nanopore2023_Q85_genion	0.115226	121.776	False_Call	positive	100GB	85%	false_fusion	PASS:GF
porechoptrimmed_Adapter_Spiked_Simulated_100GB_nanopore2023_Q85_genion	0.0142755	90.5494	Partial_Recall	positive	100GB	85%	reverse_order: intra_chromosome	PASS:GF
porechoptrimmed_Adapter_Spiked_Simulated_100GB_nanopore2023_Q85_genion	0.022929	139.86	Partial_Recall	positive	100GB	85%	reverse_order: hybrid	PASS:GF
porechoptrimmed_Adapter_Spiked_Simulated_100GB_nanopore2023_Q85_genion	4.04326e-4	8.98595	False_Call	positive	100GB	85%	false_fusion	PASS:RT
porechoptrimmed_Adapter_Spiked_Simulated_100GB_nanopore2023_Q85_genion	0.0495303	216.462	Partial_Recall	positive	100GB	85%	truncated_tri_fusion	PASS:GF
porechoptrimmed_Adapter_Spiked_Simulated_100GB_nanopore2023_Q85_genion	0.0195652	178.24	Partial_Recall	positive	100GB	85%	reverse_order: intra_chromosome	PASS:GF
porechoptrimmed_Adapter_Spiked_Simulated_100GB_nanopore2023_Q85_genion	0.012685	23.1711	False_Call	positive	100GB	85%	false_fusion	PASS:RT
porechoptrimmed_Adapter_Spiked_Simulated_100GB_nanopore2023_Q85_genion	0.00801804	127.127	Partial_Recall	positive	100GB	85%	truncated_tri_fusion	PASS:GF
porechoptrimmed_Adapter_Spiked_Simulated_100GB_nanopore2023_Q85_genion	0.0128788	128.927	Partial_Recall	positive	100GB	85%	reverse_order: intra_chromosome	PASS:GF
porechoptrimmed_Adapter_Spiked_Simulated_100GB_nanopore2023_Q85_genion	0.0408163	0	False_Call	positive	100GB	85%	false_fusion	PASS:RT
porechoptrimmed_Adapter_Spiked_Simulated_100GB_nanopore2023_Q85_genion	0.0169806	64.4636	Partial_Recall	positive	100GB	85%	reverse_order: hybrid	PASS:GF
porechoptrimmed_Adapter_Spiked_Simulated_100GB_nanopore2023_Q85_genion	0.0057643	66.6318	Partial_Recall	positive	100GB	85%	wrong_order:tri_fusion	PASS:GF
porechoptrimmed_Adapter_Spiked_Simulated_100GB_nanopore2023_Q85_genion	0.0995962	169.526	True_Recall	positive	100GB	85%	hybrid	PASS:GF
porechoptrimmed_Adapter_Spiked_Simulated_100GB_nanopore2023_Q85_genion	0.0259366	76.9164	Partial_Recall	positive	100GB	85%	reverse_order: hybrid	PASS:GF
porechoptrimmed_Adapter_Spiked_Simulated_100GB_nanopore2023_Q85_genion	0.0137131	86.531	False_Call	positive	100GB	85%	false_fusion	PASS:GF
porechoptrimmed_Adapter_Spiked_Simulated_100GB_nanopore2023_Q85_genion	0.0080011	123.458	True_Recall	positive	100GB	85%	intra_chromosome	PASS:GF
porechoptrimmed_Adapter_Spiked_Simulated_100GB_nanopore2023_Q85_genion	0.0259894	190.717	True_Recall	positive	100GB	85%	intra_chromosome	PASS:GF
porechoptrimmed_Adapter_Spiked_Simulated_100GB_nanopore2023_Q85_genion	0.0235964	221.018	True_Recall	positive	100GB	85%	read_through	PASS:RT
porechoptrimmed_Adapter_Spiked_Simulated_100GB_nanopore2023_Q85_genion	0.0181818	35.6856	False_Call	positive	100GB	85%	false_fusion	PASS:RT
porechoptrimmed_Adapter_Spiked_Simulated_100GB_nanopore2023_Q85_genion	0.137931	28.8437	True_Recall	positive	100GB	85%	hybrid	PASS:GF
porechoptrimmed_Adapter_Spiked_Simulated_100GB_nanopore2023_Q85_genion	0.0431548	180.122	Partial_Recall	positive	100GB	85%	reverse_order: intra_chromosome	PASS:GF
porechoptrimmed_Adapter_Spiked_Simulated_100GB_nanopore2023_Q85_genion	0.018412	105.76	Partial_Recall	positive	100GB	85%	reverse_order: intra_chromosome	PASS:GF
porechoptrimmed_Adapter_Spiked_Simulated_100GB_nanopore2023_Q85_genion	0.0019084	18.1099	False_Call	positive	100GB	85%	false_fusion	PASS:RT
porechoptrimmed_Adapter_Spiked_Simulated_100GB_nanopore2023_Q85_genion	0.112713	307.266	Partial_Recall	positive	100GB	85%	reverse_order: hybrid	PASS:GF
porechoptrimmed_Adapter_Spiked_Simulated_100GB_nanopore2023_Q85_genion	0.162562	349.648	Partial_Recall	positive	100GB	85%	reverse_order: read_through	PASS:GF
porechoptrimmed_Adapter_Spiked_Simulated_100GB_nanopore2023_Q85_genion	0.0218659	89.1201	True_Recall	positive	100GB	85%	read_through	PASS:GF
porechoptrimmed_Adapter_Spiked_Simulated_100GB_nanopore2023_Q85_genion	0.0108142	0	Partial_Recall	positive	100GB	85%	wrong_order:tri_fusion	PASS:GF
porechoptrimmed_Adapter_Spiked_Simulated_100GB_nanopore2023_Q85_genion	0.00809061	0	Partial_Recall	positive	100GB	85%	truncated_tri_fusion	PASS:GF
porechoptrimmed_Adapter_Spiked_Simulated_100GB_nanopore2023_Q85_genion	7.78665e-4	33.7436	False_Call	positive	100GB	85%	false_fusion	PASS:RT
porechoptrimmed_Adapter_Spiked_Simulated_100GB_nanopore2023_Q85_genion	3.22487e-5	10.0263	False_Call	positive	100GB	85%	false_fusion	PASS:RT
porechoptrimmed_Adapter_Spiked_Simulated_100GB_nanopore2023_Q85_genion	0.0564972	38.4582	Partial_Recall	positive	100GB	85%	reverse_order: hybrid	PASS:GF
porechoptrimmed_Adapter_Spiked_Simulated_100GB_nanopore2023_Q85_genion	0.0403701	198.24	Partial_Recall	positive	100GB	85%	reverse_order: intra_chromosome	PASS:GF
porechoptrimmed_Adapter_Spiked_Simulated_100GB_nanopore2023_Q85_genion	0.0138686	66.4774	True_Recall	positive	100GB	85%	intra_chromosome	PASS:GF
porechoptrimmed_Adapter_Spiked_Simulated_100GB_nanopore2023_Q85_genion	0.0121169	115.375	True_Recall	positive	100GB	85%	intra_chromosome	PASS:GF
porechoptrimmed_Adapter_Spiked_Simulated_100GB_nanopore2023_Q85_genion	1.79195e-4	14.8626	False_Call	positive	100GB	85%	false_fusion	PASS:RT
porechoptrimmed_Adapter_Spiked_Simulated_100GB_nanopore2023_Q85_genion	0.00999286	68.2366	Partial_Recall	positive	100GB	85%	truncated_tri_fusion	PASS:GF
porechoptrimmed_Adapter_Spiked_Simulated_100GB_nanopore2023_Q85_genion	0.0348525	71.3713	Partial_Recall	positive	100GB	85%	truncated_tri_fusion	PASS:GF
porechoptrimmed_Adapter_Spiked_Simulated_100GB_nanopore2023_Q85_genion	0.00823893	66.8943	False_Call	positive	100GB	85%	false_fusion	PASS:GF
porechoptrimmed_Adapter_Spiked_Simulated_100GB_nanopore2023_Q85_genion	0.0664767	116.977	True_Recall	positive	100GB	85%	intra_chromosome	PASS:GF
porechoptrimmed_Adapter_Spiked_Simulated_100GB_nanopore2023_Q85_genion	0.0555556	9.39141	False_Call	positive	100GB	85%	false_fusion	PASS:RT
porechoptrimmed_Adapter_Spiked_Simulated_100GB_nanopore2023_Q85_genion	0.0209205	75.1313	Partial_Recall	positive	100GB	85%	reverse_order: intra_chromosome	PASS:GF
porechoptrimmed_Adapter_Spiked_Simulated_100GB_nanopore2023_Q85_genion	0.0687623	207.947	True_Recall	positive	100GB	85%	hybrid	PASS:GF
porechoptrimmed_Adapter_Spiked_Simulated_100GB_nanopore2023_Q85_genion	9.9453e-4	12.991	False_Call	positive	100GB	85%	false_fusion	PASS:RT
porechoptrimmed_Adapter_Spiked_Simulated_100GB_nanopore2023_Q85_genion	0.0059654	74.9403	Partial_Recall	positive	100GB	85%	reverse_order: intra_chromosome	PASS:GF
porechoptrimmed_Adapter_Spiked_Simulated_100GB_nanopore2023_Q85_genion	0.0375587	74.3688	False_Call	positive	100GB	85%	false_fusion	PASS:GF
porechoptrimmed_Adapter_Spiked_Simulated_100GB_nanopore2023_Q85_genion	0.00177384	56.2445	False_Call	positive	100GB	85%	false_fusion	PASS:RT
porechoptrimmed_Adapter_Spiked_Simulated_100GB_nanopore2023_Q85_genion	6.61084e-4	20.6699	False_Call	positive	100GB	85%	false_fusion	PASS:RT
porechoptrimmed_Adapter_Spiked_Simulated_100GB_nanopore2023_Q85_genion	0.011605	348.076	False_Call	positive	100GB	85%	false_fusion	PASS:RT
porechoptrimmed_Adapter_Spiked_Simulated_100GB_nanopore2023_Q85_genion	0.0148285	240.364	Partial_Recall	positive	100GB	85%	reverse_order:truncated_tri_fusion	PASS:GF
porechoptrimmed_Adapter_Spiked_Simulated_100GB_nanopore2023_Q85_genion	0.0350365	72.1539	Partial_Recall	positive	100GB	85%	reverse_order: read_through	PASS:GF
porechoptrimmed_Adapter_Spiked_Simulated_100GB_nanopore2023_Q85_genion	0.0423032	262.199	True_Recall	positive	100GB	85%	intra_chromosome	PASS:GF
porechoptrimmed_Adapter_Spiked_Simulated_100GB_nanopore2023_Q85_genion	0.0117188	108.948	Partial_Recall	positive	100GB	85%	wrong_order:tri_fusion	PASS:GF
porechoptrimmed_Adapter_Spiked_Simulated_100GB_nanopore2023_Q85_genion	0.0285917	884.042	False_Call	positive	100GB	85%	false_fusion	PASS:RT
porechoptrimmed_Adapter_Spiked_Simulated_100GB_nanopore2023_Q85_genion	0.00588748	120.069	Partial_Recall	positive	100GB	85%	reverse_order:tri_fusion	PASS:GF
porechoptrimmed_Adapter_Spiked_Simulated_100GB_nanopore2023_Q85_genion	0.0343348	66.4774	False_Call	positive	100GB	85%	false_fusion	PASS:RT
porechoptrimmed_Adapter_Spiked_Simulated_100GB_nanopore2023_Q85_genion	0.113725	319.025	True_Recall	positive	100GB	85%	hybrid	PASS:GF
porechoptrimmed_Adapter_Spiked_Simulated_100GB_nanopore2023_Q85_genion	0.0165552	197.691	Partial_Recall	positive	100GB	85%	truncated_tri_fusion	PASS:GF
porechoptrimmed_Adapter_Spiked_Simulated_100GB_nanopore2023_Q85_genion	6.20059e-4	0	False_Call	positive	100GB	85%	false_fusion	PASS:RT
porechoptrimmed_Adapter_Spiked_Simulated_100GB_nanopore2023_Q85_genion	0.00962746	104.464	Partial_Recall	positive	100GB	85%	reverse_order: intra_chromosome	PASS:GF
porechoptrimmed_Adapter_Spiked_Simulated_100GB_nanopore2023_Q85_genion	0.0251572	0	Partial_Recall	positive	100GB	85%	truncated_tri_fusion	PASS:GF
porechoptrimmed_Adapter_Spiked_Simulated_100GB_nanopore2023_Q85_genion	0.00284765	38.9923	False_Call	positive	100GB	85%	false_fusion	PASS:RT
porechoptrimmed_Adapter_Spiked_Simulated_100GB_nanopore2023_Q85_genion	0.0987371	392.029	True_Recall	positive	100GB	85%	intra_chromosome	PASS:GF
porechoptrimmed_Adapter_Spiked_Simulated_100GB_nanopore2023_Q85_genion	0.0555556	118.103	Partial_Recall	positive	100GB	85%	reverse_order:truncated_tri_fusion	PASS:GF
porechoptrimmed_Adapter_Spiked_Simulated_100GB_nanopore2023_Q85_genion	0.0597826	91.9797	False_Call	positive	100GB	85%	false_fusion	PASS:GF
porechoptrimmed_Adapter_Spiked_Simulated_100GB_nanopore2023_Q85_genion	0.0283401	44.0181	Partial_Recall	positive	100GB	85%	truncated_tri_fusion	PASS:GF
porechoptrimmed_Adapter_Spiked_Simulated_100GB_nanopore2023_Q85_genion	0.0139454	325.364	Partial_Recall	positive	100GB	85%	reverse_order: hybrid	PASS:GF
porechoptrimmed_Adapter_Spiked_Simulated_100GB_nanopore2023_Q85_genion	0.154639	0	Partial_Recall	positive	100GB	85%	wrong_order:tri_fusion	PASS:GF
porechoptrimmed_Adapter_Spiked_Simulated_100GB_nanopore2023_Q85_genion	0.0618557	8.39816	Partial_Recall	positive	100GB	85%	truncated_tri_fusion	PASS:GF
porechoptrimmed_Adapter_Spiked_Simulated_100GB_nanopore2023_Q85_genion	0.0228898	129.329	Partial_Recall	positive	100GB	85%	reverse_order:truncated_tri_fusion	PASS:GF
porechoptrimmed_Adapter_Spiked_Simulated_100GB_nanopore2023_Q85_genion	0.0425618	230.733	Partial_Recall	positive	100GB	85%	wrong_order:tri_fusion	PASS:GF
porechoptrimmed_Adapter_Spiked_Simulated_100GB_nanopore2023_Q85_genion	0.0169837	101.3	Partial_Recall	positive	100GB	85%	reverse_order:truncated_tri_fusion	PASS:GF
porechoptrimmed_Adapter_Spiked_Simulated_100GB_nanopore2023_Q85_genion	0.0087146	22.0017	False_Call	positive	100GB	85%	false_fusion	PASS:RT
porechoptrimmed_Adapter_Spiked_Simulated_100GB_nanopore2023_Q85_genion	0.001544	26.4109	False_Call	positive	100GB	85%	false_fusion	PASS:RT
porechoptrimmed_Adapter_Spiked_Simulated_100GB_nanopore2023_Q85_genion	0.0202381	64.4636	True_Recall	positive	100GB	85%	intra_chromosome	PASS:GF
porechoptrimmed_Adapter_Spiked_Simulated_100GB_nanopore2023_Q85_genion	0.0135	0	False_Call	positive	100GB	85%	false_fusion	PASS:GF
porechoptrimmed_Adapter_Spiked_Simulated_100GB_nanopore2023_Q85_genion	0.0181708	36.1011	Partial_Recall	positive	100GB	85%	reverse_order: hybrid	PASS:GF
porechoptrimmed_Adapter_Spiked_Simulated_100GB_nanopore2023_Q85_genion	0.0312896	82.8862	Partial_Recall	positive	100GB	85%	reverse_order: hybrid	PASS:GF
porechoptrimmed_Adapter_Spiked_Simulated_100GB_nanopore2023_Q85_genion	0.00102477	28.1742	False_Call	positive	100GB	85%	false_fusion	PASS:RT
porechoptrimmed_Adapter_Spiked_Simulated_100GB_nanopore2023_Q85_genion	0.0665434	23.869	Partial_Recall	positive	100GB	85%	reverse_order:truncated_tri_fusion	PASS:GF
porechoptrimmed_Adapter_Spiked_Simulated_100GB_nanopore2023_Q85_genion	0.0254335	48.4985	Partial_Recall	positive	100GB	85%	reverse_order: intra_chromosome	PASS:GF
porechoptrimmed_Adapter_Spiked_Simulated_100GB_nanopore2023_Q85_genion	0.0487805	21.3516	False_Call	positive	100GB	85%	false_fusion	PASS:RT
porechoptrimmed_Adapter_Spiked_Simulated_100GB_nanopore2023_Q85_genion	0.0112045	39.6089	False_Call	positive	100GB	85%	false_fusion	PASS:RT
porechoptrimmed_Adapter_Spiked_Simulated_100GB_nanopore2023_Q85_genion	0.0697455	99.0224	True_Recall	positive	100GB	85%	intra_chromosome	PASS:GF
porechoptrimmed_Adapter_Spiked_Simulated_100GB_nanopore2023_Q85_genion	0.00615385	192.49	Partial_Recall	positive	100GB	85%	truncated_tri_fusion	PASS:GF
porechoptrimmed_Adapter_Spiked_Simulated_100GB_nanopore2023_Q85_genion	0.0217482	122.494	Partial_Recall	positive	100GB	85%	reverse_order:truncated_tri_fusion	PASS:GF
porechoptrimmed_Adapter_Spiked_Simulated_100GB_nanopore2023_Q85_genion	0.00499272	57.5978	False_Call	positive	100GB	85%	false_fusion	PASS:RT
porechoptrimmed_Adapter_Spiked_Simulated_100GB_nanopore2023_Q85_genion	0.0139814	108.925	True_Recall	positive	100GB	85%	hybrid	PASS:GF
porechoptrimmed_Adapter_Spiked_Simulated_100GB_nanopore2023_Q85_genion	0.0173327	134.019	Partial_Recall	positive	100GB	85%	reverse_order:truncated_tri_fusion	PASS:GF
porechoptrimmed_Adapter_Spiked_Simulated_100GB_nanopore2023_Q85_genion	0.0430809	24.1692	True_Recall	positive	100GB	85%	tri_fusion	PASS:GF
porechoptrimmed_Adapter_Spiked_Simulated_100GB_nanopore2023_Q85_genion	0.0117385	63.9033	True_Recall	positive	100GB	85%	intra_chromosome	PASS:GF
porechoptrimmed_Adapter_Spiked_Simulated_100GB_nanopore2023_Q85_genion	0.108696	14.891	False_Call	positive	100GB	85%	false_fusion	PASS:GF
porechoptrimmed_Adapter_Spiked_Simulated_100GB_nanopore2023_Q85_genion	2.27339e-5	11.4506	False_Call	positive	100GB	85%	false_fusion	PASS:RT
porechoptrimmed_Adapter_Spiked_Simulated_100GB_nanopore2023_Q85_genion	0.295302	226.769	False_Call	positive	100GB	85%	false_fusion	PASS:GF
porechoptrimmed_Adapter_Spiked_Simulated_100GB_nanopore2023_Q85_genion	0.00843235	49.0058	Partial_Recall	positive	100GB	85%	truncated_tri_fusion	PASS:GF
porechoptrimmed_Adapter_Spiked_Simulated_100GB_nanopore2023_Q85_genion	0.0289389	116.549	True_Recall	positive	100GB	85%	read_through	PASS:GF
porechoptrimmed_Adapter_Spiked_Simulated_100GB_nanopore2023_Q85_genion	0.0298507	94.6325	Partial_Recall	positive	100GB	85%	reverse_order: hybrid	PASS:GF
porechoptrimmed_Adapter_Spiked_Simulated_100GB_nanopore2023_Q85_genion	0.0545194	21.1908	Partial_Recall	positive	100GB	85%	truncated_tri_fusion	PASS:GF
porechoptrimmed_Adapter_Spiked_Simulated_100GB_nanopore2023_Q85_genion	0.0134664	278.822	True_Recall	positive	100GB	85%	hybrid	PASS:GF
porechoptrimmed_Adapter_Spiked_Simulated_100GB_nanopore2023_Q85_genion	0.0670103	191.607	Partial_Recall	positive	100GB	85%	reverse_order:truncated_tri_fusion	PASS:GF
porechoptrimmed_Adapter_Spiked_Simulated_100GB_nanopore2023_Q85_genion	1.50423e-5	26.4352	False_Call	positive	100GB	85%	false_fusion	PASS:GF
porechoptrimmed_Adapter_Spiked_Simulated_100GB_nanopore2023_Q85_genion	5.07675e-5	103.922	False_Call	positive	100GB	85%	false_fusion	PASS:GF
porechoptrimmed_Adapter_Spiked_Simulated_100GB_nanopore2023_Q85_genion	0.00571021	37.0177	False_Call	positive	100GB	85%	false_fusion	PASS:GF
porechoptrimmed_Adapter_Spiked_Simulated_100GB_nanopore2023_Q85_genion	0.00749415	103.459	False_Call	positive	100GB	85%	false_fusion	PASS:GF
porechoptrimmed_Adapter_Spiked_Simulated_100GB_nanopore2023_Q85_genion	0.011976	49.5112	Partial_Recall	positive	100GB	85%	reverse_order:truncated_tri_fusion	PASS:GF
porechoptrimmed_Adapter_Spiked_Simulated_100GB_nanopore2023_Q85_genion	0.0115679	27.8883	True_Recall	positive	100GB	85%	hybrid	PASS:GF
porechoptrimmed_Adapter_Spiked_Simulated_100GB_nanopore2023_Q85_genion	0.0012184	18.9935	False_Call	positive	100GB	85%	false_fusion	PASS:RT
porechoptrimmed_Adapter_Spiked_Simulated_100GB_nanopore2023_Q85_genion	0.00913639	29.2443	True_Recall	positive	100GB	85%	read_through	PASS:GF
porechoptrimmed_Adapter_Spiked_Simulated_100GB_nanopore2023_Q85_genion	0.00185185	17.2059	False_Call	positive	100GB	85%	false_fusion	PASS:RT
porechoptrimmed_Adapter_Spiked_Simulated_100GB_nanopore2023_Q85_genion	0.00400267	30.2674	False_Call	positive	100GB	85%	false_fusion	PASS:RT
porechoptrimmed_Adapter_Spiked_Simulated_100GB_nanopore2023_Q85_genion	1.65426e-4	16.7236	False_Call	positive	100GB	85%	false_fusion	PASS:RT
porechoptrimmed_Adapter_Spiked_Simulated_100GB_nanopore2023_Q85_genion	5.85246e-4	77.1305	Partial_Recall	positive	100GB	85%	reverse_order: hybrid	PASS:GF
porechoptrimmed_Adapter_Spiked_Simulated_100GB_nanopore2023_Q85_genion	0.0382072	242.029	Partial_Recall	positive	100GB	85%	reverse_order: intra_chromosome	PASS:GF
porechoptrimmed_Adapter_Spiked_Simulated_100GB_nanopore2023_Q85_genion	4.77669e-4	0	False_Call	positive	100GB	85%	false_fusion	PASS:RT
porechoptrimmed_Adapter_Spiked_Simulated_100GB_nanopore2023_Q85_genion	0.003256	21.1778	False_Call	positive	100GB	85%	false_fusion	PASS:RT
porechoptrimmed_Adapter_Spiked_Simulated_100GB_nanopore2023_Q85_genion	0.0141044	0	False_Call	positive	100GB	85%	false_fusion	PASS:GF
porechoptrimmed_Adapter_Spiked_Simulated_100GB_nanopore2023_Q85_genion	2.07862e-5	18.3693	False_Call	positive	100GB	85%	false_fusion	PASS:RT
porechoptrimmed_Adapter_Spiked_Simulated_100GB_nanopore2023_Q85_genion	0.0631164	49.7568	Partial_Recall	positive	100GB	85%	reverse_order:truncated_tri_fusion	PASS:GF
porechoptrimmed_Adapter_Spiked_Simulated_100GB_nanopore2023_Q85_genion	0.0192154	48.6629	Partial_Recall	positive	100GB	85%	reverse_order:truncated_tri_fusion	PASS:GF
porechoptrimmed_Adapter_Spiked_Simulated_100GB_nanopore2023_Q85_genion	0.00952049	131.16	Partial_Recall	positive	100GB	85%	truncated_tri_fusion	PASS:GF
porechoptrimmed_Adapter_Spiked_Simulated_100GB_nanopore2023_Q85_genion	0.00202224	16.1128	False_Call	positive	100GB	85%	false_fusion	PASS:RT
porechoptrimmed_Adapter_Spiked_Simulated_100GB_nanopore2023_Q85_genion	0.00134907	16.1662	False_Call	positive	100GB	85%	false_fusion	PASS:RT
porechoptrimmed_Adapter_Spiked_Simulated_100GB_nanopore2023_Q85_genion	0.00731383	91.2208	False_Call	positive	100GB	85%	false_fusion	PASS:RT
porechoptrimmed_Adapter_Spiked_Simulated_100GB_nanopore2023_Q85_genion	0.00264114	32.6705	False_Call	positive	100GB	85%	false_fusion	PASS:RT
porechoptrimmed_Adapter_Spiked_Simulated_100GB_nanopore2023_Q85_genion	6	0	True_Recall	positive	100GB	85%	intra_chromosome	PASS:GF
porechoptrimmed_Adapter_Spiked_Simulated_100GB_nanopore2023_Q85_genion	0.023823	94.9677	Partial_Recall	positive	100GB	85%	reverse_order: intra_chromosome	PASS:GF
porechoptrimmed_Adapter_Spiked_Simulated_100GB_nanopore2023_Q85_genion	0.420168	131.243	True_Recall	positive	100GB	85%	read_through	PASS:GF
porechoptrimmed_Adapter_Spiked_Simulated_100GB_nanopore2023_Q85_genion	0.0881459	175.466	Partial_Recall	positive	100GB	85%	reverse_order: intra_chromosome	PASS:GF
porechoptrimmed_Adapter_Spiked_Simulated_100GB_nanopore2023_Q85_genion	0.0162196	114.447	False_Call	positive	100GB	85%	false_fusion	PASS:GF
porechoptrimmed_Adapter_Spiked_Simulated_100GB_nanopore2023_Q85_genion	0.114695	164.923	True_Recall	positive	100GB	85%	intra_chromosome	PASS:GF
porechoptrimmed_Adapter_Spiked_Simulated_100GB_nanopore2023_Q85_genion	0.0746055	90.761	Partial_Recall	positive	100GB	85%	truncated_tri_fusion	PASS:GF
porechoptrimmed_Adapter_Spiked_Simulated_100GB_nanopore2023_Q85_genion	0.1	0	False_Call	positive	100GB	85%	false_fusion	PASS:RT
porechoptrimmed_Adapter_Spiked_Simulated_100GB_nanopore2023_Q85_genion	1.48571	72.1539	Partial_Recall	positive	100GB	85%	reverse_order: hybrid	PASS:GF
porechoptrimmed_Adapter_Spiked_Simulated_100GB_nanopore2023_Q85_genion	0.00414651	28.1742	False_Call	positive	100GB	85%	false_fusion	PASS:RT
porechoptrimmed_Adapter_Spiked_Simulated_100GB_nanopore2023_Q85_genion	0.0779817	140.871	Partial_Recall	positive	100GB	85%	truncated_tri_fusion	PASS:GF
porechoptrimmed_Adapter_Spiked_Simulated_100GB_nanopore2023_Q85_genion	0.0311804	66.0051	False_Call	positive	100GB	85%	false_fusion	PASS:RT
porechoptrimmed_Adapter_Spiked_Simulated_100GB_nanopore2023_Q85_genion	8.29002e-5	11.5773	False_Call	positive	100GB	85%	false_fusion	PASS:RT
porechoptrimmed_Adapter_Spiked_Simulated_100GB_nanopore2023_Q85_genion	0.150943	30.82	False_Call	positive	100GB	85%	false_fusion	PASS:GF
porechoptrimmed_Adapter_Spiked_Simulated_100GB_nanopore2023_Q85_genion	0.0497132	100.846	True_Recall	positive	100GB	85%	intra_chromosome	PASS:GF
porechoptrimmed_Adapter_Spiked_Simulated_100GB_nanopore2023_Q85_genion	0.613333	253.02	Partial_Recall	positive	100GB	85%	reverse_order: hybrid	PASS:GF
porechoptrimmed_Adapter_Spiked_Simulated_100GB_nanopore2023_Q85_genion	0.0291188	141.184	Partial_Recall	positive	100GB	85%	reverse_order: read_through	PASS:GF
porechoptrimmed_Adapter_Spiked_Simulated_100GB_nanopore2023_Q85_genion	0.085034	140.858	True_Recall	positive	100GB	85%	hybrid	PASS:GF
porechoptrimmed_Adapter_Spiked_Simulated_100GB_nanopore2023_Q85_genion	0.0144869	27.8883	False_Call	positive	100GB	85%	false_fusion	PASS:GF
porechoptrimmed_Adapter_Spiked_Simulated_100GB_nanopore2023_Q85_genion	0.0417633	272.283	Partial_Recall	positive	100GB	85%	reverse_order: intra_chromosome	PASS:GF
porechoptrimmed_Adapter_Spiked_Simulated_100GB_nanopore2023_Q85_genion	0.0237288	30.2537	False_Call	positive	100GB	85%	false_fusion:self_misalignment	PASS:RT
porechoptrimmed_Adapter_Spiked_Simulated_100GB_nanopore2023_Q85_genion	1.86393e-4	15.1337	False_Call	positive	100GB	85%	false_fusion	PASS:RT
porechoptrimmed_Adapter_Spiked_Simulated_100GB_nanopore2023_Q85_genion	0.00533884	243.995	False_Call	positive	100GB	85%	false_fusion	PASS:GF
porechoptrimmed_Adapter_Spiked_Simulated_100GB_nanopore2023_Q85_genion	0.166189	232.883	Partial_Recall	positive	100GB	85%	reverse_order: hybrid	PASS:GF
porechoptrimmed_Adapter_Spiked_Simulated_100GB_nanopore2023_Q85_genion	0.0263692	16.7236	False_Call	positive	100GB	85%	false_fusion	PASS:GF
porechoptrimmed_Adapter_Spiked_Simulated_100GB_nanopore2023_Q85_genion	0.0540541	102.191	False_Call	positive	100GB	85%	false_fusion	PASS:GF
porechoptrimmed_Adapter_Spiked_Simulated_100GB_nanopore2023_Q85_genion	0.0875576	169.507	False_Call	positive	100GB	85%	false_fusion	PASS:GF
porechoptrimmed_Adapter_Spiked_Simulated_100GB_nanopore2023_Q85_genion	0.35514	165.267	False_Call	positive	100GB	85%	false_fusion	PASS:GF
porechoptrimmed_Adapter_Spiked_Simulated_100GB_nanopore2023_Q85_genion	0.0216136	1528.15	False_Call	positive	100GB	85%	false_fusion	PASS:GF
porechoptrimmed_Adapter_Spiked_Simulated_100GB_nanopore2023_Q85_genion	0.00167164	38.8518	False_Call	positive	100GB	85%	false_fusion	PASS:GF
porechoptrimmed_Adapter_Spiked_Simulated_100GB_nanopore2023_Q85_genion	0.00865586	145.412	False_Call	positive	100GB	85%	false_fusion	PASS:GF
porechoptrimmed_Adapter_Spiked_Simulated_100GB_nanopore2023_Q85_genion	14	0	False_Call	positive	100GB	85%	false_fusion	PASS:GF
porechoptrimmed_Adapter_Spiked_Simulated_100GB_nanopore2023_Q85_genion	0.1	22.0017	False_Call	positive	100GB	85%	false_fusion	PASS:RT
porechoptrimmed_Adapter_Spiked_Simulated_100GB_nanopore2023_Q85_genion	0.0833333	22.0017	False_Call	positive	100GB	85%	false_fusion	PASS:RT
porechoptrimmed_Adapter_Spiked_Simulated_100GB_nanopore2023_Q85_genion	0.185185	275.021	False_Call	positive	100GB	85%	false_fusion	PASS:GF
porechoptrimmed_Adapter_Spiked_Simulated_100GB_nanopore2023_Q85_genion	0.473684	99.0076	True_Recall	positive	100GB	85%	read_through	PASS:GF
porechoptrimmed_Adapter_Spiked_Simulated_100GB_nanopore2023_Q85_genion	0.235294	88.0068	False_Call	positive	100GB	85%	false_fusion	PASS:GF
porechoptrimmed_Adapter_Spiked_Simulated_100GB_nanopore2023_Q85_genion	0.0732177	0	True_Recall	positive	100GB	85%	read_through	PASS:RT
porechoptrimmed_Adapter_Spiked_Simulated_100GB_nanopore2023_Q85_genion	0.00764818	18.9935	False_Call	positive	100GB	85%	false_fusion	PASS:RT
porechoptrimmed_Adapter_Spiked_Simulated_100GB_nanopore2023_Q85_genion	0.109756	122.494	Partial_Recall	positive	100GB	85%	reverse_order: intra_chromosome	PASS:GF
porechoptrimmed_Adapter_Spiked_Simulated_100GB_nanopore2023_Q85_genion	0.0941176	0	Partial_Recall	positive	100GB	85%	reverse_order:truncated_tri_fusion	PASS:GF
porechoptrimmed_Adapter_Spiked_Simulated_100GB_nanopore2023_Q85_genion	0.277228	296.671	Partial_Recall	positive	100GB	85%	reverse_order:truncated_tri_fusion	PASS:GF
porechoptrimmed_Adapter_Spiked_Simulated_100GB_nanopore2023_Q85_genion	0.0108077	0	True_Recall	positive	100GB	85%	intra_chromosome	PASS:GF
porechoptrimmed_Adapter_Spiked_Simulated_100GB_nanopore2023_Q85_genion	0.103586	116.817	False_Call	positive	100GB	85%	false_fusion	PASS:GF
porechoptrimmed_Adapter_Spiked_Simulated_100GB_nanopore2023_Q85_genion	0.277778	110.008	True_Recall	positive	100GB	85%	intra_chromosome	PASS:GF
porechoptrimmed_Adapter_Spiked_Simulated_100GB_nanopore2023_Q85_genion	0.283688	122.698	False_Call	positive	100GB	85%	false_fusion	PASS:GF
porechoptrimmed_Adapter_Spiked_Simulated_100GB_nanopore2023_Q85_genion	0.0158103	13.4623	False_Call	positive	100GB	85%	false_fusion	PASS:RT
porechoptrimmed_Adapter_Spiked_Simulated_100GB_nanopore2023_Q85_genion	0.097561	21.1908	False_Call	positive	100GB	85%	false_fusion:self_misalignment	PASS:RT
porechoptrimmed_Adapter_Spiked_Simulated_100GB_nanopore2023_Q85_genion	0.27027	143.011	True_Recall	positive	100GB	85%	read_through	PASS:GF
porechoptrimmed_Adapter_Spiked_Simulated_100GB_nanopore2023_Q85_genion	12	0	False_Call	positive	100GB	85%	false_fusion:self_misalignment	PASS:GF
porechoptrimmed_Adapter_Spiked_Simulated_100GB_nanopore2023_Q85_genion	10	0	False_Call	positive	100GB	85%	false_fusion:self_misalignment	PASS:GF
porechoptrimmed_Adapter_Spiked_Simulated_100GB_nanopore2023_Q85_genion	0.0338983	0	False_Call	positive	100GB	85%	false_fusion	PASS:RT
porechoptrimmed_Adapter_Spiked_Simulated_100GB_nanopore2023_Q85_genion	0.028169	15.1993	False_Call	positive	100GB	85%	false_fusion	PASS:RT
porechoptrimmed_Adapter_Spiked_Simulated_100GB_nanopore2023_Q85_genion	0.02443	38.9923	Partial_Recall	positive	100GB	85%	reverse_order: intra_chromosome	PASS:GF
porechoptrimmed_Adapter_Spiked_Simulated_100GB_nanopore2023_Q85_genion	0.257812	242.019	Partial_Recall	positive	100GB	85%	reverse_order: read_through	PASS:GF
porechoptrimmed_Adapter_Spiked_Simulated_100GB_nanopore2023_Q85_genion	0.149533	17.0319	True_Recall	positive	100GB	85%	hybrid	PASS:GF
porechoptrimmed_Adapter_Spiked_Simulated_100GB_nanopore2023_Q85_genion	0.0835509	253.02	True_Recall	positive	100GB	85%	read_through	PASS:GF
porechoptrimmed_Adapter_Spiked_Simulated_100GB_nanopore2023_Q85_genion	0.0209607	0	True_Recall	positive	100GB	85%	intra_chromosome	PASS:GF
porechoptrimmed_Adapter_Spiked_Simulated_100GB_nanopore2023_Q85_genion	0.0216955	89.844	Partial_Recall	positive	100GB	85%	reverse_order: intra_chromosome	PASS:GF
porechoptrimmed_Adapter_Spiked_Simulated_100GB_nanopore2023_Q85_genion	0.0365297	45.6452	False_Call	positive	100GB	85%	false_fusion	PASS:GF
porechoptrimmed_Adapter_Spiked_Simulated_100GB_nanopore2023_Q85_genion	0.0163711	0	False_Call	positive	100GB	85%	false_fusion	PASS:GF
porechoptrimmed_Adapter_Spiked_Simulated_100GB_nanopore2023_Q85_genion	0.17561	162.989	False_Call	positive	100GB	85%	false_fusion	PASS:GF
porechoptrimmed_Adapter_Spiked_Simulated_100GB_nanopore2023_Q85_genion	5.20871e-4	63.7099	False_Call	positive	100GB	85%	false_fusion	PASS:RT
porechoptrimmed_Adapter_Spiked_Simulated_100GB_nanopore2023_Q85_genion	0.00787402	121.776	True_Recall	positive	100GB	85%	intra_chromosome	PASS:GF
porechoptrimmed_Adapter_Spiked_Simulated_100GB_nanopore2023_Q85_genion	0.133333	0	False_Call	positive	100GB	85%	false_fusion:self_misalignment	PASS:RT
porechoptrimmed_Adapter_Spiked_Simulated_100GB_nanopore2023_Q85_genion	10	0	False_Call	positive	100GB	85%	false_fusion	PASS:GF
porechoptrimmed_Adapter_Spiked_Simulated_100GB_nanopore2023_Q85_genion	4.22222	187.014	False_Call	positive	100GB	85%	false_fusion:self_misalignment	PASS:GF
porechoptrimmed_Adapter_Spiked_Simulated_100GB_nanopore2023_Q85_genion	1.41176	0	False_Call	positive	100GB	85%	false_fusion:self_misalignment	PASS:GF
porechoptrimmed_Adapter_Spiked_Simulated_100GB_nanopore2023_Q85_genion	0.00742043	113.744	Partial_Recall	positive	100GB	85%	reverse_order: hybrid	PASS:GF
porechoptrimmed_Adapter_Spiked_Simulated_100GB_nanopore2023_Q85_genion	0.195122	21.1908	False_Call	positive	100GB	85%	false_fusion	PASS:RT
porechoptrimmed_Adapter_Spiked_Simulated_100GB_nanopore2023_Q85_genion	0.0264901	0	False_Call	positive	100GB	85%	false_fusion:self_misalignment	PASS:RT
porechoptrimmed_Adapter_Spiked_Simulated_100GB_nanopore2023_Q85_genion	1.125	99.0076	True_Recall	positive	100GB	85%	hybrid	PASS:GF
porechoptrimmed_Adapter_Spiked_Simulated_100GB_nanopore2023_Q85_genion	0.0588235	0	False_Call	positive	100GB	85%	false_fusion:self_misalignment	PASS:RT
porechoptrimmed_Adapter_Spiked_Simulated_100GB_nanopore2023_Q85_genion	0.149533	63.2785	Partial_Recall	positive	100GB	85%	reverse_order:truncated_tri_fusion	PASS:GF
porechoptrimmed_Adapter_Spiked_Simulated_100GB_nanopore2023_Q85_genion	0.0493827	0	False_Call	positive	100GB	85%	false_fusion:self_misalignment	PASS:RT
porechoptrimmed_Adapter_Spiked_Simulated_100GB_nanopore2023_Q85_genion	0.0606061	19.2291	False_Call	positive	100GB	85%	false_fusion	PASS:RT
porechoptrimmed_Adapter_Spiked_Simulated_100GB_nanopore2023_Q85_genion	0.00832838	60.5073	False_Call	positive	100GB	85%	false_fusion	PASS:GF
porechoptrimmed_Adapter_Spiked_Simulated_100GB_nanopore2023_Q85_genion	38	0	True_Recall	positive	100GB	85%	read_through	PASS:GF
porechoptrimmed_Adapter_Spiked_Simulated_100GB_nanopore2023_Q85_genion	0.013468	14.6746	False_Call	positive	100GB	85%	false_fusion	PASS:RT
porechoptrimmed_Adapter_Spiked_Simulated_100GB_nanopore2023_Q85_genion	0.00648298	9.74809	False_Call	positive	100GB	85%	false_fusion	PASS:RT
porechoptrimmed_Adapter_Spiked_Simulated_100GB_nanopore2023_Q85_genion	0.0224719	21.1908	False_Call	positive	100GB	85%	false_fusion	PASS:RT
porechoptrimmed_Adapter_Spiked_Simulated_100GB_nanopore2023_Q85_genion	0.0145455	22.9943	False_Call	positive	100GB	85%	false_fusion	PASS:RT
porechoptrimmed_Adapter_Spiked_Simulated_100GB_nanopore2023_Q85_genion	0.0128894	18.1099	False_Call	positive	100GB	85%	false_fusion	PASS:GF
porechoptrimmed_Adapter_Spiked_Simulated_100GB_nanopore2023_Q90_genion	0.00495688	44.2631	Partial_Recall	positive	100GB	90%	truncated_tri_fusion	PASS:GF
porechoptrimmed_Adapter_Spiked_Simulated_100GB_nanopore2023_Q90_genion	0.00861141	56.7398	Partial_Recall	positive	100GB	90%	reverse_order: hybrid	PASS:GF
porechoptrimmed_Adapter_Spiked_Simulated_100GB_nanopore2023_Q90_genion	0.0411946	55.0137	Partial_Recall	positive	100GB	90%	reverse_order: read_through	PASS:GF
porechoptrimmed_Adapter_Spiked_Simulated_100GB_nanopore2023_Q90_genion	0.0163032	117.192	True_Recall	positive	100GB	90%	hybrid	PASS:GF
porechoptrimmed_Adapter_Spiked_Simulated_100GB_nanopore2023_Q90_genion	0.0120586	34.6325	Partial_Recall	positive	100GB	90%	truncated_tri_fusion	PASS:GF
porechoptrimmed_Adapter_Spiked_Simulated_100GB_nanopore2023_Q90_genion	0.0212697	155.327	False_Call	positive	100GB	90%	false_fusion	PASS:GF
porechoptrimmed_Adapter_Spiked_Simulated_100GB_nanopore2023_Q90_genion	0.0650407	32.394	Partial_Recall	positive	100GB	90%	truncated_tri_fusion	PASS:GF
porechoptrimmed_Adapter_Spiked_Simulated_100GB_nanopore2023_Q90_genion	0.0234048	184.451	True_Recall	positive	100GB	90%	hybrid	PASS:GF
porechoptrimmed_Adapter_Spiked_Simulated_100GB_nanopore2023_Q90_genion	0.0201183	110.489	Partial_Recall	positive	100GB	90%	reverse_order: read_through	PASS:GF
porechoptrimmed_Adapter_Spiked_Simulated_100GB_nanopore2023_Q90_genion	0.0157667	19.1488	True_Recall	positive	100GB	90%	intra_chromosome	PASS:GF
porechoptrimmed_Adapter_Spiked_Simulated_100GB_nanopore2023_Q90_genion	0.0525253	338.829	True_Recall	positive	100GB	90%	hybrid	PASS:GF
porechoptrimmed_Adapter_Spiked_Simulated_100GB_nanopore2023_Q90_genion	0.0526723	338.829	Partial_Recall	positive	100GB	90%	reverse_order: intra_chromosome	PASS:GF
porechoptrimmed_Adapter_Spiked_Simulated_100GB_nanopore2023_Q90_genion	0.00879297	105.319	Partial_Recall	positive	100GB	90%	truncated_tri_fusion	PASS:GF
porechoptrimmed_Adapter_Spiked_Simulated_100GB_nanopore2023_Q90_genion	0.0108238	22.7289	Partial_Recall	positive	100GB	90%	reverse_order:truncated_tri_fusion	PASS:GF
porechoptrimmed_Adapter_Spiked_Simulated_100GB_nanopore2023_Q90_genion	0.0730435	166.24	Partial_Recall	positive	100GB	90%	truncated_tri_fusion	PASS:GF
porechoptrimmed_Adapter_Spiked_Simulated_100GB_nanopore2023_Q90_genion	0.0197538	94.9942	Partial_Recall	positive	100GB	90%	wrong_order:tri_fusion	PASS:GF
porechoptrimmed_Adapter_Spiked_Simulated_100GB_nanopore2023_Q90_genion	0.00392734	29.3455	False_Call	positive	100GB	90%	false_fusion	PASS:RT
porechoptrimmed_Adapter_Spiked_Simulated_100GB_nanopore2023_Q90_genion	0.00631164	91.7635	Partial_Recall	positive	100GB	90%	truncated_tri_fusion	PASS:GF
porechoptrimmed_Adapter_Spiked_Simulated_100GB_nanopore2023_Q90_genion	0.00992465	28.0378	Partial_Recall	positive	100GB	90%	wrong_order:tri_fusion	PASS:GF
porechoptrimmed_Adapter_Spiked_Simulated_100GB_nanopore2023_Q90_genion	0.0171932	354.253	True_Recall	positive	100GB	90%	hybrid	PASS:GF
porechoptrimmed_Adapter_Spiked_Simulated_100GB_nanopore2023_Q90_genion	0.0349462	137.218	Partial_Recall	positive	100GB	90%	reverse_order: read_through	PASS:GF
porechoptrimmed_Adapter_Spiked_Simulated_100GB_nanopore2023_Q90_genion	0.0872795	50.2221	True_Recall	positive	100GB	90%	hybrid	PASS:GF
porechoptrimmed_Adapter_Spiked_Simulated_100GB_nanopore2023_Q90_genion	0.029098	115.456	Partial_Recall	positive	100GB	90%	reverse_order:truncated_tri_fusion	PASS:GF
porechoptrimmed_Adapter_Spiked_Simulated_100GB_nanopore2023_Q90_genion	0.00695652	80.8477	Partial_Recall	positive	100GB	90%	reverse_order:tri_fusion	PASS:GF
porechoptrimmed_Adapter_Spiked_Simulated_100GB_nanopore2023_Q90_genion	0.0047081	0	False_Call	positive	100GB	90%	false_fusion	PASS:GF
porechoptrimmed_Adapter_Spiked_Simulated_100GB_nanopore2023_Q90_genion	0.0204082	57.4465	Partial_Recall	positive	100GB	90%	reverse_order: hybrid	PASS:GF
porechoptrimmed_Adapter_Spiked_Simulated_100GB_nanopore2023_Q90_genion	0.0167504	84.1117	Partial_Recall	positive	100GB	90%	reverse_order:truncated_tri_fusion	PASS:GF
porechoptrimmed_Adapter_Spiked_Simulated_100GB_nanopore2023_Q90_genion	0.0166583	21.0284	Partial_Recall	positive	100GB	90%	wrong_order:tri_fusion	PASS:GF
porechoptrimmed_Adapter_Spiked_Simulated_100GB_nanopore2023_Q90_genion	0.0263158	37.0987	Partial_Recall	positive	100GB	90%	truncated_tri_fusion	PASS:GF
porechoptrimmed_Adapter_Spiked_Simulated_100GB_nanopore2023_Q90_genion	0.00963719	57.5391	Partial_Recall	positive	100GB	90%	reverse_order:truncated_tri_fusion	PASS:GF
porechoptrimmed_Adapter_Spiked_Simulated_100GB_nanopore2023_Q90_genion	0.00835976	154.968	Partial_Recall	positive	100GB	90%	reverse_order: hybrid	PASS:GF
porechoptrimmed_Adapter_Spiked_Simulated_100GB_nanopore2023_Q90_genion	0.010019	26.6438	Partial_Recall	positive	100GB	90%	reverse_order: hybrid	PASS:GF
porechoptrimmed_Adapter_Spiked_Simulated_100GB_nanopore2023_Q90_genion	0.00933573	76.2822	Partial_Recall	positive	100GB	90%	reverse_order: intra_chromosome	PASS:GF
porechoptrimmed_Adapter_Spiked_Simulated_100GB_nanopore2023_Q90_genion	0.0130388	86.5812	False_Call	positive	100GB	90%	false_fusion	PASS:GF
porechoptrimmed_Adapter_Spiked_Simulated_100GB_nanopore2023_Q90_genion	0.0011598	54.7765	False_Call	positive	100GB	90%	false_fusion	PASS:RT
porechoptrimmed_Adapter_Spiked_Simulated_100GB_nanopore2023_Q90_genion	0.0327522	179.676	Partial_Recall	positive	100GB	90%	reverse_order:truncated_tri_fusion	PASS:GF
porechoptrimmed_Adapter_Spiked_Simulated_100GB_nanopore2023_Q90_genion	0.0471464	345.378	True_Recall	positive	100GB	90%	intra_chromosome	PASS:GF
porechoptrimmed_Adapter_Spiked_Simulated_100GB_nanopore2023_Q90_genion	0.00277393	19.7242	False_Call	positive	100GB	90%	false_fusion	PASS:RT
porechoptrimmed_Adapter_Spiked_Simulated_100GB_nanopore2023_Q90_genion	0.00478071	167.827	Partial_Recall	positive	100GB	90%	wrong_order:tri_fusion	PASS:GF
porechoptrimmed_Adapter_Spiked_Simulated_100GB_nanopore2023_Q90_genion	0.00135181	0	False_Call	positive	100GB	90%	false_fusion	PASS:RT
porechoptrimmed_Adapter_Spiked_Simulated_100GB_nanopore2023_Q90_genion	0.0343643	266.438	Partial_Recall	positive	100GB	90%	reverse_order:truncated_tri_fusion	PASS:GF
porechoptrimmed_Adapter_Spiked_Simulated_100GB_nanopore2023_Q90_genion	0.0532725	238.393	True_Recall	positive	100GB	90%	intra_chromosome	PASS:GF
porechoptrimmed_Adapter_Spiked_Simulated_100GB_nanopore2023_Q90_genion	0.114943	297.759	True_Recall	positive	100GB	90%	read_through	PASS:GF
porechoptrimmed_Adapter_Spiked_Simulated_100GB_nanopore2023_Q90_genion	0.0313144	50.2221	Partial_Recall	positive	100GB	90%	reverse_order: intra_chromosome	PASS:GF
porechoptrimmed_Adapter_Spiked_Simulated_100GB_nanopore2023_Q90_genion	0.00671892	29.9799	Partial_Recall	positive	100GB	90%	truncated_tri_fusion	PASS:GF
porechoptrimmed_Adapter_Spiked_Simulated_100GB_nanopore2023_Q90_genion	0.0174649	243.864	Partial_Recall	positive	100GB	90%	reverse_order: intra_chromosome	PASS:GF
porechoptrimmed_Adapter_Spiked_Simulated_100GB_nanopore2023_Q90_genion	0.0150376	21.1105	False_Call	positive	100GB	90%	false_fusion	PASS:RT
porechoptrimmed_Adapter_Spiked_Simulated_100GB_nanopore2023_Q90_genion	0.1	129.872	False_Call	positive	100GB	90%	false_fusion	PASS:GF
porechoptrimmed_Adapter_Spiked_Simulated_100GB_nanopore2023_Q90_genion	0.0183486	129.14	Partial_Recall	positive	100GB	90%	reverse_order: intra_chromosome	PASS:GF
porechoptrimmed_Adapter_Spiked_Simulated_100GB_nanopore2023_Q90_genion	0.0237154	168.693	Partial_Recall	positive	100GB	90%	reverse_order: hybrid	PASS:GF
porechoptrimmed_Adapter_Spiked_Simulated_100GB_nanopore2023_Q90_genion	8.46024e-4	18.0296	False_Call	positive	100GB	90%	false_fusion	PASS:RT
porechoptrimmed_Adapter_Spiked_Simulated_100GB_nanopore2023_Q90_genion	0.0334262	118.345	Partial_Recall	positive	100GB	90%	reverse_order: intra_chromosome	PASS:GF
porechoptrimmed_Adapter_Spiked_Simulated_100GB_nanopore2023_Q90_genion	0.0398467	150.666	Partial_Recall	positive	100GB	90%	truncated_tri_fusion	PASS:GF
porechoptrimmed_Adapter_Spiked_Simulated_100GB_nanopore2023_Q90_genion	0.0316004	311.377	Partial_Recall	positive	100GB	90%	reverse_order: intra_chromosome	PASS:GF
porechoptrimmed_Adapter_Spiked_Simulated_100GB_nanopore2023_Q90_genion	0.0103717	41.7901	False_Call	positive	100GB	90%	false_fusion	PASS:RT
porechoptrimmed_Adapter_Spiked_Simulated_100GB_nanopore2023_Q90_genion	0.00524246	53.2756	Partial_Recall	positive	100GB	90%	reverse_order:truncated_tri_fusion	PASS:GF
porechoptrimmed_Adapter_Spiked_Simulated_100GB_nanopore2023_Q90_genion	0.00909886	114.668	Partial_Recall	positive	100GB	90%	reverse_order: intra_chromosome	PASS:GF
porechoptrimmed_Adapter_Spiked_Simulated_100GB_nanopore2023_Q90_genion	0.0674157	0	False_Call	positive	100GB	90%	false_fusion	PASS:RT
porechoptrimmed_Adapter_Spiked_Simulated_100GB_nanopore2023_Q90_genion	0.0231563	114.893	Partial_Recall	positive	100GB	90%	reverse_order: hybrid	PASS:GF
porechoptrimmed_Adapter_Spiked_Simulated_100GB_nanopore2023_Q90_genion	0.00744417	93.4433	Partial_Recall	positive	100GB	90%	wrong_order:tri_fusion	PASS:GF
porechoptrimmed_Adapter_Spiked_Simulated_100GB_nanopore2023_Q90_genion	0.00273812	50.7299	Partial_Recall	positive	100GB	90%	truncated_tri_fusion	PASS:GF
porechoptrimmed_Adapter_Spiked_Simulated_100GB_nanopore2023_Q90_genion	0.0925926	274.436	True_Recall	positive	100GB	90%	hybrid	PASS:GF
porechoptrimmed_Adapter_Spiked_Simulated_100GB_nanopore2023_Q90_genion	0.0246433	86.1697	Partial_Recall	positive	100GB	90%	reverse_order: hybrid	PASS:GF
porechoptrimmed_Adapter_Spiked_Simulated_100GB_nanopore2023_Q90_genion	0.0168935	74.8101	False_Call	positive	100GB	90%	false_fusion	PASS:GF
porechoptrimmed_Adapter_Spiked_Simulated_100GB_nanopore2023_Q90_genion	0.0068113	79.9314	True_Recall	positive	100GB	90%	intra_chromosome	PASS:GF
porechoptrimmed_Adapter_Spiked_Simulated_100GB_nanopore2023_Q90_genion	0.011916	93.5936	Partial_Recall	positive	100GB	90%	wrong_order:tri_fusion	PASS:GF
porechoptrimmed_Adapter_Spiked_Simulated_100GB_nanopore2023_Q90_genion	0.00790068	95.3727	Partial_Recall	positive	100GB	90%	reverse_order:truncated_tri_fusion	PASS:GF
porechoptrimmed_Adapter_Spiked_Simulated_100GB_nanopore2023_Q90_genion	0.0246121	94.9972	True_Recall	positive	100GB	90%	intra_chromosome	PASS:GF
porechoptrimmed_Adapter_Spiked_Simulated_100GB_nanopore2023_Q90_genion	0.0307116	328.562	True_Recall	positive	100GB	90%	read_through	PASS:RT
porechoptrimmed_Adapter_Spiked_Simulated_100GB_nanopore2023_Q90_genion	0.00860797	215.079	True_Recall	positive	100GB	90%	read_through	PASS:GF
porechoptrimmed_Adapter_Spiked_Simulated_100GB_nanopore2023_Q90_genion	0.137795	63.3314	True_Recall	positive	100GB	90%	hybrid	PASS:GF
porechoptrimmed_Adapter_Spiked_Simulated_100GB_nanopore2023_Q90_genion	0.0416089	211.105	Partial_Recall	positive	100GB	90%	reverse_order: intra_chromosome	PASS:GF
porechoptrimmed_Adapter_Spiked_Simulated_100GB_nanopore2023_Q90_genion	0.0231766	220.211	Partial_Recall	positive	100GB	90%	reverse_order: intra_chromosome	PASS:GF
porechoptrimmed_Adapter_Spiked_Simulated_100GB_nanopore2023_Q90_genion	0.100756	219.214	Partial_Recall	positive	100GB	90%	reverse_order: hybrid	PASS:GF
porechoptrimmed_Adapter_Spiked_Simulated_100GB_nanopore2023_Q90_genion	0.0172662	38.2976	False_Call	positive	100GB	90%	false_fusion	PASS:GF
porechoptrimmed_Adapter_Spiked_Simulated_100GB_nanopore2023_Q90_genion	0.0164547	95.8035	False_Call	positive	100GB	90%	false_fusion	PASS:GF
porechoptrimmed_Adapter_Spiked_Simulated_100GB_nanopore2023_Q90_genion	0.155172	383.625	Partial_Recall	positive	100GB	90%	reverse_order: read_through	PASS:GF
porechoptrimmed_Adapter_Spiked_Simulated_100GB_nanopore2023_Q90_genion	0.0386543	140.269	True_Recall	positive	100GB	90%	read_through	PASS:GF
porechoptrimmed_Adapter_Spiked_Simulated_100GB_nanopore2023_Q90_genion	0.0177165	23.8949	Partial_Recall	positive	100GB	90%	wrong_order:tri_fusion	PASS:GF
porechoptrimmed_Adapter_Spiked_Simulated_100GB_nanopore2023_Q90_genion	0.00566718	0	Partial_Recall	positive	100GB	90%	truncated_tri_fusion	PASS:GF
porechoptrimmed_Adapter_Spiked_Simulated_100GB_nanopore2023_Q90_genion	0.0136452	23.8208	Partial_Recall	positive	100GB	90%	reverse_order:truncated_tri_fusion	PASS:GF
porechoptrimmed_Adapter_Spiked_Simulated_100GB_nanopore2023_Q90_genion	3.7775e-4	16.6433	False_Call	positive	100GB	90%	false_fusion	PASS:RT
porechoptrimmed_Adapter_Spiked_Simulated_100GB_nanopore2023_Q90_genion	2.10337e-5	10.0649	False_Call	positive	100GB	90%	false_fusion	PASS:RT
porechoptrimmed_Adapter_Spiked_Simulated_100GB_nanopore2023_Q90_genion	0.0397022	80.3553	Partial_Recall	positive	100GB	90%	reverse_order: hybrid	PASS:GF
porechoptrimmed_Adapter_Spiked_Simulated_100GB_nanopore2023_Q90_genion	0.0270701	146.359	Partial_Recall	positive	100GB	90%	reverse_order: intra_chromosome	PASS:GF
porechoptrimmed_Adapter_Spiked_Simulated_100GB_nanopore2023_Q90_genion	0.011356	56.7398	True_Recall	positive	100GB	90%	intra_chromosome	PASS:GF
porechoptrimmed_Adapter_Spiked_Simulated_100GB_nanopore2023_Q90_genion	0.0129492	75.653	True_Recall	positive	100GB	90%	intra_chromosome	PASS:GF
porechoptrimmed_Adapter_Spiked_Simulated_100GB_nanopore2023_Q90_genion	2.27816e-4	15.7853	False_Call	positive	100GB	90%	false_fusion	PASS:RT
porechoptrimmed_Adapter_Spiked_Simulated_100GB_nanopore2023_Q90_genion	0.0102171	68.5025	Partial_Recall	positive	100GB	90%	truncated_tri_fusion	PASS:GF
porechoptrimmed_Adapter_Spiked_Simulated_100GB_nanopore2023_Q90_genion	0.057971	29.1238	True_Recall	positive	100GB	90%	hybrid	PASS:GF
porechoptrimmed_Adapter_Spiked_Simulated_100GB_nanopore2023_Q90_genion	0.0335196	7.91618	Partial_Recall	positive	100GB	90%	wrong_order:tri_fusion	PASS:GF
porechoptrimmed_Adapter_Spiked_Simulated_100GB_nanopore2023_Q90_genion	0.033557	65.0199	Partial_Recall	positive	100GB	90%	truncated_tri_fusion	PASS:GF
porechoptrimmed_Adapter_Spiked_Simulated_100GB_nanopore2023_Q90_genion	0.0949772	181.914	True_Recall	positive	100GB	90%	intra_chromosome	PASS:GF
porechoptrimmed_Adapter_Spiked_Simulated_100GB_nanopore2023_Q90_genion	0.0326223	138.839	Partial_Recall	positive	100GB	90%	reverse_order: intra_chromosome	PASS:GF
porechoptrimmed_Adapter_Spiked_Simulated_100GB_nanopore2023_Q90_genion	0.0591039	210.933	True_Recall	positive	100GB	90%	hybrid	PASS:GF
porechoptrimmed_Adapter_Spiked_Simulated_100GB_nanopore2023_Q90_genion	0.00513447	49.7193	Partial_Recall	positive	100GB	90%	reverse_order: intra_chromosome	PASS:GF
porechoptrimmed_Adapter_Spiked_Simulated_100GB_nanopore2023_Q90_genion	0.0452675	87.6348	False_Call	positive	100GB	90%	false_fusion	PASS:GF
porechoptrimmed_Adapter_Spiked_Simulated_100GB_nanopore2023_Q90_genion	3.36332e-4	15.3671	False_Call	positive	100GB	90%	false_fusion	PASS:RT
porechoptrimmed_Adapter_Spiked_Simulated_100GB_nanopore2023_Q90_genion	0.00450413	208.95	False_Call	positive	100GB	90%	false_fusion	PASS:RT
porechoptrimmed_Adapter_Spiked_Simulated_100GB_nanopore2023_Q90_genion	0.00834376	175.863	Partial_Recall	positive	100GB	90%	reverse_order:truncated_tri_fusion	PASS:GF
porechoptrimmed_Adapter_Spiked_Simulated_100GB_nanopore2023_Q90_genion	0.0417246	60.2665	Partial_Recall	positive	100GB	90%	reverse_order: read_through	PASS:GF
porechoptrimmed_Adapter_Spiked_Simulated_100GB_nanopore2023_Q90_genion	0.0417335	194.159	True_Recall	positive	100GB	90%	intra_chromosome	PASS:GF
porechoptrimmed_Adapter_Spiked_Simulated_100GB_nanopore2023_Q90_genion	2.46033e-4	16.4397	False_Call	positive	100GB	90%	false_fusion	PASS:RT
porechoptrimmed_Adapter_Spiked_Simulated_100GB_nanopore2023_Q90_genion	0.0122156	64.3435	Partial_Recall	positive	100GB	90%	wrong_order:tri_fusion	PASS:GF
porechoptrimmed_Adapter_Spiked_Simulated_100GB_nanopore2023_Q90_genion	0.0121617	429.138	False_Call	positive	100GB	90%	false_fusion	PASS:RT
porechoptrimmed_Adapter_Spiked_Simulated_100GB_nanopore2023_Q90_genion	3.31016e-4	0	False_Call	positive	100GB	90%	false_fusion	PASS:RT
porechoptrimmed_Adapter_Spiked_Simulated_100GB_nanopore2023_Q90_genion	0.0056615	117.17	Partial_Recall	positive	100GB	90%	reverse_order:tri_fusion	PASS:GF
porechoptrimmed_Adapter_Spiked_Simulated_100GB_nanopore2023_Q90_genion	0.00700378	126.17	Partial_Recall	positive	100GB	90%	truncated_tri_fusion	PASS:GF
porechoptrimmed_Adapter_Spiked_Simulated_100GB_nanopore2023_Q90_genion	0.172794	515.153	True_Recall	positive	100GB	90%	hybrid	PASS:GF
porechoptrimmed_Adapter_Spiked_Simulated_100GB_nanopore2023_Q90_genion	5.11771e-4	0	False_Call	positive	100GB	90%	false_fusion	PASS:RT
porechoptrimmed_Adapter_Spiked_Simulated_100GB_nanopore2023_Q90_genion	0.00725953	53.2756	Partial_Recall	positive	100GB	90%	truncated_tri_fusion	PASS:GF
porechoptrimmed_Adapter_Spiked_Simulated_100GB_nanopore2023_Q90_genion	0.0140444	173.869	Partial_Recall	positive	100GB	90%	wrong_order:tri_fusion	PASS:GF
porechoptrimmed_Adapter_Spiked_Simulated_100GB_nanopore2023_Q90_genion	0.0108548	76.5953	Partial_Recall	positive	100GB	90%	reverse_order: intra_chromosome	PASS:GF
porechoptrimmed_Adapter_Spiked_Simulated_100GB_nanopore2023_Q90_genion	0.0220909	18.5119	True_Recall	positive	100GB	90%	intra_chromosome	PASS:GF
porechoptrimmed_Adapter_Spiked_Simulated_100GB_nanopore2023_Q90_genion	0.0206186	0	Partial_Recall	positive	100GB	90%	truncated_tri_fusion	PASS:GF
porechoptrimmed_Adapter_Spiked_Simulated_100GB_nanopore2023_Q90_genion	0.019685	51.3378	False_Call	positive	100GB	90%	false_fusion	PASS:GF
porechoptrimmed_Adapter_Spiked_Simulated_100GB_nanopore2023_Q90_genion	0.0641822	263.057	True_Recall	positive	100GB	90%	intra_chromosome	PASS:GF
porechoptrimmed_Adapter_Spiked_Simulated_100GB_nanopore2023_Q90_genion	0.0827586	184.374	Partial_Recall	positive	100GB	90%	reverse_order:truncated_tri_fusion	PASS:GF
porechoptrimmed_Adapter_Spiked_Simulated_100GB_nanopore2023_Q90_genion	0.0281096	23.8208	Partial_Recall	positive	100GB	90%	reverse_order:truncated_tri_fusion	PASS:GF
porechoptrimmed_Adapter_Spiked_Simulated_100GB_nanopore2023_Q90_genion	0.0544218	92.9019	False_Call	positive	100GB	90%	false_fusion	PASS:GF
porechoptrimmed_Adapter_Spiked_Simulated_100GB_nanopore2023_Q90_genion	0.0232384	44.729	Partial_Recall	positive	100GB	90%	truncated_tri_fusion	PASS:GF
porechoptrimmed_Adapter_Spiked_Simulated_100GB_nanopore2023_Q90_genion	0.0142399	363.556	Partial_Recall	positive	100GB	90%	reverse_order: hybrid	PASS:GF
porechoptrimmed_Adapter_Spiked_Simulated_100GB_nanopore2023_Q90_genion	0.09	0	Partial_Recall	positive	100GB	90%	wrong_order:tri_fusion	PASS:GF
porechoptrimmed_Adapter_Spiked_Simulated_100GB_nanopore2023_Q90_genion	0.18	17.7625	Partial_Recall	positive	100GB	90%	truncated_tri_fusion	PASS:GF
porechoptrimmed_Adapter_Spiked_Simulated_100GB_nanopore2023_Q90_genion	0.00789474	129.872	Partial_Recall	positive	100GB	90%	truncated_tri_fusion	PASS:GF
porechoptrimmed_Adapter_Spiked_Simulated_100GB_nanopore2023_Q90_genion	0.00679537	194.054	Partial_Recall	positive	100GB	90%	reverse_order: intra_chromosome	PASS:GF
porechoptrimmed_Adapter_Spiked_Simulated_100GB_nanopore2023_Q90_genion	0.0158103	94.4359	Partial_Recall	positive	100GB	90%	reverse_order:truncated_tri_fusion	PASS:GF
porechoptrimmed_Adapter_Spiked_Simulated_100GB_nanopore2023_Q90_genion	0.0327273	198.877	Partial_Recall	positive	100GB	90%	wrong_order:tri_fusion	PASS:GF
porechoptrimmed_Adapter_Spiked_Simulated_100GB_nanopore2023_Q90_genion	0.0150991	109.067	Partial_Recall	positive	100GB	90%	reverse_order:truncated_tri_fusion	PASS:GF
porechoptrimmed_Adapter_Spiked_Simulated_100GB_nanopore2023_Q90_genion	0.0589681	131.528	Partial_Recall	positive	100GB	90%	reverse_order: read_through	PASS:GF
porechoptrimmed_Adapter_Spiked_Simulated_100GB_nanopore2023_Q90_genion	0.0115346	29.2925	Partial_Recall	positive	100GB	90%	wrong_order:tri_fusion	PASS:GF
porechoptrimmed_Adapter_Spiked_Simulated_100GB_nanopore2023_Q90_genion	0.0183592	53.2876	True_Recall	positive	100GB	90%	intra_chromosome	PASS:GF
porechoptrimmed_Adapter_Spiked_Simulated_100GB_nanopore2023_Q90_genion	0.0186069	0	False_Call	positive	100GB	90%	false_fusion	PASS:GF
porechoptrimmed_Adapter_Spiked_Simulated_100GB_nanopore2023_Q90_genion	0.0141677	41.7444	Partial_Recall	positive	100GB	90%	reverse_order: hybrid	PASS:GF
porechoptrimmed_Adapter_Spiked_Simulated_100GB_nanopore2023_Q90_genion	0.0280644	98.7143	Partial_Recall	positive	100GB	90%	reverse_order: hybrid	PASS:GF
porechoptrimmed_Adapter_Spiked_Simulated_100GB_nanopore2023_Q90_genion	0.00673233	41.9788	Partial_Recall	positive	100GB	90%	wrong_order:tri_fusion	PASS:GF
porechoptrimmed_Adapter_Spiked_Simulated_100GB_nanopore2023_Q90_genion	0.0683761	15.9806	Partial_Recall	positive	100GB	90%	reverse_order:truncated_tri_fusion	PASS:GF
porechoptrimmed_Adapter_Spiked_Simulated_100GB_nanopore2023_Q90_genion	0.0190074	73.9788	Partial_Recall	positive	100GB	90%	reverse_order: intra_chromosome	PASS:GF
porechoptrimmed_Adapter_Spiked_Simulated_100GB_nanopore2023_Q90_genion	0.0638629	0	True_Recall	positive	100GB	90%	intra_chromosome	PASS:GF
porechoptrimmed_Adapter_Spiked_Simulated_100GB_nanopore2023_Q90_genion	0.00462343	145.568	Partial_Recall	positive	100GB	90%	truncated_tri_fusion	PASS:GF
porechoptrimmed_Adapter_Spiked_Simulated_100GB_nanopore2023_Q90_genion	0.00233463	42.379	False_Call	positive	100GB	90%	false_fusion	PASS:RT
porechoptrimmed_Adapter_Spiked_Simulated_100GB_nanopore2023_Q90_genion	0.0327118	222.032	True_Recall	positive	100GB	90%	hybrid	PASS:GF
porechoptrimmed_Adapter_Spiked_Simulated_100GB_nanopore2023_Q90_genion	0.0269642	222.823	Partial_Recall	positive	100GB	90%	reverse_order:truncated_tri_fusion	PASS:GF
porechoptrimmed_Adapter_Spiked_Simulated_100GB_nanopore2023_Q90_genion	0.0117625	37.4051	True_Recall	positive	100GB	90%	intra_chromosome	PASS:GF
porechoptrimmed_Adapter_Spiked_Simulated_100GB_nanopore2023_Q90_genion	0.0145254	224.43	True_Recall	positive	100GB	90%	intra_chromosome	PASS:GF
porechoptrimmed_Adapter_Spiked_Simulated_100GB_nanopore2023_Q90_genion	0.00770218	26.8374	False_Call	positive	100GB	90%	false_fusion	PASS:RT
porechoptrimmed_Adapter_Spiked_Simulated_100GB_nanopore2023_Q90_genion	0.266667	241.066	False_Call	positive	100GB	90%	false_fusion	PASS:GF
porechoptrimmed_Adapter_Spiked_Simulated_100GB_nanopore2023_Q90_genion	0.036036	90.3997	True_Recall	positive	100GB	90%	read_through	PASS:GF
porechoptrimmed_Adapter_Spiked_Simulated_100GB_nanopore2023_Q90_genion	3.55687e-4	156.522	True_Recall	positive	100GB	90%	hybrid	PASS:GF
porechoptrimmed_Adapter_Spiked_Simulated_100GB_nanopore2023_Q90_genion	0.0420757	129.14	Partial_Recall	positive	100GB	90%	reverse_order: hybrid	PASS:GF
porechoptrimmed_Adapter_Spiked_Simulated_100GB_nanopore2023_Q90_genion	0.625	54.8035	False_Call	positive	100GB	90%	false_fusion	PASS:GF
porechoptrimmed_Adapter_Spiked_Simulated_100GB_nanopore2023_Q90_genion	0.0660377	0	Partial_Recall	positive	100GB	90%	truncated_tri_fusion	PASS:GF
porechoptrimmed_Adapter_Spiked_Simulated_100GB_nanopore2023_Q90_genion	0.0151515	333.214	True_Recall	positive	100GB	90%	hybrid	PASS:GF
porechoptrimmed_Adapter_Spiked_Simulated_100GB_nanopore2023_Q90_genion	0.0645856	266.276	Partial_Recall	positive	100GB	90%	reverse_order:truncated_tri_fusion	PASS:GF
porechoptrimmed_Adapter_Spiked_Simulated_100GB_nanopore2023_Q90_genion	3.10115e-5	72.4498	False_Call	positive	100GB	90%	false_fusion	PASS:GF
porechoptrimmed_Adapter_Spiked_Simulated_100GB_nanopore2023_Q90_genion	0.00505796	92.2027	False_Call	positive	100GB	90%	false_fusion	PASS:GF
porechoptrimmed_Adapter_Spiked_Simulated_100GB_nanopore2023_Q90_genion	0.0465632	221.66	Partial_Recall	positive	100GB	90%	reverse_order:truncated_tri_fusion	PASS:GF
porechoptrimmed_Adapter_Spiked_Simulated_100GB_nanopore2023_Q90_genion	0.0130792	81.1332	True_Recall	positive	100GB	90%	hybrid	PASS:GF
porechoptrimmed_Adapter_Spiked_Simulated_100GB_nanopore2023_Q90_genion	0.00666338	59.3213	False_Call	positive	100GB	90%	false_fusion	PASS:GF
porechoptrimmed_Adapter_Spiked_Simulated_100GB_nanopore2023_Q90_genion	0.0113422	57.4465	True_Recall	positive	100GB	90%	read_through	PASS:GF
porechoptrimmed_Adapter_Spiked_Simulated_100GB_nanopore2023_Q90_genion	0.00251046	16.4397	False_Call	positive	100GB	90%	false_fusion	PASS:RT
porechoptrimmed_Adapter_Spiked_Simulated_100GB_nanopore2023_Q90_genion	1.59356e-4	16.197	False_Call	positive	100GB	90%	false_fusion	PASS:RT
porechoptrimmed_Adapter_Spiked_Simulated_100GB_nanopore2023_Q90_genion	0.00932836	46.6959	Partial_Recall	positive	100GB	90%	reverse_order:truncated_tri_fusion	PASS:GF
porechoptrimmed_Adapter_Spiked_Simulated_100GB_nanopore2023_Q90_genion	0.0887097	95.8035	False_Call	positive	100GB	90%	false_fusion	PASS:GF
porechoptrimmed_Adapter_Spiked_Simulated_100GB_nanopore2023_Q90_genion	0.00137999	0	False_Call	positive	100GB	90%	false_fusion	PASS:GF
porechoptrimmed_Adapter_Spiked_Simulated_100GB_nanopore2023_Q90_genion	0.00118285	16.87	True_Recall	positive	100GB	90%	hybrid	PASS:GF
porechoptrimmed_Adapter_Spiked_Simulated_100GB_nanopore2023_Q90_genion	0.0465116	126.207	False_Call	positive	100GB	90%	false_fusion	PASS:GF
porechoptrimmed_Adapter_Spiked_Simulated_100GB_nanopore2023_Q90_genion	7.41766e-4	103.765	Partial_Recall	positive	100GB	90%	reverse_order: hybrid	PASS:GF
porechoptrimmed_Adapter_Spiked_Simulated_100GB_nanopore2023_Q90_genion	0.0269058	0	True_Recall	positive	100GB	90%	read_through	PASS:GF
porechoptrimmed_Adapter_Spiked_Simulated_100GB_nanopore2023_Q90_genion	0.0607261	433.932	Partial_Recall	positive	100GB	90%	reverse_order: intra_chromosome	PASS:GF
porechoptrimmed_Adapter_Spiked_Simulated_100GB_nanopore2023_Q90_genion	0.0102564	17.7625	False_Call	positive	100GB	90%	false_fusion	PASS:RT
porechoptrimmed_Adapter_Spiked_Simulated_100GB_nanopore2023_Q90_genion	9.92556e-4	16.87	False_Call	positive	100GB	90%	false_fusion	PASS:RT
porechoptrimmed_Adapter_Spiked_Simulated_100GB_nanopore2023_Q90_genion	0.0252233	236.69	Partial_Recall	positive	100GB	90%	reverse_order: hybrid	PASS:GF
porechoptrimmed_Adapter_Spiked_Simulated_100GB_nanopore2023_Q90_genion	0.0294479	0	False_Call	positive	100GB	90%	false_fusion	PASS:GF
porechoptrimmed_Adapter_Spiked_Simulated_100GB_nanopore2023_Q90_genion	0.0122699	0	False_Call	positive	100GB	90%	false_fusion	PASS:GF
porechoptrimmed_Adapter_Spiked_Simulated_100GB_nanopore2023_Q90_genion	0.0677362	32.6294	Partial_Recall	positive	100GB	90%	reverse_order:truncated_tri_fusion	PASS:GF
porechoptrimmed_Adapter_Spiked_Simulated_100GB_nanopore2023_Q90_genion	0.00470588	9.86209	False_Call	positive	100GB	90%	false_fusion	PASS:RT
porechoptrimmed_Adapter_Spiked_Simulated_100GB_nanopore2023_Q90_genion	0.00773196	30.1332	False_Call	positive	100GB	90%	false_fusion	PASS:RT
porechoptrimmed_Adapter_Spiked_Simulated_100GB_nanopore2023_Q90_genion	2.64271e-4	8.43498	False_Call	positive	100GB	90%	false_fusion	PASS:RT
porechoptrimmed_Adapter_Spiked_Simulated_100GB_nanopore2023_Q90_genion	1.91534e-4	7.22304	False_Call	positive	100GB	90%	false_fusion	PASS:RT
porechoptrimmed_Adapter_Spiked_Simulated_100GB_nanopore2023_Q90_genion	0.028636000000000002	64.1301	Partial_Recall	positive	100GB	90%	reverse_order:truncated_tri_fusion	PASS:GF
porechoptrimmed_Adapter_Spiked_Simulated_100GB_nanopore2023_Q90_genion	0.00477431	57.1014	Partial_Recall	positive	100GB	90%	truncated_tri_fusion	PASS:GF
porechoptrimmed_Adapter_Spiked_Simulated_100GB_nanopore2023_Q90_genion	0.0233918	21.9214	False_Call	positive	100GB	90%	false_fusion	PASS:RT
porechoptrimmed_Adapter_Spiked_Simulated_100GB_nanopore2023_Q90_genion	0.00368098	56.1076	False_Call	positive	100GB	90%	false_fusion	PASS:RT
porechoptrimmed_Adapter_Spiked_Simulated_100GB_nanopore2023_Q90_genion	0.00280263	106.858	Partial_Recall	positive	100GB	90%	reverse_order: read_through	PASS:GF
porechoptrimmed_Adapter_Spiked_Simulated_100GB_nanopore2023_Q90_genion	4.66667	0	True_Recall	positive	100GB	90%	intra_chromosome	PASS:GF
porechoptrimmed_Adapter_Spiked_Simulated_100GB_nanopore2023_Q90_genion	0.0331728	157.793	Partial_Recall	positive	100GB	90%	reverse_order: intra_chromosome	PASS:GF
porechoptrimmed_Adapter_Spiked_Simulated_100GB_nanopore2023_Q90_genion	0.00218996	15.1526	Partial_Recall	positive	100GB	90%	wrong_order:tri_fusion	PASS:GF
porechoptrimmed_Adapter_Spiked_Simulated_100GB_nanopore2023_Q90_genion	9.84931e-4	38.8102	Partial_Recall	positive	100GB	90%	reverse_order:truncated_tri_fusion	PASS:GF
porechoptrimmed_Adapter_Spiked_Simulated_100GB_nanopore2023_Q90_genion	0.290323	153.33	True_Recall	positive	100GB	90%	read_through	PASS:GF
porechoptrimmed_Adapter_Spiked_Simulated_100GB_nanopore2023_Q90_genion	0.0795756	170.755	Partial_Recall	positive	100GB	90%	reverse_order: intra_chromosome	PASS:GF
porechoptrimmed_Adapter_Spiked_Simulated_100GB_nanopore2023_Q90_genion	0.023542	198.325	False_Call	positive	100GB	90%	false_fusion	PASS:GF
porechoptrimmed_Adapter_Spiked_Simulated_100GB_nanopore2023_Q90_genion	0.256604	349.097	True_Recall	positive	100GB	90%	intra_chromosome	PASS:GF
porechoptrimmed_Adapter_Spiked_Simulated_100GB_nanopore2023_Q90_genion	0.0508701	59.1726	Partial_Recall	positive	100GB	90%	truncated_tri_fusion	PASS:GF
porechoptrimmed_Adapter_Spiked_Simulated_100GB_nanopore2023_Q90_genion	0.022409	21.1105	False_Call	positive	100GB	90%	false_fusion	PASS:RT
porechoptrimmed_Adapter_Spiked_Simulated_100GB_nanopore2023_Q90_genion	0.011396	21.1105	False_Call	positive	100GB	90%	false_fusion	PASS:RT
porechoptrimmed_Adapter_Spiked_Simulated_100GB_nanopore2023_Q90_genion	1.25	21.9214	Partial_Recall	positive	100GB	90%	reverse_order: hybrid	PASS:GF
porechoptrimmed_Adapter_Spiked_Simulated_100GB_nanopore2023_Q90_genion	0.101937	277.658	Partial_Recall	positive	100GB	90%	truncated_tri_fusion	PASS:GF
porechoptrimmed_Adapter_Spiked_Simulated_100GB_nanopore2023_Q90_genion	1.48048e-5	5.74577	False_Call	positive	100GB	90%	false_fusion	PASS:RT
porechoptrimmed_Adapter_Spiked_Simulated_100GB_nanopore2023_Q90_genion	4.547e-4	46.8222	False_Call	positive	100GB	90%	false_fusion	PASS:GF
porechoptrimmed_Adapter_Spiked_Simulated_100GB_nanopore2023_Q90_genion	4.48628e-5	5.77612	False_Call	positive	100GB	90%	false_fusion	PASS:RT
porechoptrimmed_Adapter_Spiked_Simulated_100GB_nanopore2023_Q90_genion	0.0497427	108.483	True_Recall	positive	100GB	90%	intra_chromosome	PASS:GF
porechoptrimmed_Adapter_Spiked_Simulated_100GB_nanopore2023_Q90_genion	0.489796	253.326	Partial_Recall	positive	100GB	90%	reverse_order: hybrid	PASS:GF
porechoptrimmed_Adapter_Spiked_Simulated_100GB_nanopore2023_Q90_genion	0.0321593	164.411	Partial_Recall	positive	100GB	90%	reverse_order: read_through	PASS:GF
porechoptrimmed_Adapter_Spiked_Simulated_100GB_nanopore2023_Q90_genion	0.0926966	178.916	True_Recall	positive	100GB	90%	hybrid	PASS:GF
porechoptrimmed_Adapter_Spiked_Simulated_100GB_nanopore2023_Q90_genion	0.0455235	308.027	Partial_Recall	positive	100GB	90%	reverse_order: intra_chromosome	PASS:GF
porechoptrimmed_Adapter_Spiked_Simulated_100GB_nanopore2023_Q90_genion	0.0246914	86.5812	False_Call	positive	100GB	90%	false_fusion	PASS:GF
porechoptrimmed_Adapter_Spiked_Simulated_100GB_nanopore2023_Q90_genion	0.0358744	42.221	False_Call	positive	100GB	90%	false_fusion	PASS:RT
porechoptrimmed_Adapter_Spiked_Simulated_100GB_nanopore2023_Q90_genion	0.00969193	111.164	Partial_Recall	positive	100GB	90%	reverse_order:truncated_tri_fusion	PASS:GF
porechoptrimmed_Adapter_Spiked_Simulated_100GB_nanopore2023_Q90_genion	0.0425532	21.1105	False_Call	positive	100GB	90%	false_fusion	PASS:RT
porechoptrimmed_Adapter_Spiked_Simulated_100GB_nanopore2023_Q90_genion	0.026087	6.05543	False_Call	positive	100GB	90%	false_fusion	PASS:RT
porechoptrimmed_Adapter_Spiked_Simulated_100GB_nanopore2023_Q90_genion	0.00341132	289.056	False_Call	positive	100GB	90%	false_fusion	PASS:GF
porechoptrimmed_Adapter_Spiked_Simulated_100GB_nanopore2023_Q90_genion	0.0890052	136.277	Partial_Recall	positive	100GB	90%	reverse_order: hybrid	PASS:GF
porechoptrimmed_Adapter_Spiked_Simulated_100GB_nanopore2023_Q90_genion	0.0346921	31.6647	False_Call	positive	100GB	90%	false_fusion	PASS:GF
porechoptrimmed_Adapter_Spiked_Simulated_100GB_nanopore2023_Q90_genion	0.0688337	151.83	False_Call	positive	100GB	90%	false_fusion	PASS:GF
porechoptrimmed_Adapter_Spiked_Simulated_100GB_nanopore2023_Q90_genion	0.0376648	81.5734	False_Call	positive	100GB	90%	false_fusion	PASS:GF
porechoptrimmed_Adapter_Spiked_Simulated_100GB_nanopore2023_Q90_genion	0.027972	20.0888	False_Call	positive	100GB	90%	false_fusion	PASS:RT
porechoptrimmed_Adapter_Spiked_Simulated_100GB_nanopore2023_Q90_genion	0.509091	242.427	False_Call	positive	100GB	90%	false_fusion	PASS:GF
porechoptrimmed_Adapter_Spiked_Simulated_100GB_nanopore2023_Q90_genion	0.0448878	70.827	Partial_Recall	positive	100GB	90%	reverse_order:truncated_tri_fusion	PASS:GF
porechoptrimmed_Adapter_Spiked_Simulated_100GB_nanopore2023_Q90_genion	0.0129609	1270.26	False_Call	positive	100GB	90%	false_fusion	PASS:GF
porechoptrimmed_Adapter_Spiked_Simulated_100GB_nanopore2023_Q90_genion	0.00444238	145.444	False_Call	positive	100GB	90%	false_fusion	PASS:GF
porechoptrimmed_Adapter_Spiked_Simulated_100GB_nanopore2023_Q90_genion	14	0	False_Call	positive	100GB	90%	false_fusion	PASS:GF
porechoptrimmed_Adapter_Spiked_Simulated_100GB_nanopore2023_Q90_genion	0.0169133	67.8064	False_Call	positive	100GB	90%	false_fusion	PASS:GF
porechoptrimmed_Adapter_Spiked_Simulated_100GB_nanopore2023_Q90_genion	0.161812	242.771	False_Call	positive	100GB	90%	false_fusion	PASS:GF
porechoptrimmed_Adapter_Spiked_Simulated_100GB_nanopore2023_Q90_genion	0.339623	98.6463	True_Recall	positive	100GB	90%	read_through	PASS:GF
porechoptrimmed_Adapter_Spiked_Simulated_100GB_nanopore2023_Q90_genion	0.237288	73.8867	False_Call	positive	100GB	90%	false_fusion	PASS:GF
porechoptrimmed_Adapter_Spiked_Simulated_100GB_nanopore2023_Q90_genion	0.00764818	19.7242	False_Call	positive	100GB	90%	false_fusion	PASS:RT
porechoptrimmed_Adapter_Spiked_Simulated_100GB_nanopore2023_Q90_genion	0.0336134	18.1778	False_Call	positive	100GB	90%	false_fusion	PASS:RT
porechoptrimmed_Adapter_Spiked_Simulated_100GB_nanopore2023_Q90_genion	0.136	10.9607	True_Recall	positive	100GB	90%	read_through	PASS:RT
porechoptrimmed_Adapter_Spiked_Simulated_100GB_nanopore2023_Q90_genion	0.278689	158.329	True_Recall	positive	100GB	90%	read_through	PASS:GF
porechoptrimmed_Adapter_Spiked_Simulated_100GB_nanopore2023_Q90_genion	0.148387	161.04	Partial_Recall	positive	100GB	90%	reverse_order: intra_chromosome	PASS:GF
porechoptrimmed_Adapter_Spiked_Simulated_100GB_nanopore2023_Q90_genion	0.0778032	0	Partial_Recall	positive	100GB	90%	reverse_order:truncated_tri_fusion	PASS:GF
porechoptrimmed_Adapter_Spiked_Simulated_100GB_nanopore2023_Q90_genion	0.0315126	0	Partial_Recall	positive	100GB	90%	wrong_order:tri_fusion	PASS:GF
porechoptrimmed_Adapter_Spiked_Simulated_100GB_nanopore2023_Q90_genion	0.211864	274.018	Partial_Recall	positive	100GB	90%	reverse_order:truncated_tri_fusion	PASS:GF
porechoptrimmed_Adapter_Spiked_Simulated_100GB_nanopore2023_Q90_genion	0.00864304	8.04293	True_Recall	positive	100GB	90%	intra_chromosome	PASS:GF
porechoptrimmed_Adapter_Spiked_Simulated_100GB_nanopore2023_Q90_genion	0.0376176	49.9299	False_Call	positive	100GB	90%	false_fusion	PASS:GF
porechoptrimmed_Adapter_Spiked_Simulated_100GB_nanopore2023_Q90_genion	0.156028	112.943	False_Call	positive	100GB	90%	false_fusion	PASS:GF
porechoptrimmed_Adapter_Spiked_Simulated_100GB_nanopore2023_Q90_genion	0.116041	124.051	False_Call	positive	100GB	90%	false_fusion	PASS:GF
porechoptrimmed_Adapter_Spiked_Simulated_100GB_nanopore2023_Q90_genion	0.234568	129.384	False_Call	positive	100GB	90%	false_fusion	PASS:GF
porechoptrimmed_Adapter_Spiked_Simulated_100GB_nanopore2023_Q90_genion	0.0622837	64.7955	True_Recall	positive	100GB	90%	intra_chromosome	PASS:GF
porechoptrimmed_Adapter_Spiked_Simulated_100GB_nanopore2023_Q90_genion	0.0792079	43.8428	False_Call	positive	100GB	90%	false_fusion	PASS:RT
porechoptrimmed_Adapter_Spiked_Simulated_100GB_nanopore2023_Q90_genion	0.191617	120.568	True_Recall	positive	100GB	90%	read_through	PASS:RT
porechoptrimmed_Adapter_Spiked_Simulated_100GB_nanopore2023_Q90_genion	18	0	Partial_Recall	positive	100GB	90%	reverse_order: intra_chromosome	PASS:GF
porechoptrimmed_Adapter_Spiked_Simulated_100GB_nanopore2023_Q90_genion	26	0	False_Call	positive	100GB	90%	false_fusion:self_misalignment	PASS:GF
porechoptrimmed_Adapter_Spiked_Simulated_100GB_nanopore2023_Q90_genion	14	0	False_Call	positive	100GB	90%	false_fusion:self_misalignment	PASS:GF
porechoptrimmed_Adapter_Spiked_Simulated_100GB_nanopore2023_Q90_genion	0.025641	0	False_Call	positive	100GB	90%	false_fusion	PASS:RT
porechoptrimmed_Adapter_Spiked_Simulated_100GB_nanopore2023_Q90_genion	0.0242424	16.6433	False_Call	positive	100GB	90%	false_fusion	PASS:RT
porechoptrimmed_Adapter_Spiked_Simulated_100GB_nanopore2023_Q90_genion	0.0180723	18.7025	False_Call	positive	100GB	90%	false_fusion:self_misalignment	PASS:RT
porechoptrimmed_Adapter_Spiked_Simulated_100GB_nanopore2023_Q90_genion	0.0263543	36.0592	Partial_Recall	positive	100GB	90%	reverse_order: intra_chromosome	PASS:GF
porechoptrimmed_Adapter_Spiked_Simulated_100GB_nanopore2023_Q90_genion	0.229391	236.154	Partial_Recall	positive	100GB	90%	reverse_order: read_through	PASS:GF
porechoptrimmed_Adapter_Spiked_Simulated_100GB_nanopore2023_Q90_genion	0.036036	0	False_Call	positive	100GB	90%	false_fusion	PASS:RT
porechoptrimmed_Adapter_Spiked_Simulated_100GB_nanopore2023_Q90_genion	0.229885	24.472	True_Recall	positive	100GB	90%	hybrid	PASS:GF
porechoptrimmed_Adapter_Spiked_Simulated_100GB_nanopore2023_Q90_genion	0.026534	63.3314	True_Recall	positive	100GB	90%	hybrid	PASS:GF
porechoptrimmed_Adapter_Spiked_Simulated_100GB_nanopore2023_Q90_genion	0.0314342	57.7686	True_Recall	positive	100GB	90%	intra_chromosome	PASS:GF
porechoptrimmed_Adapter_Spiked_Simulated_100GB_nanopore2023_Q90_genion	0.0750939	256.689	True_Recall	positive	100GB	90%	read_through	PASS:GF
porechoptrimmed_Adapter_Spiked_Simulated_100GB_nanopore2023_Q90_genion	0.0195281	0	True_Recall	positive	100GB	90%	intra_chromosome	PASS:GF
porechoptrimmed_Adapter_Spiked_Simulated_100GB_nanopore2023_Q90_genion	0.0352221	56.8924	Partial_Recall	positive	100GB	90%	reverse_order: intra_chromosome	PASS:GF
porechoptrimmed_Adapter_Spiked_Simulated_100GB_nanopore2023_Q90_genion	0.555556	0	False_Call	positive	100GB	90%	false_fusion	PASS:GF
porechoptrimmed_Adapter_Spiked_Simulated_100GB_nanopore2023_Q90_genion	0.0590551	132.31	False_Call	positive	100GB	90%	false_fusion	PASS:GF
porechoptrimmed_Adapter_Spiked_Simulated_100GB_nanopore2023_Q90_genion	0.0120192	0	False_Call	positive	100GB	90%	false_fusion	PASS:GF
porechoptrimmed_Adapter_Spiked_Simulated_100GB_nanopore2023_Q90_genion	0.188811	200.727	True_Recall	positive	100GB	90%	intra_chromosome	PASS:GF
porechoptrimmed_Adapter_Spiked_Simulated_100GB_nanopore2023_Q90_genion	0.196581	199.137	False_Call	positive	100GB	90%	false_fusion	PASS:GF
porechoptrimmed_Adapter_Spiked_Simulated_100GB_nanopore2023_Q90_genion	2.01626e-4	28.0378	False_Call	positive	100GB	90%	false_fusion	PASS:RT
porechoptrimmed_Adapter_Spiked_Simulated_100GB_nanopore2023_Q90_genion	0.00758134	99.8598	True_Recall	positive	100GB	90%	intra_chromosome	PASS:GF
porechoptrimmed_Adapter_Spiked_Simulated_100GB_nanopore2023_Q90_genion	2.35294	109.607	False_Call	positive	100GB	90%	false_fusion:self_misalignment	PASS:GF
porechoptrimmed_Adapter_Spiked_Simulated_100GB_nanopore2023_Q90_genion	6	0	False_Call	positive	100GB	90%	false_fusion:self_misalignment	PASS:GF
porechoptrimmed_Adapter_Spiked_Simulated_100GB_nanopore2023_Q90_genion	1.31034	0	False_Call	positive	100GB	90%	false_fusion:self_misalignment	PASS:GF
porechoptrimmed_Adapter_Spiked_Simulated_100GB_nanopore2023_Q90_genion	0.146341	28.7232	False_Call	positive	100GB	90%	false_fusion	PASS:RT
porechoptrimmed_Adapter_Spiked_Simulated_100GB_nanopore2023_Q90_genion	0.0072942	116.295	Partial_Recall	positive	100GB	90%	reverse_order: hybrid	PASS:GF
porechoptrimmed_Adapter_Spiked_Simulated_100GB_nanopore2023_Q90_genion	0.0408163	0	False_Call	positive	100GB	90%	false_fusion:self_misalignment	PASS:RT
porechoptrimmed_Adapter_Spiked_Simulated_100GB_nanopore2023_Q90_genion	0.944444	186.332	True_Recall	positive	100GB	90%	hybrid	PASS:GF
porechoptrimmed_Adapter_Spiked_Simulated_100GB_nanopore2023_Q90_genion	0.125984	59.9598	Partial_Recall	positive	100GB	90%	reverse_order:truncated_tri_fusion	PASS:GF
porechoptrimmed_Adapter_Spiked_Simulated_100GB_nanopore2023_Q90_genion	0.162063	21.9214	False_Call	positive	100GB	90%	false_fusion	PASS:GF
porechoptrimmed_Adapter_Spiked_Simulated_100GB_nanopore2023_Q90_genion	0.0296296	20.0888	False_Call	positive	100GB	90%	false_fusion:self_misalignment	PASS:RT
porechoptrimmed_Adapter_Spiked_Simulated_100GB_nanopore2023_Q90_genion	30	0	True_Recall	positive	100GB	90%	read_through	PASS:GF
porechoptrimmed_Adapter_Spiked_Simulated_100GB_nanopore2023_Q90_genion	0.0102041	7.41975	False_Call	positive	100GB	90%	false_fusion	PASS:RT
porechoptrimmed_Adapter_Spiked_Simulated_100GB_nanopore2023_Q90_genion	0.00611621	0	False_Call	positive	100GB	90%	false_fusion	PASS:RT
porechoptrimmed_Adapter_Spiked_Simulated_100GB_nanopore2023_Q90_genion	0.0223048	32.8821	False_Call	positive	100GB	90%	false_fusion	PASS:RT
porechoptrimmed_Adapter_Spiked_Simulated_100GB_nanopore2023_Q90_genion	0.0802676	86.8201	False_Call	positive	100GB	90%	false_fusion	PASS:GF
porechoptrimmed_Adapter_Spiked_Simulated_100GB_nanopore2023_Q90_genion	0.00648298	13.1449	False_Call	positive	100GB	90%	false_fusion	PASS:RT
porechoptrimmed_Adapter_Spiked_Simulated_100GB_nanopore2023_Q90_genion	0.0131471	18.7025	False_Call	positive	100GB	90%	false_fusion	PASS:RT
porechoptrimmed_Adapter_Spiked_Simulated_100GB_nanopore2023_Q90_genion	0.0540541	21.9214	False_Call	positive	100GB	90%	false_fusion	PASS:RT
porechoptrimmed_Adapter_Spiked_Simulated_100GB_nanopore2023_Q90_genion	0.0192308	0	True_Recall	positive	100GB	90%	intra_chromosome	PASS:GF
porechoptrimmed_Adapter_Spiked_Simulated_100GB_nanopore2023_Q95_genion	0.00810517	77.9967	Partial_Recall	positive	100GB	95%	truncated_tri_fusion	PASS:GF
porechoptrimmed_Adapter_Spiked_Simulated_100GB_nanopore2023_Q95_genion	0.00838804	105.761	Partial_Recall	positive	100GB	95%	reverse_order: hybrid	PASS:GF
porechoptrimmed_Adapter_Spiked_Simulated_100GB_nanopore2023_Q95_genion	0.0178926	34.5242	Partial_Recall	positive	100GB	95%	reverse_order: read_through	PASS:GF
porechoptrimmed_Adapter_Spiked_Simulated_100GB_nanopore2023_Q95_genion	0.0122976	100.359	True_Recall	positive	100GB	95%	hybrid	PASS:GF
porechoptrimmed_Adapter_Spiked_Simulated_100GB_nanopore2023_Q95_genion	0.00956522	33.0533	False_Call	positive	100GB	95%	false_fusion	PASS:GF
porechoptrimmed_Adapter_Spiked_Simulated_100GB_nanopore2023_Q95_genion	0.0125104	41.9297	Partial_Recall	positive	100GB	95%	truncated_tri_fusion	PASS:GF
porechoptrimmed_Adapter_Spiked_Simulated_100GB_nanopore2023_Q95_genion	0.0169865	72.2922	False_Call	positive	100GB	95%	false_fusion	PASS:GF
porechoptrimmed_Adapter_Spiked_Simulated_100GB_nanopore2023_Q95_genion	0.0649351	45.0846	Partial_Recall	positive	100GB	95%	truncated_tri_fusion	PASS:GF
porechoptrimmed_Adapter_Spiked_Simulated_100GB_nanopore2023_Q95_genion	0.022677	233.105	True_Recall	positive	100GB	95%	hybrid	PASS:GF
porechoptrimmed_Adapter_Spiked_Simulated_100GB_nanopore2023_Q95_genion	0.0166568	40.5405	Partial_Recall	positive	100GB	95%	reverse_order: read_through	PASS:GF
porechoptrimmed_Adapter_Spiked_Simulated_100GB_nanopore2023_Q95_genion	0.0124756	18.073	True_Recall	positive	100GB	95%	intra_chromosome	PASS:GF
porechoptrimmed_Adapter_Spiked_Simulated_100GB_nanopore2023_Q95_genion	0.00226017	69.0485	False_Call	positive	100GB	95%	false_fusion	PASS:RT
porechoptrimmed_Adapter_Spiked_Simulated_100GB_nanopore2023_Q95_genion	0.00304823	84.9453	Partial_Recall	positive	100GB	95%	reverse_order:truncated_tri_fusion	PASS:GF
porechoptrimmed_Adapter_Spiked_Simulated_100GB_nanopore2023_Q95_genion	0.00340868	28.4588	Partial_Recall	positive	100GB	95%	truncated_tri_fusion	PASS:GF
porechoptrimmed_Adapter_Spiked_Simulated_100GB_nanopore2023_Q95_genion	0.0456026	302.144	True_Recall	positive	100GB	95%	hybrid	PASS:GF
porechoptrimmed_Adapter_Spiked_Simulated_100GB_nanopore2023_Q95_genion	3.1796e-5	13.3078	False_Call	positive	100GB	95%	false_fusion	PASS:RT
porechoptrimmed_Adapter_Spiked_Simulated_100GB_nanopore2023_Q95_genion	0.0327869	218.064	Partial_Recall	positive	100GB	95%	reverse_order: intra_chromosome	PASS:GF
porechoptrimmed_Adapter_Spiked_Simulated_100GB_nanopore2023_Q95_genion	0.0150716	191.51	Partial_Recall	positive	100GB	95%	truncated_tri_fusion	PASS:GF
porechoptrimmed_Adapter_Spiked_Simulated_100GB_nanopore2023_Q95_genion	0.00939794	41.8053	Partial_Recall	positive	100GB	95%	reverse_order:truncated_tri_fusion	PASS:GF
porechoptrimmed_Adapter_Spiked_Simulated_100GB_nanopore2023_Q95_genion	0.00700753	46.3651	Partial_Recall	positive	100GB	95%	wrong_order:tri_fusion	PASS:GF
porechoptrimmed_Adapter_Spiked_Simulated_100GB_nanopore2023_Q95_genion	0.0790378	180.149	Partial_Recall	positive	100GB	95%	truncated_tri_fusion	PASS:GF
porechoptrimmed_Adapter_Spiked_Simulated_100GB_nanopore2023_Q95_genion	0.0214109	78.0786	Partial_Recall	positive	100GB	95%	wrong_order:tri_fusion	PASS:GF
porechoptrimmed_Adapter_Spiked_Simulated_100GB_nanopore2023_Q95_genion	0.00281558	16.4512	False_Call	positive	100GB	95%	false_fusion	PASS:RT
porechoptrimmed_Adapter_Spiked_Simulated_100GB_nanopore2023_Q95_genion	0.0180212	34.7336	Partial_Recall	positive	100GB	95%	wrong_order:tri_fusion	PASS:GF
porechoptrimmed_Adapter_Spiked_Simulated_100GB_nanopore2023_Q95_genion	0.0233738	474.424	True_Recall	positive	100GB	95%	hybrid	PASS:GF
porechoptrimmed_Adapter_Spiked_Simulated_100GB_nanopore2023_Q95_genion	0.0367937	138.768	Partial_Recall	positive	100GB	95%	reverse_order: read_through	PASS:GF
porechoptrimmed_Adapter_Spiked_Simulated_100GB_nanopore2023_Q95_genion	0.0154362	175.481	False_Call	positive	100GB	95%	false_fusion	PASS:GF
porechoptrimmed_Adapter_Spiked_Simulated_100GB_nanopore2023_Q95_genion	0.0682226	9.91199	True_Recall	positive	100GB	95%	hybrid	PASS:GF
porechoptrimmed_Adapter_Spiked_Simulated_100GB_nanopore2023_Q95_genion	0.0488263	228.088	Partial_Recall	positive	100GB	95%	reverse_order:truncated_tri_fusion	PASS:GF
porechoptrimmed_Adapter_Spiked_Simulated_100GB_nanopore2023_Q95_genion	0.0163934	9.57552	Partial_Recall	positive	100GB	95%	reverse_order: hybrid	PASS:GF
porechoptrimmed_Adapter_Spiked_Simulated_100GB_nanopore2023_Q95_genion	0.0239044	107.398	Partial_Recall	positive	100GB	95%	reverse_order:truncated_tri_fusion	PASS:GF
porechoptrimmed_Adapter_Spiked_Simulated_100GB_nanopore2023_Q95_genion	0.0124095	27.0714	Partial_Recall	positive	100GB	95%	wrong_order:tri_fusion	PASS:GF
porechoptrimmed_Adapter_Spiked_Simulated_100GB_nanopore2023_Q95_genion	0.028436	29.2669	Partial_Recall	positive	100GB	95%	truncated_tri_fusion	PASS:GF
porechoptrimmed_Adapter_Spiked_Simulated_100GB_nanopore2023_Q95_genion	0.0114833	88.2741	Partial_Recall	positive	100GB	95%	reverse_order:truncated_tri_fusion	PASS:GF
porechoptrimmed_Adapter_Spiked_Simulated_100GB_nanopore2023_Q95_genion	0.00598973	104.986	Partial_Recall	positive	100GB	95%	reverse_order: hybrid	PASS:GF
porechoptrimmed_Adapter_Spiked_Simulated_100GB_nanopore2023_Q95_genion	0.0144479	138.044	Partial_Recall	positive	100GB	95%	reverse_order: intra_chromosome	PASS:GF
porechoptrimmed_Adapter_Spiked_Simulated_100GB_nanopore2023_Q95_genion	0.0152196	89.3226	False_Call	positive	100GB	95%	false_fusion	PASS:GF
porechoptrimmed_Adapter_Spiked_Simulated_100GB_nanopore2023_Q95_genion	0.0289555	249.05	Partial_Recall	positive	100GB	95%	reverse_order:truncated_tri_fusion	PASS:GF
porechoptrimmed_Adapter_Spiked_Simulated_100GB_nanopore2023_Q95_genion	0.0143345	99.7267	Partial_Recall	positive	100GB	95%	wrong_order:tri_fusion	PASS:GF
porechoptrimmed_Adapter_Spiked_Simulated_100GB_nanopore2023_Q95_genion	0.0208974	155.1	True_Recall	positive	100GB	95%	intra_chromosome	PASS:GF
porechoptrimmed_Adapter_Spiked_Simulated_100GB_nanopore2023_Q95_genion	0.00472538	166.544	Partial_Recall	positive	100GB	95%	wrong_order:tri_fusion	PASS:GF
porechoptrimmed_Adapter_Spiked_Simulated_100GB_nanopore2023_Q95_genion	0.0209713	160.177	Partial_Recall	positive	100GB	95%	reverse_order:truncated_tri_fusion	PASS:GF
porechoptrimmed_Adapter_Spiked_Simulated_100GB_nanopore2023_Q95_genion	0.00438256	285.395	True_Recall	positive	100GB	95%	intra_chromosome	PASS:GF
porechoptrimmed_Adapter_Spiked_Simulated_100GB_nanopore2023_Q95_genion	0.0533333	267.624	True_Recall	positive	100GB	95%	intra_chromosome	PASS:GF
porechoptrimmed_Adapter_Spiked_Simulated_100GB_nanopore2023_Q95_genion	0.164179	552.409	True_Recall	positive	100GB	95%	read_through	PASS:GF
porechoptrimmed_Adapter_Spiked_Simulated_100GB_nanopore2023_Q95_genion	0.031941	0	Partial_Recall	positive	100GB	95%	reverse_order: intra_chromosome	PASS:GF
porechoptrimmed_Adapter_Spiked_Simulated_100GB_nanopore2023_Q95_genion	0.00495118	14.7886	Partial_Recall	positive	100GB	95%	truncated_tri_fusion	PASS:GF
porechoptrimmed_Adapter_Spiked_Simulated_100GB_nanopore2023_Q95_genion	0.00689007	59.1544	Partial_Recall	positive	100GB	95%	wrong_order:tri_fusion	PASS:GF
porechoptrimmed_Adapter_Spiked_Simulated_100GB_nanopore2023_Q95_genion	0.0194073	266.471	Partial_Recall	positive	100GB	95%	reverse_order: intra_chromosome	PASS:GF
porechoptrimmed_Adapter_Spiked_Simulated_100GB_nanopore2023_Q95_genion	0.113636	38.3564	False_Call	positive	100GB	95%	false_fusion	PASS:GF
porechoptrimmed_Adapter_Spiked_Simulated_100GB_nanopore2023_Q95_genion	0.113636	38.2511	Partial_Recall	positive	100GB	95%	reverse_order: read_through	PASS:GF
porechoptrimmed_Adapter_Spiked_Simulated_100GB_nanopore2023_Q95_genion	0.0756014	96.9472	False_Call	positive	100GB	95%	false_fusion	PASS:GF
porechoptrimmed_Adapter_Spiked_Simulated_100GB_nanopore2023_Q95_genion	0.0203692	126.141	Partial_Recall	positive	100GB	95%	reverse_order: intra_chromosome	PASS:GF
porechoptrimmed_Adapter_Spiked_Simulated_100GB_nanopore2023_Q95_genion	0.0170882	159.322	Partial_Recall	positive	100GB	95%	reverse_order: hybrid	PASS:GF
porechoptrimmed_Adapter_Spiked_Simulated_100GB_nanopore2023_Q95_genion	0.0417062	62.5369	Partial_Recall	positive	100GB	95%	reverse_order: intra_chromosome	PASS:GF
porechoptrimmed_Adapter_Spiked_Simulated_100GB_nanopore2023_Q95_genion	0.0560748	172.297	Partial_Recall	positive	100GB	95%	truncated_tri_fusion	PASS:GF
porechoptrimmed_Adapter_Spiked_Simulated_100GB_nanopore2023_Q95_genion	0.0250376	228.088	Partial_Recall	positive	100GB	95%	reverse_order: intra_chromosome	PASS:GF
porechoptrimmed_Adapter_Spiked_Simulated_100GB_nanopore2023_Q95_genion	0.00991736	33.5437	False_Call	positive	100GB	95%	false_fusion	PASS:RT
porechoptrimmed_Adapter_Spiked_Simulated_100GB_nanopore2023_Q95_genion	0.00477443	48.6996	Partial_Recall	positive	100GB	95%	wrong_order:tri_fusion	PASS:GF
porechoptrimmed_Adapter_Spiked_Simulated_100GB_nanopore2023_Q95_genion	0.00779133	126.511	Partial_Recall	positive	100GB	95%	reverse_order: intra_chromosome	PASS:GF
porechoptrimmed_Adapter_Spiked_Simulated_100GB_nanopore2023_Q95_genion	0.015988	67.0286	Partial_Recall	positive	100GB	95%	reverse_order: hybrid	PASS:GF
porechoptrimmed_Adapter_Spiked_Simulated_100GB_nanopore2023_Q95_genion	0.00524272	61.8072	Partial_Recall	positive	100GB	95%	wrong_order:tri_fusion	PASS:GF
porechoptrimmed_Adapter_Spiked_Simulated_100GB_nanopore2023_Q95_genion	0.0019976	34.8907	Partial_Recall	positive	100GB	95%	truncated_tri_fusion	PASS:GF
porechoptrimmed_Adapter_Spiked_Simulated_100GB_nanopore2023_Q95_genion	0.0744081	140.768	True_Recall	positive	100GB	95%	hybrid	PASS:GF
porechoptrimmed_Adapter_Spiked_Simulated_100GB_nanopore2023_Q95_genion	0.0361371	172.359	Partial_Recall	positive	100GB	95%	reverse_order: hybrid	PASS:GF
porechoptrimmed_Adapter_Spiked_Simulated_100GB_nanopore2023_Q95_genion	0.0164159	67.0286	False_Call	positive	100GB	95%	false_fusion	PASS:GF
porechoptrimmed_Adapter_Spiked_Simulated_100GB_nanopore2023_Q95_genion	0.00395111	27.1096	True_Recall	positive	100GB	95%	intra_chromosome	PASS:GF
porechoptrimmed_Adapter_Spiked_Simulated_100GB_nanopore2023_Q95_genion	0.0100409	74.4389	Partial_Recall	positive	100GB	95%	wrong_order:tri_fusion	PASS:GF
porechoptrimmed_Adapter_Spiked_Simulated_100GB_nanopore2023_Q95_genion	0.00677966	75.141	Partial_Recall	positive	100GB	95%	reverse_order:truncated_tri_fusion	PASS:GF
porechoptrimmed_Adapter_Spiked_Simulated_100GB_nanopore2023_Q95_genion	0.0206897	39.648	True_Recall	positive	100GB	95%	intra_chromosome	PASS:GF
porechoptrimmed_Adapter_Spiked_Simulated_100GB_nanopore2023_Q95_genion	0.0211002	155.675	True_Recall	positive	100GB	95%	read_through	PASS:RT
porechoptrimmed_Adapter_Spiked_Simulated_100GB_nanopore2023_Q95_genion	0.0108334	299.655	True_Recall	positive	100GB	95%	read_through	PASS:GF
porechoptrimmed_Adapter_Spiked_Simulated_100GB_nanopore2023_Q95_genion	0.0688259	48.6483	True_Recall	positive	100GB	95%	hybrid	PASS:GF
porechoptrimmed_Adapter_Spiked_Simulated_100GB_nanopore2023_Q95_genion	0.0963082	229.812	True_Recall	positive	100GB	95%	hybrid	PASS:GF
porechoptrimmed_Adapter_Spiked_Simulated_100GB_nanopore2023_Q95_genion	0.0581242	363.87	Partial_Recall	positive	100GB	95%	reverse_order: intra_chromosome	PASS:GF
porechoptrimmed_Adapter_Spiked_Simulated_100GB_nanopore2023_Q95_genion	0.0251018	279.726	Partial_Recall	positive	100GB	95%	reverse_order: intra_chromosome	PASS:GF
porechoptrimmed_Adapter_Spiked_Simulated_100GB_nanopore2023_Q95_genion	0.00173913	19.4593	False_Call	positive	100GB	95%	false_fusion	PASS:RT
porechoptrimmed_Adapter_Spiked_Simulated_100GB_nanopore2023_Q95_genion	0.0811808	194.909	Partial_Recall	positive	100GB	95%	reverse_order: hybrid	PASS:GF
porechoptrimmed_Adapter_Spiked_Simulated_100GB_nanopore2023_Q95_genion	0.0224949	181.793	True_Recall	positive	100GB	95%	hybrid	PASS:GF
porechoptrimmed_Adapter_Spiked_Simulated_100GB_nanopore2023_Q95_genion	0.0290076	158.524	False_Call	positive	100GB	95%	false_fusion	PASS:GF
porechoptrimmed_Adapter_Spiked_Simulated_100GB_nanopore2023_Q95_genion	0.0185874	30.4054	True_Recall	positive	100GB	95%	hybrid	PASS:GF
porechoptrimmed_Adapter_Spiked_Simulated_100GB_nanopore2023_Q95_genion	0.184805	456.081	Partial_Recall	positive	100GB	95%	reverse_order: read_through	PASS:GF
porechoptrimmed_Adapter_Spiked_Simulated_100GB_nanopore2023_Q95_genion	0.0323015	173.253	True_Recall	positive	100GB	95%	read_through	PASS:GF
porechoptrimmed_Adapter_Spiked_Simulated_100GB_nanopore2023_Q95_genion	0.0198238	24.9077	Partial_Recall	positive	100GB	95%	wrong_order:tri_fusion	PASS:GF
porechoptrimmed_Adapter_Spiked_Simulated_100GB_nanopore2023_Q95_genion	0.00629564	0	Partial_Recall	positive	100GB	95%	truncated_tri_fusion	PASS:GF
porechoptrimmed_Adapter_Spiked_Simulated_100GB_nanopore2023_Q95_genion	0.0152818	39.5526	Partial_Recall	positive	100GB	95%	reverse_order:truncated_tri_fusion	PASS:GF
porechoptrimmed_Adapter_Spiked_Simulated_100GB_nanopore2023_Q95_genion	0.0515222	99.1199	Partial_Recall	positive	100GB	95%	reverse_order: hybrid	PASS:GF
porechoptrimmed_Adapter_Spiked_Simulated_100GB_nanopore2023_Q95_genion	0.0345395	176.105	Partial_Recall	positive	100GB	95%	reverse_order: intra_chromosome	PASS:GF
porechoptrimmed_Adapter_Spiked_Simulated_100GB_nanopore2023_Q95_genion	0.0127903	74.5936	True_Recall	positive	100GB	95%	intra_chromosome	PASS:GF
porechoptrimmed_Adapter_Spiked_Simulated_100GB_nanopore2023_Q95_genion	0.0173107	103.862	True_Recall	positive	100GB	95%	intra_chromosome	PASS:GF
porechoptrimmed_Adapter_Spiked_Simulated_100GB_nanopore2023_Q95_genion	0.00792079	50.5823	Partial_Recall	positive	100GB	95%	truncated_tri_fusion	PASS:GF
porechoptrimmed_Adapter_Spiked_Simulated_100GB_nanopore2023_Q95_genion	0.0516963	111.89	True_Recall	positive	100GB	95%	hybrid	PASS:GF
porechoptrimmed_Adapter_Spiked_Simulated_100GB_nanopore2023_Q95_genion	0.0695187	0	Partial_Recall	positive	100GB	95%	wrong_order:tri_fusion	PASS:GF
porechoptrimmed_Adapter_Spiked_Simulated_100GB_nanopore2023_Q95_genion	0.0242558	29.5132	Partial_Recall	positive	100GB	95%	truncated_tri_fusion	PASS:GF
porechoptrimmed_Adapter_Spiked_Simulated_100GB_nanopore2023_Q95_genion	0.0658009	250.148	True_Recall	positive	100GB	95%	intra_chromosome	PASS:GF
porechoptrimmed_Adapter_Spiked_Simulated_100GB_nanopore2023_Q95_genion	0.0437956	58.378	Partial_Recall	positive	100GB	95%	reverse_order: intra_chromosome	PASS:GF
porechoptrimmed_Adapter_Spiked_Simulated_100GB_nanopore2023_Q95_genion	0.0535714	229.812	True_Recall	positive	100GB	95%	hybrid	PASS:GF
porechoptrimmed_Adapter_Spiked_Simulated_100GB_nanopore2023_Q95_genion	0.00506543	56.6121	Partial_Recall	positive	100GB	95%	reverse_order: intra_chromosome	PASS:GF
porechoptrimmed_Adapter_Spiked_Simulated_100GB_nanopore2023_Q95_genion	0.0600375	108.973	False_Call	positive	100GB	95%	false_fusion	PASS:GF
porechoptrimmed_Adapter_Spiked_Simulated_100GB_nanopore2023_Q95_genion	0.0553506	111.525	False_Call	positive	100GB	95%	false_fusion	PASS:GF
porechoptrimmed_Adapter_Spiked_Simulated_100GB_nanopore2023_Q95_genion	8.10833e-4	43.4411	False_Call	positive	100GB	95%	false_fusion	PASS:RT
porechoptrimmed_Adapter_Spiked_Simulated_100GB_nanopore2023_Q95_genion	0.0172096	353.873	Partial_Recall	positive	100GB	95%	reverse_order:truncated_tri_fusion	PASS:GF
porechoptrimmed_Adapter_Spiked_Simulated_100GB_nanopore2023_Q95_genion	0.0330033	31.2685	Partial_Recall	positive	100GB	95%	reverse_order: read_through	PASS:GF
porechoptrimmed_Adapter_Spiked_Simulated_100GB_nanopore2023_Q95_genion	0.00564972	244.624	False_Call	positive	100GB	95%	false_fusion	PASS:GF
porechoptrimmed_Adapter_Spiked_Simulated_100GB_nanopore2023_Q95_genion	0.040414	132.188	True_Recall	positive	100GB	95%	intra_chromosome	PASS:GF
porechoptrimmed_Adapter_Spiked_Simulated_100GB_nanopore2023_Q95_genion	0.00411241	18.2471	False_Call	positive	100GB	95%	false_fusion	PASS:RT
porechoptrimmed_Adapter_Spiked_Simulated_100GB_nanopore2023_Q95_genion	0.0223426	171.243	Partial_Recall	positive	100GB	95%	wrong_order:tri_fusion	PASS:GF
porechoptrimmed_Adapter_Spiked_Simulated_100GB_nanopore2023_Q95_genion	0.00193827	84.7691	False_Call	positive	100GB	95%	false_fusion	PASS:RT
porechoptrimmed_Adapter_Spiked_Simulated_100GB_nanopore2023_Q95_genion	0.00467836	78.6718	Partial_Recall	positive	100GB	95%	reverse_order:tri_fusion	PASS:GF
porechoptrimmed_Adapter_Spiked_Simulated_100GB_nanopore2023_Q95_genion	0.00644468	101.778	Partial_Recall	positive	100GB	95%	truncated_tri_fusion	PASS:GF
porechoptrimmed_Adapter_Spiked_Simulated_100GB_nanopore2023_Q95_genion	0.0291457	93.8054	True_Recall	positive	100GB	95%	hybrid	PASS:GF
porechoptrimmed_Adapter_Spiked_Simulated_100GB_nanopore2023_Q95_genion	0.135182	422.303	True_Recall	positive	100GB	95%	hybrid	PASS:GF
porechoptrimmed_Adapter_Spiked_Simulated_100GB_nanopore2023_Q95_genion	0.0077427	22.6534	Partial_Recall	positive	100GB	95%	truncated_tri_fusion	PASS:GF
porechoptrimmed_Adapter_Spiked_Simulated_100GB_nanopore2023_Q95_genion	0.0125074	155.969	Partial_Recall	positive	100GB	95%	wrong_order:tri_fusion	PASS:GF
porechoptrimmed_Adapter_Spiked_Simulated_100GB_nanopore2023_Q95_genion	0.0154113	88.8237	Partial_Recall	positive	100GB	95%	reverse_order: intra_chromosome	PASS:GF
porechoptrimmed_Adapter_Spiked_Simulated_100GB_nanopore2023_Q95_genion	0.00859711	0	Partial_Recall	positive	100GB	95%	truncated_tri_fusion	PASS:GF
porechoptrimmed_Adapter_Spiked_Simulated_100GB_nanopore2023_Q95_genion	0.0120306	0	Partial_Recall	positive	100GB	95%	wrong_order:tri_fusion	PASS:GF
porechoptrimmed_Adapter_Spiked_Simulated_100GB_nanopore2023_Q95_genion	0.00874954	0	Partial_Recall	positive	100GB	95%	reverse_order:truncated_tri_fusion	PASS:GF
porechoptrimmed_Adapter_Spiked_Simulated_100GB_nanopore2023_Q95_genion	0.0877743	249.05	True_Recall	positive	100GB	95%	intra_chromosome	PASS:GF
porechoptrimmed_Adapter_Spiked_Simulated_100GB_nanopore2023_Q95_genion	0.0844595	192.869	Partial_Recall	positive	100GB	95%	reverse_order:truncated_tri_fusion	PASS:GF
porechoptrimmed_Adapter_Spiked_Simulated_100GB_nanopore2023_Q95_genion	0.0447761	79.1051	Partial_Recall	positive	100GB	95%	reverse_order:truncated_tri_fusion	PASS:GF
porechoptrimmed_Adapter_Spiked_Simulated_100GB_nanopore2023_Q95_genion	0.0273365	53.7389	Partial_Recall	positive	100GB	95%	truncated_tri_fusion	PASS:GF
porechoptrimmed_Adapter_Spiked_Simulated_100GB_nanopore2023_Q95_genion	0.0118281	325.568	Partial_Recall	positive	100GB	95%	reverse_order: hybrid	PASS:GF
porechoptrimmed_Adapter_Spiked_Simulated_100GB_nanopore2023_Q95_genion	0.168539	0	Partial_Recall	positive	100GB	95%	wrong_order:tri_fusion	PASS:GF
porechoptrimmed_Adapter_Spiked_Simulated_100GB_nanopore2023_Q95_genion	0.213483	73.703	Partial_Recall	positive	100GB	95%	truncated_tri_fusion	PASS:GF
porechoptrimmed_Adapter_Spiked_Simulated_100GB_nanopore2023_Q95_genion	0.00498753	72.787	False_Call	positive	100GB	95%	false_fusion	PASS:GF
porechoptrimmed_Adapter_Spiked_Simulated_100GB_nanopore2023_Q95_genion	0.0162578	70.4409	Partial_Recall	positive	100GB	95%	reverse_order:tri_fusion	PASS:GF
porechoptrimmed_Adapter_Spiked_Simulated_100GB_nanopore2023_Q95_genion	0.00791258	136.411	Partial_Recall	positive	100GB	95%	truncated_tri_fusion	PASS:GF
porechoptrimmed_Adapter_Spiked_Simulated_100GB_nanopore2023_Q95_genion	0.00772439	201.223	Partial_Recall	positive	100GB	95%	reverse_order: intra_chromosome	PASS:GF
porechoptrimmed_Adapter_Spiked_Simulated_100GB_nanopore2023_Q95_genion	0.0171165	100.584	Partial_Recall	positive	100GB	95%	reverse_order:truncated_tri_fusion	PASS:GF
porechoptrimmed_Adapter_Spiked_Simulated_100GB_nanopore2023_Q95_genion	0.0339168	194.099	Partial_Recall	positive	100GB	95%	wrong_order:tri_fusion	PASS:GF
porechoptrimmed_Adapter_Spiked_Simulated_100GB_nanopore2023_Q95_genion	0.00991633	113.735	Partial_Recall	positive	100GB	95%	reverse_order:truncated_tri_fusion	PASS:GF
porechoptrimmed_Adapter_Spiked_Simulated_100GB_nanopore2023_Q95_genion	0.164319	364.799	Partial_Recall	positive	100GB	95%	reverse_order: read_through	PASS:GF
porechoptrimmed_Adapter_Spiked_Simulated_100GB_nanopore2023_Q95_genion	0.00874352	14.2294	Partial_Recall	positive	100GB	95%	wrong_order:tri_fusion	PASS:GF
porechoptrimmed_Adapter_Spiked_Simulated_100GB_nanopore2023_Q95_genion	0.0220143	51.7863	True_Recall	positive	100GB	95%	intra_chromosome	PASS:GF
porechoptrimmed_Adapter_Spiked_Simulated_100GB_nanopore2023_Q95_genion	0.0349813	0	False_Call	positive	100GB	95%	false_fusion	PASS:GF
porechoptrimmed_Adapter_Spiked_Simulated_100GB_nanopore2023_Q95_genion	0.0118133	25.912	Partial_Recall	positive	100GB	95%	reverse_order: hybrid	PASS:GF
porechoptrimmed_Adapter_Spiked_Simulated_100GB_nanopore2023_Q95_genion	0.0234628	143.294	Partial_Recall	positive	100GB	95%	reverse_order: hybrid	PASS:GF
porechoptrimmed_Adapter_Spiked_Simulated_100GB_nanopore2023_Q95_genion	0.00734394	30.5184	Partial_Recall	positive	100GB	95%	wrong_order:tri_fusion	PASS:GF
porechoptrimmed_Adapter_Spiked_Simulated_100GB_nanopore2023_Q95_genion	0.024	22.6534	False_Call	positive	100GB	95%	false_fusion	PASS:RT
porechoptrimmed_Adapter_Spiked_Simulated_100GB_nanopore2023_Q95_genion	0.00758534	31.2685	False_Call	positive	100GB	95%	false_fusion	PASS:RT
porechoptrimmed_Adapter_Spiked_Simulated_100GB_nanopore2023_Q95_genion	0.0477915	0	True_Recall	positive	100GB	95%	intra_chromosome	PASS:GF
porechoptrimmed_Adapter_Spiked_Simulated_100GB_nanopore2023_Q95_genion	0.0026657	83.7035	Partial_Recall	positive	100GB	95%	truncated_tri_fusion	PASS:GF
porechoptrimmed_Adapter_Spiked_Simulated_100GB_nanopore2023_Q95_genion	0.00538987	0	Partial_Recall	positive	100GB	95%	wrong_order:tri_fusion	PASS:GF
porechoptrimmed_Adapter_Spiked_Simulated_100GB_nanopore2023_Q95_genion	0.0140704	64.9697	True_Recall	positive	100GB	95%	intra_chromosome	PASS:GF
porechoptrimmed_Adapter_Spiked_Simulated_100GB_nanopore2023_Q95_genion	0.00855365	66.5487	Partial_Recall	positive	100GB	95%	reverse_order:truncated_tri_fusion	PASS:GF
porechoptrimmed_Adapter_Spiked_Simulated_100GB_nanopore2023_Q95_genion	0.0014404	0	True_Recall	positive	100GB	95%	read_through	PASS:RT
porechoptrimmed_Adapter_Spiked_Simulated_100GB_nanopore2023_Q95_genion	0.00462517	88.8237	False_Call	positive	100GB	95%	false_fusion	PASS:RT
porechoptrimmed_Adapter_Spiked_Simulated_100GB_nanopore2023_Q95_genion	0.0253538	173.347	True_Recall	positive	100GB	95%	hybrid	PASS:GF
porechoptrimmed_Adapter_Spiked_Simulated_100GB_nanopore2023_Q95_genion	0.0103359	31.4315	Partial_Recall	positive	100GB	95%	truncated_tri_fusion	PASS:GF
porechoptrimmed_Adapter_Spiked_Simulated_100GB_nanopore2023_Q95_genion	0.0230088	200.584	Partial_Recall	positive	100GB	95%	reverse_order:truncated_tri_fusion	PASS:GF
porechoptrimmed_Adapter_Spiked_Simulated_100GB_nanopore2023_Q95_genion	0.0268097	24.5677	Partial_Recall	positive	100GB	95%	truncated_tri_fusion	PASS:GF
porechoptrimmed_Adapter_Spiked_Simulated_100GB_nanopore2023_Q95_genion	0.0105034	26.2465	True_Recall	positive	100GB	95%	intra_chromosome	PASS:GF
porechoptrimmed_Adapter_Spiked_Simulated_100GB_nanopore2023_Q95_genion	0.0160441	287.266	True_Recall	positive	100GB	95%	intra_chromosome	PASS:GF
porechoptrimmed_Adapter_Spiked_Simulated_100GB_nanopore2023_Q95_genion	0.259887	249.05	False_Call	positive	100GB	95%	false_fusion	PASS:GF
porechoptrimmed_Adapter_Spiked_Simulated_100GB_nanopore2023_Q95_genion	0.0300395	75.798	True_Recall	positive	100GB	95%	read_through	PASS:GF
porechoptrimmed_Adapter_Spiked_Simulated_100GB_nanopore2023_Q95_genion	3.29288e-4	178.432	True_Recall	positive	100GB	95%	hybrid	PASS:GF
porechoptrimmed_Adapter_Spiked_Simulated_100GB_nanopore2023_Q95_genion	0.0546448	153.426	Partial_Recall	positive	100GB	95%	reverse_order: hybrid	PASS:GF
porechoptrimmed_Adapter_Spiked_Simulated_100GB_nanopore2023_Q95_genion	0.0630303	38.3021	Partial_Recall	positive	100GB	95%	truncated_tri_fusion	PASS:GF
porechoptrimmed_Adapter_Spiked_Simulated_100GB_nanopore2023_Q95_genion	0.0156863	326.095	True_Recall	positive	100GB	95%	hybrid	PASS:GF
porechoptrimmed_Adapter_Spiked_Simulated_100GB_nanopore2023_Q95_genion	0.0561555	188.086	Partial_Recall	positive	100GB	95%	reverse_order:truncated_tri_fusion	PASS:GF
porechoptrimmed_Adapter_Spiked_Simulated_100GB_nanopore2023_Q95_genion	0.0301811	48.6483	Partial_Recall	positive	100GB	95%	reverse_order:truncated_tri_fusion	PASS:GF
porechoptrimmed_Adapter_Spiked_Simulated_100GB_nanopore2023_Q95_genion	2.602e-5	63.5495	False_Call	positive	100GB	95%	false_fusion	PASS:GF
porechoptrimmed_Adapter_Spiked_Simulated_100GB_nanopore2023_Q95_genion	0.0634921	291.839	Partial_Recall	positive	100GB	95%	reverse_order:truncated_tri_fusion	PASS:GF
porechoptrimmed_Adapter_Spiked_Simulated_100GB_nanopore2023_Q95_genion	0.0176791	73.7508	True_Recall	positive	100GB	95%	hybrid	PASS:GF
porechoptrimmed_Adapter_Spiked_Simulated_100GB_nanopore2023_Q95_genion	0.0310136	263.284	False_Call	positive	100GB	95%	false_fusion	PASS:GF
porechoptrimmed_Adapter_Spiked_Simulated_100GB_nanopore2023_Q95_genion	0.0152861	79.9413	True_Recall	positive	100GB	95%	read_through	PASS:GF
porechoptrimmed_Adapter_Spiked_Simulated_100GB_nanopore2023_Q95_genion	0.014063	73.6255	Partial_Recall	positive	100GB	95%	reverse_order:truncated_tri_fusion	PASS:GF
porechoptrimmed_Adapter_Spiked_Simulated_100GB_nanopore2023_Q95_genion	0.0627451	77.8374	False_Call	positive	100GB	95%	false_fusion	PASS:GF
porechoptrimmed_Adapter_Spiked_Simulated_100GB_nanopore2023_Q95_genion	0.00194799	24.5677	False_Call	positive	100GB	95%	false_fusion	PASS:GF
porechoptrimmed_Adapter_Spiked_Simulated_100GB_nanopore2023_Q95_genion	0.00175319	0	True_Recall	positive	100GB	95%	hybrid	PASS:GF
porechoptrimmed_Adapter_Spiked_Simulated_100GB_nanopore2023_Q95_genion	4.85225e-4	70.4409	Partial_Recall	positive	100GB	95%	reverse_order: hybrid	PASS:GF
porechoptrimmed_Adapter_Spiked_Simulated_100GB_nanopore2023_Q95_genion	0.0244499	315.354	True_Recall	positive	100GB	95%	read_through	PASS:GF
porechoptrimmed_Adapter_Spiked_Simulated_100GB_nanopore2023_Q95_genion	0.0661157	0	True_Recall	positive	100GB	95%	read_through	PASS:GF
porechoptrimmed_Adapter_Spiked_Simulated_100GB_nanopore2023_Q95_genion	0.0473146	366.744	Partial_Recall	positive	100GB	95%	reverse_order: intra_chromosome	PASS:GF
porechoptrimmed_Adapter_Spiked_Simulated_100GB_nanopore2023_Q95_genion	0.0391349	369.727	Partial_Recall	positive	100GB	95%	reverse_order: hybrid	PASS:GF
porechoptrimmed_Adapter_Spiked_Simulated_100GB_nanopore2023_Q95_genion	0.0120337	0	False_Call	positive	100GB	95%	false_fusion	PASS:GF
porechoptrimmed_Adapter_Spiked_Simulated_100GB_nanopore2023_Q95_genion	0.0240674	0	False_Call	positive	100GB	95%	false_fusion	PASS:GF
porechoptrimmed_Adapter_Spiked_Simulated_100GB_nanopore2023_Q95_genion	0.0984183	39.5526	Partial_Recall	positive	100GB	95%	reverse_order:truncated_tri_fusion	PASS:GF
porechoptrimmed_Adapter_Spiked_Simulated_100GB_nanopore2023_Q95_genion	0.00765306	32.4848	False_Call	positive	100GB	95%	false_fusion	PASS:RT
porechoptrimmed_Adapter_Spiked_Simulated_100GB_nanopore2023_Q95_genion	3.72225e-5	0	False_Call	positive	100GB	95%	false_fusion	PASS:RT
porechoptrimmed_Adapter_Spiked_Simulated_100GB_nanopore2023_Q95_genion	0.0216763	85.8864	Partial_Recall	positive	100GB	95%	reverse_order:truncated_tri_fusion	PASS:GF
porechoptrimmed_Adapter_Spiked_Simulated_100GB_nanopore2023_Q95_genion	0.0059832	181.942	Partial_Recall	positive	100GB	95%	reverse_order:truncated_tri_fusion	PASS:GF
porechoptrimmed_Adapter_Spiked_Simulated_100GB_nanopore2023_Q95_genion	0.00729535	176.548	Partial_Recall	positive	100GB	95%	truncated_tri_fusion	PASS:GF
porechoptrimmed_Adapter_Spiked_Simulated_100GB_nanopore2023_Q95_genion	0.00503117	191.898	Partial_Recall	positive	100GB	95%	reverse_order: read_through	PASS:GF
porechoptrimmed_Adapter_Spiked_Simulated_100GB_nanopore2023_Q95_genion	0.00800139	30.6851	Partial_Recall	positive	100GB	95%	reverse_order:truncated_tri_fusion	PASS:GF
porechoptrimmed_Adapter_Spiked_Simulated_100GB_nanopore2023_Q95_genion	0.0862069	54.1607	Partial_Recall	positive	100GB	95%	truncated_tri_fusion	PASS:GF
porechoptrimmed_Adapter_Spiked_Simulated_100GB_nanopore2023_Q95_genion	0.0555556	21.6566	False_Call	positive	100GB	95%	false_fusion	PASS:RT
porechoptrimmed_Adapter_Spiked_Simulated_100GB_nanopore2023_Q95_genion	10	0	True_Recall	positive	100GB	95%	intra_chromosome	PASS:GF
porechoptrimmed_Adapter_Spiked_Simulated_100GB_nanopore2023_Q95_genion	0.0442105	218.064	Partial_Recall	positive	100GB	95%	reverse_order: intra_chromosome	PASS:GF
porechoptrimmed_Adapter_Spiked_Simulated_100GB_nanopore2023_Q95_genion	0.00129618	19.4593	False_Call	positive	100GB	95%	false_fusion	PASS:RT
porechoptrimmed_Adapter_Spiked_Simulated_100GB_nanopore2023_Q95_genion	0.00364491	36.2937	Partial_Recall	positive	100GB	95%	wrong_order:tri_fusion	PASS:GF
porechoptrimmed_Adapter_Spiked_Simulated_100GB_nanopore2023_Q95_genion	0.178947	71.6518	True_Recall	positive	100GB	95%	read_through	PASS:RT
porechoptrimmed_Adapter_Spiked_Simulated_100GB_nanopore2023_Q95_genion	0.103683	158.511	Partial_Recall	positive	100GB	95%	reverse_order: intra_chromosome	PASS:GF
porechoptrimmed_Adapter_Spiked_Simulated_100GB_nanopore2023_Q95_genion	0.00613497	72.787	Partial_Recall	positive	100GB	95%	reverse_order:truncated_tri_fusion	PASS:GF
porechoptrimmed_Adapter_Spiked_Simulated_100GB_nanopore2023_Q95_genion	0.0200702	171.54	False_Call	positive	100GB	95%	false_fusion	PASS:GF
porechoptrimmed_Adapter_Spiked_Simulated_100GB_nanopore2023_Q95_genion	0.18315	260.57	True_Recall	positive	100GB	95%	intra_chromosome	PASS:GF
porechoptrimmed_Adapter_Spiked_Simulated_100GB_nanopore2023_Q95_genion	0.846154	0	Partial_Recall	positive	100GB	95%	reverse_order: hybrid	PASS:GF
porechoptrimmed_Adapter_Spiked_Simulated_100GB_nanopore2023_Q95_genion	0.0812087	192.568	Partial_Recall	positive	100GB	95%	truncated_tri_fusion	PASS:GF
porechoptrimmed_Adapter_Spiked_Simulated_100GB_nanopore2023_Q95_genion	0.00643939	165.404	True_Recall	positive	100GB	95%	read_through	PASS:GF
porechoptrimmed_Adapter_Spiked_Simulated_100GB_nanopore2023_Q95_genion	0.0055325	59.6799	Partial_Recall	positive	100GB	95%	reverse_order: hybrid	PASS:GF
porechoptrimmed_Adapter_Spiked_Simulated_100GB_nanopore2023_Q95_genion	4.3977e-4	44.8703	False_Call	positive	100GB	95%	false_fusion	PASS:GF
porechoptrimmed_Adapter_Spiked_Simulated_100GB_nanopore2023_Q95_genion	0.0123537	8.81338	Partial_Recall	positive	100GB	95%	reverse_order:truncated_tri_fusion	PASS:GF
porechoptrimmed_Adapter_Spiked_Simulated_100GB_nanopore2023_Q95_genion	0.0404984	29.189	True_Recall	positive	100GB	95%	intra_chromosome	PASS:GF
porechoptrimmed_Adapter_Spiked_Simulated_100GB_nanopore2023_Q95_genion	0.333333	194.909	Partial_Recall	positive	100GB	95%	reverse_order: hybrid	PASS:GF
porechoptrimmed_Adapter_Spiked_Simulated_100GB_nanopore2023_Q95_genion	0.0215517	86.6263	Partial_Recall	positive	100GB	95%	reverse_order: read_through	PASS:GF
porechoptrimmed_Adapter_Spiked_Simulated_100GB_nanopore2023_Q95_genion	0.0735069	122.746	True_Recall	positive	100GB	95%	hybrid	PASS:GF
porechoptrimmed_Adapter_Spiked_Simulated_100GB_nanopore2023_Q95_genion	0.0635625	396.41	Partial_Recall	positive	100GB	95%	reverse_order: intra_chromosome	PASS:GF
porechoptrimmed_Adapter_Spiked_Simulated_100GB_nanopore2023_Q95_genion	0.0148837	66.4204	False_Call	positive	100GB	95%	false_fusion	PASS:GF
porechoptrimmed_Adapter_Spiked_Simulated_100GB_nanopore2023_Q95_genion	0.0177148	41.3167	False_Call	positive	100GB	95%	false_fusion	PASS:GF
porechoptrimmed_Adapter_Spiked_Simulated_100GB_nanopore2023_Q95_genion	0.0190476	20.8456	False_Call	positive	100GB	95%	false_fusion	PASS:RT
porechoptrimmed_Adapter_Spiked_Simulated_100GB_nanopore2023_Q95_genion	0.00734803	82.8569	Partial_Recall	positive	100GB	95%	reverse_order:truncated_tri_fusion	PASS:GF
porechoptrimmed_Adapter_Spiked_Simulated_100GB_nanopore2023_Q95_genion	0.00690846	9.72967	False_Call	positive	100GB	95%	false_fusion:self_misalignment	PASS:RT
porechoptrimmed_Adapter_Spiked_Simulated_100GB_nanopore2023_Q95_genion	0.00790514	0	False_Call	positive	100GB	95%	false_fusion	PASS:RT
porechoptrimmed_Adapter_Spiked_Simulated_100GB_nanopore2023_Q95_genion	0.00193479	233.392	False_Call	positive	100GB	95%	false_fusion	PASS:GF
porechoptrimmed_Adapter_Spiked_Simulated_100GB_nanopore2023_Q95_genion	0.11004800000000001	183.22	Partial_Recall	positive	100GB	95%	reverse_order: hybrid	PASS:GF
porechoptrimmed_Adapter_Spiked_Simulated_100GB_nanopore2023_Q95_genion	0.0938166	180.963	False_Call	positive	100GB	95%	false_fusion	PASS:GF
porechoptrimmed_Adapter_Spiked_Simulated_100GB_nanopore2023_Q95_genion	0.0641509	136.424	False_Call	positive	100GB	95%	false_fusion	PASS:GF
porechoptrimmed_Adapter_Spiked_Simulated_100GB_nanopore2023_Q95_genion	0.271429	157.003	False_Call	positive	100GB	95%	false_fusion	PASS:GF
porechoptrimmed_Adapter_Spiked_Simulated_100GB_nanopore2023_Q95_genion	0.0682927	111.525	Partial_Recall	positive	100GB	95%	reverse_order:truncated_tri_fusion	PASS:GF
porechoptrimmed_Adapter_Spiked_Simulated_100GB_nanopore2023_Q95_genion	0.00368545	411.879	False_Call	positive	100GB	95%	false_fusion	PASS:GF
porechoptrimmed_Adapter_Spiked_Simulated_100GB_nanopore2023_Q95_genion	9.92351e-4	50.693	False_Call	positive	100GB	95%	false_fusion	PASS:GF
porechoptrimmed_Adapter_Spiked_Simulated_100GB_nanopore2023_Q95_genion	0.0152964	32.4809	False_Call	positive	100GB	95%	false_fusion	PASS:GF
porechoptrimmed_Adapter_Spiked_Simulated_100GB_nanopore2023_Q95_genion	0.190184	238.222	False_Call	positive	100GB	95%	false_fusion	PASS:GF
porechoptrimmed_Adapter_Spiked_Simulated_100GB_nanopore2023_Q95_genion	0.101695	31.2685	True_Recall	positive	100GB	95%	read_through	PASS:RT
porechoptrimmed_Adapter_Spiked_Simulated_100GB_nanopore2023_Q95_genion	0.0681818	0	True_Recall	positive	100GB	95%	read_through	PASS:RT
porechoptrimmed_Adapter_Spiked_Simulated_100GB_nanopore2023_Q95_genion	0.752294	198.034	True_Recall	positive	100GB	95%	read_through	PASS:GF
porechoptrimmed_Adapter_Spiked_Simulated_100GB_nanopore2023_Q95_genion	0.231707	209.972	Partial_Recall	positive	100GB	95%	reverse_order: intra_chromosome	PASS:GF
porechoptrimmed_Adapter_Spiked_Simulated_100GB_nanopore2023_Q95_genion	0.0333333	0	Partial_Recall	positive	100GB	95%	reverse_order:truncated_tri_fusion	PASS:GF
porechoptrimmed_Adapter_Spiked_Simulated_100GB_nanopore2023_Q95_genion	0.233577	317.184	Partial_Recall	positive	100GB	95%	reverse_order:truncated_tri_fusion	PASS:GF
porechoptrimmed_Adapter_Spiked_Simulated_100GB_nanopore2023_Q95_genion	0.00933776	17.154	True_Recall	positive	100GB	95%	intra_chromosome	PASS:GF
porechoptrimmed_Adapter_Spiked_Simulated_100GB_nanopore2023_Q95_genion	0.111111	104.228	False_Call	positive	100GB	95%	false_fusion	PASS:GF
porechoptrimmed_Adapter_Spiked_Simulated_100GB_nanopore2023_Q95_genion	0.027972	125.074	Partial_Recall	positive	100GB	95%	reverse_order: hybrid	PASS:GF
porechoptrimmed_Adapter_Spiked_Simulated_100GB_nanopore2023_Q95_genion	0.225	91.2162	True_Recall	positive	100GB	95%	intra_chromosome	PASS:GF
porechoptrimmed_Adapter_Spiked_Simulated_100GB_nanopore2023_Q95_genion	0.0694444	71.0259	False_Call	positive	100GB	95%	false_fusion	PASS:GF
porechoptrimmed_Adapter_Spiked_Simulated_100GB_nanopore2023_Q95_genion	0.285714	109.31	False_Call	positive	100GB	95%	false_fusion	PASS:GF
porechoptrimmed_Adapter_Spiked_Simulated_100GB_nanopore2023_Q95_genion	0.123711	129.671	True_Recall	positive	100GB	95%	intra_chromosome	PASS:GF
porechoptrimmed_Adapter_Spiked_Simulated_100GB_nanopore2023_Q95_genion	0.285714	162.424	True_Recall	positive	100GB	95%	read_through	PASS:GF
porechoptrimmed_Adapter_Spiked_Simulated_100GB_nanopore2023_Q95_genion	12	0	Partial_Recall	positive	100GB	95%	reverse_order: intra_chromosome	PASS:GF
porechoptrimmed_Adapter_Spiked_Simulated_100GB_nanopore2023_Q95_genion	0.0149813	0	False_Call	positive	100GB	95%	false_fusion	PASS:RT
porechoptrimmed_Adapter_Spiked_Simulated_100GB_nanopore2023_Q95_genion	0.0311042	87.6269	Partial_Recall	positive	100GB	95%	truncated_tri_fusion	PASS:GF
porechoptrimmed_Adapter_Spiked_Simulated_100GB_nanopore2023_Q95_genion	0.0247788	82.1118	Partial_Recall	positive	100GB	95%	reverse_order: intra_chromosome	PASS:GF
porechoptrimmed_Adapter_Spiked_Simulated_100GB_nanopore2023_Q95_genion	0.231293	281.535	Partial_Recall	positive	100GB	95%	reverse_order: read_through	PASS:GF
porechoptrimmed_Adapter_Spiked_Simulated_100GB_nanopore2023_Q95_genion	0.0880914	281.535	True_Recall	positive	100GB	95%	hybrid	PASS:GF
porechoptrimmed_Adapter_Spiked_Simulated_100GB_nanopore2023_Q95_genion	0.0379507	76.7128	True_Recall	positive	100GB	95%	intra_chromosome	PASS:GF
porechoptrimmed_Adapter_Spiked_Simulated_100GB_nanopore2023_Q95_genion	0.08	260.57	True_Recall	positive	100GB	95%	read_through	PASS:GF
porechoptrimmed_Adapter_Spiked_Simulated_100GB_nanopore2023_Q95_genion	0.0338573	0	True_Recall	positive	100GB	95%	intra_chromosome	PASS:GF
porechoptrimmed_Adapter_Spiked_Simulated_100GB_nanopore2023_Q95_genion	0.0298396	37.8509	Partial_Recall	positive	100GB	95%	reverse_order: intra_chromosome	PASS:GF
porechoptrimmed_Adapter_Spiked_Simulated_100GB_nanopore2023_Q95_genion	1.75	9.72967	False_Call	positive	100GB	95%	false_fusion	PASS:GF
porechoptrimmed_Adapter_Spiked_Simulated_100GB_nanopore2023_Q95_genion	0.0485075	104.724	False_Call	positive	100GB	95%	false_fusion	PASS:GF
porechoptrimmed_Adapter_Spiked_Simulated_100GB_nanopore2023_Q95_genion	0.014944	0	False_Call	positive	100GB	95%	false_fusion	PASS:GF
porechoptrimmed_Adapter_Spiked_Simulated_100GB_nanopore2023_Q95_genion	0.194444	205.717	True_Recall	positive	100GB	95%	intra_chromosome	PASS:GF
porechoptrimmed_Adapter_Spiked_Simulated_100GB_nanopore2023_Q95_genion	0.0883534	91.3281	False_Call	positive	100GB	95%	false_fusion	PASS:GF
porechoptrimmed_Adapter_Spiked_Simulated_100GB_nanopore2023_Q95_genion	1.47073e-4	0	False_Call	positive	100GB	95%	false_fusion	PASS:RT
porechoptrimmed_Adapter_Spiked_Simulated_100GB_nanopore2023_Q95_genion	0.0059778	56.6121	True_Recall	positive	100GB	95%	intra_chromosome	PASS:GF
porechoptrimmed_Adapter_Spiked_Simulated_100GB_nanopore2023_Q95_genion	2.08	108.283	False_Call	positive	100GB	95%	false_fusion:self_misalignment	PASS:GF
porechoptrimmed_Adapter_Spiked_Simulated_100GB_nanopore2023_Q95_genion	0.0892388	184.081	Partial_Recall	positive	100GB	95%	reverse_order: intra_chromosome	PASS:GF
porechoptrimmed_Adapter_Spiked_Simulated_100GB_nanopore2023_Q95_genion	0.170213	15.2592	Partial_Recall	positive	100GB	95%	reverse_order:truncated_tri_fusion	PASS:GF
porechoptrimmed_Adapter_Spiked_Simulated_100GB_nanopore2023_Q95_genion	1.85185	10.4228	False_Call	positive	100GB	95%	false_fusion:self_misalignment	PASS:GF
porechoptrimmed_Adapter_Spiked_Simulated_100GB_nanopore2023_Q95_genion	0.0754717	19.4593	False_Call	positive	100GB	95%	false_fusion	PASS:RT
porechoptrimmed_Adapter_Spiked_Simulated_100GB_nanopore2023_Q95_genion	0.0150685	223.781	Partial_Recall	positive	100GB	95%	reverse_order: hybrid	PASS:GF
porechoptrimmed_Adapter_Spiked_Simulated_100GB_nanopore2023_Q95_genion	0.0227273	0	False_Call	positive	100GB	95%	false_fusion	PASS:RT
porechoptrimmed_Adapter_Spiked_Simulated_100GB_nanopore2023_Q95_genion	0.636364	145.919	True_Recall	positive	100GB	95%	hybrid	PASS:GF
porechoptrimmed_Adapter_Spiked_Simulated_100GB_nanopore2023_Q95_genion	12	0	False_Call	positive	100GB	95%	false_fusion:self_misalignment	PASS:GF
porechoptrimmed_Adapter_Spiked_Simulated_100GB_nanopore2023_Q95_genion	34	0	True_Recall	positive	100GB	95%	read_through	PASS:GF
porechoptrimmed_Adapter_Spiked_Simulated_100GB_nanopore2023_Q95_genion	0.0060423	0	False_Call	positive	100GB	95%	false_fusion	PASS:RT
porechoptrimmed_Adapter_Spiked_Simulated_100GB_nanopore2023_Q95_genion	0.107744	114.842	False_Call	positive	100GB	95%	false_fusion	PASS:GF
porechoptrimmed_Adapter_Spiked_Simulated_100GB_nanopore2023_Q95_genion	0.0224159	0	True_Recall	positive	100GB	95%	intra_chromosome	PASS:GF
porechoptrimmed_Adapter_Spiked_Simulated_100GB_nanopore2023_Q95_genion	0.0272727	110.2	True_Recall	positive	100GB	95%	intra_chromosome	PASS:GF
porechoptrimmed_Adapter_Spiked_Simulated_10GB_nanopore2023_Q85_genion	0.00631579	21.5203	False_Call	positive	10GB	85%	false_fusion	PASS:RT
porechoptrimmed_Adapter_Spiked_Simulated_10GB_nanopore2023_Q85_genion	0.0293578	27.1357	Partial_Recall	positive	10GB	85%	reverse_order: intra_chromosome	PASS:GF
porechoptrimmed_Adapter_Spiked_Simulated_10GB_nanopore2023_Q85_genion	0.0252101	18.0905	True_Recall	positive	10GB	85%	read_through	PASS:RT
porechoptrimmed_Adapter_Spiked_Simulated_10GB_nanopore2023_Q85_genion	0.18018	36.1809	True_Recall	positive	10GB	85%	intra_chromosome	PASS:GF
porechoptrimmed_Adapter_Spiked_Simulated_10GB_nanopore2023_Q85_genion	0.0244648	34.5591	False_Call	positive	10GB	85%	false_fusion	PASS:RT
porechoptrimmed_Adapter_Spiked_Simulated_10GB_nanopore2023_Q85_genion	0.0148148	37.7058	False_Call	positive	10GB	85%	false_fusion	PASS:RT
porechoptrimmed_Adapter_Spiked_Simulated_10GB_nanopore2023_Q85_genion	0.0312876	130.063	False_Call	positive	10GB	85%	false_fusion	PASS:RT
porechoptrimmed_Adapter_Spiked_Simulated_10GB_nanopore2023_Q85_genion	0.00211864	14.0607	False_Call	positive	10GB	85%	false_fusion	PASS:RT
porechoptrimmed_Adapter_Spiked_Simulated_10GB_nanopore2023_Q85_genion	0.0126183	17.2795	False_Call	positive	10GB	85%	false_fusion	PASS:RT
porechoptrimmed_Adapter_Spiked_Simulated_10GB_nanopore2023_Q85_genion	0.0264418	219.886	False_Call	positive	10GB	85%	false_fusion	PASS:GF
porechoptrimmed_Adapter_Spiked_Simulated_10GB_nanopore2023_Q85_genion	0.0127737	14.1435	False_Call	positive	10GB	85%	false_fusion	PASS:GF
porechoptrimmed_Adapter_Spiked_Simulated_10GB_nanopore2023_Q90_genion	0.0384615	35.8393	False_Call	positive	10GB	90%	false_fusion	PASS:GF
porechoptrimmed_Adapter_Spiked_Simulated_10GB_nanopore2023_Q90_genion	0.0233236	8.95983	Partial_Recall	positive	10GB	90%	reverse_order:truncated_tri_fusion	PASS:GF
porechoptrimmed_Adapter_Spiked_Simulated_10GB_nanopore2023_Q90_genion	0.0393701	35.8393	True_Recall	positive	10GB	90%	read_through	PASS:RT
porechoptrimmed_Adapter_Spiked_Simulated_10GB_nanopore2023_Q90_genion	0.00676819	35.8393	False_Call	positive	10GB	90%	false_fusion	PASS:RT
porechoptrimmed_Adapter_Spiked_Simulated_10GB_nanopore2023_Q90_genion	0.0109835	41.3334	False_Call	positive	10GB	90%	false_fusion	PASS:RT
porechoptrimmed_Adapter_Spiked_Simulated_10GB_nanopore2023_Q90_genion	0.0478469	39.3061	Partial_Recall	positive	10GB	90%	reverse_order:truncated_tri_fusion	PASS:GF
porechoptrimmed_Adapter_Spiked_Simulated_10GB_nanopore2023_Q90_genion	0.15873	0	Partial_Recall	positive	10GB	90%	truncated_tri_fusion	PASS:GF
porechoptrimmed_Adapter_Spiked_Simulated_10GB_nanopore2023_Q90_genion	2.33333	0	Partial_Recall	positive	10GB	90%	reverse_order: hybrid	PASS:GF
porechoptrimmed_Adapter_Spiked_Simulated_10GB_nanopore2023_Q90_genion	0.0121364	124.767	False_Call	positive	10GB	90%	false_fusion	PASS:GF
porechoptrimmed_Adapter_Spiked_Simulated_10GB_nanopore2023_Q90_genion	0.172414	0	True_Recall	positive	10GB	90%	read_through	PASS:RT
porechoptrimmed_Adapter_Spiked_Simulated_10GB_nanopore2023_Q90_genion	0.2	8.95983	True_Recall	positive	10GB	90%	read_through	PASS:RT
porechoptrimmed_Adapter_Spiked_Simulated_10GB_nanopore2023_Q90_genion	0.0191898	16.0871	True_Recall	positive	10GB	90%	intra_chromosome	PASS:GF
porechoptrimmed_Adapter_Spiked_Simulated_10GB_nanopore2023_Q95_genion	0.112	8.38769	Partial_Recall	positive	10GB	95%	truncated_tri_fusion	PASS:GF
porechoptrimmed_Adapter_Spiked_Simulated_10GB_nanopore2023_Q95_genion	0.0333333	8.38769	False_Call	positive	10GB	95%	false_fusion	PASS:RT
porechoptrimmed_Adapter_Spiked_Simulated_10GB_nanopore2023_Q95_genion	0.126984	52.7589	True_Recall	positive	10GB	95%	hybrid	PASS:GF
porechoptrimmed_Adapter_Spiked_Simulated_10GB_nanopore2023_Q95_genion	0.263158	43.9658	Partial_Recall	positive	10GB	95%	reverse_order: read_through	PASS:GF
porechoptrimmed_Adapter_Spiked_Simulated_10GB_nanopore2023_Q95_genion	0.0113422	17.5863	False_Call	positive	10GB	95%	false_fusion	PASS:RT
porechoptrimmed_Adapter_Spiked_Simulated_10GB_nanopore2023_Q95_genion	7.65585e-5	19.9049	False_Call	positive	10GB	95%	false_fusion	PASS:GF
porechoptrimmed_Adapter_Spiked_Simulated_10GB_nanopore2023_Q95_genion	0.148148	52.7589	Partial_Recall	positive	10GB	95%	reverse_order:truncated_tri_fusion	PASS:GF
porechoptrimmed_Adapter_Spiked_Simulated_10GB_nanopore2023_Q95_genion	0.0286533	41.9385	True_Recall	positive	10GB	95%	read_through	PASS:GF
porechoptrimmed_Adapter_Spiked_Simulated_10GB_nanopore2023_Q95_genion	0.175439	0	True_Recall	positive	10GB	95%	read_through	PASS:GF
porechoptrimmed_Adapter_Spiked_Simulated_10GB_nanopore2023_Q95_genion	0.110345	67.1015	Partial_Recall	positive	10GB	95%	reverse_order: intra_chromosome	PASS:GF
porechoptrimmed_Adapter_Spiked_Simulated_10GB_nanopore2023_Q95_genion	0.0571429	0	True_Recall	positive	10GB	95%	read_through	PASS:RT
porechoptrimmed_Adapter_Spiked_Simulated_10GB_nanopore2023_Q95_genion	0.888889	43.9658	True_Recall	positive	10GB	95%	read_through	PASS:GF
porechoptrimmed_Adapter_Spiked_Simulated_1GB_nanopore2023_Q85_genion	0.0408163	21.2274	False_Call	positive	1GB	85%	false_fusion	PASS:RT
