Platform	library_type	replicate	length_bin	percentile	mean_cov	n_transcripts
ONT	direct_cDNA	B1	1-2.5kb	0	0.133955	5720
ONT	direct_cDNA	B1	1-2.5kb	1	0.194309	5720
ONT	direct_cDNA	B1	1-2.5kb	2	0.239641	5720
ONT	direct_cDNA	B1	1-2.5kb	3	0.274436	5720
ONT	direct_cDNA	B1	1-2.5kb	4	0.301008	5720
ONT	direct_cDNA	B1	1-2.5kb	5	0.320403	5720
ONT	direct_cDNA	B1	1-2.5kb	6	0.336122	5720
ONT	direct_cDNA	B1	1-2.5kb	7	0.349696	5720
ONT	direct_cDNA	B1	1-2.5kb	8	0.360999	5720
ONT	direct_cDNA	B1	1-2.5kb	9	0.370454	5720
ONT	direct_cDNA	B1	1-2.5kb	10	0.379772	5720
ONT	direct_cDNA	B1	1-2.5kb	11	0.387706	5720
ONT	direct_cDNA	B1	1-2.5kb	12	0.395092	5720
ONT	direct_cDNA	B1	1-2.5kb	13	0.402404	5720
ONT	direct_cDNA	B1	1-2.5kb	14	0.409837	5720
ONT	direct_cDNA	B1	1-2.5kb	15	0.416616	5720
ONT	direct_cDNA	B1	1-2.5kb	16	0.422662	5720
ONT	direct_cDNA	B1	1-2.5kb	17	0.428863	5720
ONT	direct_cDNA	B1	1-2.5kb	18	0.434335	5720
ONT	direct_cDNA	B1	1-2.5kb	19	0.439522	5720
ONT	direct_cDNA	B1	1-2.5kb	20	0.44475	5720
ONT	direct_cDNA	B1	1-2.5kb	21	0.449738	5720
ONT	direct_cDNA	B1	1-2.5kb	22	0.454899	5720
ONT	direct_cDNA	B1	1-2.5kb	23	0.459197	5720
ONT	direct_cDNA	B1	1-2.5kb	24	0.463563	5720
ONT	direct_cDNA	B1	1-2.5kb	25	0.467202	5720
ONT	direct_cDNA	B1	1-2.5kb	26	0.470838	5720
ONT	direct_cDNA	B1	1-2.5kb	27	0.473829	5720
ONT	direct_cDNA	B1	1-2.5kb	28	0.476675	5720
ONT	direct_cDNA	B1	1-2.5kb	29	0.480235	5720
ONT	direct_cDNA	B1	1-2.5kb	30	0.483907	5720
ONT	direct_cDNA	B1	1-2.5kb	31	0.486206	5720
ONT	direct_cDNA	B1	1-2.5kb	32	0.488185	5720
ONT	direct_cDNA	B1	1-2.5kb	33	0.491137	5720
ONT	direct_cDNA	B1	1-2.5kb	34	0.493941	5720
ONT	direct_cDNA	B1	1-2.5kb	35	0.496278	5720
ONT	direct_cDNA	B1	1-2.5kb	36	0.498856	5720
ONT	direct_cDNA	B1	1-2.5kb	37	0.501861	5720
ONT	direct_cDNA	B1	1-2.5kb	38	0.503524	5720
ONT	direct_cDNA	B1	1-2.5kb	39	0.505329	5720
ONT	direct_cDNA	B1	1-2.5kb	40	0.506647	5720
ONT	direct_cDNA	B1	1-2.5kb	41	0.508035	5720
ONT	direct_cDNA	B1	1-2.5kb	42	0.5101	5720
ONT	direct_cDNA	B1	1-2.5kb	43	0.511799	5720
ONT	direct_cDNA	B1	1-2.5kb	44	0.513739	5720
ONT	direct_cDNA	B1	1-2.5kb	45	0.515632	5720
ONT	direct_cDNA	B1	1-2.5kb	46	0.517942	5720
ONT	direct_cDNA	B1	1-2.5kb	47	0.520344	5720
ONT	direct_cDNA	B1	1-2.5kb	48	0.522229	5720
ONT	direct_cDNA	B1	1-2.5kb	49	0.5243	5720
ONT	direct_cDNA	B1	1-2.5kb	50	0.526873	5720
ONT	direct_cDNA	B1	1-2.5kb	51	0.528782	5720
ONT	direct_cDNA	B1	1-2.5kb	52	0.530908	5720
ONT	direct_cDNA	B1	1-2.5kb	53	0.533616	5720
ONT	direct_cDNA	B1	1-2.5kb	54	0.53625	5720
ONT	direct_cDNA	B1	1-2.5kb	55	0.537226	5720
ONT	direct_cDNA	B1	1-2.5kb	56	0.539943	5720
ONT	direct_cDNA	B1	1-2.5kb	57	0.542159	5720
ONT	direct_cDNA	B1	1-2.5kb	58	0.544955	5720
ONT	direct_cDNA	B1	1-2.5kb	59	0.547234	5720
ONT	direct_cDNA	B1	1-2.5kb	60	0.548869	5720
ONT	direct_cDNA	B1	1-2.5kb	61	0.550966	5720
ONT	direct_cDNA	B1	1-2.5kb	62	0.553752	5720
ONT	direct_cDNA	B1	1-2.5kb	63	0.557064	5720
ONT	direct_cDNA	B1	1-2.5kb	64	0.559929	5720
ONT	direct_cDNA	B1	1-2.5kb	65	0.562268	5720
ONT	direct_cDNA	B1	1-2.5kb	66	0.564856	5720
ONT	direct_cDNA	B1	1-2.5kb	67	0.567839	5720
ONT	direct_cDNA	B1	1-2.5kb	68	0.570604	5720
ONT	direct_cDNA	B1	1-2.5kb	69	0.573539	5720
ONT	direct_cDNA	B1	1-2.5kb	70	0.576845	5720
ONT	direct_cDNA	B1	1-2.5kb	71	0.580658	5720
ONT	direct_cDNA	B1	1-2.5kb	72	0.583636	5720
ONT	direct_cDNA	B1	1-2.5kb	73	0.586743	5720
ONT	direct_cDNA	B1	1-2.5kb	74	0.59125	5720
ONT	direct_cDNA	B1	1-2.5kb	75	0.593335	5720
ONT	direct_cDNA	B1	1-2.5kb	76	0.597011	5720
ONT	direct_cDNA	B1	1-2.5kb	77	0.599969	5720
ONT	direct_cDNA	B1	1-2.5kb	78	0.603235	5720
ONT	direct_cDNA	B1	1-2.5kb	79	0.607072	5720
ONT	direct_cDNA	B1	1-2.5kb	80	0.610079	5720
ONT	direct_cDNA	B1	1-2.5kb	81	0.611766	5720
ONT	direct_cDNA	B1	1-2.5kb	82	0.613905	5720
ONT	direct_cDNA	B1	1-2.5kb	83	0.615795	5720
ONT	direct_cDNA	B1	1-2.5kb	84	0.618235	5720
ONT	direct_cDNA	B1	1-2.5kb	85	0.62222	5720
ONT	direct_cDNA	B1	1-2.5kb	86	0.625775	5720
ONT	direct_cDNA	B1	1-2.5kb	87	0.628394	5720
ONT	direct_cDNA	B1	1-2.5kb	88	0.629224	5720
ONT	direct_cDNA	B1	1-2.5kb	89	0.630071	5720
ONT	direct_cDNA	B1	1-2.5kb	90	0.629406	5720
ONT	direct_cDNA	B1	1-2.5kb	91	0.627448	5720
ONT	direct_cDNA	B1	1-2.5kb	92	0.62748	5720
ONT	direct_cDNA	B1	1-2.5kb	93	0.625754	5720
ONT	direct_cDNA	B1	1-2.5kb	94	0.622049	5720
ONT	direct_cDNA	B1	1-2.5kb	95	0.617234	5720
ONT	direct_cDNA	B1	1-2.5kb	96	0.608482	5720
ONT	direct_cDNA	B1	1-2.5kb	97	0.596935	5720
ONT	direct_cDNA	B1	1-2.5kb	98	0.58134	5720
ONT	direct_cDNA	B1	1-2.5kb	99	0.551869	5720
ONT	direct_cDNA	B1	1-2.5kb	100	0.310571	5720
ONT	direct_cDNA	B1	0-1kb	0	0.15036	2329
ONT	direct_cDNA	B1	0-1kb	1	0.19262	2329
ONT	direct_cDNA	B1	0-1kb	2	0.227633	2329
ONT	direct_cDNA	B1	0-1kb	3	0.260494	2329
ONT	direct_cDNA	B1	0-1kb	4	0.287249	2329
ONT	direct_cDNA	B1	0-1kb	5	0.312746	2329
ONT	direct_cDNA	B1	0-1kb	6	0.335382	2329
ONT	direct_cDNA	B1	0-1kb	7	0.354391	2329
ONT	direct_cDNA	B1	0-1kb	8	0.371832	2329
ONT	direct_cDNA	B1	0-1kb	9	0.388592	2329
ONT	direct_cDNA	B1	0-1kb	10	0.402181	2329
ONT	direct_cDNA	B1	0-1kb	11	0.414323	2329
ONT	direct_cDNA	B1	0-1kb	12	0.427274	2329
ONT	direct_cDNA	B1	0-1kb	13	0.438632	2329
ONT	direct_cDNA	B1	0-1kb	14	0.449955	2329
ONT	direct_cDNA	B1	0-1kb	15	0.461283	2329
ONT	direct_cDNA	B1	0-1kb	16	0.470601	2329
ONT	direct_cDNA	B1	0-1kb	17	0.479757	2329
ONT	direct_cDNA	B1	0-1kb	18	0.488553	2329
ONT	direct_cDNA	B1	0-1kb	19	0.496506	2329
ONT	direct_cDNA	B1	0-1kb	20	0.504002	2329
ONT	direct_cDNA	B1	0-1kb	21	0.513728	2329
ONT	direct_cDNA	B1	0-1kb	22	0.522012	2329
ONT	direct_cDNA	B1	0-1kb	23	0.529392	2329
ONT	direct_cDNA	B1	0-1kb	24	0.538017	2329
ONT	direct_cDNA	B1	0-1kb	25	0.545684	2329
ONT	direct_cDNA	B1	0-1kb	26	0.552187	2329
ONT	direct_cDNA	B1	0-1kb	27	0.559121	2329
ONT	direct_cDNA	B1	0-1kb	28	0.56615	2329
ONT	direct_cDNA	B1	0-1kb	29	0.572927	2329
ONT	direct_cDNA	B1	0-1kb	30	0.578766	2329
ONT	direct_cDNA	B1	0-1kb	31	0.584573	2329
ONT	direct_cDNA	B1	0-1kb	32	0.590663	2329
ONT	direct_cDNA	B1	0-1kb	33	0.596715	2329
ONT	direct_cDNA	B1	0-1kb	34	0.602051	2329
ONT	direct_cDNA	B1	0-1kb	35	0.608456	2329
ONT	direct_cDNA	B1	0-1kb	36	0.614547	2329
ONT	direct_cDNA	B1	0-1kb	37	0.620322	2329
ONT	direct_cDNA	B1	0-1kb	38	0.626902	2329
ONT	direct_cDNA	B1	0-1kb	39	0.634053	2329
ONT	direct_cDNA	B1	0-1kb	40	0.639601	2329
ONT	direct_cDNA	B1	0-1kb	41	0.64605	2329
ONT	direct_cDNA	B1	0-1kb	42	0.651387	2329
ONT	direct_cDNA	B1	0-1kb	43	0.656323	2329
ONT	direct_cDNA	B1	0-1kb	44	0.661156	2329
ONT	direct_cDNA	B1	0-1kb	45	0.666187	2329
ONT	direct_cDNA	B1	0-1kb	46	0.671418	2329
ONT	direct_cDNA	B1	0-1kb	47	0.676588	2329
ONT	direct_cDNA	B1	0-1kb	48	0.682854	2329
ONT	direct_cDNA	B1	0-1kb	49	0.687112	2329
ONT	direct_cDNA	B1	0-1kb	50	0.693467	2329
ONT	direct_cDNA	B1	0-1kb	51	0.6999	2329
ONT	direct_cDNA	B1	0-1kb	52	0.70473	2329
ONT	direct_cDNA	B1	0-1kb	53	0.710274	2329
ONT	direct_cDNA	B1	0-1kb	54	0.716391	2329
ONT	direct_cDNA	B1	0-1kb	55	0.723019	2329
ONT	direct_cDNA	B1	0-1kb	56	0.728033	2329
ONT	direct_cDNA	B1	0-1kb	57	0.731034	2329
ONT	direct_cDNA	B1	0-1kb	58	0.735642	2329
ONT	direct_cDNA	B1	0-1kb	59	0.737477	2329
ONT	direct_cDNA	B1	0-1kb	60	0.743153	2329
ONT	direct_cDNA	B1	0-1kb	61	0.747645	2329
ONT	direct_cDNA	B1	0-1kb	62	0.752181	2329
ONT	direct_cDNA	B1	0-1kb	63	0.756421	2329
ONT	direct_cDNA	B1	0-1kb	64	0.760803	2329
ONT	direct_cDNA	B1	0-1kb	65	0.765423	2329
ONT	direct_cDNA	B1	0-1kb	66	0.770054	2329
ONT	direct_cDNA	B1	0-1kb	67	0.773788	2329
ONT	direct_cDNA	B1	0-1kb	68	0.776011	2329
ONT	direct_cDNA	B1	0-1kb	69	0.777275	2329
ONT	direct_cDNA	B1	0-1kb	70	0.779729	2329
ONT	direct_cDNA	B1	0-1kb	71	0.782734	2329
ONT	direct_cDNA	B1	0-1kb	72	0.784946	2329
ONT	direct_cDNA	B1	0-1kb	73	0.787534	2329
ONT	direct_cDNA	B1	0-1kb	74	0.790329	2329
ONT	direct_cDNA	B1	0-1kb	75	0.793037	2329
ONT	direct_cDNA	B1	0-1kb	76	0.796492	2329
ONT	direct_cDNA	B1	0-1kb	77	0.799026	2329
ONT	direct_cDNA	B1	0-1kb	78	0.800727	2329
ONT	direct_cDNA	B1	0-1kb	79	0.803698	2329
ONT	direct_cDNA	B1	0-1kb	80	0.804912	2329
ONT	direct_cDNA	B1	0-1kb	81	0.806678	2329
ONT	direct_cDNA	B1	0-1kb	82	0.805779	2329
ONT	direct_cDNA	B1	0-1kb	83	0.806172	2329
ONT	direct_cDNA	B1	0-1kb	84	0.805972	2329
ONT	direct_cDNA	B1	0-1kb	85	0.803315	2329
ONT	direct_cDNA	B1	0-1kb	86	0.801428	2329
ONT	direct_cDNA	B1	0-1kb	87	0.797424	2329
ONT	direct_cDNA	B1	0-1kb	88	0.792967	2329
ONT	direct_cDNA	B1	0-1kb	89	0.787646	2329
ONT	direct_cDNA	B1	0-1kb	90	0.784236	2329
ONT	direct_cDNA	B1	0-1kb	91	0.778978	2329
ONT	direct_cDNA	B1	0-1kb	92	0.773023	2329
ONT	direct_cDNA	B1	0-1kb	93	0.766305	2329
ONT	direct_cDNA	B1	0-1kb	94	0.758458	2329
ONT	direct_cDNA	B1	0-1kb	95	0.746134	2329
ONT	direct_cDNA	B1	0-1kb	96	0.730254	2329
ONT	direct_cDNA	B1	0-1kb	97	0.714463	2329
ONT	direct_cDNA	B1	0-1kb	98	0.690559	2329
ONT	direct_cDNA	B1	0-1kb	99	0.632208	2329
ONT	direct_cDNA	B1	0-1kb	100	0.40202	2329
ONT	direct_cDNA	B1	2.5kb+	0	0.132217	9657
ONT	direct_cDNA	B1	2.5kb+	1	0.180868	9657
ONT	direct_cDNA	B1	2.5kb+	2	0.206863	9657
ONT	direct_cDNA	B1	2.5kb+	3	0.224187	9657
ONT	direct_cDNA	B1	2.5kb+	4	0.236048	9657
ONT	direct_cDNA	B1	2.5kb+	5	0.245081	9657
ONT	direct_cDNA	B1	2.5kb+	6	0.253004	9657
ONT	direct_cDNA	B1	2.5kb+	7	0.259199	9657
ONT	direct_cDNA	B1	2.5kb+	8	0.263455	9657
ONT	direct_cDNA	B1	2.5kb+	9	0.266704	9657
ONT	direct_cDNA	B1	2.5kb+	10	0.269317	9657
ONT	direct_cDNA	B1	2.5kb+	11	0.271856	9657
ONT	direct_cDNA	B1	2.5kb+	12	0.273834	9657
ONT	direct_cDNA	B1	2.5kb+	13	0.274949	9657
ONT	direct_cDNA	B1	2.5kb+	14	0.276119	9657
ONT	direct_cDNA	B1	2.5kb+	15	0.275839	9657
ONT	direct_cDNA	B1	2.5kb+	16	0.276213	9657
ONT	direct_cDNA	B1	2.5kb+	17	0.27659	9657
ONT	direct_cDNA	B1	2.5kb+	18	0.276248	9657
ONT	direct_cDNA	B1	2.5kb+	19	0.276539	9657
ONT	direct_cDNA	B1	2.5kb+	20	0.27667	9657
ONT	direct_cDNA	B1	2.5kb+	21	0.276188	9657
ONT	direct_cDNA	B1	2.5kb+	22	0.276096	9657
ONT	direct_cDNA	B1	2.5kb+	23	0.275289	9657
ONT	direct_cDNA	B1	2.5kb+	24	0.274863	9657
ONT	direct_cDNA	B1	2.5kb+	25	0.274531	9657
ONT	direct_cDNA	B1	2.5kb+	26	0.273309	9657
ONT	direct_cDNA	B1	2.5kb+	27	0.272347	9657
ONT	direct_cDNA	B1	2.5kb+	28	0.271726	9657
ONT	direct_cDNA	B1	2.5kb+	29	0.271562	9657
ONT	direct_cDNA	B1	2.5kb+	30	0.270876	9657
ONT	direct_cDNA	B1	2.5kb+	31	0.270517	9657
ONT	direct_cDNA	B1	2.5kb+	32	0.269944	9657
ONT	direct_cDNA	B1	2.5kb+	33	0.268264	9657
ONT	direct_cDNA	B1	2.5kb+	34	0.268024	9657
ONT	direct_cDNA	B1	2.5kb+	35	0.266969	9657
ONT	direct_cDNA	B1	2.5kb+	36	0.266843	9657
ONT	direct_cDNA	B1	2.5kb+	37	0.267092	9657
ONT	direct_cDNA	B1	2.5kb+	38	0.266487	9657
ONT	direct_cDNA	B1	2.5kb+	39	0.265518	9657
ONT	direct_cDNA	B1	2.5kb+	40	0.264877	9657
ONT	direct_cDNA	B1	2.5kb+	41	0.26427	9657
ONT	direct_cDNA	B1	2.5kb+	42	0.264752	9657
ONT	direct_cDNA	B1	2.5kb+	43	0.264698	9657
ONT	direct_cDNA	B1	2.5kb+	44	0.263953	9657
ONT	direct_cDNA	B1	2.5kb+	45	0.264264	9657
ONT	direct_cDNA	B1	2.5kb+	46	0.263613	9657
ONT	direct_cDNA	B1	2.5kb+	47	0.263426	9657
ONT	direct_cDNA	B1	2.5kb+	48	0.263509	9657
ONT	direct_cDNA	B1	2.5kb+	49	0.262863	9657
ONT	direct_cDNA	B1	2.5kb+	50	0.263667	9657
ONT	direct_cDNA	B1	2.5kb+	51	0.262446	9657
ONT	direct_cDNA	B1	2.5kb+	52	0.261849	9657
ONT	direct_cDNA	B1	2.5kb+	53	0.261921	9657
ONT	direct_cDNA	B1	2.5kb+	54	0.261612	9657
ONT	direct_cDNA	B1	2.5kb+	55	0.261575	9657
ONT	direct_cDNA	B1	2.5kb+	56	0.262182	9657
ONT	direct_cDNA	B1	2.5kb+	57	0.262606	9657
ONT	direct_cDNA	B1	2.5kb+	58	0.263591	9657
ONT	direct_cDNA	B1	2.5kb+	59	0.263966	9657
ONT	direct_cDNA	B1	2.5kb+	60	0.264007	9657
ONT	direct_cDNA	B1	2.5kb+	61	0.264371	9657
ONT	direct_cDNA	B1	2.5kb+	62	0.265563	9657
ONT	direct_cDNA	B1	2.5kb+	63	0.267023	9657
ONT	direct_cDNA	B1	2.5kb+	64	0.268025	9657
ONT	direct_cDNA	B1	2.5kb+	65	0.268879	9657
ONT	direct_cDNA	B1	2.5kb+	66	0.270466	9657
ONT	direct_cDNA	B1	2.5kb+	67	0.271785	9657
ONT	direct_cDNA	B1	2.5kb+	68	0.27243	9657
ONT	direct_cDNA	B1	2.5kb+	69	0.274317	9657
ONT	direct_cDNA	B1	2.5kb+	70	0.274823	9657
ONT	direct_cDNA	B1	2.5kb+	71	0.277788	9657
ONT	direct_cDNA	B1	2.5kb+	72	0.280277	9657
ONT	direct_cDNA	B1	2.5kb+	73	0.282708	9657
ONT	direct_cDNA	B1	2.5kb+	74	0.285327	9657
ONT	direct_cDNA	B1	2.5kb+	75	0.287547	9657
ONT	direct_cDNA	B1	2.5kb+	76	0.289244	9657
ONT	direct_cDNA	B1	2.5kb+	77	0.291559	9657
ONT	direct_cDNA	B1	2.5kb+	78	0.293661	9657
ONT	direct_cDNA	B1	2.5kb+	79	0.296186	9657
ONT	direct_cDNA	B1	2.5kb+	80	0.29846	9657
ONT	direct_cDNA	B1	2.5kb+	81	0.302184	9657
ONT	direct_cDNA	B1	2.5kb+	82	0.305181	9657
ONT	direct_cDNA	B1	2.5kb+	83	0.309029	9657
ONT	direct_cDNA	B1	2.5kb+	84	0.313177	9657
ONT	direct_cDNA	B1	2.5kb+	85	0.317458	9657
ONT	direct_cDNA	B1	2.5kb+	86	0.321367	9657
ONT	direct_cDNA	B1	2.5kb+	87	0.325273	9657
ONT	direct_cDNA	B1	2.5kb+	88	0.32945	9657
ONT	direct_cDNA	B1	2.5kb+	89	0.335117	9657
ONT	direct_cDNA	B1	2.5kb+	90	0.340635	9657
ONT	direct_cDNA	B1	2.5kb+	91	0.347594	9657
ONT	direct_cDNA	B1	2.5kb+	92	0.353616	9657
ONT	direct_cDNA	B1	2.5kb+	93	0.359322	9657
ONT	direct_cDNA	B1	2.5kb+	94	0.365442	9657
ONT	direct_cDNA	B1	2.5kb+	95	0.370391	9657
ONT	direct_cDNA	B1	2.5kb+	96	0.372603	9657
ONT	direct_cDNA	B1	2.5kb+	97	0.372421	9657
ONT	direct_cDNA	B1	2.5kb+	98	0.364274	9657
ONT	direct_cDNA	B1	2.5kb+	99	0.345337	9657
ONT	direct_cDNA	B1	2.5kb+	100	0.195625	9657
ONT	direct_cDNA	B2	1-2.5kb	0	0.136468	6503
ONT	direct_cDNA	B2	1-2.5kb	1	0.199738	6503
ONT	direct_cDNA	B2	1-2.5kb	2	0.244497	6503
ONT	direct_cDNA	B2	1-2.5kb	3	0.276914	6503
ONT	direct_cDNA	B2	1-2.5kb	4	0.300767	6503
ONT	direct_cDNA	B2	1-2.5kb	5	0.317756	6503
ONT	direct_cDNA	B2	1-2.5kb	6	0.33135	6503
ONT	direct_cDNA	B2	1-2.5kb	7	0.342646	6503
ONT	direct_cDNA	B2	1-2.5kb	8	0.351728	6503
ONT	direct_cDNA	B2	1-2.5kb	9	0.359802	6503
ONT	direct_cDNA	B2	1-2.5kb	10	0.367205	6503
ONT	direct_cDNA	B2	1-2.5kb	11	0.373516	6503
ONT	direct_cDNA	B2	1-2.5kb	12	0.379818	6503
ONT	direct_cDNA	B2	1-2.5kb	13	0.386048	6503
ONT	direct_cDNA	B2	1-2.5kb	14	0.391997	6503
ONT	direct_cDNA	B2	1-2.5kb	15	0.396784	6503
ONT	direct_cDNA	B2	1-2.5kb	16	0.401718	6503
ONT	direct_cDNA	B2	1-2.5kb	17	0.406831	6503
ONT	direct_cDNA	B2	1-2.5kb	18	0.411685	6503
ONT	direct_cDNA	B2	1-2.5kb	19	0.416536	6503
ONT	direct_cDNA	B2	1-2.5kb	20	0.421014	6503
ONT	direct_cDNA	B2	1-2.5kb	21	0.425368	6503
ONT	direct_cDNA	B2	1-2.5kb	22	0.429636	6503
ONT	direct_cDNA	B2	1-2.5kb	23	0.433444	6503
ONT	direct_cDNA	B2	1-2.5kb	24	0.437258	6503
ONT	direct_cDNA	B2	1-2.5kb	25	0.440344	6503
ONT	direct_cDNA	B2	1-2.5kb	26	0.443978	6503
ONT	direct_cDNA	B2	1-2.5kb	27	0.447177	6503
ONT	direct_cDNA	B2	1-2.5kb	28	0.449881	6503
ONT	direct_cDNA	B2	1-2.5kb	29	0.453363	6503
ONT	direct_cDNA	B2	1-2.5kb	30	0.456702	6503
ONT	direct_cDNA	B2	1-2.5kb	31	0.45884	6503
ONT	direct_cDNA	B2	1-2.5kb	32	0.460796	6503
ONT	direct_cDNA	B2	1-2.5kb	33	0.463441	6503
ONT	direct_cDNA	B2	1-2.5kb	34	0.466356	6503
ONT	direct_cDNA	B2	1-2.5kb	35	0.469176	6503
ONT	direct_cDNA	B2	1-2.5kb	36	0.471544	6503
ONT	direct_cDNA	B2	1-2.5kb	37	0.474849	6503
ONT	direct_cDNA	B2	1-2.5kb	38	0.476649	6503
ONT	direct_cDNA	B2	1-2.5kb	39	0.479202	6503
ONT	direct_cDNA	B2	1-2.5kb	40	0.481028	6503
ONT	direct_cDNA	B2	1-2.5kb	41	0.483442	6503
ONT	direct_cDNA	B2	1-2.5kb	42	0.485897	6503
ONT	direct_cDNA	B2	1-2.5kb	43	0.488191	6503
ONT	direct_cDNA	B2	1-2.5kb	44	0.490086	6503
ONT	direct_cDNA	B2	1-2.5kb	45	0.492035	6503
ONT	direct_cDNA	B2	1-2.5kb	46	0.494736	6503
ONT	direct_cDNA	B2	1-2.5kb	47	0.497611	6503
ONT	direct_cDNA	B2	1-2.5kb	48	0.500301	6503
ONT	direct_cDNA	B2	1-2.5kb	49	0.503174	6503
ONT	direct_cDNA	B2	1-2.5kb	50	0.506782	6503
ONT	direct_cDNA	B2	1-2.5kb	51	0.51006	6503
ONT	direct_cDNA	B2	1-2.5kb	52	0.513516	6503
ONT	direct_cDNA	B2	1-2.5kb	53	0.516785	6503
ONT	direct_cDNA	B2	1-2.5kb	54	0.520005	6503
ONT	direct_cDNA	B2	1-2.5kb	55	0.522007	6503
ONT	direct_cDNA	B2	1-2.5kb	56	0.525331	6503
ONT	direct_cDNA	B2	1-2.5kb	57	0.527982	6503
ONT	direct_cDNA	B2	1-2.5kb	58	0.531049	6503
ONT	direct_cDNA	B2	1-2.5kb	59	0.533494	6503
ONT	direct_cDNA	B2	1-2.5kb	60	0.53665	6503
ONT	direct_cDNA	B2	1-2.5kb	61	0.539549	6503
ONT	direct_cDNA	B2	1-2.5kb	62	0.542351	6503
ONT	direct_cDNA	B2	1-2.5kb	63	0.545668	6503
ONT	direct_cDNA	B2	1-2.5kb	64	0.549012	6503
ONT	direct_cDNA	B2	1-2.5kb	65	0.552511	6503
ONT	direct_cDNA	B2	1-2.5kb	66	0.555463	6503
ONT	direct_cDNA	B2	1-2.5kb	67	0.559249	6503
ONT	direct_cDNA	B2	1-2.5kb	68	0.562578	6503
ONT	direct_cDNA	B2	1-2.5kb	69	0.566256	6503
ONT	direct_cDNA	B2	1-2.5kb	70	0.570819	6503
ONT	direct_cDNA	B2	1-2.5kb	71	0.575914	6503
ONT	direct_cDNA	B2	1-2.5kb	72	0.580555	6503
ONT	direct_cDNA	B2	1-2.5kb	73	0.584434	6503
ONT	direct_cDNA	B2	1-2.5kb	74	0.589547	6503
ONT	direct_cDNA	B2	1-2.5kb	75	0.593713	6503
ONT	direct_cDNA	B2	1-2.5kb	76	0.598397	6503
ONT	direct_cDNA	B2	1-2.5kb	77	0.602789	6503
ONT	direct_cDNA	B2	1-2.5kb	78	0.606574	6503
ONT	direct_cDNA	B2	1-2.5kb	79	0.612358	6503
ONT	direct_cDNA	B2	1-2.5kb	80	0.616396	6503
ONT	direct_cDNA	B2	1-2.5kb	81	0.618678	6503
ONT	direct_cDNA	B2	1-2.5kb	82	0.621649	6503
ONT	direct_cDNA	B2	1-2.5kb	83	0.625654	6503
ONT	direct_cDNA	B2	1-2.5kb	84	0.63027	6503
ONT	direct_cDNA	B2	1-2.5kb	85	0.635936	6503
ONT	direct_cDNA	B2	1-2.5kb	86	0.642329	6503
ONT	direct_cDNA	B2	1-2.5kb	87	0.646566	6503
ONT	direct_cDNA	B2	1-2.5kb	88	0.650229	6503
ONT	direct_cDNA	B2	1-2.5kb	89	0.654758	6503
ONT	direct_cDNA	B2	1-2.5kb	90	0.657309	6503
ONT	direct_cDNA	B2	1-2.5kb	91	0.656807	6503
ONT	direct_cDNA	B2	1-2.5kb	92	0.659198	6503
ONT	direct_cDNA	B2	1-2.5kb	93	0.659824	6503
ONT	direct_cDNA	B2	1-2.5kb	94	0.659035	6503
ONT	direct_cDNA	B2	1-2.5kb	95	0.655155	6503
ONT	direct_cDNA	B2	1-2.5kb	96	0.646904	6503
ONT	direct_cDNA	B2	1-2.5kb	97	0.635381	6503
ONT	direct_cDNA	B2	1-2.5kb	98	0.620795	6503
ONT	direct_cDNA	B2	1-2.5kb	99	0.592809	6503
ONT	direct_cDNA	B2	1-2.5kb	100	0.333725	6503
ONT	direct_cDNA	B2	0-1kb	0	0.135975	2439
ONT	direct_cDNA	B2	0-1kb	1	0.175981	2439
ONT	direct_cDNA	B2	0-1kb	2	0.207379	2439
ONT	direct_cDNA	B2	0-1kb	3	0.237273	2439
ONT	direct_cDNA	B2	0-1kb	4	0.26139	2439
ONT	direct_cDNA	B2	0-1kb	5	0.28408	2439
ONT	direct_cDNA	B2	0-1kb	6	0.304078	2439
ONT	direct_cDNA	B2	0-1kb	7	0.319989	2439
ONT	direct_cDNA	B2	0-1kb	8	0.33348	2439
ONT	direct_cDNA	B2	0-1kb	9	0.346801	2439
ONT	direct_cDNA	B2	0-1kb	10	0.357961	2439
ONT	direct_cDNA	B2	0-1kb	11	0.368181	2439
ONT	direct_cDNA	B2	0-1kb	12	0.37805	2439
ONT	direct_cDNA	B2	0-1kb	13	0.387791	2439
ONT	direct_cDNA	B2	0-1kb	14	0.397441	2439
ONT	direct_cDNA	B2	0-1kb	15	0.406448	2439
ONT	direct_cDNA	B2	0-1kb	16	0.41337	2439
ONT	direct_cDNA	B2	0-1kb	17	0.419912	2439
ONT	direct_cDNA	B2	0-1kb	18	0.426796	2439
ONT	direct_cDNA	B2	0-1kb	19	0.433051	2439
ONT	direct_cDNA	B2	0-1kb	20	0.439024	2439
ONT	direct_cDNA	B2	0-1kb	21	0.445754	2439
ONT	direct_cDNA	B2	0-1kb	22	0.4525	2439
ONT	direct_cDNA	B2	0-1kb	23	0.458642	2439
ONT	direct_cDNA	B2	0-1kb	24	0.46595	2439
ONT	direct_cDNA	B2	0-1kb	25	0.472003	2439
ONT	direct_cDNA	B2	0-1kb	26	0.477651	2439
ONT	direct_cDNA	B2	0-1kb	27	0.48315	2439
ONT	direct_cDNA	B2	0-1kb	28	0.489196	2439
ONT	direct_cDNA	B2	0-1kb	29	0.494493	2439
ONT	direct_cDNA	B2	0-1kb	30	0.500719	2439
ONT	direct_cDNA	B2	0-1kb	31	0.506508	2439
ONT	direct_cDNA	B2	0-1kb	32	0.512533	2439
ONT	direct_cDNA	B2	0-1kb	33	0.518179	2439
ONT	direct_cDNA	B2	0-1kb	34	0.523772	2439
ONT	direct_cDNA	B2	0-1kb	35	0.530532	2439
ONT	direct_cDNA	B2	0-1kb	36	0.53676	2439
ONT	direct_cDNA	B2	0-1kb	37	0.542703	2439
ONT	direct_cDNA	B2	0-1kb	38	0.549589	2439
ONT	direct_cDNA	B2	0-1kb	39	0.556515	2439
ONT	direct_cDNA	B2	0-1kb	40	0.56262	2439
ONT	direct_cDNA	B2	0-1kb	41	0.569466	2439
ONT	direct_cDNA	B2	0-1kb	42	0.574942	2439
ONT	direct_cDNA	B2	0-1kb	43	0.581501	2439
ONT	direct_cDNA	B2	0-1kb	44	0.587633	2439
ONT	direct_cDNA	B2	0-1kb	45	0.594038	2439
ONT	direct_cDNA	B2	0-1kb	46	0.600505	2439
ONT	direct_cDNA	B2	0-1kb	47	0.606219	2439
ONT	direct_cDNA	B2	0-1kb	48	0.613199	2439
ONT	direct_cDNA	B2	0-1kb	49	0.6186	2439
ONT	direct_cDNA	B2	0-1kb	50	0.626233	2439
ONT	direct_cDNA	B2	0-1kb	51	0.633098	2439
ONT	direct_cDNA	B2	0-1kb	52	0.63995	2439
ONT	direct_cDNA	B2	0-1kb	53	0.646755	2439
ONT	direct_cDNA	B2	0-1kb	54	0.653982	2439
ONT	direct_cDNA	B2	0-1kb	55	0.662337	2439
ONT	direct_cDNA	B2	0-1kb	56	0.669684	2439
ONT	direct_cDNA	B2	0-1kb	57	0.676259	2439
ONT	direct_cDNA	B2	0-1kb	58	0.68264	2439
ONT	direct_cDNA	B2	0-1kb	59	0.687525	2439
ONT	direct_cDNA	B2	0-1kb	60	0.693526	2439
ONT	direct_cDNA	B2	0-1kb	61	0.701258	2439
ONT	direct_cDNA	B2	0-1kb	62	0.709101	2439
ONT	direct_cDNA	B2	0-1kb	63	0.71635	2439
ONT	direct_cDNA	B2	0-1kb	64	0.72388	2439
ONT	direct_cDNA	B2	0-1kb	65	0.731052	2439
ONT	direct_cDNA	B2	0-1kb	66	0.738331	2439
ONT	direct_cDNA	B2	0-1kb	67	0.745461	2439
ONT	direct_cDNA	B2	0-1kb	68	0.751877	2439
ONT	direct_cDNA	B2	0-1kb	69	0.754759	2439
ONT	direct_cDNA	B2	0-1kb	70	0.760393	2439
ONT	direct_cDNA	B2	0-1kb	71	0.766608	2439
ONT	direct_cDNA	B2	0-1kb	72	0.773131	2439
ONT	direct_cDNA	B2	0-1kb	73	0.778849	2439
ONT	direct_cDNA	B2	0-1kb	74	0.78514	2439
ONT	direct_cDNA	B2	0-1kb	75	0.790926	2439
ONT	direct_cDNA	B2	0-1kb	76	0.795867	2439
ONT	direct_cDNA	B2	0-1kb	77	0.800498	2439
ONT	direct_cDNA	B2	0-1kb	78	0.804656	2439
ONT	direct_cDNA	B2	0-1kb	79	0.80998	2439
ONT	direct_cDNA	B2	0-1kb	80	0.813271	2439
ONT	direct_cDNA	B2	0-1kb	81	0.818022	2439
ONT	direct_cDNA	B2	0-1kb	82	0.821428	2439
ONT	direct_cDNA	B2	0-1kb	83	0.824673	2439
ONT	direct_cDNA	B2	0-1kb	84	0.826832	2439
ONT	direct_cDNA	B2	0-1kb	85	0.826186	2439
ONT	direct_cDNA	B2	0-1kb	86	0.82669	2439
ONT	direct_cDNA	B2	0-1kb	87	0.824214	2439
ONT	direct_cDNA	B2	0-1kb	88	0.821795	2439
ONT	direct_cDNA	B2	0-1kb	89	0.817901	2439
ONT	direct_cDNA	B2	0-1kb	90	0.815099	2439
ONT	direct_cDNA	B2	0-1kb	91	0.810277	2439
ONT	direct_cDNA	B2	0-1kb	92	0.805808	2439
ONT	direct_cDNA	B2	0-1kb	93	0.801015	2439
ONT	direct_cDNA	B2	0-1kb	94	0.794802	2439
ONT	direct_cDNA	B2	0-1kb	95	0.784592	2439
ONT	direct_cDNA	B2	0-1kb	96	0.769553	2439
ONT	direct_cDNA	B2	0-1kb	97	0.754919	2439
ONT	direct_cDNA	B2	0-1kb	98	0.732495	2439
ONT	direct_cDNA	B2	0-1kb	99	0.671303	2439
ONT	direct_cDNA	B2	0-1kb	100	0.434605	2439
ONT	direct_cDNA	B2	2.5kb+	0	0.144298	10981
ONT	direct_cDNA	B2	2.5kb+	1	0.194379	10981
ONT	direct_cDNA	B2	2.5kb+	2	0.219546	10981
ONT	direct_cDNA	B2	2.5kb+	3	0.235573	10981
ONT	direct_cDNA	B2	2.5kb+	4	0.247269	10981
ONT	direct_cDNA	B2	2.5kb+	5	0.256584	10981
ONT	direct_cDNA	B2	2.5kb+	6	0.264582	10981
ONT	direct_cDNA	B2	2.5kb+	7	0.270975	10981
ONT	direct_cDNA	B2	2.5kb+	8	0.276792	10981
ONT	direct_cDNA	B2	2.5kb+	9	0.281022	10981
ONT	direct_cDNA	B2	2.5kb+	10	0.284884	10981
ONT	direct_cDNA	B2	2.5kb+	11	0.288649	10981
ONT	direct_cDNA	B2	2.5kb+	12	0.292161	10981
ONT	direct_cDNA	B2	2.5kb+	13	0.294798	10981
ONT	direct_cDNA	B2	2.5kb+	14	0.296989	10981
ONT	direct_cDNA	B2	2.5kb+	15	0.298635	10981
ONT	direct_cDNA	B2	2.5kb+	16	0.299989	10981
ONT	direct_cDNA	B2	2.5kb+	17	0.301636	10981
ONT	direct_cDNA	B2	2.5kb+	18	0.302203	10981
ONT	direct_cDNA	B2	2.5kb+	19	0.303411	10981
ONT	direct_cDNA	B2	2.5kb+	20	0.304474	10981
ONT	direct_cDNA	B2	2.5kb+	21	0.305251	10981
ONT	direct_cDNA	B2	2.5kb+	22	0.306051	10981
ONT	direct_cDNA	B2	2.5kb+	23	0.30563	10981
ONT	direct_cDNA	B2	2.5kb+	24	0.305673	10981
ONT	direct_cDNA	B2	2.5kb+	25	0.305842	10981
ONT	direct_cDNA	B2	2.5kb+	26	0.305263	10981
ONT	direct_cDNA	B2	2.5kb+	27	0.305169	10981
ONT	direct_cDNA	B2	2.5kb+	28	0.304443	10981
ONT	direct_cDNA	B2	2.5kb+	29	0.30437	10981
ONT	direct_cDNA	B2	2.5kb+	30	0.304173	10981
ONT	direct_cDNA	B2	2.5kb+	31	0.304062	10981
ONT	direct_cDNA	B2	2.5kb+	32	0.304062	10981
ONT	direct_cDNA	B2	2.5kb+	33	0.303057	10981
ONT	direct_cDNA	B2	2.5kb+	34	0.302347	10981
ONT	direct_cDNA	B2	2.5kb+	35	0.301655	10981
ONT	direct_cDNA	B2	2.5kb+	36	0.301096	10981
ONT	direct_cDNA	B2	2.5kb+	37	0.301426	10981
ONT	direct_cDNA	B2	2.5kb+	38	0.301021	10981
ONT	direct_cDNA	B2	2.5kb+	39	0.299984	10981
ONT	direct_cDNA	B2	2.5kb+	40	0.299799	10981
ONT	direct_cDNA	B2	2.5kb+	41	0.299515	10981
ONT	direct_cDNA	B2	2.5kb+	42	0.299577	10981
ONT	direct_cDNA	B2	2.5kb+	43	0.29986	10981
ONT	direct_cDNA	B2	2.5kb+	44	0.299653	10981
ONT	direct_cDNA	B2	2.5kb+	45	0.299592	10981
ONT	direct_cDNA	B2	2.5kb+	46	0.298733	10981
ONT	direct_cDNA	B2	2.5kb+	47	0.298225	10981
ONT	direct_cDNA	B2	2.5kb+	48	0.297882	10981
ONT	direct_cDNA	B2	2.5kb+	49	0.296903	10981
ONT	direct_cDNA	B2	2.5kb+	50	0.297347	10981
ONT	direct_cDNA	B2	2.5kb+	51	0.295555	10981
ONT	direct_cDNA	B2	2.5kb+	52	0.294459	10981
ONT	direct_cDNA	B2	2.5kb+	53	0.293914	10981
ONT	direct_cDNA	B2	2.5kb+	54	0.293105	10981
ONT	direct_cDNA	B2	2.5kb+	55	0.292531	10981
ONT	direct_cDNA	B2	2.5kb+	56	0.292799	10981
ONT	direct_cDNA	B2	2.5kb+	57	0.292095	10981
ONT	direct_cDNA	B2	2.5kb+	58	0.29246	10981
ONT	direct_cDNA	B2	2.5kb+	59	0.292	10981
ONT	direct_cDNA	B2	2.5kb+	60	0.291319	10981
ONT	direct_cDNA	B2	2.5kb+	61	0.291323	10981
ONT	direct_cDNA	B2	2.5kb+	62	0.291869	10981
ONT	direct_cDNA	B2	2.5kb+	63	0.292579	10981
ONT	direct_cDNA	B2	2.5kb+	64	0.292789	10981
ONT	direct_cDNA	B2	2.5kb+	65	0.292631	10981
ONT	direct_cDNA	B2	2.5kb+	66	0.292524	10981
ONT	direct_cDNA	B2	2.5kb+	67	0.293368	10981
ONT	direct_cDNA	B2	2.5kb+	68	0.294015	10981
ONT	direct_cDNA	B2	2.5kb+	69	0.294174	10981
ONT	direct_cDNA	B2	2.5kb+	70	0.294599	10981
ONT	direct_cDNA	B2	2.5kb+	71	0.29666	10981
ONT	direct_cDNA	B2	2.5kb+	72	0.29748	10981
ONT	direct_cDNA	B2	2.5kb+	73	0.299217	10981
ONT	direct_cDNA	B2	2.5kb+	74	0.30077	10981
ONT	direct_cDNA	B2	2.5kb+	75	0.302669	10981
ONT	direct_cDNA	B2	2.5kb+	76	0.30404	10981
ONT	direct_cDNA	B2	2.5kb+	77	0.305705	10981
ONT	direct_cDNA	B2	2.5kb+	78	0.307085	10981
ONT	direct_cDNA	B2	2.5kb+	79	0.308553	10981
ONT	direct_cDNA	B2	2.5kb+	80	0.310695	10981
ONT	direct_cDNA	B2	2.5kb+	81	0.313491	10981
ONT	direct_cDNA	B2	2.5kb+	82	0.31548	10981
ONT	direct_cDNA	B2	2.5kb+	83	0.318811	10981
ONT	direct_cDNA	B2	2.5kb+	84	0.322088	10981
ONT	direct_cDNA	B2	2.5kb+	85	0.325581	10981
ONT	direct_cDNA	B2	2.5kb+	86	0.329845	10981
ONT	direct_cDNA	B2	2.5kb+	87	0.333492	10981
ONT	direct_cDNA	B2	2.5kb+	88	0.337213	10981
ONT	direct_cDNA	B2	2.5kb+	89	0.342235	10981
ONT	direct_cDNA	B2	2.5kb+	90	0.347693	10981
ONT	direct_cDNA	B2	2.5kb+	91	0.354506	10981
ONT	direct_cDNA	B2	2.5kb+	92	0.361265	10981
ONT	direct_cDNA	B2	2.5kb+	93	0.367321	10981
ONT	direct_cDNA	B2	2.5kb+	94	0.374401	10981
ONT	direct_cDNA	B2	2.5kb+	95	0.379713	10981
ONT	direct_cDNA	B2	2.5kb+	96	0.384164	10981
ONT	direct_cDNA	B2	2.5kb+	97	0.384023	10981
ONT	direct_cDNA	B2	2.5kb+	98	0.374837	10981
ONT	direct_cDNA	B2	2.5kb+	99	0.357087	10981
ONT	direct_cDNA	B2	2.5kb+	100	0.198239	10981
ONT	direct_RNA	B1	1-2.5kb	0	0.1292	9907
ONT	direct_RNA	B1	1-2.5kb	1	0.20804	9907
ONT	direct_RNA	B1	1-2.5kb	2	0.252132	9907
ONT	direct_RNA	B1	1-2.5kb	3	0.280819	9907
ONT	direct_RNA	B1	1-2.5kb	4	0.300849	9907
ONT	direct_RNA	B1	1-2.5kb	5	0.316286	9907
ONT	direct_RNA	B1	1-2.5kb	6	0.328245	9907
ONT	direct_RNA	B1	1-2.5kb	7	0.339129	9907
ONT	direct_RNA	B1	1-2.5kb	8	0.349608	9907
ONT	direct_RNA	B1	1-2.5kb	9	0.358411	9907
ONT	direct_RNA	B1	1-2.5kb	10	0.367016	9907
ONT	direct_RNA	B1	1-2.5kb	11	0.37529	9907
ONT	direct_RNA	B1	1-2.5kb	12	0.382408	9907
ONT	direct_RNA	B1	1-2.5kb	13	0.389204	9907
ONT	direct_RNA	B1	1-2.5kb	14	0.39649	9907
ONT	direct_RNA	B1	1-2.5kb	15	0.403397	9907
ONT	direct_RNA	B1	1-2.5kb	16	0.410134	9907
ONT	direct_RNA	B1	1-2.5kb	17	0.417802	9907
ONT	direct_RNA	B1	1-2.5kb	18	0.425266	9907
ONT	direct_RNA	B1	1-2.5kb	19	0.432185	9907
ONT	direct_RNA	B1	1-2.5kb	20	0.438746	9907
ONT	direct_RNA	B1	1-2.5kb	21	0.444981	9907
ONT	direct_RNA	B1	1-2.5kb	22	0.451912	9907
ONT	direct_RNA	B1	1-2.5kb	23	0.458191	9907
ONT	direct_RNA	B1	1-2.5kb	24	0.464668	9907
ONT	direct_RNA	B1	1-2.5kb	25	0.471276	9907
ONT	direct_RNA	B1	1-2.5kb	26	0.477863	9907
ONT	direct_RNA	B1	1-2.5kb	27	0.483614	9907
ONT	direct_RNA	B1	1-2.5kb	28	0.489414	9907
ONT	direct_RNA	B1	1-2.5kb	29	0.495362	9907
ONT	direct_RNA	B1	1-2.5kb	30	0.501883	9907
ONT	direct_RNA	B1	1-2.5kb	31	0.507775	9907
ONT	direct_RNA	B1	1-2.5kb	32	0.513459	9907
ONT	direct_RNA	B1	1-2.5kb	33	0.519389	9907
ONT	direct_RNA	B1	1-2.5kb	34	0.525185	9907
ONT	direct_RNA	B1	1-2.5kb	35	0.531273	9907
ONT	direct_RNA	B1	1-2.5kb	36	0.53684	9907
ONT	direct_RNA	B1	1-2.5kb	37	0.543158	9907
ONT	direct_RNA	B1	1-2.5kb	38	0.548756	9907
ONT	direct_RNA	B1	1-2.5kb	39	0.554716	9907
ONT	direct_RNA	B1	1-2.5kb	40	0.56002	9907
ONT	direct_RNA	B1	1-2.5kb	41	0.565562	9907
ONT	direct_RNA	B1	1-2.5kb	42	0.571586	9907
ONT	direct_RNA	B1	1-2.5kb	43	0.577401	9907
ONT	direct_RNA	B1	1-2.5kb	44	0.583529	9907
ONT	direct_RNA	B1	1-2.5kb	45	0.588723	9907
ONT	direct_RNA	B1	1-2.5kb	46	0.594351	9907
ONT	direct_RNA	B1	1-2.5kb	47	0.600078	9907
ONT	direct_RNA	B1	1-2.5kb	48	0.606021	9907
ONT	direct_RNA	B1	1-2.5kb	49	0.61165	9907
ONT	direct_RNA	B1	1-2.5kb	50	0.618041	9907
ONT	direct_RNA	B1	1-2.5kb	51	0.623907	9907
ONT	direct_RNA	B1	1-2.5kb	52	0.630345	9907
ONT	direct_RNA	B1	1-2.5kb	53	0.636319	9907
ONT	direct_RNA	B1	1-2.5kb	54	0.64205	9907
ONT	direct_RNA	B1	1-2.5kb	55	0.647693	9907
ONT	direct_RNA	B1	1-2.5kb	56	0.653553	9907
ONT	direct_RNA	B1	1-2.5kb	57	0.659089	9907
ONT	direct_RNA	B1	1-2.5kb	58	0.664495	9907
ONT	direct_RNA	B1	1-2.5kb	59	0.668759	9907
ONT	direct_RNA	B1	1-2.5kb	60	0.674475	9907
ONT	direct_RNA	B1	1-2.5kb	61	0.679361	9907
ONT	direct_RNA	B1	1-2.5kb	62	0.684257	9907
ONT	direct_RNA	B1	1-2.5kb	63	0.689653	9907
ONT	direct_RNA	B1	1-2.5kb	64	0.6945	9907
ONT	direct_RNA	B1	1-2.5kb	65	0.699797	9907
ONT	direct_RNA	B1	1-2.5kb	66	0.704358	9907
ONT	direct_RNA	B1	1-2.5kb	67	0.709257	9907
ONT	direct_RNA	B1	1-2.5kb	68	0.714347	9907
ONT	direct_RNA	B1	1-2.5kb	69	0.718511	9907
ONT	direct_RNA	B1	1-2.5kb	70	0.723054	9907
ONT	direct_RNA	B1	1-2.5kb	71	0.727321	9907
ONT	direct_RNA	B1	1-2.5kb	72	0.731189	9907
ONT	direct_RNA	B1	1-2.5kb	73	0.735002	9907
ONT	direct_RNA	B1	1-2.5kb	74	0.738766	9907
ONT	direct_RNA	B1	1-2.5kb	75	0.74202	9907
ONT	direct_RNA	B1	1-2.5kb	76	0.746074	9907
ONT	direct_RNA	B1	1-2.5kb	77	0.749077	9907
ONT	direct_RNA	B1	1-2.5kb	78	0.750822	9907
ONT	direct_RNA	B1	1-2.5kb	79	0.753642	9907
ONT	direct_RNA	B1	1-2.5kb	80	0.754612	9907
ONT	direct_RNA	B1	1-2.5kb	81	0.755294	9907
ONT	direct_RNA	B1	1-2.5kb	82	0.755715	9907
ONT	direct_RNA	B1	1-2.5kb	83	0.756137	9907
ONT	direct_RNA	B1	1-2.5kb	84	0.755773	9907
ONT	direct_RNA	B1	1-2.5kb	85	0.755533	9907
ONT	direct_RNA	B1	1-2.5kb	86	0.756396	9907
ONT	direct_RNA	B1	1-2.5kb	87	0.755691	9907
ONT	direct_RNA	B1	1-2.5kb	88	0.754117	9907
ONT	direct_RNA	B1	1-2.5kb	89	0.751505	9907
ONT	direct_RNA	B1	1-2.5kb	90	0.747159	9907
ONT	direct_RNA	B1	1-2.5kb	91	0.741042	9907
ONT	direct_RNA	B1	1-2.5kb	92	0.736475	9907
ONT	direct_RNA	B1	1-2.5kb	93	0.730833	9907
ONT	direct_RNA	B1	1-2.5kb	94	0.725248	9907
ONT	direct_RNA	B1	1-2.5kb	95	0.716986	9907
ONT	direct_RNA	B1	1-2.5kb	96	0.706852	9907
ONT	direct_RNA	B1	1-2.5kb	97	0.695417	9907
ONT	direct_RNA	B1	1-2.5kb	98	0.681808	9907
ONT	direct_RNA	B1	1-2.5kb	99	0.650277	9907
ONT	direct_RNA	B1	1-2.5kb	100	0.365948	9907
ONT	direct_RNA	B1	0-1kb	0	0.155187	3648
ONT	direct_RNA	B1	0-1kb	1	0.224453	3648
ONT	direct_RNA	B1	0-1kb	2	0.30041	3648
ONT	direct_RNA	B1	0-1kb	3	0.352247	3648
ONT	direct_RNA	B1	0-1kb	4	0.393426	3648
ONT	direct_RNA	B1	0-1kb	5	0.427548	3648
ONT	direct_RNA	B1	0-1kb	6	0.454372	3648
ONT	direct_RNA	B1	0-1kb	7	0.477684	3648
ONT	direct_RNA	B1	0-1kb	8	0.497325	3648
ONT	direct_RNA	B1	0-1kb	9	0.516434	3648
ONT	direct_RNA	B1	0-1kb	10	0.530347	3648
ONT	direct_RNA	B1	0-1kb	11	0.543634	3648
ONT	direct_RNA	B1	0-1kb	12	0.559186	3648
ONT	direct_RNA	B1	0-1kb	13	0.572941	3648
ONT	direct_RNA	B1	0-1kb	14	0.585885	3648
ONT	direct_RNA	B1	0-1kb	15	0.59651	3648
ONT	direct_RNA	B1	0-1kb	16	0.605956	3648
ONT	direct_RNA	B1	0-1kb	17	0.615564	3648
ONT	direct_RNA	B1	0-1kb	18	0.625416	3648
ONT	direct_RNA	B1	0-1kb	19	0.633696	3648
ONT	direct_RNA	B1	0-1kb	20	0.641557	3648
ONT	direct_RNA	B1	0-1kb	21	0.649548	3648
ONT	direct_RNA	B1	0-1kb	22	0.657421	3648
ONT	direct_RNA	B1	0-1kb	23	0.663931	3648
ONT	direct_RNA	B1	0-1kb	24	0.670375	3648
ONT	direct_RNA	B1	0-1kb	25	0.677303	3648
ONT	direct_RNA	B1	0-1kb	26	0.683834	3648
ONT	direct_RNA	B1	0-1kb	27	0.690759	3648
ONT	direct_RNA	B1	0-1kb	28	0.696743	3648
ONT	direct_RNA	B1	0-1kb	29	0.703335	3648
ONT	direct_RNA	B1	0-1kb	30	0.709412	3648
ONT	direct_RNA	B1	0-1kb	31	0.713959	3648
ONT	direct_RNA	B1	0-1kb	32	0.719627	3648
ONT	direct_RNA	B1	0-1kb	33	0.725312	3648
ONT	direct_RNA	B1	0-1kb	34	0.730668	3648
ONT	direct_RNA	B1	0-1kb	35	0.736115	3648
ONT	direct_RNA	B1	0-1kb	36	0.741459	3648
ONT	direct_RNA	B1	0-1kb	37	0.74767	3648
ONT	direct_RNA	B1	0-1kb	38	0.752503	3648
ONT	direct_RNA	B1	0-1kb	39	0.757826	3648
ONT	direct_RNA	B1	0-1kb	40	0.7629	3648
ONT	direct_RNA	B1	0-1kb	41	0.76773	3648
ONT	direct_RNA	B1	0-1kb	42	0.772487	3648
ONT	direct_RNA	B1	0-1kb	43	0.777849	3648
ONT	direct_RNA	B1	0-1kb	44	0.781732	3648
ONT	direct_RNA	B1	0-1kb	45	0.786827	3648
ONT	direct_RNA	B1	0-1kb	46	0.792176	3648
ONT	direct_RNA	B1	0-1kb	47	0.795996	3648
ONT	direct_RNA	B1	0-1kb	48	0.798971	3648
ONT	direct_RNA	B1	0-1kb	49	0.802762	3648
ONT	direct_RNA	B1	0-1kb	50	0.807226	3648
ONT	direct_RNA	B1	0-1kb	51	0.81151	3648
ONT	direct_RNA	B1	0-1kb	52	0.815304	3648
ONT	direct_RNA	B1	0-1kb	53	0.817559	3648
ONT	direct_RNA	B1	0-1kb	54	0.821277	3648
ONT	direct_RNA	B1	0-1kb	55	0.824728	3648
ONT	direct_RNA	B1	0-1kb	56	0.827362	3648
ONT	direct_RNA	B1	0-1kb	57	0.829555	3648
ONT	direct_RNA	B1	0-1kb	58	0.831504	3648
ONT	direct_RNA	B1	0-1kb	59	0.833186	3648
ONT	direct_RNA	B1	0-1kb	60	0.834915	3648
ONT	direct_RNA	B1	0-1kb	61	0.83724	3648
ONT	direct_RNA	B1	0-1kb	62	0.839316	3648
ONT	direct_RNA	B1	0-1kb	63	0.841348	3648
ONT	direct_RNA	B1	0-1kb	64	0.8433	3648
ONT	direct_RNA	B1	0-1kb	65	0.844987	3648
ONT	direct_RNA	B1	0-1kb	66	0.84614	3648
ONT	direct_RNA	B1	0-1kb	67	0.848116	3648
ONT	direct_RNA	B1	0-1kb	68	0.849104	3648
ONT	direct_RNA	B1	0-1kb	69	0.849193	3648
ONT	direct_RNA	B1	0-1kb	70	0.850287	3648
ONT	direct_RNA	B1	0-1kb	71	0.850703	3648
ONT	direct_RNA	B1	0-1kb	72	0.850542	3648
ONT	direct_RNA	B1	0-1kb	73	0.849776	3648
ONT	direct_RNA	B1	0-1kb	74	0.849745	3648
ONT	direct_RNA	B1	0-1kb	75	0.850401	3648
ONT	direct_RNA	B1	0-1kb	76	0.851247	3648
ONT	direct_RNA	B1	0-1kb	77	0.85092	3648
ONT	direct_RNA	B1	0-1kb	78	0.850051	3648
ONT	direct_RNA	B1	0-1kb	79	0.849021	3648
ONT	direct_RNA	B1	0-1kb	80	0.847581	3648
ONT	direct_RNA	B1	0-1kb	81	0.84624	3648
ONT	direct_RNA	B1	0-1kb	82	0.843751	3648
ONT	direct_RNA	B1	0-1kb	83	0.8419	3648
ONT	direct_RNA	B1	0-1kb	84	0.839499	3648
ONT	direct_RNA	B1	0-1kb	85	0.835221	3648
ONT	direct_RNA	B1	0-1kb	86	0.831325	3648
ONT	direct_RNA	B1	0-1kb	87	0.825989	3648
ONT	direct_RNA	B1	0-1kb	88	0.820661	3648
ONT	direct_RNA	B1	0-1kb	89	0.815271	3648
ONT	direct_RNA	B1	0-1kb	90	0.811524	3648
ONT	direct_RNA	B1	0-1kb	91	0.806203	3648
ONT	direct_RNA	B1	0-1kb	92	0.800794	3648
ONT	direct_RNA	B1	0-1kb	93	0.795245	3648
ONT	direct_RNA	B1	0-1kb	94	0.78948	3648
ONT	direct_RNA	B1	0-1kb	95	0.782513	3648
ONT	direct_RNA	B1	0-1kb	96	0.772499	3648
ONT	direct_RNA	B1	0-1kb	97	0.755179	3648
ONT	direct_RNA	B1	0-1kb	98	0.725006	3648
ONT	direct_RNA	B1	0-1kb	99	0.647932	3648
ONT	direct_RNA	B1	0-1kb	100	0.434229	3648
ONT	direct_RNA	B1	2.5kb+	0	0.0976467	14874
ONT	direct_RNA	B1	2.5kb+	1	0.128623	14874
ONT	direct_RNA	B1	2.5kb+	2	0.143285	14874
ONT	direct_RNA	B1	2.5kb+	3	0.152696	14874
ONT	direct_RNA	B1	2.5kb+	4	0.160048	14874
ONT	direct_RNA	B1	2.5kb+	5	0.167046	14874
ONT	direct_RNA	B1	2.5kb+	6	0.173413	14874
ONT	direct_RNA	B1	2.5kb+	7	0.178777	14874
ONT	direct_RNA	B1	2.5kb+	8	0.184389	14874
ONT	direct_RNA	B1	2.5kb+	9	0.189271	14874
ONT	direct_RNA	B1	2.5kb+	10	0.194219	14874
ONT	direct_RNA	B1	2.5kb+	11	0.198466	14874
ONT	direct_RNA	B1	2.5kb+	12	0.202415	14874
ONT	direct_RNA	B1	2.5kb+	13	0.206458	14874
ONT	direct_RNA	B1	2.5kb+	14	0.210488	14874
ONT	direct_RNA	B1	2.5kb+	15	0.214445	14874
ONT	direct_RNA	B1	2.5kb+	16	0.218125	14874
ONT	direct_RNA	B1	2.5kb+	17	0.221781	14874
ONT	direct_RNA	B1	2.5kb+	18	0.225005	14874
ONT	direct_RNA	B1	2.5kb+	19	0.228397	14874
ONT	direct_RNA	B1	2.5kb+	20	0.232149	14874
ONT	direct_RNA	B1	2.5kb+	21	0.235941	14874
ONT	direct_RNA	B1	2.5kb+	22	0.238654	14874
ONT	direct_RNA	B1	2.5kb+	23	0.241846	14874
ONT	direct_RNA	B1	2.5kb+	24	0.245296	14874
ONT	direct_RNA	B1	2.5kb+	25	0.248191	14874
ONT	direct_RNA	B1	2.5kb+	26	0.250862	14874
ONT	direct_RNA	B1	2.5kb+	27	0.254118	14874
ONT	direct_RNA	B1	2.5kb+	28	0.257098	14874
ONT	direct_RNA	B1	2.5kb+	29	0.260419	14874
ONT	direct_RNA	B1	2.5kb+	30	0.263658	14874
ONT	direct_RNA	B1	2.5kb+	31	0.266858	14874
ONT	direct_RNA	B1	2.5kb+	32	0.270203	14874
ONT	direct_RNA	B1	2.5kb+	33	0.272889	14874
ONT	direct_RNA	B1	2.5kb+	34	0.276249	14874
ONT	direct_RNA	B1	2.5kb+	35	0.279437	14874
ONT	direct_RNA	B1	2.5kb+	36	0.282877	14874
ONT	direct_RNA	B1	2.5kb+	37	0.286257	14874
ONT	direct_RNA	B1	2.5kb+	38	0.289385	14874
ONT	direct_RNA	B1	2.5kb+	39	0.292288	14874
ONT	direct_RNA	B1	2.5kb+	40	0.295321	14874
ONT	direct_RNA	B1	2.5kb+	41	0.298562	14874
ONT	direct_RNA	B1	2.5kb+	42	0.302562	14874
ONT	direct_RNA	B1	2.5kb+	43	0.306117	14874
ONT	direct_RNA	B1	2.5kb+	44	0.309109	14874
ONT	direct_RNA	B1	2.5kb+	45	0.3125	14874
ONT	direct_RNA	B1	2.5kb+	46	0.314845	14874
ONT	direct_RNA	B1	2.5kb+	47	0.31823	14874
ONT	direct_RNA	B1	2.5kb+	48	0.321683	14874
ONT	direct_RNA	B1	2.5kb+	49	0.325222	14874
ONT	direct_RNA	B1	2.5kb+	50	0.328765	14874
ONT	direct_RNA	B1	2.5kb+	51	0.332191	14874
ONT	direct_RNA	B1	2.5kb+	52	0.334882	14874
ONT	direct_RNA	B1	2.5kb+	53	0.338732	14874
ONT	direct_RNA	B1	2.5kb+	54	0.341572	14874
ONT	direct_RNA	B1	2.5kb+	55	0.34525	14874
ONT	direct_RNA	B1	2.5kb+	56	0.349697	14874
ONT	direct_RNA	B1	2.5kb+	57	0.352878	14874
ONT	direct_RNA	B1	2.5kb+	58	0.357401	14874
ONT	direct_RNA	B1	2.5kb+	59	0.361967	14874
ONT	direct_RNA	B1	2.5kb+	60	0.366412	14874
ONT	direct_RNA	B1	2.5kb+	61	0.371319	14874
ONT	direct_RNA	B1	2.5kb+	62	0.37626	14874
ONT	direct_RNA	B1	2.5kb+	63	0.381568	14874
ONT	direct_RNA	B1	2.5kb+	64	0.386798	14874
ONT	direct_RNA	B1	2.5kb+	65	0.391281	14874
ONT	direct_RNA	B1	2.5kb+	66	0.396696	14874
ONT	direct_RNA	B1	2.5kb+	67	0.401996	14874
ONT	direct_RNA	B1	2.5kb+	68	0.407752	14874
ONT	direct_RNA	B1	2.5kb+	69	0.412726	14874
ONT	direct_RNA	B1	2.5kb+	70	0.417832	14874
ONT	direct_RNA	B1	2.5kb+	71	0.424257	14874
ONT	direct_RNA	B1	2.5kb+	72	0.430772	14874
ONT	direct_RNA	B1	2.5kb+	73	0.437574	14874
ONT	direct_RNA	B1	2.5kb+	74	0.443832	14874
ONT	direct_RNA	B1	2.5kb+	75	0.450612	14874
ONT	direct_RNA	B1	2.5kb+	76	0.457248	14874
ONT	direct_RNA	B1	2.5kb+	77	0.463017	14874
ONT	direct_RNA	B1	2.5kb+	78	0.469115	14874
ONT	direct_RNA	B1	2.5kb+	79	0.476043	14874
ONT	direct_RNA	B1	2.5kb+	80	0.48336	14874
ONT	direct_RNA	B1	2.5kb+	81	0.490119	14874
ONT	direct_RNA	B1	2.5kb+	82	0.495656	14874
ONT	direct_RNA	B1	2.5kb+	83	0.502575	14874
ONT	direct_RNA	B1	2.5kb+	84	0.509025	14874
ONT	direct_RNA	B1	2.5kb+	85	0.515989	14874
ONT	direct_RNA	B1	2.5kb+	86	0.521214	14874
ONT	direct_RNA	B1	2.5kb+	87	0.526747	14874
ONT	direct_RNA	B1	2.5kb+	88	0.531071	14874
ONT	direct_RNA	B1	2.5kb+	89	0.536416	14874
ONT	direct_RNA	B1	2.5kb+	90	0.540982	14874
ONT	direct_RNA	B1	2.5kb+	91	0.543952	14874
ONT	direct_RNA	B1	2.5kb+	92	0.54599	14874
ONT	direct_RNA	B1	2.5kb+	93	0.546715	14874
ONT	direct_RNA	B1	2.5kb+	94	0.547244	14874
ONT	direct_RNA	B1	2.5kb+	95	0.543443	14874
ONT	direct_RNA	B1	2.5kb+	96	0.538359	14874
ONT	direct_RNA	B1	2.5kb+	97	0.529889	14874
ONT	direct_RNA	B1	2.5kb+	98	0.514083	14874
ONT	direct_RNA	B1	2.5kb+	99	0.493621	14874
ONT	direct_RNA	B1	2.5kb+	100	0.264267	14874
ONT	direct_RNA	B2	1-2.5kb	0	0.13149	7988
ONT	direct_RNA	B2	1-2.5kb	1	0.216596	7988
ONT	direct_RNA	B2	1-2.5kb	2	0.262653	7988
ONT	direct_RNA	B2	1-2.5kb	3	0.292483	7988
ONT	direct_RNA	B2	1-2.5kb	4	0.313756	7988
ONT	direct_RNA	B2	1-2.5kb	5	0.329988	7988
ONT	direct_RNA	B2	1-2.5kb	6	0.342832	7988
ONT	direct_RNA	B2	1-2.5kb	7	0.354053	7988
ONT	direct_RNA	B2	1-2.5kb	8	0.36365	7988
ONT	direct_RNA	B2	1-2.5kb	9	0.372477	7988
ONT	direct_RNA	B2	1-2.5kb	10	0.380732	7988
ONT	direct_RNA	B2	1-2.5kb	11	0.388831	7988
ONT	direct_RNA	B2	1-2.5kb	12	0.396678	7988
ONT	direct_RNA	B2	1-2.5kb	13	0.404016	7988
ONT	direct_RNA	B2	1-2.5kb	14	0.411483	7988
ONT	direct_RNA	B2	1-2.5kb	15	0.418314	7988
ONT	direct_RNA	B2	1-2.5kb	16	0.425489	7988
ONT	direct_RNA	B2	1-2.5kb	17	0.433425	7988
ONT	direct_RNA	B2	1-2.5kb	18	0.441183	7988
ONT	direct_RNA	B2	1-2.5kb	19	0.447847	7988
ONT	direct_RNA	B2	1-2.5kb	20	0.454677	7988
ONT	direct_RNA	B2	1-2.5kb	21	0.461324	7988
ONT	direct_RNA	B2	1-2.5kb	22	0.468409	7988
ONT	direct_RNA	B2	1-2.5kb	23	0.475085	7988
ONT	direct_RNA	B2	1-2.5kb	24	0.481771	7988
ONT	direct_RNA	B2	1-2.5kb	25	0.488164	7988
ONT	direct_RNA	B2	1-2.5kb	26	0.49468	7988
ONT	direct_RNA	B2	1-2.5kb	27	0.500507	7988
ONT	direct_RNA	B2	1-2.5kb	28	0.506061	7988
ONT	direct_RNA	B2	1-2.5kb	29	0.512465	7988
ONT	direct_RNA	B2	1-2.5kb	30	0.519077	7988
ONT	direct_RNA	B2	1-2.5kb	31	0.524452	7988
ONT	direct_RNA	B2	1-2.5kb	32	0.529699	7988
ONT	direct_RNA	B2	1-2.5kb	33	0.535938	7988
ONT	direct_RNA	B2	1-2.5kb	34	0.541725	7988
ONT	direct_RNA	B2	1-2.5kb	35	0.547851	7988
ONT	direct_RNA	B2	1-2.5kb	36	0.552952	7988
ONT	direct_RNA	B2	1-2.5kb	37	0.559144	7988
ONT	direct_RNA	B2	1-2.5kb	38	0.564673	7988
ONT	direct_RNA	B2	1-2.5kb	39	0.57042	7988
ONT	direct_RNA	B2	1-2.5kb	40	0.575913	7988
ONT	direct_RNA	B2	1-2.5kb	41	0.580553	7988
ONT	direct_RNA	B2	1-2.5kb	42	0.586102	7988
ONT	direct_RNA	B2	1-2.5kb	43	0.592042	7988
ONT	direct_RNA	B2	1-2.5kb	44	0.597159	7988
ONT	direct_RNA	B2	1-2.5kb	45	0.602415	7988
ONT	direct_RNA	B2	1-2.5kb	46	0.60774	7988
ONT	direct_RNA	B2	1-2.5kb	47	0.613173	7988
ONT	direct_RNA	B2	1-2.5kb	48	0.618776	7988
ONT	direct_RNA	B2	1-2.5kb	49	0.623908	7988
ONT	direct_RNA	B2	1-2.5kb	50	0.629563	7988
ONT	direct_RNA	B2	1-2.5kb	51	0.634869	7988
ONT	direct_RNA	B2	1-2.5kb	52	0.64089	7988
ONT	direct_RNA	B2	1-2.5kb	53	0.646783	7988
ONT	direct_RNA	B2	1-2.5kb	54	0.652474	7988
ONT	direct_RNA	B2	1-2.5kb	55	0.65747	7988
ONT	direct_RNA	B2	1-2.5kb	56	0.66306	7988
ONT	direct_RNA	B2	1-2.5kb	57	0.668214	7988
ONT	direct_RNA	B2	1-2.5kb	58	0.673232	7988
ONT	direct_RNA	B2	1-2.5kb	59	0.677837	7988
ONT	direct_RNA	B2	1-2.5kb	60	0.683262	7988
ONT	direct_RNA	B2	1-2.5kb	61	0.68786	7988
ONT	direct_RNA	B2	1-2.5kb	62	0.692304	7988
ONT	direct_RNA	B2	1-2.5kb	63	0.697193	7988
ONT	direct_RNA	B2	1-2.5kb	64	0.701408	7988
ONT	direct_RNA	B2	1-2.5kb	65	0.70535	7988
ONT	direct_RNA	B2	1-2.5kb	66	0.709489	7988
ONT	direct_RNA	B2	1-2.5kb	67	0.713377	7988
ONT	direct_RNA	B2	1-2.5kb	68	0.717361	7988
ONT	direct_RNA	B2	1-2.5kb	69	0.721251	7988
ONT	direct_RNA	B2	1-2.5kb	70	0.725226	7988
ONT	direct_RNA	B2	1-2.5kb	71	0.72913	7988
ONT	direct_RNA	B2	1-2.5kb	72	0.732648	7988
ONT	direct_RNA	B2	1-2.5kb	73	0.736056	7988
ONT	direct_RNA	B2	1-2.5kb	74	0.73893	7988
ONT	direct_RNA	B2	1-2.5kb	75	0.741231	7988
ONT	direct_RNA	B2	1-2.5kb	76	0.744648	7988
ONT	direct_RNA	B2	1-2.5kb	77	0.746843	7988
ONT	direct_RNA	B2	1-2.5kb	78	0.748134	7988
ONT	direct_RNA	B2	1-2.5kb	79	0.750784	7988
ONT	direct_RNA	B2	1-2.5kb	80	0.75205	7988
ONT	direct_RNA	B2	1-2.5kb	81	0.75203	7988
ONT	direct_RNA	B2	1-2.5kb	82	0.751734	7988
ONT	direct_RNA	B2	1-2.5kb	83	0.75177	7988
ONT	direct_RNA	B2	1-2.5kb	84	0.751529	7988
ONT	direct_RNA	B2	1-2.5kb	85	0.751955	7988
ONT	direct_RNA	B2	1-2.5kb	86	0.752571	7988
ONT	direct_RNA	B2	1-2.5kb	87	0.751854	7988
ONT	direct_RNA	B2	1-2.5kb	88	0.749696	7988
ONT	direct_RNA	B2	1-2.5kb	89	0.747323	7988
ONT	direct_RNA	B2	1-2.5kb	90	0.742079	7988
ONT	direct_RNA	B2	1-2.5kb	91	0.735783	7988
ONT	direct_RNA	B2	1-2.5kb	92	0.731282	7988
ONT	direct_RNA	B2	1-2.5kb	93	0.725689	7988
ONT	direct_RNA	B2	1-2.5kb	94	0.719602	7988
ONT	direct_RNA	B2	1-2.5kb	95	0.711513	7988
ONT	direct_RNA	B2	1-2.5kb	96	0.70157	7988
ONT	direct_RNA	B2	1-2.5kb	97	0.690162	7988
ONT	direct_RNA	B2	1-2.5kb	98	0.675803	7988
ONT	direct_RNA	B2	1-2.5kb	99	0.642252	7988
ONT	direct_RNA	B2	1-2.5kb	100	0.353733	7988
ONT	direct_RNA	B2	0-1kb	0	0.150093	3049
ONT	direct_RNA	B2	0-1kb	1	0.224238	3049
ONT	direct_RNA	B2	0-1kb	2	0.306872	3049
ONT	direct_RNA	B2	0-1kb	3	0.363509	3049
ONT	direct_RNA	B2	0-1kb	4	0.407427	3049
ONT	direct_RNA	B2	0-1kb	5	0.443386	3049
ONT	direct_RNA	B2	0-1kb	6	0.472581	3049
ONT	direct_RNA	B2	0-1kb	7	0.496805	3049
ONT	direct_RNA	B2	0-1kb	8	0.516183	3049
ONT	direct_RNA	B2	0-1kb	9	0.53495	3049
ONT	direct_RNA	B2	0-1kb	10	0.549759	3049
ONT	direct_RNA	B2	0-1kb	11	0.56321	3049
ONT	direct_RNA	B2	0-1kb	12	0.576753	3049
ONT	direct_RNA	B2	0-1kb	13	0.58952	3049
ONT	direct_RNA	B2	0-1kb	14	0.602449	3049
ONT	direct_RNA	B2	0-1kb	15	0.613006	3049
ONT	direct_RNA	B2	0-1kb	16	0.622347	3049
ONT	direct_RNA	B2	0-1kb	17	0.631725	3049
ONT	direct_RNA	B2	0-1kb	18	0.640232	3049
ONT	direct_RNA	B2	0-1kb	19	0.648998	3049
ONT	direct_RNA	B2	0-1kb	20	0.65613	3049
ONT	direct_RNA	B2	0-1kb	21	0.664336	3049
ONT	direct_RNA	B2	0-1kb	22	0.671169	3049
ONT	direct_RNA	B2	0-1kb	23	0.677576	3049
ONT	direct_RNA	B2	0-1kb	24	0.68373	3049
ONT	direct_RNA	B2	0-1kb	25	0.689838	3049
ONT	direct_RNA	B2	0-1kb	26	0.696376	3049
ONT	direct_RNA	B2	0-1kb	27	0.702877	3049
ONT	direct_RNA	B2	0-1kb	28	0.708308	3049
ONT	direct_RNA	B2	0-1kb	29	0.715256	3049
ONT	direct_RNA	B2	0-1kb	30	0.722056	3049
ONT	direct_RNA	B2	0-1kb	31	0.726874	3049
ONT	direct_RNA	B2	0-1kb	32	0.73232	3049
ONT	direct_RNA	B2	0-1kb	33	0.738442	3049
ONT	direct_RNA	B2	0-1kb	34	0.744435	3049
ONT	direct_RNA	B2	0-1kb	35	0.749219	3049
ONT	direct_RNA	B2	0-1kb	36	0.753975	3049
ONT	direct_RNA	B2	0-1kb	37	0.760644	3049
ONT	direct_RNA	B2	0-1kb	38	0.76562	3049
ONT	direct_RNA	B2	0-1kb	39	0.771634	3049
ONT	direct_RNA	B2	0-1kb	40	0.775736	3049
ONT	direct_RNA	B2	0-1kb	41	0.78059	3049
ONT	direct_RNA	B2	0-1kb	42	0.784946	3049
ONT	direct_RNA	B2	0-1kb	43	0.789786	3049
ONT	direct_RNA	B2	0-1kb	44	0.793643	3049
ONT	direct_RNA	B2	0-1kb	45	0.798457	3049
ONT	direct_RNA	B2	0-1kb	46	0.802991	3049
ONT	direct_RNA	B2	0-1kb	47	0.806082	3049
ONT	direct_RNA	B2	0-1kb	48	0.80942	3049
ONT	direct_RNA	B2	0-1kb	49	0.812239	3049
ONT	direct_RNA	B2	0-1kb	50	0.816203	3049
ONT	direct_RNA	B2	0-1kb	51	0.819296	3049
ONT	direct_RNA	B2	0-1kb	52	0.822364	3049
ONT	direct_RNA	B2	0-1kb	53	0.825014	3049
ONT	direct_RNA	B2	0-1kb	54	0.828893	3049
ONT	direct_RNA	B2	0-1kb	55	0.832455	3049
ONT	direct_RNA	B2	0-1kb	56	0.834551	3049
ONT	direct_RNA	B2	0-1kb	57	0.836846	3049
ONT	direct_RNA	B2	0-1kb	58	0.838568	3049
ONT	direct_RNA	B2	0-1kb	59	0.839603	3049
ONT	direct_RNA	B2	0-1kb	60	0.840712	3049
ONT	direct_RNA	B2	0-1kb	61	0.843485	3049
ONT	direct_RNA	B2	0-1kb	62	0.845448	3049
ONT	direct_RNA	B2	0-1kb	63	0.847385	3049
ONT	direct_RNA	B2	0-1kb	64	0.849087	3049
ONT	direct_RNA	B2	0-1kb	65	0.851191	3049
ONT	direct_RNA	B2	0-1kb	66	0.853044	3049
ONT	direct_RNA	B2	0-1kb	67	0.854803	3049
ONT	direct_RNA	B2	0-1kb	68	0.855895	3049
ONT	direct_RNA	B2	0-1kb	69	0.855591	3049
ONT	direct_RNA	B2	0-1kb	70	0.856289	3049
ONT	direct_RNA	B2	0-1kb	71	0.85693	3049
ONT	direct_RNA	B2	0-1kb	72	0.856984	3049
ONT	direct_RNA	B2	0-1kb	73	0.856086	3049
ONT	direct_RNA	B2	0-1kb	74	0.856469	3049
ONT	direct_RNA	B2	0-1kb	75	0.856843	3049
ONT	direct_RNA	B2	0-1kb	76	0.856246	3049
ONT	direct_RNA	B2	0-1kb	77	0.854744	3049
ONT	direct_RNA	B2	0-1kb	78	0.853915	3049
ONT	direct_RNA	B2	0-1kb	79	0.853038	3049
ONT	direct_RNA	B2	0-1kb	80	0.851525	3049
ONT	direct_RNA	B2	0-1kb	81	0.850844	3049
ONT	direct_RNA	B2	0-1kb	82	0.848734	3049
ONT	direct_RNA	B2	0-1kb	83	0.846506	3049
ONT	direct_RNA	B2	0-1kb	84	0.843337	3049
ONT	direct_RNA	B2	0-1kb	85	0.838407	3049
ONT	direct_RNA	B2	0-1kb	86	0.833502	3049
ONT	direct_RNA	B2	0-1kb	87	0.828166	3049
ONT	direct_RNA	B2	0-1kb	88	0.823198	3049
ONT	direct_RNA	B2	0-1kb	89	0.817764	3049
ONT	direct_RNA	B2	0-1kb	90	0.814109	3049
ONT	direct_RNA	B2	0-1kb	91	0.808782	3049
ONT	direct_RNA	B2	0-1kb	92	0.803208	3049
ONT	direct_RNA	B2	0-1kb	93	0.797957	3049
ONT	direct_RNA	B2	0-1kb	94	0.791668	3049
ONT	direct_RNA	B2	0-1kb	95	0.783584	3049
ONT	direct_RNA	B2	0-1kb	96	0.773489	3049
ONT	direct_RNA	B2	0-1kb	97	0.756097	3049
ONT	direct_RNA	B2	0-1kb	98	0.724242	3049
ONT	direct_RNA	B2	0-1kb	99	0.642915	3049
ONT	direct_RNA	B2	0-1kb	100	0.427312	3049
ONT	direct_RNA	B2	2.5kb+	0	0.0985728	11457
ONT	direct_RNA	B2	2.5kb+	1	0.129561	11457
ONT	direct_RNA	B2	2.5kb+	2	0.143516	11457
ONT	direct_RNA	B2	2.5kb+	3	0.153447	11457
ONT	direct_RNA	B2	2.5kb+	4	0.161032	11457
ONT	direct_RNA	B2	2.5kb+	5	0.167955	11457
ONT	direct_RNA	B2	2.5kb+	6	0.174531	11457
ONT	direct_RNA	B2	2.5kb+	7	0.180719	11457
ONT	direct_RNA	B2	2.5kb+	8	0.186764	11457
ONT	direct_RNA	B2	2.5kb+	9	0.191901	11457
ONT	direct_RNA	B2	2.5kb+	10	0.197062	11457
ONT	direct_RNA	B2	2.5kb+	11	0.201696	11457
ONT	direct_RNA	B2	2.5kb+	12	0.205935	11457
ONT	direct_RNA	B2	2.5kb+	13	0.209967	11457
ONT	direct_RNA	B2	2.5kb+	14	0.213844	11457
ONT	direct_RNA	B2	2.5kb+	15	0.217748	11457
ONT	direct_RNA	B2	2.5kb+	16	0.221205	11457
ONT	direct_RNA	B2	2.5kb+	17	0.225166	11457
ONT	direct_RNA	B2	2.5kb+	18	0.228341	11457
ONT	direct_RNA	B2	2.5kb+	19	0.232053	11457
ONT	direct_RNA	B2	2.5kb+	20	0.235842	11457
ONT	direct_RNA	B2	2.5kb+	21	0.239534	11457
ONT	direct_RNA	B2	2.5kb+	22	0.24256	11457
ONT	direct_RNA	B2	2.5kb+	23	0.245373	11457
ONT	direct_RNA	B2	2.5kb+	24	0.248878	11457
ONT	direct_RNA	B2	2.5kb+	25	0.252212	11457
ONT	direct_RNA	B2	2.5kb+	26	0.254762	11457
ONT	direct_RNA	B2	2.5kb+	27	0.257861	11457
ONT	direct_RNA	B2	2.5kb+	28	0.260713	11457
ONT	direct_RNA	B2	2.5kb+	29	0.263658	11457
ONT	direct_RNA	B2	2.5kb+	30	0.266807	11457
ONT	direct_RNA	B2	2.5kb+	31	0.269619	11457
ONT	direct_RNA	B2	2.5kb+	32	0.272857	11457
ONT	direct_RNA	B2	2.5kb+	33	0.27544	11457
ONT	direct_RNA	B2	2.5kb+	34	0.278659	11457
ONT	direct_RNA	B2	2.5kb+	35	0.281914	11457
ONT	direct_RNA	B2	2.5kb+	36	0.285072	11457
ONT	direct_RNA	B2	2.5kb+	37	0.288376	11457
ONT	direct_RNA	B2	2.5kb+	38	0.291426	11457
ONT	direct_RNA	B2	2.5kb+	39	0.294115	11457
ONT	direct_RNA	B2	2.5kb+	40	0.297025	11457
ONT	direct_RNA	B2	2.5kb+	41	0.300484	11457
ONT	direct_RNA	B2	2.5kb+	42	0.304501	11457
ONT	direct_RNA	B2	2.5kb+	43	0.30758	11457
ONT	direct_RNA	B2	2.5kb+	44	0.310504	11457
ONT	direct_RNA	B2	2.5kb+	45	0.313372	11457
ONT	direct_RNA	B2	2.5kb+	46	0.316177	11457
ONT	direct_RNA	B2	2.5kb+	47	0.319433	11457
ONT	direct_RNA	B2	2.5kb+	48	0.322625	11457
ONT	direct_RNA	B2	2.5kb+	49	0.326187	11457
ONT	direct_RNA	B2	2.5kb+	50	0.330075	11457
ONT	direct_RNA	B2	2.5kb+	51	0.333038	11457
ONT	direct_RNA	B2	2.5kb+	52	0.335418	11457
ONT	direct_RNA	B2	2.5kb+	53	0.339131	11457
ONT	direct_RNA	B2	2.5kb+	54	0.341734	11457
ONT	direct_RNA	B2	2.5kb+	55	0.345085	11457
ONT	direct_RNA	B2	2.5kb+	56	0.349331	11457
ONT	direct_RNA	B2	2.5kb+	57	0.352315	11457
ONT	direct_RNA	B2	2.5kb+	58	0.356625	11457
ONT	direct_RNA	B2	2.5kb+	59	0.360344	11457
ONT	direct_RNA	B2	2.5kb+	60	0.363915	11457
ONT	direct_RNA	B2	2.5kb+	61	0.368494	11457
ONT	direct_RNA	B2	2.5kb+	62	0.372129	11457
ONT	direct_RNA	B2	2.5kb+	63	0.377418	11457
ONT	direct_RNA	B2	2.5kb+	64	0.382233	11457
ONT	direct_RNA	B2	2.5kb+	65	0.385897	11457
ONT	direct_RNA	B2	2.5kb+	66	0.390578	11457
ONT	direct_RNA	B2	2.5kb+	67	0.395454	11457
ONT	direct_RNA	B2	2.5kb+	68	0.400578	11457
ONT	direct_RNA	B2	2.5kb+	69	0.405549	11457
ONT	direct_RNA	B2	2.5kb+	70	0.410183	11457
ONT	direct_RNA	B2	2.5kb+	71	0.416454	11457
ONT	direct_RNA	B2	2.5kb+	72	0.422152	11457
ONT	direct_RNA	B2	2.5kb+	73	0.42814	11457
ONT	direct_RNA	B2	2.5kb+	74	0.434145	11457
ONT	direct_RNA	B2	2.5kb+	75	0.44135	11457
ONT	direct_RNA	B2	2.5kb+	76	0.446951	11457
ONT	direct_RNA	B2	2.5kb+	77	0.452535	11457
ONT	direct_RNA	B2	2.5kb+	78	0.458204	11457
ONT	direct_RNA	B2	2.5kb+	79	0.464639	11457
ONT	direct_RNA	B2	2.5kb+	80	0.470947	11457
ONT	direct_RNA	B2	2.5kb+	81	0.477267	11457
ONT	direct_RNA	B2	2.5kb+	82	0.482464	11457
ONT	direct_RNA	B2	2.5kb+	83	0.488496	11457
ONT	direct_RNA	B2	2.5kb+	84	0.494547	11457
ONT	direct_RNA	B2	2.5kb+	85	0.501052	11457
ONT	direct_RNA	B2	2.5kb+	86	0.505171	11457
ONT	direct_RNA	B2	2.5kb+	87	0.510153	11457
ONT	direct_RNA	B2	2.5kb+	88	0.513986	11457
ONT	direct_RNA	B2	2.5kb+	89	0.518827	11457
ONT	direct_RNA	B2	2.5kb+	90	0.523123	11457
ONT	direct_RNA	B2	2.5kb+	91	0.525986	11457
ONT	direct_RNA	B2	2.5kb+	92	0.528495	11457
ONT	direct_RNA	B2	2.5kb+	93	0.529038	11457
ONT	direct_RNA	B2	2.5kb+	94	0.529425	11457
ONT	direct_RNA	B2	2.5kb+	95	0.526107	11457
ONT	direct_RNA	B2	2.5kb+	96	0.521581	11457
ONT	direct_RNA	B2	2.5kb+	97	0.512538	11457
ONT	direct_RNA	B2	2.5kb+	98	0.496514	11457
ONT	direct_RNA	B2	2.5kb+	99	0.475323	11457
ONT	direct_RNA	B2	2.5kb+	100	0.248969	11457
ONT	PCR_cDNA	B1	1-2.5kb	0	0.342903	11998
ONT	PCR_cDNA	B1	1-2.5kb	1	0.426281	11998
ONT	PCR_cDNA	B1	1-2.5kb	2	0.481321	11998
ONT	PCR_cDNA	B1	1-2.5kb	3	0.517167	11998
ONT	PCR_cDNA	B1	1-2.5kb	4	0.544788	11998
ONT	PCR_cDNA	B1	1-2.5kb	5	0.563491	11998
ONT	PCR_cDNA	B1	1-2.5kb	6	0.578733	11998
ONT	PCR_cDNA	B1	1-2.5kb	7	0.591816	11998
ONT	PCR_cDNA	B1	1-2.5kb	8	0.60265	11998
ONT	PCR_cDNA	B1	1-2.5kb	9	0.612749	11998
ONT	PCR_cDNA	B1	1-2.5kb	10	0.621703	11998
ONT	PCR_cDNA	B1	1-2.5kb	11	0.629522	11998
ONT	PCR_cDNA	B1	1-2.5kb	12	0.636909	11998
ONT	PCR_cDNA	B1	1-2.5kb	13	0.64362	11998
ONT	PCR_cDNA	B1	1-2.5kb	14	0.65062	11998
ONT	PCR_cDNA	B1	1-2.5kb	15	0.656852	11998
ONT	PCR_cDNA	B1	1-2.5kb	16	0.662482	11998
ONT	PCR_cDNA	B1	1-2.5kb	17	0.668227	11998
ONT	PCR_cDNA	B1	1-2.5kb	18	0.673186	11998
ONT	PCR_cDNA	B1	1-2.5kb	19	0.677884	11998
ONT	PCR_cDNA	B1	1-2.5kb	20	0.681955	11998
ONT	PCR_cDNA	B1	1-2.5kb	21	0.685687	11998
ONT	PCR_cDNA	B1	1-2.5kb	22	0.689795	11998
ONT	PCR_cDNA	B1	1-2.5kb	23	0.69287	11998
ONT	PCR_cDNA	B1	1-2.5kb	24	0.695467	11998
ONT	PCR_cDNA	B1	1-2.5kb	25	0.697449	11998
ONT	PCR_cDNA	B1	1-2.5kb	26	0.700229	11998
ONT	PCR_cDNA	B1	1-2.5kb	27	0.70157	11998
ONT	PCR_cDNA	B1	1-2.5kb	28	0.702975	11998
ONT	PCR_cDNA	B1	1-2.5kb	29	0.706029	11998
ONT	PCR_cDNA	B1	1-2.5kb	30	0.708681	11998
ONT	PCR_cDNA	B1	1-2.5kb	31	0.709886	11998
ONT	PCR_cDNA	B1	1-2.5kb	32	0.710904	11998
ONT	PCR_cDNA	B1	1-2.5kb	33	0.712111	11998
ONT	PCR_cDNA	B1	1-2.5kb	34	0.712819	11998
ONT	PCR_cDNA	B1	1-2.5kb	35	0.714061	11998
ONT	PCR_cDNA	B1	1-2.5kb	36	0.714278	11998
ONT	PCR_cDNA	B1	1-2.5kb	37	0.715118	11998
ONT	PCR_cDNA	B1	1-2.5kb	38	0.714638	11998
ONT	PCR_cDNA	B1	1-2.5kb	39	0.714321	11998
ONT	PCR_cDNA	B1	1-2.5kb	40	0.71412	11998
ONT	PCR_cDNA	B1	1-2.5kb	41	0.713162	11998
ONT	PCR_cDNA	B1	1-2.5kb	42	0.712915	11998
ONT	PCR_cDNA	B1	1-2.5kb	43	0.712856	11998
ONT	PCR_cDNA	B1	1-2.5kb	44	0.712155	11998
ONT	PCR_cDNA	B1	1-2.5kb	45	0.711714	11998
ONT	PCR_cDNA	B1	1-2.5kb	46	0.711566	11998
ONT	PCR_cDNA	B1	1-2.5kb	47	0.711422	11998
ONT	PCR_cDNA	B1	1-2.5kb	48	0.712231	11998
ONT	PCR_cDNA	B1	1-2.5kb	49	0.711752	11998
ONT	PCR_cDNA	B1	1-2.5kb	50	0.711681	11998
ONT	PCR_cDNA	B1	1-2.5kb	51	0.71154	11998
ONT	PCR_cDNA	B1	1-2.5kb	52	0.711453	11998
ONT	PCR_cDNA	B1	1-2.5kb	53	0.710732	11998
ONT	PCR_cDNA	B1	1-2.5kb	54	0.710094	11998
ONT	PCR_cDNA	B1	1-2.5kb	55	0.709078	11998
ONT	PCR_cDNA	B1	1-2.5kb	56	0.70858	11998
ONT	PCR_cDNA	B1	1-2.5kb	57	0.707951	11998
ONT	PCR_cDNA	B1	1-2.5kb	58	0.7076	11998
ONT	PCR_cDNA	B1	1-2.5kb	59	0.706336	11998
ONT	PCR_cDNA	B1	1-2.5kb	60	0.705407	11998
ONT	PCR_cDNA	B1	1-2.5kb	61	0.704136	11998
ONT	PCR_cDNA	B1	1-2.5kb	62	0.70317	11998
ONT	PCR_cDNA	B1	1-2.5kb	63	0.702679	11998
ONT	PCR_cDNA	B1	1-2.5kb	64	0.701815	11998
ONT	PCR_cDNA	B1	1-2.5kb	65	0.700527	11998
ONT	PCR_cDNA	B1	1-2.5kb	66	0.698934	11998
ONT	PCR_cDNA	B1	1-2.5kb	67	0.698075	11998
ONT	PCR_cDNA	B1	1-2.5kb	68	0.697413	11998
ONT	PCR_cDNA	B1	1-2.5kb	69	0.696538	11998
ONT	PCR_cDNA	B1	1-2.5kb	70	0.695427	11998
ONT	PCR_cDNA	B1	1-2.5kb	71	0.694645	11998
ONT	PCR_cDNA	B1	1-2.5kb	72	0.69366	11998
ONT	PCR_cDNA	B1	1-2.5kb	73	0.692938	11998
ONT	PCR_cDNA	B1	1-2.5kb	74	0.691534	11998
ONT	PCR_cDNA	B1	1-2.5kb	75	0.689791	11998
ONT	PCR_cDNA	B1	1-2.5kb	76	0.688655	11998
ONT	PCR_cDNA	B1	1-2.5kb	77	0.686732	11998
ONT	PCR_cDNA	B1	1-2.5kb	78	0.6838	11998
ONT	PCR_cDNA	B1	1-2.5kb	79	0.682654	11998
ONT	PCR_cDNA	B1	1-2.5kb	80	0.680243	11998
ONT	PCR_cDNA	B1	1-2.5kb	81	0.67787	11998
ONT	PCR_cDNA	B1	1-2.5kb	82	0.675298	11998
ONT	PCR_cDNA	B1	1-2.5kb	83	0.672484	11998
ONT	PCR_cDNA	B1	1-2.5kb	84	0.670117	11998
ONT	PCR_cDNA	B1	1-2.5kb	85	0.668021	11998
ONT	PCR_cDNA	B1	1-2.5kb	86	0.666013	11998
ONT	PCR_cDNA	B1	1-2.5kb	87	0.663351	11998
ONT	PCR_cDNA	B1	1-2.5kb	88	0.659902	11998
ONT	PCR_cDNA	B1	1-2.5kb	89	0.655893	11998
ONT	PCR_cDNA	B1	1-2.5kb	90	0.650381	11998
ONT	PCR_cDNA	B1	1-2.5kb	91	0.643531	11998
ONT	PCR_cDNA	B1	1-2.5kb	92	0.638638	11998
ONT	PCR_cDNA	B1	1-2.5kb	93	0.633311	11998
ONT	PCR_cDNA	B1	1-2.5kb	94	0.627004	11998
ONT	PCR_cDNA	B1	1-2.5kb	95	0.620572	11998
ONT	PCR_cDNA	B1	1-2.5kb	96	0.611968	11998
ONT	PCR_cDNA	B1	1-2.5kb	97	0.601659	11998
ONT	PCR_cDNA	B1	1-2.5kb	98	0.589843	11998
ONT	PCR_cDNA	B1	1-2.5kb	99	0.563643	11998
ONT	PCR_cDNA	B1	1-2.5kb	100	0.364016	11998
ONT	PCR_cDNA	B1	0-1kb	0	0.385402	6384
ONT	PCR_cDNA	B1	0-1kb	1	0.450176	6384
ONT	PCR_cDNA	B1	0-1kb	2	0.494892	6384
ONT	PCR_cDNA	B1	0-1kb	3	0.532547	6384
ONT	PCR_cDNA	B1	0-1kb	4	0.566202	6384
ONT	PCR_cDNA	B1	0-1kb	5	0.594219	6384
ONT	PCR_cDNA	B1	0-1kb	6	0.617794	6384
ONT	PCR_cDNA	B1	0-1kb	7	0.638828	6384
ONT	PCR_cDNA	B1	0-1kb	8	0.656558	6384
ONT	PCR_cDNA	B1	0-1kb	9	0.672528	6384
ONT	PCR_cDNA	B1	0-1kb	10	0.685442	6384
ONT	PCR_cDNA	B1	0-1kb	11	0.696201	6384
ONT	PCR_cDNA	B1	0-1kb	12	0.706842	6384
ONT	PCR_cDNA	B1	0-1kb	13	0.716813	6384
ONT	PCR_cDNA	B1	0-1kb	14	0.725065	6384
ONT	PCR_cDNA	B1	0-1kb	15	0.732318	6384
ONT	PCR_cDNA	B1	0-1kb	16	0.73971	6384
ONT	PCR_cDNA	B1	0-1kb	17	0.745549	6384
ONT	PCR_cDNA	B1	0-1kb	18	0.751591	6384
ONT	PCR_cDNA	B1	0-1kb	19	0.756715	6384
ONT	PCR_cDNA	B1	0-1kb	20	0.761803	6384
ONT	PCR_cDNA	B1	0-1kb	21	0.766749	6384
ONT	PCR_cDNA	B1	0-1kb	22	0.771375	6384
ONT	PCR_cDNA	B1	0-1kb	23	0.773832	6384
ONT	PCR_cDNA	B1	0-1kb	24	0.776465	6384
ONT	PCR_cDNA	B1	0-1kb	25	0.779614	6384
ONT	PCR_cDNA	B1	0-1kb	26	0.782386	6384
ONT	PCR_cDNA	B1	0-1kb	27	0.785388	6384
ONT	PCR_cDNA	B1	0-1kb	28	0.788791	6384
ONT	PCR_cDNA	B1	0-1kb	29	0.790887	6384
ONT	PCR_cDNA	B1	0-1kb	30	0.792533	6384
ONT	PCR_cDNA	B1	0-1kb	31	0.794347	6384
ONT	PCR_cDNA	B1	0-1kb	32	0.79652	6384
ONT	PCR_cDNA	B1	0-1kb	33	0.798959	6384
ONT	PCR_cDNA	B1	0-1kb	34	0.801938	6384
ONT	PCR_cDNA	B1	0-1kb	35	0.803761	6384
ONT	PCR_cDNA	B1	0-1kb	36	0.806025	6384
ONT	PCR_cDNA	B1	0-1kb	37	0.808332	6384
ONT	PCR_cDNA	B1	0-1kb	38	0.810315	6384
ONT	PCR_cDNA	B1	0-1kb	39	0.811543	6384
ONT	PCR_cDNA	B1	0-1kb	40	0.811892	6384
ONT	PCR_cDNA	B1	0-1kb	41	0.813341	6384
ONT	PCR_cDNA	B1	0-1kb	42	0.81369	6384
ONT	PCR_cDNA	B1	0-1kb	43	0.814653	6384
ONT	PCR_cDNA	B1	0-1kb	44	0.814333	6384
ONT	PCR_cDNA	B1	0-1kb	45	0.814876	6384
ONT	PCR_cDNA	B1	0-1kb	46	0.816389	6384
ONT	PCR_cDNA	B1	0-1kb	47	0.816347	6384
ONT	PCR_cDNA	B1	0-1kb	48	0.816441	6384
ONT	PCR_cDNA	B1	0-1kb	49	0.816453	6384
ONT	PCR_cDNA	B1	0-1kb	50	0.817251	6384
ONT	PCR_cDNA	B1	0-1kb	51	0.817821	6384
ONT	PCR_cDNA	B1	0-1kb	52	0.817804	6384
ONT	PCR_cDNA	B1	0-1kb	53	0.817424	6384
ONT	PCR_cDNA	B1	0-1kb	54	0.817464	6384
ONT	PCR_cDNA	B1	0-1kb	55	0.817062	6384
ONT	PCR_cDNA	B1	0-1kb	56	0.815263	6384
ONT	PCR_cDNA	B1	0-1kb	57	0.814141	6384
ONT	PCR_cDNA	B1	0-1kb	58	0.813858	6384
ONT	PCR_cDNA	B1	0-1kb	59	0.81248	6384
ONT	PCR_cDNA	B1	0-1kb	60	0.811157	6384
ONT	PCR_cDNA	B1	0-1kb	61	0.810278	6384
ONT	PCR_cDNA	B1	0-1kb	62	0.810562	6384
ONT	PCR_cDNA	B1	0-1kb	63	0.808957	6384
ONT	PCR_cDNA	B1	0-1kb	64	0.808076	6384
ONT	PCR_cDNA	B1	0-1kb	65	0.807008	6384
ONT	PCR_cDNA	B1	0-1kb	66	0.805534	6384
ONT	PCR_cDNA	B1	0-1kb	67	0.804323	6384
ONT	PCR_cDNA	B1	0-1kb	68	0.802735	6384
ONT	PCR_cDNA	B1	0-1kb	69	0.800349	6384
ONT	PCR_cDNA	B1	0-1kb	70	0.798962	6384
ONT	PCR_cDNA	B1	0-1kb	71	0.796693	6384
ONT	PCR_cDNA	B1	0-1kb	72	0.793276	6384
ONT	PCR_cDNA	B1	0-1kb	73	0.79022	6384
ONT	PCR_cDNA	B1	0-1kb	74	0.788261	6384
ONT	PCR_cDNA	B1	0-1kb	75	0.7851	6384
ONT	PCR_cDNA	B1	0-1kb	76	0.782892	6384
ONT	PCR_cDNA	B1	0-1kb	77	0.780058	6384
ONT	PCR_cDNA	B1	0-1kb	78	0.77817	6384
ONT	PCR_cDNA	B1	0-1kb	79	0.775973	6384
ONT	PCR_cDNA	B1	0-1kb	80	0.773139	6384
ONT	PCR_cDNA	B1	0-1kb	81	0.768938	6384
ONT	PCR_cDNA	B1	0-1kb	82	0.764412	6384
ONT	PCR_cDNA	B1	0-1kb	83	0.760008	6384
ONT	PCR_cDNA	B1	0-1kb	84	0.75608	6384
ONT	PCR_cDNA	B1	0-1kb	85	0.751195	6384
ONT	PCR_cDNA	B1	0-1kb	86	0.746458	6384
ONT	PCR_cDNA	B1	0-1kb	87	0.740666	6384
ONT	PCR_cDNA	B1	0-1kb	88	0.735074	6384
ONT	PCR_cDNA	B1	0-1kb	89	0.72916	6384
ONT	PCR_cDNA	B1	0-1kb	90	0.724038	6384
ONT	PCR_cDNA	B1	0-1kb	91	0.717816	6384
ONT	PCR_cDNA	B1	0-1kb	92	0.711271	6384
ONT	PCR_cDNA	B1	0-1kb	93	0.705248	6384
ONT	PCR_cDNA	B1	0-1kb	94	0.699107	6384
ONT	PCR_cDNA	B1	0-1kb	95	0.692197	6384
ONT	PCR_cDNA	B1	0-1kb	96	0.683472	6384
ONT	PCR_cDNA	B1	0-1kb	97	0.670384	6384
ONT	PCR_cDNA	B1	0-1kb	98	0.647569	6384
ONT	PCR_cDNA	B1	0-1kb	99	0.591259	6384
ONT	PCR_cDNA	B1	0-1kb	100	0.423802	6384
ONT	PCR_cDNA	B1	2.5kb+	0	0.310215	11375
ONT	PCR_cDNA	B1	2.5kb+	1	0.368785	11375
ONT	PCR_cDNA	B1	2.5kb+	2	0.396372	11375
ONT	PCR_cDNA	B1	2.5kb+	3	0.412419	11375
ONT	PCR_cDNA	B1	2.5kb+	4	0.423045	11375
ONT	PCR_cDNA	B1	2.5kb+	5	0.430292	11375
ONT	PCR_cDNA	B1	2.5kb+	6	0.437093	11375
ONT	PCR_cDNA	B1	2.5kb+	7	0.44102	11375
ONT	PCR_cDNA	B1	2.5kb+	8	0.444396	11375
ONT	PCR_cDNA	B1	2.5kb+	9	0.445549	11375
ONT	PCR_cDNA	B1	2.5kb+	10	0.446677	11375
ONT	PCR_cDNA	B1	2.5kb+	11	0.446016	11375
ONT	PCR_cDNA	B1	2.5kb+	12	0.444724	11375
ONT	PCR_cDNA	B1	2.5kb+	13	0.443652	11375
ONT	PCR_cDNA	B1	2.5kb+	14	0.441923	11375
ONT	PCR_cDNA	B1	2.5kb+	15	0.439449	11375
ONT	PCR_cDNA	B1	2.5kb+	16	0.436365	11375
ONT	PCR_cDNA	B1	2.5kb+	17	0.433721	11375
ONT	PCR_cDNA	B1	2.5kb+	18	0.429902	11375
ONT	PCR_cDNA	B1	2.5kb+	19	0.426068	11375
ONT	PCR_cDNA	B1	2.5kb+	20	0.422206	11375
ONT	PCR_cDNA	B1	2.5kb+	21	0.418493	11375
ONT	PCR_cDNA	B1	2.5kb+	22	0.413352	11375
ONT	PCR_cDNA	B1	2.5kb+	23	0.40917	11375
ONT	PCR_cDNA	B1	2.5kb+	24	0.405052	11375
ONT	PCR_cDNA	B1	2.5kb+	25	0.400953	11375
ONT	PCR_cDNA	B1	2.5kb+	26	0.396076	11375
ONT	PCR_cDNA	B1	2.5kb+	27	0.392059	11375
ONT	PCR_cDNA	B1	2.5kb+	28	0.388134	11375
ONT	PCR_cDNA	B1	2.5kb+	29	0.384477	11375
ONT	PCR_cDNA	B1	2.5kb+	30	0.380778	11375
ONT	PCR_cDNA	B1	2.5kb+	31	0.377019	11375
ONT	PCR_cDNA	B1	2.5kb+	32	0.373146	11375
ONT	PCR_cDNA	B1	2.5kb+	33	0.367825	11375
ONT	PCR_cDNA	B1	2.5kb+	34	0.364467	11375
ONT	PCR_cDNA	B1	2.5kb+	35	0.360451	11375
ONT	PCR_cDNA	B1	2.5kb+	36	0.356691	11375
ONT	PCR_cDNA	B1	2.5kb+	37	0.353605	11375
ONT	PCR_cDNA	B1	2.5kb+	38	0.350043	11375
ONT	PCR_cDNA	B1	2.5kb+	39	0.345932	11375
ONT	PCR_cDNA	B1	2.5kb+	40	0.342142	11375
ONT	PCR_cDNA	B1	2.5kb+	41	0.338409	11375
ONT	PCR_cDNA	B1	2.5kb+	42	0.334677	11375
ONT	PCR_cDNA	B1	2.5kb+	43	0.332249	11375
ONT	PCR_cDNA	B1	2.5kb+	44	0.328461	11375
ONT	PCR_cDNA	B1	2.5kb+	45	0.325504	11375
ONT	PCR_cDNA	B1	2.5kb+	46	0.321922	11375
ONT	PCR_cDNA	B1	2.5kb+	47	0.319855	11375
ONT	PCR_cDNA	B1	2.5kb+	48	0.317103	11375
ONT	PCR_cDNA	B1	2.5kb+	49	0.31368	11375
ONT	PCR_cDNA	B1	2.5kb+	50	0.311111	11375
ONT	PCR_cDNA	B1	2.5kb+	51	0.308016	11375
ONT	PCR_cDNA	B1	2.5kb+	52	0.305052	11375
ONT	PCR_cDNA	B1	2.5kb+	53	0.302604	11375
ONT	PCR_cDNA	B1	2.5kb+	54	0.300086	11375
ONT	PCR_cDNA	B1	2.5kb+	55	0.297093	11375
ONT	PCR_cDNA	B1	2.5kb+	56	0.295581	11375
ONT	PCR_cDNA	B1	2.5kb+	57	0.293804	11375
ONT	PCR_cDNA	B1	2.5kb+	58	0.293148	11375
ONT	PCR_cDNA	B1	2.5kb+	59	0.291877	11375
ONT	PCR_cDNA	B1	2.5kb+	60	0.290694	11375
ONT	PCR_cDNA	B1	2.5kb+	61	0.290259	11375
ONT	PCR_cDNA	B1	2.5kb+	62	0.289364	11375
ONT	PCR_cDNA	B1	2.5kb+	63	0.289152	11375
ONT	PCR_cDNA	B1	2.5kb+	64	0.288979	11375
ONT	PCR_cDNA	B1	2.5kb+	65	0.288563	11375
ONT	PCR_cDNA	B1	2.5kb+	66	0.288715	11375
ONT	PCR_cDNA	B1	2.5kb+	67	0.288558	11375
ONT	PCR_cDNA	B1	2.5kb+	68	0.289017	11375
ONT	PCR_cDNA	B1	2.5kb+	69	0.288789	11375
ONT	PCR_cDNA	B1	2.5kb+	70	0.287942	11375
ONT	PCR_cDNA	B1	2.5kb+	71	0.289164	11375
ONT	PCR_cDNA	B1	2.5kb+	72	0.29014	11375
ONT	PCR_cDNA	B1	2.5kb+	73	0.292412	11375
ONT	PCR_cDNA	B1	2.5kb+	74	0.293292	11375
ONT	PCR_cDNA	B1	2.5kb+	75	0.294551	11375
ONT	PCR_cDNA	B1	2.5kb+	76	0.295908	11375
ONT	PCR_cDNA	B1	2.5kb+	77	0.296916	11375
ONT	PCR_cDNA	B1	2.5kb+	78	0.298247	11375
ONT	PCR_cDNA	B1	2.5kb+	79	0.300028	11375
ONT	PCR_cDNA	B1	2.5kb+	80	0.302204	11375
ONT	PCR_cDNA	B1	2.5kb+	81	0.304453	11375
ONT	PCR_cDNA	B1	2.5kb+	82	0.306784	11375
ONT	PCR_cDNA	B1	2.5kb+	83	0.311079	11375
ONT	PCR_cDNA	B1	2.5kb+	84	0.313957	11375
ONT	PCR_cDNA	B1	2.5kb+	85	0.316969	11375
ONT	PCR_cDNA	B1	2.5kb+	86	0.320092	11375
ONT	PCR_cDNA	B1	2.5kb+	87	0.322849	11375
ONT	PCR_cDNA	B1	2.5kb+	88	0.325636	11375
ONT	PCR_cDNA	B1	2.5kb+	89	0.329035	11375
ONT	PCR_cDNA	B1	2.5kb+	90	0.332721	11375
ONT	PCR_cDNA	B1	2.5kb+	91	0.336173	11375
ONT	PCR_cDNA	B1	2.5kb+	92	0.338887	11375
ONT	PCR_cDNA	B1	2.5kb+	93	0.340809	11375
ONT	PCR_cDNA	B1	2.5kb+	94	0.343479	11375
ONT	PCR_cDNA	B1	2.5kb+	95	0.344944	11375
ONT	PCR_cDNA	B1	2.5kb+	96	0.344323	11375
ONT	PCR_cDNA	B1	2.5kb+	97	0.341812	11375
ONT	PCR_cDNA	B1	2.5kb+	98	0.33216	11375
ONT	PCR_cDNA	B1	2.5kb+	99	0.317755	11375
ONT	PCR_cDNA	B1	2.5kb+	100	0.193633	11375
ONT	PCR_cDNA	B2	0-1kb	0	0.401621	6669
ONT	PCR_cDNA	B2	0-1kb	1	0.468266	6669
ONT	PCR_cDNA	B2	0-1kb	2	0.514681	6669
ONT	PCR_cDNA	B2	0-1kb	3	0.553423	6669
ONT	PCR_cDNA	B2	0-1kb	4	0.587767	6669
ONT	PCR_cDNA	B2	0-1kb	5	0.617176	6669
ONT	PCR_cDNA	B2	0-1kb	6	0.641423	6669
ONT	PCR_cDNA	B2	0-1kb	7	0.661354	6669
ONT	PCR_cDNA	B2	0-1kb	8	0.678574	6669
ONT	PCR_cDNA	B2	0-1kb	9	0.693412	6669
ONT	PCR_cDNA	B2	0-1kb	10	0.706032	6669
ONT	PCR_cDNA	B2	0-1kb	11	0.716341	6669
ONT	PCR_cDNA	B2	0-1kb	12	0.725901	6669
ONT	PCR_cDNA	B2	0-1kb	13	0.734954	6669
ONT	PCR_cDNA	B2	0-1kb	14	0.742377	6669
ONT	PCR_cDNA	B2	0-1kb	15	0.749213	6669
ONT	PCR_cDNA	B2	0-1kb	16	0.7556	6669
ONT	PCR_cDNA	B2	0-1kb	17	0.760541	6669
ONT	PCR_cDNA	B2	0-1kb	18	0.766468	6669
ONT	PCR_cDNA	B2	0-1kb	19	0.770323	6669
ONT	PCR_cDNA	B2	0-1kb	20	0.774472	6669
ONT	PCR_cDNA	B2	0-1kb	21	0.778415	6669
ONT	PCR_cDNA	B2	0-1kb	22	0.782267	6669
ONT	PCR_cDNA	B2	0-1kb	23	0.784291	6669
ONT	PCR_cDNA	B2	0-1kb	24	0.786328	6669
ONT	PCR_cDNA	B2	0-1kb	25	0.789316	6669
ONT	PCR_cDNA	B2	0-1kb	26	0.791355	6669
ONT	PCR_cDNA	B2	0-1kb	27	0.794222	6669
ONT	PCR_cDNA	B2	0-1kb	28	0.796855	6669
ONT	PCR_cDNA	B2	0-1kb	29	0.79839	6669
ONT	PCR_cDNA	B2	0-1kb	30	0.798897	6669
ONT	PCR_cDNA	B2	0-1kb	31	0.799844	6669
ONT	PCR_cDNA	B2	0-1kb	32	0.801078	6669
ONT	PCR_cDNA	B2	0-1kb	33	0.802686	6669
ONT	PCR_cDNA	B2	0-1kb	34	0.804413	6669
ONT	PCR_cDNA	B2	0-1kb	35	0.806081	6669
ONT	PCR_cDNA	B2	0-1kb	36	0.806989	6669
ONT	PCR_cDNA	B2	0-1kb	37	0.808414	6669
ONT	PCR_cDNA	B2	0-1kb	38	0.809241	6669
ONT	PCR_cDNA	B2	0-1kb	39	0.809432	6669
ONT	PCR_cDNA	B2	0-1kb	40	0.809218	6669
ONT	PCR_cDNA	B2	0-1kb	41	0.809993	6669
ONT	PCR_cDNA	B2	0-1kb	42	0.809427	6669
ONT	PCR_cDNA	B2	0-1kb	43	0.809378	6669
ONT	PCR_cDNA	B2	0-1kb	44	0.808371	6669
ONT	PCR_cDNA	B2	0-1kb	45	0.808756	6669
ONT	PCR_cDNA	B2	0-1kb	46	0.809647	6669
ONT	PCR_cDNA	B2	0-1kb	47	0.808726	6669
ONT	PCR_cDNA	B2	0-1kb	48	0.807759	6669
ONT	PCR_cDNA	B2	0-1kb	49	0.807465	6669
ONT	PCR_cDNA	B2	0-1kb	50	0.807656	6669
ONT	PCR_cDNA	B2	0-1kb	51	0.806727	6669
ONT	PCR_cDNA	B2	0-1kb	52	0.804949	6669
ONT	PCR_cDNA	B2	0-1kb	53	0.803628	6669
ONT	PCR_cDNA	B2	0-1kb	54	0.80281	6669
ONT	PCR_cDNA	B2	0-1kb	55	0.801608	6669
ONT	PCR_cDNA	B2	0-1kb	56	0.799468	6669
ONT	PCR_cDNA	B2	0-1kb	57	0.797838	6669
ONT	PCR_cDNA	B2	0-1kb	58	0.796785	6669
ONT	PCR_cDNA	B2	0-1kb	59	0.794902	6669
ONT	PCR_cDNA	B2	0-1kb	60	0.792872	6669
ONT	PCR_cDNA	B2	0-1kb	61	0.791958	6669
ONT	PCR_cDNA	B2	0-1kb	62	0.791949	6669
ONT	PCR_cDNA	B2	0-1kb	63	0.790346	6669
ONT	PCR_cDNA	B2	0-1kb	64	0.788919	6669
ONT	PCR_cDNA	B2	0-1kb	65	0.787593	6669
ONT	PCR_cDNA	B2	0-1kb	66	0.785895	6669
ONT	PCR_cDNA	B2	0-1kb	67	0.78425	6669
ONT	PCR_cDNA	B2	0-1kb	68	0.782235	6669
ONT	PCR_cDNA	B2	0-1kb	69	0.779374	6669
ONT	PCR_cDNA	B2	0-1kb	70	0.777585	6669
ONT	PCR_cDNA	B2	0-1kb	71	0.77574	6669
ONT	PCR_cDNA	B2	0-1kb	72	0.772278	6669
ONT	PCR_cDNA	B2	0-1kb	73	0.768929	6669
ONT	PCR_cDNA	B2	0-1kb	74	0.766839	6669
ONT	PCR_cDNA	B2	0-1kb	75	0.764427	6669
ONT	PCR_cDNA	B2	0-1kb	76	0.762447	6669
ONT	PCR_cDNA	B2	0-1kb	77	0.759967	6669
ONT	PCR_cDNA	B2	0-1kb	78	0.758159	6669
ONT	PCR_cDNA	B2	0-1kb	79	0.755815	6669
ONT	PCR_cDNA	B2	0-1kb	80	0.752532	6669
ONT	PCR_cDNA	B2	0-1kb	81	0.748547	6669
ONT	PCR_cDNA	B2	0-1kb	82	0.744205	6669
ONT	PCR_cDNA	B2	0-1kb	83	0.740615	6669
ONT	PCR_cDNA	B2	0-1kb	84	0.737113	6669
ONT	PCR_cDNA	B2	0-1kb	85	0.732903	6669
ONT	PCR_cDNA	B2	0-1kb	86	0.728374	6669
ONT	PCR_cDNA	B2	0-1kb	87	0.722743	6669
ONT	PCR_cDNA	B2	0-1kb	88	0.717948	6669
ONT	PCR_cDNA	B2	0-1kb	89	0.712541	6669
ONT	PCR_cDNA	B2	0-1kb	90	0.708083	6669
ONT	PCR_cDNA	B2	0-1kb	91	0.701498	6669
ONT	PCR_cDNA	B2	0-1kb	92	0.694499	6669
ONT	PCR_cDNA	B2	0-1kb	93	0.68834	6669
ONT	PCR_cDNA	B2	0-1kb	94	0.681884	6669
ONT	PCR_cDNA	B2	0-1kb	95	0.674852	6669
ONT	PCR_cDNA	B2	0-1kb	96	0.666623	6669
ONT	PCR_cDNA	B2	0-1kb	97	0.653331	6669
ONT	PCR_cDNA	B2	0-1kb	98	0.631548	6669
ONT	PCR_cDNA	B2	0-1kb	99	0.578834	6669
ONT	PCR_cDNA	B2	0-1kb	100	0.417181	6669
ONT	PCR_cDNA	B2	1-2.5kb	0	0.359916	13173
ONT	PCR_cDNA	B2	1-2.5kb	1	0.446981	13173
ONT	PCR_cDNA	B2	1-2.5kb	2	0.503334	13173
ONT	PCR_cDNA	B2	1-2.5kb	3	0.53983	13173
ONT	PCR_cDNA	B2	1-2.5kb	4	0.566714	13173
ONT	PCR_cDNA	B2	1-2.5kb	5	0.586192	13173
ONT	PCR_cDNA	B2	1-2.5kb	6	0.60117	13173
ONT	PCR_cDNA	B2	1-2.5kb	7	0.614442	13173
ONT	PCR_cDNA	B2	1-2.5kb	8	0.625115	13173
ONT	PCR_cDNA	B2	1-2.5kb	9	0.63531	13173
ONT	PCR_cDNA	B2	1-2.5kb	10	0.644317	13173
ONT	PCR_cDNA	B2	1-2.5kb	11	0.652238	13173
ONT	PCR_cDNA	B2	1-2.5kb	12	0.659219	13173
ONT	PCR_cDNA	B2	1-2.5kb	13	0.665773	13173
ONT	PCR_cDNA	B2	1-2.5kb	14	0.672095	13173
ONT	PCR_cDNA	B2	1-2.5kb	15	0.677768	13173
ONT	PCR_cDNA	B2	1-2.5kb	16	0.682992	13173
ONT	PCR_cDNA	B2	1-2.5kb	17	0.688042	13173
ONT	PCR_cDNA	B2	1-2.5kb	18	0.692431	13173
ONT	PCR_cDNA	B2	1-2.5kb	19	0.697451	13173
ONT	PCR_cDNA	B2	1-2.5kb	20	0.701365	13173
ONT	PCR_cDNA	B2	1-2.5kb	21	0.705317	13173
ONT	PCR_cDNA	B2	1-2.5kb	22	0.709249	13173
ONT	PCR_cDNA	B2	1-2.5kb	23	0.712026	13173
ONT	PCR_cDNA	B2	1-2.5kb	24	0.714087	13173
ONT	PCR_cDNA	B2	1-2.5kb	25	0.715322	13173
ONT	PCR_cDNA	B2	1-2.5kb	26	0.717622	13173
ONT	PCR_cDNA	B2	1-2.5kb	27	0.718806	13173
ONT	PCR_cDNA	B2	1-2.5kb	28	0.719931	13173
ONT	PCR_cDNA	B2	1-2.5kb	29	0.722474	13173
ONT	PCR_cDNA	B2	1-2.5kb	30	0.7245	13173
ONT	PCR_cDNA	B2	1-2.5kb	31	0.725576	13173
ONT	PCR_cDNA	B2	1-2.5kb	32	0.72617	13173
ONT	PCR_cDNA	B2	1-2.5kb	33	0.727165	13173
ONT	PCR_cDNA	B2	1-2.5kb	34	0.727583	13173
ONT	PCR_cDNA	B2	1-2.5kb	35	0.728319	13173
ONT	PCR_cDNA	B2	1-2.5kb	36	0.728024	13173
ONT	PCR_cDNA	B2	1-2.5kb	37	0.728763	13173
ONT	PCR_cDNA	B2	1-2.5kb	38	0.728322	13173
ONT	PCR_cDNA	B2	1-2.5kb	39	0.728657	13173
ONT	PCR_cDNA	B2	1-2.5kb	40	0.7283	13173
ONT	PCR_cDNA	B2	1-2.5kb	41	0.727227	13173
ONT	PCR_cDNA	B2	1-2.5kb	42	0.726539	13173
ONT	PCR_cDNA	B2	1-2.5kb	43	0.726586	13173
ONT	PCR_cDNA	B2	1-2.5kb	44	0.725477	13173
ONT	PCR_cDNA	B2	1-2.5kb	45	0.724579	13173
ONT	PCR_cDNA	B2	1-2.5kb	46	0.724173	13173
ONT	PCR_cDNA	B2	1-2.5kb	47	0.723707	13173
ONT	PCR_cDNA	B2	1-2.5kb	48	0.724066	13173
ONT	PCR_cDNA	B2	1-2.5kb	49	0.723647	13173
ONT	PCR_cDNA	B2	1-2.5kb	50	0.723746	13173
ONT	PCR_cDNA	B2	1-2.5kb	51	0.72337	13173
ONT	PCR_cDNA	B2	1-2.5kb	52	0.723112	13173
ONT	PCR_cDNA	B2	1-2.5kb	53	0.722486	13173
ONT	PCR_cDNA	B2	1-2.5kb	54	0.72181	13173
ONT	PCR_cDNA	B2	1-2.5kb	55	0.72061	13173
ONT	PCR_cDNA	B2	1-2.5kb	56	0.719953	13173
ONT	PCR_cDNA	B2	1-2.5kb	57	0.718918	13173
ONT	PCR_cDNA	B2	1-2.5kb	58	0.71828	13173
ONT	PCR_cDNA	B2	1-2.5kb	59	0.716813	13173
ONT	PCR_cDNA	B2	1-2.5kb	60	0.715555	13173
ONT	PCR_cDNA	B2	1-2.5kb	61	0.714047	13173
ONT	PCR_cDNA	B2	1-2.5kb	62	0.713031	13173
ONT	PCR_cDNA	B2	1-2.5kb	63	0.711925	13173
ONT	PCR_cDNA	B2	1-2.5kb	64	0.710484	13173
ONT	PCR_cDNA	B2	1-2.5kb	65	0.709033	13173
ONT	PCR_cDNA	B2	1-2.5kb	66	0.707311	13173
ONT	PCR_cDNA	B2	1-2.5kb	67	0.706165	13173
ONT	PCR_cDNA	B2	1-2.5kb	68	0.705118	13173
ONT	PCR_cDNA	B2	1-2.5kb	69	0.703978	13173
ONT	PCR_cDNA	B2	1-2.5kb	70	0.702318	13173
ONT	PCR_cDNA	B2	1-2.5kb	71	0.700866	13173
ONT	PCR_cDNA	B2	1-2.5kb	72	0.699571	13173
ONT	PCR_cDNA	B2	1-2.5kb	73	0.698655	13173
ONT	PCR_cDNA	B2	1-2.5kb	74	0.697179	13173
ONT	PCR_cDNA	B2	1-2.5kb	75	0.695206	13173
ONT	PCR_cDNA	B2	1-2.5kb	76	0.693358	13173
ONT	PCR_cDNA	B2	1-2.5kb	77	0.690978	13173
ONT	PCR_cDNA	B2	1-2.5kb	78	0.68785	13173
ONT	PCR_cDNA	B2	1-2.5kb	79	0.685661	13173
ONT	PCR_cDNA	B2	1-2.5kb	80	0.683022	13173
ONT	PCR_cDNA	B2	1-2.5kb	81	0.680171	13173
ONT	PCR_cDNA	B2	1-2.5kb	82	0.67681	13173
ONT	PCR_cDNA	B2	1-2.5kb	83	0.673735	13173
ONT	PCR_cDNA	B2	1-2.5kb	84	0.670775	13173
ONT	PCR_cDNA	B2	1-2.5kb	85	0.668059	13173
ONT	PCR_cDNA	B2	1-2.5kb	86	0.665662	13173
ONT	PCR_cDNA	B2	1-2.5kb	87	0.662428	13173
ONT	PCR_cDNA	B2	1-2.5kb	88	0.658546	13173
ONT	PCR_cDNA	B2	1-2.5kb	89	0.654284	13173
ONT	PCR_cDNA	B2	1-2.5kb	90	0.648941	13173
ONT	PCR_cDNA	B2	1-2.5kb	91	0.642507	13173
ONT	PCR_cDNA	B2	1-2.5kb	92	0.637736	13173
ONT	PCR_cDNA	B2	1-2.5kb	93	0.632491	13173
ONT	PCR_cDNA	B2	1-2.5kb	94	0.626759	13173
ONT	PCR_cDNA	B2	1-2.5kb	95	0.619849	13173
ONT	PCR_cDNA	B2	1-2.5kb	96	0.61116	13173
ONT	PCR_cDNA	B2	1-2.5kb	97	0.600895	13173
ONT	PCR_cDNA	B2	1-2.5kb	98	0.589069	13173
ONT	PCR_cDNA	B2	1-2.5kb	99	0.563817	13173
ONT	PCR_cDNA	B2	1-2.5kb	100	0.364408	13173
ONT	PCR_cDNA	B2	2.5kb+	0	0.347883	13254
ONT	PCR_cDNA	B2	2.5kb+	1	0.414376	13254
ONT	PCR_cDNA	B2	2.5kb+	2	0.4448	13254
ONT	PCR_cDNA	B2	2.5kb+	3	0.462292	13254
ONT	PCR_cDNA	B2	2.5kb+	4	0.474338	13254
ONT	PCR_cDNA	B2	2.5kb+	5	0.48278	13254
ONT	PCR_cDNA	B2	2.5kb+	6	0.490366	13254
ONT	PCR_cDNA	B2	2.5kb+	7	0.495145	13254
ONT	PCR_cDNA	B2	2.5kb+	8	0.498684	13254
ONT	PCR_cDNA	B2	2.5kb+	9	0.500779	13254
ONT	PCR_cDNA	B2	2.5kb+	10	0.502379	13254
ONT	PCR_cDNA	B2	2.5kb+	11	0.501626	13254
ONT	PCR_cDNA	B2	2.5kb+	12	0.500628	13254
ONT	PCR_cDNA	B2	2.5kb+	13	0.499782	13254
ONT	PCR_cDNA	B2	2.5kb+	14	0.499054	13254
ONT	PCR_cDNA	B2	2.5kb+	15	0.496462	13254
ONT	PCR_cDNA	B2	2.5kb+	16	0.494746	13254
ONT	PCR_cDNA	B2	2.5kb+	17	0.492277	13254
ONT	PCR_cDNA	B2	2.5kb+	18	0.489469	13254
ONT	PCR_cDNA	B2	2.5kb+	19	0.485858	13254
ONT	PCR_cDNA	B2	2.5kb+	20	0.482453	13254
ONT	PCR_cDNA	B2	2.5kb+	21	0.479035	13254
ONT	PCR_cDNA	B2	2.5kb+	22	0.474794	13254
ONT	PCR_cDNA	B2	2.5kb+	23	0.471092	13254
ONT	PCR_cDNA	B2	2.5kb+	24	0.467251	13254
ONT	PCR_cDNA	B2	2.5kb+	25	0.46347	13254
ONT	PCR_cDNA	B2	2.5kb+	26	0.458978	13254
ONT	PCR_cDNA	B2	2.5kb+	27	0.45508	13254
ONT	PCR_cDNA	B2	2.5kb+	28	0.451545	13254
ONT	PCR_cDNA	B2	2.5kb+	29	0.448779	13254
ONT	PCR_cDNA	B2	2.5kb+	30	0.445413	13254
ONT	PCR_cDNA	B2	2.5kb+	31	0.44136	13254
ONT	PCR_cDNA	B2	2.5kb+	32	0.437422	13254
ONT	PCR_cDNA	B2	2.5kb+	33	0.432412	13254
ONT	PCR_cDNA	B2	2.5kb+	34	0.428878	13254
ONT	PCR_cDNA	B2	2.5kb+	35	0.425291	13254
ONT	PCR_cDNA	B2	2.5kb+	36	0.421529	13254
ONT	PCR_cDNA	B2	2.5kb+	37	0.418864	13254
ONT	PCR_cDNA	B2	2.5kb+	38	0.415378	13254
ONT	PCR_cDNA	B2	2.5kb+	39	0.411404	13254
ONT	PCR_cDNA	B2	2.5kb+	40	0.407469	13254
ONT	PCR_cDNA	B2	2.5kb+	41	0.404401	13254
ONT	PCR_cDNA	B2	2.5kb+	42	0.400586	13254
ONT	PCR_cDNA	B2	2.5kb+	43	0.397587	13254
ONT	PCR_cDNA	B2	2.5kb+	44	0.393864	13254
ONT	PCR_cDNA	B2	2.5kb+	45	0.390623	13254
ONT	PCR_cDNA	B2	2.5kb+	46	0.386915	13254
ONT	PCR_cDNA	B2	2.5kb+	47	0.384234	13254
ONT	PCR_cDNA	B2	2.5kb+	48	0.381051	13254
ONT	PCR_cDNA	B2	2.5kb+	49	0.377714	13254
ONT	PCR_cDNA	B2	2.5kb+	50	0.375023	13254
ONT	PCR_cDNA	B2	2.5kb+	51	0.37211	13254
ONT	PCR_cDNA	B2	2.5kb+	52	0.369455	13254
ONT	PCR_cDNA	B2	2.5kb+	53	0.366647	13254
ONT	PCR_cDNA	B2	2.5kb+	54	0.363609	13254
ONT	PCR_cDNA	B2	2.5kb+	55	0.360687	13254
ONT	PCR_cDNA	B2	2.5kb+	56	0.358859	13254
ONT	PCR_cDNA	B2	2.5kb+	57	0.356142	13254
ONT	PCR_cDNA	B2	2.5kb+	58	0.355081	13254
ONT	PCR_cDNA	B2	2.5kb+	59	0.353765	13254
ONT	PCR_cDNA	B2	2.5kb+	60	0.352078	13254
ONT	PCR_cDNA	B2	2.5kb+	61	0.350552	13254
ONT	PCR_cDNA	B2	2.5kb+	62	0.348908	13254
ONT	PCR_cDNA	B2	2.5kb+	63	0.348153	13254
ONT	PCR_cDNA	B2	2.5kb+	64	0.347039	13254
ONT	PCR_cDNA	B2	2.5kb+	65	0.345042	13254
ONT	PCR_cDNA	B2	2.5kb+	66	0.34399	13254
ONT	PCR_cDNA	B2	2.5kb+	67	0.343196	13254
ONT	PCR_cDNA	B2	2.5kb+	68	0.342394	13254
ONT	PCR_cDNA	B2	2.5kb+	69	0.341285	13254
ONT	PCR_cDNA	B2	2.5kb+	70	0.339299	13254
ONT	PCR_cDNA	B2	2.5kb+	71	0.339313	13254
ONT	PCR_cDNA	B2	2.5kb+	72	0.33962	13254
ONT	PCR_cDNA	B2	2.5kb+	73	0.340759	13254
ONT	PCR_cDNA	B2	2.5kb+	74	0.340861	13254
ONT	PCR_cDNA	B2	2.5kb+	75	0.341037	13254
ONT	PCR_cDNA	B2	2.5kb+	76	0.340855	13254
ONT	PCR_cDNA	B2	2.5kb+	77	0.341057	13254
ONT	PCR_cDNA	B2	2.5kb+	78	0.341342	13254
ONT	PCR_cDNA	B2	2.5kb+	79	0.342078	13254
ONT	PCR_cDNA	B2	2.5kb+	80	0.342915	13254
ONT	PCR_cDNA	B2	2.5kb+	81	0.344038	13254
ONT	PCR_cDNA	B2	2.5kb+	82	0.344593	13254
ONT	PCR_cDNA	B2	2.5kb+	83	0.346796	13254
ONT	PCR_cDNA	B2	2.5kb+	84	0.347658	13254
ONT	PCR_cDNA	B2	2.5kb+	85	0.348618	13254
ONT	PCR_cDNA	B2	2.5kb+	86	0.35023	13254
ONT	PCR_cDNA	B2	2.5kb+	87	0.351277	13254
ONT	PCR_cDNA	B2	2.5kb+	88	0.352141	13254
ONT	PCR_cDNA	B2	2.5kb+	89	0.353066	13254
ONT	PCR_cDNA	B2	2.5kb+	90	0.354197	13254
ONT	PCR_cDNA	B2	2.5kb+	91	0.354568	13254
ONT	PCR_cDNA	B2	2.5kb+	92	0.355052	13254
ONT	PCR_cDNA	B2	2.5kb+	93	0.353982	13254
ONT	PCR_cDNA	B2	2.5kb+	94	0.354421	13254
ONT	PCR_cDNA	B2	2.5kb+	95	0.353822	13254
ONT	PCR_cDNA	B2	2.5kb+	96	0.351887	13254
ONT	PCR_cDNA	B2	2.5kb+	97	0.347839	13254
ONT	PCR_cDNA	B2	2.5kb+	98	0.337601	13254
ONT	PCR_cDNA	B2	2.5kb+	99	0.324333	13254
ONT	PCR_cDNA	B2	2.5kb+	100	0.200306	13254
PacBio	PCR_cDNA	B1	0-1kb	0	0.480165	3282
PacBio	PCR_cDNA	B1	0-1kb	1	0.531442	3282
PacBio	PCR_cDNA	B1	0-1kb	2	0.57168	3282
PacBio	PCR_cDNA	B1	0-1kb	3	0.606015	3282
PacBio	PCR_cDNA	B1	0-1kb	4	0.633039	3282
PacBio	PCR_cDNA	B1	0-1kb	5	0.656602	3282
PacBio	PCR_cDNA	B1	0-1kb	6	0.676305	3282
PacBio	PCR_cDNA	B1	0-1kb	7	0.693376	3282
PacBio	PCR_cDNA	B1	0-1kb	8	0.70589	3282
PacBio	PCR_cDNA	B1	0-1kb	9	0.718237	3282
PacBio	PCR_cDNA	B1	0-1kb	10	0.728624	3282
PacBio	PCR_cDNA	B1	0-1kb	11	0.738212	3282
PacBio	PCR_cDNA	B1	0-1kb	12	0.747621	3282
PacBio	PCR_cDNA	B1	0-1kb	13	0.755176	3282
PacBio	PCR_cDNA	B1	0-1kb	14	0.761606	3282
PacBio	PCR_cDNA	B1	0-1kb	15	0.76783	3282
PacBio	PCR_cDNA	B1	0-1kb	16	0.773383	3282
PacBio	PCR_cDNA	B1	0-1kb	17	0.77868	3282
PacBio	PCR_cDNA	B1	0-1kb	18	0.782259	3282
PacBio	PCR_cDNA	B1	0-1kb	19	0.785485	3282
PacBio	PCR_cDNA	B1	0-1kb	20	0.79012	3282
PacBio	PCR_cDNA	B1	0-1kb	21	0.794677	3282
PacBio	PCR_cDNA	B1	0-1kb	22	0.797166	3282
PacBio	PCR_cDNA	B1	0-1kb	23	0.798911	3282
PacBio	PCR_cDNA	B1	0-1kb	24	0.80306	3282
PacBio	PCR_cDNA	B1	0-1kb	25	0.803877	3282
PacBio	PCR_cDNA	B1	0-1kb	26	0.802252	3282
PacBio	PCR_cDNA	B1	0-1kb	27	0.803993	3282
PacBio	PCR_cDNA	B1	0-1kb	28	0.808564	3282
PacBio	PCR_cDNA	B1	0-1kb	29	0.809071	3282
PacBio	PCR_cDNA	B1	0-1kb	30	0.811023	3282
PacBio	PCR_cDNA	B1	0-1kb	31	0.810701	3282
PacBio	PCR_cDNA	B1	0-1kb	32	0.813643	3282
PacBio	PCR_cDNA	B1	0-1kb	33	0.813245	3282
PacBio	PCR_cDNA	B1	0-1kb	34	0.814869	3282
PacBio	PCR_cDNA	B1	0-1kb	35	0.81381	3282
PacBio	PCR_cDNA	B1	0-1kb	36	0.816308	3282
PacBio	PCR_cDNA	B1	0-1kb	37	0.81727	3282
PacBio	PCR_cDNA	B1	0-1kb	38	0.817681	3282
PacBio	PCR_cDNA	B1	0-1kb	39	0.816266	3282
PacBio	PCR_cDNA	B1	0-1kb	40	0.817093	3282
PacBio	PCR_cDNA	B1	0-1kb	41	0.816718	3282
PacBio	PCR_cDNA	B1	0-1kb	42	0.816316	3282
PacBio	PCR_cDNA	B1	0-1kb	43	0.815704	3282
PacBio	PCR_cDNA	B1	0-1kb	44	0.814902	3282
PacBio	PCR_cDNA	B1	0-1kb	45	0.816495	3282
PacBio	PCR_cDNA	B1	0-1kb	46	0.81525	3282
PacBio	PCR_cDNA	B1	0-1kb	47	0.814194	3282
PacBio	PCR_cDNA	B1	0-1kb	48	0.814409	3282
PacBio	PCR_cDNA	B1	0-1kb	49	0.811734	3282
PacBio	PCR_cDNA	B1	0-1kb	50	0.810895	3282
PacBio	PCR_cDNA	B1	0-1kb	51	0.809588	3282
PacBio	PCR_cDNA	B1	0-1kb	52	0.808739	3282
PacBio	PCR_cDNA	B1	0-1kb	53	0.809273	3282
PacBio	PCR_cDNA	B1	0-1kb	54	0.809504	3282
PacBio	PCR_cDNA	B1	0-1kb	55	0.807523	3282
PacBio	PCR_cDNA	B1	0-1kb	56	0.804513	3282
PacBio	PCR_cDNA	B1	0-1kb	57	0.801777	3282
PacBio	PCR_cDNA	B1	0-1kb	58	0.798627	3282
PacBio	PCR_cDNA	B1	0-1kb	59	0.79622	3282
PacBio	PCR_cDNA	B1	0-1kb	60	0.793728	3282
PacBio	PCR_cDNA	B1	0-1kb	61	0.791806	3282
PacBio	PCR_cDNA	B1	0-1kb	62	0.790786	3282
PacBio	PCR_cDNA	B1	0-1kb	63	0.78939	3282
PacBio	PCR_cDNA	B1	0-1kb	64	0.787518	3282
PacBio	PCR_cDNA	B1	0-1kb	65	0.784547	3282
PacBio	PCR_cDNA	B1	0-1kb	66	0.781586	3282
PacBio	PCR_cDNA	B1	0-1kb	67	0.77978	3282
PacBio	PCR_cDNA	B1	0-1kb	68	0.778088	3282
PacBio	PCR_cDNA	B1	0-1kb	69	0.774441	3282
PacBio	PCR_cDNA	B1	0-1kb	70	0.770244	3282
PacBio	PCR_cDNA	B1	0-1kb	71	0.76533	3282
PacBio	PCR_cDNA	B1	0-1kb	72	0.761879	3282
PacBio	PCR_cDNA	B1	0-1kb	73	0.756742	3282
PacBio	PCR_cDNA	B1	0-1kb	74	0.754818	3282
PacBio	PCR_cDNA	B1	0-1kb	75	0.749794	3282
PacBio	PCR_cDNA	B1	0-1kb	76	0.747795	3282
PacBio	PCR_cDNA	B1	0-1kb	77	0.743056	3282
PacBio	PCR_cDNA	B1	0-1kb	78	0.738468	3282
PacBio	PCR_cDNA	B1	0-1kb	79	0.733776	3282
PacBio	PCR_cDNA	B1	0-1kb	80	0.729876	3282
PacBio	PCR_cDNA	B1	0-1kb	81	0.725645	3282
PacBio	PCR_cDNA	B1	0-1kb	82	0.723084	3282
PacBio	PCR_cDNA	B1	0-1kb	83	0.72164	3282
PacBio	PCR_cDNA	B1	0-1kb	84	0.718695	3282
PacBio	PCR_cDNA	B1	0-1kb	85	0.713487	3282
PacBio	PCR_cDNA	B1	0-1kb	86	0.709275	3282
PacBio	PCR_cDNA	B1	0-1kb	87	0.703691	3282
PacBio	PCR_cDNA	B1	0-1kb	88	0.700637	3282
PacBio	PCR_cDNA	B1	0-1kb	89	0.696708	3282
PacBio	PCR_cDNA	B1	0-1kb	90	0.691382	3282
PacBio	PCR_cDNA	B1	0-1kb	91	0.687157	3282
PacBio	PCR_cDNA	B1	0-1kb	92	0.682347	3282
PacBio	PCR_cDNA	B1	0-1kb	93	0.677753	3282
PacBio	PCR_cDNA	B1	0-1kb	94	0.673286	3282
PacBio	PCR_cDNA	B1	0-1kb	95	0.665586	3282
PacBio	PCR_cDNA	B1	0-1kb	96	0.657681	3282
PacBio	PCR_cDNA	B1	0-1kb	97	0.647478	3282
PacBio	PCR_cDNA	B1	0-1kb	98	0.628843	3282
PacBio	PCR_cDNA	B1	0-1kb	99	0.595031	3282
PacBio	PCR_cDNA	B1	0-1kb	100	0.422556	3282
PacBio	PCR_cDNA	B1	1-2.5kb	0	0.432921	15449
PacBio	PCR_cDNA	B1	1-2.5kb	1	0.527829	15449
PacBio	PCR_cDNA	B1	1-2.5kb	2	0.587394	15449
PacBio	PCR_cDNA	B1	1-2.5kb	3	0.623844	15449
PacBio	PCR_cDNA	B1	1-2.5kb	4	0.650922	15449
PacBio	PCR_cDNA	B1	1-2.5kb	5	0.670928	15449
PacBio	PCR_cDNA	B1	1-2.5kb	6	0.687865	15449
PacBio	PCR_cDNA	B1	1-2.5kb	7	0.701818	15449
PacBio	PCR_cDNA	B1	1-2.5kb	8	0.714734	15449
PacBio	PCR_cDNA	B1	1-2.5kb	9	0.727588	15449
PacBio	PCR_cDNA	B1	1-2.5kb	10	0.739193	15449
PacBio	PCR_cDNA	B1	1-2.5kb	11	0.750106	15449
PacBio	PCR_cDNA	B1	1-2.5kb	12	0.759294	15449
PacBio	PCR_cDNA	B1	1-2.5kb	13	0.76868	15449
PacBio	PCR_cDNA	B1	1-2.5kb	14	0.776792	15449
PacBio	PCR_cDNA	B1	1-2.5kb	15	0.785251	15449
PacBio	PCR_cDNA	B1	1-2.5kb	16	0.793686	15449
PacBio	PCR_cDNA	B1	1-2.5kb	17	0.801921	15449
PacBio	PCR_cDNA	B1	1-2.5kb	18	0.808968	15449
PacBio	PCR_cDNA	B1	1-2.5kb	19	0.815616	15449
PacBio	PCR_cDNA	B1	1-2.5kb	20	0.821973	15449
PacBio	PCR_cDNA	B1	1-2.5kb	21	0.82884	15449
PacBio	PCR_cDNA	B1	1-2.5kb	22	0.835005	15449
PacBio	PCR_cDNA	B1	1-2.5kb	23	0.840804	15449
PacBio	PCR_cDNA	B1	1-2.5kb	24	0.845957	15449
PacBio	PCR_cDNA	B1	1-2.5kb	25	0.85084	15449
PacBio	PCR_cDNA	B1	1-2.5kb	26	0.855646	15449
PacBio	PCR_cDNA	B1	1-2.5kb	27	0.859361	15449
PacBio	PCR_cDNA	B1	1-2.5kb	28	0.863305	15449
PacBio	PCR_cDNA	B1	1-2.5kb	29	0.867647	15449
PacBio	PCR_cDNA	B1	1-2.5kb	30	0.871379	15449
PacBio	PCR_cDNA	B1	1-2.5kb	31	0.87497	15449
PacBio	PCR_cDNA	B1	1-2.5kb	32	0.878368	15449
PacBio	PCR_cDNA	B1	1-2.5kb	33	0.88139	15449
PacBio	PCR_cDNA	B1	1-2.5kb	34	0.884258	15449
PacBio	PCR_cDNA	B1	1-2.5kb	35	0.887152	15449
PacBio	PCR_cDNA	B1	1-2.5kb	36	0.889608	15449
PacBio	PCR_cDNA	B1	1-2.5kb	37	0.891879	15449
PacBio	PCR_cDNA	B1	1-2.5kb	38	0.893696	15449
PacBio	PCR_cDNA	B1	1-2.5kb	39	0.89547	15449
PacBio	PCR_cDNA	B1	1-2.5kb	40	0.897643	15449
PacBio	PCR_cDNA	B1	1-2.5kb	41	0.899322	15449
PacBio	PCR_cDNA	B1	1-2.5kb	42	0.901148	15449
PacBio	PCR_cDNA	B1	1-2.5kb	43	0.902314	15449
PacBio	PCR_cDNA	B1	1-2.5kb	44	0.90337	15449
PacBio	PCR_cDNA	B1	1-2.5kb	45	0.904525	15449
PacBio	PCR_cDNA	B1	1-2.5kb	46	0.905136	15449
PacBio	PCR_cDNA	B1	1-2.5kb	47	0.90596	15449
PacBio	PCR_cDNA	B1	1-2.5kb	48	0.907197	15449
PacBio	PCR_cDNA	B1	1-2.5kb	49	0.907069	15449
PacBio	PCR_cDNA	B1	1-2.5kb	50	0.907196	15449
PacBio	PCR_cDNA	B1	1-2.5kb	51	0.907024	15449
PacBio	PCR_cDNA	B1	1-2.5kb	52	0.906208	15449
PacBio	PCR_cDNA	B1	1-2.5kb	53	0.905921	15449
PacBio	PCR_cDNA	B1	1-2.5kb	54	0.905599	15449
PacBio	PCR_cDNA	B1	1-2.5kb	55	0.904722	15449
PacBio	PCR_cDNA	B1	1-2.5kb	56	0.90357	15449
PacBio	PCR_cDNA	B1	1-2.5kb	57	0.902652	15449
PacBio	PCR_cDNA	B1	1-2.5kb	58	0.90165	15449
PacBio	PCR_cDNA	B1	1-2.5kb	59	0.900098	15449
PacBio	PCR_cDNA	B1	1-2.5kb	60	0.898829	15449
PacBio	PCR_cDNA	B1	1-2.5kb	61	0.896909	15449
PacBio	PCR_cDNA	B1	1-2.5kb	62	0.894864	15449
PacBio	PCR_cDNA	B1	1-2.5kb	63	0.893718	15449
PacBio	PCR_cDNA	B1	1-2.5kb	64	0.89167	15449
PacBio	PCR_cDNA	B1	1-2.5kb	65	0.889383	15449
PacBio	PCR_cDNA	B1	1-2.5kb	66	0.887161	15449
PacBio	PCR_cDNA	B1	1-2.5kb	67	0.884485	15449
PacBio	PCR_cDNA	B1	1-2.5kb	68	0.882281	15449
PacBio	PCR_cDNA	B1	1-2.5kb	69	0.87982	15449
PacBio	PCR_cDNA	B1	1-2.5kb	70	0.876894	15449
PacBio	PCR_cDNA	B1	1-2.5kb	71	0.8735	15449
PacBio	PCR_cDNA	B1	1-2.5kb	72	0.870378	15449
PacBio	PCR_cDNA	B1	1-2.5kb	73	0.8675	15449
PacBio	PCR_cDNA	B1	1-2.5kb	74	0.864215	15449
PacBio	PCR_cDNA	B1	1-2.5kb	75	0.859825	15449
PacBio	PCR_cDNA	B1	1-2.5kb	76	0.856128	15449
PacBio	PCR_cDNA	B1	1-2.5kb	77	0.851436	15449
PacBio	PCR_cDNA	B1	1-2.5kb	78	0.846947	15449
PacBio	PCR_cDNA	B1	1-2.5kb	79	0.842859	15449
PacBio	PCR_cDNA	B1	1-2.5kb	80	0.837798	15449
PacBio	PCR_cDNA	B1	1-2.5kb	81	0.832649	15449
PacBio	PCR_cDNA	B1	1-2.5kb	82	0.828082	15449
PacBio	PCR_cDNA	B1	1-2.5kb	83	0.822765	15449
PacBio	PCR_cDNA	B1	1-2.5kb	84	0.817405	15449
PacBio	PCR_cDNA	B1	1-2.5kb	85	0.812068	15449
PacBio	PCR_cDNA	B1	1-2.5kb	86	0.80694	15449
PacBio	PCR_cDNA	B1	1-2.5kb	87	0.80168	15449
PacBio	PCR_cDNA	B1	1-2.5kb	88	0.795472	15449
PacBio	PCR_cDNA	B1	1-2.5kb	89	0.789285	15449
PacBio	PCR_cDNA	B1	1-2.5kb	90	0.782225	15449
PacBio	PCR_cDNA	B1	1-2.5kb	91	0.7732	15449
PacBio	PCR_cDNA	B1	1-2.5kb	92	0.76557	15449
PacBio	PCR_cDNA	B1	1-2.5kb	93	0.757543	15449
PacBio	PCR_cDNA	B1	1-2.5kb	94	0.748407	15449
PacBio	PCR_cDNA	B1	1-2.5kb	95	0.73863	15449
PacBio	PCR_cDNA	B1	1-2.5kb	96	0.728022	15449
PacBio	PCR_cDNA	B1	1-2.5kb	97	0.715094	15449
PacBio	PCR_cDNA	B1	1-2.5kb	98	0.696393	15449
PacBio	PCR_cDNA	B1	1-2.5kb	99	0.65078	15449
PacBio	PCR_cDNA	B1	1-2.5kb	100	0.263879	15449
PacBio	PCR_cDNA	B1	2.5kb+	0	0.329167	25515
PacBio	PCR_cDNA	B1	2.5kb+	1	0.38654	25515
PacBio	PCR_cDNA	B1	2.5kb+	2	0.414368	25515
PacBio	PCR_cDNA	B1	2.5kb+	3	0.432724	25515
PacBio	PCR_cDNA	B1	2.5kb+	4	0.447748	25515
PacBio	PCR_cDNA	B1	2.5kb+	5	0.460728	25515
PacBio	PCR_cDNA	B1	2.5kb+	6	0.473032	25515
PacBio	PCR_cDNA	B1	2.5kb+	7	0.483593	25515
PacBio	PCR_cDNA	B1	2.5kb+	8	0.4931	25515
PacBio	PCR_cDNA	B1	2.5kb+	9	0.501116	25515
PacBio	PCR_cDNA	B1	2.5kb+	10	0.509227	25515
PacBio	PCR_cDNA	B1	2.5kb+	11	0.516365	25515
PacBio	PCR_cDNA	B1	2.5kb+	12	0.523081	25515
PacBio	PCR_cDNA	B1	2.5kb+	13	0.529712	25515
PacBio	PCR_cDNA	B1	2.5kb+	14	0.535922	25515
PacBio	PCR_cDNA	B1	2.5kb+	15	0.541421	25515
PacBio	PCR_cDNA	B1	2.5kb+	16	0.546928	25515
PacBio	PCR_cDNA	B1	2.5kb+	17	0.552215	25515
PacBio	PCR_cDNA	B1	2.5kb+	18	0.557342	25515
PacBio	PCR_cDNA	B1	2.5kb+	19	0.56166	25515
PacBio	PCR_cDNA	B1	2.5kb+	20	0.566308	25515
PacBio	PCR_cDNA	B1	2.5kb+	21	0.570718	25515
PacBio	PCR_cDNA	B1	2.5kb+	22	0.574778	25515
PacBio	PCR_cDNA	B1	2.5kb+	23	0.578354	25515
PacBio	PCR_cDNA	B1	2.5kb+	24	0.582054	25515
PacBio	PCR_cDNA	B1	2.5kb+	25	0.585454	25515
PacBio	PCR_cDNA	B1	2.5kb+	26	0.588495	25515
PacBio	PCR_cDNA	B1	2.5kb+	27	0.591264	25515
PacBio	PCR_cDNA	B1	2.5kb+	28	0.594156	25515
PacBio	PCR_cDNA	B1	2.5kb+	29	0.597627	25515
PacBio	PCR_cDNA	B1	2.5kb+	30	0.600087	25515
PacBio	PCR_cDNA	B1	2.5kb+	31	0.602568	25515
PacBio	PCR_cDNA	B1	2.5kb+	32	0.604425	25515
PacBio	PCR_cDNA	B1	2.5kb+	33	0.606088	25515
PacBio	PCR_cDNA	B1	2.5kb+	34	0.608189	25515
PacBio	PCR_cDNA	B1	2.5kb+	35	0.610307	25515
PacBio	PCR_cDNA	B1	2.5kb+	36	0.612138	25515
PacBio	PCR_cDNA	B1	2.5kb+	37	0.614099	25515
PacBio	PCR_cDNA	B1	2.5kb+	38	0.615781	25515
PacBio	PCR_cDNA	B1	2.5kb+	39	0.616847	25515
PacBio	PCR_cDNA	B1	2.5kb+	40	0.618306	25515
PacBio	PCR_cDNA	B1	2.5kb+	41	0.619395	25515
PacBio	PCR_cDNA	B1	2.5kb+	42	0.620987	25515
PacBio	PCR_cDNA	B1	2.5kb+	43	0.622283	25515
PacBio	PCR_cDNA	B1	2.5kb+	44	0.623434	25515
PacBio	PCR_cDNA	B1	2.5kb+	45	0.624161	25515
PacBio	PCR_cDNA	B1	2.5kb+	46	0.624324	25515
PacBio	PCR_cDNA	B1	2.5kb+	47	0.625665	25515
PacBio	PCR_cDNA	B1	2.5kb+	48	0.626773	25515
PacBio	PCR_cDNA	B1	2.5kb+	49	0.627362	25515
PacBio	PCR_cDNA	B1	2.5kb+	50	0.628408	25515
PacBio	PCR_cDNA	B1	2.5kb+	51	0.628601	25515
PacBio	PCR_cDNA	B1	2.5kb+	52	0.62915	25515
PacBio	PCR_cDNA	B1	2.5kb+	53	0.629022	25515
PacBio	PCR_cDNA	B1	2.5kb+	54	0.628544	25515
PacBio	PCR_cDNA	B1	2.5kb+	55	0.628112	25515
PacBio	PCR_cDNA	B1	2.5kb+	56	0.628429	25515
PacBio	PCR_cDNA	B1	2.5kb+	57	0.627742	25515
PacBio	PCR_cDNA	B1	2.5kb+	58	0.627918	25515
PacBio	PCR_cDNA	B1	2.5kb+	59	0.627454	25515
PacBio	PCR_cDNA	B1	2.5kb+	60	0.626571	25515
PacBio	PCR_cDNA	B1	2.5kb+	61	0.626025	25515
PacBio	PCR_cDNA	B1	2.5kb+	62	0.625098	25515
PacBio	PCR_cDNA	B1	2.5kb+	63	0.624386	25515
PacBio	PCR_cDNA	B1	2.5kb+	64	0.622862	25515
PacBio	PCR_cDNA	B1	2.5kb+	65	0.621113	25515
PacBio	PCR_cDNA	B1	2.5kb+	66	0.619274	25515
PacBio	PCR_cDNA	B1	2.5kb+	67	0.617838	25515
PacBio	PCR_cDNA	B1	2.5kb+	68	0.615925	25515
PacBio	PCR_cDNA	B1	2.5kb+	69	0.612666	25515
PacBio	PCR_cDNA	B1	2.5kb+	70	0.610184	25515
PacBio	PCR_cDNA	B1	2.5kb+	71	0.607682	25515
PacBio	PCR_cDNA	B1	2.5kb+	72	0.605386	25515
PacBio	PCR_cDNA	B1	2.5kb+	73	0.60251	25515
PacBio	PCR_cDNA	B1	2.5kb+	74	0.598754	25515
PacBio	PCR_cDNA	B1	2.5kb+	75	0.595651	25515
PacBio	PCR_cDNA	B1	2.5kb+	76	0.591797	25515
PacBio	PCR_cDNA	B1	2.5kb+	77	0.587376	25515
PacBio	PCR_cDNA	B1	2.5kb+	78	0.582894	25515
PacBio	PCR_cDNA	B1	2.5kb+	79	0.578372	25515
PacBio	PCR_cDNA	B1	2.5kb+	80	0.574219	25515
PacBio	PCR_cDNA	B1	2.5kb+	81	0.569697	25515
PacBio	PCR_cDNA	B1	2.5kb+	82	0.564689	25515
PacBio	PCR_cDNA	B1	2.5kb+	83	0.559199	25515
PacBio	PCR_cDNA	B1	2.5kb+	84	0.553959	25515
PacBio	PCR_cDNA	B1	2.5kb+	85	0.548561	25515
PacBio	PCR_cDNA	B1	2.5kb+	86	0.541545	25515
PacBio	PCR_cDNA	B1	2.5kb+	87	0.534618	25515
PacBio	PCR_cDNA	B1	2.5kb+	88	0.526695	25515
PacBio	PCR_cDNA	B1	2.5kb+	89	0.519421	25515
PacBio	PCR_cDNA	B1	2.5kb+	90	0.511176	25515
PacBio	PCR_cDNA	B1	2.5kb+	91	0.503977	25515
PacBio	PCR_cDNA	B1	2.5kb+	92	0.496038	25515
PacBio	PCR_cDNA	B1	2.5kb+	93	0.487218	25515
PacBio	PCR_cDNA	B1	2.5kb+	94	0.478224	25515
PacBio	PCR_cDNA	B1	2.5kb+	95	0.46713	25515
PacBio	PCR_cDNA	B1	2.5kb+	96	0.457268	25515
PacBio	PCR_cDNA	B1	2.5kb+	97	0.445553	25515
PacBio	PCR_cDNA	B1	2.5kb+	98	0.431006	25515
PacBio	PCR_cDNA	B1	2.5kb+	99	0.410922	25515
PacBio	PCR_cDNA	B1	2.5kb+	100	0.12094	25515
PacBio	PCR_cDNA	B2	0-1kb	0	0.483324	3535
PacBio	PCR_cDNA	B2	0-1kb	1	0.532875	3535
PacBio	PCR_cDNA	B2	0-1kb	2	0.572535	3535
PacBio	PCR_cDNA	B2	0-1kb	3	0.60611	3535
PacBio	PCR_cDNA	B2	0-1kb	4	0.634242	3535
PacBio	PCR_cDNA	B2	0-1kb	5	0.657972	3535
PacBio	PCR_cDNA	B2	0-1kb	6	0.677945	3535
PacBio	PCR_cDNA	B2	0-1kb	7	0.696189	3535
PacBio	PCR_cDNA	B2	0-1kb	8	0.70752	3535
PacBio	PCR_cDNA	B2	0-1kb	9	0.719786	3535
PacBio	PCR_cDNA	B2	0-1kb	10	0.729825	3535
PacBio	PCR_cDNA	B2	0-1kb	11	0.740314	3535
PacBio	PCR_cDNA	B2	0-1kb	12	0.750037	3535
PacBio	PCR_cDNA	B2	0-1kb	13	0.757321	3535
PacBio	PCR_cDNA	B2	0-1kb	14	0.764746	3535
PacBio	PCR_cDNA	B2	0-1kb	15	0.770588	3535
PacBio	PCR_cDNA	B2	0-1kb	16	0.7754	3535
PacBio	PCR_cDNA	B2	0-1kb	17	0.779648	3535
PacBio	PCR_cDNA	B2	0-1kb	18	0.784076	3535
PacBio	PCR_cDNA	B2	0-1kb	19	0.787947	3535
PacBio	PCR_cDNA	B2	0-1kb	20	0.792299	3535
PacBio	PCR_cDNA	B2	0-1kb	21	0.796243	3535
PacBio	PCR_cDNA	B2	0-1kb	22	0.798246	3535
PacBio	PCR_cDNA	B2	0-1kb	23	0.802647	3535
PacBio	PCR_cDNA	B2	0-1kb	24	0.805798	3535
PacBio	PCR_cDNA	B2	0-1kb	25	0.806696	3535
PacBio	PCR_cDNA	B2	0-1kb	26	0.806017	3535
PacBio	PCR_cDNA	B2	0-1kb	27	0.80645	3535
PacBio	PCR_cDNA	B2	0-1kb	28	0.810808	3535
PacBio	PCR_cDNA	B2	0-1kb	29	0.811788	3535
PacBio	PCR_cDNA	B2	0-1kb	30	0.813924	3535
PacBio	PCR_cDNA	B2	0-1kb	31	0.813758	3535
PacBio	PCR_cDNA	B2	0-1kb	32	0.816629	3535
PacBio	PCR_cDNA	B2	0-1kb	33	0.818327	3535
PacBio	PCR_cDNA	B2	0-1kb	34	0.817654	3535
PacBio	PCR_cDNA	B2	0-1kb	35	0.816269	3535
PacBio	PCR_cDNA	B2	0-1kb	36	0.817878	3535
PacBio	PCR_cDNA	B2	0-1kb	37	0.818694	3535
PacBio	PCR_cDNA	B2	0-1kb	38	0.818385	3535
PacBio	PCR_cDNA	B2	0-1kb	39	0.817273	3535
PacBio	PCR_cDNA	B2	0-1kb	40	0.817875	3535
PacBio	PCR_cDNA	B2	0-1kb	41	0.817214	3535
PacBio	PCR_cDNA	B2	0-1kb	42	0.816792	3535
PacBio	PCR_cDNA	B2	0-1kb	43	0.815312	3535
PacBio	PCR_cDNA	B2	0-1kb	44	0.814847	3535
PacBio	PCR_cDNA	B2	0-1kb	45	0.815614	3535
PacBio	PCR_cDNA	B2	0-1kb	46	0.812982	3535
PacBio	PCR_cDNA	B2	0-1kb	47	0.813342	3535
PacBio	PCR_cDNA	B2	0-1kb	48	0.81293	3535
PacBio	PCR_cDNA	B2	0-1kb	49	0.81237	3535
PacBio	PCR_cDNA	B2	0-1kb	50	0.811079	3535
PacBio	PCR_cDNA	B2	0-1kb	51	0.809679	3535
PacBio	PCR_cDNA	B2	0-1kb	52	0.807515	3535
PacBio	PCR_cDNA	B2	0-1kb	53	0.808009	3535
PacBio	PCR_cDNA	B2	0-1kb	54	0.806087	3535
PacBio	PCR_cDNA	B2	0-1kb	55	0.803177	3535
PacBio	PCR_cDNA	B2	0-1kb	56	0.800687	3535
PacBio	PCR_cDNA	B2	0-1kb	57	0.798601	3535
PacBio	PCR_cDNA	B2	0-1kb	58	0.796746	3535
PacBio	PCR_cDNA	B2	0-1kb	59	0.795428	3535
PacBio	PCR_cDNA	B2	0-1kb	60	0.793612	3535
PacBio	PCR_cDNA	B2	0-1kb	61	0.791248	3535
PacBio	PCR_cDNA	B2	0-1kb	62	0.789435	3535
PacBio	PCR_cDNA	B2	0-1kb	63	0.787217	3535
PacBio	PCR_cDNA	B2	0-1kb	64	0.784795	3535
PacBio	PCR_cDNA	B2	0-1kb	65	0.780999	3535
PacBio	PCR_cDNA	B2	0-1kb	66	0.778452	3535
PacBio	PCR_cDNA	B2	0-1kb	67	0.776289	3535
PacBio	PCR_cDNA	B2	0-1kb	68	0.774138	3535
PacBio	PCR_cDNA	B2	0-1kb	69	0.771339	3535
PacBio	PCR_cDNA	B2	0-1kb	70	0.767621	3535
PacBio	PCR_cDNA	B2	0-1kb	71	0.762569	3535
PacBio	PCR_cDNA	B2	0-1kb	72	0.758192	3535
PacBio	PCR_cDNA	B2	0-1kb	73	0.753605	3535
PacBio	PCR_cDNA	B2	0-1kb	74	0.751717	3535
PacBio	PCR_cDNA	B2	0-1kb	75	0.747461	3535
PacBio	PCR_cDNA	B2	0-1kb	76	0.74384	3535
PacBio	PCR_cDNA	B2	0-1kb	77	0.739193	3535
PacBio	PCR_cDNA	B2	0-1kb	78	0.734789	3535
PacBio	PCR_cDNA	B2	0-1kb	79	0.730283	3535
PacBio	PCR_cDNA	B2	0-1kb	80	0.726469	3535
PacBio	PCR_cDNA	B2	0-1kb	81	0.723904	3535
PacBio	PCR_cDNA	B2	0-1kb	82	0.720588	3535
PacBio	PCR_cDNA	B2	0-1kb	83	0.718358	3535
PacBio	PCR_cDNA	B2	0-1kb	84	0.714766	3535
PacBio	PCR_cDNA	B2	0-1kb	85	0.709648	3535
PacBio	PCR_cDNA	B2	0-1kb	86	0.705701	3535
PacBio	PCR_cDNA	B2	0-1kb	87	0.700439	3535
PacBio	PCR_cDNA	B2	0-1kb	88	0.696835	3535
PacBio	PCR_cDNA	B2	0-1kb	89	0.692918	3535
PacBio	PCR_cDNA	B2	0-1kb	90	0.688377	3535
PacBio	PCR_cDNA	B2	0-1kb	91	0.683776	3535
PacBio	PCR_cDNA	B2	0-1kb	92	0.678824	3535
PacBio	PCR_cDNA	B2	0-1kb	93	0.674323	3535
PacBio	PCR_cDNA	B2	0-1kb	94	0.670012	3535
PacBio	PCR_cDNA	B2	0-1kb	95	0.662433	3535
PacBio	PCR_cDNA	B2	0-1kb	96	0.653222	3535
PacBio	PCR_cDNA	B2	0-1kb	97	0.64362	3535
PacBio	PCR_cDNA	B2	0-1kb	98	0.626039	3535
PacBio	PCR_cDNA	B2	0-1kb	99	0.592222	3535
PacBio	PCR_cDNA	B2	0-1kb	100	0.422712	3535
PacBio	PCR_cDNA	B2	1-2.5kb	0	0.430206	16063
PacBio	PCR_cDNA	B2	1-2.5kb	1	0.524149	16063
PacBio	PCR_cDNA	B2	1-2.5kb	2	0.582786	16063
PacBio	PCR_cDNA	B2	1-2.5kb	3	0.619073	16063
PacBio	PCR_cDNA	B2	1-2.5kb	4	0.645765	16063
PacBio	PCR_cDNA	B2	1-2.5kb	5	0.66522	16063
PacBio	PCR_cDNA	B2	1-2.5kb	6	0.68183	16063
PacBio	PCR_cDNA	B2	1-2.5kb	7	0.695751	16063
PacBio	PCR_cDNA	B2	1-2.5kb	8	0.708339	16063
PacBio	PCR_cDNA	B2	1-2.5kb	9	0.721031	16063
PacBio	PCR_cDNA	B2	1-2.5kb	10	0.732806	16063
PacBio	PCR_cDNA	B2	1-2.5kb	11	0.743123	16063
PacBio	PCR_cDNA	B2	1-2.5kb	12	0.752954	16063
PacBio	PCR_cDNA	B2	1-2.5kb	13	0.762425	16063
PacBio	PCR_cDNA	B2	1-2.5kb	14	0.770983	16063
PacBio	PCR_cDNA	B2	1-2.5kb	15	0.77876	16063
PacBio	PCR_cDNA	B2	1-2.5kb	16	0.786969	16063
PacBio	PCR_cDNA	B2	1-2.5kb	17	0.794875	16063
PacBio	PCR_cDNA	B2	1-2.5kb	18	0.801362	16063
PacBio	PCR_cDNA	B2	1-2.5kb	19	0.808174	16063
PacBio	PCR_cDNA	B2	1-2.5kb	20	0.814441	16063
PacBio	PCR_cDNA	B2	1-2.5kb	21	0.821143	16063
PacBio	PCR_cDNA	B2	1-2.5kb	22	0.827408	16063
PacBio	PCR_cDNA	B2	1-2.5kb	23	0.833101	16063
PacBio	PCR_cDNA	B2	1-2.5kb	24	0.838397	16063
PacBio	PCR_cDNA	B2	1-2.5kb	25	0.843706	16063
PacBio	PCR_cDNA	B2	1-2.5kb	26	0.848636	16063
PacBio	PCR_cDNA	B2	1-2.5kb	27	0.85294	16063
PacBio	PCR_cDNA	B2	1-2.5kb	28	0.857249	16063
PacBio	PCR_cDNA	B2	1-2.5kb	29	0.861964	16063
PacBio	PCR_cDNA	B2	1-2.5kb	30	0.865648	16063
PacBio	PCR_cDNA	B2	1-2.5kb	31	0.869507	16063
PacBio	PCR_cDNA	B2	1-2.5kb	32	0.873117	16063
PacBio	PCR_cDNA	B2	1-2.5kb	33	0.876025	16063
PacBio	PCR_cDNA	B2	1-2.5kb	34	0.878934	16063
PacBio	PCR_cDNA	B2	1-2.5kb	35	0.881758	16063
PacBio	PCR_cDNA	B2	1-2.5kb	36	0.884356	16063
PacBio	PCR_cDNA	B2	1-2.5kb	37	0.886575	16063
PacBio	PCR_cDNA	B2	1-2.5kb	38	0.888413	16063
PacBio	PCR_cDNA	B2	1-2.5kb	39	0.890554	16063
PacBio	PCR_cDNA	B2	1-2.5kb	40	0.892493	16063
PacBio	PCR_cDNA	B2	1-2.5kb	41	0.894729	16063
PacBio	PCR_cDNA	B2	1-2.5kb	42	0.896331	16063
PacBio	PCR_cDNA	B2	1-2.5kb	43	0.89779	16063
PacBio	PCR_cDNA	B2	1-2.5kb	44	0.898572	16063
PacBio	PCR_cDNA	B2	1-2.5kb	45	0.899767	16063
PacBio	PCR_cDNA	B2	1-2.5kb	46	0.900488	16063
PacBio	PCR_cDNA	B2	1-2.5kb	47	0.901205	16063
PacBio	PCR_cDNA	B2	1-2.5kb	48	0.902108	16063
PacBio	PCR_cDNA	B2	1-2.5kb	49	0.901938	16063
PacBio	PCR_cDNA	B2	1-2.5kb	50	0.902456	16063
PacBio	PCR_cDNA	B2	1-2.5kb	51	0.902456	16063
PacBio	PCR_cDNA	B2	1-2.5kb	52	0.901932	16063
PacBio	PCR_cDNA	B2	1-2.5kb	53	0.901534	16063
PacBio	PCR_cDNA	B2	1-2.5kb	54	0.901005	16063
PacBio	PCR_cDNA	B2	1-2.5kb	55	0.900006	16063
PacBio	PCR_cDNA	B2	1-2.5kb	56	0.89921	16063
PacBio	PCR_cDNA	B2	1-2.5kb	57	0.898781	16063
PacBio	PCR_cDNA	B2	1-2.5kb	58	0.897976	16063
PacBio	PCR_cDNA	B2	1-2.5kb	59	0.896572	16063
PacBio	PCR_cDNA	B2	1-2.5kb	60	0.895104	16063
PacBio	PCR_cDNA	B2	1-2.5kb	61	0.89317	16063
PacBio	PCR_cDNA	B2	1-2.5kb	62	0.891145	16063
PacBio	PCR_cDNA	B2	1-2.5kb	63	0.889909	16063
PacBio	PCR_cDNA	B2	1-2.5kb	64	0.887787	16063
PacBio	PCR_cDNA	B2	1-2.5kb	65	0.885548	16063
PacBio	PCR_cDNA	B2	1-2.5kb	66	0.883521	16063
PacBio	PCR_cDNA	B2	1-2.5kb	67	0.880573	16063
PacBio	PCR_cDNA	B2	1-2.5kb	68	0.878028	16063
PacBio	PCR_cDNA	B2	1-2.5kb	69	0.875432	16063
PacBio	PCR_cDNA	B2	1-2.5kb	70	0.872585	16063
PacBio	PCR_cDNA	B2	1-2.5kb	71	0.868776	16063
PacBio	PCR_cDNA	B2	1-2.5kb	72	0.865411	16063
PacBio	PCR_cDNA	B2	1-2.5kb	73	0.862458	16063
PacBio	PCR_cDNA	B2	1-2.5kb	74	0.85904	16063
PacBio	PCR_cDNA	B2	1-2.5kb	75	0.854631	16063
PacBio	PCR_cDNA	B2	1-2.5kb	76	0.850409	16063
PacBio	PCR_cDNA	B2	1-2.5kb	77	0.845562	16063
PacBio	PCR_cDNA	B2	1-2.5kb	78	0.840917	16063
PacBio	PCR_cDNA	B2	1-2.5kb	79	0.836946	16063
PacBio	PCR_cDNA	B2	1-2.5kb	80	0.832097	16063
PacBio	PCR_cDNA	B2	1-2.5kb	81	0.826983	16063
PacBio	PCR_cDNA	B2	1-2.5kb	82	0.822234	16063
PacBio	PCR_cDNA	B2	1-2.5kb	83	0.81671	16063
PacBio	PCR_cDNA	B2	1-2.5kb	84	0.811252	16063
PacBio	PCR_cDNA	B2	1-2.5kb	85	0.806045	16063
PacBio	PCR_cDNA	B2	1-2.5kb	86	0.801227	16063
PacBio	PCR_cDNA	B2	1-2.5kb	87	0.795567	16063
PacBio	PCR_cDNA	B2	1-2.5kb	88	0.789349	16063
PacBio	PCR_cDNA	B2	1-2.5kb	89	0.783262	16063
PacBio	PCR_cDNA	B2	1-2.5kb	90	0.776081	16063
PacBio	PCR_cDNA	B2	1-2.5kb	91	0.766773	16063
PacBio	PCR_cDNA	B2	1-2.5kb	92	0.758918	16063
PacBio	PCR_cDNA	B2	1-2.5kb	93	0.75073	16063
PacBio	PCR_cDNA	B2	1-2.5kb	94	0.741391	16063
PacBio	PCR_cDNA	B2	1-2.5kb	95	0.73142	16063
PacBio	PCR_cDNA	B2	1-2.5kb	96	0.721031	16063
PacBio	PCR_cDNA	B2	1-2.5kb	97	0.708519	16063
PacBio	PCR_cDNA	B2	1-2.5kb	98	0.68998	16063
PacBio	PCR_cDNA	B2	1-2.5kb	99	0.644357	16063
PacBio	PCR_cDNA	B2	1-2.5kb	100	0.264389	16063
PacBio	PCR_cDNA	B2	2.5kb+	0	0.327161	26193
PacBio	PCR_cDNA	B2	2.5kb+	1	0.384215	26193
PacBio	PCR_cDNA	B2	2.5kb+	2	0.412207	26193
PacBio	PCR_cDNA	B2	2.5kb+	3	0.430869	26193
PacBio	PCR_cDNA	B2	2.5kb+	4	0.44563	26193
PacBio	PCR_cDNA	B2	2.5kb+	5	0.458264	26193
PacBio	PCR_cDNA	B2	2.5kb+	6	0.47008	26193
PacBio	PCR_cDNA	B2	2.5kb+	7	0.480521	26193
PacBio	PCR_cDNA	B2	2.5kb+	8	0.489928	26193
PacBio	PCR_cDNA	B2	2.5kb+	9	0.498065	26193
PacBio	PCR_cDNA	B2	2.5kb+	10	0.505826	26193
PacBio	PCR_cDNA	B2	2.5kb+	11	0.512661	26193
PacBio	PCR_cDNA	B2	2.5kb+	12	0.519038	26193
PacBio	PCR_cDNA	B2	2.5kb+	13	0.525417	26193
PacBio	PCR_cDNA	B2	2.5kb+	14	0.531183	26193
PacBio	PCR_cDNA	B2	2.5kb+	15	0.536658	26193
PacBio	PCR_cDNA	B2	2.5kb+	16	0.541751	26193
PacBio	PCR_cDNA	B2	2.5kb+	17	0.5468	26193
PacBio	PCR_cDNA	B2	2.5kb+	18	0.551581	26193
PacBio	PCR_cDNA	B2	2.5kb+	19	0.5557	26193
PacBio	PCR_cDNA	B2	2.5kb+	20	0.56001	26193
PacBio	PCR_cDNA	B2	2.5kb+	21	0.563999	26193
PacBio	PCR_cDNA	B2	2.5kb+	22	0.567593	26193
PacBio	PCR_cDNA	B2	2.5kb+	23	0.570882	26193
PacBio	PCR_cDNA	B2	2.5kb+	24	0.574272	26193
PacBio	PCR_cDNA	B2	2.5kb+	25	0.57728	26193
PacBio	PCR_cDNA	B2	2.5kb+	26	0.580024	26193
PacBio	PCR_cDNA	B2	2.5kb+	27	0.582281	26193
PacBio	PCR_cDNA	B2	2.5kb+	28	0.584675	26193
PacBio	PCR_cDNA	B2	2.5kb+	29	0.587501	26193
PacBio	PCR_cDNA	B2	2.5kb+	30	0.589717	26193
PacBio	PCR_cDNA	B2	2.5kb+	31	0.592055	26193
PacBio	PCR_cDNA	B2	2.5kb+	32	0.593853	26193
PacBio	PCR_cDNA	B2	2.5kb+	33	0.59541	26193
PacBio	PCR_cDNA	B2	2.5kb+	34	0.597495	26193
PacBio	PCR_cDNA	B2	2.5kb+	35	0.599207	26193
PacBio	PCR_cDNA	B2	2.5kb+	36	0.600645	26193
PacBio	PCR_cDNA	B2	2.5kb+	37	0.602454	26193
PacBio	PCR_cDNA	B2	2.5kb+	38	0.603659	26193
PacBio	PCR_cDNA	B2	2.5kb+	39	0.604668	26193
PacBio	PCR_cDNA	B2	2.5kb+	40	0.605843	26193
PacBio	PCR_cDNA	B2	2.5kb+	41	0.606658	26193
PacBio	PCR_cDNA	B2	2.5kb+	42	0.608085	26193
PacBio	PCR_cDNA	B2	2.5kb+	43	0.608752	26193
PacBio	PCR_cDNA	B2	2.5kb+	44	0.609799	26193
PacBio	PCR_cDNA	B2	2.5kb+	45	0.610318	26193
PacBio	PCR_cDNA	B2	2.5kb+	46	0.610501	26193
PacBio	PCR_cDNA	B2	2.5kb+	47	0.611543	26193
PacBio	PCR_cDNA	B2	2.5kb+	48	0.612526	26193
PacBio	PCR_cDNA	B2	2.5kb+	49	0.612607	26193
PacBio	PCR_cDNA	B2	2.5kb+	50	0.613568	26193
PacBio	PCR_cDNA	B2	2.5kb+	51	0.613949	26193
PacBio	PCR_cDNA	B2	2.5kb+	52	0.614602	26193
PacBio	PCR_cDNA	B2	2.5kb+	53	0.614549	26193
PacBio	PCR_cDNA	B2	2.5kb+	54	0.613643	26193
PacBio	PCR_cDNA	B2	2.5kb+	55	0.613075	26193
PacBio	PCR_cDNA	B2	2.5kb+	56	0.613039	26193
PacBio	PCR_cDNA	B2	2.5kb+	57	0.612594	26193
PacBio	PCR_cDNA	B2	2.5kb+	58	0.613033	26193
PacBio	PCR_cDNA	B2	2.5kb+	59	0.61279	26193
PacBio	PCR_cDNA	B2	2.5kb+	60	0.612044	26193
PacBio	PCR_cDNA	B2	2.5kb+	61	0.611575	26193
PacBio	PCR_cDNA	B2	2.5kb+	62	0.610574	26193
PacBio	PCR_cDNA	B2	2.5kb+	63	0.610057	26193
PacBio	PCR_cDNA	B2	2.5kb+	64	0.608701	26193
PacBio	PCR_cDNA	B2	2.5kb+	65	0.607255	26193
PacBio	PCR_cDNA	B2	2.5kb+	66	0.605471	26193
PacBio	PCR_cDNA	B2	2.5kb+	67	0.603767	26193
PacBio	PCR_cDNA	B2	2.5kb+	68	0.601802	26193
PacBio	PCR_cDNA	B2	2.5kb+	69	0.598671	26193
PacBio	PCR_cDNA	B2	2.5kb+	70	0.596316	26193
PacBio	PCR_cDNA	B2	2.5kb+	71	0.593936	26193
PacBio	PCR_cDNA	B2	2.5kb+	72	0.591653	26193
PacBio	PCR_cDNA	B2	2.5kb+	73	0.589119	26193
PacBio	PCR_cDNA	B2	2.5kb+	74	0.585613	26193
PacBio	PCR_cDNA	B2	2.5kb+	75	0.582832	26193
PacBio	PCR_cDNA	B2	2.5kb+	76	0.579255	26193
PacBio	PCR_cDNA	B2	2.5kb+	77	0.575105	26193
PacBio	PCR_cDNA	B2	2.5kb+	78	0.570819	26193
PacBio	PCR_cDNA	B2	2.5kb+	79	0.566244	26193
PacBio	PCR_cDNA	B2	2.5kb+	80	0.562358	26193
PacBio	PCR_cDNA	B2	2.5kb+	81	0.557873	26193
PacBio	PCR_cDNA	B2	2.5kb+	82	0.55307	26193
PacBio	PCR_cDNA	B2	2.5kb+	83	0.547905	26193
PacBio	PCR_cDNA	B2	2.5kb+	84	0.54298	26193
PacBio	PCR_cDNA	B2	2.5kb+	85	0.537723	26193
PacBio	PCR_cDNA	B2	2.5kb+	86	0.531076	26193
PacBio	PCR_cDNA	B2	2.5kb+	87	0.524198	26193
PacBio	PCR_cDNA	B2	2.5kb+	88	0.516164	26193
PacBio	PCR_cDNA	B2	2.5kb+	89	0.509177	26193
PacBio	PCR_cDNA	B2	2.5kb+	90	0.501568	26193
PacBio	PCR_cDNA	B2	2.5kb+	91	0.49447	26193
PacBio	PCR_cDNA	B2	2.5kb+	92	0.486763	26193
PacBio	PCR_cDNA	B2	2.5kb+	93	0.477865	26193
PacBio	PCR_cDNA	B2	2.5kb+	94	0.468933	26193
PacBio	PCR_cDNA	B2	2.5kb+	95	0.458142	26193
PacBio	PCR_cDNA	B2	2.5kb+	96	0.448638	26193
PacBio	PCR_cDNA	B2	2.5kb+	97	0.437302	26193
PacBio	PCR_cDNA	B2	2.5kb+	98	0.422978	26193
PacBio	PCR_cDNA	B2	2.5kb+	99	0.40351	26193
PacBio	PCR_cDNA	B2	2.5kb+	100	0.121558	26193
