sample	contig	fusion.genes	spanning.reads	classification	recall_category	control	depth	Sequence_Identity	fusionType
jaffal_results_porechopped_sim_dataporechoptrimmed_Adapter_Spiked_Simulated_100GB_nanopore2023_Q95.fastq	e8ce7f8a-4de8-1bc8-6013-c2389dfcdf40	CBY3:ENSG00000228274	43	HighConfidence	Partial_Recall	positive	100GB	95%	truncated_tri_fusion
jaffal_results_porechopped_sim_dataporechoptrimmed_Adapter_Simulated_100GB_nanopore2023_Q95.fastq	009ae816-e5a4-e0c9-5cbe-7c2813eaebcb	ENSG00000254485:SRGAP3	42	HighConfidence	False_Call	negative	100GB	95%	false_fusion
jaffal_results_porechopped_sim_dataporechoptrimmed_Adapter_Spiked_Simulated_100GB_nanopore2023_Q95.fastq	01d47506-7bec-05c5-6ad3-bd782c726b80	SAMD5:ENSG00000227681	42	HighConfidence	False_Call	positive	100GB	95%	false_fusion
jaffal_results_porechopped_sim_dataporechoptrimmed_Adapter_Spiked_Simulated_100GB_nanopore2023_Q90.fastq	1afb6000-ab99-2f5f-4db8-5b6075cb0181	LINC00595:ENSG00000282863	42	HighConfidence	False_Call	positive	100GB	90%	false_fusion
jaffal_results_porechopped_sim_dataporechoptrimmed_Adapter_Spiked_Simulated_100GB_nanopore2023_Q90.fastq	0a4f9155-ce45-df33-3fee-44fa7cda7ef3	ASPN:RPP40	41	HighConfidence	Partial_Recall	positive	100GB	90%	truncated_tri_fusion
jaffal_results_porechopped_sim_dataporechoptrimmed_Adapter_Spiked_Simulated_100GB_nanopore2023_Q95.fastq	007607fc-7490-193b-6547-0eeaedddd2c9	FAM174B:CPA4	41	HighConfidence	Partial_Recall	positive	100GB	95%	truncated_tri_fusion
jaffal_results_porechopped_sim_dataporechoptrimmed_Adapter_Simulated_100GB_nanopore2023_Q95.fastq	067bb97f-02e7-5425-958a-abf824c055d9	SAMD5:ENSG00000227681	39	HighConfidence	False_Call	negative	100GB	95%	false_fusion
jaffal_results_porechopped_sim_dataporechoptrimmed_Adapter_Spiked_Simulated_100GB_nanopore2023_Q95.fastq	11474eca-4cc2-8d15-ca9b-40967f7c74e4	LINC00595:ENSG00000282863	39	HighConfidence	False_Call	positive	100GB	95%	false_fusion
jaffal_results_porechopped_sim_dataporechoptrimmed_Adapter_Simulated_100GB_nanopore2023_Q95.fastq	03464c77-fecb-40ea-eb2b-2f4880cb44e1	LINC00595:ENSG00000282863	38	HighConfidence	False_Call	negative	100GB	95%	false_fusion
jaffal_results_porechopped_sim_dataporechoptrimmed_Adapter_Spiked_Simulated_100GB_nanopore2023_Q95.fastq	014db3a5-59f1-1057-e2a1-1ec2e187d342	ENSG00000254485:SRGAP3	37	HighConfidence	False_Call	positive	100GB	95%	false_fusion
jaffal_results_porechopped_sim_dataporechoptrimmed_Adapter_Spiked_Simulated_100GB_nanopore2023_Q95.fastq	e4b98b0e-de1f-ee59-a91f-4cc79a6f9ce9	GSAP:DYNC1I2	37	HighConfidence	Partial_Recall	positive	100GB	95%	truncated_tri_fusion
jaffal_results_porechopped_sim_dataporechoptrimmed_Adapter_Spiked_Simulated_100GB_nanopore2023_Q95.fastq	ad48327d-44a0-8aff-081e-2e8f51a26a36	ENSG00000223634:LINC02923	36	HighConfidence	True_Recall	positive	100GB	95%	read_through
jaffal_results_porechopped_sim_dataporechoptrimmed_Adapter_Simulated_100GB_nanopore2023_Q90.fastq	05a99368-147b-857f-c24a-e4514f435c2b	SAMD5:ENSG00000227681	36	HighConfidence	False_Call	negative	100GB	90%	false_fusion
jaffal_results_porechopped_sim_dataporechoptrimmed_Adapter_Spiked_Simulated_100GB_nanopore2023_Q95.fastq	7e4e9adc-88b1-f5f8-38be-9c1f6f1d67e6	PSMD5:EBLN3P	36	HighConfidence	True_Recall	positive	100GB	95%	intra_chromosome
jaffal_results_porechopped_sim_dataporechoptrimmed_Adapter_Spiked_Simulated_100GB_nanopore2023_Q90.fastq	5a172d53-ef9a-756c-066a-6e16cc560375	GSAP:DYNC1I2	35	HighConfidence	Partial_Recall	positive	100GB	90%	truncated_tri_fusion
jaffal_results_porechopped_sim_dataporechoptrimmed_Adapter_Spiked_Simulated_100GB_nanopore2023_Q95.fastq	07b57a5f-743b-d262-7077-f1b4a2fe1bf9	MFSD10:RAB34	34	HighConfidence	Partial_Recall	positive	100GB	95%	truncated_tri_fusion
jaffal_results_porechopped_sim_dataporechoptrimmed_Adapter_Spiked_Simulated_100GB_nanopore2023_Q95.fastq	65e722fd-e068-7f56-17fe-2517844c2160	ENSG00000276418:ENSG00000197462	34	HighConfidence	False_Call	positive	100GB	95%	false_fusion
jaffal_results_porechopped_sim_dataporechoptrimmed_Adapter_Spiked_Simulated_100GB_nanopore2023_Q95.fastq	10245ac0-29a5-134d-5b38-0332ddea188d	SRD5A2:VAC14	33	HighConfidence	Partial_Recall	positive	100GB	95%	truncated_tri_fusion
jaffal_results_porechopped_sim_dataporechoptrimmed_Adapter_Spiked_Simulated_100GB_nanopore2023_Q95.fastq	bc45245b-da06-fccd-64cc-5a9e7005b1d6	ENSG00000260995:CASP7	33	HighConfidence	Partial_Recall	positive	100GB	95%	truncated_tri_fusion
jaffal_results_porechopped_sim_dataporechoptrimmed_Adapter_Spiked_Simulated_100GB_nanopore2023_Q95.fastq	80f37247-c6ea-be87-5acd-955c07bc2095	RNF216:LRRC18	32	HighConfidence	Partial_Recall	positive	100GB	95%	truncated_tri_fusion
jaffal_results_porechopped_sim_dataporechoptrimmed_Adapter_Spiked_Simulated_100GB_nanopore2023_Q90.fastq	0db6e628-6517-0097-e06b-6f9e6ff27166	ENSG00000254485:SRGAP3	31	HighConfidence	False_Call	positive	100GB	90%	false_fusion
jaffal_results_porechopped_sim_dataporechoptrimmed_Adapter_Simulated_100GB_nanopore2023_Q90.fastq	1c86be9a-8dff-63a3-a3df-535cd5371319	LINC00595:ENSG00000282863	31	HighConfidence	False_Call	negative	100GB	90%	false_fusion
jaffal_results_porechopped_sim_dataporechoptrimmed_Adapter_Spiked_Simulated_100GB_nanopore2023_Q95.fastq	0381996f-f882-1e21-0015-503cc0811a6d	USP44:MIP	31	HighConfidence	Partial_Recall	positive	100GB	95%	truncated_tri_fusion
jaffal_results_porechopped_sim_dataporechoptrimmed_Adapter_Spiked_Simulated_100GB_nanopore2023_Q95.fastq	bccfa7ab-b521-353e-d816-db17c0e4c961	CHRNA6:TMEM67	31	HighConfidence	True_Recall	positive	100GB	95%	intra_chromosome
jaffal_results_porechopped_sim_dataporechoptrimmed_Adapter_Spiked_Simulated_100GB_nanopore2023_Q85.fastq	7dea3b02-f73a-df4c-b809-ea7096889b1f	GSAP:DYNC1I2	31	HighConfidence	Partial_Recall	positive	100GB	85%	truncated_tri_fusion
jaffal_results_porechopped_sim_dataporechoptrimmed_Adapter_Spiked_Simulated_100GB_nanopore2023_Q95.fastq	5a112cce-ac1e-4a80-6f4f-226cdb89c97b	ASPN:RPP40	31	HighConfidence	Partial_Recall	positive	100GB	95%	truncated_tri_fusion
jaffal_results_porechopped_sim_dataporechoptrimmed_Adapter_Spiked_Simulated_100GB_nanopore2023_Q90.fastq	51d3a735-339c-c93c-a6f6-685978fe97ab	AP1G2:KTN1	30	HighConfidence	True_Recall	positive	100GB	90%	intra_chromosome
jaffal_results_porechopped_sim_dataporechoptrimmed_Adapter_Spiked_Simulated_100GB_nanopore2023_Q95.fastq	4741b95d-fc1d-c971-2781-b3ec64e6fc49	ENSG00000257894:LINC02963	30	HighConfidence	True_Recall	positive	100GB	95%	intra_chromosome
jaffal_results_porechopped_sim_dataporechoptrimmed_Adapter_Spiked_Simulated_100GB_nanopore2023_Q95.fastq	04ed4c2a-16f6-1af4-eee8-c2476c81258a	ZBED8:TMEM167A	30	HighConfidence	True_Recall	positive	100GB	95%	intra_chromosome
jaffal_results_porechopped_sim_dataporechoptrimmed_Adapter_Simulated_100GB_nanopore2023_Q90.fastq	0736da03-5008-2552-0202-9bd6af76da01	ENSG00000254485:SRGAP3	29	HighConfidence	False_Call	negative	100GB	90%	false_fusion
jaffal_results_porechopped_sim_dataporechoptrimmed_Adapter_Spiked_Simulated_100GB_nanopore2023_Q85.fastq	29a01650-c8b6-af6d-d7fa-b258d4fffb89	AP1G2:KTN1	29	HighConfidence	True_Recall	positive	100GB	85%	intra_chromosome
jaffal_results_porechopped_sim_dataporechoptrimmed_Adapter_Spiked_Simulated_100GB_nanopore2023_Q95.fastq	63c0a959-7c04-da60-1245-cf08c3c2e8f3	NRDE2:SNHG6	29	HighConfidence	Partial_Recall	positive	100GB	95%	truncated_tri_fusion
jaffal_results_porechopped_sim_dataporechoptrimmed_Adapter_Spiked_Simulated_100GB_nanopore2023_Q95.fastq	fc821f21-17f7-79fc-1762-e4291a209443	AP1G2:KTN1	28	HighConfidence	True_Recall	positive	100GB	95%	intra_chromosome
jaffal_results_porechopped_sim_dataporechoptrimmed_Adapter_Spiked_Simulated_100GB_nanopore2023_Q90.fastq	60a4358e-c385-15d9-6bf8-8658ad9bd5ba	USP44:MIP	28	HighConfidence	Partial_Recall	positive	100GB	90%	truncated_tri_fusion
jaffal_results_porechopped_sim_dataporechoptrimmed_Adapter_Spiked_Simulated_100GB_nanopore2023_Q95.fastq	3d94f1da-7a90-e7c5-8a43-d10b74ae358a	ENSG00000236494:ENSG00000233219	27	HighConfidence	True_Recall	positive	100GB	95%	read_through
jaffal_results_porechopped_sim_dataporechoptrimmed_Adapter_Spiked_Simulated_100GB_nanopore2023_Q85.fastq	8a390b64-f5e8-9dbf-0395-c920cae4b958	POMT2:GNAO1	27	HighConfidence	True_Recall	positive	100GB	85%	hybrid
jaffal_results_porechopped_sim_dataporechoptrimmed_Adapter_Spiked_Simulated_100GB_nanopore2023_Q90.fastq	01fcc5a6-127f-d940-a9bc-1b61d677e977	SAMD5:ENSG00000227681	26	HighConfidence	False_Call	positive	100GB	90%	false_fusion
jaffal_results_porechopped_sim_dataporechoptrimmed_Adapter_Spiked_Simulated_100GB_nanopore2023_Q85.fastq	086f9539-5ce0-aea4-f449-c72c8b6a008e	EIF4G1:ENSG00000275389	26	HighConfidence	Partial_Recall	positive	100GB	85%	truncated_tri_fusion
jaffal_results_porechopped_sim_dataporechoptrimmed_Adapter_Spiked_Simulated_100GB_nanopore2023_Q90.fastq	5a4aa6e5-b921-5455-f793-6bf4f1de0ff7	LINC01227:KRBOX5	25	HighConfidence	True_Recall	positive	100GB	90%	intra_chromosome
jaffal_results_porechopped_sim_dataporechoptrimmed_Adapter_Spiked_Simulated_100GB_nanopore2023_Q90.fastq	58ef40aa-8d46-8397-2be1-dbacfd3b0cf0	CHRNA6:TMEM67	25	HighConfidence	True_Recall	positive	100GB	90%	intra_chromosome
jaffal_results_porechopped_sim_dataporechoptrimmed_Adapter_Spiked_Simulated_100GB_nanopore2023_Q90.fastq	23bd6abf-ece8-fc5f-01fe-31e182a59922	ZBED8:TMEM167A	25	HighConfidence	True_Recall	positive	100GB	90%	intra_chromosome
jaffal_results_porechopped_sim_dataporechoptrimmed_Adapter_Spiked_Simulated_100GB_nanopore2023_Q85.fastq	afcdfee4-703b-ab41-f046-165306f3f49d	CBY3:ENSG00000228274	24	HighConfidence	Partial_Recall	positive	100GB	85%	truncated_tri_fusion
jaffal_results_porechopped_sim_dataporechoptrimmed_Adapter_Spiked_Simulated_100GB_nanopore2023_Q90.fastq	2dee256b-a675-9e95-5c12-77ad0d24555f	RNF216:LRRC18	24	HighConfidence	Partial_Recall	positive	100GB	90%	truncated_tri_fusion
jaffal_results_porechopped_sim_dataporechoptrimmed_Adapter_Spiked_Simulated_100GB_nanopore2023_Q90.fastq	9b8cd747-457a-d541-0afe-479c5ed9b13b	NRDE2:SNHG6	24	HighConfidence	Partial_Recall	positive	100GB	90%	truncated_tri_fusion
jaffal_results_porechopped_sim_dataporechoptrimmed_Adapter_Spiked_Simulated_100GB_nanopore2023_Q90.fastq	881bc4cd-f930-04cb-a199-f62c7c826bb0	PSMD5:EBLN3P	23	HighConfidence	True_Recall	positive	100GB	90%	intra_chromosome
jaffal_results_porechopped_sim_dataporechoptrimmed_Adapter_Spiked_Simulated_100GB_nanopore2023_Q90.fastq	08319882-52e2-3d9a-7646-02efdaca5a11	FAM174B:CPA4	23	HighConfidence	Partial_Recall	positive	100GB	90%	truncated_tri_fusion
jaffal_results_porechopped_sim_dataporechoptrimmed_Adapter_Spiked_Simulated_100GB_nanopore2023_Q90.fastq	0ac74776-ccc3-30e2-1196-d97cd058a75f	SLC35F4:ENSG00000283352	23	HighConfidence	False_Call	positive	100GB	90%	false_fusion
jaffal_results_porechopped_sim_dataporechoptrimmed_Adapter_Spiked_Simulated_100GB_nanopore2023_Q90.fastq	5d1254c7-d1d0-1cf7-2cce-8d9fdd16bad6	NUP155:PIK3R1	22	HighConfidence	True_Recall	positive	100GB	90%	intra_chromosome
jaffal_results_porechopped_sim_dataporechoptrimmed_Adapter_Spiked_Simulated_100GB_nanopore2023_Q95.fastq	0396708e-5458-4dd9-6699-e4b8105999e2	SCARNA2:LYPLA2	22	HighConfidence	False_Call	positive	100GB	95%	false_fusion
jaffal_results_porechopped_sim_dataporechoptrimmed_Adapter_Spiked_Simulated_100GB_nanopore2023_Q85.fastq	466fc4a5-9e7a-d21e-b6a5-5085a59b2d53	RER1:GMNC	22	HighConfidence	True_Recall	positive	100GB	85%	hybrid
jaffal_results_porechopped_sim_dataporechoptrimmed_Adapter_Spiked_Simulated_100GB_nanopore2023_Q95.fastq	7ece7d74-c687-c363-e19f-20ca7daecc18	EIF4G1:ENSG00000275389	22	HighConfidence	Partial_Recall	positive	100GB	95%	truncated_tri_fusion
jaffal_results_porechopped_sim_dataporechoptrimmed_Adapter_Spiked_Simulated_100GB_nanopore2023_Q85.fastq	09409a39-0ceb-c8a2-6e78-f6378fc83a90	ZBED8:TMEM167A	21	HighConfidence	True_Recall	positive	100GB	85%	intra_chromosome
jaffal_results_porechopped_sim_dataporechoptrimmed_Adapter_Spiked_Simulated_100GB_nanopore2023_Q90.fastq	04811a57-8894-f368-b94a-9a7bc144ccde	SRD5A2:VAC14	21	HighConfidence	Partial_Recall	positive	100GB	90%	truncated_tri_fusion
jaffal_results_porechopped_sim_dataporechoptrimmed_Adapter_Spiked_Simulated_100GB_nanopore2023_Q90.fastq	025a69b2-ed56-c2d4-9ef9-2459afdda6e2	EIF4G1:ENSG00000275389	21	HighConfidence	Partial_Recall	positive	100GB	90%	truncated_tri_fusion
jaffal_results_porechopped_sim_dataporechoptrimmed_Adapter_Spiked_Simulated_100GB_nanopore2023_Q95.fastq	19670261-1d12-9671-b96f-e1895a6a9716	FABP6:ENSG00000231530	21	HighConfidence	Partial_Recall	positive	100GB	95%	truncated_tri_fusion
jaffal_results_porechopped_sim_dataporechoptrimmed_Adapter_Simulated_100GB_nanopore2023_Q85.fastq	11ac2732-0f0e-5514-967b-2697c6253b41	LINC00595:ENSG00000282863	20	HighConfidence	False_Call	negative	100GB	85%	false_fusion
jaffal_results_porechopped_sim_dataporechoptrimmed_Adapter_Spiked_Simulated_100GB_nanopore2023_Q95.fastq	3abaa407-1f00-b824-9217-c62edf2836c9	ENSG00000234255:TMEM108-AS1	20	HighConfidence	True_Recall	positive	100GB	95%	hybrid
jaffal_results_porechopped_sim_dataporechoptrimmed_Adapter_Simulated_100GB_nanopore2023_Q90.fastq	0dcb30d4-1ef3-8af1-eba7-67a0b63adb5e	SATB1:TBC1D5	19	HighConfidence	False_Call	negative	100GB	90%	false_fusion
jaffal_results_porechopped_sim_dataporechoptrimmed_Adapter_Spiked_Simulated_100GB_nanopore2023_Q90.fastq	dfa5c991-ac89-4e49-a8af-f0291dd3e71a	PNPLA8:ENSG00000225612	19	HighConfidence	True_Recall	positive	100GB	90%	intra_chromosome
jaffal_results_porechopped_sim_dataporechoptrimmed_Adapter_Spiked_Simulated_100GB_nanopore2023_Q85.fastq	025c95c2-db14-dc00-f9df-208e72d367aa	FAM174B:CPA4	19	HighConfidence	Partial_Recall	positive	100GB	85%	truncated_tri_fusion
jaffal_results_porechopped_sim_dataporechoptrimmed_Adapter_Simulated_100GB_nanopore2023_Q95.fastq	01fe9490-b3d1-6fa3-268b-42a816302b2c	SATB1:TBC1D5	18	HighConfidence	False_Call	negative	100GB	95%	false_fusion
jaffal_results_porechopped_sim_dataporechoptrimmed_Adapter_Spiked_Simulated_100GB_nanopore2023_Q85.fastq	4fe62927-e661-6f73-d96f-497b79fffac5	ASPN:RPP40	18	HighConfidence	Partial_Recall	positive	100GB	85%	truncated_tri_fusion
jaffal_results_porechopped_sim_dataporechoptrimmed_Adapter_Spiked_Simulated_100GB_nanopore2023_Q85.fastq	316f5934-92ec-a353-55e3-458ee82478e5	LINC00595:ENSG00000282863	17	HighConfidence	False_Call	positive	100GB	85%	false_fusion
jaffal_results_porechopped_sim_dataporechoptrimmed_Adapter_Spiked_Simulated_100GB_nanopore2023_Q95.fastq	e4b98b0e-de1f-ee59-a91f-4cc79a6f9ce9	ENSG00000273471:GSAP	17	HighConfidence	False_Call	positive	100GB	95%	false_fusion
jaffal_results_porechopped_sim_dataporechoptrimmed_Adapter_Spiked_Simulated_100GB_nanopore2023_Q85.fastq	67e3c67e-9fe5-01bf-1ef9-624243042fb6	MYT1L:CARF	16	HighConfidence	True_Recall	positive	100GB	85%	intra_chromosome
jaffal_results_porechopped_sim_dataporechoptrimmed_Adapter_Spiked_Simulated_100GB_nanopore2023_Q85.fastq	0241a26b-3fee-b445-cb6c-8944ec602692	SLC17A5:RPL7L1	15	HighConfidence	True_Recall	positive	100GB	85%	intra_chromosome
jaffal_results_porechopped_sim_dataporechoptrimmed_Adapter_Spiked_Simulated_100GB_nanopore2023_Q95.fastq	00c8ee7d-74a7-e244-1535-21b50759e5ad	ENSG00000290419:TK2	15	HighConfidence	False_Call	positive	100GB	95%	false_fusion
jaffal_results_porechopped_sim_dataporechoptrimmed_Adapter_Spiked_Simulated_100GB_nanopore2023_Q90.fastq	1e8c25ac-76cd-8ae8-7b8d-59ecfb29772c	ENSG00000276418:ENSG00000197462	15	HighConfidence	False_Call	positive	100GB	90%	false_fusion
jaffal_results_porechopped_sim_dataporechoptrimmed_Adapter_Spiked_Simulated_100GB_nanopore2023_Q90.fastq	019dc92b-88f8-9d10-3b78-aea50bae90e9	SATB1:TBC1D5	13	HighConfidence	False_Call	positive	100GB	90%	false_fusion
jaffal_results_porechopped_sim_dataporechoptrimmed_Adapter_Spiked_Simulated_100GB_nanopore2023_Q95.fastq	07f66853-a2c4-df85-316f-2d8c21250091	SATB1:TBC1D5	13	HighConfidence	False_Call	positive	100GB	95%	false_fusion
jaffal_results_porechopped_sim_dataporechoptrimmed_Adapter_Spiked_Simulated_100GB_nanopore2023_Q90.fastq	5528259d-96f5-a191-b1d6-d9624877a0e1	ENSG00000290419:TK2	13	HighConfidence	False_Call	positive	100GB	90%	false_fusion
jaffal_results_porechopped_sim_dataporechoptrimmed_Adapter_Spiked_Simulated_100GB_nanopore2023_Q85.fastq	adfd4434-2c1c-5f7c-a8a4-3b6c90f36b66	LINC01227:KRBOX5	13	HighConfidence	True_Recall	positive	100GB	85%	intra_chromosome
jaffal_results_porechopped_sim_dataporechoptrimmed_Adapter_Spiked_Simulated_100GB_nanopore2023_Q85.fastq	e864cce9-28b0-4150-c5bd-0156e4bb47cb	NRDE2:SNHG6	13	HighConfidence	Partial_Recall	positive	100GB	85%	truncated_tri_fusion
jaffal_results_porechopped_sim_dataporechoptrimmed_Adapter_Spiked_Simulated_100GB_nanopore2023_Q90.fastq	6107cd8e-1997-c2db-0d9a-b3db2c9ab649	ANKRD28:ORC6	13	HighConfidence	Partial_Recall	positive	100GB	90%	truncated_tri_fusion
jaffal_results_porechopped_sim_dataporechoptrimmed_Adapter_Spiked_Simulated_100GB_nanopore2023_Q90.fastq	6cac97d8-5cd6-bc27-2cc3-8fa9551aa9cd	ENSG00000223634:LINC02923	12	HighConfidence	True_Recall	positive	100GB	90%	read_through
jaffal_results_porechopped_sim_dataporechoptrimmed_Adapter_Spiked_Simulated_100GB_nanopore2023_Q90.fastq	1e338179-c064-72eb-c305-737d47028a62	ENSG00000236494:ENSG00000233219	12	HighConfidence	True_Recall	positive	100GB	90%	read_through
jaffal_results_porechopped_sim_dataporechoptrimmed_Adapter_Spiked_Simulated_100GB_nanopore2023_Q95.fastq	1277500d-45cd-85ad-28fc-ec3c5362b634	PLCZ1:ENSG00000255648	11	HighConfidence	True_Recall	positive	100GB	95%	read_through
jaffal_results_porechopped_sim_dataporechoptrimmed_Adapter_Spiked_Simulated_100GB_nanopore2023_Q85.fastq	d8c96b91-4a51-eade-02f8-f47fae8cc63b	CYP2C8:ENSG00000282278	11	HighConfidence	False_Call	positive	100GB	85%	false_fusion
jaffal_results_porechopped_sim_dataporechoptrimmed_Adapter_Spiked_Simulated_100GB_nanopore2023_Q85.fastq	0304630a-6ace-dcad-5b00-c799b9f0aa85	USP44:MIP	10	HighConfidence	Partial_Recall	positive	100GB	85%	truncated_tri_fusion
jaffal_results_porechopped_sim_dataporechoptrimmed_Adapter_Spiked_Simulated_100GB_nanopore2023_Q85.fastq	10b85fc8-2264-dcb2-3fc7-67e19311bac7	LINC01227:KRBOX5	10	HighConfidence	True_Recall	positive	100GB	85%	intra_chromosome
jaffal_results_porechopped_sim_dataporechoptrimmed_Adapter_Spiked_Simulated_100GB_nanopore2023_Q85.fastq	3ebccd25-5c4f-3181-396e-cf47a2e643a9	SLC43A3:SBF2-AS1	9	HighConfidence	True_Recall	positive	100GB	85%	intra_chromosome
jaffal_results_porechopped_sim_dataporechoptrimmed_Adapter_Simulated_100GB_nanopore2023_Q85.fastq	29787f31-5906-140d-24af-c75d31f7f0e7	ENSG00000254485:SRGAP3	8	HighConfidence	False_Call	negative	100GB	85%	false_fusion
jaffal_results_porechopped_sim_dataporechoptrimmed_Adapter_Spiked_Simulated_100GB_nanopore2023_Q85.fastq	e8273221-e062-1387-3a9d-5a4f551854e5	ENSG00000276418:ENSG00000197462	8	HighConfidence	False_Call	positive	100GB	85%	false_fusion
jaffal_results_porechopped_sim_dataporechoptrimmed_Adapter_Spiked_Simulated_100GB_nanopore2023_Q95.fastq	24d0e466-6bea-01c3-472e-8e7749e38669	VWA5A:ENSG00000237250	8	HighConfidence	True_Recall	positive	100GB	95%	hybrid
jaffal_results_porechopped_sim_dataporechoptrimmed_Adapter_Spiked_Simulated_100GB_nanopore2023_Q85.fastq	c2542659-f957-58d2-b3fe-6b917c42cee7	ENSG00000254485:SRGAP3	7	HighConfidence	False_Call	positive	100GB	85%	false_fusion
jaffal_results_porechopped_sim_dataporechoptrimmed_Adapter_Simulated_10GB_nanopore2023_Q90.fastq	1c86be9a-8dff-63a3-a3df-535cd5371319	LINC00595:ENSG00000282863	7	HighConfidence	False_Call	negative	10GB	90%	false_fusion
jaffal_results_porechopped_sim_dataporechoptrimmed_Adapter_Simulated_10GB_nanopore2023_Q95.fastq	1c86be9a-8dff-63a3-a3df-535cd5371319	LINC00595:ENSG00000282863	7	HighConfidence	False_Call	negative	10GB	95%	false_fusion
jaffal_results_porechopped_sim_dataporechoptrimmed_Adapter_Spiked_Simulated_10GB_nanopore2023_Q95.fastq	ad48327d-44a0-8aff-081e-2e8f51a26a36	ENSG00000223634:LINC02923	6	HighConfidence	True_Recall	positive	10GB	95%	read_through
jaffal_results_porechopped_sim_dataporechoptrimmed_Adapter_Spiked_Simulated_10GB_nanopore2023_Q95.fastq	23a6c947-7ebc-201b-f364-958935066586	SAMD5:ENSG00000227681	6	HighConfidence	False_Call	positive	10GB	95%	false_fusion
jaffal_results_porechopped_sim_dataporechoptrimmed_Adapter_Simulated_100GB_nanopore2023_Q85.fastq	44c82434-ed69-b071-2f1f-0c885d113e49	SATB1:TBC1D5	6	HighConfidence	False_Call	negative	100GB	85%	false_fusion
jaffal_results_porechopped_sim_dataporechoptrimmed_Adapter_Spiked_Simulated_100GB_nanopore2023_Q90.fastq	18452d24-e28b-76e4-3e56-7cf0c373a7e7	ENSG00000257894:LINC02963	6	HighConfidence	True_Recall	positive	100GB	90%	intra_chromosome
jaffal_results_porechopped_sim_dataporechoptrimmed_Adapter_Spiked_Simulated_100GB_nanopore2023_Q85.fastq	818b8f9c-32b4-6889-822c-9e4ec082b84c	GPD1:DAO	6	HighConfidence	True_Recall	positive	100GB	85%	intra_chromosome
jaffal_results_porechopped_sim_dataporechoptrimmed_Adapter_Spiked_Simulated_100GB_nanopore2023_Q85.fastq	1adbb53f-cb62-ca62-1c24-f2a878f5038e	MFSD10:RAB34	6	HighConfidence	Partial_Recall	positive	100GB	85%	truncated_tri_fusion
jaffal_results_porechopped_sim_dataporechoptrimmed_Adapter_Spiked_Simulated_10GB_nanopore2023_Q85.fastq	d1ba40fd-3cc6-7530-f55c-a7904f9038cb	GSAP:DYNC1I2	6	HighConfidence	Partial_Recall	positive	10GB	85%	truncated_tri_fusion
jaffal_results_porechopped_sim_dataporechoptrimmed_Adapter_Spiked_Simulated_10GB_nanopore2023_Q90.fastq	ebc88dc3-3d58-3218-3ce5-d33f0fa0016d	FAM174B:CPA4	6	HighConfidence	Partial_Recall	positive	10GB	90%	truncated_tri_fusion
jaffal_results_porechopped_sim_dataporechoptrimmed_Adapter_Spiked_Simulated_10GB_nanopore2023_Q95.fastq	ef56af78-00d0-53f2-4ee3-6760d0c7337e	GSAP:DYNC1I2	6	HighConfidence	Partial_Recall	positive	10GB	95%	truncated_tri_fusion
jaffal_results_porechopped_sim_dataporechoptrimmed_Adapter_Spiked_Simulated_100GB_nanopore2023_Q85.fastq	7742d4c5-c0d0-b52c-e0c8-121e40bf7948	SCARNA2:LYPLA2	5	HighConfidence	False_Call	positive	100GB	85%	false_fusion
jaffal_results_porechopped_sim_dataporechoptrimmed_Adapter_Spiked_Simulated_100GB_nanopore2023_Q90.fastq	301b788c-5e79-edf9-5d63-4ce9fbc8ac73	VWA5A:ENSG00000237250	5	HighConfidence	True_Recall	positive	100GB	90%	hybrid
jaffal_results_porechopped_sim_dataporechoptrimmed_Adapter_Spiked_Simulated_100GB_nanopore2023_Q85.fastq	7819b33f-0f10-afc1-6e09-b5cd4f2042a2	SATB1:TBC1D5	4	HighConfidence	False_Call	positive	100GB	85%	false_fusion
jaffal_results_porechopped_sim_dataporechoptrimmed_Adapter_Spiked_Simulated_10GB_nanopore2023_Q95.fastq	fc821f21-17f7-79fc-1762-e4291a209443	AP1G2:KTN1	4	HighConfidence	True_Recall	positive	10GB	95%	intra_chromosome
jaffal_results_porechopped_sim_dataporechoptrimmed_Adapter_Spiked_Simulated_100GB_nanopore2023_Q85.fastq	4fa8bfbb-b959-7f03-b91e-7dffe8e94dce	ENSG00000290419:TK2	4	HighConfidence	False_Call	positive	100GB	85%	false_fusion
jaffal_results_porechopped_sim_dataporechoptrimmed_Adapter_Spiked_Simulated_10GB_nanopore2023_Q95.fastq	5e73d1c4-ef4e-2adf-9413-bbf8a40ed547	ENSG00000257894:LINC02963	4	HighConfidence	True_Recall	positive	10GB	95%	intra_chromosome
jaffal_results_porechopped_sim_dataporechoptrimmed_Adapter_Spiked_Simulated_10GB_nanopore2023_Q85.fastq	8388f885-fc7e-b156-9a92-fbf976133ace	ZBED8:TMEM167A	4	HighConfidence	True_Recall	positive	10GB	85%	intra_chromosome
jaffal_results_porechopped_sim_dataporechoptrimmed_Adapter_Spiked_Simulated_10GB_nanopore2023_Q95.fastq	0396708e-5458-4dd9-6699-e4b8105999e2	SCARNA2:LYPLA2	4	HighConfidence	False_Call	positive	10GB	95%	false_fusion
jaffal_results_porechopped_sim_dataporechoptrimmed_Adapter_Spiked_Simulated_100GB_nanopore2023_Q85.fastq	2e833afb-505f-9bda-f31b-120ed37940ba	ASPN:RPP40	4	HighConfidence	Partial_Recall	positive	100GB	85%	truncated_tri_fusion
jaffal_results_porechopped_sim_dataporechoptrimmed_Adapter_Spiked_Simulated_100GB_nanopore2023_Q90.fastq	319d969b-28c5-7d73-63c2-1b83ab897056	SLC35F4:GUSBP2	4	HighConfidence	False_Call	positive	100GB	90%	false_fusion
jaffal_results_porechopped_sim_dataporechoptrimmed_Adapter_Spiked_Simulated_10GB_nanopore2023_Q95.fastq	af6dfb3c-d9b8-1dcc-d36e-348f47d3f4e3	FAM174B:CPA4	4	HighConfidence	Partial_Recall	positive	10GB	95%	truncated_tri_fusion
jaffal_results_porechopped_sim_dataporechoptrimmed_Adapter_Simulated_10GB_nanopore2023_Q90.fastq	0736da03-5008-2552-0202-9bd6af76da01	ENSG00000254485:SRGAP3	3	HighConfidence	False_Call	negative	10GB	90%	false_fusion
jaffal_results_porechopped_sim_dataporechoptrimmed_Adapter_Simulated_10GB_nanopore2023_Q95.fastq	0736da03-5008-2552-0202-9bd6af76da01	ENSG00000254485:SRGAP3	3	HighConfidence	False_Call	negative	10GB	95%	false_fusion
jaffal_results_porechopped_sim_dataporechoptrimmed_Adapter_Spiked_Simulated_10GB_nanopore2023_Q95.fastq	091e3b3d-9e4f-c090-1ad4-263768b45e77	ENSG00000254485:SRGAP3	3	HighConfidence	False_Call	positive	10GB	95%	false_fusion
jaffal_results_porechopped_sim_dataporechoptrimmed_Adapter_Simulated_100GB_nanopore2023_Q85.fastq	7b0aa555-0e11-f422-54e3-7b26f455ad83	SAMD5:ENSG00000227681	3	HighConfidence	False_Call	negative	100GB	85%	false_fusion
jaffal_results_porechopped_sim_dataporechoptrimmed_Adapter_Spiked_Simulated_100GB_nanopore2023_Q85.fastq	0057cf24-7602-1d67-10bf-cc80774dbe5b	SAMD5:ENSG00000227681	3	HighConfidence	False_Call	positive	100GB	85%	false_fusion
jaffal_results_porechopped_sim_dataporechoptrimmed_Adapter_Spiked_Simulated_10GB_nanopore2023_Q95.fastq	9eda98cb-6038-6bc9-c69a-56ecf5b1bf01	LINC00595:ENSG00000282863	3	HighConfidence	False_Call	positive	10GB	95%	false_fusion
jaffal_results_porechopped_sim_dataporechoptrimmed_Adapter_Spiked_Simulated_100GB_nanopore2023_Q85.fastq	77f3f0f1-ae71-7b9d-f119-213657c71f3e	RARS2:SLC25A27	3	HighConfidence	True_Recall	positive	100GB	85%	intra_chromosome
jaffal_results_porechopped_sim_dataporechoptrimmed_Adapter_Simulated_100GB_nanopore2023_Q85.fastq	b05b6d0e-7150-3cc0-d03a-15af66d0505f	EEF1A1:ALB	3	HighConfidence	False_Call	negative	100GB	85%	false_fusion
jaffal_results_porechopped_sim_dataporechoptrimmed_Adapter_Spiked_Simulated_100GB_nanopore2023_Q85.fastq	2057490e-8376-f37e-6a9a-569b0526f69e	FTH1:FTL	3	HighConfidence	False_Call	positive	100GB	85%	false_fusion
jaffal_results_porechopped_sim_dataporechoptrimmed_Adapter_Spiked_Simulated_100GB_nanopore2023_Q85.fastq	b1ce15d3-6c94-c4ec-6062-d2f5b39f6fcf	BTK:GOLGA8F	3	HighConfidence	False_Call	positive	100GB	85%	false_fusion
jaffal_results_porechopped_sim_dataporechoptrimmed_Adapter_Spiked_Simulated_10GB_nanopore2023_Q85.fastq	2e833afb-505f-9bda-f31b-120ed37940ba	ASPN:RPP40	3	HighConfidence	Partial_Recall	positive	10GB	85%	truncated_tri_fusion
jaffal_results_porechopped_sim_dataporechoptrimmed_Adapter_Simulated_100GB_nanopore2023_Q90.fastq	3ac527ae-ea7c-0ed3-a39b-318f3eef552d	RPL13:FTL	3	HighConfidence	False_Call	negative	100GB	90%	false_fusion
jaffal_results_porechopped_sim_dataporechoptrimmed_Adapter_Simulated_100GB_nanopore2023_Q90.fastq	6dd51ce5-59dc-8b51-d785-88e2886b2eb8	FTL:SERPINA1	3	HighConfidence	False_Call	negative	100GB	90%	false_fusion
jaffal_results_porechopped_sim_dataporechoptrimmed_Adapter_Simulated_100GB_nanopore2023_Q90.fastq	23db6fce-6063-aaf7-4c61-55abfe5c196f	ALB:FTL	3	HighConfidence	False_Call	negative	100GB	90%	false_fusion
jaffal_results_porechopped_sim_dataporechoptrimmed_Adapter_Spiked_Simulated_100GB_nanopore2023_Q90.fastq	65819ee0-6f63-8549-1cb9-879c4ee42807	FTL:ALB	3	HighConfidence	False_Call	positive	100GB	90%	false_fusion
jaffal_results_porechopped_sim_dataporechoptrimmed_Adapter_Spiked_Simulated_100GB_nanopore2023_Q90.fastq	5d3b1794-0a98-f74b-173b-15943a88a436	FABP6:ENSG00000231530	3	HighConfidence	Partial_Recall	positive	100GB	90%	truncated_tri_fusion
jaffal_results_porechopped_sim_dataporechoptrimmed_Adapter_Spiked_Simulated_100GB_nanopore2023_Q90.fastq	622ccaac-c5ac-1a94-7eb6-ab9ffae44e37	ENSG00000273471:GSAP	3	HighConfidence	False_Call	positive	100GB	90%	false_fusion
jaffal_results_porechopped_sim_dataporechoptrimmed_Adapter_Spiked_Simulated_100GB_nanopore2023_Q90.fastq	7adcc686-9c8c-2d0d-56a3-e0cd80c81d08	PTBP3:FAM66C	3	HighConfidence	True_Recall	positive	100GB	90%	hybrid
jaffal_results_porechopped_sim_dataporechoptrimmed_Adapter_Spiked_Simulated_10GB_nanopore2023_Q90.fastq	2eac3ba9-cb97-76ec-e0bf-83b1fde52fbf	RNF216:LRRC18	3	HighConfidence	Partial_Recall	positive	10GB	90%	truncated_tri_fusion
jaffal_results_porechopped_sim_dataporechoptrimmed_Adapter_Spiked_Simulated_100GB_nanopore2023_Q95.fastq	0e15035b-9402-a006-7e05-1416a51df65b	FTH1:FTL	3	HighConfidence	False_Call	positive	100GB	95%	false_fusion
jaffal_results_porechopped_sim_dataporechoptrimmed_Adapter_Spiked_Simulated_100GB_nanopore2023_Q95.fastq	99671f24-3d24-a43a-997b-5e1a306362bf	FTL:RPLP1	3	HighConfidence	False_Call	positive	100GB	95%	false_fusion
jaffal_results_porechopped_sim_dataporechoptrimmed_Adapter_Spiked_Simulated_10GB_nanopore2023_Q95.fastq	5528120b-5186-c0b3-2f69-8dfd9a0a5ce0	SRD5A2:VAC14	3	HighConfidence	Partial_Recall	positive	10GB	95%	truncated_tri_fusion
jaffal_results_porechopped_sim_dataporechoptrimmed_Adapter_Spiked_Simulated_1GB_nanopore2023_Q95.fastq	ad48327d-44a0-8aff-081e-2e8f51a26a36	ENSG00000223634:LINC02923	2	HighConfidence	True_Recall	positive	1GB	95%	read_through
jaffal_results_porechopped_sim_dataporechoptrimmed_Adapter_Spiked_Simulated_10GB_nanopore2023_Q85.fastq	0057cf24-7602-1d67-10bf-cc80774dbe5b	SAMD5:ENSG00000227681	2	HighConfidence	False_Call	positive	10GB	85%	false_fusion
jaffal_results_porechopped_sim_dataporechoptrimmed_Adapter_Simulated_10GB_nanopore2023_Q90.fastq	9f34c46f-8015-5100-614b-83f10cca91da	SAMD5:ENSG00000227681	2	HighConfidence	False_Call	negative	10GB	90%	false_fusion
jaffal_results_porechopped_sim_dataporechoptrimmed_Adapter_Simulated_10GB_nanopore2023_Q95.fastq	9f34c46f-8015-5100-614b-83f10cca91da	SAMD5:ENSG00000227681	2	HighConfidence	False_Call	negative	10GB	95%	false_fusion
jaffal_results_porechopped_sim_dataporechoptrimmed_Adapter_Spiked_Simulated_10GB_nanopore2023_Q95.fastq	9a2d1a93-3d6c-2884-6a0b-844a65023c8d	SATB1:TBC1D5	2	HighConfidence	False_Call	positive	10GB	95%	false_fusion
jaffal_results_porechopped_sim_dataporechoptrimmed_Adapter_Simulated_100GB_nanopore2023_Q90.fastq	5ce01bec-80a5-da86-e1aa-06d1c8c726f3	FTL:RPS16	2	HighConfidence	False_Call	negative	100GB	90%	false_fusion
jaffal_results_porechopped_sim_dataporechoptrimmed_Adapter_Spiked_Simulated_100GB_nanopore2023_Q95.fastq	fda20b97-0beb-c41a-05cf-8a6e3dbb6d40	FTL:GDF15	2	HighConfidence	False_Call	positive	100GB	95%	false_fusion
jaffal_results_porechopped_sim_dataporechoptrimmed_Adapter_Spiked_Simulated_10GB_nanopore2023_Q95.fastq	0f4cc130-bc0c-a492-6bb1-ac0589c89a48	ENSG00000290419:TK2	2	HighConfidence	False_Call	positive	10GB	95%	false_fusion
jaffal_results_porechopped_sim_dataporechoptrimmed_Adapter_Spiked_Simulated_10GB_nanopore2023_Q85.fastq	10b85fc8-2264-dcb2-3fc7-67e19311bac7	LINC01227:KRBOX5	2	HighConfidence	True_Recall	positive	10GB	85%	intra_chromosome
jaffal_results_porechopped_sim_dataporechoptrimmed_Adapter_Simulated_100GB_nanopore2023_Q85.fastq	35ad8a26-83f4-0bdb-84e8-3a256d8a12f8	EEF1A1:AMBP	2	HighConfidence	False_Call	negative	100GB	85%	false_fusion
jaffal_results_porechopped_sim_dataporechoptrimmed_Adapter_Simulated_100GB_nanopore2023_Q85.fastq	21cd903f-ddc8-f379-ec06-9ce16fd8c55e	FTL:RHOB	2	HighConfidence	False_Call	negative	100GB	85%	false_fusion
jaffal_results_porechopped_sim_dataporechoptrimmed_Adapter_Simulated_100GB_nanopore2023_Q85.fastq	4171abc6-43df-08e8-3e9c-fa1fa17092f5	AHSG:FTL	2	HighConfidence	False_Call	negative	100GB	85%	false_fusion
jaffal_results_porechopped_sim_dataporechoptrimmed_Adapter_Simulated_100GB_nanopore2023_Q85.fastq	143ace78-1c58-1f5f-5f0f-94b00707bae4	ALB:FAU	2	HighConfidence	False_Call	negative	100GB	85%	false_fusion
jaffal_results_porechopped_sim_dataporechoptrimmed_Adapter_Spiked_Simulated_100GB_nanopore2023_Q85.fastq	8f8951a0-261e-5f3f-387f-a8a77a987d93	RPLP0:FTL	2	HighConfidence	False_Call	positive	100GB	85%	false_fusion
jaffal_results_porechopped_sim_dataporechoptrimmed_Adapter_Spiked_Simulated_100GB_nanopore2023_Q85.fastq	6299e30e-af65-6390-dbd2-56e0ddc8a5f5	RPLP0:FTL	2	HighConfidence	False_Call	positive	100GB	85%	false_fusion
jaffal_results_porechopped_sim_dataporechoptrimmed_Adapter_Spiked_Simulated_100GB_nanopore2023_Q85.fastq	22f42dee-28f2-b10a-40f9-d642d870b2dc	ALB:RPS19	2	HighConfidence	False_Call	positive	100GB	85%	false_fusion
jaffal_results_porechopped_sim_dataporechoptrimmed_Adapter_Simulated_100GB_nanopore2023_Q90.fastq	17b341cf-e3e0-7111-65f6-7f5b5af03c1a	FTH1:TF	2	HighConfidence	False_Call	negative	100GB	90%	false_fusion
jaffal_results_porechopped_sim_dataporechoptrimmed_Adapter_Simulated_100GB_nanopore2023_Q90.fastq	48cc173b-1833-6f23-1f94-7c25d72c7254	GPX2:RPL31	2	HighConfidence	False_Call	negative	100GB	90%	false_fusion
jaffal_results_porechopped_sim_dataporechoptrimmed_Adapter_Simulated_100GB_nanopore2023_Q90.fastq	1e57217d-272b-25f9-33e8-9ad829e31437	SERPINA1:ATP5F1B	2	HighConfidence	False_Call	negative	100GB	90%	false_fusion
jaffal_results_porechopped_sim_dataporechoptrimmed_Adapter_Simulated_100GB_nanopore2023_Q90.fastq	825db1ee-3b5b-be48-701f-172e2eed06bc	CRLF1:TMSB10	2	HighConfidence	False_Call	negative	100GB	90%	false_fusion
jaffal_results_porechopped_sim_dataporechoptrimmed_Adapter_Simulated_100GB_nanopore2023_Q90.fastq	0f4e410a-cd41-deaf-ee6f-cd9a1948dccc	FTL:RPS18	2	HighConfidence	False_Call	negative	100GB	90%	false_fusion
jaffal_results_porechopped_sim_dataporechoptrimmed_Adapter_Simulated_100GB_nanopore2023_Q90.fastq	c326b661-1740-c847-5a52-4db85fa60614	ENSG00000251357:NME1	2	HighConfidence	False_Call	negative	100GB	90%	false_fusion
jaffal_results_porechopped_sim_dataporechoptrimmed_Adapter_Simulated_100GB_nanopore2023_Q90.fastq	21746181-1e25-e73f-d38a-b22e1c6dae71	RPL3:CST3	2	HighConfidence	False_Call	negative	100GB	90%	false_fusion
jaffal_results_porechopped_sim_dataporechoptrimmed_Adapter_Simulated_100GB_nanopore2023_Q90.fastq	4a550016-f305-dfb8-780e-f53660ec3bf7	PPIB:RPL13	2	HighConfidence	False_Call	negative	100GB	90%	false_fusion
jaffal_results_porechopped_sim_dataporechoptrimmed_Adapter_Simulated_100GB_nanopore2023_Q90.fastq	1cdbfb64-0f1b-486f-6973-fba3219ac29f	RPL27:EEF1A1	2	HighConfidence	False_Call	negative	100GB	90%	false_fusion
jaffal_results_porechopped_sim_dataporechoptrimmed_Adapter_Simulated_100GB_nanopore2023_Q90.fastq	3ae5dbd5-8c50-3307-648f-d9b0a752eed8	FTL:PFN1	2	HighConfidence	False_Call	negative	100GB	90%	false_fusion
jaffal_results_porechopped_sim_dataporechoptrimmed_Adapter_Simulated_100GB_nanopore2023_Q90.fastq	a0d84b86-9f40-c1f2-f194-1bb62d94b8f4	ALB:RPLP0	2	HighConfidence	False_Call	negative	100GB	90%	false_fusion
jaffal_results_porechopped_sim_dataporechoptrimmed_Adapter_Simulated_100GB_nanopore2023_Q90.fastq	dfa4b0be-3ce9-9267-e5db-47cf90dd9825	ALB:SERPINA3	2	HighConfidence	False_Call	negative	100GB	90%	false_fusion
jaffal_results_porechopped_sim_dataporechoptrimmed_Adapter_Simulated_100GB_nanopore2023_Q90.fastq	2111939d-2968-0133-20db-df632b824378	RPS18:APOA1	2	HighConfidence	False_Call	negative	100GB	90%	false_fusion
jaffal_results_porechopped_sim_dataporechoptrimmed_Adapter_Simulated_100GB_nanopore2023_Q90.fastq	1ac6aa12-314f-6afe-28e2-5bac169ec411	RPL10A:ALB	2	HighConfidence	False_Call	negative	100GB	90%	false_fusion
jaffal_results_porechopped_sim_dataporechoptrimmed_Adapter_Simulated_100GB_nanopore2023_Q90.fastq	e88000b4-a20b-da1e-de8c-ef4d456bc197	EEF1A1:FTL	2	HighConfidence	False_Call	negative	100GB	90%	false_fusion
jaffal_results_porechopped_sim_dataporechoptrimmed_Adapter_Spiked_Simulated_100GB_nanopore2023_Q90.fastq	d7dfc740-fdcc-f5aa-2f0b-182ef7ff09a8	RPS3:ALB	2	HighConfidence	False_Call	positive	100GB	90%	false_fusion
jaffal_results_porechopped_sim_dataporechoptrimmed_Adapter_Spiked_Simulated_100GB_nanopore2023_Q90.fastq	ad723fe1-7ff6-8434-5551-1bc6ec9bd3d4	AFP:RPL13	2	HighConfidence	False_Call	positive	100GB	90%	false_fusion
jaffal_results_porechopped_sim_dataporechoptrimmed_Adapter_Spiked_Simulated_100GB_nanopore2023_Q90.fastq	30cfbbed-7471-271b-d6cf-1a36f120a35b	EEF1A1:FTH1	2	HighConfidence	False_Call	positive	100GB	90%	false_fusion
jaffal_results_porechopped_sim_dataporechoptrimmed_Adapter_Spiked_Simulated_100GB_nanopore2023_Q90.fastq	63465ed2-b33d-5378-b320-06730c480da7	AMBP:FTL	2	HighConfidence	False_Call	positive	100GB	90%	false_fusion
jaffal_results_porechopped_sim_dataporechoptrimmed_Adapter_Spiked_Simulated_100GB_nanopore2023_Q90.fastq	0e5178b7-4e7d-8982-2d52-e6e57c7209e1	RPLP0:SERPINA1	2	HighConfidence	False_Call	positive	100GB	90%	false_fusion
jaffal_results_porechopped_sim_dataporechoptrimmed_Adapter_Spiked_Simulated_100GB_nanopore2023_Q90.fastq	7b013db3-a7dd-9cc0-2182-05dfc8584905	RPLP0:ALB	2	HighConfidence	False_Call	positive	100GB	90%	false_fusion
jaffal_results_porechopped_sim_dataporechoptrimmed_Adapter_Spiked_Simulated_100GB_nanopore2023_Q90.fastq	f410b369-39b8-9abe-8cc6-4db655e2cbdf	FTL:RPLP2	2	HighConfidence	False_Call	positive	100GB	90%	false_fusion
jaffal_results_porechopped_sim_dataporechoptrimmed_Adapter_Spiked_Simulated_100GB_nanopore2023_Q90.fastq	3e18a5b1-c590-83f7-02a9-afb8a3772974	TRIB3:AHSG	2	HighConfidence	False_Call	positive	100GB	90%	false_fusion
jaffal_results_porechopped_sim_dataporechoptrimmed_Adapter_Spiked_Simulated_100GB_nanopore2023_Q90.fastq	0a58faab-91da-0c02-ad46-122a5dd35666	ZFAS1:ALB	2	HighConfidence	False_Call	positive	100GB	90%	false_fusion
jaffal_results_porechopped_sim_dataporechoptrimmed_Adapter_Spiked_Simulated_100GB_nanopore2023_Q90.fastq	09939433-c1ab-2601-5f94-94151c43b88e	GNAS:APOA1	2	HighConfidence	False_Call	positive	100GB	90%	false_fusion
jaffal_results_porechopped_sim_dataporechoptrimmed_Adapter_Spiked_Simulated_100GB_nanopore2023_Q90.fastq	d87426a5-c9c8-a719-4b71-195754da56d4	EEF1B2:FTL	2	HighConfidence	False_Call	positive	100GB	90%	false_fusion
jaffal_results_porechopped_sim_dataporechoptrimmed_Adapter_Spiked_Simulated_100GB_nanopore2023_Q90.fastq	1f1da3fa-b47d-8f59-cf3f-b5eeed8331fe	ALB:ATF4	2	HighConfidence	False_Call	positive	100GB	90%	false_fusion
jaffal_results_porechopped_sim_dataporechoptrimmed_Adapter_Spiked_Simulated_100GB_nanopore2023_Q90.fastq	32c84654-c046-0f79-08d4-eafc8c68a163	RPL10A:RPL31	2	HighConfidence	False_Call	positive	100GB	90%	false_fusion
jaffal_results_porechopped_sim_dataporechoptrimmed_Adapter_Spiked_Simulated_100GB_nanopore2023_Q90.fastq	ac4857e1-3474-d78a-31bc-f7916dbd8ffa	EEF1A1:ALB	2	HighConfidence	False_Call	positive	100GB	90%	false_fusion
jaffal_results_porechopped_sim_dataporechoptrimmed_Adapter_Spiked_Simulated_100GB_nanopore2023_Q90.fastq	9fc11cb9-ca7e-0d55-7d94-81f95d7fa90f	GPC3:FTL	2	HighConfidence	False_Call	positive	100GB	90%	false_fusion
jaffal_results_porechopped_sim_dataporechoptrimmed_Adapter_Simulated_100GB_nanopore2023_Q95.fastq	4e7d134e-7f56-15be-f863-300915f9ac6d	ERH:AMBP	2	HighConfidence	False_Call	negative	100GB	95%	false_fusion
jaffal_results_porechopped_sim_dataporechoptrimmed_Adapter_Simulated_100GB_nanopore2023_Q95.fastq	87da550f-7161-6a6e-74e3-cc99dfa7dbfe	SERPINA1:FTL	2	HighConfidence	False_Call	negative	100GB	95%	false_fusion
jaffal_results_porechopped_sim_dataporechoptrimmed_Adapter_Simulated_100GB_nanopore2023_Q95.fastq	177a3e36-bbf1-8a5a-6e5e-2a92a2534732	SERPINA1:RPS21	2	HighConfidence	False_Call	negative	100GB	95%	false_fusion
jaffal_results_porechopped_sim_dataporechoptrimmed_Adapter_Simulated_100GB_nanopore2023_Q95.fastq	73a3a6b2-2cb5-071f-9844-9bf55ecd3360	SERPINA1:ALB	2	HighConfidence	False_Call	negative	100GB	95%	false_fusion
jaffal_results_porechopped_sim_dataporechoptrimmed_Adapter_Simulated_100GB_nanopore2023_Q95.fastq	5b0e5536-b572-a2aa-3c61-17585bfc8533	FTL:RPS29	2	HighConfidence	False_Call	negative	100GB	95%	false_fusion
jaffal_results_porechopped_sim_dataporechoptrimmed_Adapter_Simulated_100GB_nanopore2023_Q95.fastq	1ca04326-c082-7625-dfc8-540976f7dcd9	FTL:ALB	2	HighConfidence	False_Call	negative	100GB	95%	false_fusion
jaffal_results_porechopped_sim_dataporechoptrimmed_Adapter_Simulated_100GB_nanopore2023_Q95.fastq	41a85757-c15d-41b0-fda3-6661365b816d	FTL:RPS18	2	HighConfidence	False_Call	negative	100GB	95%	false_fusion
jaffal_results_porechopped_sim_dataporechoptrimmed_Adapter_Simulated_100GB_nanopore2023_Q95.fastq	1ea7bb24-9bf8-4852-2318-0540b1fc8f6f	RPL3:ALB	2	HighConfidence	False_Call	negative	100GB	95%	false_fusion
jaffal_results_porechopped_sim_dataporechoptrimmed_Adapter_Simulated_100GB_nanopore2023_Q95.fastq	6a8af757-6d23-a7ec-5f01-ddabd818d030	RPS3A:AHSG	2	HighConfidence	False_Call	negative	100GB	95%	false_fusion
jaffal_results_porechopped_sim_dataporechoptrimmed_Adapter_Simulated_100GB_nanopore2023_Q95.fastq	5f903d78-6c3f-e0ad-fbe1-c897112cb0e8	ALB:FTL	2	HighConfidence	False_Call	negative	100GB	95%	false_fusion
jaffal_results_porechopped_sim_dataporechoptrimmed_Adapter_Simulated_100GB_nanopore2023_Q95.fastq	19a51590-1ab7-6c1c-3c96-324f3713a724	AFP:SERPINA3	2	HighConfidence	False_Call	negative	100GB	95%	false_fusion
jaffal_results_porechopped_sim_dataporechoptrimmed_Adapter_Simulated_100GB_nanopore2023_Q95.fastq	2fdcbe5e-48fc-191a-a29e-91e59897d242	RPS10:SERPINA1	2	HighConfidence	False_Call	negative	100GB	95%	false_fusion
jaffal_results_porechopped_sim_dataporechoptrimmed_Adapter_Simulated_100GB_nanopore2023_Q95.fastq	6be37f5c-67ec-5ea5-1705-6cc5695c6974	RPL8:SERPINA1	2	HighConfidence	False_Call	negative	100GB	95%	false_fusion
jaffal_results_porechopped_sim_dataporechoptrimmed_Adapter_Simulated_100GB_nanopore2023_Q95.fastq	9803f6f6-0435-3adf-b13e-c809e2c5503b	DUSP9:FTL	2	HighConfidence	False_Call	negative	100GB	95%	false_fusion
jaffal_results_porechopped_sim_dataporechoptrimmed_Adapter_Simulated_100GB_nanopore2023_Q95.fastq	0f19675f-0d3e-ec52-f9e3-d3700579015d	RPL11:COX7A2	2	HighConfidence	False_Call	negative	100GB	95%	false_fusion
jaffal_results_porechopped_sim_dataporechoptrimmed_Adapter_Simulated_100GB_nanopore2023_Q95.fastq	ad254d1e-57e7-2076-44ec-f5723e460720	SERPINA3:ALB	2	HighConfidence	False_Call	negative	100GB	95%	false_fusion
jaffal_results_porechopped_sim_dataporechoptrimmed_Adapter_Simulated_100GB_nanopore2023_Q95.fastq	1507052a-dff9-a4db-11b4-aed4d3060947	BCAM:ALB	2	HighConfidence	False_Call	negative	100GB	95%	false_fusion
jaffal_results_porechopped_sim_dataporechoptrimmed_Adapter_Simulated_100GB_nanopore2023_Q95.fastq	078cad8f-c96b-ac5b-4fa8-1d536d15f854	FTL:EEF1B2	2	HighConfidence	False_Call	negative	100GB	95%	false_fusion
jaffal_results_porechopped_sim_dataporechoptrimmed_Adapter_Simulated_100GB_nanopore2023_Q95.fastq	8beffb60-49ae-c915-c7f1-da75851aa379	RPL13A:HSPA5	2	HighConfidence	False_Call	negative	100GB	95%	false_fusion
jaffal_results_porechopped_sim_dataporechoptrimmed_Adapter_Simulated_100GB_nanopore2023_Q95.fastq	9a2d5534-82a2-fcca-f42e-90ee431080f8	RPL3:SERPINA3	2	HighConfidence	False_Call	negative	100GB	95%	false_fusion
jaffal_results_porechopped_sim_dataporechoptrimmed_Adapter_Simulated_100GB_nanopore2023_Q95.fastq	6ccf90a4-e638-7e5d-5f6f-d3ba50998e83	RPL3:NQO1	2	HighConfidence	False_Call	negative	100GB	95%	false_fusion
jaffal_results_porechopped_sim_dataporechoptrimmed_Adapter_Simulated_100GB_nanopore2023_Q95.fastq	d5e0e337-75ec-28d8-1fc1-dd6f9e7fc155	ALB:RPL23A	2	HighConfidence	False_Call	negative	100GB	95%	false_fusion
jaffal_results_porechopped_sim_dataporechoptrimmed_Adapter_Simulated_100GB_nanopore2023_Q95.fastq	a1021a87-47d4-d63f-e18d-22f8f461f30a	ALB:NME2	2	HighConfidence	False_Call	negative	100GB	95%	false_fusion
jaffal_results_porechopped_sim_dataporechoptrimmed_Adapter_Simulated_100GB_nanopore2023_Q95.fastq	b23e70ad-c714-f9ff-2482-0a374a0c9d3b	RPS18:TF	2	HighConfidence	False_Call	negative	100GB	95%	false_fusion
jaffal_results_porechopped_sim_dataporechoptrimmed_Adapter_Spiked_Simulated_100GB_nanopore2023_Q95.fastq	299f2dd9-4207-8f79-df21-8e3258328889	EEF1G:FTL	2	HighConfidence	False_Call	positive	100GB	95%	false_fusion
jaffal_results_porechopped_sim_dataporechoptrimmed_Adapter_Spiked_Simulated_100GB_nanopore2023_Q95.fastq	3116bfac-4f52-8fb4-a3d5-a5109d55a073	RPLP2:RPL27	2	HighConfidence	False_Call	positive	100GB	95%	false_fusion
jaffal_results_porechopped_sim_dataporechoptrimmed_Adapter_Spiked_Simulated_100GB_nanopore2023_Q95.fastq	9418dd47-463d-bf3a-dd7f-57f71eddf928	RPL13:FTH1	2	HighConfidence	False_Call	positive	100GB	95%	false_fusion
jaffal_results_porechopped_sim_dataporechoptrimmed_Adapter_Spiked_Simulated_100GB_nanopore2023_Q95.fastq	069b455e-0aaf-1b29-6e33-28d2dcd0faf9	RPS19:AFP	2	HighConfidence	False_Call	positive	100GB	95%	false_fusion
jaffal_results_porechopped_sim_dataporechoptrimmed_Adapter_Spiked_Simulated_100GB_nanopore2023_Q95.fastq	4156e3d8-5c48-16c5-ef00-14780d531ce1	FTL:NME1	2	HighConfidence	False_Call	positive	100GB	95%	false_fusion
jaffal_results_porechopped_sim_dataporechoptrimmed_Adapter_Spiked_Simulated_100GB_nanopore2023_Q95.fastq	b11881f7-3e48-a109-c1d0-81baa33c8fce	ALB:RPL37A	2	HighConfidence	False_Call	positive	100GB	95%	false_fusion
jaffal_results_porechopped_sim_dataporechoptrimmed_Adapter_Spiked_Simulated_100GB_nanopore2023_Q95.fastq	40a0dffb-31b1-7b81-8ea0-76ae9deb971a	EEF1A1:FTL	2	HighConfidence	False_Call	positive	100GB	95%	false_fusion
jaffal_results_porechopped_sim_dataporechoptrimmed_Adapter_Spiked_Simulated_100GB_nanopore2023_Q95.fastq	919c6fc2-210d-6c31-03b9-ee74a7ddd5ef	FTH1:AHSG	2	HighConfidence	False_Call	positive	100GB	95%	false_fusion
jaffal_results_porechopped_sim_dataporechoptrimmed_Adapter_Spiked_Simulated_100GB_nanopore2023_Q95.fastq	0422238a-3780-f666-879e-fb4161b7b527	RPLP0:RACK1	2	HighConfidence	False_Call	positive	100GB	95%	false_fusion
jaffal_results_porechopped_sim_dataporechoptrimmed_Adapter_Spiked_Simulated_100GB_nanopore2023_Q95.fastq	bf44bb4b-19a4-b32b-1582-27c154f15c76	SERPINA1:FTL	2	HighConfidence	False_Call	positive	100GB	95%	false_fusion
jaffal_results_porechopped_sim_dataporechoptrimmed_Adapter_Spiked_Simulated_100GB_nanopore2023_Q95.fastq	d05e7172-3b01-f593-507c-d00ed58163cd	SERPINA3:APOA1	2	HighConfidence	False_Call	positive	100GB	95%	false_fusion
jaffal_results_porechopped_sim_dataporechoptrimmed_Adapter_Spiked_Simulated_100GB_nanopore2023_Q95.fastq	df4bd99a-10cc-c70f-a597-fb26863c0ad8	RPL27:SERPINA1	2	HighConfidence	False_Call	positive	100GB	95%	false_fusion
jaffal_results_porechopped_sim_dataporechoptrimmed_Adapter_Spiked_Simulated_100GB_nanopore2023_Q95.fastq	64f4c683-6666-c2a9-73ff-40ae381a43b7	RPS11:RPL8	2	HighConfidence	False_Call	positive	100GB	95%	false_fusion
jaffal_results_porechopped_sim_dataporechoptrimmed_Adapter_Spiked_Simulated_100GB_nanopore2023_Q95.fastq	17bb3721-cdcd-eb0d-a6db-b9c753abfde6	RPL37A:APOH	2	HighConfidence	False_Call	positive	100GB	95%	false_fusion
jaffal_results_porechopped_sim_dataporechoptrimmed_Adapter_Spiked_Simulated_100GB_nanopore2023_Q95.fastq	eda91e60-ff1c-e4f2-f521-5aaa96914d52	ALB:RPL5	2	HighConfidence	False_Call	positive	100GB	95%	false_fusion
jaffal_results_porechopped_sim_dataporechoptrimmed_Adapter_Spiked_Simulated_100GB_nanopore2023_Q95.fastq	fb753388-5480-e1fc-4ba5-cb56cba63d28	ALB:RPS20	2	HighConfidence	False_Call	positive	100GB	95%	false_fusion
jaffal_results_porechopped_sim_dataporechoptrimmed_Adapter_Spiked_Simulated_100GB_nanopore2023_Q95.fastq	7446a307-d81c-5299-e938-1a080a823b43	RPS12:RPLP2	2	HighConfidence	False_Call	positive	100GB	95%	false_fusion
jaffal_results_porechopped_sim_dataporechoptrimmed_Adapter_Spiked_Simulated_100GB_nanopore2023_Q95.fastq	678e0dec-a99b-0821-49f2-d2f38511076b	EEF1A1:AHSG	2	HighConfidence	False_Call	positive	100GB	95%	false_fusion
jaffal_results_porechopped_sim_dataporechoptrimmed_Adapter_Spiked_Simulated_100GB_nanopore2023_Q95.fastq	53633d97-1ce9-978a-077d-835eba550d82	RPL30:ALB	2	HighConfidence	False_Call	positive	100GB	95%	false_fusion
jaffal_results_porechopped_sim_dataporechoptrimmed_Adapter_Spiked_Simulated_10GB_nanopore2023_Q95.fastq	3abaa407-1f00-b824-9217-c62edf2836c9	ENSG00000234255:TMEM108-AS1	2	HighConfidence	True_Recall	positive	10GB	95%	hybrid
jaffal_results_porechopped_sim_dataporechoptrimmed_Adapter_Spiked_Simulated_10GB_nanopore2023_Q95.fastq	c99dc7ef-a52c-d41a-5238-2dd9037ce996	EIF4G1:ENSG00000275389	2	HighConfidence	Partial_Recall	positive	10GB	95%	truncated_tri_fusion
jaffal_results_porechopped_sim_dataporechoptrimmed_Adapter_Spiked_Simulated_100GB_nanopore2023_Q95.fastq	577ead09-de0d-c82a-f632-39aab3525d61	PTGS1:ENSG00000233616	51	LowConfidence	True_Recall	positive	100GB	95%	read_through
jaffal_results_porechopped_sim_dataporechoptrimmed_Adapter_Spiked_Simulated_100GB_nanopore2023_Q95.fastq	0371da35-973d-b304-2602-73925e1e36ed	ENSG00000285565:WRAP53	49	LowConfidence	True_Recall	positive	100GB	95%	hybrid
jaffal_results_porechopped_sim_dataporechoptrimmed_Adapter_Spiked_Simulated_100GB_nanopore2023_Q95.fastq	0134e8a8-6655-96c6-cac4-c4c005e28d54	UPK1B:B4GALT4	48	LowConfidence	True_Recall	positive	100GB	95%	read_through
jaffal_results_porechopped_sim_dataporechoptrimmed_Adapter_Spiked_Simulated_100GB_nanopore2023_Q95.fastq	15e5fb83-56ca-f066-83ca-81ea181f6bc4	TLE4:ENSG00000228714	46	LowConfidence	True_Recall	positive	100GB	95%	intra_chromosome
jaffal_results_porechopped_sim_dataporechoptrimmed_Adapter_Spiked_Simulated_100GB_nanopore2023_Q90.fastq	050fcf57-8cbb-7b3f-0da5-a96487273db2	LINC00551:STARD13-AS	46	LowConfidence	True_Recall	positive	100GB	90%	intra_chromosome
jaffal_results_porechopped_sim_dataporechoptrimmed_Adapter_Spiked_Simulated_100GB_nanopore2023_Q90.fastq	00d10a08-5402-cbbe-a717-ed384e7413cf	JADE1:LINC00205	46	LowConfidence	True_Recall	positive	100GB	90%	hybrid
jaffal_results_porechopped_sim_dataporechoptrimmed_Adapter_Spiked_Simulated_100GB_nanopore2023_Q95.fastq	1c619058-4e2a-eb16-70f7-18dfdc7d43a6	ENSG00000281920:ASPH	46	LowConfidence	Partial_Recall	positive	100GB	95%	truncated_tri_fusion
jaffal_results_porechopped_sim_dataporechoptrimmed_Adapter_Spiked_Simulated_100GB_nanopore2023_Q90.fastq	06f1acc8-ae80-ab7f-f05c-9cc9229ed63f	SLC17A5:RPL7L1	45	LowConfidence	True_Recall	positive	100GB	90%	intra_chromosome
jaffal_results_porechopped_sim_dataporechoptrimmed_Adapter_Spiked_Simulated_100GB_nanopore2023_Q95.fastq	08af3b72-b52f-f517-22d8-ed2c2d93ba86	RER1:GMNC	45	LowConfidence	True_Recall	positive	100GB	95%	hybrid
jaffal_results_porechopped_sim_dataporechoptrimmed_Adapter_Spiked_Simulated_100GB_nanopore2023_Q95.fastq	007fa745-931c-62e8-66ed-28881a479dfa	LDLRAD4:NUTF2	44	LowConfidence	Partial_Recall	positive	100GB	95%	truncated_tri_fusion
jaffal_results_porechopped_sim_dataporechoptrimmed_Adapter_Spiked_Simulated_100GB_nanopore2023_Q95.fastq	00c4bee0-161e-1e7d-c3a4-e53656dd5b36	LINC01227:KRBOX5	43	LowConfidence	True_Recall	positive	100GB	95%	intra_chromosome
jaffal_results_porechopped_sim_dataporechoptrimmed_Adapter_Spiked_Simulated_100GB_nanopore2023_Q90.fastq	017062c1-bb05-b7a4-a3af-da4ff86fda57	PLCB1:PIGT	42	LowConfidence	True_Recall	positive	100GB	90%	intra_chromosome
jaffal_results_porechopped_sim_dataporechoptrimmed_Adapter_Spiked_Simulated_100GB_nanopore2023_Q95.fastq	04b10a41-bcaf-f68e-717d-f48fe7c1ad98	PLCB1:PIGT	42	LowConfidence	True_Recall	positive	100GB	95%	intra_chromosome
jaffal_results_porechopped_sim_dataporechoptrimmed_Adapter_Spiked_Simulated_100GB_nanopore2023_Q95.fastq	0acc203d-f91c-caf3-1b23-6c0e942e403b	ENSG00000227083:KDM5C-IT1	42	LowConfidence	True_Recall	positive	100GB	95%	intra_chromosome
jaffal_results_porechopped_sim_dataporechoptrimmed_Adapter_Spiked_Simulated_100GB_nanopore2023_Q95.fastq	09d461a1-c070-36f4-4ed0-1cbc2d6c19c7	LINC00383:STARD13-AS	41	LowConfidence	True_Recall	positive	100GB	95%	intra_chromosome
jaffal_results_porechopped_sim_dataporechoptrimmed_Adapter_Spiked_Simulated_100GB_nanopore2023_Q95.fastq	0b6c4a30-2258-2735-55bf-ee73932313ae	LINC00551:STARD13-AS	41	LowConfidence	True_Recall	positive	100GB	95%	intra_chromosome
jaffal_results_porechopped_sim_dataporechoptrimmed_Adapter_Spiked_Simulated_100GB_nanopore2023_Q90.fastq	17379919-7fc8-0d9a-c167-1d27da977692	BRPF3:CSPP1	41	LowConfidence	Partial_Recall	positive	100GB	90%	truncated_tri_fusion
jaffal_results_porechopped_sim_dataporechoptrimmed_Adapter_Spiked_Simulated_100GB_nanopore2023_Q95.fastq	1220dffc-3395-41f2-61f7-eb495812eb7f	JMJD7:MIR9-1HG	41	LowConfidence	Partial_Recall	positive	100GB	95%	truncated_tri_fusion
jaffal_results_porechopped_sim_dataporechoptrimmed_Adapter_Spiked_Simulated_100GB_nanopore2023_Q90.fastq	1bf4d427-9556-b434-0664-e30043310830	CBY3:ENSG00000228274	40	LowConfidence	Partial_Recall	positive	100GB	90%	truncated_tri_fusion
jaffal_results_porechopped_sim_dataporechoptrimmed_Adapter_Spiked_Simulated_100GB_nanopore2023_Q90.fastq	581b499e-b728-4191-7aec-7d3faa08a4f7	PPARG:ACTL9	40	LowConfidence	Partial_Recall	positive	100GB	90%	truncated_tri_fusion
jaffal_results_porechopped_sim_dataporechoptrimmed_Adapter_Spiked_Simulated_100GB_nanopore2023_Q95.fastq	00fc5664-3de5-6220-7fa8-f43570664e5b	G3BP1:ERC1	40	LowConfidence	Partial_Recall	positive	100GB	95%	truncated_tri_fusion
jaffal_results_porechopped_sim_dataporechoptrimmed_Adapter_Spiked_Simulated_100GB_nanopore2023_Q95.fastq	04d75600-c412-9200-2d86-33a274c3536b	SIRT5:USP9X	40	LowConfidence	Partial_Recall	positive	100GB	95%	truncated_tri_fusion
jaffal_results_porechopped_sim_dataporechoptrimmed_Adapter_Spiked_Simulated_100GB_nanopore2023_Q95.fastq	1ab27e7b-4cf1-ec5c-dd21-88396e84eda2	ENSG00000256339:ESAM	40	LowConfidence	True_Recall	positive	100GB	95%	hybrid
jaffal_results_porechopped_sim_dataporechoptrimmed_Adapter_Spiked_Simulated_100GB_nanopore2023_Q95.fastq	070c53f6-99e4-e456-dc04-519effc11e96	ENSG00000254979:ZSCAN32	40	LowConfidence	Partial_Recall	positive	100GB	95%	truncated_tri_fusion
jaffal_results_porechopped_sim_dataporechoptrimmed_Adapter_Spiked_Simulated_100GB_nanopore2023_Q95.fastq	11c1d7c0-8047-226d-c33c-feb0c68a060a	BRPF3:CSPP1	40	LowConfidence	Partial_Recall	positive	100GB	95%	truncated_tri_fusion
jaffal_results_porechopped_sim_dataporechoptrimmed_Adapter_Spiked_Simulated_100GB_nanopore2023_Q85.fastq	3589e78a-dc19-7662-524e-ce5aa0049baf	PLCB1:PIGT	39	LowConfidence	True_Recall	positive	100GB	85%	intra_chromosome
jaffal_results_porechopped_sim_dataporechoptrimmed_Adapter_Spiked_Simulated_100GB_nanopore2023_Q95.fastq	1e548b14-6150-497c-89a3-0e53f1cbced3	PNPLA8:ENSG00000225612	39	LowConfidence	True_Recall	positive	100GB	95%	intra_chromosome
jaffal_results_porechopped_sim_dataporechoptrimmed_Adapter_Spiked_Simulated_100GB_nanopore2023_Q95.fastq	15e6d681-62db-89c2-2a8f-9cae820319d6	ENSG00000289039:CREM	39	LowConfidence	True_Recall	positive	100GB	95%	intra_chromosome
jaffal_results_porechopped_sim_dataporechoptrimmed_Adapter_Spiked_Simulated_100GB_nanopore2023_Q95.fastq	0c473d79-4dc2-21c4-5475-d71437e4718a	FRAS1:NCALD	39	LowConfidence	Partial_Recall	positive	100GB	95%	truncated_tri_fusion
jaffal_results_porechopped_sim_dataporechoptrimmed_Adapter_Spiked_Simulated_100GB_nanopore2023_Q95.fastq	076ca4d7-7dae-1c17-e791-717ab9447ac6	ZNF627:HNRNPA3	39	LowConfidence	Partial_Recall	positive	100GB	95%	truncated_tri_fusion
jaffal_results_porechopped_sim_dataporechoptrimmed_Adapter_Spiked_Simulated_100GB_nanopore2023_Q95.fastq	13a800dc-d516-c78f-6977-8b1e2542155c	SLC17A5:RPL7L1	38	LowConfidence	True_Recall	positive	100GB	95%	intra_chromosome
jaffal_results_porechopped_sim_dataporechoptrimmed_Adapter_Spiked_Simulated_100GB_nanopore2023_Q95.fastq	19f82908-248b-65e8-1e98-81ec1e5e6c0b	FAM110A:LINC01524	38	LowConfidence	True_Recall	positive	100GB	95%	intra_chromosome
jaffal_results_porechopped_sim_dataporechoptrimmed_Adapter_Spiked_Simulated_100GB_nanopore2023_Q90.fastq	0bc152f2-48ac-5414-2834-3afaea1aac10	ENSG00000225676:CDK5RAP2	38	LowConfidence	True_Recall	positive	100GB	90%	hybrid
jaffal_results_porechopped_sim_dataporechoptrimmed_Adapter_Spiked_Simulated_100GB_nanopore2023_Q95.fastq	017e2656-385d-98b2-1371-b6aea53caec5	PAPLN:HULC	38	LowConfidence	False_Call	positive	100GB	95%	false_fusion
jaffal_results_porechopped_sim_dataporechoptrimmed_Adapter_Spiked_Simulated_100GB_nanopore2023_Q95.fastq	14b95e2d-4954-9ac5-4efc-a2440715b1fa	HMMR:POMT1	38	LowConfidence	Partial_Recall	positive	100GB	95%	truncated_tri_fusion
jaffal_results_porechopped_sim_dataporechoptrimmed_Adapter_Spiked_Simulated_100GB_nanopore2023_Q95.fastq	0ef52700-ba25-92d4-cf22-c0cffe6ccbd2	PPARG:ACTL9	38	LowConfidence	Partial_Recall	positive	100GB	95%	truncated_tri_fusion
jaffal_results_porechopped_sim_dataporechoptrimmed_Adapter_Spiked_Simulated_100GB_nanopore2023_Q95.fastq	1104aa6a-4cb4-9279-2082-b4f5ffbf0a6e	CTSC:NDUFS3	37	LowConfidence	True_Recall	positive	100GB	95%	hybrid
jaffal_results_porechopped_sim_dataporechoptrimmed_Adapter_Spiked_Simulated_100GB_nanopore2023_Q90.fastq	0b88f6a4-f408-4e67-6a60-ce743eae7654	FRAS1:NCALD	37	LowConfidence	Partial_Recall	positive	100GB	90%	truncated_tri_fusion
jaffal_results_porechopped_sim_dataporechoptrimmed_Adapter_Spiked_Simulated_100GB_nanopore2023_Q90.fastq	168bf4ca-f787-652c-17dd-30e4ef425660	FKTN:XPO1	37	LowConfidence	True_Recall	positive	100GB	90%	hybrid
jaffal_results_porechopped_sim_dataporechoptrimmed_Adapter_Spiked_Simulated_100GB_nanopore2023_Q95.fastq	08927035-00cc-1427-33b0-c5f268a7b8ca	EPHA2:MAGEB6	37	LowConfidence	Partial_Recall	positive	100GB	95%	truncated_tri_fusion
jaffal_results_porechopped_sim_dataporechoptrimmed_Adapter_Spiked_Simulated_100GB_nanopore2023_Q95.fastq	03eba75b-e837-cba8-e9d6-3fa9e27b88ab	RPS6KA4:BTG4	36	LowConfidence	Partial_Recall	positive	100GB	95%	truncated_tri_fusion
jaffal_results_porechopped_sim_dataporechoptrimmed_Adapter_Spiked_Simulated_100GB_nanopore2023_Q85.fastq	23bebeea-ea63-347b-7ec8-1bff21daaeba	JADE1:LINC00205	36	LowConfidence	True_Recall	positive	100GB	85%	hybrid
jaffal_results_porechopped_sim_dataporechoptrimmed_Adapter_Spiked_Simulated_100GB_nanopore2023_Q95.fastq	21a622b8-66bb-8dce-9bd3-736af58eb555	JADE1:LINC00205	36	LowConfidence	True_Recall	positive	100GB	95%	hybrid
jaffal_results_porechopped_sim_dataporechoptrimmed_Adapter_Spiked_Simulated_100GB_nanopore2023_Q95.fastq	015efb70-16b1-f621-a434-83570c478cf4	PORCN:OR2F2	36	LowConfidence	Partial_Recall	positive	100GB	95%	truncated_tri_fusion
jaffal_results_porechopped_sim_dataporechoptrimmed_Adapter_Spiked_Simulated_100GB_nanopore2023_Q85.fastq	055956a1-5a7d-b8fd-eae4-0d0274bf51cd	SIRT5:USP9X	35	LowConfidence	Partial_Recall	positive	100GB	85%	truncated_tri_fusion
jaffal_results_porechopped_sim_dataporechoptrimmed_Adapter_Spiked_Simulated_100GB_nanopore2023_Q90.fastq	279bc992-b83d-4119-df36-1a2f3da9e847	ENSG00000260995:CASP7	35	LowConfidence	Partial_Recall	positive	100GB	90%	truncated_tri_fusion
jaffal_results_porechopped_sim_dataporechoptrimmed_Adapter_Spiked_Simulated_100GB_nanopore2023_Q90.fastq	09df7848-190c-cfa1-c7a7-94eb554ac24c	IL12RB2:KRBA2	35	LowConfidence	Partial_Recall	positive	100GB	90%	truncated_tri_fusion
jaffal_results_porechopped_sim_dataporechoptrimmed_Adapter_Spiked_Simulated_100GB_nanopore2023_Q95.fastq	0c22ebde-4c18-6c90-314f-3cb58c2e0858	ENSG00000241577:CKMT2-AS1	35	LowConfidence	False_Call	positive	100GB	95%	false_fusion
jaffal_results_porechopped_sim_dataporechoptrimmed_Adapter_Spiked_Simulated_100GB_nanopore2023_Q95.fastq	0106c94f-37a4-a9f9-d788-332bd98d1cbb	ENSG00000225676:CDK5RAP2	35	LowConfidence	True_Recall	positive	100GB	95%	hybrid
jaffal_results_porechopped_sim_dataporechoptrimmed_Adapter_Spiked_Simulated_100GB_nanopore2023_Q95.fastq	1aa505f2-1135-e3fa-2790-f194d6e26acf	MGST3:SRP68	35	LowConfidence	Partial_Recall	positive	100GB	95%	truncated_tri_fusion
jaffal_results_porechopped_sim_dataporechoptrimmed_Adapter_Spiked_Simulated_100GB_nanopore2023_Q95.fastq	00f3168f-0e31-d7a2-b3d8-b9cfb17be861	LNPK:KIF5C	34	LowConfidence	True_Recall	positive	100GB	95%	hybrid
jaffal_results_porechopped_sim_dataporechoptrimmed_Adapter_Spiked_Simulated_100GB_nanopore2023_Q95.fastq	0f417e98-8eb9-b116-3be8-37cff3a3ce80	NUP155:PIK3R1	34	LowConfidence	True_Recall	positive	100GB	95%	intra_chromosome
jaffal_results_porechopped_sim_dataporechoptrimmed_Adapter_Spiked_Simulated_100GB_nanopore2023_Q90.fastq	06336ea5-c9ef-3e5d-b7e8-ececd78be3a0	TLE4:ENSG00000228714	34	LowConfidence	True_Recall	positive	100GB	90%	intra_chromosome
jaffal_results_porechopped_sim_dataporechoptrimmed_Adapter_Spiked_Simulated_100GB_nanopore2023_Q90.fastq	1e856ea1-7d64-1cd1-2a9e-3a3078789515	POMT2:GNAO1	34	LowConfidence	True_Recall	positive	100GB	90%	hybrid
jaffal_results_porechopped_sim_dataporechoptrimmed_Adapter_Spiked_Simulated_100GB_nanopore2023_Q90.fastq	1e74a2a1-5d7c-90b0-5ee3-b80a7b4f98cc	SIRT5:USP9X	34	LowConfidence	Partial_Recall	positive	100GB	90%	truncated_tri_fusion
jaffal_results_porechopped_sim_dataporechoptrimmed_Adapter_Spiked_Simulated_100GB_nanopore2023_Q95.fastq	17fa5b5f-c8bb-101c-2565-224f4ab39b70	TTLL5:ZNF646	34	LowConfidence	False_Call	positive	100GB	95%	false_fusion
jaffal_results_porechopped_sim_dataporechoptrimmed_Adapter_Spiked_Simulated_100GB_nanopore2023_Q95.fastq	098d56ba-6d64-77ac-ed55-73d3abeb13aa	CELF2:ERCC6	33	LowConfidence	True_Recall	positive	100GB	95%	intra_chromosome
jaffal_results_porechopped_sim_dataporechoptrimmed_Adapter_Spiked_Simulated_100GB_nanopore2023_Q90.fastq	04adaa3b-621f-c241-84cb-1f365f9867d5	ING2:RNF4	33	LowConfidence	True_Recall	positive	100GB	90%	intra_chromosome
jaffal_results_porechopped_sim_dataporechoptrimmed_Adapter_Spiked_Simulated_100GB_nanopore2023_Q85.fastq	1887963d-afc5-a80b-f5c6-d92200fd7f8b	ENSG00000225676:CDK5RAP2	33	LowConfidence	True_Recall	positive	100GB	85%	hybrid
jaffal_results_porechopped_sim_dataporechoptrimmed_Adapter_Spiked_Simulated_100GB_nanopore2023_Q90.fastq	098d8d63-f778-5cef-3ea6-3e282f8edf7e	USP2:ENSG00000261821	33	LowConfidence	Partial_Recall	positive	100GB	90%	truncated_tri_fusion
jaffal_results_porechopped_sim_dataporechoptrimmed_Adapter_Spiked_Simulated_100GB_nanopore2023_Q95.fastq	00755688-243d-bb2f-49dc-f5de5a7a7ee8	MFF:GDNF	33	LowConfidence	Partial_Recall	positive	100GB	95%	truncated_tri_fusion
jaffal_results_porechopped_sim_dataporechoptrimmed_Adapter_Spiked_Simulated_100GB_nanopore2023_Q95.fastq	155e7022-c15a-4f68-600d-6a51be2256b9	CUL2:DDHD2	33	LowConfidence	True_Recall	positive	100GB	95%	hybrid
jaffal_results_porechopped_sim_dataporechoptrimmed_Adapter_Spiked_Simulated_100GB_nanopore2023_Q95.fastq	033bea13-24d0-8cdd-88bf-3e462febf540	SLC35F4:ENSG00000283352	33	LowConfidence	False_Call	positive	100GB	95%	false_fusion
jaffal_results_porechopped_sim_dataporechoptrimmed_Adapter_Spiked_Simulated_100GB_nanopore2023_Q95.fastq	140d5a59-e7d2-4fc8-145f-0b06fd5c4767	HDAC6:CCDC30	33	LowConfidence	Partial_Recall	positive	100GB	95%	truncated_tri_fusion
jaffal_results_porechopped_sim_dataporechoptrimmed_Adapter_Spiked_Simulated_100GB_nanopore2023_Q95.fastq	12876553-5364-0ba8-f9b3-754804822f06	ENSG00000286799:GLIPR1-AS1	33	LowConfidence	Partial_Recall	positive	100GB	95%	truncated_tri_fusion
jaffal_results_porechopped_sim_dataporechoptrimmed_Adapter_Spiked_Simulated_100GB_nanopore2023_Q95.fastq	0ff115a6-d0e1-6289-df10-77ba127731ff	NXPE3:CAMTA1	33	LowConfidence	Partial_Recall	positive	100GB	95%	truncated_tri_fusion
jaffal_results_porechopped_sim_dataporechoptrimmed_Adapter_Spiked_Simulated_100GB_nanopore2023_Q95.fastq	09cd6d2e-c581-b853-a530-e33e362f8926	IQCJ-SCHIP1:MIR100HG	33	LowConfidence	False_Call	positive	100GB	95%	false_fusion
jaffal_results_porechopped_sim_dataporechoptrimmed_Adapter_Spiked_Simulated_100GB_nanopore2023_Q95.fastq	11967bec-3717-4fd1-3225-b2c648d8dc66	HMOX2:HSDL1	32	LowConfidence	True_Recall	positive	100GB	95%	intra_chromosome
jaffal_results_porechopped_sim_dataporechoptrimmed_Adapter_Spiked_Simulated_100GB_nanopore2023_Q90.fastq	0aa94e37-a702-77af-bd7e-3a4bb9e41b76	ENSG00000285565:WRAP53	31	LowConfidence	True_Recall	positive	100GB	90%	hybrid
jaffal_results_porechopped_sim_dataporechoptrimmed_Adapter_Spiked_Simulated_100GB_nanopore2023_Q90.fastq	07288921-ba70-d1bb-2541-bdb5abc3f184	ENSG00000286799:GLIPR1-AS1	31	LowConfidence	Partial_Recall	positive	100GB	90%	truncated_tri_fusion
jaffal_results_porechopped_sim_dataporechoptrimmed_Adapter_Spiked_Simulated_100GB_nanopore2023_Q90.fastq	13806947-1bac-4f95-c60b-87739941d588	MGST3:SRP68	31	LowConfidence	Partial_Recall	positive	100GB	90%	truncated_tri_fusion
jaffal_results_porechopped_sim_dataporechoptrimmed_Adapter_Spiked_Simulated_100GB_nanopore2023_Q90.fastq	0b06fa61-9d05-61b4-3cc0-b9145facb138	NXPE3:CAMTA1	31	LowConfidence	Partial_Recall	positive	100GB	90%	truncated_tri_fusion
jaffal_results_porechopped_sim_dataporechoptrimmed_Adapter_Spiked_Simulated_100GB_nanopore2023_Q90.fastq	1ffc0a49-12ec-cc81-c0ac-5f9462a1e5c7	RER1:GMNC	31	LowConfidence	True_Recall	positive	100GB	90%	hybrid
jaffal_results_porechopped_sim_dataporechoptrimmed_Adapter_Spiked_Simulated_100GB_nanopore2023_Q95.fastq	164a8006-576a-b796-6606-ee9921348784	LINC01141:USP44	31	LowConfidence	Partial_Recall	positive	100GB	95%	truncated_tri_fusion
jaffal_results_porechopped_sim_dataporechoptrimmed_Adapter_Spiked_Simulated_100GB_nanopore2023_Q95.fastq	00e6b5c4-381b-006f-e2cc-74ad57450691	ABHD14A-ACY1:ENSG00000260995	31	LowConfidence	Partial_Recall	positive	100GB	95%	truncated_tri_fusion
jaffal_results_porechopped_sim_dataporechoptrimmed_Adapter_Spiked_Simulated_100GB_nanopore2023_Q95.fastq	3bf9de00-035b-2c62-9078-ebb53e6baa7d	BDP1:SH2D7	31	LowConfidence	Partial_Recall	positive	100GB	95%	truncated_tri_fusion
jaffal_results_porechopped_sim_dataporechoptrimmed_Adapter_Spiked_Simulated_100GB_nanopore2023_Q90.fastq	0191f2c7-2340-09fe-d056-cc73321be2a7	UPK1B:B4GALT4	30	LowConfidence	True_Recall	positive	100GB	90%	read_through
jaffal_results_porechopped_sim_dataporechoptrimmed_Adapter_Spiked_Simulated_100GB_nanopore2023_Q95.fastq	08a7b7a9-e43e-05eb-72ee-d00c5c93d3d6	DENND3:SLC45A4	30	LowConfidence	True_Recall	positive	100GB	95%	read_through
jaffal_results_porechopped_sim_dataporechoptrimmed_Adapter_Spiked_Simulated_100GB_nanopore2023_Q95.fastq	247c8c37-7c3c-39a5-e4b5-933398460b43	C12orf75:ENSG00000286520	30	LowConfidence	True_Recall	positive	100GB	95%	read_through
jaffal_results_porechopped_sim_dataporechoptrimmed_Adapter_Spiked_Simulated_100GB_nanopore2023_Q95.fastq	07b71e52-a7f0-2d68-3b22-94109e7c81c6	MORC3:LINC00320	30	LowConfidence	True_Recall	positive	100GB	95%	intra_chromosome
jaffal_results_porechopped_sim_dataporechoptrimmed_Adapter_Spiked_Simulated_100GB_nanopore2023_Q85.fastq	2b012d66-d1e3-4bc3-622a-8e305750a83e	NELFCD:CSNK2A1	30	LowConfidence	True_Recall	positive	100GB	85%	intra_chromosome
jaffal_results_porechopped_sim_dataporechoptrimmed_Adapter_Spiked_Simulated_100GB_nanopore2023_Q85.fastq	4afadd25-4c6d-64aa-f20f-38b2c3915b43	USP2:ENSG00000261821	30	LowConfidence	Partial_Recall	positive	100GB	85%	truncated_tri_fusion
jaffal_results_porechopped_sim_dataporechoptrimmed_Adapter_Spiked_Simulated_100GB_nanopore2023_Q90.fastq	015188d5-3945-5d92-64e5-e98277ffc4ae	ZNF627:HNRNPA3	30	LowConfidence	Partial_Recall	positive	100GB	90%	truncated_tri_fusion
jaffal_results_porechopped_sim_dataporechoptrimmed_Adapter_Spiked_Simulated_100GB_nanopore2023_Q90.fastq	00278e1e-a80b-ceb7-92a2-a531b89a2951	ABHD14A-ACY1:ENSG00000260995	30	LowConfidence	Partial_Recall	positive	100GB	90%	truncated_tri_fusion
jaffal_results_porechopped_sim_dataporechoptrimmed_Adapter_Spiked_Simulated_100GB_nanopore2023_Q90.fastq	13cec162-392e-ba6c-9249-438bab8a3936	EPHA2:MAGEB6	30	LowConfidence	Partial_Recall	positive	100GB	90%	truncated_tri_fusion
jaffal_results_porechopped_sim_dataporechoptrimmed_Adapter_Spiked_Simulated_100GB_nanopore2023_Q95.fastq	03646363-d4f0-3b8c-3f45-07973cbd988d	POMT2:GNAO1	30	LowConfidence	True_Recall	positive	100GB	95%	hybrid
jaffal_results_porechopped_sim_dataporechoptrimmed_Adapter_Spiked_Simulated_100GB_nanopore2023_Q95.fastq	089241de-4db4-97a9-6048-4968a5f294fa	IL12RB2:KRBA2	30	LowConfidence	Partial_Recall	positive	100GB	95%	truncated_tri_fusion
jaffal_results_porechopped_sim_dataporechoptrimmed_Adapter_Spiked_Simulated_100GB_nanopore2023_Q95.fastq	0ab436e3-673e-3f91-c0aa-be576ae5d507	TMUB2:SLC4A3	30	LowConfidence	Partial_Recall	positive	100GB	95%	truncated_tri_fusion
jaffal_results_porechopped_sim_dataporechoptrimmed_Adapter_Spiked_Simulated_100GB_nanopore2023_Q95.fastq	054252f1-ff1a-d607-530a-342e84804e8a	USP2:ENSG00000261821	30	LowConfidence	Partial_Recall	positive	100GB	95%	truncated_tri_fusion
jaffal_results_porechopped_sim_dataporechoptrimmed_Adapter_Spiked_Simulated_100GB_nanopore2023_Q95.fastq	05da2df8-67aa-ea63-c19a-18fe74ed8afd	ALS2:RMND5B	30	LowConfidence	Partial_Recall	positive	100GB	95%	truncated_tri_fusion
jaffal_results_porechopped_sim_dataporechoptrimmed_Adapter_Spiked_Simulated_100GB_nanopore2023_Q95.fastq	1de26ad2-87c3-2af6-991b-c4f29e852cdc	LAMTOR4:ENSG00000284776	30	LowConfidence	True_Recall	positive	100GB	95%	hybrid
jaffal_results_porechopped_sim_dataporechoptrimmed_Adapter_Spiked_Simulated_100GB_nanopore2023_Q90.fastq	17624720-2dca-1461-0f67-c0f70b0058e8	DENND3:SLC45A4	29	LowConfidence	True_Recall	positive	100GB	90%	read_through
jaffal_results_porechopped_sim_dataporechoptrimmed_Adapter_Spiked_Simulated_100GB_nanopore2023_Q90.fastq	2f9dfb5d-7ca5-7f61-ed7f-d047b29f3ea0	AFDN:BRPF3	29	LowConfidence	Partial_Recall	positive	100GB	90%	truncated_tri_fusion
jaffal_results_porechopped_sim_dataporechoptrimmed_Adapter_Spiked_Simulated_100GB_nanopore2023_Q95.fastq	11ad8565-2eb6-440a-ee25-345028b19802	ENSG00000258177:SIRT5	29	LowConfidence	Partial_Recall	positive	100GB	95%	truncated_tri_fusion
jaffal_results_porechopped_sim_dataporechoptrimmed_Adapter_Spiked_Simulated_100GB_nanopore2023_Q95.fastq	09be3884-a06b-3fe3-89d6-e02b1c95acdb	FKTN:XPO1	29	LowConfidence	True_Recall	positive	100GB	95%	hybrid
jaffal_results_porechopped_sim_dataporechoptrimmed_Adapter_Spiked_Simulated_100GB_nanopore2023_Q95.fastq	007607fc-7490-193b-6547-0eeaedddd2c9	CPA4:BAP1	29	LowConfidence	Partial_Recall	positive	100GB	95%	truncated_tri_fusion
jaffal_results_porechopped_sim_dataporechoptrimmed_Adapter_Spiked_Simulated_100GB_nanopore2023_Q90.fastq	5b3028cf-7bb5-d165-b7b0-0cdbf6b4101c	C12orf75:ENSG00000286520	28	LowConfidence	True_Recall	positive	100GB	90%	read_through
jaffal_results_porechopped_sim_dataporechoptrimmed_Adapter_Spiked_Simulated_100GB_nanopore2023_Q90.fastq	01a780e2-3a6e-fc8b-ae63-ecb0adb388e7	CELF2:ERCC6	28	LowConfidence	True_Recall	positive	100GB	90%	intra_chromosome
jaffal_results_porechopped_sim_dataporechoptrimmed_Adapter_Spiked_Simulated_100GB_nanopore2023_Q90.fastq	02d32202-4fb6-397e-472d-0b99334222c8	SLC43A3:SBF2-AS1	28	LowConfidence	True_Recall	positive	100GB	90%	intra_chromosome
jaffal_results_porechopped_sim_dataporechoptrimmed_Adapter_Spiked_Simulated_100GB_nanopore2023_Q85.fastq	0381b588-7a47-3483-2061-edb53b9b76e4	LINC00551:STARD13-AS	28	LowConfidence	True_Recall	positive	100GB	85%	intra_chromosome
jaffal_results_porechopped_sim_dataporechoptrimmed_Adapter_Spiked_Simulated_100GB_nanopore2023_Q90.fastq	1051bff4-aa4e-b40e-a31b-978be5bbd91d	ENSG00000289039:CREM	28	LowConfidence	True_Recall	positive	100GB	90%	intra_chromosome
jaffal_results_porechopped_sim_dataporechoptrimmed_Adapter_Spiked_Simulated_100GB_nanopore2023_Q90.fastq	22cc0f39-436d-0b00-ecf4-87c5c8edd3a6	PORCN:OR2F2	28	LowConfidence	Partial_Recall	positive	100GB	90%	truncated_tri_fusion
jaffal_results_porechopped_sim_dataporechoptrimmed_Adapter_Spiked_Simulated_100GB_nanopore2023_Q95.fastq	0470c894-b202-4b01-0543-92fa3fce9789	RAP1GDS1:SLC29A3	28	LowConfidence	Partial_Recall	positive	100GB	95%	truncated_tri_fusion
jaffal_results_porechopped_sim_dataporechoptrimmed_Adapter_Spiked_Simulated_100GB_nanopore2023_Q95.fastq	187dd2b5-9029-1b65-a71a-b1747b2949b2	ZSCAN32:FDPS	28	LowConfidence	Partial_Recall	positive	100GB	95%	truncated_tri_fusion
jaffal_results_porechopped_sim_dataporechoptrimmed_Adapter_Spiked_Simulated_100GB_nanopore2023_Q95.fastq	0931a4cd-5a79-43d5-eb63-0d105ee3dc43	ENSG00000290106:TCEANC2	28	LowConfidence	True_Recall	positive	100GB	95%	hybrid
jaffal_results_porechopped_sim_dataporechoptrimmed_Adapter_Spiked_Simulated_100GB_nanopore2023_Q90.fastq	43a19ae7-4c14-d3aa-9b69-20d4e9401e2c	PTGS1:ENSG00000233616	27	LowConfidence	True_Recall	positive	100GB	90%	read_through
jaffal_results_porechopped_sim_dataporechoptrimmed_Adapter_Spiked_Simulated_100GB_nanopore2023_Q85.fastq	b50485e5-1d52-105b-7b5e-16977a1881a9	C12orf75:ENSG00000286520	27	LowConfidence	True_Recall	positive	100GB	85%	read_through
jaffal_results_porechopped_sim_dataporechoptrimmed_Adapter_Spiked_Simulated_100GB_nanopore2023_Q95.fastq	09cd5f1e-23ee-d890-e238-cc329f41de2f	PVT1:ENSG00000253503	27	LowConfidence	True_Recall	positive	100GB	95%	intra_chromosome
jaffal_results_porechopped_sim_dataporechoptrimmed_Adapter_Spiked_Simulated_100GB_nanopore2023_Q95.fastq	219be0bd-0791-79b6-8955-3d7c924891d5	SLC43A3:SBF2-AS1	27	LowConfidence	True_Recall	positive	100GB	95%	intra_chromosome
jaffal_results_porechopped_sim_dataporechoptrimmed_Adapter_Spiked_Simulated_100GB_nanopore2023_Q90.fastq	1af29560-b84d-c768-ebf0-c3701ebf32b9	FAM110A:LINC01524	27	LowConfidence	True_Recall	positive	100GB	90%	intra_chromosome
jaffal_results_porechopped_sim_dataporechoptrimmed_Adapter_Spiked_Simulated_100GB_nanopore2023_Q95.fastq	1d4776ff-92d5-f90a-18b0-522249d7c681	NELFCD:CSNK2A1	27	LowConfidence	True_Recall	positive	100GB	95%	intra_chromosome
jaffal_results_porechopped_sim_dataporechoptrimmed_Adapter_Spiked_Simulated_100GB_nanopore2023_Q85.fastq	05f57774-ab08-1ab8-708f-8e435b0356f8	ENSG00000227083:KDM5C-IT1	27	LowConfidence	True_Recall	positive	100GB	85%	intra_chromosome
jaffal_results_porechopped_sim_dataporechoptrimmed_Adapter_Spiked_Simulated_100GB_nanopore2023_Q90.fastq	0ee8a9e9-2d1b-b81d-fc82-febf8d7c91ea	ENSG00000227083:KDM5C-IT1	27	LowConfidence	True_Recall	positive	100GB	90%	intra_chromosome
jaffal_results_porechopped_sim_dataporechoptrimmed_Adapter_Spiked_Simulated_100GB_nanopore2023_Q95.fastq	099e5083-c490-df38-fadb-06639eab0754	MYT1L:CARF	27	LowConfidence	True_Recall	positive	100GB	95%	intra_chromosome
jaffal_results_porechopped_sim_dataporechoptrimmed_Adapter_Spiked_Simulated_100GB_nanopore2023_Q90.fastq	0e7fec4f-12ef-2884-350f-76e1a6cbb94f	HMMR:POMT1	27	LowConfidence	Partial_Recall	positive	100GB	90%	truncated_tri_fusion
jaffal_results_porechopped_sim_dataporechoptrimmed_Adapter_Spiked_Simulated_100GB_nanopore2023_Q90.fastq	05950cd3-8cdf-2816-af26-84309c9064c2	SLC16A4-AS1:NXPE3	27	LowConfidence	Partial_Recall	positive	100GB	90%	truncated_tri_fusion
jaffal_results_porechopped_sim_dataporechoptrimmed_Adapter_Spiked_Simulated_100GB_nanopore2023_Q95.fastq	0e912bc4-537c-da49-d93f-09dc2f135612	APBA2:FGFR1	27	LowConfidence	Partial_Recall	positive	100GB	95%	truncated_tri_fusion
jaffal_results_porechopped_sim_dataporechoptrimmed_Adapter_Spiked_Simulated_100GB_nanopore2023_Q95.fastq	178dcc91-af44-1350-7838-40953c448e98	SLC16A4-AS1:NXPE3	27	LowConfidence	Partial_Recall	positive	100GB	95%	truncated_tri_fusion
jaffal_results_porechopped_sim_dataporechoptrimmed_Adapter_Spiked_Simulated_100GB_nanopore2023_Q95.fastq	069f80e2-9a00-ca2b-1c93-888fd2f1f679	STX12:CSRP1	26	LowConfidence	True_Recall	positive	100GB	95%	intra_chromosome
jaffal_results_porechopped_sim_dataporechoptrimmed_Adapter_Spiked_Simulated_100GB_nanopore2023_Q95.fastq	3390a198-26cf-8a9d-adc3-3f601b7fd550	ING2:RNF4	26	LowConfidence	True_Recall	positive	100GB	95%	intra_chromosome
jaffal_results_porechopped_sim_dataporechoptrimmed_Adapter_Spiked_Simulated_100GB_nanopore2023_Q85.fastq	7693c324-1be2-4459-8e67-50cb1167286a	ENSG00000286799:GLIPR1-AS1	26	LowConfidence	Partial_Recall	positive	100GB	85%	truncated_tri_fusion
jaffal_results_porechopped_sim_dataporechoptrimmed_Adapter_Spiked_Simulated_100GB_nanopore2023_Q90.fastq	0f6fe12a-8bd3-5912-89ef-88b05be1495f	ENSG00000187951:SYTL5	26	LowConfidence	False_Call	positive	100GB	90%	false_fusion
jaffal_results_porechopped_sim_dataporechoptrimmed_Adapter_Spiked_Simulated_100GB_nanopore2023_Q95.fastq	02b3a3e9-2a30-a8b9-8f0d-a49320d9bc86	HEATR6:MYO6	26	LowConfidence	Partial_Recall	positive	100GB	95%	truncated_tri_fusion
jaffal_results_porechopped_sim_dataporechoptrimmed_Adapter_Spiked_Simulated_100GB_nanopore2023_Q95.fastq	02267b22-9812-551a-f97c-9bc0f38a206a	RNF214:JMJD4	26	LowConfidence	True_Recall	positive	100GB	95%	hybrid
jaffal_results_porechopped_sim_dataporechoptrimmed_Adapter_Spiked_Simulated_100GB_nanopore2023_Q95.fastq	0959ce25-0f7f-1f75-3c0d-f3259f8a8ef3	GTF3C5:LINC01964	26	LowConfidence	Partial_Recall	positive	100GB	95%	truncated_tri_fusion
jaffal_results_porechopped_sim_dataporechoptrimmed_Adapter_Spiked_Simulated_100GB_nanopore2023_Q95.fastq	1a072879-5177-595e-c5ff-336f27e14c48	TINAG:ENSG00000268416	26	LowConfidence	Partial_Recall	positive	100GB	95%	truncated_tri_fusion
jaffal_results_porechopped_sim_dataporechoptrimmed_Adapter_Spiked_Simulated_100GB_nanopore2023_Q95.fastq	11c1d7c0-8047-226d-c33c-feb0c68a060a	AFDN:BRPF3	25	LowConfidence	Partial_Recall	positive	100GB	95%	truncated_tri_fusion
jaffal_results_porechopped_sim_dataporechoptrimmed_Adapter_Spiked_Simulated_100GB_nanopore2023_Q85.fastq	5ebd2077-0df5-5ad4-b3be-2deba8fa6c89	ING2:RNF4	25	LowConfidence	True_Recall	positive	100GB	85%	intra_chromosome
jaffal_results_porechopped_sim_dataporechoptrimmed_Adapter_Spiked_Simulated_100GB_nanopore2023_Q85.fastq	048950b1-7ee2-5a94-3534-83778b507991	ENSG00000260995:CASP7	25	LowConfidence	Partial_Recall	positive	100GB	85%	truncated_tri_fusion
jaffal_results_porechopped_sim_dataporechoptrimmed_Adapter_Spiked_Simulated_100GB_nanopore2023_Q85.fastq	047eb3f9-c01f-966d-5176-a7ca36da4a1d	CUL2:DDHD2	25	LowConfidence	True_Recall	positive	100GB	85%	hybrid
jaffal_results_porechopped_sim_dataporechoptrimmed_Adapter_Spiked_Simulated_100GB_nanopore2023_Q90.fastq	0ea2f2c6-5432-c277-fa7a-ea2ad14b6bd5	G3BP1:ERC1	25	LowConfidence	Partial_Recall	positive	100GB	90%	truncated_tri_fusion
jaffal_results_porechopped_sim_dataporechoptrimmed_Adapter_Spiked_Simulated_100GB_nanopore2023_Q90.fastq	0248da88-bc7a-a070-9af3-c2f40ace8d23	NUTM2E:CDK12	25	LowConfidence	True_Recall	positive	100GB	90%	hybrid
jaffal_results_porechopped_sim_dataporechoptrimmed_Adapter_Spiked_Simulated_100GB_nanopore2023_Q90.fastq	14352416-2868-81a6-fd83-bf65c1b8aa85	RNF214:JMJD4	25	LowConfidence	True_Recall	positive	100GB	90%	hybrid
jaffal_results_porechopped_sim_dataporechoptrimmed_Adapter_Spiked_Simulated_100GB_nanopore2023_Q90.fastq	0e732f28-7af6-870c-911d-3844ac78acc0	LDLRAD4:NUTF2	25	LowConfidence	Partial_Recall	positive	100GB	90%	truncated_tri_fusion
jaffal_results_porechopped_sim_dataporechoptrimmed_Adapter_Spiked_Simulated_100GB_nanopore2023_Q90.fastq	0dc13598-e339-5d63-d0f1-e0215113892b	TMUB2:SLC4A3	25	LowConfidence	Partial_Recall	positive	100GB	90%	truncated_tri_fusion
jaffal_results_porechopped_sim_dataporechoptrimmed_Adapter_Spiked_Simulated_100GB_nanopore2023_Q90.fastq	018a2b95-c51f-a74c-c631-f234a1e7e771	HDAC6:CCDC30	25	LowConfidence	Partial_Recall	positive	100GB	90%	truncated_tri_fusion
jaffal_results_porechopped_sim_dataporechoptrimmed_Adapter_Spiked_Simulated_100GB_nanopore2023_Q95.fastq	03cfa428-3912-5619-03a5-4997e074f27f	TBCE:ZNF627	25	LowConfidence	Partial_Recall	positive	100GB	95%	truncated_tri_fusion
jaffal_results_porechopped_sim_dataporechoptrimmed_Adapter_Spiked_Simulated_100GB_nanopore2023_Q95.fastq	110b1ea2-0bec-8b34-39f1-9722326c86a2	NEDD4L:ECT2L	25	LowConfidence	Partial_Recall	positive	100GB	95%	truncated_tri_fusion
jaffal_results_porechopped_sim_dataporechoptrimmed_Adapter_Spiked_Simulated_100GB_nanopore2023_Q95.fastq	18fe9a87-9902-a542-ece0-dc3aa6e7b3fa	ENSG00000197462:RNF157	25	LowConfidence	Partial_Recall	positive	100GB	95%	truncated_tri_fusion
jaffal_results_porechopped_sim_dataporechoptrimmed_Adapter_Spiked_Simulated_100GB_nanopore2023_Q95.fastq	3f97e711-8546-32a8-5a61-75ba3c321bb4	ENSG00000288769:TPD52L1	25	LowConfidence	True_Recall	positive	100GB	95%	hybrid
jaffal_results_porechopped_sim_dataporechoptrimmed_Adapter_Spiked_Simulated_100GB_nanopore2023_Q90.fastq	1f2e17ee-4394-f857-23a4-0612e99389c8	LINC00383:STARD13-AS	24	LowConfidence	True_Recall	positive	100GB	90%	intra_chromosome
jaffal_results_porechopped_sim_dataporechoptrimmed_Adapter_Spiked_Simulated_100GB_nanopore2023_Q95.fastq	1572277e-67fd-a65a-53c3-ca0494636d6a	RARS2:SLC25A27	24	LowConfidence	True_Recall	positive	100GB	95%	intra_chromosome
jaffal_results_porechopped_sim_dataporechoptrimmed_Adapter_Spiked_Simulated_100GB_nanopore2023_Q85.fastq	0cd88c08-8f54-3797-468f-e1c6a537a491	FRAS1:NCALD	24	LowConfidence	Partial_Recall	positive	100GB	85%	truncated_tri_fusion
jaffal_results_porechopped_sim_dataporechoptrimmed_Adapter_Spiked_Simulated_100GB_nanopore2023_Q85.fastq	32170515-0e06-33d8-0e67-709168b41501	PPARG:ACTL9	24	LowConfidence	Partial_Recall	positive	100GB	85%	truncated_tri_fusion
jaffal_results_porechopped_sim_dataporechoptrimmed_Adapter_Spiked_Simulated_100GB_nanopore2023_Q90.fastq	1584d22f-4331-9dc2-afea-0b5a38f73d25	MFN1:ZHX3	24	LowConfidence	Partial_Recall	positive	100GB	90%	truncated_tri_fusion
jaffal_results_porechopped_sim_dataporechoptrimmed_Adapter_Spiked_Simulated_100GB_nanopore2023_Q90.fastq	2b0a70c6-2d75-908e-3dd7-048d06512065	BDP1:SH2D7	24	LowConfidence	Partial_Recall	positive	100GB	90%	truncated_tri_fusion
jaffal_results_porechopped_sim_dataporechoptrimmed_Adapter_Spiked_Simulated_100GB_nanopore2023_Q90.fastq	282f538e-cccb-532d-4267-bf132d04f53e	MAGI2-AS3:NEDD1	24	LowConfidence	Partial_Recall	positive	100GB	90%	truncated_tri_fusion
jaffal_results_porechopped_sim_dataporechoptrimmed_Adapter_Spiked_Simulated_100GB_nanopore2023_Q90.fastq	18326ce3-81ac-9a49-22c2-0cfef7887dbb	CCT5:ENSG00000264860	24	LowConfidence	True_Recall	positive	100GB	90%	hybrid
jaffal_results_porechopped_sim_dataporechoptrimmed_Adapter_Spiked_Simulated_100GB_nanopore2023_Q95.fastq	16702003-1742-3d7e-a218-aa0ed4f6de42	CYP2C8:ENSG00000282278	24	LowConfidence	False_Call	positive	100GB	95%	false_fusion
jaffal_results_porechopped_sim_dataporechoptrimmed_Adapter_Spiked_Simulated_100GB_nanopore2023_Q95.fastq	01d367dc-ad96-4cfb-ba02-7c64846ff224	CCT5:ENSG00000264860	24	LowConfidence	True_Recall	positive	100GB	95%	hybrid
jaffal_results_porechopped_sim_dataporechoptrimmed_Adapter_Spiked_Simulated_100GB_nanopore2023_Q90.fastq	2df01714-da1f-a3f7-5531-9cdba69b9f58	MORC3:LINC00320	23	LowConfidence	True_Recall	positive	100GB	90%	intra_chromosome
jaffal_results_porechopped_sim_dataporechoptrimmed_Adapter_Spiked_Simulated_100GB_nanopore2023_Q90.fastq	12bcc7e5-df26-993b-5a9d-f67b5e8b635e	RPS6KA4:BTG4	23	LowConfidence	Partial_Recall	positive	100GB	90%	truncated_tri_fusion
jaffal_results_porechopped_sim_dataporechoptrimmed_Adapter_Spiked_Simulated_100GB_nanopore2023_Q90.fastq	08565e5e-7b99-c347-4891-f6942f29490b	MYT1L:CARF	23	LowConfidence	True_Recall	positive	100GB	90%	intra_chromosome
jaffal_results_porechopped_sim_dataporechoptrimmed_Adapter_Spiked_Simulated_100GB_nanopore2023_Q85.fastq	2d2ff47b-2058-98c9-1c9d-874e7a423e61	MGST3:SRP68	23	LowConfidence	Partial_Recall	positive	100GB	85%	truncated_tri_fusion
jaffal_results_porechopped_sim_dataporechoptrimmed_Adapter_Spiked_Simulated_100GB_nanopore2023_Q85.fastq	30212303-b8b4-948f-46e8-9d387dba7bcb	NXPE3:CAMTA1	23	LowConfidence	Partial_Recall	positive	100GB	85%	truncated_tri_fusion
jaffal_results_porechopped_sim_dataporechoptrimmed_Adapter_Spiked_Simulated_100GB_nanopore2023_Q90.fastq	03fb2934-8643-1fe0-b324-7babfd30248c	TINAG:ENSG00000268416	23	LowConfidence	Partial_Recall	positive	100GB	90%	truncated_tri_fusion
jaffal_results_porechopped_sim_dataporechoptrimmed_Adapter_Spiked_Simulated_100GB_nanopore2023_Q95.fastq	02bd8d77-b267-60c7-0d2a-474b54ff9967	ZSWIM4:CBFA2T2	23	LowConfidence	Partial_Recall	positive	100GB	95%	truncated_tri_fusion
jaffal_results_porechopped_sim_dataporechoptrimmed_Adapter_Spiked_Simulated_100GB_nanopore2023_Q95.fastq	0e957f12-9959-8a5a-a7b8-18aeef545324	THSD4:ALS2	23	LowConfidence	Partial_Recall	positive	100GB	95%	truncated_tri_fusion
jaffal_results_porechopped_sim_dataporechoptrimmed_Adapter_Spiked_Simulated_100GB_nanopore2023_Q95.fastq	0f475dbf-f333-6ed6-572a-569db0f284a7	POMT1:ADAM17	23	LowConfidence	Partial_Recall	positive	100GB	95%	truncated_tri_fusion
jaffal_results_porechopped_sim_dataporechoptrimmed_Adapter_Spiked_Simulated_100GB_nanopore2023_Q95.fastq	01e3b9b4-4246-284f-424d-7ebd01d64956	NUTM2E:CDK12	23	LowConfidence	True_Recall	positive	100GB	95%	hybrid
jaffal_results_porechopped_sim_dataporechoptrimmed_Adapter_Spiked_Simulated_100GB_nanopore2023_Q95.fastq	0061e930-f7c1-2585-e536-1b781c7bab58	MAST1:ZNF691	23	LowConfidence	True_Recall	positive	100GB	95%	hybrid
jaffal_results_porechopped_sim_dataporechoptrimmed_Adapter_Spiked_Simulated_100GB_nanopore2023_Q95.fastq	3543ffb2-cdb1-a712-407c-a368e5de1867	ENSG00000187951:SYTL5	23	LowConfidence	False_Call	positive	100GB	95%	false_fusion
jaffal_results_porechopped_sim_dataporechoptrimmed_Adapter_Spiked_Simulated_100GB_nanopore2023_Q95.fastq	0a22d785-7d33-5b7e-7705-3ac483f37e84	COL6A6:PIK3R4	22	LowConfidence	True_Recall	positive	100GB	95%	read_through
jaffal_results_porechopped_sim_dataporechoptrimmed_Adapter_Spiked_Simulated_100GB_nanopore2023_Q85.fastq	066f8ea0-5a63-8682-bbaa-7c52a87fff7c	RPS6KA4:BTG4	22	LowConfidence	Partial_Recall	positive	100GB	85%	truncated_tri_fusion
jaffal_results_porechopped_sim_dataporechoptrimmed_Adapter_Spiked_Simulated_100GB_nanopore2023_Q85.fastq	159166b7-0f8b-da8b-257b-9427fa514a09	ENSG00000285565:WRAP53	22	LowConfidence	True_Recall	positive	100GB	85%	hybrid
jaffal_results_porechopped_sim_dataporechoptrimmed_Adapter_Spiked_Simulated_100GB_nanopore2023_Q85.fastq	221a7326-d8a3-30d3-2378-e16b11f42646	IL12RB2:KRBA2	22	LowConfidence	Partial_Recall	positive	100GB	85%	truncated_tri_fusion
jaffal_results_porechopped_sim_dataporechoptrimmed_Adapter_Spiked_Simulated_100GB_nanopore2023_Q90.fastq	122a6095-88e1-ffef-d9cb-edc77426d915	POMT1:ADAM17	22	LowConfidence	Partial_Recall	positive	100GB	90%	truncated_tri_fusion
jaffal_results_porechopped_sim_dataporechoptrimmed_Adapter_Spiked_Simulated_100GB_nanopore2023_Q90.fastq	15069e61-4e67-01ab-c808-f03c2451ee3f	CUL2:DDHD2	22	LowConfidence	True_Recall	positive	100GB	90%	hybrid
jaffal_results_porechopped_sim_dataporechoptrimmed_Adapter_Spiked_Simulated_100GB_nanopore2023_Q90.fastq	1c6ec5c7-4e1c-0d90-42e6-218e351c60b2	LINC01964:ADA2	22	LowConfidence	Partial_Recall	positive	100GB	90%	truncated_tri_fusion
jaffal_results_porechopped_sim_dataporechoptrimmed_Adapter_Spiked_Simulated_100GB_nanopore2023_Q90.fastq	73171af8-f183-7750-5f01-80ff4e504f94	SLC19A1:MAPK10	22	LowConfidence	Partial_Recall	positive	100GB	90%	truncated_tri_fusion
jaffal_results_porechopped_sim_dataporechoptrimmed_Adapter_Spiked_Simulated_100GB_nanopore2023_Q90.fastq	3f591342-01b1-f480-d2bf-6d628021d958	IQCJ-SCHIP1:MIR100HG	22	LowConfidence	False_Call	positive	100GB	90%	false_fusion
jaffal_results_porechopped_sim_dataporechoptrimmed_Adapter_Spiked_Simulated_100GB_nanopore2023_Q95.fastq	0ce7f067-d3ec-0f9b-b5e7-2aef3f2a2491	ATP7B:OR4P4	22	LowConfidence	False_Call	positive	100GB	95%	false_fusion
jaffal_results_porechopped_sim_dataporechoptrimmed_Adapter_Spiked_Simulated_100GB_nanopore2023_Q95.fastq	0482ecba-81de-32a8-6318-38b9ffd4c0b7	SLC19A1:MAPK10	22	LowConfidence	Partial_Recall	positive	100GB	95%	truncated_tri_fusion
jaffal_results_porechopped_sim_dataporechoptrimmed_Adapter_Spiked_Simulated_100GB_nanopore2023_Q95.fastq	0844b4af-70a3-cfc1-7f71-b3964c3dafd9	RGR:YY1	22	LowConfidence	True_Recall	positive	100GB	95%	hybrid
jaffal_results_porechopped_sim_dataporechoptrimmed_Adapter_Spiked_Simulated_100GB_nanopore2023_Q90.fastq	41c68dee-d01d-b741-5f10-0df30f441fec	COL6A6:PIK3R4	21	LowConfidence	True_Recall	positive	100GB	90%	read_through
jaffal_results_porechopped_sim_dataporechoptrimmed_Adapter_Spiked_Simulated_100GB_nanopore2023_Q85.fastq	a2c11d1a-647c-3efa-f3f1-ee7f985d9a6c	TLE4:ENSG00000228714	21	LowConfidence	True_Recall	positive	100GB	85%	intra_chromosome
jaffal_results_porechopped_sim_dataporechoptrimmed_Adapter_Spiked_Simulated_100GB_nanopore2023_Q85.fastq	030d6a9a-b4ed-9894-2521-26f820322ffc	HMMR:POMT1	21	LowConfidence	Partial_Recall	positive	100GB	85%	truncated_tri_fusion
jaffal_results_porechopped_sim_dataporechoptrimmed_Adapter_Spiked_Simulated_100GB_nanopore2023_Q85.fastq	090c09a9-669d-1d0a-8a95-20f6ce8ef91e	BDP1:SH2D7	21	LowConfidence	Partial_Recall	positive	100GB	85%	truncated_tri_fusion
jaffal_results_porechopped_sim_dataporechoptrimmed_Adapter_Spiked_Simulated_100GB_nanopore2023_Q85.fastq	26b89c1a-9989-5e00-5008-1cc3a4d0a083	PORCN:OR2F2	21	LowConfidence	Partial_Recall	positive	100GB	85%	truncated_tri_fusion
jaffal_results_porechopped_sim_dataporechoptrimmed_Adapter_Spiked_Simulated_100GB_nanopore2023_Q85.fastq	5a4995bd-50a6-f202-0811-b74c4e787cb0	ENSG00000290106:TCEANC2	21	LowConfidence	True_Recall	positive	100GB	85%	hybrid
jaffal_results_porechopped_sim_dataporechoptrimmed_Adapter_Spiked_Simulated_100GB_nanopore2023_Q90.fastq	12b98b4e-45a4-44cb-bf15-59691b71e06e	LNX1:RNASEH2C	21	LowConfidence	False_Call	positive	100GB	90%	false_fusion
jaffal_results_porechopped_sim_dataporechoptrimmed_Adapter_Spiked_Simulated_100GB_nanopore2023_Q90.fastq	0bdfc1c1-0b3b-e357-b2ec-adc7aacb5b20	PMPCB:SMCO1	21	LowConfidence	Partial_Recall	positive	100GB	90%	truncated_tri_fusion
jaffal_results_porechopped_sim_dataporechoptrimmed_Adapter_Spiked_Simulated_100GB_nanopore2023_Q90.fastq	1ed22507-28fb-4873-6b57-6fab2a4a5c7f	TTLL5:ZNF646	21	LowConfidence	False_Call	positive	100GB	90%	false_fusion
jaffal_results_porechopped_sim_dataporechoptrimmed_Adapter_Spiked_Simulated_100GB_nanopore2023_Q90.fastq	098d8d63-f778-5cef-3ea6-3e282f8edf7e	SLC28A2:USP2	21	LowConfidence	Partial_Recall	positive	100GB	90%	truncated_tri_fusion
jaffal_results_porechopped_sim_dataporechoptrimmed_Adapter_Spiked_Simulated_100GB_nanopore2023_Q95.fastq	234aa5e8-3ea2-4b85-2b2c-ff8e6ae5acfb	ANKRD28:ORC6	21	LowConfidence	Partial_Recall	positive	100GB	95%	truncated_tri_fusion
jaffal_results_porechopped_sim_dataporechoptrimmed_Adapter_Spiked_Simulated_100GB_nanopore2023_Q95.fastq	2aedaaac-f356-9303-fc56-a6a73f9b74bf	CTBS:THBS3	20	LowConfidence	False_Call	positive	100GB	95%	false_fusion
jaffal_results_porechopped_sim_dataporechoptrimmed_Adapter_Spiked_Simulated_100GB_nanopore2023_Q90.fastq	be1900ec-d26e-103d-c584-071a54d8c93c	SCARNA2:LYPLA2	20	LowConfidence	False_Call	positive	100GB	90%	false_fusion
jaffal_results_porechopped_sim_dataporechoptrimmed_Adapter_Spiked_Simulated_100GB_nanopore2023_Q85.fastq	25fb516f-9b56-3128-dc60-61e03df3b525	LNX1:RNASEH2C	20	LowConfidence	False_Call	positive	100GB	85%	false_fusion
jaffal_results_porechopped_sim_dataporechoptrimmed_Adapter_Spiked_Simulated_100GB_nanopore2023_Q90.fastq	5e2d5c32-abe7-00ee-7673-2936c1cab72c	TBCE:ZNF627	20	LowConfidence	Partial_Recall	positive	100GB	90%	truncated_tri_fusion
jaffal_results_porechopped_sim_dataporechoptrimmed_Adapter_Spiked_Simulated_100GB_nanopore2023_Q95.fastq	05737494-0931-27cc-fe5a-af95e62ba3f2	KAT7:NEFL	20	LowConfidence	Partial_Recall	positive	100GB	95%	truncated_tri_fusion
jaffal_results_porechopped_sim_dataporechoptrimmed_Adapter_Spiked_Simulated_100GB_nanopore2023_Q95.fastq	5cbf170c-d187-7560-ad94-7cc14e29272d	SH2D7:ENSG00000225092	20	LowConfidence	Partial_Recall	positive	100GB	95%	truncated_tri_fusion
jaffal_results_porechopped_sim_dataporechoptrimmed_Adapter_Spiked_Simulated_100GB_nanopore2023_Q95.fastq	35863019-1b2e-ae96-55e8-fdeccb894c6d	FXN:ENSG00000285130	19	LowConfidence	False_Call	positive	100GB	95%	false_fusion
jaffal_results_porechopped_sim_dataporechoptrimmed_Adapter_Spiked_Simulated_100GB_nanopore2023_Q85.fastq	22e84eaf-54ba-6f6f-d1af-7df35b2c4629	LINC00383:STARD13-AS	19	LowConfidence	True_Recall	positive	100GB	85%	intra_chromosome
jaffal_results_porechopped_sim_dataporechoptrimmed_Adapter_Spiked_Simulated_100GB_nanopore2023_Q90.fastq	11ed9788-263d-deda-cfbc-cb3755725c12	PVT1:ENSG00000253503	19	LowConfidence	True_Recall	positive	100GB	90%	intra_chromosome
jaffal_results_porechopped_sim_dataporechoptrimmed_Adapter_Spiked_Simulated_100GB_nanopore2023_Q95.fastq	0c58ae02-825f-e7d8-0be4-28ad4dc9f7bf	THBS3:CTBS	19	LowConfidence	False_Call	positive	100GB	95%	false_fusion
jaffal_results_porechopped_sim_dataporechoptrimmed_Adapter_Spiked_Simulated_100GB_nanopore2023_Q85.fastq	0539b9f9-db3f-a94c-c57d-c7aa194d4d4d	PMPCB:SMCO1	19	LowConfidence	Partial_Recall	positive	100GB	85%	truncated_tri_fusion
jaffal_results_porechopped_sim_dataporechoptrimmed_Adapter_Spiked_Simulated_100GB_nanopore2023_Q85.fastq	1f3a223d-a6d5-2849-dd17-045a2b297438	ENSG00000241577:CKMT2-AS1	19	LowConfidence	False_Call	positive	100GB	85%	false_fusion
jaffal_results_porechopped_sim_dataporechoptrimmed_Adapter_Spiked_Simulated_100GB_nanopore2023_Q85.fastq	1cdb83e8-9a1c-c109-2ab1-af68caf2f3cc	EPHA2:MAGEB6	19	LowConfidence	Partial_Recall	positive	100GB	85%	truncated_tri_fusion
jaffal_results_porechopped_sim_dataporechoptrimmed_Adapter_Spiked_Simulated_100GB_nanopore2023_Q85.fastq	cdf47ac0-63c6-4d98-9a87-8cea32e8ba0b	ENSG00000187951:SYTL5	19	LowConfidence	False_Call	positive	100GB	85%	false_fusion
jaffal_results_porechopped_sim_dataporechoptrimmed_Adapter_Spiked_Simulated_100GB_nanopore2023_Q90.fastq	0d470c26-2956-e31d-1eb7-3d9cb7b4191d	CYP2C8:ENSG00000282278	19	LowConfidence	False_Call	positive	100GB	90%	false_fusion
jaffal_results_porechopped_sim_dataporechoptrimmed_Adapter_Spiked_Simulated_100GB_nanopore2023_Q90.fastq	053eee6b-db21-5db5-efca-18cd7abe33c3	ENSG00000254979:ZSCAN32	19	LowConfidence	Partial_Recall	positive	100GB	90%	truncated_tri_fusion
jaffal_results_porechopped_sim_dataporechoptrimmed_Adapter_Spiked_Simulated_100GB_nanopore2023_Q90.fastq	0e9665db-1e95-cfb6-9297-1e80e810d79e	THSD4:ALS2	19	LowConfidence	Partial_Recall	positive	100GB	90%	truncated_tri_fusion
jaffal_results_porechopped_sim_dataporechoptrimmed_Adapter_Spiked_Simulated_100GB_nanopore2023_Q90.fastq	0bc0c4f0-9b09-8cc6-f500-2042b8575cf1	ENSG00000256339:ESAM	19	LowConfidence	True_Recall	positive	100GB	90%	hybrid
jaffal_results_porechopped_sim_dataporechoptrimmed_Adapter_Spiked_Simulated_100GB_nanopore2023_Q95.fastq	015b9cee-822d-410b-2bfd-7e142cc35df0	LNX1:RNASEH2C	19	LowConfidence	False_Call	positive	100GB	95%	false_fusion
jaffal_results_porechopped_sim_dataporechoptrimmed_Adapter_Spiked_Simulated_100GB_nanopore2023_Q95.fastq	07e47b7e-1293-c217-fb6a-df4a04c13be4	MFN1:ZHX3	19	LowConfidence	Partial_Recall	positive	100GB	95%	truncated_tri_fusion
jaffal_results_porechopped_sim_dataporechoptrimmed_Adapter_Spiked_Simulated_100GB_nanopore2023_Q95.fastq	175bc63c-6af9-13be-7742-5769efdf2c5f	FMR1-AS1:EPHA2	19	LowConfidence	Partial_Recall	positive	100GB	95%	truncated_tri_fusion
jaffal_results_porechopped_sim_dataporechoptrimmed_Adapter_Spiked_Simulated_100GB_nanopore2023_Q95.fastq	24dc13d5-9f2d-1c63-4cda-484d5f9f4440	ASIC1:SYT17	19	LowConfidence	False_Call	positive	100GB	95%	false_fusion
jaffal_results_porechopped_sim_dataporechoptrimmed_Adapter_Spiked_Simulated_100GB_nanopore2023_Q90.fastq	0a274d8b-a1f5-9f0d-3eeb-747d8a6893b6	LPO:MPO	18	LowConfidence	True_Recall	positive	100GB	90%	read_through
jaffal_results_porechopped_sim_dataporechoptrimmed_Adapter_Spiked_Simulated_100GB_nanopore2023_Q95.fastq	22d899bb-334f-bd94-636d-402935cb5f19	ZNF559:UHRF1	18	LowConfidence	True_Recall	positive	100GB	95%	intra_chromosome
jaffal_results_porechopped_sim_dataporechoptrimmed_Adapter_Spiked_Simulated_100GB_nanopore2023_Q90.fastq	2c6dd7ab-e706-7863-5e29-be8883837655	CTSC:NDUFS3	18	LowConfidence	True_Recall	positive	100GB	90%	hybrid
jaffal_results_porechopped_sim_dataporechoptrimmed_Adapter_Spiked_Simulated_100GB_nanopore2023_Q90.fastq	23d3c66c-fef8-ef46-381d-2e03e0a9a1f9	MFF:GDNF	18	LowConfidence	Partial_Recall	positive	100GB	90%	truncated_tri_fusion
jaffal_results_porechopped_sim_dataporechoptrimmed_Adapter_Spiked_Simulated_100GB_nanopore2023_Q95.fastq	175efed8-141d-d850-eb65-27578296c0a9	PMPCB:SMCO1	18	LowConfidence	Partial_Recall	positive	100GB	95%	truncated_tri_fusion
jaffal_results_porechopped_sim_dataporechoptrimmed_Adapter_Spiked_Simulated_100GB_nanopore2023_Q95.fastq	0c41b8f6-df94-fa5b-cb85-ddb52e7da3d0	WASH2P:WRAP53	18	LowConfidence	True_Recall	positive	100GB	95%	hybrid
jaffal_results_porechopped_sim_dataporechoptrimmed_Adapter_Spiked_Simulated_100GB_nanopore2023_Q95.fastq	05a8476c-7f95-79aa-d895-7e01ab49caab	WIF1:SSR4	18	LowConfidence	True_Recall	positive	100GB	95%	hybrid
jaffal_results_porechopped_sim_dataporechoptrimmed_Adapter_Spiked_Simulated_100GB_nanopore2023_Q95.fastq	07b9cb89-eccf-60b5-ffb3-1036412964a4	SLC28A2:USP2	18	LowConfidence	Partial_Recall	positive	100GB	95%	truncated_tri_fusion
jaffal_results_porechopped_sim_dataporechoptrimmed_Adapter_Spiked_Simulated_100GB_nanopore2023_Q85.fastq	1cd2a02d-c797-276a-b756-7e9cc309304e	UPK1B:B4GALT4	17	LowConfidence	True_Recall	positive	100GB	85%	read_through
jaffal_results_porechopped_sim_dataporechoptrimmed_Adapter_Spiked_Simulated_100GB_nanopore2023_Q90.fastq	1fa0af83-14b6-a3f2-7c26-c42bce26f552	NELFCD:CSNK2A1	17	LowConfidence	True_Recall	positive	100GB	90%	intra_chromosome
jaffal_results_porechopped_sim_dataporechoptrimmed_Adapter_Spiked_Simulated_100GB_nanopore2023_Q95.fastq	0cc1d1ae-26c2-c154-9a91-df64fbb0e8ba	MACROH2A1:SLC1A3	17	LowConfidence	True_Recall	positive	100GB	95%	hybrid
jaffal_results_porechopped_sim_dataporechoptrimmed_Adapter_Spiked_Simulated_100GB_nanopore2023_Q85.fastq	317bdf87-0689-d1b5-3e40-4ab042b8668d	LDLRAD4:NUTF2	17	LowConfidence	Partial_Recall	positive	100GB	85%	truncated_tri_fusion
jaffal_results_porechopped_sim_dataporechoptrimmed_Adapter_Spiked_Simulated_100GB_nanopore2023_Q85.fastq	1d508a40-e3dd-92a2-7262-cf1e252a17d9	BRPF3:CSPP1	17	LowConfidence	Partial_Recall	positive	100GB	85%	truncated_tri_fusion
jaffal_results_porechopped_sim_dataporechoptrimmed_Adapter_Spiked_Simulated_100GB_nanopore2023_Q85.fastq	62497248-5091-28dc-1478-c96c6fe07379	LINC01964:ADA2	17	LowConfidence	Partial_Recall	positive	100GB	85%	truncated_tri_fusion
jaffal_results_porechopped_sim_dataporechoptrimmed_Adapter_Spiked_Simulated_100GB_nanopore2023_Q90.fastq	067a7eff-581d-f8cd-c243-a577c61dcccf	PCBD2:ZAR1L	17	LowConfidence	False_Call	positive	100GB	90%	false_fusion
jaffal_results_porechopped_sim_dataporechoptrimmed_Adapter_Spiked_Simulated_100GB_nanopore2023_Q90.fastq	10522cf1-286a-79f2-cd11-410d3548af7e	ENSG00000241577:CKMT2-AS1	17	LowConfidence	False_Call	positive	100GB	90%	false_fusion
jaffal_results_porechopped_sim_dataporechoptrimmed_Adapter_Spiked_Simulated_100GB_nanopore2023_Q90.fastq	13f9e951-0372-10b9-7d6f-fb740eb4ef75	MAST1:ZNF691	17	LowConfidence	True_Recall	positive	100GB	90%	hybrid
jaffal_results_porechopped_sim_dataporechoptrimmed_Adapter_Spiked_Simulated_100GB_nanopore2023_Q90.fastq	3187d5e0-a03f-0cef-48ec-1029b8824bd1	ENSG00000290106:TCEANC2	17	LowConfidence	True_Recall	positive	100GB	90%	hybrid
jaffal_results_porechopped_sim_dataporechoptrimmed_Adapter_Spiked_Simulated_100GB_nanopore2023_Q95.fastq	03ba9e09-bf54-d24d-1bdc-25863a4f191f	SNX6:CPNE1	17	LowConfidence	False_Call	positive	100GB	95%	false_fusion
jaffal_results_porechopped_sim_dataporechoptrimmed_Adapter_Spiked_Simulated_100GB_nanopore2023_Q95.fastq	298b44e4-e461-5869-4911-01ac8fa81067	MAGI2-AS3:NEDD1	17	LowConfidence	Partial_Recall	positive	100GB	95%	truncated_tri_fusion
jaffal_results_porechopped_sim_dataporechoptrimmed_Adapter_Spiked_Simulated_100GB_nanopore2023_Q95.fastq	18f60c63-76a5-4bdd-420e-e3f0c358634e	PTBP3:FAM66C	17	LowConfidence	True_Recall	positive	100GB	95%	hybrid
jaffal_results_porechopped_sim_dataporechoptrimmed_Adapter_Spiked_Simulated_100GB_nanopore2023_Q85.fastq	44717249-d677-dfb3-c5b7-390d4e6d2573	DENND3:SLC45A4	16	LowConfidence	True_Recall	positive	100GB	85%	read_through
jaffal_results_porechopped_sim_dataporechoptrimmed_Adapter_Spiked_Simulated_100GB_nanopore2023_Q85.fastq	6542809f-89e0-0828-1900-22959e97be29	CTBS:THBS3	16	LowConfidence	False_Call	positive	100GB	85%	false_fusion
jaffal_results_porechopped_sim_dataporechoptrimmed_Adapter_Spiked_Simulated_100GB_nanopore2023_Q85.fastq	1996452f-5847-6114-a0ac-428b0e998d19	RNF216:LRRC18	16	LowConfidence	Partial_Recall	positive	100GB	85%	truncated_tri_fusion
jaffal_results_porechopped_sim_dataporechoptrimmed_Adapter_Spiked_Simulated_100GB_nanopore2023_Q85.fastq	1b849276-64ba-c832-9573-80e6b8659a1b	MAGI2-AS3:NEDD1	16	LowConfidence	Partial_Recall	positive	100GB	85%	truncated_tri_fusion
jaffal_results_porechopped_sim_dataporechoptrimmed_Adapter_Spiked_Simulated_100GB_nanopore2023_Q85.fastq	697a7b05-1e0c-6859-953b-8c83912f3680	TMUB2:SLC4A3	16	LowConfidence	Partial_Recall	positive	100GB	85%	truncated_tri_fusion
jaffal_results_porechopped_sim_dataporechoptrimmed_Adapter_Spiked_Simulated_100GB_nanopore2023_Q85.fastq	4eedfcc5-698e-7a7b-e497-93b5945b5b04	MFF:GDNF	16	LowConfidence	Partial_Recall	positive	100GB	85%	truncated_tri_fusion
jaffal_results_porechopped_sim_dataporechoptrimmed_Adapter_Spiked_Simulated_100GB_nanopore2023_Q90.fastq	1357e773-16ae-022a-bece-fe88d10df2c9	PAPLN:HULC	16	LowConfidence	False_Call	positive	100GB	90%	false_fusion
jaffal_results_porechopped_sim_dataporechoptrimmed_Adapter_Spiked_Simulated_100GB_nanopore2023_Q90.fastq	26df5cd7-db9b-9130-6afa-0117c35aeb23	GTF3C5:LINC01964	16	LowConfidence	Partial_Recall	positive	100GB	90%	truncated_tri_fusion
jaffal_results_porechopped_sim_dataporechoptrimmed_Adapter_Spiked_Simulated_100GB_nanopore2023_Q90.fastq	29c3bc6d-693d-68fb-8b55-fe14ce889516	LAMTOR4:ENSG00000284776	16	LowConfidence	True_Recall	positive	100GB	90%	hybrid
jaffal_results_porechopped_sim_dataporechoptrimmed_Adapter_Spiked_Simulated_100GB_nanopore2023_Q95.fastq	1135a4dd-4a97-3681-2323-a8cd6097388f	PCBD2:ZAR1L	16	LowConfidence	False_Call	positive	100GB	95%	false_fusion
jaffal_results_porechopped_sim_dataporechoptrimmed_Adapter_Spiked_Simulated_100GB_nanopore2023_Q95.fastq	22e3812d-aa8c-ffb5-1a20-ce3186a1a2b0	ENSG00000291210:RECQL4	16	LowConfidence	False_Call	positive	100GB	95%	false_fusion
jaffal_results_porechopped_sim_dataporechoptrimmed_Adapter_Spiked_Simulated_100GB_nanopore2023_Q95.fastq	12d14f00-737c-7721-c684-81e9dfdd152b	LINC01964:ADA2	16	LowConfidence	Partial_Recall	positive	100GB	95%	truncated_tri_fusion
jaffal_results_porechopped_sim_dataporechoptrimmed_Adapter_Spiked_Simulated_100GB_nanopore2023_Q90.fastq	11a3d12b-a966-8583-c4d5-ea33867a2ae3	EXD1:LINC02256	15	LowConfidence	True_Recall	positive	100GB	90%	intra_chromosome
jaffal_results_porechopped_sim_dataporechoptrimmed_Adapter_Spiked_Simulated_100GB_nanopore2023_Q90.fastq	0426d8d7-50d7-9e1d-30a3-37ae58b78c1a	CTBS:THBS3	15	LowConfidence	False_Call	positive	100GB	90%	false_fusion
jaffal_results_porechopped_sim_dataporechoptrimmed_Adapter_Spiked_Simulated_100GB_nanopore2023_Q85.fastq	089e9956-08e1-0a2c-bec7-d9322b4d8c28	AFDN:BRPF3	15	LowConfidence	Partial_Recall	positive	100GB	85%	truncated_tri_fusion
jaffal_results_porechopped_sim_dataporechoptrimmed_Adapter_Spiked_Simulated_100GB_nanopore2023_Q85.fastq	10d4b5dd-1187-c210-929d-f454986aef45	POMT1:ADAM17	15	LowConfidence	Partial_Recall	positive	100GB	85%	truncated_tri_fusion
jaffal_results_porechopped_sim_dataporechoptrimmed_Adapter_Spiked_Simulated_100GB_nanopore2023_Q85.fastq	2a307b82-3cdf-d9e8-ef30-427098f58ce9	GTF3C5:LINC01964	15	LowConfidence	Partial_Recall	positive	100GB	85%	truncated_tri_fusion
jaffal_results_porechopped_sim_dataporechoptrimmed_Adapter_Spiked_Simulated_100GB_nanopore2023_Q85.fastq	13067e7e-1f2c-1bf2-177e-8c764996294d	ZNF627:HNRNPA3	15	LowConfidence	Partial_Recall	positive	100GB	85%	truncated_tri_fusion
jaffal_results_porechopped_sim_dataporechoptrimmed_Adapter_Spiked_Simulated_100GB_nanopore2023_Q85.fastq	62e945fd-c71b-d3fd-1759-63d40baabf9c	FKTN:XPO1	15	LowConfidence	True_Recall	positive	100GB	85%	hybrid
jaffal_results_porechopped_sim_dataporechoptrimmed_Adapter_Spiked_Simulated_100GB_nanopore2023_Q90.fastq	0a52497b-280c-8f23-9bf7-f74ff69438f2	LINC01141:USP44	15	LowConfidence	Partial_Recall	positive	100GB	90%	truncated_tri_fusion
jaffal_results_porechopped_sim_dataporechoptrimmed_Adapter_Spiked_Simulated_100GB_nanopore2023_Q90.fastq	13191b98-a3b8-5793-af37-182db6ccded2	MFSD10:RAB34	15	LowConfidence	Partial_Recall	positive	100GB	90%	truncated_tri_fusion
jaffal_results_porechopped_sim_dataporechoptrimmed_Adapter_Spiked_Simulated_100GB_nanopore2023_Q90.fastq	47956428-375d-bdd7-0859-e8781881f317	BANF1:ELOVL1	15	LowConfidence	Partial_Recall	positive	100GB	90%	truncated_tri_fusion
jaffal_results_porechopped_sim_dataporechoptrimmed_Adapter_Spiked_Simulated_100GB_nanopore2023_Q90.fastq	03c33e83-f93c-d8b1-584c-9dc3d16dbb09	TMUB2:ENSG00000255872	15	LowConfidence	False_Call	positive	100GB	90%	false_fusion
jaffal_results_porechopped_sim_dataporechoptrimmed_Adapter_Spiked_Simulated_100GB_nanopore2023_Q90.fastq	33d10ef4-04c3-f6bc-e9eb-de1647e40c5c	RGR:YY1	15	LowConfidence	True_Recall	positive	100GB	90%	hybrid
jaffal_results_porechopped_sim_dataporechoptrimmed_Adapter_Spiked_Simulated_100GB_nanopore2023_Q95.fastq	10060bf3-28cf-fb52-c713-6688954a4084	ZAR1L:PCBD2	15	LowConfidence	False_Call	positive	100GB	95%	false_fusion
jaffal_results_porechopped_sim_dataporechoptrimmed_Adapter_Spiked_Simulated_100GB_nanopore2023_Q95.fastq	06bb2397-b001-9df3-a5b4-4648b985ed6d	NPAS3:CCDC158	15	LowConfidence	False_Call	positive	100GB	95%	false_fusion
jaffal_results_porechopped_sim_dataporechoptrimmed_Adapter_Spiked_Simulated_100GB_nanopore2023_Q95.fastq	4c56981c-bf2e-1507-f922-25592a3082ab	NUTM2B:CDK12	15	LowConfidence	False_Call	positive	100GB	95%	false_fusion
jaffal_results_porechopped_sim_dataporechoptrimmed_Adapter_Spiked_Simulated_100GB_nanopore2023_Q95.fastq	02c7d37b-6e1c-7a61-4add-aa46b056548b	ENSG00000260830:RBM23	14	LowConfidence	True_Recall	positive	100GB	95%	intra_chromosome
jaffal_results_porechopped_sim_dataporechoptrimmed_Adapter_Spiked_Simulated_100GB_nanopore2023_Q85.fastq	9b6d9fdb-9e67-9a22-f025-1489eb85b23d	CELF2:ERCC6	14	LowConfidence	True_Recall	positive	100GB	85%	intra_chromosome
jaffal_results_porechopped_sim_dataporechoptrimmed_Adapter_Spiked_Simulated_100GB_nanopore2023_Q85.fastq	2c335484-89fe-d234-9167-3116ad40220b	PAPLN:HULC	14	LowConfidence	False_Call	positive	100GB	85%	false_fusion
jaffal_results_porechopped_sim_dataporechoptrimmed_Adapter_Spiked_Simulated_100GB_nanopore2023_Q85.fastq	16af67a3-1b64-892b-7310-a09c2b380d99	G3BP1:ERC1	14	LowConfidence	Partial_Recall	positive	100GB	85%	truncated_tri_fusion
jaffal_results_porechopped_sim_dataporechoptrimmed_Adapter_Spiked_Simulated_100GB_nanopore2023_Q90.fastq	0dddf975-9b67-94e4-edec-f54ce7092a33	ENSG00000291210:RECQL4	14	LowConfidence	False_Call	positive	100GB	90%	false_fusion
jaffal_results_porechopped_sim_dataporechoptrimmed_Adapter_Spiked_Simulated_100GB_nanopore2023_Q90.fastq	1b1e89e2-5eb9-5e10-7bc2-1b0ae6058262	APBA2:FGFR1	14	LowConfidence	Partial_Recall	positive	100GB	90%	truncated_tri_fusion
jaffal_results_porechopped_sim_dataporechoptrimmed_Adapter_Spiked_Simulated_100GB_nanopore2023_Q90.fastq	32e7e9d1-cda4-2d43-0099-83bcb35f011b	ENSG00000258177:SIRT5	14	LowConfidence	Partial_Recall	positive	100GB	90%	truncated_tri_fusion
jaffal_results_porechopped_sim_dataporechoptrimmed_Adapter_Spiked_Simulated_100GB_nanopore2023_Q90.fastq	de2d8a55-a8b0-5b9f-b54a-bf247c5d0555	JMJD7:MIR9-1HG	14	LowConfidence	Partial_Recall	positive	100GB	90%	truncated_tri_fusion
jaffal_results_porechopped_sim_dataporechoptrimmed_Adapter_Spiked_Simulated_100GB_nanopore2023_Q95.fastq	09de6356-a32d-2681-a74f-989b0f824c31	FRAS1:ZNF670	14	LowConfidence	False_Call	positive	100GB	95%	false_fusion
jaffal_results_porechopped_sim_dataporechoptrimmed_Adapter_Spiked_Simulated_100GB_nanopore2023_Q95.fastq	112d780f-b500-52f0-a192-d49a7a3a564c	BTK:GOLGA8G	14	LowConfidence	Partial_Recall	positive	100GB	95%	truncated_tri_fusion
jaffal_results_porechopped_sim_dataporechoptrimmed_Adapter_Spiked_Simulated_100GB_nanopore2023_Q95.fastq	15de02ee-9d7e-3262-d8a5-58b2f06b9422	ENSG00000236951:VAMP7	14	LowConfidence	False_Call	positive	100GB	95%	false_fusion
jaffal_results_porechopped_sim_dataporechoptrimmed_Adapter_Spiked_Simulated_100GB_nanopore2023_Q95.fastq	12caf648-6939-d5d3-2b92-0383ee15e402	PRKAR2A:USP9Y	14	LowConfidence	True_Recall	positive	100GB	95%	hybrid
jaffal_results_porechopped_sim_dataporechoptrimmed_Adapter_Spiked_Simulated_100GB_nanopore2023_Q95.fastq	2d936eb6-e868-9879-98ed-7792e4667f32	TMUB2:ENSG00000255872	14	LowConfidence	False_Call	positive	100GB	95%	false_fusion
jaffal_results_porechopped_sim_dataporechoptrimmed_Adapter_Spiked_Simulated_100GB_nanopore2023_Q95.fastq	3fb01fdf-47ac-2ca1-d717-b79d52bacc10	ERC1:AP1G1	14	LowConfidence	Partial_Recall	positive	100GB	95%	truncated_tri_fusion
jaffal_results_porechopped_sim_dataporechoptrimmed_Adapter_Spiked_Simulated_100GB_nanopore2023_Q85.fastq	035f4da3-041d-e7ac-a660-3c7d1dda4c46	RYR3:ENSG00000276702	13	LowConfidence	True_Recall	positive	100GB	85%	read_through
jaffal_results_porechopped_sim_dataporechoptrimmed_Adapter_Spiked_Simulated_100GB_nanopore2023_Q85.fastq	13366cbd-956a-5bfb-ee1e-aeaaff524657	COL6A6:PIK3R4	13	LowConfidence	True_Recall	positive	100GB	85%	read_through
jaffal_results_porechopped_sim_dataporechoptrimmed_Adapter_Spiked_Simulated_100GB_nanopore2023_Q85.fastq	0ff8e8cf-a445-2ebc-50ef-d303cc70d4aa	MORC3:LINC00320	13	LowConfidence	True_Recall	positive	100GB	85%	intra_chromosome
jaffal_results_porechopped_sim_dataporechoptrimmed_Adapter_Spiked_Simulated_100GB_nanopore2023_Q90.fastq	13a50afc-1db2-4e83-a6a4-85408b129b85	LNPK:KIF5C	13	LowConfidence	True_Recall	positive	100GB	90%	hybrid
jaffal_results_porechopped_sim_dataporechoptrimmed_Adapter_Spiked_Simulated_100GB_nanopore2023_Q90.fastq	516d8223-60a7-2a99-f073-2296c0c16753	STX12:CSRP1	13	LowConfidence	True_Recall	positive	100GB	90%	intra_chromosome
jaffal_results_porechopped_sim_dataporechoptrimmed_Adapter_Spiked_Simulated_100GB_nanopore2023_Q85.fastq	4384d053-6bf7-840f-8738-edc74655f8d2	TINAG:ENSG00000268416	13	LowConfidence	Partial_Recall	positive	100GB	85%	truncated_tri_fusion
jaffal_results_porechopped_sim_dataporechoptrimmed_Adapter_Spiked_Simulated_100GB_nanopore2023_Q85.fastq	9235e577-eac6-171d-1a9d-6e29d9c1ae7f	SLC16A4-AS1:NXPE3	13	LowConfidence	Partial_Recall	positive	100GB	85%	truncated_tri_fusion
jaffal_results_porechopped_sim_dataporechoptrimmed_Adapter_Spiked_Simulated_100GB_nanopore2023_Q90.fastq	3a8edc6a-1911-0661-5f27-7ecd41c648eb	ZAR1L:PCBD2	13	LowConfidence	False_Call	positive	100GB	90%	false_fusion
jaffal_results_porechopped_sim_dataporechoptrimmed_Adapter_Spiked_Simulated_100GB_nanopore2023_Q90.fastq	1127960e-9402-b437-e53a-913f95f8ce0e	NUTM2B:CDK12	13	LowConfidence	False_Call	positive	100GB	90%	false_fusion
jaffal_results_porechopped_sim_dataporechoptrimmed_Adapter_Spiked_Simulated_100GB_nanopore2023_Q90.fastq	1b89d91d-634f-45fd-6fe8-ceace02b46b0	RARS2:SLC25A27	12	LowConfidence	True_Recall	positive	100GB	90%	intra_chromosome
jaffal_results_porechopped_sim_dataporechoptrimmed_Adapter_Spiked_Simulated_100GB_nanopore2023_Q85.fastq	386b77fb-a74a-854b-62e5-d870c84b6165	FAM110A:LINC01524	12	LowConfidence	True_Recall	positive	100GB	85%	intra_chromosome
jaffal_results_porechopped_sim_dataporechoptrimmed_Adapter_Spiked_Simulated_100GB_nanopore2023_Q85.fastq	b2b2a1a6-5710-9ed4-94dc-f9b5626e6d59	HMOX2:HSDL1	12	LowConfidence	True_Recall	positive	100GB	85%	intra_chromosome
jaffal_results_porechopped_sim_dataporechoptrimmed_Adapter_Spiked_Simulated_100GB_nanopore2023_Q85.fastq	27bdc506-98f4-c9d4-a0eb-0bcde8323e4d	MFN1:ZHX3	12	LowConfidence	Partial_Recall	positive	100GB	85%	truncated_tri_fusion
jaffal_results_porechopped_sim_dataporechoptrimmed_Adapter_Spiked_Simulated_100GB_nanopore2023_Q85.fastq	62fa9fe6-a27a-ff7e-9703-f77b70cd183e	PCBD2:ZAR1L	12	LowConfidence	False_Call	positive	100GB	85%	false_fusion
jaffal_results_porechopped_sim_dataporechoptrimmed_Adapter_Spiked_Simulated_100GB_nanopore2023_Q90.fastq	06c6eca8-0b6a-877e-1b55-58eddfe236f9	HULC:PAPLN	12	LowConfidence	False_Call	positive	100GB	90%	false_fusion
jaffal_results_porechopped_sim_dataporechoptrimmed_Adapter_Spiked_Simulated_100GB_nanopore2023_Q90.fastq	0e68933a-da86-9b0a-4186-c61cde1971f9	RNASEH2C:LNX1	12	LowConfidence	False_Call	positive	100GB	90%	false_fusion
jaffal_results_porechopped_sim_dataporechoptrimmed_Adapter_Spiked_Simulated_100GB_nanopore2023_Q90.fastq	0922cc67-1c16-1c8e-eaa4-006f850ba985	SNX6:CPNE1	12	LowConfidence	False_Call	positive	100GB	90%	false_fusion
jaffal_results_porechopped_sim_dataporechoptrimmed_Adapter_Spiked_Simulated_100GB_nanopore2023_Q90.fastq	3a3fc17d-37f5-0fb8-9587-b7de47e4d178	ZSCAN32:FDPS	12	LowConfidence	Partial_Recall	positive	100GB	90%	truncated_tri_fusion
jaffal_results_porechopped_sim_dataporechoptrimmed_Adapter_Spiked_Simulated_100GB_nanopore2023_Q90.fastq	142f81ee-3f08-455f-6d02-075209147a58	NEDD4L:ECT2L	12	LowConfidence	Partial_Recall	positive	100GB	90%	truncated_tri_fusion
jaffal_results_porechopped_sim_dataporechoptrimmed_Adapter_Spiked_Simulated_100GB_nanopore2023_Q95.fastq	2230f885-1083-c267-12e3-0e7d8701e303	HULC:PAPLN	12	LowConfidence	False_Call	positive	100GB	95%	false_fusion
jaffal_results_porechopped_sim_dataporechoptrimmed_Adapter_Spiked_Simulated_100GB_nanopore2023_Q95.fastq	12253c00-457d-2b3a-8223-aa6c51ab4330	ENSG00000235059:VAMP7	12	LowConfidence	Partial_Recall	positive	100GB	95%	chromosomal_misalignment:intra_chromosome
jaffal_results_porechopped_sim_dataporechoptrimmed_Adapter_Spiked_Simulated_100GB_nanopore2023_Q95.fastq	0ab436e3-673e-3f91-c0aa-be576ae5d507	ENSG00000255872:TMUB2	12	LowConfidence	False_Call	positive	100GB	95%	false_fusion
jaffal_results_porechopped_sim_dataporechoptrimmed_Adapter_Spiked_Simulated_100GB_nanopore2023_Q95.fastq	3896d742-109b-7f13-5eed-ca492f763ec2	ENSG00000285171:PIGS	12	LowConfidence	True_Recall	positive	100GB	95%	hybrid
jaffal_results_porechopped_sim_dataporechoptrimmed_Adapter_Spiked_Simulated_100GB_nanopore2023_Q85.fastq	07e80f79-6b0f-44f2-cab7-5e745c55a654	LPO:MPO	11	LowConfidence	True_Recall	positive	100GB	85%	read_through
jaffal_results_porechopped_sim_dataporechoptrimmed_Adapter_Spiked_Simulated_100GB_nanopore2023_Q95.fastq	06c364bf-60e4-7235-402f-7c3ee9bd4d31	SLC25A1:PPM1F	11	LowConfidence	True_Recall	positive	100GB	95%	intra_chromosome
jaffal_results_porechopped_sim_dataporechoptrimmed_Adapter_Spiked_Simulated_100GB_nanopore2023_Q90.fastq	44472f25-0e99-899e-f270-14a813dcc506	ASMT:HUWE1	11	LowConfidence	True_Recall	positive	100GB	90%	intra_chromosome
jaffal_results_porechopped_sim_dataporechoptrimmed_Adapter_Spiked_Simulated_100GB_nanopore2023_Q90.fastq	3bb6ba5c-b72b-a15d-89a9-b291d467d856	THBS3:CTBS	11	LowConfidence	False_Call	positive	100GB	90%	false_fusion
jaffal_results_porechopped_sim_dataporechoptrimmed_Adapter_Spiked_Simulated_100GB_nanopore2023_Q85.fastq	1bb79afa-71a9-69f3-ac98-fe97ca30e78c	ENSG00000256339:ESAM	11	LowConfidence	True_Recall	positive	100GB	85%	hybrid
jaffal_results_porechopped_sim_dataporechoptrimmed_Adapter_Spiked_Simulated_100GB_nanopore2023_Q85.fastq	73318d6f-8704-5372-9488-7029f1f72544	THSD4:ALS2	11	LowConfidence	Partial_Recall	positive	100GB	85%	truncated_tri_fusion
jaffal_results_porechopped_sim_dataporechoptrimmed_Adapter_Spiked_Simulated_100GB_nanopore2023_Q85.fastq	9eb61d56-4889-590b-400a-bff1ab4b5333	CCT5:ENSG00000264860	11	LowConfidence	True_Recall	positive	100GB	85%	hybrid
jaffal_results_porechopped_sim_dataporechoptrimmed_Adapter_Spiked_Simulated_100GB_nanopore2023_Q85.fastq	dc8e506f-a37b-ffe0-810b-a127220226f5	JMJD7:MIR9-1HG	11	LowConfidence	Partial_Recall	positive	100GB	85%	truncated_tri_fusion
jaffal_results_porechopped_sim_dataporechoptrimmed_Adapter_Spiked_Simulated_100GB_nanopore2023_Q90.fastq	51d93e3d-b22b-0def-68e1-943dc8cabff6	ENSG00000255872:TMUB2	11	LowConfidence	False_Call	positive	100GB	90%	false_fusion
jaffal_results_porechopped_sim_dataporechoptrimmed_Adapter_Spiked_Simulated_100GB_nanopore2023_Q95.fastq	0c6a9548-37ad-ad65-0815-f706da55a220	GOLGA8S:CYP4F2	11	LowConfidence	False_Call	positive	100GB	95%	false_fusion
jaffal_results_porechopped_sim_dataporechoptrimmed_Adapter_Spiked_Simulated_100GB_nanopore2023_Q95.fastq	172a4972-d78f-f666-d9cb-db88d9341e09	BANF1:ELOVL1	11	LowConfidence	Partial_Recall	positive	100GB	95%	truncated_tri_fusion
jaffal_results_porechopped_sim_dataporechoptrimmed_Adapter_Spiked_Simulated_100GB_nanopore2023_Q95.fastq	2771294f-1007-2661-6cf0-a7311a91f2a0	ENSG00000283684:GSAP	11	LowConfidence	False_Call	positive	100GB	95%	false_fusion
jaffal_results_porechopped_sim_dataporechoptrimmed_Adapter_Spiked_Simulated_100GB_nanopore2023_Q95.fastq	192bc705-8177-55dc-0546-068af3976cf0	RYR3:ENSG00000276702	10	LowConfidence	True_Recall	positive	100GB	95%	read_through
jaffal_results_porechopped_sim_dataporechoptrimmed_Adapter_Spiked_Simulated_100GB_nanopore2023_Q90.fastq	556e102e-5aeb-0a8a-0b4b-cbadde37ff3a	RYR3:ENSG00000276702	10	LowConfidence	True_Recall	positive	100GB	90%	read_through
jaffal_results_porechopped_sim_dataporechoptrimmed_Adapter_Spiked_Simulated_100GB_nanopore2023_Q85.fastq	b18496e5-2d61-42dc-c665-7474de8a3f3f	PTGS1:ENSG00000233616	10	LowConfidence	True_Recall	positive	100GB	85%	read_through
jaffal_results_porechopped_sim_dataporechoptrimmed_Adapter_Spiked_Simulated_100GB_nanopore2023_Q95.fastq	16ebcd98-2ade-ee44-97b6-d214d7c0d698	ENSG00000285130:FXN	10	LowConfidence	False_Call	positive	100GB	95%	false_fusion
jaffal_results_porechopped_sim_dataporechoptrimmed_Adapter_Spiked_Simulated_10GB_nanopore2023_Q95.fastq	28b077bb-084b-982d-e8fc-e57cfa82fa26	TLE4:ENSG00000228714	10	LowConfidence	True_Recall	positive	10GB	95%	intra_chromosome
jaffal_results_porechopped_sim_dataporechoptrimmed_Adapter_Spiked_Simulated_100GB_nanopore2023_Q85.fastq	0c603809-40d7-233b-ca3b-0ca8624ae96b	STX12:CSRP1	10	LowConfidence	True_Recall	positive	100GB	85%	intra_chromosome
jaffal_results_porechopped_sim_dataporechoptrimmed_Adapter_Spiked_Simulated_100GB_nanopore2023_Q85.fastq	702efd12-2a91-f87d-993f-955cf72b8263	RNF214:JMJD4	10	LowConfidence	True_Recall	positive	100GB	85%	hybrid
jaffal_results_porechopped_sim_dataporechoptrimmed_Adapter_Spiked_Simulated_100GB_nanopore2023_Q90.fastq	90477c38-a35d-ed36-eabe-d1daf5f5bcfa	ATP7B:OR4P4	10	LowConfidence	False_Call	positive	100GB	90%	false_fusion
jaffal_results_porechopped_sim_dataporechoptrimmed_Adapter_Spiked_Simulated_100GB_nanopore2023_Q90.fastq	70366c70-a691-757c-de18-47202f4b83ce	SH2D7:ENSG00000225092	10	LowConfidence	Partial_Recall	positive	100GB	90%	truncated_tri_fusion
jaffal_results_porechopped_sim_dataporechoptrimmed_Adapter_Spiked_Simulated_100GB_nanopore2023_Q95.fastq	1ef122b8-ddd2-67fd-3c23-1e5f48fa17ad	ENSG00000278595:ENSG00000226994	10	LowConfidence	True_Recall	positive	100GB	95%	hybrid
jaffal_results_porechopped_sim_dataporechoptrimmed_Adapter_Spiked_Simulated_100GB_nanopore2023_Q95.fastq	199b3e8a-1044-4f7d-4c6d-77faaa22af92	CPNE1:ENSG00000283103	10	LowConfidence	Partial_Recall	positive	100GB	95%	truncated_tri_fusion
jaffal_results_porechopped_sim_dataporechoptrimmed_Adapter_Spiked_Simulated_100GB_nanopore2023_Q95.fastq	15d49b68-1efc-0361-5880-096a78d511e1	LPO:MPO	9	LowConfidence	True_Recall	positive	100GB	95%	read_through
jaffal_results_porechopped_sim_dataporechoptrimmed_Adapter_Spiked_Simulated_100GB_nanopore2023_Q95.fastq	0e922ed2-dd34-91dc-eb66-58ab68c437be	NCOA4:ENSG00000289092	9	LowConfidence	True_Recall	positive	100GB	95%	read_through
jaffal_results_porechopped_sim_dataporechoptrimmed_Adapter_Spiked_Simulated_100GB_nanopore2023_Q90.fastq	19a76c9b-7261-e8c6-1367-bb269db789d5	CCNK:CCDC85C	9	LowConfidence	True_Recall	positive	100GB	90%	read_through
jaffal_results_porechopped_sim_dataporechoptrimmed_Adapter_Spiked_Simulated_100GB_nanopore2023_Q95.fastq	2ed4d658-e86c-8393-2fa0-a7579dfab65c	EXD1:LINC02256	9	LowConfidence	True_Recall	positive	100GB	95%	intra_chromosome
jaffal_results_porechopped_sim_dataporechoptrimmed_Adapter_Spiked_Simulated_100GB_nanopore2023_Q85.fastq	5a4e3835-f368-c720-9630-368f2563ff5e	THBS3:CTBS	9	LowConfidence	False_Call	positive	100GB	85%	false_fusion
jaffal_results_porechopped_sim_dataporechoptrimmed_Adapter_Spiked_Simulated_100GB_nanopore2023_Q90.fastq	21d60faf-6ebe-0ad8-8a5c-c5e924721732	HMOX2:HSDL1	9	LowConfidence	True_Recall	positive	100GB	90%	intra_chromosome
jaffal_results_porechopped_sim_dataporechoptrimmed_Adapter_Spiked_Simulated_100GB_nanopore2023_Q85.fastq	0031f745-38f8-48c8-997b-c1b7d1d8d44a	ZAR1L:PCBD2	9	LowConfidence	False_Call	positive	100GB	85%	false_fusion
jaffal_results_porechopped_sim_dataporechoptrimmed_Adapter_Spiked_Simulated_100GB_nanopore2023_Q85.fastq	1fb8ef0d-db44-b99b-5312-c51aae2a177d	ABHD14A-ACY1:ENSG00000260995	9	LowConfidence	Partial_Recall	positive	100GB	85%	truncated_tri_fusion
jaffal_results_porechopped_sim_dataporechoptrimmed_Adapter_Spiked_Simulated_100GB_nanopore2023_Q85.fastq	3500f9e9-8ca1-8fef-b487-0d27d0a71981	ENSG00000258177:SIRT5	9	LowConfidence	Partial_Recall	positive	100GB	85%	truncated_tri_fusion
jaffal_results_porechopped_sim_dataporechoptrimmed_Adapter_Spiked_Simulated_100GB_nanopore2023_Q90.fastq	564e45a1-ded7-23ae-d509-a1543105fa2e	RAP1GDS1:SLC29A3	9	LowConfidence	Partial_Recall	positive	100GB	90%	truncated_tri_fusion
jaffal_results_porechopped_sim_dataporechoptrimmed_Adapter_Spiked_Simulated_100GB_nanopore2023_Q95.fastq	08df2204-4a69-8bba-2dd1-e5b4816aae8d	RNASEH2C:LNX1	9	LowConfidence	False_Call	positive	100GB	95%	false_fusion
jaffal_results_porechopped_sim_dataporechoptrimmed_Adapter_Spiked_Simulated_100GB_nanopore2023_Q95.fastq	11d8d083-9ecc-defe-b6f4-860c06ee7997	MTSS1:MAPK10	9	LowConfidence	True_Recall	positive	100GB	95%	hybrid
jaffal_results_porechopped_sim_dataporechoptrimmed_Adapter_Spiked_Simulated_100GB_nanopore2023_Q95.fastq	134fb7d7-94a6-0f4e-9815-3d9737220635	ACD:UGT1A4	9	LowConfidence	False_Call	positive	100GB	95%	false_fusion
jaffal_results_porechopped_sim_dataporechoptrimmed_Adapter_Spiked_Simulated_100GB_nanopore2023_Q95.fastq	44666486-b32e-86ee-c021-dc078cc628dd	OR4P4:ATP7B	9	LowConfidence	False_Call	positive	100GB	95%	false_fusion
jaffal_results_porechopped_sim_dataporechoptrimmed_Adapter_Spiked_Simulated_100GB_nanopore2023_Q95.fastq	0ad6ed07-06b7-2fb8-5c7b-42a1007d781d	SGSH:NLRC5	9	LowConfidence	Partial_Recall	positive	100GB	95%	truncated_tri_fusion
jaffal_results_porechopped_sim_dataporechoptrimmed_Adapter_Spiked_Simulated_100GB_nanopore2023_Q95.fastq	83d09146-9532-60e4-3ad4-b95818afc2b6	DCXR-DT:RFNG	8	LowConfidence	True_Recall	positive	100GB	95%	read_through
jaffal_results_porechopped_sim_dataporechoptrimmed_Adapter_Spiked_Simulated_100GB_nanopore2023_Q85.fastq	b8170dac-52ad-764e-fe7f-dd8a0e254640	CCNK:CCDC85C	8	LowConfidence	True_Recall	positive	100GB	85%	read_through
jaffal_results_porechopped_sim_dataporechoptrimmed_Adapter_Spiked_Simulated_10GB_nanopore2023_Q95.fastq	0a353191-b743-ba9e-532e-1c3e5311a440	UPK1B:B4GALT4	8	LowConfidence	True_Recall	positive	10GB	95%	read_through
jaffal_results_porechopped_sim_dataporechoptrimmed_Adapter_Spiked_Simulated_10GB_nanopore2023_Q95.fastq	0f15579c-bd9d-07ba-8a73-0477c038983c	LINC01227:KRBOX5	8	LowConfidence	True_Recall	positive	10GB	95%	intra_chromosome
jaffal_results_porechopped_sim_dataporechoptrimmed_Adapter_Spiked_Simulated_100GB_nanopore2023_Q95.fastq	006db1db-a031-dc72-3807-67a6ea10c0c2	ASMT:HUWE1	8	LowConfidence	True_Recall	positive	100GB	95%	intra_chromosome
jaffal_results_porechopped_sim_dataporechoptrimmed_Adapter_Spiked_Simulated_100GB_nanopore2023_Q85.fastq	0b91c14c-e222-65c9-3892-d678f8bf6954	PSMD5:EBLN3P	8	LowConfidence	True_Recall	positive	100GB	85%	intra_chromosome
jaffal_results_porechopped_sim_dataporechoptrimmed_Adapter_Spiked_Simulated_100GB_nanopore2023_Q85.fastq	27105132-16ab-084d-0e93-00810c78f12f	ENSG00000289039:CREM	8	LowConfidence	True_Recall	positive	100GB	85%	intra_chromosome
jaffal_results_porechopped_sim_dataporechoptrimmed_Adapter_Spiked_Simulated_100GB_nanopore2023_Q85.fastq	8530ee1f-7c05-f8b8-0bde-64d3af4512c2	RNASEH2C:LNX1	8	LowConfidence	False_Call	positive	100GB	85%	false_fusion
jaffal_results_porechopped_sim_dataporechoptrimmed_Adapter_Spiked_Simulated_100GB_nanopore2023_Q85.fastq	24cb54a0-9500-0b37-7378-2a800c6e3fd5	TBCE:ZNF627	8	LowConfidence	Partial_Recall	positive	100GB	85%	truncated_tri_fusion
jaffal_results_porechopped_sim_dataporechoptrimmed_Adapter_Spiked_Simulated_100GB_nanopore2023_Q85.fastq	38fe40e2-d536-4ffa-7a58-ea6a044b0052	ENSG00000291210:RECQL4	8	LowConfidence	False_Call	positive	100GB	85%	false_fusion
jaffal_results_porechopped_sim_dataporechoptrimmed_Adapter_Spiked_Simulated_100GB_nanopore2023_Q85.fastq	6ba54413-5d54-0a19-fa6e-fc194041bcdf	MAST1:ZNF691	8	LowConfidence	True_Recall	positive	100GB	85%	hybrid
jaffal_results_porechopped_sim_dataporechoptrimmed_Adapter_Spiked_Simulated_100GB_nanopore2023_Q90.fastq	39407632-7ac3-c2cb-038e-78233fc988a8	NPAS3:CCDC158	8	LowConfidence	False_Call	positive	100GB	90%	false_fusion
jaffal_results_porechopped_sim_dataporechoptrimmed_Adapter_Spiked_Simulated_100GB_nanopore2023_Q90.fastq	0b9ccf78-e25a-a655-3088-52bd0b0db691	FRAS1:ZNF670	8	LowConfidence	False_Call	positive	100GB	90%	false_fusion
jaffal_results_porechopped_sim_dataporechoptrimmed_Adapter_Spiked_Simulated_100GB_nanopore2023_Q90.fastq	0ba4f7f2-56b8-1588-d3c0-72908f15ed2b	ENSG00000236951:VAMP7	8	LowConfidence	False_Call	positive	100GB	90%	false_fusion
jaffal_results_porechopped_sim_dataporechoptrimmed_Adapter_Spiked_Simulated_100GB_nanopore2023_Q90.fastq	16c42104-0c35-e631-87fa-5ec683287887	OR4P4:ATP7B	8	LowConfidence	False_Call	positive	100GB	90%	false_fusion
jaffal_results_porechopped_sim_dataporechoptrimmed_Adapter_Spiked_Simulated_100GB_nanopore2023_Q90.fastq	400c18e4-c4ed-c907-6bc2-f36757c2b003	CPA4:BAP1	8	LowConfidence	Partial_Recall	positive	100GB	90%	truncated_tri_fusion
jaffal_results_porechopped_sim_dataporechoptrimmed_Adapter_Spiked_Simulated_100GB_nanopore2023_Q90.fastq	a1d45c43-5bd4-0081-9527-f27ad16a1cb4	CCDC158:NPAS3	8	LowConfidence	False_Call	positive	100GB	90%	false_fusion
jaffal_results_porechopped_sim_dataporechoptrimmed_Adapter_Spiked_Simulated_100GB_nanopore2023_Q90.fastq	87cc479c-da2a-e764-ea89-7eed0f8c7798	ENSG00000288769:TPD52L1	8	LowConfidence	True_Recall	positive	100GB	90%	hybrid
jaffal_results_porechopped_sim_dataporechoptrimmed_Adapter_Spiked_Simulated_100GB_nanopore2023_Q95.fastq	01e7b329-5665-fef7-b3c2-b08906c538f4	ADAM17:WDR53	8	LowConfidence	Partial_Recall	positive	100GB	95%	truncated_tri_fusion
jaffal_results_porechopped_sim_dataporechoptrimmed_Adapter_Spiked_Simulated_100GB_nanopore2023_Q95.fastq	02063164-d2e6-03a8-2ec3-10f5f36b6492	BTK:GOLGA8F	8	LowConfidence	False_Call	positive	100GB	95%	false_fusion
jaffal_results_porechopped_sim_dataporechoptrimmed_Adapter_Spiked_Simulated_100GB_nanopore2023_Q95.fastq	3bfee2bf-9ed1-811b-6237-849397a072b9	ALDH1A2-AS1:C5orf60	8	LowConfidence	True_Recall	positive	100GB	95%	hybrid
jaffal_results_porechopped_sim_dataporechoptrimmed_Adapter_Spiked_Simulated_100GB_nanopore2023_Q90.fastq	81241e6e-96ef-3982-9e4c-e657f0223dbd	ZNF559:UHRF1	7	LowConfidence	True_Recall	positive	100GB	90%	intra_chromosome
jaffal_results_porechopped_sim_dataporechoptrimmed_Adapter_Spiked_Simulated_100GB_nanopore2023_Q85.fastq	671456fc-e008-7196-ff23-1a92feac7f26	EXD1:LINC02256	7	LowConfidence	True_Recall	positive	100GB	85%	intra_chromosome
jaffal_results_porechopped_sim_dataporechoptrimmed_Adapter_Spiked_Simulated_100GB_nanopore2023_Q85.fastq	07d094f7-ef4b-2375-0a93-b1c86a9c718f	LINC01141:USP44	7	LowConfidence	Partial_Recall	positive	100GB	85%	truncated_tri_fusion
jaffal_results_porechopped_sim_dataporechoptrimmed_Adapter_Spiked_Simulated_100GB_nanopore2023_Q85.fastq	1c56215b-9524-6812-7125-8beccff15758	RPS19:CPNE1	7	LowConfidence	Partial_Recall	positive	100GB	85%	truncated_tri_fusion
jaffal_results_porechopped_sim_dataporechoptrimmed_Adapter_Spiked_Simulated_100GB_nanopore2023_Q85.fastq	1dd43abd-74b4-d614-1308-be392b4ee6b4	SNX6:CPNE1	7	LowConfidence	False_Call	positive	100GB	85%	false_fusion
jaffal_results_porechopped_sim_dataporechoptrimmed_Adapter_Spiked_Simulated_100GB_nanopore2023_Q85.fastq	048720dc-bde5-4549-5f87-c83b32d8b4b6	SLC19A1:MAPK10	7	LowConfidence	Partial_Recall	positive	100GB	85%	truncated_tri_fusion
jaffal_results_porechopped_sim_dataporechoptrimmed_Adapter_Spiked_Simulated_100GB_nanopore2023_Q85.fastq	b020e814-048d-884a-5d43-27e8e70bf20a	TTLL5:ZNF646	7	LowConfidence	False_Call	positive	100GB	85%	false_fusion
jaffal_results_porechopped_sim_dataporechoptrimmed_Adapter_Spiked_Simulated_100GB_nanopore2023_Q85.fastq	d31714b2-3bdd-3e3b-62f3-8fc3a0df5d74	SLC28A2:USP2	7	LowConfidence	Partial_Recall	positive	100GB	85%	truncated_tri_fusion
jaffal_results_porechopped_sim_dataporechoptrimmed_Adapter_Spiked_Simulated_100GB_nanopore2023_Q85.fastq	74b4d7af-c4b9-877e-d0aa-77e2cc5647ae	TMUB2:ENSG00000255872	7	LowConfidence	False_Call	positive	100GB	85%	false_fusion
jaffal_results_porechopped_sim_dataporechoptrimmed_Adapter_Spiked_Simulated_100GB_nanopore2023_Q90.fastq	22ce24c9-48ba-d60d-8252-cfce595bf31c	SNHG6:CDK5RAP3	7	LowConfidence	Partial_Recall	positive	100GB	90%	truncated_tri_fusion
jaffal_results_porechopped_sim_dataporechoptrimmed_Adapter_Spiked_Simulated_100GB_nanopore2023_Q90.fastq	25f60e20-a78c-49da-97d8-042e12dfd303	ZSWIM4:CBFA2T2	7	LowConfidence	Partial_Recall	positive	100GB	90%	truncated_tri_fusion
jaffal_results_porechopped_sim_dataporechoptrimmed_Adapter_Spiked_Simulated_100GB_nanopore2023_Q90.fastq	4771efa0-37e4-9513-0e57-1feed8aa6113	HEATR6:MYO6	7	LowConfidence	Partial_Recall	positive	100GB	90%	truncated_tri_fusion
jaffal_results_porechopped_sim_dataporechoptrimmed_Adapter_Spiked_Simulated_100GB_nanopore2023_Q90.fastq	12e90ab6-afa9-46d8-aa52-87475257285c	ERC1:AP1G1	7	LowConfidence	Partial_Recall	positive	100GB	90%	truncated_tri_fusion
jaffal_results_porechopped_sim_dataporechoptrimmed_Adapter_Spiked_Simulated_100GB_nanopore2023_Q90.fastq	00a2bb68-04f4-2da0-0707-a7db7994d2aa	WIF1:SSR4	7	LowConfidence	True_Recall	positive	100GB	90%	hybrid
jaffal_results_porechopped_sim_dataporechoptrimmed_Adapter_Spiked_Simulated_100GB_nanopore2023_Q90.fastq	56a3cd7a-81f4-621a-aa95-77bb2a7befdd	ALDH1A2-AS1:C5orf60	7	LowConfidence	True_Recall	positive	100GB	90%	hybrid
jaffal_results_porechopped_sim_dataporechoptrimmed_Adapter_Spiked_Simulated_10GB_nanopore2023_Q90.fastq	3c16a040-47c5-89e6-c819-9f700a742756	JADE1:LINC00205	7	LowConfidence	True_Recall	positive	10GB	90%	hybrid
jaffal_results_porechopped_sim_dataporechoptrimmed_Adapter_Spiked_Simulated_100GB_nanopore2023_Q95.fastq	2a015069-2cc9-223b-ad9e-3057c36ec430	SNHG6:CDK5RAP3	7	LowConfidence	Partial_Recall	positive	100GB	95%	truncated_tri_fusion
jaffal_results_porechopped_sim_dataporechoptrimmed_Adapter_Spiked_Simulated_10GB_nanopore2023_Q95.fastq	175f896c-9c6f-7b17-0134-d50d3fab3105	PAPLN:HULC	7	LowConfidence	False_Call	positive	10GB	95%	false_fusion
jaffal_results_porechopped_sim_dataporechoptrimmed_Adapter_Spiked_Simulated_10GB_nanopore2023_Q95.fastq	26125c45-80ab-29ce-7b94-5f85eb6cbd19	LDLRAD4:NUTF2	7	LowConfidence	Partial_Recall	positive	10GB	95%	truncated_tri_fusion
jaffal_results_porechopped_sim_dataporechoptrimmed_Adapter_Spiked_Simulated_10GB_nanopore2023_Q95.fastq	383dbd9f-84e2-8301-3aa3-d809ec958dd5	ALS2:RMND5B	7	LowConfidence	Partial_Recall	positive	10GB	95%	truncated_tri_fusion
jaffal_results_porechopped_sim_dataporechoptrimmed_Adapter_Spiked_Simulated_10GB_nanopore2023_Q95.fastq	98451e0e-cfc6-6074-5602-e128736f4222	PORCN:OR2F2	7	LowConfidence	Partial_Recall	positive	10GB	95%	truncated_tri_fusion
jaffal_results_porechopped_sim_dataporechoptrimmed_Adapter_Spiked_Simulated_10GB_nanopore2023_Q90.fastq	3b243390-ff93-2ff6-853d-f631320236ee	LPO:MPO	6	LowConfidence	True_Recall	positive	10GB	90%	read_through
jaffal_results_porechopped_sim_dataporechoptrimmed_Adapter_Spiked_Simulated_100GB_nanopore2023_Q95.fastq	094f36a9-a440-de46-7659-8973ba50af34	LYST:RNU6-968P	6	LowConfidence	True_Recall	positive	100GB	95%	read_through
jaffal_results_porechopped_sim_dataporechoptrimmed_Adapter_Spiked_Simulated_10GB_nanopore2023_Q90.fastq	ac0d7e7f-3c17-1d9c-9ac3-5d2657df7317	C12orf75:ENSG00000286520	6	LowConfidence	True_Recall	positive	10GB	90%	read_through
jaffal_results_porechopped_sim_dataporechoptrimmed_Adapter_Spiked_Simulated_100GB_nanopore2023_Q95.fastq	849ca785-47ec-ce2a-4127-ae8e170e3736	OR4P4:STX3	6	LowConfidence	False_Call	positive	100GB	95%	false_fusion
jaffal_results_porechopped_sim_dataporechoptrimmed_Adapter_Spiked_Simulated_10GB_nanopore2023_Q85.fastq	083e62df-8e57-7885-8005-dccdcab7ce20	SLC17A5:RPL7L1	6	LowConfidence	True_Recall	positive	10GB	85%	intra_chromosome
jaffal_results_porechopped_sim_dataporechoptrimmed_Adapter_Spiked_Simulated_10GB_nanopore2023_Q90.fastq	1af29560-b84d-c768-ebf0-c3701ebf32b9	FAM110A:LINC01524	6	LowConfidence	True_Recall	positive	10GB	90%	intra_chromosome
jaffal_results_porechopped_sim_dataporechoptrimmed_Adapter_Spiked_Simulated_10GB_nanopore2023_Q95.fastq	d2552970-e712-f3dc-d33f-f4266e0fd841	ENSG00000289039:CREM	6	LowConfidence	True_Recall	positive	10GB	95%	intra_chromosome
jaffal_results_porechopped_sim_dataporechoptrimmed_Adapter_Spiked_Simulated_100GB_nanopore2023_Q95.fastq	07dcd845-edc4-2fe6-579d-d3ef7d4b313c	NAA25:PEX5	6	LowConfidence	True_Recall	positive	100GB	95%	intra_chromosome
jaffal_results_porechopped_sim_dataporechoptrimmed_Adapter_Spiked_Simulated_10GB_nanopore2023_Q90.fastq	2f9dfb5d-7ca5-7f61-ed7f-d047b29f3ea0	AFDN:BRPF3	6	LowConfidence	Partial_Recall	positive	10GB	90%	truncated_tri_fusion
jaffal_results_porechopped_sim_dataporechoptrimmed_Adapter_Spiked_Simulated_100GB_nanopore2023_Q85.fastq	13cb14ba-3fc3-739c-f891-46ba49d18ba0	HULC:PAPLN	6	LowConfidence	False_Call	positive	100GB	85%	false_fusion
jaffal_results_porechopped_sim_dataporechoptrimmed_Adapter_Spiked_Simulated_100GB_nanopore2023_Q85.fastq	3aeb264e-23c4-5026-ffbe-a8056d994cc1	CPNE1:ENSG00000283103	6	LowConfidence	Partial_Recall	positive	100GB	85%	truncated_tri_fusion
jaffal_results_porechopped_sim_dataporechoptrimmed_Adapter_Spiked_Simulated_100GB_nanopore2023_Q85.fastq	075bc6ab-59d7-1a91-da67-e59bffb1abc5	IQCJ-SCHIP1:MIR100HG	6	LowConfidence	False_Call	positive	100GB	85%	false_fusion
jaffal_results_porechopped_sim_dataporechoptrimmed_Adapter_Spiked_Simulated_100GB_nanopore2023_Q90.fastq	8d9838e6-ca34-8ef4-2ba0-305b103e381a	PRKAR2A:USP9Y	6	LowConfidence	True_Recall	positive	100GB	90%	hybrid
jaffal_results_porechopped_sim_dataporechoptrimmed_Adapter_Spiked_Simulated_100GB_nanopore2023_Q90.fastq	41063392-7fde-adc9-f5d5-81325077e91d	BTK:GOLGA8G	6	LowConfidence	Partial_Recall	positive	100GB	90%	truncated_tri_fusion
jaffal_results_porechopped_sim_dataporechoptrimmed_Adapter_Spiked_Simulated_100GB_nanopore2023_Q90.fastq	10c1f794-5010-d868-2084-3e53c8c4e4d1	ENSG00000235059:VAMP7	6	LowConfidence	Partial_Recall	positive	100GB	90%	chromosomal_misalignment:intra_chromosome
jaffal_results_porechopped_sim_dataporechoptrimmed_Adapter_Spiked_Simulated_100GB_nanopore2023_Q90.fastq	0922cc67-1c16-1c8e-eaa4-006f850ba985	CPNE1:ENSG00000283103	6	LowConfidence	Partial_Recall	positive	100GB	90%	truncated_tri_fusion
jaffal_results_porechopped_sim_dataporechoptrimmed_Adapter_Spiked_Simulated_100GB_nanopore2023_Q90.fastq	052f1169-e9c9-0c81-49c7-a29129c9c1bf	ENSG00000281920:ASPH	6	LowConfidence	Partial_Recall	positive	100GB	90%	truncated_tri_fusion
jaffal_results_porechopped_sim_dataporechoptrimmed_Adapter_Spiked_Simulated_10GB_nanopore2023_Q90.fastq	26ff022e-0189-4fa2-f906-6c84ea75fb2c	THSD4:ALS2	6	LowConfidence	Partial_Recall	positive	10GB	90%	truncated_tri_fusion
jaffal_results_porechopped_sim_dataporechoptrimmed_Adapter_Spiked_Simulated_10GB_nanopore2023_Q90.fastq	09df7848-190c-cfa1-c7a7-94eb554ac24c	IL12RB2:KRBA2	6	LowConfidence	Partial_Recall	positive	10GB	90%	truncated_tri_fusion
jaffal_results_porechopped_sim_dataporechoptrimmed_Adapter_Spiked_Simulated_10GB_nanopore2023_Q90.fastq	221bc15b-249b-f6c9-691e-d7a10e0c046e	G3BP1:ERC1	6	LowConfidence	Partial_Recall	positive	10GB	90%	truncated_tri_fusion
jaffal_results_porechopped_sim_dataporechoptrimmed_Adapter_Spiked_Simulated_100GB_nanopore2023_Q95.fastq	48ed422f-b43c-1980-c632-d797482952bf	UGT1A4:ACD	6	LowConfidence	False_Call	positive	100GB	95%	false_fusion
jaffal_results_porechopped_sim_dataporechoptrimmed_Adapter_Spiked_Simulated_100GB_nanopore2023_Q95.fastq	7f9868eb-696a-ec71-c2e0-a5f1c56a595a	CCDC158:NPAS3	6	LowConfidence	False_Call	positive	100GB	95%	false_fusion
jaffal_results_porechopped_sim_dataporechoptrimmed_Adapter_Spiked_Simulated_100GB_nanopore2023_Q95.fastq	1b63e4a8-3ca6-0d8b-f0ed-a1b4bbdc9107	ENSG00000260983:TRMT112	6	LowConfidence	False_Call	positive	100GB	95%	false_fusion
jaffal_results_porechopped_sim_dataporechoptrimmed_Adapter_Spiked_Simulated_10GB_nanopore2023_Q95.fastq	11ad8565-2eb6-440a-ee25-345028b19802	ENSG00000258177:SIRT5	6	LowConfidence	Partial_Recall	positive	10GB	95%	truncated_tri_fusion
jaffal_results_porechopped_sim_dataporechoptrimmed_Adapter_Spiked_Simulated_10GB_nanopore2023_Q95.fastq	234aa5e8-3ea2-4b85-2b2c-ff8e6ae5acfb	ANKRD28:ORC6	6	LowConfidence	Partial_Recall	positive	10GB	95%	truncated_tri_fusion
jaffal_results_porechopped_sim_dataporechoptrimmed_Adapter_Spiked_Simulated_10GB_nanopore2023_Q95.fastq	9ce888cc-7ae7-3439-5546-f3f1071d722c	RNF214:JMJD4	6	LowConfidence	True_Recall	positive	10GB	95%	hybrid
jaffal_results_porechopped_sim_dataporechoptrimmed_Adapter_Spiked_Simulated_10GB_nanopore2023_Q95.fastq	8eb52548-abe0-3d71-d312-ceefd99f9b61	FXN:ENSG00000285130	5	LowConfidence	False_Call	positive	10GB	95%	false_fusion
jaffal_results_porechopped_sim_dataporechoptrimmed_Adapter_Spiked_Simulated_100GB_nanopore2023_Q95.fastq	020a150d-038e-14ff-b0b3-bb92d17ca147	ENSG00000189229:GRM7-AS3	5	LowConfidence	False_Call	positive	100GB	95%	false_fusion
jaffal_results_porechopped_sim_dataporechoptrimmed_Adapter_Spiked_Simulated_10GB_nanopore2023_Q90.fastq	6dd293b8-d784-9c5f-cb13-344f8532efe1	DENND3:SLC45A4	5	LowConfidence	True_Recall	positive	10GB	90%	read_through
jaffal_results_porechopped_sim_dataporechoptrimmed_Adapter_Spiked_Simulated_100GB_nanopore2023_Q85.fastq	a32754bc-fcdc-4145-4b66-a32c9f353a98	OR4P4:STX3	5	LowConfidence	False_Call	positive	100GB	85%	false_fusion
jaffal_results_porechopped_sim_dataporechoptrimmed_Adapter_Spiked_Simulated_10GB_nanopore2023_Q95.fastq	19ec8eb3-f7a9-9aa0-25fd-f11c362adaec	LNPK:KIF5C	5	LowConfidence	True_Recall	positive	10GB	95%	hybrid
jaffal_results_porechopped_sim_dataporechoptrimmed_Adapter_Spiked_Simulated_10GB_nanopore2023_Q90.fastq	ce4df20e-8e64-6b7c-8bc1-0f8aa552a39b	PLCB1:PIGT	5	LowConfidence	True_Recall	positive	10GB	90%	intra_chromosome
jaffal_results_porechopped_sim_dataporechoptrimmed_Adapter_Spiked_Simulated_10GB_nanopore2023_Q95.fastq	9de5d52a-8585-b56b-2e4b-e08e5819cb92	CELF2:ERCC6	5	LowConfidence	True_Recall	positive	10GB	95%	intra_chromosome
jaffal_results_porechopped_sim_dataporechoptrimmed_Adapter_Spiked_Simulated_100GB_nanopore2023_Q85.fastq	e9dffecb-31a6-0c2b-a6c7-3348cbcc15b1	CHRNA6:TMEM67	5	LowConfidence	True_Recall	positive	100GB	85%	intra_chromosome
jaffal_results_porechopped_sim_dataporechoptrimmed_Adapter_Spiked_Simulated_10GB_nanopore2023_Q95.fastq	335d8105-3ecd-af3a-a258-382e590ee64a	HMOX2:HSDL1	5	LowConfidence	True_Recall	positive	10GB	95%	intra_chromosome
jaffal_results_porechopped_sim_dataporechoptrimmed_Adapter_Spiked_Simulated_10GB_nanopore2023_Q95.fastq	81da1337-4803-eddf-59fc-cef24f18173d	ENSG00000227083:KDM5C-IT1	5	LowConfidence	True_Recall	positive	10GB	95%	intra_chromosome
jaffal_results_porechopped_sim_dataporechoptrimmed_Adapter_Spiked_Simulated_100GB_nanopore2023_Q85.fastq	12443736-0b63-1d7a-e44c-0731e0641978	SNHG6:CDK5RAP3	5	LowConfidence	Partial_Recall	positive	100GB	85%	truncated_tri_fusion
jaffal_results_porechopped_sim_dataporechoptrimmed_Adapter_Spiked_Simulated_100GB_nanopore2023_Q85.fastq	43a3afbc-a2b6-c4ae-ad9c-32023498110f	ANKRD28:ORC6	5	LowConfidence	Partial_Recall	positive	100GB	85%	truncated_tri_fusion
jaffal_results_porechopped_sim_dataporechoptrimmed_Adapter_Spiked_Simulated_100GB_nanopore2023_Q85.fastq	3eb677f6-3406-7854-1fff-2ac2b4bbba6d	ATP7B:OR4P4	5	LowConfidence	False_Call	positive	100GB	85%	false_fusion
jaffal_results_porechopped_sim_dataporechoptrimmed_Adapter_Spiked_Simulated_100GB_nanopore2023_Q85.fastq	564d729f-45f5-d04b-c196-d496c3121268	ZRANB3:ERC1	5	LowConfidence	False_Call	positive	100GB	85%	false_fusion
jaffal_results_porechopped_sim_dataporechoptrimmed_Adapter_Spiked_Simulated_100GB_nanopore2023_Q85.fastq	90b70b0f-618b-4f32-be30-37569557a344	KCTD19:SKIC3	5	LowConfidence	Partial_Recall	positive	100GB	85%	truncated_tri_fusion
jaffal_results_porechopped_sim_dataporechoptrimmed_Adapter_Spiked_Simulated_100GB_nanopore2023_Q90.fastq	00e1bf21-5206-b3c3-58a4-098c6de75ec7	KAT7:NEFL	5	LowConfidence	Partial_Recall	positive	100GB	90%	truncated_tri_fusion
jaffal_results_porechopped_sim_dataporechoptrimmed_Adapter_Spiked_Simulated_100GB_nanopore2023_Q90.fastq	0d18f8df-dd25-eb0a-b4f4-9ab0cf85d473	TRIM55:NEDD4L	5	LowConfidence	Partial_Recall	positive	100GB	90%	truncated_tri_fusion
jaffal_results_porechopped_sim_dataporechoptrimmed_Adapter_Spiked_Simulated_10GB_nanopore2023_Q90.fastq	15069e61-4e67-01ab-c808-f03c2451ee3f	CUL2:DDHD2	5	LowConfidence	True_Recall	positive	10GB	90%	hybrid
jaffal_results_porechopped_sim_dataporechoptrimmed_Adapter_Spiked_Simulated_10GB_nanopore2023_Q90.fastq	45dd2b5f-2fd5-96d2-dc12-93cb6f659b39	FRAS1:NCALD	5	LowConfidence	Partial_Recall	positive	10GB	90%	truncated_tri_fusion
jaffal_results_porechopped_sim_dataporechoptrimmed_Adapter_Spiked_Simulated_10GB_nanopore2023_Q90.fastq	c0ac3d98-57e2-c66f-85e0-d46ce7dcba63	FKTN:XPO1	5	LowConfidence	True_Recall	positive	10GB	90%	hybrid
jaffal_results_porechopped_sim_dataporechoptrimmed_Adapter_Spiked_Simulated_100GB_nanopore2023_Q95.fastq	6bc07b7e-c1e5-bb1f-1104-d38c206f6072	ZNF670:FRAS1	5	LowConfidence	False_Call	positive	100GB	95%	false_fusion
jaffal_results_porechopped_sim_dataporechoptrimmed_Adapter_Spiked_Simulated_100GB_nanopore2023_Q95.fastq	c244b39a-8293-1cbc-01ef-ea2179c51acd	CABYR:GLIS2-AS1	5	LowConfidence	Partial_Recall	positive	100GB	95%	truncated_tri_fusion
jaffal_results_porechopped_sim_dataporechoptrimmed_Adapter_Spiked_Simulated_100GB_nanopore2023_Q95.fastq	9f7e6fc8-f47c-b562-5d59-0a2fb19d5676	MAPK8IP1:FLVCR2	5	LowConfidence	Partial_Recall	positive	100GB	95%	truncated_tri_fusion
jaffal_results_porechopped_sim_dataporechoptrimmed_Adapter_Spiked_Simulated_10GB_nanopore2023_Q95.fastq	588ce3d6-7444-626b-1854-e7e46fec37ca	ENSG00000254979:ZSCAN32	5	LowConfidence	Partial_Recall	positive	10GB	95%	truncated_tri_fusion
jaffal_results_porechopped_sim_dataporechoptrimmed_Adapter_Spiked_Simulated_10GB_nanopore2023_Q95.fastq	a09497d3-b91c-9479-f251-2b3e340dba0f	TBCE:ZNF627	5	LowConfidence	Partial_Recall	positive	10GB	95%	truncated_tri_fusion
jaffal_results_porechopped_sim_dataporechoptrimmed_Adapter_Spiked_Simulated_10GB_nanopore2023_Q95.fastq	5d660a04-4e9a-7ab5-dbb6-60892f71d06f	ENSG00000286799:GLIPR1-AS1	5	LowConfidence	Partial_Recall	positive	10GB	95%	truncated_tri_fusion
jaffal_results_porechopped_sim_dataporechoptrimmed_Adapter_Spiked_Simulated_10GB_nanopore2023_Q95.fastq	3c31403f-ee30-d542-9329-4060bfb8dbdc	TMUB2:SLC4A3	5	LowConfidence	Partial_Recall	positive	10GB	95%	truncated_tri_fusion
jaffal_results_porechopped_sim_dataporechoptrimmed_Adapter_Spiked_Simulated_10GB_nanopore2023_Q95.fastq	42c78bf1-899c-f720-28e4-1c94528104ca	ASPN:RPP40	5	LowConfidence	Partial_Recall	positive	10GB	95%	truncated_tri_fusion
jaffal_results_porechopped_sim_dataporechoptrimmed_Adapter_Spiked_Simulated_10GB_nanopore2023_Q95.fastq	511f1f22-8bbd-a2bb-0ef9-c1a2e5e3784c	USP2:ENSG00000261821	5	LowConfidence	Partial_Recall	positive	10GB	95%	truncated_tri_fusion
jaffal_results_porechopped_sim_dataporechoptrimmed_Adapter_Spiked_Simulated_10GB_nanopore2023_Q95.fastq	5a5897e9-6017-de57-2f81-3331f1e0fad6	MGST3:SRP68	5	LowConfidence	Partial_Recall	positive	10GB	95%	truncated_tri_fusion
jaffal_results_porechopped_sim_dataporechoptrimmed_Adapter_Spiked_Simulated_10GB_nanopore2023_Q95.fastq	08af3b72-b52f-f517-22d8-ed2c2d93ba86	RER1:GMNC	5	LowConfidence	True_Recall	positive	10GB	95%	hybrid
jaffal_results_porechopped_sim_dataporechoptrimmed_Adapter_Spiked_Simulated_10GB_nanopore2023_Q95.fastq	1220dffc-3395-41f2-61f7-eb495812eb7f	JMJD7:MIR9-1HG	5	LowConfidence	Partial_Recall	positive	10GB	95%	truncated_tri_fusion
jaffal_results_porechopped_sim_dataporechoptrimmed_Adapter_Spiked_Simulated_100GB_nanopore2023_Q95.fastq	118fdfa8-5964-be5e-7a70-3fefb85465ea	PKP3:SIGIRR	4	LowConfidence	True_Recall	positive	100GB	95%	read_through
jaffal_results_porechopped_sim_dataporechoptrimmed_Adapter_Spiked_Simulated_10GB_nanopore2023_Q95.fastq	7bb90c82-7916-f6a2-7641-7ad8840a186e	PTGS1:ENSG00000233616	4	LowConfidence	True_Recall	positive	10GB	95%	read_through
jaffal_results_porechopped_sim_dataporechoptrimmed_Adapter_Spiked_Simulated_10GB_nanopore2023_Q95.fastq	2e320294-5cc4-9274-2cca-b1456b4fe13f	PLCZ1:ENSG00000255648	4	LowConfidence	True_Recall	positive	10GB	95%	read_through
jaffal_results_porechopped_sim_dataporechoptrimmed_Adapter_Spiked_Simulated_100GB_nanopore2023_Q90.fastq	db878fe9-117f-7a9f-1ab1-6f9b492c0576	ENSG00000285130:FXN	4	LowConfidence	False_Call	positive	100GB	90%	false_fusion
jaffal_results_porechopped_sim_dataporechoptrimmed_Adapter_Spiked_Simulated_10GB_nanopore2023_Q95.fastq	39c1b25f-9fc3-eda7-1cf1-71e8d8f06886	C12orf75:ENSG00000286520	4	LowConfidence	True_Recall	positive	10GB	95%	read_through
jaffal_results_porechopped_sim_dataporechoptrimmed_Adapter_Spiked_Simulated_100GB_nanopore2023_Q90.fastq	7a0bba5a-6c48-1fe3-2c99-8333af2271d2	EXD1:LINC02256	4	LowConfidence	True_Recall	positive	100GB	90%	intra_chromosome
jaffal_results_porechopped_sim_dataporechoptrimmed_Adapter_Spiked_Simulated_100GB_nanopore2023_Q95.fastq	2ac0a719-75cc-d014-675a-4346560f9ec0	SCN1B:PPP6R1	4	LowConfidence	True_Recall	positive	100GB	95%	intra_chromosome
jaffal_results_porechopped_sim_dataporechoptrimmed_Adapter_Spiked_Simulated_10GB_nanopore2023_Q95.fastq	0f417e98-8eb9-b116-3be8-37cff3a3ce80	NUP155:PIK3R1	4	LowConfidence	True_Recall	positive	10GB	95%	intra_chromosome
jaffal_results_porechopped_sim_dataporechoptrimmed_Adapter_Spiked_Simulated_10GB_nanopore2023_Q85.fastq	8381304b-3102-1051-61cb-83431a58dd07	TLE4:ENSG00000228714	4	LowConfidence	True_Recall	positive	10GB	85%	intra_chromosome
jaffal_results_porechopped_sim_dataporechoptrimmed_Adapter_Spiked_Simulated_10GB_nanopore2023_Q95.fastq	09d461a1-c070-36f4-4ed0-1cbc2d6c19c7	LINC00383:STARD13-AS	4	LowConfidence	True_Recall	positive	10GB	95%	intra_chromosome
jaffal_results_porechopped_sim_dataporechoptrimmed_Adapter_Spiked_Simulated_10GB_nanopore2023_Q85.fastq	87c32c5b-46b0-c6be-c6a3-3f5f1ca1166b	PLCB1:PIGT	4	LowConfidence	True_Recall	positive	10GB	85%	intra_chromosome
jaffal_results_porechopped_sim_dataporechoptrimmed_Adapter_Spiked_Simulated_10GB_nanopore2023_Q95.fastq	70fb67e8-7a4b-5083-8708-ab522e32baa9	PLCB1:PIGT	4	LowConfidence	True_Recall	positive	10GB	95%	intra_chromosome
jaffal_results_porechopped_sim_dataporechoptrimmed_Adapter_Spiked_Simulated_10GB_nanopore2023_Q95.fastq	3950b951-797a-f447-d490-1cbadf7bb9da	PVT1:ENSG00000253503	4	LowConfidence	True_Recall	positive	10GB	95%	intra_chromosome
jaffal_results_porechopped_sim_dataporechoptrimmed_Adapter_Spiked_Simulated_10GB_nanopore2023_Q90.fastq	7491e54c-adf5-4b7e-8898-65640d2a860d	PVT1:ENSG00000253503	4	LowConfidence	True_Recall	positive	10GB	90%	intra_chromosome
jaffal_results_porechopped_sim_dataporechoptrimmed_Adapter_Spiked_Simulated_10GB_nanopore2023_Q95.fastq	3db19919-10d8-1b05-6b15-8cc1b5267cc0	PNPLA8:ENSG00000225612	4	LowConfidence	True_Recall	positive	10GB	95%	intra_chromosome
jaffal_results_porechopped_sim_dataporechoptrimmed_Adapter_Spiked_Simulated_100GB_nanopore2023_Q85.fastq	96f6e9fd-747c-1d39-a73d-f79f81e355eb	PNPLA8:ENSG00000225612	4	LowConfidence	True_Recall	positive	100GB	85%	intra_chromosome
jaffal_results_porechopped_sim_dataporechoptrimmed_Adapter_Spiked_Simulated_10GB_nanopore2023_Q85.fastq	54a25499-8a1d-7d42-bf73-e533109f2387	RPS6KA4:BTG4	4	LowConfidence	Partial_Recall	positive	10GB	85%	truncated_tri_fusion
jaffal_results_porechopped_sim_dataporechoptrimmed_Adapter_Spiked_Simulated_10GB_nanopore2023_Q90.fastq	cf391cd5-d33e-a7fb-17e8-6b35fdc6d847	CHRNA6:TMEM67	4	LowConfidence	True_Recall	positive	10GB	90%	intra_chromosome
jaffal_results_porechopped_sim_dataporechoptrimmed_Adapter_Spiked_Simulated_100GB_nanopore2023_Q85.fastq	456f2497-9bd4-0fac-1c7f-6e995e8ed76a	ASMT:HUWE1	4	LowConfidence	True_Recall	positive	100GB	85%	intra_chromosome
jaffal_results_porechopped_sim_dataporechoptrimmed_Adapter_Spiked_Simulated_100GB_nanopore2023_Q95.fastq	4b1daa1c-5bb2-be2d-3c98-ee7c5876df4f	GPD1:DAO	4	LowConfidence	True_Recall	positive	100GB	95%	intra_chromosome
jaffal_results_porechopped_sim_dataporechoptrimmed_Adapter_Spiked_Simulated_10GB_nanopore2023_Q90.fastq	a3046dd2-c30c-f702-81f3-8d4ff131843b	ZBED8:TMEM167A	4	LowConfidence	True_Recall	positive	10GB	90%	intra_chromosome
jaffal_results_porechopped_sim_dataporechoptrimmed_Adapter_Spiked_Simulated_10GB_nanopore2023_Q95.fastq	b64ec73f-af3d-f49e-d7f9-82b261c26250	ZBED8:TMEM167A	4	LowConfidence	True_Recall	positive	10GB	95%	intra_chromosome
jaffal_results_porechopped_sim_dataporechoptrimmed_Adapter_Spiked_Simulated_10GB_nanopore2023_Q90.fastq	537ebcfb-d737-3ba5-a578-c9fa9064e165	MYT1L:CARF	4	LowConfidence	True_Recall	positive	10GB	90%	intra_chromosome
jaffal_results_porechopped_sim_dataporechoptrimmed_Adapter_Spiked_Simulated_100GB_nanopore2023_Q85.fastq	49c82cc0-db9d-3338-e210-e5a705ed4c51	ENSG00000258938:LDLRAD4	4	LowConfidence	False_Call	positive	100GB	85%	false_fusion
jaffal_results_porechopped_sim_dataporechoptrimmed_Adapter_Spiked_Simulated_100GB_nanopore2023_Q85.fastq	14574ab9-94eb-b20a-9dab-7b154567bd02	ENSG00000236951:VAMP7	4	LowConfidence	False_Call	positive	100GB	85%	false_fusion
jaffal_results_porechopped_sim_dataporechoptrimmed_Adapter_Spiked_Simulated_100GB_nanopore2023_Q85.fastq	3d1e2e5f-ec97-ad1f-a346-6d1959c8a116	APBA2:FGFR1	4	LowConfidence	Partial_Recall	positive	100GB	85%	truncated_tri_fusion
jaffal_results_porechopped_sim_dataporechoptrimmed_Adapter_Spiked_Simulated_100GB_nanopore2023_Q85.fastq	af64283d-df54-fccd-5ab3-30a0958e1a6f	LDLRAD4:ENSG00000258938	4	LowConfidence	False_Call	positive	100GB	85%	false_fusion
jaffal_results_porechopped_sim_dataporechoptrimmed_Adapter_Spiked_Simulated_100GB_nanopore2023_Q85.fastq	c2358d38-7607-f413-8384-bbf17e25430d	WASH2P:WRAP53	4	LowConfidence	True_Recall	positive	100GB	85%	hybrid
jaffal_results_porechopped_sim_dataporechoptrimmed_Adapter_Spiked_Simulated_100GB_nanopore2023_Q85.fastq	9fe8d8f1-420d-b8fa-024d-97fbaf789282	ENSG00000255872:TMUB2	4	LowConfidence	False_Call	positive	100GB	85%	false_fusion
jaffal_results_porechopped_sim_dataporechoptrimmed_Adapter_Spiked_Simulated_10GB_nanopore2023_Q85.fastq	2c335484-89fe-d234-9167-3116ad40220b	PAPLN:HULC	4	LowConfidence	False_Call	positive	10GB	85%	false_fusion
jaffal_results_porechopped_sim_dataporechoptrimmed_Adapter_Spiked_Simulated_10GB_nanopore2023_Q85.fastq	1996452f-5847-6114-a0ac-428b0e998d19	RNF216:LRRC18	4	LowConfidence	Partial_Recall	positive	10GB	85%	truncated_tri_fusion
jaffal_results_porechopped_sim_dataporechoptrimmed_Adapter_Spiked_Simulated_10GB_nanopore2023_Q85.fastq	f12325df-36ba-7a8f-53f2-c0eb996e3eef	EPHA2:MAGEB6	4	LowConfidence	Partial_Recall	positive	10GB	85%	truncated_tri_fusion
jaffal_results_porechopped_sim_dataporechoptrimmed_Adapter_Spiked_Simulated_10GB_nanopore2023_Q85.fastq	cec8c607-ba5c-6d10-ba5a-a239237245a4	RER1:GMNC	4	LowConfidence	True_Recall	positive	10GB	85%	hybrid
jaffal_results_porechopped_sim_dataporechoptrimmed_Adapter_Spiked_Simulated_10GB_nanopore2023_Q85.fastq	1fdcca58-a970-a179-58ce-5a4231e77dad	IL12RB2:KRBA2	4	LowConfidence	Partial_Recall	positive	10GB	85%	truncated_tri_fusion
jaffal_results_porechopped_sim_dataporechoptrimmed_Adapter_Spiked_Simulated_100GB_nanopore2023_Q90.fastq	2f525771-696c-2945-9aeb-032bfc089c3a	KCTD19:SKIC3	4	LowConfidence	Partial_Recall	positive	100GB	90%	truncated_tri_fusion
jaffal_results_porechopped_sim_dataporechoptrimmed_Adapter_Spiked_Simulated_100GB_nanopore2023_Q90.fastq	3545f4b2-d897-cb25-8af6-2d4445221494	ZNF670:FRAS1	4	LowConfidence	False_Call	positive	100GB	90%	false_fusion
jaffal_results_porechopped_sim_dataporechoptrimmed_Adapter_Spiked_Simulated_100GB_nanopore2023_Q90.fastq	334f31f8-ffb3-bcc2-caa5-080e05b402c0	ENSG00000234255:TMEM108-AS1	4	LowConfidence	True_Recall	positive	100GB	90%	hybrid
jaffal_results_porechopped_sim_dataporechoptrimmed_Adapter_Spiked_Simulated_10GB_nanopore2023_Q90.fastq	ac4062df-7d45-ea9e-c97e-d69f6d01f722	PMPCB:SMCO1	4	LowConfidence	Partial_Recall	positive	10GB	90%	truncated_tri_fusion
jaffal_results_porechopped_sim_dataporechoptrimmed_Adapter_Spiked_Simulated_10GB_nanopore2023_Q90.fastq	76613c56-3b13-e307-f7dd-225f477d8d53	ENSG00000241577:CKMT2-AS1	4	LowConfidence	False_Call	positive	10GB	90%	false_fusion
jaffal_results_porechopped_sim_dataporechoptrimmed_Adapter_Spiked_Simulated_10GB_nanopore2023_Q90.fastq	26b11996-6db1-858f-fcd5-faf5fb62fbe6	LDLRAD4:NUTF2	4	LowConfidence	Partial_Recall	positive	10GB	90%	truncated_tri_fusion
jaffal_results_porechopped_sim_dataporechoptrimmed_Adapter_Spiked_Simulated_10GB_nanopore2023_Q90.fastq	f3cb0efc-4b49-6698-4f84-739b8e5abfec	PPARG:ACTL9	4	LowConfidence	Partial_Recall	positive	10GB	90%	truncated_tri_fusion
jaffal_results_porechopped_sim_dataporechoptrimmed_Adapter_Spiked_Simulated_10GB_nanopore2023_Q90.fastq	5e473cc7-7bc3-2827-370e-849f8a9d962a	ASPN:RPP40	4	LowConfidence	Partial_Recall	positive	10GB	90%	truncated_tri_fusion
jaffal_results_porechopped_sim_dataporechoptrimmed_Adapter_Spiked_Simulated_10GB_nanopore2023_Q90.fastq	cc80aae3-0097-fb17-9a6d-0e2d94afbaf7	SLC16A4-AS1:NXPE3	4	LowConfidence	Partial_Recall	positive	10GB	90%	truncated_tri_fusion
jaffal_results_porechopped_sim_dataporechoptrimmed_Adapter_Spiked_Simulated_10GB_nanopore2023_Q90.fastq	3e9de904-243f-5bf3-553a-4af4f6f264ab	ENSG00000254979:ZSCAN32	4	LowConfidence	Partial_Recall	positive	10GB	90%	truncated_tri_fusion
jaffal_results_porechopped_sim_dataporechoptrimmed_Adapter_Spiked_Simulated_10GB_nanopore2023_Q90.fastq	c4ed158a-8859-c861-ad70-385bc09dc4f8	ENSG00000225676:CDK5RAP2	4	LowConfidence	True_Recall	positive	10GB	90%	hybrid
jaffal_results_porechopped_sim_dataporechoptrimmed_Adapter_Spiked_Simulated_10GB_nanopore2023_Q90.fastq	c83eef3d-89a3-2986-278a-825e6c4c3a03	TINAG:ENSG00000268416	4	LowConfidence	Partial_Recall	positive	10GB	90%	truncated_tri_fusion
jaffal_results_porechopped_sim_dataporechoptrimmed_Adapter_Spiked_Simulated_100GB_nanopore2023_Q95.fastq	667b77af-280f-a92c-531f-0ffe5037e51c	ENSG00000290732:GSAP	4	LowConfidence	False_Call	positive	100GB	95%	false_fusion
jaffal_results_porechopped_sim_dataporechoptrimmed_Adapter_Spiked_Simulated_100GB_nanopore2023_Q95.fastq	1b63e4a8-3ca6-0d8b-f0ed-a1b4bbdc9107	UPP1:ENSG00000260983	4	LowConfidence	False_Call	positive	100GB	95%	false_fusion
jaffal_results_porechopped_sim_dataporechoptrimmed_Adapter_Spiked_Simulated_100GB_nanopore2023_Q95.fastq	2d14a9f6-e831-2f05-afe5-c180dcc584ad	PTBP3:FAM66B	4	LowConfidence	False_Call	positive	100GB	95%	false_fusion
jaffal_results_porechopped_sim_dataporechoptrimmed_Adapter_Spiked_Simulated_10GB_nanopore2023_Q95.fastq	58e09960-f442-b048-c9ba-5bba4f2cdea4	ERC1:AP1G1	4	LowConfidence	Partial_Recall	positive	10GB	95%	truncated_tri_fusion
jaffal_results_porechopped_sim_dataporechoptrimmed_Adapter_Spiked_Simulated_10GB_nanopore2023_Q95.fastq	41dfd25d-31d4-74bf-5aae-ef52dc7edbeb	NXPE3:CAMTA1	4	LowConfidence	Partial_Recall	positive	10GB	95%	truncated_tri_fusion
jaffal_results_porechopped_sim_dataporechoptrimmed_Adapter_Spiked_Simulated_10GB_nanopore2023_Q95.fastq	1bd6ef2c-7ecc-be1c-45e7-d6b5c97283aa	MFSD10:RAB34	4	LowConfidence	Partial_Recall	positive	10GB	95%	truncated_tri_fusion
jaffal_results_porechopped_sim_dataporechoptrimmed_Adapter_Spiked_Simulated_10GB_nanopore2023_Q95.fastq	0cf5e46b-89a7-21be-823a-e841cdecca91	CBY3:ENSG00000228274	4	LowConfidence	Partial_Recall	positive	10GB	95%	truncated_tri_fusion
jaffal_results_porechopped_sim_dataporechoptrimmed_Adapter_Spiked_Simulated_10GB_nanopore2023_Q95.fastq	88f3c3aa-5356-68cb-7fe9-fc58139fad81	NUTM2E:CDK12	4	LowConfidence	True_Recall	positive	10GB	95%	hybrid
jaffal_results_porechopped_sim_dataporechoptrimmed_Adapter_Spiked_Simulated_10GB_nanopore2023_Q95.fastq	6b86746e-0f4d-21a4-67ab-783ec8577c82	ENSG00000256339:ESAM	4	LowConfidence	True_Recall	positive	10GB	95%	hybrid
jaffal_results_porechopped_sim_dataporechoptrimmed_Adapter_Spiked_Simulated_10GB_nanopore2023_Q95.fastq	770ee333-c39f-57da-a216-d3782c9480bd	ENSG00000187951:SYTL5	4	LowConfidence	False_Call	positive	10GB	95%	false_fusion
jaffal_results_porechopped_sim_dataporechoptrimmed_Adapter_Spiked_Simulated_10GB_nanopore2023_Q95.fastq	406311fc-b1aa-a9eb-e148-c6aefe5593dd	SLC28A2:USP2	4	LowConfidence	Partial_Recall	positive	10GB	95%	truncated_tri_fusion
jaffal_results_porechopped_sim_dataporechoptrimmed_Adapter_Spiked_Simulated_10GB_nanopore2023_Q95.fastq	6288cfe4-72ae-1995-c7c5-a75a01f97432	ZNF627:HNRNPA3	4	LowConfidence	Partial_Recall	positive	10GB	95%	truncated_tri_fusion
jaffal_results_porechopped_sim_dataporechoptrimmed_Adapter_Spiked_Simulated_10GB_nanopore2023_Q95.fastq	2c247f7e-7d63-a6df-b512-86848b211f59	ABHD14A-ACY1:ENSG00000260995	4	LowConfidence	Partial_Recall	positive	10GB	95%	truncated_tri_fusion
jaffal_results_porechopped_sim_dataporechoptrimmed_Adapter_Spiked_Simulated_10GB_nanopore2023_Q95.fastq	e2622653-45ee-9c0a-a2b0-d677e7ebdcfe	GTF3C5:LINC01964	4	LowConfidence	Partial_Recall	positive	10GB	95%	truncated_tri_fusion
jaffal_results_porechopped_sim_dataporechoptrimmed_Adapter_Spiked_Simulated_100GB_nanopore2023_Q85.fastq	73f64da0-15e4-6d08-bf7c-3dfdd3c61de7	LINC02609:LINC02788	3	LowConfidence	True_Recall	positive	100GB	85%	read_through
jaffal_results_porechopped_sim_dataporechoptrimmed_Adapter_Spiked_Simulated_100GB_nanopore2023_Q85.fastq	0bfa54b6-194b-fd5a-7f3e-df70642cb774	GBAP1:GBA1	3	LowConfidence	False_Call	positive	100GB	85%	false_fusion
jaffal_results_porechopped_sim_dataporechoptrimmed_Adapter_Spiked_Simulated_10GB_nanopore2023_Q90.fastq	49cbfd53-a562-7b08-ed86-206f1a755647	UPK1B:B4GALT4	3	LowConfidence	True_Recall	positive	10GB	90%	read_through
jaffal_results_porechopped_sim_dataporechoptrimmed_Adapter_Spiked_Simulated_10GB_nanopore2023_Q90.fastq	ffb98355-47cc-d24a-5cb2-717328550942	PTGS1:ENSG00000233616	3	LowConfidence	True_Recall	positive	10GB	90%	read_through
jaffal_results_porechopped_sim_dataporechoptrimmed_Adapter_Spiked_Simulated_100GB_nanopore2023_Q90.fastq	28dba41c-195e-f409-3045-89111720f369	PLCZ1:ENSG00000255648	3	LowConfidence	True_Recall	positive	100GB	90%	read_through
jaffal_results_porechopped_sim_dataporechoptrimmed_Adapter_Spiked_Simulated_100GB_nanopore2023_Q90.fastq	03428cde-41cd-b230-daeb-c292f9f08d1b	FXN:ENSG00000285130	3	LowConfidence	False_Call	positive	100GB	90%	false_fusion
jaffal_results_porechopped_sim_dataporechoptrimmed_Adapter_Spiked_Simulated_10GB_nanopore2023_Q95.fastq	03fcb23a-6d5b-9dc3-9304-710880e99f1d	ENSG00000236494:ENSG00000233219	3	LowConfidence	True_Recall	positive	10GB	95%	read_through
jaffal_results_porechopped_sim_dataporechoptrimmed_Adapter_Spiked_Simulated_10GB_nanopore2023_Q95.fastq	5a128198-a1bd-a188-3078-00dc6512e216	ZNF559:UHRF1	3	LowConfidence	True_Recall	positive	10GB	95%	intra_chromosome
jaffal_results_porechopped_sim_dataporechoptrimmed_Adapter_Spiked_Simulated_100GB_nanopore2023_Q95.fastq	26ca71e1-fe24-e386-03f3-639ab8545664	EXD1:LINC02256	3	LowConfidence	True_Recall	positive	100GB	95%	intra_chromosome
jaffal_results_porechopped_sim_dataporechoptrimmed_Adapter_Spiked_Simulated_10GB_nanopore2023_Q85.fastq	9b27482a-3ffe-a47d-4749-ff865b3a031d	EXD1:LINC02256	3	LowConfidence	True_Recall	positive	10GB	85%	intra_chromosome
jaffal_results_porechopped_sim_dataporechoptrimmed_Adapter_Spiked_Simulated_10GB_nanopore2023_Q90.fastq	5e4345dc-1657-a6d7-7213-96f3299de90f	MORC3:LINC00320	3	LowConfidence	True_Recall	positive	10GB	90%	intra_chromosome
jaffal_results_porechopped_sim_dataporechoptrimmed_Adapter_Spiked_Simulated_10GB_nanopore2023_Q95.fastq	35f12448-7549-6d01-25ba-0714f69c93aa	MORC3:LINC00320	3	LowConfidence	True_Recall	positive	10GB	95%	intra_chromosome
jaffal_results_porechopped_sim_dataporechoptrimmed_Adapter_Spiked_Simulated_10GB_nanopore2023_Q85.fastq	94d00265-d932-21fd-3d12-1383b912ec16	AP1G2:KTN1	3	LowConfidence	True_Recall	positive	10GB	85%	intra_chromosome
jaffal_results_porechopped_sim_dataporechoptrimmed_Adapter_Spiked_Simulated_10GB_nanopore2023_Q90.fastq	1ed0f07d-1d23-9ff9-c105-d506fe3ac495	AP1G2:KTN1	3	LowConfidence	True_Recall	positive	10GB	90%	intra_chromosome
jaffal_results_porechopped_sim_dataporechoptrimmed_Adapter_Spiked_Simulated_10GB_nanopore2023_Q95.fastq	1a89019c-96ee-2d9b-3edc-d894eff033d5	USP44:MIP	3	LowConfidence	Partial_Recall	positive	10GB	95%	truncated_tri_fusion
jaffal_results_porechopped_sim_dataporechoptrimmed_Adapter_Spiked_Simulated_10GB_nanopore2023_Q95.fastq	60bbd0ff-d9e5-d3bf-faee-aea5807f56f9	RARS2:SLC25A27	3	LowConfidence	True_Recall	positive	10GB	95%	intra_chromosome
jaffal_results_porechopped_sim_dataporechoptrimmed_Adapter_Spiked_Simulated_100GB_nanopore2023_Q85.fastq	4c2a00c8-c918-3ec0-6355-4b1bcb613836	PVT1:ENSG00000253503	3	LowConfidence	True_Recall	positive	100GB	85%	intra_chromosome
jaffal_results_porechopped_sim_dataporechoptrimmed_Adapter_Spiked_Simulated_10GB_nanopore2023_Q90.fastq	c6fe482f-ca7c-fecf-e7f3-4aef56082c23	PNPLA8:ENSG00000225612	3	LowConfidence	True_Recall	positive	10GB	90%	intra_chromosome
jaffal_results_porechopped_sim_dataporechoptrimmed_Adapter_Spiked_Simulated_10GB_nanopore2023_Q95.fastq	da68f269-3826-9f03-61db-f18039d17cec	RPS6KA4:BTG4	3	LowConfidence	Partial_Recall	positive	10GB	95%	truncated_tri_fusion
jaffal_results_porechopped_sim_dataporechoptrimmed_Adapter_Spiked_Simulated_10GB_nanopore2023_Q90.fastq	134844b0-b8dc-5ba1-1cfc-3acc50822c9c	SLC43A3:SBF2-AS1	3	LowConfidence	True_Recall	positive	10GB	90%	intra_chromosome
jaffal_results_porechopped_sim_dataporechoptrimmed_Adapter_Spiked_Simulated_10GB_nanopore2023_Q95.fastq	7654fab5-3c47-3d78-0ca0-fc54b7c2d09f	SLC43A3:SBF2-AS1	3	LowConfidence	True_Recall	positive	10GB	95%	intra_chromosome
jaffal_results_porechopped_sim_dataporechoptrimmed_Adapter_Spiked_Simulated_1GB_nanopore2023_Q95.fastq	61326c36-2aae-2314-39a2-3bc3649c4e66	LINC01227:KRBOX5	3	LowConfidence	True_Recall	positive	1GB	95%	intra_chromosome
jaffal_results_porechopped_sim_dataporechoptrimmed_Adapter_Spiked_Simulated_10GB_nanopore2023_Q95.fastq	4a62fd13-3a2d-a0b7-01d8-24ac16abf73a	CHRNA6:TMEM67	3	LowConfidence	True_Recall	positive	10GB	95%	intra_chromosome
jaffal_results_porechopped_sim_dataporechoptrimmed_Adapter_Spiked_Simulated_10GB_nanopore2023_Q85.fastq	90d9f5b2-0abe-4401-f4e1-7938c29d1d70	LINC00551:STARD13-AS	3	LowConfidence	True_Recall	positive	10GB	85%	intra_chromosome
jaffal_results_porechopped_sim_dataporechoptrimmed_Adapter_Spiked_Simulated_10GB_nanopore2023_Q95.fastq	73296b96-61db-4ec4-092b-431c64c6e2d3	LINC00551:STARD13-AS	3	LowConfidence	True_Recall	positive	10GB	95%	intra_chromosome
jaffal_results_porechopped_sim_dataporechoptrimmed_Adapter_Spiked_Simulated_100GB_nanopore2023_Q95.fastq	53942399-093d-992a-6faf-582879853383	ENSG00000291178:GPNMB	3	LowConfidence	True_Recall	positive	100GB	95%	intra_chromosome
jaffal_results_porechopped_sim_dataporechoptrimmed_Adapter_Spiked_Simulated_10GB_nanopore2023_Q95.fastq	377fb7e3-f580-d528-688e-60d6b308ac5c	PSMD5:EBLN3P	3	LowConfidence	True_Recall	positive	10GB	95%	intra_chromosome
jaffal_results_porechopped_sim_dataporechoptrimmed_Adapter_Spiked_Simulated_10GB_nanopore2023_Q90.fastq	be1900ec-d26e-103d-c584-071a54d8c93c	SCARNA2:LYPLA2	3	LowConfidence	False_Call	positive	10GB	90%	false_fusion
jaffal_results_porechopped_sim_dataporechoptrimmed_Adapter_Spiked_Simulated_10GB_nanopore2023_Q85.fastq	348f42d6-3fa8-6667-7c0d-b87ede0c4a50	ENSG00000227083:KDM5C-IT1	3	LowConfidence	True_Recall	positive	10GB	85%	intra_chromosome
jaffal_results_porechopped_sim_dataporechoptrimmed_Adapter_Spiked_Simulated_10GB_nanopore2023_Q95.fastq	a68860f1-2f20-acc5-5308-c662ee6a241c	MACROH2A1:SLC1A3	3	LowConfidence	True_Recall	positive	10GB	95%	hybrid
jaffal_results_porechopped_sim_dataporechoptrimmed_Adapter_Spiked_Simulated_100GB_nanopore2023_Q90.fastq	1de08d5b-c3b5-3836-170e-7139dc9f88ba	PDE6A:GDNF	3	LowConfidence	False_Call	positive	100GB	90%	false_fusion
jaffal_results_porechopped_sim_dataporechoptrimmed_Adapter_Spiked_Simulated_10GB_nanopore2023_Q85.fastq	5ebd2077-0df5-5ad4-b3be-2deba8fa6c89	ING2:RNF4	3	LowConfidence	True_Recall	positive	10GB	85%	intra_chromosome
jaffal_results_porechopped_sim_dataporechoptrimmed_Adapter_Spiked_Simulated_10GB_nanopore2023_Q95.fastq	6119d715-12b6-b7a4-9a26-6b3c5350390b	ING2:RNF4	3	LowConfidence	True_Recall	positive	10GB	95%	intra_chromosome
jaffal_results_porechopped_sim_dataporechoptrimmed_Adapter_Spiked_Simulated_100GB_nanopore2023_Q85.fastq	1932a613-424f-5ef6-eaa8-11aaaf9ab3b0	ZSWIM4:CBFA2T2	3	LowConfidence	Partial_Recall	positive	100GB	85%	truncated_tri_fusion
jaffal_results_porechopped_sim_dataporechoptrimmed_Adapter_Spiked_Simulated_100GB_nanopore2023_Q85.fastq	8aa6c167-99b1-cf58-f0c7-6d906f2ecdf8	CPA4:BAP1	3	LowConfidence	Partial_Recall	positive	100GB	85%	truncated_tri_fusion
jaffal_results_porechopped_sim_dataporechoptrimmed_Adapter_Spiked_Simulated_100GB_nanopore2023_Q85.fastq	3fa7eede-ac46-3e21-dd64-057fe4630677	NUTM2B:CDK12	3	LowConfidence	False_Call	positive	100GB	85%	false_fusion
jaffal_results_porechopped_sim_dataporechoptrimmed_Adapter_Spiked_Simulated_100GB_nanopore2023_Q85.fastq	9a0abe39-cfb4-a498-277c-d01c961c3e7c	SLC35F4:ENSG00000283352	3	LowConfidence	False_Call	positive	100GB	85%	false_fusion
jaffal_results_porechopped_sim_dataporechoptrimmed_Adapter_Spiked_Simulated_100GB_nanopore2023_Q85.fastq	4c9871ae-6d6e-e8dd-ce4e-bf07fe62b25c	ENSG00000290689:RECQL4	3	LowConfidence	False_Call	positive	100GB	85%	false_fusion
jaffal_results_porechopped_sim_dataporechoptrimmed_Adapter_Spiked_Simulated_100GB_nanopore2023_Q85.fastq	e67e3efe-acaf-4ac4-c053-0c45f7c05556	RAP1GDS1:SLC29A3	3	LowConfidence	Partial_Recall	positive	100GB	85%	truncated_tri_fusion
jaffal_results_porechopped_sim_dataporechoptrimmed_Adapter_Spiked_Simulated_100GB_nanopore2023_Q85.fastq	826742e2-bd7d-8f68-07f5-30a6d8a06aed	TRIM55:NEDD4L	3	LowConfidence	Partial_Recall	positive	100GB	85%	truncated_tri_fusion
jaffal_results_porechopped_sim_dataporechoptrimmed_Adapter_Spiked_Simulated_10GB_nanopore2023_Q85.fastq	362d9aa0-b391-7153-87da-92db0cba48e1	BDP1:SH2D7	3	LowConfidence	Partial_Recall	positive	10GB	85%	truncated_tri_fusion
jaffal_results_porechopped_sim_dataporechoptrimmed_Adapter_Spiked_Simulated_10GB_nanopore2023_Q85.fastq	24563b4e-d33a-f1a9-c2d2-ba684e889b35	SLC16A4-AS1:NXPE3	3	LowConfidence	Partial_Recall	positive	10GB	85%	truncated_tri_fusion
jaffal_results_porechopped_sim_dataporechoptrimmed_Adapter_Spiked_Simulated_10GB_nanopore2023_Q85.fastq	0cd88c08-8f54-3797-468f-e1c6a537a491	FRAS1:NCALD	3	LowConfidence	Partial_Recall	positive	10GB	85%	truncated_tri_fusion
jaffal_results_porechopped_sim_dataporechoptrimmed_Adapter_Spiked_Simulated_10GB_nanopore2023_Q85.fastq	5be43c5c-5853-da6b-4a83-f9a5c1f09a9e	G3BP1:ERC1	3	LowConfidence	Partial_Recall	positive	10GB	85%	truncated_tri_fusion
jaffal_results_porechopped_sim_dataporechoptrimmed_Adapter_Spiked_Simulated_10GB_nanopore2023_Q85.fastq	7cbcf171-659d-2a82-0fb0-eff3b7dd7ba0	PORCN:OR2F2	3	LowConfidence	Partial_Recall	positive	10GB	85%	truncated_tri_fusion
jaffal_results_porechopped_sim_dataporechoptrimmed_Adapter_Spiked_Simulated_100GB_nanopore2023_Q90.fastq	76732b2f-8633-c661-604a-3fa691bb1185	ENSG00000277757:CPNE1	3	LowConfidence	False_Call	positive	100GB	90%	false_fusion
jaffal_results_porechopped_sim_dataporechoptrimmed_Adapter_Spiked_Simulated_100GB_nanopore2023_Q90.fastq	309cdf06-58e8-909e-74bd-e00f875d1c1a	RPS19:CPNE1	3	LowConfidence	Partial_Recall	positive	100GB	90%	truncated_tri_fusion
jaffal_results_porechopped_sim_dataporechoptrimmed_Adapter_Spiked_Simulated_100GB_nanopore2023_Q90.fastq	7b3bda7a-fe41-68bc-307b-f94a25af25db	SERPINA3:AFP	3	LowConfidence	False_Call	positive	100GB	90%	false_fusion
jaffal_results_porechopped_sim_dataporechoptrimmed_Adapter_Spiked_Simulated_100GB_nanopore2023_Q90.fastq	20cb01ea-c2d5-7d0f-32a3-1d692d85a5f9	WASH2P:WRAP53	3	LowConfidence	True_Recall	positive	100GB	90%	hybrid
jaffal_results_porechopped_sim_dataporechoptrimmed_Adapter_Spiked_Simulated_100GB_nanopore2023_Q90.fastq	ad709fc8-c1c7-699e-2b2f-7dc89e6c1dda	ZRANB3:ERC1	3	LowConfidence	False_Call	positive	100GB	90%	false_fusion
jaffal_results_porechopped_sim_dataporechoptrimmed_Adapter_Spiked_Simulated_100GB_nanopore2023_Q90.fastq	40674ffb-86b3-eb01-b209-8d9cda26670e	ENSG00000197462:RNF157	3	LowConfidence	Partial_Recall	positive	100GB	90%	truncated_tri_fusion
jaffal_results_porechopped_sim_dataporechoptrimmed_Adapter_Spiked_Simulated_100GB_nanopore2023_Q90.fastq	da9939bb-d2fb-8fb8-ed28-29ee0a2bcb71	BTK:GOLGA8F	3	LowConfidence	False_Call	positive	100GB	90%	false_fusion
jaffal_results_porechopped_sim_dataporechoptrimmed_Adapter_Spiked_Simulated_100GB_nanopore2023_Q90.fastq	dc0e0798-44e0-815e-2f48-8b153db09540	FMR1-AS1:EPHA2	3	LowConfidence	Partial_Recall	positive	100GB	90%	truncated_tri_fusion
jaffal_results_porechopped_sim_dataporechoptrimmed_Adapter_Spiked_Simulated_10GB_nanopore2023_Q90.fastq	1bf4d427-9556-b434-0664-e30043310830	CBY3:ENSG00000228274	3	LowConfidence	Partial_Recall	positive	10GB	90%	truncated_tri_fusion
jaffal_results_porechopped_sim_dataporechoptrimmed_Adapter_Spiked_Simulated_10GB_nanopore2023_Q90.fastq	5ae59cbc-b8a0-6e83-bc62-2ff73afd1bb1	ABHD14A-ACY1:ENSG00000260995	3	LowConfidence	Partial_Recall	positive	10GB	90%	truncated_tri_fusion
jaffal_results_porechopped_sim_dataporechoptrimmed_Adapter_Spiked_Simulated_10GB_nanopore2023_Q90.fastq	24d631ec-9c89-0911-ec4a-2a9d74f105be	SIRT5:USP9X	3	LowConfidence	Partial_Recall	positive	10GB	90%	truncated_tri_fusion
jaffal_results_porechopped_sim_dataporechoptrimmed_Adapter_Spiked_Simulated_10GB_nanopore2023_Q90.fastq	8d299c2c-2134-3028-2248-9758d3d7c1c3	RGR:YY1	3	LowConfidence	True_Recall	positive	10GB	90%	hybrid
jaffal_results_porechopped_sim_dataporechoptrimmed_Adapter_Spiked_Simulated_10GB_nanopore2023_Q90.fastq	0114331a-1fc8-a574-b159-000df9e96597	RNF214:JMJD4	3	LowConfidence	True_Recall	positive	10GB	90%	hybrid
jaffal_results_porechopped_sim_dataporechoptrimmed_Adapter_Spiked_Simulated_10GB_nanopore2023_Q90.fastq	18675872-b887-2df0-15dd-d44435ec16e8	USP2:ENSG00000261821	3	LowConfidence	Partial_Recall	positive	10GB	90%	truncated_tri_fusion
jaffal_results_porechopped_sim_dataporechoptrimmed_Adapter_Spiked_Simulated_10GB_nanopore2023_Q90.fastq	2d97e3de-8d3d-7f56-5349-b980e6f655c6	EPHA2:MAGEB6	3	LowConfidence	Partial_Recall	positive	10GB	90%	truncated_tri_fusion
jaffal_results_porechopped_sim_dataporechoptrimmed_Adapter_Spiked_Simulated_10GB_nanopore2023_Q90.fastq	b9e42595-db40-9c9d-6916-691219c77ef8	MGST3:SRP68	3	LowConfidence	Partial_Recall	positive	10GB	90%	truncated_tri_fusion
jaffal_results_porechopped_sim_dataporechoptrimmed_Adapter_Spiked_Simulated_10GB_nanopore2023_Q90.fastq	da9793a5-fb07-9854-8bdf-d401e7558591	BANF1:ELOVL1	3	LowConfidence	Partial_Recall	positive	10GB	90%	truncated_tri_fusion
jaffal_results_porechopped_sim_dataporechoptrimmed_Adapter_Spiked_Simulated_10GB_nanopore2023_Q90.fastq	2ce8b952-4e23-b34d-81f9-8bb00da0a912	ENSG00000256339:ESAM	3	LowConfidence	True_Recall	positive	10GB	90%	hybrid
jaffal_results_porechopped_sim_dataporechoptrimmed_Adapter_Spiked_Simulated_10GB_nanopore2023_Q90.fastq	18d5fd28-caf6-4445-b382-ed447945840c	TBCE:ZNF627	3	LowConfidence	Partial_Recall	positive	10GB	90%	truncated_tri_fusion
jaffal_results_porechopped_sim_dataporechoptrimmed_Adapter_Spiked_Simulated_10GB_nanopore2023_Q90.fastq	4f7842e0-1286-d775-b58e-5c761aa22817	ENSG00000258177:SIRT5	3	LowConfidence	Partial_Recall	positive	10GB	90%	truncated_tri_fusion
jaffal_results_porechopped_sim_dataporechoptrimmed_Adapter_Spiked_Simulated_10GB_nanopore2023_Q90.fastq	d59b717d-4ac5-ed72-21a7-e5d7329f4d8a	ATP7B:OR4P4	3	LowConfidence	False_Call	positive	10GB	90%	false_fusion
jaffal_results_porechopped_sim_dataporechoptrimmed_Adapter_Spiked_Simulated_10GB_nanopore2023_Q90.fastq	9e6589ca-07ab-c246-2f3e-1999361a3c38	POMT2:GNAO1	3	LowConfidence	True_Recall	positive	10GB	90%	hybrid
jaffal_results_porechopped_sim_dataporechoptrimmed_Adapter_Spiked_Simulated_10GB_nanopore2023_Q90.fastq	3dd8bab1-5377-13ae-fe1f-86c89e33d224	ENSG00000187951:SYTL5	3	LowConfidence	False_Call	positive	10GB	90%	false_fusion
jaffal_results_porechopped_sim_dataporechoptrimmed_Adapter_Spiked_Simulated_10GB_nanopore2023_Q90.fastq	98e92c9d-7df2-ef48-3c41-325d00541235	JMJD7:MIR9-1HG	3	LowConfidence	Partial_Recall	positive	10GB	90%	truncated_tri_fusion
jaffal_results_porechopped_sim_dataporechoptrimmed_Adapter_Spiked_Simulated_10GB_nanopore2023_Q90.fastq	8f1640d5-e710-e826-c6d9-f1fde607e909	BRPF3:CSPP1	3	LowConfidence	Partial_Recall	positive	10GB	90%	truncated_tri_fusion
jaffal_results_porechopped_sim_dataporechoptrimmed_Adapter_Spiked_Simulated_10GB_nanopore2023_Q90.fastq	618337f2-a71f-3bc1-953f-d9092fac612a	LAMTOR4:ENSG00000284776	3	LowConfidence	True_Recall	positive	10GB	90%	hybrid
jaffal_results_porechopped_sim_dataporechoptrimmed_Adapter_Spiked_Simulated_10GB_nanopore2023_Q90.fastq	419542c8-9371-f9af-4dc8-24afff4fc637	GSAP:DYNC1I2	3	LowConfidence	Partial_Recall	positive	10GB	90%	truncated_tri_fusion
jaffal_results_porechopped_sim_dataporechoptrimmed_Adapter_Spiked_Simulated_10GB_nanopore2023_Q90.fastq	efb869fb-fb38-81f5-65e7-d227882f10ea	ENSG00000260995:CASP7	3	LowConfidence	Partial_Recall	positive	10GB	90%	truncated_tri_fusion
jaffal_results_porechopped_sim_dataporechoptrimmed_Adapter_Spiked_Simulated_100GB_nanopore2023_Q95.fastq	06966bdb-a784-b31e-3f44-223a10da5fd1	SENP1:GOLGA2	3	LowConfidence	False_Call	positive	100GB	95%	false_fusion
jaffal_results_porechopped_sim_dataporechoptrimmed_Adapter_Spiked_Simulated_100GB_nanopore2023_Q95.fastq	407c0dc5-819a-9c3e-7e1c-294239c318b9	CEP83-DT:ENSG00000267448	3	LowConfidence	Partial_Recall	positive	100GB	95%	truncated_tri_fusion
jaffal_results_porechopped_sim_dataporechoptrimmed_Adapter_Spiked_Simulated_100GB_nanopore2023_Q95.fastq	ae135d54-2b0c-6693-9a26-f82cab5b8125	ENSG00000290689:RECQL4	3	LowConfidence	False_Call	positive	100GB	95%	false_fusion
jaffal_results_porechopped_sim_dataporechoptrimmed_Adapter_Spiked_Simulated_100GB_nanopore2023_Q95.fastq	422bdb4a-f924-67f2-72ce-55276ed008b7	KCTD19:SKIC3	3	LowConfidence	Partial_Recall	positive	100GB	95%	truncated_tri_fusion
jaffal_results_porechopped_sim_dataporechoptrimmed_Adapter_Spiked_Simulated_100GB_nanopore2023_Q95.fastq	93ebd100-d63c-7947-3fc1-2e09360ca305	LDLRAD4:ENSG00000258938	3	LowConfidence	False_Call	positive	100GB	95%	false_fusion
jaffal_results_porechopped_sim_dataporechoptrimmed_Adapter_Spiked_Simulated_100GB_nanopore2023_Q95.fastq	4d5d5561-c1c5-2e0b-b2fe-5ef70f161384	ZBED8:OR7C1	3	LowConfidence	False_Call	positive	100GB	95%	false_fusion
jaffal_results_porechopped_sim_dataporechoptrimmed_Adapter_Spiked_Simulated_10GB_nanopore2023_Q95.fastq	11c071bc-89fd-b434-191b-8a556a9939f3	HEATR6:MYO6	3	LowConfidence	Partial_Recall	positive	10GB	95%	truncated_tri_fusion
jaffal_results_porechopped_sim_dataporechoptrimmed_Adapter_Spiked_Simulated_10GB_nanopore2023_Q95.fastq	7b24f3fe-46c0-1069-02ec-acc04f4209db	ENSG00000273471:GSAP	3	LowConfidence	False_Call	positive	10GB	95%	false_fusion
jaffal_results_porechopped_sim_dataporechoptrimmed_Adapter_Spiked_Simulated_10GB_nanopore2023_Q95.fastq	5b619eab-4bdd-5ce9-e91d-e610a63cd97e	MFN1:ZHX3	3	LowConfidence	Partial_Recall	positive	10GB	95%	truncated_tri_fusion
jaffal_results_porechopped_sim_dataporechoptrimmed_Adapter_Spiked_Simulated_10GB_nanopore2023_Q95.fastq	0470c894-b202-4b01-0543-92fa3fce9789	RAP1GDS1:SLC29A3	3	LowConfidence	Partial_Recall	positive	10GB	95%	truncated_tri_fusion
jaffal_results_porechopped_sim_dataporechoptrimmed_Adapter_Spiked_Simulated_10GB_nanopore2023_Q95.fastq	39244359-21e3-b231-8457-7dbbeb954d58	G3BP1:ERC1	3	LowConfidence	Partial_Recall	positive	10GB	95%	truncated_tri_fusion
jaffal_results_porechopped_sim_dataporechoptrimmed_Adapter_Spiked_Simulated_10GB_nanopore2023_Q95.fastq	2ca49561-d1e7-3e79-19eb-81671b54bd81	RNF216:LRRC18	3	LowConfidence	Partial_Recall	positive	10GB	95%	truncated_tri_fusion
jaffal_results_porechopped_sim_dataporechoptrimmed_Adapter_Spiked_Simulated_10GB_nanopore2023_Q95.fastq	2b070327-538d-28df-5195-3736dba783ea	ENSG00000241577:CKMT2-AS1	3	LowConfidence	False_Call	positive	10GB	95%	false_fusion
jaffal_results_porechopped_sim_dataporechoptrimmed_Adapter_Spiked_Simulated_10GB_nanopore2023_Q95.fastq	bef216cb-0a34-ad47-bc7c-f1b594da2028	SLC16A4-AS1:NXPE3	3	LowConfidence	Partial_Recall	positive	10GB	95%	truncated_tri_fusion
jaffal_results_porechopped_sim_dataporechoptrimmed_Adapter_Spiked_Simulated_10GB_nanopore2023_Q95.fastq	12e0e34b-2282-7650-3f1f-7b87e7accdc0	WIF1:SSR4	3	LowConfidence	True_Recall	positive	10GB	95%	hybrid
jaffal_results_porechopped_sim_dataporechoptrimmed_Adapter_Spiked_Simulated_10GB_nanopore2023_Q95.fastq	0bf22c9f-5877-6393-a351-45e46b6dcdd0	SLC35F4:ENSG00000283352	3	LowConfidence	False_Call	positive	10GB	95%	false_fusion
jaffal_results_porechopped_sim_dataporechoptrimmed_Adapter_Spiked_Simulated_10GB_nanopore2023_Q95.fastq	3b753cca-b608-b2a8-4b7e-d900a696b501	ACD:UGT1A4	3	LowConfidence	False_Call	positive	10GB	95%	false_fusion
jaffal_results_porechopped_sim_dataporechoptrimmed_Adapter_Spiked_Simulated_10GB_nanopore2023_Q95.fastq	7942ccdd-42ab-fe5a-d5fb-aef9bd1f0c59	TMUB2:ENSG00000255872	3	LowConfidence	False_Call	positive	10GB	95%	false_fusion
jaffal_results_porechopped_sim_dataporechoptrimmed_Adapter_Spiked_Simulated_10GB_nanopore2023_Q95.fastq	57edb421-d6aa-aa46-8776-948b09646c5c	KAT7:NEFL	3	LowConfidence	Partial_Recall	positive	10GB	95%	truncated_tri_fusion
jaffal_results_porechopped_sim_dataporechoptrimmed_Adapter_Spiked_Simulated_10GB_nanopore2023_Q95.fastq	da49be6b-5511-e7b4-0425-4fc6f2efea1c	ENSG00000225676:CDK5RAP2	3	LowConfidence	True_Recall	positive	10GB	95%	hybrid
jaffal_results_porechopped_sim_dataporechoptrimmed_Adapter_Spiked_Simulated_10GB_nanopore2023_Q95.fastq	17ab043e-374a-5006-e865-6576c8c67c28	PPARG:ACTL9	3	LowConfidence	Partial_Recall	positive	10GB	95%	truncated_tri_fusion
jaffal_results_porechopped_sim_dataporechoptrimmed_Adapter_Spiked_Simulated_10GB_nanopore2023_Q95.fastq	440f6a8d-d8e9-560e-b911-5119142bbcdc	FRAS1:NCALD	3	LowConfidence	Partial_Recall	positive	10GB	95%	truncated_tri_fusion
jaffal_results_porechopped_sim_dataporechoptrimmed_Adapter_Spiked_Simulated_10GB_nanopore2023_Q95.fastq	19bc775f-9748-eba9-be9f-40d9aa1d8571	HMMR:POMT1	3	LowConfidence	Partial_Recall	positive	10GB	95%	truncated_tri_fusion
jaffal_results_porechopped_sim_dataporechoptrimmed_Adapter_Spiked_Simulated_10GB_nanopore2023_Q95.fastq	0371da35-973d-b304-2602-73925e1e36ed	ENSG00000285565:WRAP53	3	LowConfidence	True_Recall	positive	10GB	95%	hybrid
jaffal_results_porechopped_sim_dataporechoptrimmed_Adapter_Spiked_Simulated_10GB_nanopore2023_Q95.fastq	31b66563-e9d9-9708-f5d5-e60e0fe125b6	TINAG:ENSG00000268416	3	LowConfidence	Partial_Recall	positive	10GB	95%	truncated_tri_fusion
jaffal_results_porechopped_sim_dataporechoptrimmed_Adapter_Spiked_Simulated_10GB_nanopore2023_Q95.fastq	1fb086b3-db0d-f9d2-1ef4-2dbfbb83c72f	ENSG00000197462:RNF157	3	LowConfidence	Partial_Recall	positive	10GB	95%	truncated_tri_fusion
jaffal_results_porechopped_sim_dataporechoptrimmed_Adapter_Spiked_Simulated_10GB_nanopore2023_Q95.fastq	355c81d6-ee78-a654-16f1-1fd3376c3ea7	FKTN:XPO1	3	LowConfidence	True_Recall	positive	10GB	95%	hybrid
jaffal_results_porechopped_sim_dataporechoptrimmed_Adapter_Spiked_Simulated_10GB_nanopore2023_Q95.fastq	47d617ca-3c55-1fc2-25de-7ce73849b1a0	POMT1:ADAM17	3	LowConfidence	Partial_Recall	positive	10GB	95%	truncated_tri_fusion
jaffal_results_porechopped_sim_dataporechoptrimmed_Adapter_Spiked_Simulated_10GB_nanopore2023_Q95.fastq	03ee6f3d-ffa5-3575-0e1f-0d9005bef1ac	ENSG00000260995:CASP7	3	LowConfidence	Partial_Recall	positive	10GB	95%	truncated_tri_fusion
jaffal_results_porechopped_sim_dataporechoptrimmed_Adapter_Spiked_Simulated_10GB_nanopore2023_Q95.fastq	5e440f58-6586-3f02-554a-da981e3ea3c8	HDAC6:CCDC30	3	LowConfidence	Partial_Recall	positive	10GB	95%	truncated_tri_fusion
jaffal_results_porechopped_sim_dataporechoptrimmed_Adapter_Spiked_Simulated_10GB_nanopore2023_Q95.fastq	c8745b8f-94af-0e59-cfd5-2e4c48d15599	ASIC1:SYT17	3	LowConfidence	False_Call	positive	10GB	95%	false_fusion
jaffal_results_porechopped_sim_dataporechoptrimmed_Adapter_Spiked_Simulated_10GB_nanopore2023_Q95.fastq	56e514a9-2d82-edc2-5088-d8239d066906	APBA2:FGFR1	3	LowConfidence	Partial_Recall	positive	10GB	95%	truncated_tri_fusion
jaffal_results_porechopped_sim_dataporechoptrimmed_Adapter_Spiked_Simulated_100GB_nanopore2023_Q90.fastq	563a2b07-b286-ddd2-3e3f-d8a0ec91e5ff	DCXR-DT:RFNG	2	LowConfidence	True_Recall	positive	100GB	90%	read_through
jaffal_results_porechopped_sim_dataporechoptrimmed_Adapter_Spiked_Simulated_100GB_nanopore2023_Q85.fastq	358dcd54-5dc4-3837-1848-27660fcd152f	ENSG00000223634:LINC02923	2	LowConfidence	True_Recall	positive	100GB	85%	read_through
jaffal_results_porechopped_sim_dataporechoptrimmed_Adapter_Spiked_Simulated_100GB_nanopore2023_Q95.fastq	bfb47f96-42b9-90cb-9031-093b5bb9e1f2	CCNK:CCDC85C	2	LowConfidence	True_Recall	positive	100GB	95%	read_through
jaffal_results_porechopped_sim_dataporechoptrimmed_Adapter_Spiked_Simulated_100GB_nanopore2023_Q95.fastq	47722adc-de6b-674e-1f81-13e04c231ac8	GBAP1:GBA1	2	LowConfidence	False_Call	positive	100GB	95%	false_fusion
jaffal_results_porechopped_sim_dataporechoptrimmed_Adapter_Spiked_Simulated_1GB_nanopore2023_Q95.fastq	2e320294-5cc4-9274-2cca-b1456b4fe13f	PLCZ1:ENSG00000255648	2	LowConfidence	True_Recall	positive	1GB	95%	read_through
jaffal_results_porechopped_sim_dataporechoptrimmed_Adapter_Spiked_Simulated_10GB_nanopore2023_Q95.fastq	50c1adc8-2929-ef4f-c048-ff5fa42c28b0	LYST:RNU6-968P	2	LowConfidence	True_Recall	positive	10GB	95%	read_through
jaffal_results_porechopped_sim_dataporechoptrimmed_Adapter_Spiked_Simulated_10GB_nanopore2023_Q95.fastq	72ec20c0-fa4a-4919-f337-0ef4353ec32e	ENSG00000285130:FXN	2	LowConfidence	False_Call	positive	10GB	95%	false_fusion
jaffal_results_porechopped_sim_dataporechoptrimmed_Adapter_Spiked_Simulated_100GB_nanopore2023_Q85.fastq	5bb0522c-051a-8a9c-64b9-d468631b221a	AFP:ALB	2	LowConfidence	False_Call	positive	100GB	85%	false_fusion
jaffal_results_porechopped_sim_dataporechoptrimmed_Adapter_Spiked_Simulated_100GB_nanopore2023_Q90.fastq	abea3080-6a23-ee20-0676-c60f0df21dfd	ENSG00000189229:GRM7-AS3	2	LowConfidence	False_Call	positive	100GB	90%	false_fusion
jaffal_results_porechopped_sim_dataporechoptrimmed_Adapter_Simulated_100GB_nanopore2023_Q95.fastq	0c7451b8-82a0-1ee1-9168-9b7dd2c4e7d6	GRM7-AS3:ENSG00000189229	2	LowConfidence	False_Call	negative	100GB	95%	false_fusion
jaffal_results_porechopped_sim_dataporechoptrimmed_Adapter_Spiked_Simulated_100GB_nanopore2023_Q85.fastq	2ffcfb03-fe63-1d93-a69e-8ee4c9cc6d66	ENSG00000236494:ENSG00000233219	2	LowConfidence	True_Recall	positive	100GB	85%	read_through
jaffal_results_porechopped_sim_dataporechoptrimmed_Adapter_Spiked_Simulated_100GB_nanopore2023_Q90.fastq	003fb668-f870-c7a4-a085-f07910915106	DENND3:SLC45A4	2	LowConfidence	True_Recall	positive	100GB	90%	read_through
jaffal_results_porechopped_sim_dataporechoptrimmed_Adapter_Spiked_Simulated_10GB_nanopore2023_Q90.fastq	21a2db39-76a9-6f82-dbce-5ced494126d6	ENSG00000254485:SRGAP3	2	LowConfidence	False_Call	positive	10GB	90%	false_fusion
jaffal_results_porechopped_sim_dataporechoptrimmed_Adapter_Spiked_Simulated_100GB_nanopore2023_Q90.fastq	f1cdd5d7-4e34-a7cb-3681-f6e14ff70acc	ENSG00000284686:ENSG00000260971	2	LowConfidence	False_Call	positive	100GB	90%	false_fusion
jaffal_results_porechopped_sim_dataporechoptrimmed_Adapter_Spiked_Simulated_100GB_nanopore2023_Q95.fastq	373fac89-8ca8-08be-d151-a35b1e68c7c1	SERPINA3:SERPINA1	2	LowConfidence	False_Call	positive	100GB	95%	false_fusion
jaffal_results_porechopped_sim_dataporechoptrimmed_Adapter_Spiked_Simulated_10GB_nanopore2023_Q90.fastq	7381a5d6-65bd-a6d9-1bb0-7f2b8204de62	LINC00595:ENSG00000282863	2	LowConfidence	False_Call	positive	10GB	90%	false_fusion
jaffal_results_porechopped_sim_dataporechoptrimmed_Adapter_Simulated_10GB_nanopore2023_Q85.fastq	22185016-6f36-ddb8-e4ac-2b7d534adb5c	LINC00595:ENSG00000282863	2	LowConfidence	False_Call	negative	10GB	85%	false_fusion
jaffal_results_porechopped_sim_dataporechoptrimmed_Adapter_Spiked_Simulated_100GB_nanopore2023_Q95.fastq	0c659ed4-40b9-279b-7dd5-f4ce0d2e93e9	GOLGA6L24:GOLGA8M	2	LowConfidence	False_Call	positive	100GB	95%	false_fusion
jaffal_results_porechopped_sim_dataporechoptrimmed_Adapter_Simulated_10GB_nanopore2023_Q90.fastq	10512803-8334-035c-d8d2-daa21d5c91e9	SATB1:TBC1D5	2	LowConfidence	False_Call	negative	10GB	90%	false_fusion
jaffal_results_porechopped_sim_dataporechoptrimmed_Adapter_Simulated_10GB_nanopore2023_Q95.fastq	10512803-8334-035c-d8d2-daa21d5c91e9	SATB1:TBC1D5	2	LowConfidence	False_Call	negative	10GB	95%	false_fusion
jaffal_results_porechopped_sim_dataporechoptrimmed_Adapter_Spiked_Simulated_10GB_nanopore2023_Q95.fastq	8ae71a91-830e-9063-0056-425eddb449c7	ENSG00000260830:RBM23	2	LowConfidence	True_Recall	positive	10GB	95%	intra_chromosome
jaffal_results_porechopped_sim_dataporechoptrimmed_Adapter_Spiked_Simulated_1GB_nanopore2023_Q95.fastq	8ae71a91-830e-9063-0056-425eddb449c7	ENSG00000260830:RBM23	2	LowConfidence	True_Recall	positive	1GB	95%	intra_chromosome
jaffal_results_porechopped_sim_dataporechoptrimmed_Adapter_Spiked_Simulated_100GB_nanopore2023_Q90.fastq	38ad2361-2df5-6b75-2f6d-464447e0b6ac	ENSG00000260830:RBM23	2	LowConfidence	True_Recall	positive	100GB	90%	intra_chromosome
jaffal_results_porechopped_sim_dataporechoptrimmed_Adapter_Simulated_100GB_nanopore2023_Q90.fastq	3e562ff4-1651-6b47-6d3b-74a7a7a427cf	CFL1:FTH1	2	LowConfidence	False_Call	negative	100GB	90%	false_fusion
jaffal_results_porechopped_sim_dataporechoptrimmed_Adapter_Spiked_Simulated_100GB_nanopore2023_Q90.fastq	e98a63c1-39d1-3034-1a60-5c60c4761d2d	OR4P4:STX3	2	LowConfidence	False_Call	positive	100GB	90%	false_fusion
jaffal_results_porechopped_sim_dataporechoptrimmed_Adapter_Spiked_Simulated_100GB_nanopore2023_Q85.fastq	b9674d52-1849-7230-9250-b8ab6a0f5774	GOLGA8G:ENSG00000291261	2	LowConfidence	False_Call	positive	100GB	85%	false_fusion
jaffal_results_porechopped_sim_dataporechoptrimmed_Adapter_Spiked_Simulated_100GB_nanopore2023_Q95.fastq	2465c8b3-273c-0744-ea4c-28c04f1fba73	TYMP:MGAT3-AS1	2	LowConfidence	True_Recall	positive	100GB	95%	intra_chromosome
jaffal_results_porechopped_sim_dataporechoptrimmed_Adapter_Spiked_Simulated_100GB_nanopore2023_Q95.fastq	ee8e1f04-cdca-37f8-55f5-1c359a917db1	CNKSR1:RAB3B	2	LowConfidence	False_Call	positive	100GB	95%	false_fusion
jaffal_results_porechopped_sim_dataporechoptrimmed_Adapter_Spiked_Simulated_10GB_nanopore2023_Q95.fastq	ee8e1f04-cdca-37f8-55f5-1c359a917db1	CNKSR1:RAB3B	2	LowConfidence	False_Call	positive	10GB	95%	false_fusion
jaffal_results_porechopped_sim_dataporechoptrimmed_Adapter_Spiked_Simulated_10GB_nanopore2023_Q90.fastq	36aac1f5-13d3-398b-7c2f-a3ebdd44f389	SLC17A5:RPL7L1	2	LowConfidence	True_Recall	positive	10GB	90%	intra_chromosome
jaffal_results_porechopped_sim_dataporechoptrimmed_Adapter_Spiked_Simulated_10GB_nanopore2023_Q95.fastq	522ffc0a-c618-bb1a-b21d-f186a97c4ed3	SLC17A5:RPL7L1	2	LowConfidence	True_Recall	positive	10GB	95%	intra_chromosome
jaffal_results_porechopped_sim_dataporechoptrimmed_Adapter_Simulated_100GB_nanopore2023_Q85.fastq	042c2efb-7b03-6afa-3e3c-0f9cb7cbf449	RPL18A:FTL	2	LowConfidence	False_Call	negative	100GB	85%	false_fusion
jaffal_results_porechopped_sim_dataporechoptrimmed_Adapter_Spiked_Simulated_10GB_nanopore2023_Q90.fastq	bed51a87-6839-58cb-4fe0-e1329b4b575d	TLE4:ENSG00000228714	2	LowConfidence	True_Recall	positive	10GB	90%	intra_chromosome
jaffal_results_porechopped_sim_dataporechoptrimmed_Adapter_Spiked_Simulated_10GB_nanopore2023_Q85.fastq	4ed43941-b006-2dfc-c4df-998ad6434f92	LINC00383:STARD13-AS	2	LowConfidence	True_Recall	positive	10GB	85%	intra_chromosome
jaffal_results_porechopped_sim_dataporechoptrimmed_Adapter_Spiked_Simulated_10GB_nanopore2023_Q90.fastq	542d8eca-b70c-3c03-8ed0-7c1da406509e	LINC00383:STARD13-AS	2	LowConfidence	True_Recall	positive	10GB	90%	intra_chromosome
jaffal_results_porechopped_sim_dataporechoptrimmed_Adapter_Spiked_Simulated_10GB_nanopore2023_Q90.fastq	0fc2676c-ace0-d4fa-9edb-808b3088d9e2	CELF2:ERCC6	2	LowConfidence	True_Recall	positive	10GB	90%	intra_chromosome
jaffal_results_porechopped_sim_dataporechoptrimmed_Adapter_Spiked_Simulated_100GB_nanopore2023_Q85.fastq	cbe35904-0158-6e2e-3f8d-1347b074c2c1	CTSC:NDUFS3	2	LowConfidence	True_Recall	positive	100GB	85%	hybrid
jaffal_results_porechopped_sim_dataporechoptrimmed_Adapter_Spiked_Simulated_100GB_nanopore2023_Q95.fastq	09fb0004-7b74-0022-7571-45e84519d6a9	GREB1L:SERPINB8	2	LowConfidence	True_Recall	positive	100GB	95%	intra_chromosome
jaffal_results_porechopped_sim_dataporechoptrimmed_Adapter_Spiked_Simulated_100GB_nanopore2023_Q90.fastq	5c1ce585-22a2-3990-0594-82949e7e6041	RPS29:SERPINA1	2	LowConfidence	False_Call	positive	100GB	90%	false_fusion
jaffal_results_porechopped_sim_dataporechoptrimmed_Adapter_Spiked_Simulated_10GB_nanopore2023_Q90.fastq	87ace113-6f6a-a8ca-d1e1-0ba41361b654	RPS6KA4:BTG4	2	LowConfidence	Partial_Recall	positive	10GB	90%	truncated_tri_fusion
jaffal_results_porechopped_sim_dataporechoptrimmed_Adapter_Spiked_Simulated_1GB_nanopore2023_Q90.fastq	134844b0-b8dc-5ba1-1cfc-3acc50822c9c	SLC43A3:SBF2-AS1	2	LowConfidence	True_Recall	positive	1GB	90%	intra_chromosome
jaffal_results_porechopped_sim_dataporechoptrimmed_Adapter_Spiked_Simulated_10GB_nanopore2023_Q90.fastq	2649258d-ad2c-6593-d747-c9a222facb23	LINC01227:KRBOX5	2	LowConfidence	True_Recall	positive	10GB	90%	intra_chromosome
jaffal_results_porechopped_sim_dataporechoptrimmed_Adapter_Spiked_Simulated_10GB_nanopore2023_Q85.fastq	22f70af6-8d65-9282-d26f-4aed0981a3fa	NELFCD:CSNK2A1	2	LowConfidence	True_Recall	positive	10GB	85%	intra_chromosome
jaffal_results_porechopped_sim_dataporechoptrimmed_Adapter_Spiked_Simulated_10GB_nanopore2023_Q95.fastq	1d4776ff-92d5-f90a-18b0-522249d7c681	NELFCD:CSNK2A1	2	LowConfidence	True_Recall	positive	10GB	95%	intra_chromosome
jaffal_results_porechopped_sim_dataporechoptrimmed_Adapter_Spiked_Simulated_100GB_nanopore2023_Q90.fastq	353785bb-ba0b-3a27-8486-dcd32f7c7e42	GPD1:DAO	2	LowConfidence	True_Recall	positive	100GB	90%	intra_chromosome
jaffal_results_porechopped_sim_dataporechoptrimmed_Adapter_Spiked_Simulated_10GB_nanopore2023_Q95.fastq	3998512a-817d-e02b-fa5b-8ffeae245fe6	THBS3:CTBS	2	LowConfidence	False_Call	positive	10GB	95%	false_fusion
jaffal_results_porechopped_sim_dataporechoptrimmed_Adapter_Spiked_Simulated_10GB_nanopore2023_Q90.fastq	edfa4c14-9502-8053-7877-bef60e1165c1	CTBS:THBS3	2	LowConfidence	False_Call	positive	10GB	90%	false_fusion
jaffal_results_porechopped_sim_dataporechoptrimmed_Adapter_Spiked_Simulated_10GB_nanopore2023_Q95.fastq	67da42bf-7c87-ab4f-0436-53a502da12ae	CTBS:THBS3	2	LowConfidence	False_Call	positive	10GB	95%	false_fusion
jaffal_results_porechopped_sim_dataporechoptrimmed_Adapter_Spiked_Simulated_10GB_nanopore2023_Q90.fastq	9182c0c4-6b46-08d4-e99c-6015c9f424ed	LINC00551:STARD13-AS	2	LowConfidence	True_Recall	positive	10GB	90%	intra_chromosome
jaffal_results_porechopped_sim_dataporechoptrimmed_Adapter_Simulated_100GB_nanopore2023_Q95.fastq	64381491-c186-2de6-86cc-5001b4a60cc2	ALB:FGG	2	LowConfidence	False_Call	negative	100GB	95%	false_fusion
jaffal_results_porechopped_sim_dataporechoptrimmed_Adapter_Spiked_Simulated_10GB_nanopore2023_Q90.fastq	176daa5d-3a8c-b45b-6e74-21147b7598b1	PSMD5:EBLN3P	2	LowConfidence	True_Recall	positive	10GB	90%	intra_chromosome
jaffal_results_porechopped_sim_dataporechoptrimmed_Adapter_Spiked_Simulated_100GB_nanopore2023_Q95.fastq	7350ce7c-f7ea-493b-3506-d1421860d69f	ENSG00000291178:WIPI2	2	LowConfidence	True_Recall	positive	100GB	95%	intra_chromosome
jaffal_results_porechopped_sim_dataporechoptrimmed_Adapter_Spiked_Simulated_10GB_nanopore2023_Q85.fastq	f3e19206-6ca9-220d-34a8-dd94cb217755	ENSG00000289039:CREM	2	LowConfidence	True_Recall	positive	10GB	85%	intra_chromosome
jaffal_results_porechopped_sim_dataporechoptrimmed_Adapter_Spiked_Simulated_10GB_nanopore2023_Q90.fastq	a3af6f01-e40a-7ab8-c3b0-b83bd57787e7	ENSG00000289039:CREM	2	LowConfidence	True_Recall	positive	10GB	90%	intra_chromosome
jaffal_results_porechopped_sim_dataporechoptrimmed_Adapter_Spiked_Simulated_100GB_nanopore2023_Q85.fastq	da5f527a-a9aa-8ab1-4d30-8ea661826865	PDE6A:GDNF	2	LowConfidence	False_Call	positive	100GB	85%	false_fusion
jaffal_results_porechopped_sim_dataporechoptrimmed_Adapter_Spiked_Simulated_10GB_nanopore2023_Q95.fastq	309324c3-4bf8-8f53-1053-2060b119e306	AFDN:BRPF3	2	LowConfidence	Partial_Recall	positive	10GB	95%	truncated_tri_fusion
jaffal_results_porechopped_sim_dataporechoptrimmed_Adapter_Spiked_Simulated_10GB_nanopore2023_Q95.fastq	8827874a-5d32-ccef-25e1-599cb1c95b72	STX12:CSRP1	2	LowConfidence	True_Recall	positive	10GB	95%	intra_chromosome
jaffal_results_porechopped_sim_dataporechoptrimmed_Adapter_Simulated_100GB_nanopore2023_Q85.fastq	255c301b-77af-e2de-7fc3-d0a255ddc859	CFL1:RACK1	2	LowConfidence	False_Call	negative	100GB	85%	false_fusion
jaffal_results_porechopped_sim_dataporechoptrimmed_Adapter_Simulated_100GB_nanopore2023_Q85.fastq	0e25fc2f-e668-a40e-7708-48b9bbac7783	SERPINA1:RACK1	2	LowConfidence	False_Call	negative	100GB	85%	false_fusion
jaffal_results_porechopped_sim_dataporechoptrimmed_Adapter_Simulated_100GB_nanopore2023_Q85.fastq	42554fd9-c15f-b173-3c21-1232c67e919f	SNRPB:ALB	2	LowConfidence	False_Call	negative	100GB	85%	false_fusion
jaffal_results_porechopped_sim_dataporechoptrimmed_Adapter_Simulated_100GB_nanopore2023_Q85.fastq	581bc9cf-6e36-df9c-4207-19a841eb4658	ALB:AHSG	2	LowConfidence	False_Call	negative	100GB	85%	false_fusion
jaffal_results_porechopped_sim_dataporechoptrimmed_Adapter_Simulated_100GB_nanopore2023_Q85.fastq	fcaabd33-7889-2787-52a6-c02b7579fe62	ALB:TF	2	LowConfidence	False_Call	negative	100GB	85%	false_fusion
jaffal_results_porechopped_sim_dataporechoptrimmed_Adapter_Simulated_100GB_nanopore2023_Q85.fastq	2ada4237-380b-238b-53ca-35cfd66c0651	ALB:RPS16	2	LowConfidence	False_Call	negative	100GB	85%	false_fusion
jaffal_results_porechopped_sim_dataporechoptrimmed_Adapter_Simulated_100GB_nanopore2023_Q85.fastq	b7262ecd-6253-021c-2d62-90a210d3d7c3	EEF1A1:NQO1	2	LowConfidence	False_Call	negative	100GB	85%	false_fusion
jaffal_results_porechopped_sim_dataporechoptrimmed_Adapter_Spiked_Simulated_100GB_nanopore2023_Q85.fastq	68a8c7c9-52fb-aaa4-8946-ae402dad6399	ZSCAN32:FDPS	2	LowConfidence	Partial_Recall	positive	100GB	85%	truncated_tri_fusion
jaffal_results_porechopped_sim_dataporechoptrimmed_Adapter_Spiked_Simulated_100GB_nanopore2023_Q85.fastq	132ce83a-7b6c-0fb1-8673-deffd9757bce	ADAM17:WDR53	2	LowConfidence	Partial_Recall	positive	100GB	85%	truncated_tri_fusion
jaffal_results_porechopped_sim_dataporechoptrimmed_Adapter_Spiked_Simulated_100GB_nanopore2023_Q85.fastq	dcf78368-86f6-b915-ecf6-5412e642fb7e	NUTM2E:CDK12	2	LowConfidence	True_Recall	positive	100GB	85%	hybrid
jaffal_results_porechopped_sim_dataporechoptrimmed_Adapter_Spiked_Simulated_100GB_nanopore2023_Q85.fastq	f185ecbc-e5a7-8d7e-78da-0ae4c0b44064	RGR:YY1	2	LowConfidence	True_Recall	positive	100GB	85%	hybrid
jaffal_results_porechopped_sim_dataporechoptrimmed_Adapter_Spiked_Simulated_100GB_nanopore2023_Q85.fastq	53f38e61-13ff-a6f9-2fc0-38fa1d7405bb	VWA5A:ENSG00000237250	2	LowConfidence	True_Recall	positive	100GB	85%	hybrid
jaffal_results_porechopped_sim_dataporechoptrimmed_Adapter_Spiked_Simulated_100GB_nanopore2023_Q85.fastq	7003116a-4ae5-2a69-428c-04978a5e4b90	OR4P4:ATP7B	2	LowConfidence	False_Call	positive	100GB	85%	false_fusion
jaffal_results_porechopped_sim_dataporechoptrimmed_Adapter_Spiked_Simulated_100GB_nanopore2023_Q85.fastq	4acc6b36-f164-f4ae-af25-ffa2ab53dde3	ENSG00000254979:ZSCAN32	2	LowConfidence	Partial_Recall	positive	100GB	85%	truncated_tri_fusion
jaffal_results_porechopped_sim_dataporechoptrimmed_Adapter_Spiked_Simulated_100GB_nanopore2023_Q85.fastq	4a0899ee-22a1-ab1d-dd56-81a875c72588	BANF1:ELOVL1	2	LowConfidence	Partial_Recall	positive	100GB	85%	truncated_tri_fusion
jaffal_results_porechopped_sim_dataporechoptrimmed_Adapter_Spiked_Simulated_100GB_nanopore2023_Q85.fastq	95805a8b-bbfa-5d3a-0a64-c757b0ff1d6a	LDLRAD4:CEP112	2	LowConfidence	False_Call	positive	100GB	85%	false_fusion
jaffal_results_porechopped_sim_dataporechoptrimmed_Adapter_Spiked_Simulated_100GB_nanopore2023_Q85.fastq	af35de63-7f07-0078-5400-58dcf8d1f368	MME:RPS6KA4	2	LowConfidence	Partial_Recall	positive	100GB	85%	truncated_tri_fusion
jaffal_results_porechopped_sim_dataporechoptrimmed_Adapter_Spiked_Simulated_100GB_nanopore2023_Q85.fastq	e4dc8198-9af5-df2d-1827-3cdf2e6d4c4b	AHSG:EEF1A1	2	LowConfidence	False_Call	positive	100GB	85%	false_fusion
jaffal_results_porechopped_sim_dataporechoptrimmed_Adapter_Spiked_Simulated_100GB_nanopore2023_Q85.fastq	52482206-fa9d-9326-45e2-9b0beea2e15d	PRKAR2A:USP9Y	2	LowConfidence	True_Recall	positive	100GB	85%	hybrid
jaffal_results_porechopped_sim_dataporechoptrimmed_Adapter_Spiked_Simulated_100GB_nanopore2023_Q85.fastq	3fcccf7d-2737-d060-8275-8a24fc68fe98	FRAS1:ZNF670	2	LowConfidence	False_Call	positive	100GB	85%	false_fusion
jaffal_results_porechopped_sim_dataporechoptrimmed_Adapter_Spiked_Simulated_100GB_nanopore2023_Q85.fastq	fb445903-4e8b-795f-473f-ad4a737163f0	EEF1A1:ALB	2	LowConfidence	False_Call	positive	100GB	85%	false_fusion
jaffal_results_porechopped_sim_dataporechoptrimmed_Adapter_Spiked_Simulated_100GB_nanopore2023_Q85.fastq	a827b7ec-a07b-05b3-f50e-ca20c2ca07a9	SLC30A8:IL12RB2	2	LowConfidence	Partial_Recall	positive	100GB	85%	truncated_tri_fusion
jaffal_results_porechopped_sim_dataporechoptrimmed_Adapter_Spiked_Simulated_100GB_nanopore2023_Q85.fastq	275a0e63-f98b-54ce-9cac-75acede1fba1	HDAC6:CCDC30	2	LowConfidence	Partial_Recall	positive	100GB	85%	truncated_tri_fusion
jaffal_results_porechopped_sim_dataporechoptrimmed_Adapter_Spiked_Simulated_10GB_nanopore2023_Q85.fastq	047eb3f9-c01f-966d-5176-a7ca36da4a1d	CUL2:DDHD2	2	LowConfidence	True_Recall	positive	10GB	85%	hybrid
jaffal_results_porechopped_sim_dataporechoptrimmed_Adapter_Spiked_Simulated_10GB_nanopore2023_Q85.fastq	9f1ae1fd-6559-a71d-c2b1-eb0eedb72699	ENSG00000241577:CKMT2-AS1	2	LowConfidence	False_Call	positive	10GB	85%	false_fusion
jaffal_results_porechopped_sim_dataporechoptrimmed_Adapter_Spiked_Simulated_10GB_nanopore2023_Q85.fastq	11f013e9-55f4-b25e-bfda-6204b90e0c18	NRDE2:SNHG6	2	LowConfidence	Partial_Recall	positive	10GB	85%	truncated_tri_fusion
jaffal_results_porechopped_sim_dataporechoptrimmed_Adapter_Spiked_Simulated_10GB_nanopore2023_Q85.fastq	af10be19-864f-506f-490d-0531bbbf4541	MGST3:SRP68	2	LowConfidence	Partial_Recall	positive	10GB	85%	truncated_tri_fusion
jaffal_results_porechopped_sim_dataporechoptrimmed_Adapter_Spiked_Simulated_10GB_nanopore2023_Q85.fastq	c5b97e60-9ae7-6549-b3ce-38a8a32d4ca2	THSD4:ALS2	2	LowConfidence	Partial_Recall	positive	10GB	85%	truncated_tri_fusion
jaffal_results_porechopped_sim_dataporechoptrimmed_Adapter_Spiked_Simulated_10GB_nanopore2023_Q85.fastq	e3eef19c-5b04-4b54-ef09-f89bc6da7553	FAM174B:CPA4	2	LowConfidence	Partial_Recall	positive	10GB	85%	truncated_tri_fusion
jaffal_results_porechopped_sim_dataporechoptrimmed_Adapter_Spiked_Simulated_10GB_nanopore2023_Q85.fastq	5629f29c-df12-6b3f-a715-bfa1dbf29fdb	KCTD19:SKIC3	2	LowConfidence	Partial_Recall	positive	10GB	85%	truncated_tri_fusion
jaffal_results_porechopped_sim_dataporechoptrimmed_Adapter_Spiked_Simulated_10GB_nanopore2023_Q85.fastq	5cdd015b-9643-77c7-f530-e3dc51a1e880	MFF:GDNF	2	LowConfidence	Partial_Recall	positive	10GB	85%	truncated_tri_fusion
jaffal_results_porechopped_sim_dataporechoptrimmed_Adapter_Spiked_Simulated_10GB_nanopore2023_Q85.fastq	83d63a5e-c33a-d50d-ddb5-53408ecc33bd	JADE1:LINC00205	2	LowConfidence	True_Recall	positive	10GB	85%	hybrid
jaffal_results_porechopped_sim_dataporechoptrimmed_Adapter_Spiked_Simulated_10GB_nanopore2023_Q85.fastq	0d3af339-3c3e-2e1d-ba74-772df0a3e859	HMMR:POMT1	2	LowConfidence	Partial_Recall	positive	10GB	85%	truncated_tri_fusion
jaffal_results_porechopped_sim_dataporechoptrimmed_Adapter_Spiked_Simulated_10GB_nanopore2023_Q85.fastq	a678bb3c-2480-ee5d-95ce-19cdd73fd71c	CBY3:ENSG00000228274	2	LowConfidence	Partial_Recall	positive	10GB	85%	truncated_tri_fusion
jaffal_results_porechopped_sim_dataporechoptrimmed_Adapter_Spiked_Simulated_10GB_nanopore2023_Q85.fastq	1339ef88-3318-ea16-d733-8731e1e2fb92	SIRT5:USP9X	2	LowConfidence	Partial_Recall	positive	10GB	85%	truncated_tri_fusion
jaffal_results_porechopped_sim_dataporechoptrimmed_Adapter_Spiked_Simulated_10GB_nanopore2023_Q85.fastq	68024c24-9376-79fb-a7a4-ee7bdb115176	TINAG:ENSG00000268416	2	LowConfidence	Partial_Recall	positive	10GB	85%	truncated_tri_fusion
jaffal_results_porechopped_sim_dataporechoptrimmed_Adapter_Spiked_Simulated_10GB_nanopore2023_Q85.fastq	374da72c-dd51-7572-a0be-0fc3fe9c3999	PMPCB:SMCO1	2	LowConfidence	Partial_Recall	positive	10GB	85%	truncated_tri_fusion
jaffal_results_porechopped_sim_dataporechoptrimmed_Adapter_Spiked_Simulated_10GB_nanopore2023_Q85.fastq	1acaf5b4-3727-8ca2-c725-b7519762f934	POMT1:ADAM17	2	LowConfidence	Partial_Recall	positive	10GB	85%	truncated_tri_fusion
jaffal_results_porechopped_sim_dataporechoptrimmed_Adapter_Spiked_Simulated_10GB_nanopore2023_Q85.fastq	048950b1-7ee2-5a94-3534-83778b507991	ENSG00000260995:CASP7	2	LowConfidence	Partial_Recall	positive	10GB	85%	truncated_tri_fusion
jaffal_results_porechopped_sim_dataporechoptrimmed_Adapter_Simulated_100GB_nanopore2023_Q90.fastq	1ba0d9e1-0b6f-9f5f-9320-aca095813317	FTH1:GPC3	2	LowConfidence	False_Call	negative	100GB	90%	false_fusion
jaffal_results_porechopped_sim_dataporechoptrimmed_Adapter_Simulated_100GB_nanopore2023_Q90.fastq	32f0f1d7-cb64-3185-b4c5-79743581f098	ENSG00000254951:DLEU1	2	LowConfidence	False_Call	negative	100GB	90%	false_fusion
jaffal_results_porechopped_sim_dataporechoptrimmed_Adapter_Simulated_100GB_nanopore2023_Q90.fastq	dba97d61-c899-1152-ce42-32ed9bce1d43	RPLP0:NPM1	2	LowConfidence	False_Call	negative	100GB	90%	false_fusion
jaffal_results_porechopped_sim_dataporechoptrimmed_Adapter_Simulated_100GB_nanopore2023_Q90.fastq	4da9509d-37ac-3161-c9e6-a3abe6d2b50e	SERPINA3:ALB	2	LowConfidence	False_Call	negative	100GB	90%	false_fusion
jaffal_results_porechopped_sim_dataporechoptrimmed_Adapter_Simulated_100GB_nanopore2023_Q90.fastq	fc623421-0262-ee8c-3c10-adddccc26484	RPS15:RACK1	2	LowConfidence	False_Call	negative	100GB	90%	false_fusion
jaffal_results_porechopped_sim_dataporechoptrimmed_Adapter_Simulated_100GB_nanopore2023_Q90.fastq	6d1d5f32-f193-78b9-dc61-69863f5804af	LINC01876:ENSG00000189229	2	LowConfidence	False_Call	negative	100GB	90%	false_fusion
jaffal_results_porechopped_sim_dataporechoptrimmed_Adapter_Simulated_100GB_nanopore2023_Q90.fastq	391f4e9d-40a4-1b2c-7bff-cae818d337bc	SRPRB:EEF1G	2	LowConfidence	False_Call	negative	100GB	90%	false_fusion
jaffal_results_porechopped_sim_dataporechoptrimmed_Adapter_Simulated_100GB_nanopore2023_Q90.fastq	f79bc5e4-8514-f384-51ab-5937b8447ced	RACK1:FTL	2	LowConfidence	False_Call	negative	100GB	90%	false_fusion
jaffal_results_porechopped_sim_dataporechoptrimmed_Adapter_Spiked_Simulated_100GB_nanopore2023_Q90.fastq	4dac9cf3-9eee-14ef-d9c5-c1a6dde0447a	KDM2B:HDAC6	2	LowConfidence	Partial_Recall	positive	100GB	90%	truncated_tri_fusion
jaffal_results_porechopped_sim_dataporechoptrimmed_Adapter_Spiked_Simulated_100GB_nanopore2023_Q90.fastq	6579c878-c1a6-f10f-16a8-984adec6bf54	LDLRAD4:ENSG00000258938	2	LowConfidence	False_Call	positive	100GB	90%	false_fusion
jaffal_results_porechopped_sim_dataporechoptrimmed_Adapter_Spiked_Simulated_100GB_nanopore2023_Q90.fastq	5674466d-cf9f-9f6a-c415-6de340e10801	ALS2:RMND5B	2	LowConfidence	Partial_Recall	positive	100GB	90%	truncated_tri_fusion
jaffal_results_porechopped_sim_dataporechoptrimmed_Adapter_Spiked_Simulated_100GB_nanopore2023_Q90.fastq	473905e9-ec14-cefc-d128-4a28c20603b1	UGT1A4:ACD	2	LowConfidence	False_Call	positive	100GB	90%	false_fusion
jaffal_results_porechopped_sim_dataporechoptrimmed_Adapter_Spiked_Simulated_100GB_nanopore2023_Q90.fastq	2c46aa25-0d8c-0bc8-6e5d-94a6a326a00d	OR4P4:ENSG00000287285	2	LowConfidence	False_Call	positive	100GB	90%	false_fusion
jaffal_results_porechopped_sim_dataporechoptrimmed_Adapter_Spiked_Simulated_100GB_nanopore2023_Q90.fastq	aec6dc75-cd10-73f0-9af2-e19da53073e7	PLD5:PLD5P1	2	LowConfidence	False_Call	positive	100GB	90%	false_fusion
jaffal_results_porechopped_sim_dataporechoptrimmed_Adapter_Spiked_Simulated_100GB_nanopore2023_Q90.fastq	df32d5ef-c300-e78b-3dc3-9f22ed237d96	CEP83-DT:ENSG00000267448	2	LowConfidence	Partial_Recall	positive	100GB	90%	truncated_tri_fusion
jaffal_results_porechopped_sim_dataporechoptrimmed_Adapter_Spiked_Simulated_100GB_nanopore2023_Q90.fastq	65c1d57a-412f-7f94-664f-d2930ffbda0c	ENSG00000290689:RECQL4	2	LowConfidence	False_Call	positive	100GB	90%	false_fusion
jaffal_results_porechopped_sim_dataporechoptrimmed_Adapter_Spiked_Simulated_100GB_nanopore2023_Q90.fastq	1b349b42-0259-98b6-afa5-098232c5f99b	ACD:UGT1A4	2	LowConfidence	False_Call	positive	100GB	90%	false_fusion
jaffal_results_porechopped_sim_dataporechoptrimmed_Adapter_Spiked_Simulated_100GB_nanopore2023_Q90.fastq	af400a1c-5bb8-6cfd-2111-ceb5dfd96a19	ENSG00000260983:TRMT112	2	LowConfidence	False_Call	positive	100GB	90%	false_fusion
jaffal_results_porechopped_sim_dataporechoptrimmed_Adapter_Spiked_Simulated_100GB_nanopore2023_Q90.fastq	e437b6c8-c214-ba95-424d-b0a4d97ba3c5	LDLRAD4:CEP112	2	LowConfidence	False_Call	positive	100GB	90%	false_fusion
jaffal_results_porechopped_sim_dataporechoptrimmed_Adapter_Spiked_Simulated_100GB_nanopore2023_Q90.fastq	87031da0-60cb-be91-2791-0f3fb7af51a1	FTL:EEF1A1	2	LowConfidence	False_Call	positive	100GB	90%	false_fusion
jaffal_results_porechopped_sim_dataporechoptrimmed_Adapter_Spiked_Simulated_100GB_nanopore2023_Q90.fastq	8939888d-06ea-1362-d06f-9f59ca192e86	FTL:ALB	2	LowConfidence	False_Call	positive	100GB	90%	false_fusion
jaffal_results_porechopped_sim_dataporechoptrimmed_Adapter_Spiked_Simulated_100GB_nanopore2023_Q90.fastq	871f116a-f7ac-c75e-e951-24a06d3ee8f0	ENSG00000290732:GSAP	2	LowConfidence	False_Call	positive	100GB	90%	false_fusion
jaffal_results_porechopped_sim_dataporechoptrimmed_Adapter_Spiked_Simulated_100GB_nanopore2023_Q90.fastq	73a859bb-86cd-34b3-a0a6-00c92cb293bb	ADAM17:WDR53	2	LowConfidence	Partial_Recall	positive	100GB	90%	truncated_tri_fusion
jaffal_results_porechopped_sim_dataporechoptrimmed_Adapter_Spiked_Simulated_100GB_nanopore2023_Q90.fastq	01f0c353-966a-cb4f-8513-9e3c3448925c	RPL32:FTL	2	LowConfidence	False_Call	positive	100GB	90%	false_fusion
jaffal_results_porechopped_sim_dataporechoptrimmed_Adapter_Spiked_Simulated_100GB_nanopore2023_Q90.fastq	a46b40b8-8c79-c208-6086-67b3dabd2ab1	TF:RPLP2	2	LowConfidence	False_Call	positive	100GB	90%	false_fusion
jaffal_results_porechopped_sim_dataporechoptrimmed_Adapter_Spiked_Simulated_100GB_nanopore2023_Q90.fastq	a159fc81-28b9-a5e4-20cb-b10beae27e0d	RACK1:EEF1A1	2	LowConfidence	False_Call	positive	100GB	90%	false_fusion
jaffal_results_porechopped_sim_dataporechoptrimmed_Adapter_Spiked_Simulated_100GB_nanopore2023_Q90.fastq	cc30abe8-6119-09e7-9d2c-c9fd65fcd446	RACK1:ALB	2	LowConfidence	False_Call	positive	100GB	90%	false_fusion
jaffal_results_porechopped_sim_dataporechoptrimmed_Adapter_Spiked_Simulated_100GB_nanopore2023_Q90.fastq	ab4f3624-f044-670f-3aa2-c54b6b475702	RPS23:EEF1A1	2	LowConfidence	False_Call	positive	100GB	90%	false_fusion
jaffal_results_porechopped_sim_dataporechoptrimmed_Adapter_Spiked_Simulated_100GB_nanopore2023_Q90.fastq	c1f14713-b27e-3955-df66-d3890a025f0b	EEF1A1:TPT1	2	LowConfidence	False_Call	positive	100GB	90%	false_fusion
jaffal_results_porechopped_sim_dataporechoptrimmed_Adapter_Spiked_Simulated_100GB_nanopore2023_Q90.fastq	5ba27372-39c5-f2d2-e99e-a75c239266dc	EEF1A1:APOA2	2	LowConfidence	False_Call	positive	100GB	90%	false_fusion
jaffal_results_porechopped_sim_dataporechoptrimmed_Adapter_Spiked_Simulated_100GB_nanopore2023_Q90.fastq	848833d6-1cdf-2424-df4e-4146771ca8d4	RPS6:RACK1	2	LowConfidence	False_Call	positive	100GB	90%	false_fusion
jaffal_results_porechopped_sim_dataporechoptrimmed_Adapter_Spiked_Simulated_10GB_nanopore2023_Q90.fastq	1ef4a458-174e-deea-4dd7-25969ac839ab	NUTM2E:CDK12	2	LowConfidence	True_Recall	positive	10GB	90%	hybrid
jaffal_results_porechopped_sim_dataporechoptrimmed_Adapter_Spiked_Simulated_10GB_nanopore2023_Q90.fastq	3a8edc6a-1911-0661-5f27-7ecd41c648eb	ZAR1L:PCBD2	2	LowConfidence	False_Call	positive	10GB	90%	false_fusion
jaffal_results_porechopped_sim_dataporechoptrimmed_Adapter_Spiked_Simulated_10GB_nanopore2023_Q90.fastq	43423264-ee95-0bfe-7b6c-f68c8dcf7d87	APBA2:FGFR1	2	LowConfidence	Partial_Recall	positive	10GB	90%	truncated_tri_fusion
jaffal_results_porechopped_sim_dataporechoptrimmed_Adapter_Spiked_Simulated_10GB_nanopore2023_Q90.fastq	3a3fc17d-37f5-0fb8-9587-b7de47e4d178	ZSCAN32:FDPS	2	LowConfidence	Partial_Recall	positive	10GB	90%	truncated_tri_fusion
jaffal_results_porechopped_sim_dataporechoptrimmed_Adapter_Spiked_Simulated_10GB_nanopore2023_Q90.fastq	2f525771-696c-2945-9aeb-032bfc089c3a	KCTD19:SKIC3	2	LowConfidence	Partial_Recall	positive	10GB	90%	truncated_tri_fusion
jaffal_results_porechopped_sim_dataporechoptrimmed_Adapter_Spiked_Simulated_10GB_nanopore2023_Q90.fastq	c04e4b21-0dc6-8275-91d3-636ae758aa92	ZNF627:HNRNPA3	2	LowConfidence	Partial_Recall	positive	10GB	90%	truncated_tri_fusion
jaffal_results_porechopped_sim_dataporechoptrimmed_Adapter_Spiked_Simulated_10GB_nanopore2023_Q90.fastq	314e83a6-d276-500e-747e-330129d4f401	LINC01964:ADA2	2	LowConfidence	Partial_Recall	positive	10GB	90%	truncated_tri_fusion
jaffal_results_porechopped_sim_dataporechoptrimmed_Adapter_Spiked_Simulated_10GB_nanopore2023_Q90.fastq	931e7ac1-fa34-f635-b2d0-b1efa6810de7	RAP1GDS1:SLC29A3	2	LowConfidence	Partial_Recall	positive	10GB	90%	truncated_tri_fusion
jaffal_results_porechopped_sim_dataporechoptrimmed_Adapter_Spiked_Simulated_10GB_nanopore2023_Q90.fastq	b93d519f-eced-1109-e0fb-bc3e259e8f96	ENSG00000276418:ENSG00000197462	2	LowConfidence	False_Call	positive	10GB	90%	false_fusion
jaffal_results_porechopped_sim_dataporechoptrimmed_Adapter_Spiked_Simulated_10GB_nanopore2023_Q90.fastq	26df5cd7-db9b-9130-6afa-0117c35aeb23	GTF3C5:LINC01964	2	LowConfidence	Partial_Recall	positive	10GB	90%	truncated_tri_fusion
jaffal_results_porechopped_sim_dataporechoptrimmed_Adapter_Spiked_Simulated_10GB_nanopore2023_Q90.fastq	55c0f65d-9aa5-a2ca-c8da-fc9efc24e7f4	OR4P4:ATP7B	2	LowConfidence	False_Call	positive	10GB	90%	false_fusion
jaffal_results_porechopped_sim_dataporechoptrimmed_Adapter_Spiked_Simulated_10GB_nanopore2023_Q90.fastq	8bcd9cf1-1180-3f09-f94d-b4aee1848e31	RNASEH2C:LNX1	2	LowConfidence	False_Call	positive	10GB	90%	false_fusion
jaffal_results_porechopped_sim_dataporechoptrimmed_Adapter_Spiked_Simulated_10GB_nanopore2023_Q90.fastq	3fff67eb-fa52-1a83-173a-8c2fec776a0f	LINC01141:USP44	2	LowConfidence	Partial_Recall	positive	10GB	90%	truncated_tri_fusion
jaffal_results_porechopped_sim_dataporechoptrimmed_Adapter_Spiked_Simulated_10GB_nanopore2023_Q90.fastq	37763bd1-7fdd-197c-0959-08ba10516066	WIF1:SSR4	2	LowConfidence	True_Recall	positive	10GB	90%	hybrid
jaffal_results_porechopped_sim_dataporechoptrimmed_Adapter_Spiked_Simulated_10GB_nanopore2023_Q90.fastq	70f921fb-6ac8-a988-805e-197697f5d829	SNX6:CPNE1	2	LowConfidence	False_Call	positive	10GB	90%	false_fusion
jaffal_results_porechopped_sim_dataporechoptrimmed_Adapter_Spiked_Simulated_10GB_nanopore2023_Q90.fastq	03c473d3-53e0-7900-21b3-33db7e826f36	SLC35F4:ENSG00000283352	2	LowConfidence	False_Call	positive	10GB	90%	false_fusion
jaffal_results_porechopped_sim_dataporechoptrimmed_Adapter_Spiked_Simulated_10GB_nanopore2023_Q90.fastq	18d00c23-fc04-e35c-f08a-8902516e511a	SLC28A2:USP2	2	LowConfidence	Partial_Recall	positive	10GB	90%	truncated_tri_fusion
jaffal_results_porechopped_sim_dataporechoptrimmed_Adapter_Spiked_Simulated_10GB_nanopore2023_Q90.fastq	c96aeb25-c0ef-5cfe-555f-87f262db80ff	ENSG00000291210:RECQL4	2	LowConfidence	False_Call	positive	10GB	90%	false_fusion
jaffal_results_porechopped_sim_dataporechoptrimmed_Adapter_Spiked_Simulated_10GB_nanopore2023_Q90.fastq	2410940a-15d4-6132-580f-4582a44ff8fd	TMUB2:SLC4A3	2	LowConfidence	Partial_Recall	positive	10GB	90%	truncated_tri_fusion
jaffal_results_porechopped_sim_dataporechoptrimmed_Adapter_Spiked_Simulated_10GB_nanopore2023_Q90.fastq	1e4009c9-b168-31ab-0dd4-e694726d7185	ENSG00000234255:TMEM108-AS1	2	LowConfidence	True_Recall	positive	10GB	90%	hybrid
jaffal_results_porechopped_sim_dataporechoptrimmed_Adapter_Spiked_Simulated_10GB_nanopore2023_Q90.fastq	a8529e43-37af-8d81-1387-4ae58e9cff21	ENSG00000281920:ASPH	2	LowConfidence	Partial_Recall	positive	10GB	90%	truncated_tri_fusion
jaffal_results_porechopped_sim_dataporechoptrimmed_Adapter_Spiked_Simulated_10GB_nanopore2023_Q90.fastq	0908620b-16e4-0545-7714-db19155bb516	CCDC158:NPAS3	2	LowConfidence	False_Call	positive	10GB	90%	false_fusion
jaffal_results_porechopped_sim_dataporechoptrimmed_Adapter_Spiked_Simulated_10GB_nanopore2023_Q90.fastq	37eb4ad7-7f32-ab67-f44d-8af3fb1899f2	CCT5:ENSG00000264860	2	LowConfidence	True_Recall	positive	10GB	90%	hybrid
jaffal_results_porechopped_sim_dataporechoptrimmed_Adapter_Spiked_Simulated_10GB_nanopore2023_Q90.fastq	b9f6f201-79fe-b1d5-80ad-aca2f1b57908	ENSG00000290106:TCEANC2	2	LowConfidence	True_Recall	positive	10GB	90%	hybrid
jaffal_results_porechopped_sim_dataporechoptrimmed_Adapter_Spiked_Simulated_10GB_nanopore2023_Q90.fastq	282f538e-cccb-532d-4267-bf132d04f53e	MAGI2-AS3:NEDD1	2	LowConfidence	Partial_Recall	positive	10GB	90%	truncated_tri_fusion
jaffal_results_porechopped_sim_dataporechoptrimmed_Adapter_Spiked_Simulated_10GB_nanopore2023_Q90.fastq	b954fa03-ca0f-d1be-96b2-e01806a79926	PORCN:OR2F2	2	LowConfidence	Partial_Recall	positive	10GB	90%	truncated_tri_fusion
jaffal_results_porechopped_sim_dataporechoptrimmed_Adapter_Spiked_Simulated_1GB_nanopore2023_Q90.fastq	3a3fc17d-37f5-0fb8-9587-b7de47e4d178	ZSCAN32:FDPS	2	LowConfidence	Partial_Recall	positive	1GB	90%	truncated_tri_fusion
jaffal_results_porechopped_sim_dataporechoptrimmed_Adapter_Spiked_Simulated_1GB_nanopore2023_Q90.fastq	3a3fc17d-37f5-0fb8-9587-b7de47e4d178	ENSG00000254979:ZSCAN32	2	LowConfidence	Partial_Recall	positive	1GB	90%	truncated_tri_fusion
jaffal_results_porechopped_sim_dataporechoptrimmed_Adapter_Simulated_100GB_nanopore2023_Q95.fastq	9c7f0c53-6b02-d5fc-bed5-d0a60c7a07af	FTH1:TF	2	LowConfidence	False_Call	negative	100GB	95%	false_fusion
jaffal_results_porechopped_sim_dataporechoptrimmed_Adapter_Simulated_100GB_nanopore2023_Q95.fastq	458febc1-5649-a2d6-3ac8-12235092718d	FTH1:EEF1A1	2	LowConfidence	False_Call	negative	100GB	95%	false_fusion
jaffal_results_porechopped_sim_dataporechoptrimmed_Adapter_Simulated_100GB_nanopore2023_Q95.fastq	e07eeed7-202f-d486-19de-f3652a5b3324	ENSG00000269968:RPS18	2	LowConfidence	False_Call	negative	100GB	95%	false_fusion
jaffal_results_porechopped_sim_dataporechoptrimmed_Adapter_Simulated_100GB_nanopore2023_Q95.fastq	829f18ff-7042-0545-1815-7c99fa0d9be9	A2M:RPL8	2	LowConfidence	False_Call	negative	100GB	95%	false_fusion
jaffal_results_porechopped_sim_dataporechoptrimmed_Adapter_Simulated_100GB_nanopore2023_Q95.fastq	57542278-542d-a84c-a2cb-3bfd3edac292	SERPINA1:RPL37	2	LowConfidence	False_Call	negative	100GB	95%	false_fusion
jaffal_results_porechopped_sim_dataporechoptrimmed_Adapter_Simulated_100GB_nanopore2023_Q95.fastq	4e36b0f7-bbe1-6259-f59f-dfe868840d7e	FTL:SERPINA1	2	LowConfidence	False_Call	negative	100GB	95%	false_fusion
jaffal_results_porechopped_sim_dataporechoptrimmed_Adapter_Simulated_100GB_nanopore2023_Q95.fastq	55144937-9850-c9ce-d35c-91e8a237dc37	FTL:SERPINA1	2	LowConfidence	False_Call	negative	100GB	95%	false_fusion
jaffal_results_porechopped_sim_dataporechoptrimmed_Adapter_Simulated_100GB_nanopore2023_Q95.fastq	c3a8fceb-cae6-5a74-fd33-1ecbb6084d2e	CST3:RACK1	2	LowConfidence	False_Call	negative	100GB	95%	false_fusion
jaffal_results_porechopped_sim_dataporechoptrimmed_Adapter_Simulated_100GB_nanopore2023_Q95.fastq	2212df8e-ce82-1b17-eaf6-1743f9e89933	RPS21:APOA2	2	LowConfidence	False_Call	negative	100GB	95%	false_fusion
jaffal_results_porechopped_sim_dataporechoptrimmed_Adapter_Simulated_100GB_nanopore2023_Q95.fastq	aee60791-0b6a-33ce-7527-7d328b6167d1	LINC01876:ENSG00000189229	2	LowConfidence	False_Call	negative	100GB	95%	false_fusion
jaffal_results_porechopped_sim_dataporechoptrimmed_Adapter_Simulated_100GB_nanopore2023_Q95.fastq	72194165-288b-e951-d8a0-b0b8f6bb9281	LINC01376:DLEU1	2	LowConfidence	False_Call	negative	100GB	95%	false_fusion
jaffal_results_porechopped_sim_dataporechoptrimmed_Adapter_Simulated_100GB_nanopore2023_Q95.fastq	ba28cefa-7c88-9976-40f6-7845bfa692c9	SRPRB:RPL4	2	LowConfidence	False_Call	negative	100GB	95%	false_fusion
jaffal_results_porechopped_sim_dataporechoptrimmed_Adapter_Simulated_100GB_nanopore2023_Q95.fastq	b4b2acd2-b4c3-1a40-4da9-f8ab23d07806	ALB:RPL14	2	LowConfidence	False_Call	negative	100GB	95%	false_fusion
jaffal_results_porechopped_sim_dataporechoptrimmed_Adapter_Simulated_100GB_nanopore2023_Q95.fastq	7d18172e-6be2-9b7b-9a8a-11b7a117f8d1	RACK1:RPLP1	2	LowConfidence	False_Call	negative	100GB	95%	false_fusion
jaffal_results_porechopped_sim_dataporechoptrimmed_Adapter_Simulated_100GB_nanopore2023_Q95.fastq	a608c256-4bfd-e99a-18d4-7fe827190d25	RACK1:FABP1	2	LowConfidence	False_Call	negative	100GB	95%	false_fusion
jaffal_results_porechopped_sim_dataporechoptrimmed_Adapter_Simulated_100GB_nanopore2023_Q95.fastq	f5a7de45-41a1-6e99-51aa-b11ea8fa690f	EEF1A1:SERPINA1	2	LowConfidence	False_Call	negative	100GB	95%	false_fusion
jaffal_results_porechopped_sim_dataporechoptrimmed_Adapter_Simulated_100GB_nanopore2023_Q95.fastq	f0783f81-4e73-8ba5-223e-efae202fba6b	EEF1A1:APOA1	2	LowConfidence	False_Call	negative	100GB	95%	false_fusion
jaffal_results_porechopped_sim_dataporechoptrimmed_Adapter_Spiked_Simulated_100GB_nanopore2023_Q95.fastq	5a5cfc67-4040-12f6-cb88-0aa2de8fa54b	ENSG00000277757:CPNE1	2	LowConfidence	False_Call	positive	100GB	95%	false_fusion
jaffal_results_porechopped_sim_dataporechoptrimmed_Adapter_Spiked_Simulated_100GB_nanopore2023_Q95.fastq	7a113422-9bbb-ac7c-c081-4c5d3fc8b52b	DAD1:ALB	2	LowConfidence	False_Call	positive	100GB	95%	false_fusion
jaffal_results_porechopped_sim_dataporechoptrimmed_Adapter_Spiked_Simulated_100GB_nanopore2023_Q95.fastq	83b10bbd-e176-59ca-fc46-8567cb3fb852	LINC00907:AGBL1	2	LowConfidence	False_Call	positive	100GB	95%	false_fusion
jaffal_results_porechopped_sim_dataporechoptrimmed_Adapter_Spiked_Simulated_100GB_nanopore2023_Q95.fastq	157d3eae-d52f-4b62-ccdc-9d4ebe7b03c6	ZRANB3:ERC1	2	LowConfidence	False_Call	positive	100GB	95%	false_fusion
jaffal_results_porechopped_sim_dataporechoptrimmed_Adapter_Spiked_Simulated_100GB_nanopore2023_Q95.fastq	914dd4a6-d928-6b38-a324-8a148915aeff	FAM86B1:KU-MEL-3	2	LowConfidence	False_Call	positive	100GB	95%	false_fusion
jaffal_results_porechopped_sim_dataporechoptrimmed_Adapter_Spiked_Simulated_100GB_nanopore2023_Q95.fastq	06d3f5cf-6a6a-fa3e-6694-e5be72db57bb	PTBP3:ENSG00000288075	2	LowConfidence	False_Call	positive	100GB	95%	false_fusion
jaffal_results_porechopped_sim_dataporechoptrimmed_Adapter_Spiked_Simulated_100GB_nanopore2023_Q95.fastq	51312359-2e53-16fd-b885-c40604be0501	POMT1:ADAM17	2	LowConfidence	Partial_Recall	positive	100GB	95%	truncated_tri_fusion
jaffal_results_porechopped_sim_dataporechoptrimmed_Adapter_Spiked_Simulated_100GB_nanopore2023_Q95.fastq	47532fe1-d672-6d51-1db2-7b086a748389	DHTKD1:THSD4	2	LowConfidence	Partial_Recall	positive	100GB	95%	truncated_tri_fusion
jaffal_results_porechopped_sim_dataporechoptrimmed_Adapter_Spiked_Simulated_100GB_nanopore2023_Q95.fastq	ddf1c42a-6245-3847-4c39-15e9507db729	VDAC2:GAPDH	2	LowConfidence	False_Call	positive	100GB	95%	false_fusion
jaffal_results_porechopped_sim_dataporechoptrimmed_Adapter_Spiked_Simulated_100GB_nanopore2023_Q95.fastq	5a5e1436-68b1-4ed2-abcd-5a0e67365e89	SERPINA1:FTL	2	LowConfidence	False_Call	positive	100GB	95%	false_fusion
jaffal_results_porechopped_sim_dataporechoptrimmed_Adapter_Spiked_Simulated_100GB_nanopore2023_Q95.fastq	7b43ff49-c3eb-c1d9-97ba-fac67a94ca1f	RPL13:AFP	2	LowConfidence	False_Call	positive	100GB	95%	false_fusion
jaffal_results_porechopped_sim_dataporechoptrimmed_Adapter_Spiked_Simulated_100GB_nanopore2023_Q95.fastq	3fb039e3-4744-4b9d-592e-ec8e1c86a03b	ACTG1:TPT1	2	LowConfidence	False_Call	positive	100GB	95%	false_fusion
jaffal_results_porechopped_sim_dataporechoptrimmed_Adapter_Spiked_Simulated_100GB_nanopore2023_Q95.fastq	6c7f1b79-b788-3840-3943-257c8879c012	ZNF627:ENSG00000287398	2	LowConfidence	False_Call	positive	100GB	95%	false_fusion
jaffal_results_porechopped_sim_dataporechoptrimmed_Adapter_Spiked_Simulated_100GB_nanopore2023_Q95.fastq	c6e988fe-34db-1027-5300-68e07301331e	MYO3B-AS1:ASPN	2	LowConfidence	Partial_Recall	positive	100GB	95%	truncated_tri_fusion
jaffal_results_porechopped_sim_dataporechoptrimmed_Adapter_Spiked_Simulated_100GB_nanopore2023_Q95.fastq	0c5471be-96aa-331b-7235-bcd696c4fd64	EEF1B2:ALB	2	LowConfidence	False_Call	positive	100GB	95%	false_fusion
jaffal_results_porechopped_sim_dataporechoptrimmed_Adapter_Spiked_Simulated_100GB_nanopore2023_Q95.fastq	d29c66a6-bbbf-0131-8e20-a70586a0409b	RPL37A:RPL30	2	LowConfidence	False_Call	positive	100GB	95%	false_fusion
jaffal_results_porechopped_sim_dataporechoptrimmed_Adapter_Spiked_Simulated_100GB_nanopore2023_Q95.fastq	ae6d13fd-d5a1-3646-e637-c470412ef759	TF:FTL	2	LowConfidence	False_Call	positive	100GB	95%	false_fusion
jaffal_results_porechopped_sim_dataporechoptrimmed_Adapter_Spiked_Simulated_100GB_nanopore2023_Q95.fastq	d49e929d-2770-f152-9c18-091cf4015233	AHSG:RPS6	2	LowConfidence	False_Call	positive	100GB	95%	false_fusion
jaffal_results_porechopped_sim_dataporechoptrimmed_Adapter_Spiked_Simulated_100GB_nanopore2023_Q95.fastq	c2862e47-7704-5d4d-0eca-051e1f8612c5	AHSG:TPT1	2	LowConfidence	False_Call	positive	100GB	95%	false_fusion
jaffal_results_porechopped_sim_dataporechoptrimmed_Adapter_Spiked_Simulated_100GB_nanopore2023_Q95.fastq	261a19c6-d5b0-25f6-5c2d-f2d4e740c01d	EEF1A1:FTL	2	LowConfidence	False_Call	positive	100GB	95%	false_fusion
jaffal_results_porechopped_sim_dataporechoptrimmed_Adapter_Spiked_Simulated_10GB_nanopore2023_Q95.fastq	b82b7603-8805-7ed0-06e3-5f4f50aa8a4a	ZNF670:FRAS1	2	LowConfidence	False_Call	positive	10GB	95%	false_fusion
jaffal_results_porechopped_sim_dataporechoptrimmed_Adapter_Spiked_Simulated_10GB_nanopore2023_Q95.fastq	c2a4a2b7-721b-d640-9f4d-3d6cccab0848	ENSG00000291210:RECQL4	2	LowConfidence	False_Call	positive	10GB	95%	false_fusion
jaffal_results_porechopped_sim_dataporechoptrimmed_Adapter_Spiked_Simulated_10GB_nanopore2023_Q95.fastq	8f21eeab-b024-8f20-e79e-d8156127d92a	LINC01964:ADA2	2	LowConfidence	Partial_Recall	positive	10GB	95%	truncated_tri_fusion
jaffal_results_porechopped_sim_dataporechoptrimmed_Adapter_Spiked_Simulated_10GB_nanopore2023_Q95.fastq	249d0ca2-5d4d-2dd1-e129-f75cea397d8c	JADE1:LINC00205	2	LowConfidence	True_Recall	positive	10GB	95%	hybrid
jaffal_results_porechopped_sim_dataporechoptrimmed_Adapter_Spiked_Simulated_10GB_nanopore2023_Q95.fastq	9878fb3f-d323-ac40-a81d-55968083080a	CCDC158:NPAS3	2	LowConfidence	False_Call	positive	10GB	95%	false_fusion
jaffal_results_porechopped_sim_dataporechoptrimmed_Adapter_Spiked_Simulated_10GB_nanopore2023_Q95.fastq	43804bc9-defa-7263-0805-2ead39e5108d	FRAS1:ZNF670	2	LowConfidence	False_Call	positive	10GB	95%	false_fusion
jaffal_results_porechopped_sim_dataporechoptrimmed_Adapter_Spiked_Simulated_10GB_nanopore2023_Q95.fastq	49d50876-5757-2fd9-5e34-c0d360a6a8ce	PCBD2:ZAR1L	2	LowConfidence	False_Call	positive	10GB	95%	false_fusion
jaffal_results_porechopped_sim_dataporechoptrimmed_Adapter_Spiked_Simulated_10GB_nanopore2023_Q95.fastq	3bf9de00-035b-2c62-9078-ebb53e6baa7d	BDP1:SH2D7	2	LowConfidence	Partial_Recall	positive	10GB	95%	truncated_tri_fusion
jaffal_results_porechopped_sim_dataporechoptrimmed_Adapter_Spiked_Simulated_10GB_nanopore2023_Q95.fastq	460b6831-d5ec-290f-0746-9f9a2f7b97cb	MAGI2-AS3:NEDD1	2	LowConfidence	Partial_Recall	positive	10GB	95%	truncated_tri_fusion
jaffal_results_porechopped_sim_dataporechoptrimmed_Adapter_Spiked_Simulated_10GB_nanopore2023_Q95.fastq	495c5037-6838-2aeb-d71b-d1eca0817c17	ENSG00000276418:ENSG00000197462	2	LowConfidence	False_Call	positive	10GB	95%	false_fusion
jaffal_results_porechopped_sim_dataporechoptrimmed_Adapter_Spiked_Simulated_10GB_nanopore2023_Q95.fastq	112d780f-b500-52f0-a192-d49a7a3a564c	BTK:GOLGA8G	2	LowConfidence	Partial_Recall	positive	10GB	95%	truncated_tri_fusion
jaffal_results_porechopped_sim_dataporechoptrimmed_Adapter_Spiked_Simulated_10GB_nanopore2023_Q95.fastq	dfed9123-cf07-c43e-20a3-928c1d73cd48	CUL2:DDHD2	2	LowConfidence	True_Recall	positive	10GB	95%	hybrid
jaffal_results_porechopped_sim_dataporechoptrimmed_Adapter_Spiked_Simulated_10GB_nanopore2023_Q95.fastq	bdf33554-c720-3ac2-bf07-8082148b59c8	RGR:YY1	2	LowConfidence	True_Recall	positive	10GB	95%	hybrid
jaffal_results_porechopped_sim_dataporechoptrimmed_Adapter_Spiked_Simulated_10GB_nanopore2023_Q95.fastq	e35cfd03-c758-2159-91dc-76285b0a6e05	LINC01141:USP44	2	LowConfidence	Partial_Recall	positive	10GB	95%	truncated_tri_fusion
jaffal_results_porechopped_sim_dataporechoptrimmed_Adapter_Spiked_Simulated_10GB_nanopore2023_Q95.fastq	f12436a1-0805-f615-ac55-ba422e24760f	ZAR1L:PCBD2	2	LowConfidence	False_Call	positive	10GB	95%	false_fusion
jaffal_results_porechopped_sim_dataporechoptrimmed_Adapter_Spiked_Simulated_10GB_nanopore2023_Q95.fastq	98f9fdf7-bcbc-a4b2-e560-abe420a3d199	TTLL5:ZNF646	2	LowConfidence	False_Call	positive	10GB	95%	false_fusion
jaffal_results_porechopped_sim_dataporechoptrimmed_Adapter_Spiked_Simulated_10GB_nanopore2023_Q95.fastq	fc173516-4a37-33bd-9ce4-a97e61369fde	POMT2:GNAO1	2	LowConfidence	True_Recall	positive	10GB	95%	hybrid
jaffal_results_porechopped_sim_dataporechoptrimmed_Adapter_Spiked_Simulated_10GB_nanopore2023_Q95.fastq	45eb8cba-5504-06ad-a14e-c07ce27b0f02	THSD4:ALS2	2	LowConfidence	Partial_Recall	positive	10GB	95%	truncated_tri_fusion
jaffal_results_porechopped_sim_dataporechoptrimmed_Adapter_Spiked_Simulated_10GB_nanopore2023_Q95.fastq	e34bd4a2-47b0-7ab1-eef3-4126f4289052	ZSCAN32:FDPS	2	LowConfidence	Partial_Recall	positive	10GB	95%	truncated_tri_fusion
jaffal_results_porechopped_sim_dataporechoptrimmed_Adapter_Spiked_Simulated_10GB_nanopore2023_Q95.fastq	4cb02f0f-9c96-32b4-c31a-8e5c28b723d7	SGSH:NLRC5	2	LowConfidence	Partial_Recall	positive	10GB	95%	truncated_tri_fusion
jaffal_results_porechopped_sim_dataporechoptrimmed_Adapter_Spiked_Simulated_10GB_nanopore2023_Q95.fastq	cb9780a9-d6a8-f9d0-3f50-c70901497e97	NEDD4L:ECT2L	2	LowConfidence	Partial_Recall	positive	10GB	95%	truncated_tri_fusion
jaffal_results_porechopped_sim_dataporechoptrimmed_Adapter_Spiked_Simulated_10GB_nanopore2023_Q95.fastq	9248e0ce-c0f3-d238-ba60-e35900200263	MAST1:ZNF691	2	LowConfidence	True_Recall	positive	10GB	95%	hybrid
jaffal_results_porechopped_sim_dataporechoptrimmed_Adapter_Spiked_Simulated_10GB_nanopore2023_Q95.fastq	f8601e46-8ca6-d463-c16b-ff36a95f577f	CPNE1:ENSG00000283103	2	LowConfidence	Partial_Recall	positive	10GB	95%	truncated_tri_fusion
jaffal_results_porechopped_sim_dataporechoptrimmed_Adapter_Spiked_Simulated_10GB_nanopore2023_Q95.fastq	d1b31235-2d71-1a67-20a5-18fbd05af5cb	ENSG00000281920:ASPH	2	LowConfidence	Partial_Recall	positive	10GB	95%	truncated_tri_fusion
jaffal_results_porechopped_sim_dataporechoptrimmed_Adapter_Spiked_Simulated_10GB_nanopore2023_Q95.fastq	aebdcb71-5cb0-1d55-8298-70da9b91b8d9	ENSG00000288769:TPD52L1	2	LowConfidence	True_Recall	positive	10GB	95%	hybrid
jaffal_results_porechopped_sim_dataporechoptrimmed_Adapter_Spiked_Simulated_10GB_nanopore2023_Q95.fastq	cb153873-92da-b525-63e2-9f03bdf6f8cb	IQCJ-SCHIP1:MIR100HG	2	LowConfidence	False_Call	positive	10GB	95%	false_fusion
jaffal_results_porechopped_sim_dataporechoptrimmed_Adapter_Spiked_Simulated_10GB_nanopore2023_Q95.fastq	d6ef807f-c56b-9520-7817-55abfc7368af	SIRT5:USP9X	2	LowConfidence	Partial_Recall	positive	10GB	95%	truncated_tri_fusion
jaffal_results_porechopped_sim_dataporechoptrimmed_Adapter_Spiked_Simulated_10GB_nanopore2023_Q95.fastq	b03da9d9-f9b3-c131-fbe6-4f672ad925fe	BRPF3:CSPP1	2	LowConfidence	Partial_Recall	positive	10GB	95%	truncated_tri_fusion
jaffal_results_porechopped_sim_dataporechoptrimmed_Adapter_Spiked_Simulated_10GB_nanopore2023_Q95.fastq	292e1631-9848-be94-bc4a-e219c12266ce	LAMTOR4:ENSG00000284776	2	LowConfidence	True_Recall	positive	10GB	95%	hybrid
jaffal_results_porechopped_sim_dataporechoptrimmed_Adapter_Spiked_Simulated_1GB_nanopore2023_Q95.fastq	112d780f-b500-52f0-a192-d49a7a3a564c	BTK:GOLGA8G	2	LowConfidence	Partial_Recall	positive	1GB	95%	truncated_tri_fusion
jaffal_results_porechopped_sim_dataporechoptrimmed_Adapter_Spiked_Simulated_1GB_nanopore2023_Q95.fastq	d2da82f1-2e0f-4b0c-289d-a7c6adec580d	CBY3:ENSG00000228274	2	LowConfidence	Partial_Recall	positive	1GB	95%	truncated_tri_fusion
jaffal_results_porechopped_sim_dataporechoptrimmed_Adapter_Spiked_Simulated_1GB_nanopore2023_Q95.fastq	592e8b6a-2c77-7d30-26e3-0633a9d9c6de	ENSG00000197462:RNF157	2	LowConfidence	Partial_Recall	positive	1GB	95%	truncated_tri_fusion
jaffal_results_porechopped_sim_dataporechoptrimmed_Adapter_Spiked_Simulated_100GB_nanopore2023_Q95.fastq	bd693ce7-b3b4-d6eb-5360-49ac23794c3f	LINC01989:ASIC2	10	PotentialReadThrough	False_Call	positive	100GB	95%	false_fusion
jaffal_results_porechopped_sim_dataporechoptrimmed_Adapter_Simulated_100GB_nanopore2023_Q95.fastq	399a21bf-7894-3519-92c4-61e7f9335cdd	LINC01989:ASIC2	9	PotentialReadThrough	False_Call	negative	100GB	95%	false_fusion
jaffal_results_porechopped_sim_dataporechoptrimmed_Adapter_Spiked_Simulated_100GB_nanopore2023_Q95.fastq	7cc1df0d-31a6-f439-5d90-4304e83d5c0b	ENSG00000267922:IGFL2	9	PotentialReadThrough	False_Call	positive	100GB	95%	false_fusion
jaffal_results_porechopped_sim_dataporechoptrimmed_Adapter_Spiked_Simulated_100GB_nanopore2023_Q95.fastq	ea7c06d1-3615-2c07-ef8a-a46132f36424	MIR137HG:DPYD	6	PotentialReadThrough	False_Call	positive	100GB	95%	false_fusion
jaffal_results_porechopped_sim_dataporechoptrimmed_Adapter_Simulated_100GB_nanopore2023_Q90.fastq	34faa132-a29e-7183-5f5c-b8d5aabf1893	LINC01989:ASIC2	5	PotentialReadThrough	False_Call	negative	100GB	90%	false_fusion
jaffal_results_porechopped_sim_dataporechoptrimmed_Adapter_Simulated_100GB_nanopore2023_Q95.fastq	20256794-346a-594d-c639-d85e7841bd34	ENSG00000267922:IGFL2	5	PotentialReadThrough	False_Call	negative	100GB	95%	false_fusion
jaffal_results_porechopped_sim_dataporechoptrimmed_Adapter_Spiked_Simulated_100GB_nanopore2023_Q95.fastq	b6f8fa73-c98e-bf0d-83e0-d0ccf0a7ed77	TRIM13:KCNRG	5	PotentialReadThrough	False_Call	positive	100GB	95%	false_fusion
jaffal_results_porechopped_sim_dataporechoptrimmed_Adapter_Spiked_Simulated_100GB_nanopore2023_Q95.fastq	6cf93a66-b84a-d54f-e2cd-47c0b97b1c8c	TPST1:LINC00174	5	PotentialReadThrough	False_Call	positive	100GB	95%	false_fusion
jaffal_results_porechopped_sim_dataporechoptrimmed_Adapter_Spiked_Simulated_10GB_nanopore2023_Q95.fastq	4dc48170-ca53-41ff-13d0-024725469e11	LINC01989:ASIC2	4	PotentialReadThrough	False_Call	positive	10GB	95%	false_fusion
jaffal_results_porechopped_sim_dataporechoptrimmed_Adapter_Spiked_Simulated_100GB_nanopore2023_Q90.fastq	93e301e1-4f62-0636-fbe4-868ed7ec9981	LINC01989:ASIC2	4	PotentialReadThrough	False_Call	positive	100GB	90%	false_fusion
jaffal_results_porechopped_sim_dataporechoptrimmed_Adapter_Simulated_100GB_nanopore2023_Q90.fastq	3260a687-8fa9-5aa4-0faf-a695f2cc2ed5	TRIM13:KCNRG	4	PotentialReadThrough	False_Call	negative	100GB	90%	false_fusion
jaffal_results_porechopped_sim_dataporechoptrimmed_Adapter_Spiked_Simulated_100GB_nanopore2023_Q90.fastq	601c699e-cea2-e14f-86b2-a41e8e20e172	TRIM13:KCNRG	4	PotentialReadThrough	False_Call	positive	100GB	90%	false_fusion
jaffal_results_porechopped_sim_dataporechoptrimmed_Adapter_Spiked_Simulated_100GB_nanopore2023_Q90.fastq	fd20250e-7f47-e022-5275-516b275e1849	ENSG00000267922:IGFL2	3	PotentialReadThrough	False_Call	positive	100GB	90%	false_fusion
jaffal_results_porechopped_sim_dataporechoptrimmed_Adapter_Simulated_100GB_nanopore2023_Q95.fastq	0d037933-fcd6-1dd4-3ca3-2574d95ab8ac	TPST1:LINC00174	3	PotentialReadThrough	False_Call	negative	100GB	95%	false_fusion
jaffal_results_porechopped_sim_dataporechoptrimmed_Adapter_Simulated_100GB_nanopore2023_Q95.fastq	2f2d70cd-af8b-25bf-ba10-946757cd3a8d	MIR137HG:DPYD	3	PotentialReadThrough	False_Call	negative	100GB	95%	false_fusion
jaffal_results_porechopped_sim_dataporechoptrimmed_Adapter_Simulated_100GB_nanopore2023_Q90.fastq	baeb9aef-1855-06cc-3064-71a6d957f467	MIR137HG:DPYD	3	PotentialReadThrough	False_Call	negative	100GB	90%	false_fusion
jaffal_results_porechopped_sim_dataporechoptrimmed_Adapter_Simulated_100GB_nanopore2023_Q95.fastq	17470d07-7232-92ee-0d62-c435c4977399	ENSG00000267922:IGFL2	2	PotentialReadThrough	False_Call	negative	100GB	95%	false_fusion
jaffal_results_porechopped_sim_dataporechoptrimmed_Adapter_Spiked_Simulated_100GB_nanopore2023_Q90.fastq	47ebf229-b68f-0772-0704-2671f36ba992	LINC01968:ENSG00000233987	2	PotentialReadThrough	False_Call	positive	100GB	90%	false_fusion
jaffal_results_porechopped_sim_dataporechoptrimmed_Adapter_Simulated_100GB_nanopore2023_Q95.fastq	2404be3b-9dcb-a7d5-1c79-bf8ed02631e8	LINC01968:ENSG00000233987	2	PotentialReadThrough	False_Call	negative	100GB	95%	false_fusion
jaffal_results_porechopped_sim_dataporechoptrimmed_Adapter_Simulated_100GB_nanopore2023_Q90.fastq	7bb0eec3-0cbc-c439-705b-ec20fdc34627	LINC01968:ENSG00000233987	2	PotentialReadThrough	False_Call	negative	100GB	90%	false_fusion
jaffal_results_porechopped_sim_dataporechoptrimmed_Adapter_Spiked_Simulated_100GB_nanopore2023_Q90.fastq	83028394-b095-d772-e413-c09408aacf66	LINC01968:ENSG00000233987	2	PotentialReadThrough	False_Call	positive	100GB	90%	false_fusion
jaffal_results_porechopped_sim_dataporechoptrimmed_Adapter_Simulated_100GB_nanopore2023_Q95.fastq	35c4f7c4-58c8-5463-ddc9-1e3ea39d64cc	TRIM13:KCNRG	2	PotentialReadThrough	False_Call	negative	100GB	95%	false_fusion
jaffal_results_porechopped_sim_dataporechoptrimmed_Adapter_Spiked_Simulated_100GB_nanopore2023_Q90.fastq	e34549b1-b9d8-8058-58ac-5fa96d323b2a	SYS1:DBNDD2	2	PotentialReadThrough	False_Call	positive	100GB	90%	false_fusion
jaffal_results_porechopped_sim_dataporechoptrimmed_Adapter_Simulated_100GB_nanopore2023_Q95.fastq	3175a9e7-7f85-9e49-60b7-0a44940151f9	SYS1:DBNDD2	2	PotentialReadThrough	False_Call	negative	100GB	95%	false_fusion
jaffal_results_porechopped_sim_dataporechoptrimmed_Adapter_Simulated_100GB_nanopore2023_Q90.fastq	cf2dcc6e-567d-6aab-9c7d-b5e345ebd760	NDUFB5:USP13	2	PotentialReadThrough	False_Call	negative	100GB	90%	false_fusion
jaffal_results_porechopped_sim_dataporechoptrimmed_Adapter_Simulated_100GB_nanopore2023_Q95.fastq	97ea8c06-5e56-e500-2ca5-c48cb315524e	ENSG00000268790:ENSG00000141979	2	PotentialReadThrough	False_Call	negative	100GB	95%	false_fusion
jaffal_results_porechopped_sim_dataporechoptrimmed_Adapter_Spiked_Simulated_100GB_nanopore2023_Q90.fastq	fae15321-7bc5-d20d-7e2d-c5246f83e069	MIR137HG:DPYD	2	PotentialReadThrough	False_Call	positive	100GB	90%	false_fusion
jaffal_results_porechopped_sim_dataporechoptrimmed_Adapter_Spiked_Simulated_100GB_nanopore2023_Q95.fastq	508844d9-a846-dee5-ef9a-44d12caa7c6f	ENSG00000286221:ARLNC1	2	PotentialReadThrough	False_Call	positive	100GB	95%	false_fusion
