control	depth	Sequence_Identity	Algorithm	False_Point	True_Point	Spiked_Number	minimum_read_support	FDR	Precision	Recall	F1	Sensitivity
positive	100GB	95%	FusionSeeker	1	0	400	2145	1	0	0	NA	0
negative	100GB	95%	FusionSeeker	1	0	400	2044	1	0	0	NA	0
positive	100GB	95%	FusionSeeker	1	0	400	2044	1	0	0	NA	0
negative	100GB	95%	FusionSeeker	1	0	400	2018	1	0	0	NA	0
positive	100GB	90%	FusionSeeker	1	0	400	2018	1	0	0	NA	0
positive	100GB	95%	FusionSeeker	1	0	400	2018	1	0	0	NA	0
negative	100GB	90%	FusionSeeker	1	0	400	1657	1	0	0	NA	0
negative	100GB	95%	FusionSeeker	1	0	400	1657	1	0	0	NA	0
positive	100GB	90%	FusionSeeker	1	0	400	1657	1	0	0	NA	0
positive	100GB	95%	FusionSeeker	1	0	400	1657	1	0	0	NA	0
negative	100GB	85%	FusionSeeker	1	0	400	1630	1	0	0	NA	0
negative	100GB	90%	FusionSeeker	1	0	400	1630	1	0	0	NA	0
negative	100GB	95%	FusionSeeker	1	0	400	1630	1	0	0	NA	0
positive	100GB	90%	FusionSeeker	1	0	400	1630	1	0	0	NA	0
positive	100GB	95%	FusionSeeker	1	0	400	1630	1	0	0	NA	0
negative	100GB	85%	FusionSeeker	1	0	400	773	1	0	0	NA	0
negative	100GB	90%	FusionSeeker	1	0	400	773	1	0	0	NA	0
negative	100GB	95%	FusionSeeker	1	0	400	773	1	0	0	NA	0
positive	100GB	85%	FusionSeeker	1	0	400	773	1	0	0	NA	0
positive	100GB	90%	FusionSeeker	1	0	400	773	1	0	0	NA	0
positive	100GB	95%	FusionSeeker	1	0	400	773	1	0	0	NA	0
negative	100GB	85%	CTAT-LR-Fusion	1	0	400	704	1	0	0	NA	0
negative	100GB	85%	FusionSeeker	1	0	400	704	1	0	0	NA	0
negative	100GB	90%	FusionSeeker	1	0	400	704	1	0	0	NA	0
negative	100GB	95%	FusionSeeker	1	0	400	704	1	0	0	NA	0
positive	100GB	85%	FusionSeeker	1	0	400	704	1	0	0	NA	0
positive	100GB	90%	FusionSeeker	1	0	400	704	1	0	0	NA	0
positive	100GB	95%	FusionSeeker	1	0	400	704	1	0	0	NA	0
negative	100GB	85%	CTAT-LR-Fusion	1	0	400	479	1	0	0	NA	0
negative	100GB	85%	FusionSeeker	1	0	400	479	1	0	0	NA	0
negative	100GB	90%	FusionSeeker	1	0	400	479	1	0	0	NA	0
negative	100GB	95%	FusionSeeker	1	0	400	479	1	0	0	NA	0
positive	100GB	85%	CTAT-LR-Fusion	1	0	400	479	1	0	0	NA	0
positive	100GB	85%	FusionSeeker	1	0	400	479	1	0	0	NA	0
positive	100GB	90%	FusionSeeker	1	0	400	479	1	0	0	NA	0
positive	100GB	95%	FusionSeeker	1	0	400	479	1	0	0	NA	0
negative	100GB	85%	CTAT-LR-Fusion	1	0	400	474	1	0	0	NA	0
negative	100GB	85%	FusionSeeker	1	0	400	474	1	0	0	NA	0
negative	100GB	90%	FusionSeeker	1	0	400	474	1	0	0	NA	0
negative	100GB	95%	FusionSeeker	1	0	400	474	1	0	0	NA	0
positive	100GB	85%	CTAT-LR-Fusion	1	0	400	474	1	0	0	NA	0
positive	100GB	85%	FusionSeeker	1	0	400	474	1	0	0	NA	0
positive	100GB	85%	Genion	1	0	400	474	1	0	0	NA	0
positive	100GB	90%	FusionSeeker	1	0	400	474	1	0	0	NA	0
positive	100GB	95%	FusionSeeker	1	0	400	474	1	0	0	NA	0
negative	100GB	85%	CTAT-LR-Fusion	1	0	400	450	1	0	0	NA	0
negative	100GB	85%	FusionSeeker	1	0	400	450	1	0	0	NA	0
negative	100GB	85%	Genion	1	0	400	450	1	0	0	NA	0
negative	100GB	90%	FusionSeeker	1	0	400	450	1	0	0	NA	0
negative	100GB	95%	FusionSeeker	1	0	400	450	1	0	0	NA	0
positive	100GB	85%	CTAT-LR-Fusion	1	0	400	450	1	0	0	NA	0
positive	100GB	85%	FusionSeeker	1	0	400	450	1	0	0	NA	0
positive	100GB	85%	Genion	1	0	400	450	1	0	0	NA	0
positive	100GB	90%	FusionSeeker	1	0	400	450	1	0	0	NA	0
positive	100GB	95%	FusionSeeker	1	0	400	450	1	0	0	NA	0
negative	100GB	85%	CTAT-LR-Fusion	1	0	400	439	1	0	0	NA	0
negative	100GB	85%	FusionSeeker	1	0	400	439	1	0	0	NA	0
negative	100GB	85%	Genion	1	0	400	439	1	0	0	NA	0
negative	100GB	90%	FusionSeeker	1	0	400	439	1	0	0	NA	0
negative	100GB	95%	FusionSeeker	2	0	400	439	1	0	0	NA	0
positive	100GB	85%	CTAT-LR-Fusion	1	0	400	439	1	0	0	NA	0
positive	100GB	85%	FusionSeeker	1	0	400	439	1	0	0	NA	0
positive	100GB	85%	Genion	1	0	400	439	1	0	0	NA	0
positive	100GB	90%	FusionSeeker	1	0	400	439	1	0	0	NA	0
positive	100GB	95%	FusionSeeker	1	0	400	439	1	0	0	NA	0
negative	100GB	85%	CTAT-LR-Fusion	1	0	400	431	1	0	0	NA	0
negative	100GB	85%	FusionSeeker	1	0	400	431	1	0	0	NA	0
negative	100GB	85%	Genion	1	0	400	431	1	0	0	NA	0
negative	100GB	90%	FusionSeeker	2	0	400	431	1	0	0	NA	0
negative	100GB	95%	FusionSeeker	2	0	400	431	1	0	0	NA	0
positive	100GB	85%	CTAT-LR-Fusion	1	0	400	431	1	0	0	NA	0
positive	100GB	85%	FusionSeeker	1	0	400	431	1	0	0	NA	0
positive	100GB	85%	Genion	1	0	400	431	1	0	0	NA	0
positive	100GB	90%	FusionSeeker	1	0	400	431	1	0	0	NA	0
positive	100GB	95%	FusionSeeker	1	0	400	431	1	0	0	NA	0
negative	100GB	85%	CTAT-LR-Fusion	1	0	400	411	1	0	0	NA	0
negative	100GB	85%	FusionSeeker	1	0	400	411	1	0	0	NA	0
negative	100GB	85%	Genion	1	0	400	411	1	0	0	NA	0
negative	100GB	90%	FusionSeeker	2	0	400	411	1	0	0	NA	0
negative	100GB	95%	FusionSeeker	2	0	400	411	1	0	0	NA	0
positive	100GB	85%	CTAT-LR-Fusion	1	0	400	411	1	0	0	NA	0
positive	100GB	85%	FusionSeeker	1	0	400	411	1	0	0	NA	0
positive	100GB	85%	Genion	1	0	400	411	1	0	0	NA	0
positive	100GB	90%	FusionSeeker	2	0	400	411	1	0	0	NA	0
positive	100GB	95%	FusionSeeker	1	0	400	411	1	0	0	NA	0
negative	100GB	85%	CTAT-LR-Fusion	1	0	400	370	1	0	0	NA	0
negative	100GB	85%	FusionSeeker	1	0	400	370	1	0	0	NA	0
negative	100GB	85%	Genion	1	0	400	370	1	0	0	NA	0
negative	100GB	90%	FusionSeeker	2	0	400	370	1	0	0	NA	0
negative	100GB	95%	FusionSeeker	2	0	400	370	1	0	0	NA	0
positive	100GB	85%	CTAT-LR-Fusion	1	0	400	370	1	0	0	NA	0
positive	100GB	85%	FusionSeeker	1	0	400	370	1	0	0	NA	0
positive	100GB	85%	Genion	1	0	400	370	1	0	0	NA	0
positive	100GB	90%	FusionSeeker	2	0	400	370	1	0	0	NA	0
positive	100GB	95%	FusionSeeker	2	0	400	370	1	0	0	NA	0
negative	100GB	85%	CTAT-LR-Fusion	1	0	400	352	1	0	0	NA	0
negative	100GB	85%	FusionSeeker	1	0	400	352	1	0	0	NA	0
negative	100GB	85%	Genion	1	0	400	352	1	0	0	NA	0
negative	100GB	90%	FusionSeeker	2	0	400	352	1	0	0	NA	0
negative	100GB	95%	FusionSeeker	2	0	400	352	1	0	0	NA	0
positive	100GB	85%	CTAT-LR-Fusion	1	0	400	352	1	0	0	NA	0
positive	100GB	85%	FusionSeeker	1	0	400	352	1	0	0	NA	0
positive	100GB	85%	Genion	1	0	400	352	1	0	0	NA	0
positive	100GB	90%	FusionSeeker	2	0	400	352	1	0	0	NA	0
positive	100GB	95%	FusionSeeker	3	0	400	352	1	0	0	NA	0
negative	100GB	85%	CTAT-LR-Fusion	1	0	400	332	1	0	0	NA	0
negative	100GB	85%	FusionSeeker	1	0	400	332	1	0	0	NA	0
negative	100GB	85%	Genion	1	0	400	332	1	0	0	NA	0
negative	100GB	90%	FusionSeeker	2	0	400	332	1	0	0	NA	0
negative	100GB	95%	FusionSeeker	3	0	400	332	1	0	0	NA	0
positive	100GB	85%	CTAT-LR-Fusion	1	0	400	332	1	0	0	NA	0
positive	100GB	85%	FusionSeeker	1	0	400	332	1	0	0	NA	0
positive	100GB	85%	Genion	1	0	400	332	1	0	0	NA	0
positive	100GB	90%	FusionSeeker	2	0	400	332	1	0	0	NA	0
positive	100GB	95%	FusionSeeker	4	0	400	332	1	0	0	NA	0
negative	100GB	85%	CTAT-LR-Fusion	1	0	400	323	1	0	0	NA	0
negative	100GB	85%	FusionSeeker	1	0	400	323	1	0	0	NA	0
negative	100GB	85%	Genion	1	0	400	323	1	0	0	NA	0
negative	100GB	90%	FusionSeeker	2	0	400	323	1	0	0	NA	0
negative	100GB	95%	FusionSeeker	3	0	400	323	1	0	0	NA	0
positive	100GB	85%	CTAT-LR-Fusion	1	0	400	323	1	0	0	NA	0
positive	100GB	85%	FusionSeeker	2	0	400	323	1	0	0	NA	0
positive	100GB	85%	Genion	1	0	400	323	1	0	0	NA	0
positive	100GB	90%	FusionSeeker	2	0	400	323	1	0	0	NA	0
positive	100GB	95%	FusionSeeker	4	0	400	323	1	0	0	NA	0
negative	100GB	85%	CTAT-LR-Fusion	1	0	400	315	1	0	0	NA	0
negative	100GB	85%	FusionSeeker	2	0	400	315	1	0	0	NA	0
negative	100GB	85%	Genion	1	0	400	315	1	0	0	NA	0
negative	100GB	90%	FusionSeeker	2	0	400	315	1	0	0	NA	0
negative	100GB	95%	FusionSeeker	3	0	400	315	1	0	0	NA	0
positive	100GB	85%	CTAT-LR-Fusion	1	0	400	315	1	0	0	NA	0
positive	100GB	85%	FusionSeeker	2	0	400	315	1	0	0	NA	0
positive	100GB	85%	Genion	1	0	400	315	1	0	0	NA	0
positive	100GB	90%	FusionSeeker	2	0	400	315	1	0	0	NA	0
positive	100GB	95%	FusionSeeker	4	0	400	315	1	0	0	NA	0
negative	100GB	85%	CTAT-LR-Fusion	1	0	400	306	1	0	0	NA	0
negative	100GB	85%	FusionSeeker	2	0	400	306	1	0	0	NA	0
negative	100GB	85%	Genion	1	0	400	306	1	0	0	NA	0
negative	100GB	90%	FusionSeeker	2	0	400	306	1	0	0	NA	0
negative	100GB	95%	FusionSeeker	3	0	400	306	1	0	0	NA	0
positive	100GB	85%	CTAT-LR-Fusion	1	0	400	306	1	0	0	NA	0
positive	100GB	85%	FusionSeeker	2	0	400	306	1	0	0	NA	0
positive	100GB	85%	Genion	1	0	400	306	1	0	0	NA	0
positive	100GB	90%	FusionSeeker	2	0	400	306	1	0	0	NA	0
positive	100GB	95%	FusionSeeker	5	0	400	306	1	0	0	NA	0
negative	100GB	85%	CTAT-LR-Fusion	1	0	400	302	1	0	0	NA	0
negative	100GB	85%	FusionSeeker	2	0	400	302	1	0	0	NA	0
negative	100GB	85%	Genion	1	0	400	302	1	0	0	NA	0
negative	100GB	90%	FusionSeeker	2	0	400	302	1	0	0	NA	0
negative	100GB	95%	FusionSeeker	3	0	400	302	1	0	0	NA	0
positive	100GB	85%	CTAT-LR-Fusion	1	0	400	302	1	0	0	NA	0
positive	100GB	85%	FusionSeeker	2	0	400	302	1	0	0	NA	0
positive	100GB	85%	Genion	1	0	400	302	1	0	0	NA	0
positive	100GB	90%	FusionSeeker	2	0	400	302	1	0	0	NA	0
positive	100GB	90%	Genion	1	0	400	302	1	0	0	NA	0
positive	100GB	95%	FusionSeeker	5	0	400	302	1	0	0	NA	0
negative	100GB	85%	CTAT-LR-Fusion	1	0	400	300	1	0	0	NA	0
negative	100GB	85%	FusionSeeker	2	0	400	300	1	0	0	NA	0
negative	100GB	85%	Genion	1	0	400	300	1	0	0	NA	0
negative	100GB	90%	FusionSeeker	2	0	400	300	1	0	0	NA	0
negative	100GB	95%	FusionSeeker	3	0	400	300	1	0	0	NA	0
positive	100GB	85%	CTAT-LR-Fusion	1	0	400	300	1	0	0	NA	0
positive	100GB	85%	FusionSeeker	2	0	400	300	1	0	0	NA	0
positive	100GB	85%	Genion	1	0	400	300	1	0	0	NA	0
positive	100GB	90%	FusionSeeker	2	0	400	300	1	0	0	NA	0
positive	100GB	90%	Genion	1	0	400	300	1	0	0	NA	0
positive	100GB	95%	FusionSeeker	6	0	400	300	1	0	0	NA	0
negative	100GB	85%	CTAT-LR-Fusion	1	0	400	296	1	0	0	NA	0
negative	100GB	85%	FusionSeeker	2	0	400	296	1	0	0	NA	0
negative	100GB	85%	Genion	1	0	400	296	1	0	0	NA	0
negative	100GB	90%	FusionSeeker	3	0	400	296	1	0	0	NA	0
negative	100GB	95%	FusionSeeker	3	0	400	296	1	0	0	NA	0
positive	100GB	85%	CTAT-LR-Fusion	1	0	400	296	1	0	0	NA	0
positive	100GB	85%	FusionSeeker	2	0	400	296	1	0	0	NA	0
positive	100GB	85%	Genion	1	0	400	296	1	0	0	NA	0
positive	100GB	90%	FusionSeeker	2	0	400	296	1	0	0	NA	0
positive	100GB	90%	Genion	1	0	400	296	1	0	0	NA	0
positive	100GB	95%	FusionSeeker	6	0	400	296	1	0	0	NA	0
negative	100GB	85%	CTAT-LR-Fusion	1	0	400	287	1	0	0	NA	0
negative	100GB	85%	FusionSeeker	2	0	400	287	1	0	0	NA	0
negative	100GB	85%	Genion	1	0	400	287	1	0	0	NA	0
negative	100GB	90%	FusionSeeker	3	0	400	287	1	0	0	NA	0
negative	100GB	95%	FusionSeeker	3	0	400	287	1	0	0	NA	0
positive	100GB	85%	CTAT-LR-Fusion	1	0	400	287	1	0	0	NA	0
positive	100GB	85%	FusionSeeker	2	0	400	287	1	0	0	NA	0
positive	100GB	85%	Genion	1	0	400	287	1	0	0	NA	0
positive	100GB	90%	FusionSeeker	3	0	400	287	1	0	0	NA	0
positive	100GB	90%	Genion	1	0	400	287	1	0	0	NA	0
positive	100GB	95%	FusionSeeker	6	0	400	287	1	0	0	NA	0
negative	100GB	85%	CTAT-LR-Fusion	1	0	400	285	1	0	0	NA	0
negative	100GB	85%	FusionSeeker	2	0	400	285	1	0	0	NA	0
negative	100GB	85%	Genion	1	0	400	285	1	0	0	NA	0
negative	100GB	90%	FusionSeeker	3	0	400	285	1	0	0	NA	0
negative	100GB	95%	FusionSeeker	3	0	400	285	1	0	0	NA	0
positive	100GB	85%	CTAT-LR-Fusion	1	0	400	285	1	0	0	NA	0
positive	100GB	85%	FusionSeeker	2	0	400	285	1	0	0	NA	0
positive	100GB	85%	Genion	1	0	400	285	1	0	0	NA	0
positive	100GB	90%	FusionSeeker	3	0	400	285	1	0	0	NA	0
positive	100GB	90%	Genion	1	0	400	285	1	0	0	NA	0
positive	100GB	95%	FusionSeeker	6	1	400	285	0.8571428571428571	0.14285714285714285	0.0025	0.004914004914004914	0.0025
negative	100GB	85%	CTAT-LR-Fusion	1	0	400	284	1	0	0	NA	0
negative	100GB	85%	FusionSeeker	2	0	400	284	1	0	0	NA	0
negative	100GB	85%	Genion	1	0	400	284	1	0	0	NA	0
negative	100GB	90%	FusionSeeker	3	0	400	284	1	0	0	NA	0
negative	100GB	90%	Genion	1	0	400	284	1	0	0	NA	0
negative	100GB	95%	FusionSeeker	3	0	400	284	1	0	0	NA	0
positive	100GB	85%	CTAT-LR-Fusion	1	0	400	284	1	0	0	NA	0
positive	100GB	85%	FusionSeeker	2	0	400	284	1	0	0	NA	0
positive	100GB	85%	Genion	1	0	400	284	1	0	0	NA	0
positive	100GB	90%	FusionSeeker	3	0	400	284	1	0	0	NA	0
positive	100GB	90%	Genion	1	0	400	284	1	0	0	NA	0
positive	100GB	95%	FusionSeeker	6	1	400	284	0.8571428571428571	0.14285714285714285	0.0025	0.004914004914004914	0.0025
negative	100GB	85%	CTAT-LR-Fusion	1	0	400	283	1	0	0	NA	0
negative	100GB	85%	FusionSeeker	2	0	400	283	1	0	0	NA	0
negative	100GB	85%	Genion	1	0	400	283	1	0	0	NA	0
negative	100GB	90%	FusionSeeker	4	0	400	283	1	0	0	NA	0
negative	100GB	90%	Genion	1	0	400	283	1	0	0	NA	0
negative	100GB	95%	FusionSeeker	3	0	400	283	1	0	0	NA	0
positive	100GB	85%	CTAT-LR-Fusion	1	0	400	283	1	0	0	NA	0
positive	100GB	85%	FusionSeeker	2	0	400	283	1	0	0	NA	0
positive	100GB	85%	Genion	1	0	400	283	1	0	0	NA	0
positive	100GB	90%	FusionSeeker	3	0	400	283	1	0	0	NA	0
positive	100GB	90%	Genion	1	0	400	283	1	0	0	NA	0
positive	100GB	95%	FusionSeeker	6	1	400	283	0.8571428571428571	0.14285714285714285	0.0025	0.004914004914004914	0.0025
negative	100GB	85%	CTAT-LR-Fusion	1	0	400	281	1	0	0	NA	0
negative	100GB	85%	FusionSeeker	2	0	400	281	1	0	0	NA	0
negative	100GB	85%	Genion	1	0	400	281	1	0	0	NA	0
negative	100GB	90%	FusionSeeker	4	0	400	281	1	0	0	NA	0
negative	100GB	90%	Genion	1	0	400	281	1	0	0	NA	0
negative	100GB	95%	FusionSeeker	3	0	400	281	1	0	0	NA	0
positive	100GB	85%	CTAT-LR-Fusion	1	0	400	281	1	0	0	NA	0
positive	100GB	85%	FusionSeeker	2	0	400	281	1	0	0	NA	0
positive	100GB	85%	Genion	1	0	400	281	1	0	0	NA	0
positive	100GB	90%	FusionSeeker	4	0	400	281	1	0	0	NA	0
positive	100GB	90%	Genion	1	0	400	281	1	0	0	NA	0
positive	100GB	95%	FusionSeeker	6	1	400	281	0.8571428571428571	0.14285714285714285	0.0025	0.004914004914004914	0.0025
negative	100GB	85%	CTAT-LR-Fusion	1	0	400	279	1	0	0	NA	0
negative	100GB	85%	FusionSeeker	2	0	400	279	1	0	0	NA	0
negative	100GB	85%	Genion	1	0	400	279	1	0	0	NA	0
negative	100GB	90%	FusionSeeker	4	0	400	279	1	0	0	NA	0
negative	100GB	90%	Genion	1	0	400	279	1	0	0	NA	0
negative	100GB	95%	FusionSeeker	4	0	400	279	1	0	0	NA	0
positive	100GB	85%	CTAT-LR-Fusion	1	0	400	279	1	0	0	NA	0
positive	100GB	85%	FusionSeeker	2	0	400	279	1	0	0	NA	0
positive	100GB	85%	Genion	1	0	400	279	1	0	0	NA	0
positive	100GB	90%	FusionSeeker	4	0	400	279	1	0	0	NA	0
positive	100GB	90%	Genion	1	0	400	279	1	0	0	NA	0
positive	100GB	95%	FusionSeeker	6	1	400	279	0.8571428571428571	0.14285714285714285	0.0025	0.004914004914004914	0.0025
negative	100GB	85%	CTAT-LR-Fusion	1	0	400	263	1	0	0	NA	0
negative	100GB	85%	FusionSeeker	2	0	400	263	1	0	0	NA	0
negative	100GB	85%	Genion	1	0	400	263	1	0	0	NA	0
negative	100GB	90%	FusionSeeker	4	0	400	263	1	0	0	NA	0
negative	100GB	90%	Genion	1	0	400	263	1	0	0	NA	0
negative	100GB	95%	FusionSeeker	5	0	400	263	1	0	0	NA	0
positive	100GB	85%	CTAT-LR-Fusion	1	0	400	263	1	0	0	NA	0
positive	100GB	85%	FusionSeeker	2	0	400	263	1	0	0	NA	0
positive	100GB	85%	Genion	1	0	400	263	1	0	0	NA	0
positive	100GB	90%	FusionSeeker	4	0	400	263	1	0	0	NA	0
positive	100GB	90%	Genion	1	0	400	263	1	0	0	NA	0
positive	100GB	95%	FusionSeeker	6	1	400	263	0.8571428571428571	0.14285714285714285	0.0025	0.004914004914004914	0.0025
negative	100GB	85%	CTAT-LR-Fusion	1	0	400	261	1	0	0	NA	0
negative	100GB	85%	FusionSeeker	2	0	400	261	1	0	0	NA	0
negative	100GB	85%	Genion	1	0	400	261	1	0	0	NA	0
negative	100GB	90%	FusionSeeker	4	0	400	261	1	0	0	NA	0
negative	100GB	90%	Genion	1	0	400	261	1	0	0	NA	0
negative	100GB	95%	FusionSeeker	5	0	400	261	1	0	0	NA	0
positive	100GB	85%	CTAT-LR-Fusion	1	0	400	261	1	0	0	NA	0
positive	100GB	85%	FusionSeeker	2	0	400	261	1	0	0	NA	0
positive	100GB	85%	Genion	1	0	400	261	1	0	0	NA	0
positive	100GB	90%	FusionSeeker	4	0	400	261	1	0	0	NA	0
positive	100GB	90%	Genion	1	0	400	261	1	0	0	NA	0
positive	100GB	95%	FusionSeeker	7	1	400	261	0.875	0.125	0.0025	0.004901960784313725	0.0025
negative	100GB	85%	CTAT-LR-Fusion	1	0	400	256	1	0	0	NA	0
negative	100GB	85%	FusionSeeker	3	0	400	256	1	0	0	NA	0
negative	100GB	85%	Genion	1	0	400	256	1	0	0	NA	0
negative	100GB	90%	FusionSeeker	4	0	400	256	1	0	0	NA	0
negative	100GB	90%	Genion	1	0	400	256	1	0	0	NA	0
negative	100GB	95%	FusionSeeker	5	0	400	256	1	0	0	NA	0
positive	100GB	85%	CTAT-LR-Fusion	1	0	400	256	1	0	0	NA	0
positive	100GB	85%	FusionSeeker	2	0	400	256	1	0	0	NA	0
positive	100GB	85%	Genion	1	0	400	256	1	0	0	NA	0
positive	100GB	90%	FusionSeeker	4	0	400	256	1	0	0	NA	0
positive	100GB	90%	Genion	1	0	400	256	1	0	0	NA	0
positive	100GB	95%	FusionSeeker	7	1	400	256	0.875	0.125	0.0025	0.004901960784313725	0.0025
negative	100GB	85%	CTAT-LR-Fusion	1	0	400	243	1	0	0	NA	0
negative	100GB	85%	FusionSeeker	3	0	400	243	1	0	0	NA	0
negative	100GB	85%	Genion	1	0	400	243	1	0	0	NA	0
negative	100GB	90%	FusionSeeker	4	0	400	243	1	0	0	NA	0
negative	100GB	90%	Genion	1	0	400	243	1	0	0	NA	0
negative	100GB	95%	FusionSeeker	5	0	400	243	1	0	0	NA	0
positive	100GB	85%	CTAT-LR-Fusion	1	0	400	243	1	0	0	NA	0
positive	100GB	85%	FusionSeeker	2	0	400	243	1	0	0	NA	0
positive	100GB	85%	Genion	1	0	400	243	1	0	0	NA	0
positive	100GB	90%	FusionSeeker	4	0	400	243	1	0	0	NA	0
positive	100GB	90%	Genion	1	0	400	243	1	0	0	NA	0
positive	100GB	95%	FusionSeeker	8	1	400	243	0.8888888888888888	0.1111111111111111	0.0025	0.004889975550122249	0.0025
negative	100GB	85%	CTAT-LR-Fusion	1	0	400	242	1	0	0	NA	0
negative	100GB	85%	FusionSeeker	3	0	400	242	1	0	0	NA	0
negative	100GB	85%	Genion	1	0	400	242	1	0	0	NA	0
negative	100GB	90%	FusionSeeker	4	0	400	242	1	0	0	NA	0
negative	100GB	90%	Genion	1	0	400	242	1	0	0	NA	0
negative	100GB	95%	FusionSeeker	5	0	400	242	1	0	0	NA	0
positive	100GB	85%	CTAT-LR-Fusion	1	0	400	242	1	0	0	NA	0
positive	100GB	85%	FusionSeeker	3	0	400	242	1	0	0	NA	0
positive	100GB	85%	Genion	1	0	400	242	1	0	0	NA	0
positive	100GB	90%	FusionSeeker	4	0	400	242	1	0	0	NA	0
positive	100GB	90%	Genion	1	0	400	242	1	0	0	NA	0
positive	100GB	95%	FusionSeeker	8	1	400	242	0.8888888888888888	0.1111111111111111	0.0025	0.004889975550122249	0.0025
negative	100GB	85%	CTAT-LR-Fusion	1	0	400	234	1	0	0	NA	0
negative	100GB	85%	FusionSeeker	3	0	400	234	1	0	0	NA	0
negative	100GB	85%	Genion	1	0	400	234	1	0	0	NA	0
negative	100GB	90%	FusionSeeker	4	0	400	234	1	0	0	NA	0
negative	100GB	90%	Genion	1	0	400	234	1	0	0	NA	0
negative	100GB	95%	FusionSeeker	5	0	400	234	1	0	0	NA	0
positive	100GB	85%	CTAT-LR-Fusion	1	0	400	234	1	0	0	NA	0
positive	100GB	85%	FusionSeeker	3	0	400	234	1	0	0	NA	0
positive	100GB	85%	Genion	2	0	400	234	1	0	0	NA	0
positive	100GB	90%	FusionSeeker	4	0	400	234	1	0	0	NA	0
positive	100GB	90%	Genion	1	0	400	234	1	0	0	NA	0
positive	100GB	95%	FusionSeeker	8	1	400	234	0.8888888888888888	0.1111111111111111	0.0025	0.004889975550122249	0.0025
negative	100GB	85%	CTAT-LR-Fusion	1	0	400	231	1	0	0	NA	0
negative	100GB	85%	FusionSeeker	3	0	400	231	1	0	0	NA	0
negative	100GB	85%	Genion	1	0	400	231	1	0	0	NA	0
negative	100GB	90%	FusionSeeker	4	0	400	231	1	0	0	NA	0
negative	100GB	90%	Genion	1	0	400	231	1	0	0	NA	0
negative	100GB	95%	FusionSeeker	5	0	400	231	1	0	0	NA	0
positive	100GB	85%	CTAT-LR-Fusion	1	0	400	231	1	0	0	NA	0
positive	100GB	85%	FusionSeeker	3	0	400	231	1	0	0	NA	0
positive	100GB	85%	Genion	2	0	400	231	1	0	0	NA	0
positive	100GB	90%	FusionSeeker	4	0	400	231	1	0	0	NA	0
positive	100GB	90%	Genion	1	0	400	231	1	0	0	NA	0
positive	100GB	95%	FusionSeeker	9	1	400	231	0.9	0.1	0.0025	0.004878048780487805	0.0025
negative	100GB	85%	CTAT-LR-Fusion	1	0	400	229	1	0	0	NA	0
negative	100GB	85%	FusionSeeker	3	0	400	229	1	0	0	NA	0
negative	100GB	85%	Genion	1	0	400	229	1	0	0	NA	0
negative	100GB	90%	FusionSeeker	5	0	400	229	1	0	0	NA	0
negative	100GB	90%	Genion	1	0	400	229	1	0	0	NA	0
negative	100GB	95%	FusionSeeker	5	0	400	229	1	0	0	NA	0
positive	100GB	85%	CTAT-LR-Fusion	1	0	400	229	1	0	0	NA	0
positive	100GB	85%	FusionSeeker	3	0	400	229	1	0	0	NA	0
positive	100GB	85%	Genion	2	0	400	229	1	0	0	NA	0
positive	100GB	90%	FusionSeeker	4	0	400	229	1	0	0	NA	0
positive	100GB	90%	Genion	1	0	400	229	1	0	0	NA	0
positive	100GB	95%	FusionSeeker	9	1	400	229	0.9	0.1	0.0025	0.004878048780487805	0.0025
negative	100GB	85%	CTAT-LR-Fusion	1	0	400	228	1	0	0	NA	0
negative	100GB	85%	FusionSeeker	3	0	400	228	1	0	0	NA	0
negative	100GB	85%	Genion	1	0	400	228	1	0	0	NA	0
negative	100GB	90%	FusionSeeker	5	0	400	228	1	0	0	NA	0
negative	100GB	90%	Genion	1	0	400	228	1	0	0	NA	0
negative	100GB	95%	FusionSeeker	6	0	400	228	1	0	0	NA	0
positive	100GB	85%	CTAT-LR-Fusion	1	0	400	228	1	0	0	NA	0
positive	100GB	85%	FusionSeeker	3	0	400	228	1	0	0	NA	0
positive	100GB	85%	Genion	2	0	400	228	1	0	0	NA	0
positive	100GB	90%	FusionSeeker	4	0	400	228	1	0	0	NA	0
positive	100GB	90%	Genion	1	0	400	228	1	0	0	NA	0
positive	100GB	95%	FusionSeeker	9	1	400	228	0.9	0.1	0.0025	0.004878048780487805	0.0025
negative	100GB	85%	CTAT-LR-Fusion	1	0	400	225	1	0	0	NA	0
negative	100GB	85%	FusionSeeker	3	0	400	225	1	0	0	NA	0
negative	100GB	85%	Genion	2	0	400	225	1	0	0	NA	0
negative	100GB	90%	FusionSeeker	5	0	400	225	1	0	0	NA	0
negative	100GB	90%	Genion	1	0	400	225	1	0	0	NA	0
negative	100GB	95%	FusionSeeker	6	0	400	225	1	0	0	NA	0
positive	100GB	85%	CTAT-LR-Fusion	1	0	400	225	1	0	0	NA	0
positive	100GB	85%	FusionSeeker	4	0	400	225	1	0	0	NA	0
positive	100GB	85%	Genion	2	0	400	225	1	0	0	NA	0
positive	100GB	90%	FusionSeeker	5	0	400	225	1	0	0	NA	0
positive	100GB	90%	Genion	1	0	400	225	1	0	0	NA	0
positive	100GB	95%	FusionSeeker	9	1	400	225	0.9	0.1	0.0025	0.004878048780487805	0.0025
negative	100GB	85%	CTAT-LR-Fusion	1	0	400	222	1	0	0	NA	0
negative	100GB	85%	FusionSeeker	3	0	400	222	1	0	0	NA	0
negative	100GB	85%	Genion	2	0	400	222	1	0	0	NA	0
negative	100GB	90%	FusionSeeker	5	0	400	222	1	0	0	NA	0
negative	100GB	90%	Genion	1	0	400	222	1	0	0	NA	0
negative	100GB	95%	FusionSeeker	6	0	400	222	1	0	0	NA	0
positive	100GB	85%	CTAT-LR-Fusion	1	0	400	222	1	0	0	NA	0
positive	100GB	85%	FusionSeeker	5	0	400	222	1	0	0	NA	0
positive	100GB	85%	Genion	2	0	400	222	1	0	0	NA	0
positive	100GB	90%	FusionSeeker	5	0	400	222	1	0	0	NA	0
positive	100GB	90%	Genion	1	0	400	222	1	0	0	NA	0
positive	100GB	95%	FusionSeeker	9	1	400	222	0.9	0.1	0.0025	0.004878048780487805	0.0025
negative	100GB	85%	CTAT-LR-Fusion	1	0	400	218	1	0	0	NA	0
negative	100GB	85%	FusionSeeker	3	0	400	218	1	0	0	NA	0
negative	100GB	85%	Genion	2	0	400	218	1	0	0	NA	0
negative	100GB	90%	FusionSeeker	5	0	400	218	1	0	0	NA	0
negative	100GB	90%	Genion	1	0	400	218	1	0	0	NA	0
negative	100GB	95%	FusionSeeker	6	0	400	218	1	0	0	NA	0
positive	100GB	85%	CTAT-LR-Fusion	1	0	400	218	1	0	0	NA	0
positive	100GB	85%	FusionSeeker	5	0	400	218	1	0	0	NA	0
positive	100GB	85%	Genion	2	0	400	218	1	0	0	NA	0
positive	100GB	90%	FusionSeeker	5	0	400	218	1	0	0	NA	0
positive	100GB	90%	Genion	1	0	400	218	1	0	0	NA	0
positive	100GB	95%	FusionSeeker	10	1	400	218	0.9090909090909091	0.09090909090909091	0.0025	0.004866180048661801	0.0025
positive	10GB	95%	FusionSeeker	1	0	400	218	1	0	0	NA	0
negative	100GB	85%	CTAT-LR-Fusion	1	0	400	214	1	0	0	NA	0
negative	100GB	85%	FusionSeeker	3	0	400	214	1	0	0	NA	0
negative	100GB	85%	Genion	2	0	400	214	1	0	0	NA	0
negative	100GB	90%	FusionSeeker	5	0	400	214	1	0	0	NA	0
negative	100GB	90%	Genion	1	0	400	214	1	0	0	NA	0
negative	100GB	95%	FusionSeeker	6	0	400	214	1	0	0	NA	0
positive	100GB	85%	CTAT-LR-Fusion	1	0	400	214	1	0	0	NA	0
positive	100GB	85%	FusionSeeker	5	0	400	214	1	0	0	NA	0
positive	100GB	85%	Genion	2	0	400	214	1	0	0	NA	0
positive	100GB	90%	FusionSeeker	6	0	400	214	1	0	0	NA	0
positive	100GB	90%	Genion	1	0	400	214	1	0	0	NA	0
positive	100GB	95%	FusionSeeker	10	1	400	214	0.9090909090909091	0.09090909090909091	0.0025	0.004866180048661801	0.0025
positive	10GB	95%	FusionSeeker	1	0	400	214	1	0	0	NA	0
negative	100GB	85%	CTAT-LR-Fusion	1	0	400	209	1	0	0	NA	0
negative	100GB	85%	FusionSeeker	3	0	400	209	1	0	0	NA	0
negative	100GB	85%	Genion	2	0	400	209	1	0	0	NA	0
negative	100GB	90%	FusionSeeker	5	0	400	209	1	0	0	NA	0
negative	100GB	90%	Genion	1	0	400	209	1	0	0	NA	0
negative	100GB	95%	FusionSeeker	6	0	400	209	1	0	0	NA	0
negative	10GB	90%	FusionSeeker	1	0	400	209	1	0	0	NA	0
negative	10GB	95%	FusionSeeker	1	0	400	209	1	0	0	NA	0
positive	100GB	85%	CTAT-LR-Fusion	1	0	400	209	1	0	0	NA	0
positive	100GB	85%	FusionSeeker	5	0	400	209	1	0	0	NA	0
positive	100GB	85%	Genion	2	0	400	209	1	0	0	NA	0
positive	100GB	90%	FusionSeeker	6	0	400	209	1	0	0	NA	0
positive	100GB	90%	Genion	1	0	400	209	1	0	0	NA	0
positive	100GB	95%	FusionSeeker	10	1	400	209	0.9090909090909091	0.09090909090909091	0.0025	0.004866180048661801	0.0025
positive	10GB	95%	FusionSeeker	1	0	400	209	1	0	0	NA	0
negative	100GB	85%	CTAT-LR-Fusion	1	0	400	203	1	0	0	NA	0
negative	100GB	85%	FusionSeeker	3	0	400	203	1	0	0	NA	0
negative	100GB	85%	Genion	2	0	400	203	1	0	0	NA	0
negative	100GB	90%	FusionSeeker	5	0	400	203	1	0	0	NA	0
negative	100GB	90%	Genion	1	0	400	203	1	0	0	NA	0
negative	100GB	95%	FusionSeeker	6	0	400	203	1	0	0	NA	0
negative	10GB	90%	FusionSeeker	1	0	400	203	1	0	0	NA	0
negative	10GB	95%	FusionSeeker	1	0	400	203	1	0	0	NA	0
positive	100GB	85%	CTAT-LR-Fusion	1	0	400	203	1	0	0	NA	0
positive	100GB	85%	FusionSeeker	6	0	400	203	1	0	0	NA	0
positive	100GB	85%	Genion	2	0	400	203	1	0	0	NA	0
positive	100GB	90%	FusionSeeker	6	0	400	203	1	0	0	NA	0
positive	100GB	90%	Genion	1	0	400	203	1	0	0	NA	0
positive	100GB	95%	FusionSeeker	10	1	400	203	0.9090909090909091	0.09090909090909091	0.0025	0.004866180048661801	0.0025
positive	10GB	95%	FusionSeeker	1	0	400	203	1	0	0	NA	0
negative	100GB	85%	CTAT-LR-Fusion	1	0	400	201	1	0	0	NA	0
negative	100GB	85%	FusionSeeker	5	0	400	201	1	0	0	NA	0
negative	100GB	85%	Genion	2	0	400	201	1	0	0	NA	0
negative	100GB	90%	FusionSeeker	5	0	400	201	1	0	0	NA	0
negative	100GB	90%	Genion	1	0	400	201	1	0	0	NA	0
negative	100GB	95%	FusionSeeker	6	0	400	201	1	0	0	NA	0
negative	10GB	90%	FusionSeeker	1	0	400	201	1	0	0	NA	0
negative	10GB	95%	FusionSeeker	1	0	400	201	1	0	0	NA	0
positive	100GB	85%	CTAT-LR-Fusion	1	0	400	201	1	0	0	NA	0
positive	100GB	85%	FusionSeeker	6	0	400	201	1	0	0	NA	0
positive	100GB	85%	Genion	2	0	400	201	1	0	0	NA	0
positive	100GB	90%	FusionSeeker	6	0	400	201	1	0	0	NA	0
positive	100GB	90%	Genion	1	0	400	201	1	0	0	NA	0
positive	100GB	95%	FusionSeeker	10	1	400	201	0.9090909090909091	0.09090909090909091	0.0025	0.004866180048661801	0.0025
positive	10GB	95%	FusionSeeker	1	0	400	201	1	0	0	NA	0
negative	100GB	85%	CTAT-LR-Fusion	1	0	400	200	1	0	0	NA	0
negative	100GB	85%	FusionSeeker	5	0	400	200	1	0	0	NA	0
negative	100GB	85%	Genion	2	0	400	200	1	0	0	NA	0
negative	100GB	90%	FusionSeeker	5	0	400	200	1	0	0	NA	0
negative	100GB	90%	GFSeeker	1	0	400	200	1	0	0	NA	0
negative	100GB	90%	Genion	1	0	400	200	1	0	0	NA	0
negative	100GB	95%	FusionSeeker	6	0	400	200	1	0	0	NA	0
negative	10GB	90%	FusionSeeker	1	0	400	200	1	0	0	NA	0
negative	10GB	95%	FusionSeeker	1	0	400	200	1	0	0	NA	0
positive	100GB	85%	CTAT-LR-Fusion	1	0	400	200	1	0	0	NA	0
positive	100GB	85%	FusionSeeker	6	0	400	200	1	0	0	NA	0
positive	100GB	85%	Genion	2	0	400	200	1	0	0	NA	0
positive	100GB	90%	FusionSeeker	6	0	400	200	1	0	0	NA	0
positive	100GB	90%	Genion	1	0	400	200	1	0	0	NA	0
positive	100GB	95%	FusionSeeker	10	1	400	200	0.9090909090909091	0.09090909090909091	0.0025	0.004866180048661801	0.0025
positive	10GB	95%	FusionSeeker	1	0	400	200	1	0	0	NA	0
negative	100GB	85%	CTAT-LR-Fusion	1	0	400	197	1	0	0	NA	0
negative	100GB	85%	FusionSeeker	5	0	400	197	1	0	0	NA	0
negative	100GB	85%	Genion	2	0	400	197	1	0	0	NA	0
negative	100GB	90%	FusionSeeker	6	0	400	197	1	0	0	NA	0
negative	100GB	90%	GFSeeker	1	0	400	197	1	0	0	NA	0
negative	100GB	90%	Genion	1	0	400	197	1	0	0	NA	0
negative	100GB	95%	FusionSeeker	6	0	400	197	1	0	0	NA	0
negative	10GB	90%	FusionSeeker	1	0	400	197	1	0	0	NA	0
negative	10GB	95%	FusionSeeker	1	0	400	197	1	0	0	NA	0
positive	100GB	85%	CTAT-LR-Fusion	1	0	400	197	1	0	0	NA	0
positive	100GB	85%	FusionSeeker	6	0	400	197	1	0	0	NA	0
positive	100GB	85%	Genion	2	0	400	197	1	0	0	NA	0
positive	100GB	90%	FusionSeeker	6	0	400	197	1	0	0	NA	0
positive	100GB	90%	Genion	1	0	400	197	1	0	0	NA	0
positive	100GB	95%	FusionSeeker	11	1	400	197	0.9166666666666666	0.08333333333333333	0.0025	0.0048543689320388345	0.0025
positive	10GB	95%	FusionSeeker	1	0	400	197	1	0	0	NA	0
negative	100GB	85%	CTAT-LR-Fusion	1	0	400	196	1	0	0	NA	0
negative	100GB	85%	FusionSeeker	5	0	400	196	1	0	0	NA	0
negative	100GB	85%	Genion	2	0	400	196	1	0	0	NA	0
negative	100GB	90%	FusionSeeker	6	0	400	196	1	0	0	NA	0
negative	100GB	90%	GFSeeker	1	0	400	196	1	0	0	NA	0
negative	100GB	90%	Genion	1	0	400	196	1	0	0	NA	0
negative	100GB	95%	FusionSeeker	6	0	400	196	1	0	0	NA	0
negative	10GB	90%	FusionSeeker	1	0	400	196	1	0	0	NA	0
negative	10GB	95%	FusionSeeker	1	0	400	196	1	0	0	NA	0
positive	100GB	85%	CTAT-LR-Fusion	1	0	400	196	1	0	0	NA	0
positive	100GB	85%	FusionSeeker	6	0	400	196	1	0	0	NA	0
positive	100GB	85%	Genion	2	0	400	196	1	0	0	NA	0
positive	100GB	90%	FusionSeeker	6	0	400	196	1	0	0	NA	0
positive	100GB	90%	Genion	1	0	400	196	1	0	0	NA	0
positive	100GB	95%	FusionSeeker	12	1	400	196	0.9230769230769231	0.07692307692307693	0.0025	0.004842615012106538	0.0025
positive	10GB	95%	FusionSeeker	1	0	400	196	1	0	0	NA	0
negative	100GB	85%	CTAT-LR-Fusion	1	0	400	195	1	0	0	NA	0
negative	100GB	85%	FusionSeeker	5	0	400	195	1	0	0	NA	0
negative	100GB	85%	Genion	2	0	400	195	1	0	0	NA	0
negative	100GB	90%	FusionSeeker	6	0	400	195	1	0	0	NA	0
negative	100GB	90%	GFSeeker	1	0	400	195	1	0	0	NA	0
negative	100GB	90%	Genion	1	0	400	195	1	0	0	NA	0
negative	100GB	95%	FusionSeeker	6	0	400	195	1	0	0	NA	0
negative	10GB	90%	FusionSeeker	1	0	400	195	1	0	0	NA	0
negative	10GB	95%	FusionSeeker	1	0	400	195	1	0	0	NA	0
positive	100GB	85%	CTAT-LR-Fusion	1	0	400	195	1	0	0	NA	0
positive	100GB	85%	FusionSeeker	6	0	400	195	1	0	0	NA	0
positive	100GB	85%	Genion	2	0	400	195	1	0	0	NA	0
positive	100GB	90%	FusionSeeker	7	0	400	195	1	0	0	NA	0
positive	100GB	90%	Genion	1	0	400	195	1	0	0	NA	0
positive	100GB	95%	FusionSeeker	12	1	400	195	0.9230769230769231	0.07692307692307693	0.0025	0.004842615012106538	0.0025
positive	10GB	95%	FusionSeeker	1	0	400	195	1	0	0	NA	0
negative	100GB	85%	CTAT-LR-Fusion	1	0	400	192	1	0	0	NA	0
negative	100GB	85%	FusionSeeker	5	0	400	192	1	0	0	NA	0
negative	100GB	85%	GFSeeker	1	0	400	192	1	0	0	NA	0
negative	100GB	85%	Genion	2	0	400	192	1	0	0	NA	0
negative	100GB	90%	FusionSeeker	6	0	400	192	1	0	0	NA	0
negative	100GB	90%	GFSeeker	1	0	400	192	1	0	0	NA	0
negative	100GB	90%	Genion	1	0	400	192	1	0	0	NA	0
negative	100GB	95%	FusionSeeker	6	0	400	192	1	0	0	NA	0
negative	10GB	90%	FusionSeeker	1	0	400	192	1	0	0	NA	0
negative	10GB	95%	FusionSeeker	1	0	400	192	1	0	0	NA	0
positive	100GB	85%	CTAT-LR-Fusion	1	0	400	192	1	0	0	NA	0
positive	100GB	85%	FusionSeeker	6	0	400	192	1	0	0	NA	0
positive	100GB	85%	Genion	2	0	400	192	1	0	0	NA	0
positive	100GB	90%	FusionSeeker	7	0	400	192	1	0	0	NA	0
positive	100GB	90%	Genion	1	0	400	192	1	0	0	NA	0
positive	100GB	95%	FusionSeeker	12	1	400	192	0.9230769230769231	0.07692307692307693	0.0025	0.004842615012106538	0.0025
positive	10GB	95%	FusionSeeker	1	0	400	192	1	0	0	NA	0
negative	100GB	85%	CTAT-LR-Fusion	1	0	400	191	1	0	0	NA	0
negative	100GB	85%	FusionSeeker	5	0	400	191	1	0	0	NA	0
negative	100GB	85%	GFSeeker	1	0	400	191	1	0	0	NA	0
negative	100GB	85%	Genion	2	0	400	191	1	0	0	NA	0
negative	100GB	90%	FusionSeeker	6	0	400	191	1	0	0	NA	0
negative	100GB	90%	GFSeeker	1	0	400	191	1	0	0	NA	0
negative	100GB	90%	Genion	1	0	400	191	1	0	0	NA	0
negative	100GB	95%	FusionSeeker	6	0	400	191	1	0	0	NA	0
negative	10GB	90%	FusionSeeker	1	0	400	191	1	0	0	NA	0
negative	10GB	95%	FusionSeeker	1	0	400	191	1	0	0	NA	0
positive	100GB	85%	CTAT-LR-Fusion	1	0	400	191	1	0	0	NA	0
positive	100GB	85%	FusionSeeker	6	0	400	191	1	0	0	NA	0
positive	100GB	85%	Genion	3	0	400	191	1	0	0	NA	0
positive	100GB	90%	FusionSeeker	7	0	400	191	1	0	0	NA	0
positive	100GB	90%	Genion	1	0	400	191	1	0	0	NA	0
positive	100GB	95%	FusionSeeker	12	1	400	191	0.9230769230769231	0.07692307692307693	0.0025	0.004842615012106538	0.0025
positive	10GB	95%	FusionSeeker	1	0	400	191	1	0	0	NA	0
negative	100GB	85%	CTAT-LR-Fusion	1	0	400	189	1	0	0	NA	0
negative	100GB	85%	FusionSeeker	5	0	400	189	1	0	0	NA	0
negative	100GB	85%	GFSeeker	1	0	400	189	1	0	0	NA	0
negative	100GB	85%	Genion	3	0	400	189	1	0	0	NA	0
negative	100GB	90%	FusionSeeker	6	0	400	189	1	0	0	NA	0
negative	100GB	90%	GFSeeker	1	0	400	189	1	0	0	NA	0
negative	100GB	90%	Genion	1	0	400	189	1	0	0	NA	0
negative	100GB	95%	FusionSeeker	6	0	400	189	1	0	0	NA	0
negative	10GB	90%	FusionSeeker	1	0	400	189	1	0	0	NA	0
negative	10GB	95%	FusionSeeker	1	0	400	189	1	0	0	NA	0
positive	100GB	85%	CTAT-LR-Fusion	1	0	400	189	1	0	0	NA	0
positive	100GB	85%	FusionSeeker	6	0	400	189	1	0	0	NA	0
positive	100GB	85%	Genion	3	0	400	189	1	0	0	NA	0
positive	100GB	90%	FusionSeeker	7	0	400	189	1	0	0	NA	0
positive	100GB	90%	Genion	1	0	400	189	1	0	0	NA	0
positive	100GB	95%	FusionSeeker	12	1	400	189	0.9230769230769231	0.07692307692307693	0.0025	0.004842615012106538	0.0025
positive	10GB	95%	FusionSeeker	1	0	400	189	1	0	0	NA	0
negative	100GB	85%	CTAT-LR-Fusion	1	0	400	187	1	0	0	NA	0
negative	100GB	85%	FusionSeeker	5	0	400	187	1	0	0	NA	0
negative	100GB	85%	GFSeeker	1	0	400	187	1	0	0	NA	0
negative	100GB	85%	Genion	3	0	400	187	1	0	0	NA	0
negative	100GB	90%	FusionSeeker	6	0	400	187	1	0	0	NA	0
negative	100GB	90%	GFSeeker	1	0	400	187	1	0	0	NA	0
negative	100GB	90%	Genion	1	0	400	187	1	0	0	NA	0
negative	100GB	95%	FusionSeeker	6	0	400	187	1	0	0	NA	0
negative	10GB	90%	FusionSeeker	1	0	400	187	1	0	0	NA	0
negative	10GB	95%	FusionSeeker	1	0	400	187	1	0	0	NA	0
positive	100GB	85%	CTAT-LR-Fusion	1	0	400	187	1	0	0	NA	0
positive	100GB	85%	FusionSeeker	6	0	400	187	1	0	0	NA	0
positive	100GB	85%	Genion	3	0	400	187	1	0	0	NA	0
positive	100GB	90%	FusionSeeker	7	0	400	187	1	0	0	NA	0
positive	100GB	90%	Genion	1	0	400	187	1	0	0	NA	0
positive	100GB	95%	FusionSeeker	12	1	400	187	0.9230769230769231	0.07692307692307693	0.0025	0.004842615012106538	0.0025
positive	10GB	90%	FusionSeeker	1	0	400	187	1	0	0	NA	0
positive	10GB	95%	FusionSeeker	1	0	400	187	1	0	0	NA	0
negative	100GB	85%	CTAT-LR-Fusion	1	0	400	185	1	0	0	NA	0
negative	100GB	85%	FusionSeeker	5	0	400	185	1	0	0	NA	0
negative	100GB	85%	GFSeeker	1	0	400	185	1	0	0	NA	0
negative	100GB	85%	Genion	3	0	400	185	1	0	0	NA	0
negative	100GB	90%	FusionSeeker	6	0	400	185	1	0	0	NA	0
negative	100GB	90%	GFSeeker	1	0	400	185	1	0	0	NA	0
negative	100GB	90%	Genion	1	0	400	185	1	0	0	NA	0
negative	100GB	95%	FusionSeeker	6	0	400	185	1	0	0	NA	0
negative	10GB	90%	FusionSeeker	1	0	400	185	1	0	0	NA	0
negative	10GB	95%	FusionSeeker	1	0	400	185	1	0	0	NA	0
positive	100GB	85%	CTAT-LR-Fusion	1	0	400	185	1	0	0	NA	0
positive	100GB	85%	FusionSeeker	6	0	400	185	1	0	0	NA	0
positive	100GB	85%	Genion	3	0	400	185	1	0	0	NA	0
positive	100GB	90%	FusionSeeker	8	0	400	185	1	0	0	NA	0
positive	100GB	90%	Genion	1	0	400	185	1	0	0	NA	0
positive	100GB	95%	FusionSeeker	12	1	400	185	0.9230769230769231	0.07692307692307693	0.0025	0.004842615012106538	0.0025
positive	10GB	90%	FusionSeeker	1	0	400	185	1	0	0	NA	0
positive	10GB	95%	FusionSeeker	1	0	400	185	1	0	0	NA	0
negative	100GB	85%	CTAT-LR-Fusion	1	0	400	182	1	0	0	NA	0
negative	100GB	85%	FusionSeeker	5	0	400	182	1	0	0	NA	0
negative	100GB	85%	GFSeeker	1	0	400	182	1	0	0	NA	0
negative	100GB	85%	Genion	3	0	400	182	1	0	0	NA	0
negative	100GB	90%	FusionSeeker	7	0	400	182	1	0	0	NA	0
negative	100GB	90%	GFSeeker	1	0	400	182	1	0	0	NA	0
negative	100GB	90%	Genion	1	0	400	182	1	0	0	NA	0
negative	100GB	95%	FusionSeeker	6	0	400	182	1	0	0	NA	0
negative	10GB	90%	FusionSeeker	1	0	400	182	1	0	0	NA	0
negative	10GB	95%	FusionSeeker	1	0	400	182	1	0	0	NA	0
positive	100GB	85%	CTAT-LR-Fusion	1	0	400	182	1	0	0	NA	0
positive	100GB	85%	FusionSeeker	6	0	400	182	1	0	0	NA	0
positive	100GB	85%	GFSeeker	1	0	400	182	1	0	0	NA	0
positive	100GB	85%	Genion	3	0	400	182	1	0	0	NA	0
positive	100GB	90%	FusionSeeker	8	0	400	182	1	0	0	NA	0
positive	100GB	90%	Genion	1	0	400	182	1	0	0	NA	0
positive	100GB	95%	FusionSeeker	12	1	400	182	0.9230769230769231	0.07692307692307693	0.0025	0.004842615012106538	0.0025
positive	10GB	90%	FusionSeeker	1	0	400	182	1	0	0	NA	0
positive	10GB	95%	FusionSeeker	1	0	400	182	1	0	0	NA	0
negative	100GB	85%	CTAT-LR-Fusion	1	0	400	180	1	0	0	NA	0
negative	100GB	85%	FusionSeeker	5	0	400	180	1	0	0	NA	0
negative	100GB	85%	GFSeeker	1	0	400	180	1	0	0	NA	0
negative	100GB	85%	Genion	3	0	400	180	1	0	0	NA	0
negative	100GB	90%	FusionSeeker	7	0	400	180	1	0	0	NA	0
negative	100GB	90%	GFSeeker	1	0	400	180	1	0	0	NA	0
negative	100GB	90%	Genion	1	0	400	180	1	0	0	NA	0
negative	100GB	95%	FusionSeeker	6	0	400	180	1	0	0	NA	0
negative	10GB	90%	FusionSeeker	1	0	400	180	1	0	0	NA	0
negative	10GB	95%	FusionSeeker	1	0	400	180	1	0	0	NA	0
positive	100GB	85%	CTAT-LR-Fusion	1	0	400	180	1	0	0	NA	0
positive	100GB	85%	FusionSeeker	6	0	400	180	1	0	0	NA	0
positive	100GB	85%	GFSeeker	1	0	400	180	1	0	0	NA	0
positive	100GB	85%	Genion	3	0	400	180	1	0	0	NA	0
positive	100GB	90%	FusionSeeker	8	0	400	180	1	0	0	NA	0
positive	100GB	90%	Genion	1	0	400	180	1	0	0	NA	0
positive	100GB	95%	FusionSeeker	13	1	400	180	0.9285714285714286	0.07142857142857142	0.0025	0.004830917874396135	0.0025
positive	10GB	90%	FusionSeeker	1	0	400	180	1	0	0	NA	0
positive	10GB	95%	FusionSeeker	1	0	400	180	1	0	0	NA	0
negative	100GB	85%	CTAT-LR-Fusion	1	0	400	179	1	0	0	NA	0
negative	100GB	85%	FusionSeeker	5	0	400	179	1	0	0	NA	0
negative	100GB	85%	GFSeeker	1	0	400	179	1	0	0	NA	0
negative	100GB	85%	Genion	3	0	400	179	1	0	0	NA	0
negative	100GB	90%	FusionSeeker	7	0	400	179	1	0	0	NA	0
negative	100GB	90%	GFSeeker	1	0	400	179	1	0	0	NA	0
negative	100GB	90%	Genion	1	0	400	179	1	0	0	NA	0
negative	100GB	95%	FusionSeeker	6	0	400	179	1	0	0	NA	0
negative	10GB	90%	FusionSeeker	1	0	400	179	1	0	0	NA	0
negative	10GB	95%	FusionSeeker	1	0	400	179	1	0	0	NA	0
positive	100GB	85%	CTAT-LR-Fusion	1	0	400	179	1	0	0	NA	0
positive	100GB	85%	FusionSeeker	6	0	400	179	1	0	0	NA	0
positive	100GB	85%	GFSeeker	1	0	400	179	1	0	0	NA	0
positive	100GB	85%	Genion	3	0	400	179	1	0	0	NA	0
positive	100GB	90%	CTAT-LR-Fusion	1	0	400	179	1	0	0	NA	0
positive	100GB	90%	FusionSeeker	8	0	400	179	1	0	0	NA	0
positive	100GB	90%	Genion	1	0	400	179	1	0	0	NA	0
positive	100GB	95%	FusionSeeker	13	1	400	179	0.9285714285714286	0.07142857142857142	0.0025	0.004830917874396135	0.0025
positive	10GB	90%	FusionSeeker	1	0	400	179	1	0	0	NA	0
positive	10GB	95%	FusionSeeker	1	0	400	179	1	0	0	NA	0
negative	100GB	85%	CTAT-LR-Fusion	1	0	400	177	1	0	0	NA	0
negative	100GB	85%	FusionSeeker	5	0	400	177	1	0	0	NA	0
negative	100GB	85%	GFSeeker	1	0	400	177	1	0	0	NA	0
negative	100GB	85%	Genion	3	0	400	177	1	0	0	NA	0
negative	100GB	90%	FusionSeeker	7	0	400	177	1	0	0	NA	0
negative	100GB	90%	GFSeeker	1	0	400	177	1	0	0	NA	0
negative	100GB	90%	Genion	1	0	400	177	1	0	0	NA	0
negative	100GB	95%	FusionSeeker	7	0	400	177	1	0	0	NA	0
negative	10GB	90%	FusionSeeker	1	0	400	177	1	0	0	NA	0
negative	10GB	95%	FusionSeeker	1	0	400	177	1	0	0	NA	0
positive	100GB	85%	CTAT-LR-Fusion	1	0	400	177	1	0	0	NA	0
positive	100GB	85%	FusionSeeker	7	0	400	177	1	0	0	NA	0
positive	100GB	85%	GFSeeker	1	0	400	177	1	0	0	NA	0
positive	100GB	85%	Genion	3	0	400	177	1	0	0	NA	0
positive	100GB	90%	CTAT-LR-Fusion	1	0	400	177	1	0	0	NA	0
positive	100GB	90%	FusionSeeker	9	0	400	177	1	0	0	NA	0
positive	100GB	90%	Genion	1	0	400	177	1	0	0	NA	0
positive	100GB	95%	FusionSeeker	13	1	400	177	0.9285714285714286	0.07142857142857142	0.0025	0.004830917874396135	0.0025
positive	10GB	90%	FusionSeeker	1	0	400	177	1	0	0	NA	0
positive	10GB	95%	FusionSeeker	1	0	400	177	1	0	0	NA	0
negative	100GB	85%	CTAT-LR-Fusion	1	0	400	175	1	0	0	NA	0
negative	100GB	85%	FusionSeeker	5	0	400	175	1	0	0	NA	0
negative	100GB	85%	GFSeeker	1	0	400	175	1	0	0	NA	0
negative	100GB	85%	Genion	3	0	400	175	1	0	0	NA	0
negative	100GB	90%	FusionSeeker	7	0	400	175	1	0	0	NA	0
negative	100GB	90%	GFSeeker	1	0	400	175	1	0	0	NA	0
negative	100GB	90%	Genion	1	0	400	175	1	0	0	NA	0
negative	100GB	95%	FusionSeeker	7	0	400	175	1	0	0	NA	0
negative	10GB	90%	FusionSeeker	1	0	400	175	1	0	0	NA	0
negative	10GB	95%	FusionSeeker	1	0	400	175	1	0	0	NA	0
positive	100GB	85%	CTAT-LR-Fusion	1	0	400	175	1	0	0	NA	0
positive	100GB	85%	FusionSeeker	7	0	400	175	1	0	0	NA	0
positive	100GB	85%	GFSeeker	1	0	400	175	1	0	0	NA	0
positive	100GB	85%	Genion	3	0	400	175	1	0	0	NA	0
positive	100GB	90%	CTAT-LR-Fusion	1	0	400	175	1	0	0	NA	0
positive	100GB	90%	FusionSeeker	9	0	400	175	1	0	0	NA	0
positive	100GB	90%	Genion	1	0	400	175	1	0	0	NA	0
positive	100GB	95%	FusionSeeker	14	1	400	175	0.9333333333333333	0.06666666666666667	0.0025	0.0048192771084337345	0.0025
positive	10GB	90%	FusionSeeker	1	0	400	175	1	0	0	NA	0
positive	10GB	95%	FusionSeeker	1	0	400	175	1	0	0	NA	0
negative	100GB	85%	CTAT-LR-Fusion	1	0	400	172	1	0	0	NA	0
negative	100GB	85%	FusionSeeker	5	0	400	172	1	0	0	NA	0
negative	100GB	85%	GFSeeker	1	0	400	172	1	0	0	NA	0
negative	100GB	85%	Genion	3	0	400	172	1	0	0	NA	0
negative	100GB	90%	FusionSeeker	7	0	400	172	1	0	0	NA	0
negative	100GB	90%	GFSeeker	1	0	400	172	1	0	0	NA	0
negative	100GB	90%	Genion	1	0	400	172	1	0	0	NA	0
negative	100GB	95%	FusionSeeker	7	0	400	172	1	0	0	NA	0
negative	10GB	90%	FusionSeeker	1	0	400	172	1	0	0	NA	0
negative	10GB	95%	FusionSeeker	1	0	400	172	1	0	0	NA	0
positive	100GB	85%	CTAT-LR-Fusion	1	0	400	172	1	0	0	NA	0
positive	100GB	85%	FusionSeeker	8	0	400	172	1	0	0	NA	0
positive	100GB	85%	GFSeeker	1	0	400	172	1	0	0	NA	0
positive	100GB	85%	Genion	3	0	400	172	1	0	0	NA	0
positive	100GB	90%	CTAT-LR-Fusion	1	0	400	172	1	0	0	NA	0
positive	100GB	90%	FusionSeeker	9	0	400	172	1	0	0	NA	0
positive	100GB	90%	Genion	1	0	400	172	1	0	0	NA	0
positive	100GB	95%	FusionSeeker	14	1	400	172	0.9333333333333333	0.06666666666666667	0.0025	0.0048192771084337345	0.0025
positive	10GB	90%	FusionSeeker	1	0	400	172	1	0	0	NA	0
positive	10GB	95%	FusionSeeker	1	0	400	172	1	0	0	NA	0
negative	100GB	85%	CTAT-LR-Fusion	2	0	400	171	1	0	0	NA	0
negative	100GB	85%	FusionSeeker	6	0	400	171	1	0	0	NA	0
negative	100GB	85%	GFSeeker	1	0	400	171	1	0	0	NA	0
negative	100GB	85%	Genion	3	0	400	171	1	0	0	NA	0
negative	100GB	90%	CTAT-LR-Fusion	1	0	400	171	1	0	0	NA	0
negative	100GB	90%	FusionSeeker	7	0	400	171	1	0	0	NA	0
negative	100GB	90%	GFSeeker	1	0	400	171	1	0	0	NA	0
negative	100GB	90%	Genion	1	0	400	171	1	0	0	NA	0
negative	100GB	95%	FusionSeeker	7	0	400	171	1	0	0	NA	0
negative	10GB	90%	FusionSeeker	1	0	400	171	1	0	0	NA	0
negative	10GB	95%	FusionSeeker	1	0	400	171	1	0	0	NA	0
positive	100GB	85%	CTAT-LR-Fusion	1	0	400	171	1	0	0	NA	0
positive	100GB	85%	FusionSeeker	8	0	400	171	1	0	0	NA	0
positive	100GB	85%	GFSeeker	1	0	400	171	1	0	0	NA	0
positive	100GB	85%	Genion	3	0	400	171	1	0	0	NA	0
positive	100GB	90%	CTAT-LR-Fusion	1	0	400	171	1	0	0	NA	0
positive	100GB	90%	FusionSeeker	9	0	400	171	1	0	0	NA	0
positive	100GB	90%	Genion	1	0	400	171	1	0	0	NA	0
positive	100GB	95%	FusionSeeker	14	1	400	171	0.9333333333333333	0.06666666666666667	0.0025	0.0048192771084337345	0.0025
positive	10GB	90%	FusionSeeker	1	0	400	171	1	0	0	NA	0
positive	10GB	95%	FusionSeeker	1	0	400	171	1	0	0	NA	0
negative	100GB	85%	CTAT-LR-Fusion	2	0	400	166	1	0	0	NA	0
negative	100GB	85%	FusionSeeker	6	0	400	166	1	0	0	NA	0
negative	100GB	85%	GFSeeker	1	0	400	166	1	0	0	NA	0
negative	100GB	85%	Genion	3	0	400	166	1	0	0	NA	0
negative	100GB	90%	CTAT-LR-Fusion	1	0	400	166	1	0	0	NA	0
negative	100GB	90%	FusionSeeker	7	0	400	166	1	0	0	NA	0
negative	100GB	90%	GFSeeker	1	0	400	166	1	0	0	NA	0
negative	100GB	90%	Genion	1	0	400	166	1	0	0	NA	0
negative	100GB	95%	FusionSeeker	7	0	400	166	1	0	0	NA	0
negative	10GB	90%	FusionSeeker	1	0	400	166	1	0	0	NA	0
negative	10GB	95%	FusionSeeker	1	0	400	166	1	0	0	NA	0
positive	100GB	85%	CTAT-LR-Fusion	1	0	400	166	1	0	0	NA	0
positive	100GB	85%	FusionSeeker	8	0	400	166	1	0	0	NA	0
positive	100GB	85%	GFSeeker	1	0	400	166	1	0	0	NA	0
positive	100GB	85%	Genion	3	0	400	166	1	0	0	NA	0
positive	100GB	90%	CTAT-LR-Fusion	1	0	400	166	1	0	0	NA	0
positive	100GB	90%	FusionSeeker	9	0	400	166	1	0	0	NA	0
positive	100GB	90%	Genion	1	0	400	166	1	0	0	NA	0
positive	100GB	95%	FusionSeeker	15	1	400	166	0.9375	0.0625	0.0025	0.004807692307692308	0.0025
positive	10GB	90%	FusionSeeker	1	0	400	166	1	0	0	NA	0
positive	10GB	95%	FusionSeeker	1	0	400	166	1	0	0	NA	0
negative	100GB	85%	CTAT-LR-Fusion	2	0	400	164	1	0	0	NA	0
negative	100GB	85%	FusionSeeker	6	0	400	164	1	0	0	NA	0
negative	100GB	85%	GFSeeker	1	0	400	164	1	0	0	NA	0
negative	100GB	85%	Genion	3	0	400	164	1	0	0	NA	0
negative	100GB	90%	CTAT-LR-Fusion	1	0	400	164	1	0	0	NA	0
negative	100GB	90%	FusionSeeker	7	0	400	164	1	0	0	NA	0
negative	100GB	90%	GFSeeker	1	0	400	164	1	0	0	NA	0
negative	100GB	90%	Genion	1	0	400	164	1	0	0	NA	0
negative	100GB	95%	FusionSeeker	7	0	400	164	1	0	0	NA	0
negative	10GB	90%	FusionSeeker	1	0	400	164	1	0	0	NA	0
negative	10GB	95%	FusionSeeker	1	0	400	164	1	0	0	NA	0
positive	100GB	85%	CTAT-LR-Fusion	1	0	400	164	1	0	0	NA	0
positive	100GB	85%	FusionSeeker	8	0	400	164	1	0	0	NA	0
positive	100GB	85%	GFSeeker	1	0	400	164	1	0	0	NA	0
positive	100GB	85%	Genion	3	0	400	164	1	0	0	NA	0
positive	100GB	90%	CTAT-LR-Fusion	1	0	400	164	1	0	0	NA	0
positive	100GB	90%	FusionSeeker	9	0	400	164	1	0	0	NA	0
positive	100GB	90%	Genion	1	0	400	164	1	0	0	NA	0
positive	100GB	95%	FusionSeeker	17	1	400	164	0.9444444444444444	0.05555555555555555	0.0025	0.004784688995215311	0.0025
positive	10GB	90%	FusionSeeker	1	0	400	164	1	0	0	NA	0
positive	10GB	95%	FusionSeeker	1	0	400	164	1	0	0	NA	0
negative	100GB	85%	CTAT-LR-Fusion	2	0	400	162	1	0	0	NA	0
negative	100GB	85%	FusionSeeker	6	0	400	162	1	0	0	NA	0
negative	100GB	85%	GFSeeker	1	0	400	162	1	0	0	NA	0
negative	100GB	85%	Genion	3	0	400	162	1	0	0	NA	0
negative	100GB	90%	CTAT-LR-Fusion	1	0	400	162	1	0	0	NA	0
negative	100GB	90%	FusionSeeker	7	0	400	162	1	0	0	NA	0
negative	100GB	90%	GFSeeker	1	0	400	162	1	0	0	NA	0
negative	100GB	90%	Genion	1	0	400	162	1	0	0	NA	0
negative	100GB	95%	FusionSeeker	8	0	400	162	1	0	0	NA	0
negative	10GB	90%	FusionSeeker	1	0	400	162	1	0	0	NA	0
negative	10GB	95%	FusionSeeker	1	0	400	162	1	0	0	NA	0
positive	100GB	85%	CTAT-LR-Fusion	1	0	400	162	1	0	0	NA	0
positive	100GB	85%	FusionSeeker	8	0	400	162	1	0	0	NA	0
positive	100GB	85%	GFSeeker	1	0	400	162	1	0	0	NA	0
positive	100GB	85%	Genion	3	0	400	162	1	0	0	NA	0
positive	100GB	90%	CTAT-LR-Fusion	1	0	400	162	1	0	0	NA	0
positive	100GB	90%	FusionSeeker	9	0	400	162	1	0	0	NA	0
positive	100GB	90%	Genion	1	0	400	162	1	0	0	NA	0
positive	100GB	95%	FusionSeeker	17	1	400	162	0.9444444444444444	0.05555555555555555	0.0025	0.004784688995215311	0.0025
positive	10GB	90%	FusionSeeker	1	0	400	162	1	0	0	NA	0
positive	10GB	95%	FusionSeeker	1	0	400	162	1	0	0	NA	0
negative	100GB	85%	CTAT-LR-Fusion	2	0	400	160	1	0	0	NA	0
negative	100GB	85%	FusionSeeker	6	0	400	160	1	0	0	NA	0
negative	100GB	85%	GFSeeker	1	0	400	160	1	0	0	NA	0
negative	100GB	85%	Genion	3	0	400	160	1	0	0	NA	0
negative	100GB	90%	CTAT-LR-Fusion	1	0	400	160	1	0	0	NA	0
negative	100GB	90%	FusionSeeker	7	0	400	160	1	0	0	NA	0
negative	100GB	90%	GFSeeker	1	0	400	160	1	0	0	NA	0
negative	100GB	90%	Genion	1	0	400	160	1	0	0	NA	0
negative	100GB	95%	FusionSeeker	8	0	400	160	1	0	0	NA	0
negative	10GB	90%	FusionSeeker	1	0	400	160	1	0	0	NA	0
negative	10GB	95%	FusionSeeker	1	0	400	160	1	0	0	NA	0
positive	100GB	85%	CTAT-LR-Fusion	1	0	400	160	1	0	0	NA	0
positive	100GB	85%	FusionSeeker	8	0	400	160	1	0	0	NA	0
positive	100GB	85%	GFSeeker	1	0	400	160	1	0	0	NA	0
positive	100GB	85%	Genion	3	0	400	160	1	0	0	NA	0
positive	100GB	90%	CTAT-LR-Fusion	1	0	400	160	1	0	0	NA	0
positive	100GB	90%	FusionSeeker	10	0	400	160	1	0	0	NA	0
positive	100GB	90%	Genion	1	0	400	160	1	0	0	NA	0
positive	100GB	95%	FusionSeeker	17	1	400	160	0.9444444444444444	0.05555555555555555	0.0025	0.004784688995215311	0.0025
positive	10GB	90%	FusionSeeker	1	0	400	160	1	0	0	NA	0
positive	10GB	95%	FusionSeeker	1	0	400	160	1	0	0	NA	0
negative	100GB	85%	CTAT-LR-Fusion	2	0	400	159	1	0	0	NA	0
negative	100GB	85%	FusionSeeker	6	0	400	159	1	0	0	NA	0
negative	100GB	85%	GFSeeker	1	0	400	159	1	0	0	NA	0
negative	100GB	85%	Genion	3	0	400	159	1	0	0	NA	0
negative	100GB	90%	CTAT-LR-Fusion	1	0	400	159	1	0	0	NA	0
negative	100GB	90%	FusionSeeker	7	0	400	159	1	0	0	NA	0
negative	100GB	90%	GFSeeker	1	0	400	159	1	0	0	NA	0
negative	100GB	90%	Genion	1	0	400	159	1	0	0	NA	0
negative	100GB	95%	FusionSeeker	8	0	400	159	1	0	0	NA	0
negative	10GB	90%	FusionSeeker	1	0	400	159	1	0	0	NA	0
negative	10GB	95%	FusionSeeker	1	0	400	159	1	0	0	NA	0
positive	100GB	85%	CTAT-LR-Fusion	1	0	400	159	1	0	0	NA	0
positive	100GB	85%	FusionSeeker	8	0	400	159	1	0	0	NA	0
positive	100GB	85%	GFSeeker	1	0	400	159	1	0	0	NA	0
positive	100GB	85%	Genion	3	0	400	159	1	0	0	NA	0
positive	100GB	90%	CTAT-LR-Fusion	1	0	400	159	1	0	0	NA	0
positive	100GB	90%	FusionSeeker	10	0	400	159	1	0	0	NA	0
positive	100GB	90%	Genion	1	0	400	159	1	0	0	NA	0
positive	100GB	95%	FusionSeeker	18	1	400	159	0.9473684210526315	0.05263157894736842	0.0025	0.00477326968973747	0.0025
positive	10GB	90%	FusionSeeker	1	0	400	159	1	0	0	NA	0
positive	10GB	95%	FusionSeeker	1	0	400	159	1	0	0	NA	0
negative	100GB	85%	CTAT-LR-Fusion	2	0	400	158	1	0	0	NA	0
negative	100GB	85%	FusionSeeker	6	0	400	158	1	0	0	NA	0
negative	100GB	85%	GFSeeker	1	0	400	158	1	0	0	NA	0
negative	100GB	85%	Genion	3	0	400	158	1	0	0	NA	0
negative	100GB	90%	CTAT-LR-Fusion	1	0	400	158	1	0	0	NA	0
negative	100GB	90%	FusionSeeker	7	0	400	158	1	0	0	NA	0
negative	100GB	90%	GFSeeker	1	0	400	158	1	0	0	NA	0
negative	100GB	90%	Genion	1	0	400	158	1	0	0	NA	0
negative	100GB	95%	FusionSeeker	8	0	400	158	1	0	0	NA	0
negative	10GB	90%	FusionSeeker	1	0	400	158	1	0	0	NA	0
negative	10GB	95%	FusionSeeker	1	0	400	158	1	0	0	NA	0
positive	100GB	85%	CTAT-LR-Fusion	1	0	400	158	1	0	0	NA	0
positive	100GB	85%	FusionSeeker	8	0	400	158	1	0	0	NA	0
positive	100GB	85%	GFSeeker	1	0	400	158	1	0	0	NA	0
positive	100GB	85%	Genion	3	0	400	158	1	0	0	NA	0
positive	100GB	90%	CTAT-LR-Fusion	1	0	400	158	1	0	0	NA	0
positive	100GB	90%	FusionSeeker	11	0	400	158	1	0	0	NA	0
positive	100GB	90%	Genion	1	0	400	158	1	0	0	NA	0
positive	100GB	95%	FusionSeeker	18	1	400	158	0.9473684210526315	0.05263157894736842	0.0025	0.00477326968973747	0.0025
positive	10GB	90%	FusionSeeker	1	0	400	158	1	0	0	NA	0
positive	10GB	95%	FusionSeeker	1	0	400	158	1	0	0	NA	0
negative	100GB	85%	CTAT-LR-Fusion	2	0	400	156	1	0	0	NA	0
negative	100GB	85%	FusionSeeker	7	0	400	156	1	0	0	NA	0
negative	100GB	85%	GFSeeker	1	0	400	156	1	0	0	NA	0
negative	100GB	85%	Genion	3	0	400	156	1	0	0	NA	0
negative	100GB	90%	CTAT-LR-Fusion	1	0	400	156	1	0	0	NA	0
negative	100GB	90%	FusionSeeker	7	0	400	156	1	0	0	NA	0
negative	100GB	90%	GFSeeker	1	0	400	156	1	0	0	NA	0
negative	100GB	90%	Genion	1	0	400	156	1	0	0	NA	0
negative	100GB	95%	FusionSeeker	8	0	400	156	1	0	0	NA	0
negative	10GB	90%	FusionSeeker	1	0	400	156	1	0	0	NA	0
negative	10GB	95%	FusionSeeker	1	0	400	156	1	0	0	NA	0
positive	100GB	85%	CTAT-LR-Fusion	1	0	400	156	1	0	0	NA	0
positive	100GB	85%	FusionSeeker	9	0	400	156	1	0	0	NA	0
positive	100GB	85%	GFSeeker	1	0	400	156	1	0	0	NA	0
positive	100GB	85%	Genion	3	0	400	156	1	0	0	NA	0
positive	100GB	90%	CTAT-LR-Fusion	1	0	400	156	1	0	0	NA	0
positive	100GB	90%	FusionSeeker	11	0	400	156	1	0	0	NA	0
positive	100GB	90%	Genion	1	0	400	156	1	0	0	NA	0
positive	100GB	95%	FusionSeeker	18	2	400	156	0.9	0.1	0.005	0.009523809523809523	0.005
positive	10GB	90%	FusionSeeker	1	0	400	156	1	0	0	NA	0
positive	10GB	95%	FusionSeeker	1	0	400	156	1	0	0	NA	0
negative	100GB	85%	CTAT-LR-Fusion	2	0	400	154	1	0	0	NA	0
negative	100GB	85%	FusionSeeker	7	0	400	154	1	0	0	NA	0
negative	100GB	85%	GFSeeker	1	0	400	154	1	0	0	NA	0
negative	100GB	85%	Genion	3	0	400	154	1	0	0	NA	0
negative	100GB	90%	CTAT-LR-Fusion	1	0	400	154	1	0	0	NA	0
negative	100GB	90%	FusionSeeker	8	0	400	154	1	0	0	NA	0
negative	100GB	90%	GFSeeker	1	0	400	154	1	0	0	NA	0
negative	100GB	90%	Genion	1	0	400	154	1	0	0	NA	0
negative	100GB	95%	FusionSeeker	8	0	400	154	1	0	0	NA	0
negative	10GB	90%	FusionSeeker	1	0	400	154	1	0	0	NA	0
negative	10GB	95%	FusionSeeker	1	0	400	154	1	0	0	NA	0
positive	100GB	85%	CTAT-LR-Fusion	1	0	400	154	1	0	0	NA	0
positive	100GB	85%	FusionSeeker	9	0	400	154	1	0	0	NA	0
positive	100GB	85%	GFSeeker	1	0	400	154	1	0	0	NA	0
positive	100GB	85%	Genion	3	0	400	154	1	0	0	NA	0
positive	100GB	90%	CTAT-LR-Fusion	1	0	400	154	1	0	0	NA	0
positive	100GB	90%	FusionSeeker	12	0	400	154	1	0	0	NA	0
positive	100GB	90%	Genion	1	0	400	154	1	0	0	NA	0
positive	100GB	95%	FusionSeeker	20	2	400	154	0.9090909090909091	0.09090909090909091	0.005	0.00947867298578199	0.005
positive	10GB	90%	FusionSeeker	1	0	400	154	1	0	0	NA	0
positive	10GB	95%	FusionSeeker	1	0	400	154	1	0	0	NA	0
negative	100GB	85%	CTAT-LR-Fusion	2	0	400	153	1	0	0	NA	0
negative	100GB	85%	FusionSeeker	7	0	400	153	1	0	0	NA	0
negative	100GB	85%	GFSeeker	1	0	400	153	1	0	0	NA	0
negative	100GB	85%	Genion	3	0	400	153	1	0	0	NA	0
negative	100GB	90%	CTAT-LR-Fusion	1	0	400	153	1	0	0	NA	0
negative	100GB	90%	FusionSeeker	8	0	400	153	1	0	0	NA	0
negative	100GB	90%	GFSeeker	1	0	400	153	1	0	0	NA	0
negative	100GB	90%	Genion	1	0	400	153	1	0	0	NA	0
negative	100GB	95%	FusionSeeker	8	0	400	153	1	0	0	NA	0
negative	10GB	90%	FusionSeeker	1	0	400	153	1	0	0	NA	0
negative	10GB	95%	FusionSeeker	1	0	400	153	1	0	0	NA	0
positive	100GB	85%	CTAT-LR-Fusion	1	0	400	153	1	0	0	NA	0
positive	100GB	85%	FusionSeeker	9	0	400	153	1	0	0	NA	0
positive	100GB	85%	GFSeeker	1	0	400	153	1	0	0	NA	0
positive	100GB	85%	Genion	3	0	400	153	1	0	0	NA	0
positive	100GB	90%	CTAT-LR-Fusion	1	0	400	153	1	0	0	NA	0
positive	100GB	90%	FusionSeeker	13	0	400	153	1	0	0	NA	0
positive	100GB	90%	Genion	1	0	400	153	1	0	0	NA	0
positive	100GB	95%	FusionSeeker	20	2	400	153	0.9090909090909091	0.09090909090909091	0.005	0.00947867298578199	0.005
positive	10GB	90%	FusionSeeker	1	0	400	153	1	0	0	NA	0
positive	10GB	95%	FusionSeeker	1	0	400	153	1	0	0	NA	0
negative	100GB	85%	CTAT-LR-Fusion	2	0	400	152	1	0	0	NA	0
negative	100GB	85%	FusionSeeker	7	0	400	152	1	0	0	NA	0
negative	100GB	85%	GFSeeker	1	0	400	152	1	0	0	NA	0
negative	100GB	85%	Genion	3	0	400	152	1	0	0	NA	0
negative	100GB	90%	CTAT-LR-Fusion	1	0	400	152	1	0	0	NA	0
negative	100GB	90%	FusionSeeker	9	0	400	152	1	0	0	NA	0
negative	100GB	90%	GFSeeker	1	0	400	152	1	0	0	NA	0
negative	100GB	90%	Genion	1	0	400	152	1	0	0	NA	0
negative	100GB	95%	FusionSeeker	8	0	400	152	1	0	0	NA	0
negative	10GB	90%	FusionSeeker	1	0	400	152	1	0	0	NA	0
negative	10GB	95%	FusionSeeker	1	0	400	152	1	0	0	NA	0
positive	100GB	85%	CTAT-LR-Fusion	1	0	400	152	1	0	0	NA	0
positive	100GB	85%	FusionSeeker	9	0	400	152	1	0	0	NA	0
positive	100GB	85%	GFSeeker	1	0	400	152	1	0	0	NA	0
positive	100GB	85%	Genion	3	0	400	152	1	0	0	NA	0
positive	100GB	90%	CTAT-LR-Fusion	1	0	400	152	1	0	0	NA	0
positive	100GB	90%	FusionSeeker	13	0	400	152	1	0	0	NA	0
positive	100GB	90%	Genion	1	0	400	152	1	0	0	NA	0
positive	100GB	95%	FusionSeeker	20	2	400	152	0.9090909090909091	0.09090909090909091	0.005	0.00947867298578199	0.005
positive	10GB	90%	FusionSeeker	1	0	400	152	1	0	0	NA	0
positive	10GB	95%	FusionSeeker	1	0	400	152	1	0	0	NA	0
negative	100GB	85%	CTAT-LR-Fusion	2	0	400	151	1	0	0	NA	0
negative	100GB	85%	FusionSeeker	7	0	400	151	1	0	0	NA	0
negative	100GB	85%	GFSeeker	1	0	400	151	1	0	0	NA	0
negative	100GB	85%	Genion	3	0	400	151	1	0	0	NA	0
negative	100GB	90%	CTAT-LR-Fusion	1	0	400	151	1	0	0	NA	0
negative	100GB	90%	FusionSeeker	9	0	400	151	1	0	0	NA	0
negative	100GB	90%	GFSeeker	1	0	400	151	1	0	0	NA	0
negative	100GB	90%	Genion	1	0	400	151	1	0	0	NA	0
negative	100GB	95%	FusionSeeker	9	0	400	151	1	0	0	NA	0
negative	10GB	85%	FusionSeeker	1	0	397	151	1	0	0	NA	0
negative	10GB	90%	FusionSeeker	1	0	400	151	1	0	0	NA	0
negative	10GB	95%	FusionSeeker	1	0	400	151	1	0	0	NA	0
positive	100GB	85%	CTAT-LR-Fusion	1	0	400	151	1	0	0	NA	0
positive	100GB	85%	FusionSeeker	9	0	400	151	1	0	0	NA	0
positive	100GB	85%	GFSeeker	1	0	400	151	1	0	0	NA	0
positive	100GB	85%	Genion	3	0	400	151	1	0	0	NA	0
positive	100GB	90%	CTAT-LR-Fusion	1	0	400	151	1	0	0	NA	0
positive	100GB	90%	FusionSeeker	13	0	400	151	1	0	0	NA	0
positive	100GB	90%	Genion	1	0	400	151	1	0	0	NA	0
positive	100GB	95%	FusionSeeker	20	2	400	151	0.9090909090909091	0.09090909090909091	0.005	0.00947867298578199	0.005
positive	10GB	90%	FusionSeeker	1	0	400	151	1	0	0	NA	0
positive	10GB	95%	FusionSeeker	1	0	400	151	1	0	0	NA	0
negative	100GB	85%	CTAT-LR-Fusion	2	0	400	150	1	0	0	NA	0
negative	100GB	85%	FusionSeeker	7	0	400	150	1	0	0	NA	0
negative	100GB	85%	GFSeeker	1	0	400	150	1	0	0	NA	0
negative	100GB	85%	Genion	3	0	400	150	1	0	0	NA	0
negative	100GB	90%	CTAT-LR-Fusion	1	0	400	150	1	0	0	NA	0
negative	100GB	90%	FusionSeeker	9	0	400	150	1	0	0	NA	0
negative	100GB	90%	GFSeeker	1	0	400	150	1	0	0	NA	0
negative	100GB	90%	Genion	1	0	400	150	1	0	0	NA	0
negative	100GB	95%	FusionSeeker	9	0	400	150	1	0	0	NA	0
negative	10GB	85%	FusionSeeker	1	0	397	150	1	0	0	NA	0
negative	10GB	90%	FusionSeeker	1	0	400	150	1	0	0	NA	0
negative	10GB	95%	FusionSeeker	1	0	400	150	1	0	0	NA	0
positive	100GB	85%	CTAT-LR-Fusion	1	0	400	150	1	0	0	NA	0
positive	100GB	85%	FusionSeeker	9	0	400	150	1	0	0	NA	0
positive	100GB	85%	GFSeeker	1	0	400	150	1	0	0	NA	0
positive	100GB	85%	Genion	3	0	400	150	1	0	0	NA	0
positive	100GB	90%	CTAT-LR-Fusion	1	0	400	150	1	0	0	NA	0
positive	100GB	90%	FusionSeeker	14	0	400	150	1	0	0	NA	0
positive	100GB	90%	Genion	1	0	400	150	1	0	0	NA	0
positive	100GB	95%	FusionSeeker	20	2	400	150	0.9090909090909091	0.09090909090909091	0.005	0.00947867298578199	0.005
positive	10GB	90%	FusionSeeker	1	0	400	150	1	0	0	NA	0
positive	10GB	95%	FusionSeeker	1	0	400	150	1	0	0	NA	0
negative	100GB	85%	CTAT-LR-Fusion	2	0	400	148	1	0	0	NA	0
negative	100GB	85%	FusionSeeker	7	0	400	148	1	0	0	NA	0
negative	100GB	85%	GFSeeker	1	0	400	148	1	0	0	NA	0
negative	100GB	85%	Genion	3	0	400	148	1	0	0	NA	0
negative	100GB	90%	CTAT-LR-Fusion	1	0	400	148	1	0	0	NA	0
negative	100GB	90%	FusionSeeker	9	0	400	148	1	0	0	NA	0
negative	100GB	90%	GFSeeker	1	0	400	148	1	0	0	NA	0
negative	100GB	90%	Genion	1	0	400	148	1	0	0	NA	0
negative	100GB	95%	FusionSeeker	9	0	400	148	1	0	0	NA	0
negative	10GB	85%	FusionSeeker	1	0	397	148	1	0	0	NA	0
negative	10GB	90%	FusionSeeker	1	0	400	148	1	0	0	NA	0
negative	10GB	95%	FusionSeeker	1	0	400	148	1	0	0	NA	0
positive	100GB	85%	CTAT-LR-Fusion	1	0	400	148	1	0	0	NA	0
positive	100GB	85%	FusionSeeker	9	0	400	148	1	0	0	NA	0
positive	100GB	85%	GFSeeker	1	0	400	148	1	0	0	NA	0
positive	100GB	85%	Genion	3	0	400	148	1	0	0	NA	0
positive	100GB	90%	CTAT-LR-Fusion	1	0	400	148	1	0	0	NA	0
positive	100GB	90%	FusionSeeker	16	0	400	148	1	0	0	NA	0
positive	100GB	90%	Genion	1	0	400	148	1	0	0	NA	0
positive	100GB	95%	FusionSeeker	20	2	400	148	0.9090909090909091	0.09090909090909091	0.005	0.00947867298578199	0.005
positive	10GB	90%	FusionSeeker	1	0	400	148	1	0	0	NA	0
positive	10GB	95%	FusionSeeker	1	0	400	148	1	0	0	NA	0
negative	100GB	85%	CTAT-LR-Fusion	2	0	400	147	1	0	0	NA	0
negative	100GB	85%	FusionSeeker	7	0	400	147	1	0	0	NA	0
negative	100GB	85%	GFSeeker	1	0	400	147	1	0	0	NA	0
negative	100GB	85%	Genion	3	0	400	147	1	0	0	NA	0
negative	100GB	90%	CTAT-LR-Fusion	1	0	400	147	1	0	0	NA	0
negative	100GB	90%	FusionSeeker	9	0	400	147	1	0	0	NA	0
negative	100GB	90%	GFSeeker	1	0	400	147	1	0	0	NA	0
negative	100GB	90%	Genion	1	0	400	147	1	0	0	NA	0
negative	100GB	95%	FusionSeeker	9	0	400	147	1	0	0	NA	0
negative	10GB	85%	FusionSeeker	1	0	397	147	1	0	0	NA	0
negative	10GB	90%	FusionSeeker	1	0	400	147	1	0	0	NA	0
negative	10GB	95%	FusionSeeker	1	0	400	147	1	0	0	NA	0
positive	100GB	85%	CTAT-LR-Fusion	1	0	400	147	1	0	0	NA	0
positive	100GB	85%	FusionSeeker	9	0	400	147	1	0	0	NA	0
positive	100GB	85%	GFSeeker	1	0	400	147	1	0	0	NA	0
positive	100GB	85%	Genion	3	0	400	147	1	0	0	NA	0
positive	100GB	90%	CTAT-LR-Fusion	1	0	400	147	1	0	0	NA	0
positive	100GB	90%	FusionSeeker	16	0	400	147	1	0	0	NA	0
positive	100GB	90%	Genion	1	0	400	147	1	0	0	NA	0
positive	100GB	95%	FusionSeeker	21	2	400	147	0.9130434782608695	0.08695652173913043	0.005	0.009456264775413711	0.005
positive	10GB	90%	FusionSeeker	1	0	400	147	1	0	0	NA	0
positive	10GB	95%	FusionSeeker	1	0	400	147	1	0	0	NA	0
negative	100GB	85%	CTAT-LR-Fusion	2	0	400	146	1	0	0	NA	0
negative	100GB	85%	FusionSeeker	7	0	400	146	1	0	0	NA	0
negative	100GB	85%	GFSeeker	1	0	400	146	1	0	0	NA	0
negative	100GB	85%	Genion	3	0	400	146	1	0	0	NA	0
negative	100GB	90%	CTAT-LR-Fusion	1	0	400	146	1	0	0	NA	0
negative	100GB	90%	FusionSeeker	9	0	400	146	1	0	0	NA	0
negative	100GB	90%	GFSeeker	1	0	400	146	1	0	0	NA	0
negative	100GB	90%	Genion	1	0	400	146	1	0	0	NA	0
negative	100GB	95%	FusionSeeker	9	0	400	146	1	0	0	NA	0
negative	10GB	85%	FusionSeeker	1	0	397	146	1	0	0	NA	0
negative	10GB	90%	FusionSeeker	1	0	400	146	1	0	0	NA	0
negative	10GB	95%	FusionSeeker	1	0	400	146	1	0	0	NA	0
positive	100GB	85%	CTAT-LR-Fusion	1	0	400	146	1	0	0	NA	0
positive	100GB	85%	FusionSeeker	9	0	400	146	1	0	0	NA	0
positive	100GB	85%	GFSeeker	1	0	400	146	1	0	0	NA	0
positive	100GB	85%	Genion	3	0	400	146	1	0	0	NA	0
positive	100GB	90%	CTAT-LR-Fusion	1	0	400	146	1	0	0	NA	0
positive	100GB	90%	FusionSeeker	16	0	400	146	1	0	0	NA	0
positive	100GB	90%	Genion	1	0	400	146	1	0	0	NA	0
positive	100GB	95%	FusionSeeker	23	2	400	146	0.92	0.08	0.005	0.009411764705882352	0.005
positive	10GB	90%	FusionSeeker	1	0	400	146	1	0	0	NA	0
positive	10GB	95%	FusionSeeker	1	0	400	146	1	0	0	NA	0
negative	100GB	85%	CTAT-LR-Fusion	2	0	400	145	1	0	0	NA	0
negative	100GB	85%	FusionSeeker	7	0	400	145	1	0	0	NA	0
negative	100GB	85%	GFSeeker	1	0	400	145	1	0	0	NA	0
negative	100GB	85%	Genion	3	0	400	145	1	0	0	NA	0
negative	100GB	90%	CTAT-LR-Fusion	1	0	400	145	1	0	0	NA	0
negative	100GB	90%	FusionSeeker	9	0	400	145	1	0	0	NA	0
negative	100GB	90%	GFSeeker	1	0	400	145	1	0	0	NA	0
negative	100GB	90%	Genion	1	0	400	145	1	0	0	NA	0
negative	100GB	95%	FusionSeeker	9	0	400	145	1	0	0	NA	0
negative	10GB	85%	FusionSeeker	1	0	397	145	1	0	0	NA	0
negative	10GB	90%	FusionSeeker	1	0	400	145	1	0	0	NA	0
negative	10GB	95%	FusionSeeker	1	0	400	145	1	0	0	NA	0
positive	100GB	85%	CTAT-LR-Fusion	2	0	400	145	1	0	0	NA	0
positive	100GB	85%	FusionSeeker	9	0	400	145	1	0	0	NA	0
positive	100GB	85%	GFSeeker	1	0	400	145	1	0	0	NA	0
positive	100GB	85%	Genion	3	0	400	145	1	0	0	NA	0
positive	100GB	90%	CTAT-LR-Fusion	1	0	400	145	1	0	0	NA	0
positive	100GB	90%	FusionSeeker	16	0	400	145	1	0	0	NA	0
positive	100GB	90%	Genion	1	0	400	145	1	0	0	NA	0
positive	100GB	95%	FusionSeeker	23	2	400	145	0.92	0.08	0.005	0.009411764705882352	0.005
positive	10GB	90%	FusionSeeker	1	0	400	145	1	0	0	NA	0
positive	10GB	95%	FusionSeeker	1	0	400	145	1	0	0	NA	0
negative	100GB	85%	CTAT-LR-Fusion	2	0	400	144	1	0	0	NA	0
negative	100GB	85%	FusionSeeker	7	0	400	144	1	0	0	NA	0
negative	100GB	85%	GFSeeker	1	0	400	144	1	0	0	NA	0
negative	100GB	85%	Genion	3	0	400	144	1	0	0	NA	0
negative	100GB	90%	CTAT-LR-Fusion	1	0	400	144	1	0	0	NA	0
negative	100GB	90%	FusionSeeker	9	0	400	144	1	0	0	NA	0
negative	100GB	90%	GFSeeker	1	0	400	144	1	0	0	NA	0
negative	100GB	90%	Genion	1	0	400	144	1	0	0	NA	0
negative	100GB	95%	FusionSeeker	9	0	400	144	1	0	0	NA	0
negative	10GB	85%	FusionSeeker	1	0	397	144	1	0	0	NA	0
negative	10GB	90%	FusionSeeker	1	0	400	144	1	0	0	NA	0
negative	10GB	95%	FusionSeeker	1	0	400	144	1	0	0	NA	0
positive	100GB	85%	CTAT-LR-Fusion	2	0	400	144	1	0	0	NA	0
positive	100GB	85%	FusionSeeker	9	0	400	144	1	0	0	NA	0
positive	100GB	85%	GFSeeker	1	0	400	144	1	0	0	NA	0
positive	100GB	85%	Genion	3	0	400	144	1	0	0	NA	0
positive	100GB	90%	CTAT-LR-Fusion	1	0	400	144	1	0	0	NA	0
positive	100GB	90%	FusionSeeker	16	0	400	144	1	0	0	NA	0
positive	100GB	90%	Genion	1	0	400	144	1	0	0	NA	0
positive	100GB	95%	FusionSeeker	25	2	400	144	0.9259259259259259	0.07407407407407407	0.005	0.00936768149882904	0.005
positive	10GB	90%	FusionSeeker	1	0	400	144	1	0	0	NA	0
positive	10GB	95%	FusionSeeker	1	0	400	144	1	0	0	NA	0
negative	100GB	85%	CTAT-LR-Fusion	2	0	400	143	1	0	0	NA	0
negative	100GB	85%	FusionSeeker	7	0	400	143	1	0	0	NA	0
negative	100GB	85%	GFSeeker	1	0	400	143	1	0	0	NA	0
negative	100GB	85%	Genion	3	0	400	143	1	0	0	NA	0
negative	100GB	90%	CTAT-LR-Fusion	1	0	400	143	1	0	0	NA	0
negative	100GB	90%	FusionSeeker	9	0	400	143	1	0	0	NA	0
negative	100GB	90%	GFSeeker	1	0	400	143	1	0	0	NA	0
negative	100GB	90%	Genion	1	0	400	143	1	0	0	NA	0
negative	100GB	95%	FusionSeeker	9	0	400	143	1	0	0	NA	0
negative	10GB	85%	FusionSeeker	1	0	397	143	1	0	0	NA	0
negative	10GB	90%	FusionSeeker	1	0	400	143	1	0	0	NA	0
negative	10GB	95%	FusionSeeker	1	0	400	143	1	0	0	NA	0
positive	100GB	85%	CTAT-LR-Fusion	2	0	400	143	1	0	0	NA	0
positive	100GB	85%	FusionSeeker	9	0	400	143	1	0	0	NA	0
positive	100GB	85%	GFSeeker	1	0	400	143	1	0	0	NA	0
positive	100GB	85%	Genion	3	0	400	143	1	0	0	NA	0
positive	100GB	90%	CTAT-LR-Fusion	1	0	400	143	1	0	0	NA	0
positive	100GB	90%	FusionSeeker	16	0	400	143	1	0	0	NA	0
positive	100GB	90%	Genion	1	0	400	143	1	0	0	NA	0
positive	100GB	95%	FusionSeeker	27	2	400	143	0.9310344827586207	0.06896551724137931	0.005	0.009324009324009324	0.005
positive	10GB	85%	FusionSeeker	1	0	397	143	1	0	0	NA	0
positive	10GB	90%	FusionSeeker	1	0	400	143	1	0	0	NA	0
positive	10GB	95%	FusionSeeker	1	0	400	143	1	0	0	NA	0
negative	100GB	85%	CTAT-LR-Fusion	2	0	400	142	1	0	0	NA	0
negative	100GB	85%	FusionSeeker	7	0	400	142	1	0	0	NA	0
negative	100GB	85%	GFSeeker	1	0	400	142	1	0	0	NA	0
negative	100GB	85%	Genion	3	0	400	142	1	0	0	NA	0
negative	100GB	90%	CTAT-LR-Fusion	1	0	400	142	1	0	0	NA	0
negative	100GB	90%	FusionSeeker	10	0	400	142	1	0	0	NA	0
negative	100GB	90%	GFSeeker	1	0	400	142	1	0	0	NA	0
negative	100GB	90%	Genion	1	0	400	142	1	0	0	NA	0
negative	100GB	95%	FusionSeeker	9	0	400	142	1	0	0	NA	0
negative	10GB	85%	FusionSeeker	1	0	397	142	1	0	0	NA	0
negative	10GB	90%	FusionSeeker	1	0	400	142	1	0	0	NA	0
negative	10GB	95%	FusionSeeker	1	0	400	142	1	0	0	NA	0
positive	100GB	85%	CTAT-LR-Fusion	2	0	400	142	1	0	0	NA	0
positive	100GB	85%	FusionSeeker	9	0	400	142	1	0	0	NA	0
positive	100GB	85%	GFSeeker	1	0	400	142	1	0	0	NA	0
positive	100GB	85%	Genion	3	0	400	142	1	0	0	NA	0
positive	100GB	90%	CTAT-LR-Fusion	1	0	400	142	1	0	0	NA	0
positive	100GB	90%	FusionSeeker	16	0	400	142	1	0	0	NA	0
positive	100GB	90%	Genion	1	0	400	142	1	0	0	NA	0
positive	100GB	95%	FusionSeeker	28	2	400	142	0.9333333333333333	0.06666666666666667	0.005	0.009302325581395349	0.005
positive	10GB	85%	FusionSeeker	1	0	397	142	1	0	0	NA	0
positive	10GB	90%	FusionSeeker	1	0	400	142	1	0	0	NA	0
positive	10GB	95%	FusionSeeker	1	0	400	142	1	0	0	NA	0
negative	100GB	85%	CTAT-LR-Fusion	2	0	400	141	1	0	0	NA	0
negative	100GB	85%	FusionSeeker	7	0	400	141	1	0	0	NA	0
negative	100GB	85%	GFSeeker	1	0	400	141	1	0	0	NA	0
negative	100GB	85%	Genion	3	0	400	141	1	0	0	NA	0
negative	100GB	90%	CTAT-LR-Fusion	1	0	400	141	1	0	0	NA	0
negative	100GB	90%	FusionSeeker	10	0	400	141	1	0	0	NA	0
negative	100GB	90%	GFSeeker	1	0	400	141	1	0	0	NA	0
negative	100GB	90%	Genion	1	0	400	141	1	0	0	NA	0
negative	100GB	95%	FusionSeeker	9	0	400	141	1	0	0	NA	0
negative	10GB	85%	FusionSeeker	1	0	397	141	1	0	0	NA	0
negative	10GB	90%	FusionSeeker	1	0	400	141	1	0	0	NA	0
negative	10GB	95%	FusionSeeker	1	0	400	141	1	0	0	NA	0
positive	100GB	85%	CTAT-LR-Fusion	2	0	400	141	1	0	0	NA	0
positive	100GB	85%	FusionSeeker	9	0	400	141	1	0	0	NA	0
positive	100GB	85%	GFSeeker	1	0	400	141	1	0	0	NA	0
positive	100GB	85%	Genion	3	0	400	141	1	0	0	NA	0
positive	100GB	90%	CTAT-LR-Fusion	1	0	400	141	1	0	0	NA	0
positive	100GB	90%	FusionSeeker	16	0	400	141	1	0	0	NA	0
positive	100GB	90%	Genion	1	0	400	141	1	0	0	NA	0
positive	100GB	95%	FusionSeeker	30	2	400	141	0.9375	0.0625	0.005	0.009259259259259259	0.005
positive	10GB	85%	FusionSeeker	1	0	397	141	1	0	0	NA	0
positive	10GB	90%	FusionSeeker	1	0	400	141	1	0	0	NA	0
positive	10GB	95%	FusionSeeker	1	0	400	141	1	0	0	NA	0
negative	100GB	85%	CTAT-LR-Fusion	2	0	400	139	1	0	0	NA	0
negative	100GB	85%	FusionSeeker	7	0	400	139	1	0	0	NA	0
negative	100GB	85%	GFSeeker	1	0	400	139	1	0	0	NA	0
negative	100GB	85%	Genion	3	0	400	139	1	0	0	NA	0
negative	100GB	90%	CTAT-LR-Fusion	1	0	400	139	1	0	0	NA	0
negative	100GB	90%	FusionSeeker	10	0	400	139	1	0	0	NA	0
negative	100GB	90%	GFSeeker	1	0	400	139	1	0	0	NA	0
negative	100GB	90%	Genion	1	0	400	139	1	0	0	NA	0
negative	100GB	95%	FusionSeeker	9	0	400	139	1	0	0	NA	0
negative	10GB	85%	FusionSeeker	1	0	397	139	1	0	0	NA	0
negative	10GB	90%	FusionSeeker	1	0	400	139	1	0	0	NA	0
negative	10GB	95%	FusionSeeker	1	0	400	139	1	0	0	NA	0
positive	100GB	85%	CTAT-LR-Fusion	2	0	400	139	1	0	0	NA	0
positive	100GB	85%	FusionSeeker	9	0	400	139	1	0	0	NA	0
positive	100GB	85%	GFSeeker	1	0	400	139	1	0	0	NA	0
positive	100GB	85%	Genion	3	0	400	139	1	0	0	NA	0
positive	100GB	90%	CTAT-LR-Fusion	1	0	400	139	1	0	0	NA	0
positive	100GB	90%	FusionSeeker	17	0	400	139	1	0	0	NA	0
positive	100GB	90%	Genion	1	0	400	139	1	0	0	NA	0
positive	100GB	95%	FusionSeeker	31	2	400	139	0.9393939393939394	0.06060606060606061	0.005	0.009237875288683603	0.005
positive	10GB	85%	FusionSeeker	1	0	397	139	1	0	0	NA	0
positive	10GB	90%	FusionSeeker	1	0	400	139	1	0	0	NA	0
positive	10GB	95%	FusionSeeker	1	0	400	139	1	0	0	NA	0
negative	100GB	85%	CTAT-LR-Fusion	2	0	400	138	1	0	0	NA	0
negative	100GB	85%	FusionSeeker	7	0	400	138	1	0	0	NA	0
negative	100GB	85%	GFSeeker	1	0	400	138	1	0	0	NA	0
negative	100GB	85%	Genion	3	0	400	138	1	0	0	NA	0
negative	100GB	90%	CTAT-LR-Fusion	1	0	400	138	1	0	0	NA	0
negative	100GB	90%	FusionSeeker	10	0	400	138	1	0	0	NA	0
negative	100GB	90%	GFSeeker	1	0	400	138	1	0	0	NA	0
negative	100GB	90%	Genion	1	0	400	138	1	0	0	NA	0
negative	100GB	95%	FusionSeeker	9	0	400	138	1	0	0	NA	0
negative	10GB	85%	FusionSeeker	1	0	397	138	1	0	0	NA	0
negative	10GB	90%	FusionSeeker	1	0	400	138	1	0	0	NA	0
negative	10GB	95%	FusionSeeker	1	0	400	138	1	0	0	NA	0
positive	100GB	85%	CTAT-LR-Fusion	2	0	400	138	1	0	0	NA	0
positive	100GB	85%	FusionSeeker	10	0	400	138	1	0	0	NA	0
positive	100GB	85%	GFSeeker	1	0	400	138	1	0	0	NA	0
positive	100GB	85%	Genion	3	0	400	138	1	0	0	NA	0
positive	100GB	90%	CTAT-LR-Fusion	1	0	400	138	1	0	0	NA	0
positive	100GB	90%	FusionSeeker	17	0	400	138	1	0	0	NA	0
positive	100GB	90%	Genion	1	0	400	138	1	0	0	NA	0
positive	100GB	95%	FusionSeeker	31	2	400	138	0.9393939393939394	0.06060606060606061	0.005	0.009237875288683603	0.005
positive	10GB	85%	FusionSeeker	1	0	397	138	1	0	0	NA	0
positive	10GB	90%	FusionSeeker	1	0	400	138	1	0	0	NA	0
positive	10GB	95%	FusionSeeker	1	0	400	138	1	0	0	NA	0
negative	100GB	85%	CTAT-LR-Fusion	2	0	400	137	1	0	0	NA	0
negative	100GB	85%	FusionSeeker	7	0	400	137	1	0	0	NA	0
negative	100GB	85%	GFSeeker	1	0	400	137	1	0	0	NA	0
negative	100GB	85%	Genion	3	0	400	137	1	0	0	NA	0
negative	100GB	90%	CTAT-LR-Fusion	1	0	400	137	1	0	0	NA	0
negative	100GB	90%	FusionSeeker	10	0	400	137	1	0	0	NA	0
negative	100GB	90%	GFSeeker	1	0	400	137	1	0	0	NA	0
negative	100GB	90%	Genion	1	0	400	137	1	0	0	NA	0
negative	100GB	95%	FusionSeeker	10	0	400	137	1	0	0	NA	0
negative	10GB	85%	FusionSeeker	1	0	397	137	1	0	0	NA	0
negative	10GB	90%	FusionSeeker	1	0	400	137	1	0	0	NA	0
negative	10GB	95%	FusionSeeker	1	0	400	137	1	0	0	NA	0
positive	100GB	85%	CTAT-LR-Fusion	2	0	400	137	1	0	0	NA	0
positive	100GB	85%	FusionSeeker	10	0	400	137	1	0	0	NA	0
positive	100GB	85%	GFSeeker	1	0	400	137	1	0	0	NA	0
positive	100GB	85%	Genion	3	0	400	137	1	0	0	NA	0
positive	100GB	90%	CTAT-LR-Fusion	1	0	400	137	1	0	0	NA	0
positive	100GB	90%	FusionSeeker	17	0	400	137	1	0	0	NA	0
positive	100GB	90%	Genion	1	0	400	137	1	0	0	NA	0
positive	100GB	95%	FusionSeeker	31	2	400	137	0.9393939393939394	0.06060606060606061	0.005	0.009237875288683603	0.005
positive	10GB	85%	FusionSeeker	1	0	397	137	1	0	0	NA	0
positive	10GB	90%	FusionSeeker	1	0	400	137	1	0	0	NA	0
positive	10GB	95%	FusionSeeker	1	0	400	137	1	0	0	NA	0
negative	100GB	85%	CTAT-LR-Fusion	2	0	400	136	1	0	0	NA	0
negative	100GB	85%	FusionSeeker	7	0	400	136	1	0	0	NA	0
negative	100GB	85%	GFSeeker	1	0	400	136	1	0	0	NA	0
negative	100GB	85%	Genion	3	0	400	136	1	0	0	NA	0
negative	100GB	90%	CTAT-LR-Fusion	1	0	400	136	1	0	0	NA	0
negative	100GB	90%	FusionSeeker	10	0	400	136	1	0	0	NA	0
negative	100GB	90%	GFSeeker	1	0	400	136	1	0	0	NA	0
negative	100GB	90%	Genion	1	0	400	136	1	0	0	NA	0
negative	100GB	95%	FusionSeeker	10	0	400	136	1	0	0	NA	0
negative	10GB	85%	FusionSeeker	1	0	397	136	1	0	0	NA	0
negative	10GB	90%	FusionSeeker	1	0	400	136	1	0	0	NA	0
negative	10GB	95%	FusionSeeker	1	0	400	136	1	0	0	NA	0
positive	100GB	85%	CTAT-LR-Fusion	2	0	400	136	1	0	0	NA	0
positive	100GB	85%	FusionSeeker	10	0	400	136	1	0	0	NA	0
positive	100GB	85%	GFSeeker	1	0	400	136	1	0	0	NA	0
positive	100GB	85%	Genion	3	0	400	136	1	0	0	NA	0
positive	100GB	90%	CTAT-LR-Fusion	1	0	400	136	1	0	0	NA	0
positive	100GB	90%	FusionSeeker	17	0	400	136	1	0	0	NA	0
positive	100GB	90%	Genion	1	0	400	136	1	0	0	NA	0
positive	100GB	95%	FusionSeeker	33	2	400	136	0.9428571428571428	0.05714285714285714	0.005	0.009195402298850576	0.005
positive	10GB	85%	FusionSeeker	1	0	397	136	1	0	0	NA	0
positive	10GB	90%	FusionSeeker	1	0	400	136	1	0	0	NA	0
positive	10GB	95%	FusionSeeker	1	0	400	136	1	0	0	NA	0
negative	100GB	85%	CTAT-LR-Fusion	2	0	400	134	1	0	0	NA	0
negative	100GB	85%	FusionSeeker	7	0	400	134	1	0	0	NA	0
negative	100GB	85%	GFSeeker	1	0	400	134	1	0	0	NA	0
negative	100GB	85%	Genion	4	0	400	134	1	0	0	NA	0
negative	100GB	90%	CTAT-LR-Fusion	1	0	400	134	1	0	0	NA	0
negative	100GB	90%	FusionSeeker	10	0	400	134	1	0	0	NA	0
negative	100GB	90%	GFSeeker	1	0	400	134	1	0	0	NA	0
negative	100GB	90%	Genion	1	0	400	134	1	0	0	NA	0
negative	100GB	95%	FusionSeeker	10	0	400	134	1	0	0	NA	0
negative	10GB	85%	FusionSeeker	1	0	397	134	1	0	0	NA	0
negative	10GB	90%	FusionSeeker	1	0	400	134	1	0	0	NA	0
negative	10GB	95%	FusionSeeker	1	0	400	134	1	0	0	NA	0
positive	100GB	85%	CTAT-LR-Fusion	2	0	400	134	1	0	0	NA	0
positive	100GB	85%	FusionSeeker	10	0	400	134	1	0	0	NA	0
positive	100GB	85%	GFSeeker	1	0	400	134	1	0	0	NA	0
positive	100GB	85%	Genion	3	0	400	134	1	0	0	NA	0
positive	100GB	90%	CTAT-LR-Fusion	1	0	400	134	1	0	0	NA	0
positive	100GB	90%	FusionSeeker	17	0	400	134	1	0	0	NA	0
positive	100GB	90%	Genion	1	0	400	134	1	0	0	NA	0
positive	100GB	95%	FusionSeeker	33	2	400	134	0.9428571428571428	0.05714285714285714	0.005	0.009195402298850576	0.005
positive	10GB	85%	FusionSeeker	1	0	397	134	1	0	0	NA	0
positive	10GB	90%	FusionSeeker	1	0	400	134	1	0	0	NA	0
positive	10GB	95%	FusionSeeker	1	0	400	134	1	0	0	NA	0
negative	100GB	85%	CTAT-LR-Fusion	2	0	400	133	1	0	0	NA	0
negative	100GB	85%	FusionSeeker	7	0	400	133	1	0	0	NA	0
negative	100GB	85%	GFSeeker	1	0	400	133	1	0	0	NA	0
negative	100GB	85%	Genion	4	0	400	133	1	0	0	NA	0
negative	100GB	90%	CTAT-LR-Fusion	1	0	400	133	1	0	0	NA	0
negative	100GB	90%	FusionSeeker	10	0	400	133	1	0	0	NA	0
negative	100GB	90%	GFSeeker	1	0	400	133	1	0	0	NA	0
negative	100GB	90%	Genion	1	0	400	133	1	0	0	NA	0
negative	100GB	95%	FusionSeeker	11	0	400	133	1	0	0	NA	0
negative	10GB	85%	FusionSeeker	1	0	397	133	1	0	0	NA	0
negative	10GB	90%	FusionSeeker	1	0	400	133	1	0	0	NA	0
negative	10GB	95%	FusionSeeker	1	0	400	133	1	0	0	NA	0
positive	100GB	85%	CTAT-LR-Fusion	2	0	400	133	1	0	0	NA	0
positive	100GB	85%	FusionSeeker	10	0	400	133	1	0	0	NA	0
positive	100GB	85%	GFSeeker	1	0	400	133	1	0	0	NA	0
positive	100GB	85%	Genion	3	0	400	133	1	0	0	NA	0
positive	100GB	90%	CTAT-LR-Fusion	1	0	400	133	1	0	0	NA	0
positive	100GB	90%	FusionSeeker	17	0	400	133	1	0	0	NA	0
positive	100GB	90%	Genion	1	0	400	133	1	0	0	NA	0
positive	100GB	95%	FusionSeeker	33	3	400	133	0.9166666666666666	0.08333333333333333	0.0075	0.013761467889908256	0.0075
positive	10GB	85%	FusionSeeker	1	0	397	133	1	0	0	NA	0
positive	10GB	90%	FusionSeeker	1	0	400	133	1	0	0	NA	0
positive	10GB	95%	FusionSeeker	1	0	400	133	1	0	0	NA	0
negative	100GB	85%	CTAT-LR-Fusion	2	0	400	132	1	0	0	NA	0
negative	100GB	85%	FusionSeeker	8	0	400	132	1	0	0	NA	0
negative	100GB	85%	GFSeeker	1	0	400	132	1	0	0	NA	0
negative	100GB	85%	Genion	4	0	400	132	1	0	0	NA	0
negative	100GB	90%	CTAT-LR-Fusion	1	0	400	132	1	0	0	NA	0
negative	100GB	90%	FusionSeeker	10	0	400	132	1	0	0	NA	0
negative	100GB	90%	GFSeeker	1	0	400	132	1	0	0	NA	0
negative	100GB	90%	Genion	1	0	400	132	1	0	0	NA	0
negative	100GB	95%	FusionSeeker	11	0	400	132	1	0	0	NA	0
negative	10GB	85%	FusionSeeker	1	0	397	132	1	0	0	NA	0
negative	10GB	90%	FusionSeeker	1	0	400	132	1	0	0	NA	0
negative	10GB	95%	FusionSeeker	1	0	400	132	1	0	0	NA	0
positive	100GB	85%	CTAT-LR-Fusion	2	0	400	132	1	0	0	NA	0
positive	100GB	85%	FusionSeeker	10	0	400	132	1	0	0	NA	0
positive	100GB	85%	GFSeeker	1	0	400	132	1	0	0	NA	0
positive	100GB	85%	Genion	3	0	400	132	1	0	0	NA	0
positive	100GB	90%	CTAT-LR-Fusion	1	0	400	132	1	0	0	NA	0
positive	100GB	90%	FusionSeeker	17	0	400	132	1	0	0	NA	0
positive	100GB	90%	Genion	1	0	400	132	1	0	0	NA	0
positive	100GB	95%	FusionSeeker	33	3	400	132	0.9166666666666666	0.08333333333333333	0.0075	0.013761467889908256	0.0075
positive	10GB	85%	FusionSeeker	1	0	397	132	1	0	0	NA	0
positive	10GB	90%	FusionSeeker	1	0	400	132	1	0	0	NA	0
positive	10GB	95%	FusionSeeker	1	0	400	132	1	0	0	NA	0
negative	100GB	85%	CTAT-LR-Fusion	2	0	400	131	1	0	0	NA	0
negative	100GB	85%	FusionSeeker	8	0	400	131	1	0	0	NA	0
negative	100GB	85%	GFSeeker	1	0	400	131	1	0	0	NA	0
negative	100GB	85%	Genion	4	0	400	131	1	0	0	NA	0
negative	100GB	90%	CTAT-LR-Fusion	1	0	400	131	1	0	0	NA	0
negative	100GB	90%	FusionSeeker	10	0	400	131	1	0	0	NA	0
negative	100GB	90%	GFSeeker	1	0	400	131	1	0	0	NA	0
negative	100GB	90%	Genion	1	0	400	131	1	0	0	NA	0
negative	100GB	95%	FusionSeeker	11	0	400	131	1	0	0	NA	0
negative	10GB	85%	FusionSeeker	1	0	397	131	1	0	0	NA	0
negative	10GB	90%	FusionSeeker	1	0	400	131	1	0	0	NA	0
negative	10GB	95%	FusionSeeker	1	0	400	131	1	0	0	NA	0
positive	100GB	85%	CTAT-LR-Fusion	2	0	400	131	1	0	0	NA	0
positive	100GB	85%	FusionSeeker	10	0	400	131	1	0	0	NA	0
positive	100GB	85%	GFSeeker	1	0	400	131	1	0	0	NA	0
positive	100GB	85%	Genion	3	0	400	131	1	0	0	NA	0
positive	100GB	90%	CTAT-LR-Fusion	1	0	400	131	1	0	0	NA	0
positive	100GB	90%	FusionSeeker	17	0	400	131	1	0	0	NA	0
positive	100GB	90%	Genion	1	0	400	131	1	0	0	NA	0
positive	100GB	95%	FusionSeeker	35	4	400	131	0.8974358974358975	0.10256410256410256	0.01	0.01822323462414579	0.01
positive	10GB	85%	FusionSeeker	1	0	397	131	1	0	0	NA	0
positive	10GB	90%	FusionSeeker	1	0	400	131	1	0	0	NA	0
positive	10GB	95%	FusionSeeker	1	0	400	131	1	0	0	NA	0
negative	100GB	85%	CTAT-LR-Fusion	2	0	400	128	1	0	0	NA	0
negative	100GB	85%	FusionSeeker	8	0	400	128	1	0	0	NA	0
negative	100GB	85%	GFSeeker	1	0	400	128	1	0	0	NA	0
negative	100GB	85%	Genion	4	0	400	128	1	0	0	NA	0
negative	100GB	90%	CTAT-LR-Fusion	1	0	400	128	1	0	0	NA	0
negative	100GB	90%	FusionSeeker	10	0	400	128	1	0	0	NA	0
negative	100GB	90%	GFSeeker	1	0	400	128	1	0	0	NA	0
negative	100GB	90%	Genion	1	0	400	128	1	0	0	NA	0
negative	100GB	95%	FusionSeeker	11	0	400	128	1	0	0	NA	0
negative	10GB	85%	FusionSeeker	1	0	397	128	1	0	0	NA	0
negative	10GB	90%	FusionSeeker	1	0	400	128	1	0	0	NA	0
negative	10GB	95%	FusionSeeker	1	0	400	128	1	0	0	NA	0
positive	100GB	85%	CTAT-LR-Fusion	2	0	400	128	1	0	0	NA	0
positive	100GB	85%	FusionSeeker	10	0	400	128	1	0	0	NA	0
positive	100GB	85%	GFSeeker	1	0	400	128	1	0	0	NA	0
positive	100GB	85%	Genion	3	0	400	128	1	0	0	NA	0
positive	100GB	90%	CTAT-LR-Fusion	1	0	400	128	1	0	0	NA	0
positive	100GB	90%	FusionSeeker	18	0	400	128	1	0	0	NA	0
positive	100GB	90%	Genion	1	0	400	128	1	0	0	NA	0
positive	100GB	95%	FusionSeeker	35	4	400	128	0.8974358974358975	0.10256410256410256	0.01	0.01822323462414579	0.01
positive	10GB	85%	FusionSeeker	1	0	397	128	1	0	0	NA	0
positive	10GB	90%	FusionSeeker	1	0	400	128	1	0	0	NA	0
positive	10GB	95%	FusionSeeker	1	0	400	128	1	0	0	NA	0
negative	100GB	85%	CTAT-LR-Fusion	2	0	400	127	1	0	0	NA	0
negative	100GB	85%	FusionSeeker	8	0	400	127	1	0	0	NA	0
negative	100GB	85%	GFSeeker	1	0	400	127	1	0	0	NA	0
negative	100GB	85%	Genion	4	0	400	127	1	0	0	NA	0
negative	100GB	90%	CTAT-LR-Fusion	1	0	400	127	1	0	0	NA	0
negative	100GB	90%	FusionSeeker	10	0	400	127	1	0	0	NA	0
negative	100GB	90%	GFSeeker	1	0	400	127	1	0	0	NA	0
negative	100GB	90%	Genion	1	0	400	127	1	0	0	NA	0
negative	100GB	95%	FusionSeeker	12	0	400	127	1	0	0	NA	0
negative	10GB	85%	FusionSeeker	1	0	397	127	1	0	0	NA	0
negative	10GB	90%	FusionSeeker	1	0	400	127	1	0	0	NA	0
negative	10GB	95%	FusionSeeker	1	0	400	127	1	0	0	NA	0
positive	100GB	85%	CTAT-LR-Fusion	2	0	400	127	1	0	0	NA	0
positive	100GB	85%	FusionSeeker	10	0	400	127	1	0	0	NA	0
positive	100GB	85%	GFSeeker	1	0	400	127	1	0	0	NA	0
positive	100GB	85%	Genion	3	0	400	127	1	0	0	NA	0
positive	100GB	90%	CTAT-LR-Fusion	1	0	400	127	1	0	0	NA	0
positive	100GB	90%	FusionSeeker	21	1	400	127	0.9545454545454546	0.045454545454545456	0.0025	0.004739336492890995	0.0025
positive	100GB	90%	Genion	1	0	400	127	1	0	0	NA	0
positive	100GB	95%	FusionSeeker	35	4	400	127	0.8974358974358975	0.10256410256410256	0.01	0.01822323462414579	0.01
positive	10GB	85%	FusionSeeker	1	0	397	127	1	0	0	NA	0
positive	10GB	90%	FusionSeeker	1	0	400	127	1	0	0	NA	0
positive	10GB	95%	FusionSeeker	1	0	400	127	1	0	0	NA	0
negative	100GB	85%	CTAT-LR-Fusion	2	0	400	126	1	0	0	NA	0
negative	100GB	85%	FusionSeeker	8	0	400	126	1	0	0	NA	0
negative	100GB	85%	GFSeeker	1	0	400	126	1	0	0	NA	0
negative	100GB	85%	Genion	4	0	400	126	1	0	0	NA	0
negative	100GB	90%	CTAT-LR-Fusion	1	0	400	126	1	0	0	NA	0
negative	100GB	90%	FusionSeeker	10	0	400	126	1	0	0	NA	0
negative	100GB	90%	GFSeeker	1	0	400	126	1	0	0	NA	0
negative	100GB	90%	Genion	1	0	400	126	1	0	0	NA	0
negative	100GB	95%	FusionSeeker	12	0	400	126	1	0	0	NA	0
negative	10GB	85%	FusionSeeker	1	0	397	126	1	0	0	NA	0
negative	10GB	90%	FusionSeeker	1	0	400	126	1	0	0	NA	0
negative	10GB	95%	FusionSeeker	1	0	400	126	1	0	0	NA	0
positive	100GB	85%	CTAT-LR-Fusion	2	0	400	126	1	0	0	NA	0
positive	100GB	85%	FusionSeeker	10	0	400	126	1	0	0	NA	0
positive	100GB	85%	GFSeeker	1	0	400	126	1	0	0	NA	0
positive	100GB	85%	Genion	3	0	400	126	1	0	0	NA	0
positive	100GB	90%	CTAT-LR-Fusion	1	0	400	126	1	0	0	NA	0
positive	100GB	90%	FusionSeeker	22	1	400	126	0.9565217391304348	0.043478260869565216	0.0025	0.004728132387706856	0.0025
positive	100GB	90%	Genion	1	0	400	126	1	0	0	NA	0
positive	100GB	95%	FusionSeeker	35	4	400	126	0.8974358974358975	0.10256410256410256	0.01	0.01822323462414579	0.01
positive	10GB	85%	FusionSeeker	1	0	397	126	1	0	0	NA	0
positive	10GB	90%	FusionSeeker	1	0	400	126	1	0	0	NA	0
positive	10GB	95%	FusionSeeker	1	0	400	126	1	0	0	NA	0
negative	100GB	85%	CTAT-LR-Fusion	2	0	400	125	1	0	0	NA	0
negative	100GB	85%	FusionSeeker	8	0	400	125	1	0	0	NA	0
negative	100GB	85%	GFSeeker	1	0	400	125	1	0	0	NA	0
negative	100GB	85%	Genion	4	0	400	125	1	0	0	NA	0
negative	100GB	90%	CTAT-LR-Fusion	1	0	400	125	1	0	0	NA	0
negative	100GB	90%	FusionSeeker	10	0	400	125	1	0	0	NA	0
negative	100GB	90%	GFSeeker	1	0	400	125	1	0	0	NA	0
negative	100GB	90%	Genion	1	0	400	125	1	0	0	NA	0
negative	100GB	95%	FusionSeeker	12	0	400	125	1	0	0	NA	0
negative	10GB	85%	FusionSeeker	1	0	397	125	1	0	0	NA	0
negative	10GB	90%	FusionSeeker	1	0	400	125	1	0	0	NA	0
negative	10GB	95%	FusionSeeker	1	0	400	125	1	0	0	NA	0
positive	100GB	85%	CTAT-LR-Fusion	2	0	400	125	1	0	0	NA	0
positive	100GB	85%	FusionSeeker	11	0	400	125	1	0	0	NA	0
positive	100GB	85%	GFSeeker	1	0	400	125	1	0	0	NA	0
positive	100GB	85%	Genion	3	0	400	125	1	0	0	NA	0
positive	100GB	90%	CTAT-LR-Fusion	1	0	400	125	1	0	0	NA	0
positive	100GB	90%	FusionSeeker	22	1	400	125	0.9565217391304348	0.043478260869565216	0.0025	0.004728132387706856	0.0025
positive	100GB	90%	Genion	1	0	400	125	1	0	0	NA	0
positive	100GB	95%	FusionSeeker	36	4	400	125	0.9	0.1	0.01	0.01818181818181818	0.01
positive	10GB	85%	FusionSeeker	1	0	397	125	1	0	0	NA	0
positive	10GB	90%	FusionSeeker	1	0	400	125	1	0	0	NA	0
positive	10GB	95%	FusionSeeker	1	0	400	125	1	0	0	NA	0
negative	100GB	85%	CTAT-LR-Fusion	2	0	400	124	1	0	0	NA	0
negative	100GB	85%	FusionSeeker	8	0	400	124	1	0	0	NA	0
negative	100GB	85%	GFSeeker	1	0	400	124	1	0	0	NA	0
negative	100GB	85%	Genion	4	0	400	124	1	0	0	NA	0
negative	100GB	90%	CTAT-LR-Fusion	1	0	400	124	1	0	0	NA	0
negative	100GB	90%	FusionSeeker	10	0	400	124	1	0	0	NA	0
negative	100GB	90%	GFSeeker	1	0	400	124	1	0	0	NA	0
negative	100GB	90%	Genion	1	0	400	124	1	0	0	NA	0
negative	100GB	95%	FusionSeeker	13	0	400	124	1	0	0	NA	0
negative	10GB	85%	FusionSeeker	1	0	397	124	1	0	0	NA	0
negative	10GB	90%	FusionSeeker	1	0	400	124	1	0	0	NA	0
negative	10GB	95%	FusionSeeker	1	0	400	124	1	0	0	NA	0
positive	100GB	85%	CTAT-LR-Fusion	2	0	400	124	1	0	0	NA	0
positive	100GB	85%	FusionSeeker	11	0	400	124	1	0	0	NA	0
positive	100GB	85%	GFSeeker	1	0	400	124	1	0	0	NA	0
positive	100GB	85%	Genion	3	0	400	124	1	0	0	NA	0
positive	100GB	90%	CTAT-LR-Fusion	1	0	400	124	1	0	0	NA	0
positive	100GB	90%	FusionSeeker	23	1	400	124	0.9583333333333334	0.041666666666666664	0.0025	0.0047169811320754715	0.0025
positive	100GB	90%	Genion	1	0	400	124	1	0	0	NA	0
positive	100GB	95%	FusionSeeker	36	4	400	124	0.9	0.1	0.01	0.01818181818181818	0.01
positive	10GB	85%	FusionSeeker	1	0	397	124	1	0	0	NA	0
positive	10GB	90%	FusionSeeker	1	0	400	124	1	0	0	NA	0
positive	10GB	95%	FusionSeeker	1	0	400	124	1	0	0	NA	0
negative	100GB	85%	CTAT-LR-Fusion	2	0	400	123	1	0	0	NA	0
negative	100GB	85%	FusionSeeker	8	0	400	123	1	0	0	NA	0
negative	100GB	85%	GFSeeker	1	0	400	123	1	0	0	NA	0
negative	100GB	85%	Genion	4	0	400	123	1	0	0	NA	0
negative	100GB	90%	CTAT-LR-Fusion	1	0	400	123	1	0	0	NA	0
negative	100GB	90%	FusionSeeker	10	0	400	123	1	0	0	NA	0
negative	100GB	90%	GFSeeker	1	0	400	123	1	0	0	NA	0
negative	100GB	90%	Genion	1	0	400	123	1	0	0	NA	0
negative	100GB	95%	FusionSeeker	13	0	400	123	1	0	0	NA	0
negative	10GB	85%	FusionSeeker	1	0	397	123	1	0	0	NA	0
negative	10GB	90%	FusionSeeker	1	0	400	123	1	0	0	NA	0
negative	10GB	95%	FusionSeeker	1	0	400	123	1	0	0	NA	0
positive	100GB	85%	CTAT-LR-Fusion	2	0	400	123	1	0	0	NA	0
positive	100GB	85%	FusionSeeker	11	0	400	123	1	0	0	NA	0
positive	100GB	85%	GFSeeker	1	0	400	123	1	0	0	NA	0
positive	100GB	85%	Genion	3	0	400	123	1	0	0	NA	0
positive	100GB	90%	CTAT-LR-Fusion	1	0	400	123	1	0	0	NA	0
positive	100GB	90%	FusionSeeker	24	1	400	123	0.96	0.04	0.0025	0.004705882352941176	0.0025
positive	100GB	90%	Genion	1	0	400	123	1	0	0	NA	0
positive	100GB	95%	FusionSeeker	39	4	400	123	0.9069767441860465	0.09302325581395349	0.01	0.018058690744920995	0.01
positive	10GB	85%	FusionSeeker	1	0	397	123	1	0	0	NA	0
positive	10GB	90%	FusionSeeker	1	0	400	123	1	0	0	NA	0
positive	10GB	95%	FusionSeeker	1	0	400	123	1	0	0	NA	0
negative	100GB	85%	CTAT-LR-Fusion	2	0	400	122	1	0	0	NA	0
negative	100GB	85%	FusionSeeker	8	0	400	122	1	0	0	NA	0
negative	100GB	85%	GFSeeker	1	0	400	122	1	0	0	NA	0
negative	100GB	85%	Genion	4	0	400	122	1	0	0	NA	0
negative	100GB	90%	CTAT-LR-Fusion	1	0	400	122	1	0	0	NA	0
negative	100GB	90%	FusionSeeker	11	0	400	122	1	0	0	NA	0
negative	100GB	90%	GFSeeker	1	0	400	122	1	0	0	NA	0
negative	100GB	90%	Genion	1	0	400	122	1	0	0	NA	0
negative	100GB	95%	FusionSeeker	13	0	400	122	1	0	0	NA	0
negative	10GB	85%	FusionSeeker	1	0	397	122	1	0	0	NA	0
negative	10GB	90%	FusionSeeker	1	0	400	122	1	0	0	NA	0
negative	10GB	95%	FusionSeeker	1	0	400	122	1	0	0	NA	0
positive	100GB	85%	CTAT-LR-Fusion	2	0	400	122	1	0	0	NA	0
positive	100GB	85%	FusionSeeker	11	0	400	122	1	0	0	NA	0
positive	100GB	85%	GFSeeker	1	0	400	122	1	0	0	NA	0
positive	100GB	85%	Genion	3	0	400	122	1	0	0	NA	0
positive	100GB	90%	CTAT-LR-Fusion	1	0	400	122	1	0	0	NA	0
positive	100GB	90%	FusionSeeker	25	1	400	122	0.9615384615384616	0.038461538461538464	0.0025	0.004694835680751174	0.0025
positive	100GB	90%	Genion	1	0	400	122	1	0	0	NA	0
positive	100GB	95%	FusionSeeker	39	4	400	122	0.9069767441860465	0.09302325581395349	0.01	0.018058690744920995	0.01
positive	10GB	85%	FusionSeeker	1	0	397	122	1	0	0	NA	0
positive	10GB	90%	FusionSeeker	1	0	400	122	1	0	0	NA	0
positive	10GB	95%	FusionSeeker	1	0	400	122	1	0	0	NA	0
negative	100GB	85%	CTAT-LR-Fusion	2	0	400	121	1	0	0	NA	0
negative	100GB	85%	FusionSeeker	8	0	400	121	1	0	0	NA	0
negative	100GB	85%	GFSeeker	1	0	400	121	1	0	0	NA	0
negative	100GB	85%	Genion	4	0	400	121	1	0	0	NA	0
negative	100GB	90%	CTAT-LR-Fusion	1	0	400	121	1	0	0	NA	0
negative	100GB	90%	FusionSeeker	12	0	400	121	1	0	0	NA	0
negative	100GB	90%	GFSeeker	1	0	400	121	1	0	0	NA	0
negative	100GB	90%	Genion	1	0	400	121	1	0	0	NA	0
negative	100GB	95%	FusionSeeker	13	0	400	121	1	0	0	NA	0
negative	10GB	85%	FusionSeeker	1	0	397	121	1	0	0	NA	0
negative	10GB	90%	FusionSeeker	1	0	400	121	1	0	0	NA	0
negative	10GB	95%	FusionSeeker	1	0	400	121	1	0	0	NA	0
positive	100GB	85%	CTAT-LR-Fusion	2	0	400	121	1	0	0	NA	0
positive	100GB	85%	FusionSeeker	11	0	400	121	1	0	0	NA	0
positive	100GB	85%	GFSeeker	1	0	400	121	1	0	0	NA	0
positive	100GB	85%	Genion	3	0	400	121	1	0	0	NA	0
positive	100GB	90%	CTAT-LR-Fusion	1	0	400	121	1	0	0	NA	0
positive	100GB	90%	FusionSeeker	25	1	400	121	0.9615384615384616	0.038461538461538464	0.0025	0.004694835680751174	0.0025
positive	100GB	90%	Genion	2	0	400	121	1	0	0	NA	0
positive	100GB	95%	FusionSeeker	39	4	400	121	0.9069767441860465	0.09302325581395349	0.01	0.018058690744920995	0.01
positive	10GB	85%	FusionSeeker	1	0	397	121	1	0	0	NA	0
positive	10GB	90%	FusionSeeker	1	0	400	121	1	0	0	NA	0
positive	10GB	95%	FusionSeeker	1	0	400	121	1	0	0	NA	0
negative	100GB	85%	CTAT-LR-Fusion	2	0	400	120	1	0	0	NA	0
negative	100GB	85%	FusionSeeker	8	0	400	120	1	0	0	NA	0
negative	100GB	85%	GFSeeker	1	0	400	120	1	0	0	NA	0
negative	100GB	85%	Genion	4	0	400	120	1	0	0	NA	0
negative	100GB	90%	CTAT-LR-Fusion	1	0	400	120	1	0	0	NA	0
negative	100GB	90%	FusionSeeker	12	0	400	120	1	0	0	NA	0
negative	100GB	90%	GFSeeker	1	0	400	120	1	0	0	NA	0
negative	100GB	90%	Genion	1	0	400	120	1	0	0	NA	0
negative	100GB	95%	FusionSeeker	13	0	400	120	1	0	0	NA	0
negative	10GB	85%	FusionSeeker	1	0	397	120	1	0	0	NA	0
negative	10GB	90%	FusionSeeker	1	0	400	120	1	0	0	NA	0
negative	10GB	95%	FusionSeeker	1	0	400	120	1	0	0	NA	0
positive	100GB	85%	CTAT-LR-Fusion	2	0	400	120	1	0	0	NA	0
positive	100GB	85%	FusionSeeker	11	0	400	120	1	0	0	NA	0
positive	100GB	85%	GFSeeker	1	0	400	120	1	0	0	NA	0
positive	100GB	85%	Genion	3	0	400	120	1	0	0	NA	0
positive	100GB	90%	CTAT-LR-Fusion	1	0	400	120	1	0	0	NA	0
positive	100GB	90%	FusionSeeker	25	1	400	120	0.9615384615384616	0.038461538461538464	0.0025	0.004694835680751174	0.0025
positive	100GB	90%	Genion	2	0	400	120	1	0	0	NA	0
positive	100GB	95%	FusionSeeker	40	5	400	120	0.8888888888888888	0.1111111111111111	0.0125	0.022471910112359553	0.0125
positive	10GB	85%	FusionSeeker	1	0	397	120	1	0	0	NA	0
positive	10GB	90%	FusionSeeker	1	0	400	120	1	0	0	NA	0
positive	10GB	95%	FusionSeeker	1	0	400	120	1	0	0	NA	0
negative	100GB	85%	CTAT-LR-Fusion	2	0	400	119	1	0	0	NA	0
negative	100GB	85%	FusionSeeker	8	0	400	119	1	0	0	NA	0
negative	100GB	85%	GFSeeker	1	0	400	119	1	0	0	NA	0
negative	100GB	85%	Genion	4	0	400	119	1	0	0	NA	0
negative	100GB	90%	CTAT-LR-Fusion	1	0	400	119	1	0	0	NA	0
negative	100GB	90%	FusionSeeker	12	0	400	119	1	0	0	NA	0
negative	100GB	90%	GFSeeker	1	0	400	119	1	0	0	NA	0
negative	100GB	90%	Genion	1	0	400	119	1	0	0	NA	0
negative	100GB	95%	FusionSeeker	13	0	400	119	1	0	0	NA	0
negative	10GB	85%	FusionSeeker	1	0	397	119	1	0	0	NA	0
negative	10GB	90%	FusionSeeker	1	0	400	119	1	0	0	NA	0
negative	10GB	95%	FusionSeeker	1	0	400	119	1	0	0	NA	0
positive	100GB	85%	CTAT-LR-Fusion	2	0	400	119	1	0	0	NA	0
positive	100GB	85%	FusionSeeker	12	0	400	119	1	0	0	NA	0
positive	100GB	85%	GFSeeker	1	0	400	119	1	0	0	NA	0
positive	100GB	85%	Genion	3	0	400	119	1	0	0	NA	0
positive	100GB	90%	CTAT-LR-Fusion	1	0	400	119	1	0	0	NA	0
positive	100GB	90%	FusionSeeker	25	1	400	119	0.9615384615384616	0.038461538461538464	0.0025	0.004694835680751174	0.0025
positive	100GB	90%	Genion	2	0	400	119	1	0	0	NA	0
positive	100GB	95%	FusionSeeker	41	5	400	119	0.8913043478260869	0.10869565217391304	0.0125	0.02242152466367713	0.0125
positive	10GB	85%	FusionSeeker	1	0	397	119	1	0	0	NA	0
positive	10GB	90%	FusionSeeker	1	0	400	119	1	0	0	NA	0
positive	10GB	95%	FusionSeeker	1	0	400	119	1	0	0	NA	0
negative	100GB	85%	CTAT-LR-Fusion	2	0	400	117	1	0	0	NA	0
negative	100GB	85%	FusionSeeker	8	0	400	117	1	0	0	NA	0
negative	100GB	85%	GFSeeker	1	0	400	117	1	0	0	NA	0
negative	100GB	85%	Genion	4	0	400	117	1	0	0	NA	0
negative	100GB	90%	CTAT-LR-Fusion	1	0	400	117	1	0	0	NA	0
negative	100GB	90%	FusionSeeker	12	0	400	117	1	0	0	NA	0
negative	100GB	90%	GFSeeker	1	0	400	117	1	0	0	NA	0
negative	100GB	90%	Genion	1	0	400	117	1	0	0	NA	0
negative	100GB	95%	FusionSeeker	13	0	400	117	1	0	0	NA	0
negative	10GB	85%	FusionSeeker	1	0	397	117	1	0	0	NA	0
negative	10GB	90%	FusionSeeker	1	0	400	117	1	0	0	NA	0
negative	10GB	95%	FusionSeeker	1	0	400	117	1	0	0	NA	0
positive	100GB	85%	CTAT-LR-Fusion	2	0	400	117	1	0	0	NA	0
positive	100GB	85%	FusionSeeker	12	0	400	117	1	0	0	NA	0
positive	100GB	85%	GFSeeker	1	0	400	117	1	0	0	NA	0
positive	100GB	85%	Genion	4	0	400	117	1	0	0	NA	0
positive	100GB	90%	CTAT-LR-Fusion	1	0	400	117	1	0	0	NA	0
positive	100GB	90%	FusionSeeker	26	1	400	117	0.9629629629629629	0.037037037037037035	0.0025	0.00468384074941452	0.0025
positive	100GB	90%	Genion	2	0	400	117	1	0	0	NA	0
positive	100GB	95%	FusionSeeker	41	5	400	117	0.8913043478260869	0.10869565217391304	0.0125	0.02242152466367713	0.0125
positive	10GB	85%	FusionSeeker	1	0	397	117	1	0	0	NA	0
positive	10GB	90%	FusionSeeker	1	0	400	117	1	0	0	NA	0
positive	10GB	95%	FusionSeeker	1	0	400	117	1	0	0	NA	0
negative	100GB	85%	CTAT-LR-Fusion	2	0	400	116	1	0	0	NA	0
negative	100GB	85%	FusionSeeker	8	0	400	116	1	0	0	NA	0
negative	100GB	85%	GFSeeker	1	0	400	116	1	0	0	NA	0
negative	100GB	85%	Genion	4	0	400	116	1	0	0	NA	0
negative	100GB	90%	CTAT-LR-Fusion	1	0	400	116	1	0	0	NA	0
negative	100GB	90%	FusionSeeker	12	0	400	116	1	0	0	NA	0
negative	100GB	90%	GFSeeker	1	0	400	116	1	0	0	NA	0
negative	100GB	90%	Genion	1	0	400	116	1	0	0	NA	0
negative	100GB	95%	FusionSeeker	14	0	400	116	1	0	0	NA	0
negative	10GB	85%	FusionSeeker	1	0	397	116	1	0	0	NA	0
negative	10GB	90%	FusionSeeker	1	0	400	116	1	0	0	NA	0
negative	10GB	95%	FusionSeeker	1	0	400	116	1	0	0	NA	0
positive	100GB	85%	CTAT-LR-Fusion	2	0	400	116	1	0	0	NA	0
positive	100GB	85%	FusionSeeker	12	0	400	116	1	0	0	NA	0
positive	100GB	85%	GFSeeker	1	0	400	116	1	0	0	NA	0
positive	100GB	85%	Genion	4	0	400	116	1	0	0	NA	0
positive	100GB	90%	CTAT-LR-Fusion	1	0	400	116	1	0	0	NA	0
positive	100GB	90%	FusionSeeker	27	1	400	116	0.9642857142857143	0.03571428571428571	0.0025	0.004672897196261682	0.0025
positive	100GB	90%	Genion	2	0	400	116	1	0	0	NA	0
positive	100GB	95%	FusionSeeker	43	5	400	116	0.8958333333333334	0.10416666666666667	0.0125	0.022321428571428572	0.0125
positive	10GB	85%	FusionSeeker	1	0	397	116	1	0	0	NA	0
positive	10GB	90%	FusionSeeker	1	0	400	116	1	0	0	NA	0
positive	10GB	95%	FusionSeeker	1	0	400	116	1	0	0	NA	0
negative	100GB	85%	CTAT-LR-Fusion	2	0	400	115	1	0	0	NA	0
negative	100GB	85%	FusionSeeker	8	0	400	115	1	0	0	NA	0
negative	100GB	85%	GFSeeker	1	0	400	115	1	0	0	NA	0
negative	100GB	85%	Genion	4	0	400	115	1	0	0	NA	0
negative	100GB	90%	CTAT-LR-Fusion	1	0	400	115	1	0	0	NA	0
negative	100GB	90%	FusionSeeker	13	0	400	115	1	0	0	NA	0
negative	100GB	90%	GFSeeker	1	0	400	115	1	0	0	NA	0
negative	100GB	90%	Genion	1	0	400	115	1	0	0	NA	0
negative	100GB	95%	FusionSeeker	14	0	400	115	1	0	0	NA	0
negative	10GB	85%	FusionSeeker	1	0	397	115	1	0	0	NA	0
negative	10GB	90%	FusionSeeker	1	0	400	115	1	0	0	NA	0
negative	10GB	95%	FusionSeeker	1	0	400	115	1	0	0	NA	0
positive	100GB	85%	CTAT-LR-Fusion	2	0	400	115	1	0	0	NA	0
positive	100GB	85%	FusionSeeker	12	0	400	115	1	0	0	NA	0
positive	100GB	85%	GFSeeker	1	0	400	115	1	0	0	NA	0
positive	100GB	85%	Genion	4	0	400	115	1	0	0	NA	0
positive	100GB	90%	CTAT-LR-Fusion	1	0	400	115	1	0	0	NA	0
positive	100GB	90%	FusionSeeker	29	1	400	115	0.9666666666666667	0.03333333333333333	0.0025	0.004651162790697674	0.0025
positive	100GB	90%	Genion	2	0	400	115	1	0	0	NA	0
positive	100GB	95%	FusionSeeker	45	5	400	115	0.9	0.1	0.0125	0.022222222222222227	0.0125
positive	10GB	85%	FusionSeeker	1	0	397	115	1	0	0	NA	0
positive	10GB	90%	FusionSeeker	1	0	400	115	1	0	0	NA	0
positive	10GB	95%	FusionSeeker	1	0	400	115	1	0	0	NA	0
negative	100GB	85%	CTAT-LR-Fusion	2	0	400	114	1	0	0	NA	0
negative	100GB	85%	FusionSeeker	8	0	400	114	1	0	0	NA	0
negative	100GB	85%	GFSeeker	1	0	400	114	1	0	0	NA	0
negative	100GB	85%	Genion	4	0	400	114	1	0	0	NA	0
negative	100GB	90%	CTAT-LR-Fusion	1	0	400	114	1	0	0	NA	0
negative	100GB	90%	FusionSeeker	13	0	400	114	1	0	0	NA	0
negative	100GB	90%	GFSeeker	1	0	400	114	1	0	0	NA	0
negative	100GB	90%	Genion	1	0	400	114	1	0	0	NA	0
negative	100GB	95%	FusionSeeker	14	0	400	114	1	0	0	NA	0
negative	10GB	85%	FusionSeeker	1	0	397	114	1	0	0	NA	0
negative	10GB	90%	FusionSeeker	1	0	400	114	1	0	0	NA	0
negative	10GB	95%	FusionSeeker	1	0	400	114	1	0	0	NA	0
positive	100GB	85%	CTAT-LR-Fusion	2	0	400	114	1	0	0	NA	0
positive	100GB	85%	FusionSeeker	12	0	400	114	1	0	0	NA	0
positive	100GB	85%	GFSeeker	1	0	400	114	1	0	0	NA	0
positive	100GB	85%	Genion	4	0	400	114	1	0	0	NA	0
positive	100GB	90%	CTAT-LR-Fusion	1	0	400	114	1	0	0	NA	0
positive	100GB	90%	FusionSeeker	30	1	400	114	0.967741935483871	0.03225806451612903	0.0025	0.004640371229698376	0.0025
positive	100GB	90%	Genion	2	0	400	114	1	0	0	NA	0
positive	100GB	95%	FusionSeeker	46	5	400	114	0.9019607843137255	0.09803921568627451	0.0125	0.022172949002217297	0.0125
positive	10GB	85%	FusionSeeker	1	0	397	114	1	0	0	NA	0
positive	10GB	90%	FusionSeeker	1	0	400	114	1	0	0	NA	0
positive	10GB	95%	FusionSeeker	1	0	400	114	1	0	0	NA	0
negative	100GB	85%	CTAT-LR-Fusion	2	0	400	113	1	0	0	NA	0
negative	100GB	85%	FusionSeeker	9	0	400	113	1	0	0	NA	0
negative	100GB	85%	GFSeeker	1	0	400	113	1	0	0	NA	0
negative	100GB	85%	Genion	4	0	400	113	1	0	0	NA	0
negative	100GB	90%	CTAT-LR-Fusion	1	0	400	113	1	0	0	NA	0
negative	100GB	90%	FusionSeeker	13	0	400	113	1	0	0	NA	0
negative	100GB	90%	GFSeeker	1	0	400	113	1	0	0	NA	0
negative	100GB	90%	Genion	1	0	400	113	1	0	0	NA	0
negative	100GB	95%	FusionSeeker	14	0	400	113	1	0	0	NA	0
negative	10GB	85%	FusionSeeker	1	0	397	113	1	0	0	NA	0
negative	10GB	90%	FusionSeeker	1	0	400	113	1	0	0	NA	0
negative	10GB	95%	FusionSeeker	1	0	400	113	1	0	0	NA	0
positive	100GB	85%	CTAT-LR-Fusion	2	0	400	113	1	0	0	NA	0
positive	100GB	85%	FusionSeeker	12	0	400	113	1	0	0	NA	0
positive	100GB	85%	GFSeeker	1	0	400	113	1	0	0	NA	0
positive	100GB	85%	Genion	4	0	400	113	1	0	0	NA	0
positive	100GB	90%	CTAT-LR-Fusion	1	0	400	113	1	0	0	NA	0
positive	100GB	90%	FusionSeeker	30	1	400	113	0.967741935483871	0.03225806451612903	0.0025	0.004640371229698376	0.0025
positive	100GB	90%	Genion	2	0	400	113	1	0	0	NA	0
positive	100GB	95%	FusionSeeker	46	5	400	113	0.9019607843137255	0.09803921568627451	0.0125	0.022172949002217297	0.0125
positive	10GB	85%	FusionSeeker	1	0	397	113	1	0	0	NA	0
positive	10GB	90%	FusionSeeker	1	0	400	113	1	0	0	NA	0
positive	10GB	95%	FusionSeeker	1	0	400	113	1	0	0	NA	0
negative	100GB	85%	CTAT-LR-Fusion	2	0	400	112	1	0	0	NA	0
negative	100GB	85%	FusionSeeker	9	0	400	112	1	0	0	NA	0
negative	100GB	85%	GFSeeker	1	0	400	112	1	0	0	NA	0
negative	100GB	85%	Genion	4	0	400	112	1	0	0	NA	0
negative	100GB	90%	CTAT-LR-Fusion	1	0	400	112	1	0	0	NA	0
negative	100GB	90%	FusionSeeker	13	0	400	112	1	0	0	NA	0
negative	100GB	90%	GFSeeker	1	0	400	112	1	0	0	NA	0
negative	100GB	90%	Genion	2	0	400	112	1	0	0	NA	0
negative	100GB	95%	FusionSeeker	14	0	400	112	1	0	0	NA	0
negative	10GB	85%	FusionSeeker	1	0	397	112	1	0	0	NA	0
negative	10GB	90%	FusionSeeker	1	0	400	112	1	0	0	NA	0
negative	10GB	95%	FusionSeeker	1	0	400	112	1	0	0	NA	0
positive	100GB	85%	CTAT-LR-Fusion	2	0	400	112	1	0	0	NA	0
positive	100GB	85%	FusionSeeker	13	0	400	112	1	0	0	NA	0
positive	100GB	85%	GFSeeker	1	0	400	112	1	0	0	NA	0
positive	100GB	85%	Genion	4	0	400	112	1	0	0	NA	0
positive	100GB	90%	CTAT-LR-Fusion	1	0	400	112	1	0	0	NA	0
positive	100GB	90%	FusionSeeker	30	1	400	112	0.967741935483871	0.03225806451612903	0.0025	0.004640371229698376	0.0025
positive	100GB	90%	Genion	2	0	400	112	1	0	0	NA	0
positive	100GB	95%	FusionSeeker	47	5	400	112	0.9038461538461539	0.09615384615384616	0.0125	0.022123893805309734	0.0125
positive	10GB	85%	FusionSeeker	1	0	397	112	1	0	0	NA	0
positive	10GB	90%	FusionSeeker	1	0	400	112	1	0	0	NA	0
positive	10GB	95%	FusionSeeker	1	0	400	112	1	0	0	NA	0
negative	100GB	85%	CTAT-LR-Fusion	2	0	400	111	1	0	0	NA	0
negative	100GB	85%	FusionSeeker	9	0	400	111	1	0	0	NA	0
negative	100GB	85%	GFSeeker	1	0	400	111	1	0	0	NA	0
negative	100GB	85%	Genion	4	0	400	111	1	0	0	NA	0
negative	100GB	90%	CTAT-LR-Fusion	1	0	400	111	1	0	0	NA	0
negative	100GB	90%	FusionSeeker	13	0	400	111	1	0	0	NA	0
negative	100GB	90%	GFSeeker	1	0	400	111	1	0	0	NA	0
negative	100GB	90%	Genion	2	0	400	111	1	0	0	NA	0
negative	100GB	95%	FusionSeeker	15	0	400	111	1	0	0	NA	0
negative	10GB	85%	FusionSeeker	1	0	397	111	1	0	0	NA	0
negative	10GB	90%	FusionSeeker	1	0	400	111	1	0	0	NA	0
negative	10GB	95%	FusionSeeker	1	0	400	111	1	0	0	NA	0
positive	100GB	85%	CTAT-LR-Fusion	2	0	400	111	1	0	0	NA	0
positive	100GB	85%	FusionSeeker	13	0	400	111	1	0	0	NA	0
positive	100GB	85%	GFSeeker	1	0	400	111	1	0	0	NA	0
positive	100GB	85%	Genion	4	0	400	111	1	0	0	NA	0
positive	100GB	90%	CTAT-LR-Fusion	1	0	400	111	1	0	0	NA	0
positive	100GB	90%	FusionSeeker	31	1	400	111	0.96875	0.03125	0.0025	0.004629629629629629	0.0025
positive	100GB	90%	Genion	2	0	400	111	1	0	0	NA	0
positive	100GB	95%	FusionSeeker	47	5	400	111	0.9038461538461539	0.09615384615384616	0.0125	0.022123893805309734	0.0125
positive	10GB	85%	FusionSeeker	1	0	397	111	1	0	0	NA	0
positive	10GB	90%	FusionSeeker	1	0	400	111	1	0	0	NA	0
positive	10GB	95%	FusionSeeker	1	0	400	111	1	0	0	NA	0
negative	100GB	85%	CTAT-LR-Fusion	2	0	400	110	1	0	0	NA	0
negative	100GB	85%	FusionSeeker	9	0	400	110	1	0	0	NA	0
negative	100GB	85%	GFSeeker	1	0	400	110	1	0	0	NA	0
negative	100GB	85%	Genion	4	0	400	110	1	0	0	NA	0
negative	100GB	90%	CTAT-LR-Fusion	1	0	400	110	1	0	0	NA	0
negative	100GB	90%	FusionSeeker	13	0	400	110	1	0	0	NA	0
negative	100GB	90%	GFSeeker	1	0	400	110	1	0	0	NA	0
negative	100GB	90%	Genion	2	0	400	110	1	0	0	NA	0
negative	100GB	95%	FusionSeeker	16	0	400	110	1	0	0	NA	0
negative	10GB	85%	FusionSeeker	1	0	397	110	1	0	0	NA	0
negative	10GB	90%	FusionSeeker	1	0	400	110	1	0	0	NA	0
negative	10GB	95%	FusionSeeker	1	0	400	110	1	0	0	NA	0
positive	100GB	85%	CTAT-LR-Fusion	2	0	400	110	1	0	0	NA	0
positive	100GB	85%	FusionSeeker	13	0	400	110	1	0	0	NA	0
positive	100GB	85%	GFSeeker	1	0	400	110	1	0	0	NA	0
positive	100GB	85%	Genion	4	0	400	110	1	0	0	NA	0
positive	100GB	90%	CTAT-LR-Fusion	1	0	400	110	1	0	0	NA	0
positive	100GB	90%	FusionSeeker	32	1	400	110	0.9696969696969697	0.030303030303030304	0.0025	0.004618937644341801	0.0025
positive	100GB	90%	GFSeeker	1	0	400	110	1	0	0	NA	0
positive	100GB	90%	Genion	2	0	400	110	1	0	0	NA	0
positive	100GB	95%	FusionSeeker	47	6	400	110	0.8867924528301887	0.11320754716981132	0.015	0.026490066225165566	0.015
positive	10GB	85%	FusionSeeker	1	0	397	110	1	0	0	NA	0
positive	10GB	90%	FusionSeeker	1	0	400	110	1	0	0	NA	0
positive	10GB	95%	FusionSeeker	1	0	400	110	1	0	0	NA	0
negative	100GB	85%	CTAT-LR-Fusion	2	0	400	109	1	0	0	NA	0
negative	100GB	85%	FusionSeeker	10	0	400	109	1	0	0	NA	0
negative	100GB	85%	GFSeeker	1	0	400	109	1	0	0	NA	0
negative	100GB	85%	Genion	4	0	400	109	1	0	0	NA	0
negative	100GB	90%	CTAT-LR-Fusion	1	0	400	109	1	0	0	NA	0
negative	100GB	90%	FusionSeeker	13	0	400	109	1	0	0	NA	0
negative	100GB	90%	GFSeeker	1	0	400	109	1	0	0	NA	0
negative	100GB	90%	Genion	2	0	400	109	1	0	0	NA	0
negative	100GB	95%	FusionSeeker	16	0	400	109	1	0	0	NA	0
negative	10GB	85%	FusionSeeker	1	0	397	109	1	0	0	NA	0
negative	10GB	90%	FusionSeeker	1	0	400	109	1	0	0	NA	0
negative	10GB	95%	FusionSeeker	1	0	400	109	1	0	0	NA	0
positive	100GB	85%	CTAT-LR-Fusion	2	0	400	109	1	0	0	NA	0
positive	100GB	85%	FusionSeeker	13	0	400	109	1	0	0	NA	0
positive	100GB	85%	GFSeeker	1	0	400	109	1	0	0	NA	0
positive	100GB	85%	Genion	4	0	400	109	1	0	0	NA	0
positive	100GB	90%	CTAT-LR-Fusion	1	0	400	109	1	0	0	NA	0
positive	100GB	90%	FusionSeeker	32	1	400	109	0.9696969696969697	0.030303030303030304	0.0025	0.004618937644341801	0.0025
positive	100GB	90%	GFSeeker	1	0	400	109	1	0	0	NA	0
positive	100GB	90%	Genion	2	0	400	109	1	0	0	NA	0
positive	100GB	95%	FusionSeeker	48	6	400	109	0.8888888888888888	0.1111111111111111	0.015	0.026431718061674006	0.015
positive	10GB	85%	FusionSeeker	1	0	397	109	1	0	0	NA	0
positive	10GB	90%	FusionSeeker	1	0	400	109	1	0	0	NA	0
positive	10GB	95%	FusionSeeker	1	0	400	109	1	0	0	NA	0
negative	100GB	85%	CTAT-LR-Fusion	2	0	400	108	1	0	0	NA	0
negative	100GB	85%	FusionSeeker	10	0	400	108	1	0	0	NA	0
negative	100GB	85%	GFSeeker	1	0	400	108	1	0	0	NA	0
negative	100GB	85%	Genion	4	0	400	108	1	0	0	NA	0
negative	100GB	90%	CTAT-LR-Fusion	1	0	400	108	1	0	0	NA	0
negative	100GB	90%	FusionSeeker	13	0	400	108	1	0	0	NA	0
negative	100GB	90%	GFSeeker	1	0	400	108	1	0	0	NA	0
negative	100GB	90%	Genion	2	0	400	108	1	0	0	NA	0
negative	100GB	95%	FusionSeeker	16	0	400	108	1	0	0	NA	0
negative	10GB	85%	FusionSeeker	1	0	397	108	1	0	0	NA	0
negative	10GB	90%	FusionSeeker	1	0	400	108	1	0	0	NA	0
negative	10GB	95%	FusionSeeker	1	0	400	108	1	0	0	NA	0
positive	100GB	85%	CTAT-LR-Fusion	2	0	400	108	1	0	0	NA	0
positive	100GB	85%	FusionSeeker	13	0	400	108	1	0	0	NA	0
positive	100GB	85%	GFSeeker	1	0	400	108	1	0	0	NA	0
positive	100GB	85%	Genion	4	0	400	108	1	0	0	NA	0
positive	100GB	90%	CTAT-LR-Fusion	1	0	400	108	1	0	0	NA	0
positive	100GB	90%	FusionSeeker	32	1	400	108	0.9696969696969697	0.030303030303030304	0.0025	0.004618937644341801	0.0025
positive	100GB	90%	GFSeeker	1	0	400	108	1	0	0	NA	0
positive	100GB	90%	Genion	2	0	400	108	1	0	0	NA	0
positive	100GB	95%	FusionSeeker	49	6	400	108	0.8909090909090909	0.10909090909090909	0.015	0.026373626373626374	0.015
positive	10GB	85%	FusionSeeker	1	0	397	108	1	0	0	NA	0
positive	10GB	90%	FusionSeeker	1	0	400	108	1	0	0	NA	0
positive	10GB	95%	FusionSeeker	1	0	400	108	1	0	0	NA	0
negative	100GB	85%	CTAT-LR-Fusion	2	0	400	107	1	0	0	NA	0
negative	100GB	85%	FusionSeeker	10	0	400	107	1	0	0	NA	0
negative	100GB	85%	GFSeeker	1	0	400	107	1	0	0	NA	0
negative	100GB	85%	Genion	4	0	400	107	1	0	0	NA	0
negative	100GB	90%	CTAT-LR-Fusion	1	0	400	107	1	0	0	NA	0
negative	100GB	90%	FusionSeeker	13	0	400	107	1	0	0	NA	0
negative	100GB	90%	GFSeeker	1	0	400	107	1	0	0	NA	0
negative	100GB	90%	Genion	2	0	400	107	1	0	0	NA	0
negative	100GB	95%	FusionSeeker	16	0	400	107	1	0	0	NA	0
negative	10GB	85%	FusionSeeker	1	0	397	107	1	0	0	NA	0
negative	10GB	90%	FusionSeeker	1	0	400	107	1	0	0	NA	0
negative	10GB	95%	FusionSeeker	1	0	400	107	1	0	0	NA	0
positive	100GB	85%	CTAT-LR-Fusion	2	0	400	107	1	0	0	NA	0
positive	100GB	85%	FusionSeeker	14	0	400	107	1	0	0	NA	0
positive	100GB	85%	GFSeeker	1	0	400	107	1	0	0	NA	0
positive	100GB	85%	Genion	4	0	400	107	1	0	0	NA	0
positive	100GB	90%	CTAT-LR-Fusion	1	0	400	107	1	0	0	NA	0
positive	100GB	90%	FusionSeeker	32	1	400	107	0.9696969696969697	0.030303030303030304	0.0025	0.004618937644341801	0.0025
positive	100GB	90%	GFSeeker	1	0	400	107	1	0	0	NA	0
positive	100GB	90%	Genion	2	0	400	107	1	0	0	NA	0
positive	100GB	95%	FusionSeeker	50	6	400	107	0.8928571428571429	0.10714285714285714	0.015	0.02631578947368421	0.015
positive	10GB	85%	FusionSeeker	1	0	397	107	1	0	0	NA	0
positive	10GB	90%	FusionSeeker	1	0	400	107	1	0	0	NA	0
positive	10GB	95%	FusionSeeker	1	0	400	107	1	0	0	NA	0
negative	100GB	85%	CTAT-LR-Fusion	2	0	400	105	1	0	0	NA	0
negative	100GB	85%	FusionSeeker	10	0	400	105	1	0	0	NA	0
negative	100GB	85%	GFSeeker	1	0	400	105	1	0	0	NA	0
negative	100GB	85%	Genion	4	0	400	105	1	0	0	NA	0
negative	100GB	90%	CTAT-LR-Fusion	1	0	400	105	1	0	0	NA	0
negative	100GB	90%	FusionSeeker	13	0	400	105	1	0	0	NA	0
negative	100GB	90%	GFSeeker	1	0	400	105	1	0	0	NA	0
negative	100GB	90%	Genion	2	0	400	105	1	0	0	NA	0
negative	100GB	95%	FusionSeeker	16	0	400	105	1	0	0	NA	0
negative	10GB	85%	FusionSeeker	1	0	397	105	1	0	0	NA	0
negative	10GB	90%	FusionSeeker	1	0	400	105	1	0	0	NA	0
negative	10GB	95%	FusionSeeker	1	0	400	105	1	0	0	NA	0
positive	100GB	85%	CTAT-LR-Fusion	2	0	400	105	1	0	0	NA	0
positive	100GB	85%	FusionSeeker	14	0	400	105	1	0	0	NA	0
positive	100GB	85%	GFSeeker	1	0	400	105	1	0	0	NA	0
positive	100GB	85%	Genion	4	0	400	105	1	0	0	NA	0
positive	100GB	90%	CTAT-LR-Fusion	1	0	400	105	1	0	0	NA	0
positive	100GB	90%	FusionSeeker	32	2	400	105	0.9411764705882353	0.058823529411764705	0.005	0.009216589861751152	0.005
positive	100GB	90%	GFSeeker	1	0	400	105	1	0	0	NA	0
positive	100GB	90%	Genion	2	0	400	105	1	0	0	NA	0
positive	100GB	95%	FusionSeeker	50	6	400	105	0.8928571428571429	0.10714285714285714	0.015	0.02631578947368421	0.015
positive	10GB	85%	FusionSeeker	1	0	397	105	1	0	0	NA	0
positive	10GB	90%	FusionSeeker	1	0	400	105	1	0	0	NA	0
positive	10GB	95%	FusionSeeker	1	0	400	105	1	0	0	NA	0
negative	100GB	85%	CTAT-LR-Fusion	2	0	400	104	1	0	0	NA	0
negative	100GB	85%	FusionSeeker	10	0	400	104	1	0	0	NA	0
negative	100GB	85%	GFSeeker	1	0	400	104	1	0	0	NA	0
negative	100GB	85%	Genion	4	0	400	104	1	0	0	NA	0
negative	100GB	90%	CTAT-LR-Fusion	1	0	400	104	1	0	0	NA	0
negative	100GB	90%	FusionSeeker	13	0	400	104	1	0	0	NA	0
negative	100GB	90%	GFSeeker	1	0	400	104	1	0	0	NA	0
negative	100GB	90%	Genion	2	0	400	104	1	0	0	NA	0
negative	100GB	95%	FusionSeeker	16	0	400	104	1	0	0	NA	0
negative	10GB	85%	FusionSeeker	1	0	397	104	1	0	0	NA	0
negative	10GB	90%	FusionSeeker	1	0	400	104	1	0	0	NA	0
negative	10GB	95%	FusionSeeker	1	0	400	104	1	0	0	NA	0
positive	100GB	85%	CTAT-LR-Fusion	2	0	400	104	1	0	0	NA	0
positive	100GB	85%	FusionSeeker	14	0	400	104	1	0	0	NA	0
positive	100GB	85%	GFSeeker	1	0	400	104	1	0	0	NA	0
positive	100GB	85%	Genion	4	0	400	104	1	0	0	NA	0
positive	100GB	90%	CTAT-LR-Fusion	1	0	400	104	1	0	0	NA	0
positive	100GB	90%	FusionSeeker	32	3	400	104	0.9142857142857143	0.08571428571428572	0.0075	0.01379310344827586	0.0075
positive	100GB	90%	GFSeeker	1	0	400	104	1	0	0	NA	0
positive	100GB	90%	Genion	3	0	400	104	1	0	0	NA	0
positive	100GB	95%	FusionSeeker	51	6	400	104	0.8947368421052632	0.10526315789473684	0.015	0.026258205689277895	0.015
positive	10GB	85%	FusionSeeker	1	0	397	104	1	0	0	NA	0
positive	10GB	90%	FusionSeeker	1	0	400	104	1	0	0	NA	0
positive	10GB	95%	FusionSeeker	1	0	400	104	1	0	0	NA	0
negative	100GB	85%	CTAT-LR-Fusion	2	0	400	103	1	0	0	NA	0
negative	100GB	85%	FusionSeeker	10	0	400	103	1	0	0	NA	0
negative	100GB	85%	GFSeeker	1	0	400	103	1	0	0	NA	0
negative	100GB	85%	Genion	4	0	400	103	1	0	0	NA	0
negative	100GB	90%	CTAT-LR-Fusion	1	0	400	103	1	0	0	NA	0
negative	100GB	90%	FusionSeeker	13	0	400	103	1	0	0	NA	0
negative	100GB	90%	GFSeeker	1	0	400	103	1	0	0	NA	0
negative	100GB	90%	Genion	2	0	400	103	1	0	0	NA	0
negative	100GB	95%	FusionSeeker	16	0	400	103	1	0	0	NA	0
negative	10GB	85%	FusionSeeker	1	0	397	103	1	0	0	NA	0
negative	10GB	90%	FusionSeeker	1	0	400	103	1	0	0	NA	0
negative	10GB	95%	FusionSeeker	1	0	400	103	1	0	0	NA	0
positive	100GB	85%	CTAT-LR-Fusion	2	0	400	103	1	0	0	NA	0
positive	100GB	85%	FusionSeeker	15	0	400	103	1	0	0	NA	0
positive	100GB	85%	GFSeeker	1	0	400	103	1	0	0	NA	0
positive	100GB	85%	Genion	4	0	400	103	1	0	0	NA	0
positive	100GB	90%	CTAT-LR-Fusion	1	0	400	103	1	0	0	NA	0
positive	100GB	90%	FusionSeeker	32	3	400	103	0.9142857142857143	0.08571428571428572	0.0075	0.01379310344827586	0.0075
positive	100GB	90%	GFSeeker	1	0	400	103	1	0	0	NA	0
positive	100GB	90%	Genion	3	0	400	103	1	0	0	NA	0
positive	100GB	95%	FusionSeeker	52	7	400	103	0.8813559322033898	0.11864406779661017	0.0175	0.03050108932461874	0.0175
positive	10GB	85%	FusionSeeker	1	0	397	103	1	0	0	NA	0
positive	10GB	90%	FusionSeeker	1	0	400	103	1	0	0	NA	0
positive	10GB	95%	FusionSeeker	1	0	400	103	1	0	0	NA	0
negative	100GB	85%	CTAT-LR-Fusion	2	0	400	102	1	0	0	NA	0
negative	100GB	85%	FusionSeeker	10	0	400	102	1	0	0	NA	0
negative	100GB	85%	GFSeeker	1	0	400	102	1	0	0	NA	0
negative	100GB	85%	Genion	4	0	400	102	1	0	0	NA	0
negative	100GB	90%	CTAT-LR-Fusion	1	0	400	102	1	0	0	NA	0
negative	100GB	90%	FusionSeeker	13	0	400	102	1	0	0	NA	0
negative	100GB	90%	GFSeeker	1	0	400	102	1	0	0	NA	0
negative	100GB	90%	Genion	2	0	400	102	1	0	0	NA	0
negative	100GB	95%	FusionSeeker	16	0	400	102	1	0	0	NA	0
negative	10GB	85%	FusionSeeker	1	0	397	102	1	0	0	NA	0
negative	10GB	90%	FusionSeeker	1	0	400	102	1	0	0	NA	0
negative	10GB	95%	FusionSeeker	1	0	400	102	1	0	0	NA	0
positive	100GB	85%	CTAT-LR-Fusion	2	0	400	102	1	0	0	NA	0
positive	100GB	85%	FusionSeeker	16	0	400	102	1	0	0	NA	0
positive	100GB	85%	GFSeeker	1	0	400	102	1	0	0	NA	0
positive	100GB	85%	Genion	4	0	400	102	1	0	0	NA	0
positive	100GB	90%	CTAT-LR-Fusion	1	0	400	102	1	0	0	NA	0
positive	100GB	90%	FusionSeeker	34	3	400	102	0.918918918918919	0.08108108108108109	0.0075	0.013729977116704803	0.0075
positive	100GB	90%	GFSeeker	1	0	400	102	1	0	0	NA	0
positive	100GB	90%	Genion	3	0	400	102	1	0	0	NA	0
positive	100GB	95%	FusionSeeker	52	7	400	102	0.8813559322033898	0.11864406779661017	0.0175	0.03050108932461874	0.0175
positive	10GB	85%	FusionSeeker	1	0	397	102	1	0	0	NA	0
positive	10GB	90%	FusionSeeker	1	0	400	102	1	0	0	NA	0
positive	10GB	95%	FusionSeeker	1	0	400	102	1	0	0	NA	0
negative	100GB	85%	CTAT-LR-Fusion	2	0	400	101	1	0	0	NA	0
negative	100GB	85%	FusionSeeker	10	0	400	101	1	0	0	NA	0
negative	100GB	85%	GFSeeker	1	0	400	101	1	0	0	NA	0
negative	100GB	85%	Genion	4	0	400	101	1	0	0	NA	0
negative	100GB	90%	CTAT-LR-Fusion	1	0	400	101	1	0	0	NA	0
negative	100GB	90%	FusionSeeker	14	0	400	101	1	0	0	NA	0
negative	100GB	90%	GFSeeker	1	0	400	101	1	0	0	NA	0
negative	100GB	90%	Genion	2	0	400	101	1	0	0	NA	0
negative	100GB	95%	FusionSeeker	16	0	400	101	1	0	0	NA	0
negative	10GB	85%	FusionSeeker	1	0	397	101	1	0	0	NA	0
negative	10GB	90%	FusionSeeker	1	0	400	101	1	0	0	NA	0
negative	10GB	95%	FusionSeeker	1	0	400	101	1	0	0	NA	0
positive	100GB	85%	CTAT-LR-Fusion	2	0	400	101	1	0	0	NA	0
positive	100GB	85%	FusionSeeker	16	1	400	101	0.9411764705882353	0.058823529411764705	0.0025	0.004796163069544365	0.0025
positive	100GB	85%	GFSeeker	1	0	400	101	1	0	0	NA	0
positive	100GB	85%	Genion	4	0	400	101	1	0	0	NA	0
positive	100GB	90%	CTAT-LR-Fusion	1	0	400	101	1	0	0	NA	0
positive	100GB	90%	FusionSeeker	36	4	400	101	0.9	0.1	0.01	0.01818181818181818	0.01
positive	100GB	90%	GFSeeker	1	0	400	101	1	0	0	NA	0
positive	100GB	90%	Genion	3	0	400	101	1	0	0	NA	0
positive	100GB	95%	FusionSeeker	52	7	400	101	0.8813559322033898	0.11864406779661017	0.0175	0.03050108932461874	0.0175
positive	10GB	85%	FusionSeeker	1	0	397	101	1	0	0	NA	0
positive	10GB	90%	FusionSeeker	1	0	400	101	1	0	0	NA	0
positive	10GB	95%	FusionSeeker	1	0	400	101	1	0	0	NA	0
negative	100GB	85%	CTAT-LR-Fusion	2	0	400	100	1	0	0	NA	0
negative	100GB	85%	FusionSeeker	10	0	400	100	1	0	0	NA	0
negative	100GB	85%	GFSeeker	1	0	400	100	1	0	0	NA	0
negative	100GB	85%	Genion	4	0	400	100	1	0	0	NA	0
negative	100GB	90%	CTAT-LR-Fusion	1	0	400	100	1	0	0	NA	0
negative	100GB	90%	FusionSeeker	15	0	400	100	1	0	0	NA	0
negative	100GB	90%	GFSeeker	1	0	400	100	1	0	0	NA	0
negative	100GB	90%	Genion	2	0	400	100	1	0	0	NA	0
negative	100GB	95%	FusionSeeker	16	0	400	100	1	0	0	NA	0
negative	10GB	85%	FusionSeeker	1	0	397	100	1	0	0	NA	0
negative	10GB	90%	FusionSeeker	1	0	400	100	1	0	0	NA	0
negative	10GB	95%	FusionSeeker	1	0	400	100	1	0	0	NA	0
positive	100GB	85%	CTAT-LR-Fusion	2	0	400	100	1	0	0	NA	0
positive	100GB	85%	FusionSeeker	17	2	400	100	0.8947368421052632	0.10526315789473684	0.005	0.00954653937947494	0.005
positive	100GB	85%	GFSeeker	1	0	400	100	1	0	0	NA	0
positive	100GB	85%	Genion	4	0	400	100	1	0	0	NA	0
positive	100GB	90%	CTAT-LR-Fusion	1	0	400	100	1	0	0	NA	0
positive	100GB	90%	FusionSeeker	36	4	400	100	0.9	0.1	0.01	0.01818181818181818	0.01
positive	100GB	90%	GFSeeker	1	0	400	100	1	0	0	NA	0
positive	100GB	90%	Genion	3	0	400	100	1	0	0	NA	0
positive	100GB	95%	FusionSeeker	52	7	400	100	0.8813559322033898	0.11864406779661017	0.0175	0.03050108932461874	0.0175
positive	10GB	85%	FusionSeeker	1	0	397	100	1	0	0	NA	0
positive	10GB	90%	FusionSeeker	1	0	400	100	1	0	0	NA	0
positive	10GB	95%	FusionSeeker	1	0	400	100	1	0	0	NA	0
negative	100GB	85%	CTAT-LR-Fusion	2	0	400	99	1	0	0	NA	0
negative	100GB	85%	FusionSeeker	10	0	400	99	1	0	0	NA	0
negative	100GB	85%	GFSeeker	1	0	400	99	1	0	0	NA	0
negative	100GB	85%	Genion	4	0	400	99	1	0	0	NA	0
negative	100GB	90%	CTAT-LR-Fusion	1	0	400	99	1	0	0	NA	0
negative	100GB	90%	FusionSeeker	15	0	400	99	1	0	0	NA	0
negative	100GB	90%	GFSeeker	1	0	400	99	1	0	0	NA	0
negative	100GB	90%	Genion	2	0	400	99	1	0	0	NA	0
negative	100GB	95%	FusionSeeker	16	0	400	99	1	0	0	NA	0
negative	10GB	85%	FusionSeeker	1	0	397	99	1	0	0	NA	0
negative	10GB	90%	FusionSeeker	1	0	400	99	1	0	0	NA	0
negative	10GB	95%	FusionSeeker	1	0	400	99	1	0	0	NA	0
positive	100GB	85%	CTAT-LR-Fusion	2	0	400	99	1	0	0	NA	0
positive	100GB	85%	FusionSeeker	17	2	400	99	0.8947368421052632	0.10526315789473684	0.005	0.00954653937947494	0.005
positive	100GB	85%	GFSeeker	1	0	400	99	1	0	0	NA	0
positive	100GB	85%	Genion	4	0	400	99	1	0	0	NA	0
positive	100GB	90%	CTAT-LR-Fusion	1	0	400	99	1	0	0	NA	0
positive	100GB	90%	FusionSeeker	37	4	400	99	0.9024390243902439	0.0975609756097561	0.01	0.018140589569161	0.01
positive	100GB	90%	GFSeeker	1	0	400	99	1	0	0	NA	0
positive	100GB	90%	Genion	3	0	400	99	1	0	0	NA	0
positive	100GB	95%	FusionSeeker	53	8	400	99	0.8688524590163934	0.13114754098360656	0.02	0.03470715835140998	0.02
positive	10GB	85%	FusionSeeker	1	0	397	99	1	0	0	NA	0
positive	10GB	90%	FusionSeeker	1	0	400	99	1	0	0	NA	0
positive	10GB	95%	FusionSeeker	1	0	400	99	1	0	0	NA	0
negative	100GB	85%	CTAT-LR-Fusion	2	0	400	98	1	0	0	NA	0
negative	100GB	85%	FusionSeeker	10	0	400	98	1	0	0	NA	0
negative	100GB	85%	GFSeeker	1	0	400	98	1	0	0	NA	0
negative	100GB	85%	Genion	4	0	400	98	1	0	0	NA	0
negative	100GB	90%	CTAT-LR-Fusion	1	0	400	98	1	0	0	NA	0
negative	100GB	90%	FusionSeeker	15	0	400	98	1	0	0	NA	0
negative	100GB	90%	GFSeeker	1	0	400	98	1	0	0	NA	0
negative	100GB	90%	Genion	2	0	400	98	1	0	0	NA	0
negative	100GB	95%	FusionSeeker	17	0	400	98	1	0	0	NA	0
negative	10GB	85%	FusionSeeker	1	0	397	98	1	0	0	NA	0
negative	10GB	90%	FusionSeeker	1	0	400	98	1	0	0	NA	0
negative	10GB	95%	FusionSeeker	1	0	400	98	1	0	0	NA	0
positive	100GB	85%	CTAT-LR-Fusion	2	0	400	98	1	0	0	NA	0
positive	100GB	85%	FusionSeeker	17	2	400	98	0.8947368421052632	0.10526315789473684	0.005	0.00954653937947494	0.005
positive	100GB	85%	GFSeeker	1	0	400	98	1	0	0	NA	0
positive	100GB	85%	Genion	4	0	400	98	1	0	0	NA	0
positive	100GB	90%	CTAT-LR-Fusion	1	0	400	98	1	0	0	NA	0
positive	100GB	90%	FusionSeeker	38	4	400	98	0.9047619047619048	0.09523809523809523	0.01	0.01809954751131222	0.01
positive	100GB	90%	GFSeeker	1	0	400	98	1	0	0	NA	0
positive	100GB	90%	Genion	3	0	400	98	1	0	0	NA	0
positive	100GB	95%	FusionSeeker	55	8	400	98	0.873015873015873	0.12698412698412698	0.02	0.03455723542116631	0.02
positive	10GB	85%	FusionSeeker	1	0	397	98	1	0	0	NA	0
positive	10GB	90%	FusionSeeker	1	0	400	98	1	0	0	NA	0
positive	10GB	95%	FusionSeeker	1	0	400	98	1	0	0	NA	0
negative	100GB	85%	CTAT-LR-Fusion	2	0	400	97	1	0	0	NA	0
negative	100GB	85%	FusionSeeker	10	0	400	97	1	0	0	NA	0
negative	100GB	85%	GFSeeker	1	0	400	97	1	0	0	NA	0
negative	100GB	85%	Genion	4	0	400	97	1	0	0	NA	0
negative	100GB	90%	CTAT-LR-Fusion	1	0	400	97	1	0	0	NA	0
negative	100GB	90%	FusionSeeker	15	0	400	97	1	0	0	NA	0
negative	100GB	90%	GFSeeker	1	0	400	97	1	0	0	NA	0
negative	100GB	90%	Genion	2	0	400	97	1	0	0	NA	0
negative	100GB	95%	FusionSeeker	17	0	400	97	1	0	0	NA	0
negative	10GB	85%	FusionSeeker	1	0	397	97	1	0	0	NA	0
negative	10GB	90%	FusionSeeker	1	0	400	97	1	0	0	NA	0
negative	10GB	95%	FusionSeeker	1	0	400	97	1	0	0	NA	0
positive	100GB	85%	CTAT-LR-Fusion	2	0	400	97	1	0	0	NA	0
positive	100GB	85%	FusionSeeker	17	2	400	97	0.8947368421052632	0.10526315789473684	0.005	0.00954653937947494	0.005
positive	100GB	85%	GFSeeker	1	0	400	97	1	0	0	NA	0
positive	100GB	85%	Genion	4	0	400	97	1	0	0	NA	0
positive	100GB	90%	CTAT-LR-Fusion	1	0	400	97	1	0	0	NA	0
positive	100GB	90%	FusionSeeker	38	4	400	97	0.9047619047619048	0.09523809523809523	0.01	0.01809954751131222	0.01
positive	100GB	90%	GFSeeker	1	0	400	97	1	0	0	NA	0
positive	100GB	90%	Genion	3	0	400	97	1	0	0	NA	0
positive	100GB	95%	FusionSeeker	56	8	400	97	0.875	0.125	0.02	0.03448275862068966	0.02
positive	10GB	85%	FusionSeeker	1	0	397	97	1	0	0	NA	0
positive	10GB	90%	FusionSeeker	1	0	400	97	1	0	0	NA	0
positive	10GB	95%	FusionSeeker	1	0	400	97	1	0	0	NA	0
negative	100GB	85%	CTAT-LR-Fusion	2	0	400	96	1	0	0	NA	0
negative	100GB	85%	FusionSeeker	11	0	400	96	1	0	0	NA	0
negative	100GB	85%	GFSeeker	1	0	400	96	1	0	0	NA	0
negative	100GB	85%	Genion	4	0	400	96	1	0	0	NA	0
negative	100GB	90%	CTAT-LR-Fusion	1	0	400	96	1	0	0	NA	0
negative	100GB	90%	FusionSeeker	15	0	400	96	1	0	0	NA	0
negative	100GB	90%	GFSeeker	1	0	400	96	1	0	0	NA	0
negative	100GB	90%	Genion	2	0	400	96	1	0	0	NA	0
negative	100GB	95%	FusionSeeker	17	0	400	96	1	0	0	NA	0
negative	10GB	85%	FusionSeeker	1	0	397	96	1	0	0	NA	0
negative	10GB	90%	FusionSeeker	1	0	400	96	1	0	0	NA	0
negative	10GB	95%	FusionSeeker	1	0	400	96	1	0	0	NA	0
positive	100GB	85%	CTAT-LR-Fusion	2	0	400	96	1	0	0	NA	0
positive	100GB	85%	FusionSeeker	17	2	400	96	0.8947368421052632	0.10526315789473684	0.005	0.00954653937947494	0.005
positive	100GB	85%	GFSeeker	1	0	400	96	1	0	0	NA	0
positive	100GB	85%	Genion	4	0	400	96	1	0	0	NA	0
positive	100GB	90%	CTAT-LR-Fusion	1	0	400	96	1	0	0	NA	0
positive	100GB	90%	FusionSeeker	39	4	400	96	0.9069767441860465	0.09302325581395349	0.01	0.018058690744920995	0.01
positive	100GB	90%	GFSeeker	1	0	400	96	1	0	0	NA	0
positive	100GB	90%	Genion	3	0	400	96	1	0	0	NA	0
positive	100GB	95%	FusionSeeker	56	8	400	96	0.875	0.125	0.02	0.03448275862068966	0.02
positive	10GB	85%	FusionSeeker	1	0	397	96	1	0	0	NA	0
positive	10GB	90%	FusionSeeker	1	0	400	96	1	0	0	NA	0
positive	10GB	95%	FusionSeeker	1	0	400	96	1	0	0	NA	0
negative	100GB	85%	CTAT-LR-Fusion	2	0	400	95	1	0	0	NA	0
negative	100GB	85%	FusionSeeker	11	0	400	95	1	0	0	NA	0
negative	100GB	85%	GFSeeker	1	0	400	95	1	0	0	NA	0
negative	100GB	85%	Genion	4	0	400	95	1	0	0	NA	0
negative	100GB	90%	CTAT-LR-Fusion	1	0	400	95	1	0	0	NA	0
negative	100GB	90%	FusionSeeker	15	0	400	95	1	0	0	NA	0
negative	100GB	90%	GFSeeker	1	0	400	95	1	0	0	NA	0
negative	100GB	90%	Genion	2	0	400	95	1	0	0	NA	0
negative	100GB	95%	FusionSeeker	17	0	400	95	1	0	0	NA	0
negative	100GB	95%	GFSeeker	1	0	400	95	1	0	0	NA	0
negative	10GB	85%	FusionSeeker	1	0	397	95	1	0	0	NA	0
negative	10GB	90%	FusionSeeker	1	0	400	95	1	0	0	NA	0
negative	10GB	95%	FusionSeeker	1	0	400	95	1	0	0	NA	0
positive	100GB	85%	CTAT-LR-Fusion	2	0	400	95	1	0	0	NA	0
positive	100GB	85%	FusionSeeker	17	2	400	95	0.8947368421052632	0.10526315789473684	0.005	0.00954653937947494	0.005
positive	100GB	85%	GFSeeker	1	0	400	95	1	0	0	NA	0
positive	100GB	85%	Genion	4	0	400	95	1	0	0	NA	0
positive	100GB	90%	CTAT-LR-Fusion	1	0	400	95	1	0	0	NA	0
positive	100GB	90%	FusionSeeker	41	4	400	95	0.9111111111111111	0.08888888888888889	0.01	0.017977528089887642	0.01
positive	100GB	90%	GFSeeker	1	0	400	95	1	0	0	NA	0
positive	100GB	90%	Genion	3	0	400	95	1	0	0	NA	0
positive	100GB	95%	FusionSeeker	57	8	400	95	0.8769230769230769	0.12307692307692308	0.02	0.034408602150537634	0.02
positive	10GB	85%	FusionSeeker	1	0	397	95	1	0	0	NA	0
positive	10GB	90%	FusionSeeker	1	0	400	95	1	0	0	NA	0
positive	10GB	95%	FusionSeeker	1	0	400	95	1	0	0	NA	0
negative	100GB	85%	CTAT-LR-Fusion	2	0	400	93	1	0	0	NA	0
negative	100GB	85%	FusionSeeker	11	0	400	93	1	0	0	NA	0
negative	100GB	85%	GFSeeker	1	0	400	93	1	0	0	NA	0
negative	100GB	85%	Genion	4	0	400	93	1	0	0	NA	0
negative	100GB	90%	CTAT-LR-Fusion	1	0	400	93	1	0	0	NA	0
negative	100GB	90%	FusionSeeker	15	0	400	93	1	0	0	NA	0
negative	100GB	90%	GFSeeker	1	0	400	93	1	0	0	NA	0
negative	100GB	90%	Genion	2	0	400	93	1	0	0	NA	0
negative	100GB	95%	FusionSeeker	17	0	400	93	1	0	0	NA	0
negative	100GB	95%	GFSeeker	1	0	400	93	1	0	0	NA	0
negative	10GB	85%	FusionSeeker	1	0	397	93	1	0	0	NA	0
negative	10GB	90%	FusionSeeker	1	0	400	93	1	0	0	NA	0
negative	10GB	95%	FusionSeeker	1	0	400	93	1	0	0	NA	0
positive	100GB	85%	CTAT-LR-Fusion	2	0	400	93	1	0	0	NA	0
positive	100GB	85%	FusionSeeker	17	2	400	93	0.8947368421052632	0.10526315789473684	0.005	0.00954653937947494	0.005
positive	100GB	85%	GFSeeker	1	0	400	93	1	0	0	NA	0
positive	100GB	85%	Genion	4	0	400	93	1	0	0	NA	0
positive	100GB	90%	CTAT-LR-Fusion	1	0	400	93	1	0	0	NA	0
positive	100GB	90%	FusionSeeker	41	4	400	93	0.9111111111111111	0.08888888888888889	0.01	0.017977528089887642	0.01
positive	100GB	90%	GFSeeker	1	0	400	93	1	0	0	NA	0
positive	100GB	90%	Genion	3	0	400	93	1	0	0	NA	0
positive	100GB	95%	FusionSeeker	58	8	400	93	0.8787878787878788	0.12121212121212122	0.02	0.034334763948497854	0.02
positive	10GB	85%	FusionSeeker	1	0	397	93	1	0	0	NA	0
positive	10GB	90%	FusionSeeker	1	0	400	93	1	0	0	NA	0
positive	10GB	95%	FusionSeeker	1	0	400	93	1	0	0	NA	0
negative	100GB	85%	CTAT-LR-Fusion	2	0	400	92	1	0	0	NA	0
negative	100GB	85%	FusionSeeker	12	0	400	92	1	0	0	NA	0
negative	100GB	85%	GFSeeker	1	0	400	92	1	0	0	NA	0
negative	100GB	85%	Genion	4	0	400	92	1	0	0	NA	0
negative	100GB	90%	CTAT-LR-Fusion	1	0	400	92	1	0	0	NA	0
negative	100GB	90%	FusionSeeker	15	0	400	92	1	0	0	NA	0
negative	100GB	90%	GFSeeker	1	0	400	92	1	0	0	NA	0
negative	100GB	90%	Genion	2	0	400	92	1	0	0	NA	0
negative	100GB	95%	FusionSeeker	17	0	400	92	1	0	0	NA	0
negative	100GB	95%	GFSeeker	1	0	400	92	1	0	0	NA	0
negative	100GB	95%	Genion	1	0	400	92	1	0	0	NA	0
negative	10GB	85%	FusionSeeker	1	0	397	92	1	0	0	NA	0
negative	10GB	90%	FusionSeeker	1	0	400	92	1	0	0	NA	0
negative	10GB	95%	FusionSeeker	1	0	400	92	1	0	0	NA	0
positive	100GB	85%	CTAT-LR-Fusion	3	0	400	92	1	0	0	NA	0
positive	100GB	85%	FusionSeeker	17	2	400	92	0.8947368421052632	0.10526315789473684	0.005	0.00954653937947494	0.005
positive	100GB	85%	GFSeeker	1	0	400	92	1	0	0	NA	0
positive	100GB	85%	Genion	4	0	400	92	1	0	0	NA	0
positive	100GB	90%	CTAT-LR-Fusion	1	0	400	92	1	0	0	NA	0
positive	100GB	90%	FusionSeeker	42	4	400	92	0.9130434782608695	0.08695652173913043	0.01	0.017937219730941707	0.01
positive	100GB	90%	GFSeeker	1	0	400	92	1	0	0	NA	0
positive	100GB	90%	Genion	3	0	400	92	1	0	0	NA	0
positive	100GB	95%	FusionSeeker	59	8	400	92	0.8805970149253731	0.11940298507462686	0.02	0.034261241970021415	0.02
positive	10GB	85%	FusionSeeker	1	0	397	92	1	0	0	NA	0
positive	10GB	90%	FusionSeeker	1	0	400	92	1	0	0	NA	0
positive	10GB	95%	FusionSeeker	1	0	400	92	1	0	0	NA	0
negative	100GB	85%	CTAT-LR-Fusion	2	0	400	91	1	0	0	NA	0
negative	100GB	85%	FusionSeeker	12	0	400	91	1	0	0	NA	0
negative	100GB	85%	GFSeeker	1	0	400	91	1	0	0	NA	0
negative	100GB	85%	Genion	4	0	400	91	1	0	0	NA	0
negative	100GB	90%	CTAT-LR-Fusion	1	0	400	91	1	0	0	NA	0
negative	100GB	90%	FusionSeeker	15	0	400	91	1	0	0	NA	0
negative	100GB	90%	GFSeeker	1	0	400	91	1	0	0	NA	0
negative	100GB	90%	Genion	2	0	400	91	1	0	0	NA	0
negative	100GB	95%	FusionSeeker	17	0	400	91	1	0	0	NA	0
negative	100GB	95%	GFSeeker	1	0	400	91	1	0	0	NA	0
negative	100GB	95%	Genion	1	0	400	91	1	0	0	NA	0
negative	10GB	85%	FusionSeeker	1	0	397	91	1	0	0	NA	0
negative	10GB	90%	FusionSeeker	1	0	400	91	1	0	0	NA	0
negative	10GB	95%	FusionSeeker	1	0	400	91	1	0	0	NA	0
positive	100GB	85%	CTAT-LR-Fusion	3	0	400	91	1	0	0	NA	0
positive	100GB	85%	FusionSeeker	20	2	400	91	0.9090909090909091	0.09090909090909091	0.005	0.00947867298578199	0.005
positive	100GB	85%	GFSeeker	1	0	400	91	1	0	0	NA	0
positive	100GB	85%	Genion	4	0	400	91	1	0	0	NA	0
positive	100GB	90%	CTAT-LR-Fusion	1	0	400	91	1	0	0	NA	0
positive	100GB	90%	FusionSeeker	44	5	400	91	0.8979591836734694	0.10204081632653061	0.0125	0.022271714922049	0.0125
positive	100GB	90%	GFSeeker	1	0	400	91	1	0	0	NA	0
positive	100GB	90%	Genion	3	0	400	91	1	0	0	NA	0
positive	100GB	95%	FusionSeeker	59	9	400	91	0.8676470588235294	0.1323529411764706	0.0225	0.038461538461538464	0.0225
positive	10GB	85%	FusionSeeker	1	0	397	91	1	0	0	NA	0
positive	10GB	90%	FusionSeeker	1	0	400	91	1	0	0	NA	0
positive	10GB	95%	FusionSeeker	1	0	400	91	1	0	0	NA	0
negative	100GB	85%	CTAT-LR-Fusion	2	0	400	90	1	0	0	NA	0
negative	100GB	85%	FusionSeeker	12	0	400	90	1	0	0	NA	0
negative	100GB	85%	GFSeeker	1	0	400	90	1	0	0	NA	0
negative	100GB	85%	Genion	4	0	400	90	1	0	0	NA	0
negative	100GB	90%	CTAT-LR-Fusion	1	0	400	90	1	0	0	NA	0
negative	100GB	90%	FusionSeeker	16	0	400	90	1	0	0	NA	0
negative	100GB	90%	GFSeeker	1	0	400	90	1	0	0	NA	0
negative	100GB	90%	Genion	2	0	400	90	1	0	0	NA	0
negative	100GB	95%	FusionSeeker	17	0	400	90	1	0	0	NA	0
negative	100GB	95%	GFSeeker	1	0	400	90	1	0	0	NA	0
negative	100GB	95%	Genion	1	0	400	90	1	0	0	NA	0
negative	10GB	85%	FusionSeeker	1	0	397	90	1	0	0	NA	0
negative	10GB	90%	FusionSeeker	1	0	400	90	1	0	0	NA	0
negative	10GB	95%	FusionSeeker	1	0	400	90	1	0	0	NA	0
positive	100GB	85%	CTAT-LR-Fusion	3	0	400	90	1	0	0	NA	0
positive	100GB	85%	FusionSeeker	20	3	400	90	0.8695652173913043	0.13043478260869565	0.0075	0.014184397163120565	0.0075
positive	100GB	85%	GFSeeker	1	0	400	90	1	0	0	NA	0
positive	100GB	85%	Genion	4	0	400	90	1	0	0	NA	0
positive	100GB	90%	CTAT-LR-Fusion	1	0	400	90	1	0	0	NA	0
positive	100GB	90%	FusionSeeker	45	5	400	90	0.9	0.1	0.0125	0.022222222222222227	0.0125
positive	100GB	90%	GFSeeker	1	0	400	90	1	0	0	NA	0
positive	100GB	90%	Genion	3	0	400	90	1	0	0	NA	0
positive	100GB	95%	FusionSeeker	59	9	400	90	0.8676470588235294	0.1323529411764706	0.0225	0.038461538461538464	0.0225
positive	10GB	85%	FusionSeeker	1	0	397	90	1	0	0	NA	0
positive	10GB	90%	FusionSeeker	1	0	400	90	1	0	0	NA	0
positive	10GB	95%	FusionSeeker	1	0	400	90	1	0	0	NA	0
negative	100GB	85%	CTAT-LR-Fusion	2	0	400	89	1	0	0	NA	0
negative	100GB	85%	FusionSeeker	12	0	400	89	1	0	0	NA	0
negative	100GB	85%	GFSeeker	1	0	400	89	1	0	0	NA	0
negative	100GB	85%	Genion	4	0	400	89	1	0	0	NA	0
negative	100GB	90%	CTAT-LR-Fusion	1	0	400	89	1	0	0	NA	0
negative	100GB	90%	FusionSeeker	16	0	400	89	1	0	0	NA	0
negative	100GB	90%	GFSeeker	1	0	400	89	1	0	0	NA	0
negative	100GB	90%	Genion	2	0	400	89	1	0	0	NA	0
negative	100GB	95%	FusionSeeker	17	0	400	89	1	0	0	NA	0
negative	100GB	95%	GFSeeker	1	0	400	89	1	0	0	NA	0
negative	100GB	95%	Genion	1	0	400	89	1	0	0	NA	0
negative	10GB	85%	FusionSeeker	1	0	397	89	1	0	0	NA	0
negative	10GB	90%	FusionSeeker	1	0	400	89	1	0	0	NA	0
negative	10GB	95%	FusionSeeker	1	0	400	89	1	0	0	NA	0
positive	100GB	85%	CTAT-LR-Fusion	3	0	400	89	1	0	0	NA	0
positive	100GB	85%	FusionSeeker	21	3	400	89	0.875	0.125	0.0075	0.014150943396226414	0.0075
positive	100GB	85%	GFSeeker	1	0	400	89	1	0	0	NA	0
positive	100GB	85%	Genion	4	0	400	89	1	0	0	NA	0
positive	100GB	90%	CTAT-LR-Fusion	1	0	400	89	1	0	0	NA	0
positive	100GB	90%	FusionSeeker	46	5	400	89	0.9019607843137255	0.09803921568627451	0.0125	0.022172949002217297	0.0125
positive	100GB	90%	GFSeeker	1	0	400	89	1	0	0	NA	0
positive	100GB	90%	Genion	3	0	400	89	1	0	0	NA	0
positive	100GB	95%	FusionSeeker	61	9	400	89	0.8714285714285714	0.12857142857142856	0.0225	0.03829787234042553	0.0225
positive	10GB	85%	FusionSeeker	1	0	397	89	1	0	0	NA	0
positive	10GB	90%	FusionSeeker	1	0	400	89	1	0	0	NA	0
positive	10GB	95%	FusionSeeker	1	0	400	89	1	0	0	NA	0
negative	100GB	85%	CTAT-LR-Fusion	2	0	400	88	1	0	0	NA	0
negative	100GB	85%	FusionSeeker	12	0	400	88	1	0	0	NA	0
negative	100GB	85%	GFSeeker	1	0	400	88	1	0	0	NA	0
negative	100GB	85%	Genion	4	0	400	88	1	0	0	NA	0
negative	100GB	90%	CTAT-LR-Fusion	1	0	400	88	1	0	0	NA	0
negative	100GB	90%	FusionSeeker	17	0	400	88	1	0	0	NA	0
negative	100GB	90%	GFSeeker	1	0	400	88	1	0	0	NA	0
negative	100GB	90%	Genion	2	0	400	88	1	0	0	NA	0
negative	100GB	95%	FusionSeeker	17	0	400	88	1	0	0	NA	0
negative	100GB	95%	GFSeeker	1	0	400	88	1	0	0	NA	0
negative	100GB	95%	Genion	1	0	400	88	1	0	0	NA	0
negative	10GB	85%	FusionSeeker	1	0	397	88	1	0	0	NA	0
negative	10GB	90%	FusionSeeker	1	0	400	88	1	0	0	NA	0
negative	10GB	95%	FusionSeeker	1	0	400	88	1	0	0	NA	0
positive	100GB	85%	CTAT-LR-Fusion	3	0	400	88	1	0	0	NA	0
positive	100GB	85%	FusionSeeker	21	3	400	88	0.875	0.125	0.0075	0.014150943396226414	0.0075
positive	100GB	85%	GFSeeker	1	0	400	88	1	0	0	NA	0
positive	100GB	85%	Genion	4	0	400	88	1	0	0	NA	0
positive	100GB	90%	CTAT-LR-Fusion	1	0	400	88	1	0	0	NA	0
positive	100GB	90%	FusionSeeker	46	5	400	88	0.9019607843137255	0.09803921568627451	0.0125	0.022172949002217297	0.0125
positive	100GB	90%	GFSeeker	1	0	400	88	1	0	0	NA	0
positive	100GB	90%	Genion	3	0	400	88	1	0	0	NA	0
positive	100GB	95%	FusionSeeker	61	10	400	88	0.8591549295774648	0.14084507042253522	0.025	0.042462845010615716	0.025
positive	100GB	95%	Genion	1	0	400	88	1	0	0	NA	0
positive	10GB	85%	FusionSeeker	1	0	397	88	1	0	0	NA	0
positive	10GB	90%	FusionSeeker	1	0	400	88	1	0	0	NA	0
positive	10GB	95%	FusionSeeker	1	0	400	88	1	0	0	NA	0
negative	100GB	85%	CTAT-LR-Fusion	2	0	400	87	1	0	0	NA	0
negative	100GB	85%	FusionSeeker	12	0	400	87	1	0	0	NA	0
negative	100GB	85%	GFSeeker	1	0	400	87	1	0	0	NA	0
negative	100GB	85%	Genion	4	0	400	87	1	0	0	NA	0
negative	100GB	90%	CTAT-LR-Fusion	1	0	400	87	1	0	0	NA	0
negative	100GB	90%	FusionSeeker	17	0	400	87	1	0	0	NA	0
negative	100GB	90%	GFSeeker	1	0	400	87	1	0	0	NA	0
negative	100GB	90%	Genion	2	0	400	87	1	0	0	NA	0
negative	100GB	95%	FusionSeeker	17	0	400	87	1	0	0	NA	0
negative	100GB	95%	GFSeeker	1	0	400	87	1	0	0	NA	0
negative	100GB	95%	Genion	1	0	400	87	1	0	0	NA	0
negative	10GB	85%	FusionSeeker	1	0	397	87	1	0	0	NA	0
negative	10GB	90%	FusionSeeker	1	0	400	87	1	0	0	NA	0
negative	10GB	95%	FusionSeeker	1	0	400	87	1	0	0	NA	0
positive	100GB	85%	CTAT-LR-Fusion	3	0	400	87	1	0	0	NA	0
positive	100GB	85%	FusionSeeker	21	3	400	87	0.875	0.125	0.0075	0.014150943396226414	0.0075
positive	100GB	85%	GFSeeker	1	0	400	87	1	0	0	NA	0
positive	100GB	85%	Genion	4	0	400	87	1	0	0	NA	0
positive	100GB	90%	CTAT-LR-Fusion	1	0	400	87	1	0	0	NA	0
positive	100GB	90%	FusionSeeker	46	5	400	87	0.9019607843137255	0.09803921568627451	0.0125	0.022172949002217297	0.0125
positive	100GB	90%	GFSeeker	1	0	400	87	1	0	0	NA	0
positive	100GB	90%	Genion	3	0	400	87	1	0	0	NA	0
positive	100GB	95%	FusionSeeker	62	10	400	87	0.8611111111111112	0.1388888888888889	0.025	0.04237288135593221	0.025
positive	100GB	95%	Genion	1	0	400	87	1	0	0	NA	0
positive	10GB	85%	FusionSeeker	1	0	397	87	1	0	0	NA	0
positive	10GB	90%	FusionSeeker	1	0	400	87	1	0	0	NA	0
positive	10GB	95%	FusionSeeker	1	0	400	87	1	0	0	NA	0
negative	100GB	85%	CTAT-LR-Fusion	2	0	400	86	1	0	0	NA	0
negative	100GB	85%	FusionSeeker	12	0	400	86	1	0	0	NA	0
negative	100GB	85%	GFSeeker	1	0	400	86	1	0	0	NA	0
negative	100GB	85%	Genion	4	0	400	86	1	0	0	NA	0
negative	100GB	90%	CTAT-LR-Fusion	1	0	400	86	1	0	0	NA	0
negative	100GB	90%	FusionSeeker	17	0	400	86	1	0	0	NA	0
negative	100GB	90%	GFSeeker	1	0	400	86	1	0	0	NA	0
negative	100GB	90%	Genion	3	0	400	86	1	0	0	NA	0
negative	100GB	95%	FusionSeeker	17	0	400	86	1	0	0	NA	0
negative	100GB	95%	GFSeeker	1	0	400	86	1	0	0	NA	0
negative	100GB	95%	Genion	1	0	400	86	1	0	0	NA	0
negative	10GB	85%	FusionSeeker	1	0	397	86	1	0	0	NA	0
negative	10GB	90%	FusionSeeker	1	0	400	86	1	0	0	NA	0
negative	10GB	95%	FusionSeeker	1	0	400	86	1	0	0	NA	0
positive	100GB	85%	CTAT-LR-Fusion	3	0	400	86	1	0	0	NA	0
positive	100GB	85%	FusionSeeker	21	3	400	86	0.875	0.125	0.0075	0.014150943396226414	0.0075
positive	100GB	85%	GFSeeker	1	0	400	86	1	0	0	NA	0
positive	100GB	85%	Genion	4	0	400	86	1	0	0	NA	0
positive	100GB	90%	CTAT-LR-Fusion	1	0	400	86	1	0	0	NA	0
positive	100GB	90%	FusionSeeker	47	5	400	86	0.9038461538461539	0.09615384615384616	0.0125	0.022123893805309734	0.0125
positive	100GB	90%	GFSeeker	1	0	400	86	1	0	0	NA	0
positive	100GB	90%	Genion	3	0	400	86	1	0	0	NA	0
positive	100GB	95%	FusionSeeker	62	10	400	86	0.8611111111111112	0.1388888888888889	0.025	0.04237288135593221	0.025
positive	100GB	95%	Genion	1	0	400	86	1	0	0	NA	0
positive	10GB	85%	FusionSeeker	1	0	397	86	1	0	0	NA	0
positive	10GB	90%	FusionSeeker	1	0	400	86	1	0	0	NA	0
positive	10GB	95%	FusionSeeker	1	0	400	86	1	0	0	NA	0
negative	100GB	85%	CTAT-LR-Fusion	2	0	400	85	1	0	0	NA	0
negative	100GB	85%	FusionSeeker	12	0	400	85	1	0	0	NA	0
negative	100GB	85%	GFSeeker	1	0	400	85	1	0	0	NA	0
negative	100GB	85%	Genion	4	0	400	85	1	0	0	NA	0
negative	100GB	90%	CTAT-LR-Fusion	1	0	400	85	1	0	0	NA	0
negative	100GB	90%	FusionSeeker	17	0	400	85	1	0	0	NA	0
negative	100GB	90%	GFSeeker	1	0	400	85	1	0	0	NA	0
negative	100GB	90%	Genion	3	0	400	85	1	0	0	NA	0
negative	100GB	95%	FusionSeeker	17	0	400	85	1	0	0	NA	0
negative	100GB	95%	GFSeeker	1	0	400	85	1	0	0	NA	0
negative	100GB	95%	Genion	1	0	400	85	1	0	0	NA	0
negative	10GB	85%	FusionSeeker	1	0	397	85	1	0	0	NA	0
negative	10GB	90%	FusionSeeker	1	0	400	85	1	0	0	NA	0
negative	10GB	95%	FusionSeeker	1	0	400	85	1	0	0	NA	0
positive	100GB	85%	CTAT-LR-Fusion	3	0	400	85	1	0	0	NA	0
positive	100GB	85%	FusionSeeker	22	3	400	85	0.88	0.12	0.0075	0.014117647058823528	0.0075
positive	100GB	85%	GFSeeker	1	0	400	85	1	0	0	NA	0
positive	100GB	85%	Genion	4	0	400	85	1	0	0	NA	0
positive	100GB	90%	CTAT-LR-Fusion	1	0	400	85	1	0	0	NA	0
positive	100GB	90%	FusionSeeker	48	5	400	85	0.9056603773584906	0.09433962264150944	0.0125	0.02207505518763797	0.0125
positive	100GB	90%	GFSeeker	1	0	400	85	1	0	0	NA	0
positive	100GB	90%	Genion	3	0	400	85	1	0	0	NA	0
positive	100GB	95%	FusionSeeker	64	10	400	85	0.8648648648648649	0.13513513513513514	0.025	0.042194092827004225	0.025
positive	100GB	95%	Genion	1	0	400	85	1	0	0	NA	0
positive	10GB	85%	FusionSeeker	1	0	397	85	1	0	0	NA	0
positive	10GB	90%	FusionSeeker	1	0	400	85	1	0	0	NA	0
positive	10GB	95%	FusionSeeker	1	0	400	85	1	0	0	NA	0
negative	100GB	85%	CTAT-LR-Fusion	2	0	400	84	1	0	0	NA	0
negative	100GB	85%	FusionSeeker	12	0	400	84	1	0	0	NA	0
negative	100GB	85%	GFSeeker	1	0	400	84	1	0	0	NA	0
negative	100GB	85%	Genion	4	0	400	84	1	0	0	NA	0
negative	100GB	90%	CTAT-LR-Fusion	1	0	400	84	1	0	0	NA	0
negative	100GB	90%	FusionSeeker	17	0	400	84	1	0	0	NA	0
negative	100GB	90%	GFSeeker	1	0	400	84	1	0	0	NA	0
negative	100GB	90%	Genion	3	0	400	84	1	0	0	NA	0
negative	100GB	95%	FusionSeeker	17	0	400	84	1	0	0	NA	0
negative	100GB	95%	GFSeeker	1	0	400	84	1	0	0	NA	0
negative	100GB	95%	Genion	1	0	400	84	1	0	0	NA	0
negative	10GB	85%	FusionSeeker	1	0	397	84	1	0	0	NA	0
negative	10GB	90%	FusionSeeker	1	0	400	84	1	0	0	NA	0
negative	10GB	95%	FusionSeeker	1	0	400	84	1	0	0	NA	0
positive	100GB	85%	CTAT-LR-Fusion	3	0	400	84	1	0	0	NA	0
positive	100GB	85%	FusionSeeker	22	3	400	84	0.88	0.12	0.0075	0.014117647058823528	0.0075
positive	100GB	85%	GFSeeker	1	0	400	84	1	0	0	NA	0
positive	100GB	85%	Genion	4	0	400	84	1	0	0	NA	0
positive	100GB	90%	CTAT-LR-Fusion	1	0	400	84	1	0	0	NA	0
positive	100GB	90%	FusionSeeker	50	5	400	84	0.9090909090909091	0.09090909090909091	0.0125	0.02197802197802198	0.0125
positive	100GB	90%	GFSeeker	1	0	400	84	1	0	0	NA	0
positive	100GB	90%	Genion	3	0	400	84	1	0	0	NA	0
positive	100GB	95%	FusionSeeker	66	10	400	84	0.868421052631579	0.13157894736842105	0.025	0.04201680672268908	0.025
positive	100GB	95%	Genion	1	0	400	84	1	0	0	NA	0
positive	10GB	85%	FusionSeeker	1	0	397	84	1	0	0	NA	0
positive	10GB	90%	FusionSeeker	1	0	400	84	1	0	0	NA	0
positive	10GB	95%	FusionSeeker	1	0	400	84	1	0	0	NA	0
negative	100GB	85%	CTAT-LR-Fusion	2	0	400	83	1	0	0	NA	0
negative	100GB	85%	FusionSeeker	13	0	400	83	1	0	0	NA	0
negative	100GB	85%	GFSeeker	1	0	400	83	1	0	0	NA	0
negative	100GB	85%	Genion	4	0	400	83	1	0	0	NA	0
negative	100GB	90%	CTAT-LR-Fusion	1	0	400	83	1	0	0	NA	0
negative	100GB	90%	FusionSeeker	17	0	400	83	1	0	0	NA	0
negative	100GB	90%	GFSeeker	1	0	400	83	1	0	0	NA	0
negative	100GB	90%	Genion	3	0	400	83	1	0	0	NA	0
negative	100GB	95%	FusionSeeker	18	0	400	83	1	0	0	NA	0
negative	100GB	95%	GFSeeker	1	0	400	83	1	0	0	NA	0
negative	100GB	95%	Genion	1	0	400	83	1	0	0	NA	0
negative	10GB	85%	FusionSeeker	1	0	397	83	1	0	0	NA	0
negative	10GB	90%	FusionSeeker	1	0	400	83	1	0	0	NA	0
negative	10GB	95%	FusionSeeker	1	0	400	83	1	0	0	NA	0
positive	100GB	85%	CTAT-LR-Fusion	3	0	400	83	1	0	0	NA	0
positive	100GB	85%	FusionSeeker	23	3	400	83	0.8846153846153846	0.11538461538461539	0.0075	0.01408450704225352	0.0075
positive	100GB	85%	GFSeeker	1	0	400	83	1	0	0	NA	0
positive	100GB	85%	Genion	4	0	400	83	1	0	0	NA	0
positive	100GB	90%	CTAT-LR-Fusion	1	0	400	83	1	0	0	NA	0
positive	100GB	90%	FusionSeeker	51	5	400	83	0.9107142857142857	0.08928571428571429	0.0125	0.02192982456140351	0.0125
positive	100GB	90%	GFSeeker	1	0	400	83	1	0	0	NA	0
positive	100GB	90%	Genion	3	0	400	83	1	0	0	NA	0
positive	100GB	95%	FusionSeeker	66	10	400	83	0.868421052631579	0.13157894736842105	0.025	0.04201680672268908	0.025
positive	100GB	95%	Genion	1	0	400	83	1	0	0	NA	0
positive	10GB	85%	FusionSeeker	1	0	397	83	1	0	0	NA	0
positive	10GB	90%	FusionSeeker	1	0	400	83	1	0	0	NA	0
positive	10GB	95%	FusionSeeker	1	0	400	83	1	0	0	NA	0
negative	100GB	85%	CTAT-LR-Fusion	2	0	400	82	1	0	0	NA	0
negative	100GB	85%	FusionSeeker	14	0	400	82	1	0	0	NA	0
negative	100GB	85%	GFSeeker	1	0	400	82	1	0	0	NA	0
negative	100GB	85%	Genion	4	0	400	82	1	0	0	NA	0
negative	100GB	90%	CTAT-LR-Fusion	1	0	400	82	1	0	0	NA	0
negative	100GB	90%	FusionSeeker	17	0	400	82	1	0	0	NA	0
negative	100GB	90%	GFSeeker	1	0	400	82	1	0	0	NA	0
negative	100GB	90%	Genion	3	0	400	82	1	0	0	NA	0
negative	100GB	95%	FusionSeeker	18	0	400	82	1	0	0	NA	0
negative	100GB	95%	GFSeeker	1	0	400	82	1	0	0	NA	0
negative	100GB	95%	Genion	1	0	400	82	1	0	0	NA	0
negative	10GB	85%	FusionSeeker	1	0	397	82	1	0	0	NA	0
negative	10GB	90%	FusionSeeker	1	0	400	82	1	0	0	NA	0
negative	10GB	95%	FusionSeeker	1	0	400	82	1	0	0	NA	0
positive	100GB	85%	CTAT-LR-Fusion	3	0	400	82	1	0	0	NA	0
positive	100GB	85%	FusionSeeker	24	3	400	82	0.8888888888888888	0.1111111111111111	0.0075	0.014051522248243558	0.0075
positive	100GB	85%	GFSeeker	1	0	400	82	1	0	0	NA	0
positive	100GB	85%	Genion	4	0	400	82	1	0	0	NA	0
positive	100GB	90%	CTAT-LR-Fusion	1	0	400	82	1	0	0	NA	0
positive	100GB	90%	FusionSeeker	51	5	400	82	0.9107142857142857	0.08928571428571429	0.0125	0.02192982456140351	0.0125
positive	100GB	90%	GFSeeker	1	0	400	82	1	0	0	NA	0
positive	100GB	90%	Genion	3	0	400	82	1	0	0	NA	0
positive	100GB	95%	FusionSeeker	69	11	400	82	0.8625	0.1375	0.0275	0.04583333333333334	0.0275
positive	100GB	95%	Genion	1	0	400	82	1	0	0	NA	0
positive	10GB	85%	FusionSeeker	1	0	397	82	1	0	0	NA	0
positive	10GB	90%	FusionSeeker	1	0	400	82	1	0	0	NA	0
positive	10GB	95%	FusionSeeker	1	0	400	82	1	0	0	NA	0
negative	100GB	85%	CTAT-LR-Fusion	2	0	400	81	1	0	0	NA	0
negative	100GB	85%	FusionSeeker	14	0	400	81	1	0	0	NA	0
negative	100GB	85%	GFSeeker	1	0	400	81	1	0	0	NA	0
negative	100GB	85%	Genion	4	0	400	81	1	0	0	NA	0
negative	100GB	90%	CTAT-LR-Fusion	1	0	400	81	1	0	0	NA	0
negative	100GB	90%	FusionSeeker	17	0	400	81	1	0	0	NA	0
negative	100GB	90%	GFSeeker	1	0	400	81	1	0	0	NA	0
negative	100GB	90%	Genion	3	0	400	81	1	0	0	NA	0
negative	100GB	95%	FusionSeeker	20	0	400	81	1	0	0	NA	0
negative	100GB	95%	GFSeeker	1	0	400	81	1	0	0	NA	0
negative	100GB	95%	Genion	1	0	400	81	1	0	0	NA	0
negative	10GB	85%	FusionSeeker	1	0	397	81	1	0	0	NA	0
negative	10GB	90%	FusionSeeker	1	0	400	81	1	0	0	NA	0
negative	10GB	95%	FusionSeeker	1	0	400	81	1	0	0	NA	0
positive	100GB	85%	CTAT-LR-Fusion	3	0	400	81	1	0	0	NA	0
positive	100GB	85%	FusionSeeker	24	3	400	81	0.8888888888888888	0.1111111111111111	0.0075	0.014051522248243558	0.0075
positive	100GB	85%	GFSeeker	1	0	400	81	1	0	0	NA	0
positive	100GB	85%	Genion	4	0	400	81	1	0	0	NA	0
positive	100GB	90%	CTAT-LR-Fusion	1	0	400	81	1	0	0	NA	0
positive	100GB	90%	FusionSeeker	51	5	400	81	0.9107142857142857	0.08928571428571429	0.0125	0.02192982456140351	0.0125
positive	100GB	90%	GFSeeker	1	0	400	81	1	0	0	NA	0
positive	100GB	90%	Genion	3	0	400	81	1	0	0	NA	0
positive	100GB	95%	FusionSeeker	69	13	400	81	0.8414634146341463	0.15853658536585366	0.0325	0.05394190871369295	0.0325
positive	100GB	95%	Genion	1	0	400	81	1	0	0	NA	0
positive	10GB	85%	FusionSeeker	1	0	397	81	1	0	0	NA	0
positive	10GB	90%	FusionSeeker	1	0	400	81	1	0	0	NA	0
positive	10GB	95%	FusionSeeker	1	0	400	81	1	0	0	NA	0
negative	100GB	85%	CTAT-LR-Fusion	2	0	400	80	1	0	0	NA	0
negative	100GB	85%	FusionSeeker	14	0	400	80	1	0	0	NA	0
negative	100GB	85%	GFSeeker	1	0	400	80	1	0	0	NA	0
negative	100GB	85%	Genion	4	0	400	80	1	0	0	NA	0
negative	100GB	90%	CTAT-LR-Fusion	1	0	400	80	1	0	0	NA	0
negative	100GB	90%	FusionSeeker	17	0	400	80	1	0	0	NA	0
negative	100GB	90%	GFSeeker	1	0	400	80	1	0	0	NA	0
negative	100GB	90%	Genion	3	0	400	80	1	0	0	NA	0
negative	100GB	95%	FusionSeeker	20	0	400	80	1	0	0	NA	0
negative	100GB	95%	GFSeeker	1	0	400	80	1	0	0	NA	0
negative	100GB	95%	Genion	1	0	400	80	1	0	0	NA	0
negative	10GB	85%	FusionSeeker	1	0	397	80	1	0	0	NA	0
negative	10GB	90%	FusionSeeker	1	0	400	80	1	0	0	NA	0
negative	10GB	95%	FusionSeeker	1	0	400	80	1	0	0	NA	0
positive	100GB	85%	CTAT-LR-Fusion	3	0	400	80	1	0	0	NA	0
positive	100GB	85%	FusionSeeker	26	3	400	80	0.896551724137931	0.10344827586206896	0.0075	0.013986013986013986	0.0075
positive	100GB	85%	GFSeeker	1	0	400	80	1	0	0	NA	0
positive	100GB	85%	Genion	4	0	400	80	1	0	0	NA	0
positive	100GB	90%	CTAT-LR-Fusion	1	0	400	80	1	0	0	NA	0
positive	100GB	90%	FusionSeeker	52	5	400	80	0.9122807017543859	0.08771929824561403	0.0125	0.02188183807439825	0.0125
positive	100GB	90%	GFSeeker	1	0	400	80	1	0	0	NA	0
positive	100GB	90%	Genion	4	0	400	80	1	0	0	NA	0
positive	100GB	95%	FusionSeeker	70	13	400	80	0.8433734939759037	0.1566265060240964	0.0325	0.05383022774327122	0.0325
positive	100GB	95%	Genion	1	0	400	80	1	0	0	NA	0
positive	10GB	85%	FusionSeeker	1	0	397	80	1	0	0	NA	0
positive	10GB	90%	FusionSeeker	1	0	400	80	1	0	0	NA	0
positive	10GB	95%	FusionSeeker	1	0	400	80	1	0	0	NA	0
negative	100GB	85%	CTAT-LR-Fusion	2	0	400	79	1	0	0	NA	0
negative	100GB	85%	FusionSeeker	15	0	400	79	1	0	0	NA	0
negative	100GB	85%	GFSeeker	1	0	400	79	1	0	0	NA	0
negative	100GB	85%	Genion	4	0	400	79	1	0	0	NA	0
negative	100GB	90%	CTAT-LR-Fusion	1	0	400	79	1	0	0	NA	0
negative	100GB	90%	FusionSeeker	17	0	400	79	1	0	0	NA	0
negative	100GB	90%	GFSeeker	1	0	400	79	1	0	0	NA	0
negative	100GB	90%	Genion	3	0	400	79	1	0	0	NA	0
negative	100GB	95%	FusionSeeker	20	0	400	79	1	0	0	NA	0
negative	100GB	95%	GFSeeker	1	0	400	79	1	0	0	NA	0
negative	100GB	95%	Genion	1	0	400	79	1	0	0	NA	0
negative	10GB	85%	FusionSeeker	1	0	397	79	1	0	0	NA	0
negative	10GB	90%	FusionSeeker	1	0	400	79	1	0	0	NA	0
negative	10GB	95%	FusionSeeker	1	0	400	79	1	0	0	NA	0
positive	100GB	85%	CTAT-LR-Fusion	3	0	400	79	1	0	0	NA	0
positive	100GB	85%	FusionSeeker	27	4	400	79	0.8709677419354839	0.12903225806451613	0.01	0.018561484918793503	0.01
positive	100GB	85%	GFSeeker	1	0	400	79	1	0	0	NA	0
positive	100GB	85%	Genion	4	0	400	79	1	0	0	NA	0
positive	100GB	90%	CTAT-LR-Fusion	1	0	400	79	1	0	0	NA	0
positive	100GB	90%	FusionSeeker	53	6	400	79	0.8983050847457628	0.1016949152542373	0.015	0.0261437908496732	0.015
positive	100GB	90%	GFSeeker	1	0	400	79	1	0	0	NA	0
positive	100GB	90%	Genion	4	0	400	79	1	0	0	NA	0
positive	100GB	95%	FusionSeeker	71	13	400	79	0.8452380952380952	0.15476190476190477	0.0325	0.05371900826446281	0.0325
positive	100GB	95%	Genion	1	0	400	79	1	0	0	NA	0
positive	10GB	85%	FusionSeeker	1	0	397	79	1	0	0	NA	0
positive	10GB	90%	FusionSeeker	1	0	400	79	1	0	0	NA	0
positive	10GB	95%	FusionSeeker	1	0	400	79	1	0	0	NA	0
negative	100GB	85%	CTAT-LR-Fusion	2	0	400	78	1	0	0	NA	0
negative	100GB	85%	FusionSeeker	15	0	400	78	1	0	0	NA	0
negative	100GB	85%	GFSeeker	1	0	400	78	1	0	0	NA	0
negative	100GB	85%	Genion	4	0	400	78	1	0	0	NA	0
negative	100GB	90%	CTAT-LR-Fusion	1	0	400	78	1	0	0	NA	0
negative	100GB	90%	FusionSeeker	17	0	400	78	1	0	0	NA	0
negative	100GB	90%	GFSeeker	1	0	400	78	1	0	0	NA	0
negative	100GB	90%	Genion	3	0	400	78	1	0	0	NA	0
negative	100GB	95%	FusionSeeker	21	0	400	78	1	0	0	NA	0
negative	100GB	95%	GFSeeker	1	0	400	78	1	0	0	NA	0
negative	100GB	95%	Genion	1	0	400	78	1	0	0	NA	0
negative	10GB	85%	CTAT-LR-Fusion	1	0	397	78	1	0	0	NA	0
negative	10GB	85%	FusionSeeker	1	0	397	78	1	0	0	NA	0
negative	10GB	90%	FusionSeeker	1	0	400	78	1	0	0	NA	0
negative	10GB	95%	FusionSeeker	1	0	400	78	1	0	0	NA	0
positive	100GB	85%	CTAT-LR-Fusion	3	0	400	78	1	0	0	NA	0
positive	100GB	85%	FusionSeeker	29	4	400	78	0.8787878787878788	0.12121212121212122	0.01	0.018475750577367205	0.01
positive	100GB	85%	GFSeeker	1	0	400	78	1	0	0	NA	0
positive	100GB	85%	Genion	4	0	400	78	1	0	0	NA	0
positive	100GB	90%	CTAT-LR-Fusion	1	0	400	78	1	0	0	NA	0
positive	100GB	90%	FusionSeeker	53	6	400	78	0.8983050847457628	0.1016949152542373	0.015	0.0261437908496732	0.015
positive	100GB	90%	GFSeeker	1	0	400	78	1	0	0	NA	0
positive	100GB	90%	Genion	4	0	400	78	1	0	0	NA	0
positive	100GB	95%	FusionSeeker	74	13	400	78	0.8505747126436781	0.14942528735632185	0.0325	0.05338809034907598	0.0325
positive	100GB	95%	Genion	1	0	400	78	1	0	0	NA	0
positive	10GB	85%	FusionSeeker	1	0	397	78	1	0	0	NA	0
positive	10GB	90%	FusionSeeker	1	0	400	78	1	0	0	NA	0
positive	10GB	95%	FusionSeeker	1	0	400	78	1	0	0	NA	0
negative	100GB	85%	CTAT-LR-Fusion	2	0	400	77	1	0	0	NA	0
negative	100GB	85%	FusionSeeker	17	0	400	77	1	0	0	NA	0
negative	100GB	85%	GFSeeker	1	0	400	77	1	0	0	NA	0
negative	100GB	85%	Genion	4	0	400	77	1	0	0	NA	0
negative	100GB	90%	CTAT-LR-Fusion	1	0	400	77	1	0	0	NA	0
negative	100GB	90%	FusionSeeker	17	0	400	77	1	0	0	NA	0
negative	100GB	90%	GFSeeker	1	0	400	77	1	0	0	NA	0
negative	100GB	90%	Genion	3	0	400	77	1	0	0	NA	0
negative	100GB	95%	FusionSeeker	21	0	400	77	1	0	0	NA	0
negative	100GB	95%	GFSeeker	1	0	400	77	1	0	0	NA	0
negative	100GB	95%	Genion	1	0	400	77	1	0	0	NA	0
negative	10GB	85%	CTAT-LR-Fusion	1	0	397	77	1	0	0	NA	0
negative	10GB	85%	FusionSeeker	1	0	397	77	1	0	0	NA	0
negative	10GB	90%	FusionSeeker	1	0	400	77	1	0	0	NA	0
negative	10GB	95%	FusionSeeker	1	0	400	77	1	0	0	NA	0
positive	100GB	85%	CTAT-LR-Fusion	3	0	400	77	1	0	0	NA	0
positive	100GB	85%	FusionSeeker	32	4	400	77	0.8888888888888888	0.1111111111111111	0.01	0.01834862385321101	0.01
positive	100GB	85%	GFSeeker	1	0	400	77	1	0	0	NA	0
positive	100GB	85%	Genion	4	0	400	77	1	0	0	NA	0
positive	100GB	90%	CTAT-LR-Fusion	1	0	400	77	1	0	0	NA	0
positive	100GB	90%	FusionSeeker	56	6	400	77	0.9032258064516129	0.0967741935483871	0.015	0.025974025974025972	0.015
positive	100GB	90%	GFSeeker	1	0	400	77	1	0	0	NA	0
positive	100GB	90%	Genion	4	0	400	77	1	0	0	NA	0
positive	100GB	95%	FusionSeeker	76	14	400	77	0.8444444444444444	0.15555555555555556	0.035	0.05714285714285715	0.035
positive	100GB	95%	Genion	1	0	400	77	1	0	0	NA	0
positive	10GB	85%	FusionSeeker	1	0	397	77	1	0	0	NA	0
positive	10GB	90%	FusionSeeker	1	0	400	77	1	0	0	NA	0
positive	10GB	95%	FusionSeeker	1	0	400	77	1	0	0	NA	0
negative	100GB	85%	CTAT-LR-Fusion	2	0	400	76	1	0	0	NA	0
negative	100GB	85%	FusionSeeker	18	0	400	76	1	0	0	NA	0
negative	100GB	85%	GFSeeker	1	0	400	76	1	0	0	NA	0
negative	100GB	85%	Genion	4	0	400	76	1	0	0	NA	0
negative	100GB	90%	CTAT-LR-Fusion	1	0	400	76	1	0	0	NA	0
negative	100GB	90%	FusionSeeker	17	0	400	76	1	0	0	NA	0
negative	100GB	90%	GFSeeker	1	0	400	76	1	0	0	NA	0
negative	100GB	90%	Genion	3	0	400	76	1	0	0	NA	0
negative	100GB	95%	FusionSeeker	21	0	400	76	1	0	0	NA	0
negative	100GB	95%	GFSeeker	1	0	400	76	1	0	0	NA	0
negative	100GB	95%	Genion	1	0	400	76	1	0	0	NA	0
negative	10GB	85%	CTAT-LR-Fusion	1	0	397	76	1	0	0	NA	0
negative	10GB	85%	FusionSeeker	1	0	397	76	1	0	0	NA	0
negative	10GB	90%	FusionSeeker	1	0	400	76	1	0	0	NA	0
negative	10GB	95%	FusionSeeker	1	0	400	76	1	0	0	NA	0
positive	100GB	85%	CTAT-LR-Fusion	3	0	400	76	1	0	0	NA	0
positive	100GB	85%	FusionSeeker	33	4	400	76	0.8918918918918919	0.10810810810810811	0.01	0.018306636155606407	0.01
positive	100GB	85%	GFSeeker	1	0	400	76	1	0	0	NA	0
positive	100GB	85%	Genion	4	0	400	76	1	0	0	NA	0
positive	100GB	90%	CTAT-LR-Fusion	1	0	400	76	1	0	0	NA	0
positive	100GB	90%	FusionSeeker	58	7	400	76	0.8923076923076924	0.1076923076923077	0.0175	0.030107526881720432	0.0175
positive	100GB	90%	GFSeeker	1	0	400	76	1	0	0	NA	0
positive	100GB	90%	Genion	4	0	400	76	1	0	0	NA	0
positive	100GB	95%	FusionSeeker	77	16	400	76	0.8279569892473119	0.17204301075268819	0.04	0.06490872210953347	0.04
positive	100GB	95%	Genion	1	0	400	76	1	0	0	NA	0
positive	10GB	85%	FusionSeeker	1	0	397	76	1	0	0	NA	0
positive	10GB	90%	FusionSeeker	1	0	400	76	1	0	0	NA	0
positive	10GB	95%	FusionSeeker	1	0	400	76	1	0	0	NA	0
negative	100GB	85%	CTAT-LR-Fusion	2	0	400	75	1	0	0	NA	0
negative	100GB	85%	FusionSeeker	18	0	400	75	1	0	0	NA	0
negative	100GB	85%	GFSeeker	1	0	400	75	1	0	0	NA	0
negative	100GB	85%	Genion	4	0	400	75	1	0	0	NA	0
negative	100GB	90%	CTAT-LR-Fusion	1	0	400	75	1	0	0	NA	0
negative	100GB	90%	FusionSeeker	17	0	400	75	1	0	0	NA	0
negative	100GB	90%	GFSeeker	1	0	400	75	1	0	0	NA	0
negative	100GB	90%	Genion	3	0	400	75	1	0	0	NA	0
negative	100GB	95%	FusionSeeker	21	0	400	75	1	0	0	NA	0
negative	100GB	95%	GFSeeker	1	0	400	75	1	0	0	NA	0
negative	100GB	95%	Genion	1	0	400	75	1	0	0	NA	0
negative	10GB	85%	CTAT-LR-Fusion	1	0	397	75	1	0	0	NA	0
negative	10GB	85%	FusionSeeker	1	0	397	75	1	0	0	NA	0
negative	10GB	90%	FusionSeeker	1	0	400	75	1	0	0	NA	0
negative	10GB	95%	FusionSeeker	1	0	400	75	1	0	0	NA	0
positive	100GB	85%	CTAT-LR-Fusion	3	0	400	75	1	0	0	NA	0
positive	100GB	85%	FusionSeeker	34	4	400	75	0.8947368421052632	0.10526315789473684	0.01	0.018264840182648404	0.01
positive	100GB	85%	GFSeeker	1	0	400	75	1	0	0	NA	0
positive	100GB	85%	Genion	4	0	400	75	1	0	0	NA	0
positive	100GB	90%	CTAT-LR-Fusion	1	0	400	75	1	0	0	NA	0
positive	100GB	90%	FusionSeeker	60	8	400	75	0.8823529411764706	0.11764705882352941	0.02	0.03418803418803419	0.02
positive	100GB	90%	GFSeeker	1	0	400	75	1	0	0	NA	0
positive	100GB	90%	Genion	4	0	400	75	1	0	0	NA	0
positive	100GB	95%	FusionSeeker	78	17	400	75	0.8210526315789474	0.17894736842105263	0.0425	0.06868686868686869	0.0425
positive	100GB	95%	GFSeeker	1	0	400	75	1	0	0	NA	0
positive	100GB	95%	Genion	1	0	400	75	1	0	0	NA	0
positive	10GB	85%	FusionSeeker	1	0	397	75	1	0	0	NA	0
positive	10GB	90%	FusionSeeker	1	0	400	75	1	0	0	NA	0
positive	10GB	95%	FusionSeeker	1	0	400	75	1	0	0	NA	0
negative	100GB	85%	CTAT-LR-Fusion	2	0	400	74	1	0	0	NA	0
negative	100GB	85%	FusionSeeker	18	0	400	74	1	0	0	NA	0
negative	100GB	85%	GFSeeker	1	0	400	74	1	0	0	NA	0
negative	100GB	85%	Genion	4	0	400	74	1	0	0	NA	0
negative	100GB	90%	CTAT-LR-Fusion	1	0	400	74	1	0	0	NA	0
negative	100GB	90%	FusionSeeker	17	0	400	74	1	0	0	NA	0
negative	100GB	90%	GFSeeker	1	0	400	74	1	0	0	NA	0
negative	100GB	90%	Genion	3	0	400	74	1	0	0	NA	0
negative	100GB	95%	FusionSeeker	21	0	400	74	1	0	0	NA	0
negative	100GB	95%	GFSeeker	1	0	400	74	1	0	0	NA	0
negative	100GB	95%	Genion	1	0	400	74	1	0	0	NA	0
negative	10GB	85%	CTAT-LR-Fusion	1	0	397	74	1	0	0	NA	0
negative	10GB	85%	FusionSeeker	1	0	397	74	1	0	0	NA	0
negative	10GB	90%	FusionSeeker	1	0	400	74	1	0	0	NA	0
negative	10GB	95%	FusionSeeker	1	0	400	74	1	0	0	NA	0
positive	100GB	85%	CTAT-LR-Fusion	3	0	400	74	1	0	0	NA	0
positive	100GB	85%	FusionSeeker	34	4	400	74	0.8947368421052632	0.10526315789473684	0.01	0.018264840182648404	0.01
positive	100GB	85%	GFSeeker	1	0	400	74	1	0	0	NA	0
positive	100GB	85%	Genion	4	0	400	74	1	0	0	NA	0
positive	100GB	90%	CTAT-LR-Fusion	1	0	400	74	1	0	0	NA	0
positive	100GB	90%	FusionSeeker	60	9	400	74	0.8695652173913043	0.13043478260869565	0.0225	0.03837953091684435	0.0225
positive	100GB	90%	GFSeeker	1	0	400	74	1	0	0	NA	0
positive	100GB	90%	Genion	4	0	400	74	1	0	0	NA	0
positive	100GB	95%	FusionSeeker	79	17	400	74	0.8229166666666666	0.17708333333333334	0.0425	0.0685483870967742	0.0425
positive	100GB	95%	GFSeeker	1	0	400	74	1	0	0	NA	0
positive	100GB	95%	Genion	1	0	400	74	1	0	0	NA	0
positive	10GB	85%	FusionSeeker	1	0	397	74	1	0	0	NA	0
positive	10GB	90%	FusionSeeker	1	0	400	74	1	0	0	NA	0
positive	10GB	95%	FusionSeeker	1	0	400	74	1	0	0	NA	0
negative	100GB	85%	CTAT-LR-Fusion	2	0	400	73	1	0	0	NA	0
negative	100GB	85%	FusionSeeker	18	0	400	73	1	0	0	NA	0
negative	100GB	85%	GFSeeker	1	0	400	73	1	0	0	NA	0
negative	100GB	85%	Genion	4	0	400	73	1	0	0	NA	0
negative	100GB	90%	CTAT-LR-Fusion	1	0	400	73	1	0	0	NA	0
negative	100GB	90%	FusionSeeker	17	0	400	73	1	0	0	NA	0
negative	100GB	90%	GFSeeker	1	0	400	73	1	0	0	NA	0
negative	100GB	90%	Genion	3	0	400	73	1	0	0	NA	0
negative	100GB	95%	FusionSeeker	21	0	400	73	1	0	0	NA	0
negative	100GB	95%	GFSeeker	1	0	400	73	1	0	0	NA	0
negative	100GB	95%	Genion	1	0	400	73	1	0	0	NA	0
negative	10GB	85%	CTAT-LR-Fusion	1	0	397	73	1	0	0	NA	0
negative	10GB	85%	FusionSeeker	1	0	397	73	1	0	0	NA	0
negative	10GB	90%	FusionSeeker	1	0	400	73	1	0	0	NA	0
negative	10GB	95%	FusionSeeker	1	0	400	73	1	0	0	NA	0
positive	100GB	85%	CTAT-LR-Fusion	4	0	400	73	1	0	0	NA	0
positive	100GB	85%	FusionSeeker	35	4	400	73	0.8974358974358975	0.10256410256410256	0.01	0.01822323462414579	0.01
positive	100GB	85%	GFSeeker	1	0	400	73	1	0	0	NA	0
positive	100GB	85%	Genion	4	0	400	73	1	0	0	NA	0
positive	100GB	90%	CTAT-LR-Fusion	1	0	400	73	1	0	0	NA	0
positive	100GB	90%	FusionSeeker	60	9	400	73	0.8695652173913043	0.13043478260869565	0.0225	0.03837953091684435	0.0225
positive	100GB	90%	GFSeeker	1	0	400	73	1	0	0	NA	0
positive	100GB	90%	Genion	4	0	400	73	1	0	0	NA	0
positive	100GB	95%	FusionSeeker	80	18	400	73	0.8163265306122449	0.1836734693877551	0.045	0.07228915662650602	0.045
positive	100GB	95%	GFSeeker	1	0	400	73	1	0	0	NA	0
positive	100GB	95%	Genion	1	0	400	73	1	0	0	NA	0
positive	10GB	85%	FusionSeeker	1	0	397	73	1	0	0	NA	0
positive	10GB	90%	FusionSeeker	1	0	400	73	1	0	0	NA	0
positive	10GB	95%	FusionSeeker	1	0	400	73	1	0	0	NA	0
negative	100GB	85%	CTAT-LR-Fusion	2	0	400	72	1	0	0	NA	0
negative	100GB	85%	FusionSeeker	19	0	400	72	1	0	0	NA	0
negative	100GB	85%	GFSeeker	1	0	400	72	1	0	0	NA	0
negative	100GB	85%	Genion	4	0	400	72	1	0	0	NA	0
negative	100GB	90%	CTAT-LR-Fusion	1	0	400	72	1	0	0	NA	0
negative	100GB	90%	FusionSeeker	17	0	400	72	1	0	0	NA	0
negative	100GB	90%	GFSeeker	1	0	400	72	1	0	0	NA	0
negative	100GB	90%	Genion	3	0	400	72	1	0	0	NA	0
negative	100GB	95%	FusionSeeker	21	0	400	72	1	0	0	NA	0
negative	100GB	95%	GFSeeker	1	0	400	72	1	0	0	NA	0
negative	100GB	95%	Genion	1	0	400	72	1	0	0	NA	0
negative	10GB	85%	CTAT-LR-Fusion	1	0	397	72	1	0	0	NA	0
negative	10GB	85%	FusionSeeker	1	0	397	72	1	0	0	NA	0
negative	10GB	90%	FusionSeeker	1	0	400	72	1	0	0	NA	0
negative	10GB	95%	FusionSeeker	1	0	400	72	1	0	0	NA	0
positive	100GB	85%	CTAT-LR-Fusion	4	0	400	72	1	0	0	NA	0
positive	100GB	85%	FusionSeeker	36	4	400	72	0.9	0.1	0.01	0.01818181818181818	0.01
positive	100GB	85%	GFSeeker	1	0	400	72	1	0	0	NA	0
positive	100GB	85%	Genion	4	0	400	72	1	0	0	NA	0
positive	100GB	90%	CTAT-LR-Fusion	1	0	400	72	1	0	0	NA	0
positive	100GB	90%	FusionSeeker	61	9	400	72	0.8714285714285714	0.12857142857142856	0.0225	0.03829787234042553	0.0225
positive	100GB	90%	GFSeeker	1	0	400	72	1	0	0	NA	0
positive	100GB	90%	Genion	4	0	400	72	1	0	0	NA	0
positive	100GB	95%	FusionSeeker	81	18	400	72	0.8181818181818182	0.18181818181818182	0.045	0.07214428857715431	0.045
positive	100GB	95%	GFSeeker	1	0	400	72	1	0	0	NA	0
positive	100GB	95%	Genion	1	0	400	72	1	0	0	NA	0
positive	10GB	85%	FusionSeeker	1	0	397	72	1	0	0	NA	0
positive	10GB	90%	FusionSeeker	1	0	400	72	1	0	0	NA	0
positive	10GB	95%	FusionSeeker	1	0	400	72	1	0	0	NA	0
negative	100GB	85%	CTAT-LR-Fusion	2	0	400	71	1	0	0	NA	0
negative	100GB	85%	FusionSeeker	19	0	400	71	1	0	0	NA	0
negative	100GB	85%	GFSeeker	1	0	400	71	1	0	0	NA	0
negative	100GB	85%	Genion	4	0	400	71	1	0	0	NA	0
negative	100GB	90%	CTAT-LR-Fusion	1	0	400	71	1	0	0	NA	0
negative	100GB	90%	FusionSeeker	18	0	400	71	1	0	0	NA	0
negative	100GB	90%	GFSeeker	1	0	400	71	1	0	0	NA	0
negative	100GB	90%	Genion	3	0	400	71	1	0	0	NA	0
negative	100GB	95%	FusionSeeker	21	0	400	71	1	0	0	NA	0
negative	100GB	95%	GFSeeker	1	0	400	71	1	0	0	NA	0
negative	100GB	95%	Genion	1	0	400	71	1	0	0	NA	0
negative	10GB	85%	CTAT-LR-Fusion	1	0	397	71	1	0	0	NA	0
negative	10GB	85%	FusionSeeker	1	0	397	71	1	0	0	NA	0
negative	10GB	90%	FusionSeeker	1	0	400	71	1	0	0	NA	0
negative	10GB	95%	FusionSeeker	1	0	400	71	1	0	0	NA	0
positive	100GB	85%	CTAT-LR-Fusion	4	0	400	71	1	0	0	NA	0
positive	100GB	85%	FusionSeeker	38	4	400	71	0.9047619047619048	0.09523809523809523	0.01	0.01809954751131222	0.01
positive	100GB	85%	GFSeeker	1	0	400	71	1	0	0	NA	0
positive	100GB	85%	Genion	4	0	400	71	1	0	0	NA	0
positive	100GB	90%	CTAT-LR-Fusion	1	0	400	71	1	0	0	NA	0
positive	100GB	90%	FusionSeeker	64	9	400	71	0.8767123287671232	0.1232876712328767	0.0225	0.03805496828752643	0.0225
positive	100GB	90%	GFSeeker	1	0	400	71	1	0	0	NA	0
positive	100GB	90%	Genion	4	0	400	71	1	0	0	NA	0
positive	100GB	95%	FusionSeeker	83	18	400	71	0.8217821782178217	0.1782178217821782	0.045	0.07185628742514971	0.045
positive	100GB	95%	GFSeeker	1	0	400	71	1	0	0	NA	0
positive	100GB	95%	Genion	1	0	400	71	1	0	0	NA	0
positive	10GB	85%	FusionSeeker	1	0	397	71	1	0	0	NA	0
positive	10GB	90%	FusionSeeker	1	0	400	71	1	0	0	NA	0
positive	10GB	95%	FusionSeeker	1	0	400	71	1	0	0	NA	0
negative	100GB	85%	CTAT-LR-Fusion	2	0	400	70	1	0	0	NA	0
negative	100GB	85%	FusionSeeker	20	0	400	70	1	0	0	NA	0
negative	100GB	85%	GFSeeker	1	0	400	70	1	0	0	NA	0
negative	100GB	85%	Genion	4	0	400	70	1	0	0	NA	0
negative	100GB	90%	CTAT-LR-Fusion	1	0	400	70	1	0	0	NA	0
negative	100GB	90%	FusionSeeker	19	0	400	70	1	0	0	NA	0
negative	100GB	90%	GFSeeker	1	0	400	70	1	0	0	NA	0
negative	100GB	90%	Genion	3	0	400	70	1	0	0	NA	0
negative	100GB	95%	FusionSeeker	21	0	400	70	1	0	0	NA	0
negative	100GB	95%	GFSeeker	1	0	400	70	1	0	0	NA	0
negative	100GB	95%	Genion	1	0	400	70	1	0	0	NA	0
negative	10GB	85%	CTAT-LR-Fusion	1	0	397	70	1	0	0	NA	0
negative	10GB	85%	FusionSeeker	1	0	397	70	1	0	0	NA	0
negative	10GB	90%	FusionSeeker	1	0	400	70	1	0	0	NA	0
negative	10GB	95%	FusionSeeker	1	0	400	70	1	0	0	NA	0
positive	100GB	85%	CTAT-LR-Fusion	4	0	400	70	1	0	0	NA	0
positive	100GB	85%	FusionSeeker	38	4	400	70	0.9047619047619048	0.09523809523809523	0.01	0.01809954751131222	0.01
positive	100GB	85%	GFSeeker	1	0	400	70	1	0	0	NA	0
positive	100GB	85%	Genion	4	0	400	70	1	0	0	NA	0
positive	100GB	90%	CTAT-LR-Fusion	1	0	400	70	1	0	0	NA	0
positive	100GB	90%	FusionSeeker	65	9	400	70	0.8783783783783784	0.12162162162162163	0.0225	0.0379746835443038	0.0225
positive	100GB	90%	GFSeeker	1	0	400	70	1	0	0	NA	0
positive	100GB	90%	Genion	4	0	400	70	1	0	0	NA	0
positive	100GB	95%	FusionSeeker	84	18	400	70	0.8235294117647058	0.17647058823529413	0.045	0.07171314741035857	0.045
positive	100GB	95%	GFSeeker	1	0	400	70	1	0	0	NA	0
positive	100GB	95%	Genion	1	0	400	70	1	0	0	NA	0
positive	10GB	85%	FusionSeeker	1	0	397	70	1	0	0	NA	0
positive	10GB	90%	FusionSeeker	1	0	400	70	1	0	0	NA	0
positive	10GB	95%	FusionSeeker	1	0	400	70	1	0	0	NA	0
negative	100GB	85%	CTAT-LR-Fusion	2	0	400	69	1	0	0	NA	0
negative	100GB	85%	FusionSeeker	20	0	400	69	1	0	0	NA	0
negative	100GB	85%	GFSeeker	1	0	400	69	1	0	0	NA	0
negative	100GB	85%	Genion	4	0	400	69	1	0	0	NA	0
negative	100GB	90%	CTAT-LR-Fusion	1	0	400	69	1	0	0	NA	0
negative	100GB	90%	FusionSeeker	20	0	400	69	1	0	0	NA	0
negative	100GB	90%	GFSeeker	1	0	400	69	1	0	0	NA	0
negative	100GB	90%	Genion	4	0	400	69	1	0	0	NA	0
negative	100GB	95%	FusionSeeker	22	0	400	69	1	0	0	NA	0
negative	100GB	95%	GFSeeker	1	0	400	69	1	0	0	NA	0
negative	100GB	95%	Genion	1	0	400	69	1	0	0	NA	0
negative	10GB	85%	CTAT-LR-Fusion	1	0	397	69	1	0	0	NA	0
negative	10GB	85%	FusionSeeker	1	0	397	69	1	0	0	NA	0
negative	10GB	90%	FusionSeeker	1	0	400	69	1	0	0	NA	0
negative	10GB	95%	FusionSeeker	1	0	400	69	1	0	0	NA	0
positive	100GB	85%	CTAT-LR-Fusion	4	0	400	69	1	0	0	NA	0
positive	100GB	85%	FusionSeeker	39	4	400	69	0.9069767441860465	0.09302325581395349	0.01	0.018058690744920995	0.01
positive	100GB	85%	GFSeeker	1	0	400	69	1	0	0	NA	0
positive	100GB	85%	Genion	4	0	400	69	1	0	0	NA	0
positive	100GB	90%	CTAT-LR-Fusion	1	0	400	69	1	0	0	NA	0
positive	100GB	90%	FusionSeeker	67	9	400	69	0.881578947368421	0.11842105263157894	0.0225	0.037815126050420166	0.0225
positive	100GB	90%	GFSeeker	1	0	400	69	1	0	0	NA	0
positive	100GB	90%	Genion	4	0	400	69	1	0	0	NA	0
positive	100GB	95%	FusionSeeker	84	18	400	69	0.8235294117647058	0.17647058823529413	0.045	0.07171314741035857	0.045
positive	100GB	95%	GFSeeker	1	0	400	69	1	0	0	NA	0
positive	100GB	95%	Genion	1	0	400	69	1	0	0	NA	0
positive	100GB	95%	LongGF	1	0	400	69	1	0	0	NA	0
positive	10GB	85%	FusionSeeker	1	0	397	69	1	0	0	NA	0
positive	10GB	90%	FusionSeeker	1	0	400	69	1	0	0	NA	0
positive	10GB	95%	FusionSeeker	1	0	400	69	1	0	0	NA	0
negative	100GB	85%	CTAT-LR-Fusion	2	0	400	68	1	0	0	NA	0
negative	100GB	85%	FusionSeeker	20	0	400	68	1	0	0	NA	0
negative	100GB	85%	GFSeeker	1	0	400	68	1	0	0	NA	0
negative	100GB	85%	Genion	4	0	400	68	1	0	0	NA	0
negative	100GB	90%	CTAT-LR-Fusion	1	0	400	68	1	0	0	NA	0
negative	100GB	90%	FusionSeeker	20	0	400	68	1	0	0	NA	0
negative	100GB	90%	GFSeeker	1	0	400	68	1	0	0	NA	0
negative	100GB	90%	Genion	4	0	400	68	1	0	0	NA	0
negative	100GB	95%	FusionSeeker	22	0	400	68	1	0	0	NA	0
negative	100GB	95%	GFSeeker	1	0	400	68	1	0	0	NA	0
negative	100GB	95%	Genion	1	0	400	68	1	0	0	NA	0
negative	10GB	85%	CTAT-LR-Fusion	1	0	397	68	1	0	0	NA	0
negative	10GB	85%	FusionSeeker	1	0	397	68	1	0	0	NA	0
negative	10GB	90%	FusionSeeker	1	0	400	68	1	0	0	NA	0
negative	10GB	95%	FusionSeeker	1	0	400	68	1	0	0	NA	0
positive	100GB	85%	CTAT-LR-Fusion	4	0	400	68	1	0	0	NA	0
positive	100GB	85%	FusionSeeker	40	4	400	68	0.9090909090909091	0.09090909090909091	0.01	0.018018018018018018	0.01
positive	100GB	85%	GFSeeker	1	0	400	68	1	0	0	NA	0
positive	100GB	85%	Genion	4	0	400	68	1	0	0	NA	0
positive	100GB	90%	CTAT-LR-Fusion	1	0	400	68	1	0	0	NA	0
positive	100GB	90%	FusionSeeker	69	10	400	68	0.8734177215189873	0.12658227848101267	0.025	0.041753653444676415	0.025
positive	100GB	90%	GFSeeker	1	0	400	68	1	0	0	NA	0
positive	100GB	90%	Genion	4	0	400	68	1	0	0	NA	0
positive	100GB	95%	FusionSeeker	85	18	400	68	0.8252427184466019	0.17475728155339806	0.045	0.07157057654075547	0.045
positive	100GB	95%	GFSeeker	1	0	400	68	1	0	0	NA	0
positive	100GB	95%	Genion	1	0	400	68	1	0	0	NA	0
positive	100GB	95%	LongGF	1	0	400	68	1	0	0	NA	0
positive	10GB	85%	FusionSeeker	1	0	397	68	1	0	0	NA	0
positive	10GB	90%	FusionSeeker	1	0	400	68	1	0	0	NA	0
positive	10GB	95%	FusionSeeker	1	0	400	68	1	0	0	NA	0
negative	100GB	85%	CTAT-LR-Fusion	2	0	400	67	1	0	0	NA	0
negative	100GB	85%	FusionSeeker	20	0	400	67	1	0	0	NA	0
negative	100GB	85%	GFSeeker	1	0	400	67	1	0	0	NA	0
negative	100GB	85%	Genion	4	0	400	67	1	0	0	NA	0
negative	100GB	90%	CTAT-LR-Fusion	1	0	400	67	1	0	0	NA	0
negative	100GB	90%	FusionSeeker	20	0	400	67	1	0	0	NA	0
negative	100GB	90%	GFSeeker	1	0	400	67	1	0	0	NA	0
negative	100GB	90%	Genion	4	0	400	67	1	0	0	NA	0
negative	100GB	95%	FusionSeeker	22	0	400	67	1	0	0	NA	0
negative	100GB	95%	GFSeeker	1	0	400	67	1	0	0	NA	0
negative	100GB	95%	Genion	1	0	400	67	1	0	0	NA	0
negative	10GB	85%	CTAT-LR-Fusion	1	0	397	67	1	0	0	NA	0
negative	10GB	85%	FusionSeeker	1	0	397	67	1	0	0	NA	0
negative	10GB	90%	FusionSeeker	1	0	400	67	1	0	0	NA	0
negative	10GB	95%	FusionSeeker	1	0	400	67	1	0	0	NA	0
positive	100GB	85%	CTAT-LR-Fusion	4	0	400	67	1	0	0	NA	0
positive	100GB	85%	FusionSeeker	42	4	400	67	0.9130434782608695	0.08695652173913043	0.01	0.017937219730941707	0.01
positive	100GB	85%	GFSeeker	1	0	400	67	1	0	0	NA	0
positive	100GB	85%	Genion	4	0	400	67	1	0	0	NA	0
positive	100GB	90%	CTAT-LR-Fusion	1	0	400	67	1	0	0	NA	0
positive	100GB	90%	FusionSeeker	69	10	400	67	0.8734177215189873	0.12658227848101267	0.025	0.041753653444676415	0.025
positive	100GB	90%	GFSeeker	1	0	400	67	1	0	0	NA	0
positive	100GB	90%	Genion	4	0	400	67	1	0	0	NA	0
positive	100GB	95%	FusionSeeker	87	19	400	67	0.8207547169811321	0.1792452830188679	0.0475	0.07509881422924901	0.0475
positive	100GB	95%	GFSeeker	1	0	400	67	1	0	0	NA	0
positive	100GB	95%	Genion	1	0	400	67	1	0	0	NA	0
positive	100GB	95%	LongGF	1	0	400	67	1	0	0	NA	0
positive	10GB	85%	CTAT-LR-Fusion	1	0	397	67	1	0	0	NA	0
positive	10GB	85%	FusionSeeker	1	0	397	67	1	0	0	NA	0
positive	10GB	90%	FusionSeeker	1	0	400	67	1	0	0	NA	0
positive	10GB	95%	FusionSeeker	1	0	400	67	1	0	0	NA	0
negative	100GB	85%	CTAT-LR-Fusion	2	0	400	66	1	0	0	NA	0
negative	100GB	85%	FusionSeeker	20	0	400	66	1	0	0	NA	0
negative	100GB	85%	GFSeeker	1	0	400	66	1	0	0	NA	0
negative	100GB	85%	Genion	4	0	400	66	1	0	0	NA	0
negative	100GB	90%	CTAT-LR-Fusion	1	0	400	66	1	0	0	NA	0
negative	100GB	90%	FusionSeeker	21	0	400	66	1	0	0	NA	0
negative	100GB	90%	GFSeeker	1	0	400	66	1	0	0	NA	0
negative	100GB	90%	Genion	4	0	400	66	1	0	0	NA	0
negative	100GB	95%	FusionSeeker	22	0	400	66	1	0	0	NA	0
negative	100GB	95%	GFSeeker	1	0	400	66	1	0	0	NA	0
negative	100GB	95%	Genion	1	0	400	66	1	0	0	NA	0
negative	10GB	85%	CTAT-LR-Fusion	1	0	397	66	1	0	0	NA	0
negative	10GB	85%	FusionSeeker	1	0	397	66	1	0	0	NA	0
negative	10GB	90%	FusionSeeker	1	0	400	66	1	0	0	NA	0
negative	10GB	95%	FusionSeeker	1	0	400	66	1	0	0	NA	0
positive	100GB	85%	CTAT-LR-Fusion	4	0	400	66	1	0	0	NA	0
positive	100GB	85%	FusionSeeker	43	6	400	66	0.8775510204081632	0.12244897959183673	0.015	0.026726057906458798	0.015
positive	100GB	85%	GFSeeker	1	0	400	66	1	0	0	NA	0
positive	100GB	85%	Genion	4	0	400	66	1	0	0	NA	0
positive	100GB	90%	CTAT-LR-Fusion	1	0	400	66	1	0	0	NA	0
positive	100GB	90%	FusionSeeker	72	10	400	66	0.8780487804878049	0.12195121951219512	0.025	0.041493775933609964	0.025
positive	100GB	90%	GFSeeker	1	0	400	66	1	0	0	NA	0
positive	100GB	90%	Genion	4	0	400	66	1	0	0	NA	0
positive	100GB	95%	FusionSeeker	89	19	400	66	0.8240740740740741	0.17592592592592593	0.0475	0.07480314960629922	0.0475
positive	100GB	95%	GFSeeker	1	0	400	66	1	0	0	NA	0
positive	100GB	95%	Genion	1	0	400	66	1	0	0	NA	0
positive	100GB	95%	LongGF	1	0	400	66	1	0	0	NA	0
positive	10GB	85%	CTAT-LR-Fusion	1	0	397	66	1	0	0	NA	0
positive	10GB	85%	FusionSeeker	1	0	397	66	1	0	0	NA	0
positive	10GB	90%	FusionSeeker	1	0	400	66	1	0	0	NA	0
positive	10GB	95%	FusionSeeker	1	0	400	66	1	0	0	NA	0
negative	100GB	85%	CTAT-LR-Fusion	2	0	400	65	1	0	0	NA	0
negative	100GB	85%	FusionSeeker	21	0	400	65	1	0	0	NA	0
negative	100GB	85%	GFSeeker	1	0	400	65	1	0	0	NA	0
negative	100GB	85%	Genion	4	0	400	65	1	0	0	NA	0
negative	100GB	90%	CTAT-LR-Fusion	1	0	400	65	1	0	0	NA	0
negative	100GB	90%	FusionSeeker	21	0	400	65	1	0	0	NA	0
negative	100GB	90%	GFSeeker	1	0	400	65	1	0	0	NA	0
negative	100GB	90%	Genion	4	0	400	65	1	0	0	NA	0
negative	100GB	95%	FusionSeeker	24	0	400	65	1	0	0	NA	0
negative	100GB	95%	GFSeeker	1	0	400	65	1	0	0	NA	0
negative	100GB	95%	Genion	1	0	400	65	1	0	0	NA	0
negative	10GB	85%	CTAT-LR-Fusion	1	0	397	65	1	0	0	NA	0
negative	10GB	85%	FusionSeeker	1	0	397	65	1	0	0	NA	0
negative	10GB	90%	FusionSeeker	1	0	400	65	1	0	0	NA	0
negative	10GB	95%	FusionSeeker	1	0	400	65	1	0	0	NA	0
positive	100GB	85%	CTAT-LR-Fusion	4	0	400	65	1	0	0	NA	0
positive	100GB	85%	FusionSeeker	43	6	400	65	0.8775510204081632	0.12244897959183673	0.015	0.026726057906458798	0.015
positive	100GB	85%	GFSeeker	1	0	400	65	1	0	0	NA	0
positive	100GB	85%	Genion	4	0	400	65	1	0	0	NA	0
positive	100GB	90%	CTAT-LR-Fusion	1	0	400	65	1	0	0	NA	0
positive	100GB	90%	FusionSeeker	75	10	400	65	0.8823529411764706	0.11764705882352941	0.025	0.041237113402061855	0.025
positive	100GB	90%	GFSeeker	1	0	400	65	1	0	0	NA	0
positive	100GB	90%	Genion	4	0	400	65	1	0	0	NA	0
positive	100GB	95%	FusionSeeker	91	20	400	65	0.8198198198198198	0.18018018018018017	0.05	0.07827788649706459	0.05
positive	100GB	95%	GFSeeker	1	0	400	65	1	0	0	NA	0
positive	100GB	95%	Genion	1	0	400	65	1	0	0	NA	0
positive	100GB	95%	LongGF	1	0	400	65	1	0	0	NA	0
positive	10GB	85%	CTAT-LR-Fusion	1	0	397	65	1	0	0	NA	0
positive	10GB	85%	FusionSeeker	1	0	397	65	1	0	0	NA	0
positive	10GB	90%	FusionSeeker	1	0	400	65	1	0	0	NA	0
positive	10GB	95%	FusionSeeker	1	0	400	65	1	0	0	NA	0
negative	100GB	85%	CTAT-LR-Fusion	2	0	400	64	1	0	0	NA	0
negative	100GB	85%	FusionSeeker	23	0	400	64	1	0	0	NA	0
negative	100GB	85%	GFSeeker	1	0	400	64	1	0	0	NA	0
negative	100GB	85%	Genion	4	0	400	64	1	0	0	NA	0
negative	100GB	90%	CTAT-LR-Fusion	1	0	400	64	1	0	0	NA	0
negative	100GB	90%	FusionSeeker	21	0	400	64	1	0	0	NA	0
negative	100GB	90%	GFSeeker	1	0	400	64	1	0	0	NA	0
negative	100GB	90%	Genion	4	0	400	64	1	0	0	NA	0
negative	100GB	95%	CTAT-LR-Fusion	1	0	400	64	1	0	0	NA	0
negative	100GB	95%	FusionSeeker	24	0	400	64	1	0	0	NA	0
negative	100GB	95%	GFSeeker	1	0	400	64	1	0	0	NA	0
negative	100GB	95%	Genion	1	0	400	64	1	0	0	NA	0
negative	10GB	85%	CTAT-LR-Fusion	1	0	397	64	1	0	0	NA	0
negative	10GB	85%	FusionSeeker	1	0	397	64	1	0	0	NA	0
negative	10GB	90%	FusionSeeker	1	0	400	64	1	0	0	NA	0
negative	10GB	95%	FusionSeeker	1	0	400	64	1	0	0	NA	0
positive	100GB	85%	CTAT-LR-Fusion	4	0	400	64	1	0	0	NA	0
positive	100GB	85%	FusionSeeker	43	6	400	64	0.8775510204081632	0.12244897959183673	0.015	0.026726057906458798	0.015
positive	100GB	85%	GFSeeker	1	0	400	64	1	0	0	NA	0
positive	100GB	85%	Genion	4	0	400	64	1	0	0	NA	0
positive	100GB	90%	CTAT-LR-Fusion	1	0	400	64	1	0	0	NA	0
positive	100GB	90%	FusionSeeker	78	10	400	64	0.8863636363636364	0.11363636363636363	0.025	0.040983606557377046	0.025
positive	100GB	90%	GFSeeker	1	0	400	64	1	0	0	NA	0
positive	100GB	90%	Genion	4	0	400	64	1	0	0	NA	0
positive	100GB	95%	CTAT-LR-Fusion	1	0	400	64	1	0	0	NA	0
positive	100GB	95%	FusionSeeker	92	20	400	64	0.8214285714285714	0.17857142857142858	0.05	0.078125	0.05
positive	100GB	95%	GFSeeker	1	0	400	64	1	0	0	NA	0
positive	100GB	95%	Genion	1	0	400	64	1	0	0	NA	0
positive	100GB	95%	LongGF	1	0	400	64	1	0	0	NA	0
positive	10GB	85%	CTAT-LR-Fusion	1	0	397	64	1	0	0	NA	0
positive	10GB	85%	FusionSeeker	1	0	397	64	1	0	0	NA	0
positive	10GB	90%	FusionSeeker	1	0	400	64	1	0	0	NA	0
positive	10GB	95%	FusionSeeker	1	0	400	64	1	0	0	NA	0
negative	100GB	85%	CTAT-LR-Fusion	2	0	400	63	1	0	0	NA	0
negative	100GB	85%	FusionSeeker	23	0	400	63	1	0	0	NA	0
negative	100GB	85%	GFSeeker	1	0	400	63	1	0	0	NA	0
negative	100GB	85%	Genion	4	0	400	63	1	0	0	NA	0
negative	100GB	90%	CTAT-LR-Fusion	1	0	400	63	1	0	0	NA	0
negative	100GB	90%	FusionSeeker	22	0	400	63	1	0	0	NA	0
negative	100GB	90%	GFSeeker	1	0	400	63	1	0	0	NA	0
negative	100GB	90%	Genion	4	0	400	63	1	0	0	NA	0
negative	100GB	95%	CTAT-LR-Fusion	1	0	400	63	1	0	0	NA	0
negative	100GB	95%	FusionSeeker	25	0	400	63	1	0	0	NA	0
negative	100GB	95%	GFSeeker	1	0	400	63	1	0	0	NA	0
negative	100GB	95%	Genion	1	0	400	63	1	0	0	NA	0
negative	10GB	85%	CTAT-LR-Fusion	1	0	397	63	1	0	0	NA	0
negative	10GB	85%	FusionSeeker	1	0	397	63	1	0	0	NA	0
negative	10GB	90%	FusionSeeker	1	0	400	63	1	0	0	NA	0
negative	10GB	95%	FusionSeeker	1	0	400	63	1	0	0	NA	0
positive	100GB	85%	CTAT-LR-Fusion	4	0	400	63	1	0	0	NA	0
positive	100GB	85%	FusionSeeker	44	6	400	63	0.88	0.12	0.015	0.026666666666666665	0.015
positive	100GB	85%	GFSeeker	1	0	400	63	1	0	0	NA	0
positive	100GB	85%	Genion	4	0	400	63	1	0	0	NA	0
positive	100GB	90%	CTAT-LR-Fusion	1	0	400	63	1	0	0	NA	0
positive	100GB	90%	FusionSeeker	80	12	400	63	0.8695652173913043	0.13043478260869565	0.03	0.048780487804878044	0.03
positive	100GB	90%	GFSeeker	1	0	400	63	1	0	0	NA	0
positive	100GB	90%	Genion	4	0	400	63	1	0	0	NA	0
positive	100GB	95%	CTAT-LR-Fusion	1	0	400	63	1	0	0	NA	0
positive	100GB	95%	FusionSeeker	93	20	400	63	0.8230088495575221	0.17699115044247787	0.05	0.07797270955165693	0.05
positive	100GB	95%	GFSeeker	1	0	400	63	1	0	0	NA	0
positive	100GB	95%	Genion	1	0	400	63	1	0	0	NA	0
positive	100GB	95%	LongGF	1	0	400	63	1	0	0	NA	0
positive	10GB	85%	CTAT-LR-Fusion	1	0	397	63	1	0	0	NA	0
positive	10GB	85%	FusionSeeker	1	0	397	63	1	0	0	NA	0
positive	10GB	90%	FusionSeeker	1	0	400	63	1	0	0	NA	0
positive	10GB	95%	FusionSeeker	1	0	400	63	1	0	0	NA	0
negative	100GB	85%	CTAT-LR-Fusion	2	0	400	62	1	0	0	NA	0
negative	100GB	85%	FusionSeeker	23	0	400	62	1	0	0	NA	0
negative	100GB	85%	GFSeeker	1	0	400	62	1	0	0	NA	0
negative	100GB	85%	Genion	4	0	400	62	1	0	0	NA	0
negative	100GB	90%	CTAT-LR-Fusion	1	0	400	62	1	0	0	NA	0
negative	100GB	90%	FusionSeeker	22	0	400	62	1	0	0	NA	0
negative	100GB	90%	GFSeeker	1	0	400	62	1	0	0	NA	0
negative	100GB	90%	Genion	4	0	400	62	1	0	0	NA	0
negative	100GB	95%	CTAT-LR-Fusion	1	0	400	62	1	0	0	NA	0
negative	100GB	95%	FusionSeeker	25	0	400	62	1	0	0	NA	0
negative	100GB	95%	GFSeeker	1	0	400	62	1	0	0	NA	0
negative	100GB	95%	Genion	1	0	400	62	1	0	0	NA	0
negative	10GB	85%	CTAT-LR-Fusion	1	0	397	62	1	0	0	NA	0
negative	10GB	85%	FusionSeeker	1	0	397	62	1	0	0	NA	0
negative	10GB	90%	FusionSeeker	1	0	400	62	1	0	0	NA	0
negative	10GB	95%	FusionSeeker	1	0	400	62	1	0	0	NA	0
positive	100GB	85%	CTAT-LR-Fusion	4	0	400	62	1	0	0	NA	0
positive	100GB	85%	FusionSeeker	46	6	400	62	0.8846153846153846	0.11538461538461539	0.015	0.026548672566371685	0.015
positive	100GB	85%	GFSeeker	1	0	400	62	1	0	0	NA	0
positive	100GB	85%	Genion	4	0	400	62	1	0	0	NA	0
positive	100GB	90%	CTAT-LR-Fusion	1	0	400	62	1	0	0	NA	0
positive	100GB	90%	FusionSeeker	81	13	400	62	0.8617021276595744	0.13829787234042554	0.0325	0.05263157894736842	0.0325
positive	100GB	90%	GFSeeker	1	0	400	62	1	0	0	NA	0
positive	100GB	90%	Genion	4	0	400	62	1	0	0	NA	0
positive	100GB	95%	CTAT-LR-Fusion	1	0	400	62	1	0	0	NA	0
positive	100GB	95%	FusionSeeker	93	20	400	62	0.8230088495575221	0.17699115044247787	0.05	0.07797270955165693	0.05
positive	100GB	95%	GFSeeker	1	0	400	62	1	0	0	NA	0
positive	100GB	95%	Genion	1	0	400	62	1	0	0	NA	0
positive	100GB	95%	LongGF	1	0	400	62	1	0	0	NA	0
positive	10GB	85%	CTAT-LR-Fusion	1	0	397	62	1	0	0	NA	0
positive	10GB	85%	FusionSeeker	1	0	397	62	1	0	0	NA	0
positive	10GB	90%	FusionSeeker	1	0	400	62	1	0	0	NA	0
positive	10GB	95%	FusionSeeker	1	0	400	62	1	0	0	NA	0
negative	100GB	85%	CTAT-LR-Fusion	2	0	400	61	1	0	0	NA	0
negative	100GB	85%	FusionSeeker	25	0	400	61	1	0	0	NA	0
negative	100GB	85%	GFSeeker	1	0	400	61	1	0	0	NA	0
negative	100GB	85%	Genion	4	0	400	61	1	0	0	NA	0
negative	100GB	90%	CTAT-LR-Fusion	1	0	400	61	1	0	0	NA	0
negative	100GB	90%	FusionSeeker	24	0	400	61	1	0	0	NA	0
negative	100GB	90%	GFSeeker	1	0	400	61	1	0	0	NA	0
negative	100GB	90%	Genion	4	0	400	61	1	0	0	NA	0
negative	100GB	95%	CTAT-LR-Fusion	1	0	400	61	1	0	0	NA	0
negative	100GB	95%	FusionSeeker	26	0	400	61	1	0	0	NA	0
negative	100GB	95%	GFSeeker	1	0	400	61	1	0	0	NA	0
negative	100GB	95%	Genion	1	0	400	61	1	0	0	NA	0
negative	10GB	85%	CTAT-LR-Fusion	1	0	397	61	1	0	0	NA	0
negative	10GB	85%	FusionSeeker	1	0	397	61	1	0	0	NA	0
negative	10GB	90%	FusionSeeker	1	0	400	61	1	0	0	NA	0
negative	10GB	95%	FusionSeeker	1	0	400	61	1	0	0	NA	0
positive	100GB	85%	CTAT-LR-Fusion	4	0	400	61	1	0	0	NA	0
positive	100GB	85%	FusionSeeker	47	6	400	61	0.8867924528301887	0.11320754716981132	0.015	0.026490066225165566	0.015
positive	100GB	85%	GFSeeker	1	0	400	61	1	0	0	NA	0
positive	100GB	85%	Genion	4	0	400	61	1	0	0	NA	0
positive	100GB	90%	CTAT-LR-Fusion	1	0	400	61	1	0	0	NA	0
positive	100GB	90%	FusionSeeker	81	14	400	61	0.8526315789473684	0.14736842105263157	0.035	0.05656565656565657	0.035
positive	100GB	90%	GFSeeker	1	0	400	61	1	0	0	NA	0
positive	100GB	90%	Genion	4	0	400	61	1	0	0	NA	0
positive	100GB	95%	CTAT-LR-Fusion	1	0	400	61	1	0	0	NA	0
positive	100GB	95%	FusionSeeker	94	20	400	61	0.8245614035087719	0.17543859649122806	0.05	0.07782101167315175	0.05
positive	100GB	95%	GFSeeker	1	0	400	61	1	0	0	NA	0
positive	100GB	95%	Genion	1	0	400	61	1	0	0	NA	0
positive	100GB	95%	LongGF	1	0	400	61	1	0	0	NA	0
positive	10GB	85%	CTAT-LR-Fusion	1	0	397	61	1	0	0	NA	0
positive	10GB	85%	FusionSeeker	1	0	397	61	1	0	0	NA	0
positive	10GB	90%	FusionSeeker	1	0	400	61	1	0	0	NA	0
positive	10GB	95%	FusionSeeker	1	0	400	61	1	0	0	NA	0
negative	100GB	85%	CTAT-LR-Fusion	2	0	400	60	1	0	0	NA	0
negative	100GB	85%	FusionSeeker	26	0	400	60	1	0	0	NA	0
negative	100GB	85%	GFSeeker	1	0	400	60	1	0	0	NA	0
negative	100GB	85%	Genion	4	0	400	60	1	0	0	NA	0
negative	100GB	90%	CTAT-LR-Fusion	1	0	400	60	1	0	0	NA	0
negative	100GB	90%	FusionSeeker	24	0	400	60	1	0	0	NA	0
negative	100GB	90%	GFSeeker	1	0	400	60	1	0	0	NA	0
negative	100GB	90%	Genion	4	0	400	60	1	0	0	NA	0
negative	100GB	95%	CTAT-LR-Fusion	1	0	400	60	1	0	0	NA	0
negative	100GB	95%	FusionSeeker	26	0	400	60	1	0	0	NA	0
negative	100GB	95%	GFSeeker	1	0	400	60	1	0	0	NA	0
negative	100GB	95%	Genion	1	0	400	60	1	0	0	NA	0
negative	10GB	85%	CTAT-LR-Fusion	1	0	397	60	1	0	0	NA	0
negative	10GB	85%	FusionSeeker	1	0	397	60	1	0	0	NA	0
negative	10GB	90%	FusionSeeker	1	0	400	60	1	0	0	NA	0
negative	10GB	95%	FusionSeeker	1	0	400	60	1	0	0	NA	0
positive	100GB	85%	CTAT-LR-Fusion	4	0	400	60	1	0	0	NA	0
positive	100GB	85%	FusionSeeker	48	6	400	60	0.8888888888888888	0.1111111111111111	0.015	0.026431718061674006	0.015
positive	100GB	85%	GFSeeker	1	0	400	60	1	0	0	NA	0
positive	100GB	85%	Genion	4	0	400	60	1	0	0	NA	0
positive	100GB	90%	CTAT-LR-Fusion	1	0	400	60	1	0	0	NA	0
positive	100GB	90%	FusionSeeker	82	14	400	60	0.8541666666666666	0.14583333333333334	0.035	0.05645161290322581	0.035
positive	100GB	90%	GFSeeker	1	0	400	60	1	0	0	NA	0
positive	100GB	90%	Genion	4	0	400	60	1	0	0	NA	0
positive	100GB	95%	CTAT-LR-Fusion	1	0	400	60	1	0	0	NA	0
positive	100GB	95%	FusionSeeker	99	20	400	60	0.8319327731092437	0.16806722689075632	0.05	0.07707129094412332	0.05
positive	100GB	95%	GFSeeker	1	0	400	60	1	0	0	NA	0
positive	100GB	95%	Genion	1	0	400	60	1	0	0	NA	0
positive	100GB	95%	LongGF	1	0	400	60	1	0	0	NA	0
positive	10GB	85%	CTAT-LR-Fusion	1	0	397	60	1	0	0	NA	0
positive	10GB	85%	FusionSeeker	1	0	397	60	1	0	0	NA	0
positive	10GB	90%	FusionSeeker	1	0	400	60	1	0	0	NA	0
positive	10GB	95%	FusionSeeker	1	0	400	60	1	0	0	NA	0
negative	100GB	85%	CTAT-LR-Fusion	2	0	400	59	1	0	0	NA	0
negative	100GB	85%	FusionSeeker	26	0	400	59	1	0	0	NA	0
negative	100GB	85%	GFSeeker	1	0	400	59	1	0	0	NA	0
negative	100GB	85%	Genion	4	0	400	59	1	0	0	NA	0
negative	100GB	90%	CTAT-LR-Fusion	1	0	400	59	1	0	0	NA	0
negative	100GB	90%	FusionSeeker	24	0	400	59	1	0	0	NA	0
negative	100GB	90%	GFSeeker	1	0	400	59	1	0	0	NA	0
negative	100GB	90%	Genion	4	0	400	59	1	0	0	NA	0
negative	100GB	90%	LongGF	1	0	400	59	1	0	0	NA	0
negative	100GB	95%	CTAT-LR-Fusion	1	0	400	59	1	0	0	NA	0
negative	100GB	95%	FusionSeeker	26	0	400	59	1	0	0	NA	0
negative	100GB	95%	GFSeeker	1	0	400	59	1	0	0	NA	0
negative	100GB	95%	Genion	1	0	400	59	1	0	0	NA	0
negative	10GB	85%	CTAT-LR-Fusion	1	0	397	59	1	0	0	NA	0
negative	10GB	85%	FusionSeeker	1	0	397	59	1	0	0	NA	0
negative	10GB	90%	FusionSeeker	1	0	400	59	1	0	0	NA	0
negative	10GB	95%	FusionSeeker	1	0	400	59	1	0	0	NA	0
positive	100GB	85%	CTAT-LR-Fusion	5	0	400	59	1	0	0	NA	0
positive	100GB	85%	FusionSeeker	48	7	400	59	0.8727272727272727	0.12727272727272726	0.0175	0.030769230769230764	0.0175
positive	100GB	85%	GFSeeker	1	0	400	59	1	0	0	NA	0
positive	100GB	85%	Genion	4	0	400	59	1	0	0	NA	0
positive	100GB	90%	CTAT-LR-Fusion	1	0	400	59	1	0	0	NA	0
positive	100GB	90%	FusionSeeker	84	14	400	59	0.8571428571428571	0.14285714285714285	0.035	0.05622489959839358	0.035
positive	100GB	90%	GFSeeker	1	0	400	59	1	0	0	NA	0
positive	100GB	90%	Genion	4	0	400	59	1	0	0	NA	0
positive	100GB	95%	CTAT-LR-Fusion	1	0	400	59	1	0	0	NA	0
positive	100GB	95%	FusionSeeker	100	20	400	59	0.8333333333333334	0.16666666666666666	0.05	0.07692307692307691	0.05
positive	100GB	95%	GFSeeker	1	0	400	59	1	0	0	NA	0
positive	100GB	95%	Genion	1	0	400	59	1	0	0	NA	0
positive	100GB	95%	LongGF	1	0	400	59	1	0	0	NA	0
positive	10GB	85%	CTAT-LR-Fusion	1	0	397	59	1	0	0	NA	0
positive	10GB	85%	FusionSeeker	1	0	397	59	1	0	0	NA	0
positive	10GB	90%	FusionSeeker	1	0	400	59	1	0	0	NA	0
positive	10GB	95%	FusionSeeker	1	0	400	59	1	0	0	NA	0
negative	100GB	85%	CTAT-LR-Fusion	2	0	400	58	1	0	0	NA	0
negative	100GB	85%	FusionSeeker	26	0	400	58	1	0	0	NA	0
negative	100GB	85%	GFSeeker	1	0	400	58	1	0	0	NA	0
negative	100GB	85%	Genion	4	0	400	58	1	0	0	NA	0
negative	100GB	90%	CTAT-LR-Fusion	1	0	400	58	1	0	0	NA	0
negative	100GB	90%	FusionSeeker	25	0	400	58	1	0	0	NA	0
negative	100GB	90%	GFSeeker	1	0	400	58	1	0	0	NA	0
negative	100GB	90%	Genion	4	0	400	58	1	0	0	NA	0
negative	100GB	90%	LongGF	1	0	400	58	1	0	0	NA	0
negative	100GB	95%	CTAT-LR-Fusion	1	0	400	58	1	0	0	NA	0
negative	100GB	95%	FusionSeeker	26	0	400	58	1	0	0	NA	0
negative	100GB	95%	GFSeeker	1	0	400	58	1	0	0	NA	0
negative	100GB	95%	Genion	1	0	400	58	1	0	0	NA	0
negative	10GB	85%	CTAT-LR-Fusion	1	0	397	58	1	0	0	NA	0
negative	10GB	85%	FusionSeeker	1	0	397	58	1	0	0	NA	0
negative	10GB	90%	FusionSeeker	1	0	400	58	1	0	0	NA	0
negative	10GB	95%	FusionSeeker	1	0	400	58	1	0	0	NA	0
positive	100GB	85%	CTAT-LR-Fusion	5	0	400	58	1	0	0	NA	0
positive	100GB	85%	FusionSeeker	51	7	400	58	0.8793103448275862	0.1206896551724138	0.0175	0.030567685589519653	0.0175
positive	100GB	85%	GFSeeker	1	0	400	58	1	0	0	NA	0
positive	100GB	85%	Genion	4	0	400	58	1	0	0	NA	0
positive	100GB	90%	CTAT-LR-Fusion	1	0	400	58	1	0	0	NA	0
positive	100GB	90%	FusionSeeker	84	14	400	58	0.8571428571428571	0.14285714285714285	0.035	0.05622489959839358	0.035
positive	100GB	90%	GFSeeker	1	0	400	58	1	0	0	NA	0
positive	100GB	90%	Genion	4	0	400	58	1	0	0	NA	0
positive	100GB	95%	CTAT-LR-Fusion	1	0	400	58	1	0	0	NA	0
positive	100GB	95%	FusionSeeker	102	21	400	58	0.8292682926829268	0.17073170731707318	0.0525	0.08030592734225622	0.0525
positive	100GB	95%	GFSeeker	1	0	400	58	1	0	0	NA	0
positive	100GB	95%	Genion	1	0	400	58	1	0	0	NA	0
positive	100GB	95%	LongGF	1	0	400	58	1	0	0	NA	0
positive	10GB	85%	CTAT-LR-Fusion	1	0	397	58	1	0	0	NA	0
positive	10GB	85%	FusionSeeker	1	0	397	58	1	0	0	NA	0
positive	10GB	90%	FusionSeeker	1	0	400	58	1	0	0	NA	0
positive	10GB	95%	FusionSeeker	1	0	400	58	1	0	0	NA	0
negative	100GB	85%	CTAT-LR-Fusion	2	0	400	57	1	0	0	NA	0
negative	100GB	85%	FusionSeeker	26	0	400	57	1	0	0	NA	0
negative	100GB	85%	GFSeeker	1	0	400	57	1	0	0	NA	0
negative	100GB	85%	Genion	4	0	400	57	1	0	0	NA	0
negative	100GB	90%	CTAT-LR-Fusion	1	0	400	57	1	0	0	NA	0
negative	100GB	90%	FusionSeeker	26	0	400	57	1	0	0	NA	0
negative	100GB	90%	GFSeeker	1	0	400	57	1	0	0	NA	0
negative	100GB	90%	Genion	4	0	400	57	1	0	0	NA	0
negative	100GB	90%	LongGF	1	0	400	57	1	0	0	NA	0
negative	100GB	95%	CTAT-LR-Fusion	1	0	400	57	1	0	0	NA	0
negative	100GB	95%	FusionSeeker	26	0	400	57	1	0	0	NA	0
negative	100GB	95%	GFSeeker	1	0	400	57	1	0	0	NA	0
negative	100GB	95%	Genion	1	0	400	57	1	0	0	NA	0
negative	100GB	95%	LongGF	1	0	400	57	1	0	0	NA	0
negative	10GB	85%	CTAT-LR-Fusion	1	0	397	57	1	0	0	NA	0
negative	10GB	85%	FusionSeeker	1	0	397	57	1	0	0	NA	0
negative	10GB	90%	FusionSeeker	1	0	400	57	1	0	0	NA	0
negative	10GB	95%	FusionSeeker	1	0	400	57	1	0	0	NA	0
positive	100GB	85%	CTAT-LR-Fusion	5	0	400	57	1	0	0	NA	0
positive	100GB	85%	FusionSeeker	51	7	400	57	0.8793103448275862	0.1206896551724138	0.0175	0.030567685589519653	0.0175
positive	100GB	85%	GFSeeker	1	0	400	57	1	0	0	NA	0
positive	100GB	85%	Genion	4	0	400	57	1	0	0	NA	0
positive	100GB	90%	CTAT-LR-Fusion	1	0	400	57	1	0	0	NA	0
positive	100GB	90%	FusionSeeker	85	14	400	57	0.8585858585858586	0.1414141414141414	0.035	0.0561122244488978	0.035
positive	100GB	90%	GFSeeker	1	0	400	57	1	0	0	NA	0
positive	100GB	90%	Genion	4	0	400	57	1	0	0	NA	0
positive	100GB	95%	CTAT-LR-Fusion	2	0	400	57	1	0	0	NA	0
positive	100GB	95%	FusionSeeker	104	22	400	57	0.8253968253968254	0.1746031746031746	0.055	0.08365019011406845	0.055
positive	100GB	95%	GFSeeker	1	0	400	57	1	0	0	NA	0
positive	100GB	95%	Genion	1	0	400	57	1	0	0	NA	0
positive	100GB	95%	LongGF	1	0	400	57	1	0	0	NA	0
positive	10GB	85%	CTAT-LR-Fusion	1	0	397	57	1	0	0	NA	0
positive	10GB	85%	FusionSeeker	1	0	397	57	1	0	0	NA	0
positive	10GB	85%	Genion	1	0	397	57	1	0	0	NA	0
positive	10GB	90%	FusionSeeker	1	0	400	57	1	0	0	NA	0
positive	10GB	95%	FusionSeeker	1	0	400	57	1	0	0	NA	0
negative	100GB	85%	CTAT-LR-Fusion	2	0	400	56	1	0	0	NA	0
negative	100GB	85%	FusionSeeker	26	0	400	56	1	0	0	NA	0
negative	100GB	85%	GFSeeker	1	0	400	56	1	0	0	NA	0
negative	100GB	85%	Genion	4	0	400	56	1	0	0	NA	0
negative	100GB	90%	CTAT-LR-Fusion	1	0	400	56	1	0	0	NA	0
negative	100GB	90%	FusionSeeker	26	0	400	56	1	0	0	NA	0
negative	100GB	90%	GFSeeker	1	0	400	56	1	0	0	NA	0
negative	100GB	90%	Genion	4	0	400	56	1	0	0	NA	0
negative	100GB	90%	LongGF	1	0	400	56	1	0	0	NA	0
negative	100GB	95%	CTAT-LR-Fusion	1	0	400	56	1	0	0	NA	0
negative	100GB	95%	FusionSeeker	28	0	400	56	1	0	0	NA	0
negative	100GB	95%	GFSeeker	1	0	400	56	1	0	0	NA	0
negative	100GB	95%	Genion	1	0	400	56	1	0	0	NA	0
negative	100GB	95%	LongGF	1	0	400	56	1	0	0	NA	0
negative	10GB	85%	CTAT-LR-Fusion	1	0	397	56	1	0	0	NA	0
negative	10GB	85%	FusionSeeker	1	0	397	56	1	0	0	NA	0
negative	10GB	90%	FusionSeeker	1	0	400	56	1	0	0	NA	0
negative	10GB	95%	FusionSeeker	1	0	400	56	1	0	0	NA	0
positive	100GB	85%	CTAT-LR-Fusion	5	0	400	56	1	0	0	NA	0
positive	100GB	85%	FusionSeeker	53	7	400	56	0.8833333333333333	0.11666666666666667	0.0175	0.030434782608695657	0.0175
positive	100GB	85%	GFSeeker	1	0	400	56	1	0	0	NA	0
positive	100GB	85%	Genion	4	0	400	56	1	0	0	NA	0
positive	100GB	90%	CTAT-LR-Fusion	1	0	400	56	1	0	0	NA	0
positive	100GB	90%	FusionSeeker	89	14	400	56	0.8640776699029126	0.13592233009708737	0.035	0.055666003976143144	0.035
positive	100GB	90%	GFSeeker	2	0	400	56	1	0	0	NA	0
positive	100GB	90%	Genion	4	0	400	56	1	0	0	NA	0
positive	100GB	95%	CTAT-LR-Fusion	2	0	400	56	1	0	0	NA	0
positive	100GB	95%	FusionSeeker	106	22	400	56	0.828125	0.171875	0.055	0.08333333333333333	0.055
positive	100GB	95%	GFSeeker	1	0	400	56	1	0	0	NA	0
positive	100GB	95%	Genion	1	0	400	56	1	0	0	NA	0
positive	100GB	95%	LongGF	1	0	400	56	1	0	0	NA	0
positive	10GB	85%	CTAT-LR-Fusion	1	0	397	56	1	0	0	NA	0
positive	10GB	85%	FusionSeeker	1	0	397	56	1	0	0	NA	0
positive	10GB	85%	Genion	1	0	397	56	1	0	0	NA	0
positive	10GB	90%	FusionSeeker	1	0	400	56	1	0	0	NA	0
positive	10GB	95%	FusionSeeker	1	0	400	56	1	0	0	NA	0
negative	100GB	85%	CTAT-LR-Fusion	2	0	400	55	1	0	0	NA	0
negative	100GB	85%	FusionSeeker	26	0	400	55	1	0	0	NA	0
negative	100GB	85%	GFSeeker	1	0	400	55	1	0	0	NA	0
negative	100GB	85%	Genion	4	0	400	55	1	0	0	NA	0
negative	100GB	90%	CTAT-LR-Fusion	1	0	400	55	1	0	0	NA	0
negative	100GB	90%	FusionSeeker	27	0	400	55	1	0	0	NA	0
negative	100GB	90%	GFSeeker	1	0	400	55	1	0	0	NA	0
negative	100GB	90%	Genion	4	0	400	55	1	0	0	NA	0
negative	100GB	90%	LongGF	1	0	400	55	1	0	0	NA	0
negative	100GB	95%	CTAT-LR-Fusion	1	0	400	55	1	0	0	NA	0
negative	100GB	95%	FusionSeeker	28	0	400	55	1	0	0	NA	0
negative	100GB	95%	GFSeeker	1	0	400	55	1	0	0	NA	0
negative	100GB	95%	Genion	1	0	400	55	1	0	0	NA	0
negative	100GB	95%	LongGF	1	0	400	55	1	0	0	NA	0
negative	10GB	85%	CTAT-LR-Fusion	1	0	397	55	1	0	0	NA	0
negative	10GB	85%	FusionSeeker	1	0	397	55	1	0	0	NA	0
negative	10GB	90%	FusionSeeker	1	0	400	55	1	0	0	NA	0
negative	10GB	95%	FusionSeeker	1	0	400	55	1	0	0	NA	0
positive	100GB	85%	CTAT-LR-Fusion	5	0	400	55	1	0	0	NA	0
positive	100GB	85%	FusionSeeker	55	10	400	55	0.8461538461538461	0.15384615384615385	0.025	0.043010752688172046	0.025
positive	100GB	85%	GFSeeker	1	0	400	55	1	0	0	NA	0
positive	100GB	85%	Genion	4	0	400	55	1	0	0	NA	0
positive	100GB	90%	CTAT-LR-Fusion	1	0	400	55	1	0	0	NA	0
positive	100GB	90%	FusionSeeker	92	14	400	55	0.8679245283018868	0.1320754716981132	0.035	0.05533596837944664	0.035
positive	100GB	90%	GFSeeker	2	0	400	55	1	0	0	NA	0
positive	100GB	90%	Genion	4	0	400	55	1	0	0	NA	0
positive	100GB	95%	CTAT-LR-Fusion	2	0	400	55	1	0	0	NA	0
positive	100GB	95%	FusionSeeker	106	22	400	55	0.828125	0.171875	0.055	0.08333333333333333	0.055
positive	100GB	95%	GFSeeker	1	0	400	55	1	0	0	NA	0
positive	100GB	95%	Genion	1	0	400	55	1	0	0	NA	0
positive	100GB	95%	LongGF	1	0	400	55	1	0	0	NA	0
positive	10GB	85%	CTAT-LR-Fusion	1	0	397	55	1	0	0	NA	0
positive	10GB	85%	FusionSeeker	1	0	397	55	1	0	0	NA	0
positive	10GB	85%	Genion	1	0	397	55	1	0	0	NA	0
positive	10GB	90%	FusionSeeker	1	0	400	55	1	0	0	NA	0
positive	10GB	95%	FusionSeeker	1	0	400	55	1	0	0	NA	0
negative	100GB	85%	CTAT-LR-Fusion	2	0	400	54	1	0	0	NA	0
negative	100GB	85%	FusionSeeker	26	0	400	54	1	0	0	NA	0
negative	100GB	85%	GFSeeker	1	0	400	54	1	0	0	NA	0
negative	100GB	85%	Genion	4	0	400	54	1	0	0	NA	0
negative	100GB	90%	CTAT-LR-Fusion	1	0	400	54	1	0	0	NA	0
negative	100GB	90%	FusionSeeker	28	0	400	54	1	0	0	NA	0
negative	100GB	90%	GFSeeker	1	0	400	54	1	0	0	NA	0
negative	100GB	90%	Genion	4	0	400	54	1	0	0	NA	0
negative	100GB	90%	LongGF	1	0	400	54	1	0	0	NA	0
negative	100GB	95%	CTAT-LR-Fusion	1	0	400	54	1	0	0	NA	0
negative	100GB	95%	FusionSeeker	28	0	400	54	1	0	0	NA	0
negative	100GB	95%	GFSeeker	1	0	400	54	1	0	0	NA	0
negative	100GB	95%	Genion	1	0	400	54	1	0	0	NA	0
negative	100GB	95%	LongGF	1	0	400	54	1	0	0	NA	0
negative	10GB	85%	CTAT-LR-Fusion	1	0	397	54	1	0	0	NA	0
negative	10GB	85%	FusionSeeker	1	0	397	54	1	0	0	NA	0
negative	10GB	90%	FusionSeeker	1	0	400	54	1	0	0	NA	0
negative	10GB	95%	FusionSeeker	1	0	400	54	1	0	0	NA	0
positive	100GB	85%	CTAT-LR-Fusion	5	0	400	54	1	0	0	NA	0
positive	100GB	85%	FusionSeeker	60	11	400	54	0.8450704225352113	0.15492957746478872	0.0275	0.046709129511677286	0.0275
positive	100GB	85%	GFSeeker	1	0	400	54	1	0	0	NA	0
positive	100GB	85%	Genion	4	0	400	54	1	0	0	NA	0
positive	100GB	90%	CTAT-LR-Fusion	1	0	400	54	1	0	0	NA	0
positive	100GB	90%	FusionSeeker	96	16	400	54	0.8571428571428571	0.14285714285714285	0.04	0.0625	0.04
positive	100GB	90%	GFSeeker	2	0	400	54	1	0	0	NA	0
positive	100GB	90%	Genion	4	0	400	54	1	0	0	NA	0
positive	100GB	95%	CTAT-LR-Fusion	2	0	400	54	1	0	0	NA	0
positive	100GB	95%	FusionSeeker	107	25	400	54	0.8106060606060606	0.1893939393939394	0.0625	0.09398496240601503	0.0625
positive	100GB	95%	GFSeeker	1	0	400	54	1	0	0	NA	0
positive	100GB	95%	Genion	1	1	400	54	0.5	0.5	0.0025	0.0049751243781094535	0.0025
positive	100GB	95%	LongGF	1	0	400	54	1	0	0	NA	0
positive	10GB	85%	CTAT-LR-Fusion	1	0	397	54	1	0	0	NA	0
positive	10GB	85%	FusionSeeker	1	0	397	54	1	0	0	NA	0
positive	10GB	85%	Genion	1	0	397	54	1	0	0	NA	0
positive	10GB	90%	FusionSeeker	1	0	400	54	1	0	0	NA	0
positive	10GB	95%	FusionSeeker	1	0	400	54	1	0	0	NA	0
negative	100GB	85%	CTAT-LR-Fusion	2	0	400	53	1	0	0	NA	0
negative	100GB	85%	FusionSeeker	27	0	400	53	1	0	0	NA	0
negative	100GB	85%	GFSeeker	1	0	400	53	1	0	0	NA	0
negative	100GB	85%	Genion	4	0	400	53	1	0	0	NA	0
negative	100GB	90%	CTAT-LR-Fusion	1	0	400	53	1	0	0	NA	0
negative	100GB	90%	FusionSeeker	29	0	400	53	1	0	0	NA	0
negative	100GB	90%	GFSeeker	1	0	400	53	1	0	0	NA	0
negative	100GB	90%	Genion	4	0	400	53	1	0	0	NA	0
negative	100GB	90%	LongGF	1	0	400	53	1	0	0	NA	0
negative	100GB	95%	CTAT-LR-Fusion	1	0	400	53	1	0	0	NA	0
negative	100GB	95%	FusionSeeker	28	0	400	53	1	0	0	NA	0
negative	100GB	95%	GFSeeker	1	0	400	53	1	0	0	NA	0
negative	100GB	95%	Genion	1	0	400	53	1	0	0	NA	0
negative	100GB	95%	LongGF	1	0	400	53	1	0	0	NA	0
negative	10GB	85%	CTAT-LR-Fusion	1	0	397	53	1	0	0	NA	0
negative	10GB	85%	FusionSeeker	1	0	397	53	1	0	0	NA	0
negative	10GB	90%	FusionSeeker	1	0	400	53	1	0	0	NA	0
negative	10GB	95%	FusionSeeker	1	0	400	53	1	0	0	NA	0
positive	100GB	85%	CTAT-LR-Fusion	5	0	400	53	1	0	0	NA	0
positive	100GB	85%	FusionSeeker	61	11	400	53	0.8472222222222222	0.1527777777777778	0.0275	0.046610169491525424	0.0275
positive	100GB	85%	GFSeeker	1	0	400	53	1	0	0	NA	0
positive	100GB	85%	Genion	4	0	400	53	1	0	0	NA	0
positive	100GB	90%	CTAT-LR-Fusion	1	0	400	53	1	0	0	NA	0
positive	100GB	90%	FusionSeeker	97	16	400	53	0.8584070796460177	0.1415929203539823	0.04	0.06237816764132553	0.04
positive	100GB	90%	GFSeeker	2	0	400	53	1	0	0	NA	0
positive	100GB	90%	Genion	4	0	400	53	1	0	0	NA	0
positive	100GB	95%	CTAT-LR-Fusion	2	0	400	53	1	0	0	NA	0
positive	100GB	95%	FusionSeeker	109	26	400	53	0.8074074074074075	0.1925925925925926	0.065	0.09719626168224299	0.065
positive	100GB	95%	GFSeeker	1	0	400	53	1	0	0	NA	0
positive	100GB	95%	Genion	1	1	400	53	0.5	0.5	0.0025	0.0049751243781094535	0.0025
positive	100GB	95%	LongGF	1	0	400	53	1	0	0	NA	0
positive	10GB	85%	CTAT-LR-Fusion	1	0	397	53	1	0	0	NA	0
positive	10GB	85%	FusionSeeker	1	0	397	53	1	0	0	NA	0
positive	10GB	85%	Genion	1	0	397	53	1	0	0	NA	0
positive	10GB	90%	FusionSeeker	1	0	400	53	1	0	0	NA	0
positive	10GB	95%	FusionSeeker	1	0	400	53	1	0	0	NA	0
negative	100GB	85%	CTAT-LR-Fusion	2	0	400	52	1	0	0	NA	0
negative	100GB	85%	FusionSeeker	27	0	400	52	1	0	0	NA	0
negative	100GB	85%	GFSeeker	1	0	400	52	1	0	0	NA	0
negative	100GB	85%	Genion	4	0	400	52	1	0	0	NA	0
negative	100GB	90%	CTAT-LR-Fusion	1	0	400	52	1	0	0	NA	0
negative	100GB	90%	FusionSeeker	29	0	400	52	1	0	0	NA	0
negative	100GB	90%	GFSeeker	1	0	400	52	1	0	0	NA	0
negative	100GB	90%	Genion	4	0	400	52	1	0	0	NA	0
negative	100GB	90%	LongGF	1	0	400	52	1	0	0	NA	0
negative	100GB	95%	CTAT-LR-Fusion	1	0	400	52	1	0	0	NA	0
negative	100GB	95%	FusionSeeker	28	0	400	52	1	0	0	NA	0
negative	100GB	95%	GFSeeker	1	0	400	52	1	0	0	NA	0
negative	100GB	95%	Genion	1	0	400	52	1	0	0	NA	0
negative	100GB	95%	LongGF	1	0	400	52	1	0	0	NA	0
negative	10GB	85%	CTAT-LR-Fusion	1	0	397	52	1	0	0	NA	0
negative	10GB	85%	FusionSeeker	1	0	397	52	1	0	0	NA	0
negative	10GB	90%	FusionSeeker	1	0	400	52	1	0	0	NA	0
negative	10GB	95%	FusionSeeker	1	0	400	52	1	0	0	NA	0
positive	100GB	85%	CTAT-LR-Fusion	5	0	400	52	1	0	0	NA	0
positive	100GB	85%	FusionSeeker	64	11	400	52	0.8533333333333334	0.14666666666666667	0.0275	0.04631578947368421	0.0275
positive	100GB	85%	GFSeeker	1	0	400	52	1	0	0	NA	0
positive	100GB	85%	Genion	5	0	400	52	1	0	0	NA	0
positive	100GB	90%	CTAT-LR-Fusion	1	0	400	52	1	0	0	NA	0
positive	100GB	90%	FusionSeeker	99	16	400	52	0.8608695652173913	0.1391304347826087	0.04	0.06213592233009709	0.04
positive	100GB	90%	GFSeeker	3	0	400	52	1	0	0	NA	0
positive	100GB	90%	Genion	4	0	400	52	1	0	0	NA	0
positive	100GB	95%	CTAT-LR-Fusion	2	0	400	52	1	0	0	NA	0
positive	100GB	95%	FusionSeeker	113	26	400	52	0.8129496402877698	0.18705035971223022	0.065	0.09647495361781076	0.065
positive	100GB	95%	GFSeeker	1	0	400	52	1	0	0	NA	0
positive	100GB	95%	Genion	1	2	400	52	0.3333333333333333	0.6666666666666666	0.005	0.009925558312655087	0.005
positive	100GB	95%	LongGF	1	0	400	52	1	0	0	NA	0
positive	10GB	85%	CTAT-LR-Fusion	1	0	397	52	1	0	0	NA	0
positive	10GB	85%	FusionSeeker	1	0	397	52	1	0	0	NA	0
positive	10GB	85%	Genion	1	0	397	52	1	0	0	NA	0
positive	10GB	90%	FusionSeeker	1	0	400	52	1	0	0	NA	0
positive	10GB	95%	FusionSeeker	1	0	400	52	1	0	0	NA	0
negative	100GB	85%	CTAT-LR-Fusion	2	0	400	51	1	0	0	NA	0
negative	100GB	85%	FusionSeeker	28	0	400	51	1	0	0	NA	0
negative	100GB	85%	GFSeeker	1	0	400	51	1	0	0	NA	0
negative	100GB	85%	Genion	5	0	400	51	1	0	0	NA	0
negative	100GB	90%	CTAT-LR-Fusion	1	0	400	51	1	0	0	NA	0
negative	100GB	90%	FusionSeeker	31	0	400	51	1	0	0	NA	0
negative	100GB	90%	GFSeeker	1	0	400	51	1	0	0	NA	0
negative	100GB	90%	Genion	4	0	400	51	1	0	0	NA	0
negative	100GB	90%	LongGF	1	0	400	51	1	0	0	NA	0
negative	100GB	95%	CTAT-LR-Fusion	1	0	400	51	1	0	0	NA	0
negative	100GB	95%	FusionSeeker	29	0	400	51	1	0	0	NA	0
negative	100GB	95%	GFSeeker	1	0	400	51	1	0	0	NA	0
negative	100GB	95%	Genion	1	0	400	51	1	0	0	NA	0
negative	100GB	95%	LongGF	1	0	400	51	1	0	0	NA	0
negative	10GB	85%	CTAT-LR-Fusion	1	0	397	51	1	0	0	NA	0
negative	10GB	85%	FusionSeeker	1	0	397	51	1	0	0	NA	0
negative	10GB	85%	Genion	1	0	397	51	1	0	0	NA	0
negative	10GB	90%	FusionSeeker	1	0	400	51	1	0	0	NA	0
negative	10GB	95%	FusionSeeker	1	0	400	51	1	0	0	NA	0
positive	100GB	85%	CTAT-LR-Fusion	5	0	400	51	1	0	0	NA	0
positive	100GB	85%	FusionSeeker	65	11	400	51	0.8552631578947368	0.14473684210526316	0.0275	0.04621848739495798	0.0275
positive	100GB	85%	GFSeeker	1	0	400	51	1	0	0	NA	0
positive	100GB	85%	Genion	5	0	400	51	1	0	0	NA	0
positive	100GB	90%	CTAT-LR-Fusion	1	0	400	51	1	0	0	NA	0
positive	100GB	90%	FusionSeeker	99	16	400	51	0.8608695652173913	0.1391304347826087	0.04	0.06213592233009709	0.04
positive	100GB	90%	GFSeeker	3	0	400	51	1	0	0	NA	0
positive	100GB	90%	Genion	4	1	400	51	0.8	0.2	0.0025	0.0049382716049382715	0.0025
positive	100GB	95%	CTAT-LR-Fusion	2	0	400	51	1	0	0	NA	0
positive	100GB	95%	FusionSeeker	117	26	400	51	0.8181818181818182	0.18181818181818182	0.065	0.09576427255985268	0.065
positive	100GB	95%	GFSeeker	1	0	400	51	1	0	0	NA	0
positive	100GB	95%	Genion	1	2	400	51	0.3333333333333333	0.6666666666666666	0.005	0.009925558312655087	0.005
positive	100GB	95%	LongGF	1	0	400	51	1	0	0	NA	0
positive	10GB	85%	CTAT-LR-Fusion	1	0	397	51	1	0	0	NA	0
positive	10GB	85%	FusionSeeker	1	0	397	51	1	0	0	NA	0
positive	10GB	85%	Genion	1	0	397	51	1	0	0	NA	0
positive	10GB	90%	FusionSeeker	1	0	400	51	1	0	0	NA	0
positive	10GB	95%	FusionSeeker	1	0	400	51	1	0	0	NA	0
negative	100GB	85%	CTAT-LR-Fusion	2	0	400	50	1	0	0	NA	0
negative	100GB	85%	FusionSeeker	29	0	400	50	1	0	0	NA	0
negative	100GB	85%	GFSeeker	1	0	400	50	1	0	0	NA	0
negative	100GB	85%	Genion	5	0	400	50	1	0	0	NA	0
negative	100GB	90%	CTAT-LR-Fusion	1	0	400	50	1	0	0	NA	0
negative	100GB	90%	FusionSeeker	31	0	400	50	1	0	0	NA	0
negative	100GB	90%	GFSeeker	1	0	400	50	1	0	0	NA	0
negative	100GB	90%	Genion	4	0	400	50	1	0	0	NA	0
negative	100GB	90%	LongGF	1	0	400	50	1	0	0	NA	0
negative	100GB	95%	CTAT-LR-Fusion	1	0	400	50	1	0	0	NA	0
negative	100GB	95%	FusionSeeker	30	0	400	50	1	0	0	NA	0
negative	100GB	95%	GFSeeker	1	0	400	50	1	0	0	NA	0
negative	100GB	95%	Genion	1	0	400	50	1	0	0	NA	0
negative	100GB	95%	LongGF	1	0	400	50	1	0	0	NA	0
negative	10GB	85%	CTAT-LR-Fusion	1	0	397	50	1	0	0	NA	0
negative	10GB	85%	FusionSeeker	1	0	397	50	1	0	0	NA	0
negative	10GB	85%	Genion	1	0	397	50	1	0	0	NA	0
negative	10GB	90%	FusionSeeker	1	0	400	50	1	0	0	NA	0
negative	10GB	95%	FusionSeeker	1	0	400	50	1	0	0	NA	0
positive	100GB	85%	CTAT-LR-Fusion	5	0	400	50	1	0	0	NA	0
positive	100GB	85%	FusionSeeker	67	11	400	50	0.8589743589743589	0.14102564102564102	0.0275	0.04602510460251046	0.0275
positive	100GB	85%	GFSeeker	1	0	400	50	1	0	0	NA	0
positive	100GB	85%	Genion	5	0	400	50	1	0	0	NA	0
positive	100GB	90%	CTAT-LR-Fusion	1	0	400	50	1	0	0	NA	0
positive	100GB	90%	FusionSeeker	101	16	400	50	0.8632478632478633	0.13675213675213677	0.04	0.061895551257253385	0.04
positive	100GB	90%	GFSeeker	3	0	400	50	1	0	0	NA	0
positive	100GB	90%	Genion	4	1	400	50	0.8	0.2	0.0025	0.0049382716049382715	0.0025
positive	100GB	95%	CTAT-LR-Fusion	2	0	400	50	1	0	0	NA	0
positive	100GB	95%	FusionSeeker	119	27	400	50	0.815068493150685	0.18493150684931506	0.0675	0.09890109890109892	0.0675
positive	100GB	95%	GFSeeker	1	0	400	50	1	0	0	NA	0
positive	100GB	95%	Genion	1	2	400	50	0.3333333333333333	0.6666666666666666	0.005	0.009925558312655087	0.005
positive	100GB	95%	JAFFAL	0	1	400	50	0	1	0.0025	0.004987531172069826	0.0025
positive	100GB	95%	LongGF	1	0	400	50	1	0	0	NA	0
positive	10GB	85%	CTAT-LR-Fusion	1	0	397	50	1	0	0	NA	0
positive	10GB	85%	FusionSeeker	1	0	397	50	1	0	0	NA	0
positive	10GB	85%	Genion	1	0	397	50	1	0	0	NA	0
positive	10GB	90%	FusionSeeker	1	0	400	50	1	0	0	NA	0
positive	10GB	95%	FusionSeeker	1	0	400	50	1	0	0	NA	0
negative	100GB	85%	CTAT-LR-Fusion	2	0	400	49	1	0	0	NA	0
negative	100GB	85%	FusionSeeker	29	0	400	49	1	0	0	NA	0
negative	100GB	85%	GFSeeker	1	0	400	49	1	0	0	NA	0
negative	100GB	85%	Genion	5	0	400	49	1	0	0	NA	0
negative	100GB	90%	CTAT-LR-Fusion	1	0	400	49	1	0	0	NA	0
negative	100GB	90%	FusionSeeker	31	0	400	49	1	0	0	NA	0
negative	100GB	90%	GFSeeker	1	0	400	49	1	0	0	NA	0
negative	100GB	90%	Genion	4	0	400	49	1	0	0	NA	0
negative	100GB	90%	LongGF	1	0	400	49	1	0	0	NA	0
negative	100GB	95%	CTAT-LR-Fusion	1	0	400	49	1	0	0	NA	0
negative	100GB	95%	FusionSeeker	30	0	400	49	1	0	0	NA	0
negative	100GB	95%	GFSeeker	1	0	400	49	1	0	0	NA	0
negative	100GB	95%	Genion	1	0	400	49	1	0	0	NA	0
negative	100GB	95%	LongGF	1	0	400	49	1	0	0	NA	0
negative	10GB	85%	CTAT-LR-Fusion	1	0	397	49	1	0	0	NA	0
negative	10GB	85%	FusionSeeker	1	0	397	49	1	0	0	NA	0
negative	10GB	85%	Genion	1	0	397	49	1	0	0	NA	0
negative	10GB	90%	FusionSeeker	1	0	400	49	1	0	0	NA	0
negative	10GB	95%	FusionSeeker	1	0	400	49	1	0	0	NA	0
positive	100GB	85%	CTAT-LR-Fusion	5	0	400	49	1	0	0	NA	0
positive	100GB	85%	FusionSeeker	69	11	400	49	0.8625	0.1375	0.0275	0.04583333333333334	0.0275
positive	100GB	85%	GFSeeker	1	0	400	49	1	0	0	NA	0
positive	100GB	85%	Genion	5	0	400	49	1	0	0	NA	0
positive	100GB	90%	CTAT-LR-Fusion	1	1	400	49	0.5	0.5	0.0025	0.0049751243781094535	0.0025
positive	100GB	90%	FusionSeeker	103	17	400	49	0.8583333333333333	0.14166666666666666	0.0425	0.06538461538461539	0.0425
positive	100GB	90%	GFSeeker	3	0	400	49	1	0	0	NA	0
positive	100GB	90%	Genion	5	2	400	49	0.7142857142857143	0.2857142857142857	0.005	0.009828009828009828	0.005
positive	100GB	95%	CTAT-LR-Fusion	2	0	400	49	1	0	0	NA	0
positive	100GB	95%	FusionSeeker	122	27	400	49	0.8187919463087249	0.18120805369127516	0.0675	0.09836065573770493	0.0675
positive	100GB	95%	GFSeeker	2	0	400	49	1	0	0	NA	0
positive	100GB	95%	Genion	1	2	400	49	0.3333333333333333	0.6666666666666666	0.005	0.009925558312655087	0.005
positive	100GB	95%	JAFFAL	0	1	400	49	0	1	0.0025	0.004987531172069826	0.0025
positive	100GB	95%	LongGF	1	0	400	49	1	0	0	NA	0
positive	10GB	85%	CTAT-LR-Fusion	1	0	397	49	1	0	0	NA	0
positive	10GB	85%	FusionSeeker	1	0	397	49	1	0	0	NA	0
positive	10GB	85%	Genion	1	0	397	49	1	0	0	NA	0
positive	10GB	90%	FusionSeeker	1	0	400	49	1	0	0	NA	0
positive	10GB	95%	FusionSeeker	1	0	400	49	1	0	0	NA	0
negative	100GB	85%	CTAT-LR-Fusion	2	0	400	48	1	0	0	NA	0
negative	100GB	85%	FusionSeeker	33	0	400	48	1	0	0	NA	0
negative	100GB	85%	GFSeeker	1	0	400	48	1	0	0	NA	0
negative	100GB	85%	Genion	5	0	400	48	1	0	0	NA	0
negative	100GB	90%	CTAT-LR-Fusion	1	0	400	48	1	0	0	NA	0
negative	100GB	90%	FusionSeeker	32	0	400	48	1	0	0	NA	0
negative	100GB	90%	GFSeeker	1	0	400	48	1	0	0	NA	0
negative	100GB	90%	Genion	4	0	400	48	1	0	0	NA	0
negative	100GB	90%	LongGF	1	0	400	48	1	0	0	NA	0
negative	100GB	95%	CTAT-LR-Fusion	1	0	400	48	1	0	0	NA	0
negative	100GB	95%	FusionSeeker	30	0	400	48	1	0	0	NA	0
negative	100GB	95%	GFSeeker	1	0	400	48	1	0	0	NA	0
negative	100GB	95%	Genion	1	0	400	48	1	0	0	NA	0
negative	100GB	95%	LongGF	1	0	400	48	1	0	0	NA	0
negative	10GB	85%	CTAT-LR-Fusion	1	0	397	48	1	0	0	NA	0
negative	10GB	85%	FusionSeeker	1	0	397	48	1	0	0	NA	0
negative	10GB	85%	Genion	1	0	397	48	1	0	0	NA	0
negative	10GB	90%	FusionSeeker	1	0	400	48	1	0	0	NA	0
negative	10GB	95%	FusionSeeker	1	0	400	48	1	0	0	NA	0
positive	100GB	85%	CTAT-LR-Fusion	5	0	400	48	1	0	0	NA	0
positive	100GB	85%	FusionSeeker	70	11	400	48	0.8641975308641975	0.13580246913580246	0.0275	0.04573804573804574	0.0275
positive	100GB	85%	GFSeeker	1	0	400	48	1	0	0	NA	0
positive	100GB	85%	Genion	5	0	400	48	1	0	0	NA	0
positive	100GB	90%	CTAT-LR-Fusion	2	1	400	48	0.6666666666666666	0.3333333333333333	0.0025	0.004962779156327543	0.0025
positive	100GB	90%	FusionSeeker	107	17	400	48	0.8629032258064516	0.13709677419354838	0.0425	0.0648854961832061	0.0425
positive	100GB	90%	GFSeeker	3	1	400	48	0.75	0.25	0.0025	0.0049504950495049506	0.0025
positive	100GB	90%	Genion	5	2	400	48	0.7142857142857143	0.2857142857142857	0.005	0.009828009828009828	0.005
positive	100GB	95%	CTAT-LR-Fusion	2	0	400	48	1	0	0	NA	0
positive	100GB	95%	FusionSeeker	125	27	400	48	0.8223684210526315	0.17763157894736842	0.0675	0.09782608695652174	0.0675
positive	100GB	95%	GFSeeker	2	0	400	48	1	0	0	NA	0
positive	100GB	95%	Genion	1	2	400	48	0.3333333333333333	0.6666666666666666	0.005	0.009925558312655087	0.005
positive	100GB	95%	JAFFAL	0	2	400	48	0	1	0.005	0.009950248756218907	0.005
positive	100GB	95%	LongGF	1	0	400	48	1	0	0	NA	0
positive	10GB	85%	CTAT-LR-Fusion	1	0	397	48	1	0	0	NA	0
positive	10GB	85%	FusionSeeker	1	0	397	48	1	0	0	NA	0
positive	10GB	85%	Genion	1	0	397	48	1	0	0	NA	0
positive	10GB	90%	FusionSeeker	1	0	400	48	1	0	0	NA	0
positive	10GB	95%	FusionSeeker	1	0	400	48	1	0	0	NA	0
negative	100GB	85%	CTAT-LR-Fusion	2	0	400	47	1	0	0	NA	0
negative	100GB	85%	FusionSeeker	33	0	400	47	1	0	0	NA	0
negative	100GB	85%	GFSeeker	1	0	400	47	1	0	0	NA	0
negative	100GB	85%	Genion	5	0	400	47	1	0	0	NA	0
negative	100GB	90%	CTAT-LR-Fusion	1	0	400	47	1	0	0	NA	0
negative	100GB	90%	FusionSeeker	32	0	400	47	1	0	0	NA	0
negative	100GB	90%	GFSeeker	1	0	400	47	1	0	0	NA	0
negative	100GB	90%	Genion	4	0	400	47	1	0	0	NA	0
negative	100GB	90%	LongGF	1	0	400	47	1	0	0	NA	0
negative	100GB	95%	CTAT-LR-Fusion	2	0	400	47	1	0	0	NA	0
negative	100GB	95%	FusionSeeker	31	0	400	47	1	0	0	NA	0
negative	100GB	95%	GFSeeker	1	0	400	47	1	0	0	NA	0
negative	100GB	95%	Genion	1	0	400	47	1	0	0	NA	0
negative	100GB	95%	LongGF	1	0	400	47	1	0	0	NA	0
negative	10GB	85%	CTAT-LR-Fusion	1	0	397	47	1	0	0	NA	0
negative	10GB	85%	FusionSeeker	1	0	397	47	1	0	0	NA	0
negative	10GB	85%	Genion	1	0	397	47	1	0	0	NA	0
negative	10GB	90%	FusionSeeker	1	0	400	47	1	0	0	NA	0
negative	10GB	95%	FusionSeeker	1	0	400	47	1	0	0	NA	0
positive	100GB	85%	CTAT-LR-Fusion	5	0	400	47	1	0	0	NA	0
positive	100GB	85%	FusionSeeker	72	12	400	47	0.8571428571428571	0.14285714285714285	0.03	0.04958677685950413	0.03
positive	100GB	85%	GFSeeker	1	0	400	47	1	0	0	NA	0
positive	100GB	85%	Genion	5	0	400	47	1	0	0	NA	0
positive	100GB	90%	CTAT-LR-Fusion	2	1	400	47	0.6666666666666666	0.3333333333333333	0.0025	0.004962779156327543	0.0025
positive	100GB	90%	FusionSeeker	110	18	400	47	0.859375	0.140625	0.045	0.06818181818181818	0.045
positive	100GB	90%	GFSeeker	3	1	400	47	0.75	0.25	0.0025	0.0049504950495049506	0.0025
positive	100GB	90%	Genion	5	2	400	47	0.7142857142857143	0.2857142857142857	0.005	0.009828009828009828	0.005
positive	100GB	95%	CTAT-LR-Fusion	3	2	400	47	0.6	0.4	0.005	0.009876543209876543	0.005
positive	100GB	95%	FusionSeeker	128	29	400	47	0.8152866242038217	0.18471337579617833	0.0725	0.10412926391382406	0.0725
positive	100GB	95%	GFSeeker	2	0	400	47	1	0	0	NA	0
positive	100GB	95%	Genion	1	3	400	47	0.25	0.75	0.0075	0.014851485148514853	0.0075
positive	100GB	95%	JAFFAL	0	3	400	47	0	1	0.0075	0.014888337468982629	0.0075
positive	100GB	95%	LongGF	1	1	400	47	0.5	0.5	0.0025	0.0049751243781094535	0.0025
positive	10GB	85%	CTAT-LR-Fusion	1	0	397	47	1	0	0	NA	0
positive	10GB	85%	FusionSeeker	1	0	397	47	1	0	0	NA	0
positive	10GB	85%	Genion	1	0	397	47	1	0	0	NA	0
positive	10GB	90%	FusionSeeker	1	0	400	47	1	0	0	NA	0
positive	10GB	95%	FusionSeeker	1	0	400	47	1	0	0	NA	0
negative	100GB	85%	CTAT-LR-Fusion	2	0	400	46	1	0	0	NA	0
negative	100GB	85%	FusionSeeker	35	0	400	46	1	0	0	NA	0
negative	100GB	85%	GFSeeker	1	0	400	46	1	0	0	NA	0
negative	100GB	85%	Genion	5	0	400	46	1	0	0	NA	0
negative	100GB	90%	CTAT-LR-Fusion	1	0	400	46	1	0	0	NA	0
negative	100GB	90%	FusionSeeker	32	0	400	46	1	0	0	NA	0
negative	100GB	90%	GFSeeker	1	0	400	46	1	0	0	NA	0
negative	100GB	90%	Genion	4	0	400	46	1	0	0	NA	0
negative	100GB	90%	LongGF	1	0	400	46	1	0	0	NA	0
negative	100GB	95%	CTAT-LR-Fusion	2	0	400	46	1	0	0	NA	0
negative	100GB	95%	FusionSeeker	32	0	400	46	1	0	0	NA	0
negative	100GB	95%	GFSeeker	1	0	400	46	1	0	0	NA	0
negative	100GB	95%	Genion	1	0	400	46	1	0	0	NA	0
negative	100GB	95%	LongGF	1	0	400	46	1	0	0	NA	0
negative	10GB	85%	CTAT-LR-Fusion	1	0	397	46	1	0	0	NA	0
negative	10GB	85%	FusionSeeker	1	0	397	46	1	0	0	NA	0
negative	10GB	85%	Genion	1	0	397	46	1	0	0	NA	0
negative	10GB	90%	FusionSeeker	1	0	400	46	1	0	0	NA	0
negative	10GB	95%	FusionSeeker	1	0	400	46	1	0	0	NA	0
positive	100GB	85%	CTAT-LR-Fusion	5	0	400	46	1	0	0	NA	0
positive	100GB	85%	FusionSeeker	75	12	400	46	0.8620689655172413	0.13793103448275862	0.03	0.049281314168377825	0.03
positive	100GB	85%	GFSeeker	1	0	400	46	1	0	0	NA	0
positive	100GB	85%	Genion	5	0	400	46	1	0	0	NA	0
positive	100GB	90%	CTAT-LR-Fusion	2	1	400	46	0.6666666666666666	0.3333333333333333	0.0025	0.004962779156327543	0.0025
positive	100GB	90%	FusionSeeker	112	19	400	46	0.8549618320610687	0.1450381679389313	0.0475	0.07156308851224105	0.0475
positive	100GB	90%	GFSeeker	3	1	400	46	0.75	0.25	0.0025	0.0049504950495049506	0.0025
positive	100GB	90%	Genion	5	4	400	46	0.5555555555555556	0.4444444444444444	0.01	0.019559902200488997	0.01
positive	100GB	95%	CTAT-LR-Fusion	3	2	400	46	0.6	0.4	0.005	0.009876543209876543	0.005
positive	100GB	95%	FusionSeeker	135	32	400	46	0.8083832335329342	0.19161676646706588	0.08	0.1128747795414462	0.08
positive	100GB	95%	GFSeeker	3	0	400	46	1	0	0	NA	0
positive	100GB	95%	Genion	2	4	400	46	0.3333333333333333	0.6666666666666666	0.01	0.019704433497536946	0.01
positive	100GB	95%	JAFFAL	0	3	400	46	0	1	0.0075	0.014888337468982629	0.0075
positive	100GB	95%	LongGF	1	1	400	46	0.5	0.5	0.0025	0.0049751243781094535	0.0025
positive	10GB	85%	CTAT-LR-Fusion	1	0	397	46	1	0	0	NA	0
positive	10GB	85%	FusionSeeker	1	0	397	46	1	0	0	NA	0
positive	10GB	85%	Genion	1	0	397	46	1	0	0	NA	0
positive	10GB	90%	FusionSeeker	1	0	400	46	1	0	0	NA	0
positive	10GB	95%	FusionSeeker	1	0	400	46	1	0	0	NA	0
negative	100GB	85%	CTAT-LR-Fusion	2	0	400	45	1	0	0	NA	0
negative	100GB	85%	FusionSeeker	36	0	400	45	1	0	0	NA	0
negative	100GB	85%	GFSeeker	1	0	400	45	1	0	0	NA	0
negative	100GB	85%	Genion	5	0	400	45	1	0	0	NA	0
negative	100GB	90%	CTAT-LR-Fusion	1	0	400	45	1	0	0	NA	0
negative	100GB	90%	FusionSeeker	32	0	400	45	1	0	0	NA	0
negative	100GB	90%	GFSeeker	1	0	400	45	1	0	0	NA	0
negative	100GB	90%	Genion	4	0	400	45	1	0	0	NA	0
negative	100GB	90%	LongGF	1	0	400	45	1	0	0	NA	0
negative	100GB	95%	CTAT-LR-Fusion	4	0	400	45	1	0	0	NA	0
negative	100GB	95%	FusionSeeker	35	0	400	45	1	0	0	NA	0
negative	100GB	95%	GFSeeker	1	0	400	45	1	0	0	NA	0
negative	100GB	95%	Genion	1	0	400	45	1	0	0	NA	0
negative	100GB	95%	LongGF	1	0	400	45	1	0	0	NA	0
negative	10GB	85%	CTAT-LR-Fusion	1	0	397	45	1	0	0	NA	0
negative	10GB	85%	FusionSeeker	1	0	397	45	1	0	0	NA	0
negative	10GB	85%	Genion	1	0	397	45	1	0	0	NA	0
negative	10GB	90%	FusionSeeker	1	0	400	45	1	0	0	NA	0
negative	10GB	95%	FusionSeeker	1	0	400	45	1	0	0	NA	0
positive	100GB	85%	CTAT-LR-Fusion	5	0	400	45	1	0	0	NA	0
positive	100GB	85%	FusionSeeker	80	12	400	45	0.8695652173913043	0.13043478260869565	0.03	0.048780487804878044	0.03
positive	100GB	85%	GFSeeker	1	0	400	45	1	0	0	NA	0
positive	100GB	85%	Genion	5	0	400	45	1	0	0	NA	0
positive	100GB	90%	CTAT-LR-Fusion	2	1	400	45	0.6666666666666666	0.3333333333333333	0.0025	0.004962779156327543	0.0025
positive	100GB	90%	FusionSeeker	116	21	400	45	0.8467153284671532	0.15328467153284672	0.0525	0.0782122905027933	0.0525
positive	100GB	90%	GFSeeker	3	1	400	45	0.75	0.25	0.0025	0.0049504950495049506	0.0025
positive	100GB	90%	Genion	8	4	400	45	0.6666666666666666	0.3333333333333333	0.01	0.019417475728155338	0.01
positive	100GB	90%	JAFFAL	0	2	400	45	0	1	0.005	0.009950248756218907	0.005
positive	100GB	95%	CTAT-LR-Fusion	4	2	400	45	0.6666666666666666	0.3333333333333333	0.005	0.009852216748768473	0.005
positive	100GB	95%	FusionSeeker	137	32	400	45	0.8106508875739645	0.1893491124260355	0.08	0.1124780316344464	0.08
positive	100GB	95%	GFSeeker	4	0	400	45	1	0	0	NA	0
positive	100GB	95%	Genion	2	4	400	45	0.3333333333333333	0.6666666666666666	0.01	0.019704433497536946	0.01
positive	100GB	95%	JAFFAL	1	4	400	45	0.2	0.8	0.01	0.019753086419753086	0.01
positive	100GB	95%	LongGF	2	1	400	45	0.6666666666666666	0.3333333333333333	0.0025	0.004962779156327543	0.0025
positive	10GB	85%	CTAT-LR-Fusion	1	0	397	45	1	0	0	NA	0
positive	10GB	85%	FusionSeeker	1	0	397	45	1	0	0	NA	0
positive	10GB	85%	Genion	1	0	397	45	1	0	0	NA	0
positive	10GB	90%	FusionSeeker	1	0	400	45	1	0	0	NA	0
positive	10GB	95%	FusionSeeker	1	0	400	45	1	0	0	NA	0
negative	100GB	85%	CTAT-LR-Fusion	2	0	400	44	1	0	0	NA	0
negative	100GB	85%	FusionSeeker	36	0	400	44	1	0	0	NA	0
negative	100GB	85%	GFSeeker	1	0	400	44	1	0	0	NA	0
negative	100GB	85%	Genion	5	0	400	44	1	0	0	NA	0
negative	100GB	90%	CTAT-LR-Fusion	1	0	400	44	1	0	0	NA	0
negative	100GB	90%	FusionSeeker	34	0	400	44	1	0	0	NA	0
negative	100GB	90%	GFSeeker	1	0	400	44	1	0	0	NA	0
negative	100GB	90%	Genion	4	0	400	44	1	0	0	NA	0
negative	100GB	90%	LongGF	1	0	400	44	1	0	0	NA	0
negative	100GB	95%	CTAT-LR-Fusion	5	0	400	44	1	0	0	NA	0
negative	100GB	95%	FusionSeeker	37	0	400	44	1	0	0	NA	0
negative	100GB	95%	GFSeeker	1	0	400	44	1	0	0	NA	0
negative	100GB	95%	Genion	1	0	400	44	1	0	0	NA	0
negative	100GB	95%	LongGF	1	0	400	44	1	0	0	NA	0
negative	10GB	85%	CTAT-LR-Fusion	1	0	397	44	1	0	0	NA	0
negative	10GB	85%	FusionSeeker	1	0	397	44	1	0	0	NA	0
negative	10GB	85%	Genion	1	0	397	44	1	0	0	NA	0
negative	10GB	90%	FusionSeeker	1	0	400	44	1	0	0	NA	0
negative	10GB	95%	FusionSeeker	1	0	400	44	1	0	0	NA	0
positive	100GB	85%	CTAT-LR-Fusion	5	0	400	44	1	0	0	NA	0
positive	100GB	85%	FusionSeeker	83	13	400	44	0.8645833333333334	0.13541666666666666	0.0325	0.05241935483870968	0.0325
positive	100GB	85%	GFSeeker	1	0	400	44	1	0	0	NA	0
positive	100GB	85%	Genion	6	1	400	44	0.8571428571428571	0.14285714285714285	0.0025	0.004914004914004914	0.0025
positive	100GB	90%	CTAT-LR-Fusion	2	1	400	44	0.6666666666666666	0.3333333333333333	0.0025	0.004962779156327543	0.0025
positive	100GB	90%	FusionSeeker	121	21	400	44	0.852112676056338	0.14788732394366197	0.0525	0.07749077490774908	0.0525
positive	100GB	90%	GFSeeker	3	1	400	44	0.75	0.25	0.0025	0.0049504950495049506	0.0025
positive	100GB	90%	Genion	8	4	400	44	0.6666666666666666	0.3333333333333333	0.01	0.019417475728155338	0.01
positive	100GB	90%	JAFFAL	0	3	400	44	0	1	0.0075	0.014888337468982629	0.0075
positive	100GB	95%	CTAT-LR-Fusion	4	2	400	44	0.6666666666666666	0.3333333333333333	0.005	0.009852216748768473	0.005
positive	100GB	95%	FusionSeeker	141	32	400	44	0.815028901734104	0.18497109826589594	0.08	0.11169284467713787	0.08
positive	100GB	95%	GFSeeker	5	1	400	44	0.8333333333333334	0.16666666666666666	0.0025	0.0049261083743842365	0.0025
positive	100GB	95%	Genion	3	4	400	44	0.42857142857142855	0.5714285714285714	0.01	0.019656019656019656	0.01
positive	100GB	95%	JAFFAL	1	5	400	44	0.16666666666666666	0.8333333333333334	0.0125	0.024630541871921187	0.0125
positive	100GB	95%	LongGF	2	1	400	44	0.6666666666666666	0.3333333333333333	0.0025	0.004962779156327543	0.0025
positive	10GB	85%	CTAT-LR-Fusion	1	0	397	44	1	0	0	NA	0
positive	10GB	85%	FusionSeeker	1	0	397	44	1	0	0	NA	0
positive	10GB	85%	Genion	1	0	397	44	1	0	0	NA	0
positive	10GB	90%	FusionSeeker	1	0	400	44	1	0	0	NA	0
positive	10GB	95%	FusionSeeker	1	0	400	44	1	0	0	NA	0
negative	100GB	85%	CTAT-LR-Fusion	3	0	400	43	1	0	0	NA	0
negative	100GB	85%	FusionSeeker	36	0	400	43	1	0	0	NA	0
negative	100GB	85%	GFSeeker	1	0	400	43	1	0	0	NA	0
negative	100GB	85%	Genion	5	0	400	43	1	0	0	NA	0
negative	100GB	90%	CTAT-LR-Fusion	1	0	400	43	1	0	0	NA	0
negative	100GB	90%	FusionSeeker	35	0	400	43	1	0	0	NA	0
negative	100GB	90%	GFSeeker	1	0	400	43	1	0	0	NA	0
negative	100GB	90%	Genion	4	0	400	43	1	0	0	NA	0
negative	100GB	90%	LongGF	1	0	400	43	1	0	0	NA	0
negative	100GB	95%	CTAT-LR-Fusion	5	0	400	43	1	0	0	NA	0
negative	100GB	95%	FusionSeeker	38	0	400	43	1	0	0	NA	0
negative	100GB	95%	GFSeeker	1	0	400	43	1	0	0	NA	0
negative	100GB	95%	Genion	1	0	400	43	1	0	0	NA	0
negative	100GB	95%	LongGF	2	0	400	43	1	0	0	NA	0
negative	10GB	85%	CTAT-LR-Fusion	1	0	397	43	1	0	0	NA	0
negative	10GB	85%	FusionSeeker	1	0	397	43	1	0	0	NA	0
negative	10GB	85%	Genion	1	0	397	43	1	0	0	NA	0
negative	10GB	90%	FusionSeeker	2	0	400	43	1	0	0	NA	0
negative	10GB	95%	FusionSeeker	2	0	400	43	1	0	0	NA	0
positive	100GB	85%	CTAT-LR-Fusion	5	0	400	43	1	0	0	NA	0
positive	100GB	85%	FusionSeeker	86	13	400	43	0.8686868686868687	0.13131313131313133	0.0325	0.05210420841683367	0.0325
positive	100GB	85%	GFSeeker	1	0	400	43	1	0	0	NA	0
positive	100GB	85%	Genion	6	1	400	43	0.8571428571428571	0.14285714285714285	0.0025	0.004914004914004914	0.0025
positive	100GB	90%	CTAT-LR-Fusion	2	3	400	43	0.4	0.6	0.0075	0.014814814814814815	0.0075
positive	100GB	90%	FusionSeeker	123	25	400	43	0.831081081081081	0.16891891891891891	0.0625	0.09124087591240876	0.0625
positive	100GB	90%	GFSeeker	3	2	400	43	0.6	0.4	0.005	0.009876543209876543	0.005
positive	100GB	90%	Genion	9	4	400	43	0.6923076923076923	0.3076923076923077	0.01	0.01937046004842615	0.01
positive	100GB	90%	JAFFAL	0	3	400	43	0	1	0.0075	0.014888337468982629	0.0075
positive	100GB	95%	CTAT-LR-Fusion	4	3	400	43	0.5714285714285714	0.42857142857142855	0.0075	0.01474201474201474	0.0075
positive	100GB	95%	FusionSeeker	148	32	400	43	0.8222222222222222	0.17777777777777778	0.08	0.11034482758620691	0.08
positive	100GB	95%	GFSeeker	6	1	400	43	0.8571428571428571	0.14285714285714285	0.0025	0.004914004914004914	0.0025
positive	100GB	95%	Genion	5	5	400	43	0.5	0.5	0.0125	0.02439024390243903	0.0125
positive	100GB	95%	JAFFAL	2	5	400	43	0.2857142857142857	0.7142857142857143	0.0125	0.024570024570024575	0.0125
positive	100GB	95%	LongGF	2	1	400	43	0.6666666666666666	0.3333333333333333	0.0025	0.004962779156327543	0.0025
positive	10GB	85%	CTAT-LR-Fusion	1	0	397	43	1	0	0	NA	0
positive	10GB	85%	FusionSeeker	1	0	397	43	1	0	0	NA	0
positive	10GB	85%	Genion	1	0	397	43	1	0	0	NA	0
positive	10GB	90%	FusionSeeker	1	0	400	43	1	0	0	NA	0
positive	10GB	95%	FusionSeeker	1	0	400	43	1	0	0	NA	0
negative	100GB	85%	CTAT-LR-Fusion	3	0	400	42	1	0	0	NA	0
negative	100GB	85%	FusionSeeker	36	0	400	42	1	0	0	NA	0
negative	100GB	85%	GFSeeker	1	0	400	42	1	0	0	NA	0
negative	100GB	85%	Genion	5	0	400	42	1	0	0	NA	0
negative	100GB	90%	CTAT-LR-Fusion	2	0	400	42	1	0	0	NA	0
negative	100GB	90%	FusionSeeker	36	0	400	42	1	0	0	NA	0
negative	100GB	90%	GFSeeker	1	0	400	42	1	0	0	NA	0
negative	100GB	90%	Genion	4	0	400	42	1	0	0	NA	0
negative	100GB	90%	LongGF	1	0	400	42	1	0	0	NA	0
negative	100GB	95%	CTAT-LR-Fusion	5	0	400	42	1	0	0	NA	0
negative	100GB	95%	FusionSeeker	38	0	400	42	1	0	0	NA	0
negative	100GB	95%	GFSeeker	1	0	400	42	1	0	0	NA	0
negative	100GB	95%	Genion	1	0	400	42	1	0	0	NA	0
negative	100GB	95%	LongGF	2	0	400	42	1	0	0	NA	0
negative	10GB	85%	CTAT-LR-Fusion	1	0	397	42	1	0	0	NA	0
negative	10GB	85%	FusionSeeker	1	0	397	42	1	0	0	NA	0
negative	10GB	85%	Genion	1	0	397	42	1	0	0	NA	0
negative	10GB	90%	FusionSeeker	2	0	400	42	1	0	0	NA	0
negative	10GB	95%	FusionSeeker	2	0	400	42	1	0	0	NA	0
positive	100GB	85%	CTAT-LR-Fusion	5	0	400	42	1	0	0	NA	0
positive	100GB	85%	FusionSeeker	91	14	400	42	0.8666666666666667	0.13333333333333333	0.035	0.055445544554455446	0.035
positive	100GB	85%	GFSeeker	2	0	400	42	1	0	0	NA	0
positive	100GB	85%	Genion	7	2	400	42	0.7777777777777778	0.2222222222222222	0.005	0.009779951100244499	0.005
positive	100GB	90%	CTAT-LR-Fusion	3	4	400	42	0.42857142857142855	0.5714285714285714	0.01	0.019656019656019656	0.01
positive	100GB	90%	FusionSeeker	128	27	400	42	0.8258064516129032	0.17419354838709677	0.0675	0.09729729729729729	0.0675
positive	100GB	90%	GFSeeker	4	2	400	42	0.6666666666666666	0.3333333333333333	0.005	0.009852216748768473	0.005
positive	100GB	90%	Genion	9	5	400	42	0.6428571428571429	0.35714285714285715	0.0125	0.02415458937198068	0.0125
positive	100GB	90%	JAFFAL	0	3	400	42	0	1	0.0075	0.014888337468982629	0.0075
positive	100GB	95%	CTAT-LR-Fusion	7	4	400	42	0.6363636363636364	0.36363636363636365	0.01	0.019464720194647202	0.01
positive	100GB	95%	FusionSeeker	154	33	400	42	0.8235294117647058	0.17647058823529413	0.0825	0.11243611584327089	0.0825
positive	100GB	95%	GFSeeker	7	1	400	42	0.875	0.125	0.0025	0.004901960784313725	0.0025
positive	100GB	95%	Genion	7	6	400	42	0.5384615384615384	0.46153846153846156	0.015	0.029055690072639223	0.015
positive	100GB	95%	JAFFAL	3	6	400	42	0.3333333333333333	0.6666666666666666	0.015	0.029339853300733493	0.015
positive	100GB	95%	LongGF	2	1	400	42	0.6666666666666666	0.3333333333333333	0.0025	0.004962779156327543	0.0025
positive	10GB	85%	CTAT-LR-Fusion	1	0	397	42	1	0	0	NA	0
positive	10GB	85%	FusionSeeker	1	0	397	42	1	0	0	NA	0
positive	10GB	85%	Genion	1	0	397	42	1	0	0	NA	0
positive	10GB	90%	FusionSeeker	1	0	400	42	1	0	0	NA	0
positive	10GB	95%	FusionSeeker	1	0	400	42	1	0	0	NA	0
negative	100GB	85%	CTAT-LR-Fusion	3	0	400	41	1	0	0	NA	0
negative	100GB	85%	FusionSeeker	36	0	400	41	1	0	0	NA	0
negative	100GB	85%	GFSeeker	1	0	400	41	1	0	0	NA	0
negative	100GB	85%	Genion	5	0	400	41	1	0	0	NA	0
negative	100GB	90%	CTAT-LR-Fusion	2	0	400	41	1	0	0	NA	0
negative	100GB	90%	FusionSeeker	37	0	400	41	1	0	0	NA	0
negative	100GB	90%	GFSeeker	1	0	400	41	1	0	0	NA	0
negative	100GB	90%	Genion	4	0	400	41	1	0	0	NA	0
negative	100GB	90%	LongGF	1	0	400	41	1	0	0	NA	0
negative	100GB	95%	CTAT-LR-Fusion	7	0	400	41	1	0	0	NA	0
negative	100GB	95%	FusionSeeker	41	0	400	41	1	0	0	NA	0
negative	100GB	95%	GFSeeker	1	0	400	41	1	0	0	NA	0
negative	100GB	95%	Genion	2	0	400	41	1	0	0	NA	0
negative	100GB	95%	JAFFAL	1	0	400	41	1	0	0	NA	0
negative	100GB	95%	LongGF	2	0	400	41	1	0	0	NA	0
negative	10GB	85%	CTAT-LR-Fusion	1	0	397	41	1	0	0	NA	0
negative	10GB	85%	FusionSeeker	1	0	397	41	1	0	0	NA	0
negative	10GB	85%	Genion	1	0	397	41	1	0	0	NA	0
negative	10GB	90%	FusionSeeker	2	0	400	41	1	0	0	NA	0
negative	10GB	95%	FusionSeeker	2	0	400	41	1	0	0	NA	0
positive	100GB	85%	CTAT-LR-Fusion	5	0	400	41	1	0	0	NA	0
positive	100GB	85%	FusionSeeker	96	17	400	41	0.8495575221238938	0.1504424778761062	0.0425	0.06627680311890838	0.0425
positive	100GB	85%	GFSeeker	2	0	400	41	1	0	0	NA	0
positive	100GB	85%	Genion	7	2	400	41	0.7777777777777778	0.2222222222222222	0.005	0.009779951100244499	0.005
positive	100GB	90%	CTAT-LR-Fusion	3	5	400	41	0.375	0.625	0.0125	0.02450980392156863	0.0125
positive	100GB	90%	FusionSeeker	132	28	400	41	0.825	0.175	0.07	0.1	0.07
positive	100GB	90%	GFSeeker	6	5	400	41	0.5454545454545454	0.45454545454545453	0.0125	0.024330900243309004	0.0125
positive	100GB	90%	Genion	10	6	400	41	0.625	0.375	0.015	0.028846153846153844	0.015
positive	100GB	90%	JAFFAL	1	4	400	41	0.2	0.8	0.01	0.019753086419753086	0.01
positive	100GB	95%	CTAT-LR-Fusion	10	5	400	41	0.6666666666666666	0.3333333333333333	0.0125	0.024096385542168676	0.0125
positive	100GB	95%	FusionSeeker	159	35	400	41	0.8195876288659794	0.18041237113402062	0.0875	0.11784511784511785	0.0875
positive	100GB	95%	GFSeeker	7	1	400	41	0.875	0.125	0.0025	0.004901960784313725	0.0025
positive	100GB	95%	Genion	11	8	400	41	0.5789473684210527	0.42105263157894735	0.02	0.03818615751789976	0.02
positive	100GB	95%	JAFFAL	4	8	400	41	0.3333333333333333	0.6666666666666666	0.02	0.038834951456310676	0.02
positive	100GB	95%	LongGF	3	1	400	41	0.75	0.25	0.0025	0.0049504950495049506	0.0025
positive	10GB	85%	CTAT-LR-Fusion	1	0	397	41	1	0	0	NA	0
positive	10GB	85%	FusionSeeker	1	0	397	41	1	0	0	NA	0
positive	10GB	85%	Genion	1	0	397	41	1	0	0	NA	0
positive	10GB	90%	FusionSeeker	1	0	400	41	1	0	0	NA	0
positive	10GB	95%	FusionSeeker	1	0	400	41	1	0	0	NA	0
negative	100GB	85%	CTAT-LR-Fusion	3	0	400	40	1	0	0	NA	0
negative	100GB	85%	FusionSeeker	37	0	400	40	1	0	0	NA	0
negative	100GB	85%	GFSeeker	1	0	400	40	1	0	0	NA	0
negative	100GB	85%	Genion	5	0	400	40	1	0	0	NA	0
negative	100GB	90%	CTAT-LR-Fusion	2	0	400	40	1	0	0	NA	0
negative	100GB	90%	FusionSeeker	38	0	400	40	1	0	0	NA	0
negative	100GB	90%	GFSeeker	1	0	400	40	1	0	0	NA	0
negative	100GB	90%	Genion	4	0	400	40	1	0	0	NA	0
negative	100GB	90%	LongGF	1	0	400	40	1	0	0	NA	0
negative	100GB	95%	CTAT-LR-Fusion	7	0	400	40	1	0	0	NA	0
negative	100GB	95%	FusionSeeker	46	0	400	40	1	0	0	NA	0
negative	100GB	95%	GFSeeker	1	0	400	40	1	0	0	NA	0
negative	100GB	95%	Genion	2	0	400	40	1	0	0	NA	0
negative	100GB	95%	JAFFAL	1	0	400	40	1	0	0	NA	0
negative	100GB	95%	LongGF	2	0	400	40	1	0	0	NA	0
negative	10GB	85%	CTAT-LR-Fusion	1	0	397	40	1	0	0	NA	0
negative	10GB	85%	FusionSeeker	1	0	397	40	1	0	0	NA	0
negative	10GB	85%	Genion	1	0	397	40	1	0	0	NA	0
negative	10GB	90%	FusionSeeker	2	0	400	40	1	0	0	NA	0
negative	10GB	95%	FusionSeeker	2	0	400	40	1	0	0	NA	0
positive	100GB	85%	CTAT-LR-Fusion	6	0	400	40	1	0	0	NA	0
positive	100GB	85%	FusionSeeker	102	17	400	40	0.8571428571428571	0.14285714285714285	0.0425	0.06551059730250482	0.0425
positive	100GB	85%	GFSeeker	2	0	400	40	1	0	0	NA	0
positive	100GB	85%	Genion	8	2	400	40	0.8	0.2	0.005	0.00975609756097561	0.005
positive	100GB	90%	CTAT-LR-Fusion	3	6	400	40	0.3333333333333333	0.6666666666666666	0.015	0.029339853300733493	0.015
positive	100GB	90%	FusionSeeker	139	28	400	40	0.8323353293413174	0.16766467065868262	0.07	0.09876543209876544	0.07
positive	100GB	90%	GFSeeker	6	5	400	40	0.5454545454545454	0.45454545454545453	0.0125	0.024330900243309004	0.0125
positive	100GB	90%	Genion	10	8	400	40	0.5555555555555556	0.4444444444444444	0.02	0.03827751196172249	0.02
positive	100GB	90%	JAFFAL	3	4	400	40	0.42857142857142855	0.5714285714285714	0.01	0.019656019656019656	0.01
positive	100GB	95%	CTAT-LR-Fusion	14	6	400	40	0.7	0.3	0.015	0.02857142857142857	0.015
positive	100GB	95%	FusionSeeker	174	38	400	40	0.8207547169811321	0.1792452830188679	0.095	0.1241830065359477	0.095
positive	100GB	95%	GFSeeker	10	2	400	40	0.8333333333333334	0.16666666666666666	0.005	0.009708737864077669	0.005
positive	100GB	95%	Genion	13	11	400	40	0.5416666666666666	0.4583333333333333	0.0275	0.051886792452830184	0.0275
positive	100GB	95%	JAFFAL	6	10	400	40	0.375	0.625	0.025	0.04807692307692307	0.025
positive	100GB	95%	LongGF	3	1	400	40	0.75	0.25	0.0025	0.0049504950495049506	0.0025
positive	10GB	85%	CTAT-LR-Fusion	1	0	397	40	1	0	0	NA	0
positive	10GB	85%	FusionSeeker	1	0	397	40	1	0	0	NA	0
positive	10GB	85%	Genion	1	0	397	40	1	0	0	NA	0
positive	10GB	90%	FusionSeeker	1	0	400	40	1	0	0	NA	0
positive	10GB	95%	FusionSeeker	1	0	400	40	1	0	0	NA	0
negative	100GB	85%	CTAT-LR-Fusion	3	0	400	39	1	0	0	NA	0
negative	100GB	85%	FusionSeeker	37	0	400	39	1	0	0	NA	0
negative	100GB	85%	GFSeeker	1	0	400	39	1	0	0	NA	0
negative	100GB	85%	Genion	6	0	400	39	1	0	0	NA	0
negative	100GB	90%	CTAT-LR-Fusion	2	0	400	39	1	0	0	NA	0
negative	100GB	90%	FusionSeeker	40	0	400	39	1	0	0	NA	0
negative	100GB	90%	GFSeeker	1	0	400	39	1	0	0	NA	0
negative	100GB	90%	Genion	4	0	400	39	1	0	0	NA	0
negative	100GB	90%	LongGF	1	0	400	39	1	0	0	NA	0
negative	100GB	95%	CTAT-LR-Fusion	10	0	400	39	1	0	0	NA	0
negative	100GB	95%	FusionSeeker	46	0	400	39	1	0	0	NA	0
negative	100GB	95%	GFSeeker	1	0	400	39	1	0	0	NA	0
negative	100GB	95%	Genion	2	0	400	39	1	0	0	NA	0
negative	100GB	95%	JAFFAL	1	0	400	39	1	0	0	NA	0
negative	100GB	95%	LongGF	2	0	400	39	1	0	0	NA	0
negative	10GB	85%	CTAT-LR-Fusion	1	0	397	39	1	0	0	NA	0
negative	10GB	85%	FusionSeeker	1	0	397	39	1	0	0	NA	0
negative	10GB	85%	Genion	1	0	397	39	1	0	0	NA	0
negative	10GB	90%	FusionSeeker	2	0	400	39	1	0	0	NA	0
negative	10GB	95%	FusionSeeker	2	0	400	39	1	0	0	NA	0
positive	100GB	85%	CTAT-LR-Fusion	6	0	400	39	1	0	0	NA	0
positive	100GB	85%	FusionSeeker	105	17	400	39	0.860655737704918	0.13934426229508196	0.0425	0.06513409961685823	0.0425
positive	100GB	85%	GFSeeker	4	0	400	39	1	0	0	NA	0
positive	100GB	85%	Genion	8	2	400	39	0.8	0.2	0.005	0.00975609756097561	0.005
positive	100GB	90%	CTAT-LR-Fusion	4	7	400	39	0.36363636363636365	0.6363636363636364	0.0175	0.03406326034063261	0.0175
positive	100GB	90%	FusionSeeker	142	29	400	39	0.8304093567251462	0.1695906432748538	0.0725	0.10157618213660244	0.0725
positive	100GB	90%	GFSeeker	7	5	400	39	0.5833333333333334	0.4166666666666667	0.0125	0.024271844660194174	0.0125
positive	100GB	90%	Genion	12	11	400	39	0.5217391304347826	0.4782608695652174	0.0275	0.05200945626477542	0.0275
positive	100GB	90%	JAFFAL	5	4	400	39	0.5555555555555556	0.4444444444444444	0.01	0.019559902200488997	0.01
positive	100GB	90%	LongGF	3	0	400	39	1	0	0	NA	0
positive	100GB	95%	CTAT-LR-Fusion	16	7	400	39	0.6956521739130435	0.30434782608695654	0.0175	0.03309692671394799	0.0175
positive	100GB	95%	FusionSeeker	179	41	400	39	0.8136363636363636	0.18636363636363637	0.1025	0.13225806451612904	0.1025
positive	100GB	95%	GFSeeker	15	2	400	39	0.8823529411764706	0.11764705882352941	0.005	0.00959232613908873	0.005
positive	100GB	95%	Genion	15	12	400	39	0.5555555555555556	0.4444444444444444	0.03	0.05620608899297423	0.03
positive	100GB	95%	JAFFAL	10	11	400	39	0.47619047619047616	0.5238095238095238	0.0275	0.05225653206650832	0.0275
positive	100GB	95%	LongGF	4	1	400	39	0.8	0.2	0.0025	0.0049382716049382715	0.0025
positive	10GB	85%	CTAT-LR-Fusion	1	0	397	39	1	0	0	NA	0
positive	10GB	85%	FusionSeeker	1	0	397	39	1	0	0	NA	0
positive	10GB	85%	Genion	1	0	397	39	1	0	0	NA	0
positive	10GB	90%	FusionSeeker	1	0	400	39	1	0	0	NA	0
positive	10GB	95%	FusionSeeker	1	0	400	39	1	0	0	NA	0
negative	100GB	85%	CTAT-LR-Fusion	4	0	400	38	1	0	0	NA	0
negative	100GB	85%	FusionSeeker	37	0	400	38	1	0	0	NA	0
negative	100GB	85%	GFSeeker	1	0	400	38	1	0	0	NA	0
negative	100GB	85%	Genion	7	0	400	38	1	0	0	NA	0
negative	100GB	90%	CTAT-LR-Fusion	2	0	400	38	1	0	0	NA	0
negative	100GB	90%	FusionSeeker	42	0	400	38	1	0	0	NA	0
negative	100GB	90%	GFSeeker	1	0	400	38	1	0	0	NA	0
negative	100GB	90%	Genion	4	0	400	38	1	0	0	NA	0
negative	100GB	90%	LongGF	1	0	400	38	1	0	0	NA	0
negative	100GB	95%	CTAT-LR-Fusion	11	0	400	38	1	0	0	NA	0
negative	100GB	95%	FusionSeeker	47	0	400	38	1	0	0	NA	0
negative	100GB	95%	GFSeeker	1	0	400	38	1	0	0	NA	0
negative	100GB	95%	Genion	2	0	400	38	1	0	0	NA	0
negative	100GB	95%	JAFFAL	2	0	400	38	1	0	0	NA	0
negative	100GB	95%	LongGF	3	0	400	38	1	0	0	NA	0
negative	10GB	85%	CTAT-LR-Fusion	1	0	397	38	1	0	0	NA	0
negative	10GB	85%	FusionSeeker	1	0	397	38	1	0	0	NA	0
negative	10GB	85%	Genion	1	0	397	38	1	0	0	NA	0
negative	10GB	90%	FusionSeeker	3	0	400	38	1	0	0	NA	0
negative	10GB	95%	FusionSeeker	3	0	400	38	1	0	0	NA	0
positive	100GB	85%	CTAT-LR-Fusion	6	0	400	38	1	0	0	NA	0
positive	100GB	85%	FusionSeeker	110	17	400	38	0.8661417322834646	0.13385826771653545	0.0425	0.06451612903225806	0.0425
positive	100GB	85%	GFSeeker	5	1	400	38	0.8333333333333334	0.16666666666666666	0.0025	0.0049261083743842365	0.0025
positive	100GB	85%	Genion	9	3	400	38	0.75	0.25	0.0075	0.014563106796116504	0.0075
positive	100GB	85%	JAFFAL	0	1	400	38	0	1	0.0025	0.004987531172069826	0.0025
positive	100GB	90%	CTAT-LR-Fusion	6	8	400	38	0.42857142857142855	0.5714285714285714	0.02	0.03864734299516908	0.02
positive	100GB	90%	FusionSeeker	148	31	400	38	0.8268156424581006	0.17318435754189945	0.0775	0.1070811744386874	0.0775
positive	100GB	90%	GFSeeker	7	5	400	38	0.5833333333333334	0.4166666666666667	0.0125	0.024271844660194174	0.0125
positive	100GB	90%	Genion	12	13	400	38	0.48	0.52	0.0325	0.061176470588235304	0.0325
positive	100GB	90%	JAFFAL	5	4	400	38	0.5555555555555556	0.4444444444444444	0.01	0.019559902200488997	0.01
positive	100GB	90%	LongGF	4	0	400	38	1	0	0	NA	0
positive	100GB	95%	CTAT-LR-Fusion	20	9	400	38	0.6896551724137931	0.3103448275862069	0.0225	0.04195804195804195	0.0225
positive	100GB	95%	FusionSeeker	190	41	400	38	0.8225108225108225	0.1774891774891775	0.1025	0.12995245641838352	0.1025
positive	100GB	95%	GFSeeker	17	6	400	38	0.7391304347826086	0.2608695652173913	0.015	0.02836879432624113	0.015
positive	100GB	95%	Genion	16	13	400	38	0.5517241379310345	0.4482758620689655	0.0325	0.06060606060606061	0.0325
positive	100GB	95%	JAFFAL	13	13	400	38	0.5	0.5	0.0325	0.061032863849765265	0.0325
positive	100GB	95%	LongGF	4	1	400	38	0.8	0.2	0.0025	0.0049382716049382715	0.0025
positive	10GB	85%	CTAT-LR-Fusion	1	0	397	38	1	0	0	NA	0
positive	10GB	85%	FusionSeeker	1	0	397	38	1	0	0	NA	0
positive	10GB	85%	Genion	1	0	397	38	1	0	0	NA	0
positive	10GB	90%	FusionSeeker	1	0	400	38	1	0	0	NA	0
positive	10GB	95%	FusionSeeker	2	0	400	38	1	0	0	NA	0
negative	100GB	85%	CTAT-LR-Fusion	5	0	400	37	1	0	0	NA	0
negative	100GB	85%	FusionSeeker	37	0	400	37	1	0	0	NA	0
negative	100GB	85%	GFSeeker	1	0	400	37	1	0	0	NA	0
negative	100GB	85%	Genion	7	0	400	37	1	0	0	NA	0
negative	100GB	90%	CTAT-LR-Fusion	2	0	400	37	1	0	0	NA	0
negative	100GB	90%	FusionSeeker	44	0	400	37	1	0	0	NA	0
negative	100GB	90%	GFSeeker	1	0	400	37	1	0	0	NA	0
negative	100GB	90%	Genion	4	0	400	37	1	0	0	NA	0
negative	100GB	90%	LongGF	1	0	400	37	1	0	0	NA	0
negative	100GB	95%	CTAT-LR-Fusion	11	0	400	37	1	0	0	NA	0
negative	100GB	95%	FusionSeeker	48	0	400	37	1	0	0	NA	0
negative	100GB	95%	GFSeeker	1	0	400	37	1	0	0	NA	0
negative	100GB	95%	Genion	2	0	400	37	1	0	0	NA	0
negative	100GB	95%	JAFFAL	3	0	400	37	1	0	0	NA	0
negative	100GB	95%	LongGF	3	0	400	37	1	0	0	NA	0
negative	10GB	85%	CTAT-LR-Fusion	1	0	397	37	1	0	0	NA	0
negative	10GB	85%	FusionSeeker	1	0	397	37	1	0	0	NA	0
negative	10GB	85%	Genion	1	0	397	37	1	0	0	NA	0
negative	10GB	90%	FusionSeeker	3	0	400	37	1	0	0	NA	0
negative	10GB	95%	FusionSeeker	3	0	400	37	1	0	0	NA	0
positive	100GB	85%	CTAT-LR-Fusion	6	0	400	37	1	0	0	NA	0
positive	100GB	85%	FusionSeeker	117	17	400	37	0.8731343283582089	0.12686567164179105	0.0425	0.06367041198501873	0.0425
positive	100GB	85%	GFSeeker	5	1	400	37	0.8333333333333334	0.16666666666666666	0.0025	0.0049261083743842365	0.0025
positive	100GB	85%	Genion	9	5	400	37	0.6428571428571429	0.35714285714285715	0.0125	0.02415458937198068	0.0125
positive	100GB	85%	JAFFAL	0	1	400	37	0	1	0.0025	0.004987531172069826	0.0025
positive	100GB	90%	CTAT-LR-Fusion	9	8	400	37	0.5294117647058824	0.47058823529411764	0.02	0.03836930455635492	0.02
positive	100GB	90%	FusionSeeker	156	34	400	37	0.8210526315789474	0.17894736842105263	0.085	0.1152542372881356	0.085
positive	100GB	90%	GFSeeker	8	7	400	37	0.5333333333333333	0.4666666666666667	0.0175	0.033734939759036145	0.0175
positive	100GB	90%	Genion	13	14	400	37	0.48148148148148145	0.5185185185185185	0.035	0.06557377049180328	0.035
positive	100GB	90%	JAFFAL	5	5	400	37	0.5	0.5	0.0125	0.02439024390243903	0.0125
positive	100GB	90%	LongGF	4	0	400	37	1	0	0	NA	0
positive	100GB	95%	CTAT-LR-Fusion	24	10	400	37	0.7058823529411765	0.29411764705882354	0.025	0.04608294930875576	0.025
positive	100GB	95%	FusionSeeker	200	43	400	37	0.823045267489712	0.17695473251028807	0.1075	0.13374805598755832	0.1075
positive	100GB	95%	GFSeeker	17	6	400	37	0.7391304347826086	0.2608695652173913	0.015	0.02836879432624113	0.015
positive	100GB	95%	Genion	19	19	400	37	0.5	0.5	0.0475	0.08675799086757992	0.0475
positive	100GB	95%	JAFFAL	16	15	400	37	0.5161290322580645	0.4838709677419355	0.0375	0.06960556844547565	0.0375
positive	100GB	95%	LongGF	6	1	400	37	0.8571428571428571	0.14285714285714285	0.0025	0.004914004914004914	0.0025
positive	10GB	85%	CTAT-LR-Fusion	1	0	397	37	1	0	0	NA	0
positive	10GB	85%	FusionSeeker	1	0	397	37	1	0	0	NA	0
positive	10GB	85%	Genion	1	0	397	37	1	0	0	NA	0
positive	10GB	90%	FusionSeeker	2	0	400	37	1	0	0	NA	0
positive	10GB	95%	FusionSeeker	3	0	400	37	1	0	0	NA	0
negative	100GB	85%	CTAT-LR-Fusion	5	0	400	36	1	0	0	NA	0
negative	100GB	85%	FusionSeeker	37	0	400	36	1	0	0	NA	0
negative	100GB	85%	GFSeeker	1	0	400	36	1	0	0	NA	0
negative	100GB	85%	Genion	7	0	400	36	1	0	0	NA	0
negative	100GB	90%	CTAT-LR-Fusion	3	0	400	36	1	0	0	NA	0
negative	100GB	90%	FusionSeeker	45	0	400	36	1	0	0	NA	0
negative	100GB	90%	GFSeeker	1	0	400	36	1	0	0	NA	0
negative	100GB	90%	Genion	4	0	400	36	1	0	0	NA	0
negative	100GB	90%	LongGF	1	0	400	36	1	0	0	NA	0
negative	100GB	95%	CTAT-LR-Fusion	11	0	400	36	1	0	0	NA	0
negative	100GB	95%	FusionSeeker	50	0	400	36	1	0	0	NA	0
negative	100GB	95%	GFSeeker	1	0	400	36	1	0	0	NA	0
negative	100GB	95%	Genion	2	0	400	36	1	0	0	NA	0
negative	100GB	95%	JAFFAL	3	0	400	36	1	0	0	NA	0
negative	100GB	95%	LongGF	3	0	400	36	1	0	0	NA	0
negative	10GB	85%	CTAT-LR-Fusion	1	0	397	36	1	0	0	NA	0
negative	10GB	85%	FusionSeeker	1	0	397	36	1	0	0	NA	0
negative	10GB	85%	Genion	1	0	397	36	1	0	0	NA	0
negative	10GB	90%	FusionSeeker	3	0	400	36	1	0	0	NA	0
negative	10GB	95%	FusionSeeker	3	0	400	36	1	0	0	NA	0
positive	100GB	85%	CTAT-LR-Fusion	6	1	400	36	0.8571428571428571	0.14285714285714285	0.0025	0.004914004914004914	0.0025
positive	100GB	85%	FusionSeeker	118	18	400	36	0.8676470588235294	0.1323529411764706	0.045	0.06716417910447761	0.045
positive	100GB	85%	GFSeeker	6	1	400	36	0.8571428571428571	0.14285714285714285	0.0025	0.004914004914004914	0.0025
positive	100GB	85%	Genion	11	8	400	36	0.5789473684210527	0.42105263157894735	0.02	0.03818615751789976	0.02
positive	100GB	85%	JAFFAL	0	1	400	36	0	1	0.0025	0.004987531172069826	0.0025
positive	100GB	85%	LongGF	1	0	400	36	1	0	0	NA	0
positive	100GB	90%	CTAT-LR-Fusion	11	11	400	36	0.5	0.5	0.0275	0.05213270142180095	0.0275
positive	100GB	90%	FusionSeeker	166	35	400	36	0.8258706467661692	0.17412935323383086	0.0875	0.11647254575707154	0.0875
positive	100GB	90%	GFSeeker	11	7	400	36	0.6111111111111112	0.3888888888888889	0.0175	0.03349282296650718	0.0175
positive	100GB	90%	Genion	13	15	400	36	0.4642857142857143	0.5357142857142857	0.0375	0.07009345794392523	0.0375
positive	100GB	90%	JAFFAL	6	6	400	36	0.5	0.5	0.015	0.029126213592233007	0.015
positive	100GB	90%	LongGF	5	0	400	36	1	0	0	NA	0
positive	100GB	95%	CTAT-LR-Fusion	27	10	400	36	0.7297297297297297	0.2702702702702703	0.025	0.04576659038901602	0.025
positive	100GB	95%	FusionSeeker	209	44	400	36	0.8260869565217391	0.17391304347826086	0.11	0.13476263399693722	0.11
positive	100GB	95%	GFSeeker	20	6	400	36	0.7692307692307693	0.23076923076923078	0.015	0.02816901408450704	0.015
positive	100GB	95%	Genion	23	20	400	36	0.5348837209302325	0.46511627906976744	0.05	0.09029345372460497	0.05
positive	100GB	95%	JAFFAL	19	16	400	36	0.5428571428571428	0.45714285714285713	0.04	0.07356321839080461	0.04
positive	100GB	95%	LongGF	8	1	400	36	0.8888888888888888	0.1111111111111111	0.0025	0.004889975550122249	0.0025
positive	10GB	85%	CTAT-LR-Fusion	1	0	397	36	1	0	0	NA	0
positive	10GB	85%	FusionSeeker	1	0	397	36	1	0	0	NA	0
positive	10GB	85%	Genion	1	0	397	36	1	0	0	NA	0
positive	10GB	90%	FusionSeeker	2	0	400	36	1	0	0	NA	0
positive	10GB	95%	FusionSeeker	3	0	400	36	1	0	0	NA	0
negative	100GB	85%	CTAT-LR-Fusion	5	0	400	35	1	0	0	NA	0
negative	100GB	85%	FusionSeeker	38	0	400	35	1	0	0	NA	0
negative	100GB	85%	GFSeeker	1	0	400	35	1	0	0	NA	0
negative	100GB	85%	Genion	7	0	400	35	1	0	0	NA	0
negative	100GB	90%	CTAT-LR-Fusion	3	0	400	35	1	0	0	NA	0
negative	100GB	90%	FusionSeeker	47	0	400	35	1	0	0	NA	0
negative	100GB	90%	GFSeeker	1	0	400	35	1	0	0	NA	0
negative	100GB	90%	Genion	4	0	400	35	1	0	0	NA	0
negative	100GB	90%	JAFFAL	1	0	400	35	1	0	0	NA	0
negative	100GB	90%	LongGF	1	0	400	35	1	0	0	NA	0
negative	100GB	95%	CTAT-LR-Fusion	12	0	400	35	1	0	0	NA	0
negative	100GB	95%	FusionSeeker	52	0	400	35	1	0	0	NA	0
negative	100GB	95%	GFSeeker	1	0	400	35	1	0	0	NA	0
negative	100GB	95%	Genion	2	0	400	35	1	0	0	NA	0
negative	100GB	95%	JAFFAL	3	0	400	35	1	0	0	NA	0
negative	100GB	95%	LongGF	3	0	400	35	1	0	0	NA	0
negative	10GB	85%	CTAT-LR-Fusion	1	0	397	35	1	0	0	NA	0
negative	10GB	85%	FusionSeeker	1	0	397	35	1	0	0	NA	0
negative	10GB	85%	Genion	1	0	397	35	1	0	0	NA	0
negative	10GB	90%	FusionSeeker	3	0	400	35	1	0	0	NA	0
negative	10GB	95%	FusionSeeker	3	0	400	35	1	0	0	NA	0
positive	100GB	85%	CTAT-LR-Fusion	7	1	400	35	0.875	0.125	0.0025	0.004901960784313725	0.0025
positive	100GB	85%	FusionSeeker	123	21	400	35	0.8541666666666666	0.14583333333333334	0.0525	0.07720588235294118	0.0525
positive	100GB	85%	GFSeeker	8	1	400	35	0.8888888888888888	0.1111111111111111	0.0025	0.004889975550122249	0.0025
positive	100GB	85%	Genion	12	10	400	35	0.5454545454545454	0.45454545454545453	0.025	0.047393364928909956	0.025
positive	100GB	85%	JAFFAL	0	2	400	35	0	1	0.005	0.009950248756218907	0.005
positive	100GB	85%	LongGF	1	0	400	35	1	0	0	NA	0
positive	100GB	90%	CTAT-LR-Fusion	14	11	400	35	0.56	0.44	0.0275	0.051764705882352935	0.0275
positive	100GB	90%	FusionSeeker	180	38	400	35	0.8256880733944955	0.1743119266055046	0.095	0.12297734627831713	0.095
positive	100GB	90%	GFSeeker	12	7	400	35	0.631578947368421	0.3684210526315789	0.0175	0.0334128878281623	0.0175
positive	100GB	90%	Genion	15	17	400	35	0.46875	0.53125	0.0425	0.0787037037037037	0.0425
positive	100GB	90%	JAFFAL	6	6	400	35	0.5	0.5	0.015	0.029126213592233007	0.015
positive	100GB	90%	LongGF	5	0	400	35	1	0	0	NA	0
positive	100GB	95%	CTAT-LR-Fusion	30	14	400	35	0.6818181818181818	0.3181818181818182	0.035	0.06306306306306307	0.035
positive	100GB	95%	FusionSeeker	217	44	400	35	0.8314176245210728	0.1685823754789272	0.11	0.13313161875945537	0.11
positive	100GB	95%	GFSeeker	23	10	400	35	0.696969696969697	0.30303030303030304	0.025	0.04618937644341801	0.025
positive	100GB	95%	Genion	24	20	400	35	0.5454545454545454	0.45454545454545453	0.05	0.0900900900900901	0.05
positive	100GB	95%	JAFFAL	21	19	400	35	0.525	0.475	0.0475	0.08636363636363636	0.0475
positive	100GB	95%	LongGF	9	2	400	35	0.8181818181818182	0.18181818181818182	0.005	0.009732360097323601	0.005
positive	10GB	85%	CTAT-LR-Fusion	1	0	397	35	1	0	0	NA	0
positive	10GB	85%	FusionSeeker	1	0	397	35	1	0	0	NA	0
positive	10GB	85%	Genion	1	0	397	35	1	0	0	NA	0
positive	10GB	90%	FusionSeeker	2	0	400	35	1	0	0	NA	0
positive	10GB	95%	FusionSeeker	3	0	400	35	1	0	0	NA	0
negative	100GB	85%	CTAT-LR-Fusion	5	0	400	34	1	0	0	NA	0
negative	100GB	85%	FusionSeeker	40	0	400	34	1	0	0	NA	0
negative	100GB	85%	GFSeeker	1	0	400	34	1	0	0	NA	0
negative	100GB	85%	Genion	7	0	400	34	1	0	0	NA	0
negative	100GB	90%	CTAT-LR-Fusion	4	0	400	34	1	0	0	NA	0
negative	100GB	90%	FusionSeeker	50	0	400	34	1	0	0	NA	0
negative	100GB	90%	GFSeeker	1	0	400	34	1	0	0	NA	0
negative	100GB	90%	Genion	4	0	400	34	1	0	0	NA	0
negative	100GB	90%	JAFFAL	1	0	400	34	1	0	0	NA	0
negative	100GB	90%	LongGF	1	0	400	34	1	0	0	NA	0
negative	100GB	95%	CTAT-LR-Fusion	13	0	400	34	1	0	0	NA	0
negative	100GB	95%	FusionSeeker	54	0	400	34	1	0	0	NA	0
negative	100GB	95%	GFSeeker	1	0	400	34	1	0	0	NA	0
negative	100GB	95%	Genion	2	0	400	34	1	0	0	NA	0
negative	100GB	95%	JAFFAL	3	0	400	34	1	0	0	NA	0
negative	100GB	95%	LongGF	3	0	400	34	1	0	0	NA	0
negative	10GB	85%	CTAT-LR-Fusion	1	0	397	34	1	0	0	NA	0
negative	10GB	85%	FusionSeeker	2	0	397	34	1	0	0	NA	0
negative	10GB	85%	Genion	1	0	397	34	1	0	0	NA	0
negative	10GB	90%	FusionSeeker	3	0	400	34	1	0	0	NA	0
negative	10GB	95%	FusionSeeker	3	0	400	34	1	0	0	NA	0
positive	100GB	85%	CTAT-LR-Fusion	7	2	400	34	0.7777777777777778	0.2222222222222222	0.005	0.009779951100244499	0.005
positive	100GB	85%	FusionSeeker	131	21	400	34	0.8618421052631579	0.13815789473684212	0.0525	0.07608695652173914	0.0525
positive	100GB	85%	GFSeeker	8	1	400	34	0.8888888888888888	0.1111111111111111	0.0025	0.004889975550122249	0.0025
positive	100GB	85%	Genion	14	12	400	34	0.5384615384615384	0.46153846153846156	0.03	0.05633802816901408	0.03
positive	100GB	85%	JAFFAL	1	2	400	34	0.3333333333333333	0.6666666666666666	0.005	0.009925558312655087	0.005
positive	100GB	85%	LongGF	2	0	400	34	1	0	0	NA	0
positive	100GB	90%	CTAT-LR-Fusion	14	11	400	34	0.56	0.44	0.0275	0.051764705882352935	0.0275
positive	100GB	90%	FusionSeeker	191	42	400	34	0.8197424892703863	0.18025751072961374	0.105	0.13270142180094785	0.105
positive	100GB	90%	GFSeeker	13	7	400	34	0.65	0.35	0.0175	0.03333333333333333	0.0175
positive	100GB	90%	Genion	15	23	400	34	0.39473684210526316	0.6052631578947368	0.0575	0.10502283105022832	0.0575
positive	100GB	90%	JAFFAL	9	6	400	34	0.6	0.4	0.015	0.028915662650602407	0.015
positive	100GB	90%	LongGF	6	1	400	34	0.8571428571428571	0.14285714285714285	0.0025	0.004914004914004914	0.0025
positive	100GB	95%	CTAT-LR-Fusion	31	20	400	34	0.6078431372549019	0.39215686274509803	0.05	0.08869179600886919	0.05
positive	100GB	95%	FusionSeeker	225	48	400	34	0.8241758241758241	0.17582417582417584	0.12	0.1426448736998514	0.12
positive	100GB	95%	GFSeeker	24	11	400	34	0.6857142857142857	0.3142857142857143	0.0275	0.05057471264367816	0.0275
positive	100GB	95%	Genion	26	21	400	34	0.5531914893617021	0.44680851063829785	0.0525	0.09395973154362416	0.0525
positive	100GB	95%	JAFFAL	23	20	400	34	0.5348837209302325	0.46511627906976744	0.05	0.09029345372460497	0.05
positive	100GB	95%	LongGF	12	2	400	34	0.8571428571428571	0.14285714285714285	0.005	0.00966183574879227	0.005
positive	10GB	85%	CTAT-LR-Fusion	1	0	397	34	1	0	0	NA	0
positive	10GB	85%	FusionSeeker	1	0	397	34	1	0	0	NA	0
positive	10GB	85%	Genion	1	0	397	34	1	0	0	NA	0
positive	10GB	90%	FusionSeeker	2	0	400	34	1	0	0	NA	0
positive	10GB	95%	FusionSeeker	3	0	400	34	1	0	0	NA	0
negative	100GB	85%	CTAT-LR-Fusion	5	0	400	33	1	0	0	NA	0
negative	100GB	85%	FusionSeeker	43	0	400	33	1	0	0	NA	0
negative	100GB	85%	GFSeeker	1	0	400	33	1	0	0	NA	0
negative	100GB	85%	Genion	7	0	400	33	1	0	0	NA	0
negative	100GB	90%	CTAT-LR-Fusion	5	0	400	33	1	0	0	NA	0
negative	100GB	90%	FusionSeeker	52	0	400	33	1	0	0	NA	0
negative	100GB	90%	GFSeeker	1	0	400	33	1	0	0	NA	0
negative	100GB	90%	Genion	4	0	400	33	1	0	0	NA	0
negative	100GB	90%	JAFFAL	1	0	400	33	1	0	0	NA	0
negative	100GB	90%	LongGF	1	0	400	33	1	0	0	NA	0
negative	100GB	95%	CTAT-LR-Fusion	14	0	400	33	1	0	0	NA	0
negative	100GB	95%	FusionSeeker	55	0	400	33	1	0	0	NA	0
negative	100GB	95%	GFSeeker	1	0	400	33	1	0	0	NA	0
negative	100GB	95%	Genion	2	0	400	33	1	0	0	NA	0
negative	100GB	95%	JAFFAL	3	0	400	33	1	0	0	NA	0
negative	100GB	95%	LongGF	4	0	400	33	1	0	0	NA	0
negative	10GB	85%	CTAT-LR-Fusion	1	0	397	33	1	0	0	NA	0
negative	10GB	85%	FusionSeeker	2	0	397	33	1	0	0	NA	0
negative	10GB	85%	Genion	1	0	397	33	1	0	0	NA	0
negative	10GB	90%	FusionSeeker	3	0	400	33	1	0	0	NA	0
negative	10GB	95%	FusionSeeker	3	0	400	33	1	0	0	NA	0
positive	100GB	85%	CTAT-LR-Fusion	7	2	400	33	0.7777777777777778	0.2222222222222222	0.005	0.009779951100244499	0.005
positive	100GB	85%	FusionSeeker	141	22	400	33	0.8650306748466258	0.13496932515337423	0.055	0.07815275310834814	0.055
positive	100GB	85%	GFSeeker	8	1	400	33	0.8888888888888888	0.1111111111111111	0.0025	0.004889975550122249	0.0025
positive	100GB	85%	Genion	16	14	400	33	0.5333333333333333	0.4666666666666667	0.035	0.06511627906976744	0.035
positive	100GB	85%	JAFFAL	1	2	400	33	0.3333333333333333	0.6666666666666666	0.005	0.009925558312655087	0.005
positive	100GB	85%	LongGF	2	0	400	33	1	0	0	NA	0
positive	100GB	90%	CTAT-LR-Fusion	16	13	400	33	0.5517241379310345	0.4482758620689655	0.0325	0.06060606060606061	0.0325
positive	100GB	90%	FusionSeeker	200	44	400	33	0.819672131147541	0.18032786885245902	0.11	0.13664596273291926	0.11
positive	100GB	90%	GFSeeker	14	7	400	33	0.6666666666666666	0.3333333333333333	0.0175	0.0332541567695962	0.0175
positive	100GB	90%	Genion	19	26	400	33	0.4222222222222222	0.5777777777777777	0.065	0.11685393258426967	0.065
positive	100GB	90%	JAFFAL	10	8	400	33	0.5555555555555556	0.4444444444444444	0.02	0.03827751196172249	0.02
positive	100GB	90%	LongGF	9	1	400	33	0.9	0.1	0.0025	0.004878048780487805	0.0025
positive	100GB	95%	CTAT-LR-Fusion	35	20	400	33	0.6363636363636364	0.36363636363636365	0.05	0.08791208791208792	0.05
positive	100GB	95%	FusionSeeker	238	49	400	33	0.8292682926829268	0.17073170731707318	0.1225	0.1426491994177584	0.1225
positive	100GB	95%	GFSeeker	25	12	400	33	0.6756756756756757	0.32432432432432434	0.03	0.05491990846681921	0.03
positive	100GB	95%	Genion	31	21	400	33	0.5961538461538461	0.40384615384615385	0.0525	0.09292035398230088	0.0525
positive	100GB	95%	JAFFAL	26	22	400	33	0.5416666666666666	0.4583333333333333	0.055	0.09821428571428571	0.055
positive	100GB	95%	LongGF	16	3	400	33	0.8421052631578947	0.15789473684210525	0.0075	0.01431980906921241	0.0075
positive	10GB	85%	CTAT-LR-Fusion	1	0	397	33	1	0	0	NA	0
positive	10GB	85%	FusionSeeker	1	0	397	33	1	0	0	NA	0
positive	10GB	85%	Genion	1	0	397	33	1	0	0	NA	0
positive	10GB	90%	FusionSeeker	2	0	400	33	1	0	0	NA	0
positive	10GB	95%	FusionSeeker	3	0	400	33	1	0	0	NA	0
negative	100GB	85%	CTAT-LR-Fusion	6	0	400	32	1	0	0	NA	0
negative	100GB	85%	FusionSeeker	45	0	400	32	1	0	0	NA	0
negative	100GB	85%	GFSeeker	1	0	400	32	1	0	0	NA	0
negative	100GB	85%	Genion	7	0	400	32	1	0	0	NA	0
negative	100GB	90%	CTAT-LR-Fusion	6	0	400	32	1	0	0	NA	0
negative	100GB	90%	FusionSeeker	56	0	400	32	1	0	0	NA	0
negative	100GB	90%	GFSeeker	1	0	400	32	1	0	0	NA	0
negative	100GB	90%	Genion	4	0	400	32	1	0	0	NA	0
negative	100GB	90%	JAFFAL	1	0	400	32	1	0	0	NA	0
negative	100GB	90%	LongGF	1	0	400	32	1	0	0	NA	0
negative	100GB	95%	CTAT-LR-Fusion	14	0	400	32	1	0	0	NA	0
negative	100GB	95%	FusionSeeker	59	0	400	32	1	0	0	NA	0
negative	100GB	95%	GFSeeker	1	0	400	32	1	0	0	NA	0
negative	100GB	95%	Genion	2	0	400	32	1	0	0	NA	0
negative	100GB	95%	JAFFAL	3	0	400	32	1	0	0	NA	0
negative	100GB	95%	LongGF	4	0	400	32	1	0	0	NA	0
negative	10GB	85%	CTAT-LR-Fusion	1	0	397	32	1	0	0	NA	0
negative	10GB	85%	FusionSeeker	2	0	397	32	1	0	0	NA	0
negative	10GB	85%	Genion	1	0	397	32	1	0	0	NA	0
negative	10GB	90%	FusionSeeker	3	0	400	32	1	0	0	NA	0
negative	10GB	95%	FusionSeeker	3	0	400	32	1	0	0	NA	0
positive	100GB	85%	CTAT-LR-Fusion	7	3	400	32	0.7	0.3	0.0075	0.014634146341463414	0.0075
positive	100GB	85%	FusionSeeker	147	22	400	32	0.8698224852071006	0.1301775147928994	0.055	0.07732864674868191	0.055
positive	100GB	85%	GFSeeker	8	1	400	32	0.8888888888888888	0.1111111111111111	0.0025	0.004889975550122249	0.0025
positive	100GB	85%	Genion	18	14	400	32	0.5625	0.4375	0.035	0.06481481481481481	0.035
positive	100GB	85%	JAFFAL	1	3	400	32	0.25	0.75	0.0075	0.014851485148514853	0.0075
positive	100GB	85%	LongGF	4	0	400	32	1	0	0	NA	0
positive	100GB	90%	CTAT-LR-Fusion	18	14	400	32	0.5625	0.4375	0.035	0.06481481481481481	0.035
positive	100GB	90%	FusionSeeker	208	46	400	32	0.8188976377952756	0.18110236220472442	0.115	0.14067278287461776	0.115
positive	100GB	90%	GFSeeker	15	8	400	32	0.6521739130434783	0.34782608695652173	0.02	0.037825059101654845	0.02
positive	100GB	90%	Genion	22	27	400	32	0.4489795918367347	0.5510204081632653	0.0675	0.1202672605790646	0.0675
positive	100GB	90%	JAFFAL	11	9	400	32	0.55	0.45	0.0225	0.04285714285714286	0.0225
positive	100GB	90%	LongGF	11	1	400	32	0.9166666666666666	0.08333333333333333	0.0025	0.0048543689320388345	0.0025
positive	100GB	95%	CTAT-LR-Fusion	38	25	400	32	0.6031746031746031	0.3968253968253968	0.0625	0.1079913606911447	0.0625
positive	100GB	95%	FusionSeeker	249	51	400	32	0.83	0.17	0.1275	0.14571428571428574	0.1275
positive	100GB	95%	GFSeeker	31	12	400	32	0.7209302325581395	0.27906976744186046	0.03	0.05417607223476298	0.03
positive	100GB	95%	Genion	35	24	400	32	0.5932203389830508	0.4067796610169492	0.06	0.1045751633986928	0.06
positive	100GB	95%	JAFFAL	34	24	400	32	0.5862068965517241	0.41379310344827586	0.06	0.10480349344978165	0.06
positive	100GB	95%	LongGF	17	3	400	32	0.85	0.15	0.0075	0.014285714285714285	0.0075
positive	10GB	85%	CTAT-LR-Fusion	1	0	397	32	1	0	0	NA	0
positive	10GB	85%	FusionSeeker	1	0	397	32	1	0	0	NA	0
positive	10GB	85%	Genion	1	0	397	32	1	0	0	NA	0
positive	10GB	90%	FusionSeeker	3	0	400	32	1	0	0	NA	0
positive	10GB	95%	FusionSeeker	3	0	400	32	1	0	0	NA	0
negative	100GB	85%	CTAT-LR-Fusion	6	0	400	31	1	0	0	NA	0
negative	100GB	85%	FusionSeeker	47	0	400	31	1	0	0	NA	0
negative	100GB	85%	GFSeeker	1	0	400	31	1	0	0	NA	0
negative	100GB	85%	Genion	7	0	400	31	1	0	0	NA	0
negative	100GB	90%	CTAT-LR-Fusion	8	0	400	31	1	0	0	NA	0
negative	100GB	90%	FusionSeeker	59	0	400	31	1	0	0	NA	0
negative	100GB	90%	GFSeeker	1	0	400	31	1	0	0	NA	0
negative	100GB	90%	Genion	4	0	400	31	1	0	0	NA	0
negative	100GB	90%	JAFFAL	1	0	400	31	1	0	0	NA	0
negative	100GB	90%	LongGF	1	0	400	31	1	0	0	NA	0
negative	100GB	95%	CTAT-LR-Fusion	17	0	400	31	1	0	0	NA	0
negative	100GB	95%	FusionSeeker	62	0	400	31	1	0	0	NA	0
negative	100GB	95%	GFSeeker	1	0	400	31	1	0	0	NA	0
negative	100GB	95%	Genion	2	0	400	31	1	0	0	NA	0
negative	100GB	95%	JAFFAL	3	0	400	31	1	0	0	NA	0
negative	100GB	95%	LongGF	4	0	400	31	1	0	0	NA	0
negative	10GB	85%	CTAT-LR-Fusion	1	0	397	31	1	0	0	NA	0
negative	10GB	85%	FusionSeeker	2	0	397	31	1	0	0	NA	0
negative	10GB	85%	Genion	1	0	397	31	1	0	0	NA	0
negative	10GB	90%	FusionSeeker	3	0	400	31	1	0	0	NA	0
negative	10GB	95%	FusionSeeker	3	0	400	31	1	0	0	NA	0
positive	100GB	85%	CTAT-LR-Fusion	7	5	400	31	0.5833333333333334	0.4166666666666667	0.0125	0.024271844660194174	0.0125
positive	100GB	85%	FusionSeeker	159	23	400	31	0.8736263736263736	0.12637362637362637	0.0575	0.07903780068728522	0.0575
positive	100GB	85%	GFSeeker	8	2	400	31	0.8	0.2	0.005	0.00975609756097561	0.005
positive	100GB	85%	Genion	22	15	400	31	0.5945945945945946	0.40540540540540543	0.0375	0.06864988558352403	0.0375
positive	100GB	85%	JAFFAL	1	3	400	31	0.25	0.75	0.0075	0.014851485148514853	0.0075
positive	100GB	85%	LongGF	4	0	400	31	1	0	0	NA	0
positive	100GB	90%	CTAT-LR-Fusion	20	14	400	31	0.5882352941176471	0.4117647058823529	0.035	0.06451612903225806	0.035
positive	100GB	90%	FusionSeeker	221	46	400	31	0.8277153558052435	0.17228464419475656	0.115	0.13793103448275862	0.115
positive	100GB	90%	GFSeeker	15	8	400	31	0.6521739130434783	0.34782608695652173	0.02	0.037825059101654845	0.02
positive	100GB	90%	Genion	23	28	400	31	0.45098039215686275	0.5490196078431373	0.07	0.12416851441241684	0.07
positive	100GB	90%	JAFFAL	11	9	400	31	0.55	0.45	0.0225	0.04285714285714286	0.0225
positive	100GB	90%	LongGF	13	3	400	31	0.8125	0.1875	0.0075	0.014423076923076922	0.0075
positive	100GB	95%	CTAT-LR-Fusion	40	30	400	31	0.5714285714285714	0.42857142857142855	0.075	0.1276595744680851	0.075
positive	100GB	95%	FusionSeeker	258	53	400	31	0.8295819935691319	0.17041800643086816	0.1325	0.14908579465541488	0.1325
positive	100GB	95%	GFSeeker	34	13	400	31	0.723404255319149	0.2765957446808511	0.0325	0.058165548098433995	0.0325
positive	100GB	95%	Genion	37	26	400	31	0.5873015873015873	0.4126984126984127	0.065	0.1123110151187905	0.065
positive	100GB	95%	JAFFAL	35	26	400	31	0.5737704918032787	0.4262295081967213	0.065	0.11279826464208242	0.065
positive	100GB	95%	LongGF	18	3	400	31	0.8571428571428571	0.14285714285714285	0.0075	0.014251781472684083	0.0075
positive	10GB	85%	CTAT-LR-Fusion	1	0	397	31	1	0	0	NA	0
positive	10GB	85%	FusionSeeker	1	0	397	31	1	0	0	NA	0
positive	10GB	85%	Genion	1	0	397	31	1	0	0	NA	0
positive	10GB	90%	FusionSeeker	3	0	400	31	1	0	0	NA	0
positive	10GB	95%	FusionSeeker	4	0	400	31	1	0	0	NA	0
negative	100GB	85%	CTAT-LR-Fusion	6	0	400	30	1	0	0	NA	0
negative	100GB	85%	FusionSeeker	51	0	400	30	1	0	0	NA	0
negative	100GB	85%	GFSeeker	1	0	400	30	1	0	0	NA	0
negative	100GB	85%	Genion	7	0	400	30	1	0	0	NA	0
negative	100GB	90%	CTAT-LR-Fusion	9	0	400	30	1	0	0	NA	0
negative	100GB	90%	FusionSeeker	62	0	400	30	1	0	0	NA	0
negative	100GB	90%	GFSeeker	1	0	400	30	1	0	0	NA	0
negative	100GB	90%	Genion	4	0	400	30	1	0	0	NA	0
negative	100GB	90%	JAFFAL	2	0	400	30	1	0	0	NA	0
negative	100GB	90%	LongGF	1	0	400	30	1	0	0	NA	0
negative	100GB	95%	CTAT-LR-Fusion	17	0	400	30	1	0	0	NA	0
negative	100GB	95%	FusionSeeker	67	0	400	30	1	0	0	NA	0
negative	100GB	95%	GFSeeker	1	0	400	30	1	0	0	NA	0
negative	100GB	95%	Genion	2	0	400	30	1	0	0	NA	0
negative	100GB	95%	JAFFAL	3	0	400	30	1	0	0	NA	0
negative	100GB	95%	LongGF	5	0	400	30	1	0	0	NA	0
negative	10GB	85%	CTAT-LR-Fusion	1	0	397	30	1	0	0	NA	0
negative	10GB	85%	FusionSeeker	2	0	397	30	1	0	0	NA	0
negative	10GB	85%	Genion	2	0	397	30	1	0	0	NA	0
negative	10GB	90%	FusionSeeker	3	0	400	30	1	0	0	NA	0
negative	10GB	95%	FusionSeeker	3	0	400	30	1	0	0	NA	0
positive	100GB	85%	CTAT-LR-Fusion	7	5	400	30	0.5833333333333334	0.4166666666666667	0.0125	0.024271844660194174	0.0125
positive	100GB	85%	FusionSeeker	164	25	400	30	0.8677248677248677	0.13227513227513227	0.0625	0.08488964346349745	0.0625
positive	100GB	85%	GFSeeker	10	2	400	30	0.8333333333333334	0.16666666666666666	0.005	0.009708737864077669	0.005
positive	100GB	85%	Genion	23	15	400	30	0.6052631578947368	0.39473684210526316	0.0375	0.0684931506849315	0.0375
positive	100GB	85%	JAFFAL	2	3	400	30	0.4	0.6	0.0075	0.014814814814814815	0.0075
positive	100GB	85%	LongGF	5	0	400	30	1	0	0	NA	0
positive	100GB	90%	CTAT-LR-Fusion	23	17	400	30	0.575	0.425	0.0425	0.07727272727272728	0.0425
positive	100GB	90%	FusionSeeker	237	47	400	30	0.8345070422535211	0.16549295774647887	0.1175	0.13742690058479531	0.1175
positive	100GB	90%	GFSeeker	18	9	400	30	0.6666666666666666	0.3333333333333333	0.0225	0.04215456674473068	0.0225
positive	100GB	90%	Genion	27	30	400	30	0.47368421052631576	0.5263157894736842	0.075	0.1312910284463895	0.075
positive	100GB	90%	JAFFAL	15	12	400	30	0.5555555555555556	0.4444444444444444	0.03	0.05620608899297423	0.03
positive	100GB	90%	LongGF	15	3	400	30	0.8333333333333334	0.16666666666666666	0.0075	0.014354066985645932	0.0075
positive	100GB	95%	CTAT-LR-Fusion	41	34	400	30	0.5466666666666666	0.4533333333333333	0.085	0.14315789473684212	0.085
positive	100GB	95%	FusionSeeker	269	53	400	30	0.8354037267080745	0.16459627329192547	0.1325	0.14681440443213298	0.1325
positive	100GB	95%	GFSeeker	37	18	400	30	0.6727272727272727	0.32727272727272727	0.045	0.07912087912087912	0.045
positive	100GB	95%	Genion	39	26	400	30	0.6	0.4	0.065	0.11182795698924732	0.065
positive	100GB	95%	JAFFAL	40	27	400	30	0.5970149253731343	0.40298507462686567	0.0675	0.11563169164882227	0.0675
positive	100GB	95%	LongGF	19	3	400	30	0.8636363636363636	0.13636363636363635	0.0075	0.014218009478672983	0.0075
positive	10GB	85%	CTAT-LR-Fusion	1	0	397	30	1	0	0	NA	0
positive	10GB	85%	FusionSeeker	1	0	397	30	1	0	0	NA	0
positive	10GB	85%	Genion	1	0	397	30	1	0	0	NA	0
positive	10GB	90%	FusionSeeker	3	0	400	30	1	0	0	NA	0
positive	10GB	95%	FusionSeeker	4	0	400	30	1	0	0	NA	0
negative	100GB	85%	CTAT-LR-Fusion	6	0	400	29	1	0	0	NA	0
negative	100GB	85%	FusionSeeker	57	0	400	29	1	0	0	NA	0
negative	100GB	85%	GFSeeker	1	0	400	29	1	0	0	NA	0
negative	100GB	85%	Genion	7	0	400	29	1	0	0	NA	0
negative	100GB	90%	CTAT-LR-Fusion	13	0	400	29	1	0	0	NA	0
negative	100GB	90%	FusionSeeker	65	0	400	29	1	0	0	NA	0
negative	100GB	90%	GFSeeker	1	0	400	29	1	0	0	NA	0
negative	100GB	90%	Genion	4	0	400	29	1	0	0	NA	0
negative	100GB	90%	JAFFAL	2	0	400	29	1	0	0	NA	0
negative	100GB	90%	LongGF	1	0	400	29	1	0	0	NA	0
negative	100GB	95%	CTAT-LR-Fusion	17	0	400	29	1	0	0	NA	0
negative	100GB	95%	FusionSeeker	69	0	400	29	1	0	0	NA	0
negative	100GB	95%	GFSeeker	1	0	400	29	1	0	0	NA	0
negative	100GB	95%	Genion	2	0	400	29	1	0	0	NA	0
negative	100GB	95%	JAFFAL	3	0	400	29	1	0	0	NA	0
negative	100GB	95%	LongGF	5	0	400	29	1	0	0	NA	0
negative	10GB	85%	CTAT-LR-Fusion	1	0	397	29	1	0	0	NA	0
negative	10GB	85%	FusionSeeker	2	0	397	29	1	0	0	NA	0
negative	10GB	85%	Genion	2	0	397	29	1	0	0	NA	0
negative	10GB	90%	FusionSeeker	4	0	400	29	1	0	0	NA	0
negative	10GB	95%	FusionSeeker	4	0	400	29	1	0	0	NA	0
positive	100GB	85%	CTAT-LR-Fusion	9	6	400	29	0.6	0.4	0.015	0.028915662650602407	0.015
positive	100GB	85%	FusionSeeker	172	28	400	29	0.86	0.14	0.07	0.09333333333333334	0.07
positive	100GB	85%	GFSeeker	11	2	400	29	0.8461538461538461	0.15384615384615385	0.005	0.009685230024213076	0.005
positive	100GB	85%	Genion	26	15	400	29	0.6341463414634146	0.36585365853658536	0.0375	0.06802721088435375	0.0375
positive	100GB	85%	JAFFAL	3	4	400	29	0.42857142857142855	0.5714285714285714	0.01	0.019656019656019656	0.01
positive	100GB	85%	LongGF	6	0	400	29	1	0	0	NA	0
positive	100GB	90%	CTAT-LR-Fusion	26	19	400	29	0.5777777777777777	0.4222222222222222	0.0475	0.0853932584269663	0.0475
positive	100GB	90%	FusionSeeker	250	49	400	29	0.8361204013377926	0.16387959866220736	0.1225	0.1402002861230329	0.1225
positive	100GB	90%	GFSeeker	20	10	400	29	0.6666666666666666	0.3333333333333333	0.025	0.046511627906976744	0.025
positive	100GB	90%	Genion	35	31	400	29	0.5303030303030303	0.4696969696969697	0.0775	0.13304721030042918	0.0775
positive	100GB	90%	JAFFAL	18	14	400	29	0.5625	0.4375	0.035	0.06481481481481481	0.035
positive	100GB	90%	LongGF	18	4	400	29	0.8181818181818182	0.18181818181818182	0.01	0.01895734597156398	0.01
positive	100GB	95%	CTAT-LR-Fusion	46	39	400	29	0.5411764705882353	0.4588235294117647	0.0975	0.16082474226804125	0.0975
positive	100GB	95%	FusionSeeker	287	56	400	29	0.8367346938775511	0.16326530612244897	0.14	0.15074024226110364	0.14
positive	100GB	95%	GFSeeker	42	19	400	29	0.6885245901639344	0.3114754098360656	0.0475	0.0824295010845987	0.0475
positive	100GB	95%	Genion	41	29	400	29	0.5857142857142857	0.4142857142857143	0.0725	0.12340425531914893	0.0725
positive	100GB	95%	JAFFAL	44	34	400	29	0.5641025641025641	0.4358974358974359	0.085	0.14225941422594143	0.085
positive	100GB	95%	LongGF	22	3	400	29	0.88	0.12	0.0075	0.014117647058823528	0.0075
positive	10GB	85%	CTAT-LR-Fusion	1	0	397	29	1	0	0	NA	0
positive	10GB	85%	FusionSeeker	1	0	397	29	1	0	0	NA	0
positive	10GB	85%	Genion	1	0	397	29	1	0	0	NA	0
positive	10GB	90%	FusionSeeker	3	0	400	29	1	0	0	NA	0
positive	10GB	95%	FusionSeeker	4	0	400	29	1	0	0	NA	0
negative	100GB	85%	CTAT-LR-Fusion	6	0	400	28	1	0	0	NA	0
negative	100GB	85%	FusionSeeker	58	0	400	28	1	0	0	NA	0
negative	100GB	85%	GFSeeker	1	0	400	28	1	0	0	NA	0
negative	100GB	85%	Genion	7	0	400	28	1	0	0	NA	0
negative	100GB	90%	CTAT-LR-Fusion	15	0	400	28	1	0	0	NA	0
negative	100GB	90%	FusionSeeker	67	0	400	28	1	0	0	NA	0
negative	100GB	90%	GFSeeker	1	0	400	28	1	0	0	NA	0
negative	100GB	90%	Genion	4	0	400	28	1	0	0	NA	0
negative	100GB	90%	JAFFAL	3	0	400	28	1	0	0	NA	0
negative	100GB	90%	LongGF	1	0	400	28	1	0	0	NA	0
negative	100GB	95%	CTAT-LR-Fusion	17	0	400	28	1	0	0	NA	0
negative	100GB	95%	FusionSeeker	71	0	400	28	1	0	0	NA	0
negative	100GB	95%	GFSeeker	1	0	400	28	1	0	0	NA	0
negative	100GB	95%	Genion	3	0	400	28	1	0	0	NA	0
negative	100GB	95%	JAFFAL	3	0	400	28	1	0	0	NA	0
negative	100GB	95%	LongGF	5	0	400	28	1	0	0	NA	0
negative	10GB	85%	CTAT-LR-Fusion	1	0	397	28	1	0	0	NA	0
negative	10GB	85%	FusionSeeker	2	0	397	28	1	0	0	NA	0
negative	10GB	85%	Genion	2	0	397	28	1	0	0	NA	0
negative	10GB	90%	FusionSeeker	5	0	400	28	1	0	0	NA	0
negative	10GB	95%	FusionSeeker	5	0	400	28	1	0	0	NA	0
positive	100GB	85%	CTAT-LR-Fusion	11	7	400	28	0.6111111111111112	0.3888888888888889	0.0175	0.03349282296650718	0.0175
positive	100GB	85%	FusionSeeker	183	31	400	28	0.8551401869158879	0.14485981308411214	0.0775	0.10097719869706841	0.0775
positive	100GB	85%	GFSeeker	12	2	400	28	0.8571428571428571	0.14285714285714285	0.005	0.00966183574879227	0.005
positive	100GB	85%	Genion	31	20	400	28	0.6078431372549019	0.39215686274509803	0.05	0.08869179600886919	0.05
positive	100GB	85%	JAFFAL	3	5	400	28	0.375	0.625	0.0125	0.02450980392156863	0.0125
positive	100GB	85%	LongGF	6	1	400	28	0.8571428571428571	0.14285714285714285	0.0025	0.004914004914004914	0.0025
positive	100GB	90%	CTAT-LR-Fusion	34	24	400	28	0.5862068965517241	0.41379310344827586	0.06	0.10480349344978165	0.06
positive	100GB	90%	FusionSeeker	256	52	400	28	0.8311688311688312	0.16883116883116883	0.13	0.14689265536723164	0.13
positive	100GB	90%	GFSeeker	23	11	400	28	0.6764705882352942	0.3235294117647059	0.0275	0.05069124423963133	0.0275
positive	100GB	90%	Genion	38	33	400	28	0.5352112676056338	0.4647887323943662	0.0825	0.14012738853503184	0.0825
positive	100GB	90%	JAFFAL	19	14	400	28	0.5757575757575758	0.42424242424242425	0.035	0.06466512702078522	0.035
positive	100GB	90%	LongGF	20	5	400	28	0.8	0.2	0.0125	0.023529411764705885	0.0125
positive	100GB	95%	CTAT-LR-Fusion	48	44	400	28	0.5217391304347826	0.4782608695652174	0.11	0.17886178861788618	0.11
positive	100GB	95%	FusionSeeker	297	58	400	28	0.8366197183098592	0.16338028169014085	0.145	0.15364238410596026	0.145
positive	100GB	95%	GFSeeker	51	22	400	28	0.6986301369863014	0.3013698630136986	0.055	0.0930232558139535	0.055
positive	100GB	95%	Genion	43	31	400	28	0.581081081081081	0.4189189189189189	0.0775	0.1308016877637131	0.0775
positive	100GB	95%	JAFFAL	47	35	400	28	0.573170731707317	0.4268292682926829	0.0875	0.14522821576763487	0.0875
positive	100GB	95%	LongGF	27	3	400	28	0.9	0.1	0.0075	0.013953488372093021	0.0075
positive	10GB	85%	CTAT-LR-Fusion	1	0	397	28	1	0	0	NA	0
positive	10GB	85%	FusionSeeker	2	0	397	28	1	0	0	NA	0
positive	10GB	85%	Genion	1	0	397	28	1	0	0	NA	0
positive	10GB	90%	FusionSeeker	3	0	400	28	1	0	0	NA	0
positive	10GB	90%	Genion	1	0	400	28	1	0	0	NA	0
positive	10GB	95%	FusionSeeker	5	0	400	28	1	0	0	NA	0
negative	100GB	85%	CTAT-LR-Fusion	6	0	400	27	1	0	0	NA	0
negative	100GB	85%	FusionSeeker	60	0	400	27	1	0	0	NA	0
negative	100GB	85%	GFSeeker	1	0	400	27	1	0	0	NA	0
negative	100GB	85%	Genion	7	0	400	27	1	0	0	NA	0
negative	100GB	90%	CTAT-LR-Fusion	15	0	400	27	1	0	0	NA	0
negative	100GB	90%	FusionSeeker	70	0	400	27	1	0	0	NA	0
negative	100GB	90%	GFSeeker	1	0	400	27	1	0	0	NA	0
negative	100GB	90%	Genion	5	0	400	27	1	0	0	NA	0
negative	100GB	90%	JAFFAL	3	0	400	27	1	0	0	NA	0
negative	100GB	90%	LongGF	2	0	400	27	1	0	0	NA	0
negative	100GB	95%	CTAT-LR-Fusion	18	0	400	27	1	0	0	NA	0
negative	100GB	95%	FusionSeeker	73	0	400	27	1	0	0	NA	0
negative	100GB	95%	GFSeeker	1	0	400	27	1	0	0	NA	0
negative	100GB	95%	Genion	5	0	400	27	1	0	0	NA	0
negative	100GB	95%	JAFFAL	3	0	400	27	1	0	0	NA	0
negative	100GB	95%	LongGF	5	0	400	27	1	0	0	NA	0
negative	10GB	85%	CTAT-LR-Fusion	1	0	397	27	1	0	0	NA	0
negative	10GB	85%	FusionSeeker	2	0	397	27	1	0	0	NA	0
negative	10GB	85%	Genion	2	0	397	27	1	0	0	NA	0
negative	10GB	90%	FusionSeeker	5	0	400	27	1	0	0	NA	0
negative	10GB	95%	FusionSeeker	5	0	400	27	1	0	0	NA	0
positive	100GB	85%	CTAT-LR-Fusion	12	9	400	27	0.5714285714285714	0.42857142857142855	0.0225	0.04275534441805225	0.0225
positive	100GB	85%	FusionSeeker	192	35	400	27	0.8458149779735683	0.15418502202643172	0.0875	0.11164274322169059	0.0875
positive	100GB	85%	GFSeeker	14	3	400	27	0.8235294117647058	0.17647058823529413	0.0075	0.01438848920863309	0.0075
positive	100GB	85%	Genion	32	21	400	27	0.6037735849056604	0.39622641509433965	0.0525	0.09271523178807947	0.0525
positive	100GB	85%	JAFFAL	3	6	400	27	0.3333333333333333	0.6666666666666666	0.015	0.029339853300733493	0.015
positive	100GB	85%	LongGF	7	1	400	27	0.875	0.125	0.0025	0.004901960784313725	0.0025
positive	100GB	90%	CTAT-LR-Fusion	34	25	400	27	0.576271186440678	0.423728813559322	0.0625	0.10893246187363835	0.0625
positive	100GB	90%	FusionSeeker	267	54	400	27	0.8317757009345794	0.16822429906542055	0.135	0.14979195561719832	0.135
positive	100GB	90%	GFSeeker	24	11	400	27	0.6857142857142857	0.3142857142857143	0.0275	0.05057471264367816	0.0275
positive	100GB	90%	Genion	41	33	400	27	0.5540540540540541	0.44594594594594594	0.0825	0.13924050632911392	0.0825
positive	100GB	90%	JAFFAL	21	18	400	27	0.5384615384615384	0.46153846153846156	0.045	0.08200455580865602	0.045
positive	100GB	90%	LongGF	22	5	400	27	0.8148148148148148	0.18518518518518517	0.0125	0.023419203747072598	0.0125
positive	100GB	95%	CTAT-LR-Fusion	52	50	400	27	0.5098039215686274	0.49019607843137253	0.125	0.199203187250996	0.125
positive	100GB	95%	FusionSeeker	309	59	400	27	0.8396739130434783	0.16032608695652173	0.1475	0.15364583333333331	0.1475
positive	100GB	95%	GFSeeker	55	22	400	27	0.7142857142857143	0.2857142857142857	0.055	0.09224318658280922	0.055
positive	100GB	95%	Genion	46	35	400	27	0.5679012345679012	0.43209876543209874	0.0875	0.14553014553014554	0.0875
positive	100GB	95%	JAFFAL	49	37	400	27	0.5697674418604651	0.43023255813953487	0.0925	0.1522633744855967	0.0925
positive	100GB	95%	LongGF	31	4	400	27	0.8857142857142857	0.11428571428571428	0.01	0.018390804597701153	0.01
positive	10GB	85%	CTAT-LR-Fusion	1	0	397	27	1	0	0	NA	0
positive	10GB	85%	FusionSeeker	3	0	397	27	1	0	0	NA	0
positive	10GB	85%	Genion	2	0	397	27	1	0	0	NA	0
positive	10GB	90%	FusionSeeker	3	0	400	27	1	0	0	NA	0
positive	10GB	90%	Genion	1	0	400	27	1	0	0	NA	0
positive	10GB	95%	FusionSeeker	6	0	400	27	1	0	0	NA	0
negative	100GB	85%	CTAT-LR-Fusion	6	0	400	26	1	0	0	NA	0
negative	100GB	85%	FusionSeeker	61	0	400	26	1	0	0	NA	0
negative	100GB	85%	GFSeeker	1	0	400	26	1	0	0	NA	0
negative	100GB	85%	Genion	8	0	400	26	1	0	0	NA	0
negative	100GB	90%	CTAT-LR-Fusion	15	0	400	26	1	0	0	NA	0
negative	100GB	90%	FusionSeeker	70	0	400	26	1	0	0	NA	0
negative	100GB	90%	GFSeeker	1	0	400	26	1	0	0	NA	0
negative	100GB	90%	Genion	5	0	400	26	1	0	0	NA	0
negative	100GB	90%	JAFFAL	3	0	400	26	1	0	0	NA	0
negative	100GB	90%	LongGF	3	0	400	26	1	0	0	NA	0
negative	100GB	95%	CTAT-LR-Fusion	18	0	400	26	1	0	0	NA	0
negative	100GB	95%	FusionSeeker	74	0	400	26	1	0	0	NA	0
negative	100GB	95%	GFSeeker	1	0	400	26	1	0	0	NA	0
negative	100GB	95%	Genion	5	0	400	26	1	0	0	NA	0
negative	100GB	95%	JAFFAL	3	0	400	26	1	0	0	NA	0
negative	100GB	95%	LongGF	5	0	400	26	1	0	0	NA	0
negative	10GB	85%	CTAT-LR-Fusion	1	0	397	26	1	0	0	NA	0
negative	10GB	85%	FusionSeeker	2	0	397	26	1	0	0	NA	0
negative	10GB	85%	Genion	2	0	397	26	1	0	0	NA	0
negative	10GB	90%	FusionSeeker	5	0	400	26	1	0	0	NA	0
negative	10GB	95%	FusionSeeker	5	0	400	26	1	0	0	NA	0
positive	100GB	85%	CTAT-LR-Fusion	12	13	400	26	0.48	0.52	0.0325	0.061176470588235304	0.0325
positive	100GB	85%	FusionSeeker	204	35	400	26	0.8535564853556485	0.14644351464435146	0.0875	0.10954616588419405	0.0875
positive	100GB	85%	GFSeeker	16	3	400	26	0.8421052631578947	0.15789473684210525	0.0075	0.01431980906921241	0.0075
positive	100GB	85%	Genion	36	21	400	26	0.631578947368421	0.3684210526315789	0.0525	0.09190371991247265	0.0525
positive	100GB	85%	JAFFAL	3	9	400	26	0.25	0.75	0.0225	0.043689320388349516	0.0225
positive	100GB	85%	LongGF	11	1	400	26	0.9166666666666666	0.08333333333333333	0.0025	0.0048543689320388345	0.0025
positive	100GB	90%	CTAT-LR-Fusion	36	28	400	26	0.5625	0.4375	0.07	0.12068965517241378	0.07
positive	100GB	90%	FusionSeeker	277	56	400	26	0.8318318318318318	0.16816816816816818	0.14	0.1527967257844475	0.14
positive	100GB	90%	GFSeeker	29	14	400	26	0.6744186046511628	0.32558139534883723	0.035	0.06320541760722348	0.035
positive	100GB	90%	Genion	43	38	400	26	0.5308641975308642	0.4691358024691358	0.095	0.158004158004158	0.095
positive	100GB	90%	JAFFAL	23	21	400	26	0.5227272727272727	0.4772727272727273	0.0525	0.0945945945945946	0.0525
positive	100GB	90%	LongGF	25	6	400	26	0.8064516129032258	0.1935483870967742	0.015	0.02784222737819025	0.015
positive	100GB	95%	CTAT-LR-Fusion	60	53	400	26	0.5309734513274337	0.4690265486725664	0.1325	0.20662768031189085	0.1325
positive	100GB	95%	FusionSeeker	319	61	400	26	0.8394736842105263	0.16052631578947368	0.1525	0.1564102564102564	0.1525
positive	100GB	95%	GFSeeker	59	23	400	26	0.7195121951219512	0.2804878048780488	0.0575	0.09543568464730293	0.0575
positive	100GB	95%	Genion	48	36	400	26	0.5714285714285714	0.42857142857142855	0.09	0.1487603305785124	0.09
positive	100GB	95%	JAFFAL	51	42	400	26	0.5483870967741935	0.45161290322580644	0.105	0.17038539553752532	0.105
positive	100GB	95%	LongGF	39	4	400	26	0.9069767441860465	0.09302325581395349	0.01	0.018058690744920995	0.01
positive	10GB	85%	CTAT-LR-Fusion	1	0	397	26	1	0	0	NA	0
positive	10GB	85%	FusionSeeker	4	0	397	26	1	0	0	NA	0
positive	10GB	85%	Genion	2	0	397	26	1	0	0	NA	0
positive	10GB	90%	FusionSeeker	4	0	400	26	1	0	0	NA	0
positive	10GB	90%	Genion	1	0	400	26	1	0	0	NA	0
positive	10GB	95%	FusionSeeker	6	0	400	26	1	0	0	NA	0
negative	100GB	85%	CTAT-LR-Fusion	6	0	400	25	1	0	0	NA	0
negative	100GB	85%	FusionSeeker	65	0	400	25	1	0	0	NA	0
negative	100GB	85%	GFSeeker	1	0	400	25	1	0	0	NA	0
negative	100GB	85%	Genion	8	0	400	25	1	0	0	NA	0
negative	100GB	90%	CTAT-LR-Fusion	15	0	400	25	1	0	0	NA	0
negative	100GB	90%	FusionSeeker	73	0	400	25	1	0	0	NA	0
negative	100GB	90%	GFSeeker	1	0	400	25	1	0	0	NA	0
negative	100GB	90%	Genion	5	0	400	25	1	0	0	NA	0
negative	100GB	90%	JAFFAL	3	0	400	25	1	0	0	NA	0
negative	100GB	90%	LongGF	3	0	400	25	1	0	0	NA	0
negative	100GB	95%	CTAT-LR-Fusion	19	0	400	25	1	0	0	NA	0
negative	100GB	95%	FusionSeeker	77	0	400	25	1	0	0	NA	0
negative	100GB	95%	GFSeeker	1	0	400	25	1	0	0	NA	0
negative	100GB	95%	Genion	6	0	400	25	1	0	0	NA	0
negative	100GB	95%	JAFFAL	3	0	400	25	1	0	0	NA	0
negative	100GB	95%	LongGF	5	0	400	25	1	0	0	NA	0
negative	10GB	85%	CTAT-LR-Fusion	1	0	397	25	1	0	0	NA	0
negative	10GB	85%	FusionSeeker	4	0	397	25	1	0	0	NA	0
negative	10GB	85%	Genion	3	0	397	25	1	0	0	NA	0
negative	10GB	90%	FusionSeeker	5	0	400	25	1	0	0	NA	0
negative	10GB	95%	FusionSeeker	5	0	400	25	1	0	0	NA	0
positive	100GB	85%	CTAT-LR-Fusion	16	16	400	25	0.5	0.5	0.04	0.07407407407407407	0.04
positive	100GB	85%	FusionSeeker	216	37	400	25	0.8537549407114624	0.14624505928853754	0.0925	0.11332312404287902	0.0925
positive	100GB	85%	GFSeeker	16	5	400	25	0.7619047619047619	0.23809523809523808	0.0125	0.023752969121140142	0.0125
positive	100GB	85%	Genion	45	23	400	25	0.6617647058823529	0.3382352941176471	0.0575	0.0982905982905983	0.0575
positive	100GB	85%	JAFFAL	5	9	400	25	0.35714285714285715	0.6428571428571429	0.0225	0.043478260869565216	0.0225
positive	100GB	85%	LongGF	15	1	400	25	0.9375	0.0625	0.0025	0.004807692307692308	0.0025
positive	100GB	90%	CTAT-LR-Fusion	41	32	400	25	0.5616438356164384	0.4383561643835616	0.08	0.13530655391120508	0.08
positive	100GB	90%	FusionSeeker	291	57	400	25	0.8362068965517241	0.16379310344827586	0.1425	0.15240641711229944	0.1425
positive	100GB	90%	GFSeeker	33	14	400	25	0.7021276595744681	0.2978723404255319	0.035	0.06263982102908278	0.035
positive	100GB	90%	Genion	46	38	400	25	0.5476190476190477	0.4523809523809524	0.095	0.15702479338842976	0.095
positive	100GB	90%	JAFFAL	25	21	400	25	0.5434782608695652	0.45652173913043476	0.0525	0.09417040358744393	0.0525
positive	100GB	90%	LongGF	28	6	400	25	0.8235294117647058	0.17647058823529413	0.015	0.027649769585253454	0.015
positive	100GB	95%	CTAT-LR-Fusion	64	57	400	25	0.5289256198347108	0.47107438016528924	0.1425	0.21880998080614203	0.1425
positive	100GB	95%	FusionSeeker	323	61	400	25	0.8411458333333334	0.15885416666666666	0.1525	0.1556122448979592	0.1525
positive	100GB	95%	GFSeeker	61	23	400	25	0.7261904761904762	0.27380952380952384	0.0575	0.0950413223140496	0.0575
positive	100GB	95%	Genion	56	37	400	25	0.6021505376344086	0.3978494623655914	0.0925	0.15010141987829612	0.0925
positive	100GB	95%	JAFFAL	54	45	400	25	0.5454545454545454	0.45454545454545453	0.1125	0.18036072144288576	0.1125
positive	100GB	95%	LongGF	43	6	400	25	0.8775510204081632	0.12244897959183673	0.015	0.026726057906458798	0.015
positive	10GB	85%	CTAT-LR-Fusion	1	0	397	25	1	0	0	NA	0
positive	10GB	85%	FusionSeeker	4	0	397	25	1	0	0	NA	0
positive	10GB	85%	Genion	3	0	397	25	1	0	0	NA	0
positive	10GB	90%	FusionSeeker	4	0	400	25	1	0	0	NA	0
positive	10GB	90%	Genion	1	0	400	25	1	0	0	NA	0
positive	10GB	95%	FusionSeeker	7	0	400	25	1	0	0	NA	0
negative	100GB	85%	CTAT-LR-Fusion	6	0	400	24	1	0	0	NA	0
negative	100GB	85%	FusionSeeker	69	0	400	24	1	0	0	NA	0
negative	100GB	85%	GFSeeker	1	0	400	24	1	0	0	NA	0
negative	100GB	85%	Genion	9	0	400	24	1	0	0	NA	0
negative	100GB	85%	LongGF	2	0	400	24	1	0	0	NA	0
negative	100GB	90%	CTAT-LR-Fusion	16	0	400	24	1	0	0	NA	0
negative	100GB	90%	FusionSeeker	75	0	400	24	1	0	0	NA	0
negative	100GB	90%	GFSeeker	1	0	400	24	1	0	0	NA	0
negative	100GB	90%	Genion	5	0	400	24	1	0	0	NA	0
negative	100GB	90%	JAFFAL	3	0	400	24	1	0	0	NA	0
negative	100GB	90%	LongGF	3	0	400	24	1	0	0	NA	0
negative	100GB	95%	CTAT-LR-Fusion	20	0	400	24	1	0	0	NA	0
negative	100GB	95%	FusionSeeker	78	0	400	24	1	0	0	NA	0
negative	100GB	95%	GFSeeker	1	0	400	24	1	0	0	NA	0
negative	100GB	95%	Genion	6	0	400	24	1	0	0	NA	0
negative	100GB	95%	JAFFAL	3	0	400	24	1	0	0	NA	0
negative	100GB	95%	LongGF	5	0	400	24	1	0	0	NA	0
negative	10GB	85%	CTAT-LR-Fusion	1	0	397	24	1	0	0	NA	0
negative	10GB	85%	FusionSeeker	4	0	397	24	1	0	0	NA	0
negative	10GB	85%	Genion	3	0	397	24	1	0	0	NA	0
negative	10GB	90%	FusionSeeker	5	0	400	24	1	0	0	NA	0
negative	10GB	95%	FusionSeeker	5	0	400	24	1	0	0	NA	0
positive	100GB	85%	CTAT-LR-Fusion	17	17	400	24	0.5	0.5	0.0425	0.0783410138248848	0.0425
positive	100GB	85%	FusionSeeker	224	38	400	24	0.8549618320610687	0.1450381679389313	0.095	0.1148036253776435	0.095
positive	100GB	85%	GFSeeker	17	6	400	24	0.7391304347826086	0.2608695652173913	0.015	0.02836879432624113	0.015
positive	100GB	85%	Genion	46	25	400	24	0.647887323943662	0.352112676056338	0.0625	0.10615711252653928	0.0625
positive	100GB	85%	JAFFAL	6	11	400	24	0.35294117647058826	0.6470588235294118	0.0275	0.052757793764988015	0.0275
positive	100GB	85%	LongGF	15	1	400	24	0.9375	0.0625	0.0025	0.004807692307692308	0.0025
positive	100GB	90%	CTAT-LR-Fusion	46	36	400	24	0.5609756097560976	0.43902439024390244	0.09	0.14937759336099585	0.09
positive	100GB	90%	FusionSeeker	304	57	400	24	0.8421052631578947	0.15789473684210525	0.1425	0.14980289093298288	0.1425
positive	100GB	90%	GFSeeker	38	16	400	24	0.7037037037037037	0.2962962962962963	0.04	0.07048458149779736	0.04
positive	100GB	90%	Genion	52	38	400	24	0.5777777777777777	0.4222222222222222	0.095	0.15510204081632653	0.095
positive	100GB	90%	JAFFAL	29	26	400	24	0.5272727272727272	0.4727272727272727	0.065	0.1142857142857143	0.065
positive	100GB	90%	LongGF	28	7	400	24	0.8	0.2	0.0175	0.03218390804597701	0.0175
positive	100GB	95%	CTAT-LR-Fusion	72	61	400	24	0.5413533834586466	0.45864661654135336	0.1525	0.22889305816135083	0.1525
positive	100GB	95%	FusionSeeker	330	64	400	24	0.8375634517766497	0.16243654822335024	0.16	0.1612090680100756	0.16
positive	100GB	95%	GFSeeker	66	24	400	24	0.7333333333333333	0.26666666666666666	0.06	0.0979591836734694	0.06
positive	100GB	95%	Genion	64	38	400	24	0.6274509803921569	0.37254901960784315	0.095	0.15139442231075698	0.095
positive	100GB	95%	JAFFAL	60	46	400	24	0.5660377358490566	0.4339622641509434	0.115	0.18181818181818182	0.115
positive	100GB	95%	LongGF	44	7	400	24	0.8627450980392157	0.13725490196078433	0.0175	0.03104212860310421	0.0175
positive	10GB	85%	CTAT-LR-Fusion	1	0	397	24	1	0	0	NA	0
positive	10GB	85%	FusionSeeker	4	0	397	24	1	0	0	NA	0
positive	10GB	85%	Genion	3	0	397	24	1	0	0	NA	0
positive	10GB	90%	FusionSeeker	4	0	400	24	1	0	0	NA	0
positive	10GB	90%	Genion	1	0	400	24	1	0	0	NA	0
positive	10GB	95%	FusionSeeker	8	0	400	24	1	0	0	NA	0
negative	100GB	85%	CTAT-LR-Fusion	6	0	400	23	1	0	0	NA	0
negative	100GB	85%	FusionSeeker	70	0	400	23	1	0	0	NA	0
negative	100GB	85%	GFSeeker	1	0	400	23	1	0	0	NA	0
negative	100GB	85%	Genion	10	0	400	23	1	0	0	NA	0
negative	100GB	85%	LongGF	2	0	400	23	1	0	0	NA	0
negative	100GB	90%	CTAT-LR-Fusion	16	0	400	23	1	0	0	NA	0
negative	100GB	90%	FusionSeeker	79	0	400	23	1	0	0	NA	0
negative	100GB	90%	GFSeeker	1	0	400	23	1	0	0	NA	0
negative	100GB	90%	Genion	5	0	400	23	1	0	0	NA	0
negative	100GB	90%	JAFFAL	3	0	400	23	1	0	0	NA	0
negative	100GB	90%	LongGF	3	0	400	23	1	0	0	NA	0
negative	100GB	95%	CTAT-LR-Fusion	20	0	400	23	1	0	0	NA	0
negative	100GB	95%	FusionSeeker	80	0	400	23	1	0	0	NA	0
negative	100GB	95%	GFSeeker	1	0	400	23	1	0	0	NA	0
negative	100GB	95%	Genion	6	0	400	23	1	0	0	NA	0
negative	100GB	95%	JAFFAL	3	0	400	23	1	0	0	NA	0
negative	100GB	95%	LongGF	5	0	400	23	1	0	0	NA	0
negative	10GB	85%	CTAT-LR-Fusion	1	0	397	23	1	0	0	NA	0
negative	10GB	85%	FusionSeeker	4	0	397	23	1	0	0	NA	0
negative	10GB	85%	Genion	3	0	397	23	1	0	0	NA	0
negative	10GB	90%	FusionSeeker	5	0	400	23	1	0	0	NA	0
negative	10GB	95%	FusionSeeker	5	0	400	23	1	0	0	NA	0
positive	100GB	85%	CTAT-LR-Fusion	20	20	400	23	0.5	0.5	0.05	0.09090909090909091	0.05
positive	100GB	85%	FusionSeeker	235	39	400	23	0.8576642335766423	0.14233576642335766	0.0975	0.11572700296735905	0.0975
positive	100GB	85%	GFSeeker	18	7	400	23	0.72	0.28	0.0175	0.03294117647058824	0.0175
positive	100GB	85%	Genion	51	26	400	23	0.6623376623376623	0.33766233766233766	0.065	0.1090146750524109	0.065
positive	100GB	85%	JAFFAL	9	11	400	23	0.45	0.55	0.0275	0.05238095238095238	0.0275
positive	100GB	85%	LongGF	17	2	400	23	0.8947368421052632	0.10526315789473684	0.005	0.00954653937947494	0.005
positive	100GB	90%	CTAT-LR-Fusion	47	41	400	23	0.5340909090909091	0.4659090909090909	0.1025	0.1680327868852459	0.1025
positive	100GB	90%	FusionSeeker	315	58	400	23	0.8445040214477212	0.1554959785522788	0.145	0.15006468305304008	0.145
positive	100GB	90%	GFSeeker	42	19	400	23	0.6885245901639344	0.3114754098360656	0.0475	0.0824295010845987	0.0475
positive	100GB	90%	Genion	59	40	400	23	0.5959595959595959	0.40404040404040403	0.1	0.16032064128256512	0.1
positive	100GB	90%	JAFFAL	34	28	400	23	0.5483870967741935	0.45161290322580644	0.07	0.12121212121212123	0.07
positive	100GB	90%	LongGF	30	7	400	23	0.8108108108108109	0.1891891891891892	0.0175	0.032036613272311214	0.0175
positive	100GB	95%	CTAT-LR-Fusion	78	64	400	23	0.5492957746478874	0.4507042253521127	0.16	0.23616236162361626	0.16
positive	100GB	95%	FusionSeeker	335	64	400	23	0.8395989974937343	0.16040100250626566	0.16	0.1602002503128911	0.16
positive	100GB	95%	GFSeeker	69	26	400	23	0.7263157894736842	0.2736842105263158	0.065	0.10505050505050506	0.065
positive	100GB	95%	Genion	66	40	400	23	0.6226415094339622	0.37735849056603776	0.1	0.158102766798419	0.1
positive	100GB	95%	JAFFAL	61	48	400	23	0.5596330275229358	0.44036697247706424	0.12	0.18860510805500982	0.12
positive	100GB	95%	LongGF	48	8	400	23	0.8571428571428571	0.14285714285714285	0.02	0.03508771929824562	0.02
positive	10GB	85%	CTAT-LR-Fusion	1	0	397	23	1	0	0	NA	0
positive	10GB	85%	FusionSeeker	4	0	397	23	1	0	0	NA	0
positive	10GB	85%	Genion	3	0	397	23	1	0	0	NA	0
positive	10GB	90%	FusionSeeker	4	0	400	23	1	0	0	NA	0
positive	10GB	90%	Genion	1	0	400	23	1	0	0	NA	0
positive	10GB	95%	FusionSeeker	10	0	400	23	1	0	0	NA	0
negative	100GB	85%	CTAT-LR-Fusion	6	0	400	22	1	0	0	NA	0
negative	100GB	85%	FusionSeeker	75	0	400	22	1	0	0	NA	0
negative	100GB	85%	GFSeeker	1	0	400	22	1	0	0	NA	0
negative	100GB	85%	Genion	11	0	400	22	1	0	0	NA	0
negative	100GB	85%	LongGF	2	0	400	22	1	0	0	NA	0
negative	100GB	90%	CTAT-LR-Fusion	18	0	400	22	1	0	0	NA	0
negative	100GB	90%	FusionSeeker	81	0	400	22	1	0	0	NA	0
negative	100GB	90%	GFSeeker	1	0	400	22	1	0	0	NA	0
negative	100GB	90%	Genion	5	0	400	22	1	0	0	NA	0
negative	100GB	90%	JAFFAL	3	0	400	22	1	0	0	NA	0
negative	100GB	90%	LongGF	4	0	400	22	1	0	0	NA	0
negative	100GB	95%	CTAT-LR-Fusion	20	0	400	22	1	0	0	NA	0
negative	100GB	95%	FusionSeeker	80	0	400	22	1	0	0	NA	0
negative	100GB	95%	GFSeeker	1	0	400	22	1	0	0	NA	0
negative	100GB	95%	Genion	6	0	400	22	1	0	0	NA	0
negative	100GB	95%	JAFFAL	3	0	400	22	1	0	0	NA	0
negative	100GB	95%	LongGF	5	0	400	22	1	0	0	NA	0
negative	10GB	85%	CTAT-LR-Fusion	1	0	397	22	1	0	0	NA	0
negative	10GB	85%	FusionSeeker	4	0	397	22	1	0	0	NA	0
negative	10GB	85%	Genion	3	0	397	22	1	0	0	NA	0
negative	10GB	90%	FusionSeeker	5	0	400	22	1	0	0	NA	0
negative	10GB	95%	FusionSeeker	5	0	400	22	1	0	0	NA	0
positive	100GB	85%	CTAT-LR-Fusion	23	20	400	22	0.5348837209302325	0.46511627906976744	0.05	0.09029345372460497	0.05
positive	100GB	85%	FusionSeeker	244	39	400	22	0.8621908127208481	0.13780918727915195	0.0975	0.11420204978038068	0.0975
positive	100GB	85%	GFSeeker	19	7	400	22	0.7307692307692307	0.2692307692307692	0.0175	0.03286384976525822	0.0175
positive	100GB	85%	Genion	54	26	400	22	0.675	0.325	0.065	0.10833333333333334	0.065
positive	100GB	85%	JAFFAL	11	12	400	22	0.4782608695652174	0.5217391304347826	0.03	0.05673758865248226	0.03
positive	100GB	85%	LongGF	18	4	400	22	0.8181818181818182	0.18181818181818182	0.01	0.01895734597156398	0.01
positive	100GB	90%	CTAT-LR-Fusion	48	44	400	22	0.5217391304347826	0.4782608695652174	0.11	0.17886178861788618	0.11
positive	100GB	90%	FusionSeeker	323	59	400	22	0.8455497382198953	0.1544502617801047	0.1475	0.15089514066496162	0.1475
positive	100GB	90%	GFSeeker	46	20	400	22	0.696969696969697	0.30303030303030304	0.05	0.08583690987124463	0.05
positive	100GB	90%	Genion	65	41	400	22	0.6132075471698113	0.3867924528301887	0.1025	0.16205533596837945	0.1025
positive	100GB	90%	JAFFAL	38	31	400	22	0.5507246376811594	0.4492753623188406	0.0775	0.13219616204690832	0.0775
positive	100GB	90%	LongGF	33	7	400	22	0.825	0.175	0.0175	0.03181818181818182	0.0175
positive	100GB	95%	CTAT-LR-Fusion	80	68	400	22	0.5405405405405406	0.4594594594594595	0.17	0.24817518248175185	0.17
positive	100GB	95%	FusionSeeker	342	64	400	22	0.8423645320197044	0.15763546798029557	0.16	0.1588089330024814	0.16
positive	100GB	95%	GFSeeker	75	27	400	22	0.7352941176470589	0.2647058823529412	0.0675	0.10756972111553785	0.0675
positive	100GB	95%	Genion	77	41	400	22	0.652542372881356	0.3474576271186441	0.1025	0.15830115830115832	0.1025
positive	100GB	95%	JAFFAL	64	50	400	22	0.5614035087719298	0.43859649122807015	0.125	0.19455252918287935	0.125
positive	100GB	95%	LongGF	52	8	400	22	0.8666666666666667	0.13333333333333333	0.02	0.034782608695652174	0.02
positive	10GB	85%	CTAT-LR-Fusion	1	0	397	22	1	0	0	NA	0
positive	10GB	85%	FusionSeeker	4	0	397	22	1	0	0	NA	0
positive	10GB	85%	GFSeeker	1	0	397	22	1	0	0	NA	0
positive	10GB	85%	Genion	3	0	397	22	1	0	0	NA	0
positive	10GB	90%	FusionSeeker	5	0	400	22	1	0	0	NA	0
positive	10GB	90%	Genion	1	0	400	22	1	0	0	NA	0
positive	10GB	95%	FusionSeeker	10	0	400	22	1	0	0	NA	0
negative	100GB	85%	CTAT-LR-Fusion	6	0	400	21	1	0	0	NA	0
negative	100GB	85%	FusionSeeker	79	0	400	21	1	0	0	NA	0
negative	100GB	85%	GFSeeker	1	0	400	21	1	0	0	NA	0
negative	100GB	85%	Genion	12	0	400	21	1	0	0	NA	0
negative	100GB	85%	LongGF	2	0	400	21	1	0	0	NA	0
negative	100GB	90%	CTAT-LR-Fusion	19	0	400	21	1	0	0	NA	0
negative	100GB	90%	FusionSeeker	82	0	400	21	1	0	0	NA	0
negative	100GB	90%	GFSeeker	2	0	400	21	1	0	0	NA	0
negative	100GB	90%	Genion	6	0	400	21	1	0	0	NA	0
negative	100GB	90%	JAFFAL	3	0	400	21	1	0	0	NA	0
negative	100GB	90%	LongGF	5	0	400	21	1	0	0	NA	0
negative	100GB	95%	CTAT-LR-Fusion	20	0	400	21	1	0	0	NA	0
negative	100GB	95%	FusionSeeker	80	0	400	21	1	0	0	NA	0
negative	100GB	95%	GFSeeker	1	0	400	21	1	0	0	NA	0
negative	100GB	95%	Genion	6	0	400	21	1	0	0	NA	0
negative	100GB	95%	JAFFAL	3	0	400	21	1	0	0	NA	0
negative	100GB	95%	LongGF	5	0	400	21	1	0	0	NA	0
negative	10GB	85%	CTAT-LR-Fusion	1	0	397	21	1	0	0	NA	0
negative	10GB	85%	FusionSeeker	4	0	397	21	1	0	0	NA	0
negative	10GB	85%	Genion	3	0	397	21	1	0	0	NA	0
negative	10GB	90%	FusionSeeker	6	0	400	21	1	0	0	NA	0
negative	10GB	95%	FusionSeeker	6	0	400	21	1	0	0	NA	0
positive	100GB	85%	CTAT-LR-Fusion	26	22	400	21	0.5416666666666666	0.4583333333333333	0.055	0.09821428571428571	0.055
positive	100GB	85%	FusionSeeker	256	40	400	21	0.8648648648648649	0.13513513513513514	0.1	0.11494252873563218	0.1
positive	100GB	85%	GFSeeker	19	7	400	21	0.7307692307692307	0.2692307692307692	0.0175	0.03286384976525822	0.0175
positive	100GB	85%	Genion	56	27	400	21	0.6746987951807228	0.3253012048192771	0.0675	0.11180124223602486	0.0675
positive	100GB	85%	JAFFAL	14	14	400	21	0.5	0.5	0.035	0.06542056074766356	0.035
positive	100GB	85%	LongGF	20	4	400	21	0.8333333333333334	0.16666666666666666	0.01	0.018867924528301886	0.01
positive	100GB	90%	CTAT-LR-Fusion	51	48	400	21	0.5151515151515151	0.48484848484848486	0.12	0.19238476953907815	0.12
positive	100GB	90%	FusionSeeker	330	61	400	21	0.8439897698209718	0.15601023017902813	0.1525	0.15423514538558786	0.1525
positive	100GB	90%	GFSeeker	51	23	400	21	0.6891891891891891	0.3108108108108108	0.0575	0.09704641350210971	0.0575
positive	100GB	90%	Genion	69	41	400	21	0.6272727272727273	0.37272727272727274	0.1025	0.1607843137254902	0.1025
positive	100GB	90%	JAFFAL	42	33	400	21	0.56	0.44	0.0825	0.13894736842105262	0.0825
positive	100GB	90%	LongGF	38	7	400	21	0.8444444444444444	0.15555555555555556	0.0175	0.03146067415730337	0.0175
positive	100GB	95%	CTAT-LR-Fusion	84	70	400	21	0.5454545454545454	0.45454545454545453	0.175	0.2527075812274368	0.175
positive	100GB	95%	FusionSeeker	356	65	400	21	0.8456057007125891	0.1543942992874109	0.1625	0.15834348355663824	0.1625
positive	100GB	95%	GFSeeker	79	28	400	21	0.7383177570093458	0.2616822429906542	0.07	0.11045364891518739	0.07
positive	100GB	95%	Genion	83	42	400	21	0.664	0.336	0.105	0.16	0.105
positive	100GB	95%	JAFFAL	68	53	400	21	0.5619834710743802	0.4380165289256198	0.1325	0.20345489443378123	0.1325
positive	100GB	95%	LongGF	53	8	400	21	0.8688524590163934	0.13114754098360656	0.02	0.03470715835140998	0.02
positive	10GB	85%	CTAT-LR-Fusion	1	0	397	21	1	0	0	NA	0
positive	10GB	85%	FusionSeeker	6	0	397	21	1	0	0	NA	0
positive	10GB	85%	GFSeeker	1	0	397	21	1	0	0	NA	0
positive	10GB	85%	Genion	3	0	397	21	1	0	0	NA	0
positive	10GB	90%	CTAT-LR-Fusion	1	0	400	21	1	0	0	NA	0
positive	10GB	90%	FusionSeeker	7	0	400	21	1	0	0	NA	0
positive	10GB	90%	Genion	1	0	400	21	1	0	0	NA	0
positive	10GB	95%	FusionSeeker	11	0	400	21	1	0	0	NA	0
positive	1GB	90%	FusionSeeker	1	0	202	21	1	0	0	NA	0
negative	100GB	85%	CTAT-LR-Fusion	7	0	400	20	1	0	0	NA	0
negative	100GB	85%	FusionSeeker	84	0	400	20	1	0	0	NA	0
negative	100GB	85%	GFSeeker	1	0	400	20	1	0	0	NA	0
negative	100GB	85%	Genion	12	0	400	20	1	0	0	NA	0
negative	100GB	85%	LongGF	2	0	400	20	1	0	0	NA	0
negative	100GB	90%	CTAT-LR-Fusion	22	0	400	20	1	0	0	NA	0
negative	100GB	90%	FusionSeeker	86	0	400	20	1	0	0	NA	0
negative	100GB	90%	GFSeeker	2	0	400	20	1	0	0	NA	0
negative	100GB	90%	Genion	7	0	400	20	1	0	0	NA	0
negative	100GB	90%	JAFFAL	3	0	400	20	1	0	0	NA	0
negative	100GB	90%	LongGF	5	0	400	20	1	0	0	NA	0
negative	100GB	95%	CTAT-LR-Fusion	20	0	400	20	1	0	0	NA	0
negative	100GB	95%	FusionSeeker	82	0	400	20	1	0	0	NA	0
negative	100GB	95%	GFSeeker	1	0	400	20	1	0	0	NA	0
negative	100GB	95%	Genion	6	0	400	20	1	0	0	NA	0
negative	100GB	95%	JAFFAL	3	0	400	20	1	0	0	NA	0
negative	100GB	95%	LongGF	6	0	400	20	1	0	0	NA	0
negative	10GB	85%	CTAT-LR-Fusion	1	0	397	20	1	0	0	NA	0
negative	10GB	85%	FusionSeeker	5	0	397	20	1	0	0	NA	0
negative	10GB	85%	Genion	3	0	397	20	1	0	0	NA	0
negative	10GB	90%	FusionSeeker	6	0	400	20	1	0	0	NA	0
negative	10GB	95%	FusionSeeker	6	0	400	20	1	0	0	NA	0
positive	100GB	85%	CTAT-LR-Fusion	27	24	400	20	0.5294117647058824	0.47058823529411764	0.06	0.10643015521064302	0.06
positive	100GB	85%	FusionSeeker	269	42	400	20	0.864951768488746	0.13504823151125403	0.105	0.11814345991561181	0.105
positive	100GB	85%	GFSeeker	22	7	400	20	0.7586206896551724	0.2413793103448276	0.0175	0.03263403263403264	0.0175
positive	100GB	85%	Genion	58	30	400	20	0.6590909090909091	0.3409090909090909	0.075	0.12295081967213115	0.075
positive	100GB	85%	JAFFAL	17	17	400	20	0.5	0.5	0.0425	0.0783410138248848	0.0425
positive	100GB	85%	LongGF	24	5	400	20	0.8275862068965517	0.1724137931034483	0.0125	0.023310023310023312	0.0125
positive	100GB	90%	CTAT-LR-Fusion	55	50	400	20	0.5238095238095238	0.47619047619047616	0.125	0.19801980198019803	0.125
positive	100GB	90%	FusionSeeker	339	61	400	20	0.8475	0.1525	0.1525	0.1525	0.1525
positive	100GB	90%	GFSeeker	54	24	400	20	0.6923076923076923	0.3076923076923077	0.06	0.10041841004184102	0.06
positive	100GB	90%	Genion	75	41	400	20	0.646551724137931	0.35344827586206895	0.1025	0.15891472868217055	0.1025
positive	100GB	90%	JAFFAL	48	34	400	20	0.5853658536585366	0.4146341463414634	0.085	0.14107883817427389	0.085
positive	100GB	90%	LongGF	41	8	400	20	0.8367346938775511	0.16326530612244897	0.02	0.035634743875278395	0.02
positive	100GB	95%	CTAT-LR-Fusion	87	73	400	20	0.54375	0.45625	0.1825	0.26071428571428573	0.1825
positive	100GB	95%	FusionSeeker	366	66	400	20	0.8472222222222222	0.1527777777777778	0.165	0.15865384615384615	0.165
positive	100GB	95%	GFSeeker	86	31	400	20	0.7350427350427351	0.26495726495726496	0.0775	0.11992263056092842	0.0775
positive	100GB	95%	Genion	90	43	400	20	0.6766917293233082	0.3233082706766917	0.1075	0.16135084427767354	0.1075
positive	100GB	95%	JAFFAL	70	53	400	20	0.5691056910569106	0.43089430894308944	0.1325	0.20267686424474185	0.1325
positive	100GB	95%	LongGF	57	8	400	20	0.8769230769230769	0.12307692307692308	0.02	0.034408602150537634	0.02
positive	10GB	85%	CTAT-LR-Fusion	1	0	397	20	1	0	0	NA	0
positive	10GB	85%	FusionSeeker	6	0	397	20	1	0	0	NA	0
positive	10GB	85%	GFSeeker	1	0	397	20	1	0	0	NA	0
positive	10GB	85%	Genion	3	0	397	20	1	0	0	NA	0
positive	10GB	90%	CTAT-LR-Fusion	1	0	400	20	1	0	0	NA	0
positive	10GB	90%	FusionSeeker	9	0	400	20	1	0	0	NA	0
positive	10GB	90%	Genion	1	0	400	20	1	0	0	NA	0
positive	10GB	95%	FusionSeeker	11	0	400	20	1	0	0	NA	0
positive	1GB	90%	FusionSeeker	1	0	202	20	1	0	0	NA	0
negative	100GB	85%	CTAT-LR-Fusion	8	0	400	19	1	0	0	NA	0
negative	100GB	85%	FusionSeeker	85	0	400	19	1	0	0	NA	0
negative	100GB	85%	GFSeeker	1	0	400	19	1	0	0	NA	0
negative	100GB	85%	Genion	12	0	400	19	1	0	0	NA	0
negative	100GB	85%	JAFFAL	1	0	400	19	1	0	0	NA	0
negative	100GB	85%	LongGF	2	0	400	19	1	0	0	NA	0
negative	100GB	90%	CTAT-LR-Fusion	23	0	400	19	1	0	0	NA	0
negative	100GB	90%	FusionSeeker	87	0	400	19	1	0	0	NA	0
negative	100GB	90%	GFSeeker	2	0	400	19	1	0	0	NA	0
negative	100GB	90%	Genion	7	0	400	19	1	0	0	NA	0
negative	100GB	90%	JAFFAL	3	0	400	19	1	0	0	NA	0
negative	100GB	90%	LongGF	5	0	400	19	1	0	0	NA	0
negative	100GB	95%	CTAT-LR-Fusion	20	0	400	19	1	0	0	NA	0
negative	100GB	95%	FusionSeeker	82	0	400	19	1	0	0	NA	0
negative	100GB	95%	GFSeeker	1	0	400	19	1	0	0	NA	0
negative	100GB	95%	Genion	6	0	400	19	1	0	0	NA	0
negative	100GB	95%	JAFFAL	3	0	400	19	1	0	0	NA	0
negative	100GB	95%	LongGF	6	0	400	19	1	0	0	NA	0
negative	10GB	85%	CTAT-LR-Fusion	1	0	397	19	1	0	0	NA	0
negative	10GB	85%	FusionSeeker	6	0	397	19	1	0	0	NA	0
negative	10GB	85%	Genion	3	0	397	19	1	0	0	NA	0
negative	10GB	90%	FusionSeeker	6	0	400	19	1	0	0	NA	0
negative	10GB	95%	FusionSeeker	6	0	400	19	1	0	0	NA	0
positive	100GB	85%	CTAT-LR-Fusion	31	25	400	19	0.5535714285714286	0.44642857142857145	0.0625	0.10964912280701755	0.0625
positive	100GB	85%	FusionSeeker	278	43	400	19	0.8660436137071651	0.13395638629283488	0.1075	0.11927877947295422	0.1075
positive	100GB	85%	GFSeeker	24	7	400	19	0.7741935483870968	0.22580645161290322	0.0175	0.03248259860788864	0.0175
positive	100GB	85%	Genion	61	30	400	19	0.6703296703296703	0.32967032967032966	0.075	0.12219959266802444	0.075
positive	100GB	85%	JAFFAL	18	17	400	19	0.5142857142857142	0.4857142857142857	0.0425	0.07816091954022988	0.0425
positive	100GB	85%	LongGF	26	6	400	19	0.8125	0.1875	0.015	0.027777777777777776	0.015
positive	100GB	90%	CTAT-LR-Fusion	64	51	400	19	0.5565217391304348	0.4434782608695652	0.1275	0.19805825242718444	0.1275
positive	100GB	90%	FusionSeeker	350	62	400	19	0.8495145631067961	0.15048543689320387	0.155	0.15270935960591134	0.155
positive	100GB	90%	GFSeeker	60	26	400	19	0.6976744186046512	0.3023255813953488	0.065	0.10699588477366255	0.065
positive	100GB	90%	Genion	82	44	400	19	0.6507936507936508	0.3492063492063492	0.11	0.1673003802281369	0.11
positive	100GB	90%	JAFFAL	51	36	400	19	0.5862068965517241	0.41379310344827586	0.09	0.14784394250513344	0.09
positive	100GB	90%	LongGF	45	8	400	19	0.8490566037735849	0.1509433962264151	0.02	0.03532008830022075	0.02
positive	100GB	95%	CTAT-LR-Fusion	89	76	400	19	0.5393939393939394	0.46060606060606063	0.19	0.26902654867256637	0.19
positive	100GB	95%	FusionSeeker	372	67	400	19	0.8473804100227791	0.15261958997722094	0.1675	0.1597139451728248	0.1675
positive	100GB	95%	GFSeeker	89	31	400	19	0.7416666666666667	0.25833333333333336	0.0775	0.11923076923076922	0.0775
positive	100GB	95%	Genion	97	44	400	19	0.6879432624113475	0.3120567375886525	0.11	0.16266173752310537	0.11
positive	100GB	95%	JAFFAL	73	55	400	19	0.5703125	0.4296875	0.1375	0.20833333333333337	0.1375
positive	100GB	95%	LongGF	60	8	400	19	0.8823529411764706	0.11764705882352941	0.02	0.03418803418803419	0.02
positive	10GB	85%	CTAT-LR-Fusion	1	0	397	19	1	0	0	NA	0
positive	10GB	85%	FusionSeeker	7	0	397	19	1	0	0	NA	0
positive	10GB	85%	GFSeeker	1	0	397	19	1	0	0	NA	0
positive	10GB	85%	Genion	3	0	397	19	1	0	0	NA	0
positive	10GB	90%	CTAT-LR-Fusion	1	0	400	19	1	0	0	NA	0
positive	10GB	90%	FusionSeeker	9	0	400	19	1	0	0	NA	0
positive	10GB	90%	Genion	1	0	400	19	1	0	0	NA	0
positive	10GB	95%	FusionSeeker	12	0	400	19	1	0	0	NA	0
positive	1GB	90%	FusionSeeker	1	0	202	19	1	0	0	NA	0
negative	100GB	85%	CTAT-LR-Fusion	10	0	400	18	1	0	0	NA	0
negative	100GB	85%	FusionSeeker	86	0	400	18	1	0	0	NA	0
negative	100GB	85%	GFSeeker	1	0	400	18	1	0	0	NA	0
negative	100GB	85%	Genion	12	0	400	18	1	0	0	NA	0
negative	100GB	85%	JAFFAL	1	0	400	18	1	0	0	NA	0
negative	100GB	85%	LongGF	2	0	400	18	1	0	0	NA	0
negative	100GB	90%	CTAT-LR-Fusion	24	0	400	18	1	0	0	NA	0
negative	100GB	90%	FusionSeeker	89	0	400	18	1	0	0	NA	0
negative	100GB	90%	GFSeeker	2	0	400	18	1	0	0	NA	0
negative	100GB	90%	Genion	8	0	400	18	1	0	0	NA	0
negative	100GB	90%	JAFFAL	4	0	400	18	1	0	0	NA	0
negative	100GB	90%	LongGF	6	0	400	18	1	0	0	NA	0
negative	100GB	95%	CTAT-LR-Fusion	20	0	400	18	1	0	0	NA	0
negative	100GB	95%	FusionSeeker	85	0	400	18	1	0	0	NA	0
negative	100GB	95%	GFSeeker	1	0	400	18	1	0	0	NA	0
negative	100GB	95%	Genion	7	0	400	18	1	0	0	NA	0
negative	100GB	95%	JAFFAL	3	0	400	18	1	0	0	NA	0
negative	100GB	95%	LongGF	6	0	400	18	1	0	0	NA	0
negative	10GB	85%	CTAT-LR-Fusion	1	0	397	18	1	0	0	NA	0
negative	10GB	85%	FusionSeeker	6	0	397	18	1	0	0	NA	0
negative	10GB	85%	Genion	3	0	397	18	1	0	0	NA	0
negative	10GB	90%	FusionSeeker	6	0	400	18	1	0	0	NA	0
negative	10GB	95%	FusionSeeker	6	0	400	18	1	0	0	NA	0
positive	100GB	85%	CTAT-LR-Fusion	35	27	400	18	0.5645161290322581	0.43548387096774194	0.0675	0.1168831168831169	0.0675
positive	100GB	85%	FusionSeeker	289	45	400	18	0.8652694610778443	0.1347305389221557	0.1125	0.12261580381471392	0.1125
positive	100GB	85%	GFSeeker	31	8	400	18	0.7948717948717948	0.20512820512820512	0.02	0.03644646924829158	0.02
positive	100GB	85%	Genion	66	33	400	18	0.6666666666666666	0.3333333333333333	0.0825	0.13226452905811623	0.0825
positive	100GB	85%	JAFFAL	23	18	400	18	0.5609756097560976	0.43902439024390244	0.045	0.0816326530612245	0.045
positive	100GB	85%	LongGF	31	6	400	18	0.8378378378378378	0.16216216216216217	0.015	0.027459954233409606	0.015
positive	100GB	90%	CTAT-LR-Fusion	69	55	400	18	0.5564516129032258	0.4435483870967742	0.1375	0.2099236641221374	0.1375
positive	100GB	90%	FusionSeeker	352	65	400	18	0.8441247002398081	0.15587529976019185	0.1625	0.1591187270501836	0.1625
positive	100GB	90%	GFSeeker	68	26	400	18	0.723404255319149	0.2765957446808511	0.065	0.10526315789473684	0.065
positive	100GB	90%	Genion	90	44	400	18	0.6716417910447762	0.3283582089552239	0.11	0.16479400749063672	0.11
positive	100GB	90%	JAFFAL	54	41	400	18	0.5684210526315789	0.43157894736842106	0.1025	0.16565656565656564	0.1025
positive	100GB	90%	LongGF	49	8	400	18	0.8596491228070176	0.14035087719298245	0.02	0.0350109409190372	0.02
positive	100GB	95%	CTAT-LR-Fusion	96	81	400	18	0.5423728813559322	0.4576271186440678	0.2025	0.2807625649913345	0.2025
positive	100GB	95%	FusionSeeker	378	68	400	18	0.8475336322869955	0.15246636771300448	0.17	0.16075650118203308	0.17
positive	100GB	95%	GFSeeker	92	32	400	18	0.7419354838709677	0.25806451612903225	0.08	0.12213740458015267	0.08
positive	100GB	95%	Genion	104	46	400	18	0.6933333333333334	0.30666666666666664	0.115	0.1672727272727273	0.115
positive	100GB	95%	JAFFAL	79	55	400	18	0.5895522388059702	0.41044776119402987	0.1375	0.2059925093632959	0.1375
positive	100GB	95%	LongGF	62	9	400	18	0.8732394366197183	0.1267605633802817	0.0225	0.038216560509554146	0.0225
positive	10GB	85%	CTAT-LR-Fusion	1	0	397	18	1	0	0	NA	0
positive	10GB	85%	FusionSeeker	7	0	397	18	1	0	0	NA	0
positive	10GB	85%	GFSeeker	1	0	397	18	1	0	0	NA	0
positive	10GB	85%	Genion	3	0	397	18	1	0	0	NA	0
positive	10GB	90%	CTAT-LR-Fusion	1	0	400	18	1	0	0	NA	0
positive	10GB	90%	FusionSeeker	10	0	400	18	1	0	0	NA	0
positive	10GB	90%	Genion	1	0	400	18	1	0	0	NA	0
positive	10GB	95%	FusionSeeker	12	1	400	18	0.9230769230769231	0.07692307692307693	0.0025	0.004842615012106538	0.0025
positive	1GB	90%	FusionSeeker	1	0	202	18	1	0	0	NA	0
negative	100GB	85%	CTAT-LR-Fusion	10	0	400	17	1	0	0	NA	0
negative	100GB	85%	FusionSeeker	89	0	400	17	1	0	0	NA	0
negative	100GB	85%	GFSeeker	1	0	400	17	1	0	0	NA	0
negative	100GB	85%	Genion	14	0	400	17	1	0	0	NA	0
negative	100GB	85%	JAFFAL	1	0	400	17	1	0	0	NA	0
negative	100GB	85%	LongGF	2	0	400	17	1	0	0	NA	0
negative	100GB	90%	CTAT-LR-Fusion	26	0	400	17	1	0	0	NA	0
negative	100GB	90%	FusionSeeker	92	0	400	17	1	0	0	NA	0
negative	100GB	90%	GFSeeker	2	0	400	17	1	0	0	NA	0
negative	100GB	90%	Genion	10	0	400	17	1	0	0	NA	0
negative	100GB	90%	JAFFAL	4	0	400	17	1	0	0	NA	0
negative	100GB	90%	LongGF	6	0	400	17	1	0	0	NA	0
negative	100GB	95%	CTAT-LR-Fusion	20	0	400	17	1	0	0	NA	0
negative	100GB	95%	FusionSeeker	85	0	400	17	1	0	0	NA	0
negative	100GB	95%	GFSeeker	2	0	400	17	1	0	0	NA	0
negative	100GB	95%	Genion	7	0	400	17	1	0	0	NA	0
negative	100GB	95%	JAFFAL	4	0	400	17	1	0	0	NA	0
negative	100GB	95%	LongGF	6	0	400	17	1	0	0	NA	0
negative	10GB	85%	CTAT-LR-Fusion	1	0	397	17	1	0	0	NA	0
negative	10GB	85%	FusionSeeker	6	0	397	17	1	0	0	NA	0
negative	10GB	85%	Genion	3	0	397	17	1	0	0	NA	0
negative	10GB	90%	FusionSeeker	8	0	400	17	1	0	0	NA	0
negative	10GB	95%	FusionSeeker	8	0	400	17	1	0	0	NA	0
positive	100GB	85%	CTAT-LR-Fusion	37	33	400	17	0.5285714285714286	0.4714285714285714	0.0825	0.14042553191489363	0.0825
positive	100GB	85%	FusionSeeker	299	47	400	17	0.8641618497109826	0.13583815028901733	0.1175	0.1260053619302949	0.1175
positive	100GB	85%	GFSeeker	35	8	400	17	0.813953488372093	0.18604651162790697	0.02	0.03611738148984199	0.02
positive	100GB	85%	Genion	75	34	400	17	0.6880733944954128	0.3119266055045872	0.085	0.13359528487229863	0.085
positive	100GB	85%	JAFFAL	23	18	400	17	0.5609756097560976	0.43902439024390244	0.045	0.0816326530612245	0.045
positive	100GB	85%	LongGF	33	7	400	17	0.825	0.175	0.0175	0.03181818181818182	0.0175
positive	100GB	90%	CTAT-LR-Fusion	74	59	400	17	0.556390977443609	0.44360902255639095	0.1475	0.22138836772983111	0.1475
positive	100GB	90%	FusionSeeker	363	65	400	17	0.8481308411214953	0.15186915887850466	0.1625	0.15700483091787437	0.1625
positive	100GB	90%	GFSeeker	71	26	400	17	0.7319587628865979	0.26804123711340205	0.065	0.10462776659959758	0.065
positive	100GB	90%	Genion	99	44	400	17	0.6923076923076923	0.3076923076923077	0.11	0.16206261510128914	0.11
positive	100GB	90%	JAFFAL	55	43	400	17	0.5612244897959183	0.4387755102040816	0.1075	0.17269076305220885	0.1075
positive	100GB	90%	LongGF	51	8	400	17	0.864406779661017	0.13559322033898305	0.02	0.034858387799564274	0.02
positive	100GB	95%	CTAT-LR-Fusion	99	85	400	17	0.5380434782608695	0.46195652173913043	0.2125	0.2910958904109589	0.2125
positive	100GB	95%	FusionSeeker	383	68	400	17	0.8492239467849224	0.15077605321507762	0.17	0.15981198589894244	0.17
positive	100GB	95%	GFSeeker	95	34	400	17	0.7364341085271318	0.26356589147286824	0.085	0.1285444234404537	0.085
positive	100GB	95%	Genion	110	48	400	17	0.6962025316455697	0.3037974683544304	0.12	0.17204301075268819	0.12
positive	100GB	95%	JAFFAL	81	60	400	17	0.574468085106383	0.425531914893617	0.15	0.22181146025878004	0.15
positive	100GB	95%	LongGF	62	10	400	17	0.8611111111111112	0.1388888888888889	0.025	0.04237288135593221	0.025
positive	10GB	85%	CTAT-LR-Fusion	1	0	397	17	1	0	0	NA	0
positive	10GB	85%	FusionSeeker	7	0	397	17	1	0	0	NA	0
positive	10GB	85%	GFSeeker	1	0	397	17	1	0	0	NA	0
positive	10GB	85%	Genion	3	0	397	17	1	0	0	NA	0
positive	10GB	90%	CTAT-LR-Fusion	1	0	400	17	1	0	0	NA	0
positive	10GB	90%	FusionSeeker	11	0	400	17	1	0	0	NA	0
positive	10GB	90%	GFSeeker	1	0	400	17	1	0	0	NA	0
positive	10GB	90%	Genion	1	0	400	17	1	0	0	NA	0
positive	10GB	95%	FusionSeeker	12	1	400	17	0.9230769230769231	0.07692307692307693	0.0025	0.004842615012106538	0.0025
positive	1GB	90%	FusionSeeker	1	0	202	17	1	0	0	NA	0
negative	100GB	85%	CTAT-LR-Fusion	14	0	400	16	1	0	0	NA	0
negative	100GB	85%	FusionSeeker	94	0	400	16	1	0	0	NA	0
negative	100GB	85%	GFSeeker	1	0	400	16	1	0	0	NA	0
negative	100GB	85%	Genion	14	0	400	16	1	0	0	NA	0
negative	100GB	85%	JAFFAL	1	0	400	16	1	0	0	NA	0
negative	100GB	85%	LongGF	2	0	400	16	1	0	0	NA	0
negative	100GB	90%	CTAT-LR-Fusion	26	0	400	16	1	0	0	NA	0
negative	100GB	90%	FusionSeeker	94	0	400	16	1	0	0	NA	0
negative	100GB	90%	GFSeeker	3	0	400	16	1	0	0	NA	0
negative	100GB	90%	Genion	10	0	400	16	1	0	0	NA	0
negative	100GB	90%	JAFFAL	4	0	400	16	1	0	0	NA	0
negative	100GB	90%	LongGF	6	0	400	16	1	0	0	NA	0
negative	100GB	95%	CTAT-LR-Fusion	20	0	400	16	1	0	0	NA	0
negative	100GB	95%	FusionSeeker	88	0	400	16	1	0	0	NA	0
negative	100GB	95%	GFSeeker	2	0	400	16	1	0	0	NA	0
negative	100GB	95%	Genion	8	0	400	16	1	0	0	NA	0
negative	100GB	95%	JAFFAL	4	0	400	16	1	0	0	NA	0
negative	100GB	95%	LongGF	6	0	400	16	1	0	0	NA	0
negative	10GB	85%	CTAT-LR-Fusion	1	0	397	16	1	0	0	NA	0
negative	10GB	85%	FusionSeeker	6	0	397	16	1	0	0	NA	0
negative	10GB	85%	Genion	3	0	397	16	1	0	0	NA	0
negative	10GB	90%	FusionSeeker	8	0	400	16	1	0	0	NA	0
negative	10GB	90%	GFSeeker	1	0	400	16	1	0	0	NA	0
negative	10GB	95%	FusionSeeker	8	0	400	16	1	0	0	NA	0
negative	10GB	95%	GFSeeker	1	0	400	16	1	0	0	NA	0
positive	100GB	85%	CTAT-LR-Fusion	41	36	400	16	0.5324675324675324	0.4675324675324675	0.09	0.1509433962264151	0.09
positive	100GB	85%	FusionSeeker	312	51	400	16	0.859504132231405	0.14049586776859505	0.1275	0.13368283093053734	0.1275
positive	100GB	85%	GFSeeker	40	8	400	16	0.8333333333333334	0.16666666666666666	0.02	0.03571428571428571	0.02
positive	100GB	85%	Genion	77	36	400	16	0.6814159292035398	0.3185840707964602	0.09	0.14035087719298245	0.09
positive	100GB	85%	JAFFAL	27	19	400	16	0.5869565217391305	0.41304347826086957	0.0475	0.0852017937219731	0.0475
positive	100GB	85%	LongGF	36	7	400	16	0.8372093023255814	0.16279069767441862	0.0175	0.03160270880361174	0.0175
positive	100GB	90%	CTAT-LR-Fusion	79	60	400	16	0.5683453237410072	0.4316546762589928	0.15	0.22263450834879406	0.15
positive	100GB	90%	FusionSeeker	375	67	400	16	0.8484162895927602	0.1515837104072398	0.1675	0.15914489311163893	0.1675
positive	100GB	90%	GFSeeker	75	26	400	16	0.7425742574257426	0.25742574257425743	0.065	0.10379241516966069	0.065
positive	100GB	90%	Genion	105	47	400	16	0.6907894736842105	0.3092105263157895	0.1175	0.17028985507246377	0.1175
positive	100GB	90%	JAFFAL	57	46	400	16	0.5533980582524272	0.44660194174757284	0.115	0.18290258449304175	0.115
positive	100GB	90%	LongGF	53	8	400	16	0.8688524590163934	0.13114754098360656	0.02	0.03470715835140998	0.02
positive	100GB	95%	CTAT-LR-Fusion	101	90	400	16	0.5287958115183246	0.4712041884816754	0.225	0.3045685279187817	0.225
positive	100GB	95%	FusionSeeker	390	68	400	16	0.851528384279476	0.14847161572052403	0.17	0.1585081585081585	0.17
positive	100GB	95%	GFSeeker	97	34	400	16	0.7404580152671756	0.2595419847328244	0.085	0.128060263653484	0.085
positive	100GB	95%	Genion	115	53	400	16	0.6845238095238095	0.31547619047619047	0.1325	0.18661971830985916	0.1325
positive	100GB	95%	JAFFAL	84	63	400	16	0.5714285714285714	0.42857142857142855	0.1575	0.23034734917733085	0.1575
positive	100GB	95%	LongGF	63	10	400	16	0.863013698630137	0.136986301369863	0.025	0.042283298097251586	0.025
positive	10GB	85%	CTAT-LR-Fusion	1	0	397	16	1	0	0	NA	0
positive	10GB	85%	FusionSeeker	8	0	397	16	1	0	0	NA	0
positive	10GB	85%	GFSeeker	1	0	397	16	1	0	0	NA	0
positive	10GB	85%	Genion	3	0	397	16	1	0	0	NA	0
positive	10GB	90%	CTAT-LR-Fusion	1	0	400	16	1	0	0	NA	0
positive	10GB	90%	FusionSeeker	11	0	400	16	1	0	0	NA	0
positive	10GB	90%	GFSeeker	1	0	400	16	1	0	0	NA	0
positive	10GB	90%	Genion	1	0	400	16	1	0	0	NA	0
positive	10GB	95%	FusionSeeker	13	2	400	16	0.8666666666666667	0.13333333333333333	0.005	0.009638554216867469	0.005
positive	1GB	90%	FusionSeeker	1	0	202	16	1	0	0	NA	0
positive	1GB	95%	FusionSeeker	1	0	208	16	1	0	0	NA	0
negative	100GB	85%	CTAT-LR-Fusion	14	0	400	15	1	0	0	NA	0
negative	100GB	85%	FusionSeeker	105	0	400	15	1	0	0	NA	0
negative	100GB	85%	GFSeeker	1	0	400	15	1	0	0	NA	0
negative	100GB	85%	Genion	16	0	400	15	1	0	0	NA	0
negative	100GB	85%	JAFFAL	1	0	400	15	1	0	0	NA	0
negative	100GB	85%	LongGF	2	0	400	15	1	0	0	NA	0
negative	100GB	90%	CTAT-LR-Fusion	26	0	400	15	1	0	0	NA	0
negative	100GB	90%	FusionSeeker	97	0	400	15	1	0	0	NA	0
negative	100GB	90%	GFSeeker	3	0	400	15	1	0	0	NA	0
negative	100GB	90%	Genion	11	0	400	15	1	0	0	NA	0
negative	100GB	90%	JAFFAL	4	0	400	15	1	0	0	NA	0
negative	100GB	90%	LongGF	6	0	400	15	1	0	0	NA	0
negative	100GB	95%	CTAT-LR-Fusion	20	0	400	15	1	0	0	NA	0
negative	100GB	95%	FusionSeeker	89	0	400	15	1	0	0	NA	0
negative	100GB	95%	GFSeeker	2	0	400	15	1	0	0	NA	0
negative	100GB	95%	Genion	9	0	400	15	1	0	0	NA	0
negative	100GB	95%	JAFFAL	4	0	400	15	1	0	0	NA	0
negative	100GB	95%	LongGF	6	0	400	15	1	0	0	NA	0
negative	10GB	85%	CTAT-LR-Fusion	1	0	397	15	1	0	0	NA	0
negative	10GB	85%	FusionSeeker	6	0	397	15	1	0	0	NA	0
negative	10GB	85%	Genion	3	0	397	15	1	0	0	NA	0
negative	10GB	90%	FusionSeeker	9	0	400	15	1	0	0	NA	0
negative	10GB	90%	GFSeeker	1	0	400	15	1	0	0	NA	0
negative	10GB	95%	FusionSeeker	9	0	400	15	1	0	0	NA	0
negative	10GB	95%	GFSeeker	1	0	400	15	1	0	0	NA	0
positive	100GB	85%	CTAT-LR-Fusion	45	40	400	15	0.5294117647058824	0.47058823529411764	0.1	0.16494845360824742	0.1
positive	100GB	85%	FusionSeeker	325	53	400	15	0.8597883597883598	0.1402116402116402	0.1325	0.13624678663239076	0.1325
positive	100GB	85%	GFSeeker	48	8	400	15	0.8571428571428571	0.14285714285714285	0.02	0.03508771929824562	0.02
positive	100GB	85%	Genion	83	38	400	15	0.6859504132231405	0.3140495867768595	0.095	0.14587332053742802	0.095
positive	100GB	85%	JAFFAL	32	21	400	15	0.6037735849056604	0.39622641509433965	0.0525	0.09271523178807947	0.0525
positive	100GB	85%	LongGF	38	7	400	15	0.8444444444444444	0.15555555555555556	0.0175	0.03146067415730337	0.0175
positive	100GB	90%	CTAT-LR-Fusion	81	64	400	15	0.5586206896551724	0.4413793103448276	0.16	0.23486238532110093	0.16
positive	100GB	90%	FusionSeeker	381	67	400	15	0.8504464285714286	0.14955357142857142	0.1675	0.1580188679245283	0.1675
positive	100GB	90%	GFSeeker	79	26	400	15	0.7523809523809524	0.24761904761904763	0.065	0.10297029702970298	0.065
positive	100GB	90%	Genion	106	49	400	15	0.6838709677419355	0.3161290322580645	0.1225	0.17657657657657658	0.1225
positive	100GB	90%	JAFFAL	59	47	400	15	0.5566037735849056	0.44339622641509435	0.1175	0.1857707509881423	0.1175
positive	100GB	90%	LongGF	55	8	400	15	0.873015873015873	0.12698412698412698	0.02	0.03455723542116631	0.02
positive	100GB	95%	CTAT-LR-Fusion	105	94	400	15	0.5276381909547738	0.4723618090452261	0.235	0.3138564273789649	0.235
positive	100GB	95%	FusionSeeker	396	68	400	15	0.853448275862069	0.14655172413793102	0.17	0.15740740740740738	0.17
positive	100GB	95%	GFSeeker	104	34	400	15	0.7536231884057971	0.2463768115942029	0.085	0.12639405204460968	0.085
positive	100GB	95%	Genion	122	56	400	15	0.6853932584269663	0.3146067415730337	0.14	0.19377162629757788	0.14
positive	100GB	95%	JAFFAL	87	63	400	15	0.58	0.42	0.1575	0.2290909090909091	0.1575
positive	100GB	95%	LongGF	63	10	400	15	0.863013698630137	0.136986301369863	0.025	0.042283298097251586	0.025
positive	10GB	85%	CTAT-LR-Fusion	1	0	397	15	1	0	0	NA	0
positive	10GB	85%	FusionSeeker	11	0	397	15	1	0	0	NA	0
positive	10GB	85%	GFSeeker	1	0	397	15	1	0	0	NA	0
positive	10GB	85%	Genion	3	0	397	15	1	0	0	NA	0
positive	10GB	90%	CTAT-LR-Fusion	1	0	400	15	1	0	0	NA	0
positive	10GB	90%	FusionSeeker	11	0	400	15	1	0	0	NA	0
positive	10GB	90%	GFSeeker	1	0	400	15	1	0	0	NA	0
positive	10GB	90%	Genion	1	0	400	15	1	0	0	NA	0
positive	10GB	95%	FusionSeeker	16	3	400	15	0.8421052631578947	0.15789473684210525	0.0075	0.01431980906921241	0.0075
positive	1GB	90%	FusionSeeker	1	0	202	15	1	0	0	NA	0
positive	1GB	95%	FusionSeeker	1	0	208	15	1	0	0	NA	0
negative	100GB	85%	CTAT-LR-Fusion	17	0	400	14	1	0	0	NA	0
negative	100GB	85%	FusionSeeker	107	0	400	14	1	0	0	NA	0
negative	100GB	85%	GFSeeker	1	0	400	14	1	0	0	NA	0
negative	100GB	85%	Genion	17	0	400	14	1	0	0	NA	0
negative	100GB	85%	JAFFAL	1	0	400	14	1	0	0	NA	0
negative	100GB	85%	LongGF	2	0	400	14	1	0	0	NA	0
negative	100GB	90%	CTAT-LR-Fusion	27	0	400	14	1	0	0	NA	0
negative	100GB	90%	FusionSeeker	98	0	400	14	1	0	0	NA	0
negative	100GB	90%	GFSeeker	4	0	400	14	1	0	0	NA	0
negative	100GB	90%	Genion	14	0	400	14	1	0	0	NA	0
negative	100GB	90%	JAFFAL	4	0	400	14	1	0	0	NA	0
negative	100GB	90%	LongGF	6	0	400	14	1	0	0	NA	0
negative	100GB	95%	CTAT-LR-Fusion	20	0	400	14	1	0	0	NA	0
negative	100GB	95%	FusionSeeker	90	0	400	14	1	0	0	NA	0
negative	100GB	95%	GFSeeker	3	0	400	14	1	0	0	NA	0
negative	100GB	95%	Genion	9	0	400	14	1	0	0	NA	0
negative	100GB	95%	JAFFAL	4	0	400	14	1	0	0	NA	0
negative	100GB	95%	LongGF	6	0	400	14	1	0	0	NA	0
negative	10GB	85%	CTAT-LR-Fusion	1	0	397	14	1	0	0	NA	0
negative	10GB	85%	FusionSeeker	6	0	397	14	1	0	0	NA	0
negative	10GB	85%	Genion	3	0	397	14	1	0	0	NA	0
negative	10GB	90%	FusionSeeker	9	0	400	14	1	0	0	NA	0
negative	10GB	90%	GFSeeker	1	0	400	14	1	0	0	NA	0
negative	10GB	95%	FusionSeeker	9	0	400	14	1	0	0	NA	0
negative	10GB	95%	GFSeeker	1	0	400	14	1	0	0	NA	0
positive	100GB	85%	CTAT-LR-Fusion	51	42	400	14	0.5483870967741935	0.45161290322580644	0.105	0.17038539553752532	0.105
positive	100GB	85%	FusionSeeker	338	56	400	14	0.8578680203045685	0.14213197969543148	0.14	0.14105793450881615	0.14
positive	100GB	85%	GFSeeker	53	9	400	14	0.8548387096774194	0.14516129032258066	0.0225	0.03896103896103896	0.0225
positive	100GB	85%	Genion	86	41	400	14	0.6771653543307087	0.3228346456692913	0.1025	0.15559772296015179	0.1025
positive	100GB	85%	JAFFAL	36	23	400	14	0.6101694915254238	0.3898305084745763	0.0575	0.10021786492374728	0.0575
positive	100GB	85%	LongGF	40	8	400	14	0.8333333333333334	0.16666666666666666	0.02	0.03571428571428571	0.02
positive	100GB	90%	CTAT-LR-Fusion	81	71	400	14	0.5328947368421053	0.46710526315789475	0.1775	0.25724637681159424	0.1775
positive	100GB	90%	FusionSeeker	392	68	400	14	0.8521739130434782	0.14782608695652175	0.17	0.15813953488372096	0.17
positive	100GB	90%	GFSeeker	84	26	400	14	0.7636363636363637	0.23636363636363636	0.065	0.10196078431372549	0.065
positive	100GB	90%	Genion	115	50	400	14	0.696969696969697	0.30303030303030304	0.125	0.17699115044247787	0.125
positive	100GB	90%	JAFFAL	65	48	400	14	0.5752212389380531	0.4247787610619469	0.12	0.1871345029239766	0.12
positive	100GB	90%	LongGF	56	8	400	14	0.875	0.125	0.02	0.03448275862068966	0.02
positive	100GB	95%	CTAT-LR-Fusion	108	99	400	14	0.5217391304347826	0.4782608695652174	0.2475	0.32619439868204286	0.2475
positive	100GB	95%	FusionSeeker	403	70	400	14	0.8520084566596194	0.14799154334038056	0.175	0.16036655211912945	0.175
positive	100GB	95%	GFSeeker	106	34	400	14	0.7571428571428571	0.24285714285714285	0.085	0.12592592592592594	0.085
positive	100GB	95%	Genion	128	58	400	14	0.6881720430107527	0.3118279569892473	0.145	0.19795221843003413	0.145
positive	100GB	95%	JAFFAL	91	64	400	14	0.5870967741935483	0.4129032258064516	0.16	0.23063063063063066	0.16
positive	100GB	95%	LongGF	64	10	400	14	0.8648648648648649	0.13513513513513514	0.025	0.042194092827004225	0.025
positive	10GB	85%	CTAT-LR-Fusion	1	0	397	14	1	0	0	NA	0
positive	10GB	85%	FusionSeeker	12	0	397	14	1	0	0	NA	0
positive	10GB	85%	GFSeeker	1	0	397	14	1	0	0	NA	0
positive	10GB	85%	Genion	3	0	397	14	1	0	0	NA	0
positive	10GB	90%	CTAT-LR-Fusion	1	0	400	14	1	0	0	NA	0
positive	10GB	90%	FusionSeeker	15	0	400	14	1	0	0	NA	0
positive	10GB	90%	GFSeeker	1	0	400	14	1	0	0	NA	0
positive	10GB	90%	Genion	1	0	400	14	1	0	0	NA	0
positive	10GB	95%	FusionSeeker	20	3	400	14	0.8695652173913043	0.13043478260869565	0.0075	0.014184397163120565	0.0075
positive	1GB	90%	FusionSeeker	1	0	202	14	1	0	0	NA	0
positive	1GB	95%	FusionSeeker	1	0	208	14	1	0	0	NA	0
negative	100GB	85%	CTAT-LR-Fusion	18	0	400	13	1	0	0	NA	0
negative	100GB	85%	FusionSeeker	116	0	400	13	1	0	0	NA	0
negative	100GB	85%	GFSeeker	1	0	400	13	1	0	0	NA	0
negative	100GB	85%	Genion	18	0	400	13	1	0	0	NA	0
negative	100GB	85%	JAFFAL	1	0	400	13	1	0	0	NA	0
negative	100GB	85%	LongGF	2	0	400	13	1	0	0	NA	0
negative	100GB	90%	CTAT-LR-Fusion	27	0	400	13	1	0	0	NA	0
negative	100GB	90%	FusionSeeker	99	0	400	13	1	0	0	NA	0
negative	100GB	90%	GFSeeker	4	0	400	13	1	0	0	NA	0
negative	100GB	90%	Genion	14	0	400	13	1	0	0	NA	0
negative	100GB	90%	JAFFAL	4	0	400	13	1	0	0	NA	0
negative	100GB	90%	LongGF	6	0	400	13	1	0	0	NA	0
negative	100GB	95%	CTAT-LR-Fusion	20	0	400	13	1	0	0	NA	0
negative	100GB	95%	FusionSeeker	91	0	400	13	1	0	0	NA	0
negative	100GB	95%	GFSeeker	4	0	400	13	1	0	0	NA	0
negative	100GB	95%	Genion	9	0	400	13	1	0	0	NA	0
negative	100GB	95%	JAFFAL	4	0	400	13	1	0	0	NA	0
negative	100GB	95%	LongGF	6	0	400	13	1	0	0	NA	0
negative	10GB	85%	CTAT-LR-Fusion	1	0	397	13	1	0	0	NA	0
negative	10GB	85%	FusionSeeker	6	0	397	13	1	0	0	NA	0
negative	10GB	85%	Genion	3	0	397	13	1	0	0	NA	0
negative	10GB	90%	FusionSeeker	10	0	400	13	1	0	0	NA	0
negative	10GB	90%	GFSeeker	1	0	400	13	1	0	0	NA	0
negative	10GB	95%	FusionSeeker	10	0	400	13	1	0	0	NA	0
negative	10GB	95%	GFSeeker	1	0	400	13	1	0	0	NA	0
negative	1GB	85%	FusionSeeker	1	0	187	13	1	0	0	NA	0
positive	100GB	85%	CTAT-LR-Fusion	56	47	400	13	0.5436893203883495	0.4563106796116505	0.1175	0.18687872763419486	0.1175
positive	100GB	85%	FusionSeeker	346	56	400	13	0.8606965174129353	0.13930348258706468	0.14	0.1396508728179551	0.14
positive	100GB	85%	GFSeeker	57	10	400	13	0.8507462686567164	0.14925373134328357	0.025	0.04282655246252677	0.025
positive	100GB	85%	Genion	91	41	400	13	0.6893939393939394	0.3106060606060606	0.1025	0.15413533834586468	0.1025
positive	100GB	85%	JAFFAL	38	24	400	13	0.6129032258064516	0.3870967741935484	0.06	0.10389610389610389	0.06
positive	100GB	85%	LongGF	44	8	400	13	0.8461538461538461	0.15384615384615385	0.02	0.03539823008849558	0.02
positive	100GB	90%	CTAT-LR-Fusion	86	75	400	13	0.5341614906832298	0.4658385093167702	0.1875	0.267379679144385	0.1875
positive	100GB	90%	FusionSeeker	395	68	400	13	0.8531317494600432	0.1468682505399568	0.17	0.15758980301274625	0.17
positive	100GB	90%	GFSeeker	85	26	400	13	0.7657657657657657	0.23423423423423423	0.065	0.10176125244618396	0.065
positive	100GB	90%	Genion	120	50	400	13	0.7058823529411765	0.29411764705882354	0.125	0.17543859649122806	0.125
positive	100GB	90%	JAFFAL	69	50	400	13	0.5798319327731093	0.42016806722689076	0.125	0.19267822736030826	0.125
positive	100GB	90%	LongGF	59	9	400	13	0.8676470588235294	0.1323529411764706	0.0225	0.038461538461538464	0.0225
positive	100GB	95%	CTAT-LR-Fusion	115	102	400	13	0.5299539170506913	0.4700460829493088	0.255	0.33063209076175043	0.255
positive	100GB	95%	FusionSeeker	410	71	400	13	0.8523908523908524	0.14760914760914762	0.1775	0.1611804767309875	0.1775
positive	100GB	95%	GFSeeker	108	35	400	13	0.7552447552447552	0.24475524475524477	0.0875	0.1289134438305709	0.0875
positive	100GB	95%	Genion	133	59	400	13	0.6927083333333334	0.3072916666666667	0.1475	0.19932432432432431	0.1475
positive	100GB	95%	JAFFAL	96	67	400	13	0.588957055214724	0.4110429447852761	0.1675	0.2380106571936057	0.1675
positive	100GB	95%	LongGF	65	11	400	13	0.8552631578947368	0.14473684210526316	0.0275	0.04621848739495798	0.0275
positive	10GB	85%	CTAT-LR-Fusion	1	0	397	13	1	0	0	NA	0
positive	10GB	85%	FusionSeeker	14	0	397	13	1	0	0	NA	0
positive	10GB	85%	GFSeeker	1	0	397	13	1	0	0	NA	0
positive	10GB	85%	Genion	3	0	397	13	1	0	0	NA	0
positive	10GB	90%	CTAT-LR-Fusion	1	0	400	13	1	0	0	NA	0
positive	10GB	90%	FusionSeeker	17	0	400	13	1	0	0	NA	0
positive	10GB	90%	GFSeeker	1	0	400	13	1	0	0	NA	0
positive	10GB	90%	Genion	1	0	400	13	1	0	0	NA	0
positive	10GB	95%	FusionSeeker	24	4	400	13	0.8571428571428571	0.14285714285714285	0.01	0.018691588785046728	0.01
positive	1GB	90%	FusionSeeker	1	0	202	13	1	0	0	NA	0
positive	1GB	95%	FusionSeeker	1	0	208	13	1	0	0	NA	0
negative	100GB	85%	CTAT-LR-Fusion	20	0	400	12	1	0	0	NA	0
negative	100GB	85%	FusionSeeker	122	0	400	12	1	0	0	NA	0
negative	100GB	85%	GFSeeker	3	0	400	12	1	0	0	NA	0
negative	100GB	85%	Genion	20	0	400	12	1	0	0	NA	0
negative	100GB	85%	JAFFAL	1	0	400	12	1	0	0	NA	0
negative	100GB	85%	LongGF	2	0	400	12	1	0	0	NA	0
negative	100GB	90%	CTAT-LR-Fusion	27	0	400	12	1	0	0	NA	0
negative	100GB	90%	FusionSeeker	101	0	400	12	1	0	0	NA	0
negative	100GB	90%	GFSeeker	6	0	400	12	1	0	0	NA	0
negative	100GB	90%	Genion	14	0	400	12	1	0	0	NA	0
negative	100GB	90%	JAFFAL	4	0	400	12	1	0	0	NA	0
negative	100GB	90%	LongGF	6	0	400	12	1	0	0	NA	0
negative	100GB	95%	CTAT-LR-Fusion	20	0	400	12	1	0	0	NA	0
negative	100GB	95%	FusionSeeker	93	0	400	12	1	0	0	NA	0
negative	100GB	95%	GFSeeker	5	0	400	12	1	0	0	NA	0
negative	100GB	95%	Genion	11	0	400	12	1	0	0	NA	0
negative	100GB	95%	JAFFAL	4	0	400	12	1	0	0	NA	0
negative	100GB	95%	LongGF	6	0	400	12	1	0	0	NA	0
negative	10GB	85%	CTAT-LR-Fusion	1	0	397	12	1	0	0	NA	0
negative	10GB	85%	FusionSeeker	6	0	397	12	1	0	0	NA	0
negative	10GB	85%	Genion	4	0	397	12	1	0	0	NA	0
negative	10GB	90%	FusionSeeker	10	0	400	12	1	0	0	NA	0
negative	10GB	90%	GFSeeker	1	0	400	12	1	0	0	NA	0
negative	10GB	95%	FusionSeeker	10	0	400	12	1	0	0	NA	0
negative	10GB	95%	GFSeeker	1	0	400	12	1	0	0	NA	0
negative	1GB	85%	FusionSeeker	1	0	187	12	1	0	0	NA	0
negative	1GB	90%	FusionSeeker	1	0	202	12	1	0	0	NA	0
negative	1GB	95%	FusionSeeker	1	0	208	12	1	0	0	NA	0
positive	100GB	85%	CTAT-LR-Fusion	61	49	400	12	0.5545454545454546	0.44545454545454544	0.1225	0.19215686274509805	0.1225
positive	100GB	85%	FusionSeeker	354	56	400	12	0.8634146341463415	0.13658536585365855	0.14	0.13827160493827162	0.14
positive	100GB	85%	GFSeeker	64	10	400	12	0.8648648648648649	0.13513513513513514	0.025	0.042194092827004225	0.025
positive	100GB	85%	Genion	97	41	400	12	0.7028985507246377	0.2971014492753623	0.1025	0.1524163568773234	0.1025
positive	100GB	85%	JAFFAL	41	27	400	12	0.6029411764705882	0.39705882352941174	0.0675	0.11538461538461539	0.0675
positive	100GB	85%	LongGF	45	8	400	12	0.8490566037735849	0.1509433962264151	0.02	0.03532008830022075	0.02
positive	100GB	90%	CTAT-LR-Fusion	91	80	400	12	0.5321637426900585	0.4678362573099415	0.2	0.28021015761821366	0.2
positive	100GB	90%	FusionSeeker	399	69	400	12	0.8525641025641025	0.14743589743589744	0.1725	0.15898617511520735	0.1725
positive	100GB	90%	GFSeeker	93	27	400	12	0.775	0.225	0.0675	0.10384615384615387	0.0675
positive	100GB	90%	Genion	125	50	400	12	0.7142857142857143	0.2857142857142857	0.125	0.17391304347826086	0.125
positive	100GB	90%	JAFFAL	74	52	400	12	0.5873015873015873	0.4126984126984127	0.13	0.19771863117870722	0.13
positive	100GB	90%	LongGF	60	9	400	12	0.8695652173913043	0.13043478260869565	0.0225	0.03837953091684435	0.0225
positive	100GB	95%	CTAT-LR-Fusion	119	106	400	12	0.5288888888888889	0.4711111111111111	0.265	0.3392	0.265
positive	100GB	95%	FusionSeeker	418	72	400	12	0.8530612244897959	0.1469387755102041	0.18	0.16179775280898875	0.18
positive	100GB	95%	GFSeeker	114	35	400	12	0.7651006711409396	0.2348993288590604	0.0875	0.12750455373406192	0.0875
positive	100GB	95%	Genion	136	59	400	12	0.6974358974358974	0.30256410256410254	0.1475	0.19831932773109243	0.1475
positive	100GB	95%	JAFFAL	97	67	400	12	0.5914634146341463	0.40853658536585363	0.1675	0.2375886524822695	0.1675
positive	100GB	95%	LongGF	65	11	400	12	0.8552631578947368	0.14473684210526316	0.0275	0.04621848739495798	0.0275
positive	10GB	85%	CTAT-LR-Fusion	1	0	397	12	1	0	0	NA	0
positive	10GB	85%	FusionSeeker	15	0	397	12	1	0	0	NA	0
positive	10GB	85%	GFSeeker	1	0	397	12	1	0	0	NA	0
positive	10GB	85%	Genion	3	0	397	12	1	0	0	NA	0
positive	10GB	90%	CTAT-LR-Fusion	1	0	400	12	1	0	0	NA	0
positive	10GB	90%	FusionSeeker	19	1	400	12	0.95	0.05	0.0025	0.0047619047619047615	0.0025
positive	10GB	90%	GFSeeker	1	0	400	12	1	0	0	NA	0
positive	10GB	90%	Genion	1	0	400	12	1	0	0	NA	0
positive	10GB	95%	FusionSeeker	25	4	400	12	0.8620689655172413	0.13793103448275862	0.01	0.018648018648018648	0.01
positive	1GB	90%	FusionSeeker	1	0	202	12	1	0	0	NA	0
positive	1GB	95%	FusionSeeker	1	0	208	12	1	0	0	NA	0
negative	100GB	85%	CTAT-LR-Fusion	20	0	400	11	1	0	0	NA	0
negative	100GB	85%	FusionSeeker	126	0	400	11	1	0	0	NA	0
negative	100GB	85%	GFSeeker	4	0	400	11	1	0	0	NA	0
negative	100GB	85%	Genion	20	0	400	11	1	0	0	NA	0
negative	100GB	85%	JAFFAL	1	0	400	11	1	0	0	NA	0
negative	100GB	85%	LongGF	2	0	400	11	1	0	0	NA	0
negative	100GB	90%	CTAT-LR-Fusion	28	0	400	11	1	0	0	NA	0
negative	100GB	90%	FusionSeeker	103	0	400	11	1	0	0	NA	0
negative	100GB	90%	GFSeeker	6	0	400	11	1	0	0	NA	0
negative	100GB	90%	Genion	14	0	400	11	1	0	0	NA	0
negative	100GB	90%	JAFFAL	4	0	400	11	1	0	0	NA	0
negative	100GB	90%	LongGF	6	0	400	11	1	0	0	NA	0
negative	100GB	95%	CTAT-LR-Fusion	20	0	400	11	1	0	0	NA	0
negative	100GB	95%	FusionSeeker	93	0	400	11	1	0	0	NA	0
negative	100GB	95%	GFSeeker	6	0	400	11	1	0	0	NA	0
negative	100GB	95%	Genion	12	0	400	11	1	0	0	NA	0
negative	100GB	95%	JAFFAL	4	0	400	11	1	0	0	NA	0
negative	100GB	95%	LongGF	6	0	400	11	1	0	0	NA	0
negative	10GB	85%	CTAT-LR-Fusion	1	0	397	11	1	0	0	NA	0
negative	10GB	85%	FusionSeeker	7	0	397	11	1	0	0	NA	0
negative	10GB	85%	GFSeeker	1	0	397	11	1	0	0	NA	0
negative	10GB	85%	Genion	4	0	397	11	1	0	0	NA	0
negative	10GB	90%	FusionSeeker	11	0	400	11	1	0	0	NA	0
negative	10GB	90%	GFSeeker	1	0	400	11	1	0	0	NA	0
negative	10GB	95%	FusionSeeker	11	0	400	11	1	0	0	NA	0
negative	10GB	95%	GFSeeker	1	0	400	11	1	0	0	NA	0
negative	1GB	85%	FusionSeeker	1	0	187	11	1	0	0	NA	0
negative	1GB	90%	FusionSeeker	1	0	202	11	1	0	0	NA	0
negative	1GB	95%	FusionSeeker	1	0	208	11	1	0	0	NA	0
positive	100GB	85%	CTAT-LR-Fusion	63	50	400	11	0.5575221238938053	0.4424778761061947	0.125	0.1949317738791423	0.125
positive	100GB	85%	FusionSeeker	366	57	400	11	0.8652482269503546	0.1347517730496454	0.1425	0.1385176184690158	0.1425
positive	100GB	85%	GFSeeker	70	12	400	11	0.8536585365853658	0.14634146341463414	0.03	0.04979253112033195	0.03
positive	100GB	85%	Genion	101	41	400	11	0.7112676056338029	0.2887323943661972	0.1025	0.15129151291512916	0.1025
positive	100GB	85%	JAFFAL	43	29	400	11	0.5972222222222222	0.4027777777777778	0.0725	0.12288135593220338	0.0725
positive	100GB	85%	LongGF	49	8	400	11	0.8596491228070176	0.14035087719298245	0.02	0.0350109409190372	0.02
positive	100GB	90%	CTAT-LR-Fusion	98	83	400	11	0.5414364640883977	0.4585635359116022	0.2075	0.2857142857142857	0.2075
positive	100GB	90%	FusionSeeker	411	69	400	11	0.85625	0.14375	0.1725	0.1568181818181818	0.1725
positive	100GB	90%	GFSeeker	97	28	400	11	0.776	0.224	0.07	0.10666666666666667	0.07
positive	100GB	90%	Genion	136	50	400	11	0.7311827956989247	0.26881720430107525	0.125	0.1706484641638225	0.125
positive	100GB	90%	JAFFAL	79	55	400	11	0.5895522388059702	0.41044776119402987	0.1375	0.2059925093632959	0.1375
positive	100GB	90%	LongGF	60	9	400	11	0.8695652173913043	0.13043478260869565	0.0225	0.03837953091684435	0.0225
positive	100GB	95%	CTAT-LR-Fusion	126	106	400	11	0.5431034482758621	0.45689655172413796	0.265	0.33544303797468356	0.265
positive	100GB	95%	FusionSeeker	425	74	400	11	0.8517034068136272	0.14829659318637275	0.185	0.1646273637374861	0.185
positive	100GB	95%	GFSeeker	121	36	400	11	0.7707006369426752	0.22929936305732485	0.09	0.12926391382405744	0.09
positive	100GB	95%	Genion	140	59	400	11	0.7035175879396985	0.2964824120603015	0.1475	0.19699499165275458	0.1475
positive	100GB	95%	JAFFAL	100	70	400	11	0.5882352941176471	0.4117647058823529	0.175	0.2456140350877193	0.175
positive	100GB	95%	LongGF	65	11	400	11	0.8552631578947368	0.14473684210526316	0.0275	0.04621848739495798	0.0275
positive	10GB	85%	CTAT-LR-Fusion	1	0	397	11	1	0	0	NA	0
positive	10GB	85%	FusionSeeker	17	0	397	11	1	0	0	NA	0
positive	10GB	85%	GFSeeker	1	0	397	11	1	0	0	NA	0
positive	10GB	85%	Genion	3	0	397	11	1	0	0	NA	0
positive	10GB	90%	CTAT-LR-Fusion	1	0	400	11	1	0	0	NA	0
positive	10GB	90%	FusionSeeker	24	1	400	11	0.96	0.04	0.0025	0.004705882352941176	0.0025
positive	10GB	90%	GFSeeker	1	0	400	11	1	0	0	NA	0
positive	10GB	90%	Genion	1	0	400	11	1	0	0	NA	0
positive	10GB	95%	FusionSeeker	30	6	400	11	0.8333333333333334	0.16666666666666666	0.015	0.027522935779816512	0.015
positive	1GB	90%	FusionSeeker	1	0	202	11	1	0	0	NA	0
positive	1GB	95%	FusionSeeker	1	0	208	11	1	0	0	NA	0
negative	100GB	85%	CTAT-LR-Fusion	20	0	400	10	1	0	0	NA	0
negative	100GB	85%	FusionSeeker	132	0	400	10	1	0	0	NA	0
negative	100GB	85%	GFSeeker	6	0	400	10	1	0	0	NA	0
negative	100GB	85%	Genion	20	0	400	10	1	0	0	NA	0
negative	100GB	85%	JAFFAL	1	0	400	10	1	0	0	NA	0
negative	100GB	85%	LongGF	2	0	400	10	1	0	0	NA	0
negative	100GB	90%	CTAT-LR-Fusion	28	0	400	10	1	0	0	NA	0
negative	100GB	90%	FusionSeeker	105	0	400	10	1	0	0	NA	0
negative	100GB	90%	GFSeeker	6	0	400	10	1	0	0	NA	0
negative	100GB	90%	Genion	14	0	400	10	1	0	0	NA	0
negative	100GB	90%	JAFFAL	4	0	400	10	1	0	0	NA	0
negative	100GB	90%	LongGF	6	0	400	10	1	0	0	NA	0
negative	100GB	95%	CTAT-LR-Fusion	22	0	400	10	1	0	0	NA	0
negative	100GB	95%	FusionSeeker	93	0	400	10	1	0	0	NA	0
negative	100GB	95%	GFSeeker	10	0	400	10	1	0	0	NA	0
negative	100GB	95%	Genion	13	0	400	10	1	0	0	NA	0
negative	100GB	95%	JAFFAL	4	0	400	10	1	0	0	NA	0
negative	100GB	95%	LongGF	6	0	400	10	1	0	0	NA	0
negative	10GB	85%	CTAT-LR-Fusion	1	0	397	10	1	0	0	NA	0
negative	10GB	85%	FusionSeeker	7	0	397	10	1	0	0	NA	0
negative	10GB	85%	GFSeeker	1	0	397	10	1	0	0	NA	0
negative	10GB	85%	Genion	4	0	397	10	1	0	0	NA	0
negative	10GB	90%	FusionSeeker	13	0	400	10	1	0	0	NA	0
negative	10GB	90%	GFSeeker	1	0	400	10	1	0	0	NA	0
negative	10GB	95%	FusionSeeker	13	0	400	10	1	0	0	NA	0
negative	10GB	95%	GFSeeker	1	0	400	10	1	0	0	NA	0
negative	1GB	85%	FusionSeeker	1	0	187	10	1	0	0	NA	0
negative	1GB	90%	FusionSeeker	1	0	202	10	1	0	0	NA	0
negative	1GB	95%	FusionSeeker	1	0	208	10	1	0	0	NA	0
positive	100GB	85%	CTAT-LR-Fusion	72	54	400	10	0.5714285714285714	0.42857142857142855	0.135	0.2053231939163498	0.135
positive	100GB	85%	FusionSeeker	380	60	400	10	0.8636363636363636	0.13636363636363635	0.15	0.14285714285714282	0.15
positive	100GB	85%	GFSeeker	74	14	400	10	0.8409090909090909	0.1590909090909091	0.035	0.05737704918032787	0.035
positive	100GB	85%	Genion	107	42	400	10	0.7181208053691275	0.28187919463087246	0.105	0.15300546448087432	0.105
positive	100GB	85%	JAFFAL	46	32	400	10	0.5897435897435898	0.41025641025641024	0.08	0.13389121338912133	0.08
positive	100GB	85%	LongGF	50	8	400	10	0.8620689655172413	0.13793103448275862	0.02	0.03493449781659389	0.02
positive	100GB	90%	CTAT-LR-Fusion	109	87	400	10	0.5561224489795918	0.44387755102040816	0.2175	0.2919463087248322	0.2175
positive	100GB	90%	FusionSeeker	423	69	400	10	0.8597560975609756	0.1402439024390244	0.1725	0.1547085201793722	0.1725
positive	100GB	90%	GFSeeker	104	30	400	10	0.7761194029850746	0.22388059701492538	0.075	0.11235955056179775	0.075
positive	100GB	90%	Genion	142	50	400	10	0.7395833333333334	0.2604166666666667	0.125	0.16891891891891891	0.125
positive	100GB	90%	JAFFAL	81	56	400	10	0.5912408759124088	0.40875912408759124	0.14	0.2085661080074488	0.14
positive	100GB	90%	LongGF	62	9	400	10	0.8732394366197183	0.1267605633802817	0.0225	0.038216560509554146	0.0225
positive	100GB	95%	CTAT-LR-Fusion	134	113	400	10	0.5425101214574899	0.4574898785425101	0.2825	0.34930448222565685	0.2825
positive	100GB	95%	FusionSeeker	429	74	400	10	0.852882703777336	0.147117296222664	0.185	0.1638981173864895	0.185
positive	100GB	95%	GFSeeker	123	37	400	10	0.76875	0.23125	0.0925	0.13214285714285715	0.0925
positive	100GB	95%	Genion	150	59	400	10	0.7177033492822966	0.2822966507177033	0.1475	0.19376026272577995	0.1475
positive	100GB	95%	JAFFAL	104	75	400	10	0.5810055865921788	0.41899441340782123	0.1875	0.2590673575129534	0.1875
positive	100GB	95%	LongGF	66	11	400	10	0.8571428571428571	0.14285714285714285	0.0275	0.04612159329140461	0.0275
positive	10GB	85%	CTAT-LR-Fusion	1	0	397	10	1	0	0	NA	0
positive	10GB	85%	FusionSeeker	18	0	397	10	1	0	0	NA	0
positive	10GB	85%	GFSeeker	1	0	397	10	1	0	0	NA	0
positive	10GB	85%	Genion	3	0	397	10	1	0	0	NA	0
positive	10GB	90%	CTAT-LR-Fusion	1	0	400	10	1	0	0	NA	0
positive	10GB	90%	FusionSeeker	29	2	400	10	0.9354838709677419	0.06451612903225806	0.005	0.009280742459396751	0.005
positive	10GB	90%	GFSeeker	1	0	400	10	1	0	0	NA	0
positive	10GB	90%	Genion	2	0	400	10	1	0	0	NA	0
positive	10GB	95%	FusionSeeker	38	7	400	10	0.8444444444444444	0.15555555555555556	0.0175	0.03146067415730337	0.0175
positive	1GB	90%	FusionSeeker	1	0	202	10	1	0	0	NA	0
positive	1GB	95%	FusionSeeker	1	0	208	10	1	0	0	NA	0
negative	100GB	85%	CTAT-LR-Fusion	20	0	400	9	1	0	0	NA	0
negative	100GB	85%	FusionSeeker	142	0	400	9	1	0	0	NA	0
negative	100GB	85%	GFSeeker	6	0	400	9	1	0	0	NA	0
negative	100GB	85%	Genion	22	0	400	9	1	0	0	NA	0
negative	100GB	85%	JAFFAL	1	0	400	9	1	0	0	NA	0
negative	100GB	85%	LongGF	2	0	400	9	1	0	0	NA	0
negative	100GB	90%	CTAT-LR-Fusion	28	0	400	9	1	0	0	NA	0
negative	100GB	90%	FusionSeeker	108	0	400	9	1	0	0	NA	0
negative	100GB	90%	GFSeeker	9	0	400	9	1	0	0	NA	0
negative	100GB	90%	Genion	14	0	400	9	1	0	0	NA	0
negative	100GB	90%	JAFFAL	4	0	400	9	1	0	0	NA	0
negative	100GB	90%	LongGF	6	0	400	9	1	0	0	NA	0
negative	100GB	95%	CTAT-LR-Fusion	22	0	400	9	1	0	0	NA	0
negative	100GB	95%	FusionSeeker	93	0	400	9	1	0	0	NA	0
negative	100GB	95%	GFSeeker	12	0	400	9	1	0	0	NA	0
negative	100GB	95%	Genion	13	0	400	9	1	0	0	NA	0
negative	100GB	95%	JAFFAL	4	0	400	9	1	0	0	NA	0
negative	100GB	95%	LongGF	6	0	400	9	1	0	0	NA	0
negative	10GB	85%	CTAT-LR-Fusion	1	0	397	9	1	0	0	NA	0
negative	10GB	85%	FusionSeeker	9	0	397	9	1	0	0	NA	0
negative	10GB	85%	GFSeeker	1	0	397	9	1	0	0	NA	0
negative	10GB	85%	Genion	4	0	397	9	1	0	0	NA	0
negative	10GB	90%	FusionSeeker	14	0	400	9	1	0	0	NA	0
negative	10GB	90%	GFSeeker	1	0	400	9	1	0	0	NA	0
negative	10GB	90%	Genion	1	0	400	9	1	0	0	NA	0
negative	10GB	95%	FusionSeeker	14	0	400	9	1	0	0	NA	0
negative	10GB	95%	GFSeeker	1	0	400	9	1	0	0	NA	0
negative	10GB	95%	Genion	1	0	400	9	1	0	0	NA	0
negative	1GB	85%	FusionSeeker	1	0	187	9	1	0	0	NA	0
negative	1GB	90%	FusionSeeker	1	0	202	9	1	0	0	NA	0
negative	1GB	95%	FusionSeeker	1	0	208	9	1	0	0	NA	0
positive	100GB	85%	CTAT-LR-Fusion	72	54	400	9	0.5714285714285714	0.42857142857142855	0.135	0.2053231939163498	0.135
positive	100GB	85%	FusionSeeker	397	60	400	9	0.8687089715536105	0.13129102844638948	0.15	0.14002333722287047	0.15
positive	100GB	85%	GFSeeker	88	14	400	9	0.8627450980392157	0.13725490196078433	0.035	0.055776892430278883	0.035
positive	100GB	85%	Genion	110	43	400	9	0.7189542483660131	0.28104575163398693	0.1075	0.15551537070524413	0.1075
positive	100GB	85%	JAFFAL	47	36	400	9	0.5662650602409639	0.43373493975903615	0.09	0.14906832298136646	0.09
positive	100GB	85%	LongGF	53	9	400	9	0.8548387096774194	0.14516129032258066	0.0225	0.03896103896103896	0.0225
positive	100GB	90%	CTAT-LR-Fusion	109	87	400	9	0.5561224489795918	0.44387755102040816	0.2175	0.2919463087248322	0.2175
positive	100GB	90%	FusionSeeker	439	71	400	9	0.8607843137254902	0.1392156862745098	0.1775	0.15604395604395604	0.1775
positive	100GB	90%	GFSeeker	110	32	400	9	0.7746478873239436	0.22535211267605634	0.08	0.11808118081180813	0.08
positive	100GB	90%	Genion	143	50	400	9	0.7409326424870466	0.25906735751295334	0.125	0.16863406408094433	0.125
positive	100GB	90%	JAFFAL	83	57	400	9	0.5928571428571429	0.40714285714285714	0.1425	0.2111111111111111	0.1425
positive	100GB	90%	LongGF	63	9	400	9	0.875	0.125	0.0225	0.038135593220338986	0.0225
positive	100GB	95%	CTAT-LR-Fusion	134	113	400	9	0.5425101214574899	0.4574898785425101	0.2825	0.34930448222565685	0.2825
positive	100GB	95%	FusionSeeker	438	75	400	9	0.8538011695906432	0.14619883040935672	0.1875	0.16429353778751368	0.1875
positive	100GB	95%	GFSeeker	129	38	400	9	0.7724550898203593	0.2275449101796407	0.095	0.13403880070546736	0.095
positive	100GB	95%	Genion	160	60	400	9	0.7272727272727273	0.2727272727272727	0.15	0.19354838709677416	0.15
positive	100GB	95%	JAFFAL	107	77	400	9	0.5815217391304348	0.41847826086956524	0.1925	0.2636986301369863	0.1925
positive	100GB	95%	LongGF	66	11	400	9	0.8571428571428571	0.14285714285714285	0.0275	0.04612159329140461	0.0275
positive	10GB	85%	CTAT-LR-Fusion	1	0	397	9	1	0	0	NA	0
positive	10GB	85%	FusionSeeker	22	0	397	9	1	0	0	NA	0
positive	10GB	85%	GFSeeker	1	0	397	9	1	0	0	NA	0
positive	10GB	85%	Genion	3	1	397	9	0.75	0.25	0.0025188916876574307	0.0049875311720698244	0.0025188916876574307
positive	10GB	90%	CTAT-LR-Fusion	1	0	400	9	1	0	0	NA	0
positive	10GB	90%	FusionSeeker	34	4	400	9	0.8947368421052632	0.10526315789473684	0.01	0.018264840182648404	0.01
positive	10GB	90%	GFSeeker	1	0	400	9	1	0	0	NA	0
positive	10GB	90%	Genion	2	0	400	9	1	0	0	NA	0
positive	10GB	95%	FusionSeeker	52	9	400	9	0.8524590163934426	0.14754098360655737	0.0225	0.039045553145336226	0.0225
positive	10GB	95%	JAFFAL	0	1	400	9	0	1	0.0025	0.004987531172069826	0.0025
positive	1GB	90%	FusionSeeker	1	0	202	9	1	0	0	NA	0
positive	1GB	95%	FusionSeeker	1	0	208	9	1	0	0	NA	0
negative	100GB	85%	CTAT-LR-Fusion	20	0	400	8	1	0	0	NA	0
negative	100GB	85%	FusionSeeker	155	0	400	8	1	0	0	NA	0
negative	100GB	85%	GFSeeker	8	0	400	8	1	0	0	NA	0
negative	100GB	85%	Genion	25	0	400	8	1	0	0	NA	0
negative	100GB	85%	JAFFAL	1	0	400	8	1	0	0	NA	0
negative	100GB	85%	LongGF	3	0	400	8	1	0	0	NA	0
negative	100GB	90%	CTAT-LR-Fusion	28	0	400	8	1	0	0	NA	0
negative	100GB	90%	FusionSeeker	111	0	400	8	1	0	0	NA	0
negative	100GB	90%	GFSeeker	10	0	400	8	1	0	0	NA	0
negative	100GB	90%	Genion	16	0	400	8	1	0	0	NA	0
negative	100GB	90%	JAFFAL	4	0	400	8	1	0	0	NA	0
negative	100GB	90%	LongGF	6	0	400	8	1	0	0	NA	0
negative	100GB	95%	CTAT-LR-Fusion	22	0	400	8	1	0	0	NA	0
negative	100GB	95%	FusionSeeker	94	0	400	8	1	0	0	NA	0
negative	100GB	95%	GFSeeker	14	0	400	8	1	0	0	NA	0
negative	100GB	95%	Genion	13	0	400	8	1	0	0	NA	0
negative	100GB	95%	JAFFAL	5	0	400	8	1	0	0	NA	0
negative	100GB	95%	LongGF	6	0	400	8	1	0	0	NA	0
negative	10GB	85%	CTAT-LR-Fusion	1	0	397	8	1	0	0	NA	0
negative	10GB	85%	FusionSeeker	10	0	397	8	1	0	0	NA	0
negative	10GB	85%	GFSeeker	1	0	397	8	1	0	0	NA	0
negative	10GB	85%	Genion	4	0	397	8	1	0	0	NA	0
negative	10GB	90%	FusionSeeker	17	0	400	8	1	0	0	NA	0
negative	10GB	90%	GFSeeker	1	0	400	8	1	0	0	NA	0
negative	10GB	90%	Genion	1	0	400	8	1	0	0	NA	0
negative	10GB	95%	FusionSeeker	17	0	400	8	1	0	0	NA	0
negative	10GB	95%	GFSeeker	1	0	400	8	1	0	0	NA	0
negative	10GB	95%	Genion	1	0	400	8	1	0	0	NA	0
negative	1GB	85%	FusionSeeker	1	0	187	8	1	0	0	NA	0
negative	1GB	85%	Genion	1	0	187	8	1	0	0	NA	0
negative	1GB	90%	FusionSeeker	1	0	202	8	1	0	0	NA	0
negative	1GB	95%	FusionSeeker	1	0	208	8	1	0	0	NA	0
positive	100GB	85%	CTAT-LR-Fusion	72	54	400	8	0.5714285714285714	0.42857142857142855	0.135	0.2053231939163498	0.135
positive	100GB	85%	FusionSeeker	411	60	400	8	0.8726114649681529	0.12738853503184713	0.15	0.1377726750861079	0.15
positive	100GB	85%	GFSeeker	96	14	400	8	0.8727272727272727	0.12727272727272726	0.035	0.054901960784313725	0.035
positive	100GB	85%	Genion	112	45	400	8	0.7133757961783439	0.28662420382165604	0.1125	0.16157989228007183	0.1125
positive	100GB	85%	JAFFAL	51	37	400	8	0.5795454545454546	0.42045454545454547	0.0925	0.15163934426229508	0.0925
positive	100GB	85%	LongGF	55	9	400	8	0.859375	0.140625	0.0225	0.03879310344827586	0.0225
positive	100GB	90%	CTAT-LR-Fusion	109	87	400	8	0.5561224489795918	0.44387755102040816	0.2175	0.2919463087248322	0.2175
positive	100GB	90%	FusionSeeker	446	72	400	8	0.861003861003861	0.138996138996139	0.18	0.1568627450980392	0.18
positive	100GB	90%	GFSeeker	113	32	400	8	0.7793103448275862	0.2206896551724138	0.08	0.11743119266055047	0.08
positive	100GB	90%	Genion	148	52	400	8	0.74	0.26	0.13	0.17333333333333334	0.13
positive	100GB	90%	JAFFAL	84	59	400	8	0.5874125874125874	0.4125874125874126	0.1475	0.21731123388581952	0.1475
positive	100GB	90%	LongGF	64	9	400	8	0.8767123287671232	0.1232876712328767	0.0225	0.03805496828752643	0.0225
positive	100GB	95%	CTAT-LR-Fusion	134	113	400	8	0.5425101214574899	0.4574898785425101	0.2825	0.34930448222565685	0.2825
positive	100GB	95%	FusionSeeker	450	77	400	8	0.8538899430740038	0.1461100569259962	0.1925	0.16612729234088458	0.1925
positive	100GB	95%	GFSeeker	135	38	400	8	0.7803468208092486	0.21965317919075145	0.095	0.13263525305410123	0.095
positive	100GB	95%	Genion	165	63	400	8	0.7236842105263158	0.27631578947368424	0.1575	0.20063694267515925	0.1575
positive	100GB	95%	JAFFAL	115	81	400	8	0.5867346938775511	0.413265306122449	0.2025	0.27181208053691275	0.2025
positive	100GB	95%	LongGF	66	11	400	8	0.8571428571428571	0.14285714285714285	0.0275	0.04612159329140461	0.0275
positive	10GB	85%	CTAT-LR-Fusion	2	0	397	8	1	0	0	NA	0
positive	10GB	85%	FusionSeeker	24	2	397	8	0.9230769230769231	0.07692307692307693	0.005037783375314861	0.009456264775413711	0.005037783375314861
positive	10GB	85%	GFSeeker	1	0	397	8	1	0	0	NA	0
positive	10GB	85%	Genion	3	1	397	8	0.75	0.25	0.0025188916876574307	0.0049875311720698244	0.0025188916876574307
positive	10GB	90%	CTAT-LR-Fusion	1	0	400	8	1	0	0	NA	0
positive	10GB	90%	FusionSeeker	39	4	400	8	0.9069767441860465	0.09302325581395349	0.01	0.018058690744920995	0.01
positive	10GB	90%	GFSeeker	1	0	400	8	1	0	0	NA	0
positive	10GB	90%	Genion	2	1	400	8	0.6666666666666666	0.3333333333333333	0.0025	0.004962779156327543	0.0025
positive	10GB	95%	CTAT-LR-Fusion	0	2	400	8	0	1	0.005	0.009950248756218907	0.005
positive	10GB	95%	FusionSeeker	58	10	400	8	0.8529411764705882	0.14705882352941177	0.025	0.04273504273504274	0.025
positive	10GB	95%	JAFFAL	0	1	400	8	0	1	0.0025	0.004987531172069826	0.0025
positive	1GB	85%	FusionSeeker	1	0	187	8	1	0	0	NA	0
positive	1GB	90%	FusionSeeker	1	0	202	8	1	0	0	NA	0
positive	1GB	95%	FusionSeeker	1	0	208	8	1	0	0	NA	0
negative	100GB	85%	CTAT-LR-Fusion	20	0	400	7	1	0	0	NA	0
negative	100GB	85%	FusionSeeker	164	0	400	7	1	0	0	NA	0
negative	100GB	85%	GFSeeker	8	0	400	7	1	0	0	NA	0
negative	100GB	85%	Genion	26	0	400	7	1	0	0	NA	0
negative	100GB	85%	JAFFAL	2	0	400	7	1	0	0	NA	0
negative	100GB	85%	LongGF	4	0	400	7	1	0	0	NA	0
negative	100GB	90%	CTAT-LR-Fusion	28	0	400	7	1	0	0	NA	0
negative	100GB	90%	FusionSeeker	117	0	400	7	1	0	0	NA	0
negative	100GB	90%	GFSeeker	12	0	400	7	1	0	0	NA	0
negative	100GB	90%	Genion	19	0	400	7	1	0	0	NA	0
negative	100GB	90%	JAFFAL	4	0	400	7	1	0	0	NA	0
negative	100GB	90%	LongGF	6	0	400	7	1	0	0	NA	0
negative	100GB	95%	CTAT-LR-Fusion	22	0	400	7	1	0	0	NA	0
negative	100GB	95%	FusionSeeker	94	0	400	7	1	0	0	NA	0
negative	100GB	95%	GFSeeker	15	0	400	7	1	0	0	NA	0
negative	100GB	95%	Genion	13	0	400	7	1	0	0	NA	0
negative	100GB	95%	JAFFAL	5	0	400	7	1	0	0	NA	0
negative	100GB	95%	LongGF	6	0	400	7	1	0	0	NA	0
negative	10GB	85%	CTAT-LR-Fusion	1	0	397	7	1	0	0	NA	0
negative	10GB	85%	FusionSeeker	12	0	397	7	1	0	0	NA	0
negative	10GB	85%	GFSeeker	1	0	397	7	1	0	0	NA	0
negative	10GB	85%	Genion	4	0	397	7	1	0	0	NA	0
negative	10GB	90%	FusionSeeker	20	0	400	7	1	0	0	NA	0
negative	10GB	90%	GFSeeker	1	0	400	7	1	0	0	NA	0
negative	10GB	90%	Genion	1	0	400	7	1	0	0	NA	0
negative	10GB	95%	FusionSeeker	20	0	400	7	1	0	0	NA	0
negative	10GB	95%	GFSeeker	1	0	400	7	1	0	0	NA	0
negative	10GB	95%	Genion	1	0	400	7	1	0	0	NA	0
negative	1GB	85%	FusionSeeker	1	0	187	7	1	0	0	NA	0
negative	1GB	85%	Genion	1	0	187	7	1	0	0	NA	0
negative	1GB	90%	FusionSeeker	1	0	202	7	1	0	0	NA	0
negative	1GB	95%	FusionSeeker	1	0	208	7	1	0	0	NA	0
positive	100GB	85%	CTAT-LR-Fusion	72	54	400	7	0.5714285714285714	0.42857142857142855	0.135	0.2053231939163498	0.135
positive	100GB	85%	FusionSeeker	437	61	400	7	0.8775100401606426	0.12248995983935743	0.1525	0.13585746102449886	0.1525
positive	100GB	85%	GFSeeker	104	15	400	7	0.8739495798319328	0.12605042016806722	0.0375	0.057803468208092484	0.0375
positive	100GB	85%	Genion	121	45	400	7	0.7289156626506024	0.2710843373493976	0.1125	0.15901060070671377	0.1125
positive	100GB	85%	JAFFAL	56	43	400	7	0.5656565656565656	0.43434343434343436	0.1075	0.1723446893787575	0.1075
positive	100GB	85%	LongGF	58	9	400	7	0.8656716417910447	0.13432835820895522	0.0225	0.03854389721627409	0.0225
positive	100GB	90%	CTAT-LR-Fusion	109	87	400	7	0.5561224489795918	0.44387755102040816	0.2175	0.2919463087248322	0.2175
positive	100GB	90%	FusionSeeker	456	74	400	7	0.8603773584905661	0.13962264150943396	0.185	0.15913978494623654	0.185
positive	100GB	90%	GFSeeker	120	32	400	7	0.7894736842105263	0.21052631578947367	0.08	0.11594202898550725	0.08
positive	100GB	90%	Genion	155	55	400	7	0.7380952380952381	0.2619047619047619	0.1375	0.18032786885245902	0.1375
positive	100GB	90%	JAFFAL	90	60	400	7	0.6	0.4	0.15	0.21818181818181814	0.15
positive	100GB	90%	LongGF	68	9	400	7	0.8831168831168831	0.11688311688311688	0.0225	0.03773584905660377	0.0225
positive	100GB	95%	CTAT-LR-Fusion	134	113	400	7	0.5425101214574899	0.4574898785425101	0.2825	0.34930448222565685	0.2825
positive	100GB	95%	FusionSeeker	464	77	400	7	0.8576709796672828	0.1423290203327172	0.1925	0.16365568544102016	0.1925
positive	100GB	95%	GFSeeker	138	39	400	7	0.7796610169491526	0.22033898305084745	0.0975	0.13518197573656845	0.0975
positive	100GB	95%	Genion	171	63	400	7	0.7307692307692307	0.2692307692307692	0.1575	0.19873817034700314	0.1575
positive	100GB	95%	JAFFAL	117	85	400	7	0.5792079207920792	0.4207920792079208	0.2125	0.2823920265780731	0.2125
positive	100GB	95%	LongGF	68	11	400	7	0.8607594936708861	0.13924050632911392	0.0275	0.04592901878914405	0.0275
positive	10GB	85%	CTAT-LR-Fusion	3	0	397	7	1	0	0	NA	0
positive	10GB	85%	FusionSeeker	32	3	397	7	0.9142857142857143	0.08571428571428572	0.007556675062972292	0.013888888888888888	0.007556675062972292
positive	10GB	85%	GFSeeker	2	0	397	7	1	0	0	NA	0
positive	10GB	85%	Genion	4	1	397	7	0.8	0.2	0.0025188916876574307	0.004975124378109453	0.0025188916876574307
positive	10GB	90%	CTAT-LR-Fusion	2	1	400	7	0.6666666666666666	0.3333333333333333	0.0025	0.004962779156327543	0.0025
positive	10GB	90%	FusionSeeker	52	6	400	7	0.896551724137931	0.10344827586206896	0.015	0.026200873362445413	0.015
positive	10GB	90%	GFSeeker	1	0	400	7	1	0	0	NA	0
positive	10GB	90%	Genion	3	1	400	7	0.75	0.25	0.0025	0.0049504950495049506	0.0025
positive	10GB	95%	CTAT-LR-Fusion	2	3	400	7	0.4	0.6	0.0075	0.014814814814814815	0.0075
positive	10GB	95%	FusionSeeker	73	12	400	7	0.8588235294117647	0.1411764705882353	0.03	0.049484536082474224	0.03
positive	10GB	95%	Genion	1	2	400	7	0.3333333333333333	0.6666666666666666	0.005	0.009925558312655087	0.005
positive	10GB	95%	JAFFAL	0	3	400	7	0	1	0.0075	0.014888337468982629	0.0075
positive	10GB	95%	LongGF	0	1	400	7	0	1	0.0025	0.004987531172069826	0.0025
positive	1GB	85%	FusionSeeker	1	0	187	7	1	0	0	NA	0
positive	1GB	90%	FusionSeeker	3	0	202	7	1	0	0	NA	0
positive	1GB	95%	FusionSeeker	1	0	208	7	1	0	0	NA	0
negative	100GB	85%	CTAT-LR-Fusion	20	0	400	6	1	0	0	NA	0
negative	100GB	85%	FusionSeeker	176	0	400	6	1	0	0	NA	0
negative	100GB	85%	GFSeeker	9	0	400	6	1	0	0	NA	0
negative	100GB	85%	Genion	29	0	400	6	1	0	0	NA	0
negative	100GB	85%	JAFFAL	2	0	400	6	1	0	0	NA	0
negative	100GB	85%	LongGF	5	0	400	6	1	0	0	NA	0
negative	100GB	90%	CTAT-LR-Fusion	28	0	400	6	1	0	0	NA	0
negative	100GB	90%	FusionSeeker	122	0	400	6	1	0	0	NA	0
negative	100GB	90%	GFSeeker	17	0	400	6	1	0	0	NA	0
negative	100GB	90%	Genion	23	0	400	6	1	0	0	NA	0
negative	100GB	90%	JAFFAL	4	0	400	6	1	0	0	NA	0
negative	100GB	90%	LongGF	6	0	400	6	1	0	0	NA	0
negative	100GB	95%	CTAT-LR-Fusion	22	0	400	6	1	0	0	NA	0
negative	100GB	95%	FusionSeeker	97	0	400	6	1	0	0	NA	0
negative	100GB	95%	GFSeeker	19	0	400	6	1	0	0	NA	0
negative	100GB	95%	Genion	14	0	400	6	1	0	0	NA	0
negative	100GB	95%	JAFFAL	6	0	400	6	1	0	0	NA	0
negative	100GB	95%	LongGF	6	0	400	6	1	0	0	NA	0
negative	10GB	85%	CTAT-LR-Fusion	1	0	397	6	1	0	0	NA	0
negative	10GB	85%	FusionSeeker	16	0	397	6	1	0	0	NA	0
negative	10GB	85%	GFSeeker	1	0	397	6	1	0	0	NA	0
negative	10GB	85%	Genion	4	0	397	6	1	0	0	NA	0
negative	10GB	90%	FusionSeeker	27	0	400	6	1	0	0	NA	0
negative	10GB	90%	GFSeeker	1	0	400	6	1	0	0	NA	0
negative	10GB	90%	Genion	1	0	400	6	1	0	0	NA	0
negative	10GB	90%	JAFFAL	1	0	400	6	1	0	0	NA	0
negative	10GB	95%	FusionSeeker	27	0	400	6	1	0	0	NA	0
negative	10GB	95%	GFSeeker	1	0	400	6	1	0	0	NA	0
negative	10GB	95%	Genion	1	0	400	6	1	0	0	NA	0
negative	10GB	95%	JAFFAL	1	0	400	6	1	0	0	NA	0
negative	1GB	85%	FusionSeeker	1	0	187	6	1	0	0	NA	0
negative	1GB	85%	Genion	1	0	187	6	1	0	0	NA	0
negative	1GB	90%	FusionSeeker	1	0	202	6	1	0	0	NA	0
negative	1GB	95%	FusionSeeker	1	0	208	6	1	0	0	NA	0
positive	100GB	85%	CTAT-LR-Fusion	72	54	400	6	0.5714285714285714	0.42857142857142855	0.135	0.2053231939163498	0.135
positive	100GB	85%	FusionSeeker	462	62	400	6	0.8816793893129771	0.1183206106870229	0.155	0.1341991341991342	0.155
positive	100GB	85%	GFSeeker	111	17	400	6	0.8671875	0.1328125	0.0425	0.06439393939393939	0.0425
positive	100GB	85%	Genion	125	45	400	6	0.7352941176470589	0.2647058823529412	0.1125	0.15789473684210528	0.1125
positive	100GB	85%	JAFFAL	64	45	400	6	0.5871559633027523	0.41284403669724773	0.1125	0.17681728880157171	0.1125
positive	100GB	85%	LongGF	59	9	400	6	0.8676470588235294	0.1323529411764706	0.0225	0.038461538461538464	0.0225
positive	100GB	90%	CTAT-LR-Fusion	109	87	400	6	0.5561224489795918	0.44387755102040816	0.2175	0.2919463087248322	0.2175
positive	100GB	90%	FusionSeeker	460	74	400	6	0.8614232209737828	0.13857677902621723	0.185	0.15845824411134904	0.185
positive	100GB	90%	GFSeeker	133	34	400	6	0.7964071856287425	0.20359281437125748	0.085	0.1199294532627866	0.085
positive	100GB	90%	Genion	160	56	400	6	0.7407407407407407	0.25925925925925924	0.14	0.18181818181818182	0.14
positive	100GB	90%	JAFFAL	94	66	400	6	0.5875	0.4125	0.165	0.2357142857142857	0.165
positive	100GB	90%	LongGF	68	9	400	6	0.8831168831168831	0.11688311688311688	0.0225	0.03773584905660377	0.0225
positive	100GB	95%	CTAT-LR-Fusion	134	113	400	6	0.5425101214574899	0.4574898785425101	0.2825	0.34930448222565685	0.2825
positive	100GB	95%	FusionSeeker	469	77	400	6	0.8589743589743589	0.14102564102564102	0.1925	0.16279069767441862	0.1925
positive	100GB	95%	GFSeeker	146	39	400	6	0.7891891891891892	0.21081081081081082	0.0975	0.13333333333333333	0.0975
positive	100GB	95%	Genion	171	64	400	6	0.7276595744680852	0.2723404255319149	0.16	0.20157480314960632	0.16
positive	100GB	95%	JAFFAL	118	85	400	6	0.5812807881773399	0.4187192118226601	0.2125	0.28192371475953565	0.2125
positive	100GB	95%	LongGF	68	11	400	6	0.8607594936708861	0.13924050632911392	0.0275	0.04592901878914405	0.0275
positive	10GB	85%	CTAT-LR-Fusion	3	0	397	6	1	0	0	NA	0
positive	10GB	85%	FusionSeeker	38	3	397	6	0.926829268292683	0.07317073170731707	0.007556675062972292	0.013698630136986302	0.007556675062972292
positive	10GB	85%	GFSeeker	4	0	397	6	1	0	0	NA	0
positive	10GB	85%	Genion	5	1	397	6	0.8333333333333334	0.16666666666666666	0.0025188916876574307	0.004962779156327543	0.0025188916876574307
positive	10GB	90%	CTAT-LR-Fusion	3	1	400	6	0.75	0.25	0.0025	0.0049504950495049506	0.0025
positive	10GB	90%	FusionSeeker	59	9	400	6	0.8676470588235294	0.1323529411764706	0.0225	0.038461538461538464	0.0225
positive	10GB	90%	GFSeeker	3	1	400	6	0.75	0.25	0.0025	0.0049504950495049506	0.0025
positive	10GB	90%	Genion	4	1	400	6	0.8	0.2	0.0025	0.0049382716049382715	0.0025
positive	10GB	90%	JAFFAL	0	1	400	6	0	1	0.0025	0.004987531172069826	0.0025
positive	10GB	95%	CTAT-LR-Fusion	5	5	400	6	0.5	0.5	0.0125	0.02439024390243903	0.0125
positive	10GB	95%	FusionSeeker	86	15	400	6	0.8514851485148515	0.1485148514851485	0.0375	0.059880239520958084	0.0375
positive	10GB	95%	GFSeeker	2	2	400	6	0.5	0.5	0.005	0.009900990099009901	0.005
positive	10GB	95%	Genion	2	2	400	6	0.5	0.5	0.005	0.009900990099009901	0.005
positive	10GB	95%	JAFFAL	4	3	400	6	0.5714285714285714	0.42857142857142855	0.0075	0.01474201474201474	0.0075
positive	10GB	95%	LongGF	1	1	400	6	0.5	0.5	0.0025	0.0049751243781094535	0.0025
positive	1GB	85%	FusionSeeker	1	0	187	6	1	0	0	NA	0
positive	1GB	90%	FusionSeeker	3	0	202	6	1	0	0	NA	0
positive	1GB	95%	FusionSeeker	1	0	208	6	1	0	0	NA	0
negative	100GB	85%	CTAT-LR-Fusion	20	0	400	5	1	0	0	NA	0
negative	100GB	85%	FusionSeeker	188	0	400	5	1	0	0	NA	0
negative	100GB	85%	GFSeeker	13	0	400	5	1	0	0	NA	0
negative	100GB	85%	Genion	36	0	400	5	1	0	0	NA	0
negative	100GB	85%	JAFFAL	3	0	400	5	1	0	0	NA	0
negative	100GB	85%	LongGF	6	0	400	5	1	0	0	NA	0
negative	100GB	90%	CTAT-LR-Fusion	28	0	400	5	1	0	0	NA	0
negative	100GB	90%	FusionSeeker	128	0	400	5	1	0	0	NA	0
negative	100GB	90%	GFSeeker	31	0	400	5	1	0	0	NA	0
negative	100GB	90%	Genion	26	0	400	5	1	0	0	NA	0
negative	100GB	90%	JAFFAL	4	0	400	5	1	0	0	NA	0
negative	100GB	90%	LongGF	6	0	400	5	1	0	0	NA	0
negative	100GB	95%	CTAT-LR-Fusion	22	0	400	5	1	0	0	NA	0
negative	100GB	95%	FusionSeeker	100	0	400	5	1	0	0	NA	0
negative	100GB	95%	GFSeeker	26	0	400	5	1	0	0	NA	0
negative	100GB	95%	Genion	16	0	400	5	1	0	0	NA	0
negative	100GB	95%	JAFFAL	6	0	400	5	1	0	0	NA	0
negative	100GB	95%	LongGF	6	0	400	5	1	0	0	NA	0
negative	10GB	85%	CTAT-LR-Fusion	1	0	397	5	1	0	0	NA	0
negative	10GB	85%	FusionSeeker	22	0	397	5	1	0	0	NA	0
negative	10GB	85%	GFSeeker	1	0	397	5	1	0	0	NA	0
negative	10GB	85%	Genion	4	0	397	5	1	0	0	NA	0
negative	10GB	90%	CTAT-LR-Fusion	1	0	400	5	1	0	0	NA	0
negative	10GB	90%	FusionSeeker	30	0	400	5	1	0	0	NA	0
negative	10GB	90%	GFSeeker	1	0	400	5	1	0	0	NA	0
negative	10GB	90%	Genion	1	0	400	5	1	0	0	NA	0
negative	10GB	90%	JAFFAL	1	0	400	5	1	0	0	NA	0
negative	10GB	95%	CTAT-LR-Fusion	1	0	400	5	1	0	0	NA	0
negative	10GB	95%	FusionSeeker	30	0	400	5	1	0	0	NA	0
negative	10GB	95%	GFSeeker	1	0	400	5	1	0	0	NA	0
negative	10GB	95%	Genion	1	0	400	5	1	0	0	NA	0
negative	10GB	95%	JAFFAL	1	0	400	5	1	0	0	NA	0
negative	1GB	85%	FusionSeeker	1	0	187	5	1	0	0	NA	0
negative	1GB	85%	Genion	1	0	187	5	1	0	0	NA	0
negative	1GB	90%	FusionSeeker	1	0	202	5	1	0	0	NA	0
negative	1GB	95%	FusionSeeker	1	0	208	5	1	0	0	NA	0
positive	100GB	85%	CTAT-LR-Fusion	72	54	400	5	0.5714285714285714	0.42857142857142855	0.135	0.2053231939163498	0.135
positive	100GB	85%	FusionSeeker	490	63	400	5	0.8860759493670886	0.11392405063291139	0.1575	0.1322140608604407	0.1575
positive	100GB	85%	GFSeeker	121	18	400	5	0.8705035971223022	0.12949640287769784	0.045	0.06679035250463822	0.045
positive	100GB	85%	Genion	131	46	400	5	0.7401129943502824	0.2598870056497175	0.115	0.15944540727902948	0.115
positive	100GB	85%	JAFFAL	68	46	400	5	0.5964912280701754	0.40350877192982454	0.115	0.178988326848249	0.115
positive	100GB	85%	LongGF	61	9	400	5	0.8714285714285714	0.12857142857142856	0.0225	0.03829787234042553	0.0225
positive	100GB	90%	CTAT-LR-Fusion	109	87	400	5	0.5561224489795918	0.44387755102040816	0.2175	0.2919463087248322	0.2175
positive	100GB	90%	FusionSeeker	474	75	400	5	0.8633879781420765	0.1366120218579235	0.1875	0.15806111696522654	0.1875
positive	100GB	90%	GFSeeker	147	34	400	5	0.8121546961325967	0.1878453038674033	0.085	0.11703958691910499	0.085
positive	100GB	90%	Genion	168	58	400	5	0.7433628318584071	0.25663716814159293	0.145	0.18530351437699683	0.145
positive	100GB	90%	JAFFAL	98	68	400	5	0.5903614457831325	0.40963855421686746	0.17	0.2402826855123675	0.17
positive	100GB	90%	LongGF	70	11	400	5	0.8641975308641975	0.13580246913580246	0.0275	0.04573804573804574	0.0275
positive	100GB	95%	CTAT-LR-Fusion	134	113	400	5	0.5425101214574899	0.4574898785425101	0.2825	0.34930448222565685	0.2825
positive	100GB	95%	FusionSeeker	480	77	400	5	0.8617594254937163	0.13824057450628366	0.1925	0.16091954022988506	0.1925
positive	100GB	95%	GFSeeker	163	39	400	5	0.806930693069307	0.19306930693069307	0.0975	0.12956810631229237	0.0975
positive	100GB	95%	Genion	177	64	400	5	0.7344398340248963	0.26556016597510373	0.16	0.1996879875195008	0.16
positive	100GB	95%	JAFFAL	123	89	400	5	0.5801886792452831	0.419811320754717	0.2225	0.2908496732026144	0.2225
positive	100GB	95%	LongGF	71	11	400	5	0.8658536585365854	0.13414634146341464	0.0275	0.04564315352697096	0.0275
positive	10GB	85%	CTAT-LR-Fusion	5	1	397	5	0.8333333333333334	0.16666666666666666	0.0025188916876574307	0.004962779156327543	0.0025188916876574307
positive	10GB	85%	FusionSeeker	55	5	397	5	0.9166666666666666	0.08333333333333333	0.012594458438287154	0.02188183807439825	0.012594458438287154
positive	10GB	85%	GFSeeker	7	0	397	5	1	0	0	NA	0
positive	10GB	85%	Genion	5	1	397	5	0.8333333333333334	0.16666666666666666	0.0025188916876574307	0.004962779156327543	0.0025188916876574307
positive	10GB	85%	JAFFAL	1	1	397	5	0.5	0.5	0.0025188916876574307	0.005012531328320803	0.0025188916876574307
positive	10GB	85%	LongGF	1	0	397	5	1	0	0	NA	0
positive	10GB	90%	CTAT-LR-Fusion	4	7	400	5	0.36363636363636365	0.6363636363636364	0.0175	0.03406326034063261	0.0175
positive	10GB	90%	FusionSeeker	90	15	400	5	0.8571428571428571	0.14285714285714285	0.0375	0.059405940594059396	0.0375
positive	10GB	90%	GFSeeker	5	4	400	5	0.5555555555555556	0.4444444444444444	0.01	0.019559902200488997	0.01
positive	10GB	90%	Genion	5	1	400	5	0.8333333333333334	0.16666666666666666	0.0025	0.0049261083743842365	0.0025
positive	10GB	90%	JAFFAL	5	4	400	5	0.5555555555555556	0.4444444444444444	0.01	0.019559902200488997	0.01
positive	10GB	90%	LongGF	2	0	400	5	1	0	0	NA	0
positive	10GB	95%	CTAT-LR-Fusion	10	8	400	5	0.5555555555555556	0.4444444444444444	0.02	0.03827751196172249	0.02
positive	10GB	95%	FusionSeeker	114	20	400	5	0.8507462686567164	0.14925373134328357	0.05	0.0749063670411985	0.05
positive	10GB	95%	GFSeeker	6	3	400	5	0.6666666666666666	0.3333333333333333	0.0075	0.014669926650366746	0.0075
positive	10GB	95%	Genion	3	2	400	5	0.6	0.4	0.005	0.009876543209876543	0.005
positive	10GB	95%	JAFFAL	8	6	400	5	0.5714285714285714	0.42857142857142855	0.015	0.02898550724637681	0.015
positive	10GB	95%	LongGF	2	1	400	5	0.6666666666666666	0.3333333333333333	0.0025	0.004962779156327543	0.0025
positive	1GB	85%	FusionSeeker	1	0	187	5	1	0	0	NA	0
positive	1GB	90%	FusionSeeker	3	0	202	5	1	0	0	NA	0
positive	1GB	95%	FusionSeeker	2	0	208	5	1	0	0	NA	0
negative	100GB	85%	CTAT-LR-Fusion	20	0	400	4	1	0	0	NA	0
negative	100GB	85%	FusionSeeker	211	0	400	4	1	0	0	NA	0
negative	100GB	85%	GFSeeker	18	0	400	4	1	0	0	NA	0
negative	100GB	85%	Genion	37	0	400	4	1	0	0	NA	0
negative	100GB	85%	JAFFAL	3	0	400	4	1	0	0	NA	0
negative	100GB	85%	LongGF	6	0	400	4	1	0	0	NA	0
negative	100GB	90%	CTAT-LR-Fusion	28	0	400	4	1	0	0	NA	0
negative	100GB	90%	FusionSeeker	138	0	400	4	1	0	0	NA	0
negative	100GB	90%	GFSeeker	47	0	400	4	1	0	0	NA	0
negative	100GB	90%	Genion	29	0	400	4	1	0	0	NA	0
negative	100GB	90%	JAFFAL	5	0	400	4	1	0	0	NA	0
negative	100GB	90%	LongGF	6	0	400	4	1	0	0	NA	0
negative	100GB	95%	CTAT-LR-Fusion	22	0	400	4	1	0	0	NA	0
negative	100GB	95%	FusionSeeker	102	0	400	4	1	0	0	NA	0
negative	100GB	95%	GFSeeker	49	0	400	4	1	0	0	NA	0
negative	100GB	95%	Genion	18	0	400	4	1	0	0	NA	0
negative	100GB	95%	JAFFAL	6	0	400	4	1	0	0	NA	0
negative	100GB	95%	LongGF	6	0	400	4	1	0	0	NA	0
negative	10GB	85%	CTAT-LR-Fusion	1	0	397	4	1	0	0	NA	0
negative	10GB	85%	FusionSeeker	27	0	397	4	1	0	0	NA	0
negative	10GB	85%	GFSeeker	1	0	397	4	1	0	0	NA	0
negative	10GB	85%	Genion	4	0	397	4	1	0	0	NA	0
negative	10GB	90%	CTAT-LR-Fusion	4	0	400	4	1	0	0	NA	0
negative	10GB	90%	FusionSeeker	37	0	400	4	1	0	0	NA	0
negative	10GB	90%	GFSeeker	1	0	400	4	1	0	0	NA	0
negative	10GB	90%	Genion	1	0	400	4	1	0	0	NA	0
negative	10GB	90%	JAFFAL	1	0	400	4	1	0	0	NA	0
negative	10GB	95%	CTAT-LR-Fusion	4	0	400	4	1	0	0	NA	0
negative	10GB	95%	FusionSeeker	37	0	400	4	1	0	0	NA	0
negative	10GB	95%	GFSeeker	1	0	400	4	1	0	0	NA	0
negative	10GB	95%	Genion	1	0	400	4	1	0	0	NA	0
negative	10GB	95%	JAFFAL	1	0	400	4	1	0	0	NA	0
negative	1GB	85%	FusionSeeker	1	0	187	4	1	0	0	NA	0
negative	1GB	85%	Genion	2	0	187	4	1	0	0	NA	0
negative	1GB	90%	FusionSeeker	2	0	202	4	1	0	0	NA	0
negative	1GB	95%	FusionSeeker	2	0	208	4	1	0	0	NA	0
positive	100GB	85%	CTAT-LR-Fusion	72	54	400	4	0.5714285714285714	0.42857142857142855	0.135	0.2053231939163498	0.135
positive	100GB	85%	FusionSeeker	522	65	400	4	0.889267461669506	0.11073253833049404	0.1625	0.13171225937183384	0.1625
positive	100GB	85%	GFSeeker	136	20	400	4	0.8717948717948718	0.1282051282051282	0.05	0.07194244604316548	0.05
positive	100GB	85%	Genion	135	46	400	4	0.7458563535911602	0.2541436464088398	0.115	0.15834767641996558	0.115
positive	100GB	85%	JAFFAL	75	48	400	4	0.6097560975609756	0.3902439024390244	0.12	0.1835564053537285	0.12
positive	100GB	85%	LongGF	62	9	400	4	0.8732394366197183	0.1267605633802817	0.0225	0.038216560509554146	0.0225
positive	100GB	90%	CTAT-LR-Fusion	109	87	400	4	0.5561224489795918	0.44387755102040816	0.2175	0.2919463087248322	0.2175
positive	100GB	90%	FusionSeeker	495	75	400	4	0.868421052631579	0.13157894736842105	0.1875	0.15463917525773196	0.1875
positive	100GB	90%	GFSeeker	169	34	400	4	0.8325123152709359	0.16748768472906403	0.085	0.11276948590381428	0.085
positive	100GB	90%	Genion	176	58	400	4	0.7521367521367521	0.24786324786324787	0.145	0.1829652996845426	0.145
positive	100GB	90%	JAFFAL	101	70	400	4	0.5906432748538012	0.4093567251461988	0.175	0.24518388791593698	0.175
positive	100GB	90%	LongGF	74	11	400	4	0.8705882352941177	0.12941176470588237	0.0275	0.04536082474226804	0.0275
positive	100GB	95%	CTAT-LR-Fusion	134	113	400	4	0.5425101214574899	0.4574898785425101	0.2825	0.34930448222565685	0.2825
positive	100GB	95%	FusionSeeker	485	77	400	4	0.8629893238434164	0.13701067615658363	0.1925	0.16008316008316006	0.1925
positive	100GB	95%	GFSeeker	190	39	400	4	0.8296943231441049	0.1703056768558952	0.0975	0.12400635930047696	0.0975
positive	100GB	95%	Genion	182	65	400	4	0.7368421052631579	0.2631578947368421	0.1625	0.20092735703245748	0.1625
positive	100GB	95%	JAFFAL	129	89	400	4	0.591743119266055	0.40825688073394495	0.2225	0.2880258899676375	0.2225
positive	100GB	95%	LongGF	74	11	400	4	0.8705882352941177	0.12941176470588237	0.0275	0.04536082474226804	0.0275
positive	10GB	85%	CTAT-LR-Fusion	7	3	397	4	0.7	0.3	0.007556675062972292	0.01474201474201474	0.007556675062972292
positive	10GB	85%	FusionSeeker	72	6	397	4	0.9230769230769231	0.07692307692307693	0.015113350125944584	0.025263157894736845	0.015113350125944584
positive	10GB	85%	GFSeeker	8	1	397	4	0.8888888888888888	0.1111111111111111	0.0025188916876574307	0.0049261083743842365	0.0025188916876574307
positive	10GB	85%	Genion	5	1	397	4	0.8333333333333334	0.16666666666666666	0.0025188916876574307	0.004962779156327543	0.0025188916876574307
positive	10GB	85%	JAFFAL	1	1	397	4	0.5	0.5	0.0025188916876574307	0.005012531328320803	0.0025188916876574307
positive	10GB	85%	LongGF	3	0	397	4	1	0	0	NA	0
positive	10GB	90%	CTAT-LR-Fusion	9	12	400	4	0.42857142857142855	0.5714285714285714	0.03	0.05700712589073633	0.03
positive	10GB	90%	FusionSeeker	111	23	400	4	0.8283582089552238	0.17164179104477612	0.0575	0.08614232209737828	0.0575
positive	10GB	90%	GFSeeker	11	8	400	4	0.5789473684210527	0.42105263157894735	0.02	0.03818615751789976	0.02
positive	10GB	90%	Genion	7	3	400	4	0.7	0.3	0.0075	0.014634146341463414	0.0075
positive	10GB	90%	JAFFAL	6	8	400	4	0.42857142857142855	0.5714285714285714	0.02	0.03864734299516908	0.02
positive	10GB	90%	LongGF	5	1	400	4	0.8333333333333334	0.16666666666666666	0.0025	0.0049261083743842365	0.0025
positive	10GB	95%	CTAT-LR-Fusion	23	18	400	4	0.5609756097560976	0.43902439024390244	0.045	0.0816326530612245	0.045
positive	10GB	95%	FusionSeeker	154	26	400	4	0.8555555555555555	0.14444444444444443	0.065	0.0896551724137931	0.065
positive	10GB	95%	GFSeeker	16	4	400	4	0.8	0.2	0.01	0.019047619047619046	0.01
positive	10GB	95%	Genion	5	4	400	4	0.5555555555555556	0.4444444444444444	0.01	0.019559902200488997	0.01
positive	10GB	95%	JAFFAL	18	11	400	4	0.6206896551724138	0.3793103448275862	0.0275	0.05128205128205128	0.0275
positive	10GB	95%	LongGF	8	2	400	4	0.8	0.2	0.005	0.00975609756097561	0.005
positive	1GB	85%	CTAT-LR-Fusion	1	0	187	4	1	0	0	NA	0
positive	1GB	85%	FusionSeeker	1	0	187	4	1	0	0	NA	0
positive	1GB	90%	FusionSeeker	3	0	202	4	1	0	0	NA	0
positive	1GB	95%	FusionSeeker	3	0	208	4	1	0	0	NA	0
negative	100GB	85%	CTAT-LR-Fusion	20	0	400	3	1	0	0	NA	0
negative	100GB	85%	FusionSeeker	245	0	400	3	1	0	0	NA	0
negative	100GB	85%	GFSeeker	51	0	400	3	1	0	0	NA	0
negative	100GB	85%	Genion	42	0	400	3	1	0	0	NA	0
negative	100GB	85%	JAFFAL	3	0	400	3	1	0	0	NA	0
negative	100GB	85%	LongGF	7	0	400	3	1	0	0	NA	0
negative	100GB	90%	CTAT-LR-Fusion	28	0	400	3	1	0	0	NA	0
negative	100GB	90%	FusionSeeker	154	0	400	3	1	0	0	NA	0
negative	100GB	90%	GFSeeker	72	0	400	3	1	0	0	NA	0
negative	100GB	90%	Genion	36	0	400	3	1	0	0	NA	0
negative	100GB	90%	JAFFAL	6	0	400	3	1	0	0	NA	0
negative	100GB	90%	LongGF	6	0	400	3	1	0	0	NA	0
negative	100GB	95%	CTAT-LR-Fusion	22	0	400	3	1	0	0	NA	0
negative	100GB	95%	FusionSeeker	112	0	400	3	1	0	0	NA	0
negative	100GB	95%	GFSeeker	90	0	400	3	1	0	0	NA	0
negative	100GB	95%	Genion	21	0	400	3	1	0	0	NA	0
negative	100GB	95%	JAFFAL	7	0	400	3	1	0	0	NA	0
negative	100GB	95%	LongGF	6	0	400	3	1	0	0	NA	0
negative	10GB	85%	CTAT-LR-Fusion	3	0	397	3	1	0	0	NA	0
negative	10GB	85%	FusionSeeker	42	0	397	3	1	0	0	NA	0
negative	10GB	85%	GFSeeker	1	0	397	3	1	0	0	NA	0
negative	10GB	85%	Genion	5	0	397	3	1	0	0	NA	0
negative	10GB	85%	LongGF	1	0	397	3	1	0	0	NA	0
negative	10GB	90%	CTAT-LR-Fusion	11	0	400	3	1	0	0	NA	0
negative	10GB	90%	FusionSeeker	52	0	400	3	1	0	0	NA	0
negative	10GB	90%	GFSeeker	1	0	400	3	1	0	0	NA	0
negative	10GB	90%	Genion	1	0	400	3	1	0	0	NA	0
negative	10GB	90%	JAFFAL	1	0	400	3	1	0	0	NA	0
negative	10GB	90%	LongGF	3	0	400	3	1	0	0	NA	0
negative	10GB	95%	CTAT-LR-Fusion	11	0	400	3	1	0	0	NA	0
negative	10GB	95%	FusionSeeker	52	0	400	3	1	0	0	NA	0
negative	10GB	95%	GFSeeker	1	0	400	3	1	0	0	NA	0
negative	10GB	95%	Genion	1	0	400	3	1	0	0	NA	0
negative	10GB	95%	JAFFAL	1	0	400	3	1	0	0	NA	0
negative	10GB	95%	LongGF	3	0	400	3	1	0	0	NA	0
negative	1GB	85%	FusionSeeker	3	0	187	3	1	0	0	NA	0
negative	1GB	85%	Genion	2	0	187	3	1	0	0	NA	0
negative	1GB	90%	FusionSeeker	3	0	202	3	1	0	0	NA	0
negative	1GB	95%	FusionSeeker	3	0	208	3	1	0	0	NA	0
positive	100GB	85%	CTAT-LR-Fusion	72	54	400	3	0.5714285714285714	0.42857142857142855	0.135	0.2053231939163498	0.135
positive	100GB	85%	FusionSeeker	575	67	400	3	0.8956386292834891	0.1043613707165109	0.1675	0.1285988483685221	0.1675
positive	100GB	85%	GFSeeker	162	22	400	3	0.8804347826086957	0.11956521739130435	0.055	0.07534246575342467	0.055
positive	100GB	85%	Genion	147	46	400	3	0.7616580310880829	0.23834196891191708	0.115	0.1551433389544688	0.115
positive	100GB	85%	JAFFAL	84	56	400	3	0.6	0.4	0.14	0.20740740740740743	0.14
positive	100GB	85%	LongGF	66	9	400	3	0.88	0.12	0.0225	0.037894736842105266	0.0225
positive	100GB	90%	CTAT-LR-Fusion	109	87	400	3	0.5561224489795918	0.44387755102040816	0.2175	0.2919463087248322	0.2175
positive	100GB	90%	FusionSeeker	537	76	400	3	0.8760195758564437	0.12398042414355628	0.19	0.15004935834155972	0.19
positive	100GB	90%	GFSeeker	213	35	400	3	0.8588709677419355	0.14112903225806453	0.0875	0.1080246913580247	0.0875
positive	100GB	90%	Genion	180	58	400	3	0.7563025210084033	0.24369747899159663	0.145	0.18181818181818182	0.145
positive	100GB	90%	JAFFAL	110	71	400	3	0.6077348066298343	0.39226519337016574	0.1775	0.24440619621342513	0.1775
positive	100GB	90%	LongGF	75	11	400	3	0.872093023255814	0.12790697674418605	0.0275	0.04526748971193416	0.0275
positive	100GB	95%	CTAT-LR-Fusion	134	113	400	3	0.5425101214574899	0.4574898785425101	0.2825	0.34930448222565685	0.2825
positive	100GB	95%	FusionSeeker	509	80	400	3	0.8641765704584041	0.13582342954159593	0.2	0.16177957532861478	0.2
positive	100GB	95%	GFSeeker	231	39	400	3	0.8555555555555555	0.14444444444444443	0.0975	0.1164179104477612	0.0975
positive	100GB	95%	Genion	182	65	400	3	0.7368421052631579	0.2631578947368421	0.1625	0.20092735703245748	0.1625
positive	100GB	95%	JAFFAL	134	92	400	3	0.5929203539823009	0.40707964601769914	0.23	0.2939297124600639	0.23
positive	100GB	95%	LongGF	75	11	400	3	0.872093023255814	0.12790697674418605	0.0275	0.04526748971193416	0.0275
positive	10GB	85%	CTAT-LR-Fusion	10	6	397	3	0.625	0.375	0.015113350125944584	0.029055690072639227	0.015113350125944584
positive	10GB	85%	FusionSeeker	105	15	397	3	0.875	0.125	0.037783375314861464	0.058027079303675046	0.037783375314861464
positive	10GB	85%	GFSeeker	12	3	397	3	0.8	0.2	0.007556675062972292	0.014563106796116505	0.007556675062972292
positive	10GB	85%	Genion	6	1	397	3	0.8571428571428571	0.14285714285714285	0.0025188916876574307	0.0049504950495049506	0.0025188916876574307
positive	10GB	85%	JAFFAL	6	5	397	3	0.5454545454545454	0.45454545454545453	0.012594458438287154	0.024509803921568627	0.012594458438287154
positive	10GB	85%	LongGF	8	1	397	3	0.8888888888888888	0.1111111111111111	0.0025188916876574307	0.0049261083743842365	0.0025188916876574307
positive	10GB	90%	CTAT-LR-Fusion	16	25	400	3	0.3902439024390244	0.6097560975609756	0.0625	0.11337868480725624	0.0625
positive	10GB	90%	FusionSeeker	150	34	400	3	0.8152173913043478	0.18478260869565216	0.085	0.11643835616438356	0.085
positive	10GB	90%	GFSeeker	20	13	400	3	0.6060606060606061	0.3939393939393939	0.0325	0.06004618937644342	0.0325
positive	10GB	90%	Genion	8	3	400	3	0.7272727272727273	0.2727272727272727	0.0075	0.014598540145985401	0.0075
positive	10GB	90%	JAFFAL	14	13	400	3	0.5185185185185185	0.48148148148148145	0.0325	0.06088992974238876	0.0325
positive	10GB	90%	LongGF	18	1	400	3	0.9473684210526315	0.05263157894736842	0.0025	0.00477326968973747	0.0025
positive	10GB	95%	CTAT-LR-Fusion	45	34	400	3	0.569620253164557	0.43037974683544306	0.085	0.1419624217118998	0.085
positive	10GB	95%	FusionSeeker	201	41	400	3	0.8305785123966942	0.16942148760330578	0.1025	0.1277258566978193	0.1025
positive	10GB	95%	GFSeeker	40	11	400	3	0.7843137254901961	0.21568627450980393	0.0275	0.04878048780487805	0.0275
positive	10GB	95%	Genion	5	4	400	3	0.5555555555555556	0.4444444444444444	0.01	0.019559902200488997	0.01
positive	10GB	95%	JAFFAL	30	25	400	3	0.5454545454545454	0.45454545454545453	0.0625	0.10989010989010987	0.0625
positive	10GB	95%	LongGF	21	4	400	3	0.84	0.16	0.01	0.018823529411764704	0.01
positive	1GB	85%	CTAT-LR-Fusion	1	0	187	3	1	0	0	NA	0
positive	1GB	85%	FusionSeeker	2	0	187	3	1	0	0	NA	0
positive	1GB	90%	FusionSeeker	7	0	202	3	1	0	0	NA	0
positive	1GB	95%	FusionSeeker	7	1	208	3	0.875	0.125	0.004807692307692308	0.009259259259259259	0.004807692307692308
negative	100GB	85%	CTAT-LR-Fusion	20	0	400	2	1	0	0	NA	0
negative	100GB	85%	FusionSeeker	295	0	400	2	1	0	0	NA	0
negative	100GB	85%	GFSeeker	101	0	400	2	1	0	0	NA	0
negative	100GB	85%	Genion	53	0	400	2	1	0	0	NA	0
negative	100GB	85%	JAFFAL	5	0	400	2	1	0	0	NA	0
negative	100GB	85%	LongGF	9	0	400	2	1	0	0	NA	0
negative	100GB	90%	CTAT-LR-Fusion	28	0	400	2	1	0	0	NA	0
negative	100GB	90%	FusionSeeker	190	0	400	2	1	0	0	NA	0
negative	100GB	90%	GFSeeker	175	0	400	2	1	0	0	NA	0
negative	100GB	90%	Genion	40	0	400	2	1	0	0	NA	0
negative	100GB	90%	JAFFAL	10	0	400	2	1	0	0	NA	0
negative	100GB	90%	LongGF	11	0	400	2	1	0	0	NA	0
negative	100GB	95%	CTAT-LR-Fusion	22	0	400	2	1	0	0	NA	0
negative	100GB	95%	FusionSeeker	118	0	400	2	1	0	0	NA	0
negative	100GB	95%	GFSeeker	204	0	400	2	1	0	0	NA	0
negative	100GB	95%	Genion	23	0	400	2	1	0	0	NA	0
negative	100GB	95%	JAFFAL	9	0	400	2	1	0	0	NA	0
negative	100GB	95%	LongGF	8	0	400	2	1	0	0	NA	0
negative	10GB	85%	CTAT-LR-Fusion	7	0	397	2	1	0	0	NA	0
negative	10GB	85%	FusionSeeker	53	0	397	2	1	0	0	NA	0
negative	10GB	85%	GFSeeker	4	0	397	2	1	0	0	NA	0
negative	10GB	85%	Genion	5	0	397	2	1	0	0	NA	0
negative	10GB	85%	LongGF	2	0	397	2	1	0	0	NA	0
negative	10GB	90%	CTAT-LR-Fusion	14	0	400	2	1	0	0	NA	0
negative	10GB	90%	FusionSeeker	62	0	400	2	1	0	0	NA	0
negative	10GB	90%	GFSeeker	2	0	400	2	1	0	0	NA	0
negative	10GB	90%	Genion	1	0	400	2	1	0	0	NA	0
negative	10GB	90%	JAFFAL	2	0	400	2	1	0	0	NA	0
negative	10GB	90%	LongGF	4	0	400	2	1	0	0	NA	0
negative	10GB	95%	CTAT-LR-Fusion	14	0	400	2	1	0	0	NA	0
negative	10GB	95%	FusionSeeker	62	0	400	2	1	0	0	NA	0
negative	10GB	95%	GFSeeker	2	0	400	2	1	0	0	NA	0
negative	10GB	95%	Genion	1	0	400	2	1	0	0	NA	0
negative	10GB	95%	JAFFAL	2	0	400	2	1	0	0	NA	0
negative	10GB	95%	LongGF	4	0	400	2	1	0	0	NA	0
negative	1GB	85%	FusionSeeker	3	0	187	2	1	0	0	NA	0
negative	1GB	85%	Genion	2	0	187	2	1	0	0	NA	0
negative	1GB	90%	FusionSeeker	4	0	202	2	1	0	0	NA	0
negative	1GB	95%	FusionSeeker	4	0	208	2	1	0	0	NA	0
positive	100GB	85%	CTAT-LR-Fusion	72	54	400	2	0.5714285714285714	0.42857142857142855	0.135	0.2053231939163498	0.135
positive	100GB	85%	FusionSeeker	644	70	400	2	0.9019607843137255	0.09803921568627451	0.175	0.12567324955116696	0.175
positive	100GB	85%	GFSeeker	234	24	400	2	0.9069767441860465	0.09302325581395349	0.06	0.0729483282674772	0.06
positive	100GB	85%	Genion	152	46	400	2	0.7676767676767676	0.23232323232323232	0.115	0.15384615384615385	0.115
positive	100GB	85%	JAFFAL	96	61	400	2	0.6114649681528662	0.3885350318471338	0.1525	0.2190305206463196	0.1525
positive	100GB	85%	LongGF	70	10	400	2	0.875	0.125	0.025	0.04166666666666667	0.025
positive	100GB	90%	CTAT-LR-Fusion	109	87	400	2	0.5561224489795918	0.44387755102040816	0.2175	0.2919463087248322	0.2175
positive	100GB	90%	FusionSeeker	565	76	400	2	0.8814352574102964	0.11856474258970359	0.19	0.14601344860710855	0.19
positive	100GB	90%	GFSeeker	313	36	400	2	0.8968481375358166	0.10315186246418338	0.09	0.09612817089452604	0.09
positive	100GB	90%	Genion	190	58	400	2	0.7661290322580645	0.23387096774193547	0.145	0.17901234567901234	0.145
positive	100GB	90%	JAFFAL	125	79	400	2	0.6127450980392157	0.3872549019607843	0.1975	0.26158940397351	0.1975
positive	100GB	90%	LongGF	80	11	400	2	0.8791208791208791	0.12087912087912088	0.0275	0.04480651731160896	0.0275
positive	100GB	95%	CTAT-LR-Fusion	134	113	400	2	0.5425101214574899	0.4574898785425101	0.2825	0.34930448222565685	0.2825
positive	100GB	95%	FusionSeeker	531	80	400	2	0.8690671031096563	0.1309328968903437	0.2	0.15825914935707222	0.2
positive	100GB	95%	GFSeeker	325	41	400	2	0.8879781420765027	0.11202185792349727	0.1025	0.10704960835509138	0.1025
positive	100GB	95%	Genion	187	66	400	2	0.7391304347826086	0.2608695652173913	0.165	0.20214395099540583	0.165
positive	100GB	95%	JAFFAL	142	93	400	2	0.6042553191489362	0.39574468085106385	0.2325	0.2929133858267716	0.2325
positive	100GB	95%	LongGF	79	11	400	2	0.8777777777777778	0.12222222222222222	0.0275	0.044897959183673466	0.0275
positive	10GB	85%	CTAT-LR-Fusion	18	15	397	2	0.5454545454545454	0.45454545454545453	0.037783375314861464	0.06976744186046512	0.037783375314861464
positive	10GB	85%	FusionSeeker	144	19	397	2	0.8834355828220859	0.1165644171779141	0.047858942065491183	0.06785714285714287	0.047858942065491183
positive	10GB	85%	GFSeeker	26	8	397	2	0.7647058823529411	0.23529411764705882	0.020151133501259445	0.037122969837587	0.020151133501259445
positive	10GB	85%	Genion	7	2	397	2	0.7777777777777778	0.2222222222222222	0.005037783375314861	0.009852216748768473	0.005037783375314861
positive	10GB	85%	JAFFAL	12	11	397	2	0.5217391304347826	0.4782608695652174	0.027707808564231738	0.05238095238095238	0.027707808564231738
positive	10GB	85%	LongGF	16	2	397	2	0.8888888888888888	0.1111111111111111	0.005037783375314861	0.009638554216867469	0.005037783375314861
positive	10GB	90%	CTAT-LR-Fusion	35	41	400	2	0.4605263157894737	0.5394736842105263	0.1025	0.1722689075630252	0.1025
positive	10GB	90%	FusionSeeker	212	40	400	2	0.8412698412698413	0.15873015873015872	0.1	0.1226993865030675	0.1
positive	10GB	90%	GFSeeker	36	21	400	2	0.631578947368421	0.3684210526315789	0.0525	0.09190371991247265	0.0525
positive	10GB	90%	Genion	8	3	400	2	0.7272727272727273	0.2727272727272727	0.0075	0.014598540145985401	0.0075
positive	10GB	90%	JAFFAL	32	24	400	2	0.5714285714285714	0.42857142857142855	0.06	0.10526315789473684	0.06
positive	10GB	90%	LongGF	32	4	400	2	0.8888888888888888	0.1111111111111111	0.01	0.01834862385321101	0.01
positive	10GB	95%	CTAT-LR-Fusion	67	51	400	2	0.5677966101694916	0.4322033898305085	0.1275	0.19691119691119693	0.1275
positive	10GB	95%	FusionSeeker	256	53	400	2	0.8284789644012945	0.1715210355987055	0.1325	0.14950634696755993	0.1325
positive	10GB	95%	GFSeeker	63	19	400	2	0.7682926829268293	0.23170731707317074	0.0475	0.07883817427385892	0.0475
positive	10GB	95%	Genion	6	4	400	2	0.6	0.4	0.01	0.01951219512195122	0.01
positive	10GB	95%	JAFFAL	57	40	400	2	0.5876288659793815	0.41237113402061853	0.1	0.16096579476861167	0.1
positive	10GB	95%	LongGF	34	6	400	2	0.85	0.15	0.015	0.027272727272727275	0.015
positive	1GB	85%	CTAT-LR-Fusion	1	0	187	2	1	0	0	NA	0
positive	1GB	85%	FusionSeeker	2	0	187	2	1	0	0	NA	0
positive	1GB	85%	Genion	1	0	187	2	1	0	0	NA	0
positive	1GB	90%	FusionSeeker	7	0	202	2	1	0	0	NA	0
positive	1GB	95%	CTAT-LR-Fusion	0	2	208	2	0	1	0.009615384615384616	0.01904761904761905	0.009615384615384616
positive	1GB	95%	FusionSeeker	11	1	208	2	0.9166666666666666	0.08333333333333333	0.004807692307692308	0.009090909090909092	0.004807692307692308
positive	1GB	95%	JAFFAL	0	1	208	2	0	1	0.004807692307692308	0.009569377990430623	0.004807692307692308
negative	100GB	85%	CTAT-LR-Fusion	20	0	400	2	1	0	0	NA	0
negative	100GB	85%	FusionSeeker	295	0	400	2	1	0	0	NA	0
negative	100GB	85%	GFSeeker	101	0	400	2	1	0	0	NA	0
negative	100GB	85%	Genion	53	0	400	2	1	0	0	NA	0
negative	100GB	85%	JAFFAL	5	0	400	2	1	0	0	NA	0
negative	100GB	85%	LongGF	9	0	400	2	1	0	0	NA	0
negative	100GB	90%	CTAT-LR-Fusion	28	0	400	2	1	0	0	NA	0
negative	100GB	90%	FusionSeeker	190	0	400	2	1	0	0	NA	0
negative	100GB	90%	GFSeeker	175	0	400	2	1	0	0	NA	0
negative	100GB	90%	Genion	40	0	400	2	1	0	0	NA	0
negative	100GB	90%	JAFFAL	10	0	400	2	1	0	0	NA	0
negative	100GB	90%	LongGF	11	0	400	2	1	0	0	NA	0
negative	100GB	95%	CTAT-LR-Fusion	22	0	400	2	1	0	0	NA	0
negative	100GB	95%	FusionSeeker	118	0	400	2	1	0	0	NA	0
negative	100GB	95%	GFSeeker	204	0	400	2	1	0	0	NA	0
negative	100GB	95%	Genion	23	0	400	2	1	0	0	NA	0
negative	100GB	95%	JAFFAL	9	0	400	2	1	0	0	NA	0
negative	100GB	95%	LongGF	8	0	400	2	1	0	0	NA	0
negative	10GB	85%	CTAT-LR-Fusion	7	0	397	2	1	0	0	NA	0
negative	10GB	85%	FusionSeeker	53	0	397	2	1	0	0	NA	0
negative	10GB	85%	GFSeeker	4	0	397	2	1	0	0	NA	0
negative	10GB	85%	Genion	5	0	397	2	1	0	0	NA	0
negative	10GB	85%	LongGF	2	0	397	2	1	0	0	NA	0
negative	10GB	90%	CTAT-LR-Fusion	14	0	400	2	1	0	0	NA	0
negative	10GB	90%	FusionSeeker	62	0	400	2	1	0	0	NA	0
negative	10GB	90%	GFSeeker	2	0	400	2	1	0	0	NA	0
negative	10GB	90%	Genion	1	0	400	2	1	0	0	NA	0
negative	10GB	90%	JAFFAL	2	0	400	2	1	0	0	NA	0
negative	10GB	90%	LongGF	4	0	400	2	1	0	0	NA	0
negative	10GB	95%	CTAT-LR-Fusion	14	0	400	2	1	0	0	NA	0
negative	10GB	95%	FusionSeeker	62	0	400	2	1	0	0	NA	0
negative	10GB	95%	GFSeeker	2	0	400	2	1	0	0	NA	0
negative	10GB	95%	Genion	1	0	400	2	1	0	0	NA	0
negative	10GB	95%	JAFFAL	2	0	400	2	1	0	0	NA	0
negative	10GB	95%	LongGF	4	0	400	2	1	0	0	NA	0
negative	1GB	85%	FusionSeeker	3	0	187	2	1	0	0	NA	0
negative	1GB	85%	Genion	2	0	187	2	1	0	0	NA	0
negative	1GB	90%	FusionSeeker	4	0	202	2	1	0	0	NA	0
negative	1GB	95%	FusionSeeker	4	0	208	2	1	0	0	NA	0
positive	100GB	85%	CTAT-LR-Fusion	72	54	400	2	0.5714285714285714	0.42857142857142855	0.135	0.2053231939163498	0.135
positive	100GB	85%	FusionSeeker	644	70	400	2	0.9019607843137255	0.09803921568627451	0.175	0.12567324955116696	0.175
positive	100GB	85%	GFSeeker	234	24	400	2	0.9069767441860465	0.09302325581395349	0.06	0.0729483282674772	0.06
positive	100GB	85%	Genion	152	46	400	2	0.7676767676767676	0.23232323232323232	0.115	0.15384615384615385	0.115
positive	100GB	85%	JAFFAL	96	61	400	2	0.6114649681528662	0.3885350318471338	0.1525	0.2190305206463196	0.1525
positive	100GB	85%	LongGF	70	10	400	2	0.875	0.125	0.025	0.04166666666666667	0.025
positive	100GB	90%	CTAT-LR-Fusion	109	87	400	2	0.5561224489795918	0.44387755102040816	0.2175	0.2919463087248322	0.2175
positive	100GB	90%	FusionSeeker	565	76	400	2	0.8814352574102964	0.11856474258970359	0.19	0.14601344860710855	0.19
positive	100GB	90%	GFSeeker	313	36	400	2	0.8968481375358166	0.10315186246418338	0.09	0.09612817089452604	0.09
positive	100GB	90%	Genion	190	58	400	2	0.7661290322580645	0.23387096774193547	0.145	0.17901234567901234	0.145
positive	100GB	90%	JAFFAL	125	79	400	2	0.6127450980392157	0.3872549019607843	0.1975	0.26158940397351	0.1975
positive	100GB	90%	LongGF	80	11	400	2	0.8791208791208791	0.12087912087912088	0.0275	0.04480651731160896	0.0275
positive	100GB	95%	CTAT-LR-Fusion	134	113	400	2	0.5425101214574899	0.4574898785425101	0.2825	0.34930448222565685	0.2825
positive	100GB	95%	FusionSeeker	531	80	400	2	0.8690671031096563	0.1309328968903437	0.2	0.15825914935707222	0.2
positive	100GB	95%	GFSeeker	325	41	400	2	0.8879781420765027	0.11202185792349727	0.1025	0.10704960835509138	0.1025
positive	100GB	95%	Genion	187	66	400	2	0.7391304347826086	0.2608695652173913	0.165	0.20214395099540583	0.165
positive	100GB	95%	JAFFAL	142	93	400	2	0.6042553191489362	0.39574468085106385	0.2325	0.2929133858267716	0.2325
positive	100GB	95%	LongGF	79	11	400	2	0.8777777777777778	0.12222222222222222	0.0275	0.044897959183673466	0.0275
positive	10GB	85%	CTAT-LR-Fusion	18	15	397	2	0.5454545454545454	0.45454545454545453	0.037783375314861464	0.06976744186046512	0.037783375314861464
positive	10GB	85%	FusionSeeker	144	19	397	2	0.8834355828220859	0.1165644171779141	0.047858942065491183	0.06785714285714287	0.047858942065491183
positive	10GB	85%	GFSeeker	26	8	397	2	0.7647058823529411	0.23529411764705882	0.020151133501259445	0.037122969837587	0.020151133501259445
positive	10GB	85%	Genion	7	2	397	2	0.7777777777777778	0.2222222222222222	0.005037783375314861	0.009852216748768473	0.005037783375314861
positive	10GB	85%	JAFFAL	12	11	397	2	0.5217391304347826	0.4782608695652174	0.027707808564231738	0.05238095238095238	0.027707808564231738
positive	10GB	85%	LongGF	16	2	397	2	0.8888888888888888	0.1111111111111111	0.005037783375314861	0.009638554216867469	0.005037783375314861
positive	10GB	90%	CTAT-LR-Fusion	35	41	400	2	0.4605263157894737	0.5394736842105263	0.1025	0.1722689075630252	0.1025
positive	10GB	90%	FusionSeeker	212	40	400	2	0.8412698412698413	0.15873015873015872	0.1	0.1226993865030675	0.1
positive	10GB	90%	GFSeeker	36	21	400	2	0.631578947368421	0.3684210526315789	0.0525	0.09190371991247265	0.0525
positive	10GB	90%	Genion	8	3	400	2	0.7272727272727273	0.2727272727272727	0.0075	0.014598540145985401	0.0075
positive	10GB	90%	JAFFAL	32	24	400	2	0.5714285714285714	0.42857142857142855	0.06	0.10526315789473684	0.06
positive	10GB	90%	LongGF	32	4	400	2	0.8888888888888888	0.1111111111111111	0.01	0.01834862385321101	0.01
positive	10GB	95%	CTAT-LR-Fusion	67	51	400	2	0.5677966101694916	0.4322033898305085	0.1275	0.19691119691119693	0.1275
positive	10GB	95%	FusionSeeker	256	53	400	2	0.8284789644012945	0.1715210355987055	0.1325	0.14950634696755993	0.1325
positive	10GB	95%	GFSeeker	63	19	400	2	0.7682926829268293	0.23170731707317074	0.0475	0.07883817427385892	0.0475
positive	10GB	95%	Genion	6	4	400	2	0.6	0.4	0.01	0.01951219512195122	0.01
positive	10GB	95%	JAFFAL	57	40	400	2	0.5876288659793815	0.41237113402061853	0.1	0.16096579476861167	0.1
positive	10GB	95%	LongGF	34	6	400	2	0.85	0.15	0.015	0.027272727272727275	0.015
positive	1GB	85%	CTAT-LR-Fusion	1	0	187	2	1	0	0	NA	0
positive	1GB	85%	FusionSeeker	2	0	187	2	1	0	0	NA	0
positive	1GB	85%	Genion	1	0	187	2	1	0	0	NA	0
positive	1GB	90%	FusionSeeker	7	0	202	2	1	0	0	NA	0
positive	1GB	95%	CTAT-LR-Fusion	0	2	208	2	0	1	0.009615384615384616	0.01904761904761905	0.009615384615384616
positive	1GB	95%	FusionSeeker	11	1	208	2	0.9166666666666666	0.08333333333333333	0.004807692307692308	0.009090909090909092	0.004807692307692308
positive	1GB	95%	JAFFAL	0	1	208	2	0	1	0.004807692307692308	0.009569377990430623	0.004807692307692308
