control	depth	Sequence_Identity	Algorithm	False_Point	True_Point	Spiked_Number	FDR	Precision	Recall	F1	Sensitivity	minimum_read_support
positive	100GB	95%	FusionSeeker	1	0	400	1	0	0	NA	0	2177
positive	100GB	95%	FusionSeeker	1	0	400	1	0	0	NA	0	2176
positive	100GB	95%	FusionSeeker	1	0	400	1	0	0	NA	0	2175
positive	100GB	95%	FusionSeeker	1	0	400	1	0	0	NA	0	2174
positive	100GB	95%	FusionSeeker	1	0	400	1	0	0	NA	0	2173
positive	100GB	95%	FusionSeeker	1	0	400	1	0	0	NA	0	2172
positive	100GB	95%	FusionSeeker	1	0	400	1	0	0	NA	0	2171
positive	100GB	95%	FusionSeeker	1	0	400	1	0	0	NA	0	2170
positive	100GB	95%	FusionSeeker	1	0	400	1	0	0	NA	0	2169
positive	100GB	95%	FusionSeeker	1	0	400	1	0	0	NA	0	2168
positive	100GB	95%	FusionSeeker	1	0	400	1	0	0	NA	0	2167
positive	100GB	95%	FusionSeeker	1	0	400	1	0	0	NA	0	2166
positive	100GB	95%	FusionSeeker	1	0	400	1	0	0	NA	0	2165
positive	100GB	95%	FusionSeeker	1	0	400	1	0	0	NA	0	2164
positive	100GB	95%	FusionSeeker	1	0	400	1	0	0	NA	0	2163
positive	100GB	95%	FusionSeeker	1	0	400	1	0	0	NA	0	2162
positive	100GB	95%	FusionSeeker	1	0	400	1	0	0	NA	0	2161
positive	100GB	95%	FusionSeeker	1	0	400	1	0	0	NA	0	2160
positive	100GB	95%	FusionSeeker	1	0	400	1	0	0	NA	0	2159
positive	100GB	95%	FusionSeeker	1	0	400	1	0	0	NA	0	2158
positive	100GB	95%	FusionSeeker	1	0	400	1	0	0	NA	0	2157
positive	100GB	95%	FusionSeeker	1	0	400	1	0	0	NA	0	2156
positive	100GB	95%	FusionSeeker	1	0	400	1	0	0	NA	0	2155
positive	100GB	95%	FusionSeeker	1	0	400	1	0	0	NA	0	2154
positive	100GB	95%	FusionSeeker	1	0	400	1	0	0	NA	0	2153
positive	100GB	95%	FusionSeeker	1	0	400	1	0	0	NA	0	2152
positive	100GB	95%	FusionSeeker	1	0	400	1	0	0	NA	0	2151
positive	100GB	95%	FusionSeeker	1	0	400	1	0	0	NA	0	2150
positive	100GB	95%	FusionSeeker	1	0	400	1	0	0	NA	0	2149
positive	100GB	95%	FusionSeeker	1	0	400	1	0	0	NA	0	2148
positive	100GB	95%	FusionSeeker	1	0	400	1	0	0	NA	0	2147
positive	100GB	95%	FusionSeeker	1	0	400	1	0	0	NA	0	2146
positive	100GB	95%	FusionSeeker	1	0	400	1	0	0	NA	0	2145
positive	100GB	95%	FusionSeeker	1	0	400	1	0	0	NA	0	2144
positive	100GB	95%	FusionSeeker	1	0	400	1	0	0	NA	0	2143
positive	100GB	95%	FusionSeeker	1	0	400	1	0	0	NA	0	2142
positive	100GB	95%	FusionSeeker	1	0	400	1	0	0	NA	0	2141
positive	100GB	95%	FusionSeeker	1	0	400	1	0	0	NA	0	2140
positive	100GB	95%	FusionSeeker	1	0	400	1	0	0	NA	0	2139
positive	100GB	95%	FusionSeeker	1	0	400	1	0	0	NA	0	2138
positive	100GB	95%	FusionSeeker	1	0	400	1	0	0	NA	0	2137
positive	100GB	95%	FusionSeeker	1	0	400	1	0	0	NA	0	2136
positive	100GB	95%	FusionSeeker	1	0	400	1	0	0	NA	0	2135
positive	100GB	95%	FusionSeeker	1	0	400	1	0	0	NA	0	2134
positive	100GB	95%	FusionSeeker	1	0	400	1	0	0	NA	0	2133
positive	100GB	95%	FusionSeeker	1	0	400	1	0	0	NA	0	2132
positive	100GB	95%	FusionSeeker	1	0	400	1	0	0	NA	0	2131
positive	100GB	95%	FusionSeeker	1	0	400	1	0	0	NA	0	2130
positive	100GB	95%	FusionSeeker	1	0	400	1	0	0	NA	0	2129
positive	100GB	95%	FusionSeeker	1	0	400	1	0	0	NA	0	2128
positive	100GB	95%	FusionSeeker	1	0	400	1	0	0	NA	0	2127
positive	100GB	95%	FusionSeeker	1	0	400	1	0	0	NA	0	2126
positive	100GB	95%	FusionSeeker	1	0	400	1	0	0	NA	0	2125
positive	100GB	95%	FusionSeeker	1	0	400	1	0	0	NA	0	2124
positive	100GB	95%	FusionSeeker	1	0	400	1	0	0	NA	0	2123
positive	100GB	95%	FusionSeeker	1	0	400	1	0	0	NA	0	2122
positive	100GB	95%	FusionSeeker	1	0	400	1	0	0	NA	0	2121
positive	100GB	95%	FusionSeeker	1	0	400	1	0	0	NA	0	2120
positive	100GB	95%	FusionSeeker	1	0	400	1	0	0	NA	0	2119
positive	100GB	95%	FusionSeeker	1	0	400	1	0	0	NA	0	2118
positive	100GB	95%	FusionSeeker	1	0	400	1	0	0	NA	0	2117
positive	100GB	95%	FusionSeeker	1	0	400	1	0	0	NA	0	2116
positive	100GB	95%	FusionSeeker	1	0	400	1	0	0	NA	0	2115
positive	100GB	95%	FusionSeeker	1	0	400	1	0	0	NA	0	2114
positive	100GB	95%	FusionSeeker	1	0	400	1	0	0	NA	0	2113
positive	100GB	95%	FusionSeeker	1	0	400	1	0	0	NA	0	2112
positive	100GB	95%	FusionSeeker	1	0	400	1	0	0	NA	0	2111
positive	100GB	95%	FusionSeeker	1	0	400	1	0	0	NA	0	2110
positive	100GB	95%	FusionSeeker	1	0	400	1	0	0	NA	0	2109
positive	100GB	95%	FusionSeeker	1	0	400	1	0	0	NA	0	2108
positive	100GB	95%	FusionSeeker	1	0	400	1	0	0	NA	0	2107
positive	100GB	95%	FusionSeeker	1	0	400	1	0	0	NA	0	2106
positive	100GB	95%	FusionSeeker	1	0	400	1	0	0	NA	0	2105
positive	100GB	95%	FusionSeeker	1	0	400	1	0	0	NA	0	2104
positive	100GB	95%	FusionSeeker	1	0	400	1	0	0	NA	0	2103
positive	100GB	95%	FusionSeeker	1	0	400	1	0	0	NA	0	2102
positive	100GB	95%	FusionSeeker	1	0	400	1	0	0	NA	0	2101
positive	100GB	95%	FusionSeeker	1	0	400	1	0	0	NA	0	2100
positive	100GB	95%	FusionSeeker	1	0	400	1	0	0	NA	0	2099
positive	100GB	95%	FusionSeeker	1	0	400	1	0	0	NA	0	2098
positive	100GB	95%	FusionSeeker	1	0	400	1	0	0	NA	0	2097
positive	100GB	95%	FusionSeeker	1	0	400	1	0	0	NA	0	2096
positive	100GB	95%	FusionSeeker	1	0	400	1	0	0	NA	0	2095
positive	100GB	95%	FusionSeeker	1	0	400	1	0	0	NA	0	2094
positive	100GB	95%	FusionSeeker	1	0	400	1	0	0	NA	0	2093
positive	100GB	95%	FusionSeeker	1	0	400	1	0	0	NA	0	2092
positive	100GB	95%	FusionSeeker	1	0	400	1	0	0	NA	0	2091
positive	100GB	95%	FusionSeeker	1	0	400	1	0	0	NA	0	2090
positive	100GB	95%	FusionSeeker	1	0	400	1	0	0	NA	0	2089
positive	100GB	95%	FusionSeeker	1	0	400	1	0	0	NA	0	2088
positive	100GB	95%	FusionSeeker	1	0	400	1	0	0	NA	0	2087
positive	100GB	95%	FusionSeeker	1	0	400	1	0	0	NA	0	2086
positive	100GB	95%	FusionSeeker	1	0	400	1	0	0	NA	0	2085
positive	100GB	95%	FusionSeeker	1	0	400	1	0	0	NA	0	2084
positive	100GB	95%	FusionSeeker	1	0	400	1	0	0	NA	0	2083
positive	100GB	95%	FusionSeeker	1	0	400	1	0	0	NA	0	2082
positive	100GB	95%	FusionSeeker	1	0	400	1	0	0	NA	0	2081
positive	100GB	95%	FusionSeeker	1	0	400	1	0	0	NA	0	2080
positive	100GB	95%	FusionSeeker	1	0	400	1	0	0	NA	0	2079
positive	100GB	95%	FusionSeeker	1	0	400	1	0	0	NA	0	2078
positive	100GB	95%	FusionSeeker	1	0	400	1	0	0	NA	0	2077
positive	100GB	95%	FusionSeeker	1	0	400	1	0	0	NA	0	2076
positive	100GB	95%	FusionSeeker	1	0	400	1	0	0	NA	0	2075
positive	100GB	95%	FusionSeeker	1	0	400	1	0	0	NA	0	2074
positive	100GB	95%	FusionSeeker	1	0	400	1	0	0	NA	0	2073
positive	100GB	95%	FusionSeeker	1	0	400	1	0	0	NA	0	2072
positive	100GB	95%	FusionSeeker	1	0	400	1	0	0	NA	0	2071
positive	100GB	95%	FusionSeeker	1	0	400	1	0	0	NA	0	2070
positive	100GB	95%	FusionSeeker	1	0	400	1	0	0	NA	0	2069
positive	100GB	95%	FusionSeeker	1	0	400	1	0	0	NA	0	2068
positive	100GB	95%	FusionSeeker	1	0	400	1	0	0	NA	0	2067
positive	100GB	95%	FusionSeeker	1	0	400	1	0	0	NA	0	2066
positive	100GB	95%	FusionSeeker	1	0	400	1	0	0	NA	0	2065
positive	100GB	95%	FusionSeeker	1	0	400	1	0	0	NA	0	2064
positive	100GB	95%	FusionSeeker	1	0	400	1	0	0	NA	0	2063
positive	100GB	95%	FusionSeeker	1	0	400	1	0	0	NA	0	2062
positive	100GB	95%	FusionSeeker	1	0	400	1	0	0	NA	0	2061
positive	100GB	95%	FusionSeeker	1	0	400	1	0	0	NA	0	2060
positive	100GB	95%	FusionSeeker	1	0	400	1	0	0	NA	0	2059
positive	100GB	95%	FusionSeeker	1	0	400	1	0	0	NA	0	2058
positive	100GB	95%	FusionSeeker	1	0	400	1	0	0	NA	0	2057
positive	100GB	95%	FusionSeeker	1	0	400	1	0	0	NA	0	2056
positive	100GB	95%	FusionSeeker	1	0	400	1	0	0	NA	0	2055
positive	100GB	95%	FusionSeeker	1	0	400	1	0	0	NA	0	2054
positive	100GB	95%	FusionSeeker	1	0	400	1	0	0	NA	0	2053
positive	100GB	95%	FusionSeeker	1	0	400	1	0	0	NA	0	2052
positive	100GB	95%	FusionSeeker	1	0	400	1	0	0	NA	0	2051
positive	100GB	95%	FusionSeeker	1	0	400	1	0	0	NA	0	2050
positive	100GB	95%	FusionSeeker	1	0	400	1	0	0	NA	0	2049
positive	100GB	95%	FusionSeeker	1	0	400	1	0	0	NA	0	2048
positive	100GB	95%	FusionSeeker	1	0	400	1	0	0	NA	0	2047
positive	100GB	95%	FusionSeeker	1	0	400	1	0	0	NA	0	2046
positive	100GB	95%	FusionSeeker	1	0	400	1	0	0	NA	0	2045
positive	100GB	90%	FusionSeeker	1	0	400	1	0	0	NA	0	2044
positive	100GB	95%	FusionSeeker	1	0	400	1	0	0	NA	0	2044
positive	100GB	90%	FusionSeeker	1	0	400	1	0	0	NA	0	2043
positive	100GB	95%	FusionSeeker	1	0	400	1	0	0	NA	0	2043
positive	100GB	90%	FusionSeeker	1	0	400	1	0	0	NA	0	2042
positive	100GB	95%	FusionSeeker	1	0	400	1	0	0	NA	0	2042
positive	100GB	90%	FusionSeeker	1	0	400	1	0	0	NA	0	2041
positive	100GB	95%	FusionSeeker	1	0	400	1	0	0	NA	0	2041
positive	100GB	90%	FusionSeeker	1	0	400	1	0	0	NA	0	2040
positive	100GB	95%	FusionSeeker	1	0	400	1	0	0	NA	0	2040
positive	100GB	90%	FusionSeeker	1	0	400	1	0	0	NA	0	2039
positive	100GB	95%	FusionSeeker	1	0	400	1	0	0	NA	0	2039
positive	100GB	90%	FusionSeeker	1	0	400	1	0	0	NA	0	2038
positive	100GB	95%	FusionSeeker	1	0	400	1	0	0	NA	0	2038
positive	100GB	90%	FusionSeeker	1	0	400	1	0	0	NA	0	2037
positive	100GB	95%	FusionSeeker	1	0	400	1	0	0	NA	0	2037
positive	100GB	90%	FusionSeeker	1	0	400	1	0	0	NA	0	2036
positive	100GB	95%	FusionSeeker	1	0	400	1	0	0	NA	0	2036
positive	100GB	90%	FusionSeeker	1	0	400	1	0	0	NA	0	2035
positive	100GB	95%	FusionSeeker	1	0	400	1	0	0	NA	0	2035
positive	100GB	90%	FusionSeeker	1	0	400	1	0	0	NA	0	2034
positive	100GB	95%	FusionSeeker	1	0	400	1	0	0	NA	0	2034
positive	100GB	90%	FusionSeeker	1	0	400	1	0	0	NA	0	2033
positive	100GB	95%	FusionSeeker	1	0	400	1	0	0	NA	0	2033
positive	100GB	90%	FusionSeeker	1	0	400	1	0	0	NA	0	2032
positive	100GB	95%	FusionSeeker	1	0	400	1	0	0	NA	0	2032
positive	100GB	90%	FusionSeeker	1	0	400	1	0	0	NA	0	2031
positive	100GB	95%	FusionSeeker	1	0	400	1	0	0	NA	0	2031
positive	100GB	90%	FusionSeeker	1	0	400	1	0	0	NA	0	2030
positive	100GB	95%	FusionSeeker	1	0	400	1	0	0	NA	0	2030
positive	100GB	90%	FusionSeeker	1	0	400	1	0	0	NA	0	2029
positive	100GB	95%	FusionSeeker	1	0	400	1	0	0	NA	0	2029
positive	100GB	90%	FusionSeeker	1	0	400	1	0	0	NA	0	2028
positive	100GB	95%	FusionSeeker	1	0	400	1	0	0	NA	0	2028
positive	100GB	90%	FusionSeeker	1	0	400	1	0	0	NA	0	2027
positive	100GB	95%	FusionSeeker	1	0	400	1	0	0	NA	0	2027
positive	100GB	90%	FusionSeeker	1	0	400	1	0	0	NA	0	2026
positive	100GB	95%	FusionSeeker	1	0	400	1	0	0	NA	0	2026
positive	100GB	90%	FusionSeeker	1	0	400	1	0	0	NA	0	2025
positive	100GB	95%	FusionSeeker	1	0	400	1	0	0	NA	0	2025
positive	100GB	90%	FusionSeeker	1	0	400	1	0	0	NA	0	2024
positive	100GB	95%	FusionSeeker	1	0	400	1	0	0	NA	0	2024
positive	100GB	90%	FusionSeeker	1	0	400	1	0	0	NA	0	2023
positive	100GB	95%	FusionSeeker	1	0	400	1	0	0	NA	0	2023
positive	100GB	90%	FusionSeeker	1	0	400	1	0	0	NA	0	2022
positive	100GB	95%	FusionSeeker	1	0	400	1	0	0	NA	0	2022
positive	100GB	90%	FusionSeeker	1	0	400	1	0	0	NA	0	2021
positive	100GB	95%	FusionSeeker	1	0	400	1	0	0	NA	0	2021
positive	100GB	90%	FusionSeeker	1	0	400	1	0	0	NA	0	2020
positive	100GB	95%	FusionSeeker	1	0	400	1	0	0	NA	0	2020
positive	100GB	90%	FusionSeeker	1	0	400	1	0	0	NA	0	2019
positive	100GB	95%	FusionSeeker	1	0	400	1	0	0	NA	0	2019
positive	100GB	90%	FusionSeeker	1	0	400	1	0	0	NA	0	2018
positive	100GB	95%	FusionSeeker	1	0	400	1	0	0	NA	0	2018
positive	100GB	90%	FusionSeeker	1	0	400	1	0	0	NA	0	2017
positive	100GB	95%	FusionSeeker	1	0	400	1	0	0	NA	0	2017
positive	100GB	90%	FusionSeeker	1	0	400	1	0	0	NA	0	2016
positive	100GB	95%	FusionSeeker	1	0	400	1	0	0	NA	0	2016
positive	100GB	90%	FusionSeeker	1	0	400	1	0	0	NA	0	2015
positive	100GB	95%	FusionSeeker	1	0	400	1	0	0	NA	0	2015
positive	100GB	90%	FusionSeeker	1	0	400	1	0	0	NA	0	2014
positive	100GB	95%	FusionSeeker	1	0	400	1	0	0	NA	0	2014
positive	100GB	90%	FusionSeeker	1	0	400	1	0	0	NA	0	2013
positive	100GB	95%	FusionSeeker	1	0	400	1	0	0	NA	0	2013
positive	100GB	90%	FusionSeeker	1	0	400	1	0	0	NA	0	2012
positive	100GB	95%	FusionSeeker	1	0	400	1	0	0	NA	0	2012
positive	100GB	90%	FusionSeeker	1	0	400	1	0	0	NA	0	2011
positive	100GB	95%	FusionSeeker	1	0	400	1	0	0	NA	0	2011
positive	100GB	90%	FusionSeeker	1	0	400	1	0	0	NA	0	2010
positive	100GB	95%	FusionSeeker	1	0	400	1	0	0	NA	0	2010
positive	100GB	90%	FusionSeeker	1	0	400	1	0	0	NA	0	2009
positive	100GB	95%	FusionSeeker	1	0	400	1	0	0	NA	0	2009
positive	100GB	90%	FusionSeeker	1	0	400	1	0	0	NA	0	2008
positive	100GB	95%	FusionSeeker	1	0	400	1	0	0	NA	0	2008
positive	100GB	90%	FusionSeeker	1	0	400	1	0	0	NA	0	2007
positive	100GB	95%	FusionSeeker	1	0	400	1	0	0	NA	0	2007
positive	100GB	90%	FusionSeeker	1	0	400	1	0	0	NA	0	2006
positive	100GB	95%	FusionSeeker	1	0	400	1	0	0	NA	0	2006
positive	100GB	90%	FusionSeeker	1	0	400	1	0	0	NA	0	2005
positive	100GB	95%	FusionSeeker	1	0	400	1	0	0	NA	0	2005
positive	100GB	90%	FusionSeeker	1	0	400	1	0	0	NA	0	2004
positive	100GB	95%	FusionSeeker	1	0	400	1	0	0	NA	0	2004
positive	100GB	90%	FusionSeeker	1	0	400	1	0	0	NA	0	2003
positive	100GB	95%	FusionSeeker	1	0	400	1	0	0	NA	0	2003
positive	100GB	90%	FusionSeeker	1	0	400	1	0	0	NA	0	2002
positive	100GB	95%	FusionSeeker	1	0	400	1	0	0	NA	0	2002
positive	100GB	90%	FusionSeeker	1	0	400	1	0	0	NA	0	2001
positive	100GB	95%	FusionSeeker	1	0	400	1	0	0	NA	0	2001
positive	100GB	90%	FusionSeeker	1	0	400	1	0	0	NA	0	2000
positive	100GB	95%	FusionSeeker	1	0	400	1	0	0	NA	0	2000
positive	100GB	90%	FusionSeeker	1	0	400	1	0	0	NA	0	1999
positive	100GB	95%	FusionSeeker	1	0	400	1	0	0	NA	0	1999
positive	100GB	90%	FusionSeeker	1	0	400	1	0	0	NA	0	1998
positive	100GB	95%	FusionSeeker	1	0	400	1	0	0	NA	0	1998
positive	100GB	90%	FusionSeeker	1	0	400	1	0	0	NA	0	1997
positive	100GB	95%	FusionSeeker	1	0	400	1	0	0	NA	0	1997
positive	100GB	90%	FusionSeeker	1	0	400	1	0	0	NA	0	1996
positive	100GB	95%	FusionSeeker	1	0	400	1	0	0	NA	0	1996
positive	100GB	90%	FusionSeeker	1	0	400	1	0	0	NA	0	1995
positive	100GB	95%	FusionSeeker	1	0	400	1	0	0	NA	0	1995
positive	100GB	90%	FusionSeeker	1	0	400	1	0	0	NA	0	1994
positive	100GB	95%	FusionSeeker	1	0	400	1	0	0	NA	0	1994
positive	100GB	90%	FusionSeeker	1	0	400	1	0	0	NA	0	1993
positive	100GB	95%	FusionSeeker	1	0	400	1	0	0	NA	0	1993
positive	100GB	90%	FusionSeeker	1	0	400	1	0	0	NA	0	1992
positive	100GB	95%	FusionSeeker	1	0	400	1	0	0	NA	0	1992
positive	100GB	90%	FusionSeeker	1	0	400	1	0	0	NA	0	1991
positive	100GB	95%	FusionSeeker	1	0	400	1	0	0	NA	0	1991
positive	100GB	90%	FusionSeeker	1	0	400	1	0	0	NA	0	1990
positive	100GB	95%	FusionSeeker	1	0	400	1	0	0	NA	0	1990
positive	100GB	90%	FusionSeeker	1	0	400	1	0	0	NA	0	1989
positive	100GB	95%	FusionSeeker	1	0	400	1	0	0	NA	0	1989
positive	100GB	90%	FusionSeeker	1	0	400	1	0	0	NA	0	1988
positive	100GB	95%	FusionSeeker	1	0	400	1	0	0	NA	0	1988
positive	100GB	90%	FusionSeeker	1	0	400	1	0	0	NA	0	1987
positive	100GB	95%	FusionSeeker	1	0	400	1	0	0	NA	0	1987
positive	100GB	90%	FusionSeeker	1	0	400	1	0	0	NA	0	1986
positive	100GB	95%	FusionSeeker	1	0	400	1	0	0	NA	0	1986
positive	100GB	90%	FusionSeeker	1	0	400	1	0	0	NA	0	1985
positive	100GB	95%	FusionSeeker	1	0	400	1	0	0	NA	0	1985
positive	100GB	90%	FusionSeeker	1	0	400	1	0	0	NA	0	1984
positive	100GB	95%	FusionSeeker	1	0	400	1	0	0	NA	0	1984
positive	100GB	90%	FusionSeeker	1	0	400	1	0	0	NA	0	1983
positive	100GB	95%	FusionSeeker	1	0	400	1	0	0	NA	0	1983
positive	100GB	90%	FusionSeeker	1	0	400	1	0	0	NA	0	1982
positive	100GB	95%	FusionSeeker	1	0	400	1	0	0	NA	0	1982
positive	100GB	90%	FusionSeeker	1	0	400	1	0	0	NA	0	1981
positive	100GB	95%	FusionSeeker	1	0	400	1	0	0	NA	0	1981
positive	100GB	90%	FusionSeeker	1	0	400	1	0	0	NA	0	1980
positive	100GB	95%	FusionSeeker	1	0	400	1	0	0	NA	0	1980
positive	100GB	90%	FusionSeeker	1	0	400	1	0	0	NA	0	1979
positive	100GB	95%	FusionSeeker	1	0	400	1	0	0	NA	0	1979
positive	100GB	90%	FusionSeeker	1	0	400	1	0	0	NA	0	1978
positive	100GB	95%	FusionSeeker	1	0	400	1	0	0	NA	0	1978
positive	100GB	90%	FusionSeeker	1	0	400	1	0	0	NA	0	1977
positive	100GB	95%	FusionSeeker	1	0	400	1	0	0	NA	0	1977
positive	100GB	90%	FusionSeeker	1	0	400	1	0	0	NA	0	1976
positive	100GB	95%	FusionSeeker	1	0	400	1	0	0	NA	0	1976
positive	100GB	90%	FusionSeeker	1	0	400	1	0	0	NA	0	1975
positive	100GB	95%	FusionSeeker	1	0	400	1	0	0	NA	0	1975
positive	100GB	90%	FusionSeeker	1	0	400	1	0	0	NA	0	1974
positive	100GB	95%	FusionSeeker	1	0	400	1	0	0	NA	0	1974
positive	100GB	90%	FusionSeeker	1	0	400	1	0	0	NA	0	1973
positive	100GB	95%	FusionSeeker	1	0	400	1	0	0	NA	0	1973
positive	100GB	90%	FusionSeeker	1	0	400	1	0	0	NA	0	1972
positive	100GB	95%	FusionSeeker	1	0	400	1	0	0	NA	0	1972
positive	100GB	90%	FusionSeeker	1	0	400	1	0	0	NA	0	1971
positive	100GB	95%	FusionSeeker	1	0	400	1	0	0	NA	0	1971
positive	100GB	90%	FusionSeeker	1	0	400	1	0	0	NA	0	1970
positive	100GB	95%	FusionSeeker	1	0	400	1	0	0	NA	0	1970
positive	100GB	90%	FusionSeeker	1	0	400	1	0	0	NA	0	1969
positive	100GB	95%	FusionSeeker	1	0	400	1	0	0	NA	0	1969
positive	100GB	90%	FusionSeeker	1	0	400	1	0	0	NA	0	1968
positive	100GB	95%	FusionSeeker	1	0	400	1	0	0	NA	0	1968
positive	100GB	90%	FusionSeeker	1	0	400	1	0	0	NA	0	1967
positive	100GB	95%	FusionSeeker	1	0	400	1	0	0	NA	0	1967
positive	100GB	90%	FusionSeeker	1	0	400	1	0	0	NA	0	1966
positive	100GB	95%	FusionSeeker	1	0	400	1	0	0	NA	0	1966
positive	100GB	90%	FusionSeeker	1	0	400	1	0	0	NA	0	1965
positive	100GB	95%	FusionSeeker	1	0	400	1	0	0	NA	0	1965
positive	100GB	90%	FusionSeeker	1	0	400	1	0	0	NA	0	1964
positive	100GB	95%	FusionSeeker	1	0	400	1	0	0	NA	0	1964
positive	100GB	90%	FusionSeeker	1	0	400	1	0	0	NA	0	1963
positive	100GB	95%	FusionSeeker	1	0	400	1	0	0	NA	0	1963
positive	100GB	90%	FusionSeeker	1	0	400	1	0	0	NA	0	1962
positive	100GB	95%	FusionSeeker	1	0	400	1	0	0	NA	0	1962
positive	100GB	90%	FusionSeeker	1	0	400	1	0	0	NA	0	1961
positive	100GB	95%	FusionSeeker	1	0	400	1	0	0	NA	0	1961
positive	100GB	90%	FusionSeeker	1	0	400	1	0	0	NA	0	1960
positive	100GB	95%	FusionSeeker	1	0	400	1	0	0	NA	0	1960
positive	100GB	90%	FusionSeeker	1	0	400	1	0	0	NA	0	1959
positive	100GB	95%	FusionSeeker	1	0	400	1	0	0	NA	0	1959
positive	100GB	90%	FusionSeeker	1	0	400	1	0	0	NA	0	1958
positive	100GB	95%	FusionSeeker	1	0	400	1	0	0	NA	0	1958
positive	100GB	90%	FusionSeeker	1	0	400	1	0	0	NA	0	1957
positive	100GB	95%	FusionSeeker	1	0	400	1	0	0	NA	0	1957
positive	100GB	90%	FusionSeeker	1	0	400	1	0	0	NA	0	1956
positive	100GB	95%	FusionSeeker	1	0	400	1	0	0	NA	0	1956
positive	100GB	90%	FusionSeeker	1	0	400	1	0	0	NA	0	1955
positive	100GB	95%	FusionSeeker	1	0	400	1	0	0	NA	0	1955
positive	100GB	90%	FusionSeeker	1	0	400	1	0	0	NA	0	1954
positive	100GB	95%	FusionSeeker	1	0	400	1	0	0	NA	0	1954
positive	100GB	90%	FusionSeeker	1	0	400	1	0	0	NA	0	1953
positive	100GB	95%	FusionSeeker	1	0	400	1	0	0	NA	0	1953
positive	100GB	90%	FusionSeeker	1	0	400	1	0	0	NA	0	1952
positive	100GB	95%	FusionSeeker	1	0	400	1	0	0	NA	0	1952
positive	100GB	90%	FusionSeeker	1	0	400	1	0	0	NA	0	1951
positive	100GB	95%	FusionSeeker	1	0	400	1	0	0	NA	0	1951
positive	100GB	90%	FusionSeeker	1	0	400	1	0	0	NA	0	1950
positive	100GB	95%	FusionSeeker	1	0	400	1	0	0	NA	0	1950
positive	100GB	90%	FusionSeeker	1	0	400	1	0	0	NA	0	1949
positive	100GB	95%	FusionSeeker	1	0	400	1	0	0	NA	0	1949
positive	100GB	90%	FusionSeeker	1	0	400	1	0	0	NA	0	1948
positive	100GB	95%	FusionSeeker	1	0	400	1	0	0	NA	0	1948
positive	100GB	90%	FusionSeeker	1	0	400	1	0	0	NA	0	1947
positive	100GB	95%	FusionSeeker	1	0	400	1	0	0	NA	0	1947
positive	100GB	90%	FusionSeeker	1	0	400	1	0	0	NA	0	1946
positive	100GB	95%	FusionSeeker	1	0	400	1	0	0	NA	0	1946
positive	100GB	90%	FusionSeeker	1	0	400	1	0	0	NA	0	1945
positive	100GB	95%	FusionSeeker	1	0	400	1	0	0	NA	0	1945
positive	100GB	90%	FusionSeeker	1	0	400	1	0	0	NA	0	1944
positive	100GB	95%	FusionSeeker	1	0	400	1	0	0	NA	0	1944
positive	100GB	90%	FusionSeeker	1	0	400	1	0	0	NA	0	1943
positive	100GB	95%	FusionSeeker	1	0	400	1	0	0	NA	0	1943
positive	100GB	90%	FusionSeeker	1	0	400	1	0	0	NA	0	1942
positive	100GB	95%	FusionSeeker	1	0	400	1	0	0	NA	0	1942
positive	100GB	90%	FusionSeeker	1	0	400	1	0	0	NA	0	1941
positive	100GB	95%	FusionSeeker	1	0	400	1	0	0	NA	0	1941
positive	100GB	90%	FusionSeeker	1	0	400	1	0	0	NA	0	1940
positive	100GB	95%	FusionSeeker	1	0	400	1	0	0	NA	0	1940
positive	100GB	90%	FusionSeeker	1	0	400	1	0	0	NA	0	1939
positive	100GB	95%	FusionSeeker	1	0	400	1	0	0	NA	0	1939
positive	100GB	90%	FusionSeeker	1	0	400	1	0	0	NA	0	1938
positive	100GB	95%	FusionSeeker	1	0	400	1	0	0	NA	0	1938
positive	100GB	90%	FusionSeeker	1	0	400	1	0	0	NA	0	1937
positive	100GB	95%	FusionSeeker	1	0	400	1	0	0	NA	0	1937
positive	100GB	90%	FusionSeeker	1	0	400	1	0	0	NA	0	1936
positive	100GB	95%	FusionSeeker	1	0	400	1	0	0	NA	0	1936
positive	100GB	90%	FusionSeeker	1	0	400	1	0	0	NA	0	1935
positive	100GB	95%	FusionSeeker	1	0	400	1	0	0	NA	0	1935
positive	100GB	90%	FusionSeeker	1	0	400	1	0	0	NA	0	1934
positive	100GB	95%	FusionSeeker	1	0	400	1	0	0	NA	0	1934
positive	100GB	90%	FusionSeeker	1	0	400	1	0	0	NA	0	1933
positive	100GB	95%	FusionSeeker	1	0	400	1	0	0	NA	0	1933
positive	100GB	90%	FusionSeeker	1	0	400	1	0	0	NA	0	1932
positive	100GB	95%	FusionSeeker	1	0	400	1	0	0	NA	0	1932
positive	100GB	90%	FusionSeeker	1	0	400	1	0	0	NA	0	1931
positive	100GB	95%	FusionSeeker	1	0	400	1	0	0	NA	0	1931
positive	100GB	90%	FusionSeeker	1	0	400	1	0	0	NA	0	1930
positive	100GB	95%	FusionSeeker	1	0	400	1	0	0	NA	0	1930
positive	100GB	90%	FusionSeeker	1	0	400	1	0	0	NA	0	1929
positive	100GB	95%	FusionSeeker	1	0	400	1	0	0	NA	0	1929
positive	100GB	90%	FusionSeeker	1	0	400	1	0	0	NA	0	1928
positive	100GB	95%	FusionSeeker	1	0	400	1	0	0	NA	0	1928
positive	100GB	90%	FusionSeeker	1	0	400	1	0	0	NA	0	1927
positive	100GB	95%	FusionSeeker	1	0	400	1	0	0	NA	0	1927
positive	100GB	90%	FusionSeeker	1	0	400	1	0	0	NA	0	1926
positive	100GB	95%	FusionSeeker	1	0	400	1	0	0	NA	0	1926
positive	100GB	90%	FusionSeeker	1	0	400	1	0	0	NA	0	1925
positive	100GB	95%	FusionSeeker	1	0	400	1	0	0	NA	0	1925
positive	100GB	90%	FusionSeeker	1	0	400	1	0	0	NA	0	1924
positive	100GB	95%	FusionSeeker	1	0	400	1	0	0	NA	0	1924
positive	100GB	90%	FusionSeeker	1	0	400	1	0	0	NA	0	1923
positive	100GB	95%	FusionSeeker	1	0	400	1	0	0	NA	0	1923
positive	100GB	90%	FusionSeeker	1	0	400	1	0	0	NA	0	1922
positive	100GB	95%	FusionSeeker	1	0	400	1	0	0	NA	0	1922
positive	100GB	90%	FusionSeeker	1	0	400	1	0	0	NA	0	1921
positive	100GB	95%	FusionSeeker	1	0	400	1	0	0	NA	0	1921
positive	100GB	90%	FusionSeeker	1	0	400	1	0	0	NA	0	1920
positive	100GB	95%	FusionSeeker	1	0	400	1	0	0	NA	0	1920
positive	100GB	90%	FusionSeeker	1	0	400	1	0	0	NA	0	1919
positive	100GB	95%	FusionSeeker	1	0	400	1	0	0	NA	0	1919
positive	100GB	90%	FusionSeeker	1	0	400	1	0	0	NA	0	1918
positive	100GB	95%	FusionSeeker	1	0	400	1	0	0	NA	0	1918
positive	100GB	90%	FusionSeeker	1	0	400	1	0	0	NA	0	1917
positive	100GB	95%	FusionSeeker	1	0	400	1	0	0	NA	0	1917
positive	100GB	90%	FusionSeeker	1	0	400	1	0	0	NA	0	1916
positive	100GB	95%	FusionSeeker	1	0	400	1	0	0	NA	0	1916
positive	100GB	90%	FusionSeeker	1	0	400	1	0	0	NA	0	1915
positive	100GB	95%	FusionSeeker	1	0	400	1	0	0	NA	0	1915
positive	100GB	90%	FusionSeeker	1	0	400	1	0	0	NA	0	1914
positive	100GB	95%	FusionSeeker	1	0	400	1	0	0	NA	0	1914
positive	100GB	90%	FusionSeeker	1	0	400	1	0	0	NA	0	1913
positive	100GB	95%	FusionSeeker	1	0	400	1	0	0	NA	0	1913
positive	100GB	90%	FusionSeeker	1	0	400	1	0	0	NA	0	1912
positive	100GB	95%	FusionSeeker	1	0	400	1	0	0	NA	0	1912
positive	100GB	90%	FusionSeeker	1	0	400	1	0	0	NA	0	1911
positive	100GB	95%	FusionSeeker	1	0	400	1	0	0	NA	0	1911
positive	100GB	90%	FusionSeeker	1	0	400	1	0	0	NA	0	1910
positive	100GB	95%	FusionSeeker	1	0	400	1	0	0	NA	0	1910
positive	100GB	90%	FusionSeeker	1	0	400	1	0	0	NA	0	1909
positive	100GB	95%	FusionSeeker	1	0	400	1	0	0	NA	0	1909
positive	100GB	90%	FusionSeeker	1	0	400	1	0	0	NA	0	1908
positive	100GB	95%	FusionSeeker	1	0	400	1	0	0	NA	0	1908
positive	100GB	90%	FusionSeeker	1	0	400	1	0	0	NA	0	1907
positive	100GB	95%	FusionSeeker	1	0	400	1	0	0	NA	0	1907
positive	100GB	90%	FusionSeeker	1	0	400	1	0	0	NA	0	1906
positive	100GB	95%	FusionSeeker	1	0	400	1	0	0	NA	0	1906
positive	100GB	90%	FusionSeeker	1	0	400	1	0	0	NA	0	1905
positive	100GB	95%	FusionSeeker	1	0	400	1	0	0	NA	0	1905
positive	100GB	90%	FusionSeeker	1	0	400	1	0	0	NA	0	1904
positive	100GB	95%	FusionSeeker	1	0	400	1	0	0	NA	0	1904
positive	100GB	90%	FusionSeeker	1	0	400	1	0	0	NA	0	1903
positive	100GB	95%	FusionSeeker	1	0	400	1	0	0	NA	0	1903
positive	100GB	90%	FusionSeeker	1	0	400	1	0	0	NA	0	1902
positive	100GB	95%	FusionSeeker	1	0	400	1	0	0	NA	0	1902
positive	100GB	90%	FusionSeeker	1	0	400	1	0	0	NA	0	1901
positive	100GB	95%	FusionSeeker	1	0	400	1	0	0	NA	0	1901
positive	100GB	90%	FusionSeeker	1	0	400	1	0	0	NA	0	1900
positive	100GB	95%	FusionSeeker	1	0	400	1	0	0	NA	0	1900
positive	100GB	90%	FusionSeeker	1	0	400	1	0	0	NA	0	1899
positive	100GB	95%	FusionSeeker	1	0	400	1	0	0	NA	0	1899
positive	100GB	90%	FusionSeeker	1	0	400	1	0	0	NA	0	1898
positive	100GB	95%	FusionSeeker	1	0	400	1	0	0	NA	0	1898
positive	100GB	90%	FusionSeeker	1	0	400	1	0	0	NA	0	1897
positive	100GB	95%	FusionSeeker	1	0	400	1	0	0	NA	0	1897
positive	100GB	90%	FusionSeeker	1	0	400	1	0	0	NA	0	1896
positive	100GB	95%	FusionSeeker	1	0	400	1	0	0	NA	0	1896
positive	100GB	90%	FusionSeeker	1	0	400	1	0	0	NA	0	1895
positive	100GB	95%	FusionSeeker	1	0	400	1	0	0	NA	0	1895
positive	100GB	90%	FusionSeeker	1	0	400	1	0	0	NA	0	1894
positive	100GB	95%	FusionSeeker	1	0	400	1	0	0	NA	0	1894
positive	100GB	90%	FusionSeeker	1	0	400	1	0	0	NA	0	1893
positive	100GB	95%	FusionSeeker	1	0	400	1	0	0	NA	0	1893
positive	100GB	90%	FusionSeeker	1	0	400	1	0	0	NA	0	1892
positive	100GB	95%	FusionSeeker	1	0	400	1	0	0	NA	0	1892
positive	100GB	90%	FusionSeeker	1	0	400	1	0	0	NA	0	1891
positive	100GB	95%	FusionSeeker	1	0	400	1	0	0	NA	0	1891
positive	100GB	90%	FusionSeeker	1	0	400	1	0	0	NA	0	1890
positive	100GB	95%	FusionSeeker	1	0	400	1	0	0	NA	0	1890
positive	100GB	90%	FusionSeeker	1	0	400	1	0	0	NA	0	1889
positive	100GB	95%	FusionSeeker	1	0	400	1	0	0	NA	0	1889
positive	100GB	90%	FusionSeeker	1	0	400	1	0	0	NA	0	1888
positive	100GB	95%	FusionSeeker	1	0	400	1	0	0	NA	0	1888
positive	100GB	90%	FusionSeeker	1	0	400	1	0	0	NA	0	1887
positive	100GB	95%	FusionSeeker	1	0	400	1	0	0	NA	0	1887
positive	100GB	90%	FusionSeeker	1	0	400	1	0	0	NA	0	1886
positive	100GB	95%	FusionSeeker	1	0	400	1	0	0	NA	0	1886
positive	100GB	90%	FusionSeeker	1	0	400	1	0	0	NA	0	1885
positive	100GB	95%	FusionSeeker	1	0	400	1	0	0	NA	0	1885
positive	100GB	90%	FusionSeeker	1	0	400	1	0	0	NA	0	1884
positive	100GB	95%	FusionSeeker	1	0	400	1	0	0	NA	0	1884
positive	100GB	90%	FusionSeeker	1	0	400	1	0	0	NA	0	1883
positive	100GB	95%	FusionSeeker	1	0	400	1	0	0	NA	0	1883
positive	100GB	90%	FusionSeeker	1	0	400	1	0	0	NA	0	1882
positive	100GB	95%	FusionSeeker	1	0	400	1	0	0	NA	0	1882
positive	100GB	90%	FusionSeeker	1	0	400	1	0	0	NA	0	1881
positive	100GB	95%	FusionSeeker	1	0	400	1	0	0	NA	0	1881
positive	100GB	90%	FusionSeeker	1	0	400	1	0	0	NA	0	1880
positive	100GB	95%	FusionSeeker	1	0	400	1	0	0	NA	0	1880
positive	100GB	90%	FusionSeeker	1	0	400	1	0	0	NA	0	1879
positive	100GB	95%	FusionSeeker	1	0	400	1	0	0	NA	0	1879
positive	100GB	90%	FusionSeeker	1	0	400	1	0	0	NA	0	1878
positive	100GB	95%	FusionSeeker	1	0	400	1	0	0	NA	0	1878
positive	100GB	90%	FusionSeeker	1	0	400	1	0	0	NA	0	1877
positive	100GB	95%	FusionSeeker	1	0	400	1	0	0	NA	0	1877
positive	100GB	90%	FusionSeeker	1	0	400	1	0	0	NA	0	1876
positive	100GB	95%	FusionSeeker	1	0	400	1	0	0	NA	0	1876
positive	100GB	90%	FusionSeeker	1	0	400	1	0	0	NA	0	1875
positive	100GB	95%	FusionSeeker	1	0	400	1	0	0	NA	0	1875
positive	100GB	90%	FusionSeeker	1	0	400	1	0	0	NA	0	1874
positive	100GB	95%	FusionSeeker	1	0	400	1	0	0	NA	0	1874
positive	100GB	90%	FusionSeeker	1	0	400	1	0	0	NA	0	1873
positive	100GB	95%	FusionSeeker	1	0	400	1	0	0	NA	0	1873
positive	100GB	90%	FusionSeeker	1	0	400	1	0	0	NA	0	1872
positive	100GB	95%	FusionSeeker	1	0	400	1	0	0	NA	0	1872
positive	100GB	90%	FusionSeeker	1	0	400	1	0	0	NA	0	1871
positive	100GB	95%	FusionSeeker	1	0	400	1	0	0	NA	0	1871
positive	100GB	90%	FusionSeeker	1	0	400	1	0	0	NA	0	1870
positive	100GB	95%	FusionSeeker	1	0	400	1	0	0	NA	0	1870
positive	100GB	90%	FusionSeeker	1	0	400	1	0	0	NA	0	1869
positive	100GB	95%	FusionSeeker	1	0	400	1	0	0	NA	0	1869
positive	100GB	90%	FusionSeeker	1	0	400	1	0	0	NA	0	1868
positive	100GB	95%	FusionSeeker	1	0	400	1	0	0	NA	0	1868
positive	100GB	90%	FusionSeeker	1	0	400	1	0	0	NA	0	1867
positive	100GB	95%	FusionSeeker	1	0	400	1	0	0	NA	0	1867
positive	100GB	90%	FusionSeeker	1	0	400	1	0	0	NA	0	1866
positive	100GB	95%	FusionSeeker	1	0	400	1	0	0	NA	0	1866
positive	100GB	90%	FusionSeeker	1	0	400	1	0	0	NA	0	1865
positive	100GB	95%	FusionSeeker	1	0	400	1	0	0	NA	0	1865
positive	100GB	90%	FusionSeeker	1	0	400	1	0	0	NA	0	1864
positive	100GB	95%	FusionSeeker	1	0	400	1	0	0	NA	0	1864
positive	100GB	90%	FusionSeeker	1	0	400	1	0	0	NA	0	1863
positive	100GB	95%	FusionSeeker	1	0	400	1	0	0	NA	0	1863
positive	100GB	90%	FusionSeeker	1	0	400	1	0	0	NA	0	1862
positive	100GB	95%	FusionSeeker	1	0	400	1	0	0	NA	0	1862
positive	100GB	90%	FusionSeeker	1	0	400	1	0	0	NA	0	1861
positive	100GB	95%	FusionSeeker	1	0	400	1	0	0	NA	0	1861
positive	100GB	90%	FusionSeeker	1	0	400	1	0	0	NA	0	1860
positive	100GB	95%	FusionSeeker	1	0	400	1	0	0	NA	0	1860
positive	100GB	90%	FusionSeeker	1	0	400	1	0	0	NA	0	1859
positive	100GB	95%	FusionSeeker	1	0	400	1	0	0	NA	0	1859
positive	100GB	90%	FusionSeeker	1	0	400	1	0	0	NA	0	1858
positive	100GB	95%	FusionSeeker	1	0	400	1	0	0	NA	0	1858
positive	100GB	90%	FusionSeeker	1	0	400	1	0	0	NA	0	1857
positive	100GB	95%	FusionSeeker	1	0	400	1	0	0	NA	0	1857
positive	100GB	90%	FusionSeeker	1	0	400	1	0	0	NA	0	1856
positive	100GB	95%	FusionSeeker	1	0	400	1	0	0	NA	0	1856
positive	100GB	90%	FusionSeeker	1	0	400	1	0	0	NA	0	1855
positive	100GB	95%	FusionSeeker	1	0	400	1	0	0	NA	0	1855
positive	100GB	90%	FusionSeeker	1	0	400	1	0	0	NA	0	1854
positive	100GB	95%	FusionSeeker	1	0	400	1	0	0	NA	0	1854
positive	100GB	90%	FusionSeeker	1	0	400	1	0	0	NA	0	1853
positive	100GB	95%	FusionSeeker	1	0	400	1	0	0	NA	0	1853
positive	100GB	90%	FusionSeeker	1	0	400	1	0	0	NA	0	1852
positive	100GB	95%	FusionSeeker	1	0	400	1	0	0	NA	0	1852
positive	100GB	90%	FusionSeeker	1	0	400	1	0	0	NA	0	1851
positive	100GB	95%	FusionSeeker	1	0	400	1	0	0	NA	0	1851
positive	100GB	90%	FusionSeeker	1	0	400	1	0	0	NA	0	1850
positive	100GB	95%	FusionSeeker	1	0	400	1	0	0	NA	0	1850
positive	100GB	90%	FusionSeeker	1	0	400	1	0	0	NA	0	1849
positive	100GB	95%	FusionSeeker	1	0	400	1	0	0	NA	0	1849
positive	100GB	90%	FusionSeeker	1	0	400	1	0	0	NA	0	1848
positive	100GB	95%	FusionSeeker	1	0	400	1	0	0	NA	0	1848
positive	100GB	90%	FusionSeeker	1	0	400	1	0	0	NA	0	1847
positive	100GB	95%	FusionSeeker	1	0	400	1	0	0	NA	0	1847
positive	100GB	90%	FusionSeeker	1	0	400	1	0	0	NA	0	1846
positive	100GB	95%	FusionSeeker	1	0	400	1	0	0	NA	0	1846
positive	100GB	90%	FusionSeeker	1	0	400	1	0	0	NA	0	1845
positive	100GB	95%	FusionSeeker	1	0	400	1	0	0	NA	0	1845
positive	100GB	90%	FusionSeeker	1	0	400	1	0	0	NA	0	1844
positive	100GB	95%	FusionSeeker	1	0	400	1	0	0	NA	0	1844
positive	100GB	90%	FusionSeeker	1	0	400	1	0	0	NA	0	1843
positive	100GB	95%	FusionSeeker	1	0	400	1	0	0	NA	0	1843
positive	100GB	90%	FusionSeeker	1	0	400	1	0	0	NA	0	1842
positive	100GB	95%	FusionSeeker	1	0	400	1	0	0	NA	0	1842
positive	100GB	90%	FusionSeeker	1	0	400	1	0	0	NA	0	1841
positive	100GB	95%	FusionSeeker	1	0	400	1	0	0	NA	0	1841
positive	100GB	90%	FusionSeeker	1	0	400	1	0	0	NA	0	1840
positive	100GB	95%	FusionSeeker	1	0	400	1	0	0	NA	0	1840
positive	100GB	90%	FusionSeeker	1	0	400	1	0	0	NA	0	1839
positive	100GB	95%	FusionSeeker	1	0	400	1	0	0	NA	0	1839
positive	100GB	90%	FusionSeeker	1	0	400	1	0	0	NA	0	1838
positive	100GB	95%	FusionSeeker	1	0	400	1	0	0	NA	0	1838
positive	100GB	90%	FusionSeeker	1	0	400	1	0	0	NA	0	1837
positive	100GB	95%	FusionSeeker	1	0	400	1	0	0	NA	0	1837
positive	100GB	90%	FusionSeeker	1	0	400	1	0	0	NA	0	1836
positive	100GB	95%	FusionSeeker	1	0	400	1	0	0	NA	0	1836
positive	100GB	90%	FusionSeeker	1	0	400	1	0	0	NA	0	1835
positive	100GB	95%	FusionSeeker	1	0	400	1	0	0	NA	0	1835
positive	100GB	90%	FusionSeeker	1	0	400	1	0	0	NA	0	1834
positive	100GB	95%	FusionSeeker	1	0	400	1	0	0	NA	0	1834
positive	100GB	90%	FusionSeeker	1	0	400	1	0	0	NA	0	1833
positive	100GB	95%	FusionSeeker	1	0	400	1	0	0	NA	0	1833
positive	100GB	90%	FusionSeeker	1	0	400	1	0	0	NA	0	1832
positive	100GB	95%	FusionSeeker	1	0	400	1	0	0	NA	0	1832
positive	100GB	90%	FusionSeeker	1	0	400	1	0	0	NA	0	1831
positive	100GB	95%	FusionSeeker	1	0	400	1	0	0	NA	0	1831
positive	100GB	90%	FusionSeeker	1	0	400	1	0	0	NA	0	1830
positive	100GB	95%	FusionSeeker	1	0	400	1	0	0	NA	0	1830
positive	100GB	90%	FusionSeeker	1	0	400	1	0	0	NA	0	1829
positive	100GB	95%	FusionSeeker	1	0	400	1	0	0	NA	0	1829
positive	100GB	90%	FusionSeeker	1	0	400	1	0	0	NA	0	1828
positive	100GB	95%	FusionSeeker	1	0	400	1	0	0	NA	0	1828
positive	100GB	90%	FusionSeeker	1	0	400	1	0	0	NA	0	1827
positive	100GB	95%	FusionSeeker	1	0	400	1	0	0	NA	0	1827
positive	100GB	90%	FusionSeeker	1	0	400	1	0	0	NA	0	1826
positive	100GB	95%	FusionSeeker	1	0	400	1	0	0	NA	0	1826
positive	100GB	90%	FusionSeeker	1	0	400	1	0	0	NA	0	1825
positive	100GB	95%	FusionSeeker	1	0	400	1	0	0	NA	0	1825
positive	100GB	90%	FusionSeeker	1	0	400	1	0	0	NA	0	1824
positive	100GB	95%	FusionSeeker	1	0	400	1	0	0	NA	0	1824
positive	100GB	90%	FusionSeeker	1	0	400	1	0	0	NA	0	1823
positive	100GB	95%	FusionSeeker	1	0	400	1	0	0	NA	0	1823
positive	100GB	90%	FusionSeeker	1	0	400	1	0	0	NA	0	1822
positive	100GB	95%	FusionSeeker	1	0	400	1	0	0	NA	0	1822
positive	100GB	90%	FusionSeeker	1	0	400	1	0	0	NA	0	1821
positive	100GB	95%	FusionSeeker	1	0	400	1	0	0	NA	0	1821
positive	100GB	90%	FusionSeeker	1	0	400	1	0	0	NA	0	1820
positive	100GB	95%	FusionSeeker	1	0	400	1	0	0	NA	0	1820
positive	100GB	90%	FusionSeeker	1	0	400	1	0	0	NA	0	1819
positive	100GB	95%	FusionSeeker	1	0	400	1	0	0	NA	0	1819
positive	100GB	90%	FusionSeeker	1	0	400	1	0	0	NA	0	1818
positive	100GB	95%	FusionSeeker	1	0	400	1	0	0	NA	0	1818
positive	100GB	90%	FusionSeeker	1	0	400	1	0	0	NA	0	1817
positive	100GB	95%	FusionSeeker	1	0	400	1	0	0	NA	0	1817
positive	100GB	90%	FusionSeeker	1	0	400	1	0	0	NA	0	1816
positive	100GB	95%	FusionSeeker	1	0	400	1	0	0	NA	0	1816
positive	100GB	90%	FusionSeeker	1	0	400	1	0	0	NA	0	1815
positive	100GB	95%	FusionSeeker	1	0	400	1	0	0	NA	0	1815
positive	100GB	90%	FusionSeeker	1	0	400	1	0	0	NA	0	1814
positive	100GB	95%	FusionSeeker	1	0	400	1	0	0	NA	0	1814
positive	100GB	90%	FusionSeeker	1	0	400	1	0	0	NA	0	1813
positive	100GB	95%	FusionSeeker	1	0	400	1	0	0	NA	0	1813
positive	100GB	90%	FusionSeeker	1	0	400	1	0	0	NA	0	1812
positive	100GB	95%	FusionSeeker	1	0	400	1	0	0	NA	0	1812
positive	100GB	90%	FusionSeeker	1	0	400	1	0	0	NA	0	1811
positive	100GB	95%	FusionSeeker	1	0	400	1	0	0	NA	0	1811
positive	100GB	90%	FusionSeeker	1	0	400	1	0	0	NA	0	1810
positive	100GB	95%	FusionSeeker	1	0	400	1	0	0	NA	0	1810
positive	100GB	90%	FusionSeeker	1	0	400	1	0	0	NA	0	1809
positive	100GB	95%	FusionSeeker	1	0	400	1	0	0	NA	0	1809
positive	100GB	90%	FusionSeeker	1	0	400	1	0	0	NA	0	1808
positive	100GB	95%	FusionSeeker	1	0	400	1	0	0	NA	0	1808
positive	100GB	90%	FusionSeeker	1	0	400	1	0	0	NA	0	1807
positive	100GB	95%	FusionSeeker	1	0	400	1	0	0	NA	0	1807
positive	100GB	90%	FusionSeeker	1	0	400	1	0	0	NA	0	1806
positive	100GB	95%	FusionSeeker	1	0	400	1	0	0	NA	0	1806
positive	100GB	90%	FusionSeeker	1	0	400	1	0	0	NA	0	1805
positive	100GB	95%	FusionSeeker	1	0	400	1	0	0	NA	0	1805
positive	100GB	90%	FusionSeeker	1	0	400	1	0	0	NA	0	1804
positive	100GB	95%	FusionSeeker	1	0	400	1	0	0	NA	0	1804
positive	100GB	90%	FusionSeeker	1	0	400	1	0	0	NA	0	1803
positive	100GB	95%	FusionSeeker	1	0	400	1	0	0	NA	0	1803
positive	100GB	90%	FusionSeeker	1	0	400	1	0	0	NA	0	1802
positive	100GB	95%	FusionSeeker	1	0	400	1	0	0	NA	0	1802
positive	100GB	90%	FusionSeeker	1	0	400	1	0	0	NA	0	1801
positive	100GB	95%	FusionSeeker	1	0	400	1	0	0	NA	0	1801
positive	100GB	90%	FusionSeeker	1	0	400	1	0	0	NA	0	1800
positive	100GB	95%	FusionSeeker	1	0	400	1	0	0	NA	0	1800
positive	100GB	90%	FusionSeeker	1	0	400	1	0	0	NA	0	1799
positive	100GB	95%	FusionSeeker	1	0	400	1	0	0	NA	0	1799
positive	100GB	90%	FusionSeeker	1	0	400	1	0	0	NA	0	1798
positive	100GB	95%	FusionSeeker	1	0	400	1	0	0	NA	0	1798
positive	100GB	90%	FusionSeeker	1	0	400	1	0	0	NA	0	1797
positive	100GB	95%	FusionSeeker	1	0	400	1	0	0	NA	0	1797
positive	100GB	90%	FusionSeeker	1	0	400	1	0	0	NA	0	1796
positive	100GB	95%	FusionSeeker	1	0	400	1	0	0	NA	0	1796
positive	100GB	90%	FusionSeeker	1	0	400	1	0	0	NA	0	1795
positive	100GB	95%	FusionSeeker	1	0	400	1	0	0	NA	0	1795
positive	100GB	90%	FusionSeeker	1	0	400	1	0	0	NA	0	1794
positive	100GB	95%	FusionSeeker	1	0	400	1	0	0	NA	0	1794
positive	100GB	90%	FusionSeeker	1	0	400	1	0	0	NA	0	1793
positive	100GB	95%	FusionSeeker	1	0	400	1	0	0	NA	0	1793
positive	100GB	90%	FusionSeeker	1	0	400	1	0	0	NA	0	1792
positive	100GB	95%	FusionSeeker	1	0	400	1	0	0	NA	0	1792
positive	100GB	90%	FusionSeeker	1	0	400	1	0	0	NA	0	1791
positive	100GB	95%	FusionSeeker	1	0	400	1	0	0	NA	0	1791
positive	100GB	90%	FusionSeeker	1	0	400	1	0	0	NA	0	1790
positive	100GB	95%	FusionSeeker	1	0	400	1	0	0	NA	0	1790
positive	100GB	90%	FusionSeeker	1	0	400	1	0	0	NA	0	1789
positive	100GB	95%	FusionSeeker	1	0	400	1	0	0	NA	0	1789
positive	100GB	90%	FusionSeeker	1	0	400	1	0	0	NA	0	1788
positive	100GB	95%	FusionSeeker	1	0	400	1	0	0	NA	0	1788
positive	100GB	90%	FusionSeeker	1	0	400	1	0	0	NA	0	1787
positive	100GB	95%	FusionSeeker	1	0	400	1	0	0	NA	0	1787
positive	100GB	90%	FusionSeeker	1	0	400	1	0	0	NA	0	1786
positive	100GB	95%	FusionSeeker	1	0	400	1	0	0	NA	0	1786
positive	100GB	90%	FusionSeeker	1	0	400	1	0	0	NA	0	1785
positive	100GB	95%	FusionSeeker	1	0	400	1	0	0	NA	0	1785
positive	100GB	90%	FusionSeeker	1	0	400	1	0	0	NA	0	1784
positive	100GB	95%	FusionSeeker	1	0	400	1	0	0	NA	0	1784
positive	100GB	90%	FusionSeeker	1	0	400	1	0	0	NA	0	1783
positive	100GB	95%	FusionSeeker	1	0	400	1	0	0	NA	0	1783
positive	100GB	90%	FusionSeeker	1	0	400	1	0	0	NA	0	1782
positive	100GB	95%	FusionSeeker	1	0	400	1	0	0	NA	0	1782
positive	100GB	90%	FusionSeeker	1	0	400	1	0	0	NA	0	1781
positive	100GB	95%	FusionSeeker	1	0	400	1	0	0	NA	0	1781
positive	100GB	90%	FusionSeeker	1	0	400	1	0	0	NA	0	1780
positive	100GB	95%	FusionSeeker	1	0	400	1	0	0	NA	0	1780
positive	100GB	90%	FusionSeeker	1	0	400	1	0	0	NA	0	1779
positive	100GB	95%	FusionSeeker	1	0	400	1	0	0	NA	0	1779
positive	100GB	90%	FusionSeeker	1	0	400	1	0	0	NA	0	1778
positive	100GB	95%	FusionSeeker	1	0	400	1	0	0	NA	0	1778
positive	100GB	90%	FusionSeeker	1	0	400	1	0	0	NA	0	1777
positive	100GB	95%	FusionSeeker	1	0	400	1	0	0	NA	0	1777
positive	100GB	90%	FusionSeeker	1	0	400	1	0	0	NA	0	1776
positive	100GB	95%	FusionSeeker	1	0	400	1	0	0	NA	0	1776
positive	100GB	90%	FusionSeeker	1	0	400	1	0	0	NA	0	1775
positive	100GB	95%	FusionSeeker	1	0	400	1	0	0	NA	0	1775
positive	100GB	90%	FusionSeeker	1	0	400	1	0	0	NA	0	1774
positive	100GB	95%	FusionSeeker	1	0	400	1	0	0	NA	0	1774
positive	100GB	90%	FusionSeeker	1	0	400	1	0	0	NA	0	1773
positive	100GB	95%	FusionSeeker	1	0	400	1	0	0	NA	0	1773
positive	100GB	90%	FusionSeeker	1	0	400	1	0	0	NA	0	1772
positive	100GB	95%	FusionSeeker	1	0	400	1	0	0	NA	0	1772
positive	100GB	90%	FusionSeeker	1	0	400	1	0	0	NA	0	1771
positive	100GB	95%	FusionSeeker	1	0	400	1	0	0	NA	0	1771
positive	100GB	90%	FusionSeeker	1	0	400	1	0	0	NA	0	1770
positive	100GB	95%	FusionSeeker	1	0	400	1	0	0	NA	0	1770
positive	100GB	90%	FusionSeeker	1	0	400	1	0	0	NA	0	1769
positive	100GB	95%	FusionSeeker	1	0	400	1	0	0	NA	0	1769
positive	100GB	90%	FusionSeeker	1	0	400	1	0	0	NA	0	1768
positive	100GB	95%	FusionSeeker	1	0	400	1	0	0	NA	0	1768
positive	100GB	90%	FusionSeeker	1	0	400	1	0	0	NA	0	1767
positive	100GB	95%	FusionSeeker	1	0	400	1	0	0	NA	0	1767
positive	100GB	90%	FusionSeeker	1	0	400	1	0	0	NA	0	1766
positive	100GB	95%	FusionSeeker	1	0	400	1	0	0	NA	0	1766
positive	100GB	90%	FusionSeeker	1	0	400	1	0	0	NA	0	1765
positive	100GB	95%	FusionSeeker	1	0	400	1	0	0	NA	0	1765
positive	100GB	90%	FusionSeeker	1	0	400	1	0	0	NA	0	1764
positive	100GB	95%	FusionSeeker	1	0	400	1	0	0	NA	0	1764
positive	100GB	90%	FusionSeeker	1	0	400	1	0	0	NA	0	1763
positive	100GB	95%	FusionSeeker	1	0	400	1	0	0	NA	0	1763
positive	100GB	90%	FusionSeeker	1	0	400	1	0	0	NA	0	1762
positive	100GB	95%	FusionSeeker	1	0	400	1	0	0	NA	0	1762
positive	100GB	90%	FusionSeeker	1	0	400	1	0	0	NA	0	1761
positive	100GB	95%	FusionSeeker	1	0	400	1	0	0	NA	0	1761
positive	100GB	90%	FusionSeeker	1	0	400	1	0	0	NA	0	1760
positive	100GB	95%	FusionSeeker	1	0	400	1	0	0	NA	0	1760
positive	100GB	90%	FusionSeeker	1	0	400	1	0	0	NA	0	1759
positive	100GB	95%	FusionSeeker	1	0	400	1	0	0	NA	0	1759
positive	100GB	90%	FusionSeeker	1	0	400	1	0	0	NA	0	1758
positive	100GB	95%	FusionSeeker	1	0	400	1	0	0	NA	0	1758
positive	100GB	90%	FusionSeeker	1	0	400	1	0	0	NA	0	1757
positive	100GB	95%	FusionSeeker	1	0	400	1	0	0	NA	0	1757
positive	100GB	90%	FusionSeeker	1	0	400	1	0	0	NA	0	1756
positive	100GB	95%	FusionSeeker	1	0	400	1	0	0	NA	0	1756
positive	100GB	90%	FusionSeeker	1	0	400	1	0	0	NA	0	1755
positive	100GB	95%	FusionSeeker	1	0	400	1	0	0	NA	0	1755
positive	100GB	90%	FusionSeeker	1	0	400	1	0	0	NA	0	1754
positive	100GB	95%	FusionSeeker	1	0	400	1	0	0	NA	0	1754
positive	100GB	90%	FusionSeeker	1	0	400	1	0	0	NA	0	1753
positive	100GB	95%	FusionSeeker	1	0	400	1	0	0	NA	0	1753
positive	100GB	90%	FusionSeeker	1	0	400	1	0	0	NA	0	1752
positive	100GB	95%	FusionSeeker	1	0	400	1	0	0	NA	0	1752
positive	100GB	90%	FusionSeeker	1	0	400	1	0	0	NA	0	1751
positive	100GB	95%	FusionSeeker	1	0	400	1	0	0	NA	0	1751
positive	100GB	90%	FusionSeeker	1	0	400	1	0	0	NA	0	1750
positive	100GB	95%	FusionSeeker	1	0	400	1	0	0	NA	0	1750
positive	100GB	90%	FusionSeeker	1	0	400	1	0	0	NA	0	1749
positive	100GB	95%	FusionSeeker	1	0	400	1	0	0	NA	0	1749
positive	100GB	90%	FusionSeeker	1	0	400	1	0	0	NA	0	1748
positive	100GB	95%	FusionSeeker	1	0	400	1	0	0	NA	0	1748
positive	100GB	90%	FusionSeeker	1	0	400	1	0	0	NA	0	1747
positive	100GB	95%	FusionSeeker	1	0	400	1	0	0	NA	0	1747
positive	100GB	90%	FusionSeeker	1	0	400	1	0	0	NA	0	1746
positive	100GB	95%	FusionSeeker	1	0	400	1	0	0	NA	0	1746
positive	100GB	90%	FusionSeeker	1	0	400	1	0	0	NA	0	1745
positive	100GB	95%	FusionSeeker	1	0	400	1	0	0	NA	0	1745
positive	100GB	90%	FusionSeeker	1	0	400	1	0	0	NA	0	1744
positive	100GB	95%	FusionSeeker	1	0	400	1	0	0	NA	0	1744
positive	100GB	90%	FusionSeeker	1	0	400	1	0	0	NA	0	1743
positive	100GB	95%	FusionSeeker	1	0	400	1	0	0	NA	0	1743
positive	100GB	90%	FusionSeeker	1	0	400	1	0	0	NA	0	1742
positive	100GB	95%	FusionSeeker	1	0	400	1	0	0	NA	0	1742
positive	100GB	90%	FusionSeeker	1	0	400	1	0	0	NA	0	1741
positive	100GB	95%	FusionSeeker	1	0	400	1	0	0	NA	0	1741
positive	100GB	90%	FusionSeeker	1	0	400	1	0	0	NA	0	1740
positive	100GB	95%	FusionSeeker	1	0	400	1	0	0	NA	0	1740
positive	100GB	90%	FusionSeeker	1	0	400	1	0	0	NA	0	1739
positive	100GB	95%	FusionSeeker	1	0	400	1	0	0	NA	0	1739
positive	100GB	90%	FusionSeeker	1	0	400	1	0	0	NA	0	1738
positive	100GB	95%	FusionSeeker	1	0	400	1	0	0	NA	0	1738
positive	100GB	90%	FusionSeeker	1	0	400	1	0	0	NA	0	1737
positive	100GB	95%	FusionSeeker	1	0	400	1	0	0	NA	0	1737
positive	100GB	90%	FusionSeeker	1	0	400	1	0	0	NA	0	1736
positive	100GB	95%	FusionSeeker	1	0	400	1	0	0	NA	0	1736
positive	100GB	90%	FusionSeeker	1	0	400	1	0	0	NA	0	1735
positive	100GB	95%	FusionSeeker	1	0	400	1	0	0	NA	0	1735
positive	100GB	90%	FusionSeeker	1	0	400	1	0	0	NA	0	1734
positive	100GB	95%	FusionSeeker	1	0	400	1	0	0	NA	0	1734
positive	100GB	90%	FusionSeeker	1	0	400	1	0	0	NA	0	1733
positive	100GB	95%	FusionSeeker	1	0	400	1	0	0	NA	0	1733
positive	100GB	90%	FusionSeeker	1	0	400	1	0	0	NA	0	1732
positive	100GB	95%	FusionSeeker	1	0	400	1	0	0	NA	0	1732
positive	100GB	90%	FusionSeeker	1	0	400	1	0	0	NA	0	1731
positive	100GB	95%	FusionSeeker	1	0	400	1	0	0	NA	0	1731
positive	100GB	90%	FusionSeeker	1	0	400	1	0	0	NA	0	1730
positive	100GB	95%	FusionSeeker	1	0	400	1	0	0	NA	0	1730
positive	100GB	90%	FusionSeeker	1	0	400	1	0	0	NA	0	1729
positive	100GB	95%	FusionSeeker	1	0	400	1	0	0	NA	0	1729
positive	100GB	90%	FusionSeeker	1	0	400	1	0	0	NA	0	1728
positive	100GB	95%	FusionSeeker	1	0	400	1	0	0	NA	0	1728
positive	100GB	90%	FusionSeeker	1	0	400	1	0	0	NA	0	1727
positive	100GB	95%	FusionSeeker	1	0	400	1	0	0	NA	0	1727
positive	100GB	90%	FusionSeeker	1	0	400	1	0	0	NA	0	1726
positive	100GB	95%	FusionSeeker	1	0	400	1	0	0	NA	0	1726
positive	100GB	90%	FusionSeeker	1	0	400	1	0	0	NA	0	1725
positive	100GB	95%	FusionSeeker	1	0	400	1	0	0	NA	0	1725
positive	100GB	90%	FusionSeeker	1	0	400	1	0	0	NA	0	1724
positive	100GB	95%	FusionSeeker	1	0	400	1	0	0	NA	0	1724
positive	100GB	90%	FusionSeeker	1	0	400	1	0	0	NA	0	1723
positive	100GB	95%	FusionSeeker	1	0	400	1	0	0	NA	0	1723
positive	100GB	90%	FusionSeeker	1	0	400	1	0	0	NA	0	1722
positive	100GB	95%	FusionSeeker	1	0	400	1	0	0	NA	0	1722
positive	100GB	90%	FusionSeeker	1	0	400	1	0	0	NA	0	1721
positive	100GB	95%	FusionSeeker	1	0	400	1	0	0	NA	0	1721
positive	100GB	90%	FusionSeeker	1	0	400	1	0	0	NA	0	1720
positive	100GB	95%	FusionSeeker	1	0	400	1	0	0	NA	0	1720
positive	100GB	90%	FusionSeeker	1	0	400	1	0	0	NA	0	1719
positive	100GB	95%	FusionSeeker	1	0	400	1	0	0	NA	0	1719
positive	100GB	90%	FusionSeeker	1	0	400	1	0	0	NA	0	1718
positive	100GB	95%	FusionSeeker	1	0	400	1	0	0	NA	0	1718
positive	100GB	90%	FusionSeeker	1	0	400	1	0	0	NA	0	1717
positive	100GB	95%	FusionSeeker	1	0	400	1	0	0	NA	0	1717
positive	100GB	90%	FusionSeeker	1	0	400	1	0	0	NA	0	1716
positive	100GB	95%	FusionSeeker	1	0	400	1	0	0	NA	0	1716
positive	100GB	90%	FusionSeeker	1	0	400	1	0	0	NA	0	1715
positive	100GB	95%	FusionSeeker	1	0	400	1	0	0	NA	0	1715
positive	100GB	90%	FusionSeeker	1	0	400	1	0	0	NA	0	1714
positive	100GB	95%	FusionSeeker	1	0	400	1	0	0	NA	0	1714
positive	100GB	90%	FusionSeeker	1	0	400	1	0	0	NA	0	1713
positive	100GB	95%	FusionSeeker	1	0	400	1	0	0	NA	0	1713
positive	100GB	90%	FusionSeeker	1	0	400	1	0	0	NA	0	1712
positive	100GB	95%	FusionSeeker	1	0	400	1	0	0	NA	0	1712
positive	100GB	90%	FusionSeeker	1	0	400	1	0	0	NA	0	1711
positive	100GB	95%	FusionSeeker	1	0	400	1	0	0	NA	0	1711
positive	100GB	90%	FusionSeeker	1	0	400	1	0	0	NA	0	1710
positive	100GB	95%	FusionSeeker	1	0	400	1	0	0	NA	0	1710
positive	100GB	90%	FusionSeeker	1	0	400	1	0	0	NA	0	1709
positive	100GB	95%	FusionSeeker	1	0	400	1	0	0	NA	0	1709
positive	100GB	90%	FusionSeeker	1	0	400	1	0	0	NA	0	1708
positive	100GB	95%	FusionSeeker	1	0	400	1	0	0	NA	0	1708
positive	100GB	90%	FusionSeeker	1	0	400	1	0	0	NA	0	1707
positive	100GB	95%	FusionSeeker	1	0	400	1	0	0	NA	0	1707
positive	100GB	90%	FusionSeeker	1	0	400	1	0	0	NA	0	1706
positive	100GB	95%	FusionSeeker	1	0	400	1	0	0	NA	0	1706
positive	100GB	90%	FusionSeeker	1	0	400	1	0	0	NA	0	1705
positive	100GB	95%	FusionSeeker	1	0	400	1	0	0	NA	0	1705
positive	100GB	90%	FusionSeeker	1	0	400	1	0	0	NA	0	1704
positive	100GB	95%	FusionSeeker	1	0	400	1	0	0	NA	0	1704
positive	100GB	90%	FusionSeeker	1	0	400	1	0	0	NA	0	1703
positive	100GB	95%	FusionSeeker	1	0	400	1	0	0	NA	0	1703
positive	100GB	90%	FusionSeeker	1	0	400	1	0	0	NA	0	1702
positive	100GB	95%	FusionSeeker	1	0	400	1	0	0	NA	0	1702
positive	100GB	90%	FusionSeeker	1	0	400	1	0	0	NA	0	1701
positive	100GB	95%	FusionSeeker	1	0	400	1	0	0	NA	0	1701
positive	100GB	90%	FusionSeeker	1	0	400	1	0	0	NA	0	1700
positive	100GB	95%	FusionSeeker	1	0	400	1	0	0	NA	0	1700
positive	100GB	90%	FusionSeeker	1	0	400	1	0	0	NA	0	1699
positive	100GB	95%	FusionSeeker	1	0	400	1	0	0	NA	0	1699
positive	100GB	90%	FusionSeeker	1	0	400	1	0	0	NA	0	1698
positive	100GB	95%	FusionSeeker	1	0	400	1	0	0	NA	0	1698
positive	100GB	90%	FusionSeeker	1	0	400	1	0	0	NA	0	1697
positive	100GB	95%	FusionSeeker	1	0	400	1	0	0	NA	0	1697
positive	100GB	90%	FusionSeeker	1	0	400	1	0	0	NA	0	1696
positive	100GB	95%	FusionSeeker	1	0	400	1	0	0	NA	0	1696
positive	100GB	90%	FusionSeeker	1	0	400	1	0	0	NA	0	1695
positive	100GB	95%	FusionSeeker	1	0	400	1	0	0	NA	0	1695
positive	100GB	90%	FusionSeeker	1	0	400	1	0	0	NA	0	1694
positive	100GB	95%	FusionSeeker	1	0	400	1	0	0	NA	0	1694
positive	100GB	90%	FusionSeeker	1	0	400	1	0	0	NA	0	1693
positive	100GB	95%	FusionSeeker	1	0	400	1	0	0	NA	0	1693
positive	100GB	90%	FusionSeeker	1	0	400	1	0	0	NA	0	1692
positive	100GB	95%	FusionSeeker	1	0	400	1	0	0	NA	0	1692
positive	100GB	90%	FusionSeeker	1	0	400	1	0	0	NA	0	1691
positive	100GB	95%	FusionSeeker	1	0	400	1	0	0	NA	0	1691
positive	100GB	90%	FusionSeeker	1	0	400	1	0	0	NA	0	1690
positive	100GB	95%	FusionSeeker	1	0	400	1	0	0	NA	0	1690
positive	100GB	90%	FusionSeeker	1	0	400	1	0	0	NA	0	1689
positive	100GB	95%	FusionSeeker	1	0	400	1	0	0	NA	0	1689
positive	100GB	90%	FusionSeeker	1	0	400	1	0	0	NA	0	1688
positive	100GB	95%	FusionSeeker	1	0	400	1	0	0	NA	0	1688
positive	100GB	90%	FusionSeeker	1	0	400	1	0	0	NA	0	1687
positive	100GB	95%	FusionSeeker	1	0	400	1	0	0	NA	0	1687
positive	100GB	90%	FusionSeeker	1	0	400	1	0	0	NA	0	1686
positive	100GB	95%	FusionSeeker	1	0	400	1	0	0	NA	0	1686
positive	100GB	90%	FusionSeeker	1	0	400	1	0	0	NA	0	1685
positive	100GB	95%	FusionSeeker	1	0	400	1	0	0	NA	0	1685
positive	100GB	90%	FusionSeeker	1	0	400	1	0	0	NA	0	1684
positive	100GB	95%	FusionSeeker	1	0	400	1	0	0	NA	0	1684
positive	100GB	90%	FusionSeeker	1	0	400	1	0	0	NA	0	1683
positive	100GB	95%	FusionSeeker	1	0	400	1	0	0	NA	0	1683
positive	100GB	90%	FusionSeeker	1	0	400	1	0	0	NA	0	1682
positive	100GB	95%	FusionSeeker	1	0	400	1	0	0	NA	0	1682
positive	100GB	90%	FusionSeeker	1	0	400	1	0	0	NA	0	1681
positive	100GB	95%	FusionSeeker	1	0	400	1	0	0	NA	0	1681
positive	100GB	90%	FusionSeeker	1	0	400	1	0	0	NA	0	1680
positive	100GB	95%	FusionSeeker	1	0	400	1	0	0	NA	0	1680
positive	100GB	90%	FusionSeeker	1	0	400	1	0	0	NA	0	1679
positive	100GB	95%	FusionSeeker	1	0	400	1	0	0	NA	0	1679
positive	100GB	90%	FusionSeeker	1	0	400	1	0	0	NA	0	1678
positive	100GB	95%	FusionSeeker	1	0	400	1	0	0	NA	0	1678
positive	100GB	90%	FusionSeeker	1	0	400	1	0	0	NA	0	1677
positive	100GB	95%	FusionSeeker	1	0	400	1	0	0	NA	0	1677
positive	100GB	90%	FusionSeeker	1	0	400	1	0	0	NA	0	1676
positive	100GB	95%	FusionSeeker	1	0	400	1	0	0	NA	0	1676
positive	100GB	90%	FusionSeeker	1	0	400	1	0	0	NA	0	1675
positive	100GB	95%	FusionSeeker	1	0	400	1	0	0	NA	0	1675
positive	100GB	90%	FusionSeeker	1	0	400	1	0	0	NA	0	1674
positive	100GB	95%	FusionSeeker	1	0	400	1	0	0	NA	0	1674
positive	100GB	90%	FusionSeeker	1	0	400	1	0	0	NA	0	1673
positive	100GB	95%	FusionSeeker	1	0	400	1	0	0	NA	0	1673
positive	100GB	90%	FusionSeeker	1	0	400	1	0	0	NA	0	1672
positive	100GB	95%	FusionSeeker	1	0	400	1	0	0	NA	0	1672
positive	100GB	90%	FusionSeeker	1	0	400	1	0	0	NA	0	1671
positive	100GB	95%	FusionSeeker	1	0	400	1	0	0	NA	0	1671
positive	100GB	90%	FusionSeeker	1	0	400	1	0	0	NA	0	1670
positive	100GB	95%	FusionSeeker	1	0	400	1	0	0	NA	0	1670
positive	100GB	90%	FusionSeeker	1	0	400	1	0	0	NA	0	1669
positive	100GB	95%	FusionSeeker	1	0	400	1	0	0	NA	0	1669
positive	100GB	90%	FusionSeeker	1	0	400	1	0	0	NA	0	1668
positive	100GB	95%	FusionSeeker	1	0	400	1	0	0	NA	0	1668
positive	100GB	90%	FusionSeeker	1	0	400	1	0	0	NA	0	1667
positive	100GB	95%	FusionSeeker	1	0	400	1	0	0	NA	0	1667
positive	100GB	90%	FusionSeeker	1	0	400	1	0	0	NA	0	1666
positive	100GB	95%	FusionSeeker	1	0	400	1	0	0	NA	0	1666
positive	100GB	90%	FusionSeeker	1	0	400	1	0	0	NA	0	1665
positive	100GB	95%	FusionSeeker	1	0	400	1	0	0	NA	0	1665
positive	100GB	90%	FusionSeeker	1	0	400	1	0	0	NA	0	1664
positive	100GB	95%	FusionSeeker	1	0	400	1	0	0	NA	0	1664
positive	100GB	90%	FusionSeeker	1	0	400	1	0	0	NA	0	1663
positive	100GB	95%	FusionSeeker	1	0	400	1	0	0	NA	0	1663
positive	100GB	90%	FusionSeeker	1	0	400	1	0	0	NA	0	1662
positive	100GB	95%	FusionSeeker	1	0	400	1	0	0	NA	0	1662
positive	100GB	90%	FusionSeeker	1	0	400	1	0	0	NA	0	1661
positive	100GB	95%	FusionSeeker	1	0	400	1	0	0	NA	0	1661
positive	100GB	90%	FusionSeeker	1	0	400	1	0	0	NA	0	1660
positive	100GB	95%	FusionSeeker	1	0	400	1	0	0	NA	0	1660
positive	100GB	90%	FusionSeeker	1	0	400	1	0	0	NA	0	1659
positive	100GB	95%	FusionSeeker	1	0	400	1	0	0	NA	0	1659
positive	100GB	90%	FusionSeeker	1	0	400	1	0	0	NA	0	1658
positive	100GB	95%	FusionSeeker	1	0	400	1	0	0	NA	0	1658
positive	100GB	90%	FusionSeeker	1	0	400	1	0	0	NA	0	1657
positive	100GB	95%	FusionSeeker	1	0	400	1	0	0	NA	0	1657
positive	100GB	90%	FusionSeeker	1	0	400	1	0	0	NA	0	1656
positive	100GB	95%	FusionSeeker	1	0	400	1	0	0	NA	0	1656
positive	100GB	90%	FusionSeeker	1	0	400	1	0	0	NA	0	1655
positive	100GB	95%	FusionSeeker	1	0	400	1	0	0	NA	0	1655
positive	100GB	90%	FusionSeeker	1	0	400	1	0	0	NA	0	1654
positive	100GB	95%	FusionSeeker	1	0	400	1	0	0	NA	0	1654
positive	100GB	90%	FusionSeeker	1	0	400	1	0	0	NA	0	1653
positive	100GB	95%	FusionSeeker	1	0	400	1	0	0	NA	0	1653
positive	100GB	90%	FusionSeeker	1	0	400	1	0	0	NA	0	1652
positive	100GB	95%	FusionSeeker	1	0	400	1	0	0	NA	0	1652
positive	100GB	90%	FusionSeeker	1	0	400	1	0	0	NA	0	1651
positive	100GB	95%	FusionSeeker	1	0	400	1	0	0	NA	0	1651
positive	100GB	90%	FusionSeeker	1	0	400	1	0	0	NA	0	1650
positive	100GB	95%	FusionSeeker	1	0	400	1	0	0	NA	0	1650
positive	100GB	90%	FusionSeeker	1	0	400	1	0	0	NA	0	1649
positive	100GB	95%	FusionSeeker	1	0	400	1	0	0	NA	0	1649
positive	100GB	90%	FusionSeeker	1	0	400	1	0	0	NA	0	1648
positive	100GB	95%	FusionSeeker	1	0	400	1	0	0	NA	0	1648
positive	100GB	90%	FusionSeeker	1	0	400	1	0	0	NA	0	1647
positive	100GB	95%	FusionSeeker	1	0	400	1	0	0	NA	0	1647
positive	100GB	90%	FusionSeeker	1	0	400	1	0	0	NA	0	1646
positive	100GB	95%	FusionSeeker	1	0	400	1	0	0	NA	0	1646
positive	100GB	90%	FusionSeeker	1	0	400	1	0	0	NA	0	1645
positive	100GB	95%	FusionSeeker	1	0	400	1	0	0	NA	0	1645
positive	100GB	90%	FusionSeeker	1	0	400	1	0	0	NA	0	1644
positive	100GB	95%	FusionSeeker	1	0	400	1	0	0	NA	0	1644
positive	100GB	90%	FusionSeeker	1	0	400	1	0	0	NA	0	1643
positive	100GB	95%	FusionSeeker	1	0	400	1	0	0	NA	0	1643
positive	100GB	90%	FusionSeeker	1	0	400	1	0	0	NA	0	1642
positive	100GB	95%	FusionSeeker	1	0	400	1	0	0	NA	0	1642
positive	100GB	90%	FusionSeeker	1	0	400	1	0	0	NA	0	1641
positive	100GB	95%	FusionSeeker	1	0	400	1	0	0	NA	0	1641
positive	100GB	90%	FusionSeeker	1	0	400	1	0	0	NA	0	1640
positive	100GB	95%	FusionSeeker	1	0	400	1	0	0	NA	0	1640
positive	100GB	90%	FusionSeeker	1	0	400	1	0	0	NA	0	1639
positive	100GB	95%	FusionSeeker	1	0	400	1	0	0	NA	0	1639
positive	100GB	90%	FusionSeeker	1	0	400	1	0	0	NA	0	1638
positive	100GB	95%	FusionSeeker	1	0	400	1	0	0	NA	0	1638
positive	100GB	90%	FusionSeeker	1	0	400	1	0	0	NA	0	1637
positive	100GB	95%	FusionSeeker	1	0	400	1	0	0	NA	0	1637
positive	100GB	90%	FusionSeeker	1	0	400	1	0	0	NA	0	1636
positive	100GB	95%	FusionSeeker	1	0	400	1	0	0	NA	0	1636
positive	100GB	90%	FusionSeeker	1	0	400	1	0	0	NA	0	1635
positive	100GB	95%	FusionSeeker	1	0	400	1	0	0	NA	0	1635
positive	100GB	90%	FusionSeeker	1	0	400	1	0	0	NA	0	1634
positive	100GB	95%	FusionSeeker	1	0	400	1	0	0	NA	0	1634
positive	100GB	90%	FusionSeeker	1	0	400	1	0	0	NA	0	1633
positive	100GB	95%	FusionSeeker	1	0	400	1	0	0	NA	0	1633
positive	100GB	90%	FusionSeeker	1	0	400	1	0	0	NA	0	1632
positive	100GB	95%	FusionSeeker	1	0	400	1	0	0	NA	0	1632
positive	100GB	90%	FusionSeeker	1	0	400	1	0	0	NA	0	1631
positive	100GB	95%	FusionSeeker	1	0	400	1	0	0	NA	0	1631
positive	100GB	85%	FusionSeeker	1	0	400	1	0	0	NA	0	1630
positive	100GB	90%	FusionSeeker	1	0	400	1	0	0	NA	0	1630
positive	100GB	95%	FusionSeeker	1	0	400	1	0	0	NA	0	1630
positive	100GB	85%	FusionSeeker	1	0	400	1	0	0	NA	0	1629
positive	100GB	90%	FusionSeeker	1	0	400	1	0	0	NA	0	1629
positive	100GB	95%	FusionSeeker	1	0	400	1	0	0	NA	0	1629
positive	100GB	85%	FusionSeeker	1	0	400	1	0	0	NA	0	1628
positive	100GB	90%	FusionSeeker	1	0	400	1	0	0	NA	0	1628
positive	100GB	95%	FusionSeeker	1	0	400	1	0	0	NA	0	1628
positive	100GB	85%	FusionSeeker	1	0	400	1	0	0	NA	0	1627
positive	100GB	90%	FusionSeeker	1	0	400	1	0	0	NA	0	1627
positive	100GB	95%	FusionSeeker	1	0	400	1	0	0	NA	0	1627
positive	100GB	85%	FusionSeeker	1	0	400	1	0	0	NA	0	1626
positive	100GB	90%	FusionSeeker	1	0	400	1	0	0	NA	0	1626
positive	100GB	95%	FusionSeeker	1	0	400	1	0	0	NA	0	1626
positive	100GB	85%	FusionSeeker	1	0	400	1	0	0	NA	0	1625
positive	100GB	90%	FusionSeeker	1	0	400	1	0	0	NA	0	1625
positive	100GB	95%	FusionSeeker	1	0	400	1	0	0	NA	0	1625
positive	100GB	85%	FusionSeeker	1	0	400	1	0	0	NA	0	1624
positive	100GB	90%	FusionSeeker	1	0	400	1	0	0	NA	0	1624
positive	100GB	95%	FusionSeeker	1	0	400	1	0	0	NA	0	1624
positive	100GB	85%	FusionSeeker	1	0	400	1	0	0	NA	0	1623
positive	100GB	90%	FusionSeeker	1	0	400	1	0	0	NA	0	1623
positive	100GB	95%	FusionSeeker	1	0	400	1	0	0	NA	0	1623
positive	100GB	85%	FusionSeeker	1	0	400	1	0	0	NA	0	1622
positive	100GB	90%	FusionSeeker	1	0	400	1	0	0	NA	0	1622
positive	100GB	95%	FusionSeeker	1	0	400	1	0	0	NA	0	1622
positive	100GB	85%	FusionSeeker	1	0	400	1	0	0	NA	0	1621
positive	100GB	90%	FusionSeeker	1	0	400	1	0	0	NA	0	1621
positive	100GB	95%	FusionSeeker	1	0	400	1	0	0	NA	0	1621
positive	100GB	85%	FusionSeeker	1	0	400	1	0	0	NA	0	1620
positive	100GB	90%	FusionSeeker	1	0	400	1	0	0	NA	0	1620
positive	100GB	95%	FusionSeeker	1	0	400	1	0	0	NA	0	1620
positive	100GB	85%	FusionSeeker	1	0	400	1	0	0	NA	0	1619
positive	100GB	90%	FusionSeeker	1	0	400	1	0	0	NA	0	1619
positive	100GB	95%	FusionSeeker	1	0	400	1	0	0	NA	0	1619
positive	100GB	85%	FusionSeeker	1	0	400	1	0	0	NA	0	1618
positive	100GB	90%	FusionSeeker	1	0	400	1	0	0	NA	0	1618
positive	100GB	95%	FusionSeeker	1	0	400	1	0	0	NA	0	1618
positive	100GB	85%	FusionSeeker	1	0	400	1	0	0	NA	0	1617
positive	100GB	90%	FusionSeeker	1	0	400	1	0	0	NA	0	1617
positive	100GB	95%	FusionSeeker	1	0	400	1	0	0	NA	0	1617
positive	100GB	85%	FusionSeeker	1	0	400	1	0	0	NA	0	1616
positive	100GB	90%	FusionSeeker	1	0	400	1	0	0	NA	0	1616
positive	100GB	95%	FusionSeeker	1	0	400	1	0	0	NA	0	1616
positive	100GB	85%	FusionSeeker	1	0	400	1	0	0	NA	0	1615
positive	100GB	90%	FusionSeeker	1	0	400	1	0	0	NA	0	1615
positive	100GB	95%	FusionSeeker	1	0	400	1	0	0	NA	0	1615
positive	100GB	85%	FusionSeeker	1	0	400	1	0	0	NA	0	1614
positive	100GB	90%	FusionSeeker	1	0	400	1	0	0	NA	0	1614
positive	100GB	95%	FusionSeeker	1	0	400	1	0	0	NA	0	1614
positive	100GB	85%	FusionSeeker	1	0	400	1	0	0	NA	0	1613
positive	100GB	90%	FusionSeeker	1	0	400	1	0	0	NA	0	1613
positive	100GB	95%	FusionSeeker	1	0	400	1	0	0	NA	0	1613
positive	100GB	85%	FusionSeeker	1	0	400	1	0	0	NA	0	1612
positive	100GB	90%	FusionSeeker	1	0	400	1	0	0	NA	0	1612
positive	100GB	95%	FusionSeeker	1	0	400	1	0	0	NA	0	1612
positive	100GB	85%	FusionSeeker	1	0	400	1	0	0	NA	0	1611
positive	100GB	90%	FusionSeeker	1	0	400	1	0	0	NA	0	1611
positive	100GB	95%	FusionSeeker	1	0	400	1	0	0	NA	0	1611
positive	100GB	85%	FusionSeeker	1	0	400	1	0	0	NA	0	1610
positive	100GB	90%	FusionSeeker	1	0	400	1	0	0	NA	0	1610
positive	100GB	95%	FusionSeeker	1	0	400	1	0	0	NA	0	1610
positive	100GB	85%	FusionSeeker	1	0	400	1	0	0	NA	0	1609
positive	100GB	90%	FusionSeeker	1	0	400	1	0	0	NA	0	1609
positive	100GB	95%	FusionSeeker	1	0	400	1	0	0	NA	0	1609
positive	100GB	85%	FusionSeeker	1	0	400	1	0	0	NA	0	1608
positive	100GB	90%	FusionSeeker	1	0	400	1	0	0	NA	0	1608
positive	100GB	95%	FusionSeeker	1	0	400	1	0	0	NA	0	1608
positive	100GB	85%	FusionSeeker	1	0	400	1	0	0	NA	0	1607
positive	100GB	90%	FusionSeeker	1	0	400	1	0	0	NA	0	1607
positive	100GB	95%	FusionSeeker	1	0	400	1	0	0	NA	0	1607
positive	100GB	85%	FusionSeeker	1	0	400	1	0	0	NA	0	1606
positive	100GB	90%	FusionSeeker	1	0	400	1	0	0	NA	0	1606
positive	100GB	95%	FusionSeeker	1	0	400	1	0	0	NA	0	1606
positive	100GB	85%	FusionSeeker	1	0	400	1	0	0	NA	0	1605
positive	100GB	90%	FusionSeeker	1	0	400	1	0	0	NA	0	1605
positive	100GB	95%	FusionSeeker	1	0	400	1	0	0	NA	0	1605
positive	100GB	85%	FusionSeeker	1	0	400	1	0	0	NA	0	1604
positive	100GB	90%	FusionSeeker	1	0	400	1	0	0	NA	0	1604
positive	100GB	95%	FusionSeeker	1	0	400	1	0	0	NA	0	1604
positive	100GB	85%	FusionSeeker	1	0	400	1	0	0	NA	0	1603
positive	100GB	90%	FusionSeeker	1	0	400	1	0	0	NA	0	1603
positive	100GB	95%	FusionSeeker	1	0	400	1	0	0	NA	0	1603
positive	100GB	85%	FusionSeeker	1	0	400	1	0	0	NA	0	1602
positive	100GB	90%	FusionSeeker	1	0	400	1	0	0	NA	0	1602
positive	100GB	95%	FusionSeeker	1	0	400	1	0	0	NA	0	1602
positive	100GB	85%	FusionSeeker	1	0	400	1	0	0	NA	0	1601
positive	100GB	90%	FusionSeeker	1	0	400	1	0	0	NA	0	1601
positive	100GB	95%	FusionSeeker	1	0	400	1	0	0	NA	0	1601
positive	100GB	85%	FusionSeeker	1	0	400	1	0	0	NA	0	1600
positive	100GB	90%	FusionSeeker	1	0	400	1	0	0	NA	0	1600
positive	100GB	95%	FusionSeeker	1	0	400	1	0	0	NA	0	1600
positive	100GB	85%	FusionSeeker	1	0	400	1	0	0	NA	0	1599
positive	100GB	90%	FusionSeeker	1	0	400	1	0	0	NA	0	1599
positive	100GB	95%	FusionSeeker	1	0	400	1	0	0	NA	0	1599
positive	100GB	85%	FusionSeeker	1	0	400	1	0	0	NA	0	1598
positive	100GB	90%	FusionSeeker	1	0	400	1	0	0	NA	0	1598
positive	100GB	95%	FusionSeeker	1	0	400	1	0	0	NA	0	1598
positive	100GB	85%	FusionSeeker	1	0	400	1	0	0	NA	0	1597
positive	100GB	90%	FusionSeeker	1	0	400	1	0	0	NA	0	1597
positive	100GB	95%	FusionSeeker	1	0	400	1	0	0	NA	0	1597
positive	100GB	85%	FusionSeeker	1	0	400	1	0	0	NA	0	1596
positive	100GB	90%	FusionSeeker	1	0	400	1	0	0	NA	0	1596
positive	100GB	95%	FusionSeeker	1	0	400	1	0	0	NA	0	1596
positive	100GB	85%	FusionSeeker	1	0	400	1	0	0	NA	0	1595
positive	100GB	90%	FusionSeeker	1	0	400	1	0	0	NA	0	1595
positive	100GB	95%	FusionSeeker	1	0	400	1	0	0	NA	0	1595
positive	100GB	85%	FusionSeeker	1	0	400	1	0	0	NA	0	1594
positive	100GB	90%	FusionSeeker	1	0	400	1	0	0	NA	0	1594
positive	100GB	95%	FusionSeeker	1	0	400	1	0	0	NA	0	1594
positive	100GB	85%	FusionSeeker	1	0	400	1	0	0	NA	0	1593
positive	100GB	90%	FusionSeeker	1	0	400	1	0	0	NA	0	1593
positive	100GB	95%	FusionSeeker	1	0	400	1	0	0	NA	0	1593
positive	100GB	85%	FusionSeeker	1	0	400	1	0	0	NA	0	1592
positive	100GB	90%	FusionSeeker	1	0	400	1	0	0	NA	0	1592
positive	100GB	95%	FusionSeeker	1	0	400	1	0	0	NA	0	1592
positive	100GB	85%	FusionSeeker	1	0	400	1	0	0	NA	0	1591
positive	100GB	90%	FusionSeeker	1	0	400	1	0	0	NA	0	1591
positive	100GB	95%	FusionSeeker	1	0	400	1	0	0	NA	0	1591
positive	100GB	85%	FusionSeeker	1	0	400	1	0	0	NA	0	1590
positive	100GB	90%	FusionSeeker	1	0	400	1	0	0	NA	0	1590
positive	100GB	95%	FusionSeeker	1	0	400	1	0	0	NA	0	1590
positive	100GB	85%	FusionSeeker	1	0	400	1	0	0	NA	0	1589
positive	100GB	90%	FusionSeeker	1	0	400	1	0	0	NA	0	1589
positive	100GB	95%	FusionSeeker	1	0	400	1	0	0	NA	0	1589
positive	100GB	85%	FusionSeeker	1	0	400	1	0	0	NA	0	1588
positive	100GB	90%	FusionSeeker	1	0	400	1	0	0	NA	0	1588
positive	100GB	95%	FusionSeeker	1	0	400	1	0	0	NA	0	1588
positive	100GB	85%	FusionSeeker	1	0	400	1	0	0	NA	0	1587
positive	100GB	90%	FusionSeeker	1	0	400	1	0	0	NA	0	1587
positive	100GB	95%	FusionSeeker	1	0	400	1	0	0	NA	0	1587
positive	100GB	85%	FusionSeeker	1	0	400	1	0	0	NA	0	1586
positive	100GB	90%	FusionSeeker	1	0	400	1	0	0	NA	0	1586
positive	100GB	95%	FusionSeeker	1	0	400	1	0	0	NA	0	1586
positive	100GB	85%	FusionSeeker	1	0	400	1	0	0	NA	0	1585
positive	100GB	90%	FusionSeeker	1	0	400	1	0	0	NA	0	1585
positive	100GB	95%	FusionSeeker	1	0	400	1	0	0	NA	0	1585
positive	100GB	85%	FusionSeeker	1	0	400	1	0	0	NA	0	1584
positive	100GB	90%	FusionSeeker	1	0	400	1	0	0	NA	0	1584
positive	100GB	95%	FusionSeeker	1	0	400	1	0	0	NA	0	1584
positive	100GB	85%	FusionSeeker	1	0	400	1	0	0	NA	0	1583
positive	100GB	90%	FusionSeeker	1	0	400	1	0	0	NA	0	1583
positive	100GB	95%	FusionSeeker	1	0	400	1	0	0	NA	0	1583
positive	100GB	85%	FusionSeeker	1	0	400	1	0	0	NA	0	1582
positive	100GB	90%	FusionSeeker	1	0	400	1	0	0	NA	0	1582
positive	100GB	95%	FusionSeeker	1	0	400	1	0	0	NA	0	1582
positive	100GB	85%	FusionSeeker	1	0	400	1	0	0	NA	0	1581
positive	100GB	90%	FusionSeeker	1	0	400	1	0	0	NA	0	1581
positive	100GB	95%	FusionSeeker	1	0	400	1	0	0	NA	0	1581
positive	100GB	85%	FusionSeeker	1	0	400	1	0	0	NA	0	1580
positive	100GB	90%	FusionSeeker	1	0	400	1	0	0	NA	0	1580
positive	100GB	95%	FusionSeeker	1	0	400	1	0	0	NA	0	1580
positive	100GB	85%	FusionSeeker	1	0	400	1	0	0	NA	0	1579
positive	100GB	90%	FusionSeeker	1	0	400	1	0	0	NA	0	1579
positive	100GB	95%	FusionSeeker	1	0	400	1	0	0	NA	0	1579
positive	100GB	85%	FusionSeeker	1	0	400	1	0	0	NA	0	1578
positive	100GB	90%	FusionSeeker	1	0	400	1	0	0	NA	0	1578
positive	100GB	95%	FusionSeeker	1	0	400	1	0	0	NA	0	1578
positive	100GB	85%	FusionSeeker	1	0	400	1	0	0	NA	0	1577
positive	100GB	90%	FusionSeeker	1	0	400	1	0	0	NA	0	1577
positive	100GB	95%	FusionSeeker	1	0	400	1	0	0	NA	0	1577
positive	100GB	85%	FusionSeeker	1	0	400	1	0	0	NA	0	1576
positive	100GB	90%	FusionSeeker	1	0	400	1	0	0	NA	0	1576
positive	100GB	95%	FusionSeeker	1	0	400	1	0	0	NA	0	1576
positive	100GB	85%	FusionSeeker	1	0	400	1	0	0	NA	0	1575
positive	100GB	90%	FusionSeeker	1	0	400	1	0	0	NA	0	1575
positive	100GB	95%	FusionSeeker	1	0	400	1	0	0	NA	0	1575
positive	100GB	85%	FusionSeeker	1	0	400	1	0	0	NA	0	1574
positive	100GB	90%	FusionSeeker	1	0	400	1	0	0	NA	0	1574
positive	100GB	95%	FusionSeeker	1	0	400	1	0	0	NA	0	1574
positive	100GB	85%	FusionSeeker	1	0	400	1	0	0	NA	0	1573
positive	100GB	90%	FusionSeeker	1	0	400	1	0	0	NA	0	1573
positive	100GB	95%	FusionSeeker	1	0	400	1	0	0	NA	0	1573
positive	100GB	85%	FusionSeeker	1	0	400	1	0	0	NA	0	1572
positive	100GB	90%	FusionSeeker	1	0	400	1	0	0	NA	0	1572
positive	100GB	95%	FusionSeeker	1	0	400	1	0	0	NA	0	1572
positive	100GB	85%	FusionSeeker	1	0	400	1	0	0	NA	0	1571
positive	100GB	90%	FusionSeeker	1	0	400	1	0	0	NA	0	1571
positive	100GB	95%	FusionSeeker	1	0	400	1	0	0	NA	0	1571
positive	100GB	85%	FusionSeeker	1	0	400	1	0	0	NA	0	1570
positive	100GB	90%	FusionSeeker	1	0	400	1	0	0	NA	0	1570
positive	100GB	95%	FusionSeeker	1	0	400	1	0	0	NA	0	1570
positive	100GB	85%	FusionSeeker	1	0	400	1	0	0	NA	0	1569
positive	100GB	90%	FusionSeeker	1	0	400	1	0	0	NA	0	1569
positive	100GB	95%	FusionSeeker	1	0	400	1	0	0	NA	0	1569
positive	100GB	85%	FusionSeeker	1	0	400	1	0	0	NA	0	1568
positive	100GB	90%	FusionSeeker	1	0	400	1	0	0	NA	0	1568
positive	100GB	95%	FusionSeeker	1	0	400	1	0	0	NA	0	1568
positive	100GB	85%	FusionSeeker	1	0	400	1	0	0	NA	0	1567
positive	100GB	90%	FusionSeeker	1	0	400	1	0	0	NA	0	1567
positive	100GB	95%	FusionSeeker	1	0	400	1	0	0	NA	0	1567
positive	100GB	85%	FusionSeeker	1	0	400	1	0	0	NA	0	1566
positive	100GB	90%	FusionSeeker	1	0	400	1	0	0	NA	0	1566
positive	100GB	95%	FusionSeeker	1	0	400	1	0	0	NA	0	1566
positive	100GB	85%	FusionSeeker	1	0	400	1	0	0	NA	0	1565
positive	100GB	90%	FusionSeeker	1	0	400	1	0	0	NA	0	1565
positive	100GB	95%	FusionSeeker	1	0	400	1	0	0	NA	0	1565
positive	100GB	85%	FusionSeeker	1	0	400	1	0	0	NA	0	1564
positive	100GB	90%	FusionSeeker	1	0	400	1	0	0	NA	0	1564
positive	100GB	95%	FusionSeeker	1	0	400	1	0	0	NA	0	1564
positive	100GB	85%	FusionSeeker	1	0	400	1	0	0	NA	0	1563
positive	100GB	90%	FusionSeeker	1	0	400	1	0	0	NA	0	1563
positive	100GB	95%	FusionSeeker	1	0	400	1	0	0	NA	0	1563
positive	100GB	85%	FusionSeeker	1	0	400	1	0	0	NA	0	1562
positive	100GB	90%	FusionSeeker	1	0	400	1	0	0	NA	0	1562
positive	100GB	95%	FusionSeeker	1	0	400	1	0	0	NA	0	1562
positive	100GB	85%	FusionSeeker	1	0	400	1	0	0	NA	0	1561
positive	100GB	90%	FusionSeeker	1	0	400	1	0	0	NA	0	1561
positive	100GB	95%	FusionSeeker	1	0	400	1	0	0	NA	0	1561
positive	100GB	85%	FusionSeeker	1	0	400	1	0	0	NA	0	1560
positive	100GB	90%	FusionSeeker	1	0	400	1	0	0	NA	0	1560
positive	100GB	95%	FusionSeeker	1	0	400	1	0	0	NA	0	1560
positive	100GB	85%	FusionSeeker	1	0	400	1	0	0	NA	0	1559
positive	100GB	90%	FusionSeeker	1	0	400	1	0	0	NA	0	1559
positive	100GB	95%	FusionSeeker	1	0	400	1	0	0	NA	0	1559
positive	100GB	85%	FusionSeeker	1	0	400	1	0	0	NA	0	1558
positive	100GB	90%	FusionSeeker	1	0	400	1	0	0	NA	0	1558
positive	100GB	95%	FusionSeeker	1	0	400	1	0	0	NA	0	1558
positive	100GB	85%	FusionSeeker	1	0	400	1	0	0	NA	0	1557
positive	100GB	90%	FusionSeeker	1	0	400	1	0	0	NA	0	1557
positive	100GB	95%	FusionSeeker	1	0	400	1	0	0	NA	0	1557
positive	100GB	85%	FusionSeeker	1	0	400	1	0	0	NA	0	1556
positive	100GB	90%	FusionSeeker	1	0	400	1	0	0	NA	0	1556
positive	100GB	95%	FusionSeeker	1	0	400	1	0	0	NA	0	1556
positive	100GB	85%	FusionSeeker	1	0	400	1	0	0	NA	0	1555
positive	100GB	90%	FusionSeeker	1	0	400	1	0	0	NA	0	1555
positive	100GB	95%	FusionSeeker	1	0	400	1	0	0	NA	0	1555
positive	100GB	85%	FusionSeeker	1	0	400	1	0	0	NA	0	1554
positive	100GB	90%	FusionSeeker	1	0	400	1	0	0	NA	0	1554
positive	100GB	95%	FusionSeeker	1	0	400	1	0	0	NA	0	1554
positive	100GB	85%	FusionSeeker	1	0	400	1	0	0	NA	0	1553
positive	100GB	90%	FusionSeeker	1	0	400	1	0	0	NA	0	1553
positive	100GB	95%	FusionSeeker	1	0	400	1	0	0	NA	0	1553
positive	100GB	85%	FusionSeeker	1	0	400	1	0	0	NA	0	1552
positive	100GB	90%	FusionSeeker	1	0	400	1	0	0	NA	0	1552
positive	100GB	95%	FusionSeeker	1	0	400	1	0	0	NA	0	1552
positive	100GB	85%	FusionSeeker	1	0	400	1	0	0	NA	0	1551
positive	100GB	90%	FusionSeeker	1	0	400	1	0	0	NA	0	1551
positive	100GB	95%	FusionSeeker	1	0	400	1	0	0	NA	0	1551
positive	100GB	85%	FusionSeeker	1	0	400	1	0	0	NA	0	1550
positive	100GB	90%	FusionSeeker	1	0	400	1	0	0	NA	0	1550
positive	100GB	95%	FusionSeeker	1	0	400	1	0	0	NA	0	1550
positive	100GB	85%	FusionSeeker	1	0	400	1	0	0	NA	0	1549
positive	100GB	90%	FusionSeeker	1	0	400	1	0	0	NA	0	1549
positive	100GB	95%	FusionSeeker	1	0	400	1	0	0	NA	0	1549
positive	100GB	85%	FusionSeeker	1	0	400	1	0	0	NA	0	1548
positive	100GB	90%	FusionSeeker	1	0	400	1	0	0	NA	0	1548
positive	100GB	95%	FusionSeeker	1	0	400	1	0	0	NA	0	1548
positive	100GB	85%	FusionSeeker	1	0	400	1	0	0	NA	0	1547
positive	100GB	90%	FusionSeeker	1	0	400	1	0	0	NA	0	1547
positive	100GB	95%	FusionSeeker	1	0	400	1	0	0	NA	0	1547
positive	100GB	85%	FusionSeeker	1	0	400	1	0	0	NA	0	1546
positive	100GB	90%	FusionSeeker	1	0	400	1	0	0	NA	0	1546
positive	100GB	95%	FusionSeeker	1	0	400	1	0	0	NA	0	1546
positive	100GB	85%	FusionSeeker	1	0	400	1	0	0	NA	0	1545
positive	100GB	90%	FusionSeeker	1	0	400	1	0	0	NA	0	1545
positive	100GB	95%	FusionSeeker	1	0	400	1	0	0	NA	0	1545
positive	100GB	85%	FusionSeeker	1	0	400	1	0	0	NA	0	1544
positive	100GB	90%	FusionSeeker	1	0	400	1	0	0	NA	0	1544
positive	100GB	95%	FusionSeeker	1	0	400	1	0	0	NA	0	1544
positive	100GB	85%	FusionSeeker	1	0	400	1	0	0	NA	0	1543
positive	100GB	90%	FusionSeeker	1	0	400	1	0	0	NA	0	1543
positive	100GB	95%	FusionSeeker	1	0	400	1	0	0	NA	0	1543
positive	100GB	85%	FusionSeeker	1	0	400	1	0	0	NA	0	1542
positive	100GB	90%	FusionSeeker	1	0	400	1	0	0	NA	0	1542
positive	100GB	95%	FusionSeeker	1	0	400	1	0	0	NA	0	1542
positive	100GB	85%	FusionSeeker	1	0	400	1	0	0	NA	0	1541
positive	100GB	90%	FusionSeeker	1	0	400	1	0	0	NA	0	1541
positive	100GB	95%	FusionSeeker	1	0	400	1	0	0	NA	0	1541
positive	100GB	85%	FusionSeeker	1	0	400	1	0	0	NA	0	1540
positive	100GB	90%	FusionSeeker	1	0	400	1	0	0	NA	0	1540
positive	100GB	95%	FusionSeeker	1	0	400	1	0	0	NA	0	1540
positive	100GB	85%	FusionSeeker	1	0	400	1	0	0	NA	0	1539
positive	100GB	90%	FusionSeeker	1	0	400	1	0	0	NA	0	1539
positive	100GB	95%	FusionSeeker	1	0	400	1	0	0	NA	0	1539
positive	100GB	85%	FusionSeeker	1	0	400	1	0	0	NA	0	1538
positive	100GB	90%	FusionSeeker	1	0	400	1	0	0	NA	0	1538
positive	100GB	95%	FusionSeeker	1	0	400	1	0	0	NA	0	1538
positive	100GB	85%	FusionSeeker	1	0	400	1	0	0	NA	0	1537
positive	100GB	90%	FusionSeeker	1	0	400	1	0	0	NA	0	1537
positive	100GB	95%	FusionSeeker	1	0	400	1	0	0	NA	0	1537
positive	100GB	85%	FusionSeeker	1	0	400	1	0	0	NA	0	1536
positive	100GB	90%	FusionSeeker	1	0	400	1	0	0	NA	0	1536
positive	100GB	95%	FusionSeeker	1	0	400	1	0	0	NA	0	1536
positive	100GB	85%	FusionSeeker	1	0	400	1	0	0	NA	0	1535
positive	100GB	90%	FusionSeeker	1	0	400	1	0	0	NA	0	1535
positive	100GB	95%	FusionSeeker	1	0	400	1	0	0	NA	0	1535
positive	100GB	85%	FusionSeeker	1	0	400	1	0	0	NA	0	1534
positive	100GB	90%	FusionSeeker	1	0	400	1	0	0	NA	0	1534
positive	100GB	95%	FusionSeeker	1	0	400	1	0	0	NA	0	1534
positive	100GB	85%	FusionSeeker	1	0	400	1	0	0	NA	0	1533
positive	100GB	90%	FusionSeeker	1	0	400	1	0	0	NA	0	1533
positive	100GB	95%	FusionSeeker	1	0	400	1	0	0	NA	0	1533
positive	100GB	85%	FusionSeeker	1	0	400	1	0	0	NA	0	1532
positive	100GB	90%	FusionSeeker	1	0	400	1	0	0	NA	0	1532
positive	100GB	95%	FusionSeeker	1	0	400	1	0	0	NA	0	1532
positive	100GB	85%	FusionSeeker	1	0	400	1	0	0	NA	0	1531
positive	100GB	90%	FusionSeeker	1	0	400	1	0	0	NA	0	1531
positive	100GB	95%	FusionSeeker	1	0	400	1	0	0	NA	0	1531
positive	100GB	85%	FusionSeeker	1	0	400	1	0	0	NA	0	1530
positive	100GB	90%	FusionSeeker	1	0	400	1	0	0	NA	0	1530
positive	100GB	95%	FusionSeeker	1	0	400	1	0	0	NA	0	1530
positive	100GB	85%	FusionSeeker	1	0	400	1	0	0	NA	0	1529
positive	100GB	90%	FusionSeeker	1	0	400	1	0	0	NA	0	1529
positive	100GB	95%	FusionSeeker	1	0	400	1	0	0	NA	0	1529
positive	100GB	85%	FusionSeeker	1	0	400	1	0	0	NA	0	1528
positive	100GB	90%	FusionSeeker	1	0	400	1	0	0	NA	0	1528
positive	100GB	95%	FusionSeeker	1	0	400	1	0	0	NA	0	1528
positive	100GB	85%	FusionSeeker	1	0	400	1	0	0	NA	0	1527
positive	100GB	90%	FusionSeeker	1	0	400	1	0	0	NA	0	1527
positive	100GB	95%	FusionSeeker	1	0	400	1	0	0	NA	0	1527
positive	100GB	85%	FusionSeeker	1	0	400	1	0	0	NA	0	1526
positive	100GB	90%	FusionSeeker	1	0	400	1	0	0	NA	0	1526
positive	100GB	95%	FusionSeeker	1	0	400	1	0	0	NA	0	1526
positive	100GB	85%	FusionSeeker	1	0	400	1	0	0	NA	0	1525
positive	100GB	90%	FusionSeeker	1	0	400	1	0	0	NA	0	1525
positive	100GB	95%	FusionSeeker	1	0	400	1	0	0	NA	0	1525
positive	100GB	85%	FusionSeeker	1	0	400	1	0	0	NA	0	1524
positive	100GB	90%	FusionSeeker	1	0	400	1	0	0	NA	0	1524
positive	100GB	95%	FusionSeeker	1	0	400	1	0	0	NA	0	1524
positive	100GB	85%	FusionSeeker	1	0	400	1	0	0	NA	0	1523
positive	100GB	90%	FusionSeeker	1	0	400	1	0	0	NA	0	1523
positive	100GB	95%	FusionSeeker	1	0	400	1	0	0	NA	0	1523
positive	100GB	85%	FusionSeeker	1	0	400	1	0	0	NA	0	1522
positive	100GB	90%	FusionSeeker	1	0	400	1	0	0	NA	0	1522
positive	100GB	95%	FusionSeeker	1	0	400	1	0	0	NA	0	1522
positive	100GB	85%	FusionSeeker	1	0	400	1	0	0	NA	0	1521
positive	100GB	90%	FusionSeeker	1	0	400	1	0	0	NA	0	1521
positive	100GB	95%	FusionSeeker	1	0	400	1	0	0	NA	0	1521
positive	100GB	85%	FusionSeeker	1	0	400	1	0	0	NA	0	1520
positive	100GB	90%	FusionSeeker	1	0	400	1	0	0	NA	0	1520
positive	100GB	95%	FusionSeeker	1	0	400	1	0	0	NA	0	1520
positive	100GB	85%	FusionSeeker	1	0	400	1	0	0	NA	0	1519
positive	100GB	90%	FusionSeeker	1	0	400	1	0	0	NA	0	1519
positive	100GB	95%	FusionSeeker	1	0	400	1	0	0	NA	0	1519
positive	100GB	85%	FusionSeeker	1	0	400	1	0	0	NA	0	1518
positive	100GB	90%	FusionSeeker	1	0	400	1	0	0	NA	0	1518
positive	100GB	95%	FusionSeeker	1	0	400	1	0	0	NA	0	1518
positive	100GB	85%	FusionSeeker	1	0	400	1	0	0	NA	0	1517
positive	100GB	90%	FusionSeeker	1	0	400	1	0	0	NA	0	1517
positive	100GB	95%	FusionSeeker	1	0	400	1	0	0	NA	0	1517
positive	100GB	85%	FusionSeeker	1	0	400	1	0	0	NA	0	1516
positive	100GB	90%	FusionSeeker	1	0	400	1	0	0	NA	0	1516
positive	100GB	95%	FusionSeeker	1	0	400	1	0	0	NA	0	1516
positive	100GB	85%	FusionSeeker	1	0	400	1	0	0	NA	0	1515
positive	100GB	90%	FusionSeeker	1	0	400	1	0	0	NA	0	1515
positive	100GB	95%	FusionSeeker	1	0	400	1	0	0	NA	0	1515
positive	100GB	85%	FusionSeeker	1	0	400	1	0	0	NA	0	1514
positive	100GB	90%	FusionSeeker	1	0	400	1	0	0	NA	0	1514
positive	100GB	95%	FusionSeeker	1	0	400	1	0	0	NA	0	1514
positive	100GB	85%	FusionSeeker	1	0	400	1	0	0	NA	0	1513
positive	100GB	90%	FusionSeeker	1	0	400	1	0	0	NA	0	1513
positive	100GB	95%	FusionSeeker	1	0	400	1	0	0	NA	0	1513
positive	100GB	85%	FusionSeeker	1	0	400	1	0	0	NA	0	1512
positive	100GB	90%	FusionSeeker	1	0	400	1	0	0	NA	0	1512
positive	100GB	95%	FusionSeeker	1	0	400	1	0	0	NA	0	1512
positive	100GB	85%	FusionSeeker	1	0	400	1	0	0	NA	0	1511
positive	100GB	90%	FusionSeeker	1	0	400	1	0	0	NA	0	1511
positive	100GB	95%	FusionSeeker	1	0	400	1	0	0	NA	0	1511
positive	100GB	85%	FusionSeeker	1	0	400	1	0	0	NA	0	1510
positive	100GB	90%	FusionSeeker	1	0	400	1	0	0	NA	0	1510
positive	100GB	95%	FusionSeeker	1	0	400	1	0	0	NA	0	1510
positive	100GB	85%	FusionSeeker	1	0	400	1	0	0	NA	0	1509
positive	100GB	90%	FusionSeeker	1	0	400	1	0	0	NA	0	1509
positive	100GB	95%	FusionSeeker	1	0	400	1	0	0	NA	0	1509
positive	100GB	85%	FusionSeeker	1	0	400	1	0	0	NA	0	1508
positive	100GB	90%	FusionSeeker	1	0	400	1	0	0	NA	0	1508
positive	100GB	95%	FusionSeeker	1	0	400	1	0	0	NA	0	1508
positive	100GB	85%	FusionSeeker	1	0	400	1	0	0	NA	0	1507
positive	100GB	90%	FusionSeeker	1	0	400	1	0	0	NA	0	1507
positive	100GB	95%	FusionSeeker	1	0	400	1	0	0	NA	0	1507
positive	100GB	85%	FusionSeeker	1	0	400	1	0	0	NA	0	1506
positive	100GB	90%	FusionSeeker	1	0	400	1	0	0	NA	0	1506
positive	100GB	95%	FusionSeeker	1	0	400	1	0	0	NA	0	1506
positive	100GB	85%	FusionSeeker	1	0	400	1	0	0	NA	0	1505
positive	100GB	90%	FusionSeeker	1	0	400	1	0	0	NA	0	1505
positive	100GB	95%	FusionSeeker	1	0	400	1	0	0	NA	0	1505
positive	100GB	85%	FusionSeeker	1	0	400	1	0	0	NA	0	1504
positive	100GB	90%	FusionSeeker	1	0	400	1	0	0	NA	0	1504
positive	100GB	95%	FusionSeeker	1	0	400	1	0	0	NA	0	1504
positive	100GB	85%	FusionSeeker	1	0	400	1	0	0	NA	0	1503
positive	100GB	90%	FusionSeeker	1	0	400	1	0	0	NA	0	1503
positive	100GB	95%	FusionSeeker	1	0	400	1	0	0	NA	0	1503
positive	100GB	85%	FusionSeeker	1	0	400	1	0	0	NA	0	1502
positive	100GB	90%	FusionSeeker	1	0	400	1	0	0	NA	0	1502
positive	100GB	95%	FusionSeeker	1	0	400	1	0	0	NA	0	1502
positive	100GB	85%	FusionSeeker	1	0	400	1	0	0	NA	0	1501
positive	100GB	90%	FusionSeeker	1	0	400	1	0	0	NA	0	1501
positive	100GB	95%	FusionSeeker	1	0	400	1	0	0	NA	0	1501
positive	100GB	85%	FusionSeeker	1	0	400	1	0	0	NA	0	1500
positive	100GB	90%	FusionSeeker	1	0	400	1	0	0	NA	0	1500
positive	100GB	95%	FusionSeeker	1	0	400	1	0	0	NA	0	1500
positive	100GB	85%	FusionSeeker	1	0	400	1	0	0	NA	0	1499
positive	100GB	90%	FusionSeeker	1	0	400	1	0	0	NA	0	1499
positive	100GB	95%	FusionSeeker	1	0	400	1	0	0	NA	0	1499
positive	100GB	85%	FusionSeeker	1	0	400	1	0	0	NA	0	1498
positive	100GB	90%	FusionSeeker	1	0	400	1	0	0	NA	0	1498
positive	100GB	95%	FusionSeeker	1	0	400	1	0	0	NA	0	1498
positive	100GB	85%	FusionSeeker	1	0	400	1	0	0	NA	0	1497
positive	100GB	90%	FusionSeeker	1	0	400	1	0	0	NA	0	1497
positive	100GB	95%	FusionSeeker	1	0	400	1	0	0	NA	0	1497
positive	100GB	85%	FusionSeeker	1	0	400	1	0	0	NA	0	1496
positive	100GB	90%	FusionSeeker	1	0	400	1	0	0	NA	0	1496
positive	100GB	95%	FusionSeeker	1	0	400	1	0	0	NA	0	1496
positive	100GB	85%	FusionSeeker	1	0	400	1	0	0	NA	0	1495
positive	100GB	90%	FusionSeeker	1	0	400	1	0	0	NA	0	1495
positive	100GB	95%	FusionSeeker	1	0	400	1	0	0	NA	0	1495
positive	100GB	85%	FusionSeeker	1	0	400	1	0	0	NA	0	1494
positive	100GB	90%	FusionSeeker	1	0	400	1	0	0	NA	0	1494
positive	100GB	95%	FusionSeeker	1	0	400	1	0	0	NA	0	1494
positive	100GB	85%	FusionSeeker	1	0	400	1	0	0	NA	0	1493
positive	100GB	90%	FusionSeeker	1	0	400	1	0	0	NA	0	1493
positive	100GB	95%	FusionSeeker	1	0	400	1	0	0	NA	0	1493
positive	100GB	85%	FusionSeeker	1	0	400	1	0	0	NA	0	1492
positive	100GB	90%	FusionSeeker	1	0	400	1	0	0	NA	0	1492
positive	100GB	95%	FusionSeeker	1	0	400	1	0	0	NA	0	1492
positive	100GB	85%	FusionSeeker	1	0	400	1	0	0	NA	0	1491
positive	100GB	90%	FusionSeeker	1	0	400	1	0	0	NA	0	1491
positive	100GB	95%	FusionSeeker	1	0	400	1	0	0	NA	0	1491
positive	100GB	85%	FusionSeeker	1	0	400	1	0	0	NA	0	1490
positive	100GB	90%	FusionSeeker	1	0	400	1	0	0	NA	0	1490
positive	100GB	95%	FusionSeeker	1	0	400	1	0	0	NA	0	1490
positive	100GB	85%	FusionSeeker	1	0	400	1	0	0	NA	0	1489
positive	100GB	90%	FusionSeeker	1	0	400	1	0	0	NA	0	1489
positive	100GB	95%	FusionSeeker	1	0	400	1	0	0	NA	0	1489
positive	100GB	85%	FusionSeeker	1	0	400	1	0	0	NA	0	1488
positive	100GB	90%	FusionSeeker	1	0	400	1	0	0	NA	0	1488
positive	100GB	95%	FusionSeeker	1	0	400	1	0	0	NA	0	1488
positive	100GB	85%	FusionSeeker	1	0	400	1	0	0	NA	0	1487
positive	100GB	90%	FusionSeeker	1	0	400	1	0	0	NA	0	1487
positive	100GB	95%	FusionSeeker	1	0	400	1	0	0	NA	0	1487
positive	100GB	85%	FusionSeeker	1	0	400	1	0	0	NA	0	1486
positive	100GB	90%	FusionSeeker	1	0	400	1	0	0	NA	0	1486
positive	100GB	95%	FusionSeeker	1	0	400	1	0	0	NA	0	1486
positive	100GB	85%	FusionSeeker	1	0	400	1	0	0	NA	0	1485
positive	100GB	90%	FusionSeeker	1	0	400	1	0	0	NA	0	1485
positive	100GB	95%	FusionSeeker	1	0	400	1	0	0	NA	0	1485
positive	100GB	85%	FusionSeeker	1	0	400	1	0	0	NA	0	1484
positive	100GB	90%	FusionSeeker	1	0	400	1	0	0	NA	0	1484
positive	100GB	95%	FusionSeeker	1	0	400	1	0	0	NA	0	1484
positive	100GB	85%	FusionSeeker	1	0	400	1	0	0	NA	0	1483
positive	100GB	90%	FusionSeeker	1	0	400	1	0	0	NA	0	1483
positive	100GB	95%	FusionSeeker	1	0	400	1	0	0	NA	0	1483
positive	100GB	85%	FusionSeeker	1	0	400	1	0	0	NA	0	1482
positive	100GB	90%	FusionSeeker	1	0	400	1	0	0	NA	0	1482
positive	100GB	95%	FusionSeeker	1	0	400	1	0	0	NA	0	1482
positive	100GB	85%	FusionSeeker	1	0	400	1	0	0	NA	0	1481
positive	100GB	90%	FusionSeeker	1	0	400	1	0	0	NA	0	1481
positive	100GB	95%	FusionSeeker	1	0	400	1	0	0	NA	0	1481
positive	100GB	85%	FusionSeeker	1	0	400	1	0	0	NA	0	1480
positive	100GB	90%	FusionSeeker	1	0	400	1	0	0	NA	0	1480
positive	100GB	95%	FusionSeeker	1	0	400	1	0	0	NA	0	1480
positive	100GB	85%	FusionSeeker	1	0	400	1	0	0	NA	0	1479
positive	100GB	90%	FusionSeeker	1	0	400	1	0	0	NA	0	1479
positive	100GB	95%	FusionSeeker	1	0	400	1	0	0	NA	0	1479
positive	100GB	85%	FusionSeeker	1	0	400	1	0	0	NA	0	1478
positive	100GB	90%	FusionSeeker	1	0	400	1	0	0	NA	0	1478
positive	100GB	95%	FusionSeeker	1	0	400	1	0	0	NA	0	1478
positive	100GB	85%	FusionSeeker	1	0	400	1	0	0	NA	0	1477
positive	100GB	90%	FusionSeeker	1	0	400	1	0	0	NA	0	1477
positive	100GB	95%	FusionSeeker	1	0	400	1	0	0	NA	0	1477
positive	100GB	85%	FusionSeeker	1	0	400	1	0	0	NA	0	1476
positive	100GB	90%	FusionSeeker	1	0	400	1	0	0	NA	0	1476
positive	100GB	95%	FusionSeeker	1	0	400	1	0	0	NA	0	1476
positive	100GB	85%	FusionSeeker	1	0	400	1	0	0	NA	0	1475
positive	100GB	90%	FusionSeeker	1	0	400	1	0	0	NA	0	1475
positive	100GB	95%	FusionSeeker	1	0	400	1	0	0	NA	0	1475
positive	100GB	85%	FusionSeeker	1	0	400	1	0	0	NA	0	1474
positive	100GB	90%	FusionSeeker	1	0	400	1	0	0	NA	0	1474
positive	100GB	95%	FusionSeeker	1	0	400	1	0	0	NA	0	1474
positive	100GB	85%	FusionSeeker	1	0	400	1	0	0	NA	0	1473
positive	100GB	90%	FusionSeeker	1	0	400	1	0	0	NA	0	1473
positive	100GB	95%	FusionSeeker	1	0	400	1	0	0	NA	0	1473
positive	100GB	85%	FusionSeeker	1	0	400	1	0	0	NA	0	1472
positive	100GB	90%	FusionSeeker	1	0	400	1	0	0	NA	0	1472
positive	100GB	95%	FusionSeeker	1	0	400	1	0	0	NA	0	1472
positive	100GB	85%	FusionSeeker	1	0	400	1	0	0	NA	0	1471
positive	100GB	90%	FusionSeeker	1	0	400	1	0	0	NA	0	1471
positive	100GB	95%	FusionSeeker	1	0	400	1	0	0	NA	0	1471
positive	100GB	85%	FusionSeeker	1	0	400	1	0	0	NA	0	1470
positive	100GB	90%	FusionSeeker	1	0	400	1	0	0	NA	0	1470
positive	100GB	95%	FusionSeeker	1	0	400	1	0	0	NA	0	1470
positive	100GB	85%	FusionSeeker	1	0	400	1	0	0	NA	0	1469
positive	100GB	90%	FusionSeeker	1	0	400	1	0	0	NA	0	1469
positive	100GB	95%	FusionSeeker	1	0	400	1	0	0	NA	0	1469
positive	100GB	85%	FusionSeeker	1	0	400	1	0	0	NA	0	1468
positive	100GB	90%	FusionSeeker	1	0	400	1	0	0	NA	0	1468
positive	100GB	95%	FusionSeeker	1	0	400	1	0	0	NA	0	1468
positive	100GB	85%	FusionSeeker	1	0	400	1	0	0	NA	0	1467
positive	100GB	90%	FusionSeeker	1	0	400	1	0	0	NA	0	1467
positive	100GB	95%	FusionSeeker	1	0	400	1	0	0	NA	0	1467
positive	100GB	85%	FusionSeeker	1	0	400	1	0	0	NA	0	1466
positive	100GB	90%	FusionSeeker	1	0	400	1	0	0	NA	0	1466
positive	100GB	95%	FusionSeeker	1	0	400	1	0	0	NA	0	1466
positive	100GB	85%	FusionSeeker	1	0	400	1	0	0	NA	0	1465
positive	100GB	90%	FusionSeeker	1	0	400	1	0	0	NA	0	1465
positive	100GB	95%	FusionSeeker	1	0	400	1	0	0	NA	0	1465
positive	100GB	85%	FusionSeeker	1	0	400	1	0	0	NA	0	1464
positive	100GB	90%	FusionSeeker	1	0	400	1	0	0	NA	0	1464
positive	100GB	95%	FusionSeeker	1	0	400	1	0	0	NA	0	1464
positive	100GB	85%	FusionSeeker	1	0	400	1	0	0	NA	0	1463
positive	100GB	90%	FusionSeeker	1	0	400	1	0	0	NA	0	1463
positive	100GB	95%	FusionSeeker	1	0	400	1	0	0	NA	0	1463
positive	100GB	85%	FusionSeeker	1	0	400	1	0	0	NA	0	1462
positive	100GB	90%	FusionSeeker	1	0	400	1	0	0	NA	0	1462
positive	100GB	95%	FusionSeeker	1	0	400	1	0	0	NA	0	1462
positive	100GB	85%	FusionSeeker	1	0	400	1	0	0	NA	0	1461
positive	100GB	90%	FusionSeeker	1	0	400	1	0	0	NA	0	1461
positive	100GB	95%	FusionSeeker	1	0	400	1	0	0	NA	0	1461
positive	100GB	85%	FusionSeeker	1	0	400	1	0	0	NA	0	1460
positive	100GB	90%	FusionSeeker	1	0	400	1	0	0	NA	0	1460
positive	100GB	95%	FusionSeeker	1	0	400	1	0	0	NA	0	1460
positive	100GB	85%	FusionSeeker	1	0	400	1	0	0	NA	0	1459
positive	100GB	90%	FusionSeeker	1	0	400	1	0	0	NA	0	1459
positive	100GB	95%	FusionSeeker	1	0	400	1	0	0	NA	0	1459
positive	100GB	85%	FusionSeeker	1	0	400	1	0	0	NA	0	1458
positive	100GB	90%	FusionSeeker	1	0	400	1	0	0	NA	0	1458
positive	100GB	95%	FusionSeeker	1	0	400	1	0	0	NA	0	1458
positive	100GB	85%	FusionSeeker	1	0	400	1	0	0	NA	0	1457
positive	100GB	90%	FusionSeeker	1	0	400	1	0	0	NA	0	1457
positive	100GB	95%	FusionSeeker	1	0	400	1	0	0	NA	0	1457
positive	100GB	85%	FusionSeeker	1	0	400	1	0	0	NA	0	1456
positive	100GB	90%	FusionSeeker	1	0	400	1	0	0	NA	0	1456
positive	100GB	95%	FusionSeeker	1	0	400	1	0	0	NA	0	1456
positive	100GB	85%	FusionSeeker	1	0	400	1	0	0	NA	0	1455
positive	100GB	90%	FusionSeeker	1	0	400	1	0	0	NA	0	1455
positive	100GB	95%	FusionSeeker	1	0	400	1	0	0	NA	0	1455
positive	100GB	85%	FusionSeeker	1	0	400	1	0	0	NA	0	1454
positive	100GB	90%	FusionSeeker	1	0	400	1	0	0	NA	0	1454
positive	100GB	95%	FusionSeeker	1	0	400	1	0	0	NA	0	1454
positive	100GB	85%	FusionSeeker	1	0	400	1	0	0	NA	0	1453
positive	100GB	90%	FusionSeeker	1	0	400	1	0	0	NA	0	1453
positive	100GB	95%	FusionSeeker	1	0	400	1	0	0	NA	0	1453
positive	100GB	85%	FusionSeeker	1	0	400	1	0	0	NA	0	1452
positive	100GB	90%	FusionSeeker	1	0	400	1	0	0	NA	0	1452
positive	100GB	95%	FusionSeeker	1	0	400	1	0	0	NA	0	1452
positive	100GB	85%	FusionSeeker	1	0	400	1	0	0	NA	0	1451
positive	100GB	90%	FusionSeeker	1	0	400	1	0	0	NA	0	1451
positive	100GB	95%	FusionSeeker	1	0	400	1	0	0	NA	0	1451
positive	100GB	85%	FusionSeeker	1	0	400	1	0	0	NA	0	1450
positive	100GB	90%	FusionSeeker	1	0	400	1	0	0	NA	0	1450
positive	100GB	95%	FusionSeeker	1	0	400	1	0	0	NA	0	1450
positive	100GB	85%	FusionSeeker	1	0	400	1	0	0	NA	0	1449
positive	100GB	90%	FusionSeeker	1	0	400	1	0	0	NA	0	1449
positive	100GB	95%	FusionSeeker	1	0	400	1	0	0	NA	0	1449
positive	100GB	85%	FusionSeeker	1	0	400	1	0	0	NA	0	1448
positive	100GB	90%	FusionSeeker	1	0	400	1	0	0	NA	0	1448
positive	100GB	95%	FusionSeeker	1	0	400	1	0	0	NA	0	1448
positive	100GB	85%	FusionSeeker	1	0	400	1	0	0	NA	0	1447
positive	100GB	90%	FusionSeeker	1	0	400	1	0	0	NA	0	1447
positive	100GB	95%	FusionSeeker	1	0	400	1	0	0	NA	0	1447
positive	100GB	85%	FusionSeeker	1	0	400	1	0	0	NA	0	1446
positive	100GB	90%	FusionSeeker	1	0	400	1	0	0	NA	0	1446
positive	100GB	95%	FusionSeeker	1	0	400	1	0	0	NA	0	1446
positive	100GB	85%	FusionSeeker	1	0	400	1	0	0	NA	0	1445
positive	100GB	90%	FusionSeeker	1	0	400	1	0	0	NA	0	1445
positive	100GB	95%	FusionSeeker	1	0	400	1	0	0	NA	0	1445
positive	100GB	85%	FusionSeeker	1	0	400	1	0	0	NA	0	1444
positive	100GB	90%	FusionSeeker	1	0	400	1	0	0	NA	0	1444
positive	100GB	95%	FusionSeeker	1	0	400	1	0	0	NA	0	1444
positive	100GB	85%	FusionSeeker	1	0	400	1	0	0	NA	0	1443
positive	100GB	90%	FusionSeeker	1	0	400	1	0	0	NA	0	1443
positive	100GB	95%	FusionSeeker	1	0	400	1	0	0	NA	0	1443
positive	100GB	85%	FusionSeeker	1	0	400	1	0	0	NA	0	1442
positive	100GB	90%	FusionSeeker	1	0	400	1	0	0	NA	0	1442
positive	100GB	95%	FusionSeeker	1	0	400	1	0	0	NA	0	1442
positive	100GB	85%	FusionSeeker	1	0	400	1	0	0	NA	0	1441
positive	100GB	90%	FusionSeeker	1	0	400	1	0	0	NA	0	1441
positive	100GB	95%	FusionSeeker	1	0	400	1	0	0	NA	0	1441
positive	100GB	85%	FusionSeeker	1	0	400	1	0	0	NA	0	1440
positive	100GB	90%	FusionSeeker	1	0	400	1	0	0	NA	0	1440
positive	100GB	95%	FusionSeeker	1	0	400	1	0	0	NA	0	1440
positive	100GB	85%	FusionSeeker	1	0	400	1	0	0	NA	0	1439
positive	100GB	90%	FusionSeeker	1	0	400	1	0	0	NA	0	1439
positive	100GB	95%	FusionSeeker	1	0	400	1	0	0	NA	0	1439
positive	100GB	85%	FusionSeeker	1	0	400	1	0	0	NA	0	1438
positive	100GB	90%	FusionSeeker	1	0	400	1	0	0	NA	0	1438
positive	100GB	95%	FusionSeeker	1	0	400	1	0	0	NA	0	1438
positive	100GB	85%	FusionSeeker	1	0	400	1	0	0	NA	0	1437
positive	100GB	90%	FusionSeeker	1	0	400	1	0	0	NA	0	1437
positive	100GB	95%	FusionSeeker	1	0	400	1	0	0	NA	0	1437
positive	100GB	85%	FusionSeeker	1	0	400	1	0	0	NA	0	1436
positive	100GB	90%	FusionSeeker	1	0	400	1	0	0	NA	0	1436
positive	100GB	95%	FusionSeeker	1	0	400	1	0	0	NA	0	1436
positive	100GB	85%	FusionSeeker	1	0	400	1	0	0	NA	0	1435
positive	100GB	90%	FusionSeeker	1	0	400	1	0	0	NA	0	1435
positive	100GB	95%	FusionSeeker	1	0	400	1	0	0	NA	0	1435
positive	100GB	85%	FusionSeeker	1	0	400	1	0	0	NA	0	1434
positive	100GB	90%	FusionSeeker	1	0	400	1	0	0	NA	0	1434
positive	100GB	95%	FusionSeeker	1	0	400	1	0	0	NA	0	1434
positive	100GB	85%	FusionSeeker	1	0	400	1	0	0	NA	0	1433
positive	100GB	90%	FusionSeeker	1	0	400	1	0	0	NA	0	1433
positive	100GB	95%	FusionSeeker	1	0	400	1	0	0	NA	0	1433
positive	100GB	85%	FusionSeeker	1	0	400	1	0	0	NA	0	1432
positive	100GB	90%	FusionSeeker	1	0	400	1	0	0	NA	0	1432
positive	100GB	95%	FusionSeeker	1	0	400	1	0	0	NA	0	1432
positive	100GB	85%	FusionSeeker	1	0	400	1	0	0	NA	0	1431
positive	100GB	90%	FusionSeeker	1	0	400	1	0	0	NA	0	1431
positive	100GB	95%	FusionSeeker	1	0	400	1	0	0	NA	0	1431
positive	100GB	85%	FusionSeeker	1	0	400	1	0	0	NA	0	1430
positive	100GB	90%	FusionSeeker	1	0	400	1	0	0	NA	0	1430
positive	100GB	95%	FusionSeeker	1	0	400	1	0	0	NA	0	1430
positive	100GB	85%	FusionSeeker	1	0	400	1	0	0	NA	0	1429
positive	100GB	90%	FusionSeeker	1	0	400	1	0	0	NA	0	1429
positive	100GB	95%	FusionSeeker	1	0	400	1	0	0	NA	0	1429
positive	100GB	85%	FusionSeeker	1	0	400	1	0	0	NA	0	1428
positive	100GB	90%	FusionSeeker	1	0	400	1	0	0	NA	0	1428
positive	100GB	95%	FusionSeeker	1	0	400	1	0	0	NA	0	1428
positive	100GB	85%	FusionSeeker	1	0	400	1	0	0	NA	0	1427
positive	100GB	90%	FusionSeeker	1	0	400	1	0	0	NA	0	1427
positive	100GB	95%	FusionSeeker	1	0	400	1	0	0	NA	0	1427
positive	100GB	85%	FusionSeeker	1	0	400	1	0	0	NA	0	1426
positive	100GB	90%	FusionSeeker	1	0	400	1	0	0	NA	0	1426
positive	100GB	95%	FusionSeeker	1	0	400	1	0	0	NA	0	1426
positive	100GB	85%	FusionSeeker	1	0	400	1	0	0	NA	0	1425
positive	100GB	90%	FusionSeeker	1	0	400	1	0	0	NA	0	1425
positive	100GB	95%	FusionSeeker	1	0	400	1	0	0	NA	0	1425
positive	100GB	85%	FusionSeeker	1	0	400	1	0	0	NA	0	1424
positive	100GB	90%	FusionSeeker	1	0	400	1	0	0	NA	0	1424
positive	100GB	95%	FusionSeeker	1	0	400	1	0	0	NA	0	1424
positive	100GB	85%	FusionSeeker	1	0	400	1	0	0	NA	0	1423
positive	100GB	90%	FusionSeeker	1	0	400	1	0	0	NA	0	1423
positive	100GB	95%	FusionSeeker	1	0	400	1	0	0	NA	0	1423
positive	100GB	85%	FusionSeeker	1	0	400	1	0	0	NA	0	1422
positive	100GB	90%	FusionSeeker	1	0	400	1	0	0	NA	0	1422
positive	100GB	95%	FusionSeeker	1	0	400	1	0	0	NA	0	1422
positive	100GB	85%	FusionSeeker	1	0	400	1	0	0	NA	0	1421
positive	100GB	90%	FusionSeeker	1	0	400	1	0	0	NA	0	1421
positive	100GB	95%	FusionSeeker	1	0	400	1	0	0	NA	0	1421
positive	100GB	85%	FusionSeeker	1	0	400	1	0	0	NA	0	1420
positive	100GB	90%	FusionSeeker	1	0	400	1	0	0	NA	0	1420
positive	100GB	95%	FusionSeeker	1	0	400	1	0	0	NA	0	1420
positive	100GB	85%	FusionSeeker	1	0	400	1	0	0	NA	0	1419
positive	100GB	90%	FusionSeeker	1	0	400	1	0	0	NA	0	1419
positive	100GB	95%	FusionSeeker	1	0	400	1	0	0	NA	0	1419
positive	100GB	85%	FusionSeeker	1	0	400	1	0	0	NA	0	1418
positive	100GB	90%	FusionSeeker	1	0	400	1	0	0	NA	0	1418
positive	100GB	95%	FusionSeeker	1	0	400	1	0	0	NA	0	1418
positive	100GB	85%	FusionSeeker	1	0	400	1	0	0	NA	0	1417
positive	100GB	90%	FusionSeeker	1	0	400	1	0	0	NA	0	1417
positive	100GB	95%	FusionSeeker	1	0	400	1	0	0	NA	0	1417
positive	100GB	85%	FusionSeeker	1	0	400	1	0	0	NA	0	1416
positive	100GB	90%	FusionSeeker	1	0	400	1	0	0	NA	0	1416
positive	100GB	95%	FusionSeeker	1	0	400	1	0	0	NA	0	1416
positive	100GB	85%	FusionSeeker	1	0	400	1	0	0	NA	0	1415
positive	100GB	90%	FusionSeeker	1	0	400	1	0	0	NA	0	1415
positive	100GB	95%	FusionSeeker	1	0	400	1	0	0	NA	0	1415
positive	100GB	85%	FusionSeeker	1	0	400	1	0	0	NA	0	1414
positive	100GB	90%	FusionSeeker	1	0	400	1	0	0	NA	0	1414
positive	100GB	95%	FusionSeeker	1	0	400	1	0	0	NA	0	1414
positive	100GB	85%	FusionSeeker	1	0	400	1	0	0	NA	0	1413
positive	100GB	90%	FusionSeeker	1	0	400	1	0	0	NA	0	1413
positive	100GB	95%	FusionSeeker	1	0	400	1	0	0	NA	0	1413
positive	100GB	85%	FusionSeeker	1	0	400	1	0	0	NA	0	1412
positive	100GB	90%	FusionSeeker	1	0	400	1	0	0	NA	0	1412
positive	100GB	95%	FusionSeeker	1	0	400	1	0	0	NA	0	1412
positive	100GB	85%	FusionSeeker	1	0	400	1	0	0	NA	0	1411
positive	100GB	90%	FusionSeeker	1	0	400	1	0	0	NA	0	1411
positive	100GB	95%	FusionSeeker	1	0	400	1	0	0	NA	0	1411
positive	100GB	85%	FusionSeeker	1	0	400	1	0	0	NA	0	1410
positive	100GB	90%	FusionSeeker	1	0	400	1	0	0	NA	0	1410
positive	100GB	95%	FusionSeeker	1	0	400	1	0	0	NA	0	1410
positive	100GB	85%	FusionSeeker	1	0	400	1	0	0	NA	0	1409
positive	100GB	90%	FusionSeeker	1	0	400	1	0	0	NA	0	1409
positive	100GB	95%	FusionSeeker	1	0	400	1	0	0	NA	0	1409
positive	100GB	85%	FusionSeeker	1	0	400	1	0	0	NA	0	1408
positive	100GB	90%	FusionSeeker	1	0	400	1	0	0	NA	0	1408
positive	100GB	95%	FusionSeeker	1	0	400	1	0	0	NA	0	1408
positive	100GB	85%	FusionSeeker	1	0	400	1	0	0	NA	0	1407
positive	100GB	90%	FusionSeeker	1	0	400	1	0	0	NA	0	1407
positive	100GB	95%	FusionSeeker	1	0	400	1	0	0	NA	0	1407
positive	100GB	85%	FusionSeeker	1	0	400	1	0	0	NA	0	1406
positive	100GB	90%	FusionSeeker	1	0	400	1	0	0	NA	0	1406
positive	100GB	95%	FusionSeeker	1	0	400	1	0	0	NA	0	1406
positive	100GB	85%	FusionSeeker	1	0	400	1	0	0	NA	0	1405
positive	100GB	90%	FusionSeeker	1	0	400	1	0	0	NA	0	1405
positive	100GB	95%	FusionSeeker	1	0	400	1	0	0	NA	0	1405
positive	100GB	85%	FusionSeeker	1	0	400	1	0	0	NA	0	1404
positive	100GB	90%	FusionSeeker	1	0	400	1	0	0	NA	0	1404
positive	100GB	95%	FusionSeeker	1	0	400	1	0	0	NA	0	1404
positive	100GB	85%	FusionSeeker	1	0	400	1	0	0	NA	0	1403
positive	100GB	90%	FusionSeeker	1	0	400	1	0	0	NA	0	1403
positive	100GB	95%	FusionSeeker	1	0	400	1	0	0	NA	0	1403
positive	100GB	85%	FusionSeeker	1	0	400	1	0	0	NA	0	1402
positive	100GB	90%	FusionSeeker	1	0	400	1	0	0	NA	0	1402
positive	100GB	95%	FusionSeeker	1	0	400	1	0	0	NA	0	1402
positive	100GB	85%	FusionSeeker	1	0	400	1	0	0	NA	0	1401
positive	100GB	90%	FusionSeeker	1	0	400	1	0	0	NA	0	1401
positive	100GB	95%	FusionSeeker	1	0	400	1	0	0	NA	0	1401
positive	100GB	85%	FusionSeeker	1	0	400	1	0	0	NA	0	1400
positive	100GB	90%	FusionSeeker	1	0	400	1	0	0	NA	0	1400
positive	100GB	95%	FusionSeeker	1	0	400	1	0	0	NA	0	1400
positive	100GB	85%	FusionSeeker	1	0	400	1	0	0	NA	0	1399
positive	100GB	90%	FusionSeeker	1	0	400	1	0	0	NA	0	1399
positive	100GB	95%	FusionSeeker	1	0	400	1	0	0	NA	0	1399
positive	100GB	85%	FusionSeeker	1	0	400	1	0	0	NA	0	1398
positive	100GB	90%	FusionSeeker	1	0	400	1	0	0	NA	0	1398
positive	100GB	95%	FusionSeeker	1	0	400	1	0	0	NA	0	1398
positive	100GB	85%	FusionSeeker	1	0	400	1	0	0	NA	0	1397
positive	100GB	90%	FusionSeeker	1	0	400	1	0	0	NA	0	1397
positive	100GB	95%	FusionSeeker	1	0	400	1	0	0	NA	0	1397
positive	100GB	85%	FusionSeeker	1	0	400	1	0	0	NA	0	1396
positive	100GB	90%	FusionSeeker	1	0	400	1	0	0	NA	0	1396
positive	100GB	95%	FusionSeeker	1	0	400	1	0	0	NA	0	1396
positive	100GB	85%	FusionSeeker	1	0	400	1	0	0	NA	0	1395
positive	100GB	90%	FusionSeeker	1	0	400	1	0	0	NA	0	1395
positive	100GB	95%	FusionSeeker	1	0	400	1	0	0	NA	0	1395
positive	100GB	85%	FusionSeeker	1	0	400	1	0	0	NA	0	1394
positive	100GB	90%	FusionSeeker	1	0	400	1	0	0	NA	0	1394
positive	100GB	95%	FusionSeeker	1	0	400	1	0	0	NA	0	1394
positive	100GB	85%	FusionSeeker	1	0	400	1	0	0	NA	0	1393
positive	100GB	90%	FusionSeeker	1	0	400	1	0	0	NA	0	1393
positive	100GB	95%	FusionSeeker	1	0	400	1	0	0	NA	0	1393
positive	100GB	85%	FusionSeeker	1	0	400	1	0	0	NA	0	1392
positive	100GB	90%	FusionSeeker	1	0	400	1	0	0	NA	0	1392
positive	100GB	95%	FusionSeeker	1	0	400	1	0	0	NA	0	1392
positive	100GB	85%	FusionSeeker	1	0	400	1	0	0	NA	0	1391
positive	100GB	90%	FusionSeeker	1	0	400	1	0	0	NA	0	1391
positive	100GB	95%	FusionSeeker	1	0	400	1	0	0	NA	0	1391
positive	100GB	85%	FusionSeeker	1	0	400	1	0	0	NA	0	1390
positive	100GB	90%	FusionSeeker	1	0	400	1	0	0	NA	0	1390
positive	100GB	95%	FusionSeeker	1	0	400	1	0	0	NA	0	1390
positive	100GB	85%	FusionSeeker	1	0	400	1	0	0	NA	0	1389
positive	100GB	90%	FusionSeeker	1	0	400	1	0	0	NA	0	1389
positive	100GB	95%	FusionSeeker	1	0	400	1	0	0	NA	0	1389
positive	100GB	85%	FusionSeeker	1	0	400	1	0	0	NA	0	1388
positive	100GB	90%	FusionSeeker	1	0	400	1	0	0	NA	0	1388
positive	100GB	95%	FusionSeeker	1	0	400	1	0	0	NA	0	1388
positive	100GB	85%	FusionSeeker	1	0	400	1	0	0	NA	0	1387
positive	100GB	90%	FusionSeeker	1	0	400	1	0	0	NA	0	1387
positive	100GB	95%	FusionSeeker	1	0	400	1	0	0	NA	0	1387
positive	100GB	85%	FusionSeeker	1	0	400	1	0	0	NA	0	1386
positive	100GB	90%	FusionSeeker	1	0	400	1	0	0	NA	0	1386
positive	100GB	95%	FusionSeeker	1	0	400	1	0	0	NA	0	1386
positive	100GB	85%	FusionSeeker	1	0	400	1	0	0	NA	0	1385
positive	100GB	90%	FusionSeeker	1	0	400	1	0	0	NA	0	1385
positive	100GB	95%	FusionSeeker	1	0	400	1	0	0	NA	0	1385
positive	100GB	85%	FusionSeeker	1	0	400	1	0	0	NA	0	1384
positive	100GB	90%	FusionSeeker	1	0	400	1	0	0	NA	0	1384
positive	100GB	95%	FusionSeeker	1	0	400	1	0	0	NA	0	1384
positive	100GB	85%	FusionSeeker	1	0	400	1	0	0	NA	0	1383
positive	100GB	90%	FusionSeeker	1	0	400	1	0	0	NA	0	1383
positive	100GB	95%	FusionSeeker	1	0	400	1	0	0	NA	0	1383
positive	100GB	85%	FusionSeeker	1	0	400	1	0	0	NA	0	1382
positive	100GB	90%	FusionSeeker	1	0	400	1	0	0	NA	0	1382
positive	100GB	95%	FusionSeeker	1	0	400	1	0	0	NA	0	1382
positive	100GB	85%	FusionSeeker	1	0	400	1	0	0	NA	0	1381
positive	100GB	90%	FusionSeeker	1	0	400	1	0	0	NA	0	1381
positive	100GB	95%	FusionSeeker	1	0	400	1	0	0	NA	0	1381
positive	100GB	85%	FusionSeeker	1	0	400	1	0	0	NA	0	1380
positive	100GB	90%	FusionSeeker	1	0	400	1	0	0	NA	0	1380
positive	100GB	95%	FusionSeeker	1	0	400	1	0	0	NA	0	1380
positive	100GB	85%	FusionSeeker	1	0	400	1	0	0	NA	0	1379
positive	100GB	90%	FusionSeeker	1	0	400	1	0	0	NA	0	1379
positive	100GB	95%	FusionSeeker	1	0	400	1	0	0	NA	0	1379
positive	100GB	85%	FusionSeeker	1	0	400	1	0	0	NA	0	1378
positive	100GB	90%	FusionSeeker	1	0	400	1	0	0	NA	0	1378
positive	100GB	95%	FusionSeeker	1	0	400	1	0	0	NA	0	1378
positive	100GB	85%	FusionSeeker	1	0	400	1	0	0	NA	0	1377
positive	100GB	90%	FusionSeeker	1	0	400	1	0	0	NA	0	1377
positive	100GB	95%	FusionSeeker	1	0	400	1	0	0	NA	0	1377
positive	100GB	85%	FusionSeeker	1	0	400	1	0	0	NA	0	1376
positive	100GB	90%	FusionSeeker	1	0	400	1	0	0	NA	0	1376
positive	100GB	95%	FusionSeeker	1	0	400	1	0	0	NA	0	1376
positive	100GB	85%	FusionSeeker	1	0	400	1	0	0	NA	0	1375
positive	100GB	90%	FusionSeeker	1	0	400	1	0	0	NA	0	1375
positive	100GB	95%	FusionSeeker	1	0	400	1	0	0	NA	0	1375
positive	100GB	85%	FusionSeeker	1	0	400	1	0	0	NA	0	1374
positive	100GB	90%	FusionSeeker	1	0	400	1	0	0	NA	0	1374
positive	100GB	95%	FusionSeeker	1	0	400	1	0	0	NA	0	1374
positive	100GB	85%	FusionSeeker	1	0	400	1	0	0	NA	0	1373
positive	100GB	90%	FusionSeeker	1	0	400	1	0	0	NA	0	1373
positive	100GB	95%	FusionSeeker	1	0	400	1	0	0	NA	0	1373
positive	100GB	85%	FusionSeeker	1	0	400	1	0	0	NA	0	1372
positive	100GB	90%	FusionSeeker	1	0	400	1	0	0	NA	0	1372
positive	100GB	95%	FusionSeeker	1	0	400	1	0	0	NA	0	1372
positive	100GB	85%	FusionSeeker	1	0	400	1	0	0	NA	0	1371
positive	100GB	90%	FusionSeeker	1	0	400	1	0	0	NA	0	1371
positive	100GB	95%	FusionSeeker	1	0	400	1	0	0	NA	0	1371
positive	100GB	85%	FusionSeeker	1	0	400	1	0	0	NA	0	1370
positive	100GB	90%	FusionSeeker	1	0	400	1	0	0	NA	0	1370
positive	100GB	95%	FusionSeeker	1	0	400	1	0	0	NA	0	1370
positive	100GB	85%	FusionSeeker	1	0	400	1	0	0	NA	0	1369
positive	100GB	90%	FusionSeeker	1	0	400	1	0	0	NA	0	1369
positive	100GB	95%	FusionSeeker	1	0	400	1	0	0	NA	0	1369
positive	100GB	85%	FusionSeeker	1	0	400	1	0	0	NA	0	1368
positive	100GB	90%	FusionSeeker	1	0	400	1	0	0	NA	0	1368
positive	100GB	95%	FusionSeeker	1	0	400	1	0	0	NA	0	1368
positive	100GB	85%	FusionSeeker	1	0	400	1	0	0	NA	0	1367
positive	100GB	90%	FusionSeeker	1	0	400	1	0	0	NA	0	1367
positive	100GB	95%	FusionSeeker	1	0	400	1	0	0	NA	0	1367
positive	100GB	85%	FusionSeeker	1	0	400	1	0	0	NA	0	1366
positive	100GB	90%	FusionSeeker	1	0	400	1	0	0	NA	0	1366
positive	100GB	95%	FusionSeeker	1	0	400	1	0	0	NA	0	1366
positive	100GB	85%	FusionSeeker	1	0	400	1	0	0	NA	0	1365
positive	100GB	90%	FusionSeeker	1	0	400	1	0	0	NA	0	1365
positive	100GB	95%	FusionSeeker	1	0	400	1	0	0	NA	0	1365
positive	100GB	85%	FusionSeeker	1	0	400	1	0	0	NA	0	1364
positive	100GB	90%	FusionSeeker	1	0	400	1	0	0	NA	0	1364
positive	100GB	95%	FusionSeeker	1	0	400	1	0	0	NA	0	1364
positive	100GB	85%	FusionSeeker	1	0	400	1	0	0	NA	0	1363
positive	100GB	90%	FusionSeeker	1	0	400	1	0	0	NA	0	1363
positive	100GB	95%	FusionSeeker	1	0	400	1	0	0	NA	0	1363
positive	100GB	85%	FusionSeeker	1	0	400	1	0	0	NA	0	1362
positive	100GB	90%	FusionSeeker	1	0	400	1	0	0	NA	0	1362
positive	100GB	95%	FusionSeeker	1	0	400	1	0	0	NA	0	1362
positive	100GB	85%	FusionSeeker	1	0	400	1	0	0	NA	0	1361
positive	100GB	90%	FusionSeeker	1	0	400	1	0	0	NA	0	1361
positive	100GB	95%	FusionSeeker	1	0	400	1	0	0	NA	0	1361
positive	100GB	85%	FusionSeeker	1	0	400	1	0	0	NA	0	1360
positive	100GB	90%	FusionSeeker	1	0	400	1	0	0	NA	0	1360
positive	100GB	95%	FusionSeeker	1	0	400	1	0	0	NA	0	1360
positive	100GB	85%	FusionSeeker	1	0	400	1	0	0	NA	0	1359
positive	100GB	90%	FusionSeeker	1	0	400	1	0	0	NA	0	1359
positive	100GB	95%	FusionSeeker	1	0	400	1	0	0	NA	0	1359
positive	100GB	85%	FusionSeeker	1	0	400	1	0	0	NA	0	1358
positive	100GB	90%	FusionSeeker	1	0	400	1	0	0	NA	0	1358
positive	100GB	95%	FusionSeeker	1	0	400	1	0	0	NA	0	1358
positive	100GB	85%	FusionSeeker	1	0	400	1	0	0	NA	0	1357
positive	100GB	90%	FusionSeeker	1	0	400	1	0	0	NA	0	1357
positive	100GB	95%	FusionSeeker	1	0	400	1	0	0	NA	0	1357
positive	100GB	85%	FusionSeeker	1	0	400	1	0	0	NA	0	1356
positive	100GB	90%	FusionSeeker	1	0	400	1	0	0	NA	0	1356
positive	100GB	95%	FusionSeeker	1	0	400	1	0	0	NA	0	1356
positive	100GB	85%	FusionSeeker	1	0	400	1	0	0	NA	0	1355
positive	100GB	90%	FusionSeeker	1	0	400	1	0	0	NA	0	1355
positive	100GB	95%	FusionSeeker	1	0	400	1	0	0	NA	0	1355
positive	100GB	85%	FusionSeeker	1	0	400	1	0	0	NA	0	1354
positive	100GB	90%	FusionSeeker	1	0	400	1	0	0	NA	0	1354
positive	100GB	95%	FusionSeeker	1	0	400	1	0	0	NA	0	1354
positive	100GB	85%	FusionSeeker	1	0	400	1	0	0	NA	0	1353
positive	100GB	90%	FusionSeeker	1	0	400	1	0	0	NA	0	1353
positive	100GB	95%	FusionSeeker	1	0	400	1	0	0	NA	0	1353
positive	100GB	85%	FusionSeeker	1	0	400	1	0	0	NA	0	1352
positive	100GB	90%	FusionSeeker	1	0	400	1	0	0	NA	0	1352
positive	100GB	95%	FusionSeeker	1	0	400	1	0	0	NA	0	1352
positive	100GB	85%	FusionSeeker	1	0	400	1	0	0	NA	0	1351
positive	100GB	90%	FusionSeeker	1	0	400	1	0	0	NA	0	1351
positive	100GB	95%	FusionSeeker	1	0	400	1	0	0	NA	0	1351
positive	100GB	85%	FusionSeeker	1	0	400	1	0	0	NA	0	1350
positive	100GB	90%	FusionSeeker	1	0	400	1	0	0	NA	0	1350
positive	100GB	95%	FusionSeeker	1	0	400	1	0	0	NA	0	1350
positive	100GB	85%	FusionSeeker	1	0	400	1	0	0	NA	0	1349
positive	100GB	90%	FusionSeeker	1	0	400	1	0	0	NA	0	1349
positive	100GB	95%	FusionSeeker	1	0	400	1	0	0	NA	0	1349
positive	100GB	85%	FusionSeeker	1	0	400	1	0	0	NA	0	1348
positive	100GB	90%	FusionSeeker	1	0	400	1	0	0	NA	0	1348
positive	100GB	95%	FusionSeeker	1	0	400	1	0	0	NA	0	1348
positive	100GB	85%	FusionSeeker	1	0	400	1	0	0	NA	0	1347
positive	100GB	90%	FusionSeeker	1	0	400	1	0	0	NA	0	1347
positive	100GB	95%	FusionSeeker	1	0	400	1	0	0	NA	0	1347
positive	100GB	85%	FusionSeeker	1	0	400	1	0	0	NA	0	1346
positive	100GB	90%	FusionSeeker	1	0	400	1	0	0	NA	0	1346
positive	100GB	95%	FusionSeeker	1	0	400	1	0	0	NA	0	1346
positive	100GB	85%	FusionSeeker	1	0	400	1	0	0	NA	0	1345
positive	100GB	90%	FusionSeeker	1	0	400	1	0	0	NA	0	1345
positive	100GB	95%	FusionSeeker	1	0	400	1	0	0	NA	0	1345
positive	100GB	85%	FusionSeeker	1	0	400	1	0	0	NA	0	1344
positive	100GB	90%	FusionSeeker	1	0	400	1	0	0	NA	0	1344
positive	100GB	95%	FusionSeeker	1	0	400	1	0	0	NA	0	1344
positive	100GB	85%	FusionSeeker	1	0	400	1	0	0	NA	0	1343
positive	100GB	90%	FusionSeeker	1	0	400	1	0	0	NA	0	1343
positive	100GB	95%	FusionSeeker	1	0	400	1	0	0	NA	0	1343
positive	100GB	85%	FusionSeeker	1	0	400	1	0	0	NA	0	1342
positive	100GB	90%	FusionSeeker	1	0	400	1	0	0	NA	0	1342
positive	100GB	95%	FusionSeeker	1	0	400	1	0	0	NA	0	1342
positive	100GB	85%	FusionSeeker	1	0	400	1	0	0	NA	0	1341
positive	100GB	90%	FusionSeeker	1	0	400	1	0	0	NA	0	1341
positive	100GB	95%	FusionSeeker	1	0	400	1	0	0	NA	0	1341
positive	100GB	85%	FusionSeeker	1	0	400	1	0	0	NA	0	1340
positive	100GB	90%	FusionSeeker	1	0	400	1	0	0	NA	0	1340
positive	100GB	95%	FusionSeeker	1	0	400	1	0	0	NA	0	1340
positive	100GB	85%	FusionSeeker	1	0	400	1	0	0	NA	0	1339
positive	100GB	90%	FusionSeeker	1	0	400	1	0	0	NA	0	1339
positive	100GB	95%	FusionSeeker	1	0	400	1	0	0	NA	0	1339
positive	100GB	85%	FusionSeeker	1	0	400	1	0	0	NA	0	1338
positive	100GB	90%	FusionSeeker	1	0	400	1	0	0	NA	0	1338
positive	100GB	95%	FusionSeeker	1	0	400	1	0	0	NA	0	1338
positive	100GB	85%	FusionSeeker	1	0	400	1	0	0	NA	0	1337
positive	100GB	90%	FusionSeeker	1	0	400	1	0	0	NA	0	1337
positive	100GB	95%	FusionSeeker	1	0	400	1	0	0	NA	0	1337
positive	100GB	85%	FusionSeeker	1	0	400	1	0	0	NA	0	1336
positive	100GB	90%	FusionSeeker	1	0	400	1	0	0	NA	0	1336
positive	100GB	95%	FusionSeeker	1	0	400	1	0	0	NA	0	1336
positive	100GB	85%	FusionSeeker	1	0	400	1	0	0	NA	0	1335
positive	100GB	90%	FusionSeeker	1	0	400	1	0	0	NA	0	1335
positive	100GB	95%	FusionSeeker	1	0	400	1	0	0	NA	0	1335
positive	100GB	85%	FusionSeeker	1	0	400	1	0	0	NA	0	1334
positive	100GB	90%	FusionSeeker	1	0	400	1	0	0	NA	0	1334
positive	100GB	95%	FusionSeeker	1	0	400	1	0	0	NA	0	1334
positive	100GB	85%	FusionSeeker	1	0	400	1	0	0	NA	0	1333
positive	100GB	90%	FusionSeeker	1	0	400	1	0	0	NA	0	1333
positive	100GB	95%	FusionSeeker	1	0	400	1	0	0	NA	0	1333
positive	100GB	85%	FusionSeeker	1	0	400	1	0	0	NA	0	1332
positive	100GB	90%	FusionSeeker	1	0	400	1	0	0	NA	0	1332
positive	100GB	95%	FusionSeeker	1	0	400	1	0	0	NA	0	1332
positive	100GB	85%	FusionSeeker	1	0	400	1	0	0	NA	0	1331
positive	100GB	90%	FusionSeeker	1	0	400	1	0	0	NA	0	1331
positive	100GB	95%	FusionSeeker	1	0	400	1	0	0	NA	0	1331
positive	100GB	85%	FusionSeeker	1	0	400	1	0	0	NA	0	1330
positive	100GB	90%	FusionSeeker	1	0	400	1	0	0	NA	0	1330
positive	100GB	95%	FusionSeeker	1	0	400	1	0	0	NA	0	1330
positive	100GB	85%	FusionSeeker	1	0	400	1	0	0	NA	0	1329
positive	100GB	90%	FusionSeeker	1	0	400	1	0	0	NA	0	1329
positive	100GB	95%	FusionSeeker	1	0	400	1	0	0	NA	0	1329
positive	100GB	85%	FusionSeeker	1	0	400	1	0	0	NA	0	1328
positive	100GB	90%	FusionSeeker	1	0	400	1	0	0	NA	0	1328
positive	100GB	95%	FusionSeeker	1	0	400	1	0	0	NA	0	1328
positive	100GB	85%	FusionSeeker	1	0	400	1	0	0	NA	0	1327
positive	100GB	90%	FusionSeeker	1	0	400	1	0	0	NA	0	1327
positive	100GB	95%	FusionSeeker	1	0	400	1	0	0	NA	0	1327
positive	100GB	85%	FusionSeeker	1	0	400	1	0	0	NA	0	1326
positive	100GB	90%	FusionSeeker	1	0	400	1	0	0	NA	0	1326
positive	100GB	95%	FusionSeeker	1	0	400	1	0	0	NA	0	1326
positive	100GB	85%	FusionSeeker	1	0	400	1	0	0	NA	0	1325
positive	100GB	90%	FusionSeeker	1	0	400	1	0	0	NA	0	1325
positive	100GB	95%	FusionSeeker	1	0	400	1	0	0	NA	0	1325
positive	100GB	85%	FusionSeeker	1	0	400	1	0	0	NA	0	1324
positive	100GB	90%	FusionSeeker	1	0	400	1	0	0	NA	0	1324
positive	100GB	95%	FusionSeeker	1	0	400	1	0	0	NA	0	1324
positive	100GB	85%	FusionSeeker	1	0	400	1	0	0	NA	0	1323
positive	100GB	90%	FusionSeeker	1	0	400	1	0	0	NA	0	1323
positive	100GB	95%	FusionSeeker	1	0	400	1	0	0	NA	0	1323
positive	100GB	85%	FusionSeeker	1	0	400	1	0	0	NA	0	1322
positive	100GB	90%	FusionSeeker	1	0	400	1	0	0	NA	0	1322
positive	100GB	95%	FusionSeeker	1	0	400	1	0	0	NA	0	1322
positive	100GB	85%	FusionSeeker	1	0	400	1	0	0	NA	0	1321
positive	100GB	90%	FusionSeeker	1	0	400	1	0	0	NA	0	1321
positive	100GB	95%	FusionSeeker	1	0	400	1	0	0	NA	0	1321
positive	100GB	85%	FusionSeeker	1	0	400	1	0	0	NA	0	1320
positive	100GB	90%	FusionSeeker	1	0	400	1	0	0	NA	0	1320
positive	100GB	95%	FusionSeeker	1	0	400	1	0	0	NA	0	1320
positive	100GB	85%	FusionSeeker	1	0	400	1	0	0	NA	0	1319
positive	100GB	90%	FusionSeeker	1	0	400	1	0	0	NA	0	1319
positive	100GB	95%	FusionSeeker	1	0	400	1	0	0	NA	0	1319
positive	100GB	85%	FusionSeeker	1	0	400	1	0	0	NA	0	1318
positive	100GB	90%	FusionSeeker	1	0	400	1	0	0	NA	0	1318
positive	100GB	95%	FusionSeeker	1	0	400	1	0	0	NA	0	1318
positive	100GB	85%	FusionSeeker	1	0	400	1	0	0	NA	0	1317
positive	100GB	90%	FusionSeeker	1	0	400	1	0	0	NA	0	1317
positive	100GB	95%	FusionSeeker	1	0	400	1	0	0	NA	0	1317
positive	100GB	85%	FusionSeeker	1	0	400	1	0	0	NA	0	1316
positive	100GB	90%	FusionSeeker	1	0	400	1	0	0	NA	0	1316
positive	100GB	95%	FusionSeeker	1	0	400	1	0	0	NA	0	1316
positive	100GB	85%	FusionSeeker	1	0	400	1	0	0	NA	0	1315
positive	100GB	90%	FusionSeeker	1	0	400	1	0	0	NA	0	1315
positive	100GB	95%	FusionSeeker	1	0	400	1	0	0	NA	0	1315
positive	100GB	85%	FusionSeeker	1	0	400	1	0	0	NA	0	1314
positive	100GB	90%	FusionSeeker	1	0	400	1	0	0	NA	0	1314
positive	100GB	95%	FusionSeeker	1	0	400	1	0	0	NA	0	1314
positive	100GB	85%	FusionSeeker	1	0	400	1	0	0	NA	0	1313
positive	100GB	90%	FusionSeeker	1	0	400	1	0	0	NA	0	1313
positive	100GB	95%	FusionSeeker	1	0	400	1	0	0	NA	0	1313
positive	100GB	85%	FusionSeeker	1	0	400	1	0	0	NA	0	1312
positive	100GB	90%	FusionSeeker	1	0	400	1	0	0	NA	0	1312
positive	100GB	95%	FusionSeeker	1	0	400	1	0	0	NA	0	1312
positive	100GB	85%	FusionSeeker	1	0	400	1	0	0	NA	0	1311
positive	100GB	90%	FusionSeeker	1	0	400	1	0	0	NA	0	1311
positive	100GB	95%	FusionSeeker	1	0	400	1	0	0	NA	0	1311
positive	100GB	85%	FusionSeeker	1	0	400	1	0	0	NA	0	1310
positive	100GB	90%	FusionSeeker	1	0	400	1	0	0	NA	0	1310
positive	100GB	95%	FusionSeeker	1	0	400	1	0	0	NA	0	1310
positive	100GB	85%	FusionSeeker	1	0	400	1	0	0	NA	0	1309
positive	100GB	90%	FusionSeeker	1	0	400	1	0	0	NA	0	1309
positive	100GB	95%	FusionSeeker	1	0	400	1	0	0	NA	0	1309
positive	100GB	85%	FusionSeeker	1	0	400	1	0	0	NA	0	1308
positive	100GB	90%	FusionSeeker	1	0	400	1	0	0	NA	0	1308
positive	100GB	95%	FusionSeeker	1	0	400	1	0	0	NA	0	1308
positive	100GB	85%	FusionSeeker	1	0	400	1	0	0	NA	0	1307
positive	100GB	90%	FusionSeeker	1	0	400	1	0	0	NA	0	1307
positive	100GB	95%	FusionSeeker	1	0	400	1	0	0	NA	0	1307
positive	100GB	85%	FusionSeeker	1	0	400	1	0	0	NA	0	1306
positive	100GB	90%	FusionSeeker	1	0	400	1	0	0	NA	0	1306
positive	100GB	95%	FusionSeeker	1	0	400	1	0	0	NA	0	1306
positive	100GB	85%	FusionSeeker	1	0	400	1	0	0	NA	0	1305
positive	100GB	90%	FusionSeeker	1	0	400	1	0	0	NA	0	1305
positive	100GB	95%	FusionSeeker	1	0	400	1	0	0	NA	0	1305
positive	100GB	85%	FusionSeeker	1	0	400	1	0	0	NA	0	1304
positive	100GB	90%	FusionSeeker	1	0	400	1	0	0	NA	0	1304
positive	100GB	95%	FusionSeeker	1	0	400	1	0	0	NA	0	1304
positive	100GB	85%	FusionSeeker	1	0	400	1	0	0	NA	0	1303
positive	100GB	90%	FusionSeeker	1	0	400	1	0	0	NA	0	1303
positive	100GB	95%	FusionSeeker	1	0	400	1	0	0	NA	0	1303
positive	100GB	85%	FusionSeeker	1	0	400	1	0	0	NA	0	1302
positive	100GB	90%	FusionSeeker	1	0	400	1	0	0	NA	0	1302
positive	100GB	95%	FusionSeeker	1	0	400	1	0	0	NA	0	1302
positive	100GB	85%	FusionSeeker	1	0	400	1	0	0	NA	0	1301
positive	100GB	90%	FusionSeeker	1	0	400	1	0	0	NA	0	1301
positive	100GB	95%	FusionSeeker	1	0	400	1	0	0	NA	0	1301
positive	100GB	85%	FusionSeeker	1	0	400	1	0	0	NA	0	1300
positive	100GB	90%	FusionSeeker	1	0	400	1	0	0	NA	0	1300
positive	100GB	95%	FusionSeeker	1	0	400	1	0	0	NA	0	1300
positive	100GB	85%	FusionSeeker	1	0	400	1	0	0	NA	0	1299
positive	100GB	90%	FusionSeeker	1	0	400	1	0	0	NA	0	1299
positive	100GB	95%	FusionSeeker	1	0	400	1	0	0	NA	0	1299
positive	100GB	85%	FusionSeeker	1	0	400	1	0	0	NA	0	1298
positive	100GB	90%	FusionSeeker	1	0	400	1	0	0	NA	0	1298
positive	100GB	95%	FusionSeeker	1	0	400	1	0	0	NA	0	1298
positive	100GB	85%	FusionSeeker	1	0	400	1	0	0	NA	0	1297
positive	100GB	90%	FusionSeeker	1	0	400	1	0	0	NA	0	1297
positive	100GB	95%	FusionSeeker	1	0	400	1	0	0	NA	0	1297
positive	100GB	85%	FusionSeeker	1	0	400	1	0	0	NA	0	1296
positive	100GB	90%	FusionSeeker	1	0	400	1	0	0	NA	0	1296
positive	100GB	95%	FusionSeeker	1	0	400	1	0	0	NA	0	1296
positive	100GB	85%	FusionSeeker	1	0	400	1	0	0	NA	0	1295
positive	100GB	90%	FusionSeeker	1	0	400	1	0	0	NA	0	1295
positive	100GB	95%	FusionSeeker	1	0	400	1	0	0	NA	0	1295
positive	100GB	85%	FusionSeeker	1	0	400	1	0	0	NA	0	1294
positive	100GB	90%	FusionSeeker	1	0	400	1	0	0	NA	0	1294
positive	100GB	95%	FusionSeeker	1	0	400	1	0	0	NA	0	1294
positive	100GB	85%	FusionSeeker	1	0	400	1	0	0	NA	0	1293
positive	100GB	90%	FusionSeeker	1	0	400	1	0	0	NA	0	1293
positive	100GB	95%	FusionSeeker	1	0	400	1	0	0	NA	0	1293
positive	100GB	85%	FusionSeeker	1	0	400	1	0	0	NA	0	1292
positive	100GB	90%	FusionSeeker	1	0	400	1	0	0	NA	0	1292
positive	100GB	95%	FusionSeeker	1	0	400	1	0	0	NA	0	1292
positive	100GB	85%	FusionSeeker	1	0	400	1	0	0	NA	0	1291
positive	100GB	90%	FusionSeeker	1	0	400	1	0	0	NA	0	1291
positive	100GB	95%	FusionSeeker	1	0	400	1	0	0	NA	0	1291
positive	100GB	85%	FusionSeeker	1	0	400	1	0	0	NA	0	1290
positive	100GB	90%	FusionSeeker	1	0	400	1	0	0	NA	0	1290
positive	100GB	95%	FusionSeeker	1	0	400	1	0	0	NA	0	1290
positive	100GB	85%	FusionSeeker	1	0	400	1	0	0	NA	0	1289
positive	100GB	90%	FusionSeeker	1	0	400	1	0	0	NA	0	1289
positive	100GB	95%	FusionSeeker	1	0	400	1	0	0	NA	0	1289
positive	100GB	85%	FusionSeeker	1	0	400	1	0	0	NA	0	1288
positive	100GB	90%	FusionSeeker	1	0	400	1	0	0	NA	0	1288
positive	100GB	95%	FusionSeeker	1	0	400	1	0	0	NA	0	1288
positive	100GB	85%	FusionSeeker	1	0	400	1	0	0	NA	0	1287
positive	100GB	90%	FusionSeeker	1	0	400	1	0	0	NA	0	1287
positive	100GB	95%	FusionSeeker	1	0	400	1	0	0	NA	0	1287
positive	100GB	85%	FusionSeeker	1	0	400	1	0	0	NA	0	1286
positive	100GB	90%	FusionSeeker	1	0	400	1	0	0	NA	0	1286
positive	100GB	95%	FusionSeeker	1	0	400	1	0	0	NA	0	1286
positive	100GB	85%	FusionSeeker	1	0	400	1	0	0	NA	0	1285
positive	100GB	90%	FusionSeeker	1	0	400	1	0	0	NA	0	1285
positive	100GB	95%	FusionSeeker	1	0	400	1	0	0	NA	0	1285
positive	100GB	85%	FusionSeeker	1	0	400	1	0	0	NA	0	1284
positive	100GB	90%	FusionSeeker	1	0	400	1	0	0	NA	0	1284
positive	100GB	95%	FusionSeeker	1	0	400	1	0	0	NA	0	1284
positive	100GB	85%	FusionSeeker	1	0	400	1	0	0	NA	0	1283
positive	100GB	90%	FusionSeeker	1	0	400	1	0	0	NA	0	1283
positive	100GB	95%	FusionSeeker	1	0	400	1	0	0	NA	0	1283
positive	100GB	85%	FusionSeeker	1	0	400	1	0	0	NA	0	1282
positive	100GB	90%	FusionSeeker	1	0	400	1	0	0	NA	0	1282
positive	100GB	95%	FusionSeeker	1	0	400	1	0	0	NA	0	1282
positive	100GB	85%	FusionSeeker	1	0	400	1	0	0	NA	0	1281
positive	100GB	90%	FusionSeeker	1	0	400	1	0	0	NA	0	1281
positive	100GB	95%	FusionSeeker	1	0	400	1	0	0	NA	0	1281
positive	100GB	85%	FusionSeeker	1	0	400	1	0	0	NA	0	1280
positive	100GB	90%	FusionSeeker	1	0	400	1	0	0	NA	0	1280
positive	100GB	95%	FusionSeeker	1	0	400	1	0	0	NA	0	1280
positive	100GB	85%	FusionSeeker	1	0	400	1	0	0	NA	0	1279
positive	100GB	90%	FusionSeeker	1	0	400	1	0	0	NA	0	1279
positive	100GB	95%	FusionSeeker	1	0	400	1	0	0	NA	0	1279
positive	100GB	85%	FusionSeeker	1	0	400	1	0	0	NA	0	1278
positive	100GB	90%	FusionSeeker	1	0	400	1	0	0	NA	0	1278
positive	100GB	95%	FusionSeeker	1	0	400	1	0	0	NA	0	1278
positive	100GB	85%	FusionSeeker	1	0	400	1	0	0	NA	0	1277
positive	100GB	90%	FusionSeeker	1	0	400	1	0	0	NA	0	1277
positive	100GB	95%	FusionSeeker	1	0	400	1	0	0	NA	0	1277
positive	100GB	85%	FusionSeeker	1	0	400	1	0	0	NA	0	1276
positive	100GB	90%	FusionSeeker	1	0	400	1	0	0	NA	0	1276
positive	100GB	95%	FusionSeeker	1	0	400	1	0	0	NA	0	1276
positive	100GB	85%	FusionSeeker	1	0	400	1	0	0	NA	0	1275
positive	100GB	90%	FusionSeeker	1	0	400	1	0	0	NA	0	1275
positive	100GB	95%	FusionSeeker	1	0	400	1	0	0	NA	0	1275
positive	100GB	85%	FusionSeeker	1	0	400	1	0	0	NA	0	1274
positive	100GB	90%	FusionSeeker	1	0	400	1	0	0	NA	0	1274
positive	100GB	95%	FusionSeeker	1	0	400	1	0	0	NA	0	1274
positive	100GB	85%	FusionSeeker	1	0	400	1	0	0	NA	0	1273
positive	100GB	90%	FusionSeeker	1	0	400	1	0	0	NA	0	1273
positive	100GB	95%	FusionSeeker	1	0	400	1	0	0	NA	0	1273
positive	100GB	85%	FusionSeeker	1	0	400	1	0	0	NA	0	1272
positive	100GB	90%	FusionSeeker	1	0	400	1	0	0	NA	0	1272
positive	100GB	95%	FusionSeeker	1	0	400	1	0	0	NA	0	1272
positive	100GB	85%	FusionSeeker	1	0	400	1	0	0	NA	0	1271
positive	100GB	90%	FusionSeeker	1	0	400	1	0	0	NA	0	1271
positive	100GB	95%	FusionSeeker	1	0	400	1	0	0	NA	0	1271
positive	100GB	85%	FusionSeeker	1	0	400	1	0	0	NA	0	1270
positive	100GB	90%	FusionSeeker	1	0	400	1	0	0	NA	0	1270
positive	100GB	95%	FusionSeeker	1	0	400	1	0	0	NA	0	1270
positive	100GB	85%	FusionSeeker	1	0	400	1	0	0	NA	0	1269
positive	100GB	90%	FusionSeeker	1	0	400	1	0	0	NA	0	1269
positive	100GB	95%	FusionSeeker	1	0	400	1	0	0	NA	0	1269
positive	100GB	85%	FusionSeeker	1	0	400	1	0	0	NA	0	1268
positive	100GB	90%	FusionSeeker	1	0	400	1	0	0	NA	0	1268
positive	100GB	95%	FusionSeeker	1	0	400	1	0	0	NA	0	1268
positive	100GB	85%	FusionSeeker	1	0	400	1	0	0	NA	0	1267
positive	100GB	90%	FusionSeeker	1	0	400	1	0	0	NA	0	1267
positive	100GB	95%	FusionSeeker	1	0	400	1	0	0	NA	0	1267
positive	100GB	85%	FusionSeeker	1	0	400	1	0	0	NA	0	1266
positive	100GB	90%	FusionSeeker	1	0	400	1	0	0	NA	0	1266
positive	100GB	95%	FusionSeeker	1	0	400	1	0	0	NA	0	1266
positive	100GB	85%	FusionSeeker	1	0	400	1	0	0	NA	0	1265
positive	100GB	90%	FusionSeeker	1	0	400	1	0	0	NA	0	1265
positive	100GB	95%	FusionSeeker	1	0	400	1	0	0	NA	0	1265
positive	100GB	85%	FusionSeeker	1	0	400	1	0	0	NA	0	1264
positive	100GB	90%	FusionSeeker	1	0	400	1	0	0	NA	0	1264
positive	100GB	95%	FusionSeeker	1	0	400	1	0	0	NA	0	1264
positive	100GB	85%	FusionSeeker	1	0	400	1	0	0	NA	0	1263
positive	100GB	90%	FusionSeeker	1	0	400	1	0	0	NA	0	1263
positive	100GB	95%	FusionSeeker	1	0	400	1	0	0	NA	0	1263
positive	100GB	85%	FusionSeeker	1	0	400	1	0	0	NA	0	1262
positive	100GB	90%	FusionSeeker	1	0	400	1	0	0	NA	0	1262
positive	100GB	95%	FusionSeeker	1	0	400	1	0	0	NA	0	1262
positive	100GB	85%	FusionSeeker	1	0	400	1	0	0	NA	0	1261
positive	100GB	90%	FusionSeeker	1	0	400	1	0	0	NA	0	1261
positive	100GB	95%	FusionSeeker	1	0	400	1	0	0	NA	0	1261
positive	100GB	85%	FusionSeeker	1	0	400	1	0	0	NA	0	1260
positive	100GB	90%	FusionSeeker	1	0	400	1	0	0	NA	0	1260
positive	100GB	95%	FusionSeeker	1	0	400	1	0	0	NA	0	1260
positive	100GB	85%	FusionSeeker	1	0	400	1	0	0	NA	0	1259
positive	100GB	90%	FusionSeeker	1	0	400	1	0	0	NA	0	1259
positive	100GB	95%	FusionSeeker	1	0	400	1	0	0	NA	0	1259
positive	100GB	85%	FusionSeeker	1	0	400	1	0	0	NA	0	1258
positive	100GB	90%	FusionSeeker	1	0	400	1	0	0	NA	0	1258
positive	100GB	95%	FusionSeeker	1	0	400	1	0	0	NA	0	1258
positive	100GB	85%	FusionSeeker	1	0	400	1	0	0	NA	0	1257
positive	100GB	90%	FusionSeeker	1	0	400	1	0	0	NA	0	1257
positive	100GB	95%	FusionSeeker	1	0	400	1	0	0	NA	0	1257
positive	100GB	85%	FusionSeeker	1	0	400	1	0	0	NA	0	1256
positive	100GB	90%	FusionSeeker	1	0	400	1	0	0	NA	0	1256
positive	100GB	95%	FusionSeeker	1	0	400	1	0	0	NA	0	1256
positive	100GB	85%	FusionSeeker	1	0	400	1	0	0	NA	0	1255
positive	100GB	90%	FusionSeeker	1	0	400	1	0	0	NA	0	1255
positive	100GB	95%	FusionSeeker	1	0	400	1	0	0	NA	0	1255
positive	100GB	85%	FusionSeeker	1	0	400	1	0	0	NA	0	1254
positive	100GB	90%	FusionSeeker	1	0	400	1	0	0	NA	0	1254
positive	100GB	95%	FusionSeeker	1	0	400	1	0	0	NA	0	1254
positive	100GB	85%	FusionSeeker	1	0	400	1	0	0	NA	0	1253
positive	100GB	90%	FusionSeeker	1	0	400	1	0	0	NA	0	1253
positive	100GB	95%	FusionSeeker	1	0	400	1	0	0	NA	0	1253
positive	100GB	85%	FusionSeeker	1	0	400	1	0	0	NA	0	1252
positive	100GB	90%	FusionSeeker	1	0	400	1	0	0	NA	0	1252
positive	100GB	95%	FusionSeeker	1	0	400	1	0	0	NA	0	1252
positive	100GB	85%	FusionSeeker	1	0	400	1	0	0	NA	0	1251
positive	100GB	90%	FusionSeeker	1	0	400	1	0	0	NA	0	1251
positive	100GB	95%	FusionSeeker	1	0	400	1	0	0	NA	0	1251
positive	100GB	85%	FusionSeeker	1	0	400	1	0	0	NA	0	1250
positive	100GB	90%	FusionSeeker	1	0	400	1	0	0	NA	0	1250
positive	100GB	95%	FusionSeeker	1	0	400	1	0	0	NA	0	1250
positive	100GB	85%	FusionSeeker	1	0	400	1	0	0	NA	0	1249
positive	100GB	90%	FusionSeeker	1	0	400	1	0	0	NA	0	1249
positive	100GB	95%	FusionSeeker	1	0	400	1	0	0	NA	0	1249
positive	100GB	85%	FusionSeeker	1	0	400	1	0	0	NA	0	1248
positive	100GB	90%	FusionSeeker	1	0	400	1	0	0	NA	0	1248
positive	100GB	95%	FusionSeeker	1	0	400	1	0	0	NA	0	1248
positive	100GB	85%	FusionSeeker	1	0	400	1	0	0	NA	0	1247
positive	100GB	90%	FusionSeeker	1	0	400	1	0	0	NA	0	1247
positive	100GB	95%	FusionSeeker	1	0	400	1	0	0	NA	0	1247
positive	100GB	85%	FusionSeeker	1	0	400	1	0	0	NA	0	1246
positive	100GB	90%	FusionSeeker	1	0	400	1	0	0	NA	0	1246
positive	100GB	95%	FusionSeeker	1	0	400	1	0	0	NA	0	1246
positive	100GB	85%	FusionSeeker	1	0	400	1	0	0	NA	0	1245
positive	100GB	90%	FusionSeeker	1	0	400	1	0	0	NA	0	1245
positive	100GB	95%	FusionSeeker	1	0	400	1	0	0	NA	0	1245
positive	100GB	85%	FusionSeeker	1	0	400	1	0	0	NA	0	1244
positive	100GB	90%	FusionSeeker	1	0	400	1	0	0	NA	0	1244
positive	100GB	95%	FusionSeeker	1	0	400	1	0	0	NA	0	1244
positive	100GB	85%	FusionSeeker	1	0	400	1	0	0	NA	0	1243
positive	100GB	90%	FusionSeeker	1	0	400	1	0	0	NA	0	1243
positive	100GB	95%	FusionSeeker	1	0	400	1	0	0	NA	0	1243
positive	100GB	85%	FusionSeeker	1	0	400	1	0	0	NA	0	1242
positive	100GB	90%	FusionSeeker	1	0	400	1	0	0	NA	0	1242
positive	100GB	95%	FusionSeeker	1	0	400	1	0	0	NA	0	1242
positive	100GB	85%	FusionSeeker	1	0	400	1	0	0	NA	0	1241
positive	100GB	90%	FusionSeeker	1	0	400	1	0	0	NA	0	1241
positive	100GB	95%	FusionSeeker	1	0	400	1	0	0	NA	0	1241
positive	100GB	85%	FusionSeeker	1	0	400	1	0	0	NA	0	1240
positive	100GB	90%	FusionSeeker	1	0	400	1	0	0	NA	0	1240
positive	100GB	95%	FusionSeeker	1	0	400	1	0	0	NA	0	1240
positive	100GB	85%	FusionSeeker	1	0	400	1	0	0	NA	0	1239
positive	100GB	90%	FusionSeeker	1	0	400	1	0	0	NA	0	1239
positive	100GB	95%	FusionSeeker	1	0	400	1	0	0	NA	0	1239
positive	100GB	85%	FusionSeeker	1	0	400	1	0	0	NA	0	1238
positive	100GB	90%	FusionSeeker	1	0	400	1	0	0	NA	0	1238
positive	100GB	95%	FusionSeeker	1	0	400	1	0	0	NA	0	1238
positive	100GB	85%	FusionSeeker	1	0	400	1	0	0	NA	0	1237
positive	100GB	90%	FusionSeeker	1	0	400	1	0	0	NA	0	1237
positive	100GB	95%	FusionSeeker	1	0	400	1	0	0	NA	0	1237
positive	100GB	85%	FusionSeeker	1	0	400	1	0	0	NA	0	1236
positive	100GB	90%	FusionSeeker	1	0	400	1	0	0	NA	0	1236
positive	100GB	95%	FusionSeeker	1	0	400	1	0	0	NA	0	1236
positive	100GB	85%	FusionSeeker	1	0	400	1	0	0	NA	0	1235
positive	100GB	90%	FusionSeeker	1	0	400	1	0	0	NA	0	1235
positive	100GB	95%	FusionSeeker	1	0	400	1	0	0	NA	0	1235
positive	100GB	85%	FusionSeeker	1	0	400	1	0	0	NA	0	1234
positive	100GB	90%	FusionSeeker	1	0	400	1	0	0	NA	0	1234
positive	100GB	95%	FusionSeeker	1	0	400	1	0	0	NA	0	1234
positive	100GB	85%	FusionSeeker	1	0	400	1	0	0	NA	0	1233
positive	100GB	90%	FusionSeeker	1	0	400	1	0	0	NA	0	1233
positive	100GB	95%	FusionSeeker	1	0	400	1	0	0	NA	0	1233
positive	100GB	85%	FusionSeeker	1	0	400	1	0	0	NA	0	1232
positive	100GB	90%	FusionSeeker	1	0	400	1	0	0	NA	0	1232
positive	100GB	95%	FusionSeeker	1	0	400	1	0	0	NA	0	1232
positive	100GB	85%	FusionSeeker	1	0	400	1	0	0	NA	0	1231
positive	100GB	90%	FusionSeeker	1	0	400	1	0	0	NA	0	1231
positive	100GB	95%	FusionSeeker	1	0	400	1	0	0	NA	0	1231
positive	100GB	85%	FusionSeeker	1	0	400	1	0	0	NA	0	1230
positive	100GB	90%	FusionSeeker	1	0	400	1	0	0	NA	0	1230
positive	100GB	95%	FusionSeeker	1	0	400	1	0	0	NA	0	1230
positive	100GB	85%	FusionSeeker	1	0	400	1	0	0	NA	0	1229
positive	100GB	90%	FusionSeeker	1	0	400	1	0	0	NA	0	1229
positive	100GB	95%	FusionSeeker	1	0	400	1	0	0	NA	0	1229
positive	100GB	85%	FusionSeeker	1	0	400	1	0	0	NA	0	1228
positive	100GB	90%	FusionSeeker	1	0	400	1	0	0	NA	0	1228
positive	100GB	95%	FusionSeeker	1	0	400	1	0	0	NA	0	1228
positive	100GB	85%	FusionSeeker	1	0	400	1	0	0	NA	0	1227
positive	100GB	90%	FusionSeeker	1	0	400	1	0	0	NA	0	1227
positive	100GB	95%	FusionSeeker	1	0	400	1	0	0	NA	0	1227
positive	100GB	85%	FusionSeeker	1	0	400	1	0	0	NA	0	1226
positive	100GB	90%	FusionSeeker	1	0	400	1	0	0	NA	0	1226
positive	100GB	95%	FusionSeeker	1	0	400	1	0	0	NA	0	1226
positive	100GB	85%	FusionSeeker	1	0	400	1	0	0	NA	0	1225
positive	100GB	90%	FusionSeeker	1	0	400	1	0	0	NA	0	1225
positive	100GB	95%	FusionSeeker	1	0	400	1	0	0	NA	0	1225
positive	100GB	85%	FusionSeeker	1	0	400	1	0	0	NA	0	1224
positive	100GB	90%	FusionSeeker	1	0	400	1	0	0	NA	0	1224
positive	100GB	95%	FusionSeeker	1	0	400	1	0	0	NA	0	1224
positive	100GB	85%	FusionSeeker	1	0	400	1	0	0	NA	0	1223
positive	100GB	90%	FusionSeeker	1	0	400	1	0	0	NA	0	1223
positive	100GB	95%	FusionSeeker	1	0	400	1	0	0	NA	0	1223
positive	100GB	85%	FusionSeeker	1	0	400	1	0	0	NA	0	1222
positive	100GB	90%	FusionSeeker	1	0	400	1	0	0	NA	0	1222
positive	100GB	95%	FusionSeeker	1	0	400	1	0	0	NA	0	1222
positive	100GB	85%	FusionSeeker	1	0	400	1	0	0	NA	0	1221
positive	100GB	90%	FusionSeeker	1	0	400	1	0	0	NA	0	1221
positive	100GB	95%	FusionSeeker	1	0	400	1	0	0	NA	0	1221
positive	100GB	85%	FusionSeeker	1	0	400	1	0	0	NA	0	1220
positive	100GB	90%	FusionSeeker	1	0	400	1	0	0	NA	0	1220
positive	100GB	95%	FusionSeeker	1	0	400	1	0	0	NA	0	1220
positive	100GB	85%	FusionSeeker	1	0	400	1	0	0	NA	0	1219
positive	100GB	90%	FusionSeeker	1	0	400	1	0	0	NA	0	1219
positive	100GB	95%	FusionSeeker	1	0	400	1	0	0	NA	0	1219
positive	100GB	85%	FusionSeeker	1	0	400	1	0	0	NA	0	1218
positive	100GB	90%	FusionSeeker	1	0	400	1	0	0	NA	0	1218
positive	100GB	95%	FusionSeeker	1	0	400	1	0	0	NA	0	1218
positive	100GB	85%	FusionSeeker	1	0	400	1	0	0	NA	0	1217
positive	100GB	90%	FusionSeeker	1	0	400	1	0	0	NA	0	1217
positive	100GB	95%	FusionSeeker	1	0	400	1	0	0	NA	0	1217
positive	100GB	85%	FusionSeeker	1	0	400	1	0	0	NA	0	1216
positive	100GB	90%	FusionSeeker	1	0	400	1	0	0	NA	0	1216
positive	100GB	95%	FusionSeeker	1	0	400	1	0	0	NA	0	1216
positive	100GB	85%	FusionSeeker	1	0	400	1	0	0	NA	0	1215
positive	100GB	90%	FusionSeeker	1	0	400	1	0	0	NA	0	1215
positive	100GB	95%	FusionSeeker	1	0	400	1	0	0	NA	0	1215
positive	100GB	85%	FusionSeeker	1	0	400	1	0	0	NA	0	1214
positive	100GB	90%	FusionSeeker	1	0	400	1	0	0	NA	0	1214
positive	100GB	95%	FusionSeeker	1	0	400	1	0	0	NA	0	1214
positive	100GB	85%	FusionSeeker	1	0	400	1	0	0	NA	0	1213
positive	100GB	90%	FusionSeeker	1	0	400	1	0	0	NA	0	1213
positive	100GB	95%	FusionSeeker	1	0	400	1	0	0	NA	0	1213
positive	100GB	85%	FusionSeeker	1	0	400	1	0	0	NA	0	1212
positive	100GB	90%	FusionSeeker	1	0	400	1	0	0	NA	0	1212
positive	100GB	95%	FusionSeeker	1	0	400	1	0	0	NA	0	1212
positive	100GB	85%	FusionSeeker	1	0	400	1	0	0	NA	0	1211
positive	100GB	90%	FusionSeeker	1	0	400	1	0	0	NA	0	1211
positive	100GB	95%	FusionSeeker	1	0	400	1	0	0	NA	0	1211
positive	100GB	85%	FusionSeeker	1	0	400	1	0	0	NA	0	1210
positive	100GB	90%	FusionSeeker	1	0	400	1	0	0	NA	0	1210
positive	100GB	95%	FusionSeeker	1	0	400	1	0	0	NA	0	1210
positive	100GB	85%	FusionSeeker	1	0	400	1	0	0	NA	0	1209
positive	100GB	90%	FusionSeeker	1	0	400	1	0	0	NA	0	1209
positive	100GB	95%	FusionSeeker	1	0	400	1	0	0	NA	0	1209
positive	100GB	85%	FusionSeeker	1	0	400	1	0	0	NA	0	1208
positive	100GB	90%	FusionSeeker	1	0	400	1	0	0	NA	0	1208
positive	100GB	95%	FusionSeeker	1	0	400	1	0	0	NA	0	1208
positive	100GB	85%	FusionSeeker	1	0	400	1	0	0	NA	0	1207
positive	100GB	90%	FusionSeeker	1	0	400	1	0	0	NA	0	1207
positive	100GB	95%	FusionSeeker	1	0	400	1	0	0	NA	0	1207
positive	100GB	85%	FusionSeeker	1	0	400	1	0	0	NA	0	1206
positive	100GB	90%	FusionSeeker	1	0	400	1	0	0	NA	0	1206
positive	100GB	95%	FusionSeeker	1	0	400	1	0	0	NA	0	1206
positive	100GB	85%	FusionSeeker	1	0	400	1	0	0	NA	0	1205
positive	100GB	90%	FusionSeeker	1	0	400	1	0	0	NA	0	1205
positive	100GB	95%	FusionSeeker	1	0	400	1	0	0	NA	0	1205
positive	100GB	85%	FusionSeeker	1	0	400	1	0	0	NA	0	1204
positive	100GB	90%	FusionSeeker	1	0	400	1	0	0	NA	0	1204
positive	100GB	95%	FusionSeeker	1	0	400	1	0	0	NA	0	1204
positive	100GB	85%	FusionSeeker	1	0	400	1	0	0	NA	0	1203
positive	100GB	90%	FusionSeeker	1	0	400	1	0	0	NA	0	1203
positive	100GB	95%	FusionSeeker	1	0	400	1	0	0	NA	0	1203
positive	100GB	85%	FusionSeeker	1	0	400	1	0	0	NA	0	1202
positive	100GB	90%	FusionSeeker	1	0	400	1	0	0	NA	0	1202
positive	100GB	95%	FusionSeeker	1	0	400	1	0	0	NA	0	1202
positive	100GB	85%	FusionSeeker	1	0	400	1	0	0	NA	0	1201
positive	100GB	90%	FusionSeeker	1	0	400	1	0	0	NA	0	1201
positive	100GB	95%	FusionSeeker	1	0	400	1	0	0	NA	0	1201
positive	100GB	85%	FusionSeeker	1	0	400	1	0	0	NA	0	1200
positive	100GB	90%	FusionSeeker	1	0	400	1	0	0	NA	0	1200
positive	100GB	95%	FusionSeeker	1	0	400	1	0	0	NA	0	1200
positive	100GB	85%	FusionSeeker	1	0	400	1	0	0	NA	0	1199
positive	100GB	90%	FusionSeeker	1	0	400	1	0	0	NA	0	1199
positive	100GB	95%	FusionSeeker	1	0	400	1	0	0	NA	0	1199
positive	100GB	85%	FusionSeeker	1	0	400	1	0	0	NA	0	1198
positive	100GB	90%	FusionSeeker	1	0	400	1	0	0	NA	0	1198
positive	100GB	95%	FusionSeeker	1	0	400	1	0	0	NA	0	1198
positive	100GB	85%	FusionSeeker	1	0	400	1	0	0	NA	0	1197
positive	100GB	90%	FusionSeeker	1	0	400	1	0	0	NA	0	1197
positive	100GB	95%	FusionSeeker	1	0	400	1	0	0	NA	0	1197
positive	100GB	85%	FusionSeeker	1	0	400	1	0	0	NA	0	1196
positive	100GB	90%	FusionSeeker	1	0	400	1	0	0	NA	0	1196
positive	100GB	95%	FusionSeeker	1	0	400	1	0	0	NA	0	1196
positive	100GB	85%	FusionSeeker	1	0	400	1	0	0	NA	0	1195
positive	100GB	90%	FusionSeeker	1	0	400	1	0	0	NA	0	1195
positive	100GB	95%	FusionSeeker	1	0	400	1	0	0	NA	0	1195
positive	100GB	85%	FusionSeeker	1	0	400	1	0	0	NA	0	1194
positive	100GB	90%	FusionSeeker	1	0	400	1	0	0	NA	0	1194
positive	100GB	95%	FusionSeeker	1	0	400	1	0	0	NA	0	1194
positive	100GB	85%	FusionSeeker	1	0	400	1	0	0	NA	0	1193
positive	100GB	90%	FusionSeeker	1	0	400	1	0	0	NA	0	1193
positive	100GB	95%	FusionSeeker	1	0	400	1	0	0	NA	0	1193
positive	100GB	85%	FusionSeeker	1	0	400	1	0	0	NA	0	1192
positive	100GB	90%	FusionSeeker	1	0	400	1	0	0	NA	0	1192
positive	100GB	95%	FusionSeeker	1	0	400	1	0	0	NA	0	1192
positive	100GB	85%	FusionSeeker	1	0	400	1	0	0	NA	0	1191
positive	100GB	90%	FusionSeeker	1	0	400	1	0	0	NA	0	1191
positive	100GB	95%	FusionSeeker	1	0	400	1	0	0	NA	0	1191
positive	100GB	85%	FusionSeeker	1	0	400	1	0	0	NA	0	1190
positive	100GB	90%	FusionSeeker	1	0	400	1	0	0	NA	0	1190
positive	100GB	95%	FusionSeeker	1	0	400	1	0	0	NA	0	1190
positive	100GB	85%	FusionSeeker	1	0	400	1	0	0	NA	0	1189
positive	100GB	90%	FusionSeeker	1	0	400	1	0	0	NA	0	1189
positive	100GB	95%	FusionSeeker	1	0	400	1	0	0	NA	0	1189
positive	100GB	85%	FusionSeeker	1	0	400	1	0	0	NA	0	1188
positive	100GB	90%	FusionSeeker	1	0	400	1	0	0	NA	0	1188
positive	100GB	95%	FusionSeeker	1	0	400	1	0	0	NA	0	1188
positive	100GB	85%	FusionSeeker	1	0	400	1	0	0	NA	0	1187
positive	100GB	90%	FusionSeeker	1	0	400	1	0	0	NA	0	1187
positive	100GB	95%	FusionSeeker	1	0	400	1	0	0	NA	0	1187
positive	100GB	85%	FusionSeeker	1	0	400	1	0	0	NA	0	1186
positive	100GB	90%	FusionSeeker	1	0	400	1	0	0	NA	0	1186
positive	100GB	95%	FusionSeeker	1	0	400	1	0	0	NA	0	1186
positive	100GB	85%	FusionSeeker	1	0	400	1	0	0	NA	0	1185
positive	100GB	90%	FusionSeeker	1	0	400	1	0	0	NA	0	1185
positive	100GB	95%	FusionSeeker	1	0	400	1	0	0	NA	0	1185
positive	100GB	85%	FusionSeeker	1	0	400	1	0	0	NA	0	1184
positive	100GB	90%	FusionSeeker	1	0	400	1	0	0	NA	0	1184
positive	100GB	95%	FusionSeeker	1	0	400	1	0	0	NA	0	1184
positive	100GB	85%	FusionSeeker	1	0	400	1	0	0	NA	0	1183
positive	100GB	90%	FusionSeeker	1	0	400	1	0	0	NA	0	1183
positive	100GB	95%	FusionSeeker	1	0	400	1	0	0	NA	0	1183
positive	100GB	85%	FusionSeeker	1	0	400	1	0	0	NA	0	1182
positive	100GB	90%	FusionSeeker	1	0	400	1	0	0	NA	0	1182
positive	100GB	95%	FusionSeeker	1	0	400	1	0	0	NA	0	1182
positive	100GB	85%	FusionSeeker	1	0	400	1	0	0	NA	0	1181
positive	100GB	90%	FusionSeeker	1	0	400	1	0	0	NA	0	1181
positive	100GB	95%	FusionSeeker	1	0	400	1	0	0	NA	0	1181
positive	100GB	85%	FusionSeeker	1	0	400	1	0	0	NA	0	1180
positive	100GB	90%	FusionSeeker	1	0	400	1	0	0	NA	0	1180
positive	100GB	95%	FusionSeeker	1	0	400	1	0	0	NA	0	1180
positive	100GB	85%	FusionSeeker	1	0	400	1	0	0	NA	0	1179
positive	100GB	90%	FusionSeeker	1	0	400	1	0	0	NA	0	1179
positive	100GB	95%	FusionSeeker	1	0	400	1	0	0	NA	0	1179
positive	100GB	85%	FusionSeeker	1	0	400	1	0	0	NA	0	1178
positive	100GB	90%	FusionSeeker	1	0	400	1	0	0	NA	0	1178
positive	100GB	95%	FusionSeeker	1	0	400	1	0	0	NA	0	1178
positive	100GB	85%	FusionSeeker	1	0	400	1	0	0	NA	0	1177
positive	100GB	90%	FusionSeeker	1	0	400	1	0	0	NA	0	1177
positive	100GB	95%	FusionSeeker	1	0	400	1	0	0	NA	0	1177
positive	100GB	85%	FusionSeeker	1	0	400	1	0	0	NA	0	1176
positive	100GB	90%	FusionSeeker	1	0	400	1	0	0	NA	0	1176
positive	100GB	95%	FusionSeeker	1	0	400	1	0	0	NA	0	1176
positive	100GB	85%	FusionSeeker	1	0	400	1	0	0	NA	0	1175
positive	100GB	90%	FusionSeeker	1	0	400	1	0	0	NA	0	1175
positive	100GB	95%	FusionSeeker	1	0	400	1	0	0	NA	0	1175
positive	100GB	85%	FusionSeeker	1	0	400	1	0	0	NA	0	1174
positive	100GB	90%	FusionSeeker	1	0	400	1	0	0	NA	0	1174
positive	100GB	95%	FusionSeeker	1	0	400	1	0	0	NA	0	1174
positive	100GB	85%	FusionSeeker	1	0	400	1	0	0	NA	0	1173
positive	100GB	90%	FusionSeeker	1	0	400	1	0	0	NA	0	1173
positive	100GB	95%	FusionSeeker	1	0	400	1	0	0	NA	0	1173
positive	100GB	85%	FusionSeeker	1	0	400	1	0	0	NA	0	1172
positive	100GB	90%	FusionSeeker	1	0	400	1	0	0	NA	0	1172
positive	100GB	95%	FusionSeeker	1	0	400	1	0	0	NA	0	1172
positive	100GB	85%	FusionSeeker	1	0	400	1	0	0	NA	0	1171
positive	100GB	90%	FusionSeeker	1	0	400	1	0	0	NA	0	1171
positive	100GB	95%	FusionSeeker	1	0	400	1	0	0	NA	0	1171
positive	100GB	85%	FusionSeeker	1	0	400	1	0	0	NA	0	1170
positive	100GB	90%	FusionSeeker	1	0	400	1	0	0	NA	0	1170
positive	100GB	95%	FusionSeeker	1	0	400	1	0	0	NA	0	1170
positive	100GB	85%	FusionSeeker	1	0	400	1	0	0	NA	0	1169
positive	100GB	90%	FusionSeeker	1	0	400	1	0	0	NA	0	1169
positive	100GB	95%	FusionSeeker	1	0	400	1	0	0	NA	0	1169
positive	100GB	85%	FusionSeeker	1	0	400	1	0	0	NA	0	1168
positive	100GB	90%	FusionSeeker	1	0	400	1	0	0	NA	0	1168
positive	100GB	95%	FusionSeeker	1	0	400	1	0	0	NA	0	1168
positive	100GB	85%	FusionSeeker	1	0	400	1	0	0	NA	0	1167
positive	100GB	90%	FusionSeeker	1	0	400	1	0	0	NA	0	1167
positive	100GB	95%	FusionSeeker	1	0	400	1	0	0	NA	0	1167
positive	100GB	85%	FusionSeeker	1	0	400	1	0	0	NA	0	1166
positive	100GB	90%	FusionSeeker	1	0	400	1	0	0	NA	0	1166
positive	100GB	95%	FusionSeeker	1	0	400	1	0	0	NA	0	1166
positive	100GB	85%	FusionSeeker	1	0	400	1	0	0	NA	0	1165
positive	100GB	90%	FusionSeeker	1	0	400	1	0	0	NA	0	1165
positive	100GB	95%	FusionSeeker	1	0	400	1	0	0	NA	0	1165
positive	100GB	85%	FusionSeeker	1	0	400	1	0	0	NA	0	1164
positive	100GB	90%	FusionSeeker	1	0	400	1	0	0	NA	0	1164
positive	100GB	95%	FusionSeeker	1	0	400	1	0	0	NA	0	1164
positive	100GB	85%	FusionSeeker	1	0	400	1	0	0	NA	0	1163
positive	100GB	90%	FusionSeeker	1	0	400	1	0	0	NA	0	1163
positive	100GB	95%	FusionSeeker	1	0	400	1	0	0	NA	0	1163
positive	100GB	85%	FusionSeeker	1	0	400	1	0	0	NA	0	1162
positive	100GB	90%	FusionSeeker	1	0	400	1	0	0	NA	0	1162
positive	100GB	95%	FusionSeeker	1	0	400	1	0	0	NA	0	1162
positive	100GB	85%	FusionSeeker	1	0	400	1	0	0	NA	0	1161
positive	100GB	90%	FusionSeeker	1	0	400	1	0	0	NA	0	1161
positive	100GB	95%	FusionSeeker	1	0	400	1	0	0	NA	0	1161
positive	100GB	85%	FusionSeeker	1	0	400	1	0	0	NA	0	1160
positive	100GB	90%	FusionSeeker	1	0	400	1	0	0	NA	0	1160
positive	100GB	95%	FusionSeeker	1	0	400	1	0	0	NA	0	1160
positive	100GB	85%	FusionSeeker	1	0	400	1	0	0	NA	0	1159
positive	100GB	90%	FusionSeeker	1	0	400	1	0	0	NA	0	1159
positive	100GB	95%	FusionSeeker	1	0	400	1	0	0	NA	0	1159
positive	100GB	85%	FusionSeeker	1	0	400	1	0	0	NA	0	1158
positive	100GB	90%	FusionSeeker	1	0	400	1	0	0	NA	0	1158
positive	100GB	95%	FusionSeeker	1	0	400	1	0	0	NA	0	1158
positive	100GB	85%	FusionSeeker	1	0	400	1	0	0	NA	0	1157
positive	100GB	90%	FusionSeeker	1	0	400	1	0	0	NA	0	1157
positive	100GB	95%	FusionSeeker	1	0	400	1	0	0	NA	0	1157
positive	100GB	85%	FusionSeeker	1	0	400	1	0	0	NA	0	1156
positive	100GB	90%	FusionSeeker	1	0	400	1	0	0	NA	0	1156
positive	100GB	95%	FusionSeeker	1	0	400	1	0	0	NA	0	1156
positive	100GB	85%	FusionSeeker	1	0	400	1	0	0	NA	0	1155
positive	100GB	90%	FusionSeeker	1	0	400	1	0	0	NA	0	1155
positive	100GB	95%	FusionSeeker	1	0	400	1	0	0	NA	0	1155
positive	100GB	85%	FusionSeeker	1	0	400	1	0	0	NA	0	1154
positive	100GB	90%	FusionSeeker	1	0	400	1	0	0	NA	0	1154
positive	100GB	95%	FusionSeeker	1	0	400	1	0	0	NA	0	1154
positive	100GB	85%	FusionSeeker	1	0	400	1	0	0	NA	0	1153
positive	100GB	90%	FusionSeeker	1	0	400	1	0	0	NA	0	1153
positive	100GB	95%	FusionSeeker	1	0	400	1	0	0	NA	0	1153
positive	100GB	85%	FusionSeeker	1	0	400	1	0	0	NA	0	1152
positive	100GB	90%	FusionSeeker	1	0	400	1	0	0	NA	0	1152
positive	100GB	95%	FusionSeeker	1	0	400	1	0	0	NA	0	1152
positive	100GB	85%	FusionSeeker	1	0	400	1	0	0	NA	0	1151
positive	100GB	90%	FusionSeeker	1	0	400	1	0	0	NA	0	1151
positive	100GB	95%	FusionSeeker	1	0	400	1	0	0	NA	0	1151
positive	100GB	85%	FusionSeeker	1	0	400	1	0	0	NA	0	1150
positive	100GB	90%	FusionSeeker	1	0	400	1	0	0	NA	0	1150
positive	100GB	95%	FusionSeeker	1	0	400	1	0	0	NA	0	1150
positive	100GB	85%	FusionSeeker	1	0	400	1	0	0	NA	0	1149
positive	100GB	90%	FusionSeeker	1	0	400	1	0	0	NA	0	1149
positive	100GB	95%	FusionSeeker	1	0	400	1	0	0	NA	0	1149
positive	100GB	85%	FusionSeeker	1	0	400	1	0	0	NA	0	1148
positive	100GB	90%	FusionSeeker	1	0	400	1	0	0	NA	0	1148
positive	100GB	95%	FusionSeeker	1	0	400	1	0	0	NA	0	1148
positive	100GB	85%	FusionSeeker	1	0	400	1	0	0	NA	0	1147
positive	100GB	90%	FusionSeeker	1	0	400	1	0	0	NA	0	1147
positive	100GB	95%	FusionSeeker	1	0	400	1	0	0	NA	0	1147
positive	100GB	85%	FusionSeeker	1	0	400	1	0	0	NA	0	1146
positive	100GB	90%	FusionSeeker	1	0	400	1	0	0	NA	0	1146
positive	100GB	95%	FusionSeeker	1	0	400	1	0	0	NA	0	1146
positive	100GB	85%	FusionSeeker	1	0	400	1	0	0	NA	0	1145
positive	100GB	90%	FusionSeeker	1	0	400	1	0	0	NA	0	1145
positive	100GB	95%	FusionSeeker	1	0	400	1	0	0	NA	0	1145
positive	100GB	85%	FusionSeeker	1	0	400	1	0	0	NA	0	1144
positive	100GB	90%	FusionSeeker	1	0	400	1	0	0	NA	0	1144
positive	100GB	95%	FusionSeeker	1	0	400	1	0	0	NA	0	1144
positive	100GB	85%	FusionSeeker	1	0	400	1	0	0	NA	0	1143
positive	100GB	90%	FusionSeeker	1	0	400	1	0	0	NA	0	1143
positive	100GB	95%	FusionSeeker	1	0	400	1	0	0	NA	0	1143
positive	100GB	85%	FusionSeeker	1	0	400	1	0	0	NA	0	1142
positive	100GB	90%	FusionSeeker	1	0	400	1	0	0	NA	0	1142
positive	100GB	95%	FusionSeeker	1	0	400	1	0	0	NA	0	1142
positive	100GB	85%	FusionSeeker	1	0	400	1	0	0	NA	0	1141
positive	100GB	90%	FusionSeeker	1	0	400	1	0	0	NA	0	1141
positive	100GB	95%	FusionSeeker	1	0	400	1	0	0	NA	0	1141
positive	100GB	85%	FusionSeeker	1	0	400	1	0	0	NA	0	1140
positive	100GB	90%	FusionSeeker	1	0	400	1	0	0	NA	0	1140
positive	100GB	95%	FusionSeeker	1	0	400	1	0	0	NA	0	1140
positive	100GB	85%	FusionSeeker	1	0	400	1	0	0	NA	0	1139
positive	100GB	90%	FusionSeeker	1	0	400	1	0	0	NA	0	1139
positive	100GB	95%	FusionSeeker	1	0	400	1	0	0	NA	0	1139
positive	100GB	85%	FusionSeeker	1	0	400	1	0	0	NA	0	1138
positive	100GB	90%	FusionSeeker	1	0	400	1	0	0	NA	0	1138
positive	100GB	95%	FusionSeeker	1	0	400	1	0	0	NA	0	1138
positive	100GB	85%	FusionSeeker	1	0	400	1	0	0	NA	0	1137
positive	100GB	90%	FusionSeeker	1	0	400	1	0	0	NA	0	1137
positive	100GB	95%	FusionSeeker	1	0	400	1	0	0	NA	0	1137
positive	100GB	85%	FusionSeeker	1	0	400	1	0	0	NA	0	1136
positive	100GB	90%	FusionSeeker	1	0	400	1	0	0	NA	0	1136
positive	100GB	95%	FusionSeeker	1	0	400	1	0	0	NA	0	1136
positive	100GB	85%	FusionSeeker	1	0	400	1	0	0	NA	0	1135
positive	100GB	90%	FusionSeeker	1	0	400	1	0	0	NA	0	1135
positive	100GB	95%	FusionSeeker	1	0	400	1	0	0	NA	0	1135
positive	100GB	85%	FusionSeeker	1	0	400	1	0	0	NA	0	1134
positive	100GB	90%	FusionSeeker	1	0	400	1	0	0	NA	0	1134
positive	100GB	95%	FusionSeeker	1	0	400	1	0	0	NA	0	1134
positive	100GB	85%	FusionSeeker	1	0	400	1	0	0	NA	0	1133
positive	100GB	90%	FusionSeeker	1	0	400	1	0	0	NA	0	1133
positive	100GB	95%	FusionSeeker	1	0	400	1	0	0	NA	0	1133
positive	100GB	85%	FusionSeeker	1	0	400	1	0	0	NA	0	1132
positive	100GB	90%	FusionSeeker	1	0	400	1	0	0	NA	0	1132
positive	100GB	95%	FusionSeeker	1	0	400	1	0	0	NA	0	1132
positive	100GB	85%	FusionSeeker	1	0	400	1	0	0	NA	0	1131
positive	100GB	90%	FusionSeeker	1	0	400	1	0	0	NA	0	1131
positive	100GB	95%	FusionSeeker	1	0	400	1	0	0	NA	0	1131
positive	100GB	85%	FusionSeeker	1	0	400	1	0	0	NA	0	1130
positive	100GB	90%	FusionSeeker	1	0	400	1	0	0	NA	0	1130
positive	100GB	95%	FusionSeeker	1	0	400	1	0	0	NA	0	1130
positive	100GB	85%	FusionSeeker	1	0	400	1	0	0	NA	0	1129
positive	100GB	90%	FusionSeeker	1	0	400	1	0	0	NA	0	1129
positive	100GB	95%	FusionSeeker	1	0	400	1	0	0	NA	0	1129
positive	100GB	85%	FusionSeeker	1	0	400	1	0	0	NA	0	1128
positive	100GB	90%	FusionSeeker	1	0	400	1	0	0	NA	0	1128
positive	100GB	95%	FusionSeeker	1	0	400	1	0	0	NA	0	1128
positive	100GB	85%	FusionSeeker	1	0	400	1	0	0	NA	0	1127
positive	100GB	90%	FusionSeeker	1	0	400	1	0	0	NA	0	1127
positive	100GB	95%	FusionSeeker	1	0	400	1	0	0	NA	0	1127
positive	100GB	85%	FusionSeeker	1	0	400	1	0	0	NA	0	1126
positive	100GB	90%	FusionSeeker	1	0	400	1	0	0	NA	0	1126
positive	100GB	95%	FusionSeeker	1	0	400	1	0	0	NA	0	1126
positive	100GB	85%	FusionSeeker	1	0	400	1	0	0	NA	0	1125
positive	100GB	90%	FusionSeeker	1	0	400	1	0	0	NA	0	1125
positive	100GB	95%	FusionSeeker	1	0	400	1	0	0	NA	0	1125
positive	100GB	85%	FusionSeeker	1	0	400	1	0	0	NA	0	1124
positive	100GB	90%	FusionSeeker	1	0	400	1	0	0	NA	0	1124
positive	100GB	95%	FusionSeeker	1	0	400	1	0	0	NA	0	1124
positive	100GB	85%	FusionSeeker	1	0	400	1	0	0	NA	0	1123
positive	100GB	90%	FusionSeeker	1	0	400	1	0	0	NA	0	1123
positive	100GB	95%	FusionSeeker	1	0	400	1	0	0	NA	0	1123
positive	100GB	85%	FusionSeeker	1	0	400	1	0	0	NA	0	1122
positive	100GB	90%	FusionSeeker	1	0	400	1	0	0	NA	0	1122
positive	100GB	95%	FusionSeeker	1	0	400	1	0	0	NA	0	1122
positive	100GB	85%	FusionSeeker	1	0	400	1	0	0	NA	0	1121
positive	100GB	90%	FusionSeeker	1	0	400	1	0	0	NA	0	1121
positive	100GB	95%	FusionSeeker	1	0	400	1	0	0	NA	0	1121
positive	100GB	85%	FusionSeeker	1	0	400	1	0	0	NA	0	1120
positive	100GB	90%	FusionSeeker	1	0	400	1	0	0	NA	0	1120
positive	100GB	95%	FusionSeeker	1	0	400	1	0	0	NA	0	1120
positive	100GB	85%	FusionSeeker	1	0	400	1	0	0	NA	0	1119
positive	100GB	90%	FusionSeeker	1	0	400	1	0	0	NA	0	1119
positive	100GB	95%	FusionSeeker	1	0	400	1	0	0	NA	0	1119
positive	100GB	85%	FusionSeeker	1	0	400	1	0	0	NA	0	1118
positive	100GB	90%	FusionSeeker	1	0	400	1	0	0	NA	0	1118
positive	100GB	95%	FusionSeeker	1	0	400	1	0	0	NA	0	1118
positive	100GB	85%	FusionSeeker	1	0	400	1	0	0	NA	0	1117
positive	100GB	90%	FusionSeeker	1	0	400	1	0	0	NA	0	1117
positive	100GB	95%	FusionSeeker	1	0	400	1	0	0	NA	0	1117
positive	100GB	85%	FusionSeeker	1	0	400	1	0	0	NA	0	1116
positive	100GB	90%	FusionSeeker	1	0	400	1	0	0	NA	0	1116
positive	100GB	95%	FusionSeeker	1	0	400	1	0	0	NA	0	1116
positive	100GB	85%	FusionSeeker	1	0	400	1	0	0	NA	0	1115
positive	100GB	90%	FusionSeeker	1	0	400	1	0	0	NA	0	1115
positive	100GB	95%	FusionSeeker	1	0	400	1	0	0	NA	0	1115
positive	100GB	85%	FusionSeeker	1	0	400	1	0	0	NA	0	1114
positive	100GB	90%	FusionSeeker	1	0	400	1	0	0	NA	0	1114
positive	100GB	95%	FusionSeeker	1	0	400	1	0	0	NA	0	1114
positive	100GB	85%	FusionSeeker	1	0	400	1	0	0	NA	0	1113
positive	100GB	90%	FusionSeeker	1	0	400	1	0	0	NA	0	1113
positive	100GB	95%	FusionSeeker	1	0	400	1	0	0	NA	0	1113
positive	100GB	85%	FusionSeeker	1	0	400	1	0	0	NA	0	1112
positive	100GB	90%	FusionSeeker	1	0	400	1	0	0	NA	0	1112
positive	100GB	95%	FusionSeeker	1	0	400	1	0	0	NA	0	1112
positive	100GB	85%	FusionSeeker	1	0	400	1	0	0	NA	0	1111
positive	100GB	90%	FusionSeeker	1	0	400	1	0	0	NA	0	1111
positive	100GB	95%	FusionSeeker	1	0	400	1	0	0	NA	0	1111
positive	100GB	85%	FusionSeeker	1	0	400	1	0	0	NA	0	1110
positive	100GB	90%	FusionSeeker	1	0	400	1	0	0	NA	0	1110
positive	100GB	95%	FusionSeeker	1	0	400	1	0	0	NA	0	1110
positive	100GB	85%	FusionSeeker	1	0	400	1	0	0	NA	0	1109
positive	100GB	90%	FusionSeeker	1	0	400	1	0	0	NA	0	1109
positive	100GB	95%	FusionSeeker	1	0	400	1	0	0	NA	0	1109
positive	100GB	85%	FusionSeeker	1	0	400	1	0	0	NA	0	1108
positive	100GB	90%	FusionSeeker	1	0	400	1	0	0	NA	0	1108
positive	100GB	95%	FusionSeeker	1	0	400	1	0	0	NA	0	1108
positive	100GB	85%	FusionSeeker	1	0	400	1	0	0	NA	0	1107
positive	100GB	90%	FusionSeeker	1	0	400	1	0	0	NA	0	1107
positive	100GB	95%	FusionSeeker	1	0	400	1	0	0	NA	0	1107
positive	100GB	85%	FusionSeeker	1	0	400	1	0	0	NA	0	1106
positive	100GB	90%	FusionSeeker	1	0	400	1	0	0	NA	0	1106
positive	100GB	95%	FusionSeeker	1	0	400	1	0	0	NA	0	1106
positive	100GB	85%	FusionSeeker	1	0	400	1	0	0	NA	0	1105
positive	100GB	90%	FusionSeeker	1	0	400	1	0	0	NA	0	1105
positive	100GB	95%	FusionSeeker	1	0	400	1	0	0	NA	0	1105
positive	100GB	85%	FusionSeeker	1	0	400	1	0	0	NA	0	1104
positive	100GB	90%	FusionSeeker	1	0	400	1	0	0	NA	0	1104
positive	100GB	95%	FusionSeeker	1	0	400	1	0	0	NA	0	1104
positive	100GB	85%	FusionSeeker	1	0	400	1	0	0	NA	0	1103
positive	100GB	90%	FusionSeeker	1	0	400	1	0	0	NA	0	1103
positive	100GB	95%	FusionSeeker	1	0	400	1	0	0	NA	0	1103
positive	100GB	85%	FusionSeeker	1	0	400	1	0	0	NA	0	1102
positive	100GB	90%	FusionSeeker	1	0	400	1	0	0	NA	0	1102
positive	100GB	95%	FusionSeeker	1	0	400	1	0	0	NA	0	1102
positive	100GB	85%	FusionSeeker	1	0	400	1	0	0	NA	0	1101
positive	100GB	90%	FusionSeeker	1	0	400	1	0	0	NA	0	1101
positive	100GB	95%	FusionSeeker	1	0	400	1	0	0	NA	0	1101
positive	100GB	85%	FusionSeeker	1	0	400	1	0	0	NA	0	1100
positive	100GB	90%	FusionSeeker	1	0	400	1	0	0	NA	0	1100
positive	100GB	95%	FusionSeeker	1	0	400	1	0	0	NA	0	1100
positive	100GB	85%	FusionSeeker	1	0	400	1	0	0	NA	0	1099
positive	100GB	90%	FusionSeeker	1	0	400	1	0	0	NA	0	1099
positive	100GB	95%	FusionSeeker	1	0	400	1	0	0	NA	0	1099
positive	100GB	85%	FusionSeeker	1	0	400	1	0	0	NA	0	1098
positive	100GB	90%	FusionSeeker	1	0	400	1	0	0	NA	0	1098
positive	100GB	95%	FusionSeeker	1	0	400	1	0	0	NA	0	1098
positive	100GB	85%	FusionSeeker	1	0	400	1	0	0	NA	0	1097
positive	100GB	90%	FusionSeeker	1	0	400	1	0	0	NA	0	1097
positive	100GB	95%	FusionSeeker	1	0	400	1	0	0	NA	0	1097
positive	100GB	85%	FusionSeeker	1	0	400	1	0	0	NA	0	1096
positive	100GB	90%	FusionSeeker	1	0	400	1	0	0	NA	0	1096
positive	100GB	95%	FusionSeeker	1	0	400	1	0	0	NA	0	1096
positive	100GB	85%	FusionSeeker	1	0	400	1	0	0	NA	0	1095
positive	100GB	90%	FusionSeeker	1	0	400	1	0	0	NA	0	1095
positive	100GB	95%	FusionSeeker	1	0	400	1	0	0	NA	0	1095
positive	100GB	85%	FusionSeeker	1	0	400	1	0	0	NA	0	1094
positive	100GB	90%	FusionSeeker	1	0	400	1	0	0	NA	0	1094
positive	100GB	95%	FusionSeeker	1	0	400	1	0	0	NA	0	1094
positive	100GB	85%	FusionSeeker	1	0	400	1	0	0	NA	0	1093
positive	100GB	90%	FusionSeeker	1	0	400	1	0	0	NA	0	1093
positive	100GB	95%	FusionSeeker	1	0	400	1	0	0	NA	0	1093
positive	100GB	85%	FusionSeeker	1	0	400	1	0	0	NA	0	1092
positive	100GB	90%	FusionSeeker	1	0	400	1	0	0	NA	0	1092
positive	100GB	95%	FusionSeeker	1	0	400	1	0	0	NA	0	1092
positive	100GB	85%	FusionSeeker	1	0	400	1	0	0	NA	0	1091
positive	100GB	90%	FusionSeeker	1	0	400	1	0	0	NA	0	1091
positive	100GB	95%	FusionSeeker	1	0	400	1	0	0	NA	0	1091
positive	100GB	85%	FusionSeeker	1	0	400	1	0	0	NA	0	1090
positive	100GB	90%	FusionSeeker	1	0	400	1	0	0	NA	0	1090
positive	100GB	95%	FusionSeeker	1	0	400	1	0	0	NA	0	1090
positive	100GB	85%	FusionSeeker	1	0	400	1	0	0	NA	0	1089
positive	100GB	90%	FusionSeeker	1	0	400	1	0	0	NA	0	1089
positive	100GB	95%	FusionSeeker	1	0	400	1	0	0	NA	0	1089
positive	100GB	85%	FusionSeeker	1	0	400	1	0	0	NA	0	1088
positive	100GB	90%	FusionSeeker	1	0	400	1	0	0	NA	0	1088
positive	100GB	95%	FusionSeeker	1	0	400	1	0	0	NA	0	1088
positive	100GB	85%	FusionSeeker	1	0	400	1	0	0	NA	0	1087
positive	100GB	90%	FusionSeeker	1	0	400	1	0	0	NA	0	1087
positive	100GB	95%	FusionSeeker	1	0	400	1	0	0	NA	0	1087
positive	100GB	85%	FusionSeeker	1	0	400	1	0	0	NA	0	1086
positive	100GB	90%	FusionSeeker	1	0	400	1	0	0	NA	0	1086
positive	100GB	95%	FusionSeeker	1	0	400	1	0	0	NA	0	1086
positive	100GB	85%	FusionSeeker	1	0	400	1	0	0	NA	0	1085
positive	100GB	90%	FusionSeeker	1	0	400	1	0	0	NA	0	1085
positive	100GB	95%	FusionSeeker	1	0	400	1	0	0	NA	0	1085
positive	100GB	85%	FusionSeeker	1	0	400	1	0	0	NA	0	1084
positive	100GB	90%	FusionSeeker	1	0	400	1	0	0	NA	0	1084
positive	100GB	95%	FusionSeeker	1	0	400	1	0	0	NA	0	1084
positive	100GB	85%	FusionSeeker	1	0	400	1	0	0	NA	0	1083
positive	100GB	90%	FusionSeeker	1	0	400	1	0	0	NA	0	1083
positive	100GB	95%	FusionSeeker	1	0	400	1	0	0	NA	0	1083
positive	100GB	85%	FusionSeeker	1	0	400	1	0	0	NA	0	1082
positive	100GB	90%	FusionSeeker	1	0	400	1	0	0	NA	0	1082
positive	100GB	95%	FusionSeeker	1	0	400	1	0	0	NA	0	1082
positive	100GB	85%	FusionSeeker	1	0	400	1	0	0	NA	0	1081
positive	100GB	90%	FusionSeeker	1	0	400	1	0	0	NA	0	1081
positive	100GB	95%	FusionSeeker	1	0	400	1	0	0	NA	0	1081
positive	100GB	85%	FusionSeeker	1	0	400	1	0	0	NA	0	1080
positive	100GB	90%	FusionSeeker	1	0	400	1	0	0	NA	0	1080
positive	100GB	95%	FusionSeeker	1	0	400	1	0	0	NA	0	1080
positive	100GB	85%	FusionSeeker	1	0	400	1	0	0	NA	0	1079
positive	100GB	90%	FusionSeeker	1	0	400	1	0	0	NA	0	1079
positive	100GB	95%	FusionSeeker	1	0	400	1	0	0	NA	0	1079
positive	100GB	85%	FusionSeeker	1	0	400	1	0	0	NA	0	1078
positive	100GB	90%	FusionSeeker	1	0	400	1	0	0	NA	0	1078
positive	100GB	95%	FusionSeeker	1	0	400	1	0	0	NA	0	1078
positive	100GB	85%	FusionSeeker	1	0	400	1	0	0	NA	0	1077
positive	100GB	90%	FusionSeeker	1	0	400	1	0	0	NA	0	1077
positive	100GB	95%	FusionSeeker	1	0	400	1	0	0	NA	0	1077
positive	100GB	85%	FusionSeeker	1	0	400	1	0	0	NA	0	1076
positive	100GB	90%	FusionSeeker	1	0	400	1	0	0	NA	0	1076
positive	100GB	95%	FusionSeeker	1	0	400	1	0	0	NA	0	1076
positive	100GB	85%	FusionSeeker	1	0	400	1	0	0	NA	0	1075
positive	100GB	90%	FusionSeeker	1	0	400	1	0	0	NA	0	1075
positive	100GB	95%	FusionSeeker	1	0	400	1	0	0	NA	0	1075
positive	100GB	85%	FusionSeeker	1	0	400	1	0	0	NA	0	1074
positive	100GB	90%	FusionSeeker	1	0	400	1	0	0	NA	0	1074
positive	100GB	95%	FusionSeeker	1	0	400	1	0	0	NA	0	1074
positive	100GB	85%	FusionSeeker	1	0	400	1	0	0	NA	0	1073
positive	100GB	90%	FusionSeeker	1	0	400	1	0	0	NA	0	1073
positive	100GB	95%	FusionSeeker	1	0	400	1	0	0	NA	0	1073
positive	100GB	85%	FusionSeeker	1	0	400	1	0	0	NA	0	1072
positive	100GB	90%	FusionSeeker	1	0	400	1	0	0	NA	0	1072
positive	100GB	95%	FusionSeeker	1	0	400	1	0	0	NA	0	1072
positive	100GB	85%	FusionSeeker	1	0	400	1	0	0	NA	0	1071
positive	100GB	90%	FusionSeeker	1	0	400	1	0	0	NA	0	1071
positive	100GB	95%	FusionSeeker	1	0	400	1	0	0	NA	0	1071
positive	100GB	85%	FusionSeeker	1	0	400	1	0	0	NA	0	1070
positive	100GB	90%	FusionSeeker	1	0	400	1	0	0	NA	0	1070
positive	100GB	95%	FusionSeeker	1	0	400	1	0	0	NA	0	1070
positive	100GB	85%	FusionSeeker	1	0	400	1	0	0	NA	0	1069
positive	100GB	90%	FusionSeeker	1	0	400	1	0	0	NA	0	1069
positive	100GB	95%	FusionSeeker	1	0	400	1	0	0	NA	0	1069
positive	100GB	85%	FusionSeeker	1	0	400	1	0	0	NA	0	1068
positive	100GB	90%	FusionSeeker	1	0	400	1	0	0	NA	0	1068
positive	100GB	95%	FusionSeeker	1	0	400	1	0	0	NA	0	1068
positive	100GB	85%	FusionSeeker	1	0	400	1	0	0	NA	0	1067
positive	100GB	90%	FusionSeeker	1	0	400	1	0	0	NA	0	1067
positive	100GB	95%	FusionSeeker	1	0	400	1	0	0	NA	0	1067
positive	100GB	85%	FusionSeeker	1	0	400	1	0	0	NA	0	1066
positive	100GB	90%	FusionSeeker	1	0	400	1	0	0	NA	0	1066
positive	100GB	95%	FusionSeeker	1	0	400	1	0	0	NA	0	1066
positive	100GB	85%	FusionSeeker	1	0	400	1	0	0	NA	0	1065
positive	100GB	90%	FusionSeeker	1	0	400	1	0	0	NA	0	1065
positive	100GB	95%	FusionSeeker	1	0	400	1	0	0	NA	0	1065
positive	100GB	85%	FusionSeeker	1	0	400	1	0	0	NA	0	1064
positive	100GB	90%	FusionSeeker	1	0	400	1	0	0	NA	0	1064
positive	100GB	95%	FusionSeeker	1	0	400	1	0	0	NA	0	1064
positive	100GB	85%	FusionSeeker	1	0	400	1	0	0	NA	0	1063
positive	100GB	90%	FusionSeeker	1	0	400	1	0	0	NA	0	1063
positive	100GB	95%	FusionSeeker	1	0	400	1	0	0	NA	0	1063
positive	100GB	85%	FusionSeeker	1	0	400	1	0	0	NA	0	1062
positive	100GB	90%	FusionSeeker	1	0	400	1	0	0	NA	0	1062
positive	100GB	95%	FusionSeeker	1	0	400	1	0	0	NA	0	1062
positive	100GB	85%	FusionSeeker	1	0	400	1	0	0	NA	0	1061
positive	100GB	90%	FusionSeeker	1	0	400	1	0	0	NA	0	1061
positive	100GB	95%	FusionSeeker	1	0	400	1	0	0	NA	0	1061
positive	100GB	85%	FusionSeeker	1	0	400	1	0	0	NA	0	1060
positive	100GB	90%	FusionSeeker	1	0	400	1	0	0	NA	0	1060
positive	100GB	95%	FusionSeeker	1	0	400	1	0	0	NA	0	1060
positive	100GB	85%	FusionSeeker	1	0	400	1	0	0	NA	0	1059
positive	100GB	90%	FusionSeeker	1	0	400	1	0	0	NA	0	1059
positive	100GB	95%	FusionSeeker	1	0	400	1	0	0	NA	0	1059
positive	100GB	85%	FusionSeeker	1	0	400	1	0	0	NA	0	1058
positive	100GB	90%	FusionSeeker	1	0	400	1	0	0	NA	0	1058
positive	100GB	95%	FusionSeeker	1	0	400	1	0	0	NA	0	1058
positive	100GB	85%	FusionSeeker	1	0	400	1	0	0	NA	0	1057
positive	100GB	90%	FusionSeeker	1	0	400	1	0	0	NA	0	1057
positive	100GB	95%	FusionSeeker	1	0	400	1	0	0	NA	0	1057
positive	100GB	85%	FusionSeeker	1	0	400	1	0	0	NA	0	1056
positive	100GB	90%	FusionSeeker	1	0	400	1	0	0	NA	0	1056
positive	100GB	95%	FusionSeeker	1	0	400	1	0	0	NA	0	1056
positive	100GB	85%	FusionSeeker	1	0	400	1	0	0	NA	0	1055
positive	100GB	90%	FusionSeeker	1	0	400	1	0	0	NA	0	1055
positive	100GB	95%	FusionSeeker	1	0	400	1	0	0	NA	0	1055
positive	100GB	85%	FusionSeeker	1	0	400	1	0	0	NA	0	1054
positive	100GB	90%	FusionSeeker	1	0	400	1	0	0	NA	0	1054
positive	100GB	95%	FusionSeeker	1	0	400	1	0	0	NA	0	1054
positive	100GB	85%	FusionSeeker	1	0	400	1	0	0	NA	0	1053
positive	100GB	90%	FusionSeeker	1	0	400	1	0	0	NA	0	1053
positive	100GB	95%	FusionSeeker	1	0	400	1	0	0	NA	0	1053
positive	100GB	85%	FusionSeeker	1	0	400	1	0	0	NA	0	1052
positive	100GB	90%	FusionSeeker	1	0	400	1	0	0	NA	0	1052
positive	100GB	95%	FusionSeeker	1	0	400	1	0	0	NA	0	1052
positive	100GB	85%	FusionSeeker	1	0	400	1	0	0	NA	0	1051
positive	100GB	90%	FusionSeeker	1	0	400	1	0	0	NA	0	1051
positive	100GB	95%	FusionSeeker	1	0	400	1	0	0	NA	0	1051
positive	100GB	85%	FusionSeeker	1	0	400	1	0	0	NA	0	1050
positive	100GB	90%	FusionSeeker	1	0	400	1	0	0	NA	0	1050
positive	100GB	95%	FusionSeeker	1	0	400	1	0	0	NA	0	1050
positive	100GB	85%	FusionSeeker	1	0	400	1	0	0	NA	0	1049
positive	100GB	90%	FusionSeeker	1	0	400	1	0	0	NA	0	1049
positive	100GB	95%	FusionSeeker	1	0	400	1	0	0	NA	0	1049
positive	100GB	85%	FusionSeeker	1	0	400	1	0	0	NA	0	1048
positive	100GB	90%	FusionSeeker	1	0	400	1	0	0	NA	0	1048
positive	100GB	95%	FusionSeeker	1	0	400	1	0	0	NA	0	1048
positive	100GB	85%	FusionSeeker	1	0	400	1	0	0	NA	0	1047
positive	100GB	90%	FusionSeeker	1	0	400	1	0	0	NA	0	1047
positive	100GB	95%	FusionSeeker	1	0	400	1	0	0	NA	0	1047
positive	100GB	85%	FusionSeeker	1	0	400	1	0	0	NA	0	1046
positive	100GB	90%	FusionSeeker	1	0	400	1	0	0	NA	0	1046
positive	100GB	95%	FusionSeeker	1	0	400	1	0	0	NA	0	1046
positive	100GB	85%	FusionSeeker	1	0	400	1	0	0	NA	0	1045
positive	100GB	90%	FusionSeeker	1	0	400	1	0	0	NA	0	1045
positive	100GB	95%	FusionSeeker	1	0	400	1	0	0	NA	0	1045
positive	100GB	85%	FusionSeeker	1	0	400	1	0	0	NA	0	1044
positive	100GB	90%	FusionSeeker	1	0	400	1	0	0	NA	0	1044
positive	100GB	95%	FusionSeeker	1	0	400	1	0	0	NA	0	1044
positive	100GB	85%	FusionSeeker	1	0	400	1	0	0	NA	0	1043
positive	100GB	90%	FusionSeeker	1	0	400	1	0	0	NA	0	1043
positive	100GB	95%	FusionSeeker	1	0	400	1	0	0	NA	0	1043
positive	100GB	85%	FusionSeeker	1	0	400	1	0	0	NA	0	1042
positive	100GB	90%	FusionSeeker	1	0	400	1	0	0	NA	0	1042
positive	100GB	95%	FusionSeeker	1	0	400	1	0	0	NA	0	1042
positive	100GB	85%	FusionSeeker	1	0	400	1	0	0	NA	0	1041
positive	100GB	90%	FusionSeeker	1	0	400	1	0	0	NA	0	1041
positive	100GB	95%	FusionSeeker	1	0	400	1	0	0	NA	0	1041
positive	100GB	85%	FusionSeeker	1	0	400	1	0	0	NA	0	1040
positive	100GB	90%	FusionSeeker	1	0	400	1	0	0	NA	0	1040
positive	100GB	95%	FusionSeeker	1	0	400	1	0	0	NA	0	1040
positive	100GB	85%	FusionSeeker	1	0	400	1	0	0	NA	0	1039
positive	100GB	90%	FusionSeeker	1	0	400	1	0	0	NA	0	1039
positive	100GB	95%	FusionSeeker	1	0	400	1	0	0	NA	0	1039
positive	100GB	85%	FusionSeeker	1	0	400	1	0	0	NA	0	1038
positive	100GB	90%	FusionSeeker	1	0	400	1	0	0	NA	0	1038
positive	100GB	95%	FusionSeeker	1	0	400	1	0	0	NA	0	1038
positive	100GB	85%	FusionSeeker	1	0	400	1	0	0	NA	0	1037
positive	100GB	90%	FusionSeeker	1	0	400	1	0	0	NA	0	1037
positive	100GB	95%	FusionSeeker	1	0	400	1	0	0	NA	0	1037
positive	100GB	85%	FusionSeeker	1	0	400	1	0	0	NA	0	1036
positive	100GB	90%	FusionSeeker	1	0	400	1	0	0	NA	0	1036
positive	100GB	95%	FusionSeeker	1	0	400	1	0	0	NA	0	1036
positive	100GB	85%	FusionSeeker	1	0	400	1	0	0	NA	0	1035
positive	100GB	90%	FusionSeeker	1	0	400	1	0	0	NA	0	1035
positive	100GB	95%	FusionSeeker	1	0	400	1	0	0	NA	0	1035
positive	100GB	85%	FusionSeeker	1	0	400	1	0	0	NA	0	1034
positive	100GB	90%	FusionSeeker	1	0	400	1	0	0	NA	0	1034
positive	100GB	95%	FusionSeeker	1	0	400	1	0	0	NA	0	1034
positive	100GB	85%	FusionSeeker	1	0	400	1	0	0	NA	0	1033
positive	100GB	90%	FusionSeeker	1	0	400	1	0	0	NA	0	1033
positive	100GB	95%	FusionSeeker	1	0	400	1	0	0	NA	0	1033
positive	100GB	85%	FusionSeeker	1	0	400	1	0	0	NA	0	1032
positive	100GB	90%	FusionSeeker	1	0	400	1	0	0	NA	0	1032
positive	100GB	95%	FusionSeeker	1	0	400	1	0	0	NA	0	1032
positive	100GB	85%	FusionSeeker	1	0	400	1	0	0	NA	0	1031
positive	100GB	90%	FusionSeeker	1	0	400	1	0	0	NA	0	1031
positive	100GB	95%	FusionSeeker	1	0	400	1	0	0	NA	0	1031
positive	100GB	85%	FusionSeeker	1	0	400	1	0	0	NA	0	1030
positive	100GB	90%	FusionSeeker	1	0	400	1	0	0	NA	0	1030
positive	100GB	95%	FusionSeeker	1	0	400	1	0	0	NA	0	1030
positive	100GB	85%	FusionSeeker	1	0	400	1	0	0	NA	0	1029
positive	100GB	90%	FusionSeeker	1	0	400	1	0	0	NA	0	1029
positive	100GB	95%	FusionSeeker	1	0	400	1	0	0	NA	0	1029
positive	100GB	85%	FusionSeeker	1	0	400	1	0	0	NA	0	1028
positive	100GB	90%	FusionSeeker	1	0	400	1	0	0	NA	0	1028
positive	100GB	95%	FusionSeeker	1	0	400	1	0	0	NA	0	1028
positive	100GB	85%	FusionSeeker	1	0	400	1	0	0	NA	0	1027
positive	100GB	90%	FusionSeeker	1	0	400	1	0	0	NA	0	1027
positive	100GB	95%	FusionSeeker	1	0	400	1	0	0	NA	0	1027
positive	100GB	85%	FusionSeeker	1	0	400	1	0	0	NA	0	1026
positive	100GB	90%	FusionSeeker	1	0	400	1	0	0	NA	0	1026
positive	100GB	95%	FusionSeeker	1	0	400	1	0	0	NA	0	1026
positive	100GB	85%	FusionSeeker	1	0	400	1	0	0	NA	0	1025
positive	100GB	90%	FusionSeeker	1	0	400	1	0	0	NA	0	1025
positive	100GB	95%	FusionSeeker	1	0	400	1	0	0	NA	0	1025
positive	100GB	85%	FusionSeeker	1	0	400	1	0	0	NA	0	1024
positive	100GB	90%	FusionSeeker	1	0	400	1	0	0	NA	0	1024
positive	100GB	95%	FusionSeeker	1	0	400	1	0	0	NA	0	1024
positive	100GB	85%	FusionSeeker	1	0	400	1	0	0	NA	0	1023
positive	100GB	90%	FusionSeeker	1	0	400	1	0	0	NA	0	1023
positive	100GB	95%	FusionSeeker	1	0	400	1	0	0	NA	0	1023
positive	100GB	85%	FusionSeeker	1	0	400	1	0	0	NA	0	1022
positive	100GB	90%	FusionSeeker	1	0	400	1	0	0	NA	0	1022
positive	100GB	95%	FusionSeeker	1	0	400	1	0	0	NA	0	1022
positive	100GB	85%	FusionSeeker	1	0	400	1	0	0	NA	0	1021
positive	100GB	90%	FusionSeeker	1	0	400	1	0	0	NA	0	1021
positive	100GB	95%	FusionSeeker	1	0	400	1	0	0	NA	0	1021
positive	100GB	85%	FusionSeeker	1	0	400	1	0	0	NA	0	1020
positive	100GB	90%	FusionSeeker	1	0	400	1	0	0	NA	0	1020
positive	100GB	95%	FusionSeeker	1	0	400	1	0	0	NA	0	1020
positive	100GB	85%	FusionSeeker	1	0	400	1	0	0	NA	0	1019
positive	100GB	90%	FusionSeeker	1	0	400	1	0	0	NA	0	1019
positive	100GB	95%	FusionSeeker	1	0	400	1	0	0	NA	0	1019
positive	100GB	85%	FusionSeeker	1	0	400	1	0	0	NA	0	1018
positive	100GB	90%	FusionSeeker	1	0	400	1	0	0	NA	0	1018
positive	100GB	95%	FusionSeeker	1	0	400	1	0	0	NA	0	1018
positive	100GB	85%	FusionSeeker	1	0	400	1	0	0	NA	0	1017
positive	100GB	90%	FusionSeeker	1	0	400	1	0	0	NA	0	1017
positive	100GB	95%	FusionSeeker	1	0	400	1	0	0	NA	0	1017
positive	100GB	85%	FusionSeeker	1	0	400	1	0	0	NA	0	1016
positive	100GB	90%	FusionSeeker	1	0	400	1	0	0	NA	0	1016
positive	100GB	95%	FusionSeeker	1	0	400	1	0	0	NA	0	1016
positive	100GB	85%	FusionSeeker	1	0	400	1	0	0	NA	0	1015
positive	100GB	90%	FusionSeeker	1	0	400	1	0	0	NA	0	1015
positive	100GB	95%	FusionSeeker	1	0	400	1	0	0	NA	0	1015
positive	100GB	85%	FusionSeeker	1	0	400	1	0	0	NA	0	1014
positive	100GB	90%	FusionSeeker	1	0	400	1	0	0	NA	0	1014
positive	100GB	95%	FusionSeeker	1	0	400	1	0	0	NA	0	1014
positive	100GB	85%	FusionSeeker	1	0	400	1	0	0	NA	0	1013
positive	100GB	90%	FusionSeeker	1	0	400	1	0	0	NA	0	1013
positive	100GB	95%	FusionSeeker	1	0	400	1	0	0	NA	0	1013
positive	100GB	85%	FusionSeeker	1	0	400	1	0	0	NA	0	1012
positive	100GB	90%	FusionSeeker	1	0	400	1	0	0	NA	0	1012
positive	100GB	95%	FusionSeeker	1	0	400	1	0	0	NA	0	1012
positive	100GB	85%	FusionSeeker	1	0	400	1	0	0	NA	0	1011
positive	100GB	90%	FusionSeeker	1	0	400	1	0	0	NA	0	1011
positive	100GB	95%	FusionSeeker	1	0	400	1	0	0	NA	0	1011
positive	100GB	85%	FusionSeeker	1	0	400	1	0	0	NA	0	1010
positive	100GB	90%	FusionSeeker	1	0	400	1	0	0	NA	0	1010
positive	100GB	95%	FusionSeeker	1	0	400	1	0	0	NA	0	1010
positive	100GB	85%	FusionSeeker	1	0	400	1	0	0	NA	0	1009
positive	100GB	90%	FusionSeeker	1	0	400	1	0	0	NA	0	1009
positive	100GB	95%	FusionSeeker	1	0	400	1	0	0	NA	0	1009
positive	100GB	85%	FusionSeeker	1	0	400	1	0	0	NA	0	1008
positive	100GB	90%	FusionSeeker	1	0	400	1	0	0	NA	0	1008
positive	100GB	95%	FusionSeeker	1	0	400	1	0	0	NA	0	1008
positive	100GB	85%	FusionSeeker	1	0	400	1	0	0	NA	0	1007
positive	100GB	90%	FusionSeeker	1	0	400	1	0	0	NA	0	1007
positive	100GB	95%	FusionSeeker	1	0	400	1	0	0	NA	0	1007
positive	100GB	85%	FusionSeeker	1	0	400	1	0	0	NA	0	1006
positive	100GB	90%	FusionSeeker	1	0	400	1	0	0	NA	0	1006
positive	100GB	95%	FusionSeeker	1	0	400	1	0	0	NA	0	1006
positive	100GB	85%	FusionSeeker	1	0	400	1	0	0	NA	0	1005
positive	100GB	90%	FusionSeeker	1	0	400	1	0	0	NA	0	1005
positive	100GB	95%	FusionSeeker	1	0	400	1	0	0	NA	0	1005
positive	100GB	85%	FusionSeeker	1	0	400	1	0	0	NA	0	1004
positive	100GB	90%	FusionSeeker	1	0	400	1	0	0	NA	0	1004
positive	100GB	95%	FusionSeeker	1	0	400	1	0	0	NA	0	1004
positive	100GB	85%	FusionSeeker	1	0	400	1	0	0	NA	0	1003
positive	100GB	90%	FusionSeeker	1	0	400	1	0	0	NA	0	1003
positive	100GB	95%	FusionSeeker	1	0	400	1	0	0	NA	0	1003
positive	100GB	85%	FusionSeeker	1	0	400	1	0	0	NA	0	1002
positive	100GB	90%	FusionSeeker	1	0	400	1	0	0	NA	0	1002
positive	100GB	95%	FusionSeeker	1	0	400	1	0	0	NA	0	1002
positive	100GB	85%	FusionSeeker	1	0	400	1	0	0	NA	0	1001
positive	100GB	90%	FusionSeeker	1	0	400	1	0	0	NA	0	1001
positive	100GB	95%	FusionSeeker	1	0	400	1	0	0	NA	0	1001
positive	100GB	85%	FusionSeeker	1	0	400	1	0	0	NA	0	1000
positive	100GB	90%	FusionSeeker	1	0	400	1	0	0	NA	0	1000
positive	100GB	95%	FusionSeeker	1	0	400	1	0	0	NA	0	1000
positive	100GB	85%	FusionSeeker	1	0	400	1	0	0	NA	0	999
positive	100GB	90%	FusionSeeker	1	0	400	1	0	0	NA	0	999
positive	100GB	95%	FusionSeeker	1	0	400	1	0	0	NA	0	999
positive	100GB	85%	FusionSeeker	1	0	400	1	0	0	NA	0	998
positive	100GB	90%	FusionSeeker	1	0	400	1	0	0	NA	0	998
positive	100GB	95%	FusionSeeker	1	0	400	1	0	0	NA	0	998
positive	100GB	85%	FusionSeeker	1	0	400	1	0	0	NA	0	997
positive	100GB	90%	FusionSeeker	1	0	400	1	0	0	NA	0	997
positive	100GB	95%	FusionSeeker	1	0	400	1	0	0	NA	0	997
positive	100GB	85%	FusionSeeker	1	0	400	1	0	0	NA	0	996
positive	100GB	90%	FusionSeeker	1	0	400	1	0	0	NA	0	996
positive	100GB	95%	FusionSeeker	1	0	400	1	0	0	NA	0	996
positive	100GB	85%	FusionSeeker	1	0	400	1	0	0	NA	0	995
positive	100GB	90%	FusionSeeker	1	0	400	1	0	0	NA	0	995
positive	100GB	95%	FusionSeeker	1	0	400	1	0	0	NA	0	995
positive	100GB	85%	FusionSeeker	1	0	400	1	0	0	NA	0	994
positive	100GB	90%	FusionSeeker	1	0	400	1	0	0	NA	0	994
positive	100GB	95%	FusionSeeker	1	0	400	1	0	0	NA	0	994
positive	100GB	85%	FusionSeeker	1	0	400	1	0	0	NA	0	993
positive	100GB	90%	FusionSeeker	1	0	400	1	0	0	NA	0	993
positive	100GB	95%	FusionSeeker	1	0	400	1	0	0	NA	0	993
positive	100GB	85%	FusionSeeker	1	0	400	1	0	0	NA	0	992
positive	100GB	90%	FusionSeeker	1	0	400	1	0	0	NA	0	992
positive	100GB	95%	FusionSeeker	1	0	400	1	0	0	NA	0	992
positive	100GB	85%	FusionSeeker	1	0	400	1	0	0	NA	0	991
positive	100GB	90%	FusionSeeker	1	0	400	1	0	0	NA	0	991
positive	100GB	95%	FusionSeeker	1	0	400	1	0	0	NA	0	991
positive	100GB	85%	FusionSeeker	1	0	400	1	0	0	NA	0	990
positive	100GB	90%	FusionSeeker	1	0	400	1	0	0	NA	0	990
positive	100GB	95%	FusionSeeker	1	0	400	1	0	0	NA	0	990
positive	100GB	85%	FusionSeeker	1	0	400	1	0	0	NA	0	989
positive	100GB	90%	FusionSeeker	1	0	400	1	0	0	NA	0	989
positive	100GB	95%	FusionSeeker	1	0	400	1	0	0	NA	0	989
positive	100GB	85%	FusionSeeker	1	0	400	1	0	0	NA	0	988
positive	100GB	90%	FusionSeeker	1	0	400	1	0	0	NA	0	988
positive	100GB	95%	FusionSeeker	1	0	400	1	0	0	NA	0	988
positive	100GB	85%	FusionSeeker	1	0	400	1	0	0	NA	0	987
positive	100GB	90%	FusionSeeker	1	0	400	1	0	0	NA	0	987
positive	100GB	95%	FusionSeeker	1	0	400	1	0	0	NA	0	987
positive	100GB	85%	FusionSeeker	1	0	400	1	0	0	NA	0	986
positive	100GB	90%	FusionSeeker	1	0	400	1	0	0	NA	0	986
positive	100GB	95%	FusionSeeker	1	0	400	1	0	0	NA	0	986
positive	100GB	85%	FusionSeeker	1	0	400	1	0	0	NA	0	985
positive	100GB	90%	FusionSeeker	1	0	400	1	0	0	NA	0	985
positive	100GB	95%	FusionSeeker	1	0	400	1	0	0	NA	0	985
positive	100GB	85%	FusionSeeker	1	0	400	1	0	0	NA	0	984
positive	100GB	90%	FusionSeeker	1	0	400	1	0	0	NA	0	984
positive	100GB	95%	FusionSeeker	1	0	400	1	0	0	NA	0	984
positive	100GB	85%	FusionSeeker	1	0	400	1	0	0	NA	0	983
positive	100GB	90%	FusionSeeker	1	0	400	1	0	0	NA	0	983
positive	100GB	95%	FusionSeeker	1	0	400	1	0	0	NA	0	983
positive	100GB	85%	FusionSeeker	1	0	400	1	0	0	NA	0	982
positive	100GB	90%	FusionSeeker	1	0	400	1	0	0	NA	0	982
positive	100GB	95%	FusionSeeker	1	0	400	1	0	0	NA	0	982
positive	100GB	85%	FusionSeeker	1	0	400	1	0	0	NA	0	981
positive	100GB	90%	FusionSeeker	1	0	400	1	0	0	NA	0	981
positive	100GB	95%	FusionSeeker	1	0	400	1	0	0	NA	0	981
positive	100GB	85%	FusionSeeker	1	0	400	1	0	0	NA	0	980
positive	100GB	90%	FusionSeeker	1	0	400	1	0	0	NA	0	980
positive	100GB	95%	FusionSeeker	1	0	400	1	0	0	NA	0	980
positive	100GB	85%	FusionSeeker	1	0	400	1	0	0	NA	0	979
positive	100GB	90%	FusionSeeker	1	0	400	1	0	0	NA	0	979
positive	100GB	95%	FusionSeeker	1	0	400	1	0	0	NA	0	979
positive	100GB	85%	FusionSeeker	1	0	400	1	0	0	NA	0	978
positive	100GB	90%	FusionSeeker	1	0	400	1	0	0	NA	0	978
positive	100GB	95%	FusionSeeker	1	0	400	1	0	0	NA	0	978
positive	100GB	85%	FusionSeeker	1	0	400	1	0	0	NA	0	977
positive	100GB	90%	FusionSeeker	1	0	400	1	0	0	NA	0	977
positive	100GB	95%	FusionSeeker	1	0	400	1	0	0	NA	0	977
positive	100GB	85%	FusionSeeker	1	0	400	1	0	0	NA	0	976
positive	100GB	90%	FusionSeeker	1	0	400	1	0	0	NA	0	976
positive	100GB	95%	FusionSeeker	1	0	400	1	0	0	NA	0	976
positive	100GB	85%	FusionSeeker	1	0	400	1	0	0	NA	0	975
positive	100GB	90%	FusionSeeker	1	0	400	1	0	0	NA	0	975
positive	100GB	95%	FusionSeeker	1	0	400	1	0	0	NA	0	975
positive	100GB	85%	FusionSeeker	1	0	400	1	0	0	NA	0	974
positive	100GB	90%	FusionSeeker	1	0	400	1	0	0	NA	0	974
positive	100GB	95%	FusionSeeker	1	0	400	1	0	0	NA	0	974
positive	100GB	85%	FusionSeeker	1	0	400	1	0	0	NA	0	973
positive	100GB	90%	FusionSeeker	1	0	400	1	0	0	NA	0	973
positive	100GB	95%	FusionSeeker	1	0	400	1	0	0	NA	0	973
positive	100GB	85%	FusionSeeker	1	0	400	1	0	0	NA	0	972
positive	100GB	90%	FusionSeeker	1	0	400	1	0	0	NA	0	972
positive	100GB	95%	FusionSeeker	1	0	400	1	0	0	NA	0	972
positive	100GB	85%	FusionSeeker	1	0	400	1	0	0	NA	0	971
positive	100GB	90%	FusionSeeker	1	0	400	1	0	0	NA	0	971
positive	100GB	95%	FusionSeeker	1	0	400	1	0	0	NA	0	971
positive	100GB	85%	FusionSeeker	1	0	400	1	0	0	NA	0	970
positive	100GB	90%	FusionSeeker	1	0	400	1	0	0	NA	0	970
positive	100GB	95%	FusionSeeker	1	0	400	1	0	0	NA	0	970
positive	100GB	85%	FusionSeeker	1	0	400	1	0	0	NA	0	969
positive	100GB	90%	FusionSeeker	1	0	400	1	0	0	NA	0	969
positive	100GB	95%	FusionSeeker	1	0	400	1	0	0	NA	0	969
positive	100GB	85%	FusionSeeker	1	0	400	1	0	0	NA	0	968
positive	100GB	90%	FusionSeeker	1	0	400	1	0	0	NA	0	968
positive	100GB	95%	FusionSeeker	1	0	400	1	0	0	NA	0	968
positive	100GB	85%	FusionSeeker	1	0	400	1	0	0	NA	0	967
positive	100GB	90%	FusionSeeker	1	0	400	1	0	0	NA	0	967
positive	100GB	95%	FusionSeeker	1	0	400	1	0	0	NA	0	967
positive	100GB	85%	FusionSeeker	1	0	400	1	0	0	NA	0	966
positive	100GB	90%	FusionSeeker	1	0	400	1	0	0	NA	0	966
positive	100GB	95%	FusionSeeker	1	0	400	1	0	0	NA	0	966
positive	100GB	85%	FusionSeeker	1	0	400	1	0	0	NA	0	965
positive	100GB	90%	FusionSeeker	1	0	400	1	0	0	NA	0	965
positive	100GB	95%	FusionSeeker	1	0	400	1	0	0	NA	0	965
positive	100GB	85%	FusionSeeker	1	0	400	1	0	0	NA	0	964
positive	100GB	90%	FusionSeeker	1	0	400	1	0	0	NA	0	964
positive	100GB	95%	FusionSeeker	1	0	400	1	0	0	NA	0	964
positive	100GB	85%	FusionSeeker	1	0	400	1	0	0	NA	0	963
positive	100GB	90%	FusionSeeker	1	0	400	1	0	0	NA	0	963
positive	100GB	95%	FusionSeeker	1	0	400	1	0	0	NA	0	963
positive	100GB	85%	FusionSeeker	1	0	400	1	0	0	NA	0	962
positive	100GB	90%	FusionSeeker	1	0	400	1	0	0	NA	0	962
positive	100GB	95%	FusionSeeker	1	0	400	1	0	0	NA	0	962
positive	100GB	85%	FusionSeeker	1	0	400	1	0	0	NA	0	961
positive	100GB	90%	FusionSeeker	1	0	400	1	0	0	NA	0	961
positive	100GB	95%	FusionSeeker	1	0	400	1	0	0	NA	0	961
positive	100GB	85%	FusionSeeker	1	0	400	1	0	0	NA	0	960
positive	100GB	90%	FusionSeeker	1	0	400	1	0	0	NA	0	960
positive	100GB	95%	FusionSeeker	1	0	400	1	0	0	NA	0	960
positive	100GB	85%	FusionSeeker	1	0	400	1	0	0	NA	0	959
positive	100GB	90%	FusionSeeker	1	0	400	1	0	0	NA	0	959
positive	100GB	95%	FusionSeeker	1	0	400	1	0	0	NA	0	959
positive	100GB	85%	FusionSeeker	1	0	400	1	0	0	NA	0	958
positive	100GB	90%	FusionSeeker	1	0	400	1	0	0	NA	0	958
positive	100GB	95%	FusionSeeker	1	0	400	1	0	0	NA	0	958
positive	100GB	85%	FusionSeeker	1	0	400	1	0	0	NA	0	957
positive	100GB	90%	FusionSeeker	1	0	400	1	0	0	NA	0	957
positive	100GB	95%	FusionSeeker	1	0	400	1	0	0	NA	0	957
positive	100GB	85%	FusionSeeker	1	0	400	1	0	0	NA	0	956
positive	100GB	90%	FusionSeeker	1	0	400	1	0	0	NA	0	956
positive	100GB	95%	FusionSeeker	1	0	400	1	0	0	NA	0	956
positive	100GB	85%	FusionSeeker	1	0	400	1	0	0	NA	0	955
positive	100GB	90%	FusionSeeker	1	0	400	1	0	0	NA	0	955
positive	100GB	95%	FusionSeeker	1	0	400	1	0	0	NA	0	955
positive	100GB	85%	FusionSeeker	1	0	400	1	0	0	NA	0	954
positive	100GB	90%	FusionSeeker	1	0	400	1	0	0	NA	0	954
positive	100GB	95%	FusionSeeker	1	0	400	1	0	0	NA	0	954
positive	100GB	85%	FusionSeeker	1	0	400	1	0	0	NA	0	953
positive	100GB	90%	FusionSeeker	1	0	400	1	0	0	NA	0	953
positive	100GB	95%	FusionSeeker	1	0	400	1	0	0	NA	0	953
positive	100GB	85%	FusionSeeker	1	0	400	1	0	0	NA	0	952
positive	100GB	90%	FusionSeeker	1	0	400	1	0	0	NA	0	952
positive	100GB	95%	FusionSeeker	1	0	400	1	0	0	NA	0	952
positive	100GB	85%	FusionSeeker	1	0	400	1	0	0	NA	0	951
positive	100GB	90%	FusionSeeker	1	0	400	1	0	0	NA	0	951
positive	100GB	95%	FusionSeeker	1	0	400	1	0	0	NA	0	951
positive	100GB	85%	FusionSeeker	1	0	400	1	0	0	NA	0	950
positive	100GB	90%	FusionSeeker	1	0	400	1	0	0	NA	0	950
positive	100GB	95%	FusionSeeker	1	0	400	1	0	0	NA	0	950
positive	100GB	85%	FusionSeeker	1	0	400	1	0	0	NA	0	949
positive	100GB	90%	FusionSeeker	1	0	400	1	0	0	NA	0	949
positive	100GB	95%	FusionSeeker	1	0	400	1	0	0	NA	0	949
positive	100GB	85%	FusionSeeker	1	0	400	1	0	0	NA	0	948
positive	100GB	90%	FusionSeeker	1	0	400	1	0	0	NA	0	948
positive	100GB	95%	FusionSeeker	1	0	400	1	0	0	NA	0	948
positive	100GB	85%	FusionSeeker	1	0	400	1	0	0	NA	0	947
positive	100GB	90%	FusionSeeker	1	0	400	1	0	0	NA	0	947
positive	100GB	95%	FusionSeeker	1	0	400	1	0	0	NA	0	947
positive	100GB	85%	FusionSeeker	1	0	400	1	0	0	NA	0	946
positive	100GB	90%	FusionSeeker	1	0	400	1	0	0	NA	0	946
positive	100GB	95%	FusionSeeker	1	0	400	1	0	0	NA	0	946
positive	100GB	85%	FusionSeeker	1	0	400	1	0	0	NA	0	945
positive	100GB	90%	FusionSeeker	1	0	400	1	0	0	NA	0	945
positive	100GB	95%	FusionSeeker	1	0	400	1	0	0	NA	0	945
positive	100GB	85%	FusionSeeker	1	0	400	1	0	0	NA	0	944
positive	100GB	90%	FusionSeeker	1	0	400	1	0	0	NA	0	944
positive	100GB	95%	FusionSeeker	1	0	400	1	0	0	NA	0	944
positive	100GB	85%	FusionSeeker	1	0	400	1	0	0	NA	0	943
positive	100GB	90%	FusionSeeker	1	0	400	1	0	0	NA	0	943
positive	100GB	95%	FusionSeeker	1	0	400	1	0	0	NA	0	943
positive	100GB	85%	FusionSeeker	1	0	400	1	0	0	NA	0	942
positive	100GB	90%	FusionSeeker	1	0	400	1	0	0	NA	0	942
positive	100GB	95%	FusionSeeker	1	0	400	1	0	0	NA	0	942
positive	100GB	85%	FusionSeeker	1	0	400	1	0	0	NA	0	941
positive	100GB	90%	FusionSeeker	1	0	400	1	0	0	NA	0	941
positive	100GB	95%	FusionSeeker	1	0	400	1	0	0	NA	0	941
positive	100GB	85%	FusionSeeker	1	0	400	1	0	0	NA	0	940
positive	100GB	90%	FusionSeeker	1	0	400	1	0	0	NA	0	940
positive	100GB	95%	FusionSeeker	1	0	400	1	0	0	NA	0	940
positive	100GB	85%	FusionSeeker	1	0	400	1	0	0	NA	0	939
positive	100GB	90%	FusionSeeker	1	0	400	1	0	0	NA	0	939
positive	100GB	95%	FusionSeeker	1	0	400	1	0	0	NA	0	939
positive	100GB	85%	FusionSeeker	1	0	400	1	0	0	NA	0	938
positive	100GB	90%	FusionSeeker	1	0	400	1	0	0	NA	0	938
positive	100GB	95%	FusionSeeker	1	0	400	1	0	0	NA	0	938
positive	100GB	85%	FusionSeeker	1	0	400	1	0	0	NA	0	937
positive	100GB	90%	FusionSeeker	1	0	400	1	0	0	NA	0	937
positive	100GB	95%	FusionSeeker	1	0	400	1	0	0	NA	0	937
positive	100GB	85%	FusionSeeker	1	0	400	1	0	0	NA	0	936
positive	100GB	90%	FusionSeeker	1	0	400	1	0	0	NA	0	936
positive	100GB	95%	FusionSeeker	1	0	400	1	0	0	NA	0	936
positive	100GB	85%	FusionSeeker	1	0	400	1	0	0	NA	0	935
positive	100GB	90%	FusionSeeker	1	0	400	1	0	0	NA	0	935
positive	100GB	95%	FusionSeeker	1	0	400	1	0	0	NA	0	935
positive	100GB	85%	FusionSeeker	1	0	400	1	0	0	NA	0	934
positive	100GB	90%	FusionSeeker	1	0	400	1	0	0	NA	0	934
positive	100GB	95%	FusionSeeker	1	0	400	1	0	0	NA	0	934
positive	100GB	85%	FusionSeeker	1	0	400	1	0	0	NA	0	933
positive	100GB	90%	FusionSeeker	1	0	400	1	0	0	NA	0	933
positive	100GB	95%	FusionSeeker	1	0	400	1	0	0	NA	0	933
positive	100GB	85%	FusionSeeker	1	0	400	1	0	0	NA	0	932
positive	100GB	90%	FusionSeeker	1	0	400	1	0	0	NA	0	932
positive	100GB	95%	FusionSeeker	1	0	400	1	0	0	NA	0	932
positive	100GB	85%	FusionSeeker	1	0	400	1	0	0	NA	0	931
positive	100GB	90%	FusionSeeker	1	0	400	1	0	0	NA	0	931
positive	100GB	95%	FusionSeeker	1	0	400	1	0	0	NA	0	931
positive	100GB	85%	FusionSeeker	1	0	400	1	0	0	NA	0	930
positive	100GB	90%	FusionSeeker	1	0	400	1	0	0	NA	0	930
positive	100GB	95%	FusionSeeker	1	0	400	1	0	0	NA	0	930
positive	100GB	85%	FusionSeeker	1	0	400	1	0	0	NA	0	929
positive	100GB	90%	FusionSeeker	1	0	400	1	0	0	NA	0	929
positive	100GB	95%	FusionSeeker	1	0	400	1	0	0	NA	0	929
positive	100GB	85%	FusionSeeker	1	0	400	1	0	0	NA	0	928
positive	100GB	90%	FusionSeeker	1	0	400	1	0	0	NA	0	928
positive	100GB	95%	FusionSeeker	1	0	400	1	0	0	NA	0	928
positive	100GB	85%	FusionSeeker	1	0	400	1	0	0	NA	0	927
positive	100GB	90%	FusionSeeker	1	0	400	1	0	0	NA	0	927
positive	100GB	95%	FusionSeeker	1	0	400	1	0	0	NA	0	927
positive	100GB	85%	FusionSeeker	1	0	400	1	0	0	NA	0	926
positive	100GB	90%	FusionSeeker	1	0	400	1	0	0	NA	0	926
positive	100GB	95%	FusionSeeker	1	0	400	1	0	0	NA	0	926
positive	100GB	85%	FusionSeeker	1	0	400	1	0	0	NA	0	925
positive	100GB	90%	FusionSeeker	1	0	400	1	0	0	NA	0	925
positive	100GB	95%	FusionSeeker	1	0	400	1	0	0	NA	0	925
positive	100GB	85%	FusionSeeker	1	0	400	1	0	0	NA	0	924
positive	100GB	90%	FusionSeeker	1	0	400	1	0	0	NA	0	924
positive	100GB	95%	FusionSeeker	1	0	400	1	0	0	NA	0	924
positive	100GB	85%	FusionSeeker	1	0	400	1	0	0	NA	0	923
positive	100GB	90%	FusionSeeker	1	0	400	1	0	0	NA	0	923
positive	100GB	95%	FusionSeeker	1	0	400	1	0	0	NA	0	923
positive	100GB	85%	FusionSeeker	1	0	400	1	0	0	NA	0	922
positive	100GB	90%	FusionSeeker	1	0	400	1	0	0	NA	0	922
positive	100GB	95%	FusionSeeker	1	0	400	1	0	0	NA	0	922
positive	100GB	85%	FusionSeeker	1	0	400	1	0	0	NA	0	921
positive	100GB	90%	FusionSeeker	1	0	400	1	0	0	NA	0	921
positive	100GB	95%	FusionSeeker	1	0	400	1	0	0	NA	0	921
positive	100GB	85%	FusionSeeker	1	0	400	1	0	0	NA	0	920
positive	100GB	90%	FusionSeeker	1	0	400	1	0	0	NA	0	920
positive	100GB	95%	FusionSeeker	1	0	400	1	0	0	NA	0	920
positive	100GB	85%	FusionSeeker	1	0	400	1	0	0	NA	0	919
positive	100GB	90%	FusionSeeker	1	0	400	1	0	0	NA	0	919
positive	100GB	95%	FusionSeeker	1	0	400	1	0	0	NA	0	919
positive	100GB	85%	FusionSeeker	1	0	400	1	0	0	NA	0	918
positive	100GB	90%	FusionSeeker	1	0	400	1	0	0	NA	0	918
positive	100GB	95%	FusionSeeker	1	0	400	1	0	0	NA	0	918
positive	100GB	85%	FusionSeeker	1	0	400	1	0	0	NA	0	917
positive	100GB	90%	FusionSeeker	1	0	400	1	0	0	NA	0	917
positive	100GB	95%	FusionSeeker	1	0	400	1	0	0	NA	0	917
positive	100GB	85%	FusionSeeker	1	0	400	1	0	0	NA	0	916
positive	100GB	90%	FusionSeeker	1	0	400	1	0	0	NA	0	916
positive	100GB	95%	FusionSeeker	1	0	400	1	0	0	NA	0	916
positive	100GB	85%	FusionSeeker	1	0	400	1	0	0	NA	0	915
positive	100GB	90%	FusionSeeker	1	0	400	1	0	0	NA	0	915
positive	100GB	95%	FusionSeeker	1	0	400	1	0	0	NA	0	915
positive	100GB	85%	FusionSeeker	1	0	400	1	0	0	NA	0	914
positive	100GB	90%	FusionSeeker	1	0	400	1	0	0	NA	0	914
positive	100GB	95%	FusionSeeker	1	0	400	1	0	0	NA	0	914
positive	100GB	85%	FusionSeeker	1	0	400	1	0	0	NA	0	913
positive	100GB	90%	FusionSeeker	1	0	400	1	0	0	NA	0	913
positive	100GB	95%	FusionSeeker	1	0	400	1	0	0	NA	0	913
positive	100GB	85%	FusionSeeker	1	0	400	1	0	0	NA	0	912
positive	100GB	90%	FusionSeeker	1	0	400	1	0	0	NA	0	912
positive	100GB	95%	FusionSeeker	1	0	400	1	0	0	NA	0	912
positive	100GB	85%	FusionSeeker	1	0	400	1	0	0	NA	0	911
positive	100GB	90%	FusionSeeker	1	0	400	1	0	0	NA	0	911
positive	100GB	95%	FusionSeeker	1	0	400	1	0	0	NA	0	911
positive	100GB	85%	FusionSeeker	1	0	400	1	0	0	NA	0	910
positive	100GB	90%	FusionSeeker	1	0	400	1	0	0	NA	0	910
positive	100GB	95%	FusionSeeker	1	0	400	1	0	0	NA	0	910
positive	100GB	85%	FusionSeeker	1	0	400	1	0	0	NA	0	909
positive	100GB	90%	FusionSeeker	1	0	400	1	0	0	NA	0	909
positive	100GB	95%	FusionSeeker	1	0	400	1	0	0	NA	0	909
positive	100GB	85%	FusionSeeker	1	0	400	1	0	0	NA	0	908
positive	100GB	90%	FusionSeeker	1	0	400	1	0	0	NA	0	908
positive	100GB	95%	FusionSeeker	1	0	400	1	0	0	NA	0	908
positive	100GB	85%	FusionSeeker	1	0	400	1	0	0	NA	0	907
positive	100GB	90%	FusionSeeker	1	0	400	1	0	0	NA	0	907
positive	100GB	95%	FusionSeeker	1	0	400	1	0	0	NA	0	907
positive	100GB	85%	FusionSeeker	1	0	400	1	0	0	NA	0	906
positive	100GB	90%	FusionSeeker	1	0	400	1	0	0	NA	0	906
positive	100GB	95%	FusionSeeker	1	0	400	1	0	0	NA	0	906
positive	100GB	85%	FusionSeeker	1	0	400	1	0	0	NA	0	905
positive	100GB	90%	FusionSeeker	1	0	400	1	0	0	NA	0	905
positive	100GB	95%	FusionSeeker	1	0	400	1	0	0	NA	0	905
positive	100GB	85%	FusionSeeker	1	0	400	1	0	0	NA	0	904
positive	100GB	90%	FusionSeeker	1	0	400	1	0	0	NA	0	904
positive	100GB	95%	FusionSeeker	1	0	400	1	0	0	NA	0	904
positive	100GB	85%	FusionSeeker	1	0	400	1	0	0	NA	0	903
positive	100GB	90%	FusionSeeker	1	0	400	1	0	0	NA	0	903
positive	100GB	95%	FusionSeeker	1	0	400	1	0	0	NA	0	903
positive	100GB	85%	FusionSeeker	1	0	400	1	0	0	NA	0	902
positive	100GB	90%	FusionSeeker	1	0	400	1	0	0	NA	0	902
positive	100GB	95%	FusionSeeker	1	0	400	1	0	0	NA	0	902
positive	100GB	85%	FusionSeeker	1	0	400	1	0	0	NA	0	901
positive	100GB	90%	FusionSeeker	1	0	400	1	0	0	NA	0	901
positive	100GB	95%	FusionSeeker	1	0	400	1	0	0	NA	0	901
positive	100GB	85%	FusionSeeker	1	0	400	1	0	0	NA	0	900
positive	100GB	90%	FusionSeeker	1	0	400	1	0	0	NA	0	900
positive	100GB	95%	FusionSeeker	1	0	400	1	0	0	NA	0	900
positive	100GB	85%	FusionSeeker	1	0	400	1	0	0	NA	0	899
positive	100GB	90%	FusionSeeker	1	0	400	1	0	0	NA	0	899
positive	100GB	95%	FusionSeeker	1	0	400	1	0	0	NA	0	899
positive	100GB	85%	FusionSeeker	1	0	400	1	0	0	NA	0	898
positive	100GB	90%	FusionSeeker	1	0	400	1	0	0	NA	0	898
positive	100GB	95%	FusionSeeker	1	0	400	1	0	0	NA	0	898
positive	100GB	85%	FusionSeeker	1	0	400	1	0	0	NA	0	897
positive	100GB	90%	FusionSeeker	1	0	400	1	0	0	NA	0	897
positive	100GB	95%	FusionSeeker	1	0	400	1	0	0	NA	0	897
positive	100GB	85%	FusionSeeker	1	0	400	1	0	0	NA	0	896
positive	100GB	90%	FusionSeeker	1	0	400	1	0	0	NA	0	896
positive	100GB	95%	FusionSeeker	1	0	400	1	0	0	NA	0	896
positive	100GB	85%	FusionSeeker	1	0	400	1	0	0	NA	0	895
positive	100GB	90%	FusionSeeker	1	0	400	1	0	0	NA	0	895
positive	100GB	95%	FusionSeeker	1	0	400	1	0	0	NA	0	895
positive	100GB	85%	FusionSeeker	1	0	400	1	0	0	NA	0	894
positive	100GB	90%	FusionSeeker	1	0	400	1	0	0	NA	0	894
positive	100GB	95%	FusionSeeker	1	0	400	1	0	0	NA	0	894
positive	100GB	85%	FusionSeeker	1	0	400	1	0	0	NA	0	893
positive	100GB	90%	FusionSeeker	1	0	400	1	0	0	NA	0	893
positive	100GB	95%	FusionSeeker	1	0	400	1	0	0	NA	0	893
positive	100GB	85%	FusionSeeker	1	0	400	1	0	0	NA	0	892
positive	100GB	90%	FusionSeeker	1	0	400	1	0	0	NA	0	892
positive	100GB	95%	FusionSeeker	1	0	400	1	0	0	NA	0	892
positive	100GB	85%	FusionSeeker	1	0	400	1	0	0	NA	0	891
positive	100GB	90%	FusionSeeker	1	0	400	1	0	0	NA	0	891
positive	100GB	95%	FusionSeeker	1	0	400	1	0	0	NA	0	891
positive	100GB	85%	FusionSeeker	1	0	400	1	0	0	NA	0	890
positive	100GB	90%	FusionSeeker	1	0	400	1	0	0	NA	0	890
positive	100GB	95%	FusionSeeker	1	0	400	1	0	0	NA	0	890
positive	100GB	85%	FusionSeeker	1	0	400	1	0	0	NA	0	889
positive	100GB	90%	FusionSeeker	1	0	400	1	0	0	NA	0	889
positive	100GB	95%	FusionSeeker	1	0	400	1	0	0	NA	0	889
positive	100GB	85%	FusionSeeker	1	0	400	1	0	0	NA	0	888
positive	100GB	90%	FusionSeeker	1	0	400	1	0	0	NA	0	888
positive	100GB	95%	FusionSeeker	1	0	400	1	0	0	NA	0	888
positive	100GB	85%	FusionSeeker	1	0	400	1	0	0	NA	0	887
positive	100GB	90%	FusionSeeker	1	0	400	1	0	0	NA	0	887
positive	100GB	95%	FusionSeeker	1	0	400	1	0	0	NA	0	887
positive	100GB	85%	FusionSeeker	1	0	400	1	0	0	NA	0	886
positive	100GB	90%	FusionSeeker	1	0	400	1	0	0	NA	0	886
positive	100GB	95%	FusionSeeker	1	0	400	1	0	0	NA	0	886
positive	100GB	85%	FusionSeeker	1	0	400	1	0	0	NA	0	885
positive	100GB	90%	FusionSeeker	1	0	400	1	0	0	NA	0	885
positive	100GB	95%	FusionSeeker	1	0	400	1	0	0	NA	0	885
positive	100GB	85%	FusionSeeker	1	0	400	1	0	0	NA	0	884
positive	100GB	90%	FusionSeeker	1	0	400	1	0	0	NA	0	884
positive	100GB	95%	FusionSeeker	1	0	400	1	0	0	NA	0	884
positive	100GB	85%	FusionSeeker	1	0	400	1	0	0	NA	0	883
positive	100GB	90%	FusionSeeker	1	0	400	1	0	0	NA	0	883
positive	100GB	95%	FusionSeeker	1	0	400	1	0	0	NA	0	883
positive	100GB	85%	FusionSeeker	1	0	400	1	0	0	NA	0	882
positive	100GB	90%	FusionSeeker	1	0	400	1	0	0	NA	0	882
positive	100GB	95%	FusionSeeker	1	0	400	1	0	0	NA	0	882
positive	100GB	85%	FusionSeeker	1	0	400	1	0	0	NA	0	881
positive	100GB	90%	FusionSeeker	1	0	400	1	0	0	NA	0	881
positive	100GB	95%	FusionSeeker	1	0	400	1	0	0	NA	0	881
positive	100GB	85%	FusionSeeker	1	0	400	1	0	0	NA	0	880
positive	100GB	90%	FusionSeeker	1	0	400	1	0	0	NA	0	880
positive	100GB	95%	FusionSeeker	1	0	400	1	0	0	NA	0	880
positive	100GB	85%	FusionSeeker	1	0	400	1	0	0	NA	0	879
positive	100GB	90%	FusionSeeker	1	0	400	1	0	0	NA	0	879
positive	100GB	95%	FusionSeeker	1	0	400	1	0	0	NA	0	879
positive	100GB	85%	FusionSeeker	1	0	400	1	0	0	NA	0	878
positive	100GB	90%	FusionSeeker	1	0	400	1	0	0	NA	0	878
positive	100GB	95%	FusionSeeker	1	0	400	1	0	0	NA	0	878
positive	100GB	85%	FusionSeeker	1	0	400	1	0	0	NA	0	877
positive	100GB	90%	FusionSeeker	1	0	400	1	0	0	NA	0	877
positive	100GB	95%	FusionSeeker	1	0	400	1	0	0	NA	0	877
positive	100GB	85%	FusionSeeker	1	0	400	1	0	0	NA	0	876
positive	100GB	90%	FusionSeeker	1	0	400	1	0	0	NA	0	876
positive	100GB	95%	FusionSeeker	1	0	400	1	0	0	NA	0	876
positive	100GB	85%	FusionSeeker	1	0	400	1	0	0	NA	0	875
positive	100GB	90%	FusionSeeker	1	0	400	1	0	0	NA	0	875
positive	100GB	95%	FusionSeeker	1	0	400	1	0	0	NA	0	875
positive	100GB	85%	FusionSeeker	1	0	400	1	0	0	NA	0	874
positive	100GB	90%	FusionSeeker	1	0	400	1	0	0	NA	0	874
positive	100GB	95%	FusionSeeker	1	0	400	1	0	0	NA	0	874
positive	100GB	85%	FusionSeeker	1	0	400	1	0	0	NA	0	873
positive	100GB	90%	FusionSeeker	1	0	400	1	0	0	NA	0	873
positive	100GB	95%	FusionSeeker	1	0	400	1	0	0	NA	0	873
positive	100GB	85%	FusionSeeker	1	0	400	1	0	0	NA	0	872
positive	100GB	90%	FusionSeeker	1	0	400	1	0	0	NA	0	872
positive	100GB	95%	FusionSeeker	1	0	400	1	0	0	NA	0	872
positive	100GB	85%	FusionSeeker	1	0	400	1	0	0	NA	0	871
positive	100GB	90%	FusionSeeker	1	0	400	1	0	0	NA	0	871
positive	100GB	95%	FusionSeeker	1	0	400	1	0	0	NA	0	871
positive	100GB	85%	FusionSeeker	1	0	400	1	0	0	NA	0	870
positive	100GB	90%	FusionSeeker	1	0	400	1	0	0	NA	0	870
positive	100GB	95%	FusionSeeker	1	0	400	1	0	0	NA	0	870
positive	100GB	85%	FusionSeeker	1	0	400	1	0	0	NA	0	869
positive	100GB	90%	FusionSeeker	1	0	400	1	0	0	NA	0	869
positive	100GB	95%	FusionSeeker	1	0	400	1	0	0	NA	0	869
positive	100GB	85%	FusionSeeker	1	0	400	1	0	0	NA	0	868
positive	100GB	90%	FusionSeeker	1	0	400	1	0	0	NA	0	868
positive	100GB	95%	FusionSeeker	1	0	400	1	0	0	NA	0	868
positive	100GB	85%	FusionSeeker	1	0	400	1	0	0	NA	0	867
positive	100GB	90%	FusionSeeker	1	0	400	1	0	0	NA	0	867
positive	100GB	95%	FusionSeeker	1	0	400	1	0	0	NA	0	867
positive	100GB	85%	FusionSeeker	1	0	400	1	0	0	NA	0	866
positive	100GB	90%	FusionSeeker	1	0	400	1	0	0	NA	0	866
positive	100GB	95%	FusionSeeker	1	0	400	1	0	0	NA	0	866
positive	100GB	85%	FusionSeeker	1	0	400	1	0	0	NA	0	865
positive	100GB	90%	FusionSeeker	1	0	400	1	0	0	NA	0	865
positive	100GB	95%	FusionSeeker	1	0	400	1	0	0	NA	0	865
positive	100GB	85%	FusionSeeker	1	0	400	1	0	0	NA	0	864
positive	100GB	90%	FusionSeeker	1	0	400	1	0	0	NA	0	864
positive	100GB	95%	FusionSeeker	1	0	400	1	0	0	NA	0	864
positive	100GB	85%	FusionSeeker	1	0	400	1	0	0	NA	0	863
positive	100GB	90%	FusionSeeker	1	0	400	1	0	0	NA	0	863
positive	100GB	95%	FusionSeeker	1	0	400	1	0	0	NA	0	863
positive	100GB	85%	FusionSeeker	1	0	400	1	0	0	NA	0	862
positive	100GB	90%	FusionSeeker	1	0	400	1	0	0	NA	0	862
positive	100GB	95%	FusionSeeker	1	0	400	1	0	0	NA	0	862
positive	100GB	85%	FusionSeeker	1	0	400	1	0	0	NA	0	861
positive	100GB	90%	FusionSeeker	1	0	400	1	0	0	NA	0	861
positive	100GB	95%	FusionSeeker	1	0	400	1	0	0	NA	0	861
positive	100GB	85%	FusionSeeker	1	0	400	1	0	0	NA	0	860
positive	100GB	90%	FusionSeeker	1	0	400	1	0	0	NA	0	860
positive	100GB	95%	FusionSeeker	1	0	400	1	0	0	NA	0	860
positive	100GB	85%	FusionSeeker	1	0	400	1	0	0	NA	0	859
positive	100GB	90%	FusionSeeker	1	0	400	1	0	0	NA	0	859
positive	100GB	95%	FusionSeeker	1	0	400	1	0	0	NA	0	859
positive	100GB	85%	FusionSeeker	1	0	400	1	0	0	NA	0	858
positive	100GB	90%	FusionSeeker	1	0	400	1	0	0	NA	0	858
positive	100GB	95%	FusionSeeker	1	0	400	1	0	0	NA	0	858
positive	100GB	85%	FusionSeeker	1	0	400	1	0	0	NA	0	857
positive	100GB	90%	FusionSeeker	1	0	400	1	0	0	NA	0	857
positive	100GB	95%	FusionSeeker	1	0	400	1	0	0	NA	0	857
positive	100GB	85%	FusionSeeker	1	0	400	1	0	0	NA	0	856
positive	100GB	90%	FusionSeeker	1	0	400	1	0	0	NA	0	856
positive	100GB	95%	FusionSeeker	1	0	400	1	0	0	NA	0	856
positive	100GB	85%	FusionSeeker	1	0	400	1	0	0	NA	0	855
positive	100GB	90%	FusionSeeker	1	0	400	1	0	0	NA	0	855
positive	100GB	95%	FusionSeeker	1	0	400	1	0	0	NA	0	855
positive	100GB	85%	FusionSeeker	1	0	400	1	0	0	NA	0	854
positive	100GB	90%	FusionSeeker	1	0	400	1	0	0	NA	0	854
positive	100GB	95%	FusionSeeker	1	0	400	1	0	0	NA	0	854
positive	100GB	85%	FusionSeeker	1	0	400	1	0	0	NA	0	853
positive	100GB	90%	FusionSeeker	1	0	400	1	0	0	NA	0	853
positive	100GB	95%	FusionSeeker	1	0	400	1	0	0	NA	0	853
positive	100GB	85%	FusionSeeker	1	0	400	1	0	0	NA	0	852
positive	100GB	90%	FusionSeeker	1	0	400	1	0	0	NA	0	852
positive	100GB	95%	FusionSeeker	1	0	400	1	0	0	NA	0	852
positive	100GB	85%	FusionSeeker	1	0	400	1	0	0	NA	0	851
positive	100GB	90%	FusionSeeker	1	0	400	1	0	0	NA	0	851
positive	100GB	95%	FusionSeeker	1	0	400	1	0	0	NA	0	851
positive	100GB	85%	FusionSeeker	1	0	400	1	0	0	NA	0	850
positive	100GB	90%	FusionSeeker	1	0	400	1	0	0	NA	0	850
positive	100GB	95%	FusionSeeker	1	0	400	1	0	0	NA	0	850
positive	100GB	85%	FusionSeeker	1	0	400	1	0	0	NA	0	849
positive	100GB	90%	FusionSeeker	1	0	400	1	0	0	NA	0	849
positive	100GB	95%	FusionSeeker	1	0	400	1	0	0	NA	0	849
positive	100GB	85%	FusionSeeker	1	0	400	1	0	0	NA	0	848
positive	100GB	90%	FusionSeeker	1	0	400	1	0	0	NA	0	848
positive	100GB	95%	FusionSeeker	1	0	400	1	0	0	NA	0	848
positive	100GB	85%	FusionSeeker	1	0	400	1	0	0	NA	0	847
positive	100GB	90%	FusionSeeker	1	0	400	1	0	0	NA	0	847
positive	100GB	95%	FusionSeeker	1	0	400	1	0	0	NA	0	847
positive	100GB	85%	FusionSeeker	1	0	400	1	0	0	NA	0	846
positive	100GB	90%	FusionSeeker	1	0	400	1	0	0	NA	0	846
positive	100GB	95%	FusionSeeker	1	0	400	1	0	0	NA	0	846
positive	100GB	85%	FusionSeeker	1	0	400	1	0	0	NA	0	845
positive	100GB	90%	FusionSeeker	1	0	400	1	0	0	NA	0	845
positive	100GB	95%	FusionSeeker	1	0	400	1	0	0	NA	0	845
positive	100GB	85%	FusionSeeker	1	0	400	1	0	0	NA	0	844
positive	100GB	90%	FusionSeeker	1	0	400	1	0	0	NA	0	844
positive	100GB	95%	FusionSeeker	1	0	400	1	0	0	NA	0	844
positive	100GB	85%	FusionSeeker	1	0	400	1	0	0	NA	0	843
positive	100GB	90%	FusionSeeker	1	0	400	1	0	0	NA	0	843
positive	100GB	95%	FusionSeeker	1	0	400	1	0	0	NA	0	843
positive	100GB	85%	FusionSeeker	1	0	400	1	0	0	NA	0	842
positive	100GB	90%	FusionSeeker	1	0	400	1	0	0	NA	0	842
positive	100GB	95%	FusionSeeker	1	0	400	1	0	0	NA	0	842
positive	100GB	85%	FusionSeeker	1	0	400	1	0	0	NA	0	841
positive	100GB	90%	FusionSeeker	1	0	400	1	0	0	NA	0	841
positive	100GB	95%	FusionSeeker	1	0	400	1	0	0	NA	0	841
positive	100GB	85%	FusionSeeker	1	0	400	1	0	0	NA	0	840
positive	100GB	90%	FusionSeeker	1	0	400	1	0	0	NA	0	840
positive	100GB	95%	FusionSeeker	1	0	400	1	0	0	NA	0	840
positive	100GB	85%	FusionSeeker	1	0	400	1	0	0	NA	0	839
positive	100GB	90%	FusionSeeker	1	0	400	1	0	0	NA	0	839
positive	100GB	95%	FusionSeeker	1	0	400	1	0	0	NA	0	839
positive	100GB	85%	FusionSeeker	1	0	400	1	0	0	NA	0	838
positive	100GB	90%	FusionSeeker	1	0	400	1	0	0	NA	0	838
positive	100GB	95%	FusionSeeker	1	0	400	1	0	0	NA	0	838
positive	100GB	85%	FusionSeeker	1	0	400	1	0	0	NA	0	837
positive	100GB	90%	FusionSeeker	1	0	400	1	0	0	NA	0	837
positive	100GB	95%	FusionSeeker	1	0	400	1	0	0	NA	0	837
positive	100GB	85%	FusionSeeker	1	0	400	1	0	0	NA	0	836
positive	100GB	90%	FusionSeeker	1	0	400	1	0	0	NA	0	836
positive	100GB	95%	FusionSeeker	1	0	400	1	0	0	NA	0	836
positive	100GB	85%	FusionSeeker	1	0	400	1	0	0	NA	0	835
positive	100GB	90%	FusionSeeker	1	0	400	1	0	0	NA	0	835
positive	100GB	95%	FusionSeeker	1	0	400	1	0	0	NA	0	835
positive	100GB	85%	FusionSeeker	1	0	400	1	0	0	NA	0	834
positive	100GB	90%	FusionSeeker	1	0	400	1	0	0	NA	0	834
positive	100GB	95%	FusionSeeker	1	0	400	1	0	0	NA	0	834
positive	100GB	85%	FusionSeeker	1	0	400	1	0	0	NA	0	833
positive	100GB	90%	FusionSeeker	1	0	400	1	0	0	NA	0	833
positive	100GB	95%	FusionSeeker	1	0	400	1	0	0	NA	0	833
positive	100GB	85%	FusionSeeker	1	0	400	1	0	0	NA	0	832
positive	100GB	90%	FusionSeeker	1	0	400	1	0	0	NA	0	832
positive	100GB	95%	FusionSeeker	1	0	400	1	0	0	NA	0	832
positive	100GB	85%	FusionSeeker	1	0	400	1	0	0	NA	0	831
positive	100GB	90%	FusionSeeker	1	0	400	1	0	0	NA	0	831
positive	100GB	95%	FusionSeeker	1	0	400	1	0	0	NA	0	831
positive	100GB	85%	FusionSeeker	1	0	400	1	0	0	NA	0	830
positive	100GB	90%	FusionSeeker	1	0	400	1	0	0	NA	0	830
positive	100GB	95%	FusionSeeker	1	0	400	1	0	0	NA	0	830
positive	100GB	85%	FusionSeeker	1	0	400	1	0	0	NA	0	829
positive	100GB	90%	FusionSeeker	1	0	400	1	0	0	NA	0	829
positive	100GB	95%	FusionSeeker	1	0	400	1	0	0	NA	0	829
positive	100GB	85%	FusionSeeker	1	0	400	1	0	0	NA	0	828
positive	100GB	90%	FusionSeeker	1	0	400	1	0	0	NA	0	828
positive	100GB	95%	FusionSeeker	1	0	400	1	0	0	NA	0	828
positive	100GB	85%	FusionSeeker	1	0	400	1	0	0	NA	0	827
positive	100GB	90%	FusionSeeker	1	0	400	1	0	0	NA	0	827
positive	100GB	95%	FusionSeeker	1	0	400	1	0	0	NA	0	827
positive	100GB	85%	FusionSeeker	1	0	400	1	0	0	NA	0	826
positive	100GB	90%	FusionSeeker	1	0	400	1	0	0	NA	0	826
positive	100GB	95%	FusionSeeker	1	0	400	1	0	0	NA	0	826
positive	100GB	85%	FusionSeeker	1	0	400	1	0	0	NA	0	825
positive	100GB	90%	FusionSeeker	1	0	400	1	0	0	NA	0	825
positive	100GB	95%	FusionSeeker	1	0	400	1	0	0	NA	0	825
positive	100GB	85%	FusionSeeker	1	0	400	1	0	0	NA	0	824
positive	100GB	90%	FusionSeeker	1	0	400	1	0	0	NA	0	824
positive	100GB	95%	FusionSeeker	1	0	400	1	0	0	NA	0	824
positive	100GB	85%	FusionSeeker	1	0	400	1	0	0	NA	0	823
positive	100GB	90%	FusionSeeker	1	0	400	1	0	0	NA	0	823
positive	100GB	95%	FusionSeeker	1	0	400	1	0	0	NA	0	823
positive	100GB	85%	FusionSeeker	1	0	400	1	0	0	NA	0	822
positive	100GB	90%	FusionSeeker	1	0	400	1	0	0	NA	0	822
positive	100GB	95%	FusionSeeker	1	0	400	1	0	0	NA	0	822
positive	100GB	85%	FusionSeeker	1	0	400	1	0	0	NA	0	821
positive	100GB	90%	FusionSeeker	1	0	400	1	0	0	NA	0	821
positive	100GB	95%	FusionSeeker	1	0	400	1	0	0	NA	0	821
positive	100GB	85%	FusionSeeker	1	0	400	1	0	0	NA	0	820
positive	100GB	90%	FusionSeeker	1	0	400	1	0	0	NA	0	820
positive	100GB	95%	FusionSeeker	1	0	400	1	0	0	NA	0	820
positive	100GB	85%	FusionSeeker	1	0	400	1	0	0	NA	0	819
positive	100GB	90%	FusionSeeker	1	0	400	1	0	0	NA	0	819
positive	100GB	95%	FusionSeeker	1	0	400	1	0	0	NA	0	819
positive	100GB	85%	FusionSeeker	1	0	400	1	0	0	NA	0	818
positive	100GB	90%	FusionSeeker	1	0	400	1	0	0	NA	0	818
positive	100GB	95%	FusionSeeker	1	0	400	1	0	0	NA	0	818
positive	100GB	85%	FusionSeeker	1	0	400	1	0	0	NA	0	817
positive	100GB	90%	FusionSeeker	1	0	400	1	0	0	NA	0	817
positive	100GB	95%	FusionSeeker	1	0	400	1	0	0	NA	0	817
positive	100GB	85%	FusionSeeker	1	0	400	1	0	0	NA	0	816
positive	100GB	90%	FusionSeeker	1	0	400	1	0	0	NA	0	816
positive	100GB	95%	FusionSeeker	1	0	400	1	0	0	NA	0	816
positive	100GB	85%	FusionSeeker	1	0	400	1	0	0	NA	0	815
positive	100GB	90%	FusionSeeker	1	0	400	1	0	0	NA	0	815
positive	100GB	95%	FusionSeeker	1	0	400	1	0	0	NA	0	815
positive	100GB	85%	FusionSeeker	1	0	400	1	0	0	NA	0	814
positive	100GB	90%	FusionSeeker	1	0	400	1	0	0	NA	0	814
positive	100GB	95%	FusionSeeker	1	0	400	1	0	0	NA	0	814
positive	100GB	85%	FusionSeeker	1	0	400	1	0	0	NA	0	813
positive	100GB	90%	FusionSeeker	1	0	400	1	0	0	NA	0	813
positive	100GB	95%	FusionSeeker	1	0	400	1	0	0	NA	0	813
positive	100GB	85%	FusionSeeker	1	0	400	1	0	0	NA	0	812
positive	100GB	90%	FusionSeeker	1	0	400	1	0	0	NA	0	812
positive	100GB	95%	FusionSeeker	1	0	400	1	0	0	NA	0	812
positive	100GB	85%	FusionSeeker	1	0	400	1	0	0	NA	0	811
positive	100GB	90%	FusionSeeker	1	0	400	1	0	0	NA	0	811
positive	100GB	95%	FusionSeeker	1	0	400	1	0	0	NA	0	811
positive	100GB	85%	FusionSeeker	1	0	400	1	0	0	NA	0	810
positive	100GB	90%	FusionSeeker	1	0	400	1	0	0	NA	0	810
positive	100GB	95%	FusionSeeker	1	0	400	1	0	0	NA	0	810
positive	100GB	85%	FusionSeeker	1	0	400	1	0	0	NA	0	809
positive	100GB	90%	FusionSeeker	1	0	400	1	0	0	NA	0	809
positive	100GB	95%	FusionSeeker	1	0	400	1	0	0	NA	0	809
positive	100GB	85%	FusionSeeker	1	0	400	1	0	0	NA	0	808
positive	100GB	90%	FusionSeeker	1	0	400	1	0	0	NA	0	808
positive	100GB	95%	FusionSeeker	1	0	400	1	0	0	NA	0	808
positive	100GB	85%	FusionSeeker	1	0	400	1	0	0	NA	0	807
positive	100GB	90%	FusionSeeker	1	0	400	1	0	0	NA	0	807
positive	100GB	95%	FusionSeeker	1	0	400	1	0	0	NA	0	807
positive	100GB	85%	FusionSeeker	1	0	400	1	0	0	NA	0	806
positive	100GB	90%	FusionSeeker	1	0	400	1	0	0	NA	0	806
positive	100GB	95%	FusionSeeker	1	0	400	1	0	0	NA	0	806
positive	100GB	85%	FusionSeeker	1	0	400	1	0	0	NA	0	805
positive	100GB	90%	FusionSeeker	1	0	400	1	0	0	NA	0	805
positive	100GB	95%	FusionSeeker	1	0	400	1	0	0	NA	0	805
positive	100GB	85%	FusionSeeker	1	0	400	1	0	0	NA	0	804
positive	100GB	90%	FusionSeeker	1	0	400	1	0	0	NA	0	804
positive	100GB	95%	FusionSeeker	1	0	400	1	0	0	NA	0	804
positive	100GB	85%	FusionSeeker	1	0	400	1	0	0	NA	0	803
positive	100GB	90%	FusionSeeker	1	0	400	1	0	0	NA	0	803
positive	100GB	95%	FusionSeeker	1	0	400	1	0	0	NA	0	803
positive	100GB	85%	FusionSeeker	1	0	400	1	0	0	NA	0	802
positive	100GB	90%	FusionSeeker	1	0	400	1	0	0	NA	0	802
positive	100GB	95%	FusionSeeker	1	0	400	1	0	0	NA	0	802
positive	100GB	85%	FusionSeeker	1	0	400	1	0	0	NA	0	801
positive	100GB	90%	FusionSeeker	1	0	400	1	0	0	NA	0	801
positive	100GB	95%	FusionSeeker	1	0	400	1	0	0	NA	0	801
positive	100GB	85%	FusionSeeker	1	0	400	1	0	0	NA	0	800
positive	100GB	90%	FusionSeeker	1	0	400	1	0	0	NA	0	800
positive	100GB	95%	FusionSeeker	1	0	400	1	0	0	NA	0	800
positive	100GB	85%	FusionSeeker	1	0	400	1	0	0	NA	0	799
positive	100GB	90%	FusionSeeker	1	0	400	1	0	0	NA	0	799
positive	100GB	95%	FusionSeeker	1	0	400	1	0	0	NA	0	799
positive	100GB	85%	FusionSeeker	1	0	400	1	0	0	NA	0	798
positive	100GB	90%	FusionSeeker	1	0	400	1	0	0	NA	0	798
positive	100GB	95%	FusionSeeker	1	0	400	1	0	0	NA	0	798
positive	100GB	85%	FusionSeeker	1	0	400	1	0	0	NA	0	797
positive	100GB	90%	FusionSeeker	1	0	400	1	0	0	NA	0	797
positive	100GB	95%	FusionSeeker	1	0	400	1	0	0	NA	0	797
positive	100GB	85%	FusionSeeker	1	0	400	1	0	0	NA	0	796
positive	100GB	90%	FusionSeeker	1	0	400	1	0	0	NA	0	796
positive	100GB	95%	FusionSeeker	1	0	400	1	0	0	NA	0	796
positive	100GB	85%	FusionSeeker	1	0	400	1	0	0	NA	0	795
positive	100GB	90%	FusionSeeker	1	0	400	1	0	0	NA	0	795
positive	100GB	95%	FusionSeeker	1	0	400	1	0	0	NA	0	795
positive	100GB	85%	FusionSeeker	1	0	400	1	0	0	NA	0	794
positive	100GB	90%	FusionSeeker	1	0	400	1	0	0	NA	0	794
positive	100GB	95%	FusionSeeker	1	0	400	1	0	0	NA	0	794
positive	100GB	85%	FusionSeeker	1	0	400	1	0	0	NA	0	793
positive	100GB	90%	FusionSeeker	1	0	400	1	0	0	NA	0	793
positive	100GB	95%	FusionSeeker	1	0	400	1	0	0	NA	0	793
positive	100GB	85%	FusionSeeker	1	0	400	1	0	0	NA	0	792
positive	100GB	90%	FusionSeeker	1	0	400	1	0	0	NA	0	792
positive	100GB	95%	FusionSeeker	1	0	400	1	0	0	NA	0	792
positive	100GB	85%	FusionSeeker	1	0	400	1	0	0	NA	0	791
positive	100GB	90%	FusionSeeker	1	0	400	1	0	0	NA	0	791
positive	100GB	95%	FusionSeeker	1	0	400	1	0	0	NA	0	791
positive	100GB	85%	FusionSeeker	1	0	400	1	0	0	NA	0	790
positive	100GB	90%	FusionSeeker	1	0	400	1	0	0	NA	0	790
positive	100GB	95%	FusionSeeker	1	0	400	1	0	0	NA	0	790
positive	100GB	85%	FusionSeeker	1	0	400	1	0	0	NA	0	789
positive	100GB	90%	FusionSeeker	1	0	400	1	0	0	NA	0	789
positive	100GB	95%	FusionSeeker	1	0	400	1	0	0	NA	0	789
positive	100GB	85%	FusionSeeker	1	0	400	1	0	0	NA	0	788
positive	100GB	90%	FusionSeeker	1	0	400	1	0	0	NA	0	788
positive	100GB	95%	FusionSeeker	1	0	400	1	0	0	NA	0	788
positive	100GB	85%	FusionSeeker	1	0	400	1	0	0	NA	0	787
positive	100GB	90%	FusionSeeker	1	0	400	1	0	0	NA	0	787
positive	100GB	95%	FusionSeeker	1	0	400	1	0	0	NA	0	787
positive	100GB	85%	FusionSeeker	1	0	400	1	0	0	NA	0	786
positive	100GB	90%	FusionSeeker	1	0	400	1	0	0	NA	0	786
positive	100GB	95%	FusionSeeker	1	0	400	1	0	0	NA	0	786
positive	100GB	85%	FusionSeeker	1	0	400	1	0	0	NA	0	785
positive	100GB	90%	FusionSeeker	1	0	400	1	0	0	NA	0	785
positive	100GB	95%	FusionSeeker	1	0	400	1	0	0	NA	0	785
positive	100GB	85%	FusionSeeker	1	0	400	1	0	0	NA	0	784
positive	100GB	90%	FusionSeeker	1	0	400	1	0	0	NA	0	784
positive	100GB	95%	FusionSeeker	1	0	400	1	0	0	NA	0	784
positive	100GB	85%	FusionSeeker	1	0	400	1	0	0	NA	0	783
positive	100GB	90%	FusionSeeker	1	0	400	1	0	0	NA	0	783
positive	100GB	95%	FusionSeeker	1	0	400	1	0	0	NA	0	783
positive	100GB	85%	FusionSeeker	1	0	400	1	0	0	NA	0	782
positive	100GB	90%	FusionSeeker	1	0	400	1	0	0	NA	0	782
positive	100GB	95%	FusionSeeker	1	0	400	1	0	0	NA	0	782
positive	100GB	85%	FusionSeeker	1	0	400	1	0	0	NA	0	781
positive	100GB	90%	FusionSeeker	1	0	400	1	0	0	NA	0	781
positive	100GB	95%	FusionSeeker	1	0	400	1	0	0	NA	0	781
positive	100GB	85%	FusionSeeker	1	0	400	1	0	0	NA	0	780
positive	100GB	90%	FusionSeeker	1	0	400	1	0	0	NA	0	780
positive	100GB	95%	FusionSeeker	1	0	400	1	0	0	NA	0	780
positive	100GB	85%	FusionSeeker	1	0	400	1	0	0	NA	0	779
positive	100GB	90%	FusionSeeker	1	0	400	1	0	0	NA	0	779
positive	100GB	95%	FusionSeeker	1	0	400	1	0	0	NA	0	779
positive	100GB	85%	FusionSeeker	1	0	400	1	0	0	NA	0	778
positive	100GB	90%	FusionSeeker	1	0	400	1	0	0	NA	0	778
positive	100GB	95%	FusionSeeker	1	0	400	1	0	0	NA	0	778
positive	100GB	85%	FusionSeeker	1	0	400	1	0	0	NA	0	777
positive	100GB	90%	FusionSeeker	1	0	400	1	0	0	NA	0	777
positive	100GB	95%	FusionSeeker	1	0	400	1	0	0	NA	0	777
positive	100GB	85%	FusionSeeker	1	0	400	1	0	0	NA	0	776
positive	100GB	90%	FusionSeeker	1	0	400	1	0	0	NA	0	776
positive	100GB	95%	FusionSeeker	1	0	400	1	0	0	NA	0	776
positive	100GB	85%	FusionSeeker	1	0	400	1	0	0	NA	0	775
positive	100GB	90%	FusionSeeker	1	0	400	1	0	0	NA	0	775
positive	100GB	95%	FusionSeeker	1	0	400	1	0	0	NA	0	775
positive	100GB	85%	FusionSeeker	1	0	400	1	0	0	NA	0	774
positive	100GB	90%	FusionSeeker	1	0	400	1	0	0	NA	0	774
positive	100GB	95%	FusionSeeker	1	0	400	1	0	0	NA	0	774
positive	100GB	85%	FusionSeeker	1	0	400	1	0	0	NA	0	773
positive	100GB	90%	FusionSeeker	1	0	400	1	0	0	NA	0	773
positive	100GB	95%	FusionSeeker	1	0	400	1	0	0	NA	0	773
positive	100GB	85%	FusionSeeker	1	0	400	1	0	0	NA	0	772
positive	100GB	90%	FusionSeeker	1	0	400	1	0	0	NA	0	772
positive	100GB	95%	FusionSeeker	1	0	400	1	0	0	NA	0	772
positive	100GB	85%	FusionSeeker	1	0	400	1	0	0	NA	0	771
positive	100GB	90%	FusionSeeker	1	0	400	1	0	0	NA	0	771
positive	100GB	95%	FusionSeeker	1	0	400	1	0	0	NA	0	771
positive	100GB	85%	FusionSeeker	1	0	400	1	0	0	NA	0	770
positive	100GB	90%	FusionSeeker	1	0	400	1	0	0	NA	0	770
positive	100GB	95%	FusionSeeker	1	0	400	1	0	0	NA	0	770
positive	100GB	85%	FusionSeeker	1	0	400	1	0	0	NA	0	769
positive	100GB	90%	FusionSeeker	1	0	400	1	0	0	NA	0	769
positive	100GB	95%	FusionSeeker	1	0	400	1	0	0	NA	0	769
positive	100GB	85%	FusionSeeker	1	0	400	1	0	0	NA	0	768
positive	100GB	90%	FusionSeeker	1	0	400	1	0	0	NA	0	768
positive	100GB	95%	FusionSeeker	1	0	400	1	0	0	NA	0	768
positive	100GB	85%	FusionSeeker	1	0	400	1	0	0	NA	0	767
positive	100GB	90%	FusionSeeker	1	0	400	1	0	0	NA	0	767
positive	100GB	95%	FusionSeeker	1	0	400	1	0	0	NA	0	767
positive	100GB	85%	FusionSeeker	1	0	400	1	0	0	NA	0	766
positive	100GB	90%	FusionSeeker	1	0	400	1	0	0	NA	0	766
positive	100GB	95%	FusionSeeker	1	0	400	1	0	0	NA	0	766
positive	100GB	85%	FusionSeeker	1	0	400	1	0	0	NA	0	765
positive	100GB	90%	FusionSeeker	1	0	400	1	0	0	NA	0	765
positive	100GB	95%	FusionSeeker	1	0	400	1	0	0	NA	0	765
positive	100GB	85%	FusionSeeker	1	0	400	1	0	0	NA	0	764
positive	100GB	90%	FusionSeeker	1	0	400	1	0	0	NA	0	764
positive	100GB	95%	FusionSeeker	1	0	400	1	0	0	NA	0	764
positive	100GB	85%	FusionSeeker	1	0	400	1	0	0	NA	0	763
positive	100GB	90%	FusionSeeker	1	0	400	1	0	0	NA	0	763
positive	100GB	95%	FusionSeeker	1	0	400	1	0	0	NA	0	763
positive	100GB	85%	FusionSeeker	1	0	400	1	0	0	NA	0	762
positive	100GB	90%	FusionSeeker	1	0	400	1	0	0	NA	0	762
positive	100GB	95%	FusionSeeker	1	0	400	1	0	0	NA	0	762
positive	100GB	85%	FusionSeeker	1	0	400	1	0	0	NA	0	761
positive	100GB	90%	FusionSeeker	1	0	400	1	0	0	NA	0	761
positive	100GB	95%	FusionSeeker	1	0	400	1	0	0	NA	0	761
positive	100GB	85%	FusionSeeker	1	0	400	1	0	0	NA	0	760
positive	100GB	90%	FusionSeeker	1	0	400	1	0	0	NA	0	760
positive	100GB	95%	FusionSeeker	1	0	400	1	0	0	NA	0	760
positive	100GB	85%	FusionSeeker	1	0	400	1	0	0	NA	0	759
positive	100GB	90%	FusionSeeker	1	0	400	1	0	0	NA	0	759
positive	100GB	95%	FusionSeeker	1	0	400	1	0	0	NA	0	759
positive	100GB	85%	FusionSeeker	1	0	400	1	0	0	NA	0	758
positive	100GB	90%	FusionSeeker	1	0	400	1	0	0	NA	0	758
positive	100GB	95%	FusionSeeker	1	0	400	1	0	0	NA	0	758
positive	100GB	85%	FusionSeeker	1	0	400	1	0	0	NA	0	757
positive	100GB	90%	FusionSeeker	1	0	400	1	0	0	NA	0	757
positive	100GB	95%	FusionSeeker	1	0	400	1	0	0	NA	0	757
positive	100GB	85%	FusionSeeker	1	0	400	1	0	0	NA	0	756
positive	100GB	90%	FusionSeeker	1	0	400	1	0	0	NA	0	756
positive	100GB	95%	FusionSeeker	1	0	400	1	0	0	NA	0	756
positive	100GB	85%	FusionSeeker	1	0	400	1	0	0	NA	0	755
positive	100GB	90%	FusionSeeker	1	0	400	1	0	0	NA	0	755
positive	100GB	95%	FusionSeeker	1	0	400	1	0	0	NA	0	755
positive	100GB	85%	FusionSeeker	1	0	400	1	0	0	NA	0	754
positive	100GB	90%	FusionSeeker	1	0	400	1	0	0	NA	0	754
positive	100GB	95%	FusionSeeker	1	0	400	1	0	0	NA	0	754
positive	100GB	85%	FusionSeeker	1	0	400	1	0	0	NA	0	753
positive	100GB	90%	FusionSeeker	1	0	400	1	0	0	NA	0	753
positive	100GB	95%	FusionSeeker	1	0	400	1	0	0	NA	0	753
positive	100GB	85%	FusionSeeker	1	0	400	1	0	0	NA	0	752
positive	100GB	90%	FusionSeeker	1	0	400	1	0	0	NA	0	752
positive	100GB	95%	FusionSeeker	1	0	400	1	0	0	NA	0	752
positive	100GB	85%	FusionSeeker	1	0	400	1	0	0	NA	0	751
positive	100GB	90%	FusionSeeker	1	0	400	1	0	0	NA	0	751
positive	100GB	95%	FusionSeeker	1	0	400	1	0	0	NA	0	751
positive	100GB	85%	FusionSeeker	1	0	400	1	0	0	NA	0	750
positive	100GB	90%	FusionSeeker	1	0	400	1	0	0	NA	0	750
positive	100GB	95%	FusionSeeker	1	0	400	1	0	0	NA	0	750
positive	100GB	85%	FusionSeeker	1	0	400	1	0	0	NA	0	749
positive	100GB	90%	FusionSeeker	1	0	400	1	0	0	NA	0	749
positive	100GB	95%	FusionSeeker	1	0	400	1	0	0	NA	0	749
positive	100GB	85%	FusionSeeker	1	0	400	1	0	0	NA	0	748
positive	100GB	90%	FusionSeeker	1	0	400	1	0	0	NA	0	748
positive	100GB	95%	FusionSeeker	1	0	400	1	0	0	NA	0	748
positive	100GB	85%	FusionSeeker	1	0	400	1	0	0	NA	0	747
positive	100GB	90%	FusionSeeker	1	0	400	1	0	0	NA	0	747
positive	100GB	95%	FusionSeeker	1	0	400	1	0	0	NA	0	747
positive	100GB	85%	FusionSeeker	1	0	400	1	0	0	NA	0	746
positive	100GB	90%	FusionSeeker	1	0	400	1	0	0	NA	0	746
positive	100GB	95%	FusionSeeker	1	0	400	1	0	0	NA	0	746
positive	100GB	85%	FusionSeeker	1	0	400	1	0	0	NA	0	745
positive	100GB	90%	FusionSeeker	1	0	400	1	0	0	NA	0	745
positive	100GB	95%	FusionSeeker	1	0	400	1	0	0	NA	0	745
positive	100GB	85%	FusionSeeker	1	0	400	1	0	0	NA	0	744
positive	100GB	90%	FusionSeeker	1	0	400	1	0	0	NA	0	744
positive	100GB	95%	FusionSeeker	1	0	400	1	0	0	NA	0	744
positive	100GB	85%	FusionSeeker	1	0	400	1	0	0	NA	0	743
positive	100GB	90%	FusionSeeker	1	0	400	1	0	0	NA	0	743
positive	100GB	95%	FusionSeeker	1	0	400	1	0	0	NA	0	743
positive	100GB	85%	FusionSeeker	1	0	400	1	0	0	NA	0	742
positive	100GB	90%	FusionSeeker	1	0	400	1	0	0	NA	0	742
positive	100GB	95%	FusionSeeker	1	0	400	1	0	0	NA	0	742
positive	100GB	85%	FusionSeeker	1	0	400	1	0	0	NA	0	741
positive	100GB	90%	FusionSeeker	1	0	400	1	0	0	NA	0	741
positive	100GB	95%	FusionSeeker	1	0	400	1	0	0	NA	0	741
positive	100GB	85%	FusionSeeker	1	0	400	1	0	0	NA	0	740
positive	100GB	90%	FusionSeeker	1	0	400	1	0	0	NA	0	740
positive	100GB	95%	FusionSeeker	1	0	400	1	0	0	NA	0	740
positive	100GB	85%	FusionSeeker	1	0	400	1	0	0	NA	0	739
positive	100GB	90%	FusionSeeker	1	0	400	1	0	0	NA	0	739
positive	100GB	95%	FusionSeeker	1	0	400	1	0	0	NA	0	739
positive	100GB	85%	FusionSeeker	1	0	400	1	0	0	NA	0	738
positive	100GB	90%	FusionSeeker	1	0	400	1	0	0	NA	0	738
positive	100GB	95%	FusionSeeker	1	0	400	1	0	0	NA	0	738
positive	100GB	85%	FusionSeeker	1	0	400	1	0	0	NA	0	737
positive	100GB	90%	FusionSeeker	1	0	400	1	0	0	NA	0	737
positive	100GB	95%	FusionSeeker	1	0	400	1	0	0	NA	0	737
positive	100GB	85%	FusionSeeker	1	0	400	1	0	0	NA	0	736
positive	100GB	90%	FusionSeeker	1	0	400	1	0	0	NA	0	736
positive	100GB	95%	FusionSeeker	1	0	400	1	0	0	NA	0	736
positive	100GB	85%	FusionSeeker	1	0	400	1	0	0	NA	0	735
positive	100GB	90%	FusionSeeker	1	0	400	1	0	0	NA	0	735
positive	100GB	95%	FusionSeeker	1	0	400	1	0	0	NA	0	735
positive	100GB	85%	FusionSeeker	1	0	400	1	0	0	NA	0	734
positive	100GB	90%	FusionSeeker	1	0	400	1	0	0	NA	0	734
positive	100GB	95%	FusionSeeker	1	0	400	1	0	0	NA	0	734
positive	100GB	85%	FusionSeeker	1	0	400	1	0	0	NA	0	733
positive	100GB	90%	FusionSeeker	1	0	400	1	0	0	NA	0	733
positive	100GB	95%	FusionSeeker	1	0	400	1	0	0	NA	0	733
positive	100GB	85%	FusionSeeker	1	0	400	1	0	0	NA	0	732
positive	100GB	90%	FusionSeeker	1	0	400	1	0	0	NA	0	732
positive	100GB	95%	FusionSeeker	1	0	400	1	0	0	NA	0	732
positive	100GB	85%	FusionSeeker	1	0	400	1	0	0	NA	0	731
positive	100GB	90%	FusionSeeker	1	0	400	1	0	0	NA	0	731
positive	100GB	95%	FusionSeeker	1	0	400	1	0	0	NA	0	731
positive	100GB	85%	FusionSeeker	1	0	400	1	0	0	NA	0	730
positive	100GB	90%	FusionSeeker	1	0	400	1	0	0	NA	0	730
positive	100GB	95%	FusionSeeker	1	0	400	1	0	0	NA	0	730
positive	100GB	85%	FusionSeeker	1	0	400	1	0	0	NA	0	729
positive	100GB	90%	FusionSeeker	1	0	400	1	0	0	NA	0	729
positive	100GB	95%	FusionSeeker	1	0	400	1	0	0	NA	0	729
positive	100GB	85%	FusionSeeker	1	0	400	1	0	0	NA	0	728
positive	100GB	90%	FusionSeeker	1	0	400	1	0	0	NA	0	728
positive	100GB	95%	FusionSeeker	1	0	400	1	0	0	NA	0	728
positive	100GB	85%	FusionSeeker	1	0	400	1	0	0	NA	0	727
positive	100GB	90%	FusionSeeker	1	0	400	1	0	0	NA	0	727
positive	100GB	95%	FusionSeeker	1	0	400	1	0	0	NA	0	727
positive	100GB	85%	FusionSeeker	1	0	400	1	0	0	NA	0	726
positive	100GB	90%	FusionSeeker	1	0	400	1	0	0	NA	0	726
positive	100GB	95%	FusionSeeker	1	0	400	1	0	0	NA	0	726
positive	100GB	85%	FusionSeeker	1	0	400	1	0	0	NA	0	725
positive	100GB	90%	FusionSeeker	1	0	400	1	0	0	NA	0	725
positive	100GB	95%	FusionSeeker	1	0	400	1	0	0	NA	0	725
positive	100GB	85%	FusionSeeker	1	0	400	1	0	0	NA	0	724
positive	100GB	90%	FusionSeeker	1	0	400	1	0	0	NA	0	724
positive	100GB	95%	FusionSeeker	1	0	400	1	0	0	NA	0	724
positive	100GB	85%	FusionSeeker	1	0	400	1	0	0	NA	0	723
positive	100GB	90%	FusionSeeker	1	0	400	1	0	0	NA	0	723
positive	100GB	95%	FusionSeeker	1	0	400	1	0	0	NA	0	723
positive	100GB	85%	FusionSeeker	1	0	400	1	0	0	NA	0	722
positive	100GB	90%	FusionSeeker	1	0	400	1	0	0	NA	0	722
positive	100GB	95%	FusionSeeker	1	0	400	1	0	0	NA	0	722
positive	100GB	85%	FusionSeeker	1	0	400	1	0	0	NA	0	721
positive	100GB	90%	FusionSeeker	1	0	400	1	0	0	NA	0	721
positive	100GB	95%	FusionSeeker	1	0	400	1	0	0	NA	0	721
positive	100GB	85%	FusionSeeker	1	0	400	1	0	0	NA	0	720
positive	100GB	90%	FusionSeeker	1	0	400	1	0	0	NA	0	720
positive	100GB	95%	FusionSeeker	1	0	400	1	0	0	NA	0	720
positive	100GB	85%	FusionSeeker	1	0	400	1	0	0	NA	0	719
positive	100GB	90%	FusionSeeker	1	0	400	1	0	0	NA	0	719
positive	100GB	95%	FusionSeeker	1	0	400	1	0	0	NA	0	719
positive	100GB	85%	FusionSeeker	1	0	400	1	0	0	NA	0	718
positive	100GB	90%	FusionSeeker	1	0	400	1	0	0	NA	0	718
positive	100GB	95%	FusionSeeker	1	0	400	1	0	0	NA	0	718
positive	100GB	85%	FusionSeeker	1	0	400	1	0	0	NA	0	717
positive	100GB	90%	FusionSeeker	1	0	400	1	0	0	NA	0	717
positive	100GB	95%	FusionSeeker	1	0	400	1	0	0	NA	0	717
positive	100GB	85%	FusionSeeker	1	0	400	1	0	0	NA	0	716
positive	100GB	90%	FusionSeeker	1	0	400	1	0	0	NA	0	716
positive	100GB	95%	FusionSeeker	1	0	400	1	0	0	NA	0	716
positive	100GB	85%	FusionSeeker	1	0	400	1	0	0	NA	0	715
positive	100GB	90%	FusionSeeker	1	0	400	1	0	0	NA	0	715
positive	100GB	95%	FusionSeeker	1	0	400	1	0	0	NA	0	715
positive	100GB	85%	FusionSeeker	1	0	400	1	0	0	NA	0	714
positive	100GB	90%	FusionSeeker	1	0	400	1	0	0	NA	0	714
positive	100GB	95%	FusionSeeker	1	0	400	1	0	0	NA	0	714
positive	100GB	85%	FusionSeeker	1	0	400	1	0	0	NA	0	713
positive	100GB	90%	FusionSeeker	1	0	400	1	0	0	NA	0	713
positive	100GB	95%	FusionSeeker	1	0	400	1	0	0	NA	0	713
positive	100GB	85%	FusionSeeker	1	0	400	1	0	0	NA	0	712
positive	100GB	90%	FusionSeeker	1	0	400	1	0	0	NA	0	712
positive	100GB	95%	FusionSeeker	1	0	400	1	0	0	NA	0	712
positive	100GB	85%	FusionSeeker	1	0	400	1	0	0	NA	0	711
positive	100GB	90%	FusionSeeker	1	0	400	1	0	0	NA	0	711
positive	100GB	95%	FusionSeeker	1	0	400	1	0	0	NA	0	711
positive	100GB	85%	FusionSeeker	1	0	400	1	0	0	NA	0	710
positive	100GB	90%	FusionSeeker	1	0	400	1	0	0	NA	0	710
positive	100GB	95%	FusionSeeker	1	0	400	1	0	0	NA	0	710
positive	100GB	85%	FusionSeeker	1	0	400	1	0	0	NA	0	709
positive	100GB	90%	FusionSeeker	1	0	400	1	0	0	NA	0	709
positive	100GB	95%	FusionSeeker	1	0	400	1	0	0	NA	0	709
positive	100GB	85%	FusionSeeker	1	0	400	1	0	0	NA	0	708
positive	100GB	90%	FusionSeeker	1	0	400	1	0	0	NA	0	708
positive	100GB	95%	FusionSeeker	1	0	400	1	0	0	NA	0	708
positive	100GB	85%	FusionSeeker	1	0	400	1	0	0	NA	0	707
positive	100GB	90%	FusionSeeker	1	0	400	1	0	0	NA	0	707
positive	100GB	95%	FusionSeeker	1	0	400	1	0	0	NA	0	707
positive	100GB	85%	FusionSeeker	1	0	400	1	0	0	NA	0	706
positive	100GB	90%	FusionSeeker	1	0	400	1	0	0	NA	0	706
positive	100GB	95%	FusionSeeker	1	0	400	1	0	0	NA	0	706
positive	100GB	85%	FusionSeeker	1	0	400	1	0	0	NA	0	705
positive	100GB	90%	FusionSeeker	1	0	400	1	0	0	NA	0	705
positive	100GB	95%	FusionSeeker	1	0	400	1	0	0	NA	0	705
positive	100GB	85%	CTAT-LR-Fusion	1	0	400	1	0	0	NA	0	704
positive	100GB	85%	FusionSeeker	1	0	400	1	0	0	NA	0	704
positive	100GB	90%	FusionSeeker	1	0	400	1	0	0	NA	0	704
positive	100GB	95%	FusionSeeker	1	0	400	1	0	0	NA	0	704
positive	100GB	85%	CTAT-LR-Fusion	1	0	400	1	0	0	NA	0	703
positive	100GB	85%	FusionSeeker	1	0	400	1	0	0	NA	0	703
positive	100GB	90%	FusionSeeker	1	0	400	1	0	0	NA	0	703
positive	100GB	95%	FusionSeeker	1	0	400	1	0	0	NA	0	703
positive	100GB	85%	CTAT-LR-Fusion	1	0	400	1	0	0	NA	0	702
positive	100GB	85%	FusionSeeker	1	0	400	1	0	0	NA	0	702
positive	100GB	90%	FusionSeeker	1	0	400	1	0	0	NA	0	702
positive	100GB	95%	FusionSeeker	1	0	400	1	0	0	NA	0	702
positive	100GB	85%	CTAT-LR-Fusion	1	0	400	1	0	0	NA	0	701
positive	100GB	85%	FusionSeeker	1	0	400	1	0	0	NA	0	701
positive	100GB	90%	FusionSeeker	1	0	400	1	0	0	NA	0	701
positive	100GB	95%	FusionSeeker	1	0	400	1	0	0	NA	0	701
positive	100GB	85%	CTAT-LR-Fusion	1	0	400	1	0	0	NA	0	700
positive	100GB	85%	FusionSeeker	1	0	400	1	0	0	NA	0	700
positive	100GB	90%	FusionSeeker	1	0	400	1	0	0	NA	0	700
positive	100GB	95%	FusionSeeker	1	0	400	1	0	0	NA	0	700
positive	100GB	85%	CTAT-LR-Fusion	1	0	400	1	0	0	NA	0	699
positive	100GB	85%	FusionSeeker	1	0	400	1	0	0	NA	0	699
positive	100GB	90%	FusionSeeker	1	0	400	1	0	0	NA	0	699
positive	100GB	95%	FusionSeeker	1	0	400	1	0	0	NA	0	699
positive	100GB	85%	CTAT-LR-Fusion	1	0	400	1	0	0	NA	0	698
positive	100GB	85%	FusionSeeker	1	0	400	1	0	0	NA	0	698
positive	100GB	90%	FusionSeeker	1	0	400	1	0	0	NA	0	698
positive	100GB	95%	FusionSeeker	1	0	400	1	0	0	NA	0	698
positive	100GB	85%	CTAT-LR-Fusion	1	0	400	1	0	0	NA	0	697
positive	100GB	85%	FusionSeeker	1	0	400	1	0	0	NA	0	697
positive	100GB	90%	FusionSeeker	1	0	400	1	0	0	NA	0	697
positive	100GB	95%	FusionSeeker	1	0	400	1	0	0	NA	0	697
positive	100GB	85%	CTAT-LR-Fusion	1	0	400	1	0	0	NA	0	696
positive	100GB	85%	FusionSeeker	1	0	400	1	0	0	NA	0	696
positive	100GB	90%	FusionSeeker	1	0	400	1	0	0	NA	0	696
positive	100GB	95%	FusionSeeker	1	0	400	1	0	0	NA	0	696
positive	100GB	85%	CTAT-LR-Fusion	1	0	400	1	0	0	NA	0	695
positive	100GB	85%	FusionSeeker	1	0	400	1	0	0	NA	0	695
positive	100GB	90%	FusionSeeker	1	0	400	1	0	0	NA	0	695
positive	100GB	95%	FusionSeeker	1	0	400	1	0	0	NA	0	695
positive	100GB	85%	CTAT-LR-Fusion	1	0	400	1	0	0	NA	0	694
positive	100GB	85%	FusionSeeker	1	0	400	1	0	0	NA	0	694
positive	100GB	90%	FusionSeeker	1	0	400	1	0	0	NA	0	694
positive	100GB	95%	FusionSeeker	1	0	400	1	0	0	NA	0	694
positive	100GB	85%	CTAT-LR-Fusion	1	0	400	1	0	0	NA	0	693
positive	100GB	85%	FusionSeeker	1	0	400	1	0	0	NA	0	693
positive	100GB	90%	FusionSeeker	1	0	400	1	0	0	NA	0	693
positive	100GB	95%	FusionSeeker	1	0	400	1	0	0	NA	0	693
positive	100GB	85%	CTAT-LR-Fusion	1	0	400	1	0	0	NA	0	692
positive	100GB	85%	FusionSeeker	1	0	400	1	0	0	NA	0	692
positive	100GB	90%	FusionSeeker	1	0	400	1	0	0	NA	0	692
positive	100GB	95%	FusionSeeker	1	0	400	1	0	0	NA	0	692
positive	100GB	85%	CTAT-LR-Fusion	1	0	400	1	0	0	NA	0	691
positive	100GB	85%	FusionSeeker	1	0	400	1	0	0	NA	0	691
positive	100GB	90%	FusionSeeker	1	0	400	1	0	0	NA	0	691
positive	100GB	95%	FusionSeeker	1	0	400	1	0	0	NA	0	691
positive	100GB	85%	CTAT-LR-Fusion	1	0	400	1	0	0	NA	0	690
positive	100GB	85%	FusionSeeker	1	0	400	1	0	0	NA	0	690
positive	100GB	90%	FusionSeeker	1	0	400	1	0	0	NA	0	690
positive	100GB	95%	FusionSeeker	1	0	400	1	0	0	NA	0	690
positive	100GB	85%	CTAT-LR-Fusion	1	0	400	1	0	0	NA	0	689
positive	100GB	85%	FusionSeeker	1	0	400	1	0	0	NA	0	689
positive	100GB	90%	FusionSeeker	1	0	400	1	0	0	NA	0	689
positive	100GB	95%	FusionSeeker	1	0	400	1	0	0	NA	0	689
positive	100GB	85%	CTAT-LR-Fusion	1	0	400	1	0	0	NA	0	688
positive	100GB	85%	FusionSeeker	1	0	400	1	0	0	NA	0	688
positive	100GB	90%	FusionSeeker	1	0	400	1	0	0	NA	0	688
positive	100GB	95%	FusionSeeker	1	0	400	1	0	0	NA	0	688
positive	100GB	85%	CTAT-LR-Fusion	1	0	400	1	0	0	NA	0	687
positive	100GB	85%	FusionSeeker	1	0	400	1	0	0	NA	0	687
positive	100GB	90%	FusionSeeker	1	0	400	1	0	0	NA	0	687
positive	100GB	95%	FusionSeeker	1	0	400	1	0	0	NA	0	687
positive	100GB	85%	CTAT-LR-Fusion	1	0	400	1	0	0	NA	0	686
positive	100GB	85%	FusionSeeker	1	0	400	1	0	0	NA	0	686
positive	100GB	90%	FusionSeeker	1	0	400	1	0	0	NA	0	686
positive	100GB	95%	FusionSeeker	1	0	400	1	0	0	NA	0	686
positive	100GB	85%	CTAT-LR-Fusion	1	0	400	1	0	0	NA	0	685
positive	100GB	85%	FusionSeeker	1	0	400	1	0	0	NA	0	685
positive	100GB	90%	FusionSeeker	1	0	400	1	0	0	NA	0	685
positive	100GB	95%	FusionSeeker	1	0	400	1	0	0	NA	0	685
positive	100GB	85%	CTAT-LR-Fusion	1	0	400	1	0	0	NA	0	684
positive	100GB	85%	FusionSeeker	1	0	400	1	0	0	NA	0	684
positive	100GB	90%	FusionSeeker	1	0	400	1	0	0	NA	0	684
positive	100GB	95%	FusionSeeker	1	0	400	1	0	0	NA	0	684
positive	100GB	85%	CTAT-LR-Fusion	1	0	400	1	0	0	NA	0	683
positive	100GB	85%	FusionSeeker	1	0	400	1	0	0	NA	0	683
positive	100GB	90%	FusionSeeker	1	0	400	1	0	0	NA	0	683
positive	100GB	95%	FusionSeeker	1	0	400	1	0	0	NA	0	683
positive	100GB	85%	CTAT-LR-Fusion	1	0	400	1	0	0	NA	0	682
positive	100GB	85%	FusionSeeker	1	0	400	1	0	0	NA	0	682
positive	100GB	90%	FusionSeeker	1	0	400	1	0	0	NA	0	682
positive	100GB	95%	FusionSeeker	1	0	400	1	0	0	NA	0	682
positive	100GB	85%	CTAT-LR-Fusion	1	0	400	1	0	0	NA	0	681
positive	100GB	85%	FusionSeeker	1	0	400	1	0	0	NA	0	681
positive	100GB	90%	FusionSeeker	1	0	400	1	0	0	NA	0	681
positive	100GB	95%	FusionSeeker	1	0	400	1	0	0	NA	0	681
positive	100GB	85%	CTAT-LR-Fusion	1	0	400	1	0	0	NA	0	680
positive	100GB	85%	FusionSeeker	1	0	400	1	0	0	NA	0	680
positive	100GB	90%	FusionSeeker	1	0	400	1	0	0	NA	0	680
positive	100GB	95%	FusionSeeker	1	0	400	1	0	0	NA	0	680
positive	100GB	85%	CTAT-LR-Fusion	1	0	400	1	0	0	NA	0	679
positive	100GB	85%	FusionSeeker	1	0	400	1	0	0	NA	0	679
positive	100GB	90%	FusionSeeker	1	0	400	1	0	0	NA	0	679
positive	100GB	95%	FusionSeeker	1	0	400	1	0	0	NA	0	679
positive	100GB	85%	CTAT-LR-Fusion	1	0	400	1	0	0	NA	0	678
positive	100GB	85%	FusionSeeker	1	0	400	1	0	0	NA	0	678
positive	100GB	90%	FusionSeeker	1	0	400	1	0	0	NA	0	678
positive	100GB	95%	FusionSeeker	1	0	400	1	0	0	NA	0	678
positive	100GB	85%	CTAT-LR-Fusion	1	0	400	1	0	0	NA	0	677
positive	100GB	85%	FusionSeeker	1	0	400	1	0	0	NA	0	677
positive	100GB	90%	FusionSeeker	1	0	400	1	0	0	NA	0	677
positive	100GB	95%	FusionSeeker	1	0	400	1	0	0	NA	0	677
positive	100GB	85%	CTAT-LR-Fusion	1	0	400	1	0	0	NA	0	676
positive	100GB	85%	FusionSeeker	1	0	400	1	0	0	NA	0	676
positive	100GB	90%	FusionSeeker	1	0	400	1	0	0	NA	0	676
positive	100GB	95%	FusionSeeker	1	0	400	1	0	0	NA	0	676
positive	100GB	85%	CTAT-LR-Fusion	1	0	400	1	0	0	NA	0	675
positive	100GB	85%	FusionSeeker	1	0	400	1	0	0	NA	0	675
positive	100GB	90%	FusionSeeker	1	0	400	1	0	0	NA	0	675
positive	100GB	95%	FusionSeeker	1	0	400	1	0	0	NA	0	675
positive	100GB	85%	CTAT-LR-Fusion	1	0	400	1	0	0	NA	0	674
positive	100GB	85%	FusionSeeker	1	0	400	1	0	0	NA	0	674
positive	100GB	90%	FusionSeeker	1	0	400	1	0	0	NA	0	674
positive	100GB	95%	FusionSeeker	1	0	400	1	0	0	NA	0	674
positive	100GB	85%	CTAT-LR-Fusion	1	0	400	1	0	0	NA	0	673
positive	100GB	85%	FusionSeeker	1	0	400	1	0	0	NA	0	673
positive	100GB	90%	FusionSeeker	1	0	400	1	0	0	NA	0	673
positive	100GB	95%	FusionSeeker	1	0	400	1	0	0	NA	0	673
positive	100GB	85%	CTAT-LR-Fusion	1	0	400	1	0	0	NA	0	672
positive	100GB	85%	FusionSeeker	1	0	400	1	0	0	NA	0	672
positive	100GB	90%	FusionSeeker	1	0	400	1	0	0	NA	0	672
positive	100GB	95%	FusionSeeker	1	0	400	1	0	0	NA	0	672
positive	100GB	85%	CTAT-LR-Fusion	1	0	400	1	0	0	NA	0	671
positive	100GB	85%	FusionSeeker	1	0	400	1	0	0	NA	0	671
positive	100GB	90%	FusionSeeker	1	0	400	1	0	0	NA	0	671
positive	100GB	95%	FusionSeeker	1	0	400	1	0	0	NA	0	671
positive	100GB	85%	CTAT-LR-Fusion	1	0	400	1	0	0	NA	0	670
positive	100GB	85%	FusionSeeker	1	0	400	1	0	0	NA	0	670
positive	100GB	90%	FusionSeeker	1	0	400	1	0	0	NA	0	670
positive	100GB	95%	FusionSeeker	1	0	400	1	0	0	NA	0	670
positive	100GB	85%	CTAT-LR-Fusion	1	0	400	1	0	0	NA	0	669
positive	100GB	85%	FusionSeeker	1	0	400	1	0	0	NA	0	669
positive	100GB	90%	FusionSeeker	1	0	400	1	0	0	NA	0	669
positive	100GB	95%	FusionSeeker	1	0	400	1	0	0	NA	0	669
positive	100GB	85%	CTAT-LR-Fusion	1	0	400	1	0	0	NA	0	668
positive	100GB	85%	FusionSeeker	1	0	400	1	0	0	NA	0	668
positive	100GB	90%	FusionSeeker	1	0	400	1	0	0	NA	0	668
positive	100GB	95%	FusionSeeker	1	0	400	1	0	0	NA	0	668
positive	100GB	85%	CTAT-LR-Fusion	1	0	400	1	0	0	NA	0	667
positive	100GB	85%	FusionSeeker	1	0	400	1	0	0	NA	0	667
positive	100GB	90%	FusionSeeker	1	0	400	1	0	0	NA	0	667
positive	100GB	95%	FusionSeeker	1	0	400	1	0	0	NA	0	667
positive	100GB	85%	CTAT-LR-Fusion	1	0	400	1	0	0	NA	0	666
positive	100GB	85%	FusionSeeker	1	0	400	1	0	0	NA	0	666
positive	100GB	90%	FusionSeeker	1	0	400	1	0	0	NA	0	666
positive	100GB	95%	FusionSeeker	1	0	400	1	0	0	NA	0	666
positive	100GB	85%	CTAT-LR-Fusion	1	0	400	1	0	0	NA	0	665
positive	100GB	85%	FusionSeeker	1	0	400	1	0	0	NA	0	665
positive	100GB	90%	FusionSeeker	1	0	400	1	0	0	NA	0	665
positive	100GB	95%	FusionSeeker	1	0	400	1	0	0	NA	0	665
positive	100GB	85%	CTAT-LR-Fusion	1	0	400	1	0	0	NA	0	664
positive	100GB	85%	FusionSeeker	1	0	400	1	0	0	NA	0	664
positive	100GB	90%	FusionSeeker	1	0	400	1	0	0	NA	0	664
positive	100GB	95%	FusionSeeker	1	0	400	1	0	0	NA	0	664
positive	100GB	85%	CTAT-LR-Fusion	1	0	400	1	0	0	NA	0	663
positive	100GB	85%	FusionSeeker	1	0	400	1	0	0	NA	0	663
positive	100GB	90%	FusionSeeker	1	0	400	1	0	0	NA	0	663
positive	100GB	95%	FusionSeeker	1	0	400	1	0	0	NA	0	663
positive	100GB	85%	CTAT-LR-Fusion	1	0	400	1	0	0	NA	0	662
positive	100GB	85%	FusionSeeker	1	0	400	1	0	0	NA	0	662
positive	100GB	90%	FusionSeeker	1	0	400	1	0	0	NA	0	662
positive	100GB	95%	FusionSeeker	1	0	400	1	0	0	NA	0	662
positive	100GB	85%	CTAT-LR-Fusion	1	0	400	1	0	0	NA	0	661
positive	100GB	85%	FusionSeeker	1	0	400	1	0	0	NA	0	661
positive	100GB	90%	FusionSeeker	1	0	400	1	0	0	NA	0	661
positive	100GB	95%	FusionSeeker	1	0	400	1	0	0	NA	0	661
positive	100GB	85%	CTAT-LR-Fusion	1	0	400	1	0	0	NA	0	660
positive	100GB	85%	FusionSeeker	1	0	400	1	0	0	NA	0	660
positive	100GB	90%	FusionSeeker	1	0	400	1	0	0	NA	0	660
positive	100GB	95%	FusionSeeker	1	0	400	1	0	0	NA	0	660
positive	100GB	85%	CTAT-LR-Fusion	1	0	400	1	0	0	NA	0	659
positive	100GB	85%	FusionSeeker	1	0	400	1	0	0	NA	0	659
positive	100GB	90%	FusionSeeker	1	0	400	1	0	0	NA	0	659
positive	100GB	95%	FusionSeeker	1	0	400	1	0	0	NA	0	659
positive	100GB	85%	CTAT-LR-Fusion	1	0	400	1	0	0	NA	0	658
positive	100GB	85%	FusionSeeker	1	0	400	1	0	0	NA	0	658
positive	100GB	90%	FusionSeeker	1	0	400	1	0	0	NA	0	658
positive	100GB	95%	FusionSeeker	1	0	400	1	0	0	NA	0	658
positive	100GB	85%	CTAT-LR-Fusion	1	0	400	1	0	0	NA	0	657
positive	100GB	85%	FusionSeeker	1	0	400	1	0	0	NA	0	657
positive	100GB	90%	FusionSeeker	1	0	400	1	0	0	NA	0	657
positive	100GB	95%	FusionSeeker	1	0	400	1	0	0	NA	0	657
positive	100GB	85%	CTAT-LR-Fusion	1	0	400	1	0	0	NA	0	656
positive	100GB	85%	FusionSeeker	1	0	400	1	0	0	NA	0	656
positive	100GB	90%	FusionSeeker	1	0	400	1	0	0	NA	0	656
positive	100GB	95%	FusionSeeker	1	0	400	1	0	0	NA	0	656
positive	100GB	85%	CTAT-LR-Fusion	1	0	400	1	0	0	NA	0	655
positive	100GB	85%	FusionSeeker	1	0	400	1	0	0	NA	0	655
positive	100GB	90%	FusionSeeker	1	0	400	1	0	0	NA	0	655
positive	100GB	95%	FusionSeeker	1	0	400	1	0	0	NA	0	655
positive	100GB	85%	CTAT-LR-Fusion	1	0	400	1	0	0	NA	0	654
positive	100GB	85%	FusionSeeker	1	0	400	1	0	0	NA	0	654
positive	100GB	90%	FusionSeeker	1	0	400	1	0	0	NA	0	654
positive	100GB	95%	FusionSeeker	1	0	400	1	0	0	NA	0	654
positive	100GB	85%	CTAT-LR-Fusion	1	0	400	1	0	0	NA	0	653
positive	100GB	85%	FusionSeeker	1	0	400	1	0	0	NA	0	653
positive	100GB	90%	FusionSeeker	1	0	400	1	0	0	NA	0	653
positive	100GB	95%	FusionSeeker	1	0	400	1	0	0	NA	0	653
positive	100GB	85%	CTAT-LR-Fusion	1	0	400	1	0	0	NA	0	652
positive	100GB	85%	FusionSeeker	1	0	400	1	0	0	NA	0	652
positive	100GB	90%	FusionSeeker	1	0	400	1	0	0	NA	0	652
positive	100GB	95%	FusionSeeker	1	0	400	1	0	0	NA	0	652
positive	100GB	85%	CTAT-LR-Fusion	1	0	400	1	0	0	NA	0	651
positive	100GB	85%	FusionSeeker	1	0	400	1	0	0	NA	0	651
positive	100GB	90%	FusionSeeker	1	0	400	1	0	0	NA	0	651
positive	100GB	95%	FusionSeeker	1	0	400	1	0	0	NA	0	651
positive	100GB	85%	CTAT-LR-Fusion	1	0	400	1	0	0	NA	0	650
positive	100GB	85%	FusionSeeker	1	0	400	1	0	0	NA	0	650
positive	100GB	90%	FusionSeeker	1	0	400	1	0	0	NA	0	650
positive	100GB	95%	FusionSeeker	1	0	400	1	0	0	NA	0	650
positive	100GB	85%	CTAT-LR-Fusion	1	0	400	1	0	0	NA	0	649
positive	100GB	85%	FusionSeeker	1	0	400	1	0	0	NA	0	649
positive	100GB	90%	FusionSeeker	1	0	400	1	0	0	NA	0	649
positive	100GB	95%	FusionSeeker	1	0	400	1	0	0	NA	0	649
positive	100GB	85%	CTAT-LR-Fusion	1	0	400	1	0	0	NA	0	648
positive	100GB	85%	FusionSeeker	1	0	400	1	0	0	NA	0	648
positive	100GB	90%	FusionSeeker	1	0	400	1	0	0	NA	0	648
positive	100GB	95%	FusionSeeker	1	0	400	1	0	0	NA	0	648
positive	100GB	85%	CTAT-LR-Fusion	1	0	400	1	0	0	NA	0	647
positive	100GB	85%	FusionSeeker	1	0	400	1	0	0	NA	0	647
positive	100GB	90%	FusionSeeker	1	0	400	1	0	0	NA	0	647
positive	100GB	95%	FusionSeeker	1	0	400	1	0	0	NA	0	647
positive	100GB	85%	CTAT-LR-Fusion	1	0	400	1	0	0	NA	0	646
positive	100GB	85%	FusionSeeker	1	0	400	1	0	0	NA	0	646
positive	100GB	90%	FusionSeeker	1	0	400	1	0	0	NA	0	646
positive	100GB	95%	FusionSeeker	1	0	400	1	0	0	NA	0	646
positive	100GB	85%	CTAT-LR-Fusion	1	0	400	1	0	0	NA	0	645
positive	100GB	85%	FusionSeeker	1	0	400	1	0	0	NA	0	645
positive	100GB	90%	FusionSeeker	1	0	400	1	0	0	NA	0	645
positive	100GB	95%	FusionSeeker	1	0	400	1	0	0	NA	0	645
positive	100GB	85%	CTAT-LR-Fusion	1	0	400	1	0	0	NA	0	644
positive	100GB	85%	FusionSeeker	1	0	400	1	0	0	NA	0	644
positive	100GB	90%	FusionSeeker	1	0	400	1	0	0	NA	0	644
positive	100GB	95%	FusionSeeker	1	0	400	1	0	0	NA	0	644
positive	100GB	85%	CTAT-LR-Fusion	1	0	400	1	0	0	NA	0	643
positive	100GB	85%	FusionSeeker	1	0	400	1	0	0	NA	0	643
positive	100GB	90%	FusionSeeker	1	0	400	1	0	0	NA	0	643
positive	100GB	95%	FusionSeeker	1	0	400	1	0	0	NA	0	643
positive	100GB	85%	CTAT-LR-Fusion	1	0	400	1	0	0	NA	0	642
positive	100GB	85%	FusionSeeker	1	0	400	1	0	0	NA	0	642
positive	100GB	90%	FusionSeeker	1	0	400	1	0	0	NA	0	642
positive	100GB	95%	FusionSeeker	1	0	400	1	0	0	NA	0	642
positive	100GB	85%	CTAT-LR-Fusion	1	0	400	1	0	0	NA	0	641
positive	100GB	85%	FusionSeeker	1	0	400	1	0	0	NA	0	641
positive	100GB	90%	FusionSeeker	1	0	400	1	0	0	NA	0	641
positive	100GB	95%	FusionSeeker	1	0	400	1	0	0	NA	0	641
positive	100GB	85%	CTAT-LR-Fusion	1	0	400	1	0	0	NA	0	640
positive	100GB	85%	FusionSeeker	1	0	400	1	0	0	NA	0	640
positive	100GB	90%	FusionSeeker	1	0	400	1	0	0	NA	0	640
positive	100GB	95%	FusionSeeker	1	0	400	1	0	0	NA	0	640
positive	100GB	85%	CTAT-LR-Fusion	1	0	400	1	0	0	NA	0	639
positive	100GB	85%	FusionSeeker	1	0	400	1	0	0	NA	0	639
positive	100GB	90%	FusionSeeker	1	0	400	1	0	0	NA	0	639
positive	100GB	95%	FusionSeeker	1	0	400	1	0	0	NA	0	639
positive	100GB	85%	CTAT-LR-Fusion	1	0	400	1	0	0	NA	0	638
positive	100GB	85%	FusionSeeker	1	0	400	1	0	0	NA	0	638
positive	100GB	90%	FusionSeeker	1	0	400	1	0	0	NA	0	638
positive	100GB	95%	FusionSeeker	1	0	400	1	0	0	NA	0	638
positive	100GB	85%	CTAT-LR-Fusion	1	0	400	1	0	0	NA	0	637
positive	100GB	85%	FusionSeeker	1	0	400	1	0	0	NA	0	637
positive	100GB	90%	FusionSeeker	1	0	400	1	0	0	NA	0	637
positive	100GB	95%	FusionSeeker	1	0	400	1	0	0	NA	0	637
positive	100GB	85%	CTAT-LR-Fusion	1	0	400	1	0	0	NA	0	636
positive	100GB	85%	FusionSeeker	1	0	400	1	0	0	NA	0	636
positive	100GB	90%	FusionSeeker	1	0	400	1	0	0	NA	0	636
positive	100GB	95%	FusionSeeker	1	0	400	1	0	0	NA	0	636
positive	100GB	85%	CTAT-LR-Fusion	1	0	400	1	0	0	NA	0	635
positive	100GB	85%	FusionSeeker	1	0	400	1	0	0	NA	0	635
positive	100GB	90%	FusionSeeker	1	0	400	1	0	0	NA	0	635
positive	100GB	95%	FusionSeeker	1	0	400	1	0	0	NA	0	635
positive	100GB	85%	CTAT-LR-Fusion	1	0	400	1	0	0	NA	0	634
positive	100GB	85%	FusionSeeker	1	0	400	1	0	0	NA	0	634
positive	100GB	90%	FusionSeeker	1	0	400	1	0	0	NA	0	634
positive	100GB	95%	FusionSeeker	1	0	400	1	0	0	NA	0	634
positive	100GB	85%	CTAT-LR-Fusion	1	0	400	1	0	0	NA	0	633
positive	100GB	85%	FusionSeeker	1	0	400	1	0	0	NA	0	633
positive	100GB	90%	FusionSeeker	1	0	400	1	0	0	NA	0	633
positive	100GB	95%	FusionSeeker	1	0	400	1	0	0	NA	0	633
positive	100GB	85%	CTAT-LR-Fusion	1	0	400	1	0	0	NA	0	632
positive	100GB	85%	FusionSeeker	1	0	400	1	0	0	NA	0	632
positive	100GB	90%	FusionSeeker	1	0	400	1	0	0	NA	0	632
positive	100GB	95%	FusionSeeker	1	0	400	1	0	0	NA	0	632
positive	100GB	85%	CTAT-LR-Fusion	1	0	400	1	0	0	NA	0	631
positive	100GB	85%	FusionSeeker	1	0	400	1	0	0	NA	0	631
positive	100GB	90%	FusionSeeker	1	0	400	1	0	0	NA	0	631
positive	100GB	95%	FusionSeeker	1	0	400	1	0	0	NA	0	631
positive	100GB	85%	CTAT-LR-Fusion	1	0	400	1	0	0	NA	0	630
positive	100GB	85%	FusionSeeker	1	0	400	1	0	0	NA	0	630
positive	100GB	90%	FusionSeeker	1	0	400	1	0	0	NA	0	630
positive	100GB	95%	FusionSeeker	1	0	400	1	0	0	NA	0	630
positive	100GB	85%	CTAT-LR-Fusion	1	0	400	1	0	0	NA	0	629
positive	100GB	85%	FusionSeeker	1	0	400	1	0	0	NA	0	629
positive	100GB	90%	FusionSeeker	1	0	400	1	0	0	NA	0	629
positive	100GB	95%	FusionSeeker	1	0	400	1	0	0	NA	0	629
positive	100GB	85%	CTAT-LR-Fusion	1	0	400	1	0	0	NA	0	628
positive	100GB	85%	FusionSeeker	1	0	400	1	0	0	NA	0	628
positive	100GB	90%	FusionSeeker	1	0	400	1	0	0	NA	0	628
positive	100GB	95%	FusionSeeker	1	0	400	1	0	0	NA	0	628
positive	100GB	85%	CTAT-LR-Fusion	1	0	400	1	0	0	NA	0	627
positive	100GB	85%	FusionSeeker	1	0	400	1	0	0	NA	0	627
positive	100GB	90%	FusionSeeker	1	0	400	1	0	0	NA	0	627
positive	100GB	95%	FusionSeeker	1	0	400	1	0	0	NA	0	627
positive	100GB	85%	CTAT-LR-Fusion	1	0	400	1	0	0	NA	0	626
positive	100GB	85%	FusionSeeker	1	0	400	1	0	0	NA	0	626
positive	100GB	90%	FusionSeeker	1	0	400	1	0	0	NA	0	626
positive	100GB	95%	FusionSeeker	1	0	400	1	0	0	NA	0	626
positive	100GB	85%	CTAT-LR-Fusion	1	0	400	1	0	0	NA	0	625
positive	100GB	85%	FusionSeeker	1	0	400	1	0	0	NA	0	625
positive	100GB	90%	FusionSeeker	1	0	400	1	0	0	NA	0	625
positive	100GB	95%	FusionSeeker	1	0	400	1	0	0	NA	0	625
positive	100GB	85%	CTAT-LR-Fusion	1	0	400	1	0	0	NA	0	624
positive	100GB	85%	FusionSeeker	1	0	400	1	0	0	NA	0	624
positive	100GB	90%	FusionSeeker	1	0	400	1	0	0	NA	0	624
positive	100GB	95%	FusionSeeker	1	0	400	1	0	0	NA	0	624
positive	100GB	85%	CTAT-LR-Fusion	1	0	400	1	0	0	NA	0	623
positive	100GB	85%	FusionSeeker	1	0	400	1	0	0	NA	0	623
positive	100GB	90%	FusionSeeker	1	0	400	1	0	0	NA	0	623
positive	100GB	95%	FusionSeeker	1	0	400	1	0	0	NA	0	623
positive	100GB	85%	CTAT-LR-Fusion	1	0	400	1	0	0	NA	0	622
positive	100GB	85%	FusionSeeker	1	0	400	1	0	0	NA	0	622
positive	100GB	90%	FusionSeeker	1	0	400	1	0	0	NA	0	622
positive	100GB	95%	FusionSeeker	1	0	400	1	0	0	NA	0	622
positive	100GB	85%	CTAT-LR-Fusion	1	0	400	1	0	0	NA	0	621
positive	100GB	85%	FusionSeeker	1	0	400	1	0	0	NA	0	621
positive	100GB	90%	FusionSeeker	1	0	400	1	0	0	NA	0	621
positive	100GB	95%	FusionSeeker	1	0	400	1	0	0	NA	0	621
positive	100GB	85%	CTAT-LR-Fusion	1	0	400	1	0	0	NA	0	620
positive	100GB	85%	FusionSeeker	1	0	400	1	0	0	NA	0	620
positive	100GB	90%	FusionSeeker	1	0	400	1	0	0	NA	0	620
positive	100GB	95%	FusionSeeker	1	0	400	1	0	0	NA	0	620
positive	100GB	85%	CTAT-LR-Fusion	1	0	400	1	0	0	NA	0	619
positive	100GB	85%	FusionSeeker	1	0	400	1	0	0	NA	0	619
positive	100GB	90%	FusionSeeker	1	0	400	1	0	0	NA	0	619
positive	100GB	95%	FusionSeeker	1	0	400	1	0	0	NA	0	619
positive	100GB	85%	CTAT-LR-Fusion	1	0	400	1	0	0	NA	0	618
positive	100GB	85%	FusionSeeker	1	0	400	1	0	0	NA	0	618
positive	100GB	90%	FusionSeeker	1	0	400	1	0	0	NA	0	618
positive	100GB	95%	FusionSeeker	1	0	400	1	0	0	NA	0	618
positive	100GB	85%	CTAT-LR-Fusion	1	0	400	1	0	0	NA	0	617
positive	100GB	85%	FusionSeeker	1	0	400	1	0	0	NA	0	617
positive	100GB	90%	FusionSeeker	1	0	400	1	0	0	NA	0	617
positive	100GB	95%	FusionSeeker	1	0	400	1	0	0	NA	0	617
positive	100GB	85%	CTAT-LR-Fusion	1	0	400	1	0	0	NA	0	616
positive	100GB	85%	FusionSeeker	1	0	400	1	0	0	NA	0	616
positive	100GB	90%	FusionSeeker	1	0	400	1	0	0	NA	0	616
positive	100GB	95%	FusionSeeker	1	0	400	1	0	0	NA	0	616
positive	100GB	85%	CTAT-LR-Fusion	1	0	400	1	0	0	NA	0	615
positive	100GB	85%	FusionSeeker	1	0	400	1	0	0	NA	0	615
positive	100GB	90%	FusionSeeker	1	0	400	1	0	0	NA	0	615
positive	100GB	95%	FusionSeeker	1	0	400	1	0	0	NA	0	615
positive	100GB	85%	CTAT-LR-Fusion	1	0	400	1	0	0	NA	0	614
positive	100GB	85%	FusionSeeker	1	0	400	1	0	0	NA	0	614
positive	100GB	90%	FusionSeeker	1	0	400	1	0	0	NA	0	614
positive	100GB	95%	FusionSeeker	1	0	400	1	0	0	NA	0	614
positive	100GB	85%	CTAT-LR-Fusion	1	0	400	1	0	0	NA	0	613
positive	100GB	85%	FusionSeeker	1	0	400	1	0	0	NA	0	613
positive	100GB	90%	FusionSeeker	1	0	400	1	0	0	NA	0	613
positive	100GB	95%	FusionSeeker	1	0	400	1	0	0	NA	0	613
positive	100GB	85%	CTAT-LR-Fusion	1	0	400	1	0	0	NA	0	612
positive	100GB	85%	FusionSeeker	1	0	400	1	0	0	NA	0	612
positive	100GB	90%	FusionSeeker	1	0	400	1	0	0	NA	0	612
positive	100GB	95%	FusionSeeker	1	0	400	1	0	0	NA	0	612
positive	100GB	85%	CTAT-LR-Fusion	1	0	400	1	0	0	NA	0	611
positive	100GB	85%	FusionSeeker	1	0	400	1	0	0	NA	0	611
positive	100GB	90%	FusionSeeker	1	0	400	1	0	0	NA	0	611
positive	100GB	95%	FusionSeeker	1	0	400	1	0	0	NA	0	611
positive	100GB	85%	CTAT-LR-Fusion	1	0	400	1	0	0	NA	0	610
positive	100GB	85%	FusionSeeker	1	0	400	1	0	0	NA	0	610
positive	100GB	90%	FusionSeeker	1	0	400	1	0	0	NA	0	610
positive	100GB	95%	FusionSeeker	1	0	400	1	0	0	NA	0	610
positive	100GB	85%	CTAT-LR-Fusion	1	0	400	1	0	0	NA	0	609
positive	100GB	85%	FusionSeeker	1	0	400	1	0	0	NA	0	609
positive	100GB	90%	FusionSeeker	1	0	400	1	0	0	NA	0	609
positive	100GB	95%	FusionSeeker	1	0	400	1	0	0	NA	0	609
positive	100GB	85%	CTAT-LR-Fusion	1	0	400	1	0	0	NA	0	608
positive	100GB	85%	FusionSeeker	1	0	400	1	0	0	NA	0	608
positive	100GB	90%	FusionSeeker	1	0	400	1	0	0	NA	0	608
positive	100GB	95%	FusionSeeker	1	0	400	1	0	0	NA	0	608
positive	100GB	85%	CTAT-LR-Fusion	1	0	400	1	0	0	NA	0	607
positive	100GB	85%	FusionSeeker	1	0	400	1	0	0	NA	0	607
positive	100GB	90%	FusionSeeker	1	0	400	1	0	0	NA	0	607
positive	100GB	95%	FusionSeeker	1	0	400	1	0	0	NA	0	607
positive	100GB	85%	CTAT-LR-Fusion	1	0	400	1	0	0	NA	0	606
positive	100GB	85%	FusionSeeker	1	0	400	1	0	0	NA	0	606
positive	100GB	90%	FusionSeeker	1	0	400	1	0	0	NA	0	606
positive	100GB	95%	FusionSeeker	1	0	400	1	0	0	NA	0	606
positive	100GB	85%	CTAT-LR-Fusion	1	0	400	1	0	0	NA	0	605
positive	100GB	85%	FusionSeeker	1	0	400	1	0	0	NA	0	605
positive	100GB	90%	FusionSeeker	1	0	400	1	0	0	NA	0	605
positive	100GB	95%	FusionSeeker	1	0	400	1	0	0	NA	0	605
positive	100GB	85%	CTAT-LR-Fusion	1	0	400	1	0	0	NA	0	604
positive	100GB	85%	FusionSeeker	1	0	400	1	0	0	NA	0	604
positive	100GB	90%	FusionSeeker	1	0	400	1	0	0	NA	0	604
positive	100GB	95%	FusionSeeker	1	0	400	1	0	0	NA	0	604
positive	100GB	85%	CTAT-LR-Fusion	1	0	400	1	0	0	NA	0	603
positive	100GB	85%	FusionSeeker	1	0	400	1	0	0	NA	0	603
positive	100GB	90%	FusionSeeker	1	0	400	1	0	0	NA	0	603
positive	100GB	95%	FusionSeeker	1	0	400	1	0	0	NA	0	603
positive	100GB	85%	CTAT-LR-Fusion	1	0	400	1	0	0	NA	0	602
positive	100GB	85%	FusionSeeker	1	0	400	1	0	0	NA	0	602
positive	100GB	90%	FusionSeeker	1	0	400	1	0	0	NA	0	602
positive	100GB	95%	FusionSeeker	1	0	400	1	0	0	NA	0	602
positive	100GB	85%	CTAT-LR-Fusion	1	0	400	1	0	0	NA	0	601
positive	100GB	85%	FusionSeeker	1	0	400	1	0	0	NA	0	601
positive	100GB	90%	FusionSeeker	1	0	400	1	0	0	NA	0	601
positive	100GB	95%	FusionSeeker	1	0	400	1	0	0	NA	0	601
positive	100GB	85%	CTAT-LR-Fusion	1	0	400	1	0	0	NA	0	600
positive	100GB	85%	FusionSeeker	1	0	400	1	0	0	NA	0	600
positive	100GB	90%	FusionSeeker	1	0	400	1	0	0	NA	0	600
positive	100GB	95%	FusionSeeker	1	0	400	1	0	0	NA	0	600
positive	100GB	85%	CTAT-LR-Fusion	1	0	400	1	0	0	NA	0	599
positive	100GB	85%	FusionSeeker	1	0	400	1	0	0	NA	0	599
positive	100GB	90%	FusionSeeker	1	0	400	1	0	0	NA	0	599
positive	100GB	95%	FusionSeeker	1	0	400	1	0	0	NA	0	599
positive	100GB	85%	CTAT-LR-Fusion	1	0	400	1	0	0	NA	0	598
positive	100GB	85%	FusionSeeker	1	0	400	1	0	0	NA	0	598
positive	100GB	90%	FusionSeeker	1	0	400	1	0	0	NA	0	598
positive	100GB	95%	FusionSeeker	1	0	400	1	0	0	NA	0	598
positive	100GB	85%	CTAT-LR-Fusion	1	0	400	1	0	0	NA	0	597
positive	100GB	85%	FusionSeeker	1	0	400	1	0	0	NA	0	597
positive	100GB	90%	FusionSeeker	1	0	400	1	0	0	NA	0	597
positive	100GB	95%	FusionSeeker	1	0	400	1	0	0	NA	0	597
positive	100GB	85%	CTAT-LR-Fusion	1	0	400	1	0	0	NA	0	596
positive	100GB	85%	FusionSeeker	1	0	400	1	0	0	NA	0	596
positive	100GB	90%	FusionSeeker	1	0	400	1	0	0	NA	0	596
positive	100GB	95%	FusionSeeker	1	0	400	1	0	0	NA	0	596
positive	100GB	85%	CTAT-LR-Fusion	1	0	400	1	0	0	NA	0	595
positive	100GB	85%	FusionSeeker	1	0	400	1	0	0	NA	0	595
positive	100GB	90%	FusionSeeker	1	0	400	1	0	0	NA	0	595
positive	100GB	95%	FusionSeeker	1	0	400	1	0	0	NA	0	595
positive	100GB	85%	CTAT-LR-Fusion	1	0	400	1	0	0	NA	0	594
positive	100GB	85%	FusionSeeker	1	0	400	1	0	0	NA	0	594
positive	100GB	90%	FusionSeeker	1	0	400	1	0	0	NA	0	594
positive	100GB	95%	FusionSeeker	1	0	400	1	0	0	NA	0	594
positive	100GB	85%	CTAT-LR-Fusion	1	0	400	1	0	0	NA	0	593
positive	100GB	85%	FusionSeeker	1	0	400	1	0	0	NA	0	593
positive	100GB	90%	FusionSeeker	1	0	400	1	0	0	NA	0	593
positive	100GB	95%	FusionSeeker	1	0	400	1	0	0	NA	0	593
positive	100GB	85%	CTAT-LR-Fusion	1	0	400	1	0	0	NA	0	592
positive	100GB	85%	FusionSeeker	1	0	400	1	0	0	NA	0	592
positive	100GB	90%	FusionSeeker	1	0	400	1	0	0	NA	0	592
positive	100GB	95%	FusionSeeker	1	0	400	1	0	0	NA	0	592
positive	100GB	85%	CTAT-LR-Fusion	1	0	400	1	0	0	NA	0	591
positive	100GB	85%	FusionSeeker	1	0	400	1	0	0	NA	0	591
positive	100GB	90%	FusionSeeker	1	0	400	1	0	0	NA	0	591
positive	100GB	95%	FusionSeeker	1	0	400	1	0	0	NA	0	591
positive	100GB	85%	CTAT-LR-Fusion	1	0	400	1	0	0	NA	0	590
positive	100GB	85%	FusionSeeker	1	0	400	1	0	0	NA	0	590
positive	100GB	90%	FusionSeeker	1	0	400	1	0	0	NA	0	590
positive	100GB	95%	FusionSeeker	1	0	400	1	0	0	NA	0	590
positive	100GB	85%	CTAT-LR-Fusion	1	0	400	1	0	0	NA	0	589
positive	100GB	85%	FusionSeeker	1	0	400	1	0	0	NA	0	589
positive	100GB	90%	FusionSeeker	1	0	400	1	0	0	NA	0	589
positive	100GB	95%	FusionSeeker	1	0	400	1	0	0	NA	0	589
positive	100GB	85%	CTAT-LR-Fusion	1	0	400	1	0	0	NA	0	588
positive	100GB	85%	FusionSeeker	1	0	400	1	0	0	NA	0	588
positive	100GB	90%	FusionSeeker	1	0	400	1	0	0	NA	0	588
positive	100GB	95%	FusionSeeker	1	0	400	1	0	0	NA	0	588
positive	100GB	85%	CTAT-LR-Fusion	1	0	400	1	0	0	NA	0	587
positive	100GB	85%	FusionSeeker	1	0	400	1	0	0	NA	0	587
positive	100GB	90%	FusionSeeker	1	0	400	1	0	0	NA	0	587
positive	100GB	95%	FusionSeeker	1	0	400	1	0	0	NA	0	587
positive	100GB	85%	CTAT-LR-Fusion	1	0	400	1	0	0	NA	0	586
positive	100GB	85%	FusionSeeker	1	0	400	1	0	0	NA	0	586
positive	100GB	90%	FusionSeeker	1	0	400	1	0	0	NA	0	586
positive	100GB	95%	FusionSeeker	1	0	400	1	0	0	NA	0	586
positive	100GB	85%	CTAT-LR-Fusion	1	0	400	1	0	0	NA	0	585
positive	100GB	85%	FusionSeeker	1	0	400	1	0	0	NA	0	585
positive	100GB	90%	FusionSeeker	1	0	400	1	0	0	NA	0	585
positive	100GB	95%	FusionSeeker	1	0	400	1	0	0	NA	0	585
positive	100GB	85%	CTAT-LR-Fusion	1	0	400	1	0	0	NA	0	584
positive	100GB	85%	FusionSeeker	1	0	400	1	0	0	NA	0	584
positive	100GB	90%	FusionSeeker	1	0	400	1	0	0	NA	0	584
positive	100GB	95%	FusionSeeker	1	0	400	1	0	0	NA	0	584
positive	100GB	85%	CTAT-LR-Fusion	1	0	400	1	0	0	NA	0	583
positive	100GB	85%	FusionSeeker	1	0	400	1	0	0	NA	0	583
positive	100GB	90%	FusionSeeker	1	0	400	1	0	0	NA	0	583
positive	100GB	95%	FusionSeeker	1	0	400	1	0	0	NA	0	583
positive	100GB	85%	CTAT-LR-Fusion	1	0	400	1	0	0	NA	0	582
positive	100GB	85%	FusionSeeker	1	0	400	1	0	0	NA	0	582
positive	100GB	90%	FusionSeeker	1	0	400	1	0	0	NA	0	582
positive	100GB	95%	FusionSeeker	1	0	400	1	0	0	NA	0	582
positive	100GB	85%	CTAT-LR-Fusion	1	0	400	1	0	0	NA	0	581
positive	100GB	85%	FusionSeeker	1	0	400	1	0	0	NA	0	581
positive	100GB	90%	FusionSeeker	1	0	400	1	0	0	NA	0	581
positive	100GB	95%	FusionSeeker	1	0	400	1	0	0	NA	0	581
positive	100GB	85%	CTAT-LR-Fusion	1	0	400	1	0	0	NA	0	580
positive	100GB	85%	FusionSeeker	1	0	400	1	0	0	NA	0	580
positive	100GB	90%	FusionSeeker	1	0	400	1	0	0	NA	0	580
positive	100GB	95%	FusionSeeker	1	0	400	1	0	0	NA	0	580
positive	100GB	85%	CTAT-LR-Fusion	1	0	400	1	0	0	NA	0	579
positive	100GB	85%	FusionSeeker	1	0	400	1	0	0	NA	0	579
positive	100GB	90%	FusionSeeker	1	0	400	1	0	0	NA	0	579
positive	100GB	95%	FusionSeeker	1	0	400	1	0	0	NA	0	579
positive	100GB	85%	CTAT-LR-Fusion	1	0	400	1	0	0	NA	0	578
positive	100GB	85%	FusionSeeker	1	0	400	1	0	0	NA	0	578
positive	100GB	90%	FusionSeeker	1	0	400	1	0	0	NA	0	578
positive	100GB	95%	FusionSeeker	1	0	400	1	0	0	NA	0	578
positive	100GB	85%	CTAT-LR-Fusion	1	0	400	1	0	0	NA	0	577
positive	100GB	85%	FusionSeeker	1	0	400	1	0	0	NA	0	577
positive	100GB	90%	FusionSeeker	1	0	400	1	0	0	NA	0	577
positive	100GB	95%	FusionSeeker	1	0	400	1	0	0	NA	0	577
positive	100GB	85%	CTAT-LR-Fusion	1	0	400	1	0	0	NA	0	576
positive	100GB	85%	FusionSeeker	1	0	400	1	0	0	NA	0	576
positive	100GB	90%	FusionSeeker	1	0	400	1	0	0	NA	0	576
positive	100GB	95%	FusionSeeker	1	0	400	1	0	0	NA	0	576
positive	100GB	85%	CTAT-LR-Fusion	1	0	400	1	0	0	NA	0	575
positive	100GB	85%	FusionSeeker	1	0	400	1	0	0	NA	0	575
positive	100GB	90%	FusionSeeker	1	0	400	1	0	0	NA	0	575
positive	100GB	95%	FusionSeeker	1	0	400	1	0	0	NA	0	575
positive	100GB	85%	CTAT-LR-Fusion	1	0	400	1	0	0	NA	0	574
positive	100GB	85%	FusionSeeker	1	0	400	1	0	0	NA	0	574
positive	100GB	90%	FusionSeeker	1	0	400	1	0	0	NA	0	574
positive	100GB	95%	FusionSeeker	1	0	400	1	0	0	NA	0	574
positive	100GB	85%	CTAT-LR-Fusion	1	0	400	1	0	0	NA	0	573
positive	100GB	85%	FusionSeeker	1	0	400	1	0	0	NA	0	573
positive	100GB	90%	FusionSeeker	1	0	400	1	0	0	NA	0	573
positive	100GB	95%	FusionSeeker	1	0	400	1	0	0	NA	0	573
positive	100GB	85%	CTAT-LR-Fusion	1	0	400	1	0	0	NA	0	572
positive	100GB	85%	FusionSeeker	1	0	400	1	0	0	NA	0	572
positive	100GB	90%	FusionSeeker	1	0	400	1	0	0	NA	0	572
positive	100GB	95%	FusionSeeker	1	0	400	1	0	0	NA	0	572
positive	100GB	85%	CTAT-LR-Fusion	1	0	400	1	0	0	NA	0	571
positive	100GB	85%	FusionSeeker	1	0	400	1	0	0	NA	0	571
positive	100GB	90%	FusionSeeker	1	0	400	1	0	0	NA	0	571
positive	100GB	95%	FusionSeeker	1	0	400	1	0	0	NA	0	571
positive	100GB	85%	CTAT-LR-Fusion	1	0	400	1	0	0	NA	0	570
positive	100GB	85%	FusionSeeker	1	0	400	1	0	0	NA	0	570
positive	100GB	90%	FusionSeeker	1	0	400	1	0	0	NA	0	570
positive	100GB	95%	FusionSeeker	1	0	400	1	0	0	NA	0	570
positive	100GB	85%	CTAT-LR-Fusion	1	0	400	1	0	0	NA	0	569
positive	100GB	85%	FusionSeeker	1	0	400	1	0	0	NA	0	569
positive	100GB	90%	FusionSeeker	1	0	400	1	0	0	NA	0	569
positive	100GB	95%	FusionSeeker	1	0	400	1	0	0	NA	0	569
positive	100GB	85%	CTAT-LR-Fusion	1	0	400	1	0	0	NA	0	568
positive	100GB	85%	FusionSeeker	1	0	400	1	0	0	NA	0	568
positive	100GB	90%	FusionSeeker	1	0	400	1	0	0	NA	0	568
positive	100GB	95%	FusionSeeker	1	0	400	1	0	0	NA	0	568
positive	100GB	85%	CTAT-LR-Fusion	1	0	400	1	0	0	NA	0	567
positive	100GB	85%	FusionSeeker	1	0	400	1	0	0	NA	0	567
positive	100GB	90%	FusionSeeker	1	0	400	1	0	0	NA	0	567
positive	100GB	95%	FusionSeeker	1	0	400	1	0	0	NA	0	567
positive	100GB	85%	CTAT-LR-Fusion	1	0	400	1	0	0	NA	0	566
positive	100GB	85%	FusionSeeker	1	0	400	1	0	0	NA	0	566
positive	100GB	90%	FusionSeeker	1	0	400	1	0	0	NA	0	566
positive	100GB	95%	FusionSeeker	1	0	400	1	0	0	NA	0	566
positive	100GB	85%	CTAT-LR-Fusion	1	0	400	1	0	0	NA	0	565
positive	100GB	85%	FusionSeeker	1	0	400	1	0	0	NA	0	565
positive	100GB	90%	FusionSeeker	1	0	400	1	0	0	NA	0	565
positive	100GB	95%	FusionSeeker	1	0	400	1	0	0	NA	0	565
positive	100GB	85%	CTAT-LR-Fusion	1	0	400	1	0	0	NA	0	564
positive	100GB	85%	FusionSeeker	1	0	400	1	0	0	NA	0	564
positive	100GB	90%	FusionSeeker	1	0	400	1	0	0	NA	0	564
positive	100GB	95%	FusionSeeker	1	0	400	1	0	0	NA	0	564
positive	100GB	85%	CTAT-LR-Fusion	1	0	400	1	0	0	NA	0	563
positive	100GB	85%	FusionSeeker	1	0	400	1	0	0	NA	0	563
positive	100GB	90%	FusionSeeker	1	0	400	1	0	0	NA	0	563
positive	100GB	95%	FusionSeeker	1	0	400	1	0	0	NA	0	563
positive	100GB	85%	CTAT-LR-Fusion	1	0	400	1	0	0	NA	0	562
positive	100GB	85%	FusionSeeker	1	0	400	1	0	0	NA	0	562
positive	100GB	90%	FusionSeeker	1	0	400	1	0	0	NA	0	562
positive	100GB	95%	FusionSeeker	1	0	400	1	0	0	NA	0	562
positive	100GB	85%	CTAT-LR-Fusion	1	0	400	1	0	0	NA	0	561
positive	100GB	85%	FusionSeeker	1	0	400	1	0	0	NA	0	561
positive	100GB	90%	FusionSeeker	1	0	400	1	0	0	NA	0	561
positive	100GB	95%	FusionSeeker	1	0	400	1	0	0	NA	0	561
positive	100GB	85%	CTAT-LR-Fusion	1	0	400	1	0	0	NA	0	560
positive	100GB	85%	FusionSeeker	1	0	400	1	0	0	NA	0	560
positive	100GB	90%	FusionSeeker	1	0	400	1	0	0	NA	0	560
positive	100GB	95%	FusionSeeker	1	0	400	1	0	0	NA	0	560
positive	100GB	85%	CTAT-LR-Fusion	1	0	400	1	0	0	NA	0	559
positive	100GB	85%	FusionSeeker	1	0	400	1	0	0	NA	0	559
positive	100GB	90%	FusionSeeker	1	0	400	1	0	0	NA	0	559
positive	100GB	95%	FusionSeeker	1	0	400	1	0	0	NA	0	559
positive	100GB	85%	CTAT-LR-Fusion	1	0	400	1	0	0	NA	0	558
positive	100GB	85%	FusionSeeker	1	0	400	1	0	0	NA	0	558
positive	100GB	90%	FusionSeeker	1	0	400	1	0	0	NA	0	558
positive	100GB	95%	FusionSeeker	1	0	400	1	0	0	NA	0	558
positive	100GB	85%	CTAT-LR-Fusion	1	0	400	1	0	0	NA	0	557
positive	100GB	85%	FusionSeeker	1	0	400	1	0	0	NA	0	557
positive	100GB	90%	FusionSeeker	1	0	400	1	0	0	NA	0	557
positive	100GB	95%	FusionSeeker	1	0	400	1	0	0	NA	0	557
positive	100GB	85%	CTAT-LR-Fusion	1	0	400	1	0	0	NA	0	556
positive	100GB	85%	FusionSeeker	1	0	400	1	0	0	NA	0	556
positive	100GB	90%	FusionSeeker	1	0	400	1	0	0	NA	0	556
positive	100GB	95%	FusionSeeker	1	0	400	1	0	0	NA	0	556
positive	100GB	85%	CTAT-LR-Fusion	1	0	400	1	0	0	NA	0	555
positive	100GB	85%	FusionSeeker	1	0	400	1	0	0	NA	0	555
positive	100GB	90%	FusionSeeker	1	0	400	1	0	0	NA	0	555
positive	100GB	95%	FusionSeeker	1	0	400	1	0	0	NA	0	555
positive	100GB	85%	CTAT-LR-Fusion	1	0	400	1	0	0	NA	0	554
positive	100GB	85%	FusionSeeker	1	0	400	1	0	0	NA	0	554
positive	100GB	90%	FusionSeeker	1	0	400	1	0	0	NA	0	554
positive	100GB	95%	FusionSeeker	1	0	400	1	0	0	NA	0	554
positive	100GB	85%	CTAT-LR-Fusion	1	0	400	1	0	0	NA	0	553
positive	100GB	85%	FusionSeeker	1	0	400	1	0	0	NA	0	553
positive	100GB	90%	FusionSeeker	1	0	400	1	0	0	NA	0	553
positive	100GB	95%	FusionSeeker	1	0	400	1	0	0	NA	0	553
positive	100GB	85%	CTAT-LR-Fusion	1	0	400	1	0	0	NA	0	552
positive	100GB	85%	FusionSeeker	1	0	400	1	0	0	NA	0	552
positive	100GB	90%	FusionSeeker	1	0	400	1	0	0	NA	0	552
positive	100GB	95%	FusionSeeker	1	0	400	1	0	0	NA	0	552
positive	100GB	85%	CTAT-LR-Fusion	1	0	400	1	0	0	NA	0	551
positive	100GB	85%	FusionSeeker	1	0	400	1	0	0	NA	0	551
positive	100GB	90%	FusionSeeker	1	0	400	1	0	0	NA	0	551
positive	100GB	95%	FusionSeeker	1	0	400	1	0	0	NA	0	551
positive	100GB	85%	CTAT-LR-Fusion	1	0	400	1	0	0	NA	0	550
positive	100GB	85%	FusionSeeker	1	0	400	1	0	0	NA	0	550
positive	100GB	90%	FusionSeeker	1	0	400	1	0	0	NA	0	550
positive	100GB	95%	FusionSeeker	1	0	400	1	0	0	NA	0	550
positive	100GB	85%	CTAT-LR-Fusion	1	0	400	1	0	0	NA	0	549
positive	100GB	85%	FusionSeeker	1	0	400	1	0	0	NA	0	549
positive	100GB	90%	FusionSeeker	1	0	400	1	0	0	NA	0	549
positive	100GB	95%	FusionSeeker	1	0	400	1	0	0	NA	0	549
positive	100GB	85%	CTAT-LR-Fusion	1	0	400	1	0	0	NA	0	548
positive	100GB	85%	FusionSeeker	1	0	400	1	0	0	NA	0	548
positive	100GB	90%	FusionSeeker	1	0	400	1	0	0	NA	0	548
positive	100GB	95%	FusionSeeker	1	0	400	1	0	0	NA	0	548
positive	100GB	85%	CTAT-LR-Fusion	1	0	400	1	0	0	NA	0	547
positive	100GB	85%	FusionSeeker	1	0	400	1	0	0	NA	0	547
positive	100GB	90%	FusionSeeker	1	0	400	1	0	0	NA	0	547
positive	100GB	95%	FusionSeeker	1	0	400	1	0	0	NA	0	547
positive	100GB	85%	CTAT-LR-Fusion	1	0	400	1	0	0	NA	0	546
positive	100GB	85%	FusionSeeker	1	0	400	1	0	0	NA	0	546
positive	100GB	90%	FusionSeeker	1	0	400	1	0	0	NA	0	546
positive	100GB	95%	FusionSeeker	1	0	400	1	0	0	NA	0	546
positive	100GB	85%	CTAT-LR-Fusion	1	0	400	1	0	0	NA	0	545
positive	100GB	85%	FusionSeeker	1	0	400	1	0	0	NA	0	545
positive	100GB	90%	FusionSeeker	1	0	400	1	0	0	NA	0	545
positive	100GB	95%	FusionSeeker	1	0	400	1	0	0	NA	0	545
positive	100GB	85%	CTAT-LR-Fusion	1	0	400	1	0	0	NA	0	544
positive	100GB	85%	FusionSeeker	1	0	400	1	0	0	NA	0	544
positive	100GB	90%	FusionSeeker	1	0	400	1	0	0	NA	0	544
positive	100GB	95%	FusionSeeker	1	0	400	1	0	0	NA	0	544
positive	100GB	85%	CTAT-LR-Fusion	1	0	400	1	0	0	NA	0	543
positive	100GB	85%	FusionSeeker	1	0	400	1	0	0	NA	0	543
positive	100GB	90%	FusionSeeker	1	0	400	1	0	0	NA	0	543
positive	100GB	95%	FusionSeeker	1	0	400	1	0	0	NA	0	543
positive	100GB	85%	CTAT-LR-Fusion	1	0	400	1	0	0	NA	0	542
positive	100GB	85%	FusionSeeker	1	0	400	1	0	0	NA	0	542
positive	100GB	90%	FusionSeeker	1	0	400	1	0	0	NA	0	542
positive	100GB	95%	FusionSeeker	1	0	400	1	0	0	NA	0	542
positive	100GB	85%	CTAT-LR-Fusion	1	0	400	1	0	0	NA	0	541
positive	100GB	85%	FusionSeeker	1	0	400	1	0	0	NA	0	541
positive	100GB	90%	FusionSeeker	1	0	400	1	0	0	NA	0	541
positive	100GB	95%	FusionSeeker	1	0	400	1	0	0	NA	0	541
positive	100GB	85%	CTAT-LR-Fusion	1	0	400	1	0	0	NA	0	540
positive	100GB	85%	FusionSeeker	1	0	400	1	0	0	NA	0	540
positive	100GB	90%	FusionSeeker	1	0	400	1	0	0	NA	0	540
positive	100GB	95%	FusionSeeker	1	0	400	1	0	0	NA	0	540
positive	100GB	85%	CTAT-LR-Fusion	1	0	400	1	0	0	NA	0	539
positive	100GB	85%	FusionSeeker	1	0	400	1	0	0	NA	0	539
positive	100GB	90%	FusionSeeker	1	0	400	1	0	0	NA	0	539
positive	100GB	95%	FusionSeeker	1	0	400	1	0	0	NA	0	539
positive	100GB	85%	CTAT-LR-Fusion	1	0	400	1	0	0	NA	0	538
positive	100GB	85%	FusionSeeker	1	0	400	1	0	0	NA	0	538
positive	100GB	90%	FusionSeeker	1	0	400	1	0	0	NA	0	538
positive	100GB	95%	FusionSeeker	1	0	400	1	0	0	NA	0	538
positive	100GB	85%	CTAT-LR-Fusion	1	0	400	1	0	0	NA	0	537
positive	100GB	85%	FusionSeeker	1	0	400	1	0	0	NA	0	537
positive	100GB	90%	FusionSeeker	1	0	400	1	0	0	NA	0	537
positive	100GB	95%	FusionSeeker	1	0	400	1	0	0	NA	0	537
positive	100GB	85%	CTAT-LR-Fusion	1	0	400	1	0	0	NA	0	536
positive	100GB	85%	FusionSeeker	1	0	400	1	0	0	NA	0	536
positive	100GB	90%	FusionSeeker	1	0	400	1	0	0	NA	0	536
positive	100GB	95%	FusionSeeker	1	0	400	1	0	0	NA	0	536
positive	100GB	85%	CTAT-LR-Fusion	1	0	400	1	0	0	NA	0	535
positive	100GB	85%	FusionSeeker	1	0	400	1	0	0	NA	0	535
positive	100GB	90%	FusionSeeker	1	0	400	1	0	0	NA	0	535
positive	100GB	95%	FusionSeeker	1	0	400	1	0	0	NA	0	535
positive	100GB	85%	CTAT-LR-Fusion	1	0	400	1	0	0	NA	0	534
positive	100GB	85%	FusionSeeker	1	0	400	1	0	0	NA	0	534
positive	100GB	90%	FusionSeeker	1	0	400	1	0	0	NA	0	534
positive	100GB	95%	FusionSeeker	1	0	400	1	0	0	NA	0	534
positive	100GB	85%	CTAT-LR-Fusion	1	0	400	1	0	0	NA	0	533
positive	100GB	85%	FusionSeeker	1	0	400	1	0	0	NA	0	533
positive	100GB	90%	FusionSeeker	1	0	400	1	0	0	NA	0	533
positive	100GB	95%	FusionSeeker	1	0	400	1	0	0	NA	0	533
positive	100GB	85%	CTAT-LR-Fusion	1	0	400	1	0	0	NA	0	532
positive	100GB	85%	FusionSeeker	1	0	400	1	0	0	NA	0	532
positive	100GB	90%	FusionSeeker	1	0	400	1	0	0	NA	0	532
positive	100GB	95%	FusionSeeker	1	0	400	1	0	0	NA	0	532
positive	100GB	85%	CTAT-LR-Fusion	1	0	400	1	0	0	NA	0	531
positive	100GB	85%	FusionSeeker	1	0	400	1	0	0	NA	0	531
positive	100GB	90%	FusionSeeker	1	0	400	1	0	0	NA	0	531
positive	100GB	95%	FusionSeeker	1	0	400	1	0	0	NA	0	531
positive	100GB	85%	CTAT-LR-Fusion	1	0	400	1	0	0	NA	0	530
positive	100GB	85%	FusionSeeker	1	0	400	1	0	0	NA	0	530
positive	100GB	90%	FusionSeeker	1	0	400	1	0	0	NA	0	530
positive	100GB	95%	FusionSeeker	1	0	400	1	0	0	NA	0	530
positive	100GB	85%	CTAT-LR-Fusion	1	0	400	1	0	0	NA	0	529
positive	100GB	85%	FusionSeeker	1	0	400	1	0	0	NA	0	529
positive	100GB	90%	FusionSeeker	1	0	400	1	0	0	NA	0	529
positive	100GB	95%	FusionSeeker	1	0	400	1	0	0	NA	0	529
positive	100GB	85%	CTAT-LR-Fusion	1	0	400	1	0	0	NA	0	528
positive	100GB	85%	FusionSeeker	1	0	400	1	0	0	NA	0	528
positive	100GB	90%	FusionSeeker	1	0	400	1	0	0	NA	0	528
positive	100GB	95%	FusionSeeker	1	0	400	1	0	0	NA	0	528
positive	100GB	85%	CTAT-LR-Fusion	1	0	400	1	0	0	NA	0	527
positive	100GB	85%	FusionSeeker	1	0	400	1	0	0	NA	0	527
positive	100GB	90%	FusionSeeker	1	0	400	1	0	0	NA	0	527
positive	100GB	95%	FusionSeeker	1	0	400	1	0	0	NA	0	527
positive	100GB	85%	CTAT-LR-Fusion	1	0	400	1	0	0	NA	0	526
positive	100GB	85%	FusionSeeker	1	0	400	1	0	0	NA	0	526
positive	100GB	90%	FusionSeeker	1	0	400	1	0	0	NA	0	526
positive	100GB	95%	FusionSeeker	1	0	400	1	0	0	NA	0	526
positive	100GB	85%	CTAT-LR-Fusion	1	0	400	1	0	0	NA	0	525
positive	100GB	85%	FusionSeeker	1	0	400	1	0	0	NA	0	525
positive	100GB	90%	FusionSeeker	1	0	400	1	0	0	NA	0	525
positive	100GB	95%	FusionSeeker	1	0	400	1	0	0	NA	0	525
positive	100GB	85%	CTAT-LR-Fusion	1	0	400	1	0	0	NA	0	524
positive	100GB	85%	FusionSeeker	1	0	400	1	0	0	NA	0	524
positive	100GB	90%	FusionSeeker	1	0	400	1	0	0	NA	0	524
positive	100GB	95%	FusionSeeker	1	0	400	1	0	0	NA	0	524
positive	100GB	85%	CTAT-LR-Fusion	1	0	400	1	0	0	NA	0	523
positive	100GB	85%	FusionSeeker	1	0	400	1	0	0	NA	0	523
positive	100GB	90%	FusionSeeker	1	0	400	1	0	0	NA	0	523
positive	100GB	95%	FusionSeeker	1	0	400	1	0	0	NA	0	523
positive	100GB	85%	CTAT-LR-Fusion	1	0	400	1	0	0	NA	0	522
positive	100GB	85%	FusionSeeker	1	0	400	1	0	0	NA	0	522
positive	100GB	90%	FusionSeeker	1	0	400	1	0	0	NA	0	522
positive	100GB	95%	FusionSeeker	1	0	400	1	0	0	NA	0	522
positive	100GB	85%	CTAT-LR-Fusion	1	0	400	1	0	0	NA	0	521
positive	100GB	85%	FusionSeeker	1	0	400	1	0	0	NA	0	521
positive	100GB	90%	FusionSeeker	1	0	400	1	0	0	NA	0	521
positive	100GB	95%	FusionSeeker	1	0	400	1	0	0	NA	0	521
positive	100GB	85%	CTAT-LR-Fusion	1	0	400	1	0	0	NA	0	520
positive	100GB	85%	FusionSeeker	1	0	400	1	0	0	NA	0	520
positive	100GB	90%	FusionSeeker	1	0	400	1	0	0	NA	0	520
positive	100GB	95%	FusionSeeker	1	0	400	1	0	0	NA	0	520
positive	100GB	85%	CTAT-LR-Fusion	1	0	400	1	0	0	NA	0	519
positive	100GB	85%	FusionSeeker	1	0	400	1	0	0	NA	0	519
positive	100GB	90%	FusionSeeker	1	0	400	1	0	0	NA	0	519
positive	100GB	95%	FusionSeeker	1	0	400	1	0	0	NA	0	519
positive	100GB	85%	CTAT-LR-Fusion	1	0	400	1	0	0	NA	0	518
positive	100GB	85%	FusionSeeker	1	0	400	1	0	0	NA	0	518
positive	100GB	90%	FusionSeeker	1	0	400	1	0	0	NA	0	518
positive	100GB	95%	FusionSeeker	1	0	400	1	0	0	NA	0	518
positive	100GB	85%	CTAT-LR-Fusion	1	0	400	1	0	0	NA	0	517
positive	100GB	85%	FusionSeeker	1	0	400	1	0	0	NA	0	517
positive	100GB	90%	FusionSeeker	1	0	400	1	0	0	NA	0	517
positive	100GB	95%	FusionSeeker	1	0	400	1	0	0	NA	0	517
positive	100GB	85%	CTAT-LR-Fusion	1	0	400	1	0	0	NA	0	516
positive	100GB	85%	FusionSeeker	1	0	400	1	0	0	NA	0	516
positive	100GB	90%	FusionSeeker	1	0	400	1	0	0	NA	0	516
positive	100GB	95%	FusionSeeker	1	0	400	1	0	0	NA	0	516
positive	100GB	85%	CTAT-LR-Fusion	1	0	400	1	0	0	NA	0	515
positive	100GB	85%	FusionSeeker	1	0	400	1	0	0	NA	0	515
positive	100GB	90%	FusionSeeker	1	0	400	1	0	0	NA	0	515
positive	100GB	95%	FusionSeeker	1	0	400	1	0	0	NA	0	515
positive	100GB	85%	CTAT-LR-Fusion	1	0	400	1	0	0	NA	0	514
positive	100GB	85%	FusionSeeker	1	0	400	1	0	0	NA	0	514
positive	100GB	90%	FusionSeeker	1	0	400	1	0	0	NA	0	514
positive	100GB	95%	FusionSeeker	1	0	400	1	0	0	NA	0	514
positive	100GB	85%	CTAT-LR-Fusion	1	0	400	1	0	0	NA	0	513
positive	100GB	85%	FusionSeeker	1	0	400	1	0	0	NA	0	513
positive	100GB	90%	FusionSeeker	1	0	400	1	0	0	NA	0	513
positive	100GB	95%	FusionSeeker	1	0	400	1	0	0	NA	0	513
positive	100GB	85%	CTAT-LR-Fusion	1	0	400	1	0	0	NA	0	512
positive	100GB	85%	FusionSeeker	1	0	400	1	0	0	NA	0	512
positive	100GB	90%	FusionSeeker	1	0	400	1	0	0	NA	0	512
positive	100GB	95%	FusionSeeker	1	0	400	1	0	0	NA	0	512
positive	100GB	85%	CTAT-LR-Fusion	1	0	400	1	0	0	NA	0	511
positive	100GB	85%	FusionSeeker	1	0	400	1	0	0	NA	0	511
positive	100GB	90%	FusionSeeker	1	0	400	1	0	0	NA	0	511
positive	100GB	95%	FusionSeeker	1	0	400	1	0	0	NA	0	511
positive	100GB	85%	CTAT-LR-Fusion	1	0	400	1	0	0	NA	0	510
positive	100GB	85%	FusionSeeker	1	0	400	1	0	0	NA	0	510
positive	100GB	90%	FusionSeeker	1	0	400	1	0	0	NA	0	510
positive	100GB	95%	FusionSeeker	1	0	400	1	0	0	NA	0	510
positive	100GB	85%	CTAT-LR-Fusion	1	0	400	1	0	0	NA	0	509
positive	100GB	85%	FusionSeeker	1	0	400	1	0	0	NA	0	509
positive	100GB	90%	FusionSeeker	1	0	400	1	0	0	NA	0	509
positive	100GB	95%	FusionSeeker	1	0	400	1	0	0	NA	0	509
positive	100GB	85%	CTAT-LR-Fusion	1	0	400	1	0	0	NA	0	508
positive	100GB	85%	FusionSeeker	1	0	400	1	0	0	NA	0	508
positive	100GB	90%	FusionSeeker	1	0	400	1	0	0	NA	0	508
positive	100GB	95%	FusionSeeker	1	0	400	1	0	0	NA	0	508
positive	100GB	85%	CTAT-LR-Fusion	1	0	400	1	0	0	NA	0	507
positive	100GB	85%	FusionSeeker	1	0	400	1	0	0	NA	0	507
positive	100GB	90%	FusionSeeker	1	0	400	1	0	0	NA	0	507
positive	100GB	95%	FusionSeeker	1	0	400	1	0	0	NA	0	507
positive	100GB	85%	CTAT-LR-Fusion	1	0	400	1	0	0	NA	0	506
positive	100GB	85%	FusionSeeker	1	0	400	1	0	0	NA	0	506
positive	100GB	90%	FusionSeeker	1	0	400	1	0	0	NA	0	506
positive	100GB	95%	FusionSeeker	1	0	400	1	0	0	NA	0	506
positive	100GB	85%	CTAT-LR-Fusion	1	0	400	1	0	0	NA	0	505
positive	100GB	85%	FusionSeeker	1	0	400	1	0	0	NA	0	505
positive	100GB	90%	FusionSeeker	1	0	400	1	0	0	NA	0	505
positive	100GB	95%	FusionSeeker	1	0	400	1	0	0	NA	0	505
positive	100GB	85%	CTAT-LR-Fusion	1	0	400	1	0	0	NA	0	504
positive	100GB	85%	FusionSeeker	1	0	400	1	0	0	NA	0	504
positive	100GB	90%	FusionSeeker	1	0	400	1	0	0	NA	0	504
positive	100GB	95%	FusionSeeker	1	0	400	1	0	0	NA	0	504
positive	100GB	85%	CTAT-LR-Fusion	1	0	400	1	0	0	NA	0	503
positive	100GB	85%	FusionSeeker	1	0	400	1	0	0	NA	0	503
positive	100GB	90%	FusionSeeker	1	0	400	1	0	0	NA	0	503
positive	100GB	95%	FusionSeeker	1	0	400	1	0	0	NA	0	503
positive	100GB	85%	CTAT-LR-Fusion	1	0	400	1	0	0	NA	0	502
positive	100GB	85%	FusionSeeker	1	0	400	1	0	0	NA	0	502
positive	100GB	90%	FusionSeeker	1	0	400	1	0	0	NA	0	502
positive	100GB	95%	FusionSeeker	1	0	400	1	0	0	NA	0	502
positive	100GB	85%	CTAT-LR-Fusion	1	0	400	1	0	0	NA	0	501
positive	100GB	85%	FusionSeeker	1	0	400	1	0	0	NA	0	501
positive	100GB	90%	FusionSeeker	1	0	400	1	0	0	NA	0	501
positive	100GB	95%	FusionSeeker	1	0	400	1	0	0	NA	0	501
positive	100GB	85%	CTAT-LR-Fusion	1	0	400	1	0	0	NA	0	500
positive	100GB	85%	FusionSeeker	1	0	400	1	0	0	NA	0	500
positive	100GB	90%	FusionSeeker	1	0	400	1	0	0	NA	0	500
positive	100GB	95%	FusionSeeker	1	0	400	1	0	0	NA	0	500
positive	100GB	85%	CTAT-LR-Fusion	1	0	400	1	0	0	NA	0	499
positive	100GB	85%	FusionSeeker	1	0	400	1	0	0	NA	0	499
positive	100GB	90%	FusionSeeker	1	0	400	1	0	0	NA	0	499
positive	100GB	95%	FusionSeeker	1	0	400	1	0	0	NA	0	499
positive	100GB	85%	CTAT-LR-Fusion	1	0	400	1	0	0	NA	0	498
positive	100GB	85%	FusionSeeker	1	0	400	1	0	0	NA	0	498
positive	100GB	90%	FusionSeeker	1	0	400	1	0	0	NA	0	498
positive	100GB	95%	FusionSeeker	1	0	400	1	0	0	NA	0	498
positive	100GB	85%	CTAT-LR-Fusion	1	0	400	1	0	0	NA	0	497
positive	100GB	85%	FusionSeeker	1	0	400	1	0	0	NA	0	497
positive	100GB	90%	FusionSeeker	1	0	400	1	0	0	NA	0	497
positive	100GB	95%	FusionSeeker	1	0	400	1	0	0	NA	0	497
positive	100GB	85%	CTAT-LR-Fusion	1	0	400	1	0	0	NA	0	496
positive	100GB	85%	FusionSeeker	1	0	400	1	0	0	NA	0	496
positive	100GB	90%	FusionSeeker	1	0	400	1	0	0	NA	0	496
positive	100GB	95%	FusionSeeker	1	0	400	1	0	0	NA	0	496
positive	100GB	85%	CTAT-LR-Fusion	1	0	400	1	0	0	NA	0	495
positive	100GB	85%	FusionSeeker	1	0	400	1	0	0	NA	0	495
positive	100GB	90%	FusionSeeker	1	0	400	1	0	0	NA	0	495
positive	100GB	95%	FusionSeeker	1	0	400	1	0	0	NA	0	495
positive	100GB	85%	CTAT-LR-Fusion	1	0	400	1	0	0	NA	0	494
positive	100GB	85%	FusionSeeker	1	0	400	1	0	0	NA	0	494
positive	100GB	90%	FusionSeeker	1	0	400	1	0	0	NA	0	494
positive	100GB	95%	FusionSeeker	1	0	400	1	0	0	NA	0	494
positive	100GB	85%	CTAT-LR-Fusion	1	0	400	1	0	0	NA	0	493
positive	100GB	85%	FusionSeeker	1	0	400	1	0	0	NA	0	493
positive	100GB	90%	FusionSeeker	1	0	400	1	0	0	NA	0	493
positive	100GB	95%	FusionSeeker	1	0	400	1	0	0	NA	0	493
positive	100GB	85%	CTAT-LR-Fusion	1	0	400	1	0	0	NA	0	492
positive	100GB	85%	FusionSeeker	1	0	400	1	0	0	NA	0	492
positive	100GB	90%	FusionSeeker	1	0	400	1	0	0	NA	0	492
positive	100GB	95%	FusionSeeker	1	0	400	1	0	0	NA	0	492
positive	100GB	85%	CTAT-LR-Fusion	1	0	400	1	0	0	NA	0	491
positive	100GB	85%	FusionSeeker	1	0	400	1	0	0	NA	0	491
positive	100GB	90%	FusionSeeker	1	0	400	1	0	0	NA	0	491
positive	100GB	95%	FusionSeeker	1	0	400	1	0	0	NA	0	491
positive	100GB	85%	CTAT-LR-Fusion	1	0	400	1	0	0	NA	0	490
positive	100GB	85%	FusionSeeker	1	0	400	1	0	0	NA	0	490
positive	100GB	90%	FusionSeeker	1	0	400	1	0	0	NA	0	490
positive	100GB	95%	FusionSeeker	1	0	400	1	0	0	NA	0	490
positive	100GB	85%	CTAT-LR-Fusion	1	0	400	1	0	0	NA	0	489
positive	100GB	85%	FusionSeeker	1	0	400	1	0	0	NA	0	489
positive	100GB	90%	FusionSeeker	1	0	400	1	0	0	NA	0	489
positive	100GB	95%	FusionSeeker	1	0	400	1	0	0	NA	0	489
positive	100GB	85%	CTAT-LR-Fusion	1	0	400	1	0	0	NA	0	488
positive	100GB	85%	FusionSeeker	1	0	400	1	0	0	NA	0	488
positive	100GB	90%	FusionSeeker	1	0	400	1	0	0	NA	0	488
positive	100GB	95%	FusionSeeker	1	0	400	1	0	0	NA	0	488
positive	100GB	85%	CTAT-LR-Fusion	1	0	400	1	0	0	NA	0	487
positive	100GB	85%	FusionSeeker	1	0	400	1	0	0	NA	0	487
positive	100GB	90%	FusionSeeker	1	0	400	1	0	0	NA	0	487
positive	100GB	95%	FusionSeeker	1	0	400	1	0	0	NA	0	487
positive	100GB	85%	CTAT-LR-Fusion	1	0	400	1	0	0	NA	0	486
positive	100GB	85%	FusionSeeker	1	0	400	1	0	0	NA	0	486
positive	100GB	90%	FusionSeeker	1	0	400	1	0	0	NA	0	486
positive	100GB	95%	FusionSeeker	1	0	400	1	0	0	NA	0	486
positive	100GB	85%	CTAT-LR-Fusion	1	0	400	1	0	0	NA	0	485
positive	100GB	85%	FusionSeeker	1	0	400	1	0	0	NA	0	485
positive	100GB	90%	FusionSeeker	1	0	400	1	0	0	NA	0	485
positive	100GB	95%	FusionSeeker	1	0	400	1	0	0	NA	0	485
positive	100GB	85%	CTAT-LR-Fusion	1	0	400	1	0	0	NA	0	484
positive	100GB	85%	FusionSeeker	1	0	400	1	0	0	NA	0	484
positive	100GB	90%	FusionSeeker	1	0	400	1	0	0	NA	0	484
positive	100GB	95%	FusionSeeker	1	0	400	1	0	0	NA	0	484
positive	100GB	85%	CTAT-LR-Fusion	1	0	400	1	0	0	NA	0	483
positive	100GB	85%	FusionSeeker	1	0	400	1	0	0	NA	0	483
positive	100GB	90%	FusionSeeker	1	0	400	1	0	0	NA	0	483
positive	100GB	95%	FusionSeeker	1	0	400	1	0	0	NA	0	483
positive	100GB	85%	CTAT-LR-Fusion	1	0	400	1	0	0	NA	0	482
positive	100GB	85%	FusionSeeker	1	0	400	1	0	0	NA	0	482
positive	100GB	90%	FusionSeeker	1	0	400	1	0	0	NA	0	482
positive	100GB	95%	FusionSeeker	1	0	400	1	0	0	NA	0	482
positive	100GB	85%	CTAT-LR-Fusion	1	0	400	1	0	0	NA	0	481
positive	100GB	85%	FusionSeeker	1	0	400	1	0	0	NA	0	481
positive	100GB	90%	FusionSeeker	1	0	400	1	0	0	NA	0	481
positive	100GB	95%	FusionSeeker	1	0	400	1	0	0	NA	0	481
positive	100GB	85%	CTAT-LR-Fusion	1	0	400	1	0	0	NA	0	480
positive	100GB	85%	FusionSeeker	1	0	400	1	0	0	NA	0	480
positive	100GB	90%	FusionSeeker	1	0	400	1	0	0	NA	0	480
positive	100GB	95%	FusionSeeker	1	0	400	1	0	0	NA	0	480
positive	100GB	85%	CTAT-LR-Fusion	1	0	400	1	0	0	NA	0	479
positive	100GB	85%	FusionSeeker	1	0	400	1	0	0	NA	0	479
positive	100GB	85%	Genion	1	0	400	1	0	0	NA	0	479
positive	100GB	90%	FusionSeeker	1	0	400	1	0	0	NA	0	479
positive	100GB	95%	FusionSeeker	1	0	400	1	0	0	NA	0	479
positive	100GB	85%	CTAT-LR-Fusion	1	0	400	1	0	0	NA	0	478
positive	100GB	85%	FusionSeeker	1	0	400	1	0	0	NA	0	478
positive	100GB	85%	Genion	1	0	400	1	0	0	NA	0	478
positive	100GB	90%	FusionSeeker	1	0	400	1	0	0	NA	0	478
positive	100GB	95%	FusionSeeker	1	0	400	1	0	0	NA	0	478
positive	100GB	85%	CTAT-LR-Fusion	1	0	400	1	0	0	NA	0	477
positive	100GB	85%	FusionSeeker	1	0	400	1	0	0	NA	0	477
positive	100GB	85%	Genion	1	0	400	1	0	0	NA	0	477
positive	100GB	90%	FusionSeeker	1	0	400	1	0	0	NA	0	477
positive	100GB	95%	FusionSeeker	1	0	400	1	0	0	NA	0	477
positive	100GB	85%	CTAT-LR-Fusion	1	0	400	1	0	0	NA	0	476
positive	100GB	85%	FusionSeeker	1	0	400	1	0	0	NA	0	476
positive	100GB	85%	Genion	1	0	400	1	0	0	NA	0	476
positive	100GB	90%	FusionSeeker	1	0	400	1	0	0	NA	0	476
positive	100GB	95%	FusionSeeker	1	0	400	1	0	0	NA	0	476
positive	100GB	85%	CTAT-LR-Fusion	1	0	400	1	0	0	NA	0	475
positive	100GB	85%	FusionSeeker	1	0	400	1	0	0	NA	0	475
positive	100GB	85%	Genion	1	0	400	1	0	0	NA	0	475
positive	100GB	90%	FusionSeeker	1	0	400	1	0	0	NA	0	475
positive	100GB	95%	FusionSeeker	1	0	400	1	0	0	NA	0	475
positive	100GB	85%	CTAT-LR-Fusion	1	0	400	1	0	0	NA	0	474
positive	100GB	85%	FusionSeeker	1	0	400	1	0	0	NA	0	474
positive	100GB	85%	Genion	1	0	400	1	0	0	NA	0	474
positive	100GB	90%	FusionSeeker	1	0	400	1	0	0	NA	0	474
positive	100GB	95%	FusionSeeker	1	0	400	1	0	0	NA	0	474
positive	100GB	85%	CTAT-LR-Fusion	1	0	400	1	0	0	NA	0	473
positive	100GB	85%	FusionSeeker	1	0	400	1	0	0	NA	0	473
positive	100GB	85%	Genion	1	0	400	1	0	0	NA	0	473
positive	100GB	90%	FusionSeeker	1	0	400	1	0	0	NA	0	473
positive	100GB	95%	FusionSeeker	1	0	400	1	0	0	NA	0	473
positive	100GB	85%	CTAT-LR-Fusion	1	0	400	1	0	0	NA	0	472
positive	100GB	85%	FusionSeeker	1	0	400	1	0	0	NA	0	472
positive	100GB	85%	Genion	1	0	400	1	0	0	NA	0	472
positive	100GB	90%	FusionSeeker	1	0	400	1	0	0	NA	0	472
positive	100GB	95%	FusionSeeker	1	0	400	1	0	0	NA	0	472
positive	100GB	85%	CTAT-LR-Fusion	1	0	400	1	0	0	NA	0	471
positive	100GB	85%	FusionSeeker	1	0	400	1	0	0	NA	0	471
positive	100GB	85%	Genion	1	0	400	1	0	0	NA	0	471
positive	100GB	90%	FusionSeeker	1	0	400	1	0	0	NA	0	471
positive	100GB	95%	FusionSeeker	1	0	400	1	0	0	NA	0	471
positive	100GB	85%	CTAT-LR-Fusion	1	0	400	1	0	0	NA	0	470
positive	100GB	85%	FusionSeeker	1	0	400	1	0	0	NA	0	470
positive	100GB	85%	Genion	1	0	400	1	0	0	NA	0	470
positive	100GB	90%	FusionSeeker	1	0	400	1	0	0	NA	0	470
positive	100GB	95%	FusionSeeker	1	0	400	1	0	0	NA	0	470
positive	100GB	85%	CTAT-LR-Fusion	1	0	400	1	0	0	NA	0	469
positive	100GB	85%	FusionSeeker	1	0	400	1	0	0	NA	0	469
positive	100GB	85%	Genion	1	0	400	1	0	0	NA	0	469
positive	100GB	90%	FusionSeeker	1	0	400	1	0	0	NA	0	469
positive	100GB	95%	FusionSeeker	1	0	400	1	0	0	NA	0	469
positive	100GB	85%	CTAT-LR-Fusion	1	0	400	1	0	0	NA	0	468
positive	100GB	85%	FusionSeeker	1	0	400	1	0	0	NA	0	468
positive	100GB	85%	Genion	1	0	400	1	0	0	NA	0	468
positive	100GB	90%	FusionSeeker	1	0	400	1	0	0	NA	0	468
positive	100GB	95%	FusionSeeker	1	0	400	1	0	0	NA	0	468
positive	100GB	85%	CTAT-LR-Fusion	1	0	400	1	0	0	NA	0	467
positive	100GB	85%	FusionSeeker	1	0	400	1	0	0	NA	0	467
positive	100GB	85%	Genion	1	0	400	1	0	0	NA	0	467
positive	100GB	90%	FusionSeeker	1	0	400	1	0	0	NA	0	467
positive	100GB	95%	FusionSeeker	1	0	400	1	0	0	NA	0	467
positive	100GB	85%	CTAT-LR-Fusion	1	0	400	1	0	0	NA	0	466
positive	100GB	85%	FusionSeeker	1	0	400	1	0	0	NA	0	466
positive	100GB	85%	Genion	1	0	400	1	0	0	NA	0	466
positive	100GB	90%	FusionSeeker	1	0	400	1	0	0	NA	0	466
positive	100GB	95%	FusionSeeker	1	0	400	1	0	0	NA	0	466
positive	100GB	85%	CTAT-LR-Fusion	1	0	400	1	0	0	NA	0	465
positive	100GB	85%	FusionSeeker	1	0	400	1	0	0	NA	0	465
positive	100GB	85%	Genion	1	0	400	1	0	0	NA	0	465
positive	100GB	90%	FusionSeeker	1	0	400	1	0	0	NA	0	465
positive	100GB	95%	FusionSeeker	1	0	400	1	0	0	NA	0	465
positive	100GB	85%	CTAT-LR-Fusion	1	0	400	1	0	0	NA	0	464
positive	100GB	85%	FusionSeeker	1	0	400	1	0	0	NA	0	464
positive	100GB	85%	Genion	1	0	400	1	0	0	NA	0	464
positive	100GB	90%	FusionSeeker	1	0	400	1	0	0	NA	0	464
positive	100GB	95%	FusionSeeker	1	0	400	1	0	0	NA	0	464
positive	100GB	85%	CTAT-LR-Fusion	1	0	400	1	0	0	NA	0	463
positive	100GB	85%	FusionSeeker	1	0	400	1	0	0	NA	0	463
positive	100GB	85%	Genion	1	0	400	1	0	0	NA	0	463
positive	100GB	90%	FusionSeeker	1	0	400	1	0	0	NA	0	463
positive	100GB	95%	FusionSeeker	1	0	400	1	0	0	NA	0	463
positive	100GB	85%	CTAT-LR-Fusion	1	0	400	1	0	0	NA	0	462
positive	100GB	85%	FusionSeeker	1	0	400	1	0	0	NA	0	462
positive	100GB	85%	Genion	1	0	400	1	0	0	NA	0	462
positive	100GB	90%	FusionSeeker	1	0	400	1	0	0	NA	0	462
positive	100GB	95%	FusionSeeker	1	0	400	1	0	0	NA	0	462
positive	100GB	85%	CTAT-LR-Fusion	1	0	400	1	0	0	NA	0	461
positive	100GB	85%	FusionSeeker	1	0	400	1	0	0	NA	0	461
positive	100GB	85%	Genion	1	0	400	1	0	0	NA	0	461
positive	100GB	90%	FusionSeeker	1	0	400	1	0	0	NA	0	461
positive	100GB	95%	FusionSeeker	1	0	400	1	0	0	NA	0	461
positive	100GB	85%	CTAT-LR-Fusion	1	0	400	1	0	0	NA	0	460
positive	100GB	85%	FusionSeeker	1	0	400	1	0	0	NA	0	460
positive	100GB	85%	Genion	1	0	400	1	0	0	NA	0	460
positive	100GB	90%	FusionSeeker	1	0	400	1	0	0	NA	0	460
positive	100GB	95%	FusionSeeker	1	0	400	1	0	0	NA	0	460
positive	100GB	85%	CTAT-LR-Fusion	1	0	400	1	0	0	NA	0	459
positive	100GB	85%	FusionSeeker	1	0	400	1	0	0	NA	0	459
positive	100GB	85%	Genion	1	0	400	1	0	0	NA	0	459
positive	100GB	90%	FusionSeeker	1	0	400	1	0	0	NA	0	459
positive	100GB	95%	FusionSeeker	1	0	400	1	0	0	NA	0	459
positive	100GB	85%	CTAT-LR-Fusion	1	0	400	1	0	0	NA	0	458
positive	100GB	85%	FusionSeeker	1	0	400	1	0	0	NA	0	458
positive	100GB	85%	Genion	1	0	400	1	0	0	NA	0	458
positive	100GB	90%	FusionSeeker	1	0	400	1	0	0	NA	0	458
positive	100GB	95%	FusionSeeker	1	0	400	1	0	0	NA	0	458
positive	100GB	85%	CTAT-LR-Fusion	1	0	400	1	0	0	NA	0	457
positive	100GB	85%	FusionSeeker	1	0	400	1	0	0	NA	0	457
positive	100GB	85%	Genion	1	0	400	1	0	0	NA	0	457
positive	100GB	90%	FusionSeeker	1	0	400	1	0	0	NA	0	457
positive	100GB	95%	FusionSeeker	1	0	400	1	0	0	NA	0	457
positive	100GB	85%	CTAT-LR-Fusion	1	0	400	1	0	0	NA	0	456
positive	100GB	85%	FusionSeeker	1	0	400	1	0	0	NA	0	456
positive	100GB	85%	Genion	1	0	400	1	0	0	NA	0	456
positive	100GB	90%	FusionSeeker	1	0	400	1	0	0	NA	0	456
positive	100GB	95%	FusionSeeker	1	0	400	1	0	0	NA	0	456
positive	100GB	85%	CTAT-LR-Fusion	1	0	400	1	0	0	NA	0	455
positive	100GB	85%	FusionSeeker	1	0	400	1	0	0	NA	0	455
positive	100GB	85%	Genion	1	0	400	1	0	0	NA	0	455
positive	100GB	90%	FusionSeeker	1	0	400	1	0	0	NA	0	455
positive	100GB	95%	FusionSeeker	1	0	400	1	0	0	NA	0	455
positive	100GB	85%	CTAT-LR-Fusion	1	0	400	1	0	0	NA	0	454
positive	100GB	85%	FusionSeeker	1	0	400	1	0	0	NA	0	454
positive	100GB	85%	Genion	1	0	400	1	0	0	NA	0	454
positive	100GB	90%	FusionSeeker	1	0	400	1	0	0	NA	0	454
positive	100GB	95%	FusionSeeker	1	0	400	1	0	0	NA	0	454
positive	100GB	85%	CTAT-LR-Fusion	1	0	400	1	0	0	NA	0	453
positive	100GB	85%	FusionSeeker	1	0	400	1	0	0	NA	0	453
positive	100GB	85%	Genion	1	0	400	1	0	0	NA	0	453
positive	100GB	90%	FusionSeeker	1	0	400	1	0	0	NA	0	453
positive	100GB	95%	FusionSeeker	1	0	400	1	0	0	NA	0	453
positive	100GB	85%	CTAT-LR-Fusion	1	0	400	1	0	0	NA	0	452
positive	100GB	85%	FusionSeeker	1	0	400	1	0	0	NA	0	452
positive	100GB	85%	Genion	1	0	400	1	0	0	NA	0	452
positive	100GB	90%	FusionSeeker	1	0	400	1	0	0	NA	0	452
positive	100GB	95%	FusionSeeker	1	0	400	1	0	0	NA	0	452
positive	100GB	85%	CTAT-LR-Fusion	1	0	400	1	0	0	NA	0	451
positive	100GB	85%	FusionSeeker	1	0	400	1	0	0	NA	0	451
positive	100GB	85%	Genion	1	0	400	1	0	0	NA	0	451
positive	100GB	90%	FusionSeeker	1	0	400	1	0	0	NA	0	451
positive	100GB	95%	FusionSeeker	1	0	400	1	0	0	NA	0	451
positive	100GB	85%	CTAT-LR-Fusion	1	0	400	1	0	0	NA	0	450
positive	100GB	85%	FusionSeeker	1	0	400	1	0	0	NA	0	450
positive	100GB	85%	Genion	1	0	400	1	0	0	NA	0	450
positive	100GB	90%	FusionSeeker	1	0	400	1	0	0	NA	0	450
positive	100GB	95%	FusionSeeker	1	0	400	1	0	0	NA	0	450
positive	100GB	85%	CTAT-LR-Fusion	1	0	400	1	0	0	NA	0	449
positive	100GB	85%	FusionSeeker	1	0	400	1	0	0	NA	0	449
positive	100GB	85%	Genion	1	0	400	1	0	0	NA	0	449
positive	100GB	90%	FusionSeeker	1	0	400	1	0	0	NA	0	449
positive	100GB	95%	FusionSeeker	1	0	400	1	0	0	NA	0	449
positive	100GB	85%	CTAT-LR-Fusion	1	0	400	1	0	0	NA	0	448
positive	100GB	85%	FusionSeeker	1	0	400	1	0	0	NA	0	448
positive	100GB	85%	Genion	1	0	400	1	0	0	NA	0	448
positive	100GB	90%	FusionSeeker	1	0	400	1	0	0	NA	0	448
positive	100GB	95%	FusionSeeker	1	0	400	1	0	0	NA	0	448
positive	100GB	85%	CTAT-LR-Fusion	1	0	400	1	0	0	NA	0	447
positive	100GB	85%	FusionSeeker	1	0	400	1	0	0	NA	0	447
positive	100GB	85%	Genion	1	0	400	1	0	0	NA	0	447
positive	100GB	90%	FusionSeeker	1	0	400	1	0	0	NA	0	447
positive	100GB	95%	FusionSeeker	1	0	400	1	0	0	NA	0	447
positive	100GB	85%	CTAT-LR-Fusion	1	0	400	1	0	0	NA	0	446
positive	100GB	85%	FusionSeeker	1	0	400	1	0	0	NA	0	446
positive	100GB	85%	Genion	1	0	400	1	0	0	NA	0	446
positive	100GB	90%	FusionSeeker	1	0	400	1	0	0	NA	0	446
positive	100GB	95%	FusionSeeker	1	0	400	1	0	0	NA	0	446
positive	100GB	85%	CTAT-LR-Fusion	1	0	400	1	0	0	NA	0	445
positive	100GB	85%	FusionSeeker	1	0	400	1	0	0	NA	0	445
positive	100GB	85%	Genion	1	0	400	1	0	0	NA	0	445
positive	100GB	90%	FusionSeeker	1	0	400	1	0	0	NA	0	445
positive	100GB	95%	FusionSeeker	1	0	400	1	0	0	NA	0	445
positive	100GB	85%	CTAT-LR-Fusion	1	0	400	1	0	0	NA	0	444
positive	100GB	85%	FusionSeeker	1	0	400	1	0	0	NA	0	444
positive	100GB	85%	Genion	1	0	400	1	0	0	NA	0	444
positive	100GB	90%	FusionSeeker	1	0	400	1	0	0	NA	0	444
positive	100GB	95%	FusionSeeker	1	0	400	1	0	0	NA	0	444
positive	100GB	85%	CTAT-LR-Fusion	1	0	400	1	0	0	NA	0	443
positive	100GB	85%	FusionSeeker	1	0	400	1	0	0	NA	0	443
positive	100GB	85%	Genion	1	0	400	1	0	0	NA	0	443
positive	100GB	90%	FusionSeeker	1	0	400	1	0	0	NA	0	443
positive	100GB	95%	FusionSeeker	1	0	400	1	0	0	NA	0	443
positive	100GB	85%	CTAT-LR-Fusion	1	0	400	1	0	0	NA	0	442
positive	100GB	85%	FusionSeeker	1	0	400	1	0	0	NA	0	442
positive	100GB	85%	Genion	1	0	400	1	0	0	NA	0	442
positive	100GB	90%	FusionSeeker	1	0	400	1	0	0	NA	0	442
positive	100GB	95%	FusionSeeker	1	0	400	1	0	0	NA	0	442
positive	100GB	85%	CTAT-LR-Fusion	1	0	400	1	0	0	NA	0	441
positive	100GB	85%	FusionSeeker	1	0	400	1	0	0	NA	0	441
positive	100GB	85%	Genion	1	0	400	1	0	0	NA	0	441
positive	100GB	90%	FusionSeeker	1	0	400	1	0	0	NA	0	441
positive	100GB	95%	FusionSeeker	1	0	400	1	0	0	NA	0	441
positive	100GB	85%	CTAT-LR-Fusion	1	0	400	1	0	0	NA	0	440
positive	100GB	85%	FusionSeeker	1	0	400	1	0	0	NA	0	440
positive	100GB	85%	Genion	1	0	400	1	0	0	NA	0	440
positive	100GB	90%	FusionSeeker	1	0	400	1	0	0	NA	0	440
positive	100GB	95%	FusionSeeker	1	0	400	1	0	0	NA	0	440
positive	100GB	85%	CTAT-LR-Fusion	1	0	400	1	0	0	NA	0	439
positive	100GB	85%	FusionSeeker	1	0	400	1	0	0	NA	0	439
positive	100GB	85%	Genion	1	0	400	1	0	0	NA	0	439
positive	100GB	90%	FusionSeeker	1	0	400	1	0	0	NA	0	439
positive	100GB	95%	FusionSeeker	1	0	400	1	0	0	NA	0	439
positive	100GB	85%	CTAT-LR-Fusion	1	0	400	1	0	0	NA	0	438
positive	100GB	85%	FusionSeeker	1	0	400	1	0	0	NA	0	438
positive	100GB	85%	Genion	1	0	400	1	0	0	NA	0	438
positive	100GB	90%	FusionSeeker	1	0	400	1	0	0	NA	0	438
positive	100GB	95%	FusionSeeker	1	0	400	1	0	0	NA	0	438
positive	100GB	85%	CTAT-LR-Fusion	1	0	400	1	0	0	NA	0	437
positive	100GB	85%	FusionSeeker	1	0	400	1	0	0	NA	0	437
positive	100GB	85%	Genion	1	0	400	1	0	0	NA	0	437
positive	100GB	90%	FusionSeeker	1	0	400	1	0	0	NA	0	437
positive	100GB	95%	FusionSeeker	1	0	400	1	0	0	NA	0	437
positive	100GB	85%	CTAT-LR-Fusion	1	0	400	1	0	0	NA	0	436
positive	100GB	85%	FusionSeeker	1	0	400	1	0	0	NA	0	436
positive	100GB	85%	Genion	1	0	400	1	0	0	NA	0	436
positive	100GB	90%	FusionSeeker	1	0	400	1	0	0	NA	0	436
positive	100GB	95%	FusionSeeker	1	0	400	1	0	0	NA	0	436
positive	100GB	85%	CTAT-LR-Fusion	1	0	400	1	0	0	NA	0	435
positive	100GB	85%	FusionSeeker	1	0	400	1	0	0	NA	0	435
positive	100GB	85%	Genion	1	0	400	1	0	0	NA	0	435
positive	100GB	90%	FusionSeeker	1	0	400	1	0	0	NA	0	435
positive	100GB	95%	FusionSeeker	1	0	400	1	0	0	NA	0	435
positive	100GB	85%	CTAT-LR-Fusion	1	0	400	1	0	0	NA	0	434
positive	100GB	85%	FusionSeeker	1	0	400	1	0	0	NA	0	434
positive	100GB	85%	Genion	1	0	400	1	0	0	NA	0	434
positive	100GB	90%	FusionSeeker	1	0	400	1	0	0	NA	0	434
positive	100GB	95%	FusionSeeker	1	0	400	1	0	0	NA	0	434
positive	100GB	85%	CTAT-LR-Fusion	1	0	400	1	0	0	NA	0	433
positive	100GB	85%	FusionSeeker	1	0	400	1	0	0	NA	0	433
positive	100GB	85%	Genion	1	0	400	1	0	0	NA	0	433
positive	100GB	90%	FusionSeeker	1	0	400	1	0	0	NA	0	433
positive	100GB	95%	FusionSeeker	1	0	400	1	0	0	NA	0	433
positive	100GB	85%	CTAT-LR-Fusion	1	0	400	1	0	0	NA	0	432
positive	100GB	85%	FusionSeeker	1	0	400	1	0	0	NA	0	432
positive	100GB	85%	Genion	1	0	400	1	0	0	NA	0	432
positive	100GB	90%	FusionSeeker	1	0	400	1	0	0	NA	0	432
positive	100GB	95%	FusionSeeker	1	0	400	1	0	0	NA	0	432
positive	100GB	85%	CTAT-LR-Fusion	1	0	400	1	0	0	NA	0	431
positive	100GB	85%	FusionSeeker	1	0	400	1	0	0	NA	0	431
positive	100GB	85%	Genion	1	0	400	1	0	0	NA	0	431
positive	100GB	90%	FusionSeeker	2	0	400	1	0	0	NA	0	431
positive	100GB	95%	FusionSeeker	1	0	400	1	0	0	NA	0	431
positive	100GB	85%	CTAT-LR-Fusion	1	0	400	1	0	0	NA	0	430
positive	100GB	85%	FusionSeeker	1	0	400	1	0	0	NA	0	430
positive	100GB	85%	Genion	1	0	400	1	0	0	NA	0	430
positive	100GB	90%	FusionSeeker	2	0	400	1	0	0	NA	0	430
positive	100GB	95%	FusionSeeker	1	0	400	1	0	0	NA	0	430
positive	100GB	85%	CTAT-LR-Fusion	1	0	400	1	0	0	NA	0	429
positive	100GB	85%	FusionSeeker	1	0	400	1	0	0	NA	0	429
positive	100GB	85%	Genion	1	0	400	1	0	0	NA	0	429
positive	100GB	90%	FusionSeeker	2	0	400	1	0	0	NA	0	429
positive	100GB	95%	FusionSeeker	1	0	400	1	0	0	NA	0	429
positive	100GB	85%	CTAT-LR-Fusion	1	0	400	1	0	0	NA	0	428
positive	100GB	85%	FusionSeeker	1	0	400	1	0	0	NA	0	428
positive	100GB	85%	Genion	1	0	400	1	0	0	NA	0	428
positive	100GB	90%	FusionSeeker	2	0	400	1	0	0	NA	0	428
positive	100GB	95%	FusionSeeker	1	0	400	1	0	0	NA	0	428
positive	100GB	85%	CTAT-LR-Fusion	1	0	400	1	0	0	NA	0	427
positive	100GB	85%	FusionSeeker	1	0	400	1	0	0	NA	0	427
positive	100GB	85%	Genion	1	0	400	1	0	0	NA	0	427
positive	100GB	90%	FusionSeeker	2	0	400	1	0	0	NA	0	427
positive	100GB	95%	FusionSeeker	1	0	400	1	0	0	NA	0	427
positive	100GB	85%	CTAT-LR-Fusion	1	0	400	1	0	0	NA	0	426
positive	100GB	85%	FusionSeeker	1	0	400	1	0	0	NA	0	426
positive	100GB	85%	Genion	1	0	400	1	0	0	NA	0	426
positive	100GB	90%	FusionSeeker	2	0	400	1	0	0	NA	0	426
positive	100GB	95%	FusionSeeker	1	0	400	1	0	0	NA	0	426
positive	100GB	85%	CTAT-LR-Fusion	1	0	400	1	0	0	NA	0	425
positive	100GB	85%	FusionSeeker	1	0	400	1	0	0	NA	0	425
positive	100GB	85%	Genion	1	0	400	1	0	0	NA	0	425
positive	100GB	90%	FusionSeeker	2	0	400	1	0	0	NA	0	425
positive	100GB	95%	FusionSeeker	1	0	400	1	0	0	NA	0	425
positive	100GB	85%	CTAT-LR-Fusion	1	0	400	1	0	0	NA	0	424
positive	100GB	85%	FusionSeeker	1	0	400	1	0	0	NA	0	424
positive	100GB	85%	Genion	1	0	400	1	0	0	NA	0	424
positive	100GB	90%	FusionSeeker	2	0	400	1	0	0	NA	0	424
positive	100GB	95%	FusionSeeker	1	0	400	1	0	0	NA	0	424
positive	100GB	85%	CTAT-LR-Fusion	1	0	400	1	0	0	NA	0	423
positive	100GB	85%	FusionSeeker	1	0	400	1	0	0	NA	0	423
positive	100GB	85%	Genion	1	0	400	1	0	0	NA	0	423
positive	100GB	90%	FusionSeeker	2	0	400	1	0	0	NA	0	423
positive	100GB	95%	FusionSeeker	1	0	400	1	0	0	NA	0	423
positive	100GB	85%	CTAT-LR-Fusion	1	0	400	1	0	0	NA	0	422
positive	100GB	85%	FusionSeeker	1	0	400	1	0	0	NA	0	422
positive	100GB	85%	Genion	1	0	400	1	0	0	NA	0	422
positive	100GB	90%	FusionSeeker	2	0	400	1	0	0	NA	0	422
positive	100GB	95%	FusionSeeker	1	0	400	1	0	0	NA	0	422
positive	100GB	85%	CTAT-LR-Fusion	1	0	400	1	0	0	NA	0	421
positive	100GB	85%	FusionSeeker	1	0	400	1	0	0	NA	0	421
positive	100GB	85%	Genion	1	0	400	1	0	0	NA	0	421
positive	100GB	90%	FusionSeeker	2	0	400	1	0	0	NA	0	421
positive	100GB	95%	FusionSeeker	1	0	400	1	0	0	NA	0	421
positive	100GB	85%	CTAT-LR-Fusion	1	0	400	1	0	0	NA	0	420
positive	100GB	85%	FusionSeeker	1	0	400	1	0	0	NA	0	420
positive	100GB	85%	Genion	1	0	400	1	0	0	NA	0	420
positive	100GB	90%	FusionSeeker	2	0	400	1	0	0	NA	0	420
positive	100GB	95%	FusionSeeker	1	0	400	1	0	0	NA	0	420
positive	100GB	85%	CTAT-LR-Fusion	1	0	400	1	0	0	NA	0	419
positive	100GB	85%	FusionSeeker	1	0	400	1	0	0	NA	0	419
positive	100GB	85%	Genion	1	0	400	1	0	0	NA	0	419
positive	100GB	90%	FusionSeeker	2	0	400	1	0	0	NA	0	419
positive	100GB	95%	FusionSeeker	1	0	400	1	0	0	NA	0	419
positive	100GB	85%	CTAT-LR-Fusion	1	0	400	1	0	0	NA	0	418
positive	100GB	85%	FusionSeeker	1	0	400	1	0	0	NA	0	418
positive	100GB	85%	Genion	1	0	400	1	0	0	NA	0	418
positive	100GB	90%	FusionSeeker	2	0	400	1	0	0	NA	0	418
positive	100GB	95%	FusionSeeker	1	0	400	1	0	0	NA	0	418
positive	100GB	85%	CTAT-LR-Fusion	1	0	400	1	0	0	NA	0	417
positive	100GB	85%	FusionSeeker	1	0	400	1	0	0	NA	0	417
positive	100GB	85%	Genion	1	0	400	1	0	0	NA	0	417
positive	100GB	90%	FusionSeeker	2	0	400	1	0	0	NA	0	417
positive	100GB	95%	FusionSeeker	1	0	400	1	0	0	NA	0	417
positive	100GB	85%	CTAT-LR-Fusion	1	0	400	1	0	0	NA	0	416
positive	100GB	85%	FusionSeeker	1	0	400	1	0	0	NA	0	416
positive	100GB	85%	Genion	1	0	400	1	0	0	NA	0	416
positive	100GB	90%	FusionSeeker	2	0	400	1	0	0	NA	0	416
positive	100GB	95%	FusionSeeker	1	0	400	1	0	0	NA	0	416
positive	100GB	85%	CTAT-LR-Fusion	1	0	400	1	0	0	NA	0	415
positive	100GB	85%	FusionSeeker	1	0	400	1	0	0	NA	0	415
positive	100GB	85%	Genion	1	0	400	1	0	0	NA	0	415
positive	100GB	90%	FusionSeeker	2	0	400	1	0	0	NA	0	415
positive	100GB	95%	FusionSeeker	1	0	400	1	0	0	NA	0	415
positive	100GB	85%	CTAT-LR-Fusion	1	0	400	1	0	0	NA	0	414
positive	100GB	85%	FusionSeeker	1	0	400	1	0	0	NA	0	414
positive	100GB	85%	Genion	1	0	400	1	0	0	NA	0	414
positive	100GB	90%	FusionSeeker	2	0	400	1	0	0	NA	0	414
positive	100GB	95%	FusionSeeker	1	0	400	1	0	0	NA	0	414
positive	100GB	85%	CTAT-LR-Fusion	1	0	400	1	0	0	NA	0	413
positive	100GB	85%	FusionSeeker	1	0	400	1	0	0	NA	0	413
positive	100GB	85%	Genion	1	0	400	1	0	0	NA	0	413
positive	100GB	90%	FusionSeeker	2	0	400	1	0	0	NA	0	413
positive	100GB	95%	FusionSeeker	1	0	400	1	0	0	NA	0	413
positive	100GB	85%	CTAT-LR-Fusion	1	0	400	1	0	0	NA	0	412
positive	100GB	85%	FusionSeeker	1	0	400	1	0	0	NA	0	412
positive	100GB	85%	Genion	1	0	400	1	0	0	NA	0	412
positive	100GB	90%	FusionSeeker	2	0	400	1	0	0	NA	0	412
positive	100GB	95%	FusionSeeker	1	0	400	1	0	0	NA	0	412
positive	100GB	85%	CTAT-LR-Fusion	1	0	400	1	0	0	NA	0	411
positive	100GB	85%	FusionSeeker	1	0	400	1	0	0	NA	0	411
positive	100GB	85%	Genion	1	0	400	1	0	0	NA	0	411
positive	100GB	90%	FusionSeeker	2	0	400	1	0	0	NA	0	411
positive	100GB	95%	FusionSeeker	2	0	400	1	0	0	NA	0	411
positive	100GB	85%	CTAT-LR-Fusion	1	0	400	1	0	0	NA	0	410
positive	100GB	85%	FusionSeeker	1	0	400	1	0	0	NA	0	410
positive	100GB	85%	Genion	1	0	400	1	0	0	NA	0	410
positive	100GB	90%	FusionSeeker	2	0	400	1	0	0	NA	0	410
positive	100GB	95%	FusionSeeker	2	0	400	1	0	0	NA	0	410
positive	100GB	85%	CTAT-LR-Fusion	1	0	400	1	0	0	NA	0	409
positive	100GB	85%	FusionSeeker	1	0	400	1	0	0	NA	0	409
positive	100GB	85%	Genion	1	0	400	1	0	0	NA	0	409
positive	100GB	90%	FusionSeeker	2	0	400	1	0	0	NA	0	409
positive	100GB	95%	FusionSeeker	2	0	400	1	0	0	NA	0	409
positive	100GB	85%	CTAT-LR-Fusion	1	0	400	1	0	0	NA	0	408
positive	100GB	85%	FusionSeeker	1	0	400	1	0	0	NA	0	408
positive	100GB	85%	Genion	1	0	400	1	0	0	NA	0	408
positive	100GB	90%	FusionSeeker	2	0	400	1	0	0	NA	0	408
positive	100GB	95%	FusionSeeker	2	0	400	1	0	0	NA	0	408
positive	100GB	85%	CTAT-LR-Fusion	1	0	400	1	0	0	NA	0	407
positive	100GB	85%	FusionSeeker	1	0	400	1	0	0	NA	0	407
positive	100GB	85%	Genion	1	0	400	1	0	0	NA	0	407
positive	100GB	90%	FusionSeeker	2	0	400	1	0	0	NA	0	407
positive	100GB	95%	FusionSeeker	2	0	400	1	0	0	NA	0	407
positive	100GB	85%	CTAT-LR-Fusion	1	0	400	1	0	0	NA	0	406
positive	100GB	85%	FusionSeeker	1	0	400	1	0	0	NA	0	406
positive	100GB	85%	Genion	1	0	400	1	0	0	NA	0	406
positive	100GB	90%	FusionSeeker	2	0	400	1	0	0	NA	0	406
positive	100GB	95%	FusionSeeker	2	0	400	1	0	0	NA	0	406
positive	100GB	85%	CTAT-LR-Fusion	1	0	400	1	0	0	NA	0	405
positive	100GB	85%	FusionSeeker	1	0	400	1	0	0	NA	0	405
positive	100GB	85%	Genion	1	0	400	1	0	0	NA	0	405
positive	100GB	90%	FusionSeeker	2	0	400	1	0	0	NA	0	405
positive	100GB	95%	FusionSeeker	2	0	400	1	0	0	NA	0	405
positive	100GB	85%	CTAT-LR-Fusion	1	0	400	1	0	0	NA	0	404
positive	100GB	85%	FusionSeeker	1	0	400	1	0	0	NA	0	404
positive	100GB	85%	Genion	1	0	400	1	0	0	NA	0	404
positive	100GB	90%	FusionSeeker	2	0	400	1	0	0	NA	0	404
positive	100GB	95%	FusionSeeker	2	0	400	1	0	0	NA	0	404
positive	100GB	85%	CTAT-LR-Fusion	1	0	400	1	0	0	NA	0	403
positive	100GB	85%	FusionSeeker	1	0	400	1	0	0	NA	0	403
positive	100GB	85%	Genion	1	0	400	1	0	0	NA	0	403
positive	100GB	90%	FusionSeeker	2	0	400	1	0	0	NA	0	403
positive	100GB	95%	FusionSeeker	2	0	400	1	0	0	NA	0	403
positive	100GB	85%	CTAT-LR-Fusion	1	0	400	1	0	0	NA	0	402
positive	100GB	85%	FusionSeeker	1	0	400	1	0	0	NA	0	402
positive	100GB	85%	Genion	1	0	400	1	0	0	NA	0	402
positive	100GB	90%	FusionSeeker	2	0	400	1	0	0	NA	0	402
positive	100GB	95%	FusionSeeker	2	0	400	1	0	0	NA	0	402
positive	100GB	85%	CTAT-LR-Fusion	1	0	400	1	0	0	NA	0	401
positive	100GB	85%	FusionSeeker	1	0	400	1	0	0	NA	0	401
positive	100GB	85%	Genion	1	0	400	1	0	0	NA	0	401
positive	100GB	90%	FusionSeeker	2	0	400	1	0	0	NA	0	401
positive	100GB	95%	FusionSeeker	2	0	400	1	0	0	NA	0	401
positive	100GB	85%	CTAT-LR-Fusion	1	0	400	1	0	0	NA	0	400
positive	100GB	85%	FusionSeeker	1	0	400	1	0	0	NA	0	400
positive	100GB	85%	Genion	1	0	400	1	0	0	NA	0	400
positive	100GB	90%	FusionSeeker	2	0	400	1	0	0	NA	0	400
positive	100GB	95%	FusionSeeker	2	0	400	1	0	0	NA	0	400
positive	100GB	85%	CTAT-LR-Fusion	1	0	400	1	0	0	NA	0	399
positive	100GB	85%	FusionSeeker	1	0	400	1	0	0	NA	0	399
positive	100GB	85%	Genion	1	0	400	1	0	0	NA	0	399
positive	100GB	90%	FusionSeeker	2	0	400	1	0	0	NA	0	399
positive	100GB	95%	FusionSeeker	2	0	400	1	0	0	NA	0	399
positive	100GB	85%	CTAT-LR-Fusion	1	0	400	1	0	0	NA	0	398
positive	100GB	85%	FusionSeeker	1	0	400	1	0	0	NA	0	398
positive	100GB	85%	Genion	1	0	400	1	0	0	NA	0	398
positive	100GB	90%	FusionSeeker	2	0	400	1	0	0	NA	0	398
positive	100GB	95%	FusionSeeker	2	0	400	1	0	0	NA	0	398
positive	100GB	85%	CTAT-LR-Fusion	1	0	400	1	0	0	NA	0	397
positive	100GB	85%	FusionSeeker	1	0	400	1	0	0	NA	0	397
positive	100GB	85%	Genion	1	0	400	1	0	0	NA	0	397
positive	100GB	90%	FusionSeeker	2	0	400	1	0	0	NA	0	397
positive	100GB	95%	FusionSeeker	2	0	400	1	0	0	NA	0	397
positive	100GB	85%	CTAT-LR-Fusion	1	0	400	1	0	0	NA	0	396
positive	100GB	85%	FusionSeeker	1	0	400	1	0	0	NA	0	396
positive	100GB	85%	Genion	1	0	400	1	0	0	NA	0	396
positive	100GB	90%	FusionSeeker	2	0	400	1	0	0	NA	0	396
positive	100GB	95%	FusionSeeker	2	0	400	1	0	0	NA	0	396
positive	100GB	85%	CTAT-LR-Fusion	1	0	400	1	0	0	NA	0	395
positive	100GB	85%	FusionSeeker	1	0	400	1	0	0	NA	0	395
positive	100GB	85%	Genion	1	0	400	1	0	0	NA	0	395
positive	100GB	90%	FusionSeeker	2	0	400	1	0	0	NA	0	395
positive	100GB	95%	FusionSeeker	2	0	400	1	0	0	NA	0	395
positive	100GB	85%	CTAT-LR-Fusion	1	0	400	1	0	0	NA	0	394
positive	100GB	85%	FusionSeeker	1	0	400	1	0	0	NA	0	394
positive	100GB	85%	Genion	1	0	400	1	0	0	NA	0	394
positive	100GB	90%	FusionSeeker	2	0	400	1	0	0	NA	0	394
positive	100GB	95%	FusionSeeker	2	0	400	1	0	0	NA	0	394
positive	100GB	85%	CTAT-LR-Fusion	1	0	400	1	0	0	NA	0	393
positive	100GB	85%	FusionSeeker	1	0	400	1	0	0	NA	0	393
positive	100GB	85%	Genion	1	0	400	1	0	0	NA	0	393
positive	100GB	90%	FusionSeeker	2	0	400	1	0	0	NA	0	393
positive	100GB	95%	FusionSeeker	2	0	400	1	0	0	NA	0	393
positive	100GB	85%	CTAT-LR-Fusion	1	0	400	1	0	0	NA	0	392
positive	100GB	85%	FusionSeeker	1	0	400	1	0	0	NA	0	392
positive	100GB	85%	Genion	1	0	400	1	0	0	NA	0	392
positive	100GB	90%	FusionSeeker	2	0	400	1	0	0	NA	0	392
positive	100GB	95%	FusionSeeker	2	0	400	1	0	0	NA	0	392
positive	100GB	85%	CTAT-LR-Fusion	1	0	400	1	0	0	NA	0	391
positive	100GB	85%	FusionSeeker	1	0	400	1	0	0	NA	0	391
positive	100GB	85%	Genion	1	0	400	1	0	0	NA	0	391
positive	100GB	90%	FusionSeeker	2	0	400	1	0	0	NA	0	391
positive	100GB	95%	FusionSeeker	2	0	400	1	0	0	NA	0	391
positive	100GB	85%	CTAT-LR-Fusion	1	0	400	1	0	0	NA	0	390
positive	100GB	85%	FusionSeeker	1	0	400	1	0	0	NA	0	390
positive	100GB	85%	Genion	1	0	400	1	0	0	NA	0	390
positive	100GB	90%	FusionSeeker	2	0	400	1	0	0	NA	0	390
positive	100GB	95%	FusionSeeker	2	0	400	1	0	0	NA	0	390
positive	100GB	85%	CTAT-LR-Fusion	1	0	400	1	0	0	NA	0	389
positive	100GB	85%	FusionSeeker	1	0	400	1	0	0	NA	0	389
positive	100GB	85%	Genion	1	0	400	1	0	0	NA	0	389
positive	100GB	90%	FusionSeeker	2	0	400	1	0	0	NA	0	389
positive	100GB	95%	FusionSeeker	2	0	400	1	0	0	NA	0	389
positive	100GB	85%	CTAT-LR-Fusion	1	0	400	1	0	0	NA	0	388
positive	100GB	85%	FusionSeeker	1	0	400	1	0	0	NA	0	388
positive	100GB	85%	Genion	1	0	400	1	0	0	NA	0	388
positive	100GB	90%	FusionSeeker	2	0	400	1	0	0	NA	0	388
positive	100GB	95%	FusionSeeker	2	0	400	1	0	0	NA	0	388
positive	100GB	85%	CTAT-LR-Fusion	1	0	400	1	0	0	NA	0	387
positive	100GB	85%	FusionSeeker	1	0	400	1	0	0	NA	0	387
positive	100GB	85%	Genion	1	0	400	1	0	0	NA	0	387
positive	100GB	90%	FusionSeeker	2	0	400	1	0	0	NA	0	387
positive	100GB	95%	FusionSeeker	2	0	400	1	0	0	NA	0	387
positive	100GB	85%	CTAT-LR-Fusion	1	0	400	1	0	0	NA	0	386
positive	100GB	85%	FusionSeeker	1	0	400	1	0	0	NA	0	386
positive	100GB	85%	Genion	1	0	400	1	0	0	NA	0	386
positive	100GB	90%	FusionSeeker	2	0	400	1	0	0	NA	0	386
positive	100GB	95%	FusionSeeker	2	0	400	1	0	0	NA	0	386
positive	100GB	85%	CTAT-LR-Fusion	1	0	400	1	0	0	NA	0	385
positive	100GB	85%	FusionSeeker	1	0	400	1	0	0	NA	0	385
positive	100GB	85%	Genion	1	0	400	1	0	0	NA	0	385
positive	100GB	90%	FusionSeeker	2	0	400	1	0	0	NA	0	385
positive	100GB	95%	FusionSeeker	2	0	400	1	0	0	NA	0	385
positive	100GB	85%	CTAT-LR-Fusion	1	0	400	1	0	0	NA	0	384
positive	100GB	85%	FusionSeeker	1	0	400	1	0	0	NA	0	384
positive	100GB	85%	Genion	1	0	400	1	0	0	NA	0	384
positive	100GB	90%	FusionSeeker	2	0	400	1	0	0	NA	0	384
positive	100GB	95%	FusionSeeker	2	0	400	1	0	0	NA	0	384
positive	100GB	85%	CTAT-LR-Fusion	1	0	400	1	0	0	NA	0	383
positive	100GB	85%	FusionSeeker	1	0	400	1	0	0	NA	0	383
positive	100GB	85%	Genion	1	0	400	1	0	0	NA	0	383
positive	100GB	90%	FusionSeeker	2	0	400	1	0	0	NA	0	383
positive	100GB	95%	FusionSeeker	2	0	400	1	0	0	NA	0	383
positive	100GB	85%	CTAT-LR-Fusion	1	0	400	1	0	0	NA	0	382
positive	100GB	85%	FusionSeeker	1	0	400	1	0	0	NA	0	382
positive	100GB	85%	Genion	1	0	400	1	0	0	NA	0	382
positive	100GB	90%	FusionSeeker	2	0	400	1	0	0	NA	0	382
positive	100GB	95%	FusionSeeker	2	0	400	1	0	0	NA	0	382
positive	100GB	85%	CTAT-LR-Fusion	1	0	400	1	0	0	NA	0	381
positive	100GB	85%	FusionSeeker	1	0	400	1	0	0	NA	0	381
positive	100GB	85%	Genion	1	0	400	1	0	0	NA	0	381
positive	100GB	90%	FusionSeeker	2	0	400	1	0	0	NA	0	381
positive	100GB	95%	FusionSeeker	2	0	400	1	0	0	NA	0	381
positive	100GB	85%	CTAT-LR-Fusion	1	0	400	1	0	0	NA	0	380
positive	100GB	85%	FusionSeeker	1	0	400	1	0	0	NA	0	380
positive	100GB	85%	Genion	1	0	400	1	0	0	NA	0	380
positive	100GB	90%	FusionSeeker	2	0	400	1	0	0	NA	0	380
positive	100GB	95%	FusionSeeker	2	0	400	1	0	0	NA	0	380
positive	100GB	85%	CTAT-LR-Fusion	1	0	400	1	0	0	NA	0	379
positive	100GB	85%	FusionSeeker	1	0	400	1	0	0	NA	0	379
positive	100GB	85%	Genion	1	0	400	1	0	0	NA	0	379
positive	100GB	90%	FusionSeeker	2	0	400	1	0	0	NA	0	379
positive	100GB	95%	FusionSeeker	2	0	400	1	0	0	NA	0	379
positive	100GB	85%	CTAT-LR-Fusion	1	0	400	1	0	0	NA	0	378
positive	100GB	85%	FusionSeeker	1	0	400	1	0	0	NA	0	378
positive	100GB	85%	Genion	1	0	400	1	0	0	NA	0	378
positive	100GB	90%	FusionSeeker	2	0	400	1	0	0	NA	0	378
positive	100GB	95%	FusionSeeker	2	0	400	1	0	0	NA	0	378
positive	100GB	85%	CTAT-LR-Fusion	1	0	400	1	0	0	NA	0	377
positive	100GB	85%	FusionSeeker	1	0	400	1	0	0	NA	0	377
positive	100GB	85%	Genion	1	0	400	1	0	0	NA	0	377
positive	100GB	90%	FusionSeeker	2	0	400	1	0	0	NA	0	377
positive	100GB	95%	FusionSeeker	2	0	400	1	0	0	NA	0	377
positive	100GB	85%	CTAT-LR-Fusion	1	0	400	1	0	0	NA	0	376
positive	100GB	85%	FusionSeeker	1	0	400	1	0	0	NA	0	376
positive	100GB	85%	Genion	1	0	400	1	0	0	NA	0	376
positive	100GB	90%	FusionSeeker	2	0	400	1	0	0	NA	0	376
positive	100GB	95%	FusionSeeker	2	0	400	1	0	0	NA	0	376
positive	100GB	85%	CTAT-LR-Fusion	1	0	400	1	0	0	NA	0	375
positive	100GB	85%	FusionSeeker	1	0	400	1	0	0	NA	0	375
positive	100GB	85%	Genion	1	0	400	1	0	0	NA	0	375
positive	100GB	90%	FusionSeeker	2	0	400	1	0	0	NA	0	375
positive	100GB	95%	FusionSeeker	2	0	400	1	0	0	NA	0	375
positive	100GB	85%	CTAT-LR-Fusion	1	0	400	1	0	0	NA	0	374
positive	100GB	85%	FusionSeeker	1	0	400	1	0	0	NA	0	374
positive	100GB	85%	Genion	1	0	400	1	0	0	NA	0	374
positive	100GB	90%	FusionSeeker	2	0	400	1	0	0	NA	0	374
positive	100GB	95%	FusionSeeker	2	0	400	1	0	0	NA	0	374
positive	100GB	85%	CTAT-LR-Fusion	1	0	400	1	0	0	NA	0	373
positive	100GB	85%	FusionSeeker	1	0	400	1	0	0	NA	0	373
positive	100GB	85%	Genion	1	0	400	1	0	0	NA	0	373
positive	100GB	90%	FusionSeeker	2	0	400	1	0	0	NA	0	373
positive	100GB	95%	FusionSeeker	2	0	400	1	0	0	NA	0	373
positive	100GB	85%	CTAT-LR-Fusion	1	0	400	1	0	0	NA	0	372
positive	100GB	85%	FusionSeeker	1	0	400	1	0	0	NA	0	372
positive	100GB	85%	Genion	1	0	400	1	0	0	NA	0	372
positive	100GB	90%	FusionSeeker	2	0	400	1	0	0	NA	0	372
positive	100GB	95%	FusionSeeker	2	0	400	1	0	0	NA	0	372
positive	100GB	85%	CTAT-LR-Fusion	1	0	400	1	0	0	NA	0	371
positive	100GB	85%	FusionSeeker	1	0	400	1	0	0	NA	0	371
positive	100GB	85%	Genion	1	0	400	1	0	0	NA	0	371
positive	100GB	90%	FusionSeeker	2	0	400	1	0	0	NA	0	371
positive	100GB	95%	FusionSeeker	2	0	400	1	0	0	NA	0	371
positive	100GB	85%	CTAT-LR-Fusion	1	0	400	1	0	0	NA	0	370
positive	100GB	85%	FusionSeeker	1	0	400	1	0	0	NA	0	370
positive	100GB	85%	Genion	1	0	400	1	0	0	NA	0	370
positive	100GB	90%	FusionSeeker	2	0	400	1	0	0	NA	0	370
positive	100GB	95%	FusionSeeker	3	0	400	1	0	0	NA	0	370
positive	100GB	85%	CTAT-LR-Fusion	1	0	400	1	0	0	NA	0	369
positive	100GB	85%	FusionSeeker	1	0	400	1	0	0	NA	0	369
positive	100GB	85%	Genion	1	0	400	1	0	0	NA	0	369
positive	100GB	90%	FusionSeeker	2	0	400	1	0	0	NA	0	369
positive	100GB	95%	FusionSeeker	3	0	400	1	0	0	NA	0	369
positive	100GB	85%	CTAT-LR-Fusion	1	0	400	1	0	0	NA	0	368
positive	100GB	85%	FusionSeeker	1	0	400	1	0	0	NA	0	368
positive	100GB	85%	Genion	1	0	400	1	0	0	NA	0	368
positive	100GB	90%	FusionSeeker	2	0	400	1	0	0	NA	0	368
positive	100GB	95%	FusionSeeker	3	0	400	1	0	0	NA	0	368
positive	100GB	85%	CTAT-LR-Fusion	1	0	400	1	0	0	NA	0	367
positive	100GB	85%	FusionSeeker	1	0	400	1	0	0	NA	0	367
positive	100GB	85%	Genion	1	0	400	1	0	0	NA	0	367
positive	100GB	90%	FusionSeeker	2	0	400	1	0	0	NA	0	367
positive	100GB	95%	FusionSeeker	3	0	400	1	0	0	NA	0	367
positive	100GB	85%	CTAT-LR-Fusion	1	0	400	1	0	0	NA	0	366
positive	100GB	85%	FusionSeeker	1	0	400	1	0	0	NA	0	366
positive	100GB	85%	Genion	1	0	400	1	0	0	NA	0	366
positive	100GB	90%	FusionSeeker	2	0	400	1	0	0	NA	0	366
positive	100GB	95%	FusionSeeker	3	0	400	1	0	0	NA	0	366
positive	100GB	85%	CTAT-LR-Fusion	1	0	400	1	0	0	NA	0	365
positive	100GB	85%	FusionSeeker	1	0	400	1	0	0	NA	0	365
positive	100GB	85%	Genion	1	0	400	1	0	0	NA	0	365
positive	100GB	90%	FusionSeeker	2	0	400	1	0	0	NA	0	365
positive	100GB	95%	FusionSeeker	3	0	400	1	0	0	NA	0	365
positive	100GB	85%	CTAT-LR-Fusion	1	0	400	1	0	0	NA	0	364
positive	100GB	85%	FusionSeeker	1	0	400	1	0	0	NA	0	364
positive	100GB	85%	Genion	1	0	400	1	0	0	NA	0	364
positive	100GB	90%	FusionSeeker	2	0	400	1	0	0	NA	0	364
positive	100GB	95%	FusionSeeker	3	0	400	1	0	0	NA	0	364
positive	100GB	85%	CTAT-LR-Fusion	1	0	400	1	0	0	NA	0	363
positive	100GB	85%	FusionSeeker	1	0	400	1	0	0	NA	0	363
positive	100GB	85%	Genion	1	0	400	1	0	0	NA	0	363
positive	100GB	90%	FusionSeeker	2	0	400	1	0	0	NA	0	363
positive	100GB	95%	FusionSeeker	3	0	400	1	0	0	NA	0	363
positive	100GB	85%	CTAT-LR-Fusion	1	0	400	1	0	0	NA	0	362
positive	100GB	85%	FusionSeeker	1	0	400	1	0	0	NA	0	362
positive	100GB	85%	Genion	1	0	400	1	0	0	NA	0	362
positive	100GB	90%	FusionSeeker	2	0	400	1	0	0	NA	0	362
positive	100GB	95%	FusionSeeker	3	0	400	1	0	0	NA	0	362
positive	100GB	85%	CTAT-LR-Fusion	1	0	400	1	0	0	NA	0	361
positive	100GB	85%	FusionSeeker	1	0	400	1	0	0	NA	0	361
positive	100GB	85%	Genion	1	0	400	1	0	0	NA	0	361
positive	100GB	90%	FusionSeeker	2	0	400	1	0	0	NA	0	361
positive	100GB	95%	FusionSeeker	3	0	400	1	0	0	NA	0	361
positive	100GB	85%	CTAT-LR-Fusion	1	0	400	1	0	0	NA	0	360
positive	100GB	85%	FusionSeeker	1	0	400	1	0	0	NA	0	360
positive	100GB	85%	Genion	1	0	400	1	0	0	NA	0	360
positive	100GB	90%	FusionSeeker	2	0	400	1	0	0	NA	0	360
positive	100GB	95%	FusionSeeker	3	0	400	1	0	0	NA	0	360
positive	100GB	85%	CTAT-LR-Fusion	1	0	400	1	0	0	NA	0	359
positive	100GB	85%	FusionSeeker	1	0	400	1	0	0	NA	0	359
positive	100GB	85%	Genion	1	0	400	1	0	0	NA	0	359
positive	100GB	90%	FusionSeeker	2	0	400	1	0	0	NA	0	359
positive	100GB	95%	FusionSeeker	3	0	400	1	0	0	NA	0	359
positive	100GB	85%	CTAT-LR-Fusion	1	0	400	1	0	0	NA	0	358
positive	100GB	85%	FusionSeeker	1	0	400	1	0	0	NA	0	358
positive	100GB	85%	Genion	1	0	400	1	0	0	NA	0	358
positive	100GB	90%	FusionSeeker	2	0	400	1	0	0	NA	0	358
positive	100GB	95%	FusionSeeker	3	0	400	1	0	0	NA	0	358
positive	100GB	85%	CTAT-LR-Fusion	1	0	400	1	0	0	NA	0	357
positive	100GB	85%	FusionSeeker	1	0	400	1	0	0	NA	0	357
positive	100GB	85%	Genion	1	0	400	1	0	0	NA	0	357
positive	100GB	90%	FusionSeeker	2	0	400	1	0	0	NA	0	357
positive	100GB	95%	FusionSeeker	3	0	400	1	0	0	NA	0	357
positive	100GB	85%	CTAT-LR-Fusion	1	0	400	1	0	0	NA	0	356
positive	100GB	85%	FusionSeeker	1	0	400	1	0	0	NA	0	356
positive	100GB	85%	Genion	1	0	400	1	0	0	NA	0	356
positive	100GB	90%	FusionSeeker	2	0	400	1	0	0	NA	0	356
positive	100GB	95%	FusionSeeker	3	0	400	1	0	0	NA	0	356
positive	100GB	85%	CTAT-LR-Fusion	1	0	400	1	0	0	NA	0	355
positive	100GB	85%	FusionSeeker	1	0	400	1	0	0	NA	0	355
positive	100GB	85%	Genion	1	0	400	1	0	0	NA	0	355
positive	100GB	90%	FusionSeeker	2	0	400	1	0	0	NA	0	355
positive	100GB	95%	FusionSeeker	3	0	400	1	0	0	NA	0	355
positive	100GB	85%	CTAT-LR-Fusion	1	0	400	1	0	0	NA	0	354
positive	100GB	85%	FusionSeeker	1	0	400	1	0	0	NA	0	354
positive	100GB	85%	Genion	1	0	400	1	0	0	NA	0	354
positive	100GB	90%	FusionSeeker	2	0	400	1	0	0	NA	0	354
positive	100GB	95%	FusionSeeker	3	0	400	1	0	0	NA	0	354
positive	100GB	85%	CTAT-LR-Fusion	1	0	400	1	0	0	NA	0	353
positive	100GB	85%	FusionSeeker	1	0	400	1	0	0	NA	0	353
positive	100GB	85%	Genion	1	0	400	1	0	0	NA	0	353
positive	100GB	90%	FusionSeeker	2	0	400	1	0	0	NA	0	353
positive	100GB	95%	FusionSeeker	3	0	400	1	0	0	NA	0	353
positive	100GB	85%	CTAT-LR-Fusion	1	0	400	1	0	0	NA	0	352
positive	100GB	85%	FusionSeeker	1	0	400	1	0	0	NA	0	352
positive	100GB	85%	Genion	1	0	400	1	0	0	NA	0	352
positive	100GB	90%	FusionSeeker	2	0	400	1	0	0	NA	0	352
positive	100GB	95%	FusionSeeker	4	0	400	1	0	0	NA	0	352
positive	100GB	85%	CTAT-LR-Fusion	1	0	400	1	0	0	NA	0	351
positive	100GB	85%	FusionSeeker	1	0	400	1	0	0	NA	0	351
positive	100GB	85%	Genion	1	0	400	1	0	0	NA	0	351
positive	100GB	90%	FusionSeeker	2	0	400	1	0	0	NA	0	351
positive	100GB	95%	FusionSeeker	4	0	400	1	0	0	NA	0	351
positive	100GB	85%	CTAT-LR-Fusion	1	0	400	1	0	0	NA	0	350
positive	100GB	85%	FusionSeeker	1	0	400	1	0	0	NA	0	350
positive	100GB	85%	Genion	1	0	400	1	0	0	NA	0	350
positive	100GB	90%	FusionSeeker	2	0	400	1	0	0	NA	0	350
positive	100GB	95%	FusionSeeker	4	0	400	1	0	0	NA	0	350
positive	100GB	85%	CTAT-LR-Fusion	1	0	400	1	0	0	NA	0	349
positive	100GB	85%	FusionSeeker	1	0	400	1	0	0	NA	0	349
positive	100GB	85%	Genion	1	0	400	1	0	0	NA	0	349
positive	100GB	90%	FusionSeeker	2	0	400	1	0	0	NA	0	349
positive	100GB	95%	FusionSeeker	4	0	400	1	0	0	NA	0	349
positive	100GB	85%	CTAT-LR-Fusion	1	0	400	1	0	0	NA	0	348
positive	100GB	85%	FusionSeeker	1	0	400	1	0	0	NA	0	348
positive	100GB	85%	Genion	1	0	400	1	0	0	NA	0	348
positive	100GB	90%	FusionSeeker	2	0	400	1	0	0	NA	0	348
positive	100GB	95%	FusionSeeker	4	0	400	1	0	0	NA	0	348
positive	100GB	85%	CTAT-LR-Fusion	1	0	400	1	0	0	NA	0	347
positive	100GB	85%	FusionSeeker	1	0	400	1	0	0	NA	0	347
positive	100GB	85%	Genion	1	0	400	1	0	0	NA	0	347
positive	100GB	90%	FusionSeeker	2	0	400	1	0	0	NA	0	347
positive	100GB	95%	FusionSeeker	4	0	400	1	0	0	NA	0	347
positive	100GB	85%	CTAT-LR-Fusion	1	0	400	1	0	0	NA	0	346
positive	100GB	85%	FusionSeeker	1	0	400	1	0	0	NA	0	346
positive	100GB	85%	Genion	1	0	400	1	0	0	NA	0	346
positive	100GB	90%	FusionSeeker	2	0	400	1	0	0	NA	0	346
positive	100GB	95%	FusionSeeker	4	0	400	1	0	0	NA	0	346
positive	100GB	85%	CTAT-LR-Fusion	1	0	400	1	0	0	NA	0	345
positive	100GB	85%	FusionSeeker	1	0	400	1	0	0	NA	0	345
positive	100GB	85%	Genion	1	0	400	1	0	0	NA	0	345
positive	100GB	90%	FusionSeeker	2	0	400	1	0	0	NA	0	345
positive	100GB	95%	FusionSeeker	4	0	400	1	0	0	NA	0	345
positive	100GB	85%	CTAT-LR-Fusion	1	0	400	1	0	0	NA	0	344
positive	100GB	85%	FusionSeeker	1	0	400	1	0	0	NA	0	344
positive	100GB	85%	Genion	1	0	400	1	0	0	NA	0	344
positive	100GB	90%	FusionSeeker	2	0	400	1	0	0	NA	0	344
positive	100GB	95%	FusionSeeker	4	0	400	1	0	0	NA	0	344
positive	100GB	85%	CTAT-LR-Fusion	1	0	400	1	0	0	NA	0	343
positive	100GB	85%	FusionSeeker	1	0	400	1	0	0	NA	0	343
positive	100GB	85%	Genion	1	0	400	1	0	0	NA	0	343
positive	100GB	90%	FusionSeeker	2	0	400	1	0	0	NA	0	343
positive	100GB	95%	FusionSeeker	4	0	400	1	0	0	NA	0	343
positive	100GB	85%	CTAT-LR-Fusion	1	0	400	1	0	0	NA	0	342
positive	100GB	85%	FusionSeeker	1	0	400	1	0	0	NA	0	342
positive	100GB	85%	Genion	1	0	400	1	0	0	NA	0	342
positive	100GB	90%	FusionSeeker	2	0	400	1	0	0	NA	0	342
positive	100GB	95%	FusionSeeker	4	0	400	1	0	0	NA	0	342
positive	100GB	85%	CTAT-LR-Fusion	1	0	400	1	0	0	NA	0	341
positive	100GB	85%	FusionSeeker	1	0	400	1	0	0	NA	0	341
positive	100GB	85%	Genion	1	0	400	1	0	0	NA	0	341
positive	100GB	90%	FusionSeeker	2	0	400	1	0	0	NA	0	341
positive	100GB	95%	FusionSeeker	4	0	400	1	0	0	NA	0	341
positive	100GB	85%	CTAT-LR-Fusion	1	0	400	1	0	0	NA	0	340
positive	100GB	85%	FusionSeeker	1	0	400	1	0	0	NA	0	340
positive	100GB	85%	Genion	1	0	400	1	0	0	NA	0	340
positive	100GB	90%	FusionSeeker	2	0	400	1	0	0	NA	0	340
positive	100GB	95%	FusionSeeker	4	0	400	1	0	0	NA	0	340
positive	100GB	85%	CTAT-LR-Fusion	1	0	400	1	0	0	NA	0	339
positive	100GB	85%	FusionSeeker	1	0	400	1	0	0	NA	0	339
positive	100GB	85%	Genion	1	0	400	1	0	0	NA	0	339
positive	100GB	90%	FusionSeeker	2	0	400	1	0	0	NA	0	339
positive	100GB	95%	FusionSeeker	4	0	400	1	0	0	NA	0	339
positive	100GB	85%	CTAT-LR-Fusion	1	0	400	1	0	0	NA	0	338
positive	100GB	85%	FusionSeeker	1	0	400	1	0	0	NA	0	338
positive	100GB	85%	Genion	1	0	400	1	0	0	NA	0	338
positive	100GB	90%	FusionSeeker	2	0	400	1	0	0	NA	0	338
positive	100GB	95%	FusionSeeker	4	0	400	1	0	0	NA	0	338
positive	100GB	85%	CTAT-LR-Fusion	1	0	400	1	0	0	NA	0	337
positive	100GB	85%	FusionSeeker	1	0	400	1	0	0	NA	0	337
positive	100GB	85%	Genion	1	0	400	1	0	0	NA	0	337
positive	100GB	90%	FusionSeeker	2	0	400	1	0	0	NA	0	337
positive	100GB	95%	FusionSeeker	4	0	400	1	0	0	NA	0	337
positive	100GB	85%	CTAT-LR-Fusion	1	0	400	1	0	0	NA	0	336
positive	100GB	85%	FusionSeeker	1	0	400	1	0	0	NA	0	336
positive	100GB	85%	Genion	1	0	400	1	0	0	NA	0	336
positive	100GB	90%	FusionSeeker	2	0	400	1	0	0	NA	0	336
positive	100GB	95%	FusionSeeker	4	0	400	1	0	0	NA	0	336
positive	100GB	85%	CTAT-LR-Fusion	1	0	400	1	0	0	NA	0	335
positive	100GB	85%	FusionSeeker	1	0	400	1	0	0	NA	0	335
positive	100GB	85%	Genion	1	0	400	1	0	0	NA	0	335
positive	100GB	90%	FusionSeeker	2	0	400	1	0	0	NA	0	335
positive	100GB	95%	FusionSeeker	4	0	400	1	0	0	NA	0	335
positive	100GB	85%	CTAT-LR-Fusion	1	0	400	1	0	0	NA	0	334
positive	100GB	85%	FusionSeeker	1	0	400	1	0	0	NA	0	334
positive	100GB	85%	Genion	1	0	400	1	0	0	NA	0	334
positive	100GB	90%	FusionSeeker	2	0	400	1	0	0	NA	0	334
positive	100GB	95%	FusionSeeker	4	0	400	1	0	0	NA	0	334
positive	100GB	85%	CTAT-LR-Fusion	1	0	400	1	0	0	NA	0	333
positive	100GB	85%	FusionSeeker	1	0	400	1	0	0	NA	0	333
positive	100GB	85%	Genion	1	0	400	1	0	0	NA	0	333
positive	100GB	90%	FusionSeeker	2	0	400	1	0	0	NA	0	333
positive	100GB	95%	FusionSeeker	4	0	400	1	0	0	NA	0	333
positive	100GB	85%	CTAT-LR-Fusion	1	0	400	1	0	0	NA	0	332
positive	100GB	85%	FusionSeeker	2	0	400	1	0	0	NA	0	332
positive	100GB	85%	Genion	1	0	400	1	0	0	NA	0	332
positive	100GB	90%	FusionSeeker	2	0	400	1	0	0	NA	0	332
positive	100GB	95%	FusionSeeker	4	0	400	1	0	0	NA	0	332
positive	100GB	85%	CTAT-LR-Fusion	1	0	400	1	0	0	NA	0	331
positive	100GB	85%	FusionSeeker	2	0	400	1	0	0	NA	0	331
positive	100GB	85%	Genion	1	0	400	1	0	0	NA	0	331
positive	100GB	90%	FusionSeeker	2	0	400	1	0	0	NA	0	331
positive	100GB	95%	FusionSeeker	4	0	400	1	0	0	NA	0	331
positive	100GB	85%	CTAT-LR-Fusion	1	0	400	1	0	0	NA	0	330
positive	100GB	85%	FusionSeeker	2	0	400	1	0	0	NA	0	330
positive	100GB	85%	Genion	1	0	400	1	0	0	NA	0	330
positive	100GB	90%	FusionSeeker	2	0	400	1	0	0	NA	0	330
positive	100GB	95%	FusionSeeker	4	0	400	1	0	0	NA	0	330
positive	100GB	85%	CTAT-LR-Fusion	1	0	400	1	0	0	NA	0	329
positive	100GB	85%	FusionSeeker	2	0	400	1	0	0	NA	0	329
positive	100GB	85%	Genion	1	0	400	1	0	0	NA	0	329
positive	100GB	90%	FusionSeeker	2	0	400	1	0	0	NA	0	329
positive	100GB	95%	FusionSeeker	4	0	400	1	0	0	NA	0	329
positive	100GB	85%	CTAT-LR-Fusion	1	0	400	1	0	0	NA	0	328
positive	100GB	85%	FusionSeeker	2	0	400	1	0	0	NA	0	328
positive	100GB	85%	Genion	1	0	400	1	0	0	NA	0	328
positive	100GB	90%	FusionSeeker	2	0	400	1	0	0	NA	0	328
positive	100GB	95%	FusionSeeker	4	0	400	1	0	0	NA	0	328
positive	100GB	85%	CTAT-LR-Fusion	1	0	400	1	0	0	NA	0	327
positive	100GB	85%	FusionSeeker	2	0	400	1	0	0	NA	0	327
positive	100GB	85%	Genion	1	0	400	1	0	0	NA	0	327
positive	100GB	90%	FusionSeeker	2	0	400	1	0	0	NA	0	327
positive	100GB	95%	FusionSeeker	4	0	400	1	0	0	NA	0	327
positive	100GB	85%	CTAT-LR-Fusion	1	0	400	1	0	0	NA	0	326
positive	100GB	85%	FusionSeeker	2	0	400	1	0	0	NA	0	326
positive	100GB	85%	Genion	1	0	400	1	0	0	NA	0	326
positive	100GB	90%	FusionSeeker	2	0	400	1	0	0	NA	0	326
positive	100GB	95%	FusionSeeker	4	0	400	1	0	0	NA	0	326
positive	100GB	85%	CTAT-LR-Fusion	1	0	400	1	0	0	NA	0	325
positive	100GB	85%	FusionSeeker	2	0	400	1	0	0	NA	0	325
positive	100GB	85%	Genion	1	0	400	1	0	0	NA	0	325
positive	100GB	90%	FusionSeeker	2	0	400	1	0	0	NA	0	325
positive	100GB	95%	FusionSeeker	4	0	400	1	0	0	NA	0	325
positive	100GB	85%	CTAT-LR-Fusion	1	0	400	1	0	0	NA	0	324
positive	100GB	85%	FusionSeeker	2	0	400	1	0	0	NA	0	324
positive	100GB	85%	Genion	1	0	400	1	0	0	NA	0	324
positive	100GB	90%	FusionSeeker	2	0	400	1	0	0	NA	0	324
positive	100GB	95%	FusionSeeker	4	0	400	1	0	0	NA	0	324
positive	100GB	85%	CTAT-LR-Fusion	1	0	400	1	0	0	NA	0	323
positive	100GB	85%	FusionSeeker	2	0	400	1	0	0	NA	0	323
positive	100GB	85%	Genion	1	0	400	1	0	0	NA	0	323
positive	100GB	90%	FusionSeeker	2	0	400	1	0	0	NA	0	323
positive	100GB	95%	FusionSeeker	4	0	400	1	0	0	NA	0	323
positive	100GB	85%	CTAT-LR-Fusion	1	0	400	1	0	0	NA	0	322
positive	100GB	85%	FusionSeeker	2	0	400	1	0	0	NA	0	322
positive	100GB	85%	Genion	1	0	400	1	0	0	NA	0	322
positive	100GB	90%	FusionSeeker	2	0	400	1	0	0	NA	0	322
positive	100GB	95%	FusionSeeker	4	0	400	1	0	0	NA	0	322
positive	100GB	85%	CTAT-LR-Fusion	1	0	400	1	0	0	NA	0	321
positive	100GB	85%	FusionSeeker	2	0	400	1	0	0	NA	0	321
positive	100GB	85%	Genion	1	0	400	1	0	0	NA	0	321
positive	100GB	90%	FusionSeeker	2	0	400	1	0	0	NA	0	321
positive	100GB	95%	FusionSeeker	4	0	400	1	0	0	NA	0	321
positive	100GB	85%	CTAT-LR-Fusion	1	0	400	1	0	0	NA	0	320
positive	100GB	85%	FusionSeeker	2	0	400	1	0	0	NA	0	320
positive	100GB	85%	Genion	1	0	400	1	0	0	NA	0	320
positive	100GB	90%	FusionSeeker	2	0	400	1	0	0	NA	0	320
positive	100GB	95%	FusionSeeker	4	0	400	1	0	0	NA	0	320
positive	100GB	85%	CTAT-LR-Fusion	1	0	400	1	0	0	NA	0	319
positive	100GB	85%	FusionSeeker	2	0	400	1	0	0	NA	0	319
positive	100GB	85%	Genion	1	0	400	1	0	0	NA	0	319
positive	100GB	90%	FusionSeeker	2	0	400	1	0	0	NA	0	319
positive	100GB	95%	FusionSeeker	4	0	400	1	0	0	NA	0	319
positive	100GB	85%	CTAT-LR-Fusion	1	0	400	1	0	0	NA	0	318
positive	100GB	85%	FusionSeeker	2	0	400	1	0	0	NA	0	318
positive	100GB	85%	Genion	1	0	400	1	0	0	NA	0	318
positive	100GB	90%	FusionSeeker	2	0	400	1	0	0	NA	0	318
positive	100GB	95%	FusionSeeker	4	0	400	1	0	0	NA	0	318
positive	100GB	85%	CTAT-LR-Fusion	1	0	400	1	0	0	NA	0	317
positive	100GB	85%	FusionSeeker	2	0	400	1	0	0	NA	0	317
positive	100GB	85%	Genion	1	0	400	1	0	0	NA	0	317
positive	100GB	90%	FusionSeeker	2	0	400	1	0	0	NA	0	317
positive	100GB	95%	FusionSeeker	4	0	400	1	0	0	NA	0	317
positive	100GB	85%	CTAT-LR-Fusion	1	0	400	1	0	0	NA	0	316
positive	100GB	85%	FusionSeeker	2	0	400	1	0	0	NA	0	316
positive	100GB	85%	Genion	1	0	400	1	0	0	NA	0	316
positive	100GB	90%	FusionSeeker	2	0	400	1	0	0	NA	0	316
positive	100GB	95%	FusionSeeker	4	0	400	1	0	0	NA	0	316
positive	100GB	85%	CTAT-LR-Fusion	1	0	400	1	0	0	NA	0	315
positive	100GB	85%	FusionSeeker	2	0	400	1	0	0	NA	0	315
positive	100GB	85%	Genion	1	0	400	1	0	0	NA	0	315
positive	100GB	90%	FusionSeeker	2	0	400	1	0	0	NA	0	315
positive	100GB	95%	FusionSeeker	5	0	400	1	0	0	NA	0	315
positive	100GB	85%	CTAT-LR-Fusion	1	0	400	1	0	0	NA	0	314
positive	100GB	85%	FusionSeeker	2	0	400	1	0	0	NA	0	314
positive	100GB	85%	Genion	1	0	400	1	0	0	NA	0	314
positive	100GB	90%	FusionSeeker	2	0	400	1	0	0	NA	0	314
positive	100GB	95%	FusionSeeker	5	0	400	1	0	0	NA	0	314
positive	100GB	85%	CTAT-LR-Fusion	1	0	400	1	0	0	NA	0	313
positive	100GB	85%	FusionSeeker	2	0	400	1	0	0	NA	0	313
positive	100GB	85%	Genion	1	0	400	1	0	0	NA	0	313
positive	100GB	90%	FusionSeeker	2	0	400	1	0	0	NA	0	313
positive	100GB	95%	FusionSeeker	5	0	400	1	0	0	NA	0	313
positive	100GB	85%	CTAT-LR-Fusion	1	0	400	1	0	0	NA	0	312
positive	100GB	85%	FusionSeeker	2	0	400	1	0	0	NA	0	312
positive	100GB	85%	Genion	1	0	400	1	0	0	NA	0	312
positive	100GB	90%	FusionSeeker	2	0	400	1	0	0	NA	0	312
positive	100GB	95%	FusionSeeker	5	0	400	1	0	0	NA	0	312
positive	100GB	85%	CTAT-LR-Fusion	1	0	400	1	0	0	NA	0	311
positive	100GB	85%	FusionSeeker	2	0	400	1	0	0	NA	0	311
positive	100GB	85%	Genion	1	0	400	1	0	0	NA	0	311
positive	100GB	90%	FusionSeeker	2	0	400	1	0	0	NA	0	311
positive	100GB	95%	FusionSeeker	5	0	400	1	0	0	NA	0	311
positive	100GB	85%	CTAT-LR-Fusion	1	0	400	1	0	0	NA	0	310
positive	100GB	85%	FusionSeeker	2	0	400	1	0	0	NA	0	310
positive	100GB	85%	Genion	1	0	400	1	0	0	NA	0	310
positive	100GB	90%	FusionSeeker	2	0	400	1	0	0	NA	0	310
positive	100GB	95%	FusionSeeker	5	0	400	1	0	0	NA	0	310
positive	100GB	85%	CTAT-LR-Fusion	1	0	400	1	0	0	NA	0	309
positive	100GB	85%	FusionSeeker	2	0	400	1	0	0	NA	0	309
positive	100GB	85%	Genion	1	0	400	1	0	0	NA	0	309
positive	100GB	90%	FusionSeeker	2	0	400	1	0	0	NA	0	309
positive	100GB	95%	FusionSeeker	5	0	400	1	0	0	NA	0	309
positive	100GB	85%	CTAT-LR-Fusion	1	0	400	1	0	0	NA	0	308
positive	100GB	85%	FusionSeeker	2	0	400	1	0	0	NA	0	308
positive	100GB	85%	Genion	1	0	400	1	0	0	NA	0	308
positive	100GB	90%	FusionSeeker	2	0	400	1	0	0	NA	0	308
positive	100GB	95%	FusionSeeker	5	0	400	1	0	0	NA	0	308
positive	100GB	85%	CTAT-LR-Fusion	1	0	400	1	0	0	NA	0	307
positive	100GB	85%	FusionSeeker	2	0	400	1	0	0	NA	0	307
positive	100GB	85%	Genion	1	0	400	1	0	0	NA	0	307
positive	100GB	90%	FusionSeeker	2	0	400	1	0	0	NA	0	307
positive	100GB	95%	FusionSeeker	5	0	400	1	0	0	NA	0	307
positive	100GB	85%	CTAT-LR-Fusion	1	0	400	1	0	0	NA	0	306
positive	100GB	85%	FusionSeeker	2	0	400	1	0	0	NA	0	306
positive	100GB	85%	Genion	1	0	400	1	0	0	NA	0	306
positive	100GB	90%	FusionSeeker	2	0	400	1	0	0	NA	0	306
positive	100GB	90%	Genion	1	0	400	1	0	0	NA	0	306
positive	100GB	95%	FusionSeeker	5	0	400	1	0	0	NA	0	306
positive	100GB	85%	CTAT-LR-Fusion	1	0	400	1	0	0	NA	0	305
positive	100GB	85%	FusionSeeker	2	0	400	1	0	0	NA	0	305
positive	100GB	85%	Genion	1	0	400	1	0	0	NA	0	305
positive	100GB	90%	FusionSeeker	2	0	400	1	0	0	NA	0	305
positive	100GB	90%	Genion	1	0	400	1	0	0	NA	0	305
positive	100GB	95%	FusionSeeker	5	0	400	1	0	0	NA	0	305
positive	100GB	85%	CTAT-LR-Fusion	1	0	400	1	0	0	NA	0	304
positive	100GB	85%	FusionSeeker	2	0	400	1	0	0	NA	0	304
positive	100GB	85%	Genion	1	0	400	1	0	0	NA	0	304
positive	100GB	90%	FusionSeeker	2	0	400	1	0	0	NA	0	304
positive	100GB	90%	Genion	1	0	400	1	0	0	NA	0	304
positive	100GB	95%	FusionSeeker	5	0	400	1	0	0	NA	0	304
positive	100GB	85%	CTAT-LR-Fusion	1	0	400	1	0	0	NA	0	303
positive	100GB	85%	FusionSeeker	2	0	400	1	0	0	NA	0	303
positive	100GB	85%	Genion	1	0	400	1	0	0	NA	0	303
positive	100GB	90%	FusionSeeker	2	0	400	1	0	0	NA	0	303
positive	100GB	90%	Genion	1	0	400	1	0	0	NA	0	303
positive	100GB	95%	FusionSeeker	5	0	400	1	0	0	NA	0	303
positive	100GB	85%	CTAT-LR-Fusion	1	0	400	1	0	0	NA	0	302
positive	100GB	85%	FusionSeeker	2	0	400	1	0	0	NA	0	302
positive	100GB	85%	Genion	1	0	400	1	0	0	NA	0	302
positive	100GB	90%	FusionSeeker	2	0	400	1	0	0	NA	0	302
positive	100GB	90%	Genion	1	0	400	1	0	0	NA	0	302
positive	100GB	95%	FusionSeeker	6	0	400	1	0	0	NA	0	302
positive	100GB	85%	CTAT-LR-Fusion	1	0	400	1	0	0	NA	0	301
positive	100GB	85%	FusionSeeker	2	0	400	1	0	0	NA	0	301
positive	100GB	85%	Genion	1	0	400	1	0	0	NA	0	301
positive	100GB	90%	FusionSeeker	2	0	400	1	0	0	NA	0	301
positive	100GB	90%	Genion	1	0	400	1	0	0	NA	0	301
positive	100GB	95%	FusionSeeker	6	0	400	1	0	0	NA	0	301
positive	100GB	85%	CTAT-LR-Fusion	1	0	400	1	0	0	NA	0	300
positive	100GB	85%	FusionSeeker	2	0	400	1	0	0	NA	0	300
positive	100GB	85%	Genion	1	0	400	1	0	0	NA	0	300
positive	100GB	90%	FusionSeeker	2	0	400	1	0	0	NA	0	300
positive	100GB	90%	Genion	1	0	400	1	0	0	NA	0	300
positive	100GB	95%	FusionSeeker	6	0	400	1	0	0	NA	0	300
positive	100GB	85%	CTAT-LR-Fusion	1	0	400	1	0	0	NA	0	299
positive	100GB	85%	FusionSeeker	2	0	400	1	0	0	NA	0	299
positive	100GB	85%	Genion	1	0	400	1	0	0	NA	0	299
positive	100GB	90%	FusionSeeker	2	0	400	1	0	0	NA	0	299
positive	100GB	90%	Genion	1	0	400	1	0	0	NA	0	299
positive	100GB	95%	FusionSeeker	6	0	400	1	0	0	NA	0	299
positive	100GB	85%	CTAT-LR-Fusion	1	0	400	1	0	0	NA	0	298
positive	100GB	85%	FusionSeeker	2	0	400	1	0	0	NA	0	298
positive	100GB	85%	Genion	1	0	400	1	0	0	NA	0	298
positive	100GB	90%	FusionSeeker	2	0	400	1	0	0	NA	0	298
positive	100GB	90%	Genion	1	0	400	1	0	0	NA	0	298
positive	100GB	95%	FusionSeeker	6	0	400	1	0	0	NA	0	298
positive	100GB	85%	CTAT-LR-Fusion	1	0	400	1	0	0	NA	0	297
positive	100GB	85%	FusionSeeker	2	0	400	1	0	0	NA	0	297
positive	100GB	85%	Genion	1	0	400	1	0	0	NA	0	297
positive	100GB	90%	FusionSeeker	2	0	400	1	0	0	NA	0	297
positive	100GB	90%	Genion	1	0	400	1	0	0	NA	0	297
positive	100GB	95%	FusionSeeker	6	0	400	1	0	0	NA	0	297
positive	100GB	85%	CTAT-LR-Fusion	1	0	400	1	0	0	NA	0	296
positive	100GB	85%	FusionSeeker	2	0	400	1	0	0	NA	0	296
positive	100GB	85%	Genion	1	0	400	1	0	0	NA	0	296
positive	100GB	90%	FusionSeeker	3	0	400	1	0	0	NA	0	296
positive	100GB	90%	Genion	1	0	400	1	0	0	NA	0	296
positive	100GB	95%	FusionSeeker	6	0	400	1	0	0	NA	0	296
positive	100GB	85%	CTAT-LR-Fusion	1	0	400	1	0	0	NA	0	295
positive	100GB	85%	FusionSeeker	2	0	400	1	0	0	NA	0	295
positive	100GB	85%	Genion	1	0	400	1	0	0	NA	0	295
positive	100GB	90%	FusionSeeker	3	0	400	1	0	0	NA	0	295
positive	100GB	90%	Genion	1	0	400	1	0	0	NA	0	295
positive	100GB	95%	FusionSeeker	6	0	400	1	0	0	NA	0	295
positive	100GB	85%	CTAT-LR-Fusion	1	0	400	1	0	0	NA	0	294
positive	100GB	85%	FusionSeeker	2	0	400	1	0	0	NA	0	294
positive	100GB	85%	Genion	1	0	400	1	0	0	NA	0	294
positive	100GB	90%	FusionSeeker	3	0	400	1	0	0	NA	0	294
positive	100GB	90%	Genion	1	0	400	1	0	0	NA	0	294
positive	100GB	95%	FusionSeeker	6	0	400	1	0	0	NA	0	294
positive	100GB	85%	CTAT-LR-Fusion	1	0	400	1	0	0	NA	0	293
positive	100GB	85%	FusionSeeker	2	0	400	1	0	0	NA	0	293
positive	100GB	85%	Genion	1	0	400	1	0	0	NA	0	293
positive	100GB	90%	FusionSeeker	3	0	400	1	0	0	NA	0	293
positive	100GB	90%	Genion	1	0	400	1	0	0	NA	0	293
positive	100GB	95%	FusionSeeker	6	0	400	1	0	0	NA	0	293
positive	100GB	85%	CTAT-LR-Fusion	1	0	400	1	0	0	NA	0	292
positive	100GB	85%	FusionSeeker	2	0	400	1	0	0	NA	0	292
positive	100GB	85%	Genion	1	0	400	1	0	0	NA	0	292
positive	100GB	90%	FusionSeeker	3	0	400	1	0	0	NA	0	292
positive	100GB	90%	Genion	1	0	400	1	0	0	NA	0	292
positive	100GB	95%	FusionSeeker	6	0	400	1	0	0	NA	0	292
positive	100GB	85%	CTAT-LR-Fusion	1	0	400	1	0	0	NA	0	291
positive	100GB	85%	FusionSeeker	2	0	400	1	0	0	NA	0	291
positive	100GB	85%	Genion	1	0	400	1	0	0	NA	0	291
positive	100GB	90%	FusionSeeker	3	0	400	1	0	0	NA	0	291
positive	100GB	90%	Genion	1	0	400	1	0	0	NA	0	291
positive	100GB	95%	FusionSeeker	6	0	400	1	0	0	NA	0	291
positive	100GB	85%	CTAT-LR-Fusion	1	0	400	1	0	0	NA	0	290
positive	100GB	85%	FusionSeeker	2	0	400	1	0	0	NA	0	290
positive	100GB	85%	Genion	1	0	400	1	0	0	NA	0	290
positive	100GB	90%	FusionSeeker	3	0	400	1	0	0	NA	0	290
positive	100GB	90%	Genion	1	0	400	1	0	0	NA	0	290
positive	100GB	95%	FusionSeeker	6	0	400	1	0	0	NA	0	290
positive	100GB	85%	CTAT-LR-Fusion	1	0	400	1	0	0	NA	0	289
positive	100GB	85%	FusionSeeker	2	0	400	1	0	0	NA	0	289
positive	100GB	85%	Genion	1	0	400	1	0	0	NA	0	289
positive	100GB	90%	FusionSeeker	3	0	400	1	0	0	NA	0	289
positive	100GB	90%	Genion	1	0	400	1	0	0	NA	0	289
positive	100GB	95%	FusionSeeker	6	0	400	1	0	0	NA	0	289
positive	100GB	85%	CTAT-LR-Fusion	1	0	400	1	0	0	NA	0	288
positive	100GB	85%	FusionSeeker	2	0	400	1	0	0	NA	0	288
positive	100GB	85%	Genion	1	0	400	1	0	0	NA	0	288
positive	100GB	90%	FusionSeeker	3	0	400	1	0	0	NA	0	288
positive	100GB	90%	Genion	1	0	400	1	0	0	NA	0	288
positive	100GB	95%	FusionSeeker	6	0	400	1	0	0	NA	0	288
positive	100GB	85%	CTAT-LR-Fusion	1	0	400	1	0	0	NA	0	287
positive	100GB	85%	FusionSeeker	2	0	400	1	0	0	NA	0	287
positive	100GB	85%	Genion	1	0	400	1	0	0	NA	0	287
positive	100GB	90%	FusionSeeker	3	0	400	1	0	0	NA	0	287
positive	100GB	90%	Genion	1	0	400	1	0	0	NA	0	287
positive	100GB	95%	FusionSeeker	6	1	400	0.8571428571428571	0.14285714285714285	0.0025	0.004914004914004914	0.0025	287
positive	100GB	85%	CTAT-LR-Fusion	1	0	400	1	0	0	NA	0	286
positive	100GB	85%	FusionSeeker	2	0	400	1	0	0	NA	0	286
positive	100GB	85%	Genion	1	0	400	1	0	0	NA	0	286
positive	100GB	90%	FusionSeeker	3	0	400	1	0	0	NA	0	286
positive	100GB	90%	Genion	1	0	400	1	0	0	NA	0	286
positive	100GB	95%	FusionSeeker	6	1	400	0.8571428571428571	0.14285714285714285	0.0025	0.004914004914004914	0.0025	286
positive	100GB	85%	CTAT-LR-Fusion	1	0	400	1	0	0	NA	0	285
positive	100GB	85%	FusionSeeker	2	0	400	1	0	0	NA	0	285
positive	100GB	85%	Genion	1	0	400	1	0	0	NA	0	285
positive	100GB	90%	FusionSeeker	3	0	400	1	0	0	NA	0	285
positive	100GB	90%	Genion	1	0	400	1	0	0	NA	0	285
positive	100GB	95%	FusionSeeker	6	1	400	0.8571428571428571	0.14285714285714285	0.0025	0.004914004914004914	0.0025	285
positive	100GB	85%	CTAT-LR-Fusion	1	0	400	1	0	0	NA	0	284
positive	100GB	85%	FusionSeeker	2	0	400	1	0	0	NA	0	284
positive	100GB	85%	Genion	1	0	400	1	0	0	NA	0	284
positive	100GB	90%	FusionSeeker	3	0	400	1	0	0	NA	0	284
positive	100GB	90%	Genion	1	0	400	1	0	0	NA	0	284
positive	100GB	95%	FusionSeeker	6	1	400	0.8571428571428571	0.14285714285714285	0.0025	0.004914004914004914	0.0025	284
positive	100GB	85%	CTAT-LR-Fusion	1	0	400	1	0	0	NA	0	283
positive	100GB	85%	FusionSeeker	2	0	400	1	0	0	NA	0	283
positive	100GB	85%	Genion	1	0	400	1	0	0	NA	0	283
positive	100GB	90%	FusionSeeker	4	0	400	1	0	0	NA	0	283
positive	100GB	90%	Genion	1	0	400	1	0	0	NA	0	283
positive	100GB	95%	FusionSeeker	6	1	400	0.8571428571428571	0.14285714285714285	0.0025	0.004914004914004914	0.0025	283
positive	100GB	85%	CTAT-LR-Fusion	1	0	400	1	0	0	NA	0	282
positive	100GB	85%	FusionSeeker	2	0	400	1	0	0	NA	0	282
positive	100GB	85%	Genion	1	0	400	1	0	0	NA	0	282
positive	100GB	90%	FusionSeeker	4	0	400	1	0	0	NA	0	282
positive	100GB	90%	Genion	1	0	400	1	0	0	NA	0	282
positive	100GB	95%	FusionSeeker	6	1	400	0.8571428571428571	0.14285714285714285	0.0025	0.004914004914004914	0.0025	282
positive	100GB	85%	CTAT-LR-Fusion	1	0	400	1	0	0	NA	0	281
positive	100GB	85%	FusionSeeker	2	0	400	1	0	0	NA	0	281
positive	100GB	85%	Genion	1	0	400	1	0	0	NA	0	281
positive	100GB	90%	FusionSeeker	4	0	400	1	0	0	NA	0	281
positive	100GB	90%	Genion	1	0	400	1	0	0	NA	0	281
positive	100GB	95%	FusionSeeker	6	1	400	0.8571428571428571	0.14285714285714285	0.0025	0.004914004914004914	0.0025	281
positive	100GB	85%	CTAT-LR-Fusion	1	0	400	1	0	0	NA	0	280
positive	100GB	85%	FusionSeeker	2	0	400	1	0	0	NA	0	280
positive	100GB	85%	Genion	1	0	400	1	0	0	NA	0	280
positive	100GB	90%	FusionSeeker	4	0	400	1	0	0	NA	0	280
positive	100GB	90%	Genion	1	0	400	1	0	0	NA	0	280
positive	100GB	95%	FusionSeeker	6	1	400	0.8571428571428571	0.14285714285714285	0.0025	0.004914004914004914	0.0025	280
positive	100GB	85%	CTAT-LR-Fusion	1	0	400	1	0	0	NA	0	279
positive	100GB	85%	FusionSeeker	2	0	400	1	0	0	NA	0	279
positive	100GB	85%	Genion	1	0	400	1	0	0	NA	0	279
positive	100GB	90%	FusionSeeker	4	0	400	1	0	0	NA	0	279
positive	100GB	90%	Genion	1	0	400	1	0	0	NA	0	279
positive	100GB	95%	FusionSeeker	6	1	400	0.8571428571428571	0.14285714285714285	0.0025	0.004914004914004914	0.0025	279
positive	100GB	85%	CTAT-LR-Fusion	1	0	400	1	0	0	NA	0	278
positive	100GB	85%	FusionSeeker	2	0	400	1	0	0	NA	0	278
positive	100GB	85%	Genion	1	0	400	1	0	0	NA	0	278
positive	100GB	90%	FusionSeeker	4	0	400	1	0	0	NA	0	278
positive	100GB	90%	Genion	1	0	400	1	0	0	NA	0	278
positive	100GB	95%	FusionSeeker	6	1	400	0.8571428571428571	0.14285714285714285	0.0025	0.004914004914004914	0.0025	278
positive	100GB	85%	CTAT-LR-Fusion	1	0	400	1	0	0	NA	0	277
positive	100GB	85%	FusionSeeker	2	0	400	1	0	0	NA	0	277
positive	100GB	85%	Genion	1	0	400	1	0	0	NA	0	277
positive	100GB	90%	FusionSeeker	4	0	400	1	0	0	NA	0	277
positive	100GB	90%	Genion	1	0	400	1	0	0	NA	0	277
positive	100GB	95%	FusionSeeker	6	1	400	0.8571428571428571	0.14285714285714285	0.0025	0.004914004914004914	0.0025	277
positive	100GB	85%	CTAT-LR-Fusion	1	0	400	1	0	0	NA	0	276
positive	100GB	85%	FusionSeeker	2	0	400	1	0	0	NA	0	276
positive	100GB	85%	Genion	1	0	400	1	0	0	NA	0	276
positive	100GB	90%	FusionSeeker	4	0	400	1	0	0	NA	0	276
positive	100GB	90%	Genion	1	0	400	1	0	0	NA	0	276
positive	100GB	95%	FusionSeeker	6	1	400	0.8571428571428571	0.14285714285714285	0.0025	0.004914004914004914	0.0025	276
positive	100GB	85%	CTAT-LR-Fusion	1	0	400	1	0	0	NA	0	275
positive	100GB	85%	FusionSeeker	2	0	400	1	0	0	NA	0	275
positive	100GB	85%	Genion	1	0	400	1	0	0	NA	0	275
positive	100GB	90%	FusionSeeker	4	0	400	1	0	0	NA	0	275
positive	100GB	90%	Genion	1	0	400	1	0	0	NA	0	275
positive	100GB	95%	FusionSeeker	6	1	400	0.8571428571428571	0.14285714285714285	0.0025	0.004914004914004914	0.0025	275
positive	100GB	85%	CTAT-LR-Fusion	1	0	400	1	0	0	NA	0	274
positive	100GB	85%	FusionSeeker	2	0	400	1	0	0	NA	0	274
positive	100GB	85%	Genion	1	0	400	1	0	0	NA	0	274
positive	100GB	90%	FusionSeeker	4	0	400	1	0	0	NA	0	274
positive	100GB	90%	Genion	1	0	400	1	0	0	NA	0	274
positive	100GB	95%	FusionSeeker	6	1	400	0.8571428571428571	0.14285714285714285	0.0025	0.004914004914004914	0.0025	274
positive	100GB	85%	CTAT-LR-Fusion	1	0	400	1	0	0	NA	0	273
positive	100GB	85%	FusionSeeker	2	0	400	1	0	0	NA	0	273
positive	100GB	85%	Genion	1	0	400	1	0	0	NA	0	273
positive	100GB	90%	FusionSeeker	4	0	400	1	0	0	NA	0	273
positive	100GB	90%	Genion	1	0	400	1	0	0	NA	0	273
positive	100GB	95%	FusionSeeker	6	1	400	0.8571428571428571	0.14285714285714285	0.0025	0.004914004914004914	0.0025	273
positive	100GB	85%	CTAT-LR-Fusion	1	0	400	1	0	0	NA	0	272
positive	100GB	85%	FusionSeeker	2	0	400	1	0	0	NA	0	272
positive	100GB	85%	Genion	1	0	400	1	0	0	NA	0	272
positive	100GB	90%	FusionSeeker	4	0	400	1	0	0	NA	0	272
positive	100GB	90%	Genion	1	0	400	1	0	0	NA	0	272
positive	100GB	95%	FusionSeeker	6	1	400	0.8571428571428571	0.14285714285714285	0.0025	0.004914004914004914	0.0025	272
positive	100GB	85%	CTAT-LR-Fusion	1	0	400	1	0	0	NA	0	271
positive	100GB	85%	FusionSeeker	2	0	400	1	0	0	NA	0	271
positive	100GB	85%	Genion	1	0	400	1	0	0	NA	0	271
positive	100GB	90%	FusionSeeker	4	0	400	1	0	0	NA	0	271
positive	100GB	90%	Genion	1	0	400	1	0	0	NA	0	271
positive	100GB	95%	FusionSeeker	6	1	400	0.8571428571428571	0.14285714285714285	0.0025	0.004914004914004914	0.0025	271
positive	100GB	85%	CTAT-LR-Fusion	1	0	400	1	0	0	NA	0	270
positive	100GB	85%	FusionSeeker	2	0	400	1	0	0	NA	0	270
positive	100GB	85%	Genion	1	0	400	1	0	0	NA	0	270
positive	100GB	90%	FusionSeeker	4	0	400	1	0	0	NA	0	270
positive	100GB	90%	Genion	1	0	400	1	0	0	NA	0	270
positive	100GB	95%	FusionSeeker	6	1	400	0.8571428571428571	0.14285714285714285	0.0025	0.004914004914004914	0.0025	270
positive	100GB	85%	CTAT-LR-Fusion	1	0	400	1	0	0	NA	0	269
positive	100GB	85%	FusionSeeker	2	0	400	1	0	0	NA	0	269
positive	100GB	85%	Genion	1	0	400	1	0	0	NA	0	269
positive	100GB	90%	FusionSeeker	4	0	400	1	0	0	NA	0	269
positive	100GB	90%	Genion	1	0	400	1	0	0	NA	0	269
positive	100GB	95%	FusionSeeker	6	1	400	0.8571428571428571	0.14285714285714285	0.0025	0.004914004914004914	0.0025	269
positive	100GB	85%	CTAT-LR-Fusion	1	0	400	1	0	0	NA	0	268
positive	100GB	85%	FusionSeeker	2	0	400	1	0	0	NA	0	268
positive	100GB	85%	Genion	1	0	400	1	0	0	NA	0	268
positive	100GB	90%	FusionSeeker	4	0	400	1	0	0	NA	0	268
positive	100GB	90%	Genion	1	0	400	1	0	0	NA	0	268
positive	100GB	95%	FusionSeeker	6	1	400	0.8571428571428571	0.14285714285714285	0.0025	0.004914004914004914	0.0025	268
positive	100GB	85%	CTAT-LR-Fusion	1	0	400	1	0	0	NA	0	267
positive	100GB	85%	FusionSeeker	2	0	400	1	0	0	NA	0	267
positive	100GB	85%	Genion	1	0	400	1	0	0	NA	0	267
positive	100GB	90%	FusionSeeker	4	0	400	1	0	0	NA	0	267
positive	100GB	90%	Genion	1	0	400	1	0	0	NA	0	267
positive	100GB	95%	FusionSeeker	6	1	400	0.8571428571428571	0.14285714285714285	0.0025	0.004914004914004914	0.0025	267
positive	100GB	85%	CTAT-LR-Fusion	1	0	400	1	0	0	NA	0	266
positive	100GB	85%	FusionSeeker	2	0	400	1	0	0	NA	0	266
positive	100GB	85%	Genion	1	0	400	1	0	0	NA	0	266
positive	100GB	90%	FusionSeeker	4	0	400	1	0	0	NA	0	266
positive	100GB	90%	Genion	1	0	400	1	0	0	NA	0	266
positive	100GB	95%	FusionSeeker	6	1	400	0.8571428571428571	0.14285714285714285	0.0025	0.004914004914004914	0.0025	266
positive	100GB	85%	CTAT-LR-Fusion	1	0	400	1	0	0	NA	0	265
positive	100GB	85%	FusionSeeker	2	0	400	1	0	0	NA	0	265
positive	100GB	85%	Genion	1	0	400	1	0	0	NA	0	265
positive	100GB	90%	FusionSeeker	4	0	400	1	0	0	NA	0	265
positive	100GB	90%	Genion	1	0	400	1	0	0	NA	0	265
positive	100GB	95%	FusionSeeker	6	1	400	0.8571428571428571	0.14285714285714285	0.0025	0.004914004914004914	0.0025	265
positive	100GB	85%	CTAT-LR-Fusion	1	0	400	1	0	0	NA	0	264
positive	100GB	85%	FusionSeeker	2	0	400	1	0	0	NA	0	264
positive	100GB	85%	Genion	1	0	400	1	0	0	NA	0	264
positive	100GB	90%	FusionSeeker	4	0	400	1	0	0	NA	0	264
positive	100GB	90%	Genion	1	0	400	1	0	0	NA	0	264
positive	100GB	95%	FusionSeeker	6	1	400	0.8571428571428571	0.14285714285714285	0.0025	0.004914004914004914	0.0025	264
positive	100GB	85%	CTAT-LR-Fusion	1	0	400	1	0	0	NA	0	263
positive	100GB	85%	FusionSeeker	2	0	400	1	0	0	NA	0	263
positive	100GB	85%	Genion	1	0	400	1	0	0	NA	0	263
positive	100GB	90%	FusionSeeker	4	0	400	1	0	0	NA	0	263
positive	100GB	90%	Genion	1	0	400	1	0	0	NA	0	263
positive	100GB	95%	FusionSeeker	7	1	400	0.875	0.125	0.0025	0.004901960784313725	0.0025	263
positive	100GB	85%	CTAT-LR-Fusion	1	0	400	1	0	0	NA	0	262
positive	100GB	85%	FusionSeeker	2	0	400	1	0	0	NA	0	262
positive	100GB	85%	Genion	1	0	400	1	0	0	NA	0	262
positive	100GB	90%	FusionSeeker	4	0	400	1	0	0	NA	0	262
positive	100GB	90%	Genion	1	0	400	1	0	0	NA	0	262
positive	100GB	95%	FusionSeeker	7	1	400	0.875	0.125	0.0025	0.004901960784313725	0.0025	262
positive	100GB	85%	CTAT-LR-Fusion	1	0	400	1	0	0	NA	0	261
positive	100GB	85%	FusionSeeker	2	0	400	1	0	0	NA	0	261
positive	100GB	85%	Genion	1	0	400	1	0	0	NA	0	261
positive	100GB	90%	FusionSeeker	4	0	400	1	0	0	NA	0	261
positive	100GB	90%	Genion	1	0	400	1	0	0	NA	0	261
positive	100GB	95%	FusionSeeker	7	1	400	0.875	0.125	0.0025	0.004901960784313725	0.0025	261
positive	100GB	85%	CTAT-LR-Fusion	1	0	400	1	0	0	NA	0	260
positive	100GB	85%	FusionSeeker	2	0	400	1	0	0	NA	0	260
positive	100GB	85%	Genion	1	0	400	1	0	0	NA	0	260
positive	100GB	90%	FusionSeeker	4	0	400	1	0	0	NA	0	260
positive	100GB	90%	Genion	1	0	400	1	0	0	NA	0	260
positive	100GB	95%	FusionSeeker	7	1	400	0.875	0.125	0.0025	0.004901960784313725	0.0025	260
positive	100GB	85%	CTAT-LR-Fusion	1	0	400	1	0	0	NA	0	259
positive	100GB	85%	FusionSeeker	2	0	400	1	0	0	NA	0	259
positive	100GB	85%	Genion	1	0	400	1	0	0	NA	0	259
positive	100GB	90%	FusionSeeker	4	0	400	1	0	0	NA	0	259
positive	100GB	90%	Genion	1	0	400	1	0	0	NA	0	259
positive	100GB	95%	FusionSeeker	7	1	400	0.875	0.125	0.0025	0.004901960784313725	0.0025	259
positive	100GB	85%	CTAT-LR-Fusion	1	0	400	1	0	0	NA	0	258
positive	100GB	85%	FusionSeeker	2	0	400	1	0	0	NA	0	258
positive	100GB	85%	Genion	1	0	400	1	0	0	NA	0	258
positive	100GB	90%	FusionSeeker	4	0	400	1	0	0	NA	0	258
positive	100GB	90%	Genion	1	0	400	1	0	0	NA	0	258
positive	100GB	95%	FusionSeeker	7	1	400	0.875	0.125	0.0025	0.004901960784313725	0.0025	258
positive	100GB	85%	CTAT-LR-Fusion	1	0	400	1	0	0	NA	0	257
positive	100GB	85%	FusionSeeker	2	0	400	1	0	0	NA	0	257
positive	100GB	85%	Genion	1	0	400	1	0	0	NA	0	257
positive	100GB	90%	FusionSeeker	4	0	400	1	0	0	NA	0	257
positive	100GB	90%	Genion	1	0	400	1	0	0	NA	0	257
positive	100GB	95%	FusionSeeker	7	1	400	0.875	0.125	0.0025	0.004901960784313725	0.0025	257
positive	100GB	85%	CTAT-LR-Fusion	1	0	400	1	0	0	NA	0	256
positive	100GB	85%	FusionSeeker	2	0	400	1	0	0	NA	0	256
positive	100GB	85%	Genion	1	0	400	1	0	0	NA	0	256
positive	100GB	90%	FusionSeeker	4	0	400	1	0	0	NA	0	256
positive	100GB	90%	Genion	1	0	400	1	0	0	NA	0	256
positive	100GB	95%	FusionSeeker	8	1	400	0.8888888888888888	0.1111111111111111	0.0025	0.004889975550122249	0.0025	256
positive	100GB	85%	CTAT-LR-Fusion	1	0	400	1	0	0	NA	0	255
positive	100GB	85%	FusionSeeker	2	0	400	1	0	0	NA	0	255
positive	100GB	85%	Genion	1	0	400	1	0	0	NA	0	255
positive	100GB	90%	FusionSeeker	4	0	400	1	0	0	NA	0	255
positive	100GB	90%	Genion	1	0	400	1	0	0	NA	0	255
positive	100GB	95%	FusionSeeker	8	1	400	0.8888888888888888	0.1111111111111111	0.0025	0.004889975550122249	0.0025	255
positive	100GB	85%	CTAT-LR-Fusion	1	0	400	1	0	0	NA	0	254
positive	100GB	85%	FusionSeeker	2	0	400	1	0	0	NA	0	254
positive	100GB	85%	Genion	1	0	400	1	0	0	NA	0	254
positive	100GB	90%	FusionSeeker	4	0	400	1	0	0	NA	0	254
positive	100GB	90%	Genion	1	0	400	1	0	0	NA	0	254
positive	100GB	95%	FusionSeeker	8	1	400	0.8888888888888888	0.1111111111111111	0.0025	0.004889975550122249	0.0025	254
positive	100GB	85%	CTAT-LR-Fusion	1	0	400	1	0	0	NA	0	253
positive	100GB	85%	FusionSeeker	2	0	400	1	0	0	NA	0	253
positive	100GB	85%	Genion	1	0	400	1	0	0	NA	0	253
positive	100GB	90%	FusionSeeker	4	0	400	1	0	0	NA	0	253
positive	100GB	90%	Genion	1	0	400	1	0	0	NA	0	253
positive	100GB	95%	FusionSeeker	8	1	400	0.8888888888888888	0.1111111111111111	0.0025	0.004889975550122249	0.0025	253
positive	100GB	85%	CTAT-LR-Fusion	1	0	400	1	0	0	NA	0	252
positive	100GB	85%	FusionSeeker	2	0	400	1	0	0	NA	0	252
positive	100GB	85%	Genion	1	0	400	1	0	0	NA	0	252
positive	100GB	90%	FusionSeeker	4	0	400	1	0	0	NA	0	252
positive	100GB	90%	Genion	1	0	400	1	0	0	NA	0	252
positive	100GB	95%	FusionSeeker	8	1	400	0.8888888888888888	0.1111111111111111	0.0025	0.004889975550122249	0.0025	252
positive	100GB	85%	CTAT-LR-Fusion	1	0	400	1	0	0	NA	0	251
positive	100GB	85%	FusionSeeker	2	0	400	1	0	0	NA	0	251
positive	100GB	85%	Genion	1	0	400	1	0	0	NA	0	251
positive	100GB	90%	FusionSeeker	4	0	400	1	0	0	NA	0	251
positive	100GB	90%	Genion	1	0	400	1	0	0	NA	0	251
positive	100GB	95%	FusionSeeker	8	1	400	0.8888888888888888	0.1111111111111111	0.0025	0.004889975550122249	0.0025	251
positive	100GB	85%	CTAT-LR-Fusion	1	0	400	1	0	0	NA	0	250
positive	100GB	85%	FusionSeeker	2	0	400	1	0	0	NA	0	250
positive	100GB	85%	Genion	1	0	400	1	0	0	NA	0	250
positive	100GB	90%	FusionSeeker	4	0	400	1	0	0	NA	0	250
positive	100GB	90%	Genion	1	0	400	1	0	0	NA	0	250
positive	100GB	95%	FusionSeeker	8	1	400	0.8888888888888888	0.1111111111111111	0.0025	0.004889975550122249	0.0025	250
positive	100GB	85%	CTAT-LR-Fusion	1	0	400	1	0	0	NA	0	249
positive	100GB	85%	FusionSeeker	2	0	400	1	0	0	NA	0	249
positive	100GB	85%	Genion	1	0	400	1	0	0	NA	0	249
positive	100GB	90%	FusionSeeker	4	0	400	1	0	0	NA	0	249
positive	100GB	90%	Genion	1	0	400	1	0	0	NA	0	249
positive	100GB	95%	FusionSeeker	8	1	400	0.8888888888888888	0.1111111111111111	0.0025	0.004889975550122249	0.0025	249
positive	100GB	85%	CTAT-LR-Fusion	1	0	400	1	0	0	NA	0	248
positive	100GB	85%	FusionSeeker	2	0	400	1	0	0	NA	0	248
positive	100GB	85%	Genion	1	0	400	1	0	0	NA	0	248
positive	100GB	90%	FusionSeeker	4	0	400	1	0	0	NA	0	248
positive	100GB	90%	Genion	1	0	400	1	0	0	NA	0	248
positive	100GB	95%	FusionSeeker	8	1	400	0.8888888888888888	0.1111111111111111	0.0025	0.004889975550122249	0.0025	248
positive	100GB	85%	CTAT-LR-Fusion	1	0	400	1	0	0	NA	0	247
positive	100GB	85%	FusionSeeker	2	0	400	1	0	0	NA	0	247
positive	100GB	85%	Genion	1	0	400	1	0	0	NA	0	247
positive	100GB	90%	FusionSeeker	4	0	400	1	0	0	NA	0	247
positive	100GB	90%	Genion	1	0	400	1	0	0	NA	0	247
positive	100GB	95%	FusionSeeker	8	1	400	0.8888888888888888	0.1111111111111111	0.0025	0.004889975550122249	0.0025	247
positive	100GB	85%	CTAT-LR-Fusion	1	0	400	1	0	0	NA	0	246
positive	100GB	85%	FusionSeeker	2	0	400	1	0	0	NA	0	246
positive	100GB	85%	Genion	1	0	400	1	0	0	NA	0	246
positive	100GB	90%	FusionSeeker	4	0	400	1	0	0	NA	0	246
positive	100GB	90%	Genion	1	0	400	1	0	0	NA	0	246
positive	100GB	95%	FusionSeeker	8	1	400	0.8888888888888888	0.1111111111111111	0.0025	0.004889975550122249	0.0025	246
positive	100GB	85%	CTAT-LR-Fusion	1	0	400	1	0	0	NA	0	245
positive	100GB	85%	FusionSeeker	2	0	400	1	0	0	NA	0	245
positive	100GB	85%	Genion	1	0	400	1	0	0	NA	0	245
positive	100GB	90%	FusionSeeker	4	0	400	1	0	0	NA	0	245
positive	100GB	90%	Genion	1	0	400	1	0	0	NA	0	245
positive	100GB	95%	FusionSeeker	8	1	400	0.8888888888888888	0.1111111111111111	0.0025	0.004889975550122249	0.0025	245
positive	100GB	85%	CTAT-LR-Fusion	1	0	400	1	0	0	NA	0	244
positive	100GB	85%	FusionSeeker	2	0	400	1	0	0	NA	0	244
positive	100GB	85%	Genion	1	0	400	1	0	0	NA	0	244
positive	100GB	90%	FusionSeeker	4	0	400	1	0	0	NA	0	244
positive	100GB	90%	Genion	1	0	400	1	0	0	NA	0	244
positive	100GB	95%	FusionSeeker	8	1	400	0.8888888888888888	0.1111111111111111	0.0025	0.004889975550122249	0.0025	244
positive	100GB	85%	CTAT-LR-Fusion	1	0	400	1	0	0	NA	0	243
positive	100GB	85%	FusionSeeker	3	0	400	1	0	0	NA	0	243
positive	100GB	85%	Genion	1	0	400	1	0	0	NA	0	243
positive	100GB	90%	FusionSeeker	4	0	400	1	0	0	NA	0	243
positive	100GB	90%	Genion	1	0	400	1	0	0	NA	0	243
positive	100GB	95%	FusionSeeker	8	1	400	0.8888888888888888	0.1111111111111111	0.0025	0.004889975550122249	0.0025	243
positive	100GB	85%	CTAT-LR-Fusion	1	0	400	1	0	0	NA	0	242
positive	100GB	85%	FusionSeeker	3	0	400	1	0	0	NA	0	242
positive	100GB	85%	Genion	2	0	400	1	0	0	NA	0	242
positive	100GB	90%	FusionSeeker	4	0	400	1	0	0	NA	0	242
positive	100GB	90%	Genion	1	0	400	1	0	0	NA	0	242
positive	100GB	95%	FusionSeeker	8	1	400	0.8888888888888888	0.1111111111111111	0.0025	0.004889975550122249	0.0025	242
positive	100GB	85%	CTAT-LR-Fusion	1	0	400	1	0	0	NA	0	241
positive	100GB	85%	FusionSeeker	3	0	400	1	0	0	NA	0	241
positive	100GB	85%	Genion	2	0	400	1	0	0	NA	0	241
positive	100GB	90%	FusionSeeker	4	0	400	1	0	0	NA	0	241
positive	100GB	90%	Genion	1	0	400	1	0	0	NA	0	241
positive	100GB	95%	FusionSeeker	8	1	400	0.8888888888888888	0.1111111111111111	0.0025	0.004889975550122249	0.0025	241
positive	100GB	85%	CTAT-LR-Fusion	1	0	400	1	0	0	NA	0	240
positive	100GB	85%	FusionSeeker	3	0	400	1	0	0	NA	0	240
positive	100GB	85%	Genion	2	0	400	1	0	0	NA	0	240
positive	100GB	90%	FusionSeeker	4	0	400	1	0	0	NA	0	240
positive	100GB	90%	Genion	1	0	400	1	0	0	NA	0	240
positive	100GB	95%	FusionSeeker	8	1	400	0.8888888888888888	0.1111111111111111	0.0025	0.004889975550122249	0.0025	240
positive	100GB	85%	CTAT-LR-Fusion	1	0	400	1	0	0	NA	0	239
positive	100GB	85%	FusionSeeker	3	0	400	1	0	0	NA	0	239
positive	100GB	85%	Genion	2	0	400	1	0	0	NA	0	239
positive	100GB	90%	FusionSeeker	4	0	400	1	0	0	NA	0	239
positive	100GB	90%	Genion	1	0	400	1	0	0	NA	0	239
positive	100GB	95%	FusionSeeker	8	1	400	0.8888888888888888	0.1111111111111111	0.0025	0.004889975550122249	0.0025	239
positive	100GB	85%	CTAT-LR-Fusion	1	0	400	1	0	0	NA	0	238
positive	100GB	85%	FusionSeeker	3	0	400	1	0	0	NA	0	238
positive	100GB	85%	Genion	2	0	400	1	0	0	NA	0	238
positive	100GB	90%	FusionSeeker	4	0	400	1	0	0	NA	0	238
positive	100GB	90%	Genion	1	0	400	1	0	0	NA	0	238
positive	100GB	95%	FusionSeeker	8	1	400	0.8888888888888888	0.1111111111111111	0.0025	0.004889975550122249	0.0025	238
positive	100GB	85%	CTAT-LR-Fusion	1	0	400	1	0	0	NA	0	237
positive	100GB	85%	FusionSeeker	3	0	400	1	0	0	NA	0	237
positive	100GB	85%	Genion	2	0	400	1	0	0	NA	0	237
positive	100GB	90%	FusionSeeker	4	0	400	1	0	0	NA	0	237
positive	100GB	90%	Genion	1	0	400	1	0	0	NA	0	237
positive	100GB	95%	FusionSeeker	8	1	400	0.8888888888888888	0.1111111111111111	0.0025	0.004889975550122249	0.0025	237
positive	100GB	85%	CTAT-LR-Fusion	1	0	400	1	0	0	NA	0	236
positive	100GB	85%	FusionSeeker	3	0	400	1	0	0	NA	0	236
positive	100GB	85%	Genion	2	0	400	1	0	0	NA	0	236
positive	100GB	90%	FusionSeeker	4	0	400	1	0	0	NA	0	236
positive	100GB	90%	Genion	1	0	400	1	0	0	NA	0	236
positive	100GB	95%	FusionSeeker	8	1	400	0.8888888888888888	0.1111111111111111	0.0025	0.004889975550122249	0.0025	236
positive	100GB	85%	CTAT-LR-Fusion	1	0	400	1	0	0	NA	0	235
positive	100GB	85%	FusionSeeker	3	0	400	1	0	0	NA	0	235
positive	100GB	85%	Genion	2	0	400	1	0	0	NA	0	235
positive	100GB	90%	FusionSeeker	4	0	400	1	0	0	NA	0	235
positive	100GB	90%	Genion	1	0	400	1	0	0	NA	0	235
positive	100GB	95%	FusionSeeker	8	1	400	0.8888888888888888	0.1111111111111111	0.0025	0.004889975550122249	0.0025	235
positive	100GB	85%	CTAT-LR-Fusion	1	0	400	1	0	0	NA	0	234
positive	100GB	85%	FusionSeeker	3	0	400	1	0	0	NA	0	234
positive	100GB	85%	Genion	2	0	400	1	0	0	NA	0	234
positive	100GB	90%	FusionSeeker	4	0	400	1	0	0	NA	0	234
positive	100GB	90%	Genion	1	0	400	1	0	0	NA	0	234
positive	100GB	95%	FusionSeeker	9	1	400	0.9	0.1	0.0025	0.004878048780487805	0.0025	234
positive	100GB	85%	CTAT-LR-Fusion	1	0	400	1	0	0	NA	0	233
positive	100GB	85%	FusionSeeker	3	0	400	1	0	0	NA	0	233
positive	100GB	85%	Genion	2	0	400	1	0	0	NA	0	233
positive	100GB	90%	FusionSeeker	4	0	400	1	0	0	NA	0	233
positive	100GB	90%	Genion	1	0	400	1	0	0	NA	0	233
positive	100GB	95%	FusionSeeker	9	1	400	0.9	0.1	0.0025	0.004878048780487805	0.0025	233
positive	100GB	85%	CTAT-LR-Fusion	1	0	400	1	0	0	NA	0	232
positive	100GB	85%	FusionSeeker	3	0	400	1	0	0	NA	0	232
positive	100GB	85%	Genion	2	0	400	1	0	0	NA	0	232
positive	100GB	90%	FusionSeeker	4	0	400	1	0	0	NA	0	232
positive	100GB	90%	Genion	1	0	400	1	0	0	NA	0	232
positive	100GB	95%	FusionSeeker	9	1	400	0.9	0.1	0.0025	0.004878048780487805	0.0025	232
positive	100GB	85%	CTAT-LR-Fusion	1	0	400	1	0	0	NA	0	231
positive	100GB	85%	FusionSeeker	3	0	400	1	0	0	NA	0	231
positive	100GB	85%	Genion	2	0	400	1	0	0	NA	0	231
positive	100GB	90%	FusionSeeker	4	0	400	1	0	0	NA	0	231
positive	100GB	90%	Genion	1	0	400	1	0	0	NA	0	231
positive	100GB	95%	FusionSeeker	9	1	400	0.9	0.1	0.0025	0.004878048780487805	0.0025	231
positive	100GB	85%	CTAT-LR-Fusion	1	0	400	1	0	0	NA	0	230
positive	100GB	85%	FusionSeeker	3	0	400	1	0	0	NA	0	230
positive	100GB	85%	Genion	2	0	400	1	0	0	NA	0	230
positive	100GB	90%	FusionSeeker	4	0	400	1	0	0	NA	0	230
positive	100GB	90%	Genion	1	0	400	1	0	0	NA	0	230
positive	100GB	95%	FusionSeeker	9	1	400	0.9	0.1	0.0025	0.004878048780487805	0.0025	230
positive	100GB	85%	CTAT-LR-Fusion	1	0	400	1	0	0	NA	0	229
positive	100GB	85%	FusionSeeker	3	0	400	1	0	0	NA	0	229
positive	100GB	85%	Genion	2	0	400	1	0	0	NA	0	229
positive	100GB	90%	FusionSeeker	4	0	400	1	0	0	NA	0	229
positive	100GB	90%	Genion	1	0	400	1	0	0	NA	0	229
positive	100GB	95%	FusionSeeker	9	1	400	0.9	0.1	0.0025	0.004878048780487805	0.0025	229
positive	100GB	85%	CTAT-LR-Fusion	1	0	400	1	0	0	NA	0	228
positive	100GB	85%	FusionSeeker	4	0	400	1	0	0	NA	0	228
positive	100GB	85%	Genion	2	0	400	1	0	0	NA	0	228
positive	100GB	90%	FusionSeeker	5	0	400	1	0	0	NA	0	228
positive	100GB	90%	Genion	1	0	400	1	0	0	NA	0	228
positive	100GB	95%	FusionSeeker	9	1	400	0.9	0.1	0.0025	0.004878048780487805	0.0025	228
positive	100GB	85%	CTAT-LR-Fusion	1	0	400	1	0	0	NA	0	227
positive	100GB	85%	FusionSeeker	4	0	400	1	0	0	NA	0	227
positive	100GB	85%	Genion	2	0	400	1	0	0	NA	0	227
positive	100GB	90%	FusionSeeker	5	0	400	1	0	0	NA	0	227
positive	100GB	90%	Genion	1	0	400	1	0	0	NA	0	227
positive	100GB	95%	FusionSeeker	9	1	400	0.9	0.1	0.0025	0.004878048780487805	0.0025	227
positive	100GB	85%	CTAT-LR-Fusion	1	0	400	1	0	0	NA	0	226
positive	100GB	85%	FusionSeeker	4	0	400	1	0	0	NA	0	226
positive	100GB	85%	Genion	2	0	400	1	0	0	NA	0	226
positive	100GB	90%	FusionSeeker	5	0	400	1	0	0	NA	0	226
positive	100GB	90%	Genion	1	0	400	1	0	0	NA	0	226
positive	100GB	95%	FusionSeeker	9	1	400	0.9	0.1	0.0025	0.004878048780487805	0.0025	226
positive	100GB	85%	CTAT-LR-Fusion	1	0	400	1	0	0	NA	0	225
positive	100GB	85%	FusionSeeker	5	0	400	1	0	0	NA	0	225
positive	100GB	85%	Genion	2	0	400	1	0	0	NA	0	225
positive	100GB	90%	FusionSeeker	5	0	400	1	0	0	NA	0	225
positive	100GB	90%	Genion	1	0	400	1	0	0	NA	0	225
positive	100GB	95%	FusionSeeker	9	1	400	0.9	0.1	0.0025	0.004878048780487805	0.0025	225
positive	100GB	85%	CTAT-LR-Fusion	1	0	400	1	0	0	NA	0	224
positive	100GB	85%	FusionSeeker	5	0	400	1	0	0	NA	0	224
positive	100GB	85%	Genion	2	0	400	1	0	0	NA	0	224
positive	100GB	90%	FusionSeeker	5	0	400	1	0	0	NA	0	224
positive	100GB	90%	Genion	1	0	400	1	0	0	NA	0	224
positive	100GB	95%	FusionSeeker	9	1	400	0.9	0.1	0.0025	0.004878048780487805	0.0025	224
positive	100GB	85%	CTAT-LR-Fusion	1	0	400	1	0	0	NA	0	223
positive	100GB	85%	FusionSeeker	5	0	400	1	0	0	NA	0	223
positive	100GB	85%	Genion	2	0	400	1	0	0	NA	0	223
positive	100GB	90%	FusionSeeker	5	0	400	1	0	0	NA	0	223
positive	100GB	90%	Genion	1	0	400	1	0	0	NA	0	223
positive	100GB	95%	FusionSeeker	9	1	400	0.9	0.1	0.0025	0.004878048780487805	0.0025	223
positive	100GB	85%	CTAT-LR-Fusion	1	0	400	1	0	0	NA	0	222
positive	100GB	85%	FusionSeeker	5	0	400	1	0	0	NA	0	222
positive	100GB	85%	Genion	2	0	400	1	0	0	NA	0	222
positive	100GB	90%	FusionSeeker	5	0	400	1	0	0	NA	0	222
positive	100GB	90%	Genion	1	0	400	1	0	0	NA	0	222
positive	100GB	95%	FusionSeeker	10	1	400	0.9090909090909091	0.09090909090909091	0.0025	0.004866180048661801	0.0025	222
positive	10GB	95%	FusionSeeker	1	0	400	1	0	0	NA	0	222
positive	100GB	85%	CTAT-LR-Fusion	1	0	400	1	0	0	NA	0	221
positive	100GB	85%	FusionSeeker	5	0	400	1	0	0	NA	0	221
positive	100GB	85%	Genion	2	0	400	1	0	0	NA	0	221
positive	100GB	90%	FusionSeeker	5	0	400	1	0	0	NA	0	221
positive	100GB	90%	Genion	1	0	400	1	0	0	NA	0	221
positive	100GB	95%	FusionSeeker	10	1	400	0.9090909090909091	0.09090909090909091	0.0025	0.004866180048661801	0.0025	221
positive	10GB	95%	FusionSeeker	1	0	400	1	0	0	NA	0	221
positive	100GB	85%	CTAT-LR-Fusion	1	0	400	1	0	0	NA	0	220
positive	100GB	85%	FusionSeeker	5	0	400	1	0	0	NA	0	220
positive	100GB	85%	Genion	2	0	400	1	0	0	NA	0	220
positive	100GB	90%	FusionSeeker	5	0	400	1	0	0	NA	0	220
positive	100GB	90%	Genion	1	0	400	1	0	0	NA	0	220
positive	100GB	95%	FusionSeeker	10	1	400	0.9090909090909091	0.09090909090909091	0.0025	0.004866180048661801	0.0025	220
positive	10GB	95%	FusionSeeker	1	0	400	1	0	0	NA	0	220
positive	100GB	85%	CTAT-LR-Fusion	1	0	400	1	0	0	NA	0	219
positive	100GB	85%	FusionSeeker	5	0	400	1	0	0	NA	0	219
positive	100GB	85%	Genion	2	0	400	1	0	0	NA	0	219
positive	100GB	90%	FusionSeeker	5	0	400	1	0	0	NA	0	219
positive	100GB	90%	Genion	1	0	400	1	0	0	NA	0	219
positive	100GB	95%	FusionSeeker	10	1	400	0.9090909090909091	0.09090909090909091	0.0025	0.004866180048661801	0.0025	219
positive	10GB	95%	FusionSeeker	1	0	400	1	0	0	NA	0	219
positive	100GB	85%	CTAT-LR-Fusion	1	0	400	1	0	0	NA	0	218
positive	100GB	85%	FusionSeeker	5	0	400	1	0	0	NA	0	218
positive	100GB	85%	Genion	2	0	400	1	0	0	NA	0	218
positive	100GB	90%	FusionSeeker	6	0	400	1	0	0	NA	0	218
positive	100GB	90%	Genion	1	0	400	1	0	0	NA	0	218
positive	100GB	95%	FusionSeeker	10	1	400	0.9090909090909091	0.09090909090909091	0.0025	0.004866180048661801	0.0025	218
positive	10GB	95%	FusionSeeker	1	0	400	1	0	0	NA	0	218
positive	100GB	85%	CTAT-LR-Fusion	1	0	400	1	0	0	NA	0	217
positive	100GB	85%	FusionSeeker	5	0	400	1	0	0	NA	0	217
positive	100GB	85%	Genion	2	0	400	1	0	0	NA	0	217
positive	100GB	90%	FusionSeeker	6	0	400	1	0	0	NA	0	217
positive	100GB	90%	Genion	1	0	400	1	0	0	NA	0	217
positive	100GB	95%	FusionSeeker	10	1	400	0.9090909090909091	0.09090909090909091	0.0025	0.004866180048661801	0.0025	217
positive	10GB	95%	FusionSeeker	1	0	400	1	0	0	NA	0	217
positive	100GB	85%	CTAT-LR-Fusion	1	0	400	1	0	0	NA	0	216
positive	100GB	85%	FusionSeeker	5	0	400	1	0	0	NA	0	216
positive	100GB	85%	Genion	2	0	400	1	0	0	NA	0	216
positive	100GB	90%	FusionSeeker	6	0	400	1	0	0	NA	0	216
positive	100GB	90%	Genion	1	0	400	1	0	0	NA	0	216
positive	100GB	95%	FusionSeeker	10	1	400	0.9090909090909091	0.09090909090909091	0.0025	0.004866180048661801	0.0025	216
positive	10GB	95%	FusionSeeker	1	0	400	1	0	0	NA	0	216
positive	100GB	85%	CTAT-LR-Fusion	1	0	400	1	0	0	NA	0	215
positive	100GB	85%	FusionSeeker	5	0	400	1	0	0	NA	0	215
positive	100GB	85%	Genion	2	0	400	1	0	0	NA	0	215
positive	100GB	90%	FusionSeeker	6	0	400	1	0	0	NA	0	215
positive	100GB	90%	Genion	1	0	400	1	0	0	NA	0	215
positive	100GB	95%	FusionSeeker	10	1	400	0.9090909090909091	0.09090909090909091	0.0025	0.004866180048661801	0.0025	215
positive	10GB	95%	FusionSeeker	1	0	400	1	0	0	NA	0	215
positive	100GB	85%	CTAT-LR-Fusion	1	0	400	1	0	0	NA	0	214
positive	100GB	85%	FusionSeeker	5	0	400	1	0	0	NA	0	214
positive	100GB	85%	Genion	2	0	400	1	0	0	NA	0	214
positive	100GB	90%	FusionSeeker	6	0	400	1	0	0	NA	0	214
positive	100GB	90%	Genion	1	0	400	1	0	0	NA	0	214
positive	100GB	95%	FusionSeeker	10	1	400	0.9090909090909091	0.09090909090909091	0.0025	0.004866180048661801	0.0025	214
positive	10GB	95%	FusionSeeker	1	0	400	1	0	0	NA	0	214
positive	100GB	85%	CTAT-LR-Fusion	1	0	400	1	0	0	NA	0	213
positive	100GB	85%	FusionSeeker	5	0	400	1	0	0	NA	0	213
positive	100GB	85%	Genion	2	0	400	1	0	0	NA	0	213
positive	100GB	90%	FusionSeeker	6	0	400	1	0	0	NA	0	213
positive	100GB	90%	Genion	1	0	400	1	0	0	NA	0	213
positive	100GB	95%	FusionSeeker	10	1	400	0.9090909090909091	0.09090909090909091	0.0025	0.004866180048661801	0.0025	213
positive	10GB	95%	FusionSeeker	1	0	400	1	0	0	NA	0	213
positive	100GB	85%	CTAT-LR-Fusion	1	0	400	1	0	0	NA	0	212
positive	100GB	85%	FusionSeeker	5	0	400	1	0	0	NA	0	212
positive	100GB	85%	Genion	2	0	400	1	0	0	NA	0	212
positive	100GB	90%	FusionSeeker	6	0	400	1	0	0	NA	0	212
positive	100GB	90%	Genion	1	0	400	1	0	0	NA	0	212
positive	100GB	95%	FusionSeeker	10	1	400	0.9090909090909091	0.09090909090909091	0.0025	0.004866180048661801	0.0025	212
positive	10GB	95%	FusionSeeker	1	0	400	1	0	0	NA	0	212
positive	100GB	85%	CTAT-LR-Fusion	1	0	400	1	0	0	NA	0	211
positive	100GB	85%	FusionSeeker	5	0	400	1	0	0	NA	0	211
positive	100GB	85%	Genion	2	0	400	1	0	0	NA	0	211
positive	100GB	90%	FusionSeeker	6	0	400	1	0	0	NA	0	211
positive	100GB	90%	Genion	1	0	400	1	0	0	NA	0	211
positive	100GB	95%	FusionSeeker	10	1	400	0.9090909090909091	0.09090909090909091	0.0025	0.004866180048661801	0.0025	211
positive	10GB	95%	FusionSeeker	1	0	400	1	0	0	NA	0	211
positive	100GB	85%	CTAT-LR-Fusion	1	0	400	1	0	0	NA	0	210
positive	100GB	85%	FusionSeeker	5	0	400	1	0	0	NA	0	210
positive	100GB	85%	Genion	2	0	400	1	0	0	NA	0	210
positive	100GB	90%	FusionSeeker	6	0	400	1	0	0	NA	0	210
positive	100GB	90%	Genion	1	0	400	1	0	0	NA	0	210
positive	100GB	95%	FusionSeeker	10	1	400	0.9090909090909091	0.09090909090909091	0.0025	0.004866180048661801	0.0025	210
positive	10GB	95%	FusionSeeker	1	0	400	1	0	0	NA	0	210
positive	100GB	85%	CTAT-LR-Fusion	1	0	400	1	0	0	NA	0	209
positive	100GB	85%	FusionSeeker	6	0	400	1	0	0	NA	0	209
positive	100GB	85%	Genion	2	0	400	1	0	0	NA	0	209
positive	100GB	90%	FusionSeeker	6	0	400	1	0	0	NA	0	209
positive	100GB	90%	Genion	1	0	400	1	0	0	NA	0	209
positive	100GB	95%	FusionSeeker	10	1	400	0.9090909090909091	0.09090909090909091	0.0025	0.004866180048661801	0.0025	209
positive	10GB	95%	FusionSeeker	1	0	400	1	0	0	NA	0	209
positive	100GB	85%	CTAT-LR-Fusion	1	0	400	1	0	0	NA	0	208
positive	100GB	85%	FusionSeeker	6	0	400	1	0	0	NA	0	208
positive	100GB	85%	Genion	2	0	400	1	0	0	NA	0	208
positive	100GB	90%	FusionSeeker	6	0	400	1	0	0	NA	0	208
positive	100GB	90%	Genion	1	0	400	1	0	0	NA	0	208
positive	100GB	95%	FusionSeeker	10	1	400	0.9090909090909091	0.09090909090909091	0.0025	0.004866180048661801	0.0025	208
positive	10GB	95%	FusionSeeker	1	0	400	1	0	0	NA	0	208
positive	100GB	85%	CTAT-LR-Fusion	1	0	400	1	0	0	NA	0	207
positive	100GB	85%	FusionSeeker	6	0	400	1	0	0	NA	0	207
positive	100GB	85%	Genion	2	0	400	1	0	0	NA	0	207
positive	100GB	90%	FusionSeeker	6	0	400	1	0	0	NA	0	207
positive	100GB	90%	Genion	1	0	400	1	0	0	NA	0	207
positive	100GB	95%	FusionSeeker	10	1	400	0.9090909090909091	0.09090909090909091	0.0025	0.004866180048661801	0.0025	207
positive	10GB	95%	FusionSeeker	1	0	400	1	0	0	NA	0	207
positive	100GB	85%	CTAT-LR-Fusion	1	0	400	1	0	0	NA	0	206
positive	100GB	85%	FusionSeeker	6	0	400	1	0	0	NA	0	206
positive	100GB	85%	Genion	2	0	400	1	0	0	NA	0	206
positive	100GB	90%	FusionSeeker	6	0	400	1	0	0	NA	0	206
positive	100GB	90%	Genion	1	0	400	1	0	0	NA	0	206
positive	100GB	95%	FusionSeeker	10	1	400	0.9090909090909091	0.09090909090909091	0.0025	0.004866180048661801	0.0025	206
positive	10GB	95%	FusionSeeker	1	0	400	1	0	0	NA	0	206
positive	100GB	85%	CTAT-LR-Fusion	1	0	400	1	0	0	NA	0	205
positive	100GB	85%	FusionSeeker	6	0	400	1	0	0	NA	0	205
positive	100GB	85%	Genion	2	0	400	1	0	0	NA	0	205
positive	100GB	90%	FusionSeeker	6	0	400	1	0	0	NA	0	205
positive	100GB	90%	Genion	1	0	400	1	0	0	NA	0	205
positive	100GB	95%	FusionSeeker	10	1	400	0.9090909090909091	0.09090909090909091	0.0025	0.004866180048661801	0.0025	205
positive	10GB	95%	FusionSeeker	1	0	400	1	0	0	NA	0	205
positive	100GB	85%	CTAT-LR-Fusion	1	0	400	1	0	0	NA	0	204
positive	100GB	85%	FusionSeeker	6	0	400	1	0	0	NA	0	204
positive	100GB	85%	Genion	2	0	400	1	0	0	NA	0	204
positive	100GB	90%	FusionSeeker	6	0	400	1	0	0	NA	0	204
positive	100GB	90%	Genion	1	0	400	1	0	0	NA	0	204
positive	100GB	95%	FusionSeeker	10	1	400	0.9090909090909091	0.09090909090909091	0.0025	0.004866180048661801	0.0025	204
positive	10GB	95%	FusionSeeker	1	0	400	1	0	0	NA	0	204
positive	100GB	85%	CTAT-LR-Fusion	1	0	400	1	0	0	NA	0	203
positive	100GB	85%	FusionSeeker	6	0	400	1	0	0	NA	0	203
positive	100GB	85%	Genion	2	0	400	1	0	0	NA	0	203
positive	100GB	90%	FusionSeeker	6	0	400	1	0	0	NA	0	203
positive	100GB	90%	Genion	1	0	400	1	0	0	NA	0	203
positive	100GB	95%	FusionSeeker	10	1	400	0.9090909090909091	0.09090909090909091	0.0025	0.004866180048661801	0.0025	203
positive	10GB	95%	FusionSeeker	1	0	400	1	0	0	NA	0	203
positive	100GB	85%	CTAT-LR-Fusion	1	0	400	1	0	0	NA	0	202
positive	100GB	85%	FusionSeeker	6	0	400	1	0	0	NA	0	202
positive	100GB	85%	Genion	2	0	400	1	0	0	NA	0	202
positive	100GB	90%	FusionSeeker	6	0	400	1	0	0	NA	0	202
positive	100GB	90%	Genion	1	0	400	1	0	0	NA	0	202
positive	100GB	95%	FusionSeeker	10	1	400	0.9090909090909091	0.09090909090909091	0.0025	0.004866180048661801	0.0025	202
positive	10GB	95%	FusionSeeker	1	0	400	1	0	0	NA	0	202
positive	100GB	85%	CTAT-LR-Fusion	1	0	400	1	0	0	NA	0	201
positive	100GB	85%	FusionSeeker	6	0	400	1	0	0	NA	0	201
positive	100GB	85%	Genion	2	0	400	1	0	0	NA	0	201
positive	100GB	90%	FusionSeeker	6	0	400	1	0	0	NA	0	201
positive	100GB	90%	Genion	1	0	400	1	0	0	NA	0	201
positive	100GB	95%	FusionSeeker	10	1	400	0.9090909090909091	0.09090909090909091	0.0025	0.004866180048661801	0.0025	201
positive	10GB	95%	FusionSeeker	1	0	400	1	0	0	NA	0	201
positive	100GB	85%	CTAT-LR-Fusion	1	0	400	1	0	0	NA	0	200
positive	100GB	85%	FusionSeeker	6	0	400	1	0	0	NA	0	200
positive	100GB	85%	Genion	2	0	400	1	0	0	NA	0	200
positive	100GB	90%	FusionSeeker	6	0	400	1	0	0	NA	0	200
positive	100GB	90%	Genion	1	0	400	1	0	0	NA	0	200
positive	100GB	95%	FusionSeeker	11	1	400	0.9166666666666666	0.08333333333333333	0.0025	0.0048543689320388345	0.0025	200
positive	10GB	95%	FusionSeeker	1	0	400	1	0	0	NA	0	200
positive	100GB	85%	CTAT-LR-Fusion	1	0	400	1	0	0	NA	0	199
positive	100GB	85%	FusionSeeker	6	0	400	1	0	0	NA	0	199
positive	100GB	85%	Genion	2	0	400	1	0	0	NA	0	199
positive	100GB	90%	FusionSeeker	6	0	400	1	0	0	NA	0	199
positive	100GB	90%	Genion	1	0	400	1	0	0	NA	0	199
positive	100GB	95%	FusionSeeker	11	1	400	0.9166666666666666	0.08333333333333333	0.0025	0.0048543689320388345	0.0025	199
positive	10GB	95%	FusionSeeker	1	0	400	1	0	0	NA	0	199
positive	100GB	85%	CTAT-LR-Fusion	1	0	400	1	0	0	NA	0	198
positive	100GB	85%	FusionSeeker	6	0	400	1	0	0	NA	0	198
positive	100GB	85%	Genion	2	0	400	1	0	0	NA	0	198
positive	100GB	90%	FusionSeeker	6	0	400	1	0	0	NA	0	198
positive	100GB	90%	Genion	1	0	400	1	0	0	NA	0	198
positive	100GB	95%	FusionSeeker	11	1	400	0.9166666666666666	0.08333333333333333	0.0025	0.0048543689320388345	0.0025	198
positive	10GB	95%	FusionSeeker	1	0	400	1	0	0	NA	0	198
positive	100GB	85%	CTAT-LR-Fusion	1	0	400	1	0	0	NA	0	197
positive	100GB	85%	FusionSeeker	6	0	400	1	0	0	NA	0	197
positive	100GB	85%	Genion	2	0	400	1	0	0	NA	0	197
positive	100GB	90%	FusionSeeker	6	0	400	1	0	0	NA	0	197
positive	100GB	90%	Genion	1	0	400	1	0	0	NA	0	197
positive	100GB	95%	FusionSeeker	12	1	400	0.9230769230769231	0.07692307692307693	0.0025	0.004842615012106538	0.0025	197
positive	10GB	95%	FusionSeeker	1	0	400	1	0	0	NA	0	197
positive	100GB	85%	CTAT-LR-Fusion	1	0	400	1	0	0	NA	0	196
positive	100GB	85%	FusionSeeker	6	0	400	1	0	0	NA	0	196
positive	100GB	85%	Genion	2	0	400	1	0	0	NA	0	196
positive	100GB	90%	FusionSeeker	7	0	400	1	0	0	NA	0	196
positive	100GB	90%	Genion	1	0	400	1	0	0	NA	0	196
positive	100GB	95%	FusionSeeker	12	1	400	0.9230769230769231	0.07692307692307693	0.0025	0.004842615012106538	0.0025	196
positive	10GB	95%	FusionSeeker	1	0	400	1	0	0	NA	0	196
positive	100GB	85%	CTAT-LR-Fusion	1	0	400	1	0	0	NA	0	195
positive	100GB	85%	FusionSeeker	6	0	400	1	0	0	NA	0	195
positive	100GB	85%	Genion	2	0	400	1	0	0	NA	0	195
positive	100GB	90%	FusionSeeker	7	0	400	1	0	0	NA	0	195
positive	100GB	90%	Genion	1	0	400	1	0	0	NA	0	195
positive	100GB	95%	FusionSeeker	12	1	400	0.9230769230769231	0.07692307692307693	0.0025	0.004842615012106538	0.0025	195
positive	10GB	95%	FusionSeeker	1	0	400	1	0	0	NA	0	195
positive	100GB	85%	CTAT-LR-Fusion	1	0	400	1	0	0	NA	0	194
positive	100GB	85%	FusionSeeker	6	0	400	1	0	0	NA	0	194
positive	100GB	85%	Genion	2	0	400	1	0	0	NA	0	194
positive	100GB	90%	FusionSeeker	7	0	400	1	0	0	NA	0	194
positive	100GB	90%	Genion	1	0	400	1	0	0	NA	0	194
positive	100GB	95%	FusionSeeker	12	1	400	0.9230769230769231	0.07692307692307693	0.0025	0.004842615012106538	0.0025	194
positive	10GB	95%	FusionSeeker	1	0	400	1	0	0	NA	0	194
positive	100GB	85%	CTAT-LR-Fusion	1	0	400	1	0	0	NA	0	193
positive	100GB	85%	FusionSeeker	6	0	400	1	0	0	NA	0	193
positive	100GB	85%	Genion	2	0	400	1	0	0	NA	0	193
positive	100GB	90%	FusionSeeker	7	0	400	1	0	0	NA	0	193
positive	100GB	90%	Genion	1	0	400	1	0	0	NA	0	193
positive	100GB	95%	FusionSeeker	12	1	400	0.9230769230769231	0.07692307692307693	0.0025	0.004842615012106538	0.0025	193
positive	10GB	95%	FusionSeeker	1	0	400	1	0	0	NA	0	193
positive	100GB	85%	CTAT-LR-Fusion	1	0	400	1	0	0	NA	0	192
positive	100GB	85%	FusionSeeker	6	0	400	1	0	0	NA	0	192
positive	100GB	85%	Genion	3	0	400	1	0	0	NA	0	192
positive	100GB	90%	FusionSeeker	7	0	400	1	0	0	NA	0	192
positive	100GB	90%	Genion	1	0	400	1	0	0	NA	0	192
positive	100GB	95%	FusionSeeker	12	1	400	0.9230769230769231	0.07692307692307693	0.0025	0.004842615012106538	0.0025	192
positive	10GB	95%	FusionSeeker	1	0	400	1	0	0	NA	0	192
positive	100GB	85%	CTAT-LR-Fusion	1	0	400	1	0	0	NA	0	191
positive	100GB	85%	FusionSeeker	6	0	400	1	0	0	NA	0	191
positive	100GB	85%	Genion	3	0	400	1	0	0	NA	0	191
positive	100GB	90%	FusionSeeker	7	0	400	1	0	0	NA	0	191
positive	100GB	90%	Genion	1	0	400	1	0	0	NA	0	191
positive	100GB	95%	FusionSeeker	12	1	400	0.9230769230769231	0.07692307692307693	0.0025	0.004842615012106538	0.0025	191
positive	10GB	95%	FusionSeeker	1	0	400	1	0	0	NA	0	191
positive	100GB	85%	CTAT-LR-Fusion	1	0	400	1	0	0	NA	0	190
positive	100GB	85%	FusionSeeker	6	0	400	1	0	0	NA	0	190
positive	100GB	85%	Genion	3	0	400	1	0	0	NA	0	190
positive	100GB	90%	FusionSeeker	7	0	400	1	0	0	NA	0	190
positive	100GB	90%	Genion	1	0	400	1	0	0	NA	0	190
positive	100GB	95%	FusionSeeker	12	1	400	0.9230769230769231	0.07692307692307693	0.0025	0.004842615012106538	0.0025	190
positive	10GB	95%	FusionSeeker	1	0	400	1	0	0	NA	0	190
positive	100GB	85%	CTAT-LR-Fusion	1	0	400	1	0	0	NA	0	189
positive	100GB	85%	FusionSeeker	6	0	400	1	0	0	NA	0	189
positive	100GB	85%	Genion	3	0	400	1	0	0	NA	0	189
positive	100GB	90%	FusionSeeker	7	0	400	1	0	0	NA	0	189
positive	100GB	90%	Genion	1	0	400	1	0	0	NA	0	189
positive	100GB	95%	FusionSeeker	12	1	400	0.9230769230769231	0.07692307692307693	0.0025	0.004842615012106538	0.0025	189
positive	10GB	90%	FusionSeeker	1	0	400	1	0	0	NA	0	189
positive	10GB	95%	FusionSeeker	1	0	400	1	0	0	NA	0	189
positive	100GB	85%	CTAT-LR-Fusion	1	0	400	1	0	0	NA	0	188
positive	100GB	85%	FusionSeeker	6	0	400	1	0	0	NA	0	188
positive	100GB	85%	Genion	3	0	400	1	0	0	NA	0	188
positive	100GB	90%	FusionSeeker	7	0	400	1	0	0	NA	0	188
positive	100GB	90%	Genion	1	0	400	1	0	0	NA	0	188
positive	100GB	95%	FusionSeeker	12	1	400	0.9230769230769231	0.07692307692307693	0.0025	0.004842615012106538	0.0025	188
positive	10GB	90%	FusionSeeker	1	0	400	1	0	0	NA	0	188
positive	10GB	95%	FusionSeeker	1	0	400	1	0	0	NA	0	188
positive	100GB	85%	CTAT-LR-Fusion	1	0	400	1	0	0	NA	0	187
positive	100GB	85%	FusionSeeker	6	0	400	1	0	0	NA	0	187
positive	100GB	85%	Genion	3	0	400	1	0	0	NA	0	187
positive	100GB	90%	FusionSeeker	8	0	400	1	0	0	NA	0	187
positive	100GB	90%	Genion	1	0	400	1	0	0	NA	0	187
positive	100GB	95%	FusionSeeker	12	1	400	0.9230769230769231	0.07692307692307693	0.0025	0.004842615012106538	0.0025	187
positive	10GB	90%	FusionSeeker	1	0	400	1	0	0	NA	0	187
positive	10GB	95%	FusionSeeker	1	0	400	1	0	0	NA	0	187
positive	100GB	85%	CTAT-LR-Fusion	1	0	400	1	0	0	NA	0	186
positive	100GB	85%	FusionSeeker	6	0	400	1	0	0	NA	0	186
positive	100GB	85%	Genion	3	0	400	1	0	0	NA	0	186
positive	100GB	90%	FusionSeeker	8	0	400	1	0	0	NA	0	186
positive	100GB	90%	Genion	1	0	400	1	0	0	NA	0	186
positive	100GB	95%	FusionSeeker	12	1	400	0.9230769230769231	0.07692307692307693	0.0025	0.004842615012106538	0.0025	186
positive	10GB	90%	FusionSeeker	1	0	400	1	0	0	NA	0	186
positive	10GB	95%	FusionSeeker	1	0	400	1	0	0	NA	0	186
positive	100GB	85%	CTAT-LR-Fusion	1	0	400	1	0	0	NA	0	185
positive	100GB	85%	FusionSeeker	6	0	400	1	0	0	NA	0	185
positive	100GB	85%	GFSeeker	1	0	400	1	0	0	NA	0	185
positive	100GB	85%	Genion	3	0	400	1	0	0	NA	0	185
positive	100GB	90%	FusionSeeker	8	0	400	1	0	0	NA	0	185
positive	100GB	90%	Genion	1	0	400	1	0	0	NA	0	185
positive	100GB	95%	FusionSeeker	12	1	400	0.9230769230769231	0.07692307692307693	0.0025	0.004842615012106538	0.0025	185
positive	10GB	90%	FusionSeeker	1	0	400	1	0	0	NA	0	185
positive	10GB	95%	FusionSeeker	1	0	400	1	0	0	NA	0	185
positive	100GB	85%	CTAT-LR-Fusion	1	0	400	1	0	0	NA	0	184
positive	100GB	85%	FusionSeeker	6	0	400	1	0	0	NA	0	184
positive	100GB	85%	GFSeeker	1	0	400	1	0	0	NA	0	184
positive	100GB	85%	Genion	3	0	400	1	0	0	NA	0	184
positive	100GB	90%	FusionSeeker	8	0	400	1	0	0	NA	0	184
positive	100GB	90%	Genion	1	0	400	1	0	0	NA	0	184
positive	100GB	95%	FusionSeeker	12	1	400	0.9230769230769231	0.07692307692307693	0.0025	0.004842615012106538	0.0025	184
positive	10GB	90%	FusionSeeker	1	0	400	1	0	0	NA	0	184
positive	10GB	95%	FusionSeeker	1	0	400	1	0	0	NA	0	184
positive	100GB	85%	CTAT-LR-Fusion	1	0	400	1	0	0	NA	0	183
positive	100GB	85%	FusionSeeker	6	0	400	1	0	0	NA	0	183
positive	100GB	85%	GFSeeker	1	0	400	1	0	0	NA	0	183
positive	100GB	85%	Genion	3	0	400	1	0	0	NA	0	183
positive	100GB	90%	FusionSeeker	8	0	400	1	0	0	NA	0	183
positive	100GB	90%	Genion	1	0	400	1	0	0	NA	0	183
positive	100GB	95%	FusionSeeker	12	1	400	0.9230769230769231	0.07692307692307693	0.0025	0.004842615012106538	0.0025	183
positive	10GB	90%	FusionSeeker	1	0	400	1	0	0	NA	0	183
positive	10GB	95%	FusionSeeker	1	0	400	1	0	0	NA	0	183
positive	100GB	85%	CTAT-LR-Fusion	1	0	400	1	0	0	NA	0	182
positive	100GB	85%	FusionSeeker	6	0	400	1	0	0	NA	0	182
positive	100GB	85%	GFSeeker	1	0	400	1	0	0	NA	0	182
positive	100GB	85%	Genion	3	0	400	1	0	0	NA	0	182
positive	100GB	90%	FusionSeeker	8	0	400	1	0	0	NA	0	182
positive	100GB	90%	Genion	1	0	400	1	0	0	NA	0	182
positive	100GB	95%	FusionSeeker	13	1	400	0.9285714285714286	0.07142857142857142	0.0025	0.004830917874396135	0.0025	182
positive	10GB	90%	FusionSeeker	1	0	400	1	0	0	NA	0	182
positive	10GB	95%	FusionSeeker	1	0	400	1	0	0	NA	0	182
positive	100GB	85%	CTAT-LR-Fusion	1	0	400	1	0	0	NA	0	181
positive	100GB	85%	FusionSeeker	6	0	400	1	0	0	NA	0	181
positive	100GB	85%	GFSeeker	1	0	400	1	0	0	NA	0	181
positive	100GB	85%	Genion	3	0	400	1	0	0	NA	0	181
positive	100GB	90%	FusionSeeker	8	0	400	1	0	0	NA	0	181
positive	100GB	90%	Genion	1	0	400	1	0	0	NA	0	181
positive	100GB	95%	FusionSeeker	13	1	400	0.9285714285714286	0.07142857142857142	0.0025	0.004830917874396135	0.0025	181
positive	10GB	90%	FusionSeeker	1	0	400	1	0	0	NA	0	181
positive	10GB	95%	FusionSeeker	1	0	400	1	0	0	NA	0	181
positive	100GB	85%	CTAT-LR-Fusion	1	0	400	1	0	0	NA	0	180
positive	100GB	85%	FusionSeeker	6	0	400	1	0	0	NA	0	180
positive	100GB	85%	GFSeeker	1	0	400	1	0	0	NA	0	180
positive	100GB	85%	Genion	3	0	400	1	0	0	NA	0	180
positive	100GB	90%	CTAT-LR-Fusion	1	0	400	1	0	0	NA	0	180
positive	100GB	90%	FusionSeeker	8	0	400	1	0	0	NA	0	180
positive	100GB	90%	Genion	1	0	400	1	0	0	NA	0	180
positive	100GB	95%	FusionSeeker	13	1	400	0.9285714285714286	0.07142857142857142	0.0025	0.004830917874396135	0.0025	180
positive	10GB	90%	FusionSeeker	1	0	400	1	0	0	NA	0	180
positive	10GB	95%	FusionSeeker	1	0	400	1	0	0	NA	0	180
positive	100GB	85%	CTAT-LR-Fusion	1	0	400	1	0	0	NA	0	179
positive	100GB	85%	FusionSeeker	7	0	400	1	0	0	NA	0	179
positive	100GB	85%	GFSeeker	1	0	400	1	0	0	NA	0	179
positive	100GB	85%	Genion	3	0	400	1	0	0	NA	0	179
positive	100GB	90%	CTAT-LR-Fusion	1	0	400	1	0	0	NA	0	179
positive	100GB	90%	FusionSeeker	9	0	400	1	0	0	NA	0	179
positive	100GB	90%	Genion	1	0	400	1	0	0	NA	0	179
positive	100GB	95%	FusionSeeker	13	1	400	0.9285714285714286	0.07142857142857142	0.0025	0.004830917874396135	0.0025	179
positive	10GB	90%	FusionSeeker	1	0	400	1	0	0	NA	0	179
positive	10GB	95%	FusionSeeker	1	0	400	1	0	0	NA	0	179
positive	100GB	85%	CTAT-LR-Fusion	1	0	400	1	0	0	NA	0	178
positive	100GB	85%	FusionSeeker	7	0	400	1	0	0	NA	0	178
positive	100GB	85%	GFSeeker	1	0	400	1	0	0	NA	0	178
positive	100GB	85%	Genion	3	0	400	1	0	0	NA	0	178
positive	100GB	90%	CTAT-LR-Fusion	1	0	400	1	0	0	NA	0	178
positive	100GB	90%	FusionSeeker	9	0	400	1	0	0	NA	0	178
positive	100GB	90%	Genion	1	0	400	1	0	0	NA	0	178
positive	100GB	95%	FusionSeeker	13	1	400	0.9285714285714286	0.07142857142857142	0.0025	0.004830917874396135	0.0025	178
positive	10GB	90%	FusionSeeker	1	0	400	1	0	0	NA	0	178
positive	10GB	95%	FusionSeeker	1	0	400	1	0	0	NA	0	178
positive	100GB	85%	CTAT-LR-Fusion	1	0	400	1	0	0	NA	0	177
positive	100GB	85%	FusionSeeker	7	0	400	1	0	0	NA	0	177
positive	100GB	85%	GFSeeker	1	0	400	1	0	0	NA	0	177
positive	100GB	85%	Genion	3	0	400	1	0	0	NA	0	177
positive	100GB	90%	CTAT-LR-Fusion	1	0	400	1	0	0	NA	0	177
positive	100GB	90%	FusionSeeker	9	0	400	1	0	0	NA	0	177
positive	100GB	90%	Genion	1	0	400	1	0	0	NA	0	177
positive	100GB	95%	FusionSeeker	14	1	400	0.9333333333333333	0.06666666666666667	0.0025	0.0048192771084337345	0.0025	177
positive	10GB	90%	FusionSeeker	1	0	400	1	0	0	NA	0	177
positive	10GB	95%	FusionSeeker	1	0	400	1	0	0	NA	0	177
positive	100GB	85%	CTAT-LR-Fusion	1	0	400	1	0	0	NA	0	176
positive	100GB	85%	FusionSeeker	7	0	400	1	0	0	NA	0	176
positive	100GB	85%	GFSeeker	1	0	400	1	0	0	NA	0	176
positive	100GB	85%	Genion	3	0	400	1	0	0	NA	0	176
positive	100GB	90%	CTAT-LR-Fusion	1	0	400	1	0	0	NA	0	176
positive	100GB	90%	FusionSeeker	9	0	400	1	0	0	NA	0	176
positive	100GB	90%	Genion	1	0	400	1	0	0	NA	0	176
positive	100GB	95%	FusionSeeker	14	1	400	0.9333333333333333	0.06666666666666667	0.0025	0.0048192771084337345	0.0025	176
positive	10GB	90%	FusionSeeker	1	0	400	1	0	0	NA	0	176
positive	10GB	95%	FusionSeeker	1	0	400	1	0	0	NA	0	176
positive	100GB	85%	CTAT-LR-Fusion	1	0	400	1	0	0	NA	0	175
positive	100GB	85%	FusionSeeker	8	0	400	1	0	0	NA	0	175
positive	100GB	85%	GFSeeker	1	0	400	1	0	0	NA	0	175
positive	100GB	85%	Genion	3	0	400	1	0	0	NA	0	175
positive	100GB	90%	CTAT-LR-Fusion	1	0	400	1	0	0	NA	0	175
positive	100GB	90%	FusionSeeker	9	0	400	1	0	0	NA	0	175
positive	100GB	90%	Genion	1	0	400	1	0	0	NA	0	175
positive	100GB	95%	FusionSeeker	14	1	400	0.9333333333333333	0.06666666666666667	0.0025	0.0048192771084337345	0.0025	175
positive	10GB	90%	FusionSeeker	1	0	400	1	0	0	NA	0	175
positive	10GB	95%	FusionSeeker	1	0	400	1	0	0	NA	0	175
positive	100GB	85%	CTAT-LR-Fusion	1	0	400	1	0	0	NA	0	174
positive	100GB	85%	FusionSeeker	8	0	400	1	0	0	NA	0	174
positive	100GB	85%	GFSeeker	1	0	400	1	0	0	NA	0	174
positive	100GB	85%	Genion	3	0	400	1	0	0	NA	0	174
positive	100GB	90%	CTAT-LR-Fusion	1	0	400	1	0	0	NA	0	174
positive	100GB	90%	FusionSeeker	9	0	400	1	0	0	NA	0	174
positive	100GB	90%	Genion	1	0	400	1	0	0	NA	0	174
positive	100GB	95%	FusionSeeker	14	1	400	0.9333333333333333	0.06666666666666667	0.0025	0.0048192771084337345	0.0025	174
positive	10GB	90%	FusionSeeker	1	0	400	1	0	0	NA	0	174
positive	10GB	95%	FusionSeeker	1	0	400	1	0	0	NA	0	174
positive	100GB	85%	CTAT-LR-Fusion	1	0	400	1	0	0	NA	0	173
positive	100GB	85%	FusionSeeker	8	0	400	1	0	0	NA	0	173
positive	100GB	85%	GFSeeker	1	0	400	1	0	0	NA	0	173
positive	100GB	85%	Genion	3	0	400	1	0	0	NA	0	173
positive	100GB	90%	CTAT-LR-Fusion	1	0	400	1	0	0	NA	0	173
positive	100GB	90%	FusionSeeker	9	0	400	1	0	0	NA	0	173
positive	100GB	90%	Genion	1	0	400	1	0	0	NA	0	173
positive	100GB	95%	FusionSeeker	14	1	400	0.9333333333333333	0.06666666666666667	0.0025	0.0048192771084337345	0.0025	173
positive	10GB	90%	FusionSeeker	1	0	400	1	0	0	NA	0	173
positive	10GB	95%	FusionSeeker	1	0	400	1	0	0	NA	0	173
positive	100GB	85%	CTAT-LR-Fusion	1	0	400	1	0	0	NA	0	172
positive	100GB	85%	FusionSeeker	8	0	400	1	0	0	NA	0	172
positive	100GB	85%	GFSeeker	1	0	400	1	0	0	NA	0	172
positive	100GB	85%	Genion	3	0	400	1	0	0	NA	0	172
positive	100GB	90%	CTAT-LR-Fusion	1	0	400	1	0	0	NA	0	172
positive	100GB	90%	FusionSeeker	9	0	400	1	0	0	NA	0	172
positive	100GB	90%	Genion	1	0	400	1	0	0	NA	0	172
positive	100GB	95%	FusionSeeker	14	1	400	0.9333333333333333	0.06666666666666667	0.0025	0.0048192771084337345	0.0025	172
positive	10GB	90%	FusionSeeker	1	0	400	1	0	0	NA	0	172
positive	10GB	95%	FusionSeeker	1	0	400	1	0	0	NA	0	172
positive	100GB	85%	CTAT-LR-Fusion	1	0	400	1	0	0	NA	0	171
positive	100GB	85%	FusionSeeker	8	0	400	1	0	0	NA	0	171
positive	100GB	85%	GFSeeker	1	0	400	1	0	0	NA	0	171
positive	100GB	85%	Genion	3	0	400	1	0	0	NA	0	171
positive	100GB	90%	CTAT-LR-Fusion	1	0	400	1	0	0	NA	0	171
positive	100GB	90%	FusionSeeker	9	0	400	1	0	0	NA	0	171
positive	100GB	90%	Genion	1	0	400	1	0	0	NA	0	171
positive	100GB	95%	FusionSeeker	15	1	400	0.9375	0.0625	0.0025	0.004807692307692308	0.0025	171
positive	10GB	90%	FusionSeeker	1	0	400	1	0	0	NA	0	171
positive	10GB	95%	FusionSeeker	1	0	400	1	0	0	NA	0	171
positive	100GB	85%	CTAT-LR-Fusion	1	0	400	1	0	0	NA	0	170
positive	100GB	85%	FusionSeeker	8	0	400	1	0	0	NA	0	170
positive	100GB	85%	GFSeeker	1	0	400	1	0	0	NA	0	170
positive	100GB	85%	Genion	3	0	400	1	0	0	NA	0	170
positive	100GB	90%	CTAT-LR-Fusion	1	0	400	1	0	0	NA	0	170
positive	100GB	90%	FusionSeeker	9	0	400	1	0	0	NA	0	170
positive	100GB	90%	Genion	1	0	400	1	0	0	NA	0	170
positive	100GB	95%	FusionSeeker	15	1	400	0.9375	0.0625	0.0025	0.004807692307692308	0.0025	170
positive	10GB	90%	FusionSeeker	1	0	400	1	0	0	NA	0	170
positive	10GB	95%	FusionSeeker	1	0	400	1	0	0	NA	0	170
positive	100GB	85%	CTAT-LR-Fusion	1	0	400	1	0	0	NA	0	169
positive	100GB	85%	FusionSeeker	8	0	400	1	0	0	NA	0	169
positive	100GB	85%	GFSeeker	1	0	400	1	0	0	NA	0	169
positive	100GB	85%	Genion	3	0	400	1	0	0	NA	0	169
positive	100GB	90%	CTAT-LR-Fusion	1	0	400	1	0	0	NA	0	169
positive	100GB	90%	FusionSeeker	9	0	400	1	0	0	NA	0	169
positive	100GB	90%	Genion	1	0	400	1	0	0	NA	0	169
positive	100GB	95%	FusionSeeker	15	1	400	0.9375	0.0625	0.0025	0.004807692307692308	0.0025	169
positive	10GB	90%	FusionSeeker	1	0	400	1	0	0	NA	0	169
positive	10GB	95%	FusionSeeker	1	0	400	1	0	0	NA	0	169
positive	100GB	85%	CTAT-LR-Fusion	1	0	400	1	0	0	NA	0	168
positive	100GB	85%	FusionSeeker	8	0	400	1	0	0	NA	0	168
positive	100GB	85%	GFSeeker	1	0	400	1	0	0	NA	0	168
positive	100GB	85%	Genion	3	0	400	1	0	0	NA	0	168
positive	100GB	90%	CTAT-LR-Fusion	1	0	400	1	0	0	NA	0	168
positive	100GB	90%	FusionSeeker	9	0	400	1	0	0	NA	0	168
positive	100GB	90%	Genion	1	0	400	1	0	0	NA	0	168
positive	100GB	95%	FusionSeeker	15	1	400	0.9375	0.0625	0.0025	0.004807692307692308	0.0025	168
positive	10GB	90%	FusionSeeker	1	0	400	1	0	0	NA	0	168
positive	10GB	95%	FusionSeeker	1	0	400	1	0	0	NA	0	168
positive	100GB	85%	CTAT-LR-Fusion	1	0	400	1	0	0	NA	0	167
positive	100GB	85%	FusionSeeker	8	0	400	1	0	0	NA	0	167
positive	100GB	85%	GFSeeker	1	0	400	1	0	0	NA	0	167
positive	100GB	85%	Genion	3	0	400	1	0	0	NA	0	167
positive	100GB	90%	CTAT-LR-Fusion	1	0	400	1	0	0	NA	0	167
positive	100GB	90%	FusionSeeker	9	0	400	1	0	0	NA	0	167
positive	100GB	90%	Genion	1	0	400	1	0	0	NA	0	167
positive	100GB	95%	FusionSeeker	15	1	400	0.9375	0.0625	0.0025	0.004807692307692308	0.0025	167
positive	10GB	90%	FusionSeeker	1	0	400	1	0	0	NA	0	167
positive	10GB	95%	FusionSeeker	1	0	400	1	0	0	NA	0	167
positive	100GB	85%	CTAT-LR-Fusion	1	0	400	1	0	0	NA	0	166
positive	100GB	85%	FusionSeeker	8	0	400	1	0	0	NA	0	166
positive	100GB	85%	GFSeeker	1	0	400	1	0	0	NA	0	166
positive	100GB	85%	Genion	3	0	400	1	0	0	NA	0	166
positive	100GB	90%	CTAT-LR-Fusion	1	0	400	1	0	0	NA	0	166
positive	100GB	90%	FusionSeeker	9	0	400	1	0	0	NA	0	166
positive	100GB	90%	Genion	1	0	400	1	0	0	NA	0	166
positive	100GB	95%	FusionSeeker	17	1	400	0.9444444444444444	0.05555555555555555	0.0025	0.004784688995215311	0.0025	166
positive	10GB	90%	FusionSeeker	1	0	400	1	0	0	NA	0	166
positive	10GB	95%	FusionSeeker	1	0	400	1	0	0	NA	0	166
positive	100GB	85%	CTAT-LR-Fusion	1	0	400	1	0	0	NA	0	165
positive	100GB	85%	FusionSeeker	8	0	400	1	0	0	NA	0	165
positive	100GB	85%	GFSeeker	1	0	400	1	0	0	NA	0	165
positive	100GB	85%	Genion	3	0	400	1	0	0	NA	0	165
positive	100GB	90%	CTAT-LR-Fusion	1	0	400	1	0	0	NA	0	165
positive	100GB	90%	FusionSeeker	9	0	400	1	0	0	NA	0	165
positive	100GB	90%	Genion	1	0	400	1	0	0	NA	0	165
positive	100GB	95%	FusionSeeker	17	1	400	0.9444444444444444	0.05555555555555555	0.0025	0.004784688995215311	0.0025	165
positive	10GB	90%	FusionSeeker	1	0	400	1	0	0	NA	0	165
positive	10GB	95%	FusionSeeker	1	0	400	1	0	0	NA	0	165
positive	100GB	85%	CTAT-LR-Fusion	1	0	400	1	0	0	NA	0	164
positive	100GB	85%	FusionSeeker	8	0	400	1	0	0	NA	0	164
positive	100GB	85%	GFSeeker	1	0	400	1	0	0	NA	0	164
positive	100GB	85%	Genion	3	0	400	1	0	0	NA	0	164
positive	100GB	90%	CTAT-LR-Fusion	1	0	400	1	0	0	NA	0	164
positive	100GB	90%	FusionSeeker	9	0	400	1	0	0	NA	0	164
positive	100GB	90%	Genion	1	0	400	1	0	0	NA	0	164
positive	100GB	95%	FusionSeeker	17	1	400	0.9444444444444444	0.05555555555555555	0.0025	0.004784688995215311	0.0025	164
positive	10GB	90%	FusionSeeker	1	0	400	1	0	0	NA	0	164
positive	10GB	95%	FusionSeeker	1	0	400	1	0	0	NA	0	164
positive	100GB	85%	CTAT-LR-Fusion	1	0	400	1	0	0	NA	0	163
positive	100GB	85%	FusionSeeker	8	0	400	1	0	0	NA	0	163
positive	100GB	85%	GFSeeker	1	0	400	1	0	0	NA	0	163
positive	100GB	85%	Genion	3	0	400	1	0	0	NA	0	163
positive	100GB	90%	CTAT-LR-Fusion	1	0	400	1	0	0	NA	0	163
positive	100GB	90%	FusionSeeker	9	0	400	1	0	0	NA	0	163
positive	100GB	90%	Genion	1	0	400	1	0	0	NA	0	163
positive	100GB	95%	FusionSeeker	17	1	400	0.9444444444444444	0.05555555555555555	0.0025	0.004784688995215311	0.0025	163
positive	10GB	90%	FusionSeeker	1	0	400	1	0	0	NA	0	163
positive	10GB	95%	FusionSeeker	1	0	400	1	0	0	NA	0	163
positive	100GB	85%	CTAT-LR-Fusion	1	0	400	1	0	0	NA	0	162
positive	100GB	85%	FusionSeeker	8	0	400	1	0	0	NA	0	162
positive	100GB	85%	GFSeeker	1	0	400	1	0	0	NA	0	162
positive	100GB	85%	Genion	3	0	400	1	0	0	NA	0	162
positive	100GB	90%	CTAT-LR-Fusion	1	0	400	1	0	0	NA	0	162
positive	100GB	90%	FusionSeeker	10	0	400	1	0	0	NA	0	162
positive	100GB	90%	Genion	1	0	400	1	0	0	NA	0	162
positive	100GB	95%	FusionSeeker	17	1	400	0.9444444444444444	0.05555555555555555	0.0025	0.004784688995215311	0.0025	162
positive	10GB	90%	FusionSeeker	1	0	400	1	0	0	NA	0	162
positive	10GB	95%	FusionSeeker	1	0	400	1	0	0	NA	0	162
positive	100GB	85%	CTAT-LR-Fusion	1	0	400	1	0	0	NA	0	161
positive	100GB	85%	FusionSeeker	8	0	400	1	0	0	NA	0	161
positive	100GB	85%	GFSeeker	1	0	400	1	0	0	NA	0	161
positive	100GB	85%	Genion	3	0	400	1	0	0	NA	0	161
positive	100GB	90%	CTAT-LR-Fusion	1	0	400	1	0	0	NA	0	161
positive	100GB	90%	FusionSeeker	10	0	400	1	0	0	NA	0	161
positive	100GB	90%	Genion	1	0	400	1	0	0	NA	0	161
positive	100GB	95%	FusionSeeker	17	1	400	0.9444444444444444	0.05555555555555555	0.0025	0.004784688995215311	0.0025	161
positive	10GB	90%	FusionSeeker	1	0	400	1	0	0	NA	0	161
positive	10GB	95%	FusionSeeker	1	0	400	1	0	0	NA	0	161
positive	100GB	85%	CTAT-LR-Fusion	1	0	400	1	0	0	NA	0	160
positive	100GB	85%	FusionSeeker	8	0	400	1	0	0	NA	0	160
positive	100GB	85%	GFSeeker	1	0	400	1	0	0	NA	0	160
positive	100GB	85%	Genion	3	0	400	1	0	0	NA	0	160
positive	100GB	90%	CTAT-LR-Fusion	1	0	400	1	0	0	NA	0	160
positive	100GB	90%	FusionSeeker	10	0	400	1	0	0	NA	0	160
positive	100GB	90%	Genion	1	0	400	1	0	0	NA	0	160
positive	100GB	95%	FusionSeeker	18	1	400	0.9473684210526315	0.05263157894736842	0.0025	0.00477326968973747	0.0025	160
positive	10GB	90%	FusionSeeker	1	0	400	1	0	0	NA	0	160
positive	10GB	95%	FusionSeeker	1	0	400	1	0	0	NA	0	160
positive	100GB	85%	CTAT-LR-Fusion	1	0	400	1	0	0	NA	0	159
positive	100GB	85%	FusionSeeker	8	0	400	1	0	0	NA	0	159
positive	100GB	85%	GFSeeker	1	0	400	1	0	0	NA	0	159
positive	100GB	85%	Genion	3	0	400	1	0	0	NA	0	159
positive	100GB	90%	CTAT-LR-Fusion	1	0	400	1	0	0	NA	0	159
positive	100GB	90%	FusionSeeker	11	0	400	1	0	0	NA	0	159
positive	100GB	90%	Genion	1	0	400	1	0	0	NA	0	159
positive	100GB	95%	FusionSeeker	18	1	400	0.9473684210526315	0.05263157894736842	0.0025	0.00477326968973747	0.0025	159
positive	10GB	90%	FusionSeeker	1	0	400	1	0	0	NA	0	159
positive	10GB	95%	FusionSeeker	1	0	400	1	0	0	NA	0	159
positive	100GB	85%	CTAT-LR-Fusion	1	0	400	1	0	0	NA	0	158
positive	100GB	85%	FusionSeeker	9	0	400	1	0	0	NA	0	158
positive	100GB	85%	GFSeeker	1	0	400	1	0	0	NA	0	158
positive	100GB	85%	Genion	3	0	400	1	0	0	NA	0	158
positive	100GB	90%	CTAT-LR-Fusion	1	0	400	1	0	0	NA	0	158
positive	100GB	90%	FusionSeeker	11	0	400	1	0	0	NA	0	158
positive	100GB	90%	Genion	1	0	400	1	0	0	NA	0	158
positive	100GB	95%	FusionSeeker	18	2	400	0.9	0.1	0.005	0.009523809523809523	0.005	158
positive	10GB	90%	FusionSeeker	1	0	400	1	0	0	NA	0	158
positive	10GB	95%	FusionSeeker	1	0	400	1	0	0	NA	0	158
positive	100GB	85%	CTAT-LR-Fusion	1	0	400	1	0	0	NA	0	157
positive	100GB	85%	FusionSeeker	9	0	400	1	0	0	NA	0	157
positive	100GB	85%	GFSeeker	1	0	400	1	0	0	NA	0	157
positive	100GB	85%	Genion	3	0	400	1	0	0	NA	0	157
positive	100GB	90%	CTAT-LR-Fusion	1	0	400	1	0	0	NA	0	157
positive	100GB	90%	FusionSeeker	11	0	400	1	0	0	NA	0	157
positive	100GB	90%	Genion	1	0	400	1	0	0	NA	0	157
positive	100GB	95%	FusionSeeker	18	2	400	0.9	0.1	0.005	0.009523809523809523	0.005	157
positive	10GB	90%	FusionSeeker	1	0	400	1	0	0	NA	0	157
positive	10GB	95%	FusionSeeker	1	0	400	1	0	0	NA	0	157
positive	100GB	85%	CTAT-LR-Fusion	1	0	400	1	0	0	NA	0	156
positive	100GB	85%	FusionSeeker	9	0	400	1	0	0	NA	0	156
positive	100GB	85%	GFSeeker	1	0	400	1	0	0	NA	0	156
positive	100GB	85%	Genion	3	0	400	1	0	0	NA	0	156
positive	100GB	90%	CTAT-LR-Fusion	1	0	400	1	0	0	NA	0	156
positive	100GB	90%	FusionSeeker	12	0	400	1	0	0	NA	0	156
positive	100GB	90%	Genion	1	0	400	1	0	0	NA	0	156
positive	100GB	95%	FusionSeeker	20	2	400	0.9090909090909091	0.09090909090909091	0.005	0.00947867298578199	0.005	156
positive	10GB	90%	FusionSeeker	1	0	400	1	0	0	NA	0	156
positive	10GB	95%	FusionSeeker	1	0	400	1	0	0	NA	0	156
positive	100GB	85%	CTAT-LR-Fusion	1	0	400	1	0	0	NA	0	155
positive	100GB	85%	FusionSeeker	9	0	400	1	0	0	NA	0	155
positive	100GB	85%	GFSeeker	1	0	400	1	0	0	NA	0	155
positive	100GB	85%	Genion	3	0	400	1	0	0	NA	0	155
positive	100GB	90%	CTAT-LR-Fusion	1	0	400	1	0	0	NA	0	155
positive	100GB	90%	FusionSeeker	12	0	400	1	0	0	NA	0	155
positive	100GB	90%	Genion	1	0	400	1	0	0	NA	0	155
positive	100GB	95%	FusionSeeker	20	2	400	0.9090909090909091	0.09090909090909091	0.005	0.00947867298578199	0.005	155
positive	10GB	90%	FusionSeeker	1	0	400	1	0	0	NA	0	155
positive	10GB	95%	FusionSeeker	1	0	400	1	0	0	NA	0	155
positive	100GB	85%	CTAT-LR-Fusion	1	0	400	1	0	0	NA	0	154
positive	100GB	85%	FusionSeeker	9	0	400	1	0	0	NA	0	154
positive	100GB	85%	GFSeeker	1	0	400	1	0	0	NA	0	154
positive	100GB	85%	Genion	3	0	400	1	0	0	NA	0	154
positive	100GB	90%	CTAT-LR-Fusion	1	0	400	1	0	0	NA	0	154
positive	100GB	90%	FusionSeeker	13	0	400	1	0	0	NA	0	154
positive	100GB	90%	Genion	1	0	400	1	0	0	NA	0	154
positive	100GB	95%	FusionSeeker	20	2	400	0.9090909090909091	0.09090909090909091	0.005	0.00947867298578199	0.005	154
positive	10GB	90%	FusionSeeker	1	0	400	1	0	0	NA	0	154
positive	10GB	95%	FusionSeeker	1	0	400	1	0	0	NA	0	154
positive	100GB	85%	CTAT-LR-Fusion	1	0	400	1	0	0	NA	0	153
positive	100GB	85%	FusionSeeker	9	0	400	1	0	0	NA	0	153
positive	100GB	85%	GFSeeker	1	0	400	1	0	0	NA	0	153
positive	100GB	85%	Genion	3	0	400	1	0	0	NA	0	153
positive	100GB	90%	CTAT-LR-Fusion	1	0	400	1	0	0	NA	0	153
positive	100GB	90%	FusionSeeker	13	0	400	1	0	0	NA	0	153
positive	100GB	90%	Genion	1	0	400	1	0	0	NA	0	153
positive	100GB	95%	FusionSeeker	20	2	400	0.9090909090909091	0.09090909090909091	0.005	0.00947867298578199	0.005	153
positive	10GB	90%	FusionSeeker	1	0	400	1	0	0	NA	0	153
positive	10GB	95%	FusionSeeker	1	0	400	1	0	0	NA	0	153
positive	100GB	85%	CTAT-LR-Fusion	1	0	400	1	0	0	NA	0	152
positive	100GB	85%	FusionSeeker	9	0	400	1	0	0	NA	0	152
positive	100GB	85%	GFSeeker	1	0	400	1	0	0	NA	0	152
positive	100GB	85%	Genion	3	0	400	1	0	0	NA	0	152
positive	100GB	90%	CTAT-LR-Fusion	1	0	400	1	0	0	NA	0	152
positive	100GB	90%	FusionSeeker	13	0	400	1	0	0	NA	0	152
positive	100GB	90%	Genion	1	0	400	1	0	0	NA	0	152
positive	100GB	95%	FusionSeeker	20	2	400	0.9090909090909091	0.09090909090909091	0.005	0.00947867298578199	0.005	152
positive	10GB	90%	FusionSeeker	1	0	400	1	0	0	NA	0	152
positive	10GB	95%	FusionSeeker	1	0	400	1	0	0	NA	0	152
positive	100GB	85%	CTAT-LR-Fusion	1	0	400	1	0	0	NA	0	151
positive	100GB	85%	FusionSeeker	9	0	400	1	0	0	NA	0	151
positive	100GB	85%	GFSeeker	1	0	400	1	0	0	NA	0	151
positive	100GB	85%	Genion	3	0	400	1	0	0	NA	0	151
positive	100GB	90%	CTAT-LR-Fusion	1	0	400	1	0	0	NA	0	151
positive	100GB	90%	FusionSeeker	14	0	400	1	0	0	NA	0	151
positive	100GB	90%	Genion	1	0	400	1	0	0	NA	0	151
positive	100GB	95%	FusionSeeker	20	2	400	0.9090909090909091	0.09090909090909091	0.005	0.00947867298578199	0.005	151
positive	10GB	90%	FusionSeeker	1	0	400	1	0	0	NA	0	151
positive	10GB	95%	FusionSeeker	1	0	400	1	0	0	NA	0	151
positive	100GB	85%	CTAT-LR-Fusion	1	0	400	1	0	0	NA	0	150
positive	100GB	85%	FusionSeeker	9	0	400	1	0	0	NA	0	150
positive	100GB	85%	GFSeeker	1	0	400	1	0	0	NA	0	150
positive	100GB	85%	Genion	3	0	400	1	0	0	NA	0	150
positive	100GB	90%	CTAT-LR-Fusion	1	0	400	1	0	0	NA	0	150
positive	100GB	90%	FusionSeeker	16	0	400	1	0	0	NA	0	150
positive	100GB	90%	Genion	1	0	400	1	0	0	NA	0	150
positive	100GB	95%	FusionSeeker	20	2	400	0.9090909090909091	0.09090909090909091	0.005	0.00947867298578199	0.005	150
positive	10GB	90%	FusionSeeker	1	0	400	1	0	0	NA	0	150
positive	10GB	95%	FusionSeeker	1	0	400	1	0	0	NA	0	150
positive	100GB	85%	CTAT-LR-Fusion	1	0	400	1	0	0	NA	0	149
positive	100GB	85%	FusionSeeker	9	0	400	1	0	0	NA	0	149
positive	100GB	85%	GFSeeker	1	0	400	1	0	0	NA	0	149
positive	100GB	85%	Genion	3	0	400	1	0	0	NA	0	149
positive	100GB	90%	CTAT-LR-Fusion	1	0	400	1	0	0	NA	0	149
positive	100GB	90%	FusionSeeker	16	0	400	1	0	0	NA	0	149
positive	100GB	90%	Genion	1	0	400	1	0	0	NA	0	149
positive	100GB	95%	FusionSeeker	20	2	400	0.9090909090909091	0.09090909090909091	0.005	0.00947867298578199	0.005	149
positive	10GB	90%	FusionSeeker	1	0	400	1	0	0	NA	0	149
positive	10GB	95%	FusionSeeker	1	0	400	1	0	0	NA	0	149
positive	100GB	85%	CTAT-LR-Fusion	1	0	400	1	0	0	NA	0	148
positive	100GB	85%	FusionSeeker	9	0	400	1	0	0	NA	0	148
positive	100GB	85%	GFSeeker	1	0	400	1	0	0	NA	0	148
positive	100GB	85%	Genion	3	0	400	1	0	0	NA	0	148
positive	100GB	90%	CTAT-LR-Fusion	1	0	400	1	0	0	NA	0	148
positive	100GB	90%	FusionSeeker	16	0	400	1	0	0	NA	0	148
positive	100GB	90%	Genion	1	0	400	1	0	0	NA	0	148
positive	100GB	95%	FusionSeeker	21	2	400	0.9130434782608695	0.08695652173913043	0.005	0.009456264775413711	0.005	148
positive	10GB	90%	FusionSeeker	1	0	400	1	0	0	NA	0	148
positive	10GB	95%	FusionSeeker	1	0	400	1	0	0	NA	0	148
positive	100GB	85%	CTAT-LR-Fusion	1	0	400	1	0	0	NA	0	147
positive	100GB	85%	FusionSeeker	9	0	400	1	0	0	NA	0	147
positive	100GB	85%	GFSeeker	1	0	400	1	0	0	NA	0	147
positive	100GB	85%	Genion	3	0	400	1	0	0	NA	0	147
positive	100GB	90%	CTAT-LR-Fusion	1	0	400	1	0	0	NA	0	147
positive	100GB	90%	FusionSeeker	16	0	400	1	0	0	NA	0	147
positive	100GB	90%	Genion	1	0	400	1	0	0	NA	0	147
positive	100GB	95%	FusionSeeker	23	2	400	0.92	0.08	0.005	0.009411764705882352	0.005	147
positive	10GB	90%	FusionSeeker	1	0	400	1	0	0	NA	0	147
positive	10GB	95%	FusionSeeker	1	0	400	1	0	0	NA	0	147
positive	100GB	85%	CTAT-LR-Fusion	2	0	400	1	0	0	NA	0	146
positive	100GB	85%	FusionSeeker	9	0	400	1	0	0	NA	0	146
positive	100GB	85%	GFSeeker	1	0	400	1	0	0	NA	0	146
positive	100GB	85%	Genion	3	0	400	1	0	0	NA	0	146
positive	100GB	90%	CTAT-LR-Fusion	1	0	400	1	0	0	NA	0	146
positive	100GB	90%	FusionSeeker	16	0	400	1	0	0	NA	0	146
positive	100GB	90%	Genion	1	0	400	1	0	0	NA	0	146
positive	100GB	95%	FusionSeeker	23	2	400	0.92	0.08	0.005	0.009411764705882352	0.005	146
positive	10GB	90%	FusionSeeker	1	0	400	1	0	0	NA	0	146
positive	10GB	95%	FusionSeeker	1	0	400	1	0	0	NA	0	146
positive	100GB	85%	CTAT-LR-Fusion	2	0	400	1	0	0	NA	0	145
positive	100GB	85%	FusionSeeker	9	0	400	1	0	0	NA	0	145
positive	100GB	85%	GFSeeker	1	0	400	1	0	0	NA	0	145
positive	100GB	85%	Genion	3	0	400	1	0	0	NA	0	145
positive	100GB	90%	CTAT-LR-Fusion	1	0	400	1	0	0	NA	0	145
positive	100GB	90%	FusionSeeker	16	0	400	1	0	0	NA	0	145
positive	100GB	90%	Genion	1	0	400	1	0	0	NA	0	145
positive	100GB	95%	FusionSeeker	25	2	400	0.9259259259259259	0.07407407407407407	0.005	0.00936768149882904	0.005	145
positive	10GB	90%	FusionSeeker	1	0	400	1	0	0	NA	0	145
positive	10GB	95%	FusionSeeker	1	0	400	1	0	0	NA	0	145
positive	100GB	85%	CTAT-LR-Fusion	2	0	400	1	0	0	NA	0	144
positive	100GB	85%	FusionSeeker	9	0	400	1	0	0	NA	0	144
positive	100GB	85%	GFSeeker	1	0	400	1	0	0	NA	0	144
positive	100GB	85%	Genion	3	0	400	1	0	0	NA	0	144
positive	100GB	90%	CTAT-LR-Fusion	1	0	400	1	0	0	NA	0	144
positive	100GB	90%	FusionSeeker	16	0	400	1	0	0	NA	0	144
positive	100GB	90%	Genion	1	0	400	1	0	0	NA	0	144
positive	100GB	95%	FusionSeeker	27	2	400	0.9310344827586207	0.06896551724137931	0.005	0.009324009324009324	0.005	144
positive	10GB	85%	FusionSeeker	1	0	397	1	0	0	NA	0	144
positive	10GB	90%	FusionSeeker	1	0	400	1	0	0	NA	0	144
positive	10GB	95%	FusionSeeker	1	0	400	1	0	0	NA	0	144
positive	100GB	85%	CTAT-LR-Fusion	2	0	400	1	0	0	NA	0	143
positive	100GB	85%	FusionSeeker	9	0	400	1	0	0	NA	0	143
positive	100GB	85%	GFSeeker	1	0	400	1	0	0	NA	0	143
positive	100GB	85%	Genion	3	0	400	1	0	0	NA	0	143
positive	100GB	90%	CTAT-LR-Fusion	1	0	400	1	0	0	NA	0	143
positive	100GB	90%	FusionSeeker	16	0	400	1	0	0	NA	0	143
positive	100GB	90%	Genion	1	0	400	1	0	0	NA	0	143
positive	100GB	95%	FusionSeeker	28	2	400	0.9333333333333333	0.06666666666666667	0.005	0.009302325581395349	0.005	143
positive	10GB	85%	FusionSeeker	1	0	397	1	0	0	NA	0	143
positive	10GB	90%	FusionSeeker	1	0	400	1	0	0	NA	0	143
positive	10GB	95%	FusionSeeker	1	0	400	1	0	0	NA	0	143
positive	100GB	85%	CTAT-LR-Fusion	2	0	400	1	0	0	NA	0	142
positive	100GB	85%	FusionSeeker	9	0	400	1	0	0	NA	0	142
positive	100GB	85%	GFSeeker	1	0	400	1	0	0	NA	0	142
positive	100GB	85%	Genion	3	0	400	1	0	0	NA	0	142
positive	100GB	90%	CTAT-LR-Fusion	1	0	400	1	0	0	NA	0	142
positive	100GB	90%	FusionSeeker	16	0	400	1	0	0	NA	0	142
positive	100GB	90%	Genion	1	0	400	1	0	0	NA	0	142
positive	100GB	95%	FusionSeeker	30	2	400	0.9375	0.0625	0.005	0.009259259259259259	0.005	142
positive	10GB	85%	FusionSeeker	1	0	397	1	0	0	NA	0	142
positive	10GB	90%	FusionSeeker	1	0	400	1	0	0	NA	0	142
positive	10GB	95%	FusionSeeker	1	0	400	1	0	0	NA	0	142
positive	100GB	85%	CTAT-LR-Fusion	2	0	400	1	0	0	NA	0	141
positive	100GB	85%	FusionSeeker	9	0	400	1	0	0	NA	0	141
positive	100GB	85%	GFSeeker	1	0	400	1	0	0	NA	0	141
positive	100GB	85%	Genion	3	0	400	1	0	0	NA	0	141
positive	100GB	90%	CTAT-LR-Fusion	1	0	400	1	0	0	NA	0	141
positive	100GB	90%	FusionSeeker	17	0	400	1	0	0	NA	0	141
positive	100GB	90%	Genion	1	0	400	1	0	0	NA	0	141
positive	100GB	95%	FusionSeeker	31	2	400	0.9393939393939394	0.06060606060606061	0.005	0.009237875288683603	0.005	141
positive	10GB	85%	FusionSeeker	1	0	397	1	0	0	NA	0	141
positive	10GB	90%	FusionSeeker	1	0	400	1	0	0	NA	0	141
positive	10GB	95%	FusionSeeker	1	0	400	1	0	0	NA	0	141
positive	100GB	85%	CTAT-LR-Fusion	2	0	400	1	0	0	NA	0	140
positive	100GB	85%	FusionSeeker	9	0	400	1	0	0	NA	0	140
positive	100GB	85%	GFSeeker	1	0	400	1	0	0	NA	0	140
positive	100GB	85%	Genion	3	0	400	1	0	0	NA	0	140
positive	100GB	90%	CTAT-LR-Fusion	1	0	400	1	0	0	NA	0	140
positive	100GB	90%	FusionSeeker	17	0	400	1	0	0	NA	0	140
positive	100GB	90%	Genion	1	0	400	1	0	0	NA	0	140
positive	100GB	95%	FusionSeeker	31	2	400	0.9393939393939394	0.06060606060606061	0.005	0.009237875288683603	0.005	140
positive	10GB	85%	FusionSeeker	1	0	397	1	0	0	NA	0	140
positive	10GB	90%	FusionSeeker	1	0	400	1	0	0	NA	0	140
positive	10GB	95%	FusionSeeker	1	0	400	1	0	0	NA	0	140
positive	100GB	85%	CTAT-LR-Fusion	2	0	400	1	0	0	NA	0	139
positive	100GB	85%	FusionSeeker	10	0	400	1	0	0	NA	0	139
positive	100GB	85%	GFSeeker	1	0	400	1	0	0	NA	0	139
positive	100GB	85%	Genion	3	0	400	1	0	0	NA	0	139
positive	100GB	90%	CTAT-LR-Fusion	1	0	400	1	0	0	NA	0	139
positive	100GB	90%	FusionSeeker	17	0	400	1	0	0	NA	0	139
positive	100GB	90%	Genion	1	0	400	1	0	0	NA	0	139
positive	100GB	95%	FusionSeeker	31	2	400	0.9393939393939394	0.06060606060606061	0.005	0.009237875288683603	0.005	139
positive	10GB	85%	FusionSeeker	1	0	397	1	0	0	NA	0	139
positive	10GB	90%	FusionSeeker	1	0	400	1	0	0	NA	0	139
positive	10GB	95%	FusionSeeker	1	0	400	1	0	0	NA	0	139
positive	100GB	85%	CTAT-LR-Fusion	2	0	400	1	0	0	NA	0	138
positive	100GB	85%	FusionSeeker	10	0	400	1	0	0	NA	0	138
positive	100GB	85%	GFSeeker	1	0	400	1	0	0	NA	0	138
positive	100GB	85%	Genion	3	0	400	1	0	0	NA	0	138
positive	100GB	90%	CTAT-LR-Fusion	1	0	400	1	0	0	NA	0	138
positive	100GB	90%	FusionSeeker	17	0	400	1	0	0	NA	0	138
positive	100GB	90%	Genion	1	0	400	1	0	0	NA	0	138
positive	100GB	95%	FusionSeeker	31	2	400	0.9393939393939394	0.06060606060606061	0.005	0.009237875288683603	0.005	138
positive	10GB	85%	FusionSeeker	1	0	397	1	0	0	NA	0	138
positive	10GB	90%	FusionSeeker	1	0	400	1	0	0	NA	0	138
positive	10GB	95%	FusionSeeker	1	0	400	1	0	0	NA	0	138
positive	100GB	85%	CTAT-LR-Fusion	2	0	400	1	0	0	NA	0	137
positive	100GB	85%	FusionSeeker	10	0	400	1	0	0	NA	0	137
positive	100GB	85%	GFSeeker	1	0	400	1	0	0	NA	0	137
positive	100GB	85%	Genion	3	0	400	1	0	0	NA	0	137
positive	100GB	90%	CTAT-LR-Fusion	1	0	400	1	0	0	NA	0	137
positive	100GB	90%	FusionSeeker	17	0	400	1	0	0	NA	0	137
positive	100GB	90%	Genion	1	0	400	1	0	0	NA	0	137
positive	100GB	95%	FusionSeeker	33	2	400	0.9428571428571428	0.05714285714285714	0.005	0.009195402298850576	0.005	137
positive	10GB	85%	FusionSeeker	1	0	397	1	0	0	NA	0	137
positive	10GB	90%	FusionSeeker	1	0	400	1	0	0	NA	0	137
positive	10GB	95%	FusionSeeker	1	0	400	1	0	0	NA	0	137
positive	100GB	85%	CTAT-LR-Fusion	2	0	400	1	0	0	NA	0	136
positive	100GB	85%	FusionSeeker	10	0	400	1	0	0	NA	0	136
positive	100GB	85%	GFSeeker	1	0	400	1	0	0	NA	0	136
positive	100GB	85%	Genion	3	0	400	1	0	0	NA	0	136
positive	100GB	90%	CTAT-LR-Fusion	1	0	400	1	0	0	NA	0	136
positive	100GB	90%	FusionSeeker	17	0	400	1	0	0	NA	0	136
positive	100GB	90%	Genion	1	0	400	1	0	0	NA	0	136
positive	100GB	95%	FusionSeeker	33	2	400	0.9428571428571428	0.05714285714285714	0.005	0.009195402298850576	0.005	136
positive	10GB	85%	FusionSeeker	1	0	397	1	0	0	NA	0	136
positive	10GB	90%	FusionSeeker	1	0	400	1	0	0	NA	0	136
positive	10GB	95%	FusionSeeker	1	0	400	1	0	0	NA	0	136
positive	100GB	85%	CTAT-LR-Fusion	2	0	400	1	0	0	NA	0	135
positive	100GB	85%	FusionSeeker	10	0	400	1	0	0	NA	0	135
positive	100GB	85%	GFSeeker	1	0	400	1	0	0	NA	0	135
positive	100GB	85%	Genion	3	0	400	1	0	0	NA	0	135
positive	100GB	90%	CTAT-LR-Fusion	1	0	400	1	0	0	NA	0	135
positive	100GB	90%	FusionSeeker	17	0	400	1	0	0	NA	0	135
positive	100GB	90%	Genion	1	0	400	1	0	0	NA	0	135
positive	100GB	95%	FusionSeeker	33	2	400	0.9428571428571428	0.05714285714285714	0.005	0.009195402298850576	0.005	135
positive	10GB	85%	FusionSeeker	1	0	397	1	0	0	NA	0	135
positive	10GB	90%	FusionSeeker	1	0	400	1	0	0	NA	0	135
positive	10GB	95%	FusionSeeker	1	0	400	1	0	0	NA	0	135
positive	100GB	85%	CTAT-LR-Fusion	2	0	400	1	0	0	NA	0	134
positive	100GB	85%	FusionSeeker	10	0	400	1	0	0	NA	0	134
positive	100GB	85%	GFSeeker	1	0	400	1	0	0	NA	0	134
positive	100GB	85%	Genion	3	0	400	1	0	0	NA	0	134
positive	100GB	90%	CTAT-LR-Fusion	1	0	400	1	0	0	NA	0	134
positive	100GB	90%	FusionSeeker	17	0	400	1	0	0	NA	0	134
positive	100GB	90%	Genion	1	0	400	1	0	0	NA	0	134
positive	100GB	95%	FusionSeeker	33	3	400	0.9166666666666666	0.08333333333333333	0.0075	0.013761467889908256	0.0075	134
positive	10GB	85%	FusionSeeker	1	0	397	1	0	0	NA	0	134
positive	10GB	90%	FusionSeeker	1	0	400	1	0	0	NA	0	134
positive	10GB	95%	FusionSeeker	1	0	400	1	0	0	NA	0	134
positive	100GB	85%	CTAT-LR-Fusion	2	0	400	1	0	0	NA	0	133
positive	100GB	85%	FusionSeeker	10	0	400	1	0	0	NA	0	133
positive	100GB	85%	GFSeeker	1	0	400	1	0	0	NA	0	133
positive	100GB	85%	Genion	3	0	400	1	0	0	NA	0	133
positive	100GB	90%	CTAT-LR-Fusion	1	0	400	1	0	0	NA	0	133
positive	100GB	90%	FusionSeeker	17	0	400	1	0	0	NA	0	133
positive	100GB	90%	Genion	1	0	400	1	0	0	NA	0	133
positive	100GB	95%	FusionSeeker	33	3	400	0.9166666666666666	0.08333333333333333	0.0075	0.013761467889908256	0.0075	133
positive	10GB	85%	FusionSeeker	1	0	397	1	0	0	NA	0	133
positive	10GB	90%	FusionSeeker	1	0	400	1	0	0	NA	0	133
positive	10GB	95%	FusionSeeker	1	0	400	1	0	0	NA	0	133
positive	100GB	85%	CTAT-LR-Fusion	2	0	400	1	0	0	NA	0	132
positive	100GB	85%	FusionSeeker	10	0	400	1	0	0	NA	0	132
positive	100GB	85%	GFSeeker	1	0	400	1	0	0	NA	0	132
positive	100GB	85%	Genion	3	0	400	1	0	0	NA	0	132
positive	100GB	90%	CTAT-LR-Fusion	1	0	400	1	0	0	NA	0	132
positive	100GB	90%	FusionSeeker	17	0	400	1	0	0	NA	0	132
positive	100GB	90%	Genion	1	0	400	1	0	0	NA	0	132
positive	100GB	95%	FusionSeeker	35	4	400	0.8974358974358975	0.10256410256410256	0.01	0.01822323462414579	0.01	132
positive	10GB	85%	FusionSeeker	1	0	397	1	0	0	NA	0	132
positive	10GB	90%	FusionSeeker	1	0	400	1	0	0	NA	0	132
positive	10GB	95%	FusionSeeker	1	0	400	1	0	0	NA	0	132
positive	100GB	85%	CTAT-LR-Fusion	2	0	400	1	0	0	NA	0	131
positive	100GB	85%	FusionSeeker	10	0	400	1	0	0	NA	0	131
positive	100GB	85%	GFSeeker	1	0	400	1	0	0	NA	0	131
positive	100GB	85%	Genion	3	0	400	1	0	0	NA	0	131
positive	100GB	90%	CTAT-LR-Fusion	1	0	400	1	0	0	NA	0	131
positive	100GB	90%	FusionSeeker	18	0	400	1	0	0	NA	0	131
positive	100GB	90%	Genion	1	0	400	1	0	0	NA	0	131
positive	100GB	95%	FusionSeeker	35	4	400	0.8974358974358975	0.10256410256410256	0.01	0.01822323462414579	0.01	131
positive	10GB	85%	FusionSeeker	1	0	397	1	0	0	NA	0	131
positive	10GB	90%	FusionSeeker	1	0	400	1	0	0	NA	0	131
positive	10GB	95%	FusionSeeker	1	0	400	1	0	0	NA	0	131
positive	100GB	85%	CTAT-LR-Fusion	2	0	400	1	0	0	NA	0	130
positive	100GB	85%	FusionSeeker	10	0	400	1	0	0	NA	0	130
positive	100GB	85%	GFSeeker	1	0	400	1	0	0	NA	0	130
positive	100GB	85%	Genion	3	0	400	1	0	0	NA	0	130
positive	100GB	90%	CTAT-LR-Fusion	1	0	400	1	0	0	NA	0	130
positive	100GB	90%	FusionSeeker	18	0	400	1	0	0	NA	0	130
positive	100GB	90%	Genion	1	0	400	1	0	0	NA	0	130
positive	100GB	95%	FusionSeeker	35	4	400	0.8974358974358975	0.10256410256410256	0.01	0.01822323462414579	0.01	130
positive	10GB	85%	FusionSeeker	1	0	397	1	0	0	NA	0	130
positive	10GB	90%	FusionSeeker	1	0	400	1	0	0	NA	0	130
positive	10GB	95%	FusionSeeker	1	0	400	1	0	0	NA	0	130
positive	100GB	85%	CTAT-LR-Fusion	2	0	400	1	0	0	NA	0	129
positive	100GB	85%	FusionSeeker	10	0	400	1	0	0	NA	0	129
positive	100GB	85%	GFSeeker	1	0	400	1	0	0	NA	0	129
positive	100GB	85%	Genion	3	0	400	1	0	0	NA	0	129
positive	100GB	90%	CTAT-LR-Fusion	1	0	400	1	0	0	NA	0	129
positive	100GB	90%	FusionSeeker	18	0	400	1	0	0	NA	0	129
positive	100GB	90%	Genion	1	0	400	1	0	0	NA	0	129
positive	100GB	95%	FusionSeeker	35	4	400	0.8974358974358975	0.10256410256410256	0.01	0.01822323462414579	0.01	129
positive	10GB	85%	FusionSeeker	1	0	397	1	0	0	NA	0	129
positive	10GB	90%	FusionSeeker	1	0	400	1	0	0	NA	0	129
positive	10GB	95%	FusionSeeker	1	0	400	1	0	0	NA	0	129
positive	100GB	85%	CTAT-LR-Fusion	2	0	400	1	0	0	NA	0	128
positive	100GB	85%	FusionSeeker	10	0	400	1	0	0	NA	0	128
positive	100GB	85%	GFSeeker	1	0	400	1	0	0	NA	0	128
positive	100GB	85%	Genion	3	0	400	1	0	0	NA	0	128
positive	100GB	90%	CTAT-LR-Fusion	1	0	400	1	0	0	NA	0	128
positive	100GB	90%	FusionSeeker	21	1	400	0.9545454545454546	0.045454545454545456	0.0025	0.004739336492890995	0.0025	128
positive	100GB	90%	Genion	1	0	400	1	0	0	NA	0	128
positive	100GB	95%	FusionSeeker	35	4	400	0.8974358974358975	0.10256410256410256	0.01	0.01822323462414579	0.01	128
positive	10GB	85%	FusionSeeker	1	0	397	1	0	0	NA	0	128
positive	10GB	90%	FusionSeeker	1	0	400	1	0	0	NA	0	128
positive	10GB	95%	FusionSeeker	1	0	400	1	0	0	NA	0	128
positive	100GB	85%	CTAT-LR-Fusion	2	0	400	1	0	0	NA	0	127
positive	100GB	85%	FusionSeeker	10	0	400	1	0	0	NA	0	127
positive	100GB	85%	GFSeeker	1	0	400	1	0	0	NA	0	127
positive	100GB	85%	Genion	3	0	400	1	0	0	NA	0	127
positive	100GB	90%	CTAT-LR-Fusion	1	0	400	1	0	0	NA	0	127
positive	100GB	90%	FusionSeeker	22	1	400	0.9565217391304348	0.043478260869565216	0.0025	0.004728132387706856	0.0025	127
positive	100GB	90%	Genion	1	0	400	1	0	0	NA	0	127
positive	100GB	95%	FusionSeeker	35	4	400	0.8974358974358975	0.10256410256410256	0.01	0.01822323462414579	0.01	127
positive	10GB	85%	FusionSeeker	1	0	397	1	0	0	NA	0	127
positive	10GB	90%	FusionSeeker	1	0	400	1	0	0	NA	0	127
positive	10GB	95%	FusionSeeker	1	0	400	1	0	0	NA	0	127
positive	100GB	85%	CTAT-LR-Fusion	2	0	400	1	0	0	NA	0	126
positive	100GB	85%	FusionSeeker	11	0	400	1	0	0	NA	0	126
positive	100GB	85%	GFSeeker	1	0	400	1	0	0	NA	0	126
positive	100GB	85%	Genion	3	0	400	1	0	0	NA	0	126
positive	100GB	90%	CTAT-LR-Fusion	1	0	400	1	0	0	NA	0	126
positive	100GB	90%	FusionSeeker	22	1	400	0.9565217391304348	0.043478260869565216	0.0025	0.004728132387706856	0.0025	126
positive	100GB	90%	Genion	1	0	400	1	0	0	NA	0	126
positive	100GB	95%	FusionSeeker	36	4	400	0.9	0.1	0.01	0.01818181818181818	0.01	126
positive	10GB	85%	FusionSeeker	1	0	397	1	0	0	NA	0	126
positive	10GB	90%	FusionSeeker	1	0	400	1	0	0	NA	0	126
positive	10GB	95%	FusionSeeker	1	0	400	1	0	0	NA	0	126
positive	100GB	85%	CTAT-LR-Fusion	2	0	400	1	0	0	NA	0	125
positive	100GB	85%	FusionSeeker	11	0	400	1	0	0	NA	0	125
positive	100GB	85%	GFSeeker	1	0	400	1	0	0	NA	0	125
positive	100GB	85%	Genion	3	0	400	1	0	0	NA	0	125
positive	100GB	90%	CTAT-LR-Fusion	1	0	400	1	0	0	NA	0	125
positive	100GB	90%	FusionSeeker	23	1	400	0.9583333333333334	0.041666666666666664	0.0025	0.0047169811320754715	0.0025	125
positive	100GB	90%	Genion	1	0	400	1	0	0	NA	0	125
positive	100GB	95%	FusionSeeker	36	4	400	0.9	0.1	0.01	0.01818181818181818	0.01	125
positive	10GB	85%	FusionSeeker	1	0	397	1	0	0	NA	0	125
positive	10GB	90%	FusionSeeker	1	0	400	1	0	0	NA	0	125
positive	10GB	95%	FusionSeeker	1	0	400	1	0	0	NA	0	125
positive	100GB	85%	CTAT-LR-Fusion	2	0	400	1	0	0	NA	0	124
positive	100GB	85%	FusionSeeker	11	0	400	1	0	0	NA	0	124
positive	100GB	85%	GFSeeker	1	0	400	1	0	0	NA	0	124
positive	100GB	85%	Genion	3	0	400	1	0	0	NA	0	124
positive	100GB	90%	CTAT-LR-Fusion	1	0	400	1	0	0	NA	0	124
positive	100GB	90%	FusionSeeker	24	1	400	0.96	0.04	0.0025	0.004705882352941176	0.0025	124
positive	100GB	90%	Genion	1	0	400	1	0	0	NA	0	124
positive	100GB	95%	FusionSeeker	39	4	400	0.9069767441860465	0.09302325581395349	0.01	0.018058690744920995	0.01	124
positive	10GB	85%	FusionSeeker	1	0	397	1	0	0	NA	0	124
positive	10GB	90%	FusionSeeker	1	0	400	1	0	0	NA	0	124
positive	10GB	95%	FusionSeeker	1	0	400	1	0	0	NA	0	124
positive	100GB	85%	CTAT-LR-Fusion	2	0	400	1	0	0	NA	0	123
positive	100GB	85%	FusionSeeker	11	0	400	1	0	0	NA	0	123
positive	100GB	85%	GFSeeker	1	0	400	1	0	0	NA	0	123
positive	100GB	85%	Genion	3	0	400	1	0	0	NA	0	123
positive	100GB	90%	CTAT-LR-Fusion	1	0	400	1	0	0	NA	0	123
positive	100GB	90%	FusionSeeker	25	1	400	0.9615384615384616	0.038461538461538464	0.0025	0.004694835680751174	0.0025	123
positive	100GB	90%	Genion	1	0	400	1	0	0	NA	0	123
positive	100GB	95%	FusionSeeker	39	4	400	0.9069767441860465	0.09302325581395349	0.01	0.018058690744920995	0.01	123
positive	10GB	85%	FusionSeeker	1	0	397	1	0	0	NA	0	123
positive	10GB	90%	FusionSeeker	1	0	400	1	0	0	NA	0	123
positive	10GB	95%	FusionSeeker	1	0	400	1	0	0	NA	0	123
positive	100GB	85%	CTAT-LR-Fusion	2	0	400	1	0	0	NA	0	122
positive	100GB	85%	FusionSeeker	11	0	400	1	0	0	NA	0	122
positive	100GB	85%	GFSeeker	1	0	400	1	0	0	NA	0	122
positive	100GB	85%	Genion	3	0	400	1	0	0	NA	0	122
positive	100GB	90%	CTAT-LR-Fusion	1	0	400	1	0	0	NA	0	122
positive	100GB	90%	FusionSeeker	25	1	400	0.9615384615384616	0.038461538461538464	0.0025	0.004694835680751174	0.0025	122
positive	100GB	90%	Genion	2	0	400	1	0	0	NA	0	122
positive	100GB	95%	FusionSeeker	39	4	400	0.9069767441860465	0.09302325581395349	0.01	0.018058690744920995	0.01	122
positive	10GB	85%	FusionSeeker	1	0	397	1	0	0	NA	0	122
positive	10GB	90%	FusionSeeker	1	0	400	1	0	0	NA	0	122
positive	10GB	95%	FusionSeeker	1	0	400	1	0	0	NA	0	122
positive	100GB	85%	CTAT-LR-Fusion	2	0	400	1	0	0	NA	0	121
positive	100GB	85%	FusionSeeker	11	0	400	1	0	0	NA	0	121
positive	100GB	85%	GFSeeker	1	0	400	1	0	0	NA	0	121
positive	100GB	85%	Genion	3	0	400	1	0	0	NA	0	121
positive	100GB	90%	CTAT-LR-Fusion	1	0	400	1	0	0	NA	0	121
positive	100GB	90%	FusionSeeker	25	1	400	0.9615384615384616	0.038461538461538464	0.0025	0.004694835680751174	0.0025	121
positive	100GB	90%	Genion	2	0	400	1	0	0	NA	0	121
positive	100GB	95%	FusionSeeker	40	5	400	0.8888888888888888	0.1111111111111111	0.0125	0.022471910112359553	0.0125	121
positive	10GB	85%	FusionSeeker	1	0	397	1	0	0	NA	0	121
positive	10GB	90%	FusionSeeker	1	0	400	1	0	0	NA	0	121
positive	10GB	95%	FusionSeeker	1	0	400	1	0	0	NA	0	121
positive	100GB	85%	CTAT-LR-Fusion	2	0	400	1	0	0	NA	0	120
positive	100GB	85%	FusionSeeker	12	0	400	1	0	0	NA	0	120
positive	100GB	85%	GFSeeker	1	0	400	1	0	0	NA	0	120
positive	100GB	85%	Genion	3	0	400	1	0	0	NA	0	120
positive	100GB	90%	CTAT-LR-Fusion	1	0	400	1	0	0	NA	0	120
positive	100GB	90%	FusionSeeker	25	1	400	0.9615384615384616	0.038461538461538464	0.0025	0.004694835680751174	0.0025	120
positive	100GB	90%	Genion	2	0	400	1	0	0	NA	0	120
positive	100GB	95%	FusionSeeker	41	5	400	0.8913043478260869	0.10869565217391304	0.0125	0.02242152466367713	0.0125	120
positive	10GB	85%	FusionSeeker	1	0	397	1	0	0	NA	0	120
positive	10GB	90%	FusionSeeker	1	0	400	1	0	0	NA	0	120
positive	10GB	95%	FusionSeeker	1	0	400	1	0	0	NA	0	120
positive	100GB	85%	CTAT-LR-Fusion	2	0	400	1	0	0	NA	0	119
positive	100GB	85%	FusionSeeker	12	0	400	1	0	0	NA	0	119
positive	100GB	85%	GFSeeker	1	0	400	1	0	0	NA	0	119
positive	100GB	85%	Genion	4	0	400	1	0	0	NA	0	119
positive	100GB	90%	CTAT-LR-Fusion	1	0	400	1	0	0	NA	0	119
positive	100GB	90%	FusionSeeker	26	1	400	0.9629629629629629	0.037037037037037035	0.0025	0.00468384074941452	0.0025	119
positive	100GB	90%	Genion	2	0	400	1	0	0	NA	0	119
positive	100GB	95%	FusionSeeker	41	5	400	0.8913043478260869	0.10869565217391304	0.0125	0.02242152466367713	0.0125	119
positive	10GB	85%	FusionSeeker	1	0	397	1	0	0	NA	0	119
positive	10GB	90%	FusionSeeker	1	0	400	1	0	0	NA	0	119
positive	10GB	95%	FusionSeeker	1	0	400	1	0	0	NA	0	119
positive	100GB	85%	CTAT-LR-Fusion	2	0	400	1	0	0	NA	0	118
positive	100GB	85%	FusionSeeker	12	0	400	1	0	0	NA	0	118
positive	100GB	85%	GFSeeker	1	0	400	1	0	0	NA	0	118
positive	100GB	85%	Genion	4	0	400	1	0	0	NA	0	118
positive	100GB	90%	CTAT-LR-Fusion	1	0	400	1	0	0	NA	0	118
positive	100GB	90%	FusionSeeker	26	1	400	0.9629629629629629	0.037037037037037035	0.0025	0.00468384074941452	0.0025	118
positive	100GB	90%	Genion	2	0	400	1	0	0	NA	0	118
positive	100GB	95%	FusionSeeker	41	5	400	0.8913043478260869	0.10869565217391304	0.0125	0.02242152466367713	0.0125	118
positive	10GB	85%	FusionSeeker	1	0	397	1	0	0	NA	0	118
positive	10GB	90%	FusionSeeker	1	0	400	1	0	0	NA	0	118
positive	10GB	95%	FusionSeeker	1	0	400	1	0	0	NA	0	118
positive	100GB	85%	CTAT-LR-Fusion	2	0	400	1	0	0	NA	0	117
positive	100GB	85%	FusionSeeker	12	0	400	1	0	0	NA	0	117
positive	100GB	85%	GFSeeker	1	0	400	1	0	0	NA	0	117
positive	100GB	85%	Genion	4	0	400	1	0	0	NA	0	117
positive	100GB	90%	CTAT-LR-Fusion	1	0	400	1	0	0	NA	0	117
positive	100GB	90%	FusionSeeker	27	1	400	0.9642857142857143	0.03571428571428571	0.0025	0.004672897196261682	0.0025	117
positive	100GB	90%	Genion	2	0	400	1	0	0	NA	0	117
positive	100GB	95%	FusionSeeker	43	5	400	0.8958333333333334	0.10416666666666667	0.0125	0.022321428571428572	0.0125	117
positive	10GB	85%	FusionSeeker	1	0	397	1	0	0	NA	0	117
positive	10GB	90%	FusionSeeker	1	0	400	1	0	0	NA	0	117
positive	10GB	95%	FusionSeeker	1	0	400	1	0	0	NA	0	117
positive	100GB	85%	CTAT-LR-Fusion	2	0	400	1	0	0	NA	0	116
positive	100GB	85%	FusionSeeker	12	0	400	1	0	0	NA	0	116
positive	100GB	85%	GFSeeker	1	0	400	1	0	0	NA	0	116
positive	100GB	85%	Genion	4	0	400	1	0	0	NA	0	116
positive	100GB	90%	CTAT-LR-Fusion	1	0	400	1	0	0	NA	0	116
positive	100GB	90%	FusionSeeker	29	1	400	0.9666666666666667	0.03333333333333333	0.0025	0.004651162790697674	0.0025	116
positive	100GB	90%	Genion	2	0	400	1	0	0	NA	0	116
positive	100GB	95%	FusionSeeker	45	5	400	0.9	0.1	0.0125	0.022222222222222227	0.0125	116
positive	10GB	85%	FusionSeeker	1	0	397	1	0	0	NA	0	116
positive	10GB	90%	FusionSeeker	1	0	400	1	0	0	NA	0	116
positive	10GB	95%	FusionSeeker	1	0	400	1	0	0	NA	0	116
positive	100GB	85%	CTAT-LR-Fusion	2	0	400	1	0	0	NA	0	115
positive	100GB	85%	FusionSeeker	12	0	400	1	0	0	NA	0	115
positive	100GB	85%	GFSeeker	1	0	400	1	0	0	NA	0	115
positive	100GB	85%	Genion	4	0	400	1	0	0	NA	0	115
positive	100GB	90%	CTAT-LR-Fusion	1	0	400	1	0	0	NA	0	115
positive	100GB	90%	FusionSeeker	30	1	400	0.967741935483871	0.03225806451612903	0.0025	0.004640371229698376	0.0025	115
positive	100GB	90%	Genion	2	0	400	1	0	0	NA	0	115
positive	100GB	95%	FusionSeeker	46	5	400	0.9019607843137255	0.09803921568627451	0.0125	0.022172949002217297	0.0125	115
positive	10GB	85%	FusionSeeker	1	0	397	1	0	0	NA	0	115
positive	10GB	90%	FusionSeeker	1	0	400	1	0	0	NA	0	115
positive	10GB	95%	FusionSeeker	1	0	400	1	0	0	NA	0	115
positive	100GB	85%	CTAT-LR-Fusion	2	0	400	1	0	0	NA	0	114
positive	100GB	85%	FusionSeeker	12	0	400	1	0	0	NA	0	114
positive	100GB	85%	GFSeeker	1	0	400	1	0	0	NA	0	114
positive	100GB	85%	Genion	4	0	400	1	0	0	NA	0	114
positive	100GB	90%	CTAT-LR-Fusion	1	0	400	1	0	0	NA	0	114
positive	100GB	90%	FusionSeeker	30	1	400	0.967741935483871	0.03225806451612903	0.0025	0.004640371229698376	0.0025	114
positive	100GB	90%	Genion	2	0	400	1	0	0	NA	0	114
positive	100GB	95%	FusionSeeker	46	5	400	0.9019607843137255	0.09803921568627451	0.0125	0.022172949002217297	0.0125	114
positive	10GB	85%	FusionSeeker	1	0	397	1	0	0	NA	0	114
positive	10GB	90%	FusionSeeker	1	0	400	1	0	0	NA	0	114
positive	10GB	95%	FusionSeeker	1	0	400	1	0	0	NA	0	114
positive	100GB	85%	CTAT-LR-Fusion	2	0	400	1	0	0	NA	0	113
positive	100GB	85%	FusionSeeker	13	0	400	1	0	0	NA	0	113
positive	100GB	85%	GFSeeker	1	0	400	1	0	0	NA	0	113
positive	100GB	85%	Genion	4	0	400	1	0	0	NA	0	113
positive	100GB	90%	CTAT-LR-Fusion	1	0	400	1	0	0	NA	0	113
positive	100GB	90%	FusionSeeker	30	1	400	0.967741935483871	0.03225806451612903	0.0025	0.004640371229698376	0.0025	113
positive	100GB	90%	Genion	2	0	400	1	0	0	NA	0	113
positive	100GB	95%	FusionSeeker	47	5	400	0.9038461538461539	0.09615384615384616	0.0125	0.022123893805309734	0.0125	113
positive	10GB	85%	FusionSeeker	1	0	397	1	0	0	NA	0	113
positive	10GB	90%	FusionSeeker	1	0	400	1	0	0	NA	0	113
positive	10GB	95%	FusionSeeker	1	0	400	1	0	0	NA	0	113
positive	100GB	85%	CTAT-LR-Fusion	2	0	400	1	0	0	NA	0	112
positive	100GB	85%	FusionSeeker	13	0	400	1	0	0	NA	0	112
positive	100GB	85%	GFSeeker	1	0	400	1	0	0	NA	0	112
positive	100GB	85%	Genion	4	0	400	1	0	0	NA	0	112
positive	100GB	90%	CTAT-LR-Fusion	1	0	400	1	0	0	NA	0	112
positive	100GB	90%	FusionSeeker	31	1	400	0.96875	0.03125	0.0025	0.004629629629629629	0.0025	112
positive	100GB	90%	Genion	2	0	400	1	0	0	NA	0	112
positive	100GB	95%	FusionSeeker	47	5	400	0.9038461538461539	0.09615384615384616	0.0125	0.022123893805309734	0.0125	112
positive	10GB	85%	FusionSeeker	1	0	397	1	0	0	NA	0	112
positive	10GB	90%	FusionSeeker	1	0	400	1	0	0	NA	0	112
positive	10GB	95%	FusionSeeker	1	0	400	1	0	0	NA	0	112
positive	100GB	85%	CTAT-LR-Fusion	2	0	400	1	0	0	NA	0	111
positive	100GB	85%	FusionSeeker	13	0	400	1	0	0	NA	0	111
positive	100GB	85%	GFSeeker	1	0	400	1	0	0	NA	0	111
positive	100GB	85%	Genion	4	0	400	1	0	0	NA	0	111
positive	100GB	90%	CTAT-LR-Fusion	1	0	400	1	0	0	NA	0	111
positive	100GB	90%	FusionSeeker	32	1	400	0.9696969696969697	0.030303030303030304	0.0025	0.004618937644341801	0.0025	111
positive	100GB	90%	GFSeeker	1	0	400	1	0	0	NA	0	111
positive	100GB	90%	Genion	2	0	400	1	0	0	NA	0	111
positive	100GB	95%	FusionSeeker	47	6	400	0.8867924528301887	0.11320754716981132	0.015	0.026490066225165566	0.015	111
positive	10GB	85%	FusionSeeker	1	0	397	1	0	0	NA	0	111
positive	10GB	90%	FusionSeeker	1	0	400	1	0	0	NA	0	111
positive	10GB	95%	FusionSeeker	1	0	400	1	0	0	NA	0	111
positive	100GB	85%	CTAT-LR-Fusion	2	0	400	1	0	0	NA	0	110
positive	100GB	85%	FusionSeeker	13	0	400	1	0	0	NA	0	110
positive	100GB	85%	GFSeeker	1	0	400	1	0	0	NA	0	110
positive	100GB	85%	Genion	4	0	400	1	0	0	NA	0	110
positive	100GB	90%	CTAT-LR-Fusion	1	0	400	1	0	0	NA	0	110
positive	100GB	90%	FusionSeeker	32	1	400	0.9696969696969697	0.030303030303030304	0.0025	0.004618937644341801	0.0025	110
positive	100GB	90%	GFSeeker	1	0	400	1	0	0	NA	0	110
positive	100GB	90%	Genion	2	0	400	1	0	0	NA	0	110
positive	100GB	95%	FusionSeeker	48	6	400	0.8888888888888888	0.1111111111111111	0.015	0.026431718061674006	0.015	110
positive	10GB	85%	FusionSeeker	1	0	397	1	0	0	NA	0	110
positive	10GB	90%	FusionSeeker	1	0	400	1	0	0	NA	0	110
positive	10GB	95%	FusionSeeker	1	0	400	1	0	0	NA	0	110
positive	100GB	85%	CTAT-LR-Fusion	2	0	400	1	0	0	NA	0	109
positive	100GB	85%	FusionSeeker	13	0	400	1	0	0	NA	0	109
positive	100GB	85%	GFSeeker	1	0	400	1	0	0	NA	0	109
positive	100GB	85%	Genion	4	0	400	1	0	0	NA	0	109
positive	100GB	90%	CTAT-LR-Fusion	1	0	400	1	0	0	NA	0	109
positive	100GB	90%	FusionSeeker	32	1	400	0.9696969696969697	0.030303030303030304	0.0025	0.004618937644341801	0.0025	109
positive	100GB	90%	GFSeeker	1	0	400	1	0	0	NA	0	109
positive	100GB	90%	Genion	2	0	400	1	0	0	NA	0	109
positive	100GB	95%	FusionSeeker	49	6	400	0.8909090909090909	0.10909090909090909	0.015	0.026373626373626374	0.015	109
positive	10GB	85%	FusionSeeker	1	0	397	1	0	0	NA	0	109
positive	10GB	90%	FusionSeeker	1	0	400	1	0	0	NA	0	109
positive	10GB	95%	FusionSeeker	1	0	400	1	0	0	NA	0	109
positive	100GB	85%	CTAT-LR-Fusion	2	0	400	1	0	0	NA	0	108
positive	100GB	85%	FusionSeeker	14	0	400	1	0	0	NA	0	108
positive	100GB	85%	GFSeeker	1	0	400	1	0	0	NA	0	108
positive	100GB	85%	Genion	4	0	400	1	0	0	NA	0	108
positive	100GB	90%	CTAT-LR-Fusion	1	0	400	1	0	0	NA	0	108
positive	100GB	90%	FusionSeeker	32	1	400	0.9696969696969697	0.030303030303030304	0.0025	0.004618937644341801	0.0025	108
positive	100GB	90%	GFSeeker	1	0	400	1	0	0	NA	0	108
positive	100GB	90%	Genion	2	0	400	1	0	0	NA	0	108
positive	100GB	95%	FusionSeeker	50	6	400	0.8928571428571429	0.10714285714285714	0.015	0.02631578947368421	0.015	108
positive	10GB	85%	FusionSeeker	1	0	397	1	0	0	NA	0	108
positive	10GB	90%	FusionSeeker	1	0	400	1	0	0	NA	0	108
positive	10GB	95%	FusionSeeker	1	0	400	1	0	0	NA	0	108
positive	100GB	85%	CTAT-LR-Fusion	2	0	400	1	0	0	NA	0	107
positive	100GB	85%	FusionSeeker	14	0	400	1	0	0	NA	0	107
positive	100GB	85%	GFSeeker	1	0	400	1	0	0	NA	0	107
positive	100GB	85%	Genion	4	0	400	1	0	0	NA	0	107
positive	100GB	90%	CTAT-LR-Fusion	1	0	400	1	0	0	NA	0	107
positive	100GB	90%	FusionSeeker	32	2	400	0.9411764705882353	0.058823529411764705	0.005	0.009216589861751152	0.005	107
positive	100GB	90%	GFSeeker	1	0	400	1	0	0	NA	0	107
positive	100GB	90%	Genion	2	0	400	1	0	0	NA	0	107
positive	100GB	95%	FusionSeeker	50	6	400	0.8928571428571429	0.10714285714285714	0.015	0.02631578947368421	0.015	107
positive	10GB	85%	FusionSeeker	1	0	397	1	0	0	NA	0	107
positive	10GB	90%	FusionSeeker	1	0	400	1	0	0	NA	0	107
positive	10GB	95%	FusionSeeker	1	0	400	1	0	0	NA	0	107
positive	100GB	85%	CTAT-LR-Fusion	2	0	400	1	0	0	NA	0	106
positive	100GB	85%	FusionSeeker	14	0	400	1	0	0	NA	0	106
positive	100GB	85%	GFSeeker	1	0	400	1	0	0	NA	0	106
positive	100GB	85%	Genion	4	0	400	1	0	0	NA	0	106
positive	100GB	90%	CTAT-LR-Fusion	1	0	400	1	0	0	NA	0	106
positive	100GB	90%	FusionSeeker	32	2	400	0.9411764705882353	0.058823529411764705	0.005	0.009216589861751152	0.005	106
positive	100GB	90%	GFSeeker	1	0	400	1	0	0	NA	0	106
positive	100GB	90%	Genion	2	0	400	1	0	0	NA	0	106
positive	100GB	95%	FusionSeeker	50	6	400	0.8928571428571429	0.10714285714285714	0.015	0.02631578947368421	0.015	106
positive	10GB	85%	FusionSeeker	1	0	397	1	0	0	NA	0	106
positive	10GB	90%	FusionSeeker	1	0	400	1	0	0	NA	0	106
positive	10GB	95%	FusionSeeker	1	0	400	1	0	0	NA	0	106
positive	100GB	85%	CTAT-LR-Fusion	2	0	400	1	0	0	NA	0	105
positive	100GB	85%	FusionSeeker	14	0	400	1	0	0	NA	0	105
positive	100GB	85%	GFSeeker	1	0	400	1	0	0	NA	0	105
positive	100GB	85%	Genion	4	0	400	1	0	0	NA	0	105
positive	100GB	90%	CTAT-LR-Fusion	1	0	400	1	0	0	NA	0	105
positive	100GB	90%	FusionSeeker	32	3	400	0.9142857142857143	0.08571428571428572	0.0075	0.01379310344827586	0.0075	105
positive	100GB	90%	GFSeeker	1	0	400	1	0	0	NA	0	105
positive	100GB	90%	Genion	3	0	400	1	0	0	NA	0	105
positive	100GB	95%	FusionSeeker	51	6	400	0.8947368421052632	0.10526315789473684	0.015	0.026258205689277895	0.015	105
positive	10GB	85%	FusionSeeker	1	0	397	1	0	0	NA	0	105
positive	10GB	90%	FusionSeeker	1	0	400	1	0	0	NA	0	105
positive	10GB	95%	FusionSeeker	1	0	400	1	0	0	NA	0	105
positive	100GB	85%	CTAT-LR-Fusion	2	0	400	1	0	0	NA	0	104
positive	100GB	85%	FusionSeeker	15	0	400	1	0	0	NA	0	104
positive	100GB	85%	GFSeeker	1	0	400	1	0	0	NA	0	104
positive	100GB	85%	Genion	4	0	400	1	0	0	NA	0	104
positive	100GB	90%	CTAT-LR-Fusion	1	0	400	1	0	0	NA	0	104
positive	100GB	90%	FusionSeeker	32	3	400	0.9142857142857143	0.08571428571428572	0.0075	0.01379310344827586	0.0075	104
positive	100GB	90%	GFSeeker	1	0	400	1	0	0	NA	0	104
positive	100GB	90%	Genion	3	0	400	1	0	0	NA	0	104
positive	100GB	95%	FusionSeeker	52	7	400	0.8813559322033898	0.11864406779661017	0.0175	0.03050108932461874	0.0175	104
positive	10GB	85%	FusionSeeker	1	0	397	1	0	0	NA	0	104
positive	10GB	90%	FusionSeeker	1	0	400	1	0	0	NA	0	104
positive	10GB	95%	FusionSeeker	1	0	400	1	0	0	NA	0	104
positive	100GB	85%	CTAT-LR-Fusion	2	0	400	1	0	0	NA	0	103
positive	100GB	85%	FusionSeeker	16	0	400	1	0	0	NA	0	103
positive	100GB	85%	GFSeeker	1	0	400	1	0	0	NA	0	103
positive	100GB	85%	Genion	4	0	400	1	0	0	NA	0	103
positive	100GB	90%	CTAT-LR-Fusion	1	0	400	1	0	0	NA	0	103
positive	100GB	90%	FusionSeeker	34	3	400	0.918918918918919	0.08108108108108109	0.0075	0.013729977116704803	0.0075	103
positive	100GB	90%	GFSeeker	1	0	400	1	0	0	NA	0	103
positive	100GB	90%	Genion	3	0	400	1	0	0	NA	0	103
positive	100GB	95%	FusionSeeker	52	7	400	0.8813559322033898	0.11864406779661017	0.0175	0.03050108932461874	0.0175	103
positive	10GB	85%	FusionSeeker	1	0	397	1	0	0	NA	0	103
positive	10GB	90%	FusionSeeker	1	0	400	1	0	0	NA	0	103
positive	10GB	95%	FusionSeeker	1	0	400	1	0	0	NA	0	103
positive	100GB	85%	CTAT-LR-Fusion	2	0	400	1	0	0	NA	0	102
positive	100GB	85%	FusionSeeker	16	1	400	0.9411764705882353	0.058823529411764705	0.0025	0.004796163069544365	0.0025	102
positive	100GB	85%	GFSeeker	1	0	400	1	0	0	NA	0	102
positive	100GB	85%	Genion	4	0	400	1	0	0	NA	0	102
positive	100GB	90%	CTAT-LR-Fusion	1	0	400	1	0	0	NA	0	102
positive	100GB	90%	FusionSeeker	36	4	400	0.9	0.1	0.01	0.01818181818181818	0.01	102
positive	100GB	90%	GFSeeker	1	0	400	1	0	0	NA	0	102
positive	100GB	90%	Genion	3	0	400	1	0	0	NA	0	102
positive	100GB	95%	FusionSeeker	52	7	400	0.8813559322033898	0.11864406779661017	0.0175	0.03050108932461874	0.0175	102
positive	10GB	85%	FusionSeeker	1	0	397	1	0	0	NA	0	102
positive	10GB	90%	FusionSeeker	1	0	400	1	0	0	NA	0	102
positive	10GB	95%	FusionSeeker	1	0	400	1	0	0	NA	0	102
positive	100GB	85%	CTAT-LR-Fusion	2	0	400	1	0	0	NA	0	101
positive	100GB	85%	FusionSeeker	17	2	400	0.8947368421052632	0.10526315789473684	0.005	0.00954653937947494	0.005	101
positive	100GB	85%	GFSeeker	1	0	400	1	0	0	NA	0	101
positive	100GB	85%	Genion	4	0	400	1	0	0	NA	0	101
positive	100GB	90%	CTAT-LR-Fusion	1	0	400	1	0	0	NA	0	101
positive	100GB	90%	FusionSeeker	36	4	400	0.9	0.1	0.01	0.01818181818181818	0.01	101
positive	100GB	90%	GFSeeker	1	0	400	1	0	0	NA	0	101
positive	100GB	90%	Genion	3	0	400	1	0	0	NA	0	101
positive	100GB	95%	FusionSeeker	52	7	400	0.8813559322033898	0.11864406779661017	0.0175	0.03050108932461874	0.0175	101
positive	10GB	85%	FusionSeeker	1	0	397	1	0	0	NA	0	101
positive	10GB	90%	FusionSeeker	1	0	400	1	0	0	NA	0	101
positive	10GB	95%	FusionSeeker	1	0	400	1	0	0	NA	0	101
positive	100GB	85%	CTAT-LR-Fusion	2	0	400	1	0	0	NA	0	100
positive	100GB	85%	FusionSeeker	17	2	400	0.8947368421052632	0.10526315789473684	0.005	0.00954653937947494	0.005	100
positive	100GB	85%	GFSeeker	1	0	400	1	0	0	NA	0	100
positive	100GB	85%	Genion	4	0	400	1	0	0	NA	0	100
positive	100GB	90%	CTAT-LR-Fusion	1	0	400	1	0	0	NA	0	100
positive	100GB	90%	FusionSeeker	37	4	400	0.9024390243902439	0.0975609756097561	0.01	0.018140589569161	0.01	100
positive	100GB	90%	GFSeeker	1	0	400	1	0	0	NA	0	100
positive	100GB	90%	Genion	3	0	400	1	0	0	NA	0	100
positive	100GB	95%	FusionSeeker	53	8	400	0.8688524590163934	0.13114754098360656	0.02	0.03470715835140998	0.02	100
positive	10GB	85%	FusionSeeker	1	0	397	1	0	0	NA	0	100
positive	10GB	90%	FusionSeeker	1	0	400	1	0	0	NA	0	100
positive	10GB	95%	FusionSeeker	1	0	400	1	0	0	NA	0	100
positive	100GB	85%	CTAT-LR-Fusion	2	0	400	1	0	0	NA	0	99
positive	100GB	85%	FusionSeeker	17	2	400	0.8947368421052632	0.10526315789473684	0.005	0.00954653937947494	0.005	99
positive	100GB	85%	GFSeeker	1	0	400	1	0	0	NA	0	99
positive	100GB	85%	Genion	4	0	400	1	0	0	NA	0	99
positive	100GB	90%	CTAT-LR-Fusion	1	0	400	1	0	0	NA	0	99
positive	100GB	90%	FusionSeeker	38	4	400	0.9047619047619048	0.09523809523809523	0.01	0.01809954751131222	0.01	99
positive	100GB	90%	GFSeeker	1	0	400	1	0	0	NA	0	99
positive	100GB	90%	Genion	3	0	400	1	0	0	NA	0	99
positive	100GB	95%	FusionSeeker	55	8	400	0.873015873015873	0.12698412698412698	0.02	0.03455723542116631	0.02	99
positive	10GB	85%	FusionSeeker	1	0	397	1	0	0	NA	0	99
positive	10GB	90%	FusionSeeker	1	0	400	1	0	0	NA	0	99
positive	10GB	95%	FusionSeeker	1	0	400	1	0	0	NA	0	99
positive	100GB	85%	CTAT-LR-Fusion	2	0	400	1	0	0	NA	0	98
positive	100GB	85%	FusionSeeker	17	2	400	0.8947368421052632	0.10526315789473684	0.005	0.00954653937947494	0.005	98
positive	100GB	85%	GFSeeker	1	0	400	1	0	0	NA	0	98
positive	100GB	85%	Genion	4	0	400	1	0	0	NA	0	98
positive	100GB	90%	CTAT-LR-Fusion	1	0	400	1	0	0	NA	0	98
positive	100GB	90%	FusionSeeker	38	4	400	0.9047619047619048	0.09523809523809523	0.01	0.01809954751131222	0.01	98
positive	100GB	90%	GFSeeker	1	0	400	1	0	0	NA	0	98
positive	100GB	90%	Genion	3	0	400	1	0	0	NA	0	98
positive	100GB	95%	FusionSeeker	56	8	400	0.875	0.125	0.02	0.03448275862068966	0.02	98
positive	10GB	85%	FusionSeeker	1	0	397	1	0	0	NA	0	98
positive	10GB	90%	FusionSeeker	1	0	400	1	0	0	NA	0	98
positive	10GB	95%	FusionSeeker	1	0	400	1	0	0	NA	0	98
positive	100GB	85%	CTAT-LR-Fusion	2	0	400	1	0	0	NA	0	97
positive	100GB	85%	FusionSeeker	17	2	400	0.8947368421052632	0.10526315789473684	0.005	0.00954653937947494	0.005	97
positive	100GB	85%	GFSeeker	1	0	400	1	0	0	NA	0	97
positive	100GB	85%	Genion	4	0	400	1	0	0	NA	0	97
positive	100GB	90%	CTAT-LR-Fusion	1	0	400	1	0	0	NA	0	97
positive	100GB	90%	FusionSeeker	39	4	400	0.9069767441860465	0.09302325581395349	0.01	0.018058690744920995	0.01	97
positive	100GB	90%	GFSeeker	1	0	400	1	0	0	NA	0	97
positive	100GB	90%	Genion	3	0	400	1	0	0	NA	0	97
positive	100GB	95%	FusionSeeker	56	8	400	0.875	0.125	0.02	0.03448275862068966	0.02	97
positive	10GB	85%	FusionSeeker	1	0	397	1	0	0	NA	0	97
positive	10GB	90%	FusionSeeker	1	0	400	1	0	0	NA	0	97
positive	10GB	95%	FusionSeeker	1	0	400	1	0	0	NA	0	97
positive	100GB	85%	CTAT-LR-Fusion	2	0	400	1	0	0	NA	0	96
positive	100GB	85%	FusionSeeker	17	2	400	0.8947368421052632	0.10526315789473684	0.005	0.00954653937947494	0.005	96
positive	100GB	85%	GFSeeker	1	0	400	1	0	0	NA	0	96
positive	100GB	85%	Genion	4	0	400	1	0	0	NA	0	96
positive	100GB	90%	CTAT-LR-Fusion	1	0	400	1	0	0	NA	0	96
positive	100GB	90%	FusionSeeker	41	4	400	0.9111111111111111	0.08888888888888889	0.01	0.017977528089887642	0.01	96
positive	100GB	90%	GFSeeker	1	0	400	1	0	0	NA	0	96
positive	100GB	90%	Genion	3	0	400	1	0	0	NA	0	96
positive	100GB	95%	FusionSeeker	57	8	400	0.8769230769230769	0.12307692307692308	0.02	0.034408602150537634	0.02	96
positive	10GB	85%	FusionSeeker	1	0	397	1	0	0	NA	0	96
positive	10GB	90%	FusionSeeker	1	0	400	1	0	0	NA	0	96
positive	10GB	95%	FusionSeeker	1	0	400	1	0	0	NA	0	96
positive	100GB	85%	CTAT-LR-Fusion	2	0	400	1	0	0	NA	0	95
positive	100GB	85%	FusionSeeker	17	2	400	0.8947368421052632	0.10526315789473684	0.005	0.00954653937947494	0.005	95
positive	100GB	85%	GFSeeker	1	0	400	1	0	0	NA	0	95
positive	100GB	85%	Genion	4	0	400	1	0	0	NA	0	95
positive	100GB	90%	CTAT-LR-Fusion	1	0	400	1	0	0	NA	0	95
positive	100GB	90%	FusionSeeker	41	4	400	0.9111111111111111	0.08888888888888889	0.01	0.017977528089887642	0.01	95
positive	100GB	90%	GFSeeker	1	0	400	1	0	0	NA	0	95
positive	100GB	90%	Genion	3	0	400	1	0	0	NA	0	95
positive	100GB	95%	FusionSeeker	58	8	400	0.8787878787878788	0.12121212121212122	0.02	0.034334763948497854	0.02	95
positive	10GB	85%	FusionSeeker	1	0	397	1	0	0	NA	0	95
positive	10GB	90%	FusionSeeker	1	0	400	1	0	0	NA	0	95
positive	10GB	95%	FusionSeeker	1	0	400	1	0	0	NA	0	95
positive	100GB	85%	CTAT-LR-Fusion	2	0	400	1	0	0	NA	0	94
positive	100GB	85%	FusionSeeker	17	2	400	0.8947368421052632	0.10526315789473684	0.005	0.00954653937947494	0.005	94
positive	100GB	85%	GFSeeker	1	0	400	1	0	0	NA	0	94
positive	100GB	85%	Genion	4	0	400	1	0	0	NA	0	94
positive	100GB	90%	CTAT-LR-Fusion	1	0	400	1	0	0	NA	0	94
positive	100GB	90%	FusionSeeker	41	4	400	0.9111111111111111	0.08888888888888889	0.01	0.017977528089887642	0.01	94
positive	100GB	90%	GFSeeker	1	0	400	1	0	0	NA	0	94
positive	100GB	90%	Genion	3	0	400	1	0	0	NA	0	94
positive	100GB	95%	FusionSeeker	58	8	400	0.8787878787878788	0.12121212121212122	0.02	0.034334763948497854	0.02	94
positive	10GB	85%	FusionSeeker	1	0	397	1	0	0	NA	0	94
positive	10GB	90%	FusionSeeker	1	0	400	1	0	0	NA	0	94
positive	10GB	95%	FusionSeeker	1	0	400	1	0	0	NA	0	94
positive	100GB	85%	CTAT-LR-Fusion	3	0	400	1	0	0	NA	0	93
positive	100GB	85%	FusionSeeker	17	2	400	0.8947368421052632	0.10526315789473684	0.005	0.00954653937947494	0.005	93
positive	100GB	85%	GFSeeker	1	0	400	1	0	0	NA	0	93
positive	100GB	85%	Genion	4	0	400	1	0	0	NA	0	93
positive	100GB	90%	CTAT-LR-Fusion	1	0	400	1	0	0	NA	0	93
positive	100GB	90%	FusionSeeker	42	4	400	0.9130434782608695	0.08695652173913043	0.01	0.017937219730941707	0.01	93
positive	100GB	90%	GFSeeker	1	0	400	1	0	0	NA	0	93
positive	100GB	90%	Genion	3	0	400	1	0	0	NA	0	93
positive	100GB	95%	FusionSeeker	59	8	400	0.8805970149253731	0.11940298507462686	0.02	0.034261241970021415	0.02	93
positive	10GB	85%	FusionSeeker	1	0	397	1	0	0	NA	0	93
positive	10GB	90%	FusionSeeker	1	0	400	1	0	0	NA	0	93
positive	10GB	95%	FusionSeeker	1	0	400	1	0	0	NA	0	93
positive	100GB	85%	CTAT-LR-Fusion	3	0	400	1	0	0	NA	0	92
positive	100GB	85%	FusionSeeker	20	2	400	0.9090909090909091	0.09090909090909091	0.005	0.00947867298578199	0.005	92
positive	100GB	85%	GFSeeker	1	0	400	1	0	0	NA	0	92
positive	100GB	85%	Genion	4	0	400	1	0	0	NA	0	92
positive	100GB	90%	CTAT-LR-Fusion	1	0	400	1	0	0	NA	0	92
positive	100GB	90%	FusionSeeker	44	5	400	0.8979591836734694	0.10204081632653061	0.0125	0.022271714922049	0.0125	92
positive	100GB	90%	GFSeeker	1	0	400	1	0	0	NA	0	92
positive	100GB	90%	Genion	3	0	400	1	0	0	NA	0	92
positive	100GB	95%	FusionSeeker	59	9	400	0.8676470588235294	0.1323529411764706	0.0225	0.038461538461538464	0.0225	92
positive	10GB	85%	FusionSeeker	1	0	397	1	0	0	NA	0	92
positive	10GB	90%	FusionSeeker	1	0	400	1	0	0	NA	0	92
positive	10GB	95%	FusionSeeker	1	0	400	1	0	0	NA	0	92
positive	100GB	85%	CTAT-LR-Fusion	3	0	400	1	0	0	NA	0	91
positive	100GB	85%	FusionSeeker	20	3	400	0.8695652173913043	0.13043478260869565	0.0075	0.014184397163120565	0.0075	91
positive	100GB	85%	GFSeeker	1	0	400	1	0	0	NA	0	91
positive	100GB	85%	Genion	4	0	400	1	0	0	NA	0	91
positive	100GB	90%	CTAT-LR-Fusion	1	0	400	1	0	0	NA	0	91
positive	100GB	90%	FusionSeeker	45	5	400	0.9	0.1	0.0125	0.022222222222222227	0.0125	91
positive	100GB	90%	GFSeeker	1	0	400	1	0	0	NA	0	91
positive	100GB	90%	Genion	3	0	400	1	0	0	NA	0	91
positive	100GB	95%	FusionSeeker	59	9	400	0.8676470588235294	0.1323529411764706	0.0225	0.038461538461538464	0.0225	91
positive	10GB	85%	FusionSeeker	1	0	397	1	0	0	NA	0	91
positive	10GB	90%	FusionSeeker	1	0	400	1	0	0	NA	0	91
positive	10GB	95%	FusionSeeker	1	0	400	1	0	0	NA	0	91
positive	100GB	85%	CTAT-LR-Fusion	3	0	400	1	0	0	NA	0	90
positive	100GB	85%	FusionSeeker	21	3	400	0.875	0.125	0.0075	0.014150943396226414	0.0075	90
positive	100GB	85%	GFSeeker	1	0	400	1	0	0	NA	0	90
positive	100GB	85%	Genion	4	0	400	1	0	0	NA	0	90
positive	100GB	90%	CTAT-LR-Fusion	1	0	400	1	0	0	NA	0	90
positive	100GB	90%	FusionSeeker	46	5	400	0.9019607843137255	0.09803921568627451	0.0125	0.022172949002217297	0.0125	90
positive	100GB	90%	GFSeeker	1	0	400	1	0	0	NA	0	90
positive	100GB	90%	Genion	3	0	400	1	0	0	NA	0	90
positive	100GB	95%	FusionSeeker	61	9	400	0.8714285714285714	0.12857142857142856	0.0225	0.03829787234042553	0.0225	90
positive	10GB	85%	FusionSeeker	1	0	397	1	0	0	NA	0	90
positive	10GB	90%	FusionSeeker	1	0	400	1	0	0	NA	0	90
positive	10GB	95%	FusionSeeker	1	0	400	1	0	0	NA	0	90
positive	100GB	85%	CTAT-LR-Fusion	3	0	400	1	0	0	NA	0	89
positive	100GB	85%	FusionSeeker	21	3	400	0.875	0.125	0.0075	0.014150943396226414	0.0075	89
positive	100GB	85%	GFSeeker	1	0	400	1	0	0	NA	0	89
positive	100GB	85%	Genion	4	0	400	1	0	0	NA	0	89
positive	100GB	90%	CTAT-LR-Fusion	1	0	400	1	0	0	NA	0	89
positive	100GB	90%	FusionSeeker	46	5	400	0.9019607843137255	0.09803921568627451	0.0125	0.022172949002217297	0.0125	89
positive	100GB	90%	GFSeeker	1	0	400	1	0	0	NA	0	89
positive	100GB	90%	Genion	3	0	400	1	0	0	NA	0	89
positive	100GB	95%	FusionSeeker	61	10	400	0.8591549295774648	0.14084507042253522	0.025	0.042462845010615716	0.025	89
positive	100GB	95%	Genion	1	0	400	1	0	0	NA	0	89
positive	10GB	85%	FusionSeeker	1	0	397	1	0	0	NA	0	89
positive	10GB	90%	FusionSeeker	1	0	400	1	0	0	NA	0	89
positive	10GB	95%	FusionSeeker	1	0	400	1	0	0	NA	0	89
positive	100GB	85%	CTAT-LR-Fusion	3	0	400	1	0	0	NA	0	88
positive	100GB	85%	FusionSeeker	21	3	400	0.875	0.125	0.0075	0.014150943396226414	0.0075	88
positive	100GB	85%	GFSeeker	1	0	400	1	0	0	NA	0	88
positive	100GB	85%	Genion	4	0	400	1	0	0	NA	0	88
positive	100GB	90%	CTAT-LR-Fusion	1	0	400	1	0	0	NA	0	88
positive	100GB	90%	FusionSeeker	46	5	400	0.9019607843137255	0.09803921568627451	0.0125	0.022172949002217297	0.0125	88
positive	100GB	90%	GFSeeker	1	0	400	1	0	0	NA	0	88
positive	100GB	90%	Genion	3	0	400	1	0	0	NA	0	88
positive	100GB	95%	FusionSeeker	62	10	400	0.8611111111111112	0.1388888888888889	0.025	0.04237288135593221	0.025	88
positive	100GB	95%	Genion	1	0	400	1	0	0	NA	0	88
positive	10GB	85%	FusionSeeker	1	0	397	1	0	0	NA	0	88
positive	10GB	90%	FusionSeeker	1	0	400	1	0	0	NA	0	88
positive	10GB	95%	FusionSeeker	1	0	400	1	0	0	NA	0	88
positive	100GB	85%	CTAT-LR-Fusion	3	0	400	1	0	0	NA	0	87
positive	100GB	85%	FusionSeeker	21	3	400	0.875	0.125	0.0075	0.014150943396226414	0.0075	87
positive	100GB	85%	GFSeeker	1	0	400	1	0	0	NA	0	87
positive	100GB	85%	Genion	4	0	400	1	0	0	NA	0	87
positive	100GB	90%	CTAT-LR-Fusion	1	0	400	1	0	0	NA	0	87
positive	100GB	90%	FusionSeeker	47	5	400	0.9038461538461539	0.09615384615384616	0.0125	0.022123893805309734	0.0125	87
positive	100GB	90%	GFSeeker	1	0	400	1	0	0	NA	0	87
positive	100GB	90%	Genion	3	0	400	1	0	0	NA	0	87
positive	100GB	95%	FusionSeeker	62	10	400	0.8611111111111112	0.1388888888888889	0.025	0.04237288135593221	0.025	87
positive	100GB	95%	Genion	1	0	400	1	0	0	NA	0	87
positive	10GB	85%	FusionSeeker	1	0	397	1	0	0	NA	0	87
positive	10GB	90%	FusionSeeker	1	0	400	1	0	0	NA	0	87
positive	10GB	95%	FusionSeeker	1	0	400	1	0	0	NA	0	87
positive	100GB	85%	CTAT-LR-Fusion	3	0	400	1	0	0	NA	0	86
positive	100GB	85%	FusionSeeker	22	3	400	0.88	0.12	0.0075	0.014117647058823528	0.0075	86
positive	100GB	85%	GFSeeker	1	0	400	1	0	0	NA	0	86
positive	100GB	85%	Genion	4	0	400	1	0	0	NA	0	86
positive	100GB	90%	CTAT-LR-Fusion	1	0	400	1	0	0	NA	0	86
positive	100GB	90%	FusionSeeker	48	5	400	0.9056603773584906	0.09433962264150944	0.0125	0.02207505518763797	0.0125	86
positive	100GB	90%	GFSeeker	1	0	400	1	0	0	NA	0	86
positive	100GB	90%	Genion	3	0	400	1	0	0	NA	0	86
positive	100GB	95%	FusionSeeker	64	10	400	0.8648648648648649	0.13513513513513514	0.025	0.042194092827004225	0.025	86
positive	100GB	95%	Genion	1	0	400	1	0	0	NA	0	86
positive	10GB	85%	FusionSeeker	1	0	397	1	0	0	NA	0	86
positive	10GB	90%	FusionSeeker	1	0	400	1	0	0	NA	0	86
positive	10GB	95%	FusionSeeker	1	0	400	1	0	0	NA	0	86
positive	100GB	85%	CTAT-LR-Fusion	3	0	400	1	0	0	NA	0	85
positive	100GB	85%	FusionSeeker	22	3	400	0.88	0.12	0.0075	0.014117647058823528	0.0075	85
positive	100GB	85%	GFSeeker	1	0	400	1	0	0	NA	0	85
positive	100GB	85%	Genion	4	0	400	1	0	0	NA	0	85
positive	100GB	90%	CTAT-LR-Fusion	1	0	400	1	0	0	NA	0	85
positive	100GB	90%	FusionSeeker	50	5	400	0.9090909090909091	0.09090909090909091	0.0125	0.02197802197802198	0.0125	85
positive	100GB	90%	GFSeeker	1	0	400	1	0	0	NA	0	85
positive	100GB	90%	Genion	3	0	400	1	0	0	NA	0	85
positive	100GB	95%	FusionSeeker	66	10	400	0.868421052631579	0.13157894736842105	0.025	0.04201680672268908	0.025	85
positive	100GB	95%	Genion	1	0	400	1	0	0	NA	0	85
positive	10GB	85%	FusionSeeker	1	0	397	1	0	0	NA	0	85
positive	10GB	90%	FusionSeeker	1	0	400	1	0	0	NA	0	85
positive	10GB	95%	FusionSeeker	1	0	400	1	0	0	NA	0	85
positive	100GB	85%	CTAT-LR-Fusion	3	0	400	1	0	0	NA	0	84
positive	100GB	85%	FusionSeeker	23	3	400	0.8846153846153846	0.11538461538461539	0.0075	0.01408450704225352	0.0075	84
positive	100GB	85%	GFSeeker	1	0	400	1	0	0	NA	0	84
positive	100GB	85%	Genion	4	0	400	1	0	0	NA	0	84
positive	100GB	90%	CTAT-LR-Fusion	1	0	400	1	0	0	NA	0	84
positive	100GB	90%	FusionSeeker	51	5	400	0.9107142857142857	0.08928571428571429	0.0125	0.02192982456140351	0.0125	84
positive	100GB	90%	GFSeeker	1	0	400	1	0	0	NA	0	84
positive	100GB	90%	Genion	3	0	400	1	0	0	NA	0	84
positive	100GB	95%	FusionSeeker	66	10	400	0.868421052631579	0.13157894736842105	0.025	0.04201680672268908	0.025	84
positive	100GB	95%	Genion	1	0	400	1	0	0	NA	0	84
positive	10GB	85%	FusionSeeker	1	0	397	1	0	0	NA	0	84
positive	10GB	90%	FusionSeeker	1	0	400	1	0	0	NA	0	84
positive	10GB	95%	FusionSeeker	1	0	400	1	0	0	NA	0	84
positive	100GB	85%	CTAT-LR-Fusion	3	0	400	1	0	0	NA	0	83
positive	100GB	85%	FusionSeeker	24	3	400	0.8888888888888888	0.1111111111111111	0.0075	0.014051522248243558	0.0075	83
positive	100GB	85%	GFSeeker	1	0	400	1	0	0	NA	0	83
positive	100GB	85%	Genion	4	0	400	1	0	0	NA	0	83
positive	100GB	90%	CTAT-LR-Fusion	1	0	400	1	0	0	NA	0	83
positive	100GB	90%	FusionSeeker	51	5	400	0.9107142857142857	0.08928571428571429	0.0125	0.02192982456140351	0.0125	83
positive	100GB	90%	GFSeeker	1	0	400	1	0	0	NA	0	83
positive	100GB	90%	Genion	3	0	400	1	0	0	NA	0	83
positive	100GB	95%	FusionSeeker	69	11	400	0.8625	0.1375	0.0275	0.04583333333333334	0.0275	83
positive	100GB	95%	Genion	1	0	400	1	0	0	NA	0	83
positive	10GB	85%	FusionSeeker	1	0	397	1	0	0	NA	0	83
positive	10GB	90%	FusionSeeker	1	0	400	1	0	0	NA	0	83
positive	10GB	95%	FusionSeeker	1	0	400	1	0	0	NA	0	83
positive	100GB	85%	CTAT-LR-Fusion	3	0	400	1	0	0	NA	0	82
positive	100GB	85%	FusionSeeker	24	3	400	0.8888888888888888	0.1111111111111111	0.0075	0.014051522248243558	0.0075	82
positive	100GB	85%	GFSeeker	1	0	400	1	0	0	NA	0	82
positive	100GB	85%	Genion	4	0	400	1	0	0	NA	0	82
positive	100GB	90%	CTAT-LR-Fusion	1	0	400	1	0	0	NA	0	82
positive	100GB	90%	FusionSeeker	51	5	400	0.9107142857142857	0.08928571428571429	0.0125	0.02192982456140351	0.0125	82
positive	100GB	90%	GFSeeker	1	0	400	1	0	0	NA	0	82
positive	100GB	90%	Genion	3	0	400	1	0	0	NA	0	82
positive	100GB	95%	FusionSeeker	69	13	400	0.8414634146341463	0.15853658536585366	0.0325	0.05394190871369295	0.0325	82
positive	100GB	95%	Genion	1	0	400	1	0	0	NA	0	82
positive	10GB	85%	FusionSeeker	1	0	397	1	0	0	NA	0	82
positive	10GB	90%	FusionSeeker	1	0	400	1	0	0	NA	0	82
positive	10GB	95%	FusionSeeker	1	0	400	1	0	0	NA	0	82
positive	100GB	85%	CTAT-LR-Fusion	3	0	400	1	0	0	NA	0	81
positive	100GB	85%	FusionSeeker	26	3	400	0.896551724137931	0.10344827586206896	0.0075	0.013986013986013986	0.0075	81
positive	100GB	85%	GFSeeker	1	0	400	1	0	0	NA	0	81
positive	100GB	85%	Genion	4	0	400	1	0	0	NA	0	81
positive	100GB	90%	CTAT-LR-Fusion	1	0	400	1	0	0	NA	0	81
positive	100GB	90%	FusionSeeker	52	5	400	0.9122807017543859	0.08771929824561403	0.0125	0.02188183807439825	0.0125	81
positive	100GB	90%	GFSeeker	1	0	400	1	0	0	NA	0	81
positive	100GB	90%	Genion	4	0	400	1	0	0	NA	0	81
positive	100GB	95%	FusionSeeker	70	13	400	0.8433734939759037	0.1566265060240964	0.0325	0.05383022774327122	0.0325	81
positive	100GB	95%	Genion	1	0	400	1	0	0	NA	0	81
positive	10GB	85%	FusionSeeker	1	0	397	1	0	0	NA	0	81
positive	10GB	90%	FusionSeeker	1	0	400	1	0	0	NA	0	81
positive	10GB	95%	FusionSeeker	1	0	400	1	0	0	NA	0	81
positive	100GB	85%	CTAT-LR-Fusion	3	0	400	1	0	0	NA	0	80
positive	100GB	85%	FusionSeeker	27	4	400	0.8709677419354839	0.12903225806451613	0.01	0.018561484918793503	0.01	80
positive	100GB	85%	GFSeeker	1	0	400	1	0	0	NA	0	80
positive	100GB	85%	Genion	4	0	400	1	0	0	NA	0	80
positive	100GB	90%	CTAT-LR-Fusion	1	0	400	1	0	0	NA	0	80
positive	100GB	90%	FusionSeeker	53	6	400	0.8983050847457628	0.1016949152542373	0.015	0.0261437908496732	0.015	80
positive	100GB	90%	GFSeeker	1	0	400	1	0	0	NA	0	80
positive	100GB	90%	Genion	4	0	400	1	0	0	NA	0	80
positive	100GB	95%	FusionSeeker	71	13	400	0.8452380952380952	0.15476190476190477	0.0325	0.05371900826446281	0.0325	80
positive	100GB	95%	Genion	1	0	400	1	0	0	NA	0	80
positive	10GB	85%	FusionSeeker	1	0	397	1	0	0	NA	0	80
positive	10GB	90%	FusionSeeker	1	0	400	1	0	0	NA	0	80
positive	10GB	95%	FusionSeeker	1	0	400	1	0	0	NA	0	80
positive	100GB	85%	CTAT-LR-Fusion	3	0	400	1	0	0	NA	0	79
positive	100GB	85%	FusionSeeker	29	4	400	0.8787878787878788	0.12121212121212122	0.01	0.018475750577367205	0.01	79
positive	100GB	85%	GFSeeker	1	0	400	1	0	0	NA	0	79
positive	100GB	85%	Genion	4	0	400	1	0	0	NA	0	79
positive	100GB	90%	CTAT-LR-Fusion	1	0	400	1	0	0	NA	0	79
positive	100GB	90%	FusionSeeker	53	6	400	0.8983050847457628	0.1016949152542373	0.015	0.0261437908496732	0.015	79
positive	100GB	90%	GFSeeker	1	0	400	1	0	0	NA	0	79
positive	100GB	90%	Genion	4	0	400	1	0	0	NA	0	79
positive	100GB	95%	FusionSeeker	74	13	400	0.8505747126436781	0.14942528735632185	0.0325	0.05338809034907598	0.0325	79
positive	100GB	95%	Genion	1	0	400	1	0	0	NA	0	79
positive	10GB	85%	FusionSeeker	1	0	397	1	0	0	NA	0	79
positive	10GB	90%	FusionSeeker	1	0	400	1	0	0	NA	0	79
positive	10GB	95%	FusionSeeker	1	0	400	1	0	0	NA	0	79
positive	100GB	85%	CTAT-LR-Fusion	3	0	400	1	0	0	NA	0	78
positive	100GB	85%	FusionSeeker	32	4	400	0.8888888888888888	0.1111111111111111	0.01	0.01834862385321101	0.01	78
positive	100GB	85%	GFSeeker	1	0	400	1	0	0	NA	0	78
positive	100GB	85%	Genion	4	0	400	1	0	0	NA	0	78
positive	100GB	90%	CTAT-LR-Fusion	1	0	400	1	0	0	NA	0	78
positive	100GB	90%	FusionSeeker	56	6	400	0.9032258064516129	0.0967741935483871	0.015	0.025974025974025972	0.015	78
positive	100GB	90%	GFSeeker	1	0	400	1	0	0	NA	0	78
positive	100GB	90%	Genion	4	0	400	1	0	0	NA	0	78
positive	100GB	95%	FusionSeeker	76	14	400	0.8444444444444444	0.15555555555555556	0.035	0.05714285714285715	0.035	78
positive	100GB	95%	Genion	1	0	400	1	0	0	NA	0	78
positive	10GB	85%	FusionSeeker	1	0	397	1	0	0	NA	0	78
positive	10GB	90%	FusionSeeker	1	0	400	1	0	0	NA	0	78
positive	10GB	95%	FusionSeeker	1	0	400	1	0	0	NA	0	78
positive	100GB	85%	CTAT-LR-Fusion	3	0	400	1	0	0	NA	0	77
positive	100GB	85%	FusionSeeker	33	4	400	0.8918918918918919	0.10810810810810811	0.01	0.018306636155606407	0.01	77
positive	100GB	85%	GFSeeker	1	0	400	1	0	0	NA	0	77
positive	100GB	85%	Genion	4	0	400	1	0	0	NA	0	77
positive	100GB	90%	CTAT-LR-Fusion	1	0	400	1	0	0	NA	0	77
positive	100GB	90%	FusionSeeker	58	7	400	0.8923076923076924	0.1076923076923077	0.0175	0.030107526881720432	0.0175	77
positive	100GB	90%	GFSeeker	1	0	400	1	0	0	NA	0	77
positive	100GB	90%	Genion	4	0	400	1	0	0	NA	0	77
positive	100GB	95%	FusionSeeker	77	16	400	0.8279569892473119	0.17204301075268819	0.04	0.06490872210953347	0.04	77
positive	100GB	95%	Genion	1	0	400	1	0	0	NA	0	77
positive	10GB	85%	FusionSeeker	1	0	397	1	0	0	NA	0	77
positive	10GB	90%	FusionSeeker	1	0	400	1	0	0	NA	0	77
positive	10GB	95%	FusionSeeker	1	0	400	1	0	0	NA	0	77
positive	100GB	85%	CTAT-LR-Fusion	3	0	400	1	0	0	NA	0	76
positive	100GB	85%	FusionSeeker	34	4	400	0.8947368421052632	0.10526315789473684	0.01	0.018264840182648404	0.01	76
positive	100GB	85%	GFSeeker	1	0	400	1	0	0	NA	0	76
positive	100GB	85%	Genion	4	0	400	1	0	0	NA	0	76
positive	100GB	90%	CTAT-LR-Fusion	1	0	400	1	0	0	NA	0	76
positive	100GB	90%	FusionSeeker	60	8	400	0.8823529411764706	0.11764705882352941	0.02	0.03418803418803419	0.02	76
positive	100GB	90%	GFSeeker	1	0	400	1	0	0	NA	0	76
positive	100GB	90%	Genion	4	0	400	1	0	0	NA	0	76
positive	100GB	95%	FusionSeeker	78	17	400	0.8210526315789474	0.17894736842105263	0.0425	0.06868686868686869	0.0425	76
positive	100GB	95%	GFSeeker	1	0	400	1	0	0	NA	0	76
positive	100GB	95%	Genion	1	0	400	1	0	0	NA	0	76
positive	10GB	85%	FusionSeeker	1	0	397	1	0	0	NA	0	76
positive	10GB	90%	FusionSeeker	1	0	400	1	0	0	NA	0	76
positive	10GB	95%	FusionSeeker	1	0	400	1	0	0	NA	0	76
positive	100GB	85%	CTAT-LR-Fusion	3	0	400	1	0	0	NA	0	75
positive	100GB	85%	FusionSeeker	34	4	400	0.8947368421052632	0.10526315789473684	0.01	0.018264840182648404	0.01	75
positive	100GB	85%	GFSeeker	1	0	400	1	0	0	NA	0	75
positive	100GB	85%	Genion	4	0	400	1	0	0	NA	0	75
positive	100GB	90%	CTAT-LR-Fusion	1	0	400	1	0	0	NA	0	75
positive	100GB	90%	FusionSeeker	60	9	400	0.8695652173913043	0.13043478260869565	0.0225	0.03837953091684435	0.0225	75
positive	100GB	90%	GFSeeker	1	0	400	1	0	0	NA	0	75
positive	100GB	90%	Genion	4	0	400	1	0	0	NA	0	75
positive	100GB	95%	FusionSeeker	79	17	400	0.8229166666666666	0.17708333333333334	0.0425	0.0685483870967742	0.0425	75
positive	100GB	95%	GFSeeker	1	0	400	1	0	0	NA	0	75
positive	100GB	95%	Genion	1	0	400	1	0	0	NA	0	75
positive	10GB	85%	FusionSeeker	1	0	397	1	0	0	NA	0	75
positive	10GB	90%	FusionSeeker	1	0	400	1	0	0	NA	0	75
positive	10GB	95%	FusionSeeker	1	0	400	1	0	0	NA	0	75
positive	100GB	85%	CTAT-LR-Fusion	4	0	400	1	0	0	NA	0	74
positive	100GB	85%	FusionSeeker	35	4	400	0.8974358974358975	0.10256410256410256	0.01	0.01822323462414579	0.01	74
positive	100GB	85%	GFSeeker	1	0	400	1	0	0	NA	0	74
positive	100GB	85%	Genion	4	0	400	1	0	0	NA	0	74
positive	100GB	90%	CTAT-LR-Fusion	1	0	400	1	0	0	NA	0	74
positive	100GB	90%	FusionSeeker	60	9	400	0.8695652173913043	0.13043478260869565	0.0225	0.03837953091684435	0.0225	74
positive	100GB	90%	GFSeeker	1	0	400	1	0	0	NA	0	74
positive	100GB	90%	Genion	4	0	400	1	0	0	NA	0	74
positive	100GB	95%	FusionSeeker	80	18	400	0.8163265306122449	0.1836734693877551	0.045	0.07228915662650602	0.045	74
positive	100GB	95%	GFSeeker	1	0	400	1	0	0	NA	0	74
positive	100GB	95%	Genion	1	0	400	1	0	0	NA	0	74
positive	10GB	85%	FusionSeeker	1	0	397	1	0	0	NA	0	74
positive	10GB	90%	FusionSeeker	1	0	400	1	0	0	NA	0	74
positive	10GB	95%	FusionSeeker	1	0	400	1	0	0	NA	0	74
positive	100GB	85%	CTAT-LR-Fusion	4	0	400	1	0	0	NA	0	73
positive	100GB	85%	FusionSeeker	36	4	400	0.9	0.1	0.01	0.01818181818181818	0.01	73
positive	100GB	85%	GFSeeker	1	0	400	1	0	0	NA	0	73
positive	100GB	85%	Genion	4	0	400	1	0	0	NA	0	73
positive	100GB	90%	CTAT-LR-Fusion	1	0	400	1	0	0	NA	0	73
positive	100GB	90%	FusionSeeker	61	9	400	0.8714285714285714	0.12857142857142856	0.0225	0.03829787234042553	0.0225	73
positive	100GB	90%	GFSeeker	1	0	400	1	0	0	NA	0	73
positive	100GB	90%	Genion	4	0	400	1	0	0	NA	0	73
positive	100GB	95%	FusionSeeker	81	18	400	0.8181818181818182	0.18181818181818182	0.045	0.07214428857715431	0.045	73
positive	100GB	95%	GFSeeker	1	0	400	1	0	0	NA	0	73
positive	100GB	95%	Genion	1	0	400	1	0	0	NA	0	73
positive	10GB	85%	FusionSeeker	1	0	397	1	0	0	NA	0	73
positive	10GB	90%	FusionSeeker	1	0	400	1	0	0	NA	0	73
positive	10GB	95%	FusionSeeker	1	0	400	1	0	0	NA	0	73
positive	100GB	85%	CTAT-LR-Fusion	4	0	400	1	0	0	NA	0	72
positive	100GB	85%	FusionSeeker	38	4	400	0.9047619047619048	0.09523809523809523	0.01	0.01809954751131222	0.01	72
positive	100GB	85%	GFSeeker	1	0	400	1	0	0	NA	0	72
positive	100GB	85%	Genion	4	0	400	1	0	0	NA	0	72
positive	100GB	90%	CTAT-LR-Fusion	1	0	400	1	0	0	NA	0	72
positive	100GB	90%	FusionSeeker	64	9	400	0.8767123287671232	0.1232876712328767	0.0225	0.03805496828752643	0.0225	72
positive	100GB	90%	GFSeeker	1	0	400	1	0	0	NA	0	72
positive	100GB	90%	Genion	4	0	400	1	0	0	NA	0	72
positive	100GB	95%	FusionSeeker	83	18	400	0.8217821782178217	0.1782178217821782	0.045	0.07185628742514971	0.045	72
positive	100GB	95%	GFSeeker	1	0	400	1	0	0	NA	0	72
positive	100GB	95%	Genion	1	0	400	1	0	0	NA	0	72
positive	10GB	85%	FusionSeeker	1	0	397	1	0	0	NA	0	72
positive	10GB	90%	FusionSeeker	1	0	400	1	0	0	NA	0	72
positive	10GB	95%	FusionSeeker	1	0	400	1	0	0	NA	0	72
positive	100GB	85%	CTAT-LR-Fusion	4	0	400	1	0	0	NA	0	71
positive	100GB	85%	FusionSeeker	38	4	400	0.9047619047619048	0.09523809523809523	0.01	0.01809954751131222	0.01	71
positive	100GB	85%	GFSeeker	1	0	400	1	0	0	NA	0	71
positive	100GB	85%	Genion	4	0	400	1	0	0	NA	0	71
positive	100GB	90%	CTAT-LR-Fusion	1	0	400	1	0	0	NA	0	71
positive	100GB	90%	FusionSeeker	65	9	400	0.8783783783783784	0.12162162162162163	0.0225	0.0379746835443038	0.0225	71
positive	100GB	90%	GFSeeker	1	0	400	1	0	0	NA	0	71
positive	100GB	90%	Genion	4	0	400	1	0	0	NA	0	71
positive	100GB	95%	FusionSeeker	84	18	400	0.8235294117647058	0.17647058823529413	0.045	0.07171314741035857	0.045	71
positive	100GB	95%	GFSeeker	1	0	400	1	0	0	NA	0	71
positive	100GB	95%	Genion	1	0	400	1	0	0	NA	0	71
positive	10GB	85%	FusionSeeker	1	0	397	1	0	0	NA	0	71
positive	10GB	90%	FusionSeeker	1	0	400	1	0	0	NA	0	71
positive	10GB	95%	FusionSeeker	1	0	400	1	0	0	NA	0	71
positive	100GB	85%	CTAT-LR-Fusion	4	0	400	1	0	0	NA	0	70
positive	100GB	85%	FusionSeeker	39	4	400	0.9069767441860465	0.09302325581395349	0.01	0.018058690744920995	0.01	70
positive	100GB	85%	GFSeeker	1	0	400	1	0	0	NA	0	70
positive	100GB	85%	Genion	4	0	400	1	0	0	NA	0	70
positive	100GB	90%	CTAT-LR-Fusion	1	0	400	1	0	0	NA	0	70
positive	100GB	90%	FusionSeeker	67	9	400	0.881578947368421	0.11842105263157894	0.0225	0.037815126050420166	0.0225	70
positive	100GB	90%	GFSeeker	1	0	400	1	0	0	NA	0	70
positive	100GB	90%	Genion	4	0	400	1	0	0	NA	0	70
positive	100GB	95%	FusionSeeker	84	18	400	0.8235294117647058	0.17647058823529413	0.045	0.07171314741035857	0.045	70
positive	100GB	95%	GFSeeker	1	0	400	1	0	0	NA	0	70
positive	100GB	95%	Genion	1	0	400	1	0	0	NA	0	70
positive	100GB	95%	LongGF	1	0	400	1	0	0	NA	0	70
positive	10GB	85%	FusionSeeker	1	0	397	1	0	0	NA	0	70
positive	10GB	90%	FusionSeeker	1	0	400	1	0	0	NA	0	70
positive	10GB	95%	FusionSeeker	1	0	400	1	0	0	NA	0	70
positive	100GB	85%	CTAT-LR-Fusion	4	0	400	1	0	0	NA	0	69
positive	100GB	85%	FusionSeeker	40	4	400	0.9090909090909091	0.09090909090909091	0.01	0.018018018018018018	0.01	69
positive	100GB	85%	GFSeeker	1	0	400	1	0	0	NA	0	69
positive	100GB	85%	Genion	4	0	400	1	0	0	NA	0	69
positive	100GB	90%	CTAT-LR-Fusion	1	0	400	1	0	0	NA	0	69
positive	100GB	90%	FusionSeeker	69	10	400	0.8734177215189873	0.12658227848101267	0.025	0.041753653444676415	0.025	69
positive	100GB	90%	GFSeeker	1	0	400	1	0	0	NA	0	69
positive	100GB	90%	Genion	4	0	400	1	0	0	NA	0	69
positive	100GB	95%	FusionSeeker	85	18	400	0.8252427184466019	0.17475728155339806	0.045	0.07157057654075547	0.045	69
positive	100GB	95%	GFSeeker	1	0	400	1	0	0	NA	0	69
positive	100GB	95%	Genion	1	0	400	1	0	0	NA	0	69
positive	100GB	95%	LongGF	1	0	400	1	0	0	NA	0	69
positive	10GB	85%	FusionSeeker	1	0	397	1	0	0	NA	0	69
positive	10GB	90%	FusionSeeker	1	0	400	1	0	0	NA	0	69
positive	10GB	95%	FusionSeeker	1	0	400	1	0	0	NA	0	69
positive	100GB	85%	CTAT-LR-Fusion	4	0	400	1	0	0	NA	0	68
positive	100GB	85%	FusionSeeker	42	4	400	0.9130434782608695	0.08695652173913043	0.01	0.017937219730941707	0.01	68
positive	100GB	85%	GFSeeker	1	0	400	1	0	0	NA	0	68
positive	100GB	85%	Genion	4	0	400	1	0	0	NA	0	68
positive	100GB	90%	CTAT-LR-Fusion	1	0	400	1	0	0	NA	0	68
positive	100GB	90%	FusionSeeker	69	10	400	0.8734177215189873	0.12658227848101267	0.025	0.041753653444676415	0.025	68
positive	100GB	90%	GFSeeker	1	0	400	1	0	0	NA	0	68
positive	100GB	90%	Genion	4	0	400	1	0	0	NA	0	68
positive	100GB	95%	FusionSeeker	87	19	400	0.8207547169811321	0.1792452830188679	0.0475	0.07509881422924901	0.0475	68
positive	100GB	95%	GFSeeker	1	0	400	1	0	0	NA	0	68
positive	100GB	95%	Genion	1	0	400	1	0	0	NA	0	68
positive	100GB	95%	LongGF	1	0	400	1	0	0	NA	0	68
positive	10GB	85%	CTAT-LR-Fusion	1	0	397	1	0	0	NA	0	68
positive	10GB	85%	FusionSeeker	1	0	397	1	0	0	NA	0	68
positive	10GB	90%	FusionSeeker	1	0	400	1	0	0	NA	0	68
positive	10GB	95%	FusionSeeker	1	0	400	1	0	0	NA	0	68
positive	100GB	85%	CTAT-LR-Fusion	4	0	400	1	0	0	NA	0	67
positive	100GB	85%	FusionSeeker	43	6	400	0.8775510204081632	0.12244897959183673	0.015	0.026726057906458798	0.015	67
positive	100GB	85%	GFSeeker	1	0	400	1	0	0	NA	0	67
positive	100GB	85%	Genion	4	0	400	1	0	0	NA	0	67
positive	100GB	90%	CTAT-LR-Fusion	1	0	400	1	0	0	NA	0	67
positive	100GB	90%	FusionSeeker	72	10	400	0.8780487804878049	0.12195121951219512	0.025	0.041493775933609964	0.025	67
positive	100GB	90%	GFSeeker	1	0	400	1	0	0	NA	0	67
positive	100GB	90%	Genion	4	0	400	1	0	0	NA	0	67
positive	100GB	95%	FusionSeeker	89	19	400	0.8240740740740741	0.17592592592592593	0.0475	0.07480314960629922	0.0475	67
positive	100GB	95%	GFSeeker	1	0	400	1	0	0	NA	0	67
positive	100GB	95%	Genion	1	0	400	1	0	0	NA	0	67
positive	100GB	95%	LongGF	1	0	400	1	0	0	NA	0	67
positive	10GB	85%	CTAT-LR-Fusion	1	0	397	1	0	0	NA	0	67
positive	10GB	85%	FusionSeeker	1	0	397	1	0	0	NA	0	67
positive	10GB	90%	FusionSeeker	1	0	400	1	0	0	NA	0	67
positive	10GB	95%	FusionSeeker	1	0	400	1	0	0	NA	0	67
positive	100GB	85%	CTAT-LR-Fusion	4	0	400	1	0	0	NA	0	66
positive	100GB	85%	FusionSeeker	43	6	400	0.8775510204081632	0.12244897959183673	0.015	0.026726057906458798	0.015	66
positive	100GB	85%	GFSeeker	1	0	400	1	0	0	NA	0	66
positive	100GB	85%	Genion	4	0	400	1	0	0	NA	0	66
positive	100GB	90%	CTAT-LR-Fusion	1	0	400	1	0	0	NA	0	66
positive	100GB	90%	FusionSeeker	75	10	400	0.8823529411764706	0.11764705882352941	0.025	0.041237113402061855	0.025	66
positive	100GB	90%	GFSeeker	1	0	400	1	0	0	NA	0	66
positive	100GB	90%	Genion	4	0	400	1	0	0	NA	0	66
positive	100GB	95%	FusionSeeker	91	20	400	0.8198198198198198	0.18018018018018017	0.05	0.07827788649706459	0.05	66
positive	100GB	95%	GFSeeker	1	0	400	1	0	0	NA	0	66
positive	100GB	95%	Genion	1	0	400	1	0	0	NA	0	66
positive	100GB	95%	LongGF	1	0	400	1	0	0	NA	0	66
positive	10GB	85%	CTAT-LR-Fusion	1	0	397	1	0	0	NA	0	66
positive	10GB	85%	FusionSeeker	1	0	397	1	0	0	NA	0	66
positive	10GB	90%	FusionSeeker	1	0	400	1	0	0	NA	0	66
positive	10GB	95%	FusionSeeker	1	0	400	1	0	0	NA	0	66
positive	100GB	85%	CTAT-LR-Fusion	4	0	400	1	0	0	NA	0	65
positive	100GB	85%	FusionSeeker	43	6	400	0.8775510204081632	0.12244897959183673	0.015	0.026726057906458798	0.015	65
positive	100GB	85%	GFSeeker	1	0	400	1	0	0	NA	0	65
positive	100GB	85%	Genion	4	0	400	1	0	0	NA	0	65
positive	100GB	90%	CTAT-LR-Fusion	1	0	400	1	0	0	NA	0	65
positive	100GB	90%	FusionSeeker	78	10	400	0.8863636363636364	0.11363636363636363	0.025	0.040983606557377046	0.025	65
positive	100GB	90%	GFSeeker	1	0	400	1	0	0	NA	0	65
positive	100GB	90%	Genion	4	0	400	1	0	0	NA	0	65
positive	100GB	95%	CTAT-LR-Fusion	1	0	400	1	0	0	NA	0	65
positive	100GB	95%	FusionSeeker	92	20	400	0.8214285714285714	0.17857142857142858	0.05	0.078125	0.05	65
positive	100GB	95%	GFSeeker	1	0	400	1	0	0	NA	0	65
positive	100GB	95%	Genion	1	0	400	1	0	0	NA	0	65
positive	100GB	95%	LongGF	1	0	400	1	0	0	NA	0	65
positive	10GB	85%	CTAT-LR-Fusion	1	0	397	1	0	0	NA	0	65
positive	10GB	85%	FusionSeeker	1	0	397	1	0	0	NA	0	65
positive	10GB	90%	FusionSeeker	1	0	400	1	0	0	NA	0	65
positive	10GB	95%	FusionSeeker	1	0	400	1	0	0	NA	0	65
positive	100GB	85%	CTAT-LR-Fusion	4	0	400	1	0	0	NA	0	64
positive	100GB	85%	FusionSeeker	44	6	400	0.88	0.12	0.015	0.026666666666666665	0.015	64
positive	100GB	85%	GFSeeker	1	0	400	1	0	0	NA	0	64
positive	100GB	85%	Genion	4	0	400	1	0	0	NA	0	64
positive	100GB	90%	CTAT-LR-Fusion	1	0	400	1	0	0	NA	0	64
positive	100GB	90%	FusionSeeker	80	12	400	0.8695652173913043	0.13043478260869565	0.03	0.048780487804878044	0.03	64
positive	100GB	90%	GFSeeker	1	0	400	1	0	0	NA	0	64
positive	100GB	90%	Genion	4	0	400	1	0	0	NA	0	64
positive	100GB	95%	CTAT-LR-Fusion	1	0	400	1	0	0	NA	0	64
positive	100GB	95%	FusionSeeker	93	20	400	0.8230088495575221	0.17699115044247787	0.05	0.07797270955165693	0.05	64
positive	100GB	95%	GFSeeker	1	0	400	1	0	0	NA	0	64
positive	100GB	95%	Genion	1	0	400	1	0	0	NA	0	64
positive	100GB	95%	LongGF	1	0	400	1	0	0	NA	0	64
positive	10GB	85%	CTAT-LR-Fusion	1	0	397	1	0	0	NA	0	64
positive	10GB	85%	FusionSeeker	1	0	397	1	0	0	NA	0	64
positive	10GB	90%	FusionSeeker	1	0	400	1	0	0	NA	0	64
positive	10GB	95%	FusionSeeker	1	0	400	1	0	0	NA	0	64
positive	100GB	85%	CTAT-LR-Fusion	4	0	400	1	0	0	NA	0	63
positive	100GB	85%	FusionSeeker	46	6	400	0.8846153846153846	0.11538461538461539	0.015	0.026548672566371685	0.015	63
positive	100GB	85%	GFSeeker	1	0	400	1	0	0	NA	0	63
positive	100GB	85%	Genion	4	0	400	1	0	0	NA	0	63
positive	100GB	90%	CTAT-LR-Fusion	1	0	400	1	0	0	NA	0	63
positive	100GB	90%	FusionSeeker	81	13	400	0.8617021276595744	0.13829787234042554	0.0325	0.05263157894736842	0.0325	63
positive	100GB	90%	GFSeeker	1	0	400	1	0	0	NA	0	63
positive	100GB	90%	Genion	4	0	400	1	0	0	NA	0	63
positive	100GB	95%	CTAT-LR-Fusion	1	0	400	1	0	0	NA	0	63
positive	100GB	95%	FusionSeeker	93	20	400	0.8230088495575221	0.17699115044247787	0.05	0.07797270955165693	0.05	63
positive	100GB	95%	GFSeeker	1	0	400	1	0	0	NA	0	63
positive	100GB	95%	Genion	1	0	400	1	0	0	NA	0	63
positive	100GB	95%	LongGF	1	0	400	1	0	0	NA	0	63
positive	10GB	85%	CTAT-LR-Fusion	1	0	397	1	0	0	NA	0	63
positive	10GB	85%	FusionSeeker	1	0	397	1	0	0	NA	0	63
positive	10GB	90%	FusionSeeker	1	0	400	1	0	0	NA	0	63
positive	10GB	95%	FusionSeeker	1	0	400	1	0	0	NA	0	63
positive	100GB	85%	CTAT-LR-Fusion	4	0	400	1	0	0	NA	0	62
positive	100GB	85%	FusionSeeker	47	6	400	0.8867924528301887	0.11320754716981132	0.015	0.026490066225165566	0.015	62
positive	100GB	85%	GFSeeker	1	0	400	1	0	0	NA	0	62
positive	100GB	85%	Genion	4	0	400	1	0	0	NA	0	62
positive	100GB	90%	CTAT-LR-Fusion	1	0	400	1	0	0	NA	0	62
positive	100GB	90%	FusionSeeker	81	14	400	0.8526315789473684	0.14736842105263157	0.035	0.05656565656565657	0.035	62
positive	100GB	90%	GFSeeker	1	0	400	1	0	0	NA	0	62
positive	100GB	90%	Genion	4	0	400	1	0	0	NA	0	62
positive	100GB	95%	CTAT-LR-Fusion	1	0	400	1	0	0	NA	0	62
positive	100GB	95%	FusionSeeker	94	20	400	0.8245614035087719	0.17543859649122806	0.05	0.07782101167315175	0.05	62
positive	100GB	95%	GFSeeker	1	0	400	1	0	0	NA	0	62
positive	100GB	95%	Genion	1	0	400	1	0	0	NA	0	62
positive	100GB	95%	LongGF	1	0	400	1	0	0	NA	0	62
positive	10GB	85%	CTAT-LR-Fusion	1	0	397	1	0	0	NA	0	62
positive	10GB	85%	FusionSeeker	1	0	397	1	0	0	NA	0	62
positive	10GB	90%	FusionSeeker	1	0	400	1	0	0	NA	0	62
positive	10GB	95%	FusionSeeker	1	0	400	1	0	0	NA	0	62
positive	100GB	85%	CTAT-LR-Fusion	4	0	400	1	0	0	NA	0	61
positive	100GB	85%	FusionSeeker	48	6	400	0.8888888888888888	0.1111111111111111	0.015	0.026431718061674006	0.015	61
positive	100GB	85%	GFSeeker	1	0	400	1	0	0	NA	0	61
positive	100GB	85%	Genion	4	0	400	1	0	0	NA	0	61
positive	100GB	90%	CTAT-LR-Fusion	1	0	400	1	0	0	NA	0	61
positive	100GB	90%	FusionSeeker	82	14	400	0.8541666666666666	0.14583333333333334	0.035	0.05645161290322581	0.035	61
positive	100GB	90%	GFSeeker	1	0	400	1	0	0	NA	0	61
positive	100GB	90%	Genion	4	0	400	1	0	0	NA	0	61
positive	100GB	95%	CTAT-LR-Fusion	1	0	400	1	0	0	NA	0	61
positive	100GB	95%	FusionSeeker	99	20	400	0.8319327731092437	0.16806722689075632	0.05	0.07707129094412332	0.05	61
positive	100GB	95%	GFSeeker	1	0	400	1	0	0	NA	0	61
positive	100GB	95%	Genion	1	0	400	1	0	0	NA	0	61
positive	100GB	95%	LongGF	1	0	400	1	0	0	NA	0	61
positive	10GB	85%	CTAT-LR-Fusion	1	0	397	1	0	0	NA	0	61
positive	10GB	85%	FusionSeeker	1	0	397	1	0	0	NA	0	61
positive	10GB	90%	FusionSeeker	1	0	400	1	0	0	NA	0	61
positive	10GB	95%	FusionSeeker	1	0	400	1	0	0	NA	0	61
positive	100GB	85%	CTAT-LR-Fusion	5	0	400	1	0	0	NA	0	60
positive	100GB	85%	FusionSeeker	48	7	400	0.8727272727272727	0.12727272727272726	0.0175	0.030769230769230764	0.0175	60
positive	100GB	85%	GFSeeker	1	0	400	1	0	0	NA	0	60
positive	100GB	85%	Genion	4	0	400	1	0	0	NA	0	60
positive	100GB	90%	CTAT-LR-Fusion	1	0	400	1	0	0	NA	0	60
positive	100GB	90%	FusionSeeker	84	14	400	0.8571428571428571	0.14285714285714285	0.035	0.05622489959839358	0.035	60
positive	100GB	90%	GFSeeker	1	0	400	1	0	0	NA	0	60
positive	100GB	90%	Genion	4	0	400	1	0	0	NA	0	60
positive	100GB	95%	CTAT-LR-Fusion	1	0	400	1	0	0	NA	0	60
positive	100GB	95%	FusionSeeker	100	20	400	0.8333333333333334	0.16666666666666666	0.05	0.07692307692307691	0.05	60
positive	100GB	95%	GFSeeker	1	0	400	1	0	0	NA	0	60
positive	100GB	95%	Genion	1	0	400	1	0	0	NA	0	60
positive	100GB	95%	LongGF	1	0	400	1	0	0	NA	0	60
positive	10GB	85%	CTAT-LR-Fusion	1	0	397	1	0	0	NA	0	60
positive	10GB	85%	FusionSeeker	1	0	397	1	0	0	NA	0	60
positive	10GB	90%	FusionSeeker	1	0	400	1	0	0	NA	0	60
positive	10GB	95%	FusionSeeker	1	0	400	1	0	0	NA	0	60
positive	100GB	85%	CTAT-LR-Fusion	5	0	400	1	0	0	NA	0	59
positive	100GB	85%	FusionSeeker	51	7	400	0.8793103448275862	0.1206896551724138	0.0175	0.030567685589519653	0.0175	59
positive	100GB	85%	GFSeeker	1	0	400	1	0	0	NA	0	59
positive	100GB	85%	Genion	4	0	400	1	0	0	NA	0	59
positive	100GB	90%	CTAT-LR-Fusion	1	0	400	1	0	0	NA	0	59
positive	100GB	90%	FusionSeeker	84	14	400	0.8571428571428571	0.14285714285714285	0.035	0.05622489959839358	0.035	59
positive	100GB	90%	GFSeeker	1	0	400	1	0	0	NA	0	59
positive	100GB	90%	Genion	4	0	400	1	0	0	NA	0	59
positive	100GB	95%	CTAT-LR-Fusion	1	0	400	1	0	0	NA	0	59
positive	100GB	95%	FusionSeeker	102	21	400	0.8292682926829268	0.17073170731707318	0.0525	0.08030592734225622	0.0525	59
positive	100GB	95%	GFSeeker	1	0	400	1	0	0	NA	0	59
positive	100GB	95%	Genion	1	0	400	1	0	0	NA	0	59
positive	100GB	95%	LongGF	1	0	400	1	0	0	NA	0	59
positive	10GB	85%	CTAT-LR-Fusion	1	0	397	1	0	0	NA	0	59
positive	10GB	85%	FusionSeeker	1	0	397	1	0	0	NA	0	59
positive	10GB	90%	FusionSeeker	1	0	400	1	0	0	NA	0	59
positive	10GB	95%	FusionSeeker	1	0	400	1	0	0	NA	0	59
positive	100GB	85%	CTAT-LR-Fusion	5	0	400	1	0	0	NA	0	58
positive	100GB	85%	FusionSeeker	51	7	400	0.8793103448275862	0.1206896551724138	0.0175	0.030567685589519653	0.0175	58
positive	100GB	85%	GFSeeker	1	0	400	1	0	0	NA	0	58
positive	100GB	85%	Genion	4	0	400	1	0	0	NA	0	58
positive	100GB	90%	CTAT-LR-Fusion	1	0	400	1	0	0	NA	0	58
positive	100GB	90%	FusionSeeker	85	14	400	0.8585858585858586	0.1414141414141414	0.035	0.0561122244488978	0.035	58
positive	100GB	90%	GFSeeker	1	0	400	1	0	0	NA	0	58
positive	100GB	90%	Genion	4	0	400	1	0	0	NA	0	58
positive	100GB	95%	CTAT-LR-Fusion	2	0	400	1	0	0	NA	0	58
positive	100GB	95%	FusionSeeker	104	22	400	0.8253968253968254	0.1746031746031746	0.055	0.08365019011406845	0.055	58
positive	100GB	95%	GFSeeker	1	0	400	1	0	0	NA	0	58
positive	100GB	95%	Genion	1	0	400	1	0	0	NA	0	58
positive	100GB	95%	LongGF	1	0	400	1	0	0	NA	0	58
positive	10GB	85%	CTAT-LR-Fusion	1	0	397	1	0	0	NA	0	58
positive	10GB	85%	FusionSeeker	1	0	397	1	0	0	NA	0	58
positive	10GB	85%	Genion	1	0	397	1	0	0	NA	0	58
positive	10GB	90%	FusionSeeker	1	0	400	1	0	0	NA	0	58
positive	10GB	95%	FusionSeeker	1	0	400	1	0	0	NA	0	58
positive	100GB	85%	CTAT-LR-Fusion	5	0	400	1	0	0	NA	0	57
positive	100GB	85%	FusionSeeker	53	7	400	0.8833333333333333	0.11666666666666667	0.0175	0.030434782608695657	0.0175	57
positive	100GB	85%	GFSeeker	1	0	400	1	0	0	NA	0	57
positive	100GB	85%	Genion	4	0	400	1	0	0	NA	0	57
positive	100GB	90%	CTAT-LR-Fusion	1	0	400	1	0	0	NA	0	57
positive	100GB	90%	FusionSeeker	89	14	400	0.8640776699029126	0.13592233009708737	0.035	0.055666003976143144	0.035	57
positive	100GB	90%	GFSeeker	2	0	400	1	0	0	NA	0	57
positive	100GB	90%	Genion	4	0	400	1	0	0	NA	0	57
positive	100GB	95%	CTAT-LR-Fusion	2	0	400	1	0	0	NA	0	57
positive	100GB	95%	FusionSeeker	106	22	400	0.828125	0.171875	0.055	0.08333333333333333	0.055	57
positive	100GB	95%	GFSeeker	1	0	400	1	0	0	NA	0	57
positive	100GB	95%	Genion	1	0	400	1	0	0	NA	0	57
positive	100GB	95%	LongGF	1	0	400	1	0	0	NA	0	57
positive	10GB	85%	CTAT-LR-Fusion	1	0	397	1	0	0	NA	0	57
positive	10GB	85%	FusionSeeker	1	0	397	1	0	0	NA	0	57
positive	10GB	85%	Genion	1	0	397	1	0	0	NA	0	57
positive	10GB	90%	FusionSeeker	1	0	400	1	0	0	NA	0	57
positive	10GB	95%	FusionSeeker	1	0	400	1	0	0	NA	0	57
positive	100GB	85%	CTAT-LR-Fusion	5	0	400	1	0	0	NA	0	56
positive	100GB	85%	FusionSeeker	55	10	400	0.8461538461538461	0.15384615384615385	0.025	0.043010752688172046	0.025	56
positive	100GB	85%	GFSeeker	1	0	400	1	0	0	NA	0	56
positive	100GB	85%	Genion	4	0	400	1	0	0	NA	0	56
positive	100GB	90%	CTAT-LR-Fusion	1	0	400	1	0	0	NA	0	56
positive	100GB	90%	FusionSeeker	92	14	400	0.8679245283018868	0.1320754716981132	0.035	0.05533596837944664	0.035	56
positive	100GB	90%	GFSeeker	2	0	400	1	0	0	NA	0	56
positive	100GB	90%	Genion	4	0	400	1	0	0	NA	0	56
positive	100GB	95%	CTAT-LR-Fusion	2	0	400	1	0	0	NA	0	56
positive	100GB	95%	FusionSeeker	106	22	400	0.828125	0.171875	0.055	0.08333333333333333	0.055	56
positive	100GB	95%	GFSeeker	1	0	400	1	0	0	NA	0	56
positive	100GB	95%	Genion	1	0	400	1	0	0	NA	0	56
positive	100GB	95%	LongGF	1	0	400	1	0	0	NA	0	56
positive	10GB	85%	CTAT-LR-Fusion	1	0	397	1	0	0	NA	0	56
positive	10GB	85%	FusionSeeker	1	0	397	1	0	0	NA	0	56
positive	10GB	85%	Genion	1	0	397	1	0	0	NA	0	56
positive	10GB	90%	FusionSeeker	1	0	400	1	0	0	NA	0	56
positive	10GB	95%	FusionSeeker	1	0	400	1	0	0	NA	0	56
positive	100GB	85%	CTAT-LR-Fusion	5	0	400	1	0	0	NA	0	55
positive	100GB	85%	FusionSeeker	60	11	400	0.8450704225352113	0.15492957746478872	0.0275	0.046709129511677286	0.0275	55
positive	100GB	85%	GFSeeker	1	0	400	1	0	0	NA	0	55
positive	100GB	85%	Genion	4	0	400	1	0	0	NA	0	55
positive	100GB	90%	CTAT-LR-Fusion	1	0	400	1	0	0	NA	0	55
positive	100GB	90%	FusionSeeker	96	16	400	0.8571428571428571	0.14285714285714285	0.04	0.0625	0.04	55
positive	100GB	90%	GFSeeker	2	0	400	1	0	0	NA	0	55
positive	100GB	90%	Genion	4	0	400	1	0	0	NA	0	55
positive	100GB	95%	CTAT-LR-Fusion	2	0	400	1	0	0	NA	0	55
positive	100GB	95%	FusionSeeker	107	25	400	0.8106060606060606	0.1893939393939394	0.0625	0.09398496240601503	0.0625	55
positive	100GB	95%	GFSeeker	1	0	400	1	0	0	NA	0	55
positive	100GB	95%	Genion	1	1	400	0.5	0.5	0.0025	0.0049751243781094535	0.0025	55
positive	100GB	95%	LongGF	1	0	400	1	0	0	NA	0	55
positive	10GB	85%	CTAT-LR-Fusion	1	0	397	1	0	0	NA	0	55
positive	10GB	85%	FusionSeeker	1	0	397	1	0	0	NA	0	55
positive	10GB	85%	Genion	1	0	397	1	0	0	NA	0	55
positive	10GB	90%	FusionSeeker	1	0	400	1	0	0	NA	0	55
positive	10GB	95%	FusionSeeker	1	0	400	1	0	0	NA	0	55
positive	100GB	85%	CTAT-LR-Fusion	5	0	400	1	0	0	NA	0	54
positive	100GB	85%	FusionSeeker	61	11	400	0.8472222222222222	0.1527777777777778	0.0275	0.046610169491525424	0.0275	54
positive	100GB	85%	GFSeeker	1	0	400	1	0	0	NA	0	54
positive	100GB	85%	Genion	4	0	400	1	0	0	NA	0	54
positive	100GB	90%	CTAT-LR-Fusion	1	0	400	1	0	0	NA	0	54
positive	100GB	90%	FusionSeeker	97	16	400	0.8584070796460177	0.1415929203539823	0.04	0.06237816764132553	0.04	54
positive	100GB	90%	GFSeeker	2	0	400	1	0	0	NA	0	54
positive	100GB	90%	Genion	4	0	400	1	0	0	NA	0	54
positive	100GB	95%	CTAT-LR-Fusion	2	0	400	1	0	0	NA	0	54
positive	100GB	95%	FusionSeeker	109	26	400	0.8074074074074075	0.1925925925925926	0.065	0.09719626168224299	0.065	54
positive	100GB	95%	GFSeeker	1	0	400	1	0	0	NA	0	54
positive	100GB	95%	Genion	1	1	400	0.5	0.5	0.0025	0.0049751243781094535	0.0025	54
positive	100GB	95%	LongGF	1	0	400	1	0	0	NA	0	54
positive	10GB	85%	CTAT-LR-Fusion	1	0	397	1	0	0	NA	0	54
positive	10GB	85%	FusionSeeker	1	0	397	1	0	0	NA	0	54
positive	10GB	85%	Genion	1	0	397	1	0	0	NA	0	54
positive	10GB	90%	FusionSeeker	1	0	400	1	0	0	NA	0	54
positive	10GB	95%	FusionSeeker	1	0	400	1	0	0	NA	0	54
positive	100GB	85%	CTAT-LR-Fusion	5	0	400	1	0	0	NA	0	53
positive	100GB	85%	FusionSeeker	64	11	400	0.8533333333333334	0.14666666666666667	0.0275	0.04631578947368421	0.0275	53
positive	100GB	85%	GFSeeker	1	0	400	1	0	0	NA	0	53
positive	100GB	85%	Genion	5	0	400	1	0	0	NA	0	53
positive	100GB	90%	CTAT-LR-Fusion	1	0	400	1	0	0	NA	0	53
positive	100GB	90%	FusionSeeker	99	16	400	0.8608695652173913	0.1391304347826087	0.04	0.06213592233009709	0.04	53
positive	100GB	90%	GFSeeker	3	0	400	1	0	0	NA	0	53
positive	100GB	90%	Genion	4	0	400	1	0	0	NA	0	53
positive	100GB	95%	CTAT-LR-Fusion	2	0	400	1	0	0	NA	0	53
positive	100GB	95%	FusionSeeker	113	26	400	0.8129496402877698	0.18705035971223022	0.065	0.09647495361781076	0.065	53
positive	100GB	95%	GFSeeker	1	0	400	1	0	0	NA	0	53
positive	100GB	95%	Genion	1	2	400	0.3333333333333333	0.6666666666666666	0.005	0.009925558312655087	0.005	53
positive	100GB	95%	LongGF	1	0	400	1	0	0	NA	0	53
positive	10GB	85%	CTAT-LR-Fusion	1	0	397	1	0	0	NA	0	53
positive	10GB	85%	FusionSeeker	1	0	397	1	0	0	NA	0	53
positive	10GB	85%	Genion	1	0	397	1	0	0	NA	0	53
positive	10GB	90%	FusionSeeker	1	0	400	1	0	0	NA	0	53
positive	10GB	95%	FusionSeeker	1	0	400	1	0	0	NA	0	53
positive	100GB	85%	CTAT-LR-Fusion	5	0	400	1	0	0	NA	0	52
positive	100GB	85%	FusionSeeker	65	11	400	0.8552631578947368	0.14473684210526316	0.0275	0.04621848739495798	0.0275	52
positive	100GB	85%	GFSeeker	1	0	400	1	0	0	NA	0	52
positive	100GB	85%	Genion	5	0	400	1	0	0	NA	0	52
positive	100GB	90%	CTAT-LR-Fusion	1	0	400	1	0	0	NA	0	52
positive	100GB	90%	FusionSeeker	99	16	400	0.8608695652173913	0.1391304347826087	0.04	0.06213592233009709	0.04	52
positive	100GB	90%	GFSeeker	3	0	400	1	0	0	NA	0	52
positive	100GB	90%	Genion	4	1	400	0.8	0.2	0.0025	0.0049382716049382715	0.0025	52
positive	100GB	95%	CTAT-LR-Fusion	2	0	400	1	0	0	NA	0	52
positive	100GB	95%	FusionSeeker	117	26	400	0.8181818181818182	0.18181818181818182	0.065	0.09576427255985268	0.065	52
positive	100GB	95%	GFSeeker	1	0	400	1	0	0	NA	0	52
positive	100GB	95%	Genion	1	2	400	0.3333333333333333	0.6666666666666666	0.005	0.009925558312655087	0.005	52
positive	100GB	95%	LongGF	1	0	400	1	0	0	NA	0	52
positive	10GB	85%	CTAT-LR-Fusion	1	0	397	1	0	0	NA	0	52
positive	10GB	85%	FusionSeeker	1	0	397	1	0	0	NA	0	52
positive	10GB	85%	Genion	1	0	397	1	0	0	NA	0	52
positive	10GB	90%	FusionSeeker	1	0	400	1	0	0	NA	0	52
positive	10GB	95%	FusionSeeker	1	0	400	1	0	0	NA	0	52
positive	100GB	85%	CTAT-LR-Fusion	5	0	400	1	0	0	NA	0	51
positive	100GB	85%	FusionSeeker	67	11	400	0.8589743589743589	0.14102564102564102	0.0275	0.04602510460251046	0.0275	51
positive	100GB	85%	GFSeeker	1	0	400	1	0	0	NA	0	51
positive	100GB	85%	Genion	5	0	400	1	0	0	NA	0	51
positive	100GB	90%	CTAT-LR-Fusion	1	0	400	1	0	0	NA	0	51
positive	100GB	90%	FusionSeeker	101	16	400	0.8632478632478633	0.13675213675213677	0.04	0.061895551257253385	0.04	51
positive	100GB	90%	GFSeeker	3	0	400	1	0	0	NA	0	51
positive	100GB	90%	Genion	4	1	400	0.8	0.2	0.0025	0.0049382716049382715	0.0025	51
positive	100GB	95%	CTAT-LR-Fusion	2	0	400	1	0	0	NA	0	51
positive	100GB	95%	FusionSeeker	119	27	400	0.815068493150685	0.18493150684931506	0.0675	0.09890109890109892	0.0675	51
positive	100GB	95%	GFSeeker	1	0	400	1	0	0	NA	0	51
positive	100GB	95%	Genion	1	2	400	0.3333333333333333	0.6666666666666666	0.005	0.009925558312655087	0.005	51
positive	100GB	95%	JAFFAL	0	1	400	0	1	0.0025	0.004987531172069826	0.0025	51
positive	100GB	95%	LongGF	1	0	400	1	0	0	NA	0	51
positive	10GB	85%	CTAT-LR-Fusion	1	0	397	1	0	0	NA	0	51
positive	10GB	85%	FusionSeeker	1	0	397	1	0	0	NA	0	51
positive	10GB	85%	Genion	1	0	397	1	0	0	NA	0	51
positive	10GB	90%	FusionSeeker	1	0	400	1	0	0	NA	0	51
positive	10GB	95%	FusionSeeker	1	0	400	1	0	0	NA	0	51
positive	100GB	85%	CTAT-LR-Fusion	5	0	400	1	0	0	NA	0	50
positive	100GB	85%	FusionSeeker	69	11	400	0.8625	0.1375	0.0275	0.04583333333333334	0.0275	50
positive	100GB	85%	GFSeeker	1	0	400	1	0	0	NA	0	50
positive	100GB	85%	Genion	5	0	400	1	0	0	NA	0	50
positive	100GB	90%	CTAT-LR-Fusion	1	1	400	0.5	0.5	0.0025	0.0049751243781094535	0.0025	50
positive	100GB	90%	FusionSeeker	103	17	400	0.8583333333333333	0.14166666666666666	0.0425	0.06538461538461539	0.0425	50
positive	100GB	90%	GFSeeker	3	0	400	1	0	0	NA	0	50
positive	100GB	90%	Genion	5	2	400	0.7142857142857143	0.2857142857142857	0.005	0.009828009828009828	0.005	50
positive	100GB	95%	CTAT-LR-Fusion	2	0	400	1	0	0	NA	0	50
positive	100GB	95%	FusionSeeker	122	27	400	0.8187919463087249	0.18120805369127516	0.0675	0.09836065573770493	0.0675	50
positive	100GB	95%	GFSeeker	2	0	400	1	0	0	NA	0	50
positive	100GB	95%	Genion	1	2	400	0.3333333333333333	0.6666666666666666	0.005	0.009925558312655087	0.005	50
positive	100GB	95%	JAFFAL	0	1	400	0	1	0.0025	0.004987531172069826	0.0025	50
positive	100GB	95%	LongGF	1	0	400	1	0	0	NA	0	50
positive	10GB	85%	CTAT-LR-Fusion	1	0	397	1	0	0	NA	0	50
positive	10GB	85%	FusionSeeker	1	0	397	1	0	0	NA	0	50
positive	10GB	85%	Genion	1	0	397	1	0	0	NA	0	50
positive	10GB	90%	FusionSeeker	1	0	400	1	0	0	NA	0	50
positive	10GB	95%	FusionSeeker	1	0	400	1	0	0	NA	0	50
positive	100GB	85%	CTAT-LR-Fusion	5	0	400	1	0	0	NA	0	49
positive	100GB	85%	FusionSeeker	70	11	400	0.8641975308641975	0.13580246913580246	0.0275	0.04573804573804574	0.0275	49
positive	100GB	85%	GFSeeker	1	0	400	1	0	0	NA	0	49
positive	100GB	85%	Genion	5	0	400	1	0	0	NA	0	49
positive	100GB	90%	CTAT-LR-Fusion	2	1	400	0.6666666666666666	0.3333333333333333	0.0025	0.004962779156327543	0.0025	49
positive	100GB	90%	FusionSeeker	107	17	400	0.8629032258064516	0.13709677419354838	0.0425	0.0648854961832061	0.0425	49
positive	100GB	90%	GFSeeker	3	1	400	0.75	0.25	0.0025	0.0049504950495049506	0.0025	49
positive	100GB	90%	Genion	5	2	400	0.7142857142857143	0.2857142857142857	0.005	0.009828009828009828	0.005	49
positive	100GB	95%	CTAT-LR-Fusion	2	0	400	1	0	0	NA	0	49
positive	100GB	95%	FusionSeeker	125	27	400	0.8223684210526315	0.17763157894736842	0.0675	0.09782608695652174	0.0675	49
positive	100GB	95%	GFSeeker	2	0	400	1	0	0	NA	0	49
positive	100GB	95%	Genion	1	2	400	0.3333333333333333	0.6666666666666666	0.005	0.009925558312655087	0.005	49
positive	100GB	95%	JAFFAL	0	2	400	0	1	0.005	0.009950248756218907	0.005	49
positive	100GB	95%	LongGF	1	0	400	1	0	0	NA	0	49
positive	10GB	85%	CTAT-LR-Fusion	1	0	397	1	0	0	NA	0	49
positive	10GB	85%	FusionSeeker	1	0	397	1	0	0	NA	0	49
positive	10GB	85%	Genion	1	0	397	1	0	0	NA	0	49
positive	10GB	90%	FusionSeeker	1	0	400	1	0	0	NA	0	49
positive	10GB	95%	FusionSeeker	1	0	400	1	0	0	NA	0	49
positive	100GB	85%	CTAT-LR-Fusion	5	0	400	1	0	0	NA	0	48
positive	100GB	85%	FusionSeeker	72	12	400	0.8571428571428571	0.14285714285714285	0.03	0.04958677685950413	0.03	48
positive	100GB	85%	GFSeeker	1	0	400	1	0	0	NA	0	48
positive	100GB	85%	Genion	5	0	400	1	0	0	NA	0	48
positive	100GB	90%	CTAT-LR-Fusion	2	1	400	0.6666666666666666	0.3333333333333333	0.0025	0.004962779156327543	0.0025	48
positive	100GB	90%	FusionSeeker	110	18	400	0.859375	0.140625	0.045	0.06818181818181818	0.045	48
positive	100GB	90%	GFSeeker	3	1	400	0.75	0.25	0.0025	0.0049504950495049506	0.0025	48
positive	100GB	90%	Genion	5	2	400	0.7142857142857143	0.2857142857142857	0.005	0.009828009828009828	0.005	48
positive	100GB	95%	CTAT-LR-Fusion	3	2	400	0.6	0.4	0.005	0.009876543209876543	0.005	48
positive	100GB	95%	FusionSeeker	128	29	400	0.8152866242038217	0.18471337579617833	0.0725	0.10412926391382406	0.0725	48
positive	100GB	95%	GFSeeker	2	0	400	1	0	0	NA	0	48
positive	100GB	95%	Genion	1	3	400	0.25	0.75	0.0075	0.014851485148514853	0.0075	48
positive	100GB	95%	JAFFAL	0	3	400	0	1	0.0075	0.014888337468982629	0.0075	48
positive	100GB	95%	LongGF	1	1	400	0.5	0.5	0.0025	0.0049751243781094535	0.0025	48
positive	10GB	85%	CTAT-LR-Fusion	1	0	397	1	0	0	NA	0	48
positive	10GB	85%	FusionSeeker	1	0	397	1	0	0	NA	0	48
positive	10GB	85%	Genion	1	0	397	1	0	0	NA	0	48
positive	10GB	90%	FusionSeeker	1	0	400	1	0	0	NA	0	48
positive	10GB	95%	FusionSeeker	1	0	400	1	0	0	NA	0	48
positive	100GB	85%	CTAT-LR-Fusion	5	0	400	1	0	0	NA	0	47
positive	100GB	85%	FusionSeeker	75	12	400	0.8620689655172413	0.13793103448275862	0.03	0.049281314168377825	0.03	47
positive	100GB	85%	GFSeeker	1	0	400	1	0	0	NA	0	47
positive	100GB	85%	Genion	5	0	400	1	0	0	NA	0	47
positive	100GB	90%	CTAT-LR-Fusion	2	1	400	0.6666666666666666	0.3333333333333333	0.0025	0.004962779156327543	0.0025	47
positive	100GB	90%	FusionSeeker	112	19	400	0.8549618320610687	0.1450381679389313	0.0475	0.07156308851224105	0.0475	47
positive	100GB	90%	GFSeeker	3	1	400	0.75	0.25	0.0025	0.0049504950495049506	0.0025	47
positive	100GB	90%	Genion	5	4	400	0.5555555555555556	0.4444444444444444	0.01	0.019559902200488997	0.01	47
positive	100GB	95%	CTAT-LR-Fusion	3	2	400	0.6	0.4	0.005	0.009876543209876543	0.005	47
positive	100GB	95%	FusionSeeker	135	32	400	0.8083832335329342	0.19161676646706588	0.08	0.1128747795414462	0.08	47
positive	100GB	95%	GFSeeker	3	0	400	1	0	0	NA	0	47
positive	100GB	95%	Genion	2	4	400	0.3333333333333333	0.6666666666666666	0.01	0.019704433497536946	0.01	47
positive	100GB	95%	JAFFAL	0	3	400	0	1	0.0075	0.014888337468982629	0.0075	47
positive	100GB	95%	LongGF	1	1	400	0.5	0.5	0.0025	0.0049751243781094535	0.0025	47
positive	10GB	85%	CTAT-LR-Fusion	1	0	397	1	0	0	NA	0	47
positive	10GB	85%	FusionSeeker	1	0	397	1	0	0	NA	0	47
positive	10GB	85%	Genion	1	0	397	1	0	0	NA	0	47
positive	10GB	90%	FusionSeeker	1	0	400	1	0	0	NA	0	47
positive	10GB	95%	FusionSeeker	1	0	400	1	0	0	NA	0	47
positive	100GB	85%	CTAT-LR-Fusion	5	0	400	1	0	0	NA	0	46
positive	100GB	85%	FusionSeeker	80	12	400	0.8695652173913043	0.13043478260869565	0.03	0.048780487804878044	0.03	46
positive	100GB	85%	GFSeeker	1	0	400	1	0	0	NA	0	46
positive	100GB	85%	Genion	5	0	400	1	0	0	NA	0	46
positive	100GB	90%	CTAT-LR-Fusion	2	1	400	0.6666666666666666	0.3333333333333333	0.0025	0.004962779156327543	0.0025	46
positive	100GB	90%	FusionSeeker	116	21	400	0.8467153284671532	0.15328467153284672	0.0525	0.0782122905027933	0.0525	46
positive	100GB	90%	GFSeeker	3	1	400	0.75	0.25	0.0025	0.0049504950495049506	0.0025	46
positive	100GB	90%	Genion	8	4	400	0.6666666666666666	0.3333333333333333	0.01	0.019417475728155338	0.01	46
positive	100GB	90%	JAFFAL	0	2	400	0	1	0.005	0.009950248756218907	0.005	46
positive	100GB	95%	CTAT-LR-Fusion	4	2	400	0.6666666666666666	0.3333333333333333	0.005	0.009852216748768473	0.005	46
positive	100GB	95%	FusionSeeker	137	32	400	0.8106508875739645	0.1893491124260355	0.08	0.1124780316344464	0.08	46
positive	100GB	95%	GFSeeker	4	0	400	1	0	0	NA	0	46
positive	100GB	95%	Genion	2	4	400	0.3333333333333333	0.6666666666666666	0.01	0.019704433497536946	0.01	46
positive	100GB	95%	JAFFAL	1	4	400	0.2	0.8	0.01	0.019753086419753086	0.01	46
positive	100GB	95%	LongGF	2	1	400	0.6666666666666666	0.3333333333333333	0.0025	0.004962779156327543	0.0025	46
positive	10GB	85%	CTAT-LR-Fusion	1	0	397	1	0	0	NA	0	46
positive	10GB	85%	FusionSeeker	1	0	397	1	0	0	NA	0	46
positive	10GB	85%	Genion	1	0	397	1	0	0	NA	0	46
positive	10GB	90%	FusionSeeker	1	0	400	1	0	0	NA	0	46
positive	10GB	95%	FusionSeeker	1	0	400	1	0	0	NA	0	46
positive	100GB	85%	CTAT-LR-Fusion	5	0	400	1	0	0	NA	0	45
positive	100GB	85%	FusionSeeker	83	13	400	0.8645833333333334	0.13541666666666666	0.0325	0.05241935483870968	0.0325	45
positive	100GB	85%	GFSeeker	1	0	400	1	0	0	NA	0	45
positive	100GB	85%	Genion	6	1	400	0.8571428571428571	0.14285714285714285	0.0025	0.004914004914004914	0.0025	45
positive	100GB	90%	CTAT-LR-Fusion	2	1	400	0.6666666666666666	0.3333333333333333	0.0025	0.004962779156327543	0.0025	45
positive	100GB	90%	FusionSeeker	121	21	400	0.852112676056338	0.14788732394366197	0.0525	0.07749077490774908	0.0525	45
positive	100GB	90%	GFSeeker	3	1	400	0.75	0.25	0.0025	0.0049504950495049506	0.0025	45
positive	100GB	90%	Genion	8	4	400	0.6666666666666666	0.3333333333333333	0.01	0.019417475728155338	0.01	45
positive	100GB	90%	JAFFAL	0	3	400	0	1	0.0075	0.014888337468982629	0.0075	45
positive	100GB	95%	CTAT-LR-Fusion	4	2	400	0.6666666666666666	0.3333333333333333	0.005	0.009852216748768473	0.005	45
positive	100GB	95%	FusionSeeker	141	32	400	0.815028901734104	0.18497109826589594	0.08	0.11169284467713787	0.08	45
positive	100GB	95%	GFSeeker	5	1	400	0.8333333333333334	0.16666666666666666	0.0025	0.0049261083743842365	0.0025	45
positive	100GB	95%	Genion	3	4	400	0.42857142857142855	0.5714285714285714	0.01	0.019656019656019656	0.01	45
positive	100GB	95%	JAFFAL	1	5	400	0.16666666666666666	0.8333333333333334	0.0125	0.024630541871921187	0.0125	45
positive	100GB	95%	LongGF	2	1	400	0.6666666666666666	0.3333333333333333	0.0025	0.004962779156327543	0.0025	45
positive	10GB	85%	CTAT-LR-Fusion	1	0	397	1	0	0	NA	0	45
positive	10GB	85%	FusionSeeker	1	0	397	1	0	0	NA	0	45
positive	10GB	85%	Genion	1	0	397	1	0	0	NA	0	45
positive	10GB	90%	FusionSeeker	1	0	400	1	0	0	NA	0	45
positive	10GB	95%	FusionSeeker	1	0	400	1	0	0	NA	0	45
positive	100GB	85%	CTAT-LR-Fusion	5	0	400	1	0	0	NA	0	44
positive	100GB	85%	FusionSeeker	86	13	400	0.8686868686868687	0.13131313131313133	0.0325	0.05210420841683367	0.0325	44
positive	100GB	85%	GFSeeker	1	0	400	1	0	0	NA	0	44
positive	100GB	85%	Genion	6	1	400	0.8571428571428571	0.14285714285714285	0.0025	0.004914004914004914	0.0025	44
positive	100GB	90%	CTAT-LR-Fusion	2	3	400	0.4	0.6	0.0075	0.014814814814814815	0.0075	44
positive	100GB	90%	FusionSeeker	123	25	400	0.831081081081081	0.16891891891891891	0.0625	0.09124087591240876	0.0625	44
positive	100GB	90%	GFSeeker	3	2	400	0.6	0.4	0.005	0.009876543209876543	0.005	44
positive	100GB	90%	Genion	9	4	400	0.6923076923076923	0.3076923076923077	0.01	0.01937046004842615	0.01	44
positive	100GB	90%	JAFFAL	0	3	400	0	1	0.0075	0.014888337468982629	0.0075	44
positive	100GB	95%	CTAT-LR-Fusion	4	3	400	0.5714285714285714	0.42857142857142855	0.0075	0.01474201474201474	0.0075	44
positive	100GB	95%	FusionSeeker	148	32	400	0.8222222222222222	0.17777777777777778	0.08	0.11034482758620691	0.08	44
positive	100GB	95%	GFSeeker	6	1	400	0.8571428571428571	0.14285714285714285	0.0025	0.004914004914004914	0.0025	44
positive	100GB	95%	Genion	5	5	400	0.5	0.5	0.0125	0.02439024390243903	0.0125	44
positive	100GB	95%	JAFFAL	2	5	400	0.2857142857142857	0.7142857142857143	0.0125	0.024570024570024575	0.0125	44
positive	100GB	95%	LongGF	2	1	400	0.6666666666666666	0.3333333333333333	0.0025	0.004962779156327543	0.0025	44
positive	10GB	85%	CTAT-LR-Fusion	1	0	397	1	0	0	NA	0	44
positive	10GB	85%	FusionSeeker	1	0	397	1	0	0	NA	0	44
positive	10GB	85%	Genion	1	0	397	1	0	0	NA	0	44
positive	10GB	90%	FusionSeeker	1	0	400	1	0	0	NA	0	44
positive	10GB	95%	FusionSeeker	1	0	400	1	0	0	NA	0	44
positive	100GB	85%	CTAT-LR-Fusion	5	0	400	1	0	0	NA	0	43
positive	100GB	85%	FusionSeeker	91	14	400	0.8666666666666667	0.13333333333333333	0.035	0.055445544554455446	0.035	43
positive	100GB	85%	GFSeeker	2	0	400	1	0	0	NA	0	43
positive	100GB	85%	Genion	7	2	400	0.7777777777777778	0.2222222222222222	0.005	0.009779951100244499	0.005	43
positive	100GB	90%	CTAT-LR-Fusion	3	4	400	0.42857142857142855	0.5714285714285714	0.01	0.019656019656019656	0.01	43
positive	100GB	90%	FusionSeeker	128	27	400	0.8258064516129032	0.17419354838709677	0.0675	0.09729729729729729	0.0675	43
positive	100GB	90%	GFSeeker	4	2	400	0.6666666666666666	0.3333333333333333	0.005	0.009852216748768473	0.005	43
positive	100GB	90%	Genion	9	5	400	0.6428571428571429	0.35714285714285715	0.0125	0.02415458937198068	0.0125	43
positive	100GB	90%	JAFFAL	0	3	400	0	1	0.0075	0.014888337468982629	0.0075	43
positive	100GB	95%	CTAT-LR-Fusion	7	4	400	0.6363636363636364	0.36363636363636365	0.01	0.019464720194647202	0.01	43
positive	100GB	95%	FusionSeeker	154	33	400	0.8235294117647058	0.17647058823529413	0.0825	0.11243611584327089	0.0825	43
positive	100GB	95%	GFSeeker	7	1	400	0.875	0.125	0.0025	0.004901960784313725	0.0025	43
positive	100GB	95%	Genion	7	6	400	0.5384615384615384	0.46153846153846156	0.015	0.029055690072639223	0.015	43
positive	100GB	95%	JAFFAL	3	6	400	0.3333333333333333	0.6666666666666666	0.015	0.029339853300733493	0.015	43
positive	100GB	95%	LongGF	2	1	400	0.6666666666666666	0.3333333333333333	0.0025	0.004962779156327543	0.0025	43
positive	10GB	85%	CTAT-LR-Fusion	1	0	397	1	0	0	NA	0	43
positive	10GB	85%	FusionSeeker	1	0	397	1	0	0	NA	0	43
positive	10GB	85%	Genion	1	0	397	1	0	0	NA	0	43
positive	10GB	90%	FusionSeeker	1	0	400	1	0	0	NA	0	43
positive	10GB	95%	FusionSeeker	1	0	400	1	0	0	NA	0	43
positive	100GB	85%	CTAT-LR-Fusion	5	0	400	1	0	0	NA	0	42
positive	100GB	85%	FusionSeeker	96	17	400	0.8495575221238938	0.1504424778761062	0.0425	0.06627680311890838	0.0425	42
positive	100GB	85%	GFSeeker	2	0	400	1	0	0	NA	0	42
positive	100GB	85%	Genion	7	2	400	0.7777777777777778	0.2222222222222222	0.005	0.009779951100244499	0.005	42
positive	100GB	90%	CTAT-LR-Fusion	3	5	400	0.375	0.625	0.0125	0.02450980392156863	0.0125	42
positive	100GB	90%	FusionSeeker	132	28	400	0.825	0.175	0.07	0.1	0.07	42
positive	100GB	90%	GFSeeker	6	5	400	0.5454545454545454	0.45454545454545453	0.0125	0.024330900243309004	0.0125	42
positive	100GB	90%	Genion	10	6	400	0.625	0.375	0.015	0.028846153846153844	0.015	42
positive	100GB	90%	JAFFAL	1	4	400	0.2	0.8	0.01	0.019753086419753086	0.01	42
positive	100GB	95%	CTAT-LR-Fusion	10	5	400	0.6666666666666666	0.3333333333333333	0.0125	0.024096385542168676	0.0125	42
positive	100GB	95%	FusionSeeker	159	35	400	0.8195876288659794	0.18041237113402062	0.0875	0.11784511784511785	0.0875	42
positive	100GB	95%	GFSeeker	7	1	400	0.875	0.125	0.0025	0.004901960784313725	0.0025	42
positive	100GB	95%	Genion	11	8	400	0.5789473684210527	0.42105263157894735	0.02	0.03818615751789976	0.02	42
positive	100GB	95%	JAFFAL	4	8	400	0.3333333333333333	0.6666666666666666	0.02	0.038834951456310676	0.02	42
positive	100GB	95%	LongGF	3	1	400	0.75	0.25	0.0025	0.0049504950495049506	0.0025	42
positive	10GB	85%	CTAT-LR-Fusion	1	0	397	1	0	0	NA	0	42
positive	10GB	85%	FusionSeeker	1	0	397	1	0	0	NA	0	42
positive	10GB	85%	Genion	1	0	397	1	0	0	NA	0	42
positive	10GB	90%	FusionSeeker	1	0	400	1	0	0	NA	0	42
positive	10GB	95%	FusionSeeker	1	0	400	1	0	0	NA	0	42
positive	100GB	85%	CTAT-LR-Fusion	6	0	400	1	0	0	NA	0	41
positive	100GB	85%	FusionSeeker	102	17	400	0.8571428571428571	0.14285714285714285	0.0425	0.06551059730250482	0.0425	41
positive	100GB	85%	GFSeeker	2	0	400	1	0	0	NA	0	41
positive	100GB	85%	Genion	8	2	400	0.8	0.2	0.005	0.00975609756097561	0.005	41
positive	100GB	90%	CTAT-LR-Fusion	3	6	400	0.3333333333333333	0.6666666666666666	0.015	0.029339853300733493	0.015	41
positive	100GB	90%	FusionSeeker	139	28	400	0.8323353293413174	0.16766467065868262	0.07	0.09876543209876544	0.07	41
positive	100GB	90%	GFSeeker	6	5	400	0.5454545454545454	0.45454545454545453	0.0125	0.024330900243309004	0.0125	41
positive	100GB	90%	Genion	10	8	400	0.5555555555555556	0.4444444444444444	0.02	0.03827751196172249	0.02	41
positive	100GB	90%	JAFFAL	3	4	400	0.42857142857142855	0.5714285714285714	0.01	0.019656019656019656	0.01	41
positive	100GB	95%	CTAT-LR-Fusion	14	6	400	0.7	0.3	0.015	0.02857142857142857	0.015	41
positive	100GB	95%	FusionSeeker	174	38	400	0.8207547169811321	0.1792452830188679	0.095	0.1241830065359477	0.095	41
positive	100GB	95%	GFSeeker	10	2	400	0.8333333333333334	0.16666666666666666	0.005	0.009708737864077669	0.005	41
positive	100GB	95%	Genion	13	11	400	0.5416666666666666	0.4583333333333333	0.0275	0.051886792452830184	0.0275	41
positive	100GB	95%	JAFFAL	6	10	400	0.375	0.625	0.025	0.04807692307692307	0.025	41
positive	100GB	95%	LongGF	3	1	400	0.75	0.25	0.0025	0.0049504950495049506	0.0025	41
positive	10GB	85%	CTAT-LR-Fusion	1	0	397	1	0	0	NA	0	41
positive	10GB	85%	FusionSeeker	1	0	397	1	0	0	NA	0	41
positive	10GB	85%	Genion	1	0	397	1	0	0	NA	0	41
positive	10GB	90%	FusionSeeker	1	0	400	1	0	0	NA	0	41
positive	10GB	95%	FusionSeeker	1	0	400	1	0	0	NA	0	41
positive	100GB	85%	CTAT-LR-Fusion	6	0	400	1	0	0	NA	0	40
positive	100GB	85%	FusionSeeker	105	17	400	0.860655737704918	0.13934426229508196	0.0425	0.06513409961685823	0.0425	40
positive	100GB	85%	GFSeeker	4	0	400	1	0	0	NA	0	40
positive	100GB	85%	Genion	8	2	400	0.8	0.2	0.005	0.00975609756097561	0.005	40
positive	100GB	90%	CTAT-LR-Fusion	4	7	400	0.36363636363636365	0.6363636363636364	0.0175	0.03406326034063261	0.0175	40
positive	100GB	90%	FusionSeeker	142	29	400	0.8304093567251462	0.1695906432748538	0.0725	0.10157618213660244	0.0725	40
positive	100GB	90%	GFSeeker	7	5	400	0.5833333333333334	0.4166666666666667	0.0125	0.024271844660194174	0.0125	40
positive	100GB	90%	Genion	12	11	400	0.5217391304347826	0.4782608695652174	0.0275	0.05200945626477542	0.0275	40
positive	100GB	90%	JAFFAL	5	4	400	0.5555555555555556	0.4444444444444444	0.01	0.019559902200488997	0.01	40
positive	100GB	90%	LongGF	3	0	400	1	0	0	NA	0	40
positive	100GB	95%	CTAT-LR-Fusion	16	7	400	0.6956521739130435	0.30434782608695654	0.0175	0.03309692671394799	0.0175	40
positive	100GB	95%	FusionSeeker	179	41	400	0.8136363636363636	0.18636363636363637	0.1025	0.13225806451612904	0.1025	40
positive	100GB	95%	GFSeeker	15	2	400	0.8823529411764706	0.11764705882352941	0.005	0.00959232613908873	0.005	40
positive	100GB	95%	Genion	15	12	400	0.5555555555555556	0.4444444444444444	0.03	0.05620608899297423	0.03	40
positive	100GB	95%	JAFFAL	10	11	400	0.47619047619047616	0.5238095238095238	0.0275	0.05225653206650832	0.0275	40
positive	100GB	95%	LongGF	4	1	400	0.8	0.2	0.0025	0.0049382716049382715	0.0025	40
positive	10GB	85%	CTAT-LR-Fusion	1	0	397	1	0	0	NA	0	40
positive	10GB	85%	FusionSeeker	1	0	397	1	0	0	NA	0	40
positive	10GB	85%	Genion	1	0	397	1	0	0	NA	0	40
positive	10GB	90%	FusionSeeker	1	0	400	1	0	0	NA	0	40
positive	10GB	95%	FusionSeeker	1	0	400	1	0	0	NA	0	40
positive	100GB	85%	CTAT-LR-Fusion	6	0	400	1	0	0	NA	0	39
positive	100GB	85%	FusionSeeker	110	17	400	0.8661417322834646	0.13385826771653545	0.0425	0.06451612903225806	0.0425	39
positive	100GB	85%	GFSeeker	5	1	400	0.8333333333333334	0.16666666666666666	0.0025	0.0049261083743842365	0.0025	39
positive	100GB	85%	Genion	9	3	400	0.75	0.25	0.0075	0.014563106796116504	0.0075	39
positive	100GB	85%	JAFFAL	0	1	400	0	1	0.0025	0.004987531172069826	0.0025	39
positive	100GB	90%	CTAT-LR-Fusion	6	8	400	0.42857142857142855	0.5714285714285714	0.02	0.03864734299516908	0.02	39
positive	100GB	90%	FusionSeeker	148	31	400	0.8268156424581006	0.17318435754189945	0.0775	0.1070811744386874	0.0775	39
positive	100GB	90%	GFSeeker	7	5	400	0.5833333333333334	0.4166666666666667	0.0125	0.024271844660194174	0.0125	39
positive	100GB	90%	Genion	12	13	400	0.48	0.52	0.0325	0.061176470588235304	0.0325	39
positive	100GB	90%	JAFFAL	5	4	400	0.5555555555555556	0.4444444444444444	0.01	0.019559902200488997	0.01	39
positive	100GB	90%	LongGF	4	0	400	1	0	0	NA	0	39
positive	100GB	95%	CTAT-LR-Fusion	20	9	400	0.6896551724137931	0.3103448275862069	0.0225	0.04195804195804195	0.0225	39
positive	100GB	95%	FusionSeeker	190	41	400	0.8225108225108225	0.1774891774891775	0.1025	0.12995245641838352	0.1025	39
positive	100GB	95%	GFSeeker	17	6	400	0.7391304347826086	0.2608695652173913	0.015	0.02836879432624113	0.015	39
positive	100GB	95%	Genion	16	13	400	0.5517241379310345	0.4482758620689655	0.0325	0.06060606060606061	0.0325	39
positive	100GB	95%	JAFFAL	13	13	400	0.5	0.5	0.0325	0.061032863849765265	0.0325	39
positive	100GB	95%	LongGF	4	1	400	0.8	0.2	0.0025	0.0049382716049382715	0.0025	39
positive	10GB	85%	CTAT-LR-Fusion	1	0	397	1	0	0	NA	0	39
positive	10GB	85%	FusionSeeker	1	0	397	1	0	0	NA	0	39
positive	10GB	85%	Genion	1	0	397	1	0	0	NA	0	39
positive	10GB	90%	FusionSeeker	1	0	400	1	0	0	NA	0	39
positive	10GB	95%	FusionSeeker	2	0	400	1	0	0	NA	0	39
positive	100GB	85%	CTAT-LR-Fusion	6	0	400	1	0	0	NA	0	38
positive	100GB	85%	FusionSeeker	117	17	400	0.8731343283582089	0.12686567164179105	0.0425	0.06367041198501873	0.0425	38
positive	100GB	85%	GFSeeker	5	1	400	0.8333333333333334	0.16666666666666666	0.0025	0.0049261083743842365	0.0025	38
positive	100GB	85%	Genion	9	5	400	0.6428571428571429	0.35714285714285715	0.0125	0.02415458937198068	0.0125	38
positive	100GB	85%	JAFFAL	0	1	400	0	1	0.0025	0.004987531172069826	0.0025	38
positive	100GB	90%	CTAT-LR-Fusion	9	8	400	0.5294117647058824	0.47058823529411764	0.02	0.03836930455635492	0.02	38
positive	100GB	90%	FusionSeeker	156	34	400	0.8210526315789474	0.17894736842105263	0.085	0.1152542372881356	0.085	38
positive	100GB	90%	GFSeeker	8	7	400	0.5333333333333333	0.4666666666666667	0.0175	0.033734939759036145	0.0175	38
positive	100GB	90%	Genion	13	14	400	0.48148148148148145	0.5185185185185185	0.035	0.06557377049180328	0.035	38
positive	100GB	90%	JAFFAL	5	5	400	0.5	0.5	0.0125	0.02439024390243903	0.0125	38
positive	100GB	90%	LongGF	4	0	400	1	0	0	NA	0	38
positive	100GB	95%	CTAT-LR-Fusion	24	10	400	0.7058823529411765	0.29411764705882354	0.025	0.04608294930875576	0.025	38
positive	100GB	95%	FusionSeeker	200	43	400	0.823045267489712	0.17695473251028807	0.1075	0.13374805598755832	0.1075	38
positive	100GB	95%	GFSeeker	17	6	400	0.7391304347826086	0.2608695652173913	0.015	0.02836879432624113	0.015	38
positive	100GB	95%	Genion	19	19	400	0.5	0.5	0.0475	0.08675799086757992	0.0475	38
positive	100GB	95%	JAFFAL	16	15	400	0.5161290322580645	0.4838709677419355	0.0375	0.06960556844547565	0.0375	38
positive	100GB	95%	LongGF	6	1	400	0.8571428571428571	0.14285714285714285	0.0025	0.004914004914004914	0.0025	38
positive	10GB	85%	CTAT-LR-Fusion	1	0	397	1	0	0	NA	0	38
positive	10GB	85%	FusionSeeker	1	0	397	1	0	0	NA	0	38
positive	10GB	85%	Genion	1	0	397	1	0	0	NA	0	38
positive	10GB	90%	FusionSeeker	2	0	400	1	0	0	NA	0	38
positive	10GB	95%	FusionSeeker	3	0	400	1	0	0	NA	0	38
positive	100GB	85%	CTAT-LR-Fusion	6	1	400	0.8571428571428571	0.14285714285714285	0.0025	0.004914004914004914	0.0025	37
positive	100GB	85%	FusionSeeker	118	18	400	0.8676470588235294	0.1323529411764706	0.045	0.06716417910447761	0.045	37
positive	100GB	85%	GFSeeker	6	1	400	0.8571428571428571	0.14285714285714285	0.0025	0.004914004914004914	0.0025	37
positive	100GB	85%	Genion	11	8	400	0.5789473684210527	0.42105263157894735	0.02	0.03818615751789976	0.02	37
positive	100GB	85%	JAFFAL	0	1	400	0	1	0.0025	0.004987531172069826	0.0025	37
positive	100GB	85%	LongGF	1	0	400	1	0	0	NA	0	37
positive	100GB	90%	CTAT-LR-Fusion	11	11	400	0.5	0.5	0.0275	0.05213270142180095	0.0275	37
positive	100GB	90%	FusionSeeker	166	35	400	0.8258706467661692	0.17412935323383086	0.0875	0.11647254575707154	0.0875	37
positive	100GB	90%	GFSeeker	11	7	400	0.6111111111111112	0.3888888888888889	0.0175	0.03349282296650718	0.0175	37
positive	100GB	90%	Genion	13	15	400	0.4642857142857143	0.5357142857142857	0.0375	0.07009345794392523	0.0375	37
positive	100GB	90%	JAFFAL	6	6	400	0.5	0.5	0.015	0.029126213592233007	0.015	37
positive	100GB	90%	LongGF	5	0	400	1	0	0	NA	0	37
positive	100GB	95%	CTAT-LR-Fusion	27	10	400	0.7297297297297297	0.2702702702702703	0.025	0.04576659038901602	0.025	37
positive	100GB	95%	FusionSeeker	209	44	400	0.8260869565217391	0.17391304347826086	0.11	0.13476263399693722	0.11	37
positive	100GB	95%	GFSeeker	20	6	400	0.7692307692307693	0.23076923076923078	0.015	0.02816901408450704	0.015	37
positive	100GB	95%	Genion	23	20	400	0.5348837209302325	0.46511627906976744	0.05	0.09029345372460497	0.05	37
positive	100GB	95%	JAFFAL	19	16	400	0.5428571428571428	0.45714285714285713	0.04	0.07356321839080461	0.04	37
positive	100GB	95%	LongGF	8	1	400	0.8888888888888888	0.1111111111111111	0.0025	0.004889975550122249	0.0025	37
positive	10GB	85%	CTAT-LR-Fusion	1	0	397	1	0	0	NA	0	37
positive	10GB	85%	FusionSeeker	1	0	397	1	0	0	NA	0	37
positive	10GB	85%	Genion	1	0	397	1	0	0	NA	0	37
positive	10GB	90%	FusionSeeker	2	0	400	1	0	0	NA	0	37
positive	10GB	95%	FusionSeeker	3	0	400	1	0	0	NA	0	37
positive	100GB	85%	CTAT-LR-Fusion	7	1	400	0.875	0.125	0.0025	0.004901960784313725	0.0025	36
positive	100GB	85%	FusionSeeker	123	21	400	0.8541666666666666	0.14583333333333334	0.0525	0.07720588235294118	0.0525	36
positive	100GB	85%	GFSeeker	8	1	400	0.8888888888888888	0.1111111111111111	0.0025	0.004889975550122249	0.0025	36
positive	100GB	85%	Genion	12	10	400	0.5454545454545454	0.45454545454545453	0.025	0.047393364928909956	0.025	36
positive	100GB	85%	JAFFAL	0	2	400	0	1	0.005	0.009950248756218907	0.005	36
positive	100GB	85%	LongGF	1	0	400	1	0	0	NA	0	36
positive	100GB	90%	CTAT-LR-Fusion	14	11	400	0.56	0.44	0.0275	0.051764705882352935	0.0275	36
positive	100GB	90%	FusionSeeker	180	38	400	0.8256880733944955	0.1743119266055046	0.095	0.12297734627831713	0.095	36
positive	100GB	90%	GFSeeker	12	7	400	0.631578947368421	0.3684210526315789	0.0175	0.0334128878281623	0.0175	36
positive	100GB	90%	Genion	15	17	400	0.46875	0.53125	0.0425	0.0787037037037037	0.0425	36
positive	100GB	90%	JAFFAL	6	6	400	0.5	0.5	0.015	0.029126213592233007	0.015	36
positive	100GB	90%	LongGF	5	0	400	1	0	0	NA	0	36
positive	100GB	95%	CTAT-LR-Fusion	30	14	400	0.6818181818181818	0.3181818181818182	0.035	0.06306306306306307	0.035	36
positive	100GB	95%	FusionSeeker	217	44	400	0.8314176245210728	0.1685823754789272	0.11	0.13313161875945537	0.11	36
positive	100GB	95%	GFSeeker	23	10	400	0.696969696969697	0.30303030303030304	0.025	0.04618937644341801	0.025	36
positive	100GB	95%	Genion	24	20	400	0.5454545454545454	0.45454545454545453	0.05	0.0900900900900901	0.05	36
positive	100GB	95%	JAFFAL	21	19	400	0.525	0.475	0.0475	0.08636363636363636	0.0475	36
positive	100GB	95%	LongGF	9	2	400	0.8181818181818182	0.18181818181818182	0.005	0.009732360097323601	0.005	36
positive	10GB	85%	CTAT-LR-Fusion	1	0	397	1	0	0	NA	0	36
positive	10GB	85%	FusionSeeker	1	0	397	1	0	0	NA	0	36
positive	10GB	85%	Genion	1	0	397	1	0	0	NA	0	36
positive	10GB	90%	FusionSeeker	2	0	400	1	0	0	NA	0	36
positive	10GB	95%	FusionSeeker	3	0	400	1	0	0	NA	0	36
positive	100GB	85%	CTAT-LR-Fusion	7	2	400	0.7777777777777778	0.2222222222222222	0.005	0.009779951100244499	0.005	35
positive	100GB	85%	FusionSeeker	131	21	400	0.8618421052631579	0.13815789473684212	0.0525	0.07608695652173914	0.0525	35
positive	100GB	85%	GFSeeker	8	1	400	0.8888888888888888	0.1111111111111111	0.0025	0.004889975550122249	0.0025	35
positive	100GB	85%	Genion	14	12	400	0.5384615384615384	0.46153846153846156	0.03	0.05633802816901408	0.03	35
positive	100GB	85%	JAFFAL	1	2	400	0.3333333333333333	0.6666666666666666	0.005	0.009925558312655087	0.005	35
positive	100GB	85%	LongGF	2	0	400	1	0	0	NA	0	35
positive	100GB	90%	CTAT-LR-Fusion	14	11	400	0.56	0.44	0.0275	0.051764705882352935	0.0275	35
positive	100GB	90%	FusionSeeker	191	42	400	0.8197424892703863	0.18025751072961374	0.105	0.13270142180094785	0.105	35
positive	100GB	90%	GFSeeker	13	7	400	0.65	0.35	0.0175	0.03333333333333333	0.0175	35
positive	100GB	90%	Genion	15	23	400	0.39473684210526316	0.6052631578947368	0.0575	0.10502283105022832	0.0575	35
positive	100GB	90%	JAFFAL	9	6	400	0.6	0.4	0.015	0.028915662650602407	0.015	35
positive	100GB	90%	LongGF	6	1	400	0.8571428571428571	0.14285714285714285	0.0025	0.004914004914004914	0.0025	35
positive	100GB	95%	CTAT-LR-Fusion	31	20	400	0.6078431372549019	0.39215686274509803	0.05	0.08869179600886919	0.05	35
positive	100GB	95%	FusionSeeker	225	48	400	0.8241758241758241	0.17582417582417584	0.12	0.1426448736998514	0.12	35
positive	100GB	95%	GFSeeker	24	11	400	0.6857142857142857	0.3142857142857143	0.0275	0.05057471264367816	0.0275	35
positive	100GB	95%	Genion	26	21	400	0.5531914893617021	0.44680851063829785	0.0525	0.09395973154362416	0.0525	35
positive	100GB	95%	JAFFAL	23	20	400	0.5348837209302325	0.46511627906976744	0.05	0.09029345372460497	0.05	35
positive	100GB	95%	LongGF	12	2	400	0.8571428571428571	0.14285714285714285	0.005	0.00966183574879227	0.005	35
positive	10GB	85%	CTAT-LR-Fusion	1	0	397	1	0	0	NA	0	35
positive	10GB	85%	FusionSeeker	1	0	397	1	0	0	NA	0	35
positive	10GB	85%	Genion	1	0	397	1	0	0	NA	0	35
positive	10GB	90%	FusionSeeker	2	0	400	1	0	0	NA	0	35
positive	10GB	95%	FusionSeeker	3	0	400	1	0	0	NA	0	35
positive	100GB	85%	CTAT-LR-Fusion	7	2	400	0.7777777777777778	0.2222222222222222	0.005	0.009779951100244499	0.005	34
positive	100GB	85%	FusionSeeker	141	22	400	0.8650306748466258	0.13496932515337423	0.055	0.07815275310834814	0.055	34
positive	100GB	85%	GFSeeker	8	1	400	0.8888888888888888	0.1111111111111111	0.0025	0.004889975550122249	0.0025	34
positive	100GB	85%	Genion	16	14	400	0.5333333333333333	0.4666666666666667	0.035	0.06511627906976744	0.035	34
positive	100GB	85%	JAFFAL	1	2	400	0.3333333333333333	0.6666666666666666	0.005	0.009925558312655087	0.005	34
positive	100GB	85%	LongGF	2	0	400	1	0	0	NA	0	34
positive	100GB	90%	CTAT-LR-Fusion	16	13	400	0.5517241379310345	0.4482758620689655	0.0325	0.06060606060606061	0.0325	34
positive	100GB	90%	FusionSeeker	200	44	400	0.819672131147541	0.18032786885245902	0.11	0.13664596273291926	0.11	34
positive	100GB	90%	GFSeeker	14	7	400	0.6666666666666666	0.3333333333333333	0.0175	0.0332541567695962	0.0175	34
positive	100GB	90%	Genion	19	26	400	0.4222222222222222	0.5777777777777777	0.065	0.11685393258426967	0.065	34
positive	100GB	90%	JAFFAL	10	8	400	0.5555555555555556	0.4444444444444444	0.02	0.03827751196172249	0.02	34
positive	100GB	90%	LongGF	9	1	400	0.9	0.1	0.0025	0.004878048780487805	0.0025	34
positive	100GB	95%	CTAT-LR-Fusion	35	20	400	0.6363636363636364	0.36363636363636365	0.05	0.08791208791208792	0.05	34
positive	100GB	95%	FusionSeeker	238	49	400	0.8292682926829268	0.17073170731707318	0.1225	0.1426491994177584	0.1225	34
positive	100GB	95%	GFSeeker	25	12	400	0.6756756756756757	0.32432432432432434	0.03	0.05491990846681921	0.03	34
positive	100GB	95%	Genion	31	21	400	0.5961538461538461	0.40384615384615385	0.0525	0.09292035398230088	0.0525	34
positive	100GB	95%	JAFFAL	26	22	400	0.5416666666666666	0.4583333333333333	0.055	0.09821428571428571	0.055	34
positive	100GB	95%	LongGF	16	3	400	0.8421052631578947	0.15789473684210525	0.0075	0.01431980906921241	0.0075	34
positive	10GB	85%	CTAT-LR-Fusion	1	0	397	1	0	0	NA	0	34
positive	10GB	85%	FusionSeeker	1	0	397	1	0	0	NA	0	34
positive	10GB	85%	Genion	1	0	397	1	0	0	NA	0	34
positive	10GB	90%	FusionSeeker	2	0	400	1	0	0	NA	0	34
positive	10GB	95%	FusionSeeker	3	0	400	1	0	0	NA	0	34
positive	100GB	85%	CTAT-LR-Fusion	7	3	400	0.7	0.3	0.0075	0.014634146341463414	0.0075	33
positive	100GB	85%	FusionSeeker	147	22	400	0.8698224852071006	0.1301775147928994	0.055	0.07732864674868191	0.055	33
positive	100GB	85%	GFSeeker	8	1	400	0.8888888888888888	0.1111111111111111	0.0025	0.004889975550122249	0.0025	33
positive	100GB	85%	Genion	18	14	400	0.5625	0.4375	0.035	0.06481481481481481	0.035	33
positive	100GB	85%	JAFFAL	1	3	400	0.25	0.75	0.0075	0.014851485148514853	0.0075	33
positive	100GB	85%	LongGF	4	0	400	1	0	0	NA	0	33
positive	100GB	90%	CTAT-LR-Fusion	18	14	400	0.5625	0.4375	0.035	0.06481481481481481	0.035	33
positive	100GB	90%	FusionSeeker	208	46	400	0.8188976377952756	0.18110236220472442	0.115	0.14067278287461776	0.115	33
positive	100GB	90%	GFSeeker	15	8	400	0.6521739130434783	0.34782608695652173	0.02	0.037825059101654845	0.02	33
positive	100GB	90%	Genion	22	27	400	0.4489795918367347	0.5510204081632653	0.0675	0.1202672605790646	0.0675	33
positive	100GB	90%	JAFFAL	11	9	400	0.55	0.45	0.0225	0.04285714285714286	0.0225	33
positive	100GB	90%	LongGF	11	1	400	0.9166666666666666	0.08333333333333333	0.0025	0.0048543689320388345	0.0025	33
positive	100GB	95%	CTAT-LR-Fusion	38	25	400	0.6031746031746031	0.3968253968253968	0.0625	0.1079913606911447	0.0625	33
positive	100GB	95%	FusionSeeker	249	51	400	0.83	0.17	0.1275	0.14571428571428574	0.1275	33
positive	100GB	95%	GFSeeker	31	12	400	0.7209302325581395	0.27906976744186046	0.03	0.05417607223476298	0.03	33
positive	100GB	95%	Genion	35	24	400	0.5932203389830508	0.4067796610169492	0.06	0.1045751633986928	0.06	33
positive	100GB	95%	JAFFAL	34	24	400	0.5862068965517241	0.41379310344827586	0.06	0.10480349344978165	0.06	33
positive	100GB	95%	LongGF	17	3	400	0.85	0.15	0.0075	0.014285714285714285	0.0075	33
positive	10GB	85%	CTAT-LR-Fusion	1	0	397	1	0	0	NA	0	33
positive	10GB	85%	FusionSeeker	1	0	397	1	0	0	NA	0	33
positive	10GB	85%	Genion	1	0	397	1	0	0	NA	0	33
positive	10GB	90%	FusionSeeker	3	0	400	1	0	0	NA	0	33
positive	10GB	95%	FusionSeeker	3	0	400	1	0	0	NA	0	33
positive	100GB	85%	CTAT-LR-Fusion	7	5	400	0.5833333333333334	0.4166666666666667	0.0125	0.024271844660194174	0.0125	32
positive	100GB	85%	FusionSeeker	159	23	400	0.8736263736263736	0.12637362637362637	0.0575	0.07903780068728522	0.0575	32
positive	100GB	85%	GFSeeker	8	2	400	0.8	0.2	0.005	0.00975609756097561	0.005	32
positive	100GB	85%	Genion	22	15	400	0.5945945945945946	0.40540540540540543	0.0375	0.06864988558352403	0.0375	32
positive	100GB	85%	JAFFAL	1	3	400	0.25	0.75	0.0075	0.014851485148514853	0.0075	32
positive	100GB	85%	LongGF	4	0	400	1	0	0	NA	0	32
positive	100GB	90%	CTAT-LR-Fusion	20	14	400	0.5882352941176471	0.4117647058823529	0.035	0.06451612903225806	0.035	32
positive	100GB	90%	FusionSeeker	221	46	400	0.8277153558052435	0.17228464419475656	0.115	0.13793103448275862	0.115	32
positive	100GB	90%	GFSeeker	15	8	400	0.6521739130434783	0.34782608695652173	0.02	0.037825059101654845	0.02	32
positive	100GB	90%	Genion	23	28	400	0.45098039215686275	0.5490196078431373	0.07	0.12416851441241684	0.07	32
positive	100GB	90%	JAFFAL	11	9	400	0.55	0.45	0.0225	0.04285714285714286	0.0225	32
positive	100GB	90%	LongGF	13	3	400	0.8125	0.1875	0.0075	0.014423076923076922	0.0075	32
positive	100GB	95%	CTAT-LR-Fusion	40	30	400	0.5714285714285714	0.42857142857142855	0.075	0.1276595744680851	0.075	32
positive	100GB	95%	FusionSeeker	258	53	400	0.8295819935691319	0.17041800643086816	0.1325	0.14908579465541488	0.1325	32
positive	100GB	95%	GFSeeker	34	13	400	0.723404255319149	0.2765957446808511	0.0325	0.058165548098433995	0.0325	32
positive	100GB	95%	Genion	37	26	400	0.5873015873015873	0.4126984126984127	0.065	0.1123110151187905	0.065	32
positive	100GB	95%	JAFFAL	35	26	400	0.5737704918032787	0.4262295081967213	0.065	0.11279826464208242	0.065	32
positive	100GB	95%	LongGF	18	3	400	0.8571428571428571	0.14285714285714285	0.0075	0.014251781472684083	0.0075	32
positive	10GB	85%	CTAT-LR-Fusion	1	0	397	1	0	0	NA	0	32
positive	10GB	85%	FusionSeeker	1	0	397	1	0	0	NA	0	32
positive	10GB	85%	Genion	1	0	397	1	0	0	NA	0	32
positive	10GB	90%	FusionSeeker	3	0	400	1	0	0	NA	0	32
positive	10GB	95%	FusionSeeker	4	0	400	1	0	0	NA	0	32
positive	100GB	85%	CTAT-LR-Fusion	7	5	400	0.5833333333333334	0.4166666666666667	0.0125	0.024271844660194174	0.0125	31
positive	100GB	85%	FusionSeeker	164	25	400	0.8677248677248677	0.13227513227513227	0.0625	0.08488964346349745	0.0625	31
positive	100GB	85%	GFSeeker	10	2	400	0.8333333333333334	0.16666666666666666	0.005	0.009708737864077669	0.005	31
positive	100GB	85%	Genion	23	15	400	0.6052631578947368	0.39473684210526316	0.0375	0.0684931506849315	0.0375	31
positive	100GB	85%	JAFFAL	2	3	400	0.4	0.6	0.0075	0.014814814814814815	0.0075	31
positive	100GB	85%	LongGF	5	0	400	1	0	0	NA	0	31
positive	100GB	90%	CTAT-LR-Fusion	23	17	400	0.575	0.425	0.0425	0.07727272727272728	0.0425	31
positive	100GB	90%	FusionSeeker	237	47	400	0.8345070422535211	0.16549295774647887	0.1175	0.13742690058479531	0.1175	31
positive	100GB	90%	GFSeeker	18	9	400	0.6666666666666666	0.3333333333333333	0.0225	0.04215456674473068	0.0225	31
positive	100GB	90%	Genion	27	30	400	0.47368421052631576	0.5263157894736842	0.075	0.1312910284463895	0.075	31
positive	100GB	90%	JAFFAL	15	12	400	0.5555555555555556	0.4444444444444444	0.03	0.05620608899297423	0.03	31
positive	100GB	90%	LongGF	15	3	400	0.8333333333333334	0.16666666666666666	0.0075	0.014354066985645932	0.0075	31
positive	100GB	95%	CTAT-LR-Fusion	41	34	400	0.5466666666666666	0.4533333333333333	0.085	0.14315789473684212	0.085	31
positive	100GB	95%	FusionSeeker	269	53	400	0.8354037267080745	0.16459627329192547	0.1325	0.14681440443213298	0.1325	31
positive	100GB	95%	GFSeeker	37	18	400	0.6727272727272727	0.32727272727272727	0.045	0.07912087912087912	0.045	31
positive	100GB	95%	Genion	39	26	400	0.6	0.4	0.065	0.11182795698924732	0.065	31
positive	100GB	95%	JAFFAL	40	27	400	0.5970149253731343	0.40298507462686567	0.0675	0.11563169164882227	0.0675	31
positive	100GB	95%	LongGF	19	3	400	0.8636363636363636	0.13636363636363635	0.0075	0.014218009478672983	0.0075	31
positive	10GB	85%	CTAT-LR-Fusion	1	0	397	1	0	0	NA	0	31
positive	10GB	85%	FusionSeeker	1	0	397	1	0	0	NA	0	31
positive	10GB	85%	Genion	1	0	397	1	0	0	NA	0	31
positive	10GB	90%	FusionSeeker	3	0	400	1	0	0	NA	0	31
positive	10GB	95%	FusionSeeker	4	0	400	1	0	0	NA	0	31
positive	100GB	85%	CTAT-LR-Fusion	9	6	400	0.6	0.4	0.015	0.028915662650602407	0.015	30
positive	100GB	85%	FusionSeeker	172	28	400	0.86	0.14	0.07	0.09333333333333334	0.07	30
positive	100GB	85%	GFSeeker	11	2	400	0.8461538461538461	0.15384615384615385	0.005	0.009685230024213076	0.005	30
positive	100GB	85%	Genion	26	15	400	0.6341463414634146	0.36585365853658536	0.0375	0.06802721088435375	0.0375	30
positive	100GB	85%	JAFFAL	3	4	400	0.42857142857142855	0.5714285714285714	0.01	0.019656019656019656	0.01	30
positive	100GB	85%	LongGF	6	0	400	1	0	0	NA	0	30
positive	100GB	90%	CTAT-LR-Fusion	26	19	400	0.5777777777777777	0.4222222222222222	0.0475	0.0853932584269663	0.0475	30
positive	100GB	90%	FusionSeeker	250	49	400	0.8361204013377926	0.16387959866220736	0.1225	0.1402002861230329	0.1225	30
positive	100GB	90%	GFSeeker	20	10	400	0.6666666666666666	0.3333333333333333	0.025	0.046511627906976744	0.025	30
positive	100GB	90%	Genion	35	31	400	0.5303030303030303	0.4696969696969697	0.0775	0.13304721030042918	0.0775	30
positive	100GB	90%	JAFFAL	18	14	400	0.5625	0.4375	0.035	0.06481481481481481	0.035	30
positive	100GB	90%	LongGF	18	4	400	0.8181818181818182	0.18181818181818182	0.01	0.01895734597156398	0.01	30
positive	100GB	95%	CTAT-LR-Fusion	46	39	400	0.5411764705882353	0.4588235294117647	0.0975	0.16082474226804125	0.0975	30
positive	100GB	95%	FusionSeeker	287	56	400	0.8367346938775511	0.16326530612244897	0.14	0.15074024226110364	0.14	30
positive	100GB	95%	GFSeeker	42	19	400	0.6885245901639344	0.3114754098360656	0.0475	0.0824295010845987	0.0475	30
positive	100GB	95%	Genion	41	29	400	0.5857142857142857	0.4142857142857143	0.0725	0.12340425531914893	0.0725	30
positive	100GB	95%	JAFFAL	44	34	400	0.5641025641025641	0.4358974358974359	0.085	0.14225941422594143	0.085	30
positive	100GB	95%	LongGF	22	3	400	0.88	0.12	0.0075	0.014117647058823528	0.0075	30
positive	10GB	85%	CTAT-LR-Fusion	1	0	397	1	0	0	NA	0	30
positive	10GB	85%	FusionSeeker	1	0	397	1	0	0	NA	0	30
positive	10GB	85%	Genion	1	0	397	1	0	0	NA	0	30
positive	10GB	90%	FusionSeeker	3	0	400	1	0	0	NA	0	30
positive	10GB	95%	FusionSeeker	4	0	400	1	0	0	NA	0	30
positive	100GB	85%	CTAT-LR-Fusion	11	7	400	0.6111111111111112	0.3888888888888889	0.0175	0.03349282296650718	0.0175	29
positive	100GB	85%	FusionSeeker	183	31	400	0.8551401869158879	0.14485981308411214	0.0775	0.10097719869706841	0.0775	29
positive	100GB	85%	GFSeeker	12	2	400	0.8571428571428571	0.14285714285714285	0.005	0.00966183574879227	0.005	29
positive	100GB	85%	Genion	31	20	400	0.6078431372549019	0.39215686274509803	0.05	0.08869179600886919	0.05	29
positive	100GB	85%	JAFFAL	3	5	400	0.375	0.625	0.0125	0.02450980392156863	0.0125	29
positive	100GB	85%	LongGF	6	1	400	0.8571428571428571	0.14285714285714285	0.0025	0.004914004914004914	0.0025	29
positive	100GB	90%	CTAT-LR-Fusion	34	24	400	0.5862068965517241	0.41379310344827586	0.06	0.10480349344978165	0.06	29
positive	100GB	90%	FusionSeeker	256	52	400	0.8311688311688312	0.16883116883116883	0.13	0.14689265536723164	0.13	29
positive	100GB	90%	GFSeeker	23	11	400	0.6764705882352942	0.3235294117647059	0.0275	0.05069124423963133	0.0275	29
positive	100GB	90%	Genion	38	33	400	0.5352112676056338	0.4647887323943662	0.0825	0.14012738853503184	0.0825	29
positive	100GB	90%	JAFFAL	19	14	400	0.5757575757575758	0.42424242424242425	0.035	0.06466512702078522	0.035	29
positive	100GB	90%	LongGF	20	5	400	0.8	0.2	0.0125	0.023529411764705885	0.0125	29
positive	100GB	95%	CTAT-LR-Fusion	48	44	400	0.5217391304347826	0.4782608695652174	0.11	0.17886178861788618	0.11	29
positive	100GB	95%	FusionSeeker	297	58	400	0.8366197183098592	0.16338028169014085	0.145	0.15364238410596026	0.145	29
positive	100GB	95%	GFSeeker	51	22	400	0.6986301369863014	0.3013698630136986	0.055	0.0930232558139535	0.055	29
positive	100GB	95%	Genion	43	31	400	0.581081081081081	0.4189189189189189	0.0775	0.1308016877637131	0.0775	29
positive	100GB	95%	JAFFAL	47	35	400	0.573170731707317	0.4268292682926829	0.0875	0.14522821576763487	0.0875	29
positive	100GB	95%	LongGF	27	3	400	0.9	0.1	0.0075	0.013953488372093021	0.0075	29
positive	10GB	85%	CTAT-LR-Fusion	1	0	397	1	0	0	NA	0	29
positive	10GB	85%	FusionSeeker	2	0	397	1	0	0	NA	0	29
positive	10GB	85%	Genion	1	0	397	1	0	0	NA	0	29
positive	10GB	90%	FusionSeeker	3	0	400	1	0	0	NA	0	29
positive	10GB	90%	Genion	1	0	400	1	0	0	NA	0	29
positive	10GB	95%	FusionSeeker	5	0	400	1	0	0	NA	0	29
positive	100GB	85%	CTAT-LR-Fusion	12	9	400	0.5714285714285714	0.42857142857142855	0.0225	0.04275534441805225	0.0225	28
positive	100GB	85%	FusionSeeker	192	35	400	0.8458149779735683	0.15418502202643172	0.0875	0.11164274322169059	0.0875	28
positive	100GB	85%	GFSeeker	14	3	400	0.8235294117647058	0.17647058823529413	0.0075	0.01438848920863309	0.0075	28
positive	100GB	85%	Genion	32	21	400	0.6037735849056604	0.39622641509433965	0.0525	0.09271523178807947	0.0525	28
positive	100GB	85%	JAFFAL	3	6	400	0.3333333333333333	0.6666666666666666	0.015	0.029339853300733493	0.015	28
positive	100GB	85%	LongGF	7	1	400	0.875	0.125	0.0025	0.004901960784313725	0.0025	28
positive	100GB	90%	CTAT-LR-Fusion	34	25	400	0.576271186440678	0.423728813559322	0.0625	0.10893246187363835	0.0625	28
positive	100GB	90%	FusionSeeker	267	54	400	0.8317757009345794	0.16822429906542055	0.135	0.14979195561719832	0.135	28
positive	100GB	90%	GFSeeker	24	11	400	0.6857142857142857	0.3142857142857143	0.0275	0.05057471264367816	0.0275	28
positive	100GB	90%	Genion	41	33	400	0.5540540540540541	0.44594594594594594	0.0825	0.13924050632911392	0.0825	28
positive	100GB	90%	JAFFAL	21	18	400	0.5384615384615384	0.46153846153846156	0.045	0.08200455580865602	0.045	28
positive	100GB	90%	LongGF	22	5	400	0.8148148148148148	0.18518518518518517	0.0125	0.023419203747072598	0.0125	28
positive	100GB	95%	CTAT-LR-Fusion	52	50	400	0.5098039215686274	0.49019607843137253	0.125	0.199203187250996	0.125	28
positive	100GB	95%	FusionSeeker	309	59	400	0.8396739130434783	0.16032608695652173	0.1475	0.15364583333333331	0.1475	28
positive	100GB	95%	GFSeeker	55	22	400	0.7142857142857143	0.2857142857142857	0.055	0.09224318658280922	0.055	28
positive	100GB	95%	Genion	46	35	400	0.5679012345679012	0.43209876543209874	0.0875	0.14553014553014554	0.0875	28
positive	100GB	95%	JAFFAL	49	37	400	0.5697674418604651	0.43023255813953487	0.0925	0.1522633744855967	0.0925	28
positive	100GB	95%	LongGF	31	4	400	0.8857142857142857	0.11428571428571428	0.01	0.018390804597701153	0.01	28
positive	10GB	85%	CTAT-LR-Fusion	1	0	397	1	0	0	NA	0	28
positive	10GB	85%	FusionSeeker	3	0	397	1	0	0	NA	0	28
positive	10GB	85%	Genion	2	0	397	1	0	0	NA	0	28
positive	10GB	90%	FusionSeeker	3	0	400	1	0	0	NA	0	28
positive	10GB	90%	Genion	1	0	400	1	0	0	NA	0	28
positive	10GB	95%	FusionSeeker	6	0	400	1	0	0	NA	0	28
positive	100GB	85%	CTAT-LR-Fusion	12	13	400	0.48	0.52	0.0325	0.061176470588235304	0.0325	27
positive	100GB	85%	FusionSeeker	204	35	400	0.8535564853556485	0.14644351464435146	0.0875	0.10954616588419405	0.0875	27
positive	100GB	85%	GFSeeker	16	3	400	0.8421052631578947	0.15789473684210525	0.0075	0.01431980906921241	0.0075	27
positive	100GB	85%	Genion	36	21	400	0.631578947368421	0.3684210526315789	0.0525	0.09190371991247265	0.0525	27
positive	100GB	85%	JAFFAL	3	9	400	0.25	0.75	0.0225	0.043689320388349516	0.0225	27
positive	100GB	85%	LongGF	11	1	400	0.9166666666666666	0.08333333333333333	0.0025	0.0048543689320388345	0.0025	27
positive	100GB	90%	CTAT-LR-Fusion	36	28	400	0.5625	0.4375	0.07	0.12068965517241378	0.07	27
positive	100GB	90%	FusionSeeker	277	56	400	0.8318318318318318	0.16816816816816818	0.14	0.1527967257844475	0.14	27
positive	100GB	90%	GFSeeker	29	14	400	0.6744186046511628	0.32558139534883723	0.035	0.06320541760722348	0.035	27
positive	100GB	90%	Genion	43	38	400	0.5308641975308642	0.4691358024691358	0.095	0.158004158004158	0.095	27
positive	100GB	90%	JAFFAL	23	21	400	0.5227272727272727	0.4772727272727273	0.0525	0.0945945945945946	0.0525	27
positive	100GB	90%	LongGF	25	6	400	0.8064516129032258	0.1935483870967742	0.015	0.02784222737819025	0.015	27
positive	100GB	95%	CTAT-LR-Fusion	60	53	400	0.5309734513274337	0.4690265486725664	0.1325	0.20662768031189085	0.1325	27
positive	100GB	95%	FusionSeeker	319	61	400	0.8394736842105263	0.16052631578947368	0.1525	0.1564102564102564	0.1525	27
positive	100GB	95%	GFSeeker	59	23	400	0.7195121951219512	0.2804878048780488	0.0575	0.09543568464730293	0.0575	27
positive	100GB	95%	Genion	48	36	400	0.5714285714285714	0.42857142857142855	0.09	0.1487603305785124	0.09	27
positive	100GB	95%	JAFFAL	51	42	400	0.5483870967741935	0.45161290322580644	0.105	0.17038539553752532	0.105	27
positive	100GB	95%	LongGF	39	4	400	0.9069767441860465	0.09302325581395349	0.01	0.018058690744920995	0.01	27
positive	10GB	85%	CTAT-LR-Fusion	1	0	397	1	0	0	NA	0	27
positive	10GB	85%	FusionSeeker	4	0	397	1	0	0	NA	0	27
positive	10GB	85%	Genion	2	0	397	1	0	0	NA	0	27
positive	10GB	90%	FusionSeeker	4	0	400	1	0	0	NA	0	27
positive	10GB	90%	Genion	1	0	400	1	0	0	NA	0	27
positive	10GB	95%	FusionSeeker	6	0	400	1	0	0	NA	0	27
positive	100GB	85%	CTAT-LR-Fusion	16	16	400	0.5	0.5	0.04	0.07407407407407407	0.04	26
positive	100GB	85%	FusionSeeker	216	37	400	0.8537549407114624	0.14624505928853754	0.0925	0.11332312404287902	0.0925	26
positive	100GB	85%	GFSeeker	16	5	400	0.7619047619047619	0.23809523809523808	0.0125	0.023752969121140142	0.0125	26
positive	100GB	85%	Genion	45	23	400	0.6617647058823529	0.3382352941176471	0.0575	0.0982905982905983	0.0575	26
positive	100GB	85%	JAFFAL	5	9	400	0.35714285714285715	0.6428571428571429	0.0225	0.043478260869565216	0.0225	26
positive	100GB	85%	LongGF	15	1	400	0.9375	0.0625	0.0025	0.004807692307692308	0.0025	26
positive	100GB	90%	CTAT-LR-Fusion	41	32	400	0.5616438356164384	0.4383561643835616	0.08	0.13530655391120508	0.08	26
positive	100GB	90%	FusionSeeker	291	57	400	0.8362068965517241	0.16379310344827586	0.1425	0.15240641711229944	0.1425	26
positive	100GB	90%	GFSeeker	33	14	400	0.7021276595744681	0.2978723404255319	0.035	0.06263982102908278	0.035	26
positive	100GB	90%	Genion	46	38	400	0.5476190476190477	0.4523809523809524	0.095	0.15702479338842976	0.095	26
positive	100GB	90%	JAFFAL	25	21	400	0.5434782608695652	0.45652173913043476	0.0525	0.09417040358744393	0.0525	26
positive	100GB	90%	LongGF	28	6	400	0.8235294117647058	0.17647058823529413	0.015	0.027649769585253454	0.015	26
positive	100GB	95%	CTAT-LR-Fusion	64	57	400	0.5289256198347108	0.47107438016528924	0.1425	0.21880998080614203	0.1425	26
positive	100GB	95%	FusionSeeker	323	61	400	0.8411458333333334	0.15885416666666666	0.1525	0.1556122448979592	0.1525	26
positive	100GB	95%	GFSeeker	61	23	400	0.7261904761904762	0.27380952380952384	0.0575	0.0950413223140496	0.0575	26
positive	100GB	95%	Genion	57	37	400	0.6063829787234043	0.39361702127659576	0.0925	0.14979757085020243	0.0925	26
positive	100GB	95%	JAFFAL	54	45	400	0.5454545454545454	0.45454545454545453	0.1125	0.18036072144288576	0.1125	26
positive	100GB	95%	LongGF	43	6	400	0.8775510204081632	0.12244897959183673	0.015	0.026726057906458798	0.015	26
positive	10GB	85%	CTAT-LR-Fusion	1	0	397	1	0	0	NA	0	26
positive	10GB	85%	FusionSeeker	4	0	397	1	0	0	NA	0	26
positive	10GB	85%	Genion	3	0	397	1	0	0	NA	0	26
positive	10GB	90%	FusionSeeker	4	0	400	1	0	0	NA	0	26
positive	10GB	90%	Genion	1	0	400	1	0	0	NA	0	26
positive	10GB	95%	FusionSeeker	7	0	400	1	0	0	NA	0	26
positive	100GB	85%	CTAT-LR-Fusion	17	17	400	0.5	0.5	0.0425	0.0783410138248848	0.0425	25
positive	100GB	85%	FusionSeeker	224	38	400	0.8549618320610687	0.1450381679389313	0.095	0.1148036253776435	0.095	25
positive	100GB	85%	GFSeeker	17	6	400	0.7391304347826086	0.2608695652173913	0.015	0.02836879432624113	0.015	25
positive	100GB	85%	Genion	46	25	400	0.647887323943662	0.352112676056338	0.0625	0.10615711252653928	0.0625	25
positive	100GB	85%	JAFFAL	6	11	400	0.35294117647058826	0.6470588235294118	0.0275	0.052757793764988015	0.0275	25
positive	100GB	85%	LongGF	15	1	400	0.9375	0.0625	0.0025	0.004807692307692308	0.0025	25
positive	100GB	90%	CTAT-LR-Fusion	46	36	400	0.5609756097560976	0.43902439024390244	0.09	0.14937759336099585	0.09	25
positive	100GB	90%	FusionSeeker	304	57	400	0.8421052631578947	0.15789473684210525	0.1425	0.14980289093298288	0.1425	25
positive	100GB	90%	GFSeeker	38	16	400	0.7037037037037037	0.2962962962962963	0.04	0.07048458149779736	0.04	25
positive	100GB	90%	Genion	52	38	400	0.5777777777777777	0.4222222222222222	0.095	0.15510204081632653	0.095	25
positive	100GB	90%	JAFFAL	29	26	400	0.5272727272727272	0.4727272727272727	0.065	0.1142857142857143	0.065	25
positive	100GB	90%	LongGF	28	7	400	0.8	0.2	0.0175	0.03218390804597701	0.0175	25
positive	100GB	95%	CTAT-LR-Fusion	72	61	400	0.5413533834586466	0.45864661654135336	0.1525	0.22889305816135083	0.1525	25
positive	100GB	95%	FusionSeeker	330	64	400	0.8375634517766497	0.16243654822335024	0.16	0.1612090680100756	0.16	25
positive	100GB	95%	GFSeeker	66	24	400	0.7333333333333333	0.26666666666666666	0.06	0.0979591836734694	0.06	25
positive	100GB	95%	Genion	66	38	400	0.6346153846153846	0.36538461538461536	0.095	0.15079365079365079	0.095	25
positive	100GB	95%	JAFFAL	60	46	400	0.5660377358490566	0.4339622641509434	0.115	0.18181818181818182	0.115	25
positive	100GB	95%	LongGF	44	7	400	0.8627450980392157	0.13725490196078433	0.0175	0.03104212860310421	0.0175	25
positive	10GB	85%	CTAT-LR-Fusion	1	0	397	1	0	0	NA	0	25
positive	10GB	85%	FusionSeeker	4	0	397	1	0	0	NA	0	25
positive	10GB	85%	Genion	3	0	397	1	0	0	NA	0	25
positive	10GB	90%	FusionSeeker	4	0	400	1	0	0	NA	0	25
positive	10GB	90%	Genion	1	0	400	1	0	0	NA	0	25
positive	10GB	95%	FusionSeeker	8	0	400	1	0	0	NA	0	25
positive	100GB	85%	CTAT-LR-Fusion	20	20	400	0.5	0.5	0.05	0.09090909090909091	0.05	24
positive	100GB	85%	FusionSeeker	235	39	400	0.8576642335766423	0.14233576642335766	0.0975	0.11572700296735905	0.0975	24
positive	100GB	85%	GFSeeker	18	7	400	0.72	0.28	0.0175	0.03294117647058824	0.0175	24
positive	100GB	85%	Genion	51	26	400	0.6623376623376623	0.33766233766233766	0.065	0.1090146750524109	0.065	24
positive	100GB	85%	JAFFAL	9	11	400	0.45	0.55	0.0275	0.05238095238095238	0.0275	24
positive	100GB	85%	LongGF	17	2	400	0.8947368421052632	0.10526315789473684	0.005	0.00954653937947494	0.005	24
positive	100GB	90%	CTAT-LR-Fusion	47	41	400	0.5340909090909091	0.4659090909090909	0.1025	0.1680327868852459	0.1025	24
positive	100GB	90%	FusionSeeker	315	58	400	0.8445040214477212	0.1554959785522788	0.145	0.15006468305304008	0.145	24
positive	100GB	90%	GFSeeker	42	19	400	0.6885245901639344	0.3114754098360656	0.0475	0.0824295010845987	0.0475	24
positive	100GB	90%	Genion	59	40	400	0.5959595959595959	0.40404040404040403	0.1	0.16032064128256512	0.1	24
positive	100GB	90%	JAFFAL	34	28	400	0.5483870967741935	0.45161290322580644	0.07	0.12121212121212123	0.07	24
positive	100GB	90%	LongGF	30	7	400	0.8108108108108109	0.1891891891891892	0.0175	0.032036613272311214	0.0175	24
positive	100GB	95%	CTAT-LR-Fusion	78	64	400	0.5492957746478874	0.4507042253521127	0.16	0.23616236162361626	0.16	24
positive	100GB	95%	FusionSeeker	335	64	400	0.8395989974937343	0.16040100250626566	0.16	0.1602002503128911	0.16	24
positive	100GB	95%	GFSeeker	69	26	400	0.7263157894736842	0.2736842105263158	0.065	0.10505050505050506	0.065	24
positive	100GB	95%	Genion	68	40	400	0.6296296296296297	0.37037037037037035	0.1	0.15748031496062992	0.1	24
positive	100GB	95%	JAFFAL	61	48	400	0.5596330275229358	0.44036697247706424	0.12	0.18860510805500982	0.12	24
positive	100GB	95%	LongGF	48	8	400	0.8571428571428571	0.14285714285714285	0.02	0.03508771929824562	0.02	24
positive	10GB	85%	CTAT-LR-Fusion	1	0	397	1	0	0	NA	0	24
positive	10GB	85%	FusionSeeker	4	0	397	1	0	0	NA	0	24
positive	10GB	85%	Genion	3	0	397	1	0	0	NA	0	24
positive	10GB	90%	FusionSeeker	4	0	400	1	0	0	NA	0	24
positive	10GB	90%	Genion	1	0	400	1	0	0	NA	0	24
positive	10GB	95%	FusionSeeker	10	0	400	1	0	0	NA	0	24
positive	100GB	85%	CTAT-LR-Fusion	23	20	400	0.5348837209302325	0.46511627906976744	0.05	0.09029345372460497	0.05	23
positive	100GB	85%	FusionSeeker	244	39	400	0.8621908127208481	0.13780918727915195	0.0975	0.11420204978038068	0.0975	23
positive	100GB	85%	GFSeeker	19	7	400	0.7307692307692307	0.2692307692307692	0.0175	0.03286384976525822	0.0175	23
positive	100GB	85%	Genion	54	26	400	0.675	0.325	0.065	0.10833333333333334	0.065	23
positive	100GB	85%	JAFFAL	11	12	400	0.4782608695652174	0.5217391304347826	0.03	0.05673758865248226	0.03	23
positive	100GB	85%	LongGF	18	4	400	0.8181818181818182	0.18181818181818182	0.01	0.01895734597156398	0.01	23
positive	100GB	90%	CTAT-LR-Fusion	48	44	400	0.5217391304347826	0.4782608695652174	0.11	0.17886178861788618	0.11	23
positive	100GB	90%	FusionSeeker	323	59	400	0.8455497382198953	0.1544502617801047	0.1475	0.15089514066496162	0.1475	23
positive	100GB	90%	GFSeeker	46	20	400	0.696969696969697	0.30303030303030304	0.05	0.08583690987124463	0.05	23
positive	100GB	90%	Genion	65	41	400	0.6132075471698113	0.3867924528301887	0.1025	0.16205533596837945	0.1025	23
positive	100GB	90%	JAFFAL	38	31	400	0.5507246376811594	0.4492753623188406	0.0775	0.13219616204690832	0.0775	23
positive	100GB	90%	LongGF	33	7	400	0.825	0.175	0.0175	0.03181818181818182	0.0175	23
positive	100GB	95%	CTAT-LR-Fusion	80	68	400	0.5405405405405406	0.4594594594594595	0.17	0.24817518248175185	0.17	23
positive	100GB	95%	FusionSeeker	342	64	400	0.8423645320197044	0.15763546798029557	0.16	0.1588089330024814	0.16	23
positive	100GB	95%	GFSeeker	75	27	400	0.7352941176470589	0.2647058823529412	0.0675	0.10756972111553785	0.0675	23
positive	100GB	95%	Genion	79	41	400	0.6583333333333333	0.3416666666666667	0.1025	0.15769230769230771	0.1025	23
positive	100GB	95%	JAFFAL	64	50	400	0.5614035087719298	0.43859649122807015	0.125	0.19455252918287935	0.125	23
positive	100GB	95%	LongGF	52	8	400	0.8666666666666667	0.13333333333333333	0.02	0.034782608695652174	0.02	23
positive	10GB	85%	CTAT-LR-Fusion	1	0	397	1	0	0	NA	0	23
positive	10GB	85%	FusionSeeker	4	0	397	1	0	0	NA	0	23
positive	10GB	85%	GFSeeker	1	0	397	1	0	0	NA	0	23
positive	10GB	85%	Genion	3	0	397	1	0	0	NA	0	23
positive	10GB	90%	FusionSeeker	5	0	400	1	0	0	NA	0	23
positive	10GB	90%	Genion	1	0	400	1	0	0	NA	0	23
positive	10GB	95%	FusionSeeker	10	0	400	1	0	0	NA	0	23
positive	100GB	85%	CTAT-LR-Fusion	26	22	400	0.5416666666666666	0.4583333333333333	0.055	0.09821428571428571	0.055	22
positive	100GB	85%	FusionSeeker	256	40	400	0.8648648648648649	0.13513513513513514	0.1	0.11494252873563218	0.1	22
positive	100GB	85%	GFSeeker	19	7	400	0.7307692307692307	0.2692307692307692	0.0175	0.03286384976525822	0.0175	22
positive	100GB	85%	Genion	56	27	400	0.6746987951807228	0.3253012048192771	0.0675	0.11180124223602486	0.0675	22
positive	100GB	85%	JAFFAL	14	14	400	0.5	0.5	0.035	0.06542056074766356	0.035	22
positive	100GB	85%	LongGF	20	4	400	0.8333333333333334	0.16666666666666666	0.01	0.018867924528301886	0.01	22
positive	100GB	90%	CTAT-LR-Fusion	51	48	400	0.5151515151515151	0.48484848484848486	0.12	0.19238476953907815	0.12	22
positive	100GB	90%	FusionSeeker	330	61	400	0.8439897698209718	0.15601023017902813	0.1525	0.15423514538558786	0.1525	22
positive	100GB	90%	GFSeeker	51	23	400	0.6891891891891891	0.3108108108108108	0.0575	0.09704641350210971	0.0575	22
positive	100GB	90%	Genion	69	41	400	0.6272727272727273	0.37272727272727274	0.1025	0.1607843137254902	0.1025	22
positive	100GB	90%	JAFFAL	42	33	400	0.56	0.44	0.0825	0.13894736842105262	0.0825	22
positive	100GB	90%	LongGF	38	7	400	0.8444444444444444	0.15555555555555556	0.0175	0.03146067415730337	0.0175	22
positive	100GB	95%	CTAT-LR-Fusion	84	70	400	0.5454545454545454	0.45454545454545453	0.175	0.2527075812274368	0.175	22
positive	100GB	95%	FusionSeeker	356	65	400	0.8456057007125891	0.1543942992874109	0.1625	0.15834348355663824	0.1625	22
positive	100GB	95%	GFSeeker	79	28	400	0.7383177570093458	0.2616822429906542	0.07	0.11045364891518739	0.07	22
positive	100GB	95%	Genion	85	42	400	0.6692913385826772	0.33070866141732286	0.105	0.15939278937381404	0.105	22
positive	100GB	95%	JAFFAL	68	53	400	0.5619834710743802	0.4380165289256198	0.1325	0.20345489443378123	0.1325	22
positive	100GB	95%	LongGF	53	8	400	0.8688524590163934	0.13114754098360656	0.02	0.03470715835140998	0.02	22
positive	10GB	85%	CTAT-LR-Fusion	1	0	397	1	0	0	NA	0	22
positive	10GB	85%	FusionSeeker	6	0	397	1	0	0	NA	0	22
positive	10GB	85%	GFSeeker	1	0	397	1	0	0	NA	0	22
positive	10GB	85%	Genion	3	0	397	1	0	0	NA	0	22
positive	10GB	90%	CTAT-LR-Fusion	1	0	400	1	0	0	NA	0	22
positive	10GB	90%	FusionSeeker	7	0	400	1	0	0	NA	0	22
positive	10GB	90%	Genion	1	0	400	1	0	0	NA	0	22
positive	10GB	95%	FusionSeeker	11	0	400	1	0	0	NA	0	22
positive	1GB	90%	FusionSeeker	1	0	202	1	0	0	NA	0	22
positive	100GB	85%	CTAT-LR-Fusion	27	24	400	0.5294117647058824	0.47058823529411764	0.06	0.10643015521064302	0.06	21
positive	100GB	85%	FusionSeeker	269	42	400	0.864951768488746	0.13504823151125403	0.105	0.11814345991561181	0.105	21
positive	100GB	85%	GFSeeker	22	7	400	0.7586206896551724	0.2413793103448276	0.0175	0.03263403263403264	0.0175	21
positive	100GB	85%	Genion	58	30	400	0.6590909090909091	0.3409090909090909	0.075	0.12295081967213115	0.075	21
positive	100GB	85%	JAFFAL	17	17	400	0.5	0.5	0.0425	0.0783410138248848	0.0425	21
positive	100GB	85%	LongGF	24	5	400	0.8275862068965517	0.1724137931034483	0.0125	0.023310023310023312	0.0125	21
positive	100GB	90%	CTAT-LR-Fusion	55	50	400	0.5238095238095238	0.47619047619047616	0.125	0.19801980198019803	0.125	21
positive	100GB	90%	FusionSeeker	339	61	400	0.8475	0.1525	0.1525	0.1525	0.1525	21
positive	100GB	90%	GFSeeker	54	24	400	0.6923076923076923	0.3076923076923077	0.06	0.10041841004184102	0.06	21
positive	100GB	90%	Genion	75	41	400	0.646551724137931	0.35344827586206895	0.1025	0.15891472868217055	0.1025	21
positive	100GB	90%	JAFFAL	48	34	400	0.5853658536585366	0.4146341463414634	0.085	0.14107883817427389	0.085	21
positive	100GB	90%	LongGF	41	8	400	0.8367346938775511	0.16326530612244897	0.02	0.035634743875278395	0.02	21
positive	100GB	95%	CTAT-LR-Fusion	87	73	400	0.54375	0.45625	0.1825	0.26071428571428573	0.1825	21
positive	100GB	95%	FusionSeeker	366	66	400	0.8472222222222222	0.1527777777777778	0.165	0.15865384615384615	0.165	21
positive	100GB	95%	GFSeeker	86	31	400	0.7350427350427351	0.26495726495726496	0.0775	0.11992263056092842	0.0775	21
positive	100GB	95%	Genion	92	43	400	0.6814814814814815	0.31851851851851853	0.1075	0.16074766355140188	0.1075	21
positive	100GB	95%	JAFFAL	70	53	400	0.5691056910569106	0.43089430894308944	0.1325	0.20267686424474185	0.1325	21
positive	100GB	95%	LongGF	57	8	400	0.8769230769230769	0.12307692307692308	0.02	0.034408602150537634	0.02	21
positive	10GB	85%	CTAT-LR-Fusion	1	0	397	1	0	0	NA	0	21
positive	10GB	85%	FusionSeeker	6	0	397	1	0	0	NA	0	21
positive	10GB	85%	GFSeeker	1	0	397	1	0	0	NA	0	21
positive	10GB	85%	Genion	3	0	397	1	0	0	NA	0	21
positive	10GB	90%	CTAT-LR-Fusion	1	0	400	1	0	0	NA	0	21
positive	10GB	90%	FusionSeeker	9	0	400	1	0	0	NA	0	21
positive	10GB	90%	Genion	1	0	400	1	0	0	NA	0	21
positive	10GB	95%	FusionSeeker	11	0	400	1	0	0	NA	0	21
positive	1GB	90%	FusionSeeker	1	0	202	1	0	0	NA	0	21
positive	100GB	85%	CTAT-LR-Fusion	31	25	400	0.5535714285714286	0.44642857142857145	0.0625	0.10964912280701755	0.0625	20
positive	100GB	85%	FusionSeeker	278	43	400	0.8660436137071651	0.13395638629283488	0.1075	0.11927877947295422	0.1075	20
positive	100GB	85%	GFSeeker	24	7	400	0.7741935483870968	0.22580645161290322	0.0175	0.03248259860788864	0.0175	20
positive	100GB	85%	Genion	61	30	400	0.6703296703296703	0.32967032967032966	0.075	0.12219959266802444	0.075	20
positive	100GB	85%	JAFFAL	18	17	400	0.5142857142857142	0.4857142857142857	0.0425	0.07816091954022988	0.0425	20
positive	100GB	85%	LongGF	26	6	400	0.8125	0.1875	0.015	0.027777777777777776	0.015	20
positive	100GB	90%	CTAT-LR-Fusion	64	51	400	0.5565217391304348	0.4434782608695652	0.1275	0.19805825242718444	0.1275	20
positive	100GB	90%	FusionSeeker	350	62	400	0.8495145631067961	0.15048543689320387	0.155	0.15270935960591134	0.155	20
positive	100GB	90%	GFSeeker	60	26	400	0.6976744186046512	0.3023255813953488	0.065	0.10699588477366255	0.065	20
positive	100GB	90%	Genion	83	44	400	0.6535433070866141	0.3464566929133858	0.11	0.1669829222011385	0.11	20
positive	100GB	90%	JAFFAL	51	36	400	0.5862068965517241	0.41379310344827586	0.09	0.14784394250513344	0.09	20
positive	100GB	90%	LongGF	45	8	400	0.8490566037735849	0.1509433962264151	0.02	0.03532008830022075	0.02	20
positive	100GB	95%	CTAT-LR-Fusion	89	76	400	0.5393939393939394	0.46060606060606063	0.19	0.26902654867256637	0.19	20
positive	100GB	95%	FusionSeeker	372	67	400	0.8473804100227791	0.15261958997722094	0.1675	0.1597139451728248	0.1675	20
positive	100GB	95%	GFSeeker	89	31	400	0.7416666666666667	0.25833333333333336	0.0775	0.11923076923076922	0.0775	20
positive	100GB	95%	Genion	99	44	400	0.6923076923076923	0.3076923076923077	0.11	0.16206261510128914	0.11	20
positive	100GB	95%	JAFFAL	73	55	400	0.5703125	0.4296875	0.1375	0.20833333333333337	0.1375	20
positive	100GB	95%	LongGF	60	8	400	0.8823529411764706	0.11764705882352941	0.02	0.03418803418803419	0.02	20
positive	10GB	85%	CTAT-LR-Fusion	1	0	397	1	0	0	NA	0	20
positive	10GB	85%	FusionSeeker	7	0	397	1	0	0	NA	0	20
positive	10GB	85%	GFSeeker	1	0	397	1	0	0	NA	0	20
positive	10GB	85%	Genion	3	0	397	1	0	0	NA	0	20
positive	10GB	90%	CTAT-LR-Fusion	1	0	400	1	0	0	NA	0	20
positive	10GB	90%	FusionSeeker	9	0	400	1	0	0	NA	0	20
positive	10GB	90%	Genion	1	0	400	1	0	0	NA	0	20
positive	10GB	95%	FusionSeeker	12	0	400	1	0	0	NA	0	20
positive	1GB	90%	FusionSeeker	1	0	202	1	0	0	NA	0	20
positive	100GB	85%	CTAT-LR-Fusion	35	27	400	0.5645161290322581	0.43548387096774194	0.0675	0.1168831168831169	0.0675	19
positive	100GB	85%	FusionSeeker	289	45	400	0.8652694610778443	0.1347305389221557	0.1125	0.12261580381471392	0.1125	19
positive	100GB	85%	GFSeeker	31	8	400	0.7948717948717948	0.20512820512820512	0.02	0.03644646924829158	0.02	19
positive	100GB	85%	Genion	67	33	400	0.67	0.33	0.0825	0.132	0.0825	19
positive	100GB	85%	JAFFAL	23	18	400	0.5609756097560976	0.43902439024390244	0.045	0.0816326530612245	0.045	19
positive	100GB	85%	LongGF	31	6	400	0.8378378378378378	0.16216216216216217	0.015	0.027459954233409606	0.015	19
positive	100GB	90%	CTAT-LR-Fusion	69	55	400	0.5564516129032258	0.4435483870967742	0.1375	0.2099236641221374	0.1375	19
positive	100GB	90%	FusionSeeker	352	65	400	0.8441247002398081	0.15587529976019185	0.1625	0.1591187270501836	0.1625	19
positive	100GB	90%	GFSeeker	68	26	400	0.723404255319149	0.2765957446808511	0.065	0.10526315789473684	0.065	19
positive	100GB	90%	Genion	92	44	400	0.6764705882352942	0.3235294117647059	0.11	0.16417910447761194	0.11	19
positive	100GB	90%	JAFFAL	54	41	400	0.5684210526315789	0.43157894736842106	0.1025	0.16565656565656564	0.1025	19
positive	100GB	90%	LongGF	49	8	400	0.8596491228070176	0.14035087719298245	0.02	0.0350109409190372	0.02	19
positive	100GB	95%	CTAT-LR-Fusion	96	81	400	0.5423728813559322	0.4576271186440678	0.2025	0.2807625649913345	0.2025	19
positive	100GB	95%	FusionSeeker	378	68	400	0.8475336322869955	0.15246636771300448	0.17	0.16075650118203308	0.17	19
positive	100GB	95%	GFSeeker	92	32	400	0.7419354838709677	0.25806451612903225	0.08	0.12213740458015267	0.08	19
positive	100GB	95%	Genion	106	46	400	0.6973684210526315	0.3026315789473684	0.115	0.16666666666666669	0.115	19
positive	100GB	95%	JAFFAL	79	55	400	0.5895522388059702	0.41044776119402987	0.1375	0.2059925093632959	0.1375	19
positive	100GB	95%	LongGF	62	9	400	0.8732394366197183	0.1267605633802817	0.0225	0.038216560509554146	0.0225	19
positive	10GB	85%	CTAT-LR-Fusion	1	0	397	1	0	0	NA	0	19
positive	10GB	85%	FusionSeeker	7	0	397	1	0	0	NA	0	19
positive	10GB	85%	GFSeeker	1	0	397	1	0	0	NA	0	19
positive	10GB	85%	Genion	3	0	397	1	0	0	NA	0	19
positive	10GB	90%	CTAT-LR-Fusion	1	0	400	1	0	0	NA	0	19
positive	10GB	90%	FusionSeeker	10	0	400	1	0	0	NA	0	19
positive	10GB	90%	Genion	1	0	400	1	0	0	NA	0	19
positive	10GB	95%	FusionSeeker	12	1	400	0.9230769230769231	0.07692307692307693	0.0025	0.004842615012106538	0.0025	19
positive	1GB	90%	FusionSeeker	1	0	202	1	0	0	NA	0	19
positive	100GB	85%	CTAT-LR-Fusion	37	33	400	0.5285714285714286	0.4714285714285714	0.0825	0.14042553191489363	0.0825	18
positive	100GB	85%	FusionSeeker	299	47	400	0.8641618497109826	0.13583815028901733	0.1175	0.1260053619302949	0.1175	18
positive	100GB	85%	GFSeeker	35	8	400	0.813953488372093	0.18604651162790697	0.02	0.03611738148984199	0.02	18
positive	100GB	85%	Genion	76	34	400	0.6909090909090909	0.3090909090909091	0.085	0.13333333333333333	0.085	18
positive	100GB	85%	JAFFAL	23	18	400	0.5609756097560976	0.43902439024390244	0.045	0.0816326530612245	0.045	18
positive	100GB	85%	LongGF	33	7	400	0.825	0.175	0.0175	0.03181818181818182	0.0175	18
positive	100GB	90%	CTAT-LR-Fusion	74	59	400	0.556390977443609	0.44360902255639095	0.1475	0.22138836772983111	0.1475	18
positive	100GB	90%	FusionSeeker	363	65	400	0.8481308411214953	0.15186915887850466	0.1625	0.15700483091787437	0.1625	18
positive	100GB	90%	GFSeeker	71	26	400	0.7319587628865979	0.26804123711340205	0.065	0.10462776659959758	0.065	18
positive	100GB	90%	Genion	101	44	400	0.696551724137931	0.30344827586206896	0.11	0.1614678899082569	0.11	18
positive	100GB	90%	JAFFAL	55	43	400	0.5612244897959183	0.4387755102040816	0.1075	0.17269076305220885	0.1075	18
positive	100GB	90%	LongGF	51	8	400	0.864406779661017	0.13559322033898305	0.02	0.034858387799564274	0.02	18
positive	100GB	95%	CTAT-LR-Fusion	99	85	400	0.5380434782608695	0.46195652173913043	0.2125	0.2910958904109589	0.2125	18
positive	100GB	95%	FusionSeeker	383	68	400	0.8492239467849224	0.15077605321507762	0.17	0.15981198589894244	0.17	18
positive	100GB	95%	GFSeeker	95	34	400	0.7364341085271318	0.26356589147286824	0.085	0.1285444234404537	0.085	18
positive	100GB	95%	Genion	112	48	400	0.7	0.3	0.12	0.17142857142857143	0.12	18
positive	100GB	95%	JAFFAL	81	60	400	0.574468085106383	0.425531914893617	0.15	0.22181146025878004	0.15	18
positive	100GB	95%	LongGF	62	10	400	0.8611111111111112	0.1388888888888889	0.025	0.04237288135593221	0.025	18
positive	10GB	85%	CTAT-LR-Fusion	1	0	397	1	0	0	NA	0	18
positive	10GB	85%	FusionSeeker	7	0	397	1	0	0	NA	0	18
positive	10GB	85%	GFSeeker	1	0	397	1	0	0	NA	0	18
positive	10GB	85%	Genion	3	0	397	1	0	0	NA	0	18
positive	10GB	90%	CTAT-LR-Fusion	1	0	400	1	0	0	NA	0	18
positive	10GB	90%	FusionSeeker	11	0	400	1	0	0	NA	0	18
positive	10GB	90%	GFSeeker	1	0	400	1	0	0	NA	0	18
positive	10GB	90%	Genion	1	0	400	1	0	0	NA	0	18
positive	10GB	95%	FusionSeeker	12	1	400	0.9230769230769231	0.07692307692307693	0.0025	0.004842615012106538	0.0025	18
positive	1GB	90%	FusionSeeker	1	0	202	1	0	0	NA	0	18
positive	100GB	85%	CTAT-LR-Fusion	41	36	400	0.5324675324675324	0.4675324675324675	0.09	0.1509433962264151	0.09	17
positive	100GB	85%	FusionSeeker	312	51	400	0.859504132231405	0.14049586776859505	0.1275	0.13368283093053734	0.1275	17
positive	100GB	85%	GFSeeker	40	8	400	0.8333333333333334	0.16666666666666666	0.02	0.03571428571428571	0.02	17
positive	100GB	85%	Genion	78	36	400	0.6842105263157895	0.3157894736842105	0.09	0.14007782101167315	0.09	17
positive	100GB	85%	JAFFAL	27	19	400	0.5869565217391305	0.41304347826086957	0.0475	0.0852017937219731	0.0475	17
positive	100GB	85%	LongGF	36	7	400	0.8372093023255814	0.16279069767441862	0.0175	0.03160270880361174	0.0175	17
positive	100GB	90%	CTAT-LR-Fusion	79	60	400	0.5683453237410072	0.4316546762589928	0.15	0.22263450834879406	0.15	17
positive	100GB	90%	FusionSeeker	375	67	400	0.8484162895927602	0.1515837104072398	0.1675	0.15914489311163893	0.1675	17
positive	100GB	90%	GFSeeker	75	26	400	0.7425742574257426	0.25742574257425743	0.065	0.10379241516966069	0.065	17
positive	100GB	90%	Genion	107	47	400	0.6948051948051948	0.3051948051948052	0.1175	0.16967509025270758	0.1175	17
positive	100GB	90%	JAFFAL	57	46	400	0.5533980582524272	0.44660194174757284	0.115	0.18290258449304175	0.115	17
positive	100GB	90%	LongGF	53	8	400	0.8688524590163934	0.13114754098360656	0.02	0.03470715835140998	0.02	17
positive	100GB	95%	CTAT-LR-Fusion	101	90	400	0.5287958115183246	0.4712041884816754	0.225	0.3045685279187817	0.225	17
positive	100GB	95%	FusionSeeker	391	68	400	0.8518518518518519	0.14814814814814814	0.17	0.15832363213038414	0.17	17
positive	100GB	95%	GFSeeker	97	34	400	0.7404580152671756	0.2595419847328244	0.085	0.128060263653484	0.085	17
positive	100GB	95%	Genion	117	53	400	0.6882352941176471	0.31176470588235294	0.1325	0.18596491228070175	0.1325	17
positive	100GB	95%	JAFFAL	84	63	400	0.5714285714285714	0.42857142857142855	0.1575	0.23034734917733085	0.1575	17
positive	100GB	95%	LongGF	63	10	400	0.863013698630137	0.136986301369863	0.025	0.042283298097251586	0.025	17
positive	10GB	85%	CTAT-LR-Fusion	1	0	397	1	0	0	NA	0	17
positive	10GB	85%	FusionSeeker	8	0	397	1	0	0	NA	0	17
positive	10GB	85%	GFSeeker	1	0	397	1	0	0	NA	0	17
positive	10GB	85%	Genion	3	0	397	1	0	0	NA	0	17
positive	10GB	90%	CTAT-LR-Fusion	1	0	400	1	0	0	NA	0	17
positive	10GB	90%	FusionSeeker	11	0	400	1	0	0	NA	0	17
positive	10GB	90%	GFSeeker	1	0	400	1	0	0	NA	0	17
positive	10GB	90%	Genion	1	0	400	1	0	0	NA	0	17
positive	10GB	95%	FusionSeeker	13	2	400	0.8666666666666667	0.13333333333333333	0.005	0.009638554216867469	0.005	17
positive	1GB	90%	FusionSeeker	1	0	202	1	0	0	NA	0	17
positive	1GB	95%	FusionSeeker	1	0	208	1	0	0	NA	0	17
positive	100GB	85%	CTAT-LR-Fusion	45	40	400	0.5294117647058824	0.47058823529411764	0.1	0.16494845360824742	0.1	16
positive	100GB	85%	FusionSeeker	325	53	400	0.8597883597883598	0.1402116402116402	0.1325	0.13624678663239076	0.1325	16
positive	100GB	85%	GFSeeker	48	8	400	0.8571428571428571	0.14285714285714285	0.02	0.03508771929824562	0.02	16
positive	100GB	85%	Genion	84	38	400	0.6885245901639344	0.3114754098360656	0.095	0.14559386973180077	0.095	16
positive	100GB	85%	JAFFAL	32	21	400	0.6037735849056604	0.39622641509433965	0.0525	0.09271523178807947	0.0525	16
positive	100GB	85%	LongGF	38	7	400	0.8444444444444444	0.15555555555555556	0.0175	0.03146067415730337	0.0175	16
positive	100GB	90%	CTAT-LR-Fusion	81	64	400	0.5586206896551724	0.4413793103448276	0.16	0.23486238532110093	0.16	16
positive	100GB	90%	FusionSeeker	382	67	400	0.8507795100222717	0.1492204899777283	0.1675	0.15783274440518258	0.1675	16
positive	100GB	90%	GFSeeker	79	26	400	0.7523809523809524	0.24761904761904763	0.065	0.10297029702970298	0.065	16
positive	100GB	90%	Genion	108	49	400	0.6878980891719745	0.31210191082802546	0.1225	0.17594254937163376	0.1225	16
positive	100GB	90%	JAFFAL	59	47	400	0.5566037735849056	0.44339622641509435	0.1175	0.1857707509881423	0.1175	16
positive	100GB	90%	LongGF	55	8	400	0.873015873015873	0.12698412698412698	0.02	0.03455723542116631	0.02	16
positive	100GB	95%	CTAT-LR-Fusion	105	94	400	0.5276381909547738	0.4723618090452261	0.235	0.3138564273789649	0.235	16
positive	100GB	95%	FusionSeeker	397	68	400	0.853763440860215	0.14623655913978495	0.17	0.15722543352601157	0.17	16
positive	100GB	95%	GFSeeker	104	34	400	0.7536231884057971	0.2463768115942029	0.085	0.12639405204460968	0.085	16
positive	100GB	95%	Genion	124	56	400	0.6888888888888889	0.3111111111111111	0.14	0.1931034482758621	0.14	16
positive	100GB	95%	JAFFAL	87	63	400	0.58	0.42	0.1575	0.2290909090909091	0.1575	16
positive	100GB	95%	LongGF	63	10	400	0.863013698630137	0.136986301369863	0.025	0.042283298097251586	0.025	16
positive	10GB	85%	CTAT-LR-Fusion	1	0	397	1	0	0	NA	0	16
positive	10GB	85%	FusionSeeker	11	0	397	1	0	0	NA	0	16
positive	10GB	85%	GFSeeker	1	0	397	1	0	0	NA	0	16
positive	10GB	85%	Genion	3	0	397	1	0	0	NA	0	16
positive	10GB	90%	CTAT-LR-Fusion	1	0	400	1	0	0	NA	0	16
positive	10GB	90%	FusionSeeker	11	0	400	1	0	0	NA	0	16
positive	10GB	90%	GFSeeker	1	0	400	1	0	0	NA	0	16
positive	10GB	90%	Genion	1	0	400	1	0	0	NA	0	16
positive	10GB	95%	FusionSeeker	16	3	400	0.8421052631578947	0.15789473684210525	0.0075	0.01431980906921241	0.0075	16
positive	1GB	90%	FusionSeeker	1	0	202	1	0	0	NA	0	16
positive	1GB	95%	FusionSeeker	1	0	208	1	0	0	NA	0	16
positive	100GB	85%	CTAT-LR-Fusion	51	42	400	0.5483870967741935	0.45161290322580644	0.105	0.17038539553752532	0.105	15
positive	100GB	85%	FusionSeeker	338	56	400	0.8578680203045685	0.14213197969543148	0.14	0.14105793450881615	0.14	15
positive	100GB	85%	GFSeeker	53	9	400	0.8548387096774194	0.14516129032258066	0.0225	0.03896103896103896	0.0225	15
positive	100GB	85%	Genion	87	41	400	0.6796875	0.3203125	0.1025	0.1553030303030303	0.1025	15
positive	100GB	85%	JAFFAL	36	23	400	0.6101694915254238	0.3898305084745763	0.0575	0.10021786492374728	0.0575	15
positive	100GB	85%	LongGF	40	8	400	0.8333333333333334	0.16666666666666666	0.02	0.03571428571428571	0.02	15
positive	100GB	90%	CTAT-LR-Fusion	81	71	400	0.5328947368421053	0.46710526315789475	0.1775	0.25724637681159424	0.1775	15
positive	100GB	90%	FusionSeeker	394	68	400	0.8528138528138528	0.1471861471861472	0.17	0.15777262180974477	0.17	15
positive	100GB	90%	GFSeeker	84	26	400	0.7636363636363637	0.23636363636363636	0.065	0.10196078431372549	0.065	15
positive	100GB	90%	Genion	117	50	400	0.7005988023952096	0.2994011976047904	0.125	0.1763668430335097	0.125	15
positive	100GB	90%	JAFFAL	65	48	400	0.5752212389380531	0.4247787610619469	0.12	0.1871345029239766	0.12	15
positive	100GB	90%	LongGF	56	8	400	0.875	0.125	0.02	0.03448275862068966	0.02	15
positive	100GB	95%	CTAT-LR-Fusion	108	99	400	0.5217391304347826	0.4782608695652174	0.2475	0.32619439868204286	0.2475	15
positive	100GB	95%	FusionSeeker	404	70	400	0.8523206751054853	0.14767932489451477	0.175	0.16018306636155605	0.175	15
positive	100GB	95%	GFSeeker	106	34	400	0.7571428571428571	0.24285714285714285	0.085	0.12592592592592594	0.085	15
positive	100GB	95%	Genion	130	58	400	0.6914893617021277	0.30851063829787234	0.145	0.19727891156462585	0.145	15
positive	100GB	95%	JAFFAL	91	64	400	0.5870967741935483	0.4129032258064516	0.16	0.23063063063063066	0.16	15
positive	100GB	95%	LongGF	64	10	400	0.8648648648648649	0.13513513513513514	0.025	0.042194092827004225	0.025	15
positive	10GB	85%	CTAT-LR-Fusion	1	0	397	1	0	0	NA	0	15
positive	10GB	85%	FusionSeeker	12	0	397	1	0	0	NA	0	15
positive	10GB	85%	GFSeeker	1	0	397	1	0	0	NA	0	15
positive	10GB	85%	Genion	3	0	397	1	0	0	NA	0	15
positive	10GB	90%	CTAT-LR-Fusion	1	0	400	1	0	0	NA	0	15
positive	10GB	90%	FusionSeeker	15	0	400	1	0	0	NA	0	15
positive	10GB	90%	GFSeeker	1	0	400	1	0	0	NA	0	15
positive	10GB	90%	Genion	1	0	400	1	0	0	NA	0	15
positive	10GB	95%	FusionSeeker	20	3	400	0.8695652173913043	0.13043478260869565	0.0075	0.014184397163120565	0.0075	15
positive	1GB	90%	FusionSeeker	1	0	202	1	0	0	NA	0	15
positive	1GB	95%	FusionSeeker	1	0	208	1	0	0	NA	0	15
positive	100GB	85%	CTAT-LR-Fusion	56	47	400	0.5436893203883495	0.4563106796116505	0.1175	0.18687872763419486	0.1175	14
positive	100GB	85%	FusionSeeker	346	56	400	0.8606965174129353	0.13930348258706468	0.14	0.1396508728179551	0.14	14
positive	100GB	85%	GFSeeker	57	10	400	0.8507462686567164	0.14925373134328357	0.025	0.04282655246252677	0.025	14
positive	100GB	85%	Genion	92	41	400	0.6917293233082706	0.3082706766917293	0.1025	0.15384615384615383	0.1025	14
positive	100GB	85%	JAFFAL	38	24	400	0.6129032258064516	0.3870967741935484	0.06	0.10389610389610389	0.06	14
positive	100GB	85%	LongGF	44	8	400	0.8461538461538461	0.15384615384615385	0.02	0.03539823008849558	0.02	14
positive	100GB	90%	CTAT-LR-Fusion	86	75	400	0.5341614906832298	0.4658385093167702	0.1875	0.267379679144385	0.1875	14
positive	100GB	90%	FusionSeeker	397	68	400	0.853763440860215	0.14623655913978495	0.17	0.15722543352601157	0.17	14
positive	100GB	90%	GFSeeker	85	26	400	0.7657657657657657	0.23423423423423423	0.065	0.10176125244618396	0.065	14
positive	100GB	90%	Genion	122	50	400	0.7093023255813954	0.29069767441860467	0.125	0.17482517482517482	0.125	14
positive	100GB	90%	JAFFAL	69	50	400	0.5798319327731093	0.42016806722689076	0.125	0.19267822736030826	0.125	14
positive	100GB	90%	LongGF	59	9	400	0.8676470588235294	0.1323529411764706	0.0225	0.038461538461538464	0.0225	14
positive	100GB	95%	CTAT-LR-Fusion	115	102	400	0.5299539170506913	0.4700460829493088	0.255	0.33063209076175043	0.255	14
positive	100GB	95%	FusionSeeker	411	71	400	0.8526970954356846	0.14730290456431536	0.1775	0.16099773242630383	0.1775	14
positive	100GB	95%	GFSeeker	108	35	400	0.7552447552447552	0.24475524475524477	0.0875	0.1289134438305709	0.0875	14
positive	100GB	95%	Genion	135	59	400	0.6958762886597938	0.30412371134020616	0.1475	0.19865319865319864	0.1475	14
positive	100GB	95%	JAFFAL	96	67	400	0.588957055214724	0.4110429447852761	0.1675	0.2380106571936057	0.1675	14
positive	100GB	95%	LongGF	65	11	400	0.8552631578947368	0.14473684210526316	0.0275	0.04621848739495798	0.0275	14
positive	10GB	85%	CTAT-LR-Fusion	1	0	397	1	0	0	NA	0	14
positive	10GB	85%	FusionSeeker	14	0	397	1	0	0	NA	0	14
positive	10GB	85%	GFSeeker	1	0	397	1	0	0	NA	0	14
positive	10GB	85%	Genion	3	0	397	1	0	0	NA	0	14
positive	10GB	90%	CTAT-LR-Fusion	1	0	400	1	0	0	NA	0	14
positive	10GB	90%	FusionSeeker	17	0	400	1	0	0	NA	0	14
positive	10GB	90%	GFSeeker	1	0	400	1	0	0	NA	0	14
positive	10GB	90%	Genion	1	0	400	1	0	0	NA	0	14
positive	10GB	95%	FusionSeeker	24	4	400	0.8571428571428571	0.14285714285714285	0.01	0.018691588785046728	0.01	14
positive	1GB	90%	FusionSeeker	1	0	202	1	0	0	NA	0	14
positive	1GB	95%	FusionSeeker	1	0	208	1	0	0	NA	0	14
positive	100GB	85%	CTAT-LR-Fusion	61	49	400	0.5545454545454546	0.44545454545454544	0.1225	0.19215686274509805	0.1225	13
positive	100GB	85%	FusionSeeker	355	56	400	0.8637469586374696	0.1362530413625304	0.14	0.13810110974106043	0.14	13
positive	100GB	85%	GFSeeker	64	10	400	0.8648648648648649	0.13513513513513514	0.025	0.042194092827004225	0.025	13
positive	100GB	85%	Genion	98	41	400	0.7050359712230215	0.2949640287769784	0.1025	0.15213358070500926	0.1025	13
positive	100GB	85%	JAFFAL	41	27	400	0.6029411764705882	0.39705882352941174	0.0675	0.11538461538461539	0.0675	13
positive	100GB	85%	LongGF	45	8	400	0.8490566037735849	0.1509433962264151	0.02	0.03532008830022075	0.02	13
positive	100GB	90%	CTAT-LR-Fusion	91	80	400	0.5321637426900585	0.4678362573099415	0.2	0.28021015761821366	0.2	13
positive	100GB	90%	FusionSeeker	401	69	400	0.8531914893617021	0.14680851063829786	0.1725	0.1586206896551724	0.1725	13
positive	100GB	90%	GFSeeker	93	27	400	0.775	0.225	0.0675	0.10384615384615387	0.0675	13
positive	100GB	90%	Genion	128	50	400	0.7191011235955056	0.2808988764044944	0.125	0.17301038062283738	0.125	13
positive	100GB	90%	JAFFAL	74	52	400	0.5873015873015873	0.4126984126984127	0.13	0.19771863117870722	0.13	13
positive	100GB	90%	LongGF	60	9	400	0.8695652173913043	0.13043478260869565	0.0225	0.03837953091684435	0.0225	13
positive	100GB	95%	CTAT-LR-Fusion	119	106	400	0.5288888888888889	0.4711111111111111	0.265	0.3392	0.265	13
positive	100GB	95%	FusionSeeker	419	72	400	0.8533604887983707	0.14663951120162932	0.18	0.1616161616161616	0.18	13
positive	100GB	95%	GFSeeker	114	35	400	0.7651006711409396	0.2348993288590604	0.0875	0.12750455373406192	0.0875	13
positive	100GB	95%	Genion	138	59	400	0.700507614213198	0.29949238578680204	0.1475	0.19765494137353434	0.1475	13
positive	100GB	95%	JAFFAL	97	67	400	0.5914634146341463	0.40853658536585363	0.1675	0.2375886524822695	0.1675	13
positive	100GB	95%	LongGF	65	11	400	0.8552631578947368	0.14473684210526316	0.0275	0.04621848739495798	0.0275	13
positive	10GB	85%	CTAT-LR-Fusion	1	0	397	1	0	0	NA	0	13
positive	10GB	85%	FusionSeeker	15	0	397	1	0	0	NA	0	13
positive	10GB	85%	GFSeeker	1	0	397	1	0	0	NA	0	13
positive	10GB	85%	Genion	3	0	397	1	0	0	NA	0	13
positive	10GB	90%	CTAT-LR-Fusion	1	0	400	1	0	0	NA	0	13
positive	10GB	90%	FusionSeeker	19	1	400	0.95	0.05	0.0025	0.0047619047619047615	0.0025	13
positive	10GB	90%	GFSeeker	1	0	400	1	0	0	NA	0	13
positive	10GB	90%	Genion	1	0	400	1	0	0	NA	0	13
positive	10GB	95%	FusionSeeker	25	4	400	0.8620689655172413	0.13793103448275862	0.01	0.018648018648018648	0.01	13
positive	1GB	90%	FusionSeeker	1	0	202	1	0	0	NA	0	13
positive	1GB	95%	FusionSeeker	1	0	208	1	0	0	NA	0	13
positive	100GB	85%	CTAT-LR-Fusion	63	50	400	0.5575221238938053	0.4424778761061947	0.125	0.1949317738791423	0.125	12
positive	100GB	85%	FusionSeeker	367	57	400	0.8655660377358491	0.13443396226415094	0.1425	0.1383495145631068	0.1425	12
positive	100GB	85%	GFSeeker	70	12	400	0.8536585365853658	0.14634146341463414	0.03	0.04979253112033195	0.03	12
positive	100GB	85%	Genion	103	41	400	0.7152777777777778	0.2847222222222222	0.1025	0.15073529411764705	0.1025	12
positive	100GB	85%	JAFFAL	43	29	400	0.5972222222222222	0.4027777777777778	0.0725	0.12288135593220338	0.0725	12
positive	100GB	85%	LongGF	49	8	400	0.8596491228070176	0.14035087719298245	0.02	0.0350109409190372	0.02	12
positive	100GB	90%	CTAT-LR-Fusion	98	83	400	0.5414364640883977	0.4585635359116022	0.2075	0.2857142857142857	0.2075	12
positive	100GB	90%	FusionSeeker	413	69	400	0.8568464730290456	0.14315352697095435	0.1725	0.1564625850340136	0.1725	12
positive	100GB	90%	GFSeeker	97	28	400	0.776	0.224	0.07	0.10666666666666667	0.07	12
positive	100GB	90%	Genion	139	50	400	0.7354497354497355	0.26455026455026454	0.125	0.1697792869269949	0.125	12
positive	100GB	90%	JAFFAL	79	55	400	0.5895522388059702	0.41044776119402987	0.1375	0.2059925093632959	0.1375	12
positive	100GB	90%	LongGF	60	9	400	0.8695652173913043	0.13043478260869565	0.0225	0.03837953091684435	0.0225	12
positive	100GB	95%	CTAT-LR-Fusion	126	106	400	0.5431034482758621	0.45689655172413796	0.265	0.33544303797468356	0.265	12
positive	100GB	95%	FusionSeeker	426	74	400	0.852	0.148	0.185	0.16444444444444445	0.185	12
positive	100GB	95%	GFSeeker	121	36	400	0.7707006369426752	0.22929936305732485	0.09	0.12926391382405744	0.09	12
positive	100GB	95%	Genion	142	59	400	0.7064676616915423	0.2935323383084577	0.1475	0.19633943427620631	0.1475	12
positive	100GB	95%	JAFFAL	100	70	400	0.5882352941176471	0.4117647058823529	0.175	0.2456140350877193	0.175	12
positive	100GB	95%	LongGF	65	11	400	0.8552631578947368	0.14473684210526316	0.0275	0.04621848739495798	0.0275	12
positive	10GB	85%	CTAT-LR-Fusion	1	0	397	1	0	0	NA	0	12
positive	10GB	85%	FusionSeeker	17	0	397	1	0	0	NA	0	12
positive	10GB	85%	GFSeeker	1	0	397	1	0	0	NA	0	12
positive	10GB	85%	Genion	3	0	397	1	0	0	NA	0	12
positive	10GB	90%	CTAT-LR-Fusion	1	0	400	1	0	0	NA	0	12
positive	10GB	90%	FusionSeeker	24	1	400	0.96	0.04	0.0025	0.004705882352941176	0.0025	12
positive	10GB	90%	GFSeeker	1	0	400	1	0	0	NA	0	12
positive	10GB	90%	Genion	1	0	400	1	0	0	NA	0	12
positive	10GB	95%	FusionSeeker	30	6	400	0.8333333333333334	0.16666666666666666	0.015	0.027522935779816512	0.015	12
positive	1GB	90%	FusionSeeker	1	0	202	1	0	0	NA	0	12
positive	1GB	95%	FusionSeeker	1	0	208	1	0	0	NA	0	12
positive	100GB	85%	CTAT-LR-Fusion	72	54	400	0.5714285714285714	0.42857142857142855	0.135	0.2053231939163498	0.135	11
positive	100GB	85%	FusionSeeker	381	60	400	0.8639455782312925	0.1360544217687075	0.15	0.14268727705112963	0.15	11
positive	100GB	85%	GFSeeker	74	14	400	0.8409090909090909	0.1590909090909091	0.035	0.05737704918032787	0.035	11
positive	100GB	85%	Genion	109	42	400	0.7218543046357616	0.2781456953642384	0.105	0.15245009074410165	0.105	11
positive	100GB	85%	JAFFAL	46	32	400	0.5897435897435898	0.41025641025641024	0.08	0.13389121338912133	0.08	11
positive	100GB	85%	LongGF	50	8	400	0.8620689655172413	0.13793103448275862	0.02	0.03493449781659389	0.02	11
positive	100GB	90%	CTAT-LR-Fusion	109	87	400	0.5561224489795918	0.44387755102040816	0.2175	0.2919463087248322	0.2175	11
positive	100GB	90%	FusionSeeker	426	69	400	0.8606060606060606	0.1393939393939394	0.1725	0.15418994413407822	0.1725	11
positive	100GB	90%	GFSeeker	104	30	400	0.7761194029850746	0.22388059701492538	0.075	0.11235955056179775	0.075	11
positive	100GB	90%	Genion	145	50	400	0.7435897435897436	0.2564102564102564	0.125	0.1680672268907563	0.125	11
positive	100GB	90%	JAFFAL	81	56	400	0.5912408759124088	0.40875912408759124	0.14	0.2085661080074488	0.14	11
positive	100GB	90%	LongGF	62	9	400	0.8732394366197183	0.1267605633802817	0.0225	0.038216560509554146	0.0225	11
positive	100GB	95%	CTAT-LR-Fusion	134	113	400	0.5425101214574899	0.4574898785425101	0.2825	0.34930448222565685	0.2825	11
positive	100GB	95%	FusionSeeker	431	74	400	0.8534653465346534	0.14653465346534653	0.185	0.16353591160220995	0.185	11
positive	100GB	95%	GFSeeker	123	37	400	0.76875	0.23125	0.0925	0.13214285714285715	0.0925	11
positive	100GB	95%	Genion	152	59	400	0.7203791469194313	0.2796208530805687	0.1475	0.19312602291325698	0.1475	11
positive	100GB	95%	JAFFAL	104	75	400	0.5810055865921788	0.41899441340782123	0.1875	0.2590673575129534	0.1875	11
positive	100GB	95%	LongGF	66	11	400	0.8571428571428571	0.14285714285714285	0.0275	0.04612159329140461	0.0275	11
positive	10GB	85%	CTAT-LR-Fusion	1	0	397	1	0	0	NA	0	11
positive	10GB	85%	FusionSeeker	18	0	397	1	0	0	NA	0	11
positive	10GB	85%	GFSeeker	1	0	397	1	0	0	NA	0	11
positive	10GB	85%	Genion	3	0	397	1	0	0	NA	0	11
positive	10GB	90%	CTAT-LR-Fusion	1	0	400	1	0	0	NA	0	11
positive	10GB	90%	FusionSeeker	29	2	400	0.9354838709677419	0.06451612903225806	0.005	0.009280742459396751	0.005	11
positive	10GB	90%	GFSeeker	1	0	400	1	0	0	NA	0	11
positive	10GB	90%	Genion	2	0	400	1	0	0	NA	0	11
positive	10GB	95%	FusionSeeker	38	7	400	0.8444444444444444	0.15555555555555556	0.0175	0.03146067415730337	0.0175	11
positive	1GB	90%	FusionSeeker	1	0	202	1	0	0	NA	0	11
positive	1GB	95%	FusionSeeker	1	0	208	1	0	0	NA	0	11
positive	100GB	85%	CTAT-LR-Fusion	72	54	400	0.5714285714285714	0.42857142857142855	0.135	0.2053231939163498	0.135	10
positive	100GB	85%	FusionSeeker	400	60	400	0.8695652173913043	0.13043478260869565	0.15	0.13953488372093023	0.15	10
positive	100GB	85%	GFSeeker	88	14	400	0.8627450980392157	0.13725490196078433	0.035	0.055776892430278883	0.035	10
positive	100GB	85%	Genion	113	43	400	0.7243589743589743	0.27564102564102566	0.1075	0.15467625899280577	0.1075	10
positive	100GB	85%	JAFFAL	47	36	400	0.5662650602409639	0.43373493975903615	0.09	0.14906832298136646	0.09	10
positive	100GB	85%	LongGF	53	9	400	0.8548387096774194	0.14516129032258066	0.0225	0.03896103896103896	0.0225	10
positive	100GB	90%	CTAT-LR-Fusion	109	87	400	0.5561224489795918	0.44387755102040816	0.2175	0.2919463087248322	0.2175	10
positive	100GB	90%	FusionSeeker	442	71	400	0.8615984405458089	0.13840155945419103	0.1775	0.15553121577217963	0.1775	10
positive	100GB	90%	GFSeeker	110	32	400	0.7746478873239436	0.22535211267605634	0.08	0.11808118081180813	0.08	10
positive	100GB	90%	Genion	146	50	400	0.7448979591836735	0.25510204081632654	0.125	0.16778523489932887	0.125	10
positive	100GB	90%	JAFFAL	83	57	400	0.5928571428571429	0.40714285714285714	0.1425	0.2111111111111111	0.1425	10
positive	100GB	90%	LongGF	63	9	400	0.875	0.125	0.0225	0.038135593220338986	0.0225	10
positive	100GB	95%	CTAT-LR-Fusion	134	113	400	0.5425101214574899	0.4574898785425101	0.2825	0.34930448222565685	0.2825	10
positive	100GB	95%	FusionSeeker	440	75	400	0.8543689320388349	0.14563106796116504	0.1875	0.16393442622950818	0.1875	10
positive	100GB	95%	GFSeeker	129	38	400	0.7724550898203593	0.2275449101796407	0.095	0.13403880070546736	0.095	10
positive	100GB	95%	Genion	162	60	400	0.7297297297297297	0.2702702702702703	0.15	0.19292604501607716	0.15	10
positive	100GB	95%	JAFFAL	107	77	400	0.5815217391304348	0.41847826086956524	0.1925	0.2636986301369863	0.1925	10
positive	100GB	95%	LongGF	66	11	400	0.8571428571428571	0.14285714285714285	0.0275	0.04612159329140461	0.0275	10
positive	10GB	85%	CTAT-LR-Fusion	1	0	397	1	0	0	NA	0	10
positive	10GB	85%	FusionSeeker	22	0	397	1	0	0	NA	0	10
positive	10GB	85%	GFSeeker	1	0	397	1	0	0	NA	0	10
positive	10GB	85%	Genion	3	1	397	0.75	0.25	0.0025188916876574307	0.0049875311720698244	0.0025188916876574307	10
positive	10GB	90%	CTAT-LR-Fusion	1	0	400	1	0	0	NA	0	10
positive	10GB	90%	FusionSeeker	34	4	400	0.8947368421052632	0.10526315789473684	0.01	0.018264840182648404	0.01	10
positive	10GB	90%	GFSeeker	1	0	400	1	0	0	NA	0	10
positive	10GB	90%	Genion	2	0	400	1	0	0	NA	0	10
positive	10GB	95%	FusionSeeker	52	9	400	0.8524590163934426	0.14754098360655737	0.0225	0.039045553145336226	0.0225	10
positive	10GB	95%	JAFFAL	0	1	400	0	1	0.0025	0.004987531172069826	0.0025	10
positive	1GB	90%	FusionSeeker	1	0	202	1	0	0	NA	0	10
positive	1GB	95%	FusionSeeker	1	0	208	1	0	0	NA	0	10
positive	100GB	85%	CTAT-LR-Fusion	72	54	400	0.5714285714285714	0.42857142857142855	0.135	0.2053231939163498	0.135	9
positive	100GB	85%	FusionSeeker	415	60	400	0.8736842105263158	0.12631578947368421	0.15	0.13714285714285718	0.15	9
positive	100GB	85%	GFSeeker	96	14	400	0.8727272727272727	0.12727272727272726	0.035	0.054901960784313725	0.035	9
positive	100GB	85%	Genion	115	45	400	0.71875	0.28125	0.1125	0.1607142857142857	0.1125	9
positive	100GB	85%	JAFFAL	51	37	400	0.5795454545454546	0.42045454545454547	0.0925	0.15163934426229508	0.0925	9
positive	100GB	85%	LongGF	55	9	400	0.859375	0.140625	0.0225	0.03879310344827586	0.0225	9
positive	100GB	90%	CTAT-LR-Fusion	109	87	400	0.5561224489795918	0.44387755102040816	0.2175	0.2919463087248322	0.2175	9
positive	100GB	90%	FusionSeeker	449	72	400	0.8618042226487524	0.1381957773512476	0.18	0.1563517915309446	0.18	9
positive	100GB	90%	GFSeeker	113	32	400	0.7793103448275862	0.2206896551724138	0.08	0.11743119266055047	0.08	9
positive	100GB	90%	Genion	151	52	400	0.7438423645320197	0.2561576354679803	0.13	0.17247097844112771	0.13	9
positive	100GB	90%	JAFFAL	84	59	400	0.5874125874125874	0.4125874125874126	0.1475	0.21731123388581952	0.1475	9
positive	100GB	90%	LongGF	64	9	400	0.8767123287671232	0.1232876712328767	0.0225	0.03805496828752643	0.0225	9
positive	100GB	95%	CTAT-LR-Fusion	134	113	400	0.5425101214574899	0.4574898785425101	0.2825	0.34930448222565685	0.2825	9
positive	100GB	95%	FusionSeeker	452	77	400	0.8544423440453687	0.14555765595463138	0.1925	0.16576964477933262	0.1925	9
positive	100GB	95%	GFSeeker	135	38	400	0.7803468208092486	0.21965317919075145	0.095	0.13263525305410123	0.095	9
positive	100GB	95%	Genion	167	63	400	0.7260869565217392	0.27391304347826084	0.1575	0.2	0.1575	9
positive	100GB	95%	JAFFAL	115	81	400	0.5867346938775511	0.413265306122449	0.2025	0.27181208053691275	0.2025	9
positive	100GB	95%	LongGF	66	11	400	0.8571428571428571	0.14285714285714285	0.0275	0.04612159329140461	0.0275	9
positive	10GB	85%	CTAT-LR-Fusion	2	0	397	1	0	0	NA	0	9
positive	10GB	85%	FusionSeeker	24	2	397	0.9230769230769231	0.07692307692307693	0.005037783375314861	0.009456264775413711	0.005037783375314861	9
positive	10GB	85%	GFSeeker	1	0	397	1	0	0	NA	0	9
positive	10GB	85%	Genion	3	1	397	0.75	0.25	0.0025188916876574307	0.0049875311720698244	0.0025188916876574307	9
positive	10GB	90%	CTAT-LR-Fusion	1	0	400	1	0	0	NA	0	9
positive	10GB	90%	FusionSeeker	39	4	400	0.9069767441860465	0.09302325581395349	0.01	0.018058690744920995	0.01	9
positive	10GB	90%	GFSeeker	1	0	400	1	0	0	NA	0	9
positive	10GB	90%	Genion	2	1	400	0.6666666666666666	0.3333333333333333	0.0025	0.004962779156327543	0.0025	9
positive	10GB	95%	CTAT-LR-Fusion	0	2	400	0	1	0.005	0.009950248756218907	0.005	9
positive	10GB	95%	FusionSeeker	58	10	400	0.8529411764705882	0.14705882352941177	0.025	0.04273504273504274	0.025	9
positive	10GB	95%	JAFFAL	0	1	400	0	1	0.0025	0.004987531172069826	0.0025	9
positive	1GB	85%	FusionSeeker	1	0	187	1	0	0	NA	0	9
positive	1GB	90%	FusionSeeker	1	0	202	1	0	0	NA	0	9
positive	1GB	95%	FusionSeeker	1	0	208	1	0	0	NA	0	9
positive	100GB	85%	CTAT-LR-Fusion	72	54	400	0.5714285714285714	0.42857142857142855	0.135	0.2053231939163498	0.135	8
positive	100GB	85%	FusionSeeker	441	61	400	0.8784860557768924	0.12151394422310757	0.1525	0.1352549889135255	0.1525	8
positive	100GB	85%	GFSeeker	104	15	400	0.8739495798319328	0.12605042016806722	0.0375	0.057803468208092484	0.0375	8
positive	100GB	85%	Genion	124	45	400	0.7337278106508875	0.26627218934911245	0.1125	0.15817223198594027	0.1125	8
positive	100GB	85%	JAFFAL	56	43	400	0.5656565656565656	0.43434343434343436	0.1075	0.1723446893787575	0.1075	8
positive	100GB	85%	LongGF	58	9	400	0.8656716417910447	0.13432835820895522	0.0225	0.03854389721627409	0.0225	8
positive	100GB	90%	CTAT-LR-Fusion	109	87	400	0.5561224489795918	0.44387755102040816	0.2175	0.2919463087248322	0.2175	8
positive	100GB	90%	FusionSeeker	459	74	400	0.8611632270168855	0.13883677298311445	0.185	0.15862808145766347	0.185	8
positive	100GB	90%	GFSeeker	120	32	400	0.7894736842105263	0.21052631578947367	0.08	0.11594202898550725	0.08	8
positive	100GB	90%	Genion	158	55	400	0.7417840375586855	0.25821596244131456	0.1375	0.17944535073409465	0.1375	8
positive	100GB	90%	JAFFAL	90	60	400	0.6	0.4	0.15	0.21818181818181814	0.15	8
positive	100GB	90%	LongGF	68	9	400	0.8831168831168831	0.11688311688311688	0.0225	0.03773584905660377	0.0225	8
positive	100GB	95%	CTAT-LR-Fusion	134	113	400	0.5425101214574899	0.4574898785425101	0.2825	0.34930448222565685	0.2825	8
positive	100GB	95%	FusionSeeker	466	77	400	0.858195211786372	0.141804788213628	0.1925	0.16330858960763522	0.1925	8
positive	100GB	95%	GFSeeker	138	39	400	0.7796610169491526	0.22033898305084745	0.0975	0.13518197573656845	0.0975	8
positive	100GB	95%	Genion	173	63	400	0.7330508474576272	0.2669491525423729	0.1575	0.1981132075471698	0.1575	8
positive	100GB	95%	JAFFAL	117	85	400	0.5792079207920792	0.4207920792079208	0.2125	0.2823920265780731	0.2125	8
positive	100GB	95%	LongGF	68	11	400	0.8607594936708861	0.13924050632911392	0.0275	0.04592901878914405	0.0275	8
positive	10GB	85%	CTAT-LR-Fusion	3	0	397	1	0	0	NA	0	8
positive	10GB	85%	FusionSeeker	32	3	397	0.9142857142857143	0.08571428571428572	0.007556675062972292	0.013888888888888888	0.007556675062972292	8
positive	10GB	85%	GFSeeker	2	0	397	1	0	0	NA	0	8
positive	10GB	85%	Genion	4	1	397	0.8	0.2	0.0025188916876574307	0.004975124378109453	0.0025188916876574307	8
positive	10GB	90%	CTAT-LR-Fusion	2	1	400	0.6666666666666666	0.3333333333333333	0.0025	0.004962779156327543	0.0025	8
positive	10GB	90%	FusionSeeker	52	6	400	0.896551724137931	0.10344827586206896	0.015	0.026200873362445413	0.015	8
positive	10GB	90%	GFSeeker	1	0	400	1	0	0	NA	0	8
positive	10GB	90%	Genion	3	1	400	0.75	0.25	0.0025	0.0049504950495049506	0.0025	8
positive	10GB	95%	CTAT-LR-Fusion	2	3	400	0.4	0.6	0.0075	0.014814814814814815	0.0075	8
positive	10GB	95%	FusionSeeker	73	12	400	0.8588235294117647	0.1411764705882353	0.03	0.049484536082474224	0.03	8
positive	10GB	95%	Genion	1	2	400	0.3333333333333333	0.6666666666666666	0.005	0.009925558312655087	0.005	8
positive	10GB	95%	JAFFAL	0	3	400	0	1	0.0075	0.014888337468982629	0.0075	8
positive	10GB	95%	LongGF	0	1	400	0	1	0.0025	0.004987531172069826	0.0025	8
positive	1GB	85%	FusionSeeker	1	0	187	1	0	0	NA	0	8
positive	1GB	90%	FusionSeeker	3	0	202	1	0	0	NA	0	8
positive	1GB	95%	FusionSeeker	1	0	208	1	0	0	NA	0	8
positive	100GB	85%	CTAT-LR-Fusion	72	54	400	0.5714285714285714	0.42857142857142855	0.135	0.2053231939163498	0.135	7
positive	100GB	85%	FusionSeeker	467	62	400	0.8827977315689981	0.11720226843100189	0.155	0.13347685683530677	0.155	7
positive	100GB	85%	GFSeeker	111	17	400	0.8671875	0.1328125	0.0425	0.06439393939393939	0.0425	7
positive	100GB	85%	Genion	129	45	400	0.7413793103448276	0.25862068965517243	0.1125	0.15679442508710803	0.1125	7
positive	100GB	85%	JAFFAL	64	45	400	0.5871559633027523	0.41284403669724773	0.1125	0.17681728880157171	0.1125	7
positive	100GB	85%	LongGF	59	9	400	0.8676470588235294	0.1323529411764706	0.0225	0.038461538461538464	0.0225	7
positive	100GB	90%	CTAT-LR-Fusion	109	87	400	0.5561224489795918	0.44387755102040816	0.2175	0.2919463087248322	0.2175	7
positive	100GB	90%	FusionSeeker	464	74	400	0.862453531598513	0.137546468401487	0.185	0.15778251599147122	0.185	7
positive	100GB	90%	GFSeeker	133	34	400	0.7964071856287425	0.20359281437125748	0.085	0.1199294532627866	0.085	7
positive	100GB	90%	Genion	164	56	400	0.7454545454545455	0.2545454545454545	0.14	0.18064516129032257	0.14	7
positive	100GB	90%	JAFFAL	94	66	400	0.5875	0.4125	0.165	0.2357142857142857	0.165	7
positive	100GB	90%	LongGF	68	9	400	0.8831168831168831	0.11688311688311688	0.0225	0.03773584905660377	0.0225	7
positive	100GB	95%	CTAT-LR-Fusion	134	113	400	0.5425101214574899	0.4574898785425101	0.2825	0.34930448222565685	0.2825	7
positive	100GB	95%	FusionSeeker	471	77	400	0.8594890510948905	0.14051094890510948	0.1925	0.16244725738396623	0.1925	7
positive	100GB	95%	GFSeeker	146	39	400	0.7891891891891892	0.21081081081081082	0.0975	0.13333333333333333	0.0975	7
positive	100GB	95%	Genion	173	64	400	0.729957805907173	0.270042194092827	0.16	0.20094191522762953	0.16	7
positive	100GB	95%	JAFFAL	118	85	400	0.5812807881773399	0.4187192118226601	0.2125	0.28192371475953565	0.2125	7
positive	100GB	95%	LongGF	68	11	400	0.8607594936708861	0.13924050632911392	0.0275	0.04592901878914405	0.0275	7
positive	10GB	85%	CTAT-LR-Fusion	3	0	397	1	0	0	NA	0	7
positive	10GB	85%	FusionSeeker	38	3	397	0.926829268292683	0.07317073170731707	0.007556675062972292	0.013698630136986302	0.007556675062972292	7
positive	10GB	85%	GFSeeker	4	0	397	1	0	0	NA	0	7
positive	10GB	85%	Genion	5	1	397	0.8333333333333334	0.16666666666666666	0.0025188916876574307	0.004962779156327543	0.0025188916876574307	7
positive	10GB	90%	CTAT-LR-Fusion	3	1	400	0.75	0.25	0.0025	0.0049504950495049506	0.0025	7
positive	10GB	90%	FusionSeeker	59	9	400	0.8676470588235294	0.1323529411764706	0.0225	0.038461538461538464	0.0225	7
positive	10GB	90%	GFSeeker	3	1	400	0.75	0.25	0.0025	0.0049504950495049506	0.0025	7
positive	10GB	90%	Genion	4	1	400	0.8	0.2	0.0025	0.0049382716049382715	0.0025	7
positive	10GB	90%	JAFFAL	0	1	400	0	1	0.0025	0.004987531172069826	0.0025	7
positive	10GB	95%	CTAT-LR-Fusion	5	5	400	0.5	0.5	0.0125	0.02439024390243903	0.0125	7
positive	10GB	95%	FusionSeeker	86	15	400	0.8514851485148515	0.1485148514851485	0.0375	0.059880239520958084	0.0375	7
positive	10GB	95%	GFSeeker	2	2	400	0.5	0.5	0.005	0.009900990099009901	0.005	7
positive	10GB	95%	Genion	2	2	400	0.5	0.5	0.005	0.009900990099009901	0.005	7
positive	10GB	95%	JAFFAL	4	3	400	0.5714285714285714	0.42857142857142855	0.0075	0.01474201474201474	0.0075	7
positive	10GB	95%	LongGF	1	1	400	0.5	0.5	0.0025	0.0049751243781094535	0.0025	7
positive	1GB	85%	FusionSeeker	1	0	187	1	0	0	NA	0	7
positive	1GB	90%	FusionSeeker	3	0	202	1	0	0	NA	0	7
positive	1GB	95%	FusionSeeker	1	0	208	1	0	0	NA	0	7
positive	100GB	85%	CTAT-LR-Fusion	72	54	400	0.5714285714285714	0.42857142857142855	0.135	0.2053231939163498	0.135	6
positive	100GB	85%	FusionSeeker	500	63	400	0.8880994671403197	0.11190053285968028	0.1575	0.1308411214953271	0.1575	6
positive	100GB	85%	GFSeeker	121	18	400	0.8705035971223022	0.12949640287769784	0.045	0.06679035250463822	0.045	6
positive	100GB	85%	Genion	136	46	400	0.7472527472527473	0.25274725274725274	0.115	0.15807560137457044	0.115	6
positive	100GB	85%	JAFFAL	68	46	400	0.5964912280701754	0.40350877192982454	0.115	0.178988326848249	0.115	6
positive	100GB	85%	LongGF	61	9	400	0.8714285714285714	0.12857142857142856	0.0225	0.03829787234042553	0.0225	6
positive	100GB	90%	CTAT-LR-Fusion	109	87	400	0.5561224489795918	0.44387755102040816	0.2175	0.2919463087248322	0.2175	6
positive	100GB	90%	FusionSeeker	483	75	400	0.8655913978494624	0.13440860215053763	0.1875	0.15657620041753653	0.1875	6
positive	100GB	90%	GFSeeker	147	34	400	0.8121546961325967	0.1878453038674033	0.085	0.11703958691910499	0.085	6
positive	100GB	90%	Genion	173	58	400	0.7489177489177489	0.2510822510822511	0.145	0.1838351822503962	0.145	6
positive	100GB	90%	JAFFAL	98	68	400	0.5903614457831325	0.40963855421686746	0.17	0.2402826855123675	0.17	6
positive	100GB	90%	LongGF	70	11	400	0.8641975308641975	0.13580246913580246	0.0275	0.04573804573804574	0.0275	6
positive	100GB	95%	CTAT-LR-Fusion	134	113	400	0.5425101214574899	0.4574898785425101	0.2825	0.34930448222565685	0.2825	6
positive	100GB	95%	FusionSeeker	483	77	400	0.8625	0.1375	0.1925	0.16041666666666668	0.1925	6
positive	100GB	95%	GFSeeker	163	39	400	0.806930693069307	0.19306930693069307	0.0975	0.12956810631229237	0.0975	6
positive	100GB	95%	Genion	180	64	400	0.7377049180327869	0.26229508196721313	0.16	0.1987577639751553	0.16	6
positive	100GB	95%	JAFFAL	123	89	400	0.5801886792452831	0.419811320754717	0.2225	0.2908496732026144	0.2225	6
positive	100GB	95%	LongGF	71	11	400	0.8658536585365854	0.13414634146341464	0.0275	0.04564315352697096	0.0275	6
positive	10GB	85%	CTAT-LR-Fusion	5	1	397	0.8333333333333334	0.16666666666666666	0.0025188916876574307	0.004962779156327543	0.0025188916876574307	6
positive	10GB	85%	FusionSeeker	55	5	397	0.9166666666666666	0.08333333333333333	0.012594458438287154	0.02188183807439825	0.012594458438287154	6
positive	10GB	85%	GFSeeker	7	0	397	1	0	0	NA	0	6
positive	10GB	85%	Genion	5	1	397	0.8333333333333334	0.16666666666666666	0.0025188916876574307	0.004962779156327543	0.0025188916876574307	6
positive	10GB	85%	JAFFAL	1	1	397	0.5	0.5	0.0025188916876574307	0.005012531328320803	0.0025188916876574307	6
positive	10GB	85%	LongGF	1	0	397	1	0	0	NA	0	6
positive	10GB	90%	CTAT-LR-Fusion	4	7	400	0.36363636363636365	0.6363636363636364	0.0175	0.03406326034063261	0.0175	6
positive	10GB	90%	FusionSeeker	90	15	400	0.8571428571428571	0.14285714285714285	0.0375	0.059405940594059396	0.0375	6
positive	10GB	90%	GFSeeker	5	4	400	0.5555555555555556	0.4444444444444444	0.01	0.019559902200488997	0.01	6
positive	10GB	90%	Genion	5	1	400	0.8333333333333334	0.16666666666666666	0.0025	0.0049261083743842365	0.0025	6
positive	10GB	90%	JAFFAL	5	4	400	0.5555555555555556	0.4444444444444444	0.01	0.019559902200488997	0.01	6
positive	10GB	90%	LongGF	2	0	400	1	0	0	NA	0	6
positive	10GB	95%	CTAT-LR-Fusion	10	8	400	0.5555555555555556	0.4444444444444444	0.02	0.03827751196172249	0.02	6
positive	10GB	95%	FusionSeeker	114	20	400	0.8507462686567164	0.14925373134328357	0.05	0.0749063670411985	0.05	6
positive	10GB	95%	GFSeeker	6	3	400	0.6666666666666666	0.3333333333333333	0.0075	0.014669926650366746	0.0075	6
positive	10GB	95%	Genion	3	2	400	0.6	0.4	0.005	0.009876543209876543	0.005	6
positive	10GB	95%	JAFFAL	8	6	400	0.5714285714285714	0.42857142857142855	0.015	0.02898550724637681	0.015	6
positive	10GB	95%	LongGF	2	1	400	0.6666666666666666	0.3333333333333333	0.0025	0.004962779156327543	0.0025	6
positive	1GB	85%	FusionSeeker	1	0	187	1	0	0	NA	0	6
positive	1GB	90%	FusionSeeker	3	0	202	1	0	0	NA	0	6
positive	1GB	95%	FusionSeeker	2	0	208	1	0	0	NA	0	6
positive	100GB	85%	CTAT-LR-Fusion	72	54	400	0.5714285714285714	0.42857142857142855	0.135	0.2053231939163498	0.135	5
positive	100GB	85%	FusionSeeker	534	65	400	0.8914858096828047	0.10851419031719532	0.1625	0.13013013013013014	0.1625	5
positive	100GB	85%	GFSeeker	136	20	400	0.8717948717948718	0.1282051282051282	0.05	0.07194244604316548	0.05	5
positive	100GB	85%	Genion	143	46	400	0.7566137566137566	0.24338624338624337	0.115	0.15619694397283532	0.115	5
positive	100GB	85%	JAFFAL	75	48	400	0.6097560975609756	0.3902439024390244	0.12	0.1835564053537285	0.12	5
positive	100GB	85%	LongGF	62	9	400	0.8732394366197183	0.1267605633802817	0.0225	0.038216560509554146	0.0225	5
positive	100GB	90%	CTAT-LR-Fusion	109	87	400	0.5561224489795918	0.44387755102040816	0.2175	0.2919463087248322	0.2175	5
positive	100GB	90%	FusionSeeker	506	75	400	0.8709122203098106	0.12908777969018934	0.1875	0.1529051987767584	0.1875	5
positive	100GB	90%	GFSeeker	169	34	400	0.8325123152709359	0.16748768472906403	0.085	0.11276948590381428	0.085	5
positive	100GB	90%	Genion	181	58	400	0.7573221757322176	0.24267782426778242	0.145	0.1815336463223787	0.145	5
positive	100GB	90%	JAFFAL	101	70	400	0.5906432748538012	0.4093567251461988	0.175	0.24518388791593698	0.175	5
positive	100GB	90%	LongGF	74	11	400	0.8705882352941177	0.12941176470588237	0.0275	0.04536082474226804	0.0275	5
positive	100GB	95%	CTAT-LR-Fusion	134	113	400	0.5425101214574899	0.4574898785425101	0.2825	0.34930448222565685	0.2825	5
positive	100GB	95%	FusionSeeker	490	77	400	0.8641975308641975	0.13580246913580246	0.1925	0.1592554291623578	0.1925	5
positive	100GB	95%	GFSeeker	190	39	400	0.8296943231441049	0.1703056768558952	0.0975	0.12400635930047696	0.0975	5
positive	100GB	95%	Genion	185	65	400	0.74	0.26	0.1625	0.2	0.1625	5
positive	100GB	95%	JAFFAL	129	89	400	0.591743119266055	0.40825688073394495	0.2225	0.2880258899676375	0.2225	5
positive	100GB	95%	LongGF	74	11	400	0.8705882352941177	0.12941176470588237	0.0275	0.04536082474226804	0.0275	5
positive	10GB	85%	CTAT-LR-Fusion	7	3	397	0.7	0.3	0.007556675062972292	0.01474201474201474	0.007556675062972292	5
positive	10GB	85%	FusionSeeker	72	6	397	0.9230769230769231	0.07692307692307693	0.015113350125944584	0.025263157894736845	0.015113350125944584	5
positive	10GB	85%	GFSeeker	8	1	397	0.8888888888888888	0.1111111111111111	0.0025188916876574307	0.0049261083743842365	0.0025188916876574307	5
positive	10GB	85%	Genion	5	1	397	0.8333333333333334	0.16666666666666666	0.0025188916876574307	0.004962779156327543	0.0025188916876574307	5
positive	10GB	85%	JAFFAL	1	1	397	0.5	0.5	0.0025188916876574307	0.005012531328320803	0.0025188916876574307	5
positive	10GB	85%	LongGF	3	0	397	1	0	0	NA	0	5
positive	10GB	90%	CTAT-LR-Fusion	9	12	400	0.42857142857142855	0.5714285714285714	0.03	0.05700712589073633	0.03	5
positive	10GB	90%	FusionSeeker	111	23	400	0.8283582089552238	0.17164179104477612	0.0575	0.08614232209737828	0.0575	5
positive	10GB	90%	GFSeeker	11	8	400	0.5789473684210527	0.42105263157894735	0.02	0.03818615751789976	0.02	5
positive	10GB	90%	Genion	7	3	400	0.7	0.3	0.0075	0.014634146341463414	0.0075	5
positive	10GB	90%	JAFFAL	6	8	400	0.42857142857142855	0.5714285714285714	0.02	0.03864734299516908	0.02	5
positive	10GB	90%	LongGF	5	1	400	0.8333333333333334	0.16666666666666666	0.0025	0.0049261083743842365	0.0025	5
positive	10GB	95%	CTAT-LR-Fusion	23	18	400	0.5609756097560976	0.43902439024390244	0.045	0.0816326530612245	0.045	5
positive	10GB	95%	FusionSeeker	154	26	400	0.8555555555555555	0.14444444444444443	0.065	0.0896551724137931	0.065	5
positive	10GB	95%	GFSeeker	16	4	400	0.8	0.2	0.01	0.019047619047619046	0.01	5
positive	10GB	95%	Genion	5	4	400	0.5555555555555556	0.4444444444444444	0.01	0.019559902200488997	0.01	5
positive	10GB	95%	JAFFAL	18	11	400	0.6206896551724138	0.3793103448275862	0.0275	0.05128205128205128	0.0275	5
positive	10GB	95%	LongGF	8	2	400	0.8	0.2	0.005	0.00975609756097561	0.005	5
positive	1GB	85%	CTAT-LR-Fusion	1	0	187	1	0	0	NA	0	5
positive	1GB	85%	FusionSeeker	1	0	187	1	0	0	NA	0	5
positive	1GB	90%	FusionSeeker	3	0	202	1	0	0	NA	0	5
positive	1GB	95%	FusionSeeker	3	0	208	1	0	0	NA	0	5
positive	100GB	85%	CTAT-LR-Fusion	72	54	400	0.5714285714285714	0.42857142857142855	0.135	0.2053231939163498	0.135	4
positive	100GB	85%	FusionSeeker	597	67	400	0.8990963855421686	0.10090361445783133	0.1675	0.12593984962406016	0.1675	4
positive	100GB	85%	GFSeeker	162	22	400	0.8804347826086957	0.11956521739130435	0.055	0.07534246575342467	0.055	4
positive	100GB	85%	Genion	155	46	400	0.7711442786069652	0.22885572139303484	0.115	0.15307820299500835	0.115	4
positive	100GB	85%	JAFFAL	84	56	400	0.6	0.4	0.14	0.20740740740740743	0.14	4
positive	100GB	85%	LongGF	66	9	400	0.88	0.12	0.0225	0.037894736842105266	0.0225	4
positive	100GB	90%	CTAT-LR-Fusion	109	87	400	0.5561224489795918	0.44387755102040816	0.2175	0.2919463087248322	0.2175	4
positive	100GB	90%	FusionSeeker	553	76	400	0.8791732909379968	0.12082670906200318	0.19	0.14771622934888243	0.19	4
positive	100GB	90%	GFSeeker	213	35	400	0.8588709677419355	0.14112903225806453	0.0875	0.1080246913580247	0.0875	4
positive	100GB	90%	Genion	186	58	400	0.7622950819672131	0.23770491803278687	0.145	0.18012422360248445	0.145	4
positive	100GB	90%	JAFFAL	110	71	400	0.6077348066298343	0.39226519337016574	0.1775	0.24440619621342513	0.1775	4
positive	100GB	90%	LongGF	75	11	400	0.872093023255814	0.12790697674418605	0.0275	0.04526748971193416	0.0275	4
positive	100GB	95%	CTAT-LR-Fusion	134	113	400	0.5425101214574899	0.4574898785425101	0.2825	0.34930448222565685	0.2825	4
positive	100GB	95%	FusionSeeker	518	80	400	0.8662207357859532	0.13377926421404682	0.2	0.16032064128256515	0.2	4
positive	100GB	95%	GFSeeker	231	39	400	0.8555555555555555	0.14444444444444443	0.0975	0.1164179104477612	0.0975	4
positive	100GB	95%	Genion	185	65	400	0.74	0.26	0.1625	0.2	0.1625	4
positive	100GB	95%	JAFFAL	134	92	400	0.5929203539823009	0.40707964601769914	0.23	0.2939297124600639	0.23	4
positive	100GB	95%	LongGF	75	11	400	0.872093023255814	0.12790697674418605	0.0275	0.04526748971193416	0.0275	4
positive	10GB	85%	CTAT-LR-Fusion	10	6	397	0.625	0.375	0.015113350125944584	0.029055690072639227	0.015113350125944584	4
positive	10GB	85%	FusionSeeker	105	15	397	0.875	0.125	0.037783375314861464	0.058027079303675046	0.037783375314861464	4
positive	10GB	85%	GFSeeker	12	3	397	0.8	0.2	0.007556675062972292	0.014563106796116505	0.007556675062972292	4
positive	10GB	85%	Genion	6	1	397	0.8571428571428571	0.14285714285714285	0.0025188916876574307	0.0049504950495049506	0.0025188916876574307	4
positive	10GB	85%	JAFFAL	6	5	397	0.5454545454545454	0.45454545454545453	0.012594458438287154	0.024509803921568627	0.012594458438287154	4
positive	10GB	85%	LongGF	8	1	397	0.8888888888888888	0.1111111111111111	0.0025188916876574307	0.0049261083743842365	0.0025188916876574307	4
positive	10GB	90%	CTAT-LR-Fusion	16	25	400	0.3902439024390244	0.6097560975609756	0.0625	0.11337868480725624	0.0625	4
positive	10GB	90%	FusionSeeker	150	34	400	0.8152173913043478	0.18478260869565216	0.085	0.11643835616438356	0.085	4
positive	10GB	90%	GFSeeker	20	13	400	0.6060606060606061	0.3939393939393939	0.0325	0.06004618937644342	0.0325	4
positive	10GB	90%	Genion	8	3	400	0.7272727272727273	0.2727272727272727	0.0075	0.014598540145985401	0.0075	4
positive	10GB	90%	JAFFAL	14	13	400	0.5185185185185185	0.48148148148148145	0.0325	0.06088992974238876	0.0325	4
positive	10GB	90%	LongGF	18	1	400	0.9473684210526315	0.05263157894736842	0.0025	0.00477326968973747	0.0025	4
positive	10GB	95%	CTAT-LR-Fusion	45	34	400	0.569620253164557	0.43037974683544306	0.085	0.1419624217118998	0.085	4
positive	10GB	95%	FusionSeeker	201	41	400	0.8305785123966942	0.16942148760330578	0.1025	0.1277258566978193	0.1025	4
positive	10GB	95%	GFSeeker	40	11	400	0.7843137254901961	0.21568627450980393	0.0275	0.04878048780487805	0.0275	4
positive	10GB	95%	Genion	5	4	400	0.5555555555555556	0.4444444444444444	0.01	0.019559902200488997	0.01	4
positive	10GB	95%	JAFFAL	30	25	400	0.5454545454545454	0.45454545454545453	0.0625	0.10989010989010987	0.0625	4
positive	10GB	95%	LongGF	21	4	400	0.84	0.16	0.01	0.018823529411764704	0.01	4
positive	1GB	85%	CTAT-LR-Fusion	1	0	187	1	0	0	NA	0	4
positive	1GB	85%	FusionSeeker	2	0	187	1	0	0	NA	0	4
positive	1GB	90%	FusionSeeker	7	0	202	1	0	0	NA	0	4
positive	1GB	95%	FusionSeeker	7	1	208	0.875	0.125	0.004807692307692308	0.009259259259259259	0.004807692307692308	4
positive	100GB	85%	CTAT-LR-Fusion	72	54	400	0.5714285714285714	0.42857142857142855	0.135	0.2053231939163498	0.135	3
positive	100GB	85%	FusionSeeker	671	70	400	0.9055330634278003	0.09446693657219973	0.175	0.12269938650306748	0.175	3
positive	100GB	85%	GFSeeker	234	24	400	0.9069767441860465	0.09302325581395349	0.06	0.0729483282674772	0.06	3
positive	100GB	85%	Genion	160	46	400	0.7766990291262136	0.22330097087378642	0.115	0.15181518151815182	0.115	3
positive	100GB	85%	JAFFAL	96	61	400	0.6114649681528662	0.3885350318471338	0.1525	0.2190305206463196	0.1525	3
positive	100GB	85%	LongGF	70	10	400	0.875	0.125	0.025	0.04166666666666667	0.025	3
positive	100GB	90%	CTAT-LR-Fusion	109	87	400	0.5561224489795918	0.44387755102040816	0.2175	0.2919463087248322	0.2175	3
positive	100GB	90%	FusionSeeker	589	76	400	0.8857142857142857	0.11428571428571428	0.19	0.14272300469483568	0.19	3
positive	100GB	90%	GFSeeker	313	36	400	0.8968481375358166	0.10315186246418338	0.09	0.09612817089452604	0.09	3
positive	100GB	90%	Genion	197	58	400	0.7725490196078432	0.22745098039215686	0.145	0.17709923664122137	0.145	3
positive	100GB	90%	JAFFAL	125	79	400	0.6127450980392157	0.3872549019607843	0.1975	0.26158940397351	0.1975	3
positive	100GB	90%	LongGF	80	11	400	0.8791208791208791	0.12087912087912088	0.0275	0.04480651731160896	0.0275	3
positive	100GB	95%	CTAT-LR-Fusion	134	113	400	0.5425101214574899	0.4574898785425101	0.2825	0.34930448222565685	0.2825	3
positive	100GB	95%	FusionSeeker	545	80	400	0.872	0.128	0.2	0.15609756097560976	0.2	3
positive	100GB	95%	GFSeeker	325	41	400	0.8879781420765027	0.11202185792349727	0.1025	0.10704960835509138	0.1025	3
positive	100GB	95%	Genion	190	66	400	0.7421875	0.2578125	0.165	0.20121951219512194	0.165	3
positive	100GB	95%	JAFFAL	142	93	400	0.6042553191489362	0.39574468085106385	0.2325	0.2929133858267716	0.2325	3
positive	100GB	95%	LongGF	79	11	400	0.8777777777777778	0.12222222222222222	0.0275	0.044897959183673466	0.0275	3
positive	10GB	85%	CTAT-LR-Fusion	18	15	397	0.5454545454545454	0.45454545454545453	0.037783375314861464	0.06976744186046512	0.037783375314861464	3
positive	10GB	85%	FusionSeeker	144	19	397	0.8834355828220859	0.1165644171779141	0.047858942065491183	0.06785714285714287	0.047858942065491183	3
positive	10GB	85%	GFSeeker	26	8	397	0.7647058823529411	0.23529411764705882	0.020151133501259445	0.037122969837587	0.020151133501259445	3
positive	10GB	85%	Genion	7	2	397	0.7777777777777778	0.2222222222222222	0.005037783375314861	0.009852216748768473	0.005037783375314861	3
positive	10GB	85%	JAFFAL	12	11	397	0.5217391304347826	0.4782608695652174	0.027707808564231738	0.05238095238095238	0.027707808564231738	3
positive	10GB	85%	LongGF	16	2	397	0.8888888888888888	0.1111111111111111	0.005037783375314861	0.009638554216867469	0.005037783375314861	3
positive	10GB	90%	CTAT-LR-Fusion	35	41	400	0.4605263157894737	0.5394736842105263	0.1025	0.1722689075630252	0.1025	3
positive	10GB	90%	FusionSeeker	212	40	400	0.8412698412698413	0.15873015873015872	0.1	0.1226993865030675	0.1	3
positive	10GB	90%	GFSeeker	36	21	400	0.631578947368421	0.3684210526315789	0.0525	0.09190371991247265	0.0525	3
positive	10GB	90%	Genion	8	3	400	0.7272727272727273	0.2727272727272727	0.0075	0.014598540145985401	0.0075	3
positive	10GB	90%	JAFFAL	32	24	400	0.5714285714285714	0.42857142857142855	0.06	0.10526315789473684	0.06	3
positive	10GB	90%	LongGF	32	4	400	0.8888888888888888	0.1111111111111111	0.01	0.01834862385321101	0.01	3
positive	10GB	95%	CTAT-LR-Fusion	67	51	400	0.5677966101694916	0.4322033898305085	0.1275	0.19691119691119693	0.1275	3
positive	10GB	95%	FusionSeeker	256	53	400	0.8284789644012945	0.1715210355987055	0.1325	0.14950634696755993	0.1325	3
positive	10GB	95%	GFSeeker	63	19	400	0.7682926829268293	0.23170731707317074	0.0475	0.07883817427385892	0.0475	3
positive	10GB	95%	Genion	6	4	400	0.6	0.4	0.01	0.01951219512195122	0.01	3
positive	10GB	95%	JAFFAL	57	40	400	0.5876288659793815	0.41237113402061853	0.1	0.16096579476861167	0.1	3
positive	10GB	95%	LongGF	34	6	400	0.85	0.15	0.015	0.027272727272727275	0.015	3
positive	1GB	85%	CTAT-LR-Fusion	1	0	187	1	0	0	NA	0	3
positive	1GB	85%	FusionSeeker	2	0	187	1	0	0	NA	0	3
positive	1GB	85%	Genion	1	0	187	1	0	0	NA	0	3
positive	1GB	90%	FusionSeeker	7	0	202	1	0	0	NA	0	3
positive	1GB	95%	CTAT-LR-Fusion	0	2	208	0	1	0.009615384615384616	0.01904761904761905	0.009615384615384616	3
positive	1GB	95%	FusionSeeker	11	1	208	0.9166666666666666	0.08333333333333333	0.004807692307692308	0.009090909090909092	0.004807692307692308	3
positive	1GB	95%	JAFFAL	0	1	208	0	1	0.004807692307692308	0.009569377990430623	0.004807692307692308	3
positive	100GB	85%	CTAT-LR-Fusion	72	54	400	0.5714285714285714	0.42857142857142855	0.135	0.2053231939163498	0.135	2
positive	100GB	85%	FusionSeeker	942	71	400	0.9299111549851925	0.0700888450148075	0.1775	0.10049539985845718	0.1775	2
positive	100GB	85%	GFSeeker	514	27	400	0.9500924214417745	0.04990757855822551	0.0675	0.057385759829968123	0.0675	2
positive	100GB	85%	Genion	196	46	400	0.8099173553719008	0.19008264462809918	0.115	0.14330218068535827	0.115	2
positive	100GB	85%	JAFFAL	112	70	400	0.6153846153846154	0.38461538461538464	0.175	0.24054982817869414	0.175	2
positive	100GB	85%	LongGF	88	10	400	0.8979591836734694	0.10204081632653061	0.025	0.04016064257028113	0.025	2
positive	100GB	90%	CTAT-LR-Fusion	109	87	400	0.5561224489795918	0.44387755102040816	0.2175	0.2919463087248322	0.2175	2
positive	100GB	90%	FusionSeeker	822	76	400	0.9153674832962138	0.08463251670378619	0.19	0.11710323574730354	0.19	2
positive	100GB	90%	GFSeeker	749	38	400	0.951715374841169	0.048284625158831	0.095	0.06402695871946082	0.095	2
positive	100GB	90%	Genion	225	58	400	0.7950530035335689	0.2049469964664311	0.145	0.16983894582723277	0.145	2
positive	100GB	90%	JAFFAL	168	82	400	0.672	0.328	0.205	0.2523076923076923	0.205	2
positive	100GB	90%	LongGF	100	11	400	0.9009009009009009	0.0990990990990991	0.0275	0.043052837573385516	0.0275	2
positive	100GB	95%	CTAT-LR-Fusion	134	113	400	0.5425101214574899	0.4574898785425101	0.2825	0.34930448222565685	0.2825	2
positive	100GB	95%	FusionSeeker	704	80	400	0.8979591836734694	0.10204081632653061	0.2	0.13513513513513514	0.2	2
positive	100GB	95%	GFSeeker	767	42	400	0.9480840543881335	0.0519159456118665	0.105	0.06947890818858561	0.105	2
positive	100GB	95%	Genion	202	67	400	0.7509293680297398	0.24907063197026022	0.1675	0.20029895366218237	0.1675	2
positive	100GB	95%	JAFFAL	185	99	400	0.6514084507042254	0.3485915492957746	0.2475	0.2894736842105263	0.2475	2
positive	100GB	95%	LongGF	106	11	400	0.905982905982906	0.09401709401709402	0.0275	0.0425531914893617	0.0275	2
positive	10GB	85%	CTAT-LR-Fusion	51	34	397	0.6	0.4	0.08564231738035265	0.14107883817427386	0.08564231738035265	2
positive	10GB	85%	FusionSeeker	235	33	397	0.8768656716417911	0.12313432835820895	0.08312342569269521	0.09924812030075188	0.08312342569269521	2
positive	10GB	85%	GFSeeker	67	15	397	0.8170731707317073	0.18292682926829268	0.037783375314861464	0.06263048016701461	0.037783375314861464	2
positive	10GB	85%	Genion	9	2	397	0.8181818181818182	0.18181818181818182	0.005037783375314861	0.00980392156862745	0.005037783375314861	2
positive	10GB	85%	JAFFAL	27	17	397	0.6136363636363636	0.38636363636363635	0.042821158690176324	0.07709750566893424	0.042821158690176324	2
positive	10GB	85%	LongGF	30	4	397	0.8823529411764706	0.11764705882352941	0.010075566750629723	0.0185614849187935	0.010075566750629723	2
positive	10GB	90%	CTAT-LR-Fusion	70	76	400	0.4794520547945205	0.5205479452054794	0.19	0.2783882783882784	0.19	2
positive	10GB	90%	FusionSeeker	310	51	400	0.8587257617728532	0.14127423822714683	0.1275	0.1340341655716163	0.1275	2
positive	10GB	90%	GFSeeker	78	30	400	0.7222222222222222	0.2777777777777778	0.075	0.11811023622047243	0.075	2
positive	10GB	90%	Genion	8	4	400	0.6666666666666666	0.3333333333333333	0.01	0.019417475728155338	0.01	2
positive	10GB	90%	JAFFAL	57	37	400	0.6063829787234043	0.39361702127659576	0.0925	0.14979757085020243	0.0925	2
positive	10GB	90%	LongGF	51	9	400	0.85	0.15	0.0225	0.0391304347826087	0.0225	2
positive	10GB	95%	CTAT-LR-Fusion	98	90	400	0.5212765957446809	0.4787234042553192	0.225	0.30612244897959184	0.225	2
positive	10GB	95%	FusionSeeker	335	58	400	0.8524173027989822	0.1475826972010178	0.145	0.14627994955863804	0.145	2
positive	10GB	95%	GFSeeker	114	26	400	0.8142857142857143	0.18571428571428572	0.065	0.0962962962962963	0.065	2
positive	10GB	95%	Genion	7	5	400	0.5833333333333334	0.4166666666666667	0.0125	0.024271844660194174	0.0125	2
positive	10GB	95%	JAFFAL	88	57	400	0.6068965517241379	0.3931034482758621	0.1425	0.20917431192660552	0.1425	2
positive	10GB	95%	LongGF	48	10	400	0.8275862068965517	0.1724137931034483	0.025	0.04366812227074236	0.025	2
positive	1GB	85%	CTAT-LR-Fusion	2	0	187	1	0	0	NA	0	2
positive	1GB	85%	FusionSeeker	10	1	187	0.9090909090909091	0.09090909090909091	0.0053475935828877	0.010101010101010102	0.0053475935828877	2
positive	1GB	85%	GFSeeker	4	1	187	0.8	0.2	0.0053475935828877	0.010416666666666666	0.0053475935828877	2
positive	1GB	85%	Genion	1	0	187	1	0	0	NA	0	2
positive	1GB	90%	CTAT-LR-Fusion	1	0	202	1	0	0	NA	0	2
positive	1GB	90%	FusionSeeker	17	0	202	1	0	0	NA	0	2
positive	1GB	90%	GFSeeker	3	1	202	0.75	0.25	0.0049504950495049506	0.009708737864077669	0.0049504950495049506	2
positive	1GB	90%	JAFFAL	2	1	202	0.6666666666666666	0.3333333333333333	0.0049504950495049506	0.00975609756097561	0.0049504950495049506	2
positive	1GB	90%	LongGF	1	0	202	1	0	0	NA	0	2
positive	1GB	95%	CTAT-LR-Fusion	3	2	208	0.6	0.4	0.009615384615384616	0.018779342723004695	0.009615384615384616	2
positive	1GB	95%	FusionSeeker	19	2	208	0.9047619047619048	0.09523809523809523	0.009615384615384616	0.017467248908296946	0.009615384615384616	2
positive	1GB	95%	GFSeeker	4	0	208	1	0	0	NA	0	2
positive	1GB	95%	JAFFAL	3	4	208	0.42857142857142855	0.5714285714285714	0.019230769230769232	0.037209302325581395	0.019230769230769232	2
positive	1GB	95%	LongGF	1	0	208	1	0	0	NA	0	2
